year,contest_type,county,source_result_key,target_polygon_key,score,status,confidence,notes
2024,president,Charleston,,Charleston - Deer Park 1A,,missing_in_source,n/a,No extra result-row key in county to map from; needs source data.
2024,president,Charleston,,Charleston - Deer Park 1B,,missing_in_source,n/a,No extra result-row key in county to map from; needs source data.
2024,president,Charleston,,Charleston - Deer Park 2A,,missing_in_source,n/a,No extra result-row key in county to map from; needs source data.
2024,president,Charleston,,Charleston - Deer Park 2B,,missing_in_source,n/a,No extra result-row key in county to map from; needs source data.
2024,president,Charleston,,Charleston - Deer Park 2C,,missing_in_source,n/a,No extra result-row key in county to map from; needs source data.
2024,president,Charleston,,Charleston - Isle Of Palms 1A,,missing_in_source,n/a,No extra result-row key in county to map from; needs source data.
2024,president,Charleston,,Charleston - Isle Of Palms 1B,,missing_in_source,n/a,No extra result-row key in county to map from; needs source data.
2024,president,Charleston,,Charleston - Isle Of Palms 1C,,missing_in_source,n/a,No extra result-row key in county to map from; needs source data.
2024,president,Charleston,,Charleston - James Island 1A,,missing_in_source,n/a,No extra result-row key in county to map from; needs source data.
2024,president,Charleston,,Charleston - James Island 1B,,missing_in_source,n/a,No extra result-row key in county to map from; needs source data.
2024,president,Charleston,,Charleston - James Island 5A,,missing_in_source,n/a,No extra result-row key in county to map from; needs source data.
2024,president,Charleston,,Charleston - James Island 5B,,missing_in_source,n/a,No extra result-row key in county to map from; needs source data.
2024,president,Charleston,,Charleston - James Island 8A,,missing_in_source,n/a,No extra result-row key in county to map from; needs source data.
2024,president,Charleston,,Charleston - James Island 8B,,missing_in_source,n/a,No extra result-row key in county to map from; needs source data.
2024,president,Charleston,,Charleston - Johns Island 1A,,missing_in_source,n/a,No extra result-row key in county to map from; needs source data.
2024,president,Charleston,,Charleston - Johns Island 1B,,missing_in_source,n/a,No extra result-row key in county to map from; needs source data.
2024,president,Charleston,,Charleston - Johns Island 3A,,missing_in_source,n/a,No extra result-row key in county to map from; needs source data.
2024,president,Charleston,,Charleston - Johns Island 3B,,missing_in_source,n/a,No extra result-row key in county to map from; needs source data.
2024,president,Charleston,,Charleston - Lincolnville,,missing_in_source,n/a,No extra result-row key in county to map from; needs source data.
2024,president,Charleston,,Charleston - St. Pauls 2A,,missing_in_source,n/a,No extra result-row key in county to map from; needs source data.
2024,president,Charleston,,Charleston - St. Pauls 2B,,missing_in_source,n/a,No extra result-row key in county to map from; needs source data.
2024,president,Charleston,,Charleston - Town Of Seabrook,,missing_in_source,n/a,No extra result-row key in county to map from; needs source data.
2024,president,Saluda,,Saluda - Richland,,missing_in_source,n/a,No extra result-row key in county to map from; needs source data.
2024,president,Saluda,,Saluda - Ridge Springmonetta,,missing_in_source,n/a,No extra result-row key in county to map from; needs source data.
2024,president,Saluda,,Saluda - Ward,,missing_in_source,n/a,No extra result-row key in county to map from; needs source data.
2024,president,York,,York - Airport,,missing_in_source,n/a,No extra result-row key in county to map from; needs source data.
2024,president,York,,York - Bethany,,missing_in_source,n/a,No extra result-row key in county to map from; needs source data.
2024,president,York,,York - Bethel,,missing_in_source,n/a,No extra result-row key in county to map from; needs source data.
2024,president,York,,York - Bowling Green,,missing_in_source,n/a,No extra result-row key in county to map from; needs source data.
2024,president,York,,York - Carolina,,missing_in_source,n/a,No extra result-row key in county to map from; needs source data.
2024,president,York,,York - Ebenezer,,missing_in_source,n/a,No extra result-row key in county to map from; needs source data.
2024,president,York,,York - Edgewood,,missing_in_source,n/a,No extra result-row key in county to map from; needs source data.
2024,president,York,,York - Friendship,,missing_in_source,n/a,No extra result-row key in county to map from; needs source data.
2024,president,York,,York - Gold Hill,,missing_in_source,n/a,No extra result-row key in county to map from; needs source data.
2024,president,York,,York - Hopewell,,missing_in_source,n/a,No extra result-row key in county to map from; needs source data.
2024,president,York,,York - Mill Creek,,missing_in_source,n/a,No extra result-row key in county to map from; needs source data.
2024,president,York,,York - Oakwood,,missing_in_source,n/a,No extra result-row key in county to map from; needs source data.
2024,president,York,,York - Palmetto,,missing_in_source,n/a,No extra result-row key in county to map from; needs source data.
2024,president,York,,York - Six Mile,,missing_in_source,n/a,No extra result-row key in county to map from; needs source data.
2024,president,York,,York - Springdale,,missing_in_source,n/a,No extra result-row key in county to map from; needs source data.
2024,president,York,,York - Springfield,,missing_in_source,n/a,No extra result-row key in county to map from; needs source data.
2024,president,York,,York - University,,missing_in_source,n/a,No extra result-row key in county to map from; needs source data.
2024,president,Lancaster,Lancaster - 521 North,Lancaster - Osceola,,pending,review,manual_hypothesis user_preference_521_corridor
2024,president,,Abbeville - Abbeville No. 3,Abbeville - Abbeville No. 3,1.0000,approved,medium,generated_from_legacy_alias_mapping; source_key_autofix_likely_safe
2024,president,,Aiken - Six Points No. 35,Aiken - Six Points No. 35,1.0000,approved,medium,generated_from_legacy_alias_mapping; source_key_manual_next30_applied
2024,president,,Aiken - Six Points No. 46,Aiken - Six Points No. 46,1.0000,approved,medium,generated_from_legacy_alias_mapping; source_key_manual_next30_applied
2024,president,,Aiken - Ascauga Lake No. 63,Aiken - Ascauga Lake No. 63,1.0000,approved,medium,generated_from_legacy_split_mapping; source_key_manual_top30_applied
2024,president,,Aiken - Ascauga Lake No. 63,Aiken - Ascauga Lake No. 84,1.0000,approved,medium,generated_from_legacy_split_mapping; source_key_manual_top30_applied
2024,president,,Aiken - Beech Island,Aiken - Beech Island,1.0000,approved,medium,generated_from_legacy_alias_mapping; source_key_autofix_likely_safe
2024,president,,Aiken - Breezy No. 87,Aiken - Breezy Hill,1.0000,approved,medium,generated_from_legacy_alias_mapping
2024,president,,Aiken - Carolina Heights,Aiken - Carolina Heights,1.0000,approved,medium,generated_from_legacy_alias_mapping; source_key_autofix_likely_safe
2024,president,,Aiken - Cedar Creek No. 64,Aiken - Cedar Creek No. 64,1.0000,approved,medium,generated_from_legacy_alias_mapping; source_key_autofix_likely_safe
2024,president,,Aiken - China Springs,Aiken - China Springs,1.0000,approved,medium,generated_from_legacy_alias_mapping; source_key_autofix_likely_safe
2024,president,,Aiken - Clearwater,Aiken - Clearwater,1.0000,approved,medium,generated_from_legacy_alias_mapping; source_key_autofix_likely_safe
2024,president,,Aiken - College Acres,Aiken - College Acres,1.0000,approved,medium,generated_from_legacy_alias_mapping; source_key_autofix_likely_safe
2024,president,,Aiken - Community No. 86,Aiken - Breezy Hill,1.0000,approved,medium,generated_from_legacy_alias_mapping
2024,president,,Aiken - Couchton,Aiken - Couchton,1.0000,approved,medium,generated_from_legacy_alias_mapping; source_key_autofix_manual_hard_county_guard
2024,president,,Aiken - Creek No. 85,Aiken - N. Augusta No. 68,1.0000,approved,medium,generated_from_legacy_alias_mapping
2024,president,,Aiken - Eureka,Aiken - Eureka,1.0000,approved,medium,generated_from_legacy_alias_mapping; source_key_manual_next30b_applied
2024,president,,Aiken - Fox Creek No. 58,Aiken - Fox Creek No. 58,1.0000,approved,medium,generated_from_legacy_alias_mapping; source_key_autofix_likely_safe
2024,president,,Aiken - Misty Lakes,Aiken - Gem Lakes No. 60,1.0000,approved,medium,generated_from_legacy_split_mapping; source_key_manual_top30_applied
2024,president,,Aiken - Misty Lakes,Aiken - Gem Lakes No. 77,1.0000,approved,medium,generated_from_legacy_split_mapping; source_key_manual_top30_applied
2024,president,,Aiken - Gloverville,Aiken - Gloverville,1.0000,approved,medium,generated_from_legacy_alias_mapping; source_key_autofix_likely_safe
2024,president,,Aiken - Graniteville,Aiken - Graniteville,1.0000,approved,medium,generated_from_legacy_alias_mapping; source_key_autofix_likely_safe
2024,president,,Aiken - Hammond No. 48,Aiken - Hammond No. 48,1.0000,approved,medium,generated_from_legacy_split_mapping; source_key_manual_top30_applied
2024,president,,Aiken - Hammond No. 48,Aiken - Hammond No. 81,1.0000,approved,medium,generated_from_legacy_split_mapping; source_key_manual_top30_applied
2024,president,,Aiken - Hitchcock No. 66,Aiken - Hitchcock No. 66,1.0000,approved,medium,generated_from_legacy_alias_mapping; source_key_autofix_likely_safe
2024,president,,Aiken - Hollow Creek,Aiken - Hollow Creek,1.0000,approved,medium,generated_from_legacy_alias_mapping; source_key_autofix_likely_safe
2024,president,,Aiken - Aiken No. 1,Aiken - Jackson,1.0000,approved,medium,generated_from_legacy_alias_mapping; source_key_manual_next30_applied
2024,president,,Aiken - Langley,Aiken - Langley,1.0000,approved,medium,generated_from_legacy_alias_mapping; source_key_manual_next30b_applied
2024,president,,Aiken - Levels No. 52,Aiken - Levels No. 52,1.0000,approved,medium,generated_from_legacy_split_mapping; source_key_manual_top30_applied
2024,president,,Aiken - Levels No. 52,Aiken - Levels No. 83,1.0000,approved,medium,generated_from_legacy_split_mapping; source_key_manual_top30_applied
2024,president,,Aiken - Levels No. 72,Aiken - Levels No. 72,1.0000,approved,medium,generated_from_legacy_alias_mapping; source_key_autofix_likely_safe
2024,president,,Aiken - Lynwood,Aiken - Lynwood,1.0000,approved,medium,generated_from_legacy_alias_mapping; source_key_manual_next30b_applied
2024,president,,Aiken - Midlands No. 88,Aiken - Midland Valley No. 51,1.0000,approved,medium,generated_from_legacy_alias_mapping
2024,president,,Aiken - Millbrook,Aiken - Millbrook,1.0000,approved,medium,generated_from_legacy_alias_mapping; source_key_autofix_manual_hard_tight
2024,president,,Aiken - Misty Lakes,Aiken - Misty Lakes,1.0000,approved,medium,generated_from_legacy_alias_mapping; source_key_autofix_manual_medium
2024,president,,Aiken - Monetta,Aiken - Monetta,1.0000,approved,medium,generated_from_legacy_alias_mapping; source_key_manual_next30b_applied
2024,president,,Aiken - N. Augusta No. 25,Aiken - N. Augusta No. 25,1.0000,approved,medium,generated_from_legacy_alias_mapping; source_key_autofix_likely_safe
2024,president,,Aiken - N. Augusta No. 27,Aiken - N. Augusta No. 27,1.0000,approved,medium,generated_from_legacy_alias_mapping; source_key_autofix_likely_safe
2024,president,,Aiken - N. Augusta No. 28,Aiken - N. Augusta No. 28,1.0000,approved,medium,generated_from_legacy_alias_mapping; source_key_autofix_likely_safe
2024,president,,Aiken - N. Augusta No. 29,Aiken - N. Augusta No. 29,1.0000,approved,medium,generated_from_legacy_alias_mapping; source_key_autofix_likely_safe
2024,president,,Aiken - N. Augusta No. 54,Aiken - N. Augusta No. 54,1.0000,approved,medium,generated_from_legacy_alias_mapping; source_key_autofix_likely_safe
2024,president,,Aiken - N. Augusta No. 55,Aiken - N. Augusta No. 55,1.0000,approved,medium,generated_from_legacy_alias_mapping; source_key_autofix_likely_safe
2024,president,,Aiken - N. Augusta No. 67,Aiken - N. Augusta No. 67,1.0000,approved,medium,generated_from_legacy_alias_mapping; source_key_autofix_likely_safe
2024,president,,Aiken - N. Augusta No. 68,Aiken - N. Augusta No. 68,1.0000,approved,medium,generated_from_legacy_alias_mapping; source_key_autofix_likely_safe
2024,president,,Aiken - New Ellenton,Aiken - New Holland,1.0000,approved,medium,generated_from_legacy_alias_mapping; source_key_autofix_likely_safe
2024,president,,Aiken - New Holland,Aiken - New Holland,1.0000,approved,medium,generated_from_legacy_alias_mapping; source_key_autofix_likely_safe
2024,president,,Aiken - Oak Grove,Aiken - Oak Grove,1.0000,approved,medium,generated_from_legacy_alias_mapping; source_key_autofix_manual_hard_tight
2024,president,,Aiken - Perry,Aiken - Perry,1.0000,approved,medium,generated_from_legacy_alias_mapping; source_key_manual_next30b_applied
2024,president,,Aiken - Pine Forest,Aiken - Pine Forest,1.0000,approved,medium,generated_from_legacy_alias_mapping; source_key_autofix_likely_safe
2024,president,,Aiken - Redds Branch,Aiken - Redds Branch,1.0000,approved,medium,generated_from_legacy_alias_mapping; source_key_autofix_likely_safe
2024,president,,Aiken - Aiken No. 2,Aiken - Salley,1.0000,approved,medium,generated_from_legacy_alias_mapping; source_key_manual_next30b_applied
2024,president,,Aiken - Shaws Fork,Aiken - Shaws Fork,1.0000,approved,medium,generated_from_legacy_alias_mapping; source_key_autofix_likely_safe
2024,president,,Aiken - Shiloh,Aiken - Shiloh,1.0000,approved,medium,generated_from_legacy_alias_mapping; source_key_manual_next30b_applied
2024,president,,Aiken - Silver Bluff,Aiken - Silver Bluff,1.0000,approved,medium,generated_from_legacy_alias_mapping; source_key_autofix_likely_safe
2024,president,,Aiken - South Creek No. 89,Aiken - South Aiken No. 76,1.0000,approved,medium,generated_from_legacy_alias_mapping
2024,president,,Aiken - Tabernacle,Aiken - Tabernacle,1.0000,approved,medium,generated_from_legacy_alias_mapping; source_key_autofix_likely_safe
2024,president,,Aiken - Talatha,Aiken - Talatha,1.0000,approved,medium,generated_from_legacy_alias_mapping; source_key_manual_next30b_applied
2024,president,,Aiken - Vaucluse,Aiken - Vaucluse,1.0000,approved,medium,generated_from_legacy_alias_mapping; source_key_autofix_manual_hard_county_guard
2024,president,,Aiken - Aiken No. 3,Aiken - Wagener,1.0000,approved,medium,generated_from_legacy_alias_mapping; source_key_manual_next30_applied
2024,president,,Aiken - Warrenville,Aiken - Wagener,1.0000,approved,medium,generated_from_legacy_alias_mapping; source_key_autofix_likely_safe
2024,president,,Aiken - White Pond,Aiken - White Pond,1.0000,approved,medium,generated_from_legacy_alias_mapping; source_key_autofix_likely_safe
2024,president,,Aiken - Willow Springs,Aiken - Willow Springs,1.0000,approved,medium,generated_from_legacy_alias_mapping; source_key_autofix_likely_safe
2024,president,,Allendale - Allendale #1,Allendale - Allendale No. 1,1.0000,approved,medium,generated_from_legacy_alias_mapping
2024,president,,Allendale - Allendale #2,Allendale - Allendale No. 2,1.0000,approved,medium,generated_from_legacy_alias_mapping
2024,president,,Allendale - Fairfax #1,Allendale - Fairfax No. 1,1.0000,approved,medium,generated_from_legacy_alias_mapping
2024,president,,Allendale - Fairfax #2,Allendale - Fairfax No. 2,1.0000,approved,medium,generated_from_legacy_alias_mapping
2024,president,,Anderson - Anderson 1/2,Anderson - Three And Twenty,1.0000,approved,medium,generated_from_legacy_alias_mapping; source_key_manual_next30b_applied
2024,president,,Anderson - Five Forks,Anderson - Five Forks,1.0000,approved,medium,generated_from_legacy_alias_mapping; source_key_autofix_manual_medium
2024,president,,Anderson - Anderson 5/B,Anderson - Anderson 62,1.0000,approved,medium,generated_from_legacy_alias_mapping; source_key_autofix_likely_safe
2024,president,,Anderson - Barker'S Creek-Mcadams,Anderson - Barkers Creek,1.0000,approved,medium,generated_from_legacy_alias_mapping
2024,president,,Anderson - Centerville Station A,Anderson - Centerville Station A,1.0000,approved,medium,generated_from_legacy_alias_mapping; source_key_autofix_likely_safe
2024,president,,Anderson - Centerville Station B,Anderson - Centerville Station B,1.0000,approved,medium,generated_from_legacy_alias_mapping; source_key_autofix_likely_safe
2024,president,,Anderson - Cox'S Creek,Anderson - Cox Creek,1.0000,approved,medium,generated_from_legacy_alias_mapping
2024,president,,Anderson - Edgewood Station B,Anderson - Edgewood Station B,1.0000,approved,medium,generated_from_legacy_alias_mapping; source_key_autofix_likely_safe
2024,president,,Anderson - Fork No 1,Anderson - Fork No. 1,1.0000,approved,medium,generated_from_legacy_alias_mapping
2024,president,,Anderson - Fork No 2,Anderson - Fork No. 2,1.0000,approved,medium,generated_from_legacy_alias_mapping
2024,president,,Anderson - Green Pond Station A,Anderson - Green Pond Station A,1.0000,approved,medium,generated_from_legacy_alias_mapping; source_key_autofix_likely_safe
2024,president,,Anderson - Hammond School,Anderson - Jackson Mill,1.0000,approved,medium,generated_from_legacy_alias_mapping; source_key_manual_next30b_applied
2024,president,,Anderson - La France,Anderson - La France,1.0000,approved,medium,generated_from_legacy_alias_mapping; source_key_autofix_likely_safe
2024,president,,Anderson - North Pointe,Anderson - North Point,1.0000,approved,medium,generated_from_legacy_alias_mapping
2024,president,,Anderson - Rock Spring,Anderson - Rock Spring,1.0000,approved,medium,generated_from_legacy_alias_mapping; source_key_autofix_likely_safe
2024,president,,Anderson - Three And Twenty,Anderson - Three And Twenty,1.0000,approved,medium,generated_from_legacy_alias_mapping; source_key_autofix_likely_safe
2024,president,,Beaufort - Belfair 1,Beaufort - Belfair,1.0000,approved,medium,generated_from_legacy_alias_mapping
2024,president,,Beaufort - Belfair 2,Beaufort - Belfair,1.0000,approved,medium,generated_from_legacy_alias_mapping
2024,president,,Beaufort - Bluffton 3,Beaufort - Moss Creek,1.0000,approved,medium,generated_from_legacy_alias_mapping; source_key_autofix_likely_safe
2024,president,,Beaufort - Bluffton 3,Beaufort - Bluffton 3,1.0000,approved,medium,generated_from_legacy_alias_mapping; source_key_autofix_likely_safe
2024,president,,Beaufort - Bluffton 4E,Beaufort - Bluffton 4B,1.0000,approved,medium,generated_from_legacy_alias_mapping
2024,president,,Beaufort - Bluffton 5A,Beaufort - Bluffton 5A,1.0000,approved,medium,generated_from_legacy_alias_mapping; source_key_autofix_likely_safe
2024,president,,Beaufort - Bluffton 5C,Beaufort - Bluffton 1A,1.0000,approved,medium,generated_from_legacy_alias_mapping
2024,president,,Beaufort - Bluffton 5D,Beaufort - Bluffton 1C,1.0000,approved,medium,generated_from_legacy_alias_mapping
2024,president,,Beaufort - Bluffton 5E,Beaufort - Bluffton 1D,1.0000,approved,medium,generated_from_legacy_alias_mapping
2024,president,,Beaufort - Bluffton 6A,Beaufort - Bluffton 5A,1.0000,approved,medium,generated_from_legacy_alias_mapping
2024,president,,Beaufort - Bluffton 6B,Beaufort - Bluffton 4D,1.0000,approved,medium,generated_from_legacy_alias_mapping
2024,president,,Beaufort - Bluffton 7A,Beaufort - Bluffton 2C,1.0000,approved,medium,generated_from_legacy_alias_mapping
2024,president,,Beaufort - Buckwalter 1,Beaufort - Bluffton 4C,1.0000,approved,medium,generated_from_legacy_alias_mapping
2024,president,,Beaufort - Buckwalter 2,Beaufort - Bluffton 4C,1.0000,approved,medium,generated_from_legacy_alias_mapping
2024,president,,Beaufort - Burton 2D,Beaufort - Burton 2C,1.0000,approved,medium,generated_from_legacy_alias_mapping
2024,president,,Beaufort - Burton 3A,Beaufort - Burton 1A,1.0000,approved,medium,generated_from_legacy_alias_mapping
2024,president,,Beaufort - Burton 3B,Beaufort - Burton 3,1.0000,approved,medium,generated_from_legacy_alias_mapping
2024,president,,Beaufort - Burton 4,Beaufort - Burton 1C,1.0000,approved,medium,generated_from_legacy_alias_mapping
2024,president,,Beaufort - Burton 5A,Beaufort - Burton 2A,1.0000,approved,medium,generated_from_legacy_alias_mapping
2024,president,,Beaufort - Burton 5B,Beaufort - Burton 2B,1.0000,approved,medium,generated_from_legacy_alias_mapping
2024,president,,Beaufort - Chechessee 1,Beaufort - Chechessee 1,1.0000,approved,medium,generated_from_legacy_alias_mapping; source_key_autofix_likely_safe
2024,president,,Beaufort - Chechessee 3,Beaufort - Chechessee 1,1.0000,approved,medium,generated_from_legacy_alias_mapping
2024,president,,Beaufort - Hilton Head 2D,Beaufort - Hilton Head 2B,1.0000,approved,medium,generated_from_legacy_alias_mapping
2024,president,,Beaufort - Hilton Head 2E,Beaufort - Hilton Head 2C,1.0000,approved,medium,generated_from_legacy_alias_mapping
2024,president,,Beaufort - Hilton Head 6,Beaufort - Hilton Head 6,1.0000,approved,medium,generated_from_legacy_alias_mapping; source_key_autofix_likely_safe
2024,president,,Beaufort - Hilton Head 6,Beaufort - Hilton Head 7A,1.0000,approved,medium,generated_from_legacy_alias_mapping; source_key_autofix_likely_safe
2024,president,,Beaufort - Hilton Head 7C,Beaufort - Hilton Head 7B,1.0000,approved,medium,generated_from_legacy_alias_mapping
2024,president,,Beaufort - Hilton Head 8,Beaufort - Hilton Head 13,1.0000,approved,medium,generated_from_legacy_alias_mapping; source_key_autofix_likely_safe
2024,president,,Beaufort - Hilton Head 8,Beaufort - Hilton Head 8,1.0000,approved,medium,generated_from_legacy_alias_mapping; source_key_autofix_likely_safe
2024,president,,Beaufort - Hilton Head 9C,Beaufort - Hilton Head 9A,1.0000,approved,medium,generated_from_legacy_alias_mapping
2024,president,,Beaufort - Hilton Head 9D,Beaufort - Hilton Head 9B,1.0000,approved,medium,generated_from_legacy_alias_mapping
2024,president,,Beaufort - Ladys Island 4A,Beaufort - Ladys Island 1A,1.0000,approved,medium,generated_from_legacy_alias_mapping
2024,president,,Beaufort - Ladys Island 4B,Beaufort - Ladys Island 1B,1.0000,approved,medium,generated_from_legacy_alias_mapping
2024,president,,Beaufort - Ladys Island 4C,Beaufort - Ladys Island 2A,1.0000,approved,medium,generated_from_legacy_alias_mapping
2024,president,,Beaufort - New River 1,Beaufort - New River,1.0000,approved,medium,generated_from_legacy_alias_mapping
2024,president,,Beaufort - New River 2,Beaufort - New River,1.0000,approved,medium,generated_from_legacy_alias_mapping
2024,president,,Beaufort - Pritchardville 1,Beaufort - Bluffton 2D,1.0000,approved,medium,generated_from_legacy_alias_mapping
2024,president,,Beaufort - Riverbend,Beaufort - Chechessee 2,1.0000,approved,medium,generated_from_legacy_alias_mapping
2024,president,,Beaufort - Rose Hill 1,Beaufort - Rose Hill,1.0000,approved,medium,generated_from_legacy_alias_mapping
2024,president,,Beaufort - Rose Hill 2,Beaufort - Rose Hill,1.0000,approved,medium,generated_from_legacy_alias_mapping
2024,president,,Beaufort - St. Helena 1A,Beaufort - St. Helena 1A,1.0000,approved,medium,generated_from_legacy_alias_mapping; source_key_autofix_likely_safe
2024,president,,Beaufort - St. Helena 1B,Beaufort - St. Helena 1B,1.0000,approved,medium,generated_from_legacy_alias_mapping; source_key_autofix_likely_safe
2024,president,,Beaufort - St. Helena 1C,Beaufort - St. Helena 1C,1.0000,approved,medium,generated_from_legacy_alias_mapping; source_key_autofix_likely_safe
2024,president,,Beaufort - St. Helena 2A,Beaufort - St. Helena 2A,1.0000,approved,medium,generated_from_legacy_alias_mapping; source_key_autofix_likely_safe
2024,president,,Beaufort - St. Helena 2B,Beaufort - St. Helena 2B,1.0000,approved,medium,generated_from_legacy_alias_mapping; source_key_autofix_likely_safe
2024,president,,Beaufort - St. Helena 2C,Beaufort - St. Helena 2C,1.0000,approved,medium,generated_from_legacy_alias_mapping; source_key_autofix_likely_safe
2024,president,,Beaufort - Spanish Wells,Beaufort - Hilton Head 10,1.0000,approved,medium,generated_from_legacy_alias_mapping
2024,president,,Beaufort - Sun City 10,Beaufort - Sun City 8,1.0000,approved,medium,generated_from_legacy_alias_mapping
2024,president,,Beaufort - Sun City 1,Beaufort - Sun City 7,1.0000,approved,medium,generated_from_legacy_alias_mapping; source_key_autofix_likely_safe
2024,president,,Beaufort - Sun City 1,Beaufort - Sun City 6,1.0000,approved,medium,generated_from_legacy_alias_mapping; source_key_autofix_likely_safe
2024,president,,Beaufort - Sun City 3,Beaufort - Sun City 8,1.0000,approved,medium,generated_from_legacy_alias_mapping; source_key_autofix_likely_safe
2024,president,,Beaufort - Sun City 3,Beaufort - Sun City 2,1.0000,approved,medium,generated_from_legacy_alias_mapping; source_key_autofix_likely_safe
2024,president,,Beaufort - Sun City 4,Beaufort - Sun City 3,1.0000,approved,medium,generated_from_legacy_alias_mapping; source_key_autofix_likely_safe
2024,president,,Beaufort - Sun City 4,Beaufort - Sun City 5,1.0000,approved,medium,generated_from_legacy_alias_mapping; source_key_autofix_likely_safe
2024,president,,Beaufort - Sun City 9,Beaufort - Sun City 3,1.0000,approved,medium,generated_from_legacy_alias_mapping
2024,president,,Berkeley - Old 52,Berkeley - Fifty-Two,1.0000,approved,medium,generated_from_legacy_alias_mapping; source_key_autofix_manual_medium
2024,president,,Berkeley - Alvin,Berkeley - Seventy Eight,1.0000,approved,medium,generated_from_legacy_alias_mapping; source_key_manual_last18_applied
2024,president,,Berkeley - Boulder Bluff,Berkeley - Central,1.0000,approved,medium,generated_from_legacy_alias_mapping; source_key_autofix_manual_medium
2024,president,,Berkeley - Cane Bay,Berkeley - Cane Bay,1.0000,approved,medium,generated_from_legacy_split_mapping
2024,president,,Berkeley - Cane Bay,Berkeley - Cane Bay East,1.0000,approved,medium,generated_from_legacy_split_mapping
2024,president,,Berkeley - Cane Bay,Berkeley - Cane Bay North,1.0000,approved,medium,generated_from_legacy_split_mapping
2024,president,,Berkeley - Cane Bay,Berkeley - Cane Bay South,1.0000,approved,medium,generated_from_legacy_split_mapping
2024,president,,Berkeley - Carnes Cross Roads 1,Berkeley - Carnes Cross Roads 1,1.0000,approved,medium,generated_from_legacy_alias_mapping; source_key_autofix_likely_safe
2024,president,,Berkeley - Carnes Cross Roads 2,Berkeley - Carnes Cross Road 2,1.0000,approved,medium,generated_from_legacy_alias_mapping
2024,president,,Berkeley - Daniel Island 1,Berkeley - Daniel Island 1,1.0000,approved,medium,generated_from_legacy_alias_mapping; source_key_autofix_likely_safe
2024,president,,Berkeley - Devon Forest 1,Berkeley - Devon Forest 1,1.0000,approved,medium,generated_from_legacy_alias_mapping; source_key_autofix_likely_safe
2024,president,,Berkeley - Discovery,Berkeley - Cobblestone,1.0000,approved,medium,generated_from_legacy_split_mapping
2024,president,,Berkeley - Discovery,Berkeley - Discovery,1.0000,approved,medium,generated_from_legacy_split_mapping
2024,president,,Berkeley - Medway,Berkeley - Medway,1.0000,approved,medium,generated_from_legacy_alias_mapping; source_key_manual_final27_guarded
2024,president,,Berkeley - Medway,Berkeley - Macedonia 2,1.0000,approved,medium,generated_from_legacy_alias_mapping; source_key_manual_last18_applied
2024,president,,Berkeley - Foster Creek 1,Berkeley - Foster Creek 3,1.0000,approved,medium,generated_from_legacy_alias_mapping; source_key_autofix_likely_safe
2024,president,,Berkeley - Foster Creek 1,Berkeley - Foster Creek 1,1.0000,approved,medium,generated_from_legacy_alias_mapping; source_key_autofix_manual_medium
2024,president,,Berkeley - Foster Creek 2,Berkeley - Foster Creek 2,1.0000,approved,medium,generated_from_legacy_alias_mapping; source_key_autofix_manual_medium
2024,president,,Berkeley - Foster Creek 3,Berkeley - Foster Creek 3,1.0000,approved,medium,generated_from_legacy_alias_mapping; source_key_autofix_manual_medium
2024,president,,Berkeley - Hanahan 5,Berkeley - Hanahan 5,1.0000,approved,medium,generated_from_legacy_split_mapping
2024,president,,Berkeley - Hanahan 5,Berkeley - Westview 4,1.0000,approved,medium,generated_from_legacy_split_mapping
2024,president,,Berkeley - Hilton Cross Rd,Berkeley - Hilton Cross Rd,1.0000,approved,medium,generated_from_legacy_alias_mapping; source_key_autofix_likely_safe
2024,president,,Berkeley - Howe Hall 1,Berkeley - Howe Hall 1,1.0000,approved,medium,generated_from_legacy_alias_mapping; source_key_autofix_likely_safe
2024,president,,Berkeley - Mcbeth,Berkeley - Mcbeth,1.0000,approved,medium,generated_from_legacy_alias_mapping; source_key_autofix_likely_safe
2024,president,,Berkeley - Moultrie,Berkeley - Moultrie,1.0000,approved,medium,generated_from_legacy_split_mapping
2024,president,,Berkeley - Moultrie,Berkeley - North Creek,1.0000,approved,medium,generated_from_legacy_split_mapping
2024,president,,Berkeley - St. Stephen 1,Berkeley - St. Stephen 1,1.0000,approved,medium,generated_from_legacy_alias_mapping; source_key_autofix_likely_safe
2024,president,,Berkeley - Stone Lake,Berkeley - Harbour Lake,1.0000,approved,medium,generated_from_legacy_split_mapping
2024,president,,Berkeley - Stone Lake,Berkeley - Stone Lake,1.0000,approved,medium,generated_from_legacy_split_mapping
2024,president,,Berkeley - Whitesville 1,Berkeley - Whitesville 1,1.0000,approved,medium,generated_from_legacy_alias_mapping; source_key_autofix_likely_safe
2024,president,,Berkeley - Yeaman'S Club,Berkeley - Pine Grove,1.0000,approved,medium,generated_from_legacy_split_mapping
2024,president,,Berkeley - Yeaman'S Club,Berkeley - Pomflant,1.0000,approved,medium,generated_from_legacy_split_mapping
2024,president,,Calhoun - Murph Hill,Calhoun - Murph Hill,1.0000,approved,medium,generated_from_legacy_alias_mapping; source_key_autofix_likely_safe
2024,president,,Charleston - Deer Park 3,Charleston - Deer Park 1A,1.0000,approved,medium,generated_from_legacy_split_mapping
2024,president,,Charleston - Deer Park 3,Charleston - Deer Park 1B,1.0000,approved,medium,generated_from_legacy_split_mapping
2024,president,,Charleston - Deer Park 3,Charleston - Deer Park 2A,1.0000,approved,medium,generated_from_legacy_split_mapping
2024,president,,Charleston - Deer Park 3,Charleston - Deer Park 2B,1.0000,approved,medium,generated_from_legacy_split_mapping
2024,president,,Charleston - Deer Park 3,Charleston - Deer Park 2C,1.0000,approved,medium,generated_from_legacy_split_mapping
2024,president,,Charleston - Deer Park 3,Charleston - Deer Park 3,1.0000,approved,medium,generated_from_legacy_split_mapping
2024,president,,Charleston - James Island 20,Charleston - James Island 1A,1.0000,approved,medium,generated_from_legacy_split_mapping
2024,president,,Charleston - James Island 20,Charleston - James Island 1B,1.0000,approved,medium,generated_from_legacy_split_mapping
2024,president,,Charleston - James Island 20,Charleston - James Island 2,1.0000,approved,medium,generated_from_legacy_split_mapping
2024,president,,Charleston - James Island 20,Charleston - James Island 20,1.0000,approved,medium,generated_from_legacy_split_mapping
2024,president,,Charleston - James Island 20,Charleston - James Island 5A,1.0000,approved,medium,generated_from_legacy_split_mapping
2024,president,,Charleston - James Island 20,Charleston - James Island 5B,1.0000,approved,medium,generated_from_legacy_split_mapping
2024,president,,Charleston - James Island 20,Charleston - James Island 8A,1.0000,approved,medium,generated_from_legacy_split_mapping
2024,president,,Charleston - James Island 20,Charleston - James Island 8B,1.0000,approved,medium,generated_from_legacy_split_mapping
2024,president,,Charleston - James Island 22,Charleston - James Island 1A,1.0000,approved,medium,generated_from_legacy_split_mapping
2024,president,,Charleston - James Island 22,Charleston - James Island 1B,1.0000,approved,medium,generated_from_legacy_split_mapping
2024,president,,Charleston - James Island 22,Charleston - James Island 2,1.0000,approved,medium,generated_from_legacy_split_mapping
2024,president,,Charleston - James Island 22,Charleston - James Island 22,1.0000,approved,medium,generated_from_legacy_split_mapping
2024,president,,Charleston - James Island 22,Charleston - James Island 5A,1.0000,approved,medium,generated_from_legacy_split_mapping
2024,president,,Charleston - James Island 22,Charleston - James Island 5B,1.0000,approved,medium,generated_from_legacy_split_mapping
2024,president,,Charleston - James Island 22,Charleston - James Island 8A,1.0000,approved,medium,generated_from_legacy_split_mapping
2024,president,,Charleston - James Island 22,Charleston - James Island 8B,1.0000,approved,medium,generated_from_legacy_split_mapping
2024,president,,Charleston - Johns Island 2,Charleston - James Island 2,1.0000,approved,medium,generated_from_legacy_alias_mapping
2024,president,,Charleston - Johns Island 4,Charleston - Johns Island 1A,1.0000,approved,medium,generated_from_legacy_split_mapping
2024,president,,Charleston - Johns Island 4,Charleston - Johns Island 1B,1.0000,approved,medium,generated_from_legacy_split_mapping
2024,president,,Charleston - Johns Island 4,Charleston - Johns Island 3A,1.0000,approved,medium,generated_from_legacy_split_mapping
2024,president,,Charleston - Johns Island 4,Charleston - Johns Island 3B,1.0000,approved,medium,generated_from_legacy_split_mapping
2024,president,,Charleston - Johns Island 4,Charleston - Johns Island 4,1.0000,approved,medium,generated_from_legacy_split_mapping
2024,president,,Charleston - Kiawah Island,Charleston - Kiawah Island,1.0000,approved,medium,generated_from_legacy_split_mapping
2024,president,,Charleston - Kiawah Island,Charleston - Town Of Seabrook,1.0000,approved,medium,generated_from_legacy_split_mapping
2024,president,,Charleston - Licolnville,Charleston - Lincolnville,1.0000,approved,medium,generated_from_legacy_alias_mapping
2024,president,,Charleston - Mcclellanville,Charleston - Lincolnville,1.0000,approved,medium,generated_from_legacy_split_mapping
2024,president,,Charleston - Mcclellanville,Charleston - Mcclellanville,1.0000,approved,medium,generated_from_legacy_split_mapping
2024,president,,Charleston - Charleston 10,Charleston - Charleston 10,1.0000,approved,medium,generated_from_legacy_alias_mapping; source_key_autofix_likely_safe
2024,president,,Charleston - Charleston 11,Charleston - Charleston 11,1.0000,approved,medium,generated_from_legacy_alias_mapping; source_key_autofix_likely_safe
2024,president,,Charleston - Charleston 12,Charleston - Charleston 12,1.0000,approved,medium,generated_from_legacy_alias_mapping; source_key_autofix_likely_safe
2024,president,,Charleston - Charleston 13,Charleston - Charleston 13,1.0000,approved,medium,generated_from_legacy_alias_mapping; source_key_autofix_likely_safe
2024,president,,Charleston - Charleston 14,Charleston - Charleston 14,1.0000,approved,medium,generated_from_legacy_alias_mapping; source_key_autofix_likely_safe
2024,president,,Charleston - Charleston 15,Charleston - Charleston 15,1.0000,approved,medium,generated_from_legacy_alias_mapping; source_key_autofix_likely_safe
2024,president,,Charleston - Charleston 16,Charleston - Charleston 16,1.0000,approved,medium,generated_from_legacy_alias_mapping; source_key_autofix_likely_safe
2024,president,,Charleston - Charleston 17,Charleston - Charleston 17,1.0000,approved,medium,generated_from_legacy_alias_mapping; source_key_autofix_likely_safe
2024,president,,Charleston - Charleston 19,Charleston - Charleston 19,1.0000,approved,medium,generated_from_legacy_alias_mapping; source_key_autofix_likely_safe
2024,president,,Charleston - Charleston 20,Charleston - Charleston 20,1.0000,approved,medium,generated_from_legacy_alias_mapping; source_key_autofix_likely_safe
2024,president,,Charleston - Charleston 21,Charleston - Charleston 21,1.0000,approved,medium,generated_from_legacy_alias_mapping; source_key_autofix_likely_safe
2024,president,,Charleston - Charleston 2,Charleston - North Charleston 23,1.0000,approved,medium,generated_from_legacy_alias_mapping; source_key_autofix_likely_safe
2024,president,,Charleston - Charleston 2,Charleston - North Charleston 27,1.0000,approved,medium,generated_from_legacy_alias_mapping; source_key_autofix_likely_safe
2024,president,,Charleston - Charleston 2,Charleston - North Charleston 29,1.0000,approved,medium,generated_from_legacy_alias_mapping; source_key_autofix_likely_safe
2024,president,,Charleston - Charleston 3,Charleston - Charleston 3,1.0000,approved,medium,generated_from_legacy_alias_mapping; source_key_autofix_likely_safe
2024,president,,Charleston - Charleston 4,Charleston - Charleston 4,1.0000,approved,medium,generated_from_legacy_alias_mapping; source_key_autofix_likely_safe
2024,president,,Charleston - Charleston 5,Charleston - Charleston 5,1.0000,approved,medium,generated_from_legacy_alias_mapping; source_key_autofix_likely_safe
2024,president,,Charleston - Charleston 6,Charleston - Charleston 6,1.0000,approved,medium,generated_from_legacy_alias_mapping; source_key_autofix_likely_safe
2024,president,,Charleston - Charleston 7,Charleston - Charleston 7,1.0000,approved,medium,generated_from_legacy_alias_mapping; source_key_autofix_likely_safe
2024,president,,Charleston - Charleston 9,Charleston - Charleston 9,1.0000,approved,medium,generated_from_legacy_alias_mapping; source_key_autofix_likely_safe
2024,president,,Charleston - St. Pauls 3,Charleston - St. Pauls 2A,1.0000,approved,medium,generated_from_legacy_split_mapping
2024,president,,Charleston - St. Pauls 3,Charleston - St. Pauls 2B,1.0000,approved,medium,generated_from_legacy_split_mapping
2024,president,,Charleston - St. Pauls 3,Charleston - St. Pauls 3,1.0000,approved,medium,generated_from_legacy_split_mapping
2024,president,,Charleston - Town Of Seabrook,Charleston - Town Of Seabrook,1.0000,approved,medium,generated_from_legacy_alias_mapping; source_key_autofix_review_conservative
2024,president,,Cherokee - Ninety Nine And Cherokee Falls,Cherokee - Ninety Nine And Cherokee Falls,1.0000,approved,medium,generated_from_legacy_alias_mapping; source_key_autofix_manual_hard_county_guard
2024,president,,Cherokee - Blacksburg Ward No. 1,Cherokee - Blacksburg Ward No. 2,1.0000,approved,medium,generated_from_legacy_alias_mapping; source_key_autofix_likely_safe
2024,president,,Cherokee - Macedonia,Cherokee - Gaffney Ward No. 5,1.0000,approved,medium,generated_from_legacy_alias_mapping; source_key_manual_next30b_applied
2024,president,,Cherokee - Ezells And Butler,Cherokee - Ezells And Butler,1.0000,approved,medium,generated_from_legacy_alias_mapping; source_key_autofix_likely_safe
2024,president,,Cherokee - Holly Grove-Buffalo,Cherokee - Holly Grove And Buffalo,1.0000,approved,medium,generated_from_legacy_alias_mapping
2024,president,,Cherokee - Littlejohn'S And Sarratt'S,Cherokee - Little John And Sarratts,1.0000,approved,medium,generated_from_legacy_alias_mapping; source_key_autofix_likely_safe
2024,president,,Cherokee - Musgrove Mill,Cherokee - Musgrove Mill,1.0000,approved,medium,generated_from_legacy_alias_mapping; source_key_autofix_manual_medium
2024,president,,Chester - Great Falls,Chester - Great Falls,1.0000,approved,medium,generated_from_legacy_alias_mapping; source_key_autofix_likely_safe
2024,president,,Chester - Lando/Lansford,Chester - Lando,1.0000,approved,medium,generated_from_legacy_split_mapping; source_key_autofix_likely_safe
2024,president,,Chester - Lando/Lansford,Chester - Lando Lansford,1.0000,approved,medium,generated_from_legacy_split_mapping; source_key_autofix_likely_safe
2024,president,,Chesterfield - Angelus-Cararrh,Chesterfield - Angelus-Cararrh,1.0000,approved,medium,generated_from_legacy_alias_mapping; source_key_autofix_likely_safe
2024,president,,Chesterfield - Center Grove-Winzo,Chesterfield - Cheraw No. 4,1.0000,approved,medium,generated_from_legacy_alias_mapping; source_key_autofix_manual_hard_county_guard
2024,president,,Chesterfield - Mt. Groghan,Chesterfield - Mt. Croghan,1.0000,approved,medium,generated_from_legacy_alias_mapping
2024,president,,Chesterfield - Pageland No. 1,Chesterfield - Pageland No. 1,1.0000,approved,medium,generated_from_legacy_alias_mapping; source_key_autofix_manual_medium
2024,president,,Chesterfield - Snow Hill-Vaughn,Chesterfield - Snow Hill-Vaughn,1.0000,approved,medium,generated_from_legacy_alias_mapping; source_key_autofix_manual_medium
2024,president,,Clarendon - Sardina-Gable,Clarendon - Sardina-Gable,1.0000,approved,medium,generated_from_legacy_alias_mapping; source_key_autofix_likely_safe
2024,president,,Clarendon - Wilson Foreston,Clarendon - Wilson Foreston,1.0000,approved,medium,generated_from_legacy_alias_mapping; source_key_autofix_likely_safe
2024,president,,Colleton - Ashton-Lodge,Colleton - Ashton-Lodge,1.0000,approved,medium,generated_from_legacy_alias_mapping; source_key_manual_next30_applied
2024,president,,Colleton - Berea-Smoaks,Colleton - Berea-Smoaks,1.0000,approved,medium,generated_from_legacy_alias_mapping; source_key_manual_next30_applied
2024,president,,Colleton - Hudson Mill,Colleton - Hudson Mill,1.0000,approved,medium,generated_from_legacy_alias_mapping; source_key_autofix_likely_safe
2024,president,,Colleton - Peeples,Colleton - Peeples,1.0000,approved,medium,generated_from_legacy_alias_mapping; source_key_autofix_likely_safe
2024,president,,Colleton - Sidneys,Colleton - Sidneys,1.0000,approved,medium,generated_from_legacy_alias_mapping; source_key_autofix_likely_safe
2024,president,,Colleton - Stokes,Colleton - Berea-Smoaks,1.0000,approved,medium,generated_from_legacy_alias_mapping; source_key_autofix_manual_medium
2024,president,,Colleton - Walterboro No. 1,Colleton - Peniel,1.0000,approved,medium,generated_from_legacy_split_mapping; source_key_autofix_likely_safe
2024,president,,Colleton - Walterboro No. 1,Colleton - Walterboro No. 1,1.0000,approved,medium,generated_from_legacy_split_mapping; source_key_autofix_likely_safe
2024,president,,Colleton - Walterboro No. 2,Colleton - Peeples,1.0000,approved,medium,generated_from_legacy_split_mapping; source_key_autofix_likely_safe
2024,president,,Colleton - Walterboro No. 2,Colleton - Walterboro No. 2,1.0000,approved,medium,generated_from_legacy_split_mapping; source_key_autofix_likely_safe
2024,president,,Colleton - Walterboro No. 2,Colleton - Walterboro No. 6,1.0000,approved,medium,generated_from_legacy_split_mapping; source_key_autofix_likely_safe
2024,president,,Colleton - Walterboro No. 3,Colleton - Walterboro No. 3,1.0000,approved,medium,generated_from_legacy_split_mapping; source_key_autofix_likely_safe
2024,president,,Colleton - Walterboro No. 3,Colleton - Walterboro No. 6,1.0000,approved,medium,generated_from_legacy_split_mapping; source_key_autofix_likely_safe
2024,president,,Colleton - Walterboro No. 4,Colleton - Peeples,1.0000,approved,medium,generated_from_legacy_split_mapping; source_key_autofix_likely_safe
2024,president,,Colleton - Walterboro No. 4,Colleton - Walterboro No. 4,1.0000,approved,medium,generated_from_legacy_split_mapping; source_key_autofix_likely_safe
2024,president,,Colleton - Walterboro No. 4,Colleton - Walterboro No. 5,1.0000,approved,medium,generated_from_legacy_split_mapping; source_key_autofix_likely_safe
2024,president,,Colleton - Wolf Creek,Colleton - Wolfe Creek,1.0000,approved,medium,generated_from_legacy_alias_mapping
2024,president,,Darlington - Darlington No. 1,Darlington - Darlington No. 1,1.0000,approved,medium,generated_from_legacy_alias_mapping; source_key_autofix_likely_safe
2024,president,,Darlington - Darlington No. 2,Darlington - Darlington No. 2,1.0000,approved,medium,generated_from_legacy_alias_mapping; source_key_autofix_likely_safe
2024,president,,Darlington - Darlington No. 3,Darlington - Darlington No. 3,1.0000,approved,medium,generated_from_legacy_alias_mapping; source_key_autofix_likely_safe
2024,president,,Darlington - Darlington No. 4,Darlington - Darlington No. 4,1.0000,approved,medium,generated_from_legacy_alias_mapping; source_key_autofix_likely_safe
2024,president,,Darlington - Darlington No. 5,Darlington - Darlington No. 5,1.0000,approved,medium,generated_from_legacy_alias_mapping; source_key_autofix_likely_safe
2024,president,,Darlington - Darlington No. 6,Darlington - Darlington No. 6,1.0000,approved,medium,generated_from_legacy_alias_mapping; source_key_autofix_likely_safe
2024,president,,Darlington - Hartsville No. 1,Darlington - Hartsville No. 1,1.0000,approved,medium,generated_from_legacy_alias_mapping; source_key_autofix_likely_safe
2024,president,,Darlington - Hartsville No. 4,Darlington - Hartsville No. 4,1.0000,approved,medium,generated_from_legacy_alias_mapping; source_key_autofix_likely_safe
2024,president,,Darlington - Hartsville No. 5,Darlington - Hartsville No. 5,1.0000,approved,medium,generated_from_legacy_alias_mapping; source_key_autofix_likely_safe
2024,president,,Darlington - Hartsville No. 6,Darlington - Hartsville No. 6,1.0000,approved,medium,generated_from_legacy_alias_mapping; source_key_autofix_likely_safe
2024,president,,Darlington - Hartsville No. 7,Darlington - Hartsville No. 7,1.0000,approved,medium,generated_from_legacy_alias_mapping; source_key_autofix_likely_safe
2024,president,,Darlington - Hartsville No. 8,Darlington - Hartsville No. 8,1.0000,approved,medium,generated_from_legacy_alias_mapping; source_key_autofix_likely_safe
2024,president,,Darlington - Hartsville No. 9,Darlington - Hartsville No. 9,1.0000,approved,medium,generated_from_legacy_alias_mapping; source_key_autofix_likely_safe
2024,president,,Dillon - Pleasant Hill,Dillon - Pleasant Hill,1.0000,approved,medium,generated_from_legacy_alias_mapping; source_key_manual_last18_applied
2024,president,,Dorchester - Four Hole,Dorchester - Four Hole,1.0000,approved,medium,generated_from_legacy_alias_mapping; source_key_autofix_manual_medium
2024,president,,Dorchester - Miles/Jamison,Dorchester - Milesjamison,1.0000,approved,medium,generated_from_legacy_alias_mapping; source_key_autofix_likely_safe
2024,president,,Dorchester - St. George No. 1,Dorchester - St. George No. 1,1.0000,approved,medium,generated_from_legacy_alias_mapping; source_key_autofix_likely_safe
2024,president,,Dorchester - St. George No. 2,Dorchester - St. George No. 2,1.0000,approved,medium,generated_from_legacy_alias_mapping; source_key_autofix_likely_safe
2024,president,,Edgefield - Edgefield No.1,Edgefield - Edgefield No. 1,1.0000,approved,medium,generated_from_legacy_alias_mapping
2024,president,,Edgefield - Edgefield No.2,Edgefield - Edgefield No. 2,1.0000,approved,medium,generated_from_legacy_alias_mapping
2024,president,,Edgefield - Johnston No.1,Edgefield - Johnston No. 1,1.0000,approved,medium,generated_from_legacy_alias_mapping
2024,president,,Edgefield - Johnston No.2,Edgefield - Johnston No. 2,1.0000,approved,medium,generated_from_legacy_alias_mapping
2024,president,,Edgefield - Westside,Edgefield - Edgefield No. 2,1.0000,approved,medium,generated_from_legacy_alias_mapping; source_key_manual_last18_applied
2024,president,,Edgefield - Merriweather No.1,Edgefield - Merriweather No. 1,1.0000,approved,medium,generated_from_legacy_alias_mapping
2024,president,,Edgefield - Merriweather No.2,Edgefield - Merriweather No. 2,1.0000,approved,medium,generated_from_legacy_alias_mapping
2024,president,,Edgefield - Trenton No.1,Edgefield - Trenton No. 1,1.0000,approved,medium,generated_from_legacy_split_mapping; source_key_autofix_manual_medium
2024,president,,Edgefield - Trenton No.1,Edgefield - Trenton No. 2,1.0000,approved,medium,generated_from_legacy_split_mapping; source_key_autofix_manual_medium
2024,president,,Edgefield - Trenton No.2,Edgefield - Trenton No. 2,1.0000,approved,medium,generated_from_legacy_alias_mapping
2024,president,,Fairfield - Gladden Grove,Fairfield - Garden Grove,1.0000,approved,medium,generated_from_legacy_alias_mapping; source_key_autofix_likely_safe
2024,president,,Fairfield - Jenkinsville,Fairfield - Jekinsville,1.0000,approved,medium,generated_from_legacy_alias_mapping
2024,president,,Fairfield - Woodard,Fairfield - Woodward,1.0000,approved,medium,generated_from_legacy_alias_mapping
2024,president,,Florence - Coles Crossroads,Florence - Coles Crossroads,1.0000,approved,medium,generated_from_legacy_alias_mapping; source_key_autofix_likely_safe
2024,president,,Florence - Cowards No. 1,Florence - Cowards No. 1,1.0000,approved,medium,generated_from_legacy_alias_mapping; source_key_autofix_likely_safe
2024,president,,Florence - Cowards No. 2,Florence - Cowards No. 2,1.0000,approved,medium,generated_from_legacy_alias_mapping; source_key_autofix_likely_safe
2024,president,,Florence - Evergreen,Florence - Evergreen,1.0000,approved,medium,generated_from_legacy_alias_mapping; source_key_autofix_manual_hard_tight
2024,president,,Florence - Florence Ward 1,Florence - Florence Ward 1,1.0000,approved,medium,generated_from_legacy_alias_mapping; source_key_autofix_manual_medium
2024,president,,Florence - Florence Ward 10,Florence - Florence Ward 10,1.0000,approved,medium,generated_from_legacy_alias_mapping; source_key_autofix_manual_medium
2024,president,,Florence - Florence Ward 11,Florence - Florence Ward 11,1.0000,approved,medium,generated_from_legacy_alias_mapping; source_key_autofix_manual_medium
2024,president,,Florence - Florence Ward 12,Florence - Florence Ward 12,1.0000,approved,medium,generated_from_legacy_alias_mapping; source_key_autofix_manual_medium
2024,president,,Florence - Florence Ward 2,Florence - Florence Ward 2,1.0000,approved,medium,generated_from_legacy_alias_mapping; source_key_autofix_manual_medium
2024,president,,Florence - Florence Ward 3,Florence - Florence Ward 3,1.0000,approved,medium,generated_from_legacy_alias_mapping; source_key_autofix_manual_medium
2024,president,,Florence - Florence Ward 4,Florence - Florence Ward 4,1.0000,approved,medium,generated_from_legacy_alias_mapping; source_key_autofix_manual_medium
2024,president,,Florence - Florence Ward 5,Florence - Florence Ward 5,1.0000,approved,medium,generated_from_legacy_alias_mapping; source_key_autofix_manual_medium
2024,president,,Florence - Florence Ward 6,Florence - Florence Ward 6,1.0000,approved,medium,generated_from_legacy_alias_mapping; source_key_autofix_manual_medium
2024,president,,Florence - Florence Ward 7,Florence - Florence Ward 7,1.0000,approved,medium,generated_from_legacy_alias_mapping; source_key_autofix_manual_medium
2024,president,,Florence - Florence Ward 8,Florence - Florence Ward 8,1.0000,approved,medium,generated_from_legacy_alias_mapping; source_key_autofix_manual_medium
2024,president,,Florence - Florence Ward 9,Florence - Florence Ward 9,1.0000,approved,medium,generated_from_legacy_alias_mapping; source_key_autofix_manual_medium
2024,president,,Florence - Florence Ward 14,Florence - Florence Ward 14,1.0000,approved,medium,generated_from_legacy_alias_mapping; source_key_autofix_manual_medium
2024,president,,Florence - Florence Ward 15,Florence - Florence Ward 15,1.0000,approved,medium,generated_from_legacy_alias_mapping; source_key_autofix_manual_medium
2024,president,,Florence - South Florence 1,Florence - South Florence 1,1.0000,approved,medium,generated_from_legacy_alias_mapping; source_key_autofix_likely_safe
2024,president,,Florence - South Florence 2,Florence - South Florence 2,1.0000,approved,medium,generated_from_legacy_alias_mapping; source_key_autofix_likely_safe
2024,president,,Florence - Timmonsville 1,Florence - Timmonsville 1,1.0000,approved,medium,generated_from_legacy_alias_mapping; source_key_autofix_likely_safe
2024,president,,Florence - Timmonsville 2,Florence - Timmonsville 2,1.0000,approved,medium,generated_from_legacy_alias_mapping; source_key_autofix_likely_safe
2024,president,,Florence - West Florence 1,Florence - West Florence 1,1.0000,approved,medium,generated_from_legacy_alias_mapping; source_key_autofix_likely_safe
2024,president,,Florence - West Florence 2,Florence - West Florence 2,1.0000,approved,medium,generated_from_legacy_alias_mapping; source_key_autofix_likely_safe
2024,president,,Georgetown - Santee,Georgetown - Lambert Town,1.0000,approved,medium,generated_from_legacy_alias_mapping; source_key_manual_final27_guarded
2024,president,,Georgetown - Dream Keepers,Georgetown - Dream Keepers,1.0000,approved,medium,generated_from_legacy_alias_mapping; source_key_autofix_likely_safe
2024,president,,Georgetown - Pee Dee,Georgetown - Lambert Town,1.0000,approved,medium,generated_from_legacy_alias_mapping; source_key_manual_last18_applied
2024,president,,Georgetown - Georgetown No. 1,Georgetown - Georgetown No. 1,1.0000,approved,medium,generated_from_legacy_alias_mapping; source_key_autofix_likely_safe
2024,president,,Georgetown - Georgetown No. 1,Georgetown - Dream Keepers,1.0000,approved,medium,generated_from_legacy_alias_mapping; source_key_manual_last18_applied
2024,president,,Georgetown - Pawley'S Island No. 1,Georgetown - Pawleys Island No. 1,1.0000,approved,medium,generated_from_legacy_alias_mapping; source_key_autofix_manual_medium
2024,president,,Georgetown - Pawley'S Island No. 2,Georgetown - Pawleys Island No. 2,1.0000,approved,medium,generated_from_legacy_alias_mapping; source_key_autofix_manual_medium
2024,president,,Georgetown - Pawley'S Island No. 3,Georgetown - Pawleys Island No. 3,1.0000,approved,medium,generated_from_legacy_alias_mapping; source_key_autofix_manual_medium
2024,president,,Georgetown - Pawley'S Island No. 4,Georgetown - Pawleys Island No. 4,1.0000,approved,medium,generated_from_legacy_alias_mapping; source_key_autofix_manual_medium
2024,president,,Georgetown - Pawley'S Island No. 5,Georgetown - Pawleys Island No. 5,1.0000,approved,medium,generated_from_legacy_alias_mapping; source_key_autofix_manual_medium
2024,president,,Greenville - Brookglenn,Greenville - Brookglenn,1.0000,approved,medium,generated_from_legacy_alias_mapping; source_key_autofix_likely_safe
2024,president,,Greenville - Riverwalk,Greenville - Riverwalk,1.0000,approved,medium,generated_from_legacy_alias_mapping; source_key_autofix_likely_safe
2024,president,,Greenville - Travelers Rest 1,Greenville - Travelers Rest 1,1.0000,approved,medium,generated_from_legacy_alias_mapping; source_key_autofix_likely_safe
2024,president,,Greenwood - Verdery,Greenwood - Bees Ferry,1.0000,approved,medium,generated_from_legacy_alias_mapping; source_key_manual_next30b_applied
2024,president,,Greenwood - Provisional,Greenwood - Angel Oaks Crossing,1.0000,approved,medium,generated_from_legacy_alias_mapping; source_key_autofix_manual_hard_county_guard
2024,president,,Greenwood - Glendale,Greenwood - Gideons Way,1.0000,approved,medium,generated_from_legacy_alias_mapping; source_key_autofix_likely_safe
2024,president,,Greenwood - Greenwood High,Greenwood - Loblolly Pines,1.0000,approved,medium,generated_from_legacy_alias_mapping; source_key_manual_next30_applied
2024,president,,Greenwood - Greenwood High,Greenwood - Bees Ferry,1.0000,approved,medium,generated_from_legacy_alias_mapping; source_key_manual_next30_applied
2024,president,,Greenwood - Greenwood High,Greenwood - Levis Knoll,1.0000,approved,medium,generated_from_legacy_alias_mapping; source_key_manual_next30_applied
2024,president,,Greenwood - Greenwood High,Greenwood - Grandiflora Glen,1.0000,approved,medium,generated_from_legacy_alias_mapping; source_key_manual_next30_applied
2024,president,,Greenwood - Greenwood High,Greenwood - Ashley River Run,1.0000,approved,medium,generated_from_legacy_alias_mapping; source_key_manual_next30_applied
2024,president,,Greenwood - Greenwood High,Greenwood - Hopes Ferry,1.0000,approved,medium,generated_from_legacy_split_mapping; source_key_manual_top30_applied
2024,president,,Greenwood - Greenwood High,Greenwood - Laco,1.0000,approved,medium,generated_from_legacy_split_mapping; source_key_manual_top30_applied
2024,president,,Greenwood - Greenwood High,Greenwood - Mountain Laurel,1.0000,approved,medium,generated_from_legacy_split_mapping; source_key_manual_top30_applied
2024,president,,Greenwood - Greenwood High,Greenwood - Fairhope Ferry,1.0000,approved,medium,generated_from_legacy_alias_mapping; source_key_manual_next30_applied
2024,president,,Greenwood - Greenwood High,Greenwood - Pebble Stone Way,1.0000,approved,medium,generated_from_legacy_alias_mapping; source_key_manual_next30_applied
2024,president,,Greenwood - Stonewood,Greenwood - Parsons Mill,1.0000,approved,medium,generated_from_legacy_alias_mapping; source_key_manual_next30b_applied
2024,president,,Greenwood - New Castle,Greenwood - New Castle,1.0000,approved,medium,generated_from_legacy_alias_mapping; source_key_autofix_likely_safe
2024,president,,Greenwood - Ninety Six,Greenwood - Ninety Six,1.0000,approved,medium,generated_from_legacy_alias_mapping; source_key_autofix_manual_medium
2024,president,,Greenwood - Rutherford Shoals,Greenwood - Rutherford Shoals,1.0000,approved,medium,generated_from_legacy_alias_mapping; source_key_autofix_manual_medium
2024,president,,Hampton - Crocket-Miley,Hampton - Crocket-Miley,1.0000,approved,medium,generated_from_legacy_alias_mapping; source_key_autofix_likely_safe
2024,president,,Hampton - Hampton Courthouse No.1,Hampton - Hampton No. 1,1.0000,approved,medium,generated_from_legacy_alias_mapping; source_key_autofix_likely_safe
2024,president,,Hampton - Hampton Courthouse No.2,Hampton - Hampton No. 2,1.0000,approved,medium,generated_from_legacy_alias_mapping; source_key_autofix_likely_safe
2024,president,,Horry - Four Mile,Horry - Four Mile,1.0000,approved,medium,generated_from_legacy_alias_mapping; source_key_manual_next30_applied
2024,president,,Horry - Aynor,Horry - Bayboro-Gurley,1.0000,approved,medium,generated_from_legacy_alias_mapping; source_key_autofix_manual_hard_county_guard
2024,president,,Horry - Brooksville #1,Horry - Brooksville 2,1.0000,approved,medium,generated_from_legacy_alias_mapping; source_key_autofix_likely_safe
2024,president,,Horry - Burgess #2,Horry - Burgess 2,1.0000,approved,medium,generated_from_legacy_split_mapping
2024,president,,Horry - Burgess #2,Horry - Burgess 5,1.0000,approved,medium,generated_from_legacy_split_mapping
2024,president,,Horry - Cresent,Horry - Cresent,1.0000,approved,medium,generated_from_legacy_alias_mapping; source_key_autofix_likely_safe
2024,president,,Horry - Dog Bluff,Horry - Dogbluff,1.0000,approved,medium,generated_from_legacy_alias_mapping
2024,president,,Horry - Enterprise #1,Horry - Enterprise 2,1.0000,approved,medium,generated_from_legacy_alias_mapping; source_key_autofix_likely_safe
2024,president,,Horry - Enterprise #2,Horry - Enterprise 1,1.0000,approved,medium,generated_from_legacy_split_mapping
2024,president,,Horry - Enterprise #2,Horry - Enterprise 2,1.0000,approved,medium,generated_from_legacy_split_mapping
2024,president,,Horry - Leon,Horry - Mt. Olive,1.0000,approved,medium,generated_from_legacy_alias_mapping; source_key_manual_final27_guarded
2024,president,,Horry - Gallivants Ferry,Horry - Gallivants Ferry,1.0000,approved,medium,generated_from_legacy_alias_mapping; source_key_autofix_likely_safe
2024,president,,Horry - Bayboro-Gurley,Horry - Bayboro-Gurley,1.0000,approved,medium,generated_from_legacy_alias_mapping; source_key_manual_next30b_applied
2024,president,,Horry - Hickory Grove,Horry - Live Oak,1.0000,approved,medium,generated_from_legacy_alias_mapping; source_key_manual_next30b_applied
2024,president,,Horry - Jerigans X Roads,Horry - Jerigans Crossroads,1.0000,approved,medium,generated_from_legacy_alias_mapping
2024,president,,Horry - Jet Port #2,Horry - Jet Port 2,1.0000,approved,medium,generated_from_legacy_split_mapping
2024,president,,Horry - Jet Port #2,Horry - Jet Port 3,1.0000,approved,medium,generated_from_legacy_split_mapping
2024,president,,Horry - Jet Port #2,Horry - Jet Port 4,1.0000,approved,medium,generated_from_legacy_split_mapping
2024,president,,Horry - Toddville,Horry - Cedar Grove,1.0000,approved,medium,generated_from_legacy_alias_mapping; source_key_autofix_manual_hard_county_guard
2024,president,,Horry - Tilly Swamp,Horry - Methodist-Mill Swamp,1.0000,approved,medium,generated_from_legacy_alias_mapping; source_key_manual_final27_guarded
2024,president,,Horry - Lake Park #1,Horry - Lake Park 3,1.0000,approved,medium,generated_from_legacy_alias_mapping; source_key_autofix_likely_safe
2024,president,,Horry - Marlowe #1,Horry - Marlowe 3,1.0000,approved,medium,generated_from_legacy_alias_mapping; source_key_autofix_likely_safe
2024,president,,Horry - Methodist-Mill Swamp,Horry - Methodist-Mill Swamp,1.0000,approved,medium,generated_from_legacy_alias_mapping; source_key_manual_last18_applied
2024,president,,Horry - Nixons X Roads #1,Horry - Nixons Xroads 1,1.0000,approved,medium,generated_from_legacy_split_mapping
2024,president,,Horry - Nixons X Roads #1,Horry - Nixons Xroads 2,1.0000,approved,medium,generated_from_legacy_split_mapping
2024,president,,Horry - Nixons X Roads #1,Horry - Nixons Xroads 3,1.0000,approved,medium,generated_from_legacy_split_mapping
2024,president,,Horry - Nixons X Roads #2,Horry - Nixons Xroads 1,1.0000,approved,medium,generated_from_legacy_split_mapping
2024,president,,Horry - Nixons X Roads #2,Horry - Nixons Xroads 2,1.0000,approved,medium,generated_from_legacy_split_mapping
2024,president,,Horry - Nixons X Roads #3,Horry - Nixons Xroads 3,1.0000,approved,medium,generated_from_legacy_alias_mapping
2024,president,,Horry - Aynor,Horry - Mt. Olive,1.0000,approved,medium,generated_from_legacy_alias_mapping; source_key_manual_next30b_applied
2024,president,,Horry - Ocean Drive #2,Horry - Ocean Drive 2,1.0000,approved,medium,generated_from_legacy_split_mapping
2024,president,,Horry - Ocean Drive #2,Horry - Ocean Drive 3,1.0000,approved,medium,generated_from_legacy_split_mapping
2024,president,,Horry - Adrian,Horry - Mt. Olive,1.0000,approved,medium,generated_from_legacy_alias_mapping; source_key_manual_last18_applied
2024,president,,Horry - Toddville,Horry - Pleasant View,1.0000,approved,medium,generated_from_legacy_alias_mapping; source_key_manual_next30b_applied
2024,president,,Jasper - Levy,Jasper - Sun City,1.0000,approved,medium,generated_from_legacy_alias_mapping; source_key_manual_last18_applied
2024,president,,Jasper - Hardeeville 1,Jasper - Hardeeville 1,1.0000,approved,medium,generated_from_legacy_split_mapping
2024,president,,Jasper - Hardeeville 1,Jasper - Hardeeville 3,1.0000,approved,medium,generated_from_legacy_split_mapping
2024,president,,Jasper - Margaritaville,Jasper - Hardeeville 3,1.0000,approved,medium,generated_from_legacy_alias_mapping
2024,president,,Jasper - Okatie,Jasper - Oakatie,1.0000,approved,medium,generated_from_legacy_split_mapping; source_key_autofix_likely_safe
2024,president,,Jasper - Okatie,Jasper - Oakatie 2,1.0000,approved,medium,generated_from_legacy_split_mapping; source_key_autofix_likely_safe
2024,president,,Jasper - Okatie 2,Jasper - Oakatie 2,1.0000,approved,medium,generated_from_legacy_alias_mapping
2024,president,,Kershaw - Camden No. 1,Kershaw - Camden No. 1,1.0000,approved,medium,generated_from_legacy_alias_mapping; source_key_autofix_likely_safe
2024,president,,Kershaw - Camden No. 2 & 3,Kershaw - Camden No. 2 3,1.0000,approved,medium,generated_from_legacy_alias_mapping; source_key_autofix_likely_safe
2024,president,,Kershaw - Camden No. 2 & 3,Kershaw - Hobkirks Hill,1.0000,approved,medium,generated_from_legacy_alias_mapping; source_key_autofix_likely_safe
2024,president,,Kershaw - Camden No. 1,Kershaw - Hobkirks Hill,1.0000,approved,medium,generated_from_legacy_alias_mapping; source_key_autofix_likely_safe
2024,president,,Kershaw - Camden No. 5,Kershaw - Camden No. 5,1.0000,approved,medium,generated_from_legacy_alias_mapping; source_key_autofix_likely_safe
2024,president,,Kershaw - Camden No. 5-A,Kershaw - Camden No. 5-A,1.0000,approved,medium,generated_from_legacy_alias_mapping; source_key_autofix_likely_safe
2024,president,,Kershaw - Camden No. 6,Kershaw - Camden No. 6,1.0000,approved,medium,generated_from_legacy_alias_mapping; source_key_autofix_likely_safe
2024,president,,Kershaw - Camden No. 5-A,Kershaw - E. Camden-Hermitage,1.0000,approved,medium,generated_from_legacy_split_mapping
2024,president,,Kershaw - Elgin No. 1,Kershaw - Elgin No. 1,1.0000,approved,medium,generated_from_legacy_alias_mapping; source_key_autofix_likely_safe
2024,president,,Kershaw - Elgin No. 2,Kershaw - Elgin No. 2,1.0000,approved,medium,generated_from_legacy_alias_mapping; source_key_autofix_likely_safe
2024,president,,Kershaw - Lugoff No. 1,Kershaw - Lugoff No. 1,1.0000,approved,medium,generated_from_legacy_alias_mapping; source_key_autofix_likely_safe
2024,president,,Kershaw - Lugoff No. 2,Kershaw - Lugoff No. 2,1.0000,approved,medium,generated_from_legacy_alias_mapping; source_key_autofix_likely_safe
2024,president,,Kershaw - Lugoff No. 3,Kershaw - Lugoff No. 3,1.0000,approved,medium,generated_from_legacy_alias_mapping; source_key_autofix_likely_safe
2024,president,,Kershaw - Salt Pond,Kershaw - Gates Ford,1.0000,approved,medium,generated_from_legacy_split_mapping
2024,president,,Kershaw - Salt Pond,Kershaw - Salt Pond,1.0000,approved,medium,generated_from_legacy_split_mapping
2024,president,,Lancaster - 521 North,Lancaster - Osceola,1.0000,approved,medium,generated_from_legacy_alias_mapping
2024,president,,Lancaster - Six Mile Creek,Lancaster - Shelley Mullis,1.0000,approved,medium,generated_from_legacy_alias_mapping; source_key_autofix_likely_safe
2024,president,,Lancaster - Elgin,Lancaster - Gold Hill,1.0000,approved,medium,generated_from_legacy_alias_mapping; source_key_autofix_manual_hard_county_guard
2024,president,,Lancaster - Elgin,Lancaster - Black Horse Run,1.0000,approved,medium,generated_from_legacy_alias_mapping; source_key_manual_next30b_applied
2024,president,,Lancaster - Buford,Lancaster - Dwight,1.0000,approved,medium,generated_from_legacy_alias_mapping
2024,president,,Lancaster - Flat Creek,Lancaster - Midway,1.0000,approved,medium,generated_from_legacy_alias_mapping
2024,president,,Lancaster - Buford,Lancaster - Goochs Cross Road,1.0000,approved,medium,generated_from_legacy_alias_mapping; source_key_manual_last18_applied
2024,president,,Lancaster - River Road,Lancaster - Goochs Cross Road,1.0000,approved,medium,generated_from_legacy_alias_mapping; source_key_manual_last18_applied
2024,president,,Lancaster - Jim Wilson,Lancaster - Jacksonham,1.0000,approved,medium,generated_from_legacy_alias_mapping
2024,president,,Lancaster - Lancaster East,Lancaster - Lancaster East,1.0000,approved,medium,generated_from_legacy_split_mapping
2024,president,,Lancaster - Lancaster East,Lancaster - Lancaster West,1.0000,approved,medium,generated_from_legacy_split_mapping
2024,president,,Lancaster - Mcilwain,Lancaster - Lynwood Drive,1.0000,approved,medium,generated_from_legacy_alias_mapping
2024,president,,Lancaster - Springdale,Lancaster - Goochs Cross Road,1.0000,approved,medium,generated_from_legacy_alias_mapping
2024,president,,Lancaster - Tradesville,Lancaster - Spring Hill,1.0000,approved,medium,generated_from_legacy_alias_mapping
2024,president,,Lancaster - Hyde Park,Lancaster - University,1.0000,approved,medium,generated_from_legacy_alias_mapping; source_key_autofix_manual_medium
2024,president,,Laurens - Barksdale-Narine,Laurens - Barksdale-Narine,1.0000,approved,medium,generated_from_legacy_alias_mapping; source_key_autofix_likely_safe
2024,president,,Laurens - Brewerton-Princeton,Laurens - Brewerton - Princeton,1.0000,approved,medium,generated_from_legacy_alias_mapping; source_key_manual_next30b_applied
2024,president,,Laurens - Clinton 1,Laurens - Clinton 1,1.0000,approved,medium,generated_from_legacy_alias_mapping; source_key_autofix_likely_safe
2024,president,,Laurens - Clinton 2,Laurens - Clinton 2,1.0000,approved,medium,generated_from_legacy_alias_mapping; source_key_autofix_likely_safe
2024,president,,Laurens - Clinton 3,Laurens - Clinton 3,1.0000,approved,medium,generated_from_legacy_alias_mapping; source_key_autofix_likely_safe
2024,president,,Laurens - Laurens 2,Laurens - Laurens 2,1.0000,approved,medium,generated_from_legacy_alias_mapping; source_key_manual_final27_guarded
2024,president,,Laurens - Martins-Poplar Springs,Laurens - Martins-Poplar Springs,1.0000,approved,medium,generated_from_legacy_alias_mapping; source_key_autofix_likely_safe
2024,president,,Laurens - Mount Olive,Laurens - Mount Olive,1.0000,approved,medium,generated_from_legacy_alias_mapping; source_key_autofix_likely_safe
2024,president,,Laurens - Laurens 3,Laurens - Laurens 3,1.0000,approved,medium,generated_from_legacy_alias_mapping; source_key_manual_next30b_applied
2024,president,,Lee - Elliott,Lee - Elliott,1.0000,approved,medium,generated_from_legacy_alias_mapping; source_key_autofix_likely_safe
2024,president,,Lee - Lynchburg,Lee - South Lynchburg,1.0000,approved,medium,generated_from_legacy_alias_mapping; source_key_autofix_likely_safe
2024,president,,Lexington - Seven Oaks,Lexington - Seven Oaks,1.0000,approved,medium,generated_from_legacy_alias_mapping; source_key_manual_next30_applied
2024,president,,Lexington - Barr Road 1,Lexington - Barr Road 1,1.0000,approved,medium,generated_from_legacy_alias_mapping; source_key_autofix_likely_safe
2024,president,,Lexington - Cayce No. 2,Lexington - Cayce 2A,1.0000,approved,medium,generated_from_legacy_alias_mapping; source_key_autofix_likely_safe
2024,president,,Lexington - Cayce No. 1,Lexington - Cayce No. 1,1.0000,approved,medium,generated_from_legacy_alias_mapping; source_key_autofix_manual_medium
2024,president,,Lexington - Cayce No. 2,Lexington - Cayce No. 2,1.0000,approved,medium,generated_from_legacy_alias_mapping; source_key_autofix_manual_medium
2024,president,,Lexington - Cayce No. 3,Lexington - Cayce No. 3,1.0000,approved,medium,generated_from_legacy_alias_mapping; source_key_autofix_manual_medium
2024,president,,Lexington - Cedarcrest,Lexington - Cedarcrest,1.0000,approved,medium,generated_from_legacy_alias_mapping; source_key_autofix_likely_safe
2024,president,,Lexington - Edmund 1,Lexington - Edmund 1,1.0000,approved,medium,generated_from_legacy_alias_mapping; source_key_autofix_likely_safe
2024,president,,Lexington - Lexington No. 3,Lexington - Lexington No. 3,1.0000,approved,medium,generated_from_legacy_alias_mapping; source_key_autofix_likely_safe
2024,president,,Lexington - Lexington No. 4,Lexington - Lexington No. 4,1.0000,approved,medium,generated_from_legacy_alias_mapping; source_key_autofix_likely_safe
2024,president,,Lexington - Old Barnwell Road,Lexington - Old Barnwell Road,1.0000,approved,medium,generated_from_legacy_alias_mapping; source_key_autofix_likely_safe
2024,president,,Lexington - Park Road 1,Lexington - Park Road 1,1.0000,approved,medium,generated_from_legacy_alias_mapping; source_key_autofix_likely_safe
2024,president,,Lexington - Pilgrim Chruch,Lexington - Pilgrim Chruch,1.0000,approved,medium,generated_from_legacy_alias_mapping; source_key_autofix_likely_safe
2024,president,,Lexington - Pine Ridge 1,Lexington - Pine Ridge 1,1.0000,approved,medium,generated_from_legacy_alias_mapping; source_key_autofix_likely_safe
2024,president,,Lexington - Pine Ridge 2,Lexington - Pine Ridge 2,1.0000,approved,medium,generated_from_legacy_alias_mapping; source_key_autofix_likely_safe
2024,president,,Lexington - Red Bank South 1,Lexington - Red Bank South 1,1.0000,approved,medium,generated_from_legacy_alias_mapping; source_key_autofix_likely_safe
2024,president,,Lexington - Red Bank South 2,Lexington - Red Bank South 2,1.0000,approved,medium,generated_from_legacy_alias_mapping; source_key_autofix_likely_safe
2024,president,,Lexington - St. Davids,Lexington - St. Davids,1.0000,approved,medium,generated_from_legacy_alias_mapping; source_key_autofix_manual_medium
2024,president,,Lexington - Sand Hill,Lexington - Sand Hill,1.0000,approved,medium,generated_from_legacy_alias_mapping; source_key_autofix_likely_safe
2024,president,,Lexington - St. Michael,Lexington - St. Michael,1.0000,approved,medium,generated_from_legacy_alias_mapping; source_key_autofix_likely_safe
2024,president,,Lexington - West Columbia No. 1,Lexington - West Columbia No. 1,1.0000,approved,medium,generated_from_legacy_alias_mapping; source_key_autofix_likely_safe
2024,president,,Lexington - West Columbia No. 2,Lexington - West Columbia No. 2,1.0000,approved,medium,generated_from_legacy_alias_mapping; source_key_autofix_likely_safe
2024,president,,Lexington - West Columbia No. 3,Lexington - West Columbia No. 3,1.0000,approved,medium,generated_from_legacy_alias_mapping; source_key_autofix_likely_safe
2024,president,,Lexington - West Columbia No. 4,Lexington - West Columbia No. 4,1.0000,approved,medium,generated_from_legacy_alias_mapping; source_key_autofix_likely_safe
2024,president,,Marion - N East Mullins,Marion - Northeast Mullins,1.0000,approved,medium,generated_from_legacy_alias_mapping
2024,president,,Marion - N West Mullins,Marion - Northwest Mullins,1.0000,approved,medium,generated_from_legacy_alias_mapping
2024,president,,Marion - S East Mullins,Marion - Southeast Mullins,1.0000,approved,medium,generated_from_legacy_alias_mapping
2024,president,,Marion - S West Mullins,Marion - Southwest Mullins,1.0000,approved,medium,generated_from_legacy_alias_mapping
2024,president,,Marlboro - Red Hill,Marlboro - Redhill,1.0000,approved,medium,generated_from_legacy_alias_mapping
2024,president,,Newberry - Beth - Eden,Newberry - Beth - Eden,1.0000,approved,medium,generated_from_legacy_alias_mapping; source_key_autofix_likely_safe
2024,president,,Newberry - Consolidated Number 5,Newberry - Consolidated Number 5,1.0000,approved,medium,generated_from_legacy_alias_mapping; source_key_autofix_manual_medium
2024,president,,Newberry - Kinards-Jalapa,Newberry - Kinards-Jalapa,1.0000,approved,medium,generated_from_legacy_alias_mapping; source_key_autofix_likely_safe
2024,president,,Newberry - Pomaria,Newberry - Little Mountain,1.0000,approved,medium,generated_from_legacy_alias_mapping; source_key_manual_next30b_applied
2024,president,,Newberry - Mt. Bethel-Garmany,Newberry - Mt. Bethel-Garmany,1.0000,approved,medium,generated_from_legacy_alias_mapping; source_key_autofix_likely_safe
2024,president,,Newberry - Newberry Ward 1,Newberry - Newberry Ward 1,1.0000,approved,medium,generated_from_legacy_alias_mapping; source_key_autofix_likely_safe
2024,president,,Newberry - Newberry Ward 2,Newberry - Newberry Ward 2,1.0000,approved,medium,generated_from_legacy_alias_mapping; source_key_autofix_likely_safe
2024,president,,Newberry - Newberry Ward 3,Newberry - Newberry Ward 3,1.0000,approved,medium,generated_from_legacy_alias_mapping; source_key_autofix_likely_safe
2024,president,,Newberry - Newberry Ward 4,Newberry - Newberry Ward 4,1.0000,approved,medium,generated_from_legacy_alias_mapping; source_key_autofix_likely_safe
2024,president,,Newberry - Newberry Ward 5,Newberry - Newberry Ward 5,1.0000,approved,medium,generated_from_legacy_alias_mapping; source_key_autofix_likely_safe
2024,president,,Newberry - Newberry Ward 6,Newberry - Newberry Ward 6,1.0000,approved,medium,generated_from_legacy_alias_mapping; source_key_autofix_likely_safe
2024,president,,Newberry - Pomaria,Newberry - Pomaria,1.0000,approved,medium,generated_from_legacy_alias_mapping; source_key_autofix_likely_safe
2024,president,,Newberry - Prosperity City,Newberry - Prosperity Outside,1.0000,approved,medium,generated_from_legacy_alias_mapping; source_key_autofix_review_conservative
2024,president,,Newberry - St. Phillips-Jolly Street,Newberry - St. Phillips-Jolly Street,1.0000,approved,medium,generated_from_legacy_alias_mapping; source_key_autofix_manual_medium
2024,president,,Oconee - Keowee,Oconee - Westminster 1,1.0000,approved,medium,generated_from_legacy_alias_mapping; source_key_manual_last18_applied
2024,president,,Oconee - Newry-Corinth,Oconee - Newry-Corinth,1.0000,approved,medium,generated_from_legacy_alias_mapping; source_key_autofix_likely_safe
2024,president,,Oconee - Seneca 1,Oconee - Seneca 1,1.0000,approved,medium,generated_from_legacy_alias_mapping; source_key_autofix_likely_safe
2024,president,,Oconee - Tokeena-Providence,Oconee - Oakway,1.0000,approved,medium,generated_from_legacy_split_mapping; source_key_autofix_likely_safe
2024,president,,Oconee - Tokeena-Providence,Oconee - Tokeena-Providence,1.0000,approved,medium,generated_from_legacy_split_mapping; source_key_autofix_likely_safe
2024,president,,Oconee - Walhalla 1,Oconee - Walhalla 1,1.0000,approved,medium,generated_from_legacy_alias_mapping; source_key_autofix_likely_safe
2024,president,,Orangeburg - Four Holes,Orangeburg - Four Holes,1.0000,approved,medium,generated_from_legacy_alias_mapping; source_key_autofix_manual_medium
2024,president,,Orangeburg - Orangeburg Wd 1,Orangeburg - Orangeburg Ward 1,1.0000,approved,medium,generated_from_legacy_alias_mapping
2024,president,,Orangeburg - Orangeburg Wd 10,Orangeburg - Orangeburg Ward 10,1.0000,approved,medium,generated_from_legacy_alias_mapping
2024,president,,Orangeburg - Orangeburg Wd 2,Orangeburg - Orangeburg Ward 2,1.0000,approved,medium,generated_from_legacy_alias_mapping
2024,president,,Orangeburg - Orangeburg Wd 3,Orangeburg - Orangeburg Ward 3,1.0000,approved,medium,generated_from_legacy_alias_mapping
2024,president,,Orangeburg - Orangeburg Wd 4,Orangeburg - Orangeburg Ward 4,1.0000,approved,medium,generated_from_legacy_alias_mapping
2024,president,,Orangeburg - Orangeburg Wd 5,Orangeburg - Orangeburg Ward 5,1.0000,approved,medium,generated_from_legacy_alias_mapping
2024,president,,Orangeburg - Orangeburg Wd 6,Orangeburg - Orangeburg Ward 6,1.0000,approved,medium,generated_from_legacy_alias_mapping
2024,president,,Orangeburg - Orangeburg Wd 1,Orangeburg - Orangeburg Ward 7,1.0000,approved,medium,generated_from_legacy_alias_mapping; source_key_autofix_likely_safe
2024,president,,Orangeburg - Orangeburg Wd 8,Orangeburg - Orangeburg Ward 8,1.0000,approved,medium,generated_from_legacy_alias_mapping
2024,president,,Orangeburg - Orangeburg Wd 9,Orangeburg - Orangeburg Ward 9,1.0000,approved,medium,generated_from_legacy_alias_mapping
2024,president,,Orangeburg - Ornageburg Wd 7,Orangeburg - Orangeburg Ward 7,1.0000,approved,medium,generated_from_legacy_alias_mapping
2024,president,,Orangeburg - Pine Hill,Orangeburg - Pine Hill,1.0000,approved,medium,generated_from_legacy_alias_mapping; source_key_autofix_likely_safe
2024,president,,Pickens - Six Mile Mountain,Pickens - Six Mile Mountain,1.0000,approved,medium,generated_from_legacy_alias_mapping; source_key_autofix_likely_safe
2024,president,,Pickens - Nine Forks,Pickens - Nine Forks,1.0000,approved,medium,generated_from_legacy_alias_mapping; source_key_autofix_manual_medium
2024,president,,Pickens - Albert R. Lewis,Pickens - Albert R. Lewis,1.0000,approved,medium,generated_from_legacy_split_mapping; source_key_autofix_likely_safe
2024,president,,Pickens - Albert R. Lewis,Pickens - Mountain View,1.0000,approved,medium,generated_from_legacy_split_mapping; source_key_autofix_likely_safe
2024,president,,Pickens - West Central,Pickens - West Central,1.0000,approved,medium,generated_from_legacy_alias_mapping; source_key_manual_next30_applied
2024,president,,Pickens - Clemson,Pickens - Clemson,1.0000,approved,medium,generated_from_legacy_alias_mapping; source_key_autofix_likely_safe
2024,president,,Pickens - Crosswell,Pickens - Crosswell,1.0000,approved,medium,generated_from_legacy_alias_mapping; source_key_autofix_likely_safe
2024,president,,Pickens - Dacusville,Pickens - Dacusville,1.0000,approved,medium,generated_from_legacy_alias_mapping; source_key_autofix_likely_safe
2024,president,,Pickens - Lenhart,Pickens - Lenhardt,1.0000,approved,medium,generated_from_legacy_alias_mapping
2024,president,,Pickens - West Liberty,Pickens - East Liberty,1.0000,approved,medium,generated_from_legacy_alias_mapping; source_key_manual_next30_applied
2024,president,,Pickens - Mcallister,Pickens - Mcalister,1.0000,approved,medium,generated_from_legacy_alias_mapping
2024,president,,Pickens - Praters Creek,Pickens - Fruit Mountain,1.0000,approved,medium,generated_from_legacy_split_mapping; source_key_manual_top30_applied
2024,president,,Pickens - Praters Creek,Pickens - Simpson,1.0000,approved,medium,generated_from_legacy_split_mapping; source_key_manual_top30_applied
2024,president,,Pickens - Pickensville,Pickens - East Pickens,1.0000,approved,medium,generated_from_legacy_alias_mapping; source_key_autofix_manual_medium
2024,president,,Pickens - Praters Creek,Pickens - Praters Creek,1.0000,approved,medium,generated_from_legacy_alias_mapping; source_key_autofix_likely_safe
2024,president,,Pickens - Rices Creek,Pickens - Rices Creek,1.0000,approved,medium,generated_from_legacy_alias_mapping; source_key_autofix_likely_safe
2024,president,,Richland - Brandon 1,Richland - Brandon 1,1.0000,approved,medium,generated_from_legacy_alias_mapping; source_key_autofix_likely_safe
2024,president,,Richland - Hopkins 1,Richland - Hopkins 1,1.0000,approved,medium,generated_from_legacy_alias_mapping; source_key_autofix_likely_safe
2024,president,,Richland - Keels 1,Richland - Keels 1,1.0000,approved,medium,generated_from_legacy_alias_mapping; source_key_autofix_likely_safe
2024,president,,Richland - Parkridge 1,Richland - Parkridge 1,1.0000,approved,medium,generated_from_legacy_split_mapping; source_key_autofix_likely_safe
2024,president,,Richland - Parkridge 1,Richland - Parkridge 2,1.0000,approved,medium,generated_from_legacy_split_mapping; source_key_autofix_likely_safe
2024,president,,Richland - Parkway 1,Richland - Parkway 1,1.0000,approved,medium,generated_from_legacy_alias_mapping; source_key_autofix_likely_safe
2024,president,,Richland - Pennington 1,Richland - Pennington 2,1.0000,approved,medium,generated_from_legacy_alias_mapping; source_key_autofix_likely_safe
2024,president,,Richland - Pine Lakes 1,Richland - Pine Lakes 2,1.0000,approved,medium,generated_from_legacy_alias_mapping; source_key_autofix_likely_safe
2024,president,,Richland - Pontiac 1,Richland - Pontiac 1,1.0000,approved,medium,generated_from_legacy_alias_mapping; source_key_autofix_likely_safe
2024,president,,Richland - Rice Creek 1,Richland - Rice Creek 2,1.0000,approved,medium,generated_from_legacy_alias_mapping; source_key_autofix_likely_safe
2024,president,,Richland - Ridge View 1,Richland - Ridge View 1,1.0000,approved,medium,generated_from_legacy_alias_mapping; source_key_autofix_likely_safe
2024,president,,Richland - Riversprings 1,Richland - Riversprings 1,1.0000,approved,medium,generated_from_legacy_split_mapping; source_key_autofix_likely_safe
2024,president,,Richland - Riversprings 1,Richland - Riversprings 2,1.0000,approved,medium,generated_from_legacy_split_mapping; source_key_autofix_likely_safe
2024,president,,Richland - Riversprings 1,Richland - Riversprings 3,1.0000,approved,medium,generated_from_legacy_split_mapping; source_key_autofix_likely_safe
2024,president,,Richland - Riversprings 2,Richland - Riversprings 2,1.0000,approved,medium,generated_from_legacy_alias_mapping; source_key_autofix_likely_safe
2024,president,,Richland - Riversprings 3,Richland - Riversprings 3,1.0000,approved,medium,generated_from_legacy_alias_mapping; source_key_autofix_likely_safe
2024,president,,Richland - Springville 1,Richland - Spring Hill,1.0000,approved,medium,generated_from_legacy_split_mapping; source_key_autofix_likely_safe
2024,president,,Richland - Springville 1,Richland - Springville 1,1.0000,approved,medium,generated_from_legacy_split_mapping; source_key_autofix_likely_safe
2024,president,,Richland - Springville 1,Richland - Springville 2,1.0000,approved,medium,generated_from_legacy_split_mapping; source_key_autofix_likely_safe
2024,president,,Saluda - Fruit Hill,Saluda - Fruit Hill,1.0000,approved,medium,generated_from_legacy_split_mapping
2024,president,,Saluda - Fruit Hill,Saluda - Mt. Willing,1.0000,approved,medium,generated_from_legacy_split_mapping
2024,president,,Saluda - Higgins/Zoar,Saluda - Higginszoar,1.0000,approved,medium,generated_from_legacy_alias_mapping; source_key_autofix_likely_safe
2024,president,,Saluda - Holstons,Saluda - Holstons,1.0000,approved,medium,generated_from_legacy_split_mapping
2024,president,,Saluda - Holstons,Saluda - Mayson,1.0000,approved,medium,generated_from_legacy_split_mapping
2024,president,,Saluda - Pleasant Grove,Saluda - Pleasant Cross,1.0000,approved,medium,generated_from_legacy_split_mapping
2024,president,,Saluda - Pleasant Grove,Saluda - Pleasant Grove,1.0000,approved,medium,generated_from_legacy_split_mapping
2024,president,,Saluda - Richland,Saluda - Clyde,1.0000,approved,medium,generated_from_legacy_split_mapping
2024,president,,Saluda - Richland,Saluda - Richland,1.0000,approved,medium,generated_from_legacy_split_mapping
2024,president,,Saluda - Ridge Spring/Monetta,Saluda - Ridge Springmonetta,1.0000,approved,medium,generated_from_legacy_alias_mapping; source_key_autofix_likely_safe
2024,president,,Saluda - Ward,Saluda - Delmar,1.0000,approved,medium,generated_from_legacy_split_mapping
2024,president,,Saluda - Ward,Saluda - Ward,1.0000,approved,medium,generated_from_legacy_split_mapping
2024,president,,Spartanburg - Two Mile Creek,Spartanburg - Woodruff Elementary,1.0000,approved,medium,generated_from_legacy_alias_mapping; source_key_autofix_likely_safe
2024,president,,Spartanburg - Airport,Spartanburg - Mt. Zion Gospel Baptist,1.0000,approved,medium,generated_from_legacy_alias_mapping
2024,president,,Spartanburg - Croft Baptist,Spartanburg - Chesnee Elementary,1.0000,approved,medium,generated_from_legacy_alias_mapping; source_key_manual_next30_applied
2024,president,,Spartanburg - Beacon,Spartanburg - Southside Baptist,1.0000,approved,medium,generated_from_legacy_alias_mapping
2024,president,,Spartanburg - Hope,Spartanburg - Hope,1.0000,approved,medium,generated_from_legacy_alias_mapping; source_key_autofix_review_conservative
2024,president,,Spartanburg - Blackstock,Spartanburg - Fairforest Middle School,1.0000,approved,medium,generated_from_legacy_alias_mapping
2024,president,,Spartanburg - Boiling Springs 9Th Grade,Spartanburg - Boiling Springs 9Th Grade,1.0000,approved,medium,generated_from_legacy_alias_mapping; source_key_autofix_manual_medium
2024,president,,Spartanburg - Boling Springs Jr. High,Spartanburg - Boiling Springs High School,1.0000,approved,medium,generated_from_legacy_alias_mapping; source_key_autofix_likely_safe
2024,president,,Spartanburg - Boling Springs Jr. High,Spartanburg - Boling Springs Jr. High,1.0000,approved,medium,generated_from_legacy_alias_mapping; source_key_autofix_likely_safe
2024,president,,Spartanburg - C.C. Woodson Recreation,Spartanburg - C.C. Woodson Recreation,1.0000,approved,medium,generated_from_legacy_alias_mapping; source_key_manual_next30b_applied
2024,president,,Spartanburg - Croft Baptist,Spartanburg - Canaan,1.0000,approved,medium,generated_from_legacy_alias_mapping; source_key_manual_next30_applied
2024,president,,Spartanburg - Cavins Hobbysville,Spartanburg - Cavins Hobbysville,1.0000,approved,medium,generated_from_legacy_alias_mapping; source_key_autofix_likely_safe
2024,president,,Spartanburg - Cherokee Springs Fire Station,Spartanburg - Cherokee Springs Fire Station,1.0000,approved,medium,generated_from_legacy_alias_mapping; source_key_autofix_manual_hard_county_guard
2024,president,,Spartanburg - Chesnee Elementary,Spartanburg - Chesnee Elementary,1.0000,approved,medium,generated_from_legacy_alias_mapping; source_key_manual_next30b_applied
2024,president,,Spartanburg - Chestnut Lake,Spartanburg - Boiling Springs Intermediate,1.0000,approved,medium,generated_from_legacy_alias_mapping
2024,president,,Spartanburg - Arcadia Elementary,Spartanburg - Broome High School,1.0000,approved,medium,generated_from_legacy_alias_mapping; source_key_autofix_manual_medium
2024,president,,Spartanburg - Clifton Glendale,Spartanburg - Glendale Fire Station,1.0000,approved,medium,generated_from_legacy_alias_mapping
2024,president,,Spartanburg - Converse,Spartanburg - Beaumont Methodist,1.0000,approved,high,manual_spartanburg_source_review; csv_division_id_11587
2024,president,,Spartanburg - Converse Fire Station,Spartanburg - Converse Fire Station,1.0000,approved,high,manual_spartanburg_source_review; csv_division_id_11551
2024,president,,Spartanburg - Cowpens,Spartanburg - Cowpens Depot Museum,1.0000,approved,medium,generated_from_legacy_split_mapping
2024,president,,Spartanburg - Cowpens,Spartanburg - Cowpens Fire Station,1.0000,approved,medium,generated_from_legacy_split_mapping
2024,president,,Spartanburg - Drayton,Spartanburg - Dayton Fire Station,1.0000,approved,medium,generated_from_legacy_alias_mapping
2024,president,,Spartanburg - Startex Fire Station,Spartanburg - Dayton Fire Station,1.0000,approved,medium,generated_from_legacy_alias_mapping; source_key_manual_next30_applied
2024,president,,Spartanburg - Enoree First Baptist,Spartanburg - Enoree First Baptist,1.0000,approved,medium,generated_from_legacy_alias_mapping; source_key_autofix_likely_safe
2024,president,,Spartanburg - Enoree River,Spartanburg - Woodruff Fire Station,1.0000,approved,medium,generated_from_legacy_alias_mapping
2024,president,,Spartanburg - Airport,Spartanburg - Fairforest Elementary,1.0000,approved,medium,generated_from_legacy_alias_mapping; source_key_autofix_manual_medium
2024,president,,Spartanburg - Mt. Moriah Baptist,Spartanburg - D. R. Hill Middle School,1.0000,approved,medium,generated_from_legacy_alias_mapping; source_key_manual_next30b_applied
2024,president,,Spartanburg - Apalache Baptist,Spartanburg - Duncan United Methodist,1.0000,approved,medium,generated_from_legacy_alias_mapping; source_key_autofix_manual_medium
2024,president,,Spartanburg - Rainbow,Spartanburg - Gramling Methodist,1.0000,approved,medium,generated_from_legacy_alias_mapping; source_key_manual_next30_applied
2024,president,,Spartanburg - Hanging Rock,Spartanburg - Boiling Springs Intermediate,1.0000,approved,medium,generated_from_legacy_alias_mapping
2024,president,,Spartanburg - Hayne,Spartanburg - Hayne Baptist,1.0000,approved,medium,generated_from_legacy_alias_mapping
2024,president,,Spartanburg - Hearon Circle,Spartanburg - Bethany Baptist,1.0000,approved,medium,generated_from_legacy_alias_mapping
2024,president,,Spartanburg - Holly Springs Motlow,Spartanburg - Holly Springs Baptist,1.0000,approved,medium,generated_from_legacy_alias_mapping; source_key_autofix_manual_medium
2024,president,,Spartanburg - Inman,Spartanburg - Chapman High School,1.0000,approved,medium,generated_from_legacy_alias_mapping
2024,president,,Spartanburg - Anderson Mill Baptist,Spartanburg - Anderson Mill Baptist,1.0000,approved,medium,generated_from_legacy_alias_mapping; source_key_manual_final27_guarded
2024,president,,Spartanburg - Lake Cooley,Spartanburg - Fairforest Elementary,1.0000,approved,medium,generated_from_legacy_alias_mapping
2024,president,,Spartanburg - Landrum,Spartanburg - Landrum High School,1.0000,approved,medium,generated_from_legacy_alias_mapping
2024,president,,Spartanburg - Lyman,Spartanburg - Lyman Town Hall,1.0000,approved,medium,generated_from_legacy_alias_mapping
2024,president,,Spartanburg - Mccracken Middle School,Spartanburg - Spartanburg High School,1.0000,approved,medium,generated_from_legacy_alias_mapping
2024,president,,Spartanburg - Middle Tyger,Spartanburg - River Ridge Elementary,1.0000,approved,medium,generated_from_legacy_alias_mapping
2024,president,,Spartanburg - Moore Duncan,Spartanburg - Bethany Wesleyan,1.0000,approved,medium,generated_from_legacy_alias_mapping
2024,president,,Spartanburg - Morningside Baptist,Spartanburg - Carlisle Wesleyan,1.0000,approved,medium,generated_from_legacy_alias_mapping; source_key_autofix_manual_hard_tight
2024,president,,Spartanburg - Mt. Moriah Baptist,Spartanburg - Mt. Moriah Baptist,1.0000,approved,medium,generated_from_legacy_alias_mapping; source_key_autofix_manual_hard_tight
2024,president,,Spartanburg - New Prospect,Spartanburg - Swofford Career Center,1.0000,approved,medium,generated_from_legacy_alias_mapping
2024,president,,Spartanburg - Poplar Springs Fire Station,Spartanburg - Fairforest Elementary,1.0000,approved,medium,generated_from_legacy_alias_mapping; source_key_manual_next30_applied
2024,president,,Spartanburg - Old Bridge,Spartanburg - Ebenezer Baptist,1.0000,approved,medium,generated_from_legacy_alias_mapping
2024,president,,Spartanburg - Fairgrounds,Spartanburg - Cleveland Elementary,1.0000,approved,high,official_2023_spartanburg_rename_fairgrounds_to_cleveland_elementary; effective_2023-07-01; csv_division_id_11588
2024,president,,Spartanburg - Oakland Elementary,Spartanburg - Oakland Elementary,1.0000,approved,high,vtd10_to_vtd20_overlap_identity; rejects prior Oakland-to-Cleveland fuzzy alias
2024,president,,Spartanburg - Palmetto,Spartanburg - Pacolet Elementary,1.0000,approved,medium,generated_from_legacy_alias_mapping; source_key_manual_next30b_applied
2024,president,,Spartanburg - Palmetto,Spartanburg - Cowpens Depot Museum,1.0000,approved,medium,generated_from_legacy_alias_mapping
2024,president,,Spartanburg - Anderson Mill Elementary,Spartanburg - Park Hills Elementary,1.0000,approved,medium,generated_from_legacy_alias_mapping; source_key_manual_next30b_applied
2024,president,,Spartanburg - Peach Blossom,Spartanburg - Chapman Elementary,1.0000,approved,medium,generated_from_legacy_alias_mapping
2024,president,,Spartanburg - River Ridge Elementary,Spartanburg - River Ridge Elementary,1.0000,approved,medium,generated_from_legacy_alias_mapping; source_key_manual_last18_applied
2024,president,,Spartanburg - Poplar Springs Fire Station,Spartanburg - Poplar Springs Fire Station,1.0000,approved,medium,generated_from_legacy_alias_mapping; source_key_autofix_manual_hard_county_guard
2024,president,,Spartanburg - Powell Saxon Una,Spartanburg - Powell Saxon Una,1.0000,approved,medium,generated_from_legacy_alias_mapping; source_key_manual_next30_applied
2024,president,,Spartanburg - Rainbow,Spartanburg - Lake Bowen Baptist,1.0000,approved,medium,generated_from_legacy_alias_mapping
2024,president,,Spartanburg - Cornerstone Baptist,Spartanburg - Apalache Baptist,1.0000,approved,medium,generated_from_legacy_alias_mapping; source_key_manual_final27_guarded
2024,president,,Spartanburg - Reidville Elementary,Spartanburg - Reidville Elementary,1.0000,approved,medium,generated_from_legacy_alias_mapping; source_key_manual_next30_applied
2024,president,,Spartanburg - Roebuck Elementary,Spartanburg - Roebuck Elementary,1.0000,approved,medium,generated_from_legacy_alias_mapping; source_key_manual_next30_applied
2024,president,,Spartanburg - Roebuck Bethlehem,Spartanburg - Roebuck Bethlehem,1.0000,approved,medium,generated_from_legacy_alias_mapping; source_key_autofix_manual_hard_tight
2024,president,,Spartanburg - Shoally,Spartanburg - Boiling Springs 9Th Grade,1.0000,approved,medium,generated_from_legacy_split_mapping
2024,president,,Spartanburg - Shoally,Spartanburg - Whitlock Jr. High,1.0000,approved,medium,generated_from_legacy_split_mapping
2024,president,,Spartanburg - Silverhill Memorial Umc,Spartanburg - Park Hills Elementary,1.0000,approved,medium,generated_from_legacy_alias_mapping
2024,president,,Spartanburg - Victor Mill Methodist,Spartanburg - Victor Mill Methodist,1.0000,approved,medium,generated_from_legacy_alias_mapping; source_key_manual_next30_applied
2024,president,,Spartanburg - Landrum United Methodist,Spartanburg - Duncan United Methodist,1.0000,approved,medium,generated_from_legacy_alias_mapping; source_key_autofix_manual_hard_county_guard
2024,president,,Spartanburg - Southport,Spartanburg - White Stone Methodist,1.0000,approved,medium,generated_from_legacy_alias_mapping
2024,president,,Spartanburg - Eastside Baptist,Spartanburg - Southside Baptist,1.0000,approved,medium,generated_from_legacy_split_mapping; source_key_autofix_likely_safe
2024,president,,Spartanburg - Spartangreen,Spartanburg - Travelers Rest Baptist,1.0000,approved,medium,generated_from_legacy_alias_mapping
2024,president,,Spartanburg - C.C. Woodson Recreation,Spartanburg - Pacolet Elementary,1.0000,approved,medium,generated_from_legacy_alias_mapping; source_key_manual_final27_guarded
2024,president,,Spartanburg - Trinity Methodist Church,Spartanburg - Westview Elementary,1.0000,approved,high,manual_spartanburg_source_review; csv_division_id_11581
2024,president,,Spartanburg - Tyger River,Spartanburg - Reidville Fire Station,1.0000,approved,medium,generated_from_legacy_alias_mapping
2024,president,,Spartanburg - Pelham Fire Station,Spartanburg - Powell Saxon Una,1.0000,approved,medium,generated_from_legacy_alias_mapping; source_key_autofix_manual_medium
2024,president,,Spartanburg - Valley Falls,Spartanburg - Boiling Springs Elementary,1.0000,approved,medium,generated_from_legacy_alias_mapping
2024,president,,Spartanburg - Wade Hampton,Spartanburg - Cedar Grove Baptist,1.0000,approved,medium,generated_from_legacy_alias_mapping
2024,president,,Spartanburg - West View Elementary,Spartanburg - West View Elementary,1.0000,approved,medium,generated_from_legacy_alias_mapping; source_key_autofix_manual_hard_county_guard
2024,president,,Spartanburg - Eastside Baptist,Spartanburg - Holy Communion,1.0000,approved,medium,generated_from_legacy_alias_mapping; source_key_autofix_likely_safe
2024,president,,Spartanburg - Whitlock Jr. High,Spartanburg - Whitlock Jr. High,1.0000,approved,medium,generated_from_legacy_alias_mapping; source_key_autofix_likely_safe
2024,president,,Spartanburg - Willow Creek,Spartanburg - Reidville Elementary,1.0000,approved,medium,generated_from_legacy_alias_mapping
2024,president,,Spartanburg - Cudd Memorial,Spartanburg - Woodruff Elementary,1.0000,approved,medium,generated_from_legacy_alias_mapping; source_key_manual_last18_applied
2024,president,,Spartanburg - Wellford Fire Station,Spartanburg - Woodruff Leisure Center,1.0000,approved,medium,generated_from_legacy_alias_mapping; source_key_manual_final27_guarded
2024,president,,Spartanburg - Drayton,Spartanburg - Woodruff Elementary,1.0000,approved,medium,generated_from_legacy_alias_mapping; source_key_manual_last18_applied
2024,president,,Sumter - Second Mill,Sumter - Second Mill,1.0000,approved,medium,generated_from_legacy_alias_mapping; source_key_autofix_manual_medium
2024,president,,Sumter - Bunrs-Downs,Sumter - Bunrs-Downs,1.0000,approved,medium,generated_from_legacy_alias_mapping; source_key_autofix_likely_safe
2024,president,,Sumter - Causeway Branch 1,Sumter - Causeway Branch 1,1.0000,approved,medium,generated_from_legacy_alias_mapping; source_key_autofix_likely_safe
2024,president,,Sumter - Dalzell 1,Sumter - Dalzell 1,1.0000,approved,medium,generated_from_legacy_alias_mapping; source_key_autofix_likely_safe
2024,president,,Sumter - Ebenezer 1,Sumter - Ebenezer 1,1.0000,approved,medium,generated_from_legacy_alias_mapping; source_key_autofix_likely_safe
2024,president,,Sumter - Ebenezer 2,Sumter - Ebenezer 2,1.0000,approved,medium,generated_from_legacy_alias_mapping; source_key_autofix_likely_safe
2024,president,,Sumter - Rembert,Sumter - Ebenezer 2,1.0000,approved,medium,generated_from_legacy_alias_mapping; source_key_manual_last18_applied
2024,president,,Sumter - Green Swamp 2,Sumter - Green Swamp,1.0000,approved,medium,generated_from_legacy_alias_mapping; source_key_autofix_likely_safe
2024,president,,Sumter - Oakland Plantation 1,Sumter - Oakland Plantation 1,1.0000,approved,medium,generated_from_legacy_alias_mapping; source_key_autofix_manual_medium
2024,president,,Sumter - Oakland Plantation 2,Sumter - Oakland Plantation 2,1.0000,approved,medium,generated_from_legacy_alias_mapping; source_key_autofix_manual_medium
2024,president,,Sumter - St.John,Sumter - Saint John,1.0000,approved,medium,generated_from_legacy_alias_mapping; source_key_autofix_likely_safe
2024,president,,Sumter - St. Paul,Sumter - Saint Paul,1.0000,approved,medium,generated_from_legacy_alias_mapping
2024,president,,Union - Buffalo Box 1,Union - Buffalo Box 1,1.0000,approved,medium,generated_from_legacy_split_mapping
2024,president,,Union - Buffalo Box 1,Union - East Buffalo,1.0000,approved,medium,generated_from_legacy_split_mapping
2024,president,,Union - Monarch,Union - Monarch Box 1,1.0000,approved,medium,generated_from_legacy_split_mapping
2024,president,,Union - Monarch,Union - Monarch Box 2,1.0000,approved,medium,generated_from_legacy_split_mapping
2024,president,,Union - Putnam,Union - Putnam,1.0000,approved,medium,generated_from_legacy_alias_mapping; source_key_autofix_manual_hard_tight
2024,president,,Union - Union Ward 1 Box 1,Union - Union Ward 1 Box 1,1.0000,approved,medium,generated_from_legacy_alias_mapping; source_key_autofix_manual_medium
2024,president,,Union - Union Ward 1 Box 2,Union - Union Ward 1 Box 2,1.0000,approved,medium,generated_from_legacy_alias_mapping; source_key_autofix_manual_medium
2024,president,,Union - Union Ward 4 Box 1,Union - Union Ward 4 Box 1,1.0000,approved,medium,generated_from_legacy_alias_mapping; source_key_autofix_manual_medium
2024,president,,Union - Union Ward 4 Box 2,Union - Union Ward 4 Box 2,1.0000,approved,medium,generated_from_legacy_alias_mapping; source_key_autofix_manual_medium
2024,president,,Williamsburg - Henry-Poplar Hill,Williamsburg - Henry-Poplar Hill,1.0000,approved,medium,generated_from_legacy_alias_mapping; source_key_autofix_likely_safe
2024,president,,Williamsburg - Kingstree No.1,Williamsburg - Kingstree No. 1,1.0000,approved,medium,generated_from_legacy_alias_mapping
2024,president,,Williamsburg - Kingstree No.2,Williamsburg - Kingstree No. 2,1.0000,approved,medium,generated_from_legacy_alias_mapping
2024,president,,Williamsburg - Kingstree No.3,Williamsburg - Kingstree No. 3,1.0000,approved,medium,generated_from_legacy_alias_mapping
2024,president,,Williamsburg - Kingstree No.4,Williamsburg - Kingstree No. 4,1.0000,approved,medium,generated_from_legacy_alias_mapping
2024,president,,York - Allison Creek,York - Allison Creek,1.0000,approved,medium,generated_from_legacy_split_mapping
2024,president,,York - Allison Creek,York - Hands Mill,1.0000,approved,medium,generated_from_legacy_split_mapping
2024,president,,York - Bethel School,York - Bethel,1.0000,approved,medium,generated_from_legacy_split_mapping
2024,president,,York - Bethel School,York - Bethel School,1.0000,approved,medium,generated_from_legacy_split_mapping
2024,president,,York - York No. 1,York - Bethel School,1.0000,approved,medium,generated_from_legacy_split_mapping; source_key_manual_top30_applied
2024,president,,York - York No. 1,York - Clover,1.0000,approved,medium,generated_from_legacy_split_mapping; source_key_manual_top30_applied
2024,president,,York - York No. 1,York - Larne,1.0000,approved,medium,generated_from_legacy_split_mapping; source_key_manual_top30_applied
2024,president,,York - York No. 1,York - Roosevelt,1.0000,approved,medium,generated_from_legacy_split_mapping; source_key_manual_top30_applied
2024,president,,York - York No. 2,York - Clover,1.0000,approved,medium,generated_from_legacy_split_mapping; source_key_manual_top30_applied
2024,president,,York - York No. 2,York - Hampton Mill,1.0000,approved,medium,generated_from_legacy_split_mapping; source_key_manual_top30_applied
2024,president,,York - York No. 2,York - Roosevelt,1.0000,approved,medium,generated_from_legacy_split_mapping; source_key_manual_top30_applied
2024,president,,York - Field Day,York - Bethel School,1.0000,approved,medium,generated_from_legacy_alias_mapping
2024,president,,York - Fort Mill No. 1,York - Fort Mill No. 1,1.0000,approved,medium,generated_from_legacy_alias_mapping; source_key_autofix_likely_safe
2024,president,,York - Fort Mill No. 2,York - Fort Mill No. 2,1.0000,approved,medium,generated_from_legacy_alias_mapping; source_key_autofix_likely_safe
2024,president,,York - Fort Mill No. 3,York - Fort Mill No. 3,1.0000,approved,medium,generated_from_legacy_alias_mapping; source_key_autofix_likely_safe
2024,president,,York - Gold Hill,Lancaster - Gold Hill,1.0000,approved,medium,generated_from_legacy_split_mapping
2024,president,,York - Gold Hill,York - Gold Hill,1.0000,approved,medium,generated_from_legacy_split_mapping
2024,president,,York - Hopewell,York - Friendship,1.0000,approved,medium,generated_from_legacy_split_mapping
2024,president,,York - Hopewell,York - Hopewell,1.0000,approved,medium,generated_from_legacy_split_mapping
2024,president,,York - Mountain View,York - Bethel School,1.0000,approved,medium,generated_from_legacy_alias_mapping
2024,president,,York - Oakridge,York - Oakridge,1.0000,approved,medium,generated_from_legacy_alias_mapping; source_key_autofix_likely_safe
2024,president,,York - Oakwood,York - Edgewood,1.0000,approved,medium,generated_from_legacy_split_mapping
2024,president,,York - Oakwood,York - Oakwood,1.0000,approved,medium,generated_from_legacy_split_mapping
2024,president,,York - Palmetto,York - Crescent,1.0000,approved,medium,generated_from_legacy_split_mapping
2024,president,,York - Palmetto,York - Palmetto,1.0000,approved,medium,generated_from_legacy_split_mapping
2024,president,,York - Rock Hill No. 3,York - Rock Hill No. 3,1.0000,approved,medium,generated_from_legacy_alias_mapping; source_key_autofix_likely_safe
2024,president,,York - Six Mile,York - Mill Creek,1.0000,approved,medium,generated_from_legacy_split_mapping
2024,president,,York - Six Mile,York - Six Mile,1.0000,approved,medium,generated_from_legacy_split_mapping
2024,president,,York - Springfield,York - Springdale,1.0000,approved,medium,generated_from_legacy_split_mapping
2024,president,,York - Springfield,York - Springfield,1.0000,approved,medium,generated_from_legacy_split_mapping
2008,president,,Abbeville - Abbeville No. 1,Abbeville - Abbeville No. 1,1.0000,approved,high,autogen_identity_from_results_and_contest_slice
2008,president,,Abbeville - Abbeville No. 2,Abbeville - Abbeville No. 2,1.0000,approved,high,autogen_identity_from_results_and_contest_slice
2008,president,,Abbeville - Abbeville No. 3,Abbeville - Abbeville No. 3,1.0000,approved,high,autogen_identity_from_results_and_contest_slice
2008,president,,Abbeville - Abbeville No. 4,Abbeville - Abbeville No. 4,1.0000,approved,high,autogen_identity_from_results_and_contest_slice
2008,president,,Abbeville - Antreville,Abbeville - Antreville,1.0000,approved,high,autogen_identity_from_results_and_contest_slice
2008,president,,Abbeville - Broadmouth,Abbeville - Broadmouth,1.0000,approved,high,autogen_identity_from_results_and_contest_slice
2008,president,,Abbeville - Calhoun Falls,Abbeville - Calhoun Falls,1.0000,approved,high,autogen_identity_from_results_and_contest_slice
2008,president,,Abbeville - Cold Springs,Abbeville - Cold Springs,1.0000,approved,high,autogen_identity_from_results_and_contest_slice
2008,president,,Abbeville - Donalds,Abbeville - Donalds,1.0000,approved,high,autogen_identity_from_results_and_contest_slice
2008,president,,Abbeville - Due West,Abbeville - Due West,1.0000,approved,high,autogen_identity_from_results_and_contest_slice
2008,president,,Abbeville - Emergency,Abbeville - Emergency,1.0000,approved,high,autogen_identity_from_results_and_contest_slice
2008,president,,Abbeville - Halls Store,Abbeville - Halls Store,1.0000,approved,high,autogen_identity_from_results_and_contest_slice
2008,president,,Abbeville - Keowee,Abbeville - Keowee,1.0000,approved,high,autogen_identity_from_results_and_contest_slice
2008,president,,Abbeville - Lebanon,Abbeville - Lebanon,1.0000,approved,high,autogen_identity_from_results_and_contest_slice
2008,president,,Abbeville - Lowndesville,Abbeville - Lowndesville,1.0000,approved,high,autogen_identity_from_results_and_contest_slice
2008,president,,Aiken - Aiken No. 1,Aiken - Aiken No. 1,1.0000,approved,high,autogen_identity_from_results_and_contest_slice
2008,president,,Aiken - Aiken No. 2,Aiken - Aiken No. 2,1.0000,approved,high,autogen_identity_from_results_and_contest_slice
2008,president,,Aiken - Aiken No. 3,Aiken - Aiken No. 3,1.0000,approved,high,autogen_identity_from_results_and_contest_slice
2008,president,,Aiken - Aiken No. 4,Aiken - Aiken No. 4,1.0000,approved,high,autogen_identity_from_results_and_contest_slice
2008,president,,Aiken - Aiken No. 47,Aiken - Aiken No. 47,1.0000,approved,high,autogen_identity_from_results_and_contest_slice
2008,president,,Aiken - Aiken No. 5,Aiken - Aiken No. 5,1.0000,approved,high,autogen_identity_from_results_and_contest_slice
2008,president,,Aiken - Aiken No. 6,Aiken - Aiken No. 6,1.0000,approved,high,autogen_identity_from_results_and_contest_slice
2008,president,,Aiken - Bath No. 7,Aiken - Bath No. 7,1.0000,approved,high,autogen_identity_from_results_and_contest_slice
2008,president,,Aiken - Belvedere No. 62,Aiken - Belvedere No. 62,1.0000,approved,high,autogen_identity_from_results_and_contest_slice
2008,president,,Aiken - Belvedere No. 9,Aiken - Belvedere No. 9,1.0000,approved,high,autogen_identity_from_results_and_contest_slice
2008,president,,Aiken - Breezy Hill 50,Aiken - Breezy Hill 50,1.0000,approved,high,autogen_identity_from_results_and_contest_slice
2008,president,,Aiken - Cedar Creek No. 64,Aiken - Cedar Creek No. 64,1.0000,approved,high,autogen_identity_from_results_and_contest_slice
2008,president,,Aiken - Fox Creek No. 58,Aiken - Fox Creek No. 58,1.0000,approved,high,autogen_identity_from_results_and_contest_slice
2008,president,,Aiken - Fox Creek No. 73,Aiken - Fox Creek No. 73,1.0000,approved,high,autogen_identity_from_results_and_contest_slice
2008,president,,Aiken - Gem Lakes No. 60,Aiken - Gem Lakes No. 60,1.0000,approved,high,autogen_identity_from_results_and_contest_slice
2008,president,,Aiken - Hammond No. 48,Aiken - Hammond No. 48,1.0000,approved,high,autogen_identity_from_results_and_contest_slice
2008,president,,Aiken - Hitchcock No. 66,Aiken - Hitchcock No. 66,1.0000,approved,high,autogen_identity_from_results_and_contest_slice
2008,president,,Aiken - Levels No. 52,Aiken - Levels No. 52,1.0000,approved,high,autogen_identity_from_results_and_contest_slice
2008,president,,Aiken - Levels No. 72,Aiken - Levels No. 72,1.0000,approved,high,autogen_identity_from_results_and_contest_slice
2008,president,,Aiken - Sandstone No. 70,Aiken - Sandstone No. 70,1.0000,approved,high,autogen_identity_from_results_and_contest_slice
2008,president,,Aiken - Windsor No. 43,Aiken - Windsor No. 43,1.0000,approved,high,autogen_identity_from_results_and_contest_slice
2008,president,,Fairfield - Blackstock,Fairfield - Blackstock,1.0000,approved,high,autogen_identity_from_results_and_contest_slice
2008,president,,Fairfield - Blairs,Fairfield - Blairs,1.0000,approved,high,autogen_identity_from_results_and_contest_slice
2008,president,,Fairfield - Centerville,Fairfield - Centerville,1.0000,approved,high,autogen_identity_from_results_and_contest_slice
2008,president,,Fairfield - Dutchmans Creek,Fairfield - Dutchmans Creek,1.0000,approved,high,autogen_identity_from_results_and_contest_slice
2008,president,,Fairfield - Feasterville,Fairfield - Feasterville,1.0000,approved,high,autogen_identity_from_results_and_contest_slice
2008,president,,Fairfield - Greenbrier,Fairfield - Greenbrier,1.0000,approved,high,autogen_identity_from_results_and_contest_slice
2008,president,,Fairfield - Hickory Ridge,Fairfield - Hickory Ridge,1.0000,approved,high,autogen_identity_from_results_and_contest_slice
2008,president,,Fairfield - Horeb-Glenn,Fairfield - Horeb-Glenn,1.0000,approved,high,autogen_identity_from_results_and_contest_slice
2008,president,,Fairfield - Lebanon,Fairfield - Lebanon,1.0000,approved,high,autogen_identity_from_results_and_contest_slice
2008,president,,Fairfield - Mitford,Fairfield - Mitford,1.0000,approved,high,autogen_identity_from_results_and_contest_slice
2008,president,,Fairfield - Monticello,Fairfield - Monticello,1.0000,approved,high,autogen_identity_from_results_and_contest_slice
2008,president,,Fairfield - New Hope,Fairfield - New Hope,1.0000,approved,high,autogen_identity_from_results_and_contest_slice
2008,president,,Fairfield - Ridgeway,Fairfield - Ridgeway,1.0000,approved,high,autogen_identity_from_results_and_contest_slice
2008,president,,Fairfield - Simpson,Fairfield - Simpson,1.0000,approved,high,autogen_identity_from_results_and_contest_slice
2008,president,,Fairfield - South Winnsboro,Fairfield - South Winnsboro,1.0000,approved,high,autogen_identity_from_results_and_contest_slice
2008,president,,Fairfield - White Oak,Fairfield - White Oak,1.0000,approved,high,autogen_identity_from_results_and_contest_slice
2008,president,,Fairfield - Winnsboro Mills,Fairfield - Winnsboro Mills,1.0000,approved,high,autogen_identity_from_results_and_contest_slice
2008,president,,Fairfield - Woodward,Fairfield - Woodward,1.0000,approved,high,autogen_identity_from_results_and_contest_slice
2008,president,,Florence - Back Swamp,Florence - Back Swamp,1.0000,approved,high,autogen_identity_from_results_and_contest_slice
2008,president,,Florence - Brookgreen,Florence - Brookgreen,1.0000,approved,high,autogen_identity_from_results_and_contest_slice
2008,president,,Florence - Cartersville,Florence - Cartersville,1.0000,approved,high,autogen_identity_from_results_and_contest_slice
2008,president,,Florence - Claussen,Florence - Claussen,1.0000,approved,high,autogen_identity_from_results_and_contest_slice
2008,president,,Florence - Delmae No. 1,Florence - Delmae No. 1,1.0000,approved,high,autogen_identity_from_results_and_contest_slice
2008,president,,Florence - Delmae No. 2,Florence - Delmae No. 2,1.0000,approved,high,autogen_identity_from_results_and_contest_slice
2008,president,,Florence - Ebenezer No. 1,Florence - Ebenezer No. 1,1.0000,approved,high,autogen_identity_from_results_and_contest_slice
2008,president,,Florence - Ebenezer No. 2,Florence - Ebenezer No. 2,1.0000,approved,high,autogen_identity_from_results_and_contest_slice
2008,president,,Florence - Ebenezer No. 3,Florence - Ebenezer No. 3,1.0000,approved,high,autogen_identity_from_results_and_contest_slice
2008,president,,Florence - Effingham,Florence - Effingham,1.0000,approved,high,autogen_identity_from_results_and_contest_slice
2008,president,,Florence - Elim-Glenwood,Florence - Elim-Glenwood,1.0000,approved,high,autogen_identity_from_results_and_contest_slice
2008,president,,Florence - Evergreen,Florence - Evergreen,1.0000,approved,high,autogen_identity_from_results_and_contest_slice
2008,president,,Florence - Florence Ward 1,Florence - Florence Ward 1,1.0000,approved,high,autogen_identity_from_results_and_contest_slice
2008,president,,Florence - Florence Ward 10,Florence - Florence Ward 10,1.0000,approved,high,autogen_identity_from_results_and_contest_slice
2008,president,,Florence - Florence Ward 11,Florence - Florence Ward 11,1.0000,approved,high,autogen_identity_from_results_and_contest_slice
2008,president,,Florence - Florence Ward 12,Florence - Florence Ward 12,1.0000,approved,high,autogen_identity_from_results_and_contest_slice
2008,president,,Florence - Florence Ward 14,Florence - Florence Ward 14,1.0000,approved,high,autogen_identity_from_results_and_contest_slice
2008,president,,Florence - Florence Ward 15,Florence - Florence Ward 15,1.0000,approved,high,autogen_identity_from_results_and_contest_slice
2008,president,,Florence - Florence Ward 2,Florence - Florence Ward 2,1.0000,approved,high,autogen_identity_from_results_and_contest_slice
2008,president,,Florence - Florence Ward 3,Florence - Florence Ward 3,1.0000,approved,high,autogen_identity_from_results_and_contest_slice
2008,president,,Florence - Florence Ward 4,Florence - Florence Ward 4,1.0000,approved,high,autogen_identity_from_results_and_contest_slice
2008,president,,Florence - Florence Ward 5,Florence - Florence Ward 5,1.0000,approved,high,autogen_identity_from_results_and_contest_slice
2008,president,,Florence - Florence Ward 6,Florence - Florence Ward 6,1.0000,approved,high,autogen_identity_from_results_and_contest_slice
2008,president,,Florence - Florence Ward 7,Florence - Florence Ward 7,1.0000,approved,high,autogen_identity_from_results_and_contest_slice
2008,president,,Florence - Florence Ward 8,Florence - Florence Ward 8,1.0000,approved,high,autogen_identity_from_results_and_contest_slice
2008,president,,Florence - Florence Ward 9,Florence - Florence Ward 9,1.0000,approved,high,autogen_identity_from_results_and_contest_slice
2008,president,,Florence - Friendfield,Florence - Friendfield,1.0000,approved,high,autogen_identity_from_results_and_contest_slice
2008,president,,Florence - Gilbert,Florence - Gilbert,1.0000,approved,high,autogen_identity_from_results_and_contest_slice
2008,president,,Florence - Greenwood,Florence - Greenwood,1.0000,approved,high,autogen_identity_from_results_and_contest_slice
2008,president,,Florence - Hannah,Florence - Hannah,1.0000,approved,high,autogen_identity_from_results_and_contest_slice
2008,president,,Florence - High Hill,Florence - High Hill,1.0000,approved,high,autogen_identity_from_results_and_contest_slice
2008,president,,Florence - Johnsonville,Florence - Johnsonville,1.0000,approved,high,autogen_identity_from_results_and_contest_slice
2008,president,,Florence - Kingsburg-Stone,Florence - Kingsburg-Stone,1.0000,approved,high,autogen_identity_from_results_and_contest_slice
2008,president,,Florence - Lake City No. 1,Florence - Lake City No. 1,1.0000,approved,high,autogen_identity_from_results_and_contest_slice
2008,president,,Florence - Lake City No. 2,Florence - Lake City No. 2,1.0000,approved,high,autogen_identity_from_results_and_contest_slice
2008,president,,Florence - Lake City No. 3,Florence - Lake City No. 3,1.0000,approved,high,autogen_identity_from_results_and_contest_slice
2008,president,,Florence - Lake City No. 4,Florence - Lake City No. 4,1.0000,approved,high,autogen_identity_from_results_and_contest_slice
2008,president,,Florence - Leo,Florence - Leo,1.0000,approved,high,autogen_identity_from_results_and_contest_slice
2008,president,,Florence - Mars Bluff No. 1,Florence - Mars Bluff No. 1,1.0000,approved,high,autogen_identity_from_results_and_contest_slice
2008,president,,Florence - Mars Bluff No. 2,Florence - Mars Bluff No. 2,1.0000,approved,high,autogen_identity_from_results_and_contest_slice
2008,president,,Florence - Mcallister Mill,Florence - Mcallister Mill,1.0000,approved,high,autogen_identity_from_results_and_contest_slice
2008,president,,Florence - Mill Branch,Florence - Mill Branch,1.0000,approved,high,autogen_identity_from_results_and_contest_slice
2008,president,,Florence - Oak Grove-Sardis,Florence - Oak Grove-Sardis,1.0000,approved,high,autogen_identity_from_results_and_contest_slice
2008,president,,Florence - Olanta,Florence - Olanta,1.0000,approved,high,autogen_identity_from_results_and_contest_slice
2008,president,,Florence - Pamplico No. 1,Florence - Pamplico No. 1,1.0000,approved,high,autogen_identity_from_results_and_contest_slice
2008,president,,Florence - Pamplico No. 2,Florence - Pamplico No. 2,1.0000,approved,high,autogen_identity_from_results_and_contest_slice
2008,president,,Florence - Prospect,Florence - Prospect,1.0000,approved,high,autogen_identity_from_results_and_contest_slice
2008,president,,Florence - Quinby,Florence - Quinby,1.0000,approved,high,autogen_identity_from_results_and_contest_slice
2008,president,,Florence - Salem,Florence - Salem,1.0000,approved,high,autogen_identity_from_results_and_contest_slice
2008,president,,Florence - Savannah Grove,Florence - Savannah Grove,1.0000,approved,high,autogen_identity_from_results_and_contest_slice
2008,president,,Florence - Scranton,Florence - Scranton,1.0000,approved,high,autogen_identity_from_results_and_contest_slice
2008,president,,Florence - Spaulding,Florence - Spaulding,1.0000,approved,high,autogen_identity_from_results_and_contest_slice
2008,president,,Florence - Tans Bay,Florence - Tans Bay,1.0000,approved,high,autogen_identity_from_results_and_contest_slice
2008,president,,Florence - Vox,Florence - Vox,1.0000,approved,high,autogen_identity_from_results_and_contest_slice
2008,president,,Georgetown - Andrews,Georgetown - Andrews,1.0000,approved,high,autogen_identity_from_results_and_contest_slice
2008,president,,Georgetown - Andrews Outside,Georgetown - Andrews Outside,1.0000,approved,high,autogen_identity_from_results_and_contest_slice
2008,president,,Georgetown - Bethel,Georgetown - Bethel,1.0000,approved,high,autogen_identity_from_results_and_contest_slice
2008,president,,Georgetown - Black River,Georgetown - Black River,1.0000,approved,high,autogen_identity_from_results_and_contest_slice
2008,president,,Georgetown - Browns Ferry,Georgetown - Browns Ferry,1.0000,approved,high,autogen_identity_from_results_and_contest_slice
2008,president,,Georgetown - Carvers Bay,Georgetown - Carvers Bay,1.0000,approved,high,autogen_identity_from_results_and_contest_slice
2008,president,,Georgetown - Choppee,Georgetown - Choppee,1.0000,approved,high,autogen_identity_from_results_and_contest_slice
2008,president,,Georgetown - Folly Grove,Georgetown - Folly Grove,1.0000,approved,high,autogen_identity_from_results_and_contest_slice
2008,president,,Georgetown - Kensington,Georgetown - Kensington,1.0000,approved,high,autogen_identity_from_results_and_contest_slice
2008,president,,Georgetown - Lambert Town,Georgetown - Lambert Town,1.0000,approved,high,autogen_identity_from_results_and_contest_slice
2008,president,,Georgetown - Myersville,Georgetown - Myersville,1.0000,approved,high,autogen_identity_from_results_and_contest_slice
2008,president,,Georgetown - Pee Dee,Georgetown - Pee Dee,1.0000,approved,high,autogen_identity_from_results_and_contest_slice
2008,president,,Georgetown - Penny Royal,Georgetown - Penny Royal,1.0000,approved,high,autogen_identity_from_results_and_contest_slice
2008,president,,Georgetown - Plantersville,Georgetown - Plantersville,1.0000,approved,high,autogen_identity_from_results_and_contest_slice
2008,president,,Georgetown - Pleasant Hill,Georgetown - Pleasant Hill,1.0000,approved,high,autogen_identity_from_results_and_contest_slice
2008,president,,Georgetown - Potato Bed Ferry,Georgetown - Potato Bed Ferry,1.0000,approved,high,autogen_identity_from_results_and_contest_slice
2008,president,,Georgetown - Sampit,Georgetown - Sampit,1.0000,approved,high,autogen_identity_from_results_and_contest_slice
2008,president,,Georgetown - Santee,Georgetown - Santee,1.0000,approved,high,autogen_identity_from_results_and_contest_slice
2008,president,,Georgetown - Spring Gully,Georgetown - Spring Gully,1.0000,approved,high,autogen_identity_from_results_and_contest_slice
2008,president,,Georgetown - Winyah Bay,Georgetown - Winyah Bay,1.0000,approved,high,autogen_identity_from_results_and_contest_slice
2008,president,,Greenville - Aiken,Greenville - Aiken,1.0000,approved,high,autogen_identity_from_results_and_contest_slice
2008,president,,Greenville - Altamont Forest,Greenville - Altamont Forest,1.0000,approved,high,autogen_identity_from_results_and_contest_slice
2008,president,,Greenville - Asheton Lakes,Greenville - Asheton Lakes,1.0000,approved,high,autogen_identity_from_results_and_contest_slice
2008,president,,Greenville - Avon,Greenville - Avon,1.0000,approved,high,autogen_identity_from_results_and_contest_slice
2008,president,,Greenville - Belle Meade,Greenville - Belle Meade,1.0000,approved,high,autogen_identity_from_results_and_contest_slice
2008,president,,Greenville - Bells Crossing,Greenville - Bells Crossing,1.0000,approved,high,autogen_identity_from_results_and_contest_slice
2008,president,,Greenville - Belmont,Greenville - Belmont,1.0000,approved,high,autogen_identity_from_results_and_contest_slice
2008,president,,Greenville - Berea,Greenville - Berea,1.0000,approved,high,autogen_identity_from_results_and_contest_slice
2008,president,,Greenville - Boiling Springs,Greenville - Boiling Springs,1.0000,approved,high,autogen_identity_from_results_and_contest_slice
2008,president,,Greenville - Botany Woods,Greenville - Botany Woods,1.0000,approved,high,autogen_identity_from_results_and_contest_slice
2008,president,,Greenville - Canebrake,Greenville - Canebrake,1.0000,approved,high,autogen_identity_from_results_and_contest_slice
2008,president,,Greenville - Carolina,Greenville - Carolina,1.0000,approved,high,autogen_identity_from_results_and_contest_slice
2008,president,,Greenville - Chestnut Hills,Greenville - Chestnut Hills,1.0000,approved,high,autogen_identity_from_results_and_contest_slice
2008,president,,Greenville - Circle Creek,Greenville - Circle Creek,1.0000,approved,high,autogen_identity_from_results_and_contest_slice
2008,president,,Greenville - Clear Creek,Greenville - Clear Creek,1.0000,approved,high,autogen_identity_from_results_and_contest_slice
2008,president,,Greenville - Conestee,Greenville - Conestee,1.0000,approved,high,autogen_identity_from_results_and_contest_slice
2008,president,,Greenville - Darby Ridge,Greenville - Darby Ridge,1.0000,approved,high,autogen_identity_from_results_and_contest_slice
2008,president,,Greenville - Del Norte,Greenville - Del Norte,1.0000,approved,high,autogen_identity_from_results_and_contest_slice
2008,president,,Greenville - Devenger,Greenville - Devenger,1.0000,approved,high,autogen_identity_from_results_and_contest_slice
2008,president,,Greenville - Donaldson,Greenville - Donaldson,1.0000,approved,high,autogen_identity_from_results_and_contest_slice
2008,president,,Greenville - Dove Tree,Greenville - Dove Tree,1.0000,approved,high,autogen_identity_from_results_and_contest_slice
2008,president,,Greenville - Dunklin,Greenville - Dunklin,1.0000,approved,high,autogen_identity_from_results_and_contest_slice
2008,president,,Greenville - Eastside,Greenville - Eastside,1.0000,approved,high,autogen_identity_from_results_and_contest_slice
2008,president,,Greenville - Ebenezer,Greenville - Ebenezer,1.0000,approved,high,autogen_identity_from_results_and_contest_slice
2008,president,,Greenville - Edwards Forest,Greenville - Edwards Forest,1.0000,approved,high,autogen_identity_from_results_and_contest_slice
2008,president,,Greenville - Enoree,Greenville - Enoree,1.0000,approved,high,autogen_identity_from_results_and_contest_slice
2008,president,,Greenville - Feaster,Greenville - Feaster,1.0000,approved,high,autogen_identity_from_results_and_contest_slice
2008,president,,Greenville - Fork Shoals,Greenville - Fork Shoals,1.0000,approved,high,autogen_identity_from_results_and_contest_slice
2008,president,,Greenville - Fountain Inn 1,Greenville - Fountain Inn 1,1.0000,approved,high,autogen_identity_from_results_and_contest_slice
2008,president,,Greenville - Fountain Inn 2,Greenville - Fountain Inn 2,1.0000,approved,high,autogen_identity_from_results_and_contest_slice
2008,president,,Greenville - Frohawk,Greenville - Frohawk,1.0000,approved,high,autogen_identity_from_results_and_contest_slice
2008,president,,Greenville - Furman,Greenville - Furman,1.0000,approved,high,autogen_identity_from_results_and_contest_slice
2008,president,,Greenville - Gowensville,Greenville - Gowensville,1.0000,approved,high,autogen_identity_from_results_and_contest_slice
2008,president,,Greenville - Greenbriar,Greenville - Greenbriar,1.0000,approved,high,autogen_identity_from_results_and_contest_slice
2008,president,,Greenville - Greenville 10,Greenville - Greenville 10,1.0000,approved,high,autogen_identity_from_results_and_contest_slice
2008,president,,Greenville - Greenville 14,Greenville - Greenville 14,1.0000,approved,high,autogen_identity_from_results_and_contest_slice
2008,president,,Greenville - Greenville 16,Greenville - Greenville 16,1.0000,approved,high,autogen_identity_from_results_and_contest_slice
2008,president,,Greenville - Greenville 17,Greenville - Greenville 17,1.0000,approved,high,autogen_identity_from_results_and_contest_slice
2008,president,,Greenville - Greenville 18,Greenville - Greenville 18,1.0000,approved,high,autogen_identity_from_results_and_contest_slice
2008,president,,Greenville - Greenville 19,Greenville - Greenville 19,1.0000,approved,high,autogen_identity_from_results_and_contest_slice
2008,president,,Greenville - Greenville 20,Greenville - Greenville 20,1.0000,approved,high,autogen_identity_from_results_and_contest_slice
2008,president,,Greenville - Greenville 21,Greenville - Greenville 21,1.0000,approved,high,autogen_identity_from_results_and_contest_slice
2008,president,,Greenville - Greenville 22,Greenville - Greenville 22,1.0000,approved,high,autogen_identity_from_results_and_contest_slice
2008,president,,Greenville - Greenville 23,Greenville - Greenville 23,1.0000,approved,high,autogen_identity_from_results_and_contest_slice
2008,president,,Greenville - Greenville 24,Greenville - Greenville 24,1.0000,approved,high,autogen_identity_from_results_and_contest_slice
2008,president,,Greenville - Greenville 25,Greenville - Greenville 25,1.0000,approved,high,autogen_identity_from_results_and_contest_slice
2008,president,,Greenville - Greenville 26,Greenville - Greenville 26,1.0000,approved,high,autogen_identity_from_results_and_contest_slice
2008,president,,Greenville - Greenville 27,Greenville - Greenville 27,1.0000,approved,high,autogen_identity_from_results_and_contest_slice
2008,president,,Greenville - Greenville 28,Greenville - Greenville 28,1.0000,approved,high,autogen_identity_from_results_and_contest_slice
2008,president,,Greenville - Greenville 29,Greenville - Greenville 29,1.0000,approved,high,autogen_identity_from_results_and_contest_slice
2008,president,,Greenville - Grove,Greenville - Grove,1.0000,approved,high,autogen_identity_from_results_and_contest_slice
2008,president,,Greenville - Hillcrest,Greenville - Hillcrest,1.0000,approved,high,autogen_identity_from_results_and_contest_slice
2008,president,,Greenville - Jennings Mill,Greenville - Jennings Mill,1.0000,approved,high,autogen_identity_from_results_and_contest_slice
2008,president,,Greenville - Lakeview,Greenville - Lakeview,1.0000,approved,high,autogen_identity_from_results_and_contest_slice
2008,president,,Greenville - Laurel Ridge,Greenville - Laurel Ridge,1.0000,approved,high,autogen_identity_from_results_and_contest_slice
2008,president,,Greenville - Leawood,Greenville - Leawood,1.0000,approved,high,autogen_identity_from_results_and_contest_slice
2008,president,,Greenville - Long Creek,Greenville - Long Creek,1.0000,approved,high,autogen_identity_from_results_and_contest_slice
2008,president,,Greenville - Maple Creek,Greenville - Maple Creek,1.0000,approved,high,autogen_identity_from_results_and_contest_slice
2008,president,,Greenville - Maridell,Greenville - Maridell,1.0000,approved,high,autogen_identity_from_results_and_contest_slice
2008,president,,Greenville - Mauldin 1,Greenville - Mauldin 1,1.0000,approved,high,autogen_identity_from_results_and_contest_slice
2008,president,,Greenville - Mauldin 2,Greenville - Mauldin 2,1.0000,approved,high,autogen_identity_from_results_and_contest_slice
2008,president,,Greenville - Mauldin 3,Greenville - Mauldin 3,1.0000,approved,high,autogen_identity_from_results_and_contest_slice
2008,president,,Greenville - Mauldin 4,Greenville - Mauldin 4,1.0000,approved,high,autogen_identity_from_results_and_contest_slice
2008,president,,Greenville - Mauldin 5,Greenville - Mauldin 5,1.0000,approved,high,autogen_identity_from_results_and_contest_slice
2008,president,,Greenville - Mauldin 6,Greenville - Mauldin 6,1.0000,approved,high,autogen_identity_from_results_and_contest_slice
2008,president,,Greenville - Mauldin 7,Greenville - Mauldin 7,1.0000,approved,high,autogen_identity_from_results_and_contest_slice
2008,president,,Greenville - Mission,Greenville - Mission,1.0000,approved,high,autogen_identity_from_results_and_contest_slice
2008,president,,Greenville - Monaview,Greenville - Monaview,1.0000,approved,high,autogen_identity_from_results_and_contest_slice
2008,president,,Greenville - Mountain Creek,Greenville - Mountain Creek,1.0000,approved,high,autogen_identity_from_results_and_contest_slice
2008,president,,Greenville - Mountain View,Greenville - Mountain View,1.0000,approved,high,autogen_identity_from_results_and_contest_slice
2008,president,,Greenville - Neely Farms,Greenville - Neely Farms,1.0000,approved,high,autogen_identity_from_results_and_contest_slice
2008,president,,Greenville - Northwood,Greenville - Northwood,1.0000,approved,high,autogen_identity_from_results_and_contest_slice
2008,president,,Greenville - Oakview,Greenville - Oakview,1.0000,approved,high,autogen_identity_from_results_and_contest_slice
2008,president,,Greenville - Oneal,Greenville - Oneal,1.0000,approved,high,autogen_identity_from_results_and_contest_slice
2008,president,,Greenville - Palmetto,Greenville - Palmetto,1.0000,approved,high,autogen_identity_from_results_and_contest_slice
2008,president,,Greenville - Paris Mountain,Greenville - Paris Mountain,1.0000,approved,high,autogen_identity_from_results_and_contest_slice
2008,president,,Greenville - Pebble Creek,Greenville - Pebble Creek,1.0000,approved,high,autogen_identity_from_results_and_contest_slice
2008,president,,Greenville - Pelham Falls,Greenville - Pelham Falls,1.0000,approved,high,autogen_identity_from_results_and_contest_slice
2008,president,,Greenville - Piedmont,Greenville - Piedmont,1.0000,approved,high,autogen_identity_from_results_and_contest_slice
2008,president,,Greenville - Pineview,Greenville - Pineview,1.0000,approved,high,autogen_identity_from_results_and_contest_slice
2008,president,,Greenville - Poinsett,Greenville - Poinsett,1.0000,approved,high,autogen_identity_from_results_and_contest_slice
2008,president,,Greenville - Raintree,Greenville - Raintree,1.0000,approved,high,autogen_identity_from_results_and_contest_slice
2008,president,,Greenville - Reedy Fork,Greenville - Reedy Fork,1.0000,approved,high,autogen_identity_from_results_and_contest_slice
2008,president,,Greenville - Riverside,Greenville - Riverside,1.0000,approved,high,autogen_identity_from_results_and_contest_slice
2008,president,,Greenville - Rock Hill,Greenville - Rock Hill,1.0000,approved,high,autogen_identity_from_results_and_contest_slice
2008,president,,Greenville - Rocky Creek,Greenville - Rocky Creek,1.0000,approved,high,autogen_identity_from_results_and_contest_slice
2008,president,,Greenville - Rolling Green,Greenville - Rolling Green,1.0000,approved,high,autogen_identity_from_results_and_contest_slice
2008,president,,Greenville - Royal Oaks,Greenville - Royal Oaks,1.0000,approved,high,autogen_identity_from_results_and_contest_slice
2008,president,,Greenville - Saluda,Greenville - Saluda,1.0000,approved,high,autogen_identity_from_results_and_contest_slice
2008,president,,Greenville - Sandy Flat,Greenville - Sandy Flat,1.0000,approved,high,autogen_identity_from_results_and_contest_slice
2008,president,,Greenville - Sevier,Greenville - Sevier,1.0000,approved,high,autogen_identity_from_results_and_contest_slice
2008,president,,Greenville - Silverleaf,Greenville - Silverleaf,1.0000,approved,high,autogen_identity_from_results_and_contest_slice
2008,president,,Greenville - Simpsonville 1,Greenville - Simpsonville 1,1.0000,approved,high,autogen_identity_from_results_and_contest_slice
2008,president,,Greenville - Simpsonville 2,Greenville - Simpsonville 2,1.0000,approved,high,autogen_identity_from_results_and_contest_slice
2008,president,,Greenville - Simpsonville 3,Greenville - Simpsonville 3,1.0000,approved,high,autogen_identity_from_results_and_contest_slice
2008,president,,Greenville - Simpsonville 4,Greenville - Simpsonville 4,1.0000,approved,high,autogen_identity_from_results_and_contest_slice
2008,president,,Greenville - Simpsonville 5,Greenville - Simpsonville 5,1.0000,approved,high,autogen_identity_from_results_and_contest_slice
2008,president,,Greenville - Simpsonville 6,Greenville - Simpsonville 6,1.0000,approved,high,autogen_identity_from_results_and_contest_slice
2008,president,,Greenville - Skyland,Greenville - Skyland,1.0000,approved,high,autogen_identity_from_results_and_contest_slice
2008,president,,Greenville - Slater Marietta,Greenville - Slater Marietta,1.0000,approved,high,autogen_identity_from_results_and_contest_slice
2008,president,,Greenville - Southside,Greenville - Southside,1.0000,approved,high,autogen_identity_from_results_and_contest_slice
2008,president,,Greenville - Spring Forest,Greenville - Spring Forest,1.0000,approved,high,autogen_identity_from_results_and_contest_slice
2008,president,,Greenville - Standing Springs,Greenville - Standing Springs,1.0000,approved,high,autogen_identity_from_results_and_contest_slice
2008,president,,Greenville - Stone Valley,Greenville - Stone Valley,1.0000,approved,high,autogen_identity_from_results_and_contest_slice
2008,president,,Greenville - Stonehaven,Greenville - Stonehaven,1.0000,approved,high,autogen_identity_from_results_and_contest_slice
2008,president,,Greenville - Suber Mill,Greenville - Suber Mill,1.0000,approved,high,autogen_identity_from_results_and_contest_slice
2008,president,,Greenville - Sugar Creek,Greenville - Sugar Creek,1.0000,approved,high,autogen_identity_from_results_and_contest_slice
2008,president,,Greenville - Sulphur Springs,Greenville - Sulphur Springs,1.0000,approved,high,autogen_identity_from_results_and_contest_slice
2008,president,,Greenville - Sycamore,Greenville - Sycamore,1.0000,approved,high,autogen_identity_from_results_and_contest_slice
2008,president,,Greenville - Tanglewood,Greenville - Tanglewood,1.0000,approved,high,autogen_identity_from_results_and_contest_slice
2008,president,,Greenville - Taylors,Greenville - Taylors,1.0000,approved,high,autogen_identity_from_results_and_contest_slice
2008,president,,Greenville - Thornblade,Greenville - Thornblade,1.0000,approved,high,autogen_identity_from_results_and_contest_slice
2008,president,,Greenville - Tigerville,Greenville - Tigerville,1.0000,approved,high,autogen_identity_from_results_and_contest_slice
2008,president,,Greenville - Timberlake,Greenville - Timberlake,1.0000,approved,high,autogen_identity_from_results_and_contest_slice
2008,president,,Greenville - Trade,Greenville - Trade,1.0000,approved,high,autogen_identity_from_results_and_contest_slice
2008,president,,Greenville - Tubbs Mountain,Greenville - Tubbs Mountain,1.0000,approved,high,autogen_identity_from_results_and_contest_slice
2008,president,,Greenville - Tyger River,Greenville - Tyger River,1.0000,approved,high,autogen_identity_from_results_and_contest_slice
2008,president,,Greenville - Wade Hampton,Greenville - Wade Hampton,1.0000,approved,high,autogen_identity_from_results_and_contest_slice
2008,president,,Greenville - Walnut Springs,Greenville - Walnut Springs,1.0000,approved,high,autogen_identity_from_results_and_contest_slice
2008,president,,Greenville - Ware Place,Greenville - Ware Place,1.0000,approved,high,autogen_identity_from_results_and_contest_slice
2008,president,,Greenville - Welcome,Greenville - Welcome,1.0000,approved,high,autogen_identity_from_results_and_contest_slice
2008,president,,Greenville - Wellington,Greenville - Wellington,1.0000,approved,high,autogen_identity_from_results_and_contest_slice
2008,president,,Greenville - Westcliffe,Greenville - Westcliffe,1.0000,approved,high,autogen_identity_from_results_and_contest_slice
2008,president,,Greenville - Westside,Greenville - Westside,1.0000,approved,high,autogen_identity_from_results_and_contest_slice
2008,president,,Greenville - Woodmont,Greenville - Woodmont,1.0000,approved,high,autogen_identity_from_results_and_contest_slice
2008,president,,Greenville - Woodruff Lakes,Greenville - Woodruff Lakes,1.0000,approved,high,autogen_identity_from_results_and_contest_slice
2008,president,,Greenwood - Airport,Greenwood - Airport,1.0000,approved,high,autogen_identity_from_results_and_contest_slice
2008,president,,Greenwood - Bradley,Greenwood - Bradley,1.0000,approved,high,autogen_identity_from_results_and_contest_slice
2008,president,,Greenwood - Callison,Greenwood - Callison,1.0000,approved,high,autogen_identity_from_results_and_contest_slice
2008,president,,Greenwood - Civic Center,Greenwood - Civic Center,1.0000,approved,high,autogen_identity_from_results_and_contest_slice
2008,president,,Greenwood - Cokesbury,Greenwood - Cokesbury,1.0000,approved,high,autogen_identity_from_results_and_contest_slice
2008,president,,Greenwood - Coronaca,Greenwood - Coronaca,1.0000,approved,high,autogen_identity_from_results_and_contest_slice
2008,president,,Greenwood - Emerald,Greenwood - Emerald,1.0000,approved,high,autogen_identity_from_results_and_contest_slice
2008,president,,Greenwood - Emerald High,Greenwood - Emerald High,1.0000,approved,high,autogen_identity_from_results_and_contest_slice
2008,president,,Greenwood - Epworth,Greenwood - Epworth,1.0000,approved,high,autogen_identity_from_results_and_contest_slice
2008,president,,Greenwood - Georgetown,Greenwood - Georgetown,1.0000,approved,high,autogen_identity_from_results_and_contest_slice
2008,president,,Greenwood - Greenwood High,Greenwood - Greenwood High,1.0000,approved,high,autogen_identity_from_results_and_contest_slice
2008,president,,Greenwood - Greenwood Mill,Greenwood - Greenwood Mill,1.0000,approved,high,autogen_identity_from_results_and_contest_slice
2008,president,,Greenwood - Harris,Greenwood - Harris,1.0000,approved,high,autogen_identity_from_results_and_contest_slice
2008,president,,Greenwood - Hodges,Greenwood - Hodges,1.0000,approved,high,autogen_identity_from_results_and_contest_slice
2008,president,,Greenwood - Laco,Greenwood - Laco,1.0000,approved,high,autogen_identity_from_results_and_contest_slice
2008,president,,Greenwood - Liberty,Greenwood - Liberty,1.0000,approved,high,autogen_identity_from_results_and_contest_slice
2008,president,,Greenwood - Lower Lake,Greenwood - Lower Lake,1.0000,approved,high,autogen_identity_from_results_and_contest_slice
2008,president,,Greenwood - Maxwellton Pike,Greenwood - Maxwellton Pike,1.0000,approved,high,autogen_identity_from_results_and_contest_slice
2008,president,,Greenwood - New Castle,Greenwood - New Castle,1.0000,approved,high,autogen_identity_from_results_and_contest_slice
2008,president,,Greenwood - New Market,Greenwood - New Market,1.0000,approved,high,autogen_identity_from_results_and_contest_slice
2008,president,,Greenwood - Ninety Six Mill,Greenwood - Ninety Six Mill,1.0000,approved,high,autogen_identity_from_results_and_contest_slice
2008,president,,Greenwood - Pinecrest,Greenwood - Pinecrest,1.0000,approved,high,autogen_identity_from_results_and_contest_slice
2008,president,,Greenwood - Riley,Greenwood - Riley,1.0000,approved,high,autogen_identity_from_results_and_contest_slice
2008,president,,Greenwood - Sandridge,Greenwood - Sandridge,1.0000,approved,high,autogen_identity_from_results_and_contest_slice
2008,president,,Greenwood - Shoals Junction,Greenwood - Shoals Junction,1.0000,approved,high,autogen_identity_from_results_and_contest_slice
2008,president,,Greenwood - Stonewood,Greenwood - Stonewood,1.0000,approved,high,autogen_identity_from_results_and_contest_slice
2008,president,,Greenwood - Troy,Greenwood - Troy,1.0000,approved,high,autogen_identity_from_results_and_contest_slice
2008,president,,Greenwood - Verdery,Greenwood - Verdery,1.0000,approved,high,autogen_identity_from_results_and_contest_slice
2008,president,,Greenwood - Ware Shoals,Greenwood - Ware Shoals,1.0000,approved,high,autogen_identity_from_results_and_contest_slice
2008,president,,Hampton - Black Creek,Hampton - Black Creek,1.0000,approved,high,autogen_identity_from_results_and_contest_slice
2008,president,,Hampton - Bonnett,Hampton - Bonnett,1.0000,approved,high,autogen_identity_from_results_and_contest_slice
2008,president,,Hampton - Brunson,Hampton - Brunson,1.0000,approved,high,autogen_identity_from_results_and_contest_slice
2008,president,,Hampton - Cummings,Hampton - Cummings,1.0000,approved,high,autogen_identity_from_results_and_contest_slice
2008,president,,Hampton - Early Branch,Hampton - Early Branch,1.0000,approved,high,autogen_identity_from_results_and_contest_slice
2008,president,,Hampton - Estill,Hampton - Estill,1.0000,approved,high,autogen_identity_from_results_and_contest_slice
2008,president,,Hampton - Furman,Hampton - Furman,1.0000,approved,high,autogen_identity_from_results_and_contest_slice
2008,president,,Hampton - Garnett,Hampton - Garnett,1.0000,approved,high,autogen_identity_from_results_and_contest_slice
2008,president,,Hampton - Gifford,Hampton - Gifford,1.0000,approved,high,autogen_identity_from_results_and_contest_slice
2008,president,,Hampton - Hopewell,Hampton - Hopewell,1.0000,approved,high,autogen_identity_from_results_and_contest_slice
2008,president,,Hampton - Horse Gall,Hampton - Horse Gall,1.0000,approved,high,autogen_identity_from_results_and_contest_slice
2008,president,,Hampton - Rivers Mill,Hampton - Rivers Mill,1.0000,approved,high,autogen_identity_from_results_and_contest_slice
2008,president,,Hampton - Scotia,Hampton - Scotia,1.0000,approved,high,autogen_identity_from_results_and_contest_slice
2008,president,,Hampton - Varnville,Hampton - Varnville,1.0000,approved,high,autogen_identity_from_results_and_contest_slice
2008,president,,Hampton - Yemassee,Hampton - Yemassee,1.0000,approved,high,autogen_identity_from_results_and_contest_slice
2008,president,,Horry - Adrian,Horry - Adrian,1.0000,approved,high,autogen_identity_from_results_and_contest_slice
2008,president,,Horry - Allsbrook,Horry - Allsbrook,1.0000,approved,high,autogen_identity_from_results_and_contest_slice
2008,president,,Horry - Atlantic Beach,Horry - Atlantic Beach,1.0000,approved,high,autogen_identity_from_results_and_contest_slice
2008,president,,Horry - Aynor,Horry - Aynor,1.0000,approved,high,autogen_identity_from_results_and_contest_slice
2008,president,,Horry - Brownway,Horry - Brownway,1.0000,approved,high,autogen_identity_from_results_and_contest_slice
2008,president,,Horry - Burgess #1,Horry - Burgess #1,1.0000,approved,high,autogen_identity_from_results_and_contest_slice
2008,president,,Horry - Burgess #2,Horry - Burgess #2,1.0000,approved,high,autogen_identity_from_results_and_contest_slice
2008,president,,Horry - Carolina Forest #1,Horry - Carolina Forest #1,1.0000,approved,high,autogen_identity_from_results_and_contest_slice
2008,president,,Horry - Carolina Forest #2,Horry - Carolina Forest #2,1.0000,approved,high,autogen_identity_from_results_and_contest_slice
2008,president,,Horry - Cedar Grove,Horry - Cedar Grove,1.0000,approved,high,autogen_identity_from_results_and_contest_slice
2008,president,,Horry - Cherry Grove #1,Horry - Cherry Grove #1,1.0000,approved,high,autogen_identity_from_results_and_contest_slice
2008,president,,Horry - Cherry Grove #2,Horry - Cherry Grove #2,1.0000,approved,high,autogen_identity_from_results_and_contest_slice
2008,president,,Horry - Coastal Carolina,Horry - Coastal Carolina,1.0000,approved,high,autogen_identity_from_results_and_contest_slice
2008,president,,Horry - Coastal Lane #1,Horry - Coastal Lane #1,1.0000,approved,high,autogen_identity_from_results_and_contest_slice
2008,president,,Horry - Coastal Lane #2,Horry - Coastal Lane #2,1.0000,approved,high,autogen_identity_from_results_and_contest_slice
2008,president,,Horry - Cool Springs,Horry - Cool Springs,1.0000,approved,high,autogen_identity_from_results_and_contest_slice
2008,president,,Horry - Daisy,Horry - Daisy,1.0000,approved,high,autogen_identity_from_results_and_contest_slice
2008,president,,Horry - Deerfield,Horry - Deerfield,1.0000,approved,high,autogen_identity_from_results_and_contest_slice
2008,president,,Horry - Dogbluff,Horry - Dogbluff,1.0000,approved,high,autogen_identity_from_results_and_contest_slice
2008,president,,Horry - Dogwood,Horry - Dogwood,1.0000,approved,high,autogen_identity_from_results_and_contest_slice
2008,president,,Horry - Dunes #1,Horry - Dunes #1,1.0000,approved,high,autogen_identity_from_results_and_contest_slice
2008,president,,Horry - Dunes #2,Horry - Dunes #2,1.0000,approved,high,autogen_identity_from_results_and_contest_slice
2008,president,,Horry - Dunes #3,Horry - Dunes #3,1.0000,approved,high,autogen_identity_from_results_and_contest_slice
2008,president,,Horry - East Conway,Horry - East Conway,1.0000,approved,high,autogen_identity_from_results_and_contest_slice
2008,president,,Horry - East Loris,Horry - East Loris,1.0000,approved,high,autogen_identity_from_results_and_contest_slice
2008,president,,Horry - Ebenezer,Horry - Ebenezer,1.0000,approved,high,autogen_identity_from_results_and_contest_slice
2008,president,,Horry - Emerald Forest #1,Horry - Emerald Forest #1,1.0000,approved,high,autogen_identity_from_results_and_contest_slice
2008,president,,Horry - Emerald Forest #2,Horry - Emerald Forest #2,1.0000,approved,high,autogen_identity_from_results_and_contest_slice
2008,president,,Horry - Emerald Forest #3,Horry - Emerald Forest #3,1.0000,approved,high,autogen_identity_from_results_and_contest_slice
2008,president,,Horry - Emergency,Horry - Emergency,1.0000,approved,high,autogen_identity_from_results_and_contest_slice
2008,president,,Horry - Forestbrook,Horry - Forestbrook,1.0000,approved,high,autogen_identity_from_results_and_contest_slice
2008,president,,Horry - Four Mile,Horry - Four Mile,1.0000,approved,high,autogen_identity_from_results_and_contest_slice
2008,president,,Horry - Garden City #1,Horry - Garden City #1,1.0000,approved,high,autogen_identity_from_results_and_contest_slice
2008,president,,Horry - Garden City #2,Horry - Garden City #2,1.0000,approved,high,autogen_identity_from_results_and_contest_slice
2008,president,,Horry - Garden City #3,Horry - Garden City #3,1.0000,approved,high,autogen_identity_from_results_and_contest_slice
2008,president,,Horry - Garden City #4,Horry - Garden City #4,1.0000,approved,high,autogen_identity_from_results_and_contest_slice
2008,president,,Horry - Glenns Bay,Horry - Glenns Bay,1.0000,approved,high,autogen_identity_from_results_and_contest_slice
2008,president,,Horry - Green Sea,Horry - Green Sea,1.0000,approved,high,autogen_identity_from_results_and_contest_slice
2008,president,,Horry - Hickory Grove,Horry - Hickory Grove,1.0000,approved,high,autogen_identity_from_results_and_contest_slice
2008,president,,Horry - Homewood,Horry - Homewood,1.0000,approved,high,autogen_identity_from_results_and_contest_slice
2008,president,,Horry - Horry,Horry - Horry,1.0000,approved,high,autogen_identity_from_results_and_contest_slice
2008,president,,Horry - Inland,Horry - Inland,1.0000,approved,high,autogen_identity_from_results_and_contest_slice
2008,president,,Horry - Jackson Bluff,Horry - Jackson Bluff,1.0000,approved,high,autogen_identity_from_results_and_contest_slice
2008,president,,Horry - Jamestown,Horry - Jamestown,1.0000,approved,high,autogen_identity_from_results_and_contest_slice
2008,president,,Horry - Jet Port #1,Horry - Jet Port #1,1.0000,approved,high,autogen_identity_from_results_and_contest_slice
2008,president,,Horry - Jet Port #2,Horry - Jet Port #2,1.0000,approved,high,autogen_identity_from_results_and_contest_slice
2008,president,,Horry - Juniper Bay,Horry - Juniper Bay,1.0000,approved,high,autogen_identity_from_results_and_contest_slice
2008,president,,Horry - Leon,Horry - Leon,1.0000,approved,high,autogen_identity_from_results_and_contest_slice
2008,president,,Horry - Little River #1,Horry - Little River #1,1.0000,approved,high,autogen_identity_from_results_and_contest_slice
2008,president,,Horry - Little River #2,Horry - Little River #2,1.0000,approved,high,autogen_identity_from_results_and_contest_slice
2008,president,,Horry - Little River #3,Horry - Little River #3,1.0000,approved,high,autogen_identity_from_results_and_contest_slice
2008,president,,Horry - Live Oak,Horry - Live Oak,1.0000,approved,high,autogen_identity_from_results_and_contest_slice
2008,president,,Horry - Maple,Horry - Maple,1.0000,approved,high,autogen_identity_from_results_and_contest_slice
2008,president,,Horry - Mt. Olive,Horry - Mt. Olive,1.0000,approved,high,autogen_identity_from_results_and_contest_slice
2008,president,,Horry - Mt. Vernon,Horry - Mt. Vernon,1.0000,approved,high,autogen_identity_from_results_and_contest_slice
2008,president,,Horry - Myrtle Trace,Horry - Myrtle Trace,1.0000,approved,high,autogen_identity_from_results_and_contest_slice
2008,president,,Horry - Myrtlewood #1,Horry - Myrtlewood #1,1.0000,approved,high,autogen_identity_from_results_and_contest_slice
2008,president,,Horry - Myrtlewood #2,Horry - Myrtlewood #2,1.0000,approved,high,autogen_identity_from_results_and_contest_slice
2008,president,,Horry - Myrtlewood #3,Horry - Myrtlewood #3,1.0000,approved,high,autogen_identity_from_results_and_contest_slice
2008,president,,Horry - North Conway #1,Horry - North Conway #1,1.0000,approved,high,autogen_identity_from_results_and_contest_slice
2008,president,,Horry - North Conway #2,Horry - North Conway #2,1.0000,approved,high,autogen_identity_from_results_and_contest_slice
2008,president,,Horry - Ocean Drive #1,Horry - Ocean Drive #1,1.0000,approved,high,autogen_identity_from_results_and_contest_slice
2008,president,,Horry - Ocean Drive #2,Horry - Ocean Drive #2,1.0000,approved,high,autogen_identity_from_results_and_contest_slice
2008,president,,Horry - Ocean Forest #1,Horry - Ocean Forest #1,1.0000,approved,high,autogen_identity_from_results_and_contest_slice
2008,president,,Horry - Ocean Forest #2,Horry - Ocean Forest #2,1.0000,approved,high,autogen_identity_from_results_and_contest_slice
2008,president,,Horry - Ocean Forest #3,Horry - Ocean Forest #3,1.0000,approved,high,autogen_identity_from_results_and_contest_slice
2008,president,,Horry - Palmetto Bays,Horry - Palmetto Bays,1.0000,approved,high,autogen_identity_from_results_and_contest_slice
2008,president,,Horry - Pawleys Swamp,Horry - Pawleys Swamp,1.0000,approved,high,autogen_identity_from_results_and_contest_slice
2008,president,,Horry - Pleasant View,Horry - Pleasant View,1.0000,approved,high,autogen_identity_from_results_and_contest_slice
2008,president,,Horry - Poplar Hill,Horry - Poplar Hill,1.0000,approved,high,autogen_identity_from_results_and_contest_slice
2008,president,,Horry - Port Harrelson,Horry - Port Harrelson,1.0000,approved,high,autogen_identity_from_results_and_contest_slice
2008,president,,Horry - Racepath #1,Horry - Racepath #1,1.0000,approved,high,autogen_identity_from_results_and_contest_slice
2008,president,,Horry - Racepath #2,Horry - Racepath #2,1.0000,approved,high,autogen_identity_from_results_and_contest_slice
2008,president,,Horry - Red Bluff,Horry - Red Bluff,1.0000,approved,high,autogen_identity_from_results_and_contest_slice
2008,president,,Horry - Red Hill #1,Horry - Red Hill #1,1.0000,approved,high,autogen_identity_from_results_and_contest_slice
2008,president,,Horry - Red Hill #2,Horry - Red Hill #2,1.0000,approved,high,autogen_identity_from_results_and_contest_slice
2008,president,,Horry - Salem,Horry - Salem,1.0000,approved,high,autogen_identity_from_results_and_contest_slice
2008,president,,Horry - Sea Oats #1,Horry - Sea Oats #1,1.0000,approved,high,autogen_identity_from_results_and_contest_slice
2008,president,,Horry - Sea Oats #2,Horry - Sea Oats #2,1.0000,approved,high,autogen_identity_from_results_and_contest_slice
2008,president,,Horry - Sea Winds,Horry - Sea Winds,1.0000,approved,high,autogen_identity_from_results_and_contest_slice
2008,president,,Horry - Shell,Horry - Shell,1.0000,approved,high,autogen_identity_from_results_and_contest_slice
2008,president,,Horry - Socastee #1,Horry - Socastee #1,1.0000,approved,high,autogen_identity_from_results_and_contest_slice
2008,president,,Horry - Socastee #2,Horry - Socastee #2,1.0000,approved,high,autogen_identity_from_results_and_contest_slice
2008,president,,Horry - Socastee #3,Horry - Socastee #3,1.0000,approved,high,autogen_identity_from_results_and_contest_slice
2008,president,,Horry - Socastee #4,Horry - Socastee #4,1.0000,approved,high,autogen_identity_from_results_and_contest_slice
2008,president,,Horry - Surfside #1,Horry - Surfside #1,1.0000,approved,high,autogen_identity_from_results_and_contest_slice
2008,president,,Horry - Surfside #2,Horry - Surfside #2,1.0000,approved,high,autogen_identity_from_results_and_contest_slice
2008,president,,Horry - Surfside #3,Horry - Surfside #3,1.0000,approved,high,autogen_identity_from_results_and_contest_slice
2008,president,,Horry - Surfside #4,Horry - Surfside #4,1.0000,approved,high,autogen_identity_from_results_and_contest_slice
2008,president,,Horry - Sweet Home,Horry - Sweet Home,1.0000,approved,high,autogen_identity_from_results_and_contest_slice
2008,president,,Horry - Tilly Swamp,Horry - Tilly Swamp,1.0000,approved,high,autogen_identity_from_results_and_contest_slice
2008,president,,Horry - Toddville,Horry - Toddville,1.0000,approved,high,autogen_identity_from_results_and_contest_slice
2008,president,,Horry - Wampee,Horry - Wampee,1.0000,approved,high,autogen_identity_from_results_and_contest_slice
2008,president,,Horry - West Conway,Horry - West Conway,1.0000,approved,high,autogen_identity_from_results_and_contest_slice
2008,president,,Horry - West Loris,Horry - West Loris,1.0000,approved,high,autogen_identity_from_results_and_contest_slice
2008,president,,Horry - White Oak,Horry - White Oak,1.0000,approved,high,autogen_identity_from_results_and_contest_slice
2008,president,,Horry - Wild Wing,Horry - Wild Wing,1.0000,approved,high,autogen_identity_from_results_and_contest_slice
2008,president,,Horry - Windy Hill #1,Horry - Windy Hill #1,1.0000,approved,high,autogen_identity_from_results_and_contest_slice
2008,president,,Horry - Windy Hill #2,Horry - Windy Hill #2,1.0000,approved,high,autogen_identity_from_results_and_contest_slice
2008,president,,Jasper - Coosawhatchie,Jasper - Coosawhatchie,1.0000,approved,high,autogen_identity_from_results_and_contest_slice
2008,president,,Jasper - Gillisonville,Jasper - Gillisonville,1.0000,approved,high,autogen_identity_from_results_and_contest_slice
2008,president,,Jasper - Grahamville 1,Jasper - Grahamville 1,1.0000,approved,high,autogen_identity_from_results_and_contest_slice
2008,president,,Jasper - Grahamville 2,Jasper - Grahamville 2,1.0000,approved,high,autogen_identity_from_results_and_contest_slice
2008,president,,Jasper - Grays,Jasper - Grays,1.0000,approved,high,autogen_identity_from_results_and_contest_slice
2008,president,,Jasper - Hardeeville 1,Jasper - Hardeeville 1,1.0000,approved,high,autogen_identity_from_results_and_contest_slice
2008,president,,Jasper - Hardeeville 2,Jasper - Hardeeville 2,1.0000,approved,high,autogen_identity_from_results_and_contest_slice
2008,president,,Jasper - Levy,Jasper - Levy,1.0000,approved,high,autogen_identity_from_results_and_contest_slice
2008,president,,Jasper - Pineland,Jasper - Pineland,1.0000,approved,high,autogen_identity_from_results_and_contest_slice
2008,president,,Jasper - Ridgeland 1,Jasper - Ridgeland 1,1.0000,approved,high,autogen_identity_from_results_and_contest_slice
2008,president,,Jasper - Ridgeland 2,Jasper - Ridgeland 2,1.0000,approved,high,autogen_identity_from_results_and_contest_slice
2008,president,,Jasper - Ridgeland 3,Jasper - Ridgeland 3,1.0000,approved,high,autogen_identity_from_results_and_contest_slice
2008,president,,Jasper - Tillman,Jasper - Tillman,1.0000,approved,high,autogen_identity_from_results_and_contest_slice
2008,president,,Kershaw - Airport,Kershaw - Airport,1.0000,approved,high,autogen_identity_from_results_and_contest_slice
2008,president,,Kershaw - Antioch,Kershaw - Antioch,1.0000,approved,high,autogen_identity_from_results_and_contest_slice
2008,president,,Kershaw - Bethune,Kershaw - Bethune,1.0000,approved,high,autogen_identity_from_results_and_contest_slice
2008,president,,Kershaw - Buffalo,Kershaw - Buffalo,1.0000,approved,high,autogen_identity_from_results_and_contest_slice
2008,president,,Kershaw - Camden No. 1,Kershaw - Camden No. 1,1.0000,approved,high,autogen_identity_from_results_and_contest_slice
2008,president,,Kershaw - Camden No. 5,Kershaw - Camden No. 5,1.0000,approved,high,autogen_identity_from_results_and_contest_slice
2008,president,,Kershaw - Camden No. 5-A,Kershaw - Camden No. 5-A,1.0000,approved,high,autogen_identity_from_results_and_contest_slice
2008,president,,Kershaw - Camden No. 6,Kershaw - Camden No. 6,1.0000,approved,high,autogen_identity_from_results_and_contest_slice
2008,president,,Kershaw - Cassatt,Kershaw - Cassatt,1.0000,approved,high,autogen_identity_from_results_and_contest_slice
2008,president,,Kershaw - Charlotte Thompson,Kershaw - Charlotte Thompson,1.0000,approved,high,autogen_identity_from_results_and_contest_slice
2008,president,,Kershaw - Dobys Mill,Kershaw - Dobys Mill,1.0000,approved,high,autogen_identity_from_results_and_contest_slice
2008,president,,Kershaw - Elgin No. 1,Kershaw - Elgin No. 1,1.0000,approved,high,autogen_identity_from_results_and_contest_slice
2008,president,,Kershaw - Elgin No. 2,Kershaw - Elgin No. 2,1.0000,approved,high,autogen_identity_from_results_and_contest_slice
2008,president,,Kershaw - Elgin No. 3,Kershaw - Elgin No. 3,1.0000,approved,high,autogen_identity_from_results_and_contest_slice
2008,president,,Kershaw - Elgin No. 4,Kershaw - Elgin No. 4,1.0000,approved,high,autogen_identity_from_results_and_contest_slice
2008,president,,Kershaw - Elgin No. 5,Kershaw - Elgin No. 5,1.0000,approved,high,autogen_identity_from_results_and_contest_slice
2008,president,,Kershaw - Emergency,Kershaw - Emergency,1.0000,approved,high,autogen_identity_from_results_and_contest_slice
2008,president,,Kershaw - Gates Ford,Kershaw - Gates Ford,1.0000,approved,high,autogen_identity_from_results_and_contest_slice
2008,president,,Kershaw - Liberty Hill,Kershaw - Liberty Hill,1.0000,approved,high,autogen_identity_from_results_and_contest_slice
2008,president,,Kershaw - Lugoff No. 1,Kershaw - Lugoff No. 1,1.0000,approved,high,autogen_identity_from_results_and_contest_slice
2008,president,,Kershaw - Lugoff No. 2,Kershaw - Lugoff No. 2,1.0000,approved,high,autogen_identity_from_results_and_contest_slice
2008,president,,Kershaw - Lugoff No. 3,Kershaw - Lugoff No. 3,1.0000,approved,high,autogen_identity_from_results_and_contest_slice
2008,president,,Kershaw - Lugoff No. 4,Kershaw - Lugoff No. 4,1.0000,approved,high,autogen_identity_from_results_and_contest_slice
2008,president,,Kershaw - Malvern Hill,Kershaw - Malvern Hill,1.0000,approved,high,autogen_identity_from_results_and_contest_slice
2008,president,,Kershaw - Rabons X Roads,Kershaw - Rabons X Roads,1.0000,approved,high,autogen_identity_from_results_and_contest_slice
2008,president,,Kershaw - Riverdale,Kershaw - Riverdale,1.0000,approved,high,autogen_identity_from_results_and_contest_slice
2008,president,,Kershaw - Salt Pond,Kershaw - Salt Pond,1.0000,approved,high,autogen_identity_from_results_and_contest_slice
2008,president,,Kershaw - Shaylors Hill,Kershaw - Shaylors Hill,1.0000,approved,high,autogen_identity_from_results_and_contest_slice
2008,president,,Kershaw - Springdale,Kershaw - Springdale,1.0000,approved,high,autogen_identity_from_results_and_contest_slice
2008,president,,Kershaw - Westville,Kershaw - Westville,1.0000,approved,high,autogen_identity_from_results_and_contest_slice
2008,president,,Kershaw - Whites Gardens,Kershaw - Whites Gardens,1.0000,approved,high,autogen_identity_from_results_and_contest_slice
2008,president,,Lancaster - Antioch,Lancaster - Antioch,1.0000,approved,high,autogen_identity_from_results_and_contest_slice
2008,president,,Lancaster - Camp Creek,Lancaster - Camp Creek,1.0000,approved,high,autogen_identity_from_results_and_contest_slice
2008,president,,Lancaster - Carmel,Lancaster - Carmel,1.0000,approved,high,autogen_identity_from_results_and_contest_slice
2008,president,,Lancaster - Chesterfield Ave,Lancaster - Chesterfield Ave,1.0000,approved,high,autogen_identity_from_results_and_contest_slice
2008,president,,Lancaster - Douglas,Lancaster - Douglas,1.0000,approved,high,autogen_identity_from_results_and_contest_slice
2008,president,,Lancaster - Dwight,Lancaster - Dwight,1.0000,approved,high,autogen_identity_from_results_and_contest_slice
2008,president,,Lancaster - Elgin,Lancaster - Elgin,1.0000,approved,high,autogen_identity_from_results_and_contest_slice
2008,president,,Lancaster - Erwin Farm,Lancaster - Erwin Farm,1.0000,approved,high,autogen_identity_from_results_and_contest_slice
2008,president,,Lancaster - Heath Springs,Lancaster - Heath Springs,1.0000,approved,high,autogen_identity_from_results_and_contest_slice
2008,president,,Lancaster - Hyde Park,Lancaster - Hyde Park,1.0000,approved,high,autogen_identity_from_results_and_contest_slice
2008,president,,Lancaster - Jacksonham,Lancaster - Jacksonham,1.0000,approved,high,autogen_identity_from_results_and_contest_slice
2008,president,,Lancaster - Kershaw North,Lancaster - Kershaw North,1.0000,approved,high,autogen_identity_from_results_and_contest_slice
2008,president,,Lancaster - Kershaw South,Lancaster - Kershaw South,1.0000,approved,high,autogen_identity_from_results_and_contest_slice
2008,president,,Lancaster - Lancaster East,Lancaster - Lancaster East,1.0000,approved,high,autogen_identity_from_results_and_contest_slice
2008,president,,Lancaster - Lancaster West,Lancaster - Lancaster West,1.0000,approved,high,autogen_identity_from_results_and_contest_slice
2008,president,,Lancaster - Lynwood Drive,Lancaster - Lynwood Drive,1.0000,approved,high,autogen_identity_from_results_and_contest_slice
2008,president,,Lancaster - Midway,Lancaster - Midway,1.0000,approved,high,autogen_identity_from_results_and_contest_slice
2008,president,,Lancaster - Pleasant Hill,Lancaster - Pleasant Hill,1.0000,approved,high,autogen_identity_from_results_and_contest_slice
2008,president,,Lancaster - Pleasant Valley,Lancaster - Pleasant Valley,1.0000,approved,high,autogen_identity_from_results_and_contest_slice
2008,president,,Lancaster - Pleasant Valley Ii,Lancaster - Pleasant Valley Ii,1.0000,approved,high,autogen_identity_from_results_and_contest_slice
2008,president,,Lancaster - Rich Hill,Lancaster - Rich Hill,1.0000,approved,high,autogen_identity_from_results_and_contest_slice
2008,president,,Lancaster - Riverside,Lancaster - Riverside,1.0000,approved,high,autogen_identity_from_results_and_contest_slice
2008,president,,Lancaster - Spring Hill,Lancaster - Spring Hill,1.0000,approved,high,autogen_identity_from_results_and_contest_slice
2008,president,,Lancaster - Unity,Lancaster - Unity,1.0000,approved,high,autogen_identity_from_results_and_contest_slice
2008,president,,Lancaster - Van Wyck,Lancaster - Van Wyck,1.0000,approved,high,autogen_identity_from_results_and_contest_slice
2008,president,,Laurens - Bailey,Laurens - Bailey,1.0000,approved,high,autogen_identity_from_results_and_contest_slice
2008,president,,Laurens - Clinton Mill,Laurens - Clinton Mill,1.0000,approved,high,autogen_identity_from_results_and_contest_slice
2008,president,,Laurens - Cooks,Laurens - Cooks,1.0000,approved,high,autogen_identity_from_results_and_contest_slice
2008,president,,Laurens - Cross Hill,Laurens - Cross Hill,1.0000,approved,high,autogen_identity_from_results_and_contest_slice
2008,president,,Laurens - Ekom,Laurens - Ekom,1.0000,approved,high,autogen_identity_from_results_and_contest_slice
2008,president,,Laurens - Gray Court,Laurens - Gray Court,1.0000,approved,high,autogen_identity_from_results_and_contest_slice
2008,president,,Laurens - Greenpond,Laurens - Greenpond,1.0000,approved,high,autogen_identity_from_results_and_contest_slice
2008,president,,Laurens - Hickory Tavern,Laurens - Hickory Tavern,1.0000,approved,high,autogen_identity_from_results_and_contest_slice
2008,president,,Laurens - Joanna,Laurens - Joanna,1.0000,approved,high,autogen_identity_from_results_and_contest_slice
2008,president,,Laurens - Jones,Laurens - Jones,1.0000,approved,high,autogen_identity_from_results_and_contest_slice
2008,president,,Laurens - Long Branch,Laurens - Long Branch,1.0000,approved,high,autogen_identity_from_results_and_contest_slice
2008,president,,Laurens - Lydia Mill,Laurens - Lydia Mill,1.0000,approved,high,autogen_identity_from_results_and_contest_slice
2008,president,,Laurens - Maddens,Laurens - Maddens,1.0000,approved,high,autogen_identity_from_results_and_contest_slice
2008,president,,Laurens - Mountville,Laurens - Mountville,1.0000,approved,high,autogen_identity_from_results_and_contest_slice
2008,president,,Laurens - Ora-Lanford,Laurens - Ora-Lanford,1.0000,approved,high,autogen_identity_from_results_and_contest_slice
2008,president,,Laurens - Owings,Laurens - Owings,1.0000,approved,high,autogen_identity_from_results_and_contest_slice
2008,president,,Laurens - Trinity Ridge,Laurens - Trinity Ridge,1.0000,approved,high,autogen_identity_from_results_and_contest_slice
2008,president,,Laurens - Waterloo,Laurens - Waterloo,1.0000,approved,high,autogen_identity_from_results_and_contest_slice
2008,president,,Laurens - Wattsville,Laurens - Wattsville,1.0000,approved,high,autogen_identity_from_results_and_contest_slice
2008,president,,Laurens - Youngs,Laurens - Youngs,1.0000,approved,high,autogen_identity_from_results_and_contest_slice
2008,president,,Lee - Ashland/Stokes Bridge,Lee - Ashland/Stokes Bridge,1.0000,approved,high,autogen_identity_from_results_and_contest_slice
2008,president,,Lee - Ashwood,Lee - Ashwood,1.0000,approved,high,autogen_identity_from_results_and_contest_slice
2008,president,,Lee - Cedar Creek,Lee - Cedar Creek,1.0000,approved,high,autogen_identity_from_results_and_contest_slice
2008,president,,Lee - Cypress,Lee - Cypress,1.0000,approved,high,autogen_identity_from_results_and_contest_slice
2008,president,,Lee - Hickory Hill,Lee - Hickory Hill,1.0000,approved,high,autogen_identity_from_results_and_contest_slice
2008,president,,Lee - Ionia,Lee - Ionia,1.0000,approved,high,autogen_identity_from_results_and_contest_slice
2008,president,,Lee - Lynchburg,Lee - Lynchburg,1.0000,approved,high,autogen_identity_from_results_and_contest_slice
2008,president,,Lee - Manville,Lee - Manville,1.0000,approved,high,autogen_identity_from_results_and_contest_slice
2008,president,,Lee - Rattlesnake Springs,Lee - Rattlesnake Springs,1.0000,approved,high,autogen_identity_from_results_and_contest_slice
2008,president,,Lee - Schrocks Mill/Lucknow,Lee - Schrocks Mill/Lucknow,1.0000,approved,high,autogen_identity_from_results_and_contest_slice
2008,president,,Lee - Spring Hill,Lee - Spring Hill,1.0000,approved,high,autogen_identity_from_results_and_contest_slice
2008,president,,Lee - Turkey Creek,Lee - Turkey Creek,1.0000,approved,high,autogen_identity_from_results_and_contest_slice
2008,president,,Lee - Woodrow,Lee - Woodrow,1.0000,approved,high,autogen_identity_from_results_and_contest_slice
2008,president,,Lexington - Amicks Ferry,Lexington - Amicks Ferry,1.0000,approved,high,autogen_identity_from_results_and_contest_slice
2008,president,,Lexington - Batesburg,Lexington - Batesburg,1.0000,approved,high,autogen_identity_from_results_and_contest_slice
2008,president,,Lexington - Bethany,Lexington - Bethany,1.0000,approved,high,autogen_identity_from_results_and_contest_slice
2008,president,,Lexington - Beulah Church,Lexington - Beulah Church,1.0000,approved,high,autogen_identity_from_results_and_contest_slice
2008,president,,Lexington - Boiling Springs,Lexington - Boiling Springs,1.0000,approved,high,autogen_identity_from_results_and_contest_slice
2008,president,,Lexington - Boiling Springs South,Lexington - Boiling Springs South,1.0000,approved,high,autogen_identity_from_results_and_contest_slice
2008,president,,Lexington - Bush River,Lexington - Bush River,1.0000,approved,high,autogen_identity_from_results_and_contest_slice
2008,president,,Lexington - Cayce 2A,Lexington - Cayce 2A,1.0000,approved,high,autogen_identity_from_results_and_contest_slice
2008,president,,Lexington - Chalk Hill,Lexington - Chalk Hill,1.0000,approved,high,autogen_identity_from_results_and_contest_slice
2008,president,,Lexington - Challedon,Lexington - Challedon,1.0000,approved,high,autogen_identity_from_results_and_contest_slice
2008,president,,Lexington - Chapin,Lexington - Chapin,1.0000,approved,high,autogen_identity_from_results_and_contest_slice
2008,president,,Lexington - Coldstream,Lexington - Coldstream,1.0000,approved,high,autogen_identity_from_results_and_contest_slice
2008,president,,Lexington - Congaree #1,Lexington - Congaree #1,1.0000,approved,high,autogen_identity_from_results_and_contest_slice
2008,president,,Lexington - Congaree #2,Lexington - Congaree #2,1.0000,approved,high,autogen_identity_from_results_and_contest_slice
2008,president,,Lexington - Cromer,Lexington - Cromer,1.0000,approved,high,autogen_identity_from_results_and_contest_slice
2008,president,,Lexington - Dreher Island,Lexington - Dreher Island,1.0000,approved,high,autogen_identity_from_results_and_contest_slice
2008,president,,Lexington - Dutchman Shores,Lexington - Dutchman Shores,1.0000,approved,high,autogen_identity_from_results_and_contest_slice
2008,president,,Lexington - Edenwood,Lexington - Edenwood,1.0000,approved,high,autogen_identity_from_results_and_contest_slice
2008,president,,Lexington - Emmanuel Church,Lexington - Emmanuel Church,1.0000,approved,high,autogen_identity_from_results_and_contest_slice
2008,president,,Lexington - Fairview,Lexington - Fairview,1.0000,approved,high,autogen_identity_from_results_and_contest_slice
2008,president,,Lexington - Faith Church,Lexington - Faith Church,1.0000,approved,high,autogen_identity_from_results_and_contest_slice
2008,president,,Lexington - Gardendale,Lexington - Gardendale,1.0000,approved,high,autogen_identity_from_results_and_contest_slice
2008,president,,Lexington - Gaston #1,Lexington - Gaston #1,1.0000,approved,high,autogen_identity_from_results_and_contest_slice
2008,president,,Lexington - Gaston #2,Lexington - Gaston #2,1.0000,approved,high,autogen_identity_from_results_and_contest_slice
2008,president,,Lexington - Gilbert,Lexington - Gilbert,1.0000,approved,high,autogen_identity_from_results_and_contest_slice
2008,president,,Lexington - Grenadier,Lexington - Grenadier,1.0000,approved,high,autogen_identity_from_results_and_contest_slice
2008,president,,Lexington - Hollow Creek,Lexington - Hollow Creek,1.0000,approved,high,autogen_identity_from_results_and_contest_slice
2008,president,,Lexington - Hooks Store,Lexington - Hooks Store,1.0000,approved,high,autogen_identity_from_results_and_contest_slice
2008,president,,Lexington - Irmo,Lexington - Irmo,1.0000,approved,high,autogen_identity_from_results_and_contest_slice
2008,president,,Lexington - Kitti Wake,Lexington - Kitti Wake,1.0000,approved,high,autogen_identity_from_results_and_contest_slice
2008,president,,Lexington - Lake Murray #1,Lexington - Lake Murray #1,1.0000,approved,high,autogen_identity_from_results_and_contest_slice
2008,president,,Lexington - Lake Murray #2,Lexington - Lake Murray #2,1.0000,approved,high,autogen_identity_from_results_and_contest_slice
2008,president,,Lexington - Leaphart Road,Lexington - Leaphart Road,1.0000,approved,high,autogen_identity_from_results_and_contest_slice
2008,president,,Lexington - Leesville,Lexington - Leesville,1.0000,approved,high,autogen_identity_from_results_and_contest_slice
2008,president,,Lexington - Lincreek,Lexington - Lincreek,1.0000,approved,high,autogen_identity_from_results_and_contest_slice
2008,president,,Lexington - Midway,Lexington - Midway,1.0000,approved,high,autogen_identity_from_results_and_contest_slice
2008,president,,Lexington - Mims,Lexington - Mims,1.0000,approved,high,autogen_identity_from_results_and_contest_slice
2008,president,,Lexington - Mount Horeb,Lexington - Mount Horeb,1.0000,approved,high,autogen_identity_from_results_and_contest_slice
2008,president,,Lexington - Murraywood,Lexington - Murraywood,1.0000,approved,high,autogen_identity_from_results_and_contest_slice
2008,president,,Lexington - Oakwood,Lexington - Oakwood,1.0000,approved,high,autogen_identity_from_results_and_contest_slice
2008,president,,Lexington - Old Lexington,Lexington - Old Lexington,1.0000,approved,high,autogen_identity_from_results_and_contest_slice
2008,president,,Lexington - Pelion #1,Lexington - Pelion #1,1.0000,approved,high,autogen_identity_from_results_and_contest_slice
2008,president,,Lexington - Pelion #2,Lexington - Pelion #2,1.0000,approved,high,autogen_identity_from_results_and_contest_slice
2008,president,,Lexington - Pineview,Lexington - Pineview,1.0000,approved,high,autogen_identity_from_results_and_contest_slice
2008,president,,Lexington - Pond Branch,Lexington - Pond Branch,1.0000,approved,high,autogen_identity_from_results_and_contest_slice
2008,president,,Lexington - Providence Church,Lexington - Providence Church,1.0000,approved,high,autogen_identity_from_results_and_contest_slice
2008,president,,Lexington - Quail Hollow,Lexington - Quail Hollow,1.0000,approved,high,autogen_identity_from_results_and_contest_slice
2008,president,,Lexington - Quail Valley,Lexington - Quail Valley,1.0000,approved,high,autogen_identity_from_results_and_contest_slice
2008,president,,Lexington - Red Bank,Lexington - Red Bank,1.0000,approved,high,autogen_identity_from_results_and_contest_slice
2008,president,,Lexington - Ridge Road,Lexington - Ridge Road,1.0000,approved,high,autogen_identity_from_results_and_contest_slice
2008,president,,Lexington - Round Hill,Lexington - Round Hill,1.0000,approved,high,autogen_identity_from_results_and_contest_slice
2008,president,,Lexington - Saluda River,Lexington - Saluda River,1.0000,approved,high,autogen_identity_from_results_and_contest_slice
2008,president,,Lexington - Sandy Run,Lexington - Sandy Run,1.0000,approved,high,autogen_identity_from_results_and_contest_slice
2008,president,,Lexington - Seven Oaks,Lexington - Seven Oaks,1.0000,approved,high,autogen_identity_from_results_and_contest_slice
2008,president,,Lexington - Sharpes Hill,Lexington - Sharpes Hill,1.0000,approved,high,autogen_identity_from_results_and_contest_slice
2008,president,,Lexington - Springdale,Lexington - Springdale,1.0000,approved,high,autogen_identity_from_results_and_contest_slice
2008,president,,Lexington - Springdale South,Lexington - Springdale South,1.0000,approved,high,autogen_identity_from_results_and_contest_slice
2008,president,,Lexington - Summit,Lexington - Summit,1.0000,approved,high,autogen_identity_from_results_and_contest_slice
2008,president,,Lexington - Swansea #1,Lexington - Swansea #1,1.0000,approved,high,autogen_identity_from_results_and_contest_slice
2008,president,,Lexington - Swansea #2,Lexington - Swansea #2,1.0000,approved,high,autogen_identity_from_results_and_contest_slice
2008,president,,Lexington - Westover,Lexington - Westover,1.0000,approved,high,autogen_identity_from_results_and_contest_slice
2008,president,,Lexington - White Knoll,Lexington - White Knoll,1.0000,approved,high,autogen_identity_from_results_and_contest_slice
2008,president,,Lexington - Whitehall,Lexington - Whitehall,1.0000,approved,high,autogen_identity_from_results_and_contest_slice
2008,president,,Lexington - Woodland Hills,Lexington - Woodland Hills,1.0000,approved,high,autogen_identity_from_results_and_contest_slice
2008,president,,Marion - Brittons Neck,Marion - Brittons Neck,1.0000,approved,high,autogen_identity_from_results_and_contest_slice
2008,president,,Marion - Centenary,Marion - Centenary,1.0000,approved,high,autogen_identity_from_results_and_contest_slice
2008,president,,Marion - Emergency,Marion - Emergency,1.0000,approved,high,autogen_identity_from_results_and_contest_slice
2008,president,,Marion - Friendship,Marion - Friendship,1.0000,approved,high,autogen_identity_from_results_and_contest_slice
2008,president,,Marion - Marion No. 1,Marion - Marion No. 1,1.0000,approved,high,autogen_identity_from_results_and_contest_slice
2008,president,,Marion - Marion No. 2,Marion - Marion No. 2,1.0000,approved,high,autogen_identity_from_results_and_contest_slice
2008,president,,Marion - Marion North,Marion - Marion North,1.0000,approved,high,autogen_identity_from_results_and_contest_slice
2008,president,,Marion - Marion South,Marion - Marion South,1.0000,approved,high,autogen_identity_from_results_and_contest_slice
2008,president,,Marion - Marion West,Marion - Marion West,1.0000,approved,high,autogen_identity_from_results_and_contest_slice
2008,president,,Marion - Nichols,Marion - Nichols,1.0000,approved,high,autogen_identity_from_results_and_contest_slice
2008,president,,Marion - Northeast Mullins,Marion - Northeast Mullins,1.0000,approved,high,autogen_identity_from_results_and_contest_slice
2008,president,,Marion - Northwest Mullins,Marion - Northwest Mullins,1.0000,approved,high,autogen_identity_from_results_and_contest_slice
2008,president,,Marion - Rains,Marion - Rains,1.0000,approved,high,autogen_identity_from_results_and_contest_slice
2008,president,,Marion - Sellers,Marion - Sellers,1.0000,approved,high,autogen_identity_from_results_and_contest_slice
2008,president,,Marion - Southeast Mullins,Marion - Southeast Mullins,1.0000,approved,high,autogen_identity_from_results_and_contest_slice
2008,president,,Marion - Southwest Mullins,Marion - Southwest Mullins,1.0000,approved,high,autogen_identity_from_results_and_contest_slice
2008,president,,Marion - Temperance,Marion - Temperance,1.0000,approved,high,autogen_identity_from_results_and_contest_slice
2008,president,,Marion - Zion,Marion - Zion,1.0000,approved,high,autogen_identity_from_results_and_contest_slice
2008,president,,Marlboro - Adamsville,Marlboro - Adamsville,1.0000,approved,high,autogen_identity_from_results_and_contest_slice
2008,president,,Marlboro - Blenheim,Marlboro - Blenheim,1.0000,approved,high,autogen_identity_from_results_and_contest_slice
2008,president,,Marlboro - Brightsville,Marlboro - Brightsville,1.0000,approved,high,autogen_identity_from_results_and_contest_slice
2008,president,,Marlboro - Brownsville,Marlboro - Brownsville,1.0000,approved,high,autogen_identity_from_results_and_contest_slice
2008,president,,Marlboro - Clio,Marlboro - Clio,1.0000,approved,high,autogen_identity_from_results_and_contest_slice
2008,president,,Marlboro - East Mccoll,Marlboro - East Mccoll,1.0000,approved,high,autogen_identity_from_results_and_contest_slice
2008,president,,Marlboro - Emergency,Marlboro - Emergency,1.0000,approved,high,autogen_identity_from_results_and_contest_slice
2008,president,,Marlboro - Mccoll,Marlboro - Mccoll,1.0000,approved,high,autogen_identity_from_results_and_contest_slice
2008,president,,Marlboro - Quicks X Roads,Marlboro - Quicks X Roads,1.0000,approved,high,autogen_identity_from_results_and_contest_slice
2008,president,,Marlboro - Tatum,Marlboro - Tatum,1.0000,approved,high,autogen_identity_from_results_and_contest_slice
2008,president,,Marlboro - Wallace,Marlboro - Wallace,1.0000,approved,high,autogen_identity_from_results_and_contest_slice
2008,president,,Mccormick - Bethany,Mccormick - Bethany,1.0000,approved,high,autogen_identity_from_results_and_contest_slice
2008,president,,Mccormick - Clarks Hill,Mccormick - Clarks Hill,1.0000,approved,high,autogen_identity_from_results_and_contest_slice
2008,president,,Mccormick - Mccormick No. 1,Mccormick - Mccormick No. 1,1.0000,approved,high,autogen_identity_from_results_and_contest_slice
2008,president,,Mccormick - Mccormick No. 2,Mccormick - Mccormick No. 2,1.0000,approved,high,autogen_identity_from_results_and_contest_slice
2008,president,,Mccormick - Modoc,Mccormick - Modoc,1.0000,approved,high,autogen_identity_from_results_and_contest_slice
2008,president,,Mccormick - Parksville,Mccormick - Parksville,1.0000,approved,high,autogen_identity_from_results_and_contest_slice
2008,president,,Mccormick - Plum Branch,Mccormick - Plum Branch,1.0000,approved,high,autogen_identity_from_results_and_contest_slice
2008,president,,Mccormick - Savannah,Mccormick - Savannah,1.0000,approved,high,autogen_identity_from_results_and_contest_slice
2008,president,,Mccormick - Willington,Mccormick - Willington,1.0000,approved,high,autogen_identity_from_results_and_contest_slice
2008,president,,Newberry - Bush River,Newberry - Bush River,1.0000,approved,high,autogen_identity_from_results_and_contest_slice
2008,president,,Newberry - Chappells,Newberry - Chappells,1.0000,approved,high,autogen_identity_from_results_and_contest_slice
2008,president,,Newberry - Emergency,Newberry - Emergency,1.0000,approved,high,autogen_identity_from_results_and_contest_slice
2008,president,,Newberry - Fairview,Newberry - Fairview,1.0000,approved,high,autogen_identity_from_results_and_contest_slice
2008,president,,Newberry - Hartford,Newberry - Hartford,1.0000,approved,high,autogen_identity_from_results_and_contest_slice
2008,president,,Newberry - Helena,Newberry - Helena,1.0000,approved,high,autogen_identity_from_results_and_contest_slice
2008,president,,Newberry - Johnstone,Newberry - Johnstone,1.0000,approved,high,autogen_identity_from_results_and_contest_slice
2008,president,,Newberry - Little Mountain,Newberry - Little Mountain,1.0000,approved,high,autogen_identity_from_results_and_contest_slice
2008,president,,Newberry - Maybinton,Newberry - Maybinton,1.0000,approved,high,autogen_identity_from_results_and_contest_slice
2008,president,,Newberry - Newberry Ward 1,Newberry - Newberry Ward 1,1.0000,approved,high,autogen_identity_from_results_and_contest_slice
2008,president,,Newberry - Newberry Ward 2,Newberry - Newberry Ward 2,1.0000,approved,high,autogen_identity_from_results_and_contest_slice
2008,president,,Newberry - Newberry Ward 3,Newberry - Newberry Ward 3,1.0000,approved,high,autogen_identity_from_results_and_contest_slice
2008,president,,Newberry - Newberry Ward 4,Newberry - Newberry Ward 4,1.0000,approved,high,autogen_identity_from_results_and_contest_slice
2008,president,,Newberry - Newberry Ward 5,Newberry - Newberry Ward 5,1.0000,approved,high,autogen_identity_from_results_and_contest_slice
2008,president,,Newberry - Newberry Ward 6,Newberry - Newberry Ward 6,1.0000,approved,high,autogen_identity_from_results_and_contest_slice
2008,president,,Newberry - Oakland,Newberry - Oakland,1.0000,approved,high,autogen_identity_from_results_and_contest_slice
2008,president,,Newberry - Oneal,Newberry - Oneal,1.0000,approved,high,autogen_identity_from_results_and_contest_slice
2008,president,,Newberry - Peak,Newberry - Peak,1.0000,approved,high,autogen_identity_from_results_and_contest_slice
2008,president,,Newberry - Pomaria,Newberry - Pomaria,1.0000,approved,high,autogen_identity_from_results_and_contest_slice
2008,president,,Newberry - Silverstreet,Newberry - Silverstreet,1.0000,approved,high,autogen_identity_from_results_and_contest_slice
2008,president,,Newberry - Stoney Hill,Newberry - Stoney Hill,1.0000,approved,high,autogen_identity_from_results_and_contest_slice
2008,president,,Newberry - Wheeland,Newberry - Wheeland,1.0000,approved,high,autogen_identity_from_results_and_contest_slice
2008,president,,Newberry - Whitmire City,Newberry - Whitmire City,1.0000,approved,high,autogen_identity_from_results_and_contest_slice
2008,president,,Newberry - Whitmire Outside,Newberry - Whitmire Outside,1.0000,approved,high,autogen_identity_from_results_and_contest_slice
2008,president,,Oconee - Bountyland,Oconee - Bountyland,1.0000,approved,high,autogen_identity_from_results_and_contest_slice
2008,president,,Oconee - Earles Grove,Oconee - Earles Grove,1.0000,approved,high,autogen_identity_from_results_and_contest_slice
2008,president,,Oconee - Fair Play,Oconee - Fair Play,1.0000,approved,high,autogen_identity_from_results_and_contest_slice
2008,president,,Oconee - Friendship,Oconee - Friendship,1.0000,approved,high,autogen_identity_from_results_and_contest_slice
2008,president,,Oconee - Holly Springs,Oconee - Holly Springs,1.0000,approved,high,autogen_identity_from_results_and_contest_slice
2008,president,,Oconee - Keowee,Oconee - Keowee,1.0000,approved,high,autogen_identity_from_results_and_contest_slice
2008,president,,Oconee - Long Creek,Oconee - Long Creek,1.0000,approved,high,autogen_identity_from_results_and_contest_slice
2008,president,,Oconee - Madison,Oconee - Madison,1.0000,approved,high,autogen_identity_from_results_and_contest_slice
2008,president,,Oconee - Oakway,Oconee - Oakway,1.0000,approved,high,autogen_identity_from_results_and_contest_slice
2008,president,,Oconee - Ravenel,Oconee - Ravenel,1.0000,approved,high,autogen_identity_from_results_and_contest_slice
2008,president,,Oconee - Return,Oconee - Return,1.0000,approved,high,autogen_identity_from_results_and_contest_slice
2008,president,,Oconee - Richland,Oconee - Richland,1.0000,approved,high,autogen_identity_from_results_and_contest_slice
2008,president,,Oconee - Salem,Oconee - Salem,1.0000,approved,high,autogen_identity_from_results_and_contest_slice
2008,president,,Oconee - Shiloh,Oconee - Shiloh,1.0000,approved,high,autogen_identity_from_results_and_contest_slice
2008,president,,Oconee - South Union,Oconee - South Union,1.0000,approved,high,autogen_identity_from_results_and_contest_slice
2008,president,,Oconee - Stamp Creek,Oconee - Stamp Creek,1.0000,approved,high,autogen_identity_from_results_and_contest_slice
2008,president,,Oconee - Tamassee,Oconee - Tamassee,1.0000,approved,high,autogen_identity_from_results_and_contest_slice
2008,president,,Oconee - Utica,Oconee - Utica,1.0000,approved,high,autogen_identity_from_results_and_contest_slice
2008,president,,Oconee - West Union,Oconee - West Union,1.0000,approved,high,autogen_identity_from_results_and_contest_slice
2008,president,,Oconee - Westminster 2,Oconee - Westminster 2,1.0000,approved,high,autogen_identity_from_results_and_contest_slice
2008,president,,Orangeburg - Bethel,Orangeburg - Bethel,1.0000,approved,high,autogen_identity_from_results_and_contest_slice
2008,president,,Orangeburg - Bolentown,Orangeburg - Bolentown,1.0000,approved,high,autogen_identity_from_results_and_contest_slice
2008,president,,Orangeburg - Bowman 1,Orangeburg - Bowman 1,1.0000,approved,high,autogen_identity_from_results_and_contest_slice
2008,president,,Orangeburg - Bowman 2,Orangeburg - Bowman 2,1.0000,approved,high,autogen_identity_from_results_and_contest_slice
2008,president,,Orangeburg - Branchville 1,Orangeburg - Branchville 1,1.0000,approved,high,autogen_identity_from_results_and_contest_slice
2008,president,,Orangeburg - Branchville 2,Orangeburg - Branchville 2,1.0000,approved,high,autogen_identity_from_results_and_contest_slice
2008,president,,Orangeburg - Brookdale,Orangeburg - Brookdale,1.0000,approved,high,autogen_identity_from_results_and_contest_slice
2008,president,,Orangeburg - Cope,Orangeburg - Cope,1.0000,approved,high,autogen_identity_from_results_and_contest_slice
2008,president,,Orangeburg - Cordova 1,Orangeburg - Cordova 1,1.0000,approved,high,autogen_identity_from_results_and_contest_slice
2008,president,,Orangeburg - Cordova 2,Orangeburg - Cordova 2,1.0000,approved,high,autogen_identity_from_results_and_contest_slice
2008,president,,Orangeburg - Edisto,Orangeburg - Edisto,1.0000,approved,high,autogen_identity_from_results_and_contest_slice
2008,president,,Orangeburg - Elloree 1,Orangeburg - Elloree 1,1.0000,approved,high,autogen_identity_from_results_and_contest_slice
2008,president,,Orangeburg - Elloree 2,Orangeburg - Elloree 2,1.0000,approved,high,autogen_identity_from_results_and_contest_slice
2008,president,,Orangeburg - Emergency,Orangeburg - Emergency,1.0000,approved,high,autogen_identity_from_results_and_contest_slice
2008,president,,Orangeburg - Eutawville 1,Orangeburg - Eutawville 1,1.0000,approved,high,autogen_identity_from_results_and_contest_slice
2008,president,,Orangeburg - Eutawville 2,Orangeburg - Eutawville 2,1.0000,approved,high,autogen_identity_from_results_and_contest_slice
2008,president,,Orangeburg - Four Holes,Orangeburg - Four Holes,1.0000,approved,high,autogen_identity_from_results_and_contest_slice
2008,president,,Orangeburg - Holly Hill 1,Orangeburg - Holly Hill 1,1.0000,approved,high,autogen_identity_from_results_and_contest_slice
2008,president,,Orangeburg - Holly Hill 2,Orangeburg - Holly Hill 2,1.0000,approved,high,autogen_identity_from_results_and_contest_slice
2008,president,,Orangeburg - Jamison,Orangeburg - Jamison,1.0000,approved,high,autogen_identity_from_results_and_contest_slice
2008,president,,Orangeburg - Limestone 1,Orangeburg - Limestone 1,1.0000,approved,high,autogen_identity_from_results_and_contest_slice
2008,president,,Orangeburg - Limestone 2,Orangeburg - Limestone 2,1.0000,approved,high,autogen_identity_from_results_and_contest_slice
2008,president,,Orangeburg - Neeses-Livingston,Orangeburg - Neeses-Livingston,1.0000,approved,high,autogen_identity_from_results_and_contest_slice
2008,president,,Orangeburg - Nix,Orangeburg - Nix,1.0000,approved,high,autogen_identity_from_results_and_contest_slice
2008,president,,Orangeburg - North 1,Orangeburg - North 1,1.0000,approved,high,autogen_identity_from_results_and_contest_slice
2008,president,,Orangeburg - North 2,Orangeburg - North 2,1.0000,approved,high,autogen_identity_from_results_and_contest_slice
2008,president,,Orangeburg - Norway,Orangeburg - Norway,1.0000,approved,high,autogen_identity_from_results_and_contest_slice
2008,president,,Orangeburg - Providence,Orangeburg - Providence,1.0000,approved,high,autogen_identity_from_results_and_contest_slice
2008,president,,Orangeburg - Rowesville,Orangeburg - Rowesville,1.0000,approved,high,autogen_identity_from_results_and_contest_slice
2008,president,,Orangeburg - Santee 1,Orangeburg - Santee 1,1.0000,approved,high,autogen_identity_from_results_and_contest_slice
2008,president,,Orangeburg - Santee 2,Orangeburg - Santee 2,1.0000,approved,high,autogen_identity_from_results_and_contest_slice
2008,president,,Orangeburg - Springfield,Orangeburg - Springfield,1.0000,approved,high,autogen_identity_from_results_and_contest_slice
2008,president,,Orangeburg - Suburban 1,Orangeburg - Suburban 1,1.0000,approved,high,autogen_identity_from_results_and_contest_slice
2008,president,,Orangeburg - Suburban 2,Orangeburg - Suburban 2,1.0000,approved,high,autogen_identity_from_results_and_contest_slice
2008,president,,Orangeburg - Suburban 3,Orangeburg - Suburban 3,1.0000,approved,high,autogen_identity_from_results_and_contest_slice
2008,president,,Orangeburg - Suburban 4,Orangeburg - Suburban 4,1.0000,approved,high,autogen_identity_from_results_and_contest_slice
2008,president,,Orangeburg - Suburban 5,Orangeburg - Suburban 5,1.0000,approved,high,autogen_identity_from_results_and_contest_slice
2008,president,,Orangeburg - Suburban 6,Orangeburg - Suburban 6,1.0000,approved,high,autogen_identity_from_results_and_contest_slice
2008,president,,Orangeburg - Suburban 7,Orangeburg - Suburban 7,1.0000,approved,high,autogen_identity_from_results_and_contest_slice
2008,president,,Orangeburg - Suburban 8,Orangeburg - Suburban 8,1.0000,approved,high,autogen_identity_from_results_and_contest_slice
2008,president,,Orangeburg - Suburban 9,Orangeburg - Suburban 9,1.0000,approved,high,autogen_identity_from_results_and_contest_slice
2008,president,,Orangeburg - Vance,Orangeburg - Vance,1.0000,approved,high,autogen_identity_from_results_and_contest_slice
2008,president,,Orangeburg - Whittaker,Orangeburg - Whittaker,1.0000,approved,high,autogen_identity_from_results_and_contest_slice
2008,president,,Pickens - Abel,Pickens - Abel,1.0000,approved,high,autogen_identity_from_results_and_contest_slice
2008,president,,Pickens - Arial Mill,Pickens - Arial Mill,1.0000,approved,high,autogen_identity_from_results_and_contest_slice
2008,president,,Pickens - Brushy Creek,Pickens - Brushy Creek,1.0000,approved,high,autogen_identity_from_results_and_contest_slice
2008,president,,Pickens - Calhoun,Pickens - Calhoun,1.0000,approved,high,autogen_identity_from_results_and_contest_slice
2008,president,,Pickens - Cedar Rock,Pickens - Cedar Rock,1.0000,approved,high,autogen_identity_from_results_and_contest_slice
2008,president,,Pickens - Central Ii,Pickens - Central Ii,1.0000,approved,high,autogen_identity_from_results_and_contest_slice
2008,president,,Pickens - Clemson Ii,Pickens - Clemson Ii,1.0000,approved,high,autogen_identity_from_results_and_contest_slice
2008,president,,Pickens - Crossroads,Pickens - Crossroads,1.0000,approved,high,autogen_identity_from_results_and_contest_slice
2008,president,,Pickens - Crosswell Ii,Pickens - Crosswell Ii,1.0000,approved,high,autogen_identity_from_results_and_contest_slice
2008,president,,Pickens - Dacusville Ii,Pickens - Dacusville Ii,1.0000,approved,high,autogen_identity_from_results_and_contest_slice
2008,president,,Pickens - Easley,Pickens - Easley,1.0000,approved,high,autogen_identity_from_results_and_contest_slice
2008,president,,Pickens - Flat Rock,Pickens - Flat Rock,1.0000,approved,high,autogen_identity_from_results_and_contest_slice
2008,president,,Pickens - Forest Acres,Pickens - Forest Acres,1.0000,approved,high,autogen_identity_from_results_and_contest_slice
2008,president,,Pickens - Georges Creek,Pickens - Georges Creek,1.0000,approved,high,autogen_identity_from_results_and_contest_slice
2008,president,,Pickens - Glassy Mountain,Pickens - Glassy Mountain,1.0000,approved,high,autogen_identity_from_results_and_contest_slice
2008,president,,Pickens - Griffin,Pickens - Griffin,1.0000,approved,high,autogen_identity_from_results_and_contest_slice
2008,president,,Pickens - Holly Springs,Pickens - Holly Springs,1.0000,approved,high,autogen_identity_from_results_and_contest_slice
2008,president,,Pickens - Lawrence Chapel,Pickens - Lawrence Chapel,1.0000,approved,high,autogen_identity_from_results_and_contest_slice
2008,president,,Pickens - Liberty Ii,Pickens - Liberty Ii,1.0000,approved,high,autogen_identity_from_results_and_contest_slice
2008,president,,Pickens - Mckissick,Pickens - Mckissick,1.0000,approved,high,autogen_identity_from_results_and_contest_slice
2008,president,,Pickens - Morrison,Pickens - Morrison,1.0000,approved,high,autogen_identity_from_results_and_contest_slice
2008,president,,Pickens - Mountain View,Pickens - Mountain View,1.0000,approved,high,autogen_identity_from_results_and_contest_slice
2008,president,,Pickens - Norris,Pickens - Norris,1.0000,approved,high,autogen_identity_from_results_and_contest_slice
2008,president,,Pickens - Pickens Ii,Pickens - Pickens Ii,1.0000,approved,high,autogen_identity_from_results_and_contest_slice
2008,president,,Pickens - Pickens Iii,Pickens - Pickens Iii,1.0000,approved,high,autogen_identity_from_results_and_contest_slice
2008,president,,Pickens - Pickens Iv,Pickens - Pickens Iv,1.0000,approved,high,autogen_identity_from_results_and_contest_slice
2008,president,,Pickens - Pickensville,Pickens - Pickensville,1.0000,approved,high,autogen_identity_from_results_and_contest_slice
2008,president,,Pickens - Pike,Pickens - Pike,1.0000,approved,high,autogen_identity_from_results_and_contest_slice
2008,president,,Pickens - Powdersville I,Pickens - Powdersville I,1.0000,approved,high,autogen_identity_from_results_and_contest_slice
2008,president,,Pickens - Powdersville Ii,Pickens - Powdersville Ii,1.0000,approved,high,autogen_identity_from_results_and_contest_slice
2008,president,,Pickens - Pumpkintown,Pickens - Pumpkintown,1.0000,approved,high,autogen_identity_from_results_and_contest_slice
2008,president,,Pickens - Rock Springs,Pickens - Rock Springs,1.0000,approved,high,autogen_identity_from_results_and_contest_slice
2008,president,,Pickens - Saluda,Pickens - Saluda,1.0000,approved,high,autogen_identity_from_results_and_contest_slice
2008,president,,Pickens - Simpson,Pickens - Simpson,1.0000,approved,high,autogen_identity_from_results_and_contest_slice
2008,president,,Pickens - Six Mile,Pickens - Six Mile,1.0000,approved,high,autogen_identity_from_results_and_contest_slice
2008,president,,Pickens - Skelton,Pickens - Skelton,1.0000,approved,high,autogen_identity_from_results_and_contest_slice
2008,president,,Pickens - Smith Grove,Pickens - Smith Grove,1.0000,approved,high,autogen_identity_from_results_and_contest_slice
2008,president,,Pickens - Stone Church,Pickens - Stone Church,1.0000,approved,high,autogen_identity_from_results_and_contest_slice
2008,president,,Pickens - University,Pickens - University,1.0000,approved,high,autogen_identity_from_results_and_contest_slice
2008,president,,Pickens - Woodside,Pickens - Woodside,1.0000,approved,high,autogen_identity_from_results_and_contest_slice
2008,president,,Pickens - Zion,Pickens - Zion,1.0000,approved,high,autogen_identity_from_results_and_contest_slice
2008,president,,Richland - Arcadia,Richland - Arcadia,1.0000,approved,high,autogen_identity_from_results_and_contest_slice
2008,president,,Richland - Ardincaple,Richland - Ardincaple,1.0000,approved,high,autogen_identity_from_results_and_contest_slice
2008,president,,Richland - Beatty Road,Richland - Beatty Road,1.0000,approved,high,autogen_identity_from_results_and_contest_slice
2008,president,,Richland - Bluff,Richland - Bluff,1.0000,approved,high,autogen_identity_from_results_and_contest_slice
2008,president,,Richland - Blythewood #3,Richland - Blythewood #3,1.0000,approved,high,autogen_identity_from_results_and_contest_slice
2008,president,,Richland - Blythewood 1,Richland - Blythewood 1,1.0000,approved,high,autogen_identity_from_results_and_contest_slice
2008,president,,Richland - Blythewood 2,Richland - Blythewood 2,1.0000,approved,high,autogen_identity_from_results_and_contest_slice
2008,president,,Richland - Briarwood,Richland - Briarwood,1.0000,approved,high,autogen_identity_from_results_and_contest_slice
2008,president,,Richland - Caughman Road,Richland - Caughman Road,1.0000,approved,high,autogen_identity_from_results_and_contest_slice
2008,president,,Richland - College Place,Richland - College Place,1.0000,approved,high,autogen_identity_from_results_and_contest_slice
2008,president,,Richland - Cooper,Richland - Cooper,1.0000,approved,high,autogen_identity_from_results_and_contest_slice
2008,president,,Richland - Dennyside,Richland - Dennyside,1.0000,approved,high,autogen_identity_from_results_and_contest_slice
2008,president,,Richland - Dentsville,Richland - Dentsville,1.0000,approved,high,autogen_identity_from_results_and_contest_slice
2008,president,,Richland - Dutch Fork #2,Richland - Dutch Fork #2,1.0000,approved,high,autogen_identity_from_results_and_contest_slice
2008,president,,Richland - East Forest Acres,Richland - East Forest Acres,1.0000,approved,high,autogen_identity_from_results_and_contest_slice
2008,president,,Richland - Eastover,Richland - Eastover,1.0000,approved,high,autogen_identity_from_results_and_contest_slice
2008,president,,Richland - Edgewood,Richland - Edgewood,1.0000,approved,high,autogen_identity_from_results_and_contest_slice
2008,president,,Richland - Estates,Richland - Estates,1.0000,approved,high,autogen_identity_from_results_and_contest_slice
2008,president,,Richland - Fairlawn,Richland - Fairlawn,1.0000,approved,high,autogen_identity_from_results_and_contest_slice
2008,president,,Richland - Fairwold,Richland - Fairwold,1.0000,approved,high,autogen_identity_from_results_and_contest_slice
2008,president,,Richland - Friarsgate #1,Richland - Friarsgate #1,1.0000,approved,high,autogen_identity_from_results_and_contest_slice
2008,president,,Richland - Friarsgate #2,Richland - Friarsgate #2,1.0000,approved,high,autogen_identity_from_results_and_contest_slice
2008,president,,Richland - Gadsden,Richland - Gadsden,1.0000,approved,high,autogen_identity_from_results_and_contest_slice
2008,president,,Richland - Garners,Richland - Garners,1.0000,approved,high,autogen_identity_from_results_and_contest_slice
2008,president,,Richland - Greenview,Richland - Greenview,1.0000,approved,high,autogen_identity_from_results_and_contest_slice
2008,president,,Richland - Gregg Park,Richland - Gregg Park,1.0000,approved,high,autogen_identity_from_results_and_contest_slice
2008,president,,Richland - Hampton,Richland - Hampton,1.0000,approved,high,autogen_identity_from_results_and_contest_slice
2008,president,,Richland - Harbison #2,Richland - Harbison #2,1.0000,approved,high,autogen_identity_from_results_and_contest_slice
2008,president,,Richland - Horrell Hill,Richland - Horrell Hill,1.0000,approved,high,autogen_identity_from_results_and_contest_slice
2008,president,,Richland - Hunting Creek,Richland - Hunting Creek,1.0000,approved,high,autogen_identity_from_results_and_contest_slice
2008,president,,Richland - Keenan,Richland - Keenan,1.0000,approved,high,autogen_identity_from_results_and_contest_slice
2008,president,,Richland - Kelly Mill,Richland - Kelly Mill,1.0000,approved,high,autogen_identity_from_results_and_contest_slice
2008,president,,Richland - Killian,Richland - Killian,1.0000,approved,high,autogen_identity_from_results_and_contest_slice
2008,president,,Richland - Kingswood,Richland - Kingswood,1.0000,approved,high,autogen_identity_from_results_and_contest_slice
2008,president,,Richland - Lake Carolina,Richland - Lake Carolina,1.0000,approved,high,autogen_identity_from_results_and_contest_slice
2008,president,,Richland - Lincolnshire,Richland - Lincolnshire,1.0000,approved,high,autogen_identity_from_results_and_contest_slice
2008,president,,Richland - Longcreek,Richland - Longcreek,1.0000,approved,high,autogen_identity_from_results_and_contest_slice
2008,president,,Richland - Lykesland,Richland - Lykesland,1.0000,approved,high,autogen_identity_from_results_and_contest_slice
2008,president,,Richland - Mcentire,Richland - Mcentire,1.0000,approved,high,autogen_identity_from_results_and_contest_slice
2008,president,,Richland - Meadowfield,Richland - Meadowfield,1.0000,approved,high,autogen_identity_from_results_and_contest_slice
2008,president,,Richland - Meadowlake,Richland - Meadowlake,1.0000,approved,high,autogen_identity_from_results_and_contest_slice
2008,president,,Richland - Midway,Richland - Midway,1.0000,approved,high,autogen_identity_from_results_and_contest_slice
2008,president,,Richland - Mill Creek,Richland - Mill Creek,1.0000,approved,high,autogen_identity_from_results_and_contest_slice
2008,president,,Richland - Monticello,Richland - Monticello,1.0000,approved,high,autogen_identity_from_results_and_contest_slice
2008,president,,Richland - North Forest Acres,Richland - North Forest Acres,1.0000,approved,high,autogen_identity_from_results_and_contest_slice
2008,president,,Richland - North Springs 1,Richland - North Springs 1,1.0000,approved,high,autogen_identity_from_results_and_contest_slice
2008,president,,Richland - North Springs 2,Richland - North Springs 2,1.0000,approved,high,autogen_identity_from_results_and_contest_slice
2008,president,,Richland - Oakwood,Richland - Oakwood,1.0000,approved,high,autogen_identity_from_results_and_contest_slice
2008,president,,Richland - Old Friarsgate,Richland - Old Friarsgate,1.0000,approved,high,autogen_identity_from_results_and_contest_slice
2008,president,,Richland - Olympia,Richland - Olympia,1.0000,approved,high,autogen_identity_from_results_and_contest_slice
2008,president,,Richland - Parkway #2,Richland - Parkway #2,1.0000,approved,high,autogen_identity_from_results_and_contest_slice
2008,president,,Richland - Pine Grove,Richland - Pine Grove,1.0000,approved,high,autogen_identity_from_results_and_contest_slice
2008,president,,Richland - Pinewood,Richland - Pinewood,1.0000,approved,high,autogen_identity_from_results_and_contest_slice
2008,president,,Richland - Polo Road,Richland - Polo Road,1.0000,approved,high,autogen_identity_from_results_and_contest_slice
2008,president,,Richland - Ridgewood,Richland - Ridgewood,1.0000,approved,high,autogen_identity_from_results_and_contest_slice
2008,president,,Richland - Riverside,Richland - Riverside,1.0000,approved,high,autogen_identity_from_results_and_contest_slice
2008,president,,Richland - Riverwalk,Richland - Riverwalk,1.0000,approved,high,autogen_identity_from_results_and_contest_slice
2008,president,,Richland - Round Top,Richland - Round Top,1.0000,approved,high,autogen_identity_from_results_and_contest_slice
2008,president,,Richland - Sandlapper,Richland - Sandlapper,1.0000,approved,high,autogen_identity_from_results_and_contest_slice
2008,president,,Richland - Satchelford,Richland - Satchelford,1.0000,approved,high,autogen_identity_from_results_and_contest_slice
2008,president,,Richland - Skyland,Richland - Skyland,1.0000,approved,high,autogen_identity_from_results_and_contest_slice
2008,president,,Richland - South Beltline,Richland - South Beltline,1.0000,approved,high,autogen_identity_from_results_and_contest_slice
2008,president,,Richland - South Forest Acres,Richland - South Forest Acres,1.0000,approved,high,autogen_identity_from_results_and_contest_slice
2008,president,,Richland - Spring Hill,Richland - Spring Hill,1.0000,approved,high,autogen_identity_from_results_and_contest_slice
2008,president,,Richland - Spring Valley,Richland - Spring Valley,1.0000,approved,high,autogen_identity_from_results_and_contest_slice
2008,president,,Richland - Spring Valley West,Richland - Spring Valley West,1.0000,approved,high,autogen_identity_from_results_and_contest_slice
2008,president,,Richland - Trenholm Road,Richland - Trenholm Road,1.0000,approved,high,autogen_identity_from_results_and_contest_slice
2008,president,,Richland - Valhalla,Richland - Valhalla,1.0000,approved,high,autogen_identity_from_results_and_contest_slice
2008,president,,Richland - Valley State Park,Richland - Valley State Park,1.0000,approved,high,autogen_identity_from_results_and_contest_slice
2008,president,,Richland - Walden,Richland - Walden,1.0000,approved,high,autogen_identity_from_results_and_contest_slice
2008,president,,Richland - Ward 1,Richland - Ward 1,1.0000,approved,high,autogen_identity_from_results_and_contest_slice
2008,president,,Richland - Ward 10,Richland - Ward 10,1.0000,approved,high,autogen_identity_from_results_and_contest_slice
2008,president,,Richland - Ward 11,Richland - Ward 11,1.0000,approved,high,autogen_identity_from_results_and_contest_slice
2008,president,,Richland - Ward 12,Richland - Ward 12,1.0000,approved,high,autogen_identity_from_results_and_contest_slice
2008,president,,Richland - Ward 13,Richland - Ward 13,1.0000,approved,high,autogen_identity_from_results_and_contest_slice
2008,president,,Richland - Ward 14,Richland - Ward 14,1.0000,approved,high,autogen_identity_from_results_and_contest_slice
2008,president,,Richland - Ward 15,Richland - Ward 15,1.0000,approved,high,autogen_identity_from_results_and_contest_slice
2008,president,,Richland - Ward 16,Richland - Ward 16,1.0000,approved,high,autogen_identity_from_results_and_contest_slice
2008,president,,Richland - Ward 17,Richland - Ward 17,1.0000,approved,high,autogen_identity_from_results_and_contest_slice
2008,president,,Richland - Ward 18,Richland - Ward 18,1.0000,approved,high,autogen_identity_from_results_and_contest_slice
2008,president,,Richland - Ward 19,Richland - Ward 19,1.0000,approved,high,autogen_identity_from_results_and_contest_slice
2008,president,,Richland - Ward 2,Richland - Ward 2,1.0000,approved,high,autogen_identity_from_results_and_contest_slice
2008,president,,Richland - Ward 20,Richland - Ward 20,1.0000,approved,high,autogen_identity_from_results_and_contest_slice
2008,president,,Richland - Ward 21,Richland - Ward 21,1.0000,approved,high,autogen_identity_from_results_and_contest_slice
2008,president,,Richland - Ward 22,Richland - Ward 22,1.0000,approved,high,autogen_identity_from_results_and_contest_slice
2008,president,,Richland - Ward 23,Richland - Ward 23,1.0000,approved,high,autogen_identity_from_results_and_contest_slice
2008,president,,Richland - Ward 24,Richland - Ward 24,1.0000,approved,high,autogen_identity_from_results_and_contest_slice
2008,president,,Richland - Ward 25,Richland - Ward 25,1.0000,approved,high,autogen_identity_from_results_and_contest_slice
2008,president,,Richland - Ward 26,Richland - Ward 26,1.0000,approved,high,autogen_identity_from_results_and_contest_slice
2008,president,,Richland - Ward 29,Richland - Ward 29,1.0000,approved,high,autogen_identity_from_results_and_contest_slice
2008,president,,Richland - Ward 3,Richland - Ward 3,1.0000,approved,high,autogen_identity_from_results_and_contest_slice
2008,president,,Richland - Ward 30,Richland - Ward 30,1.0000,approved,high,autogen_identity_from_results_and_contest_slice
2008,president,,Richland - Ward 31,Richland - Ward 31,1.0000,approved,high,autogen_identity_from_results_and_contest_slice
2008,president,,Richland - Ward 32,Richland - Ward 32,1.0000,approved,high,autogen_identity_from_results_and_contest_slice
2008,president,,Richland - Ward 33,Richland - Ward 33,1.0000,approved,high,autogen_identity_from_results_and_contest_slice
2008,president,,Richland - Ward 34,Richland - Ward 34,1.0000,approved,high,autogen_identity_from_results_and_contest_slice
2008,president,,Richland - Ward 4,Richland - Ward 4,1.0000,approved,high,autogen_identity_from_results_and_contest_slice
2008,president,,Richland - Ward 5,Richland - Ward 5,1.0000,approved,high,autogen_identity_from_results_and_contest_slice
2008,president,,Richland - Ward 6,Richland - Ward 6,1.0000,approved,high,autogen_identity_from_results_and_contest_slice
2008,president,,Richland - Ward 7,Richland - Ward 7,1.0000,approved,high,autogen_identity_from_results_and_contest_slice
2008,president,,Richland - Ward 8,Richland - Ward 8,1.0000,approved,high,autogen_identity_from_results_and_contest_slice
2008,president,,Richland - Ward 9,Richland - Ward 9,1.0000,approved,high,autogen_identity_from_results_and_contest_slice
2008,president,,Richland - Westminster,Richland - Westminster,1.0000,approved,high,autogen_identity_from_results_and_contest_slice
2008,president,,Richland - Whitewell,Richland - Whitewell,1.0000,approved,high,autogen_identity_from_results_and_contest_slice
2008,president,,Richland - Wildewood,Richland - Wildewood,1.0000,approved,high,autogen_identity_from_results_and_contest_slice
2008,president,,Richland - Woodfield,Richland - Woodfield,1.0000,approved,high,autogen_identity_from_results_and_contest_slice
2008,president,,Richland - Woodlands,Richland - Woodlands,1.0000,approved,high,autogen_identity_from_results_and_contest_slice
2008,president,,Saluda - Centennial,Saluda - Centennial,1.0000,approved,high,autogen_identity_from_results_and_contest_slice
2008,president,,Saluda - Clyde,Saluda - Clyde,1.0000,approved,high,autogen_identity_from_results_and_contest_slice
2008,president,,Saluda - Delmar,Saluda - Delmar,1.0000,approved,high,autogen_identity_from_results_and_contest_slice
2008,president,,Saluda - Fruit Hill,Saluda - Fruit Hill,1.0000,approved,high,autogen_identity_from_results_and_contest_slice
2008,president,,Saluda - Holly,Saluda - Holly,1.0000,approved,high,autogen_identity_from_results_and_contest_slice
2008,president,,Saluda - Hollywood,Saluda - Hollywood,1.0000,approved,high,autogen_identity_from_results_and_contest_slice
2008,president,,Saluda - Holstons,Saluda - Holstons,1.0000,approved,high,autogen_identity_from_results_and_contest_slice
2008,president,,Saluda - Mayson,Saluda - Mayson,1.0000,approved,high,autogen_identity_from_results_and_contest_slice
2008,president,,Saluda - Pleasant Cross,Saluda - Pleasant Cross,1.0000,approved,high,autogen_identity_from_results_and_contest_slice
2008,president,,Saluda - Pleasant Grove,Saluda - Pleasant Grove,1.0000,approved,high,autogen_identity_from_results_and_contest_slice
2008,president,,Saluda - Richland,Saluda - Richland,1.0000,approved,high,autogen_identity_from_results_and_contest_slice
2008,president,,Saluda - Sardis,Saluda - Sardis,1.0000,approved,high,autogen_identity_from_results_and_contest_slice
2008,president,,Saluda - Ward,Saluda - Ward,1.0000,approved,high,autogen_identity_from_results_and_contest_slice
2008,president,,Spartanburg - Arcadia-Johnson City,Spartanburg - Arcadia-Johnson City,1.0000,approved,high,autogen_identity_from_results_and_contest_slice
2008,president,,Spartanburg - Arkwright,Spartanburg - Arkwright,1.0000,approved,high,autogen_identity_from_results_and_contest_slice
2008,president,,Spartanburg - Arlington,Spartanburg - Arlington,1.0000,approved,high,autogen_identity_from_results_and_contest_slice
2008,president,,Spartanburg - Arrowood,Spartanburg - Arrowood,1.0000,approved,high,autogen_identity_from_results_and_contest_slice
2008,president,,Spartanburg - Ballenger,Spartanburg - Ballenger,1.0000,approved,high,autogen_identity_from_results_and_contest_slice
2008,president,,Spartanburg - Ben Avon,Spartanburg - Ben Avon,1.0000,approved,high,autogen_identity_from_results_and_contest_slice
2008,president,,Spartanburg - Bobo,Spartanburg - Bobo,1.0000,approved,high,autogen_identity_from_results_and_contest_slice
2008,president,,Spartanburg - Boiling Springs B,Spartanburg - Boiling Springs B,1.0000,approved,high,autogen_identity_from_results_and_contest_slice
2008,president,,Spartanburg - Bowen,Spartanburg - Bowen,1.0000,approved,high,autogen_identity_from_results_and_contest_slice
2008,president,,Spartanburg - Brklyn Cs Fingv,Spartanburg - Brklyn Cs Fingv,1.0000,approved,high,autogen_identity_from_results_and_contest_slice
2008,president,,Spartanburg - Bunton,Spartanburg - Bunton,1.0000,approved,high,autogen_identity_from_results_and_contest_slice
2008,president,,Spartanburg - Camelot,Spartanburg - Camelot,1.0000,approved,high,autogen_identity_from_results_and_contest_slice
2008,president,,Spartanburg - Campobello,Spartanburg - Campobello,1.0000,approved,high,autogen_identity_from_results_and_contest_slice
2008,president,,Spartanburg - Campton A,Spartanburg - Campton A,1.0000,approved,high,autogen_identity_from_results_and_contest_slice
2008,president,,Spartanburg - Campton B,Spartanburg - Campton B,1.0000,approved,high,autogen_identity_from_results_and_contest_slice
2008,president,,Spartanburg - Canaan,Spartanburg - Canaan,1.0000,approved,high,autogen_identity_from_results_and_contest_slice
2008,president,,Spartanburg - Cannons Campgrd,Spartanburg - Cannons Campgrd,1.0000,approved,high,autogen_identity_from_results_and_contest_slice
2008,president,,Spartanburg - Cedar Springs,Spartanburg - Cedar Springs,1.0000,approved,high,autogen_identity_from_results_and_contest_slice
2008,president,,Spartanburg - Central Fire Station,Spartanburg - Central Fire Station,1.0000,approved,high,autogen_identity_from_results_and_contest_slice
2008,president,,Spartanburg - Cherokee Springs B,Spartanburg - Cherokee Springs B,1.0000,approved,high,autogen_identity_from_results_and_contest_slice
2008,president,,Spartanburg - Chesnee,Spartanburg - Chesnee,1.0000,approved,high,autogen_identity_from_results_and_contest_slice
2008,president,,Spartanburg - Clifton,Spartanburg - Clifton,1.0000,approved,high,autogen_identity_from_results_and_contest_slice
2008,president,,Spartanburg - Cowpens A,Spartanburg - Cowpens A,1.0000,approved,high,autogen_identity_from_results_and_contest_slice
2008,president,,Spartanburg - Cowpens B,Spartanburg - Cowpens B,1.0000,approved,high,autogen_identity_from_results_and_contest_slice
2008,president,,Spartanburg - Croft,Spartanburg - Croft,1.0000,approved,high,autogen_identity_from_results_and_contest_slice
2008,president,,Spartanburg - Cross Anchor,Spartanburg - Cross Anchor,1.0000,approved,high,autogen_identity_from_results_and_contest_slice
2008,president,,Spartanburg - Cunningham,Spartanburg - Cunningham,1.0000,approved,high,autogen_identity_from_results_and_contest_slice
2008,president,,Spartanburg - Deyoung,Spartanburg - Deyoung,1.0000,approved,high,autogen_identity_from_results_and_contest_slice
2008,president,,Spartanburg - Duncan A,Spartanburg - Duncan A,1.0000,approved,high,autogen_identity_from_results_and_contest_slice
2008,president,,Spartanburg - Duncan B,Spartanburg - Duncan B,1.0000,approved,high,autogen_identity_from_results_and_contest_slice
2008,president,,Spartanburg - East Greer,Spartanburg - East Greer,1.0000,approved,high,autogen_identity_from_results_and_contest_slice
2008,president,,Spartanburg - Fairmont,Spartanburg - Fairmont,1.0000,approved,high,autogen_identity_from_results_and_contest_slice
2008,president,,Spartanburg - Hayne Shop,Spartanburg - Hayne Shop,1.0000,approved,high,autogen_identity_from_results_and_contest_slice
2008,president,,Spartanburg - Inman A,Spartanburg - Inman A,1.0000,approved,high,autogen_identity_from_results_and_contest_slice
2008,president,,Spartanburg - Inman B,Spartanburg - Inman B,1.0000,approved,high,autogen_identity_from_results_and_contest_slice
2008,president,,Spartanburg - Mayo,Spartanburg - Mayo,1.0000,approved,high,autogen_identity_from_results_and_contest_slice
2008,president,,Spartanburg - Moore-Switzer,Spartanburg - Moore-Switzer,1.0000,approved,high,autogen_identity_from_results_and_contest_slice
2008,president,,Spartanburg - Motlow,Spartanburg - Motlow,1.0000,approved,high,autogen_identity_from_results_and_contest_slice
2008,president,,Spartanburg - Pacolet,Spartanburg - Pacolet,1.0000,approved,high,autogen_identity_from_results_and_contest_slice
2008,president,,Spartanburg - Pacolet Mills,Spartanburg - Pacolet Mills,1.0000,approved,high,autogen_identity_from_results_and_contest_slice
2008,president,,Spartanburg - Pauline-Glenn S,Spartanburg - Pauline-Glenn S,1.0000,approved,high,autogen_identity_from_results_and_contest_slice
2008,president,,Spartanburg - Pelham,Spartanburg - Pelham,1.0000,approved,high,autogen_identity_from_results_and_contest_slice
2008,president,,Spartanburg - Poplar Springs B,Spartanburg - Poplar Springs B,1.0000,approved,high,autogen_identity_from_results_and_contest_slice
2008,president,,Spartanburg - Reidville B,Spartanburg - Reidville B,1.0000,approved,high,autogen_identity_from_results_and_contest_slice
2008,president,,Spartanburg - Spartanburg High A,Spartanburg - Spartanburg High A,1.0000,approved,high,autogen_identity_from_results_and_contest_slice
2008,president,,Spartanburg - Spartanburg High B,Spartanburg - Spartanburg High B,1.0000,approved,high,autogen_identity_from_results_and_contest_slice
2008,president,,Spartanburg - Startex,Spartanburg - Startex,1.0000,approved,high,autogen_identity_from_results_and_contest_slice
2008,president,,Spartanburg - Una,Spartanburg - Una,1.0000,approved,high,autogen_identity_from_results_and_contest_slice
2008,president,,Spartanburg - Victor Mill,Spartanburg - Victor Mill,1.0000,approved,high,autogen_identity_from_results_and_contest_slice
2008,president,,Spartanburg - Walnut Grove,Spartanburg - Walnut Grove,1.0000,approved,high,autogen_identity_from_results_and_contest_slice
2008,president,,Spartanburg - Wellford,Spartanburg - Wellford,1.0000,approved,high,autogen_identity_from_results_and_contest_slice
2008,president,,Spartanburg - West View B,Spartanburg - West View B,1.0000,approved,high,autogen_identity_from_results_and_contest_slice
2008,president,,Spartanburg - White Stone,Spartanburg - White Stone,1.0000,approved,high,autogen_identity_from_results_and_contest_slice
2008,president,,Spartanburg - Whitney A 1,Spartanburg - Whitney A 1,1.0000,approved,high,autogen_identity_from_results_and_contest_slice
2008,president,,Spartanburg - Whitney A 2,Spartanburg - Whitney A 2,1.0000,approved,high,autogen_identity_from_results_and_contest_slice
2008,president,,Spartanburg - Woodruff No. 1,Spartanburg - Woodruff No. 1,1.0000,approved,high,autogen_identity_from_results_and_contest_slice
2008,president,,Spartanburg - Woodruff No. 2,Spartanburg - Woodruff No. 2,1.0000,approved,high,autogen_identity_from_results_and_contest_slice
2008,president,,Spartanburg - Woodruff No. 3,Spartanburg - Woodruff No. 3,1.0000,approved,high,autogen_identity_from_results_and_contest_slice
2008,president,,Spartanburg - Zion Hill A,Spartanburg - Zion Hill A,1.0000,approved,high,autogen_identity_from_results_and_contest_slice
2008,president,,Spartanburg - Zion Hill B,Spartanburg - Zion Hill B,1.0000,approved,high,autogen_identity_from_results_and_contest_slice
2008,president,,Sumter - Bates,Sumter - Bates,1.0000,approved,high,autogen_identity_from_results_and_contest_slice
2008,president,,Sumter - Birnie,Sumter - Birnie,1.0000,approved,high,autogen_identity_from_results_and_contest_slice
2008,president,,Sumter - Causeway Branch 1,Sumter - Causeway Branch 1,1.0000,approved,high,autogen_identity_from_results_and_contest_slice
2008,president,,Sumter - Causeway Branch 2,Sumter - Causeway Branch 2,1.0000,approved,high,autogen_identity_from_results_and_contest_slice
2008,president,,Sumter - Cherryvale,Sumter - Cherryvale,1.0000,approved,high,autogen_identity_from_results_and_contest_slice
2008,president,,Sumter - Crosswell,Sumter - Crosswell,1.0000,approved,high,autogen_identity_from_results_and_contest_slice
2008,president,,Sumter - Delaine,Sumter - Delaine,1.0000,approved,high,autogen_identity_from_results_and_contest_slice
2008,president,,Sumter - Ebenezer 1,Sumter - Ebenezer 1,1.0000,approved,high,autogen_identity_from_results_and_contest_slice
2008,president,,Sumter - Ebenezer 2,Sumter - Ebenezer 2,1.0000,approved,high,autogen_identity_from_results_and_contest_slice
2008,president,,Sumter - Folsom Park,Sumter - Folsom Park,1.0000,approved,high,autogen_identity_from_results_and_contest_slice
2008,president,,Sumter - Furman,Sumter - Furman,1.0000,approved,high,autogen_identity_from_results_and_contest_slice
2008,president,,Sumter - Green Swamp 2,Sumter - Green Swamp 2,1.0000,approved,high,autogen_identity_from_results_and_contest_slice
2008,president,,Sumter - Hampton Park,Sumter - Hampton Park,1.0000,approved,high,autogen_identity_from_results_and_contest_slice
2008,president,,Sumter - Hillcrest,Sumter - Hillcrest,1.0000,approved,high,autogen_identity_from_results_and_contest_slice
2008,president,,Sumter - Horatio,Sumter - Horatio,1.0000,approved,high,autogen_identity_from_results_and_contest_slice
2008,president,,Sumter - Lemira,Sumter - Lemira,1.0000,approved,high,autogen_identity_from_results_and_contest_slice
2008,president,,Sumter - Loring,Sumter - Loring,1.0000,approved,high,autogen_identity_from_results_and_contest_slice
2008,president,,Sumter - Magnolia-Harmony,Sumter - Magnolia-Harmony,1.0000,approved,high,autogen_identity_from_results_and_contest_slice
2008,president,,Sumter - Manchester Forest,Sumter - Manchester Forest,1.0000,approved,high,autogen_identity_from_results_and_contest_slice
2008,president,,Sumter - Mayesville,Sumter - Mayesville,1.0000,approved,high,autogen_identity_from_results_and_contest_slice
2008,president,,Sumter - Mayewood,Sumter - Mayewood,1.0000,approved,high,autogen_identity_from_results_and_contest_slice
2008,president,,Sumter - Mccrays Mill #1,Sumter - Mccrays Mill #1,1.0000,approved,high,autogen_identity_from_results_and_contest_slice
2008,president,,Sumter - Mccrays Mill #2,Sumter - Mccrays Mill #2,1.0000,approved,high,autogen_identity_from_results_and_contest_slice
2008,president,,Sumter - Millwood,Sumter - Millwood,1.0000,approved,high,autogen_identity_from_results_and_contest_slice
2008,president,,Sumter - Morris College,Sumter - Morris College,1.0000,approved,high,autogen_identity_from_results_and_contest_slice
2008,president,,Sumter - Mulberry,Sumter - Mulberry,1.0000,approved,high,autogen_identity_from_results_and_contest_slice
2008,president,,Sumter - Oswego,Sumter - Oswego,1.0000,approved,high,autogen_identity_from_results_and_contest_slice
2008,president,,Sumter - Palmetto Park,Sumter - Palmetto Park,1.0000,approved,high,autogen_identity_from_results_and_contest_slice
2008,president,,Sumter - Pinewood,Sumter - Pinewood,1.0000,approved,high,autogen_identity_from_results_and_contest_slice
2008,president,,Sumter - Pocotaligo #1,Sumter - Pocotaligo #1,1.0000,approved,high,autogen_identity_from_results_and_contest_slice
2008,president,,Sumter - Pocotaligo #2,Sumter - Pocotaligo #2,1.0000,approved,high,autogen_identity_from_results_and_contest_slice
2008,president,,Sumter - Privateer,Sumter - Privateer,1.0000,approved,high,autogen_identity_from_results_and_contest_slice
2008,president,,Sumter - Rembert,Sumter - Rembert,1.0000,approved,high,autogen_identity_from_results_and_contest_slice
2008,president,,Sumter - Salem,Sumter - Salem,1.0000,approved,high,autogen_identity_from_results_and_contest_slice
2008,president,,Sumter - Salterstown,Sumter - Salterstown,1.0000,approved,high,autogen_identity_from_results_and_contest_slice
2008,president,,Sumter - Second Mill,Sumter - Second Mill,1.0000,approved,high,autogen_identity_from_results_and_contest_slice
2008,president,,Sumter - Shaw,Sumter - Shaw,1.0000,approved,high,autogen_identity_from_results_and_contest_slice
2008,president,,Sumter - South Liberty,Sumter - South Liberty,1.0000,approved,high,autogen_identity_from_results_and_contest_slice
2008,president,,Sumter - South Red Bay,Sumter - South Red Bay,1.0000,approved,high,autogen_identity_from_results_and_contest_slice
2008,president,,Sumter - Spectrum,Sumter - Spectrum,1.0000,approved,high,autogen_identity_from_results_and_contest_slice
2008,president,,Sumter - Stone Hill,Sumter - Stone Hill,1.0000,approved,high,autogen_identity_from_results_and_contest_slice
2008,president,,Sumter - Sumter High #1,Sumter - Sumter High #1,1.0000,approved,high,autogen_identity_from_results_and_contest_slice
2008,president,,Sumter - Sumter High #2,Sumter - Sumter High #2,1.0000,approved,high,autogen_identity_from_results_and_contest_slice
2008,president,,Sumter - Sunset,Sumter - Sunset,1.0000,approved,high,autogen_identity_from_results_and_contest_slice
2008,president,,Sumter - Swan Lake,Sumter - Swan Lake,1.0000,approved,high,autogen_identity_from_results_and_contest_slice
2008,president,,Sumter - Thomas Sumter,Sumter - Thomas Sumter,1.0000,approved,high,autogen_identity_from_results_and_contest_slice
2008,president,,Sumter - Turkey Creek,Sumter - Turkey Creek,1.0000,approved,high,autogen_identity_from_results_and_contest_slice
2008,president,,Sumter - Wilder,Sumter - Wilder,1.0000,approved,high,autogen_identity_from_results_and_contest_slice
2008,president,,Sumter - Wilson Hall,Sumter - Wilson Hall,1.0000,approved,high,autogen_identity_from_results_and_contest_slice
2008,president,,Union - Adamsburg,Union - Adamsburg,1.0000,approved,high,autogen_identity_from_results_and_contest_slice
2008,president,,Union - Black Rock,Union - Black Rock,1.0000,approved,high,autogen_identity_from_results_and_contest_slice
2008,president,,Union - Bonham,Union - Bonham,1.0000,approved,high,autogen_identity_from_results_and_contest_slice
2008,president,,Union - Buffalo Box 1,Union - Buffalo Box 1,1.0000,approved,high,autogen_identity_from_results_and_contest_slice
2008,president,,Union - Carlisle,Union - Carlisle,1.0000,approved,high,autogen_identity_from_results_and_contest_slice
2008,president,,Union - Cross Keys,Union - Cross Keys,1.0000,approved,high,autogen_identity_from_results_and_contest_slice
2008,president,,Union - East Buffalo,Union - East Buffalo,1.0000,approved,high,autogen_identity_from_results_and_contest_slice
2008,president,,Union - Excelsior,Union - Excelsior,1.0000,approved,high,autogen_identity_from_results_and_contest_slice
2008,president,,Union - Jonesville Box 1,Union - Jonesville Box 1,1.0000,approved,high,autogen_identity_from_results_and_contest_slice
2008,president,,Union - Jonesville Box 2,Union - Jonesville Box 2,1.0000,approved,high,autogen_identity_from_results_and_contest_slice
2008,president,,Union - Kelton,Union - Kelton,1.0000,approved,high,autogen_identity_from_results_and_contest_slice
2008,president,,Union - Lockhart,Union - Lockhart,1.0000,approved,high,autogen_identity_from_results_and_contest_slice
2008,president,,Union - Monarch Box 1,Union - Monarch Box 1,1.0000,approved,high,autogen_identity_from_results_and_contest_slice
2008,president,,Union - Monarch Box 2,Union - Monarch Box 2,1.0000,approved,high,autogen_identity_from_results_and_contest_slice
2008,president,,Union - Putnam,Union - Putnam,1.0000,approved,high,autogen_identity_from_results_and_contest_slice
2008,president,,Union - Santuck,Union - Santuck,1.0000,approved,high,autogen_identity_from_results_and_contest_slice
2008,president,,Union - West Springs,Union - West Springs,1.0000,approved,high,autogen_identity_from_results_and_contest_slice
2008,president,,Williamsburg - Black River,Williamsburg - Black River,1.0000,approved,high,autogen_identity_from_results_and_contest_slice
2008,president,,Williamsburg - Bloomingvale,Williamsburg - Bloomingvale,1.0000,approved,high,autogen_identity_from_results_and_contest_slice
2008,president,,Williamsburg - Cades,Williamsburg - Cades,1.0000,approved,high,autogen_identity_from_results_and_contest_slice
2008,president,,Williamsburg - Cedar Swamp,Williamsburg - Cedar Swamp,1.0000,approved,high,autogen_identity_from_results_and_contest_slice
2008,president,,Williamsburg - Central,Williamsburg - Central,1.0000,approved,high,autogen_identity_from_results_and_contest_slice
2008,president,,Williamsburg - Earles,Williamsburg - Earles,1.0000,approved,high,autogen_identity_from_results_and_contest_slice
2008,president,,Williamsburg - Emergency,Williamsburg - Emergency,1.0000,approved,high,autogen_identity_from_results_and_contest_slice
2008,president,,Williamsburg - Greeleyville,Williamsburg - Greeleyville,1.0000,approved,high,autogen_identity_from_results_and_contest_slice
2008,president,,Williamsburg - Harmony,Williamsburg - Harmony,1.0000,approved,high,autogen_identity_from_results_and_contest_slice
2008,president,,Williamsburg - Hebron,Williamsburg - Hebron,1.0000,approved,high,autogen_identity_from_results_and_contest_slice
2008,president,,Williamsburg - Hemingway,Williamsburg - Hemingway,1.0000,approved,high,autogen_identity_from_results_and_contest_slice
2008,president,,Williamsburg - Indiantown,Williamsburg - Indiantown,1.0000,approved,high,autogen_identity_from_results_and_contest_slice
2008,president,,Williamsburg - Kingstree No. 1,Williamsburg - Kingstree No. 1,1.0000,approved,high,autogen_identity_from_results_and_contest_slice
2008,president,,Williamsburg - Kingstree No. 2,Williamsburg - Kingstree No. 2,1.0000,approved,high,autogen_identity_from_results_and_contest_slice
2008,president,,Williamsburg - Kingstree No. 3,Williamsburg - Kingstree No. 3,1.0000,approved,high,autogen_identity_from_results_and_contest_slice
2008,president,,Williamsburg - Kingstree No. 4,Williamsburg - Kingstree No. 4,1.0000,approved,high,autogen_identity_from_results_and_contest_slice
2008,president,,Williamsburg - Lane,Williamsburg - Lane,1.0000,approved,high,autogen_identity_from_results_and_contest_slice
2008,president,,Williamsburg - Morrisville,Williamsburg - Morrisville,1.0000,approved,high,autogen_identity_from_results_and_contest_slice
2008,president,,Williamsburg - Mount Vernon,Williamsburg - Mount Vernon,1.0000,approved,high,autogen_identity_from_results_and_contest_slice
2008,president,,Williamsburg - Muddy Creek,Williamsburg - Muddy Creek,1.0000,approved,high,autogen_identity_from_results_and_contest_slice
2008,president,,Williamsburg - Nesmith,Williamsburg - Nesmith,1.0000,approved,high,autogen_identity_from_results_and_contest_slice
2008,president,,Williamsburg - Pergamos,Williamsburg - Pergamos,1.0000,approved,high,autogen_identity_from_results_and_contest_slice
2008,president,,Williamsburg - Piney Forest,Williamsburg - Piney Forest,1.0000,approved,high,autogen_identity_from_results_and_contest_slice
2008,president,,Williamsburg - Salters,Williamsburg - Salters,1.0000,approved,high,autogen_identity_from_results_and_contest_slice
2008,president,,Williamsburg - Sandy Bay,Williamsburg - Sandy Bay,1.0000,approved,high,autogen_identity_from_results_and_contest_slice
2008,president,,Williamsburg - Singletary,Williamsburg - Singletary,1.0000,approved,high,autogen_identity_from_results_and_contest_slice
2008,president,,Williamsburg - Suttons,Williamsburg - Suttons,1.0000,approved,high,autogen_identity_from_results_and_contest_slice
2008,president,,Williamsburg - Trio,Williamsburg - Trio,1.0000,approved,high,autogen_identity_from_results_and_contest_slice
2008,president,,York - Adnah,York - Adnah,1.0000,approved,high,autogen_identity_from_results_and_contest_slice
2008,president,,York - Airport,York - Airport,1.0000,approved,high,autogen_identity_from_results_and_contest_slice
2008,president,,York - Allison Creek,York - Allison Creek,1.0000,approved,high,autogen_identity_from_results_and_contest_slice
2008,president,,York - Anderson Road,York - Anderson Road,1.0000,approved,high,autogen_identity_from_results_and_contest_slice
2008,president,,York - Bethany,York - Bethany,1.0000,approved,high,autogen_identity_from_results_and_contest_slice
2008,president,,York - Bethel School,York - Bethel School,1.0000,approved,high,autogen_identity_from_results_and_contest_slice
2008,president,,York - Bowling Green,York - Bowling Green,1.0000,approved,high,autogen_identity_from_results_and_contest_slice
2008,president,,York - Bullocks Creek,York - Bullocks Creek,1.0000,approved,high,autogen_identity_from_results_and_contest_slice
2008,president,,York - Cannon Mill,York - Cannon Mill,1.0000,approved,high,autogen_identity_from_results_and_contest_slice
2008,president,,York - Catawba,York - Catawba,1.0000,approved,high,autogen_identity_from_results_and_contest_slice
2008,president,,York - Cotton Belt,York - Cotton Belt,1.0000,approved,high,autogen_identity_from_results_and_contest_slice
2008,president,,York - Delphia,York - Delphia,1.0000,approved,high,autogen_identity_from_results_and_contest_slice
2008,president,,York - Dobys Bridge,York - Dobys Bridge,1.0000,approved,high,autogen_identity_from_results_and_contest_slice
2008,president,,York - Ebenezer,York - Ebenezer,1.0000,approved,high,autogen_identity_from_results_and_contest_slice
2008,president,,York - Ebinport,York - Ebinport,1.0000,approved,high,autogen_identity_from_results_and_contest_slice
2008,president,,York - Edgewood,York - Edgewood,1.0000,approved,high,autogen_identity_from_results_and_contest_slice
2008,president,,York - Fewell Park,York - Fewell Park,1.0000,approved,high,autogen_identity_from_results_and_contest_slice
2008,president,,York - Filbert,York - Filbert,1.0000,approved,high,autogen_identity_from_results_and_contest_slice
2008,president,,York - Fort Mill No. 4,York - Fort Mill No. 4,1.0000,approved,high,autogen_identity_from_results_and_contest_slice
2008,president,,York - Fort Mill No. 5,York - Fort Mill No. 5,1.0000,approved,high,autogen_identity_from_results_and_contest_slice
2008,president,,York - Fort Mill No. 6,York - Fort Mill No. 6,1.0000,approved,high,autogen_identity_from_results_and_contest_slice
2008,president,,York - Gold Hill,York - Gold Hill,1.0000,approved,high,autogen_identity_from_results_and_contest_slice
2008,president,,York - Harvest,York - Harvest,1.0000,approved,high,autogen_identity_from_results_and_contest_slice
2008,president,,York - Hickory Grove,York - Hickory Grove,1.0000,approved,high,autogen_identity_from_results_and_contest_slice
2008,president,,York - Highland Park,York - Highland Park,1.0000,approved,high,autogen_identity_from_results_and_contest_slice
2008,president,,York - India Hook,York - India Hook,1.0000,approved,high,autogen_identity_from_results_and_contest_slice
2008,president,,York - Lakeshore,York - Lakeshore,1.0000,approved,high,autogen_identity_from_results_and_contest_slice
2008,president,,York - Lakewood,York - Lakewood,1.0000,approved,high,autogen_identity_from_results_and_contest_slice
2008,president,,York - Laurel Creek,York - Laurel Creek,1.0000,approved,high,autogen_identity_from_results_and_contest_slice
2008,president,,York - Mcconnells,York - Mcconnells,1.0000,approved,high,autogen_identity_from_results_and_contest_slice
2008,president,,York - New Home,York - New Home,1.0000,approved,high,autogen_identity_from_results_and_contest_slice
2008,president,,York - Newport,York - Newport,1.0000,approved,high,autogen_identity_from_results_and_contest_slice
2008,president,,York - Northside,York - Northside,1.0000,approved,high,autogen_identity_from_results_and_contest_slice
2008,president,,York - Northwestern,York - Northwestern,1.0000,approved,high,autogen_identity_from_results_and_contest_slice
2008,president,,York - Oakwood,York - Oakwood,1.0000,approved,high,autogen_identity_from_results_and_contest_slice
2008,president,,York - Ogden,York - Ogden,1.0000,approved,high,autogen_identity_from_results_and_contest_slice
2008,president,,York - Old Pointe,York - Old Pointe,1.0000,approved,high,autogen_identity_from_results_and_contest_slice
2008,president,,York - Orchard Park,York - Orchard Park,1.0000,approved,high,autogen_identity_from_results_and_contest_slice
2008,president,,York - Palmetto,York - Palmetto,1.0000,approved,high,autogen_identity_from_results_and_contest_slice
2008,president,,York - Riverview,York - Riverview,1.0000,approved,high,autogen_identity_from_results_and_contest_slice
2008,president,,York - Rock Hill No. 2,York - Rock Hill No. 2,1.0000,approved,high,autogen_identity_from_results_and_contest_slice
2008,president,,York - Rock Hill No. 3,York - Rock Hill No. 3,1.0000,approved,high,autogen_identity_from_results_and_contest_slice
2008,president,,York - Rock Hill No. 4,York - Rock Hill No. 4,1.0000,approved,high,autogen_identity_from_results_and_contest_slice
2008,president,,York - Rock Hill No. 5,York - Rock Hill No. 5,1.0000,approved,high,autogen_identity_from_results_and_contest_slice
2008,president,,York - Rock Hill No. 6,York - Rock Hill No. 6,1.0000,approved,high,autogen_identity_from_results_and_contest_slice
2008,president,,York - Rock Hill No. 7,York - Rock Hill No. 7,1.0000,approved,high,autogen_identity_from_results_and_contest_slice
2008,president,,York - Rock Hill No. 8,York - Rock Hill No. 8,1.0000,approved,high,autogen_identity_from_results_and_contest_slice
2008,president,,York - Rosewood,York - Rosewood,1.0000,approved,high,autogen_identity_from_results_and_contest_slice
2008,president,,York - Sharon,York - Sharon,1.0000,approved,high,autogen_identity_from_results_and_contest_slice
2008,president,,York - Shoreline,York - Shoreline,1.0000,approved,high,autogen_identity_from_results_and_contest_slice
2008,president,,York - Smyrna,York - Smyrna,1.0000,approved,high,autogen_identity_from_results_and_contest_slice
2008,president,,York - Steele Creek,York - Steele Creek,1.0000,approved,high,autogen_identity_from_results_and_contest_slice
2008,president,,York - Tega Cay,York - Tega Cay,1.0000,approved,high,autogen_identity_from_results_and_contest_slice
2008,president,,York - Tirzah,York - Tirzah,1.0000,approved,high,autogen_identity_from_results_and_contest_slice
2008,president,,York - Tools Fork,York - Tools Fork,1.0000,approved,high,autogen_identity_from_results_and_contest_slice
2008,president,,York - University,York - University,1.0000,approved,high,autogen_identity_from_results_and_contest_slice
2008,president,,York - Waterstone,York - Waterstone,1.0000,approved,high,autogen_identity_from_results_and_contest_slice
2008,president,,York - Windjammer,York - Windjammer,1.0000,approved,high,autogen_identity_from_results_and_contest_slice
2008,president,,York - York No. 1,York - York No. 1,1.0000,approved,high,autogen_identity_from_results_and_contest_slice
2008,president,,York - York No. 2,York - York No. 2,1.0000,approved,high,autogen_identity_from_results_and_contest_slice
2016,president,,Abbeville - Abbeville No. 1,Abbeville - Abbeville No. 1,1.0000,approved,high,autogen_identity_from_results_and_contest_slice
2016,president,,Abbeville - Abbeville No. 2,Abbeville - Abbeville No. 2,1.0000,approved,high,autogen_identity_from_results_and_contest_slice
2016,president,,Abbeville - Abbeville No. 3,Abbeville - Abbeville No. 3,1.0000,approved,high,autogen_identity_from_results_and_contest_slice
2016,president,,Abbeville - Abbeville No. 4,Abbeville - Abbeville No. 4,1.0000,approved,high,autogen_identity_from_results_and_contest_slice
2016,president,,Abbeville - Antreville,Abbeville - Antreville,1.0000,approved,high,autogen_identity_from_results_and_contest_slice
2016,president,,Abbeville - Broadmouth,Abbeville - Broadmouth,1.0000,approved,high,autogen_identity_from_results_and_contest_slice
2016,president,,Abbeville - Calhoun Falls,Abbeville - Calhoun Falls,1.0000,approved,high,autogen_identity_from_results_and_contest_slice
2016,president,,Abbeville - Cold Springs,Abbeville - Cold Springs,1.0000,approved,high,autogen_identity_from_results_and_contest_slice
2016,president,,Abbeville - Donalds,Abbeville - Donalds,1.0000,approved,high,autogen_identity_from_results_and_contest_slice
2016,president,,Abbeville - Due West,Abbeville - Due West,1.0000,approved,high,autogen_identity_from_results_and_contest_slice
2016,president,,Abbeville - Hall'S Store,Abbeville - Hall'S Store,1.0000,approved,high,autogen_identity_from_results_and_contest_slice
2016,president,,Abbeville - Keowee,Abbeville - Keowee,1.0000,approved,high,autogen_identity_from_results_and_contest_slice
2016,president,,Abbeville - Lebanon,Abbeville - Lebanon,1.0000,approved,high,autogen_identity_from_results_and_contest_slice
2016,president,,Abbeville - Lowndesville,Abbeville - Lowndesville,1.0000,approved,high,autogen_identity_from_results_and_contest_slice
2016,president,,Aiken - Aiken No. 1,Aiken - Aiken No. 1,1.0000,approved,high,autogen_identity_from_results_and_contest_slice
2016,president,,Aiken - Aiken No. 2,Aiken - Aiken No. 2,1.0000,approved,high,autogen_identity_from_results_and_contest_slice
2016,president,,Aiken - Aiken No. 3,Aiken - Aiken No. 3,1.0000,approved,high,autogen_identity_from_results_and_contest_slice
2016,president,,Aiken - Aiken No. 4,Aiken - Aiken No. 4,1.0000,approved,high,autogen_identity_from_results_and_contest_slice
2016,president,,Aiken - Aiken No. 47,Aiken - Aiken No. 47,1.0000,approved,high,autogen_identity_from_results_and_contest_slice
2016,president,,Aiken - Aiken No. 5,Aiken - Aiken No. 5,1.0000,approved,high,autogen_identity_from_results_and_contest_slice
2016,president,,Aiken - Aiken No. 6,Aiken - Aiken No. 6,1.0000,approved,high,autogen_identity_from_results_and_contest_slice
2016,president,,Aiken - Anderson Pond No. 69,Aiken - Anderson Pond No. 69,1.0000,approved,high,autogen_identity_from_results_and_contest_slice
2016,president,,Aiken - Ascauga Lake No. 63,Aiken - Ascauga Lake No. 63,1.0000,approved,high,autogen_identity_from_results_and_contest_slice
2016,president,,Aiken - Ascauga Lake No. 84,Aiken - Ascauga Lake No. 84,1.0000,approved,high,autogen_identity_from_results_and_contest_slice
2016,president,,Aiken - Bath,Aiken - Bath,1.0000,approved,high,autogen_identity_from_results_and_contest_slice
2016,president,,Aiken - Beech Island,Aiken - Beech Island,1.0000,approved,high,autogen_identity_from_results_and_contest_slice
2016,president,,Aiken - Belvedere No. 44,Aiken - Belvedere No. 44,1.0000,approved,high,autogen_identity_from_results_and_contest_slice
2016,president,,Aiken - Belvedere No. 62,Aiken - Belvedere No. 62,1.0000,approved,high,autogen_identity_from_results_and_contest_slice
2016,president,,Aiken - Belvedere No. 74,Aiken - Belvedere No. 74,1.0000,approved,high,autogen_identity_from_results_and_contest_slice
2016,president,,Aiken - Belvedere No. 9,Aiken - Belvedere No. 9,1.0000,approved,high,autogen_identity_from_results_and_contest_slice
2016,president,,Aiken - Breezy Hill,Aiken - Breezy Hill,1.0000,approved,high,autogen_identity_from_results_and_contest_slice
2016,president,,Aiken - Carolina Heights,Aiken - Carolina Heights,1.0000,approved,high,autogen_identity_from_results_and_contest_slice
2016,president,,Aiken - Cedar Creek No. 64,Aiken - Cedar Creek No. 64,1.0000,approved,high,autogen_identity_from_results_and_contest_slice
2016,president,,Aiken - China Springs,Aiken - China Springs,1.0000,approved,high,autogen_identity_from_results_and_contest_slice
2016,president,,Aiken - Clearwater,Aiken - Clearwater,1.0000,approved,high,autogen_identity_from_results_and_contest_slice
2016,president,,Aiken - College Acres,Aiken - College Acres,1.0000,approved,high,autogen_identity_from_results_and_contest_slice
2016,president,,Aiken - Couchton,Aiken - Couchton,1.0000,approved,high,autogen_identity_from_results_and_contest_slice
2016,president,,Aiken - Eureka,Aiken - Eureka,1.0000,approved,high,autogen_identity_from_results_and_contest_slice
2016,president,,Aiken - Fox Creek No. 58,Aiken - Fox Creek No. 58,1.0000,approved,high,autogen_identity_from_results_and_contest_slice
2016,president,,Aiken - Fox Creek No. 73,Aiken - Fox Creek No. 73,1.0000,approved,high,autogen_identity_from_results_and_contest_slice
2016,president,,Aiken - Gem Lakes No. 60,Aiken - Gem Lakes No. 60,1.0000,approved,high,autogen_identity_from_results_and_contest_slice
2016,president,,Aiken - Gem Lakes No. 77,Aiken - Gem Lakes No. 77,1.0000,approved,high,autogen_identity_from_results_and_contest_slice
2016,president,,Aiken - Gloverville,Aiken - Gloverville,1.0000,approved,high,autogen_identity_from_results_and_contest_slice
2016,president,,Aiken - Graniteville,Aiken - Graniteville,1.0000,approved,high,autogen_identity_from_results_and_contest_slice
2016,president,,Aiken - Hammond No. 48,Aiken - Hammond No. 48,1.0000,approved,high,autogen_identity_from_results_and_contest_slice
2016,president,,Aiken - Hammond No. 81,Aiken - Hammond No. 81,1.0000,approved,high,autogen_identity_from_results_and_contest_slice
2016,president,,Aiken - Hitchcock No. 66,Aiken - Hitchcock No. 66,1.0000,approved,high,autogen_identity_from_results_and_contest_slice
2016,president,,Aiken - Hollow Creek,Aiken - Hollow Creek,1.0000,approved,high,autogen_identity_from_results_and_contest_slice
2016,president,,Aiken - Jackson,Aiken - Jackson,1.0000,approved,high,autogen_identity_from_results_and_contest_slice
2016,president,,Aiken - Langley,Aiken - Langley,1.0000,approved,high,autogen_identity_from_results_and_contest_slice
2016,president,,Aiken - Levels No. 52,Aiken - Levels No. 52,1.0000,approved,high,autogen_identity_from_results_and_contest_slice
2016,president,,Aiken - Levels No. 72,Aiken - Levels No. 72,1.0000,approved,high,autogen_identity_from_results_and_contest_slice
2016,president,,Aiken - Levels No. 83,Aiken - Levels No. 83,1.0000,approved,high,autogen_identity_from_results_and_contest_slice
2016,president,,Aiken - Lynwood,Aiken - Lynwood,1.0000,approved,high,autogen_identity_from_results_and_contest_slice
2016,president,,Aiken - Midland Valley No. 51,Aiken - Midland Valley No. 51,1.0000,approved,high,autogen_identity_from_results_and_contest_slice
2016,president,,Aiken - Midland Valley No. 71,Aiken - Midland Valley No. 71,1.0000,approved,high,autogen_identity_from_results_and_contest_slice
2016,president,,Aiken - Millbrook,Aiken - Millbrook,1.0000,approved,high,autogen_identity_from_results_and_contest_slice
2016,president,,Aiken - Misty Lakes,Aiken - Misty Lakes,1.0000,approved,high,autogen_identity_from_results_and_contest_slice
2016,president,,Aiken - Monetta,Aiken - Monetta,1.0000,approved,high,autogen_identity_from_results_and_contest_slice
2016,president,,Aiken - Montmorenci No. 22,Aiken - Montmorenci No. 22,1.0000,approved,high,autogen_identity_from_results_and_contest_slice
2016,president,,Aiken - Montmorenci No. 78,Aiken - Montmorenci No. 78,1.0000,approved,high,autogen_identity_from_results_and_contest_slice
2016,president,,Aiken - N. Augusta No. 25,Aiken - N. Augusta No. 25,1.0000,approved,high,autogen_identity_from_results_and_contest_slice
2016,president,,Aiken - N. Augusta No. 26,Aiken - N. Augusta No. 26,1.0000,approved,high,autogen_identity_from_results_and_contest_slice
2016,president,,Aiken - N. Augusta No. 27,Aiken - N. Augusta No. 27,1.0000,approved,high,autogen_identity_from_results_and_contest_slice
2016,president,,Aiken - N. Augusta No. 28,Aiken - N. Augusta No. 28,1.0000,approved,high,autogen_identity_from_results_and_contest_slice
2016,president,,Aiken - N. Augusta No. 29,Aiken - N. Augusta No. 29,1.0000,approved,high,autogen_identity_from_results_and_contest_slice
2016,president,,Aiken - N. Augusta No. 54,Aiken - N. Augusta No. 54,1.0000,approved,high,autogen_identity_from_results_and_contest_slice
2016,president,,Aiken - N. Augusta No. 55,Aiken - N. Augusta No. 55,1.0000,approved,high,autogen_identity_from_results_and_contest_slice
2016,president,,Aiken - N. Augusta No. 67,Aiken - N. Augusta No. 67,1.0000,approved,high,autogen_identity_from_results_and_contest_slice
2016,president,,Aiken - N. Augusta No. 68,Aiken - N. Augusta No. 68,1.0000,approved,high,autogen_identity_from_results_and_contest_slice
2016,president,,Aiken - N. Augusta No. 80,Aiken - N. Augusta No. 80,1.0000,approved,high,autogen_identity_from_results_and_contest_slice
2016,president,,Aiken - New Ellenton,Aiken - New Ellenton,1.0000,approved,high,autogen_identity_from_results_and_contest_slice
2016,president,,Aiken - New Holland,Aiken - New Holland,1.0000,approved,high,autogen_identity_from_results_and_contest_slice
2016,president,,Aiken - Oak Grove,Aiken - Oak Grove,1.0000,approved,high,autogen_identity_from_results_and_contest_slice
2016,president,,Aiken - Perry,Aiken - Perry,1.0000,approved,high,autogen_identity_from_results_and_contest_slice
2016,president,,Aiken - Pine Forest,Aiken - Pine Forest,1.0000,approved,high,autogen_identity_from_results_and_contest_slice
2016,president,,Aiken - Redds Branch,Aiken - Redds Branch,1.0000,approved,high,autogen_identity_from_results_and_contest_slice
2016,president,,Aiken - Salley,Aiken - Salley,1.0000,approved,high,autogen_identity_from_results_and_contest_slice
2016,president,,Aiken - Sandstone No. 70,Aiken - Sandstone No. 70,1.0000,approved,high,autogen_identity_from_results_and_contest_slice
2016,president,,Aiken - Sandstone No. 79,Aiken - Sandstone No. 79,1.0000,approved,high,autogen_identity_from_results_and_contest_slice
2016,president,,Aiken - Shaws Fork,Aiken - Shaws Fork,1.0000,approved,high,autogen_identity_from_results_and_contest_slice
2016,president,,Aiken - Shiloh,Aiken - Shiloh,1.0000,approved,high,autogen_identity_from_results_and_contest_slice
2016,president,,Aiken - Silver Bluff,Aiken - Silver Bluff,1.0000,approved,high,autogen_identity_from_results_and_contest_slice
2016,president,,Aiken - Six Points No. 35,Aiken - Six Points No. 35,1.0000,approved,high,autogen_identity_from_results_and_contest_slice
2016,president,,Aiken - Six Points No. 46,Aiken - Six Points No. 46,1.0000,approved,high,autogen_identity_from_results_and_contest_slice
2016,president,,Aiken - Sleepy Hollow No. 65,Aiken - Sleepy Hollow No. 65,1.0000,approved,high,autogen_identity_from_results_and_contest_slice
2016,president,,Aiken - South Aiken No. 75,Aiken - South Aiken No. 75,1.0000,approved,high,autogen_identity_from_results_and_contest_slice
2016,president,,Aiken - South Aiken No. 76,Aiken - South Aiken No. 76,1.0000,approved,high,autogen_identity_from_results_and_contest_slice
2016,president,,Aiken - Tabernacle,Aiken - Tabernacle,1.0000,approved,high,autogen_identity_from_results_and_contest_slice
2016,president,,Aiken - Talatha,Aiken - Talatha,1.0000,approved,high,autogen_identity_from_results_and_contest_slice
2016,president,,Aiken - Vaucluse,Aiken - Vaucluse,1.0000,approved,high,autogen_identity_from_results_and_contest_slice
2016,president,,Aiken - Wagener,Aiken - Wagener,1.0000,approved,high,autogen_identity_from_results_and_contest_slice
2016,president,,Aiken - Ward,Aiken - Ward,1.0000,approved,high,autogen_identity_from_results_and_contest_slice
2016,president,,Aiken - Warrenville,Aiken - Warrenville,1.0000,approved,high,autogen_identity_from_results_and_contest_slice
2016,president,,Aiken - White Pond,Aiken - White Pond,1.0000,approved,high,autogen_identity_from_results_and_contest_slice
2016,president,,Aiken - Willow Springs,Aiken - Willow Springs,1.0000,approved,high,autogen_identity_from_results_and_contest_slice
2016,president,,Aiken - Windsor No. 43,Aiken - Windsor No. 43,1.0000,approved,high,autogen_identity_from_results_and_contest_slice
2016,president,,Aiken - Windsor No. 82,Aiken - Windsor No. 82,1.0000,approved,high,autogen_identity_from_results_and_contest_slice
2016,president,,Allendale - Martin,Allendale - Martin,1.0000,approved,high,autogen_identity_from_results_and_contest_slice
2016,president,,Allendale - Sycamore,Allendale - Sycamore,1.0000,approved,high,autogen_identity_from_results_and_contest_slice
2016,president,,Allendale - Ulmer,Allendale - Ulmer,1.0000,approved,high,autogen_identity_from_results_and_contest_slice
2016,president,,Allendale - Woods,Allendale - Woods,1.0000,approved,high,autogen_identity_from_results_and_contest_slice
2016,president,,Anderson - Anderson 1/1,Anderson - Anderson 1/1,1.0000,approved,high,autogen_identity_from_results_and_contest_slice
2016,president,,Anderson - Anderson 1/2,Anderson - Anderson 1/2,1.0000,approved,high,autogen_identity_from_results_and_contest_slice
2016,president,,Anderson - Anderson 2/1,Anderson - Anderson 2/1,1.0000,approved,high,autogen_identity_from_results_and_contest_slice
2016,president,,Anderson - Anderson 2/2,Anderson - Anderson 2/2,1.0000,approved,high,autogen_identity_from_results_and_contest_slice
2016,president,,Anderson - Anderson 3/1,Anderson - Anderson 3/1,1.0000,approved,high,autogen_identity_from_results_and_contest_slice
2016,president,,Anderson - Anderson 3/2,Anderson - Anderson 3/2,1.0000,approved,high,autogen_identity_from_results_and_contest_slice
2016,president,,Anderson - Anderson 4/1,Anderson - Anderson 4/1,1.0000,approved,high,autogen_identity_from_results_and_contest_slice
2016,president,,Anderson - Anderson 4/2,Anderson - Anderson 4/2,1.0000,approved,high,autogen_identity_from_results_and_contest_slice
2016,president,,Anderson - Anderson 5/B,Anderson - Anderson 5/B,1.0000,approved,high,autogen_identity_from_results_and_contest_slice
2016,president,,Anderson - Anderson 6/1,Anderson - Anderson 6/1,1.0000,approved,high,autogen_identity_from_results_and_contest_slice
2016,president,,Anderson - Anderson 6/2,Anderson - Anderson 6/2,1.0000,approved,high,autogen_identity_from_results_and_contest_slice
2016,president,,Anderson - Appleton-Equinox,Anderson - Appleton-Equinox,1.0000,approved,high,autogen_identity_from_results_and_contest_slice
2016,president,,Anderson - Belton,Anderson - Belton,1.0000,approved,high,autogen_identity_from_results_and_contest_slice
2016,president,,Anderson - Belton Annex,Anderson - Belton Annex,1.0000,approved,high,autogen_identity_from_results_and_contest_slice
2016,president,,Anderson - Bishop'S Branch,Anderson - Bishop'S Branch,1.0000,approved,high,autogen_identity_from_results_and_contest_slice
2016,president,,Anderson - Bowling Green,Anderson - Bowling Green,1.0000,approved,high,autogen_identity_from_results_and_contest_slice
2016,president,,Anderson - Broadview,Anderson - Broadview,1.0000,approved,high,autogen_identity_from_results_and_contest_slice
2016,president,,Anderson - Broadway,Anderson - Broadway,1.0000,approved,high,autogen_identity_from_results_and_contest_slice
2016,president,,Anderson - Brushy Creek,Anderson - Brushy Creek,1.0000,approved,high,autogen_identity_from_results_and_contest_slice
2016,president,,Anderson - Cedar Grove,Anderson - Cedar Grove,1.0000,approved,high,autogen_identity_from_results_and_contest_slice
2016,president,,Anderson - Center Rock,Anderson - Center Rock,1.0000,approved,high,autogen_identity_from_results_and_contest_slice
2016,president,,Anderson - Centerville Station A,Anderson - Centerville Station A,1.0000,approved,high,autogen_identity_from_results_and_contest_slice
2016,president,,Anderson - Centerville Station B,Anderson - Centerville Station B,1.0000,approved,high,autogen_identity_from_results_and_contest_slice
2016,president,,Anderson - Chiquola Mill,Anderson - Chiquola Mill,1.0000,approved,high,autogen_identity_from_results_and_contest_slice
2016,president,,Anderson - Concrete,Anderson - Concrete,1.0000,approved,high,autogen_identity_from_results_and_contest_slice
2016,president,,Anderson - Craytonville,Anderson - Craytonville,1.0000,approved,high,autogen_identity_from_results_and_contest_slice
2016,president,,Anderson - Denver-Sandy Springs,Anderson - Denver-Sandy Springs,1.0000,approved,high,autogen_identity_from_results_and_contest_slice
2016,president,,Anderson - Edgewood Station A,Anderson - Edgewood Station A,1.0000,approved,high,autogen_identity_from_results_and_contest_slice
2016,president,,Anderson - Edgewood Station B,Anderson - Edgewood Station B,1.0000,approved,high,autogen_identity_from_results_and_contest_slice
2016,president,,Anderson - Five Forks,Anderson - Five Forks,1.0000,approved,high,autogen_identity_from_results_and_contest_slice
2016,president,,Anderson - Flat Rock,Anderson - Flat Rock,1.0000,approved,high,autogen_identity_from_results_and_contest_slice
2016,president,,Anderson - Friendship,Anderson - Friendship,1.0000,approved,high,autogen_identity_from_results_and_contest_slice
2016,president,,Anderson - Glenview,Anderson - Glenview,1.0000,approved,high,autogen_identity_from_results_and_contest_slice
2016,president,,Anderson - Gluck Mill,Anderson - Gluck Mill,1.0000,approved,high,autogen_identity_from_results_and_contest_slice
2016,president,,Anderson - Green Pond Station A,Anderson - Green Pond Station A,1.0000,approved,high,autogen_identity_from_results_and_contest_slice
2016,president,,Anderson - Hall,Anderson - Hall,1.0000,approved,high,autogen_identity_from_results_and_contest_slice
2016,president,,Anderson - Hammond Annex,Anderson - Hammond Annex,1.0000,approved,high,autogen_identity_from_results_and_contest_slice
2016,president,,Anderson - Hammond School,Anderson - Hammond School,1.0000,approved,high,autogen_identity_from_results_and_contest_slice
2016,president,,Anderson - High Point,Anderson - High Point,1.0000,approved,high,autogen_identity_from_results_and_contest_slice
2016,president,,Anderson - Homeland Park,Anderson - Homeland Park,1.0000,approved,high,autogen_identity_from_results_and_contest_slice
2016,president,,Anderson - Honea Path,Anderson - Honea Path,1.0000,approved,high,autogen_identity_from_results_and_contest_slice
2016,president,,Anderson - Hopewell,Anderson - Hopewell,1.0000,approved,high,autogen_identity_from_results_and_contest_slice
2016,president,,Anderson - Hunt Meadows,Anderson - Hunt Meadows,1.0000,approved,high,autogen_identity_from_results_and_contest_slice
2016,president,,Anderson - Iva,Anderson - Iva,1.0000,approved,high,autogen_identity_from_results_and_contest_slice
2016,president,,Anderson - Jackson Mill,Anderson - Jackson Mill,1.0000,approved,high,autogen_identity_from_results_and_contest_slice
2016,president,,Anderson - La France,Anderson - La France,1.0000,approved,high,autogen_identity_from_results_and_contest_slice
2016,president,,Anderson - Lakeside,Anderson - Lakeside,1.0000,approved,high,autogen_identity_from_results_and_contest_slice
2016,president,,Anderson - Melton,Anderson - Melton,1.0000,approved,high,autogen_identity_from_results_and_contest_slice
2016,president,,Anderson - Mount Tabor,Anderson - Mount Tabor,1.0000,approved,high,autogen_identity_from_results_and_contest_slice
2016,president,,Anderson - Mountain Creek,Anderson - Mountain Creek,1.0000,approved,high,autogen_identity_from_results_and_contest_slice
2016,president,,Anderson - Mt. Airy,Anderson - Mt. Airy,1.0000,approved,high,autogen_identity_from_results_and_contest_slice
2016,president,,Anderson - Neal'S Creek,Anderson - Neal'S Creek,1.0000,approved,high,autogen_identity_from_results_and_contest_slice
2016,president,,Anderson - Pelzer,Anderson - Pelzer,1.0000,approved,high,autogen_identity_from_results_and_contest_slice
2016,president,,Anderson - Pendleton,Anderson - Pendleton,1.0000,approved,high,autogen_identity_from_results_and_contest_slice
2016,president,,Anderson - Piedmont,Anderson - Piedmont,1.0000,approved,high,autogen_identity_from_results_and_contest_slice
2016,president,,Anderson - Piercetown,Anderson - Piercetown,1.0000,approved,high,autogen_identity_from_results_and_contest_slice
2016,president,,Anderson - Powdersville,Anderson - Powdersville,1.0000,approved,high,autogen_identity_from_results_and_contest_slice
2016,president,,Anderson - Rock Mill,Anderson - Rock Mill,1.0000,approved,high,autogen_identity_from_results_and_contest_slice
2016,president,,Anderson - Rock Spring,Anderson - Rock Spring,1.0000,approved,high,autogen_identity_from_results_and_contest_slice
2016,president,,Anderson - Shirley'S Store,Anderson - Shirley'S Store,1.0000,approved,high,autogen_identity_from_results_and_contest_slice
2016,president,,Anderson - Simpsonville,Anderson - Simpsonville,1.0000,approved,high,autogen_identity_from_results_and_contest_slice
2016,president,,Anderson - Starr,Anderson - Starr,1.0000,approved,high,autogen_identity_from_results_and_contest_slice
2016,president,,Anderson - Three And Twenty,Anderson - Three And Twenty,1.0000,approved,high,autogen_identity_from_results_and_contest_slice
2016,president,,Anderson - Toney Creek,Anderson - Toney Creek,1.0000,approved,high,autogen_identity_from_results_and_contest_slice
2016,president,,Anderson - Town Creek,Anderson - Town Creek,1.0000,approved,high,autogen_identity_from_results_and_contest_slice
2016,president,,Anderson - Townville,Anderson - Townville,1.0000,approved,high,autogen_identity_from_results_and_contest_slice
2016,president,,Anderson - Varennes,Anderson - Varennes,1.0000,approved,high,autogen_identity_from_results_and_contest_slice
2016,president,,Anderson - West Pelzer,Anderson - West Pelzer,1.0000,approved,high,autogen_identity_from_results_and_contest_slice
2016,president,,Anderson - West Savannah,Anderson - West Savannah,1.0000,approved,high,autogen_identity_from_results_and_contest_slice
2016,president,,Anderson - White Plains,Anderson - White Plains,1.0000,approved,high,autogen_identity_from_results_and_contest_slice
2016,president,,Anderson - Williamston,Anderson - Williamston,1.0000,approved,high,autogen_identity_from_results_and_contest_slice
2016,president,,Anderson - Williamston Mill,Anderson - Williamston Mill,1.0000,approved,high,autogen_identity_from_results_and_contest_slice
2016,president,,Anderson - Wright'S School,Anderson - Wright'S School,1.0000,approved,high,autogen_identity_from_results_and_contest_slice
2016,president,,Bamberg - Colston,Bamberg - Colston,1.0000,approved,high,autogen_identity_from_results_and_contest_slice
2016,president,,Bamberg - East Denmark,Bamberg - East Denmark,1.0000,approved,high,autogen_identity_from_results_and_contest_slice
2016,president,,Bamberg - Edisto,Bamberg - Edisto,1.0000,approved,high,autogen_identity_from_results_and_contest_slice
2016,president,,Bamberg - Ehrhardt,Bamberg - Ehrhardt,1.0000,approved,high,autogen_identity_from_results_and_contest_slice
2016,president,,Bamberg - Govan,Bamberg - Govan,1.0000,approved,high,autogen_identity_from_results_and_contest_slice
2016,president,,Bamberg - Hightowers Mill,Bamberg - Hightowers Mill,1.0000,approved,high,autogen_identity_from_results_and_contest_slice
2016,president,,Bamberg - Hunter'S Chapel,Bamberg - Hunter'S Chapel,1.0000,approved,high,autogen_identity_from_results_and_contest_slice
2016,president,,Bamberg - Kearse,Bamberg - Kearse,1.0000,approved,high,autogen_identity_from_results_and_contest_slice
2016,president,,Bamberg - Little Swamp,Bamberg - Little Swamp,1.0000,approved,high,autogen_identity_from_results_and_contest_slice
2016,president,,Bamberg - North Bamberg,Bamberg - North Bamberg,1.0000,approved,high,autogen_identity_from_results_and_contest_slice
2016,president,,Bamberg - Olar,Bamberg - Olar,1.0000,approved,high,autogen_identity_from_results_and_contest_slice
2016,president,,Bamberg - South Bamberg,Bamberg - South Bamberg,1.0000,approved,high,autogen_identity_from_results_and_contest_slice
2016,president,,Bamberg - West Denmark,Bamberg - West Denmark,1.0000,approved,high,autogen_identity_from_results_and_contest_slice
2016,president,,Barnwell - Elko,Barnwell - Elko,1.0000,approved,high,autogen_identity_from_results_and_contest_slice
2016,president,,Barnwell - Friendship,Barnwell - Friendship,1.0000,approved,high,autogen_identity_from_results_and_contest_slice
2016,president,,Barnwell - Healing Springs,Barnwell - Healing Springs,1.0000,approved,high,autogen_identity_from_results_and_contest_slice
2016,president,,Barnwell - Hilda,Barnwell - Hilda,1.0000,approved,high,autogen_identity_from_results_and_contest_slice
2016,president,,Barnwell - Kline,Barnwell - Kline,1.0000,approved,high,autogen_identity_from_results_and_contest_slice
2016,president,,Barnwell - Snelling,Barnwell - Snelling,1.0000,approved,high,autogen_identity_from_results_and_contest_slice
2016,president,,Beaufort - Beaufort 1,Beaufort - Beaufort 1,1.0000,approved,high,autogen_identity_from_results_and_contest_slice
2016,president,,Beaufort - Beaufort 2,Beaufort - Beaufort 2,1.0000,approved,high,autogen_identity_from_results_and_contest_slice
2016,president,,Beaufort - Beaufort 3,Beaufort - Beaufort 3,1.0000,approved,high,autogen_identity_from_results_and_contest_slice
2016,president,,Beaufort - Belfair,Beaufort - Belfair,1.0000,approved,high,autogen_identity_from_results_and_contest_slice
2016,president,,Beaufort - Bluffton 1A,Beaufort - Bluffton 1A,1.0000,approved,high,autogen_identity_from_results_and_contest_slice
2016,president,,Beaufort - Bluffton 1B,Beaufort - Bluffton 1B,1.0000,approved,high,autogen_identity_from_results_and_contest_slice
2016,president,,Beaufort - Bluffton 1C,Beaufort - Bluffton 1C,1.0000,approved,high,autogen_identity_from_results_and_contest_slice
2016,president,,Beaufort - Bluffton 1D,Beaufort - Bluffton 1D,1.0000,approved,high,autogen_identity_from_results_and_contest_slice
2016,president,,Beaufort - Bluffton 2A,Beaufort - Bluffton 2A,1.0000,approved,high,autogen_identity_from_results_and_contest_slice
2016,president,,Beaufort - Bluffton 2B,Beaufort - Bluffton 2B,1.0000,approved,high,autogen_identity_from_results_and_contest_slice
2016,president,,Beaufort - Bluffton 2C,Beaufort - Bluffton 2C,1.0000,approved,high,autogen_identity_from_results_and_contest_slice
2016,president,,Beaufort - Bluffton 2D,Beaufort - Bluffton 2D,1.0000,approved,high,autogen_identity_from_results_and_contest_slice
2016,president,,Beaufort - Bluffton 2E,Beaufort - Bluffton 2E,1.0000,approved,high,autogen_identity_from_results_and_contest_slice
2016,president,,Beaufort - Bluffton 3,Beaufort - Bluffton 3,1.0000,approved,high,autogen_identity_from_results_and_contest_slice
2016,president,,Beaufort - Bluffton 4A,Beaufort - Bluffton 4A,1.0000,approved,high,autogen_identity_from_results_and_contest_slice
2016,president,,Beaufort - Bluffton 4B,Beaufort - Bluffton 4B,1.0000,approved,high,autogen_identity_from_results_and_contest_slice
2016,president,,Beaufort - Bluffton 4C,Beaufort - Bluffton 4C,1.0000,approved,high,autogen_identity_from_results_and_contest_slice
2016,president,,Beaufort - Bluffton 4D,Beaufort - Bluffton 4D,1.0000,approved,high,autogen_identity_from_results_and_contest_slice
2016,president,,Beaufort - Bluffton 5A,Beaufort - Bluffton 5A,1.0000,approved,high,autogen_identity_from_results_and_contest_slice
2016,president,,Beaufort - Bluffton 5B,Beaufort - Bluffton 5B,1.0000,approved,high,autogen_identity_from_results_and_contest_slice
2016,president,,Beaufort - Burton 1A,Beaufort - Burton 1A,1.0000,approved,high,autogen_identity_from_results_and_contest_slice
2016,president,,Beaufort - Burton 1B,Beaufort - Burton 1B,1.0000,approved,high,autogen_identity_from_results_and_contest_slice
2016,president,,Beaufort - Burton 1C,Beaufort - Burton 1C,1.0000,approved,high,autogen_identity_from_results_and_contest_slice
2016,president,,Beaufort - Burton 1D,Beaufort - Burton 1D,1.0000,approved,high,autogen_identity_from_results_and_contest_slice
2016,president,,Beaufort - Burton 2A,Beaufort - Burton 2A,1.0000,approved,high,autogen_identity_from_results_and_contest_slice
2016,president,,Beaufort - Burton 2B,Beaufort - Burton 2B,1.0000,approved,high,autogen_identity_from_results_and_contest_slice
2016,president,,Beaufort - Burton 2C,Beaufort - Burton 2C,1.0000,approved,high,autogen_identity_from_results_and_contest_slice
2016,president,,Beaufort - Burton 3,Beaufort - Burton 3,1.0000,approved,high,autogen_identity_from_results_and_contest_slice
2016,president,,Beaufort - Chechessee 1,Beaufort - Chechessee 1,1.0000,approved,high,autogen_identity_from_results_and_contest_slice
2016,president,,Beaufort - Chechessee 2,Beaufort - Chechessee 2,1.0000,approved,high,autogen_identity_from_results_and_contest_slice
2016,president,,Beaufort - Dale Lobeco,Beaufort - Dale Lobeco,1.0000,approved,high,autogen_identity_from_results_and_contest_slice
2016,president,,Beaufort - Daufuskie,Beaufort - Daufuskie,1.0000,approved,high,autogen_identity_from_results_and_contest_slice
2016,president,,Beaufort - Hilton Head 10,Beaufort - Hilton Head 10,1.0000,approved,high,autogen_identity_from_results_and_contest_slice
2016,president,,Beaufort - Hilton Head 11,Beaufort - Hilton Head 11,1.0000,approved,high,autogen_identity_from_results_and_contest_slice
2016,president,,Beaufort - Hilton Head 12,Beaufort - Hilton Head 12,1.0000,approved,high,autogen_identity_from_results_and_contest_slice
2016,president,,Beaufort - Hilton Head 13,Beaufort - Hilton Head 13,1.0000,approved,high,autogen_identity_from_results_and_contest_slice
2016,president,,Beaufort - Hilton Head 14,Beaufort - Hilton Head 14,1.0000,approved,high,autogen_identity_from_results_and_contest_slice
2016,president,,Beaufort - Hilton Head 15A,Beaufort - Hilton Head 15A,1.0000,approved,high,autogen_identity_from_results_and_contest_slice
2016,president,,Beaufort - Hilton Head 15B,Beaufort - Hilton Head 15B,1.0000,approved,high,autogen_identity_from_results_and_contest_slice
2016,president,,Beaufort - Hilton Head 1A,Beaufort - Hilton Head 1A,1.0000,approved,high,autogen_identity_from_results_and_contest_slice
2016,president,,Beaufort - Hilton Head 1B,Beaufort - Hilton Head 1B,1.0000,approved,high,autogen_identity_from_results_and_contest_slice
2016,president,,Beaufort - Hilton Head 2A,Beaufort - Hilton Head 2A,1.0000,approved,high,autogen_identity_from_results_and_contest_slice
2016,president,,Beaufort - Hilton Head 2B,Beaufort - Hilton Head 2B,1.0000,approved,high,autogen_identity_from_results_and_contest_slice
2016,president,,Beaufort - Hilton Head 2C,Beaufort - Hilton Head 2C,1.0000,approved,high,autogen_identity_from_results_and_contest_slice
2016,president,,Beaufort - Hilton Head 3,Beaufort - Hilton Head 3,1.0000,approved,high,autogen_identity_from_results_and_contest_slice
2016,president,,Beaufort - Hilton Head 4A,Beaufort - Hilton Head 4A,1.0000,approved,high,autogen_identity_from_results_and_contest_slice
2016,president,,Beaufort - Hilton Head 4B,Beaufort - Hilton Head 4B,1.0000,approved,high,autogen_identity_from_results_and_contest_slice
2016,president,,Beaufort - Hilton Head 4C,Beaufort - Hilton Head 4C,1.0000,approved,high,autogen_identity_from_results_and_contest_slice
2016,president,,Beaufort - Hilton Head 4D,Beaufort - Hilton Head 4D,1.0000,approved,high,autogen_identity_from_results_and_contest_slice
2016,president,,Beaufort - Hilton Head 5A,Beaufort - Hilton Head 5A,1.0000,approved,high,autogen_identity_from_results_and_contest_slice
2016,president,,Beaufort - Hilton Head 5B,Beaufort - Hilton Head 5B,1.0000,approved,high,autogen_identity_from_results_and_contest_slice
2016,president,,Beaufort - Hilton Head 5C,Beaufort - Hilton Head 5C,1.0000,approved,high,autogen_identity_from_results_and_contest_slice
2016,president,,Beaufort - Hilton Head 6,Beaufort - Hilton Head 6,1.0000,approved,high,autogen_identity_from_results_and_contest_slice
2016,president,,Beaufort - Hilton Head 7A,Beaufort - Hilton Head 7A,1.0000,approved,high,autogen_identity_from_results_and_contest_slice
2016,president,,Beaufort - Hilton Head 7B,Beaufort - Hilton Head 7B,1.0000,approved,high,autogen_identity_from_results_and_contest_slice
2016,president,,Beaufort - Hilton Head 8,Beaufort - Hilton Head 8,1.0000,approved,high,autogen_identity_from_results_and_contest_slice
2016,president,,Beaufort - Hilton Head 9A,Beaufort - Hilton Head 9A,1.0000,approved,high,autogen_identity_from_results_and_contest_slice
2016,president,,Beaufort - Hilton Head 9B,Beaufort - Hilton Head 9B,1.0000,approved,high,autogen_identity_from_results_and_contest_slice
2016,president,,Beaufort - Ladys Island 1A,Beaufort - Ladys Island 1A,1.0000,approved,high,autogen_identity_from_results_and_contest_slice
2016,president,,Beaufort - Ladys Island 1B,Beaufort - Ladys Island 1B,1.0000,approved,high,autogen_identity_from_results_and_contest_slice
2016,president,,Beaufort - Ladys Island 2A,Beaufort - Ladys Island 2A,1.0000,approved,high,autogen_identity_from_results_and_contest_slice
2016,president,,Beaufort - Ladys Island 2B,Beaufort - Ladys Island 2B,1.0000,approved,high,autogen_identity_from_results_and_contest_slice
2016,president,,Beaufort - Ladys Island 2C,Beaufort - Ladys Island 2C,1.0000,approved,high,autogen_identity_from_results_and_contest_slice
2016,president,,Beaufort - Ladys Island 3A,Beaufort - Ladys Island 3A,1.0000,approved,high,autogen_identity_from_results_and_contest_slice
2016,president,,Beaufort - Ladys Island 3B,Beaufort - Ladys Island 3B,1.0000,approved,high,autogen_identity_from_results_and_contest_slice
2016,president,,Beaufort - Ladys Island 3C,Beaufort - Ladys Island 3C,1.0000,approved,high,autogen_identity_from_results_and_contest_slice
2016,president,,Beaufort - Moss Creek,Beaufort - Moss Creek,1.0000,approved,high,autogen_identity_from_results_and_contest_slice
2016,president,,Beaufort - Mossy Oaks 1A,Beaufort - Mossy Oaks 1A,1.0000,approved,high,autogen_identity_from_results_and_contest_slice
2016,president,,Beaufort - Mossy Oaks 1B,Beaufort - Mossy Oaks 1B,1.0000,approved,high,autogen_identity_from_results_and_contest_slice
2016,president,,Beaufort - Mossy Oaks 2,Beaufort - Mossy Oaks 2,1.0000,approved,high,autogen_identity_from_results_and_contest_slice
2016,president,,Beaufort - Port Royal 1,Beaufort - Port Royal 1,1.0000,approved,high,autogen_identity_from_results_and_contest_slice
2016,president,,Beaufort - Port Royal 2,Beaufort - Port Royal 2,1.0000,approved,high,autogen_identity_from_results_and_contest_slice
2016,president,,Beaufort - Rose Hill,Beaufort - Rose Hill,1.0000,approved,high,autogen_identity_from_results_and_contest_slice
2016,president,,Beaufort - Seabrook 1,Beaufort - Seabrook 1,1.0000,approved,high,autogen_identity_from_results_and_contest_slice
2016,president,,Beaufort - Seabrook 2,Beaufort - Seabrook 2,1.0000,approved,high,autogen_identity_from_results_and_contest_slice
2016,president,,Beaufort - Seabrook 3,Beaufort - Seabrook 3,1.0000,approved,high,autogen_identity_from_results_and_contest_slice
2016,president,,Beaufort - Sheldon 1,Beaufort - Sheldon 1,1.0000,approved,high,autogen_identity_from_results_and_contest_slice
2016,president,,Beaufort - Sheldon 2,Beaufort - Sheldon 2,1.0000,approved,high,autogen_identity_from_results_and_contest_slice
2016,president,,Beaufort - Sun City 1,Beaufort - Sun City 1,1.0000,approved,high,autogen_identity_from_results_and_contest_slice
2016,president,,Beaufort - Sun City 2,Beaufort - Sun City 2,1.0000,approved,high,autogen_identity_from_results_and_contest_slice
2016,president,,Beaufort - Sun City 3,Beaufort - Sun City 3,1.0000,approved,high,autogen_identity_from_results_and_contest_slice
2016,president,,Beaufort - Sun City 4,Beaufort - Sun City 4,1.0000,approved,high,autogen_identity_from_results_and_contest_slice
2016,president,,Beaufort - Sun City 5,Beaufort - Sun City 5,1.0000,approved,high,autogen_identity_from_results_and_contest_slice
2016,president,,Beaufort - Sun City 6,Beaufort - Sun City 6,1.0000,approved,high,autogen_identity_from_results_and_contest_slice
2016,president,,Beaufort - Sun City 7,Beaufort - Sun City 7,1.0000,approved,high,autogen_identity_from_results_and_contest_slice
2016,president,,Beaufort - Sun City 8,Beaufort - Sun City 8,1.0000,approved,high,autogen_identity_from_results_and_contest_slice
2016,president,,Berkeley - Alvin,Berkeley - Alvin,1.0000,approved,high,autogen_identity_from_results_and_contest_slice
2016,president,,Berkeley - Bethera,Berkeley - Bethera,1.0000,approved,high,autogen_identity_from_results_and_contest_slice
2016,president,,Berkeley - Beverly Hills,Berkeley - Beverly Hills,1.0000,approved,high,autogen_identity_from_results_and_contest_slice
2016,president,,Berkeley - Bonneau,Berkeley - Bonneau,1.0000,approved,high,autogen_identity_from_results_and_contest_slice
2016,president,,Berkeley - Bonneau Beach,Berkeley - Bonneau Beach,1.0000,approved,high,autogen_identity_from_results_and_contest_slice
2016,president,,Berkeley - Cainhoy,Berkeley - Cainhoy,1.0000,approved,high,autogen_identity_from_results_and_contest_slice
2016,president,,Berkeley - Carnes Cross Road 2,Berkeley - Carnes Cross Road 2,1.0000,approved,high,autogen_identity_from_results_and_contest_slice
2016,president,,Berkeley - Central,Berkeley - Central,1.0000,approved,high,autogen_identity_from_results_and_contest_slice
2016,president,,Berkeley - Cordesville,Berkeley - Cordesville,1.0000,approved,high,autogen_identity_from_results_and_contest_slice
2016,president,,Berkeley - Cross,Berkeley - Cross,1.0000,approved,high,autogen_identity_from_results_and_contest_slice
2016,president,,Berkeley - Daniel Island 1,Berkeley - Daniel Island 1,1.0000,approved,high,autogen_identity_from_results_and_contest_slice
2016,president,,Berkeley - Daniel Island 2,Berkeley - Daniel Island 2,1.0000,approved,high,autogen_identity_from_results_and_contest_slice
2016,president,,Berkeley - Daniel Island 3,Berkeley - Daniel Island 3,1.0000,approved,high,autogen_identity_from_results_and_contest_slice
2016,president,,Berkeley - Daniel Island 4,Berkeley - Daniel Island 4,1.0000,approved,high,autogen_identity_from_results_and_contest_slice
2016,president,,Berkeley - Devon Forest 1,Berkeley - Devon Forest 1,1.0000,approved,high,autogen_identity_from_results_and_contest_slice
2016,president,,Berkeley - Devon Forest 2,Berkeley - Devon Forest 2,1.0000,approved,high,autogen_identity_from_results_and_contest_slice
2016,president,,Berkeley - Discovery,Berkeley - Discovery,1.0000,approved,high,autogen_identity_from_results_and_contest_slice
2016,president,,Berkeley - Eadytown,Berkeley - Eadytown,1.0000,approved,high,autogen_identity_from_results_and_contest_slice
2016,president,,Berkeley - Foster Creek 1,Berkeley - Foster Creek 1,1.0000,approved,high,autogen_identity_from_results_and_contest_slice
2016,president,,Berkeley - Foster Creek 2,Berkeley - Foster Creek 2,1.0000,approved,high,autogen_identity_from_results_and_contest_slice
2016,president,,Berkeley - Foster Creek 3,Berkeley - Foster Creek 3,1.0000,approved,high,autogen_identity_from_results_and_contest_slice
2016,president,,Berkeley - Fox Bank,Berkeley - Fox Bank,1.0000,approved,high,autogen_identity_from_results_and_contest_slice
2016,president,,Berkeley - Hanahan 1,Berkeley - Hanahan 1,1.0000,approved,high,autogen_identity_from_results_and_contest_slice
2016,president,,Berkeley - Hanahan 2,Berkeley - Hanahan 2,1.0000,approved,high,autogen_identity_from_results_and_contest_slice
2016,president,,Berkeley - Hanahan 3,Berkeley - Hanahan 3,1.0000,approved,high,autogen_identity_from_results_and_contest_slice
2016,president,,Berkeley - Hanahan 4,Berkeley - Hanahan 4,1.0000,approved,high,autogen_identity_from_results_and_contest_slice
2016,president,,Berkeley - Hanahan 5,Berkeley - Hanahan 5,1.0000,approved,high,autogen_identity_from_results_and_contest_slice
2016,president,,Berkeley - Harbour Lake,Berkeley - Harbour Lake,1.0000,approved,high,autogen_identity_from_results_and_contest_slice
2016,president,,Berkeley - Hilton Cross Rd,Berkeley - Hilton Cross Rd,1.0000,approved,high,autogen_identity_from_results_and_contest_slice
2016,president,,Berkeley - Howe Hall 1,Berkeley - Howe Hall 1,1.0000,approved,high,autogen_identity_from_results_and_contest_slice
2016,president,,Berkeley - Howe Hall 2,Berkeley - Howe Hall 2,1.0000,approved,high,autogen_identity_from_results_and_contest_slice
2016,president,,Berkeley - Huger,Berkeley - Huger,1.0000,approved,high,autogen_identity_from_results_and_contest_slice
2016,president,,Berkeley - Jamestown,Berkeley - Jamestown,1.0000,approved,high,autogen_identity_from_results_and_contest_slice
2016,president,,Berkeley - Lebanon,Berkeley - Lebanon,1.0000,approved,high,autogen_identity_from_results_and_contest_slice
2016,president,,Berkeley - Liberty Hall,Berkeley - Liberty Hall,1.0000,approved,high,autogen_identity_from_results_and_contest_slice
2016,president,,Berkeley - Macedonia,Berkeley - Macedonia,1.0000,approved,high,autogen_identity_from_results_and_contest_slice
2016,president,,Berkeley - Mcbeth,Berkeley - Mcbeth,1.0000,approved,high,autogen_identity_from_results_and_contest_slice
2016,president,,Berkeley - Medway,Berkeley - Medway,1.0000,approved,high,autogen_identity_from_results_and_contest_slice
2016,president,,Berkeley - Moncks Corner 1,Berkeley - Moncks Corner 1,1.0000,approved,high,autogen_identity_from_results_and_contest_slice
2016,president,,Berkeley - Moncks Corner 2,Berkeley - Moncks Corner 2,1.0000,approved,high,autogen_identity_from_results_and_contest_slice
2016,president,,Berkeley - Moncks Corner 3,Berkeley - Moncks Corner 3,1.0000,approved,high,autogen_identity_from_results_and_contest_slice
2016,president,,Berkeley - Moncks Corner 4,Berkeley - Moncks Corner 4,1.0000,approved,high,autogen_identity_from_results_and_contest_slice
2016,president,,Berkeley - Moultrie,Berkeley - Moultrie,1.0000,approved,high,autogen_identity_from_results_and_contest_slice
2016,president,,Berkeley - Old 52,Berkeley - Old 52,1.0000,approved,high,autogen_identity_from_results_and_contest_slice
2016,president,,Berkeley - Pimlico,Berkeley - Pimlico,1.0000,approved,high,autogen_identity_from_results_and_contest_slice
2016,president,,Berkeley - Pinopolis,Berkeley - Pinopolis,1.0000,approved,high,autogen_identity_from_results_and_contest_slice
2016,president,,Berkeley - Royle,Berkeley - Royle,1.0000,approved,high,autogen_identity_from_results_and_contest_slice
2016,president,,Berkeley - Russellville,Berkeley - Russellville,1.0000,approved,high,autogen_identity_from_results_and_contest_slice
2016,president,,Berkeley - Sangaree 1,Berkeley - Sangaree 1,1.0000,approved,high,autogen_identity_from_results_and_contest_slice
2016,president,,Berkeley - Sangaree 2,Berkeley - Sangaree 2,1.0000,approved,high,autogen_identity_from_results_and_contest_slice
2016,president,,Berkeley - Sangaree 3,Berkeley - Sangaree 3,1.0000,approved,high,autogen_identity_from_results_and_contest_slice
2016,president,,Berkeley - Sedgefield 1,Berkeley - Sedgefield 1,1.0000,approved,high,autogen_identity_from_results_and_contest_slice
2016,president,,Berkeley - Sedgefield 2,Berkeley - Sedgefield 2,1.0000,approved,high,autogen_identity_from_results_and_contest_slice
2016,president,,Berkeley - Seventy Eight,Berkeley - Seventy Eight,1.0000,approved,high,autogen_identity_from_results_and_contest_slice
2016,president,,Berkeley - Shulerville,Berkeley - Shulerville,1.0000,approved,high,autogen_identity_from_results_and_contest_slice
2016,president,,Berkeley - St. James,Berkeley - St. James,1.0000,approved,high,autogen_identity_from_results_and_contest_slice
2016,president,,Berkeley - St. Stephen 1,Berkeley - St. Stephen 1,1.0000,approved,high,autogen_identity_from_results_and_contest_slice
2016,president,,Berkeley - St. Stephen 2,Berkeley - St. Stephen 2,1.0000,approved,high,autogen_identity_from_results_and_contest_slice
2016,president,,Berkeley - Stone Lake,Berkeley - Stone Lake,1.0000,approved,high,autogen_identity_from_results_and_contest_slice
2016,president,,Berkeley - Stratford 1,Berkeley - Stratford 1,1.0000,approved,high,autogen_identity_from_results_and_contest_slice
2016,president,,Berkeley - Stratford 2,Berkeley - Stratford 2,1.0000,approved,high,autogen_identity_from_results_and_contest_slice
2016,president,,Berkeley - Stratford 3,Berkeley - Stratford 3,1.0000,approved,high,autogen_identity_from_results_and_contest_slice
2016,president,,Berkeley - Stratford 4,Berkeley - Stratford 4,1.0000,approved,high,autogen_identity_from_results_and_contest_slice
2016,president,,Berkeley - Stratford 5,Berkeley - Stratford 5,1.0000,approved,high,autogen_identity_from_results_and_contest_slice
2016,president,,Berkeley - The Village,Berkeley - The Village,1.0000,approved,high,autogen_identity_from_results_and_contest_slice
2016,president,,Berkeley - Tramway,Berkeley - Tramway,1.0000,approved,high,autogen_identity_from_results_and_contest_slice
2016,president,,Berkeley - Wassamassaw 1,Berkeley - Wassamassaw 1,1.0000,approved,high,autogen_identity_from_results_and_contest_slice
2016,president,,Berkeley - Wassamassaw 2,Berkeley - Wassamassaw 2,1.0000,approved,high,autogen_identity_from_results_and_contest_slice
2016,president,,Berkeley - Weatherstone,Berkeley - Weatherstone,1.0000,approved,high,autogen_identity_from_results_and_contest_slice
2016,president,,Berkeley - Westview 1,Berkeley - Westview 1,1.0000,approved,high,autogen_identity_from_results_and_contest_slice
2016,president,,Berkeley - Westview 2,Berkeley - Westview 2,1.0000,approved,high,autogen_identity_from_results_and_contest_slice
2016,president,,Berkeley - Westview 3,Berkeley - Westview 3,1.0000,approved,high,autogen_identity_from_results_and_contest_slice
2016,president,,Berkeley - Westview 4,Berkeley - Westview 4,1.0000,approved,high,autogen_identity_from_results_and_contest_slice
2016,president,,Berkeley - Whitesville 1,Berkeley - Whitesville 1,1.0000,approved,high,autogen_identity_from_results_and_contest_slice
2016,president,,Berkeley - Whitesville 2,Berkeley - Whitesville 2,1.0000,approved,high,autogen_identity_from_results_and_contest_slice
2016,president,,Berkeley - Yellow House,Berkeley - Yellow House,1.0000,approved,high,autogen_identity_from_results_and_contest_slice
2016,president,,Calhoun - Bethel,Calhoun - Bethel,1.0000,approved,high,autogen_identity_from_results_and_contest_slice
2016,president,,Calhoun - Cameron,Calhoun - Cameron,1.0000,approved,high,autogen_identity_from_results_and_contest_slice
2016,president,,Calhoun - Center Hill,Calhoun - Center Hill,1.0000,approved,high,autogen_identity_from_results_and_contest_slice
2016,president,,Calhoun - Creston,Calhoun - Creston,1.0000,approved,high,autogen_identity_from_results_and_contest_slice
2016,president,,Calhoun - Dixie,Calhoun - Dixie,1.0000,approved,high,autogen_identity_from_results_and_contest_slice
2016,president,,Calhoun - Fall Branch,Calhoun - Fall Branch,1.0000,approved,high,autogen_identity_from_results_and_contest_slice
2016,president,,Calhoun - Fort Motte,Calhoun - Fort Motte,1.0000,approved,high,autogen_identity_from_results_and_contest_slice
2016,president,,Calhoun - Lone Star,Calhoun - Lone Star,1.0000,approved,high,autogen_identity_from_results_and_contest_slice
2016,president,,Calhoun - Midway,Calhoun - Midway,1.0000,approved,high,autogen_identity_from_results_and_contest_slice
2016,president,,Calhoun - Sandy Run,Calhoun - Sandy Run,1.0000,approved,high,autogen_identity_from_results_and_contest_slice
2016,president,,Calhoun - St. Matthews,Calhoun - St. Matthews,1.0000,approved,high,autogen_identity_from_results_and_contest_slice
2016,president,,Charleston - Awendaw,Charleston - Awendaw,1.0000,approved,high,autogen_identity_from_results_and_contest_slice
2016,president,,Charleston - Charleston 1,Charleston - Charleston 1,1.0000,approved,high,autogen_identity_from_results_and_contest_slice
2016,president,,Charleston - Charleston 10,Charleston - Charleston 10,1.0000,approved,high,autogen_identity_from_results_and_contest_slice
2016,president,,Charleston - Charleston 11,Charleston - Charleston 11,1.0000,approved,high,autogen_identity_from_results_and_contest_slice
2016,president,,Charleston - Charleston 12,Charleston - Charleston 12,1.0000,approved,high,autogen_identity_from_results_and_contest_slice
2016,president,,Charleston - Charleston 13,Charleston - Charleston 13,1.0000,approved,high,autogen_identity_from_results_and_contest_slice
2016,president,,Charleston - Charleston 14,Charleston - Charleston 14,1.0000,approved,high,autogen_identity_from_results_and_contest_slice
2016,president,,Charleston - Charleston 15,Charleston - Charleston 15,1.0000,approved,high,autogen_identity_from_results_and_contest_slice
2016,president,,Charleston - Charleston 16,Charleston - Charleston 16,1.0000,approved,high,autogen_identity_from_results_and_contest_slice
2016,president,,Charleston - Charleston 17,Charleston - Charleston 17,1.0000,approved,high,autogen_identity_from_results_and_contest_slice
2016,president,,Charleston - Charleston 18,Charleston - Charleston 18,1.0000,approved,high,autogen_identity_from_results_and_contest_slice
2016,president,,Charleston - Charleston 19,Charleston - Charleston 19,1.0000,approved,high,autogen_identity_from_results_and_contest_slice
2016,president,,Charleston - Charleston 2,Charleston - Charleston 2,1.0000,approved,high,autogen_identity_from_results_and_contest_slice
2016,president,,Charleston - Charleston 20,Charleston - Charleston 20,1.0000,approved,high,autogen_identity_from_results_and_contest_slice
2016,president,,Charleston - Charleston 21,Charleston - Charleston 21,1.0000,approved,high,autogen_identity_from_results_and_contest_slice
2016,president,,Charleston - Charleston 3,Charleston - Charleston 3,1.0000,approved,high,autogen_identity_from_results_and_contest_slice
2016,president,,Charleston - Charleston 4,Charleston - Charleston 4,1.0000,approved,high,autogen_identity_from_results_and_contest_slice
2016,president,,Charleston - Charleston 5,Charleston - Charleston 5,1.0000,approved,high,autogen_identity_from_results_and_contest_slice
2016,president,,Charleston - Charleston 6,Charleston - Charleston 6,1.0000,approved,high,autogen_identity_from_results_and_contest_slice
2016,president,,Charleston - Charleston 7,Charleston - Charleston 7,1.0000,approved,high,autogen_identity_from_results_and_contest_slice
2016,president,,Charleston - Charleston 8,Charleston - Charleston 8,1.0000,approved,high,autogen_identity_from_results_and_contest_slice
2016,president,,Charleston - Charleston 9,Charleston - Charleston 9,1.0000,approved,high,autogen_identity_from_results_and_contest_slice
2016,president,,Charleston - Christ Church,Charleston - Christ Church,1.0000,approved,high,autogen_identity_from_results_and_contest_slice
2016,president,,Charleston - Deer Park 1A,Charleston - Deer Park 1A,1.0000,approved,high,autogen_identity_from_results_and_contest_slice
2016,president,,Charleston - Deer Park 1B,Charleston - Deer Park 1B,1.0000,approved,high,autogen_identity_from_results_and_contest_slice
2016,president,,Charleston - Deer Park 2A,Charleston - Deer Park 2A,1.0000,approved,high,autogen_identity_from_results_and_contest_slice
2016,president,,Charleston - Deer Park 2B,Charleston - Deer Park 2B,1.0000,approved,high,autogen_identity_from_results_and_contest_slice
2016,president,,Charleston - Deer Park 2C,Charleston - Deer Park 2C,1.0000,approved,high,autogen_identity_from_results_and_contest_slice
2016,president,,Charleston - Edisto Island,Charleston - Edisto Island,1.0000,approved,high,autogen_identity_from_results_and_contest_slice
2016,president,,Charleston - Folly Beach 1,Charleston - Folly Beach 1,1.0000,approved,high,autogen_identity_from_results_and_contest_slice
2016,president,,Charleston - Folly Beach 2,Charleston - Folly Beach 2,1.0000,approved,high,autogen_identity_from_results_and_contest_slice
2016,president,,Charleston - Isle Of Palms 1A,Charleston - Isle Of Palms 1A,1.0000,approved,high,autogen_identity_from_results_and_contest_slice
2016,president,,Charleston - Isle Of Palms 1B,Charleston - Isle Of Palms 1B,1.0000,approved,high,autogen_identity_from_results_and_contest_slice
2016,president,,Charleston - Isle Of Palms 1C,Charleston - Isle Of Palms 1C,1.0000,approved,high,autogen_identity_from_results_and_contest_slice
2016,president,,Charleston - James Island 10,Charleston - James Island 10,1.0000,approved,high,autogen_identity_from_results_and_contest_slice
2016,president,,Charleston - James Island 11,Charleston - James Island 11,1.0000,approved,high,autogen_identity_from_results_and_contest_slice
2016,president,,Charleston - James Island 12,Charleston - James Island 12,1.0000,approved,high,autogen_identity_from_results_and_contest_slice
2016,president,,Charleston - James Island 13,Charleston - James Island 13,1.0000,approved,high,autogen_identity_from_results_and_contest_slice
2016,president,,Charleston - James Island 14,Charleston - James Island 14,1.0000,approved,high,autogen_identity_from_results_and_contest_slice
2016,president,,Charleston - James Island 15,Charleston - James Island 15,1.0000,approved,high,autogen_identity_from_results_and_contest_slice
2016,president,,Charleston - James Island 17,Charleston - James Island 17,1.0000,approved,high,autogen_identity_from_results_and_contest_slice
2016,president,,Charleston - James Island 19,Charleston - James Island 19,1.0000,approved,high,autogen_identity_from_results_and_contest_slice
2016,president,,Charleston - James Island 1A,Charleston - James Island 1A,1.0000,approved,high,autogen_identity_from_results_and_contest_slice
2016,president,,Charleston - James Island 1B,Charleston - James Island 1B,1.0000,approved,high,autogen_identity_from_results_and_contest_slice
2016,president,,Charleston - James Island 20,Charleston - James Island 20,1.0000,approved,high,autogen_identity_from_results_and_contest_slice
2016,president,,Charleston - James Island 22,Charleston - James Island 22,1.0000,approved,high,autogen_identity_from_results_and_contest_slice
2016,president,,Charleston - James Island 3,Charleston - James Island 3,1.0000,approved,high,autogen_identity_from_results_and_contest_slice
2016,president,,Charleston - James Island 5A,Charleston - James Island 5A,1.0000,approved,high,autogen_identity_from_results_and_contest_slice
2016,president,,Charleston - James Island 5B,Charleston - James Island 5B,1.0000,approved,high,autogen_identity_from_results_and_contest_slice
2016,president,,Charleston - James Island 6,Charleston - James Island 6,1.0000,approved,high,autogen_identity_from_results_and_contest_slice
2016,president,,Charleston - James Island 7,Charleston - James Island 7,1.0000,approved,high,autogen_identity_from_results_and_contest_slice
2016,president,,Charleston - James Island 8A,Charleston - James Island 8A,1.0000,approved,high,autogen_identity_from_results_and_contest_slice
2016,president,,Charleston - James Island 8B,Charleston - James Island 8B,1.0000,approved,high,autogen_identity_from_results_and_contest_slice
2016,president,,Charleston - James Island 9,Charleston - James Island 9,1.0000,approved,high,autogen_identity_from_results_and_contest_slice
2016,president,,Charleston - Johns Island 1A,Charleston - Johns Island 1A,1.0000,approved,high,autogen_identity_from_results_and_contest_slice
2016,president,,Charleston - Johns Island 1B,Charleston - Johns Island 1B,1.0000,approved,high,autogen_identity_from_results_and_contest_slice
2016,president,,Charleston - Johns Island 3A,Charleston - Johns Island 3A,1.0000,approved,high,autogen_identity_from_results_and_contest_slice
2016,president,,Charleston - Johns Island 3B,Charleston - Johns Island 3B,1.0000,approved,high,autogen_identity_from_results_and_contest_slice
2016,president,,Charleston - Kiawah Island,Charleston - Kiawah Island,1.0000,approved,high,autogen_identity_from_results_and_contest_slice
2016,president,,Charleston - Ladson,Charleston - Ladson,1.0000,approved,high,autogen_identity_from_results_and_contest_slice
2016,president,,Charleston - Mcclellanville,Charleston - Mcclellanville,1.0000,approved,high,autogen_identity_from_results_and_contest_slice
2016,president,,Charleston - Mt. Pleasant 1,Charleston - Mt. Pleasant 1,1.0000,approved,high,autogen_identity_from_results_and_contest_slice
2016,president,,Charleston - Mt. Pleasant 10,Charleston - Mt. Pleasant 10,1.0000,approved,high,autogen_identity_from_results_and_contest_slice
2016,president,,Charleston - Mt. Pleasant 11,Charleston - Mt. Pleasant 11,1.0000,approved,high,autogen_identity_from_results_and_contest_slice
2016,president,,Charleston - Mt. Pleasant 12,Charleston - Mt. Pleasant 12,1.0000,approved,high,autogen_identity_from_results_and_contest_slice
2016,president,,Charleston - Mt. Pleasant 13,Charleston - Mt. Pleasant 13,1.0000,approved,high,autogen_identity_from_results_and_contest_slice
2016,president,,Charleston - Mt. Pleasant 14,Charleston - Mt. Pleasant 14,1.0000,approved,high,autogen_identity_from_results_and_contest_slice
2016,president,,Charleston - Mt. Pleasant 15,Charleston - Mt. Pleasant 15,1.0000,approved,high,autogen_identity_from_results_and_contest_slice
2016,president,,Charleston - Mt. Pleasant 16,Charleston - Mt. Pleasant 16,1.0000,approved,high,autogen_identity_from_results_and_contest_slice
2016,president,,Charleston - Mt. Pleasant 17,Charleston - Mt. Pleasant 17,1.0000,approved,high,autogen_identity_from_results_and_contest_slice
2016,president,,Charleston - Mt. Pleasant 18,Charleston - Mt. Pleasant 18,1.0000,approved,high,autogen_identity_from_results_and_contest_slice
2016,president,,Charleston - Mt. Pleasant 19,Charleston - Mt. Pleasant 19,1.0000,approved,high,autogen_identity_from_results_and_contest_slice
2016,president,,Charleston - Mt. Pleasant 2,Charleston - Mt. Pleasant 2,1.0000,approved,high,autogen_identity_from_results_and_contest_slice
2016,president,,Charleston - Mt. Pleasant 20,Charleston - Mt. Pleasant 20,1.0000,approved,high,autogen_identity_from_results_and_contest_slice
2016,president,,Charleston - Mt. Pleasant 21,Charleston - Mt. Pleasant 21,1.0000,approved,high,autogen_identity_from_results_and_contest_slice
2016,president,,Charleston - Mt. Pleasant 22,Charleston - Mt. Pleasant 22,1.0000,approved,high,autogen_identity_from_results_and_contest_slice
2016,president,,Charleston - Mt. Pleasant 23,Charleston - Mt. Pleasant 23,1.0000,approved,high,autogen_identity_from_results_and_contest_slice
2016,president,,Charleston - Mt. Pleasant 24,Charleston - Mt. Pleasant 24,1.0000,approved,high,autogen_identity_from_results_and_contest_slice
2016,president,,Charleston - Mt. Pleasant 25,Charleston - Mt. Pleasant 25,1.0000,approved,high,autogen_identity_from_results_and_contest_slice
2016,president,,Charleston - Mt. Pleasant 26,Charleston - Mt. Pleasant 26,1.0000,approved,high,autogen_identity_from_results_and_contest_slice
2016,president,,Charleston - Mt. Pleasant 27,Charleston - Mt. Pleasant 27,1.0000,approved,high,autogen_identity_from_results_and_contest_slice
2016,president,,Charleston - Mt. Pleasant 28,Charleston - Mt. Pleasant 28,1.0000,approved,high,autogen_identity_from_results_and_contest_slice
2016,president,,Charleston - Mt. Pleasant 29,Charleston - Mt. Pleasant 29,1.0000,approved,high,autogen_identity_from_results_and_contest_slice
2016,president,,Charleston - Mt. Pleasant 3,Charleston - Mt. Pleasant 3,1.0000,approved,high,autogen_identity_from_results_and_contest_slice
2016,president,,Charleston - Mt. Pleasant 30,Charleston - Mt. Pleasant 30,1.0000,approved,high,autogen_identity_from_results_and_contest_slice
2016,president,,Charleston - Mt. Pleasant 31,Charleston - Mt. Pleasant 31,1.0000,approved,high,autogen_identity_from_results_and_contest_slice
2016,president,,Charleston - Mt. Pleasant 32,Charleston - Mt. Pleasant 32,1.0000,approved,high,autogen_identity_from_results_and_contest_slice
2016,president,,Charleston - Mt. Pleasant 33,Charleston - Mt. Pleasant 33,1.0000,approved,high,autogen_identity_from_results_and_contest_slice
2016,president,,Charleston - Mt. Pleasant 34,Charleston - Mt. Pleasant 34,1.0000,approved,high,autogen_identity_from_results_and_contest_slice
2016,president,,Charleston - Mt. Pleasant 35,Charleston - Mt. Pleasant 35,1.0000,approved,high,autogen_identity_from_results_and_contest_slice
2016,president,,Charleston - Mt. Pleasant 36,Charleston - Mt. Pleasant 36,1.0000,approved,high,autogen_identity_from_results_and_contest_slice
2016,president,,Charleston - Mt. Pleasant 37,Charleston - Mt. Pleasant 37,1.0000,approved,high,autogen_identity_from_results_and_contest_slice
2016,president,,Charleston - Mt. Pleasant 38,Charleston - Mt. Pleasant 38,1.0000,approved,high,autogen_identity_from_results_and_contest_slice
2016,president,,Charleston - Mt. Pleasant 39,Charleston - Mt. Pleasant 39,1.0000,approved,high,autogen_identity_from_results_and_contest_slice
2016,president,,Charleston - Mt. Pleasant 4,Charleston - Mt. Pleasant 4,1.0000,approved,high,autogen_identity_from_results_and_contest_slice
2016,president,,Charleston - Mt. Pleasant 5,Charleston - Mt. Pleasant 5,1.0000,approved,high,autogen_identity_from_results_and_contest_slice
2016,president,,Charleston - Mt. Pleasant 6,Charleston - Mt. Pleasant 6,1.0000,approved,high,autogen_identity_from_results_and_contest_slice
2016,president,,Charleston - Mt. Pleasant 7,Charleston - Mt. Pleasant 7,1.0000,approved,high,autogen_identity_from_results_and_contest_slice
2016,president,,Charleston - Mt. Pleasant 8,Charleston - Mt. Pleasant 8,1.0000,approved,high,autogen_identity_from_results_and_contest_slice
2016,president,,Charleston - Mt. Pleasant 9,Charleston - Mt. Pleasant 9,1.0000,approved,high,autogen_identity_from_results_and_contest_slice
2016,president,,Charleston - North Charleston 1,Charleston - North Charleston 1,1.0000,approved,high,autogen_identity_from_results_and_contest_slice
2016,president,,Charleston - North Charleston 10,Charleston - North Charleston 10,1.0000,approved,high,autogen_identity_from_results_and_contest_slice
2016,president,,Charleston - North Charleston 11,Charleston - North Charleston 11,1.0000,approved,high,autogen_identity_from_results_and_contest_slice
2016,president,,Charleston - North Charleston 12,Charleston - North Charleston 12,1.0000,approved,high,autogen_identity_from_results_and_contest_slice
2016,president,,Charleston - North Charleston 13,Charleston - North Charleston 13,1.0000,approved,high,autogen_identity_from_results_and_contest_slice
2016,president,,Charleston - North Charleston 14,Charleston - North Charleston 14,1.0000,approved,high,autogen_identity_from_results_and_contest_slice
2016,president,,Charleston - North Charleston 15,Charleston - North Charleston 15,1.0000,approved,high,autogen_identity_from_results_and_contest_slice
2016,president,,Charleston - North Charleston 16,Charleston - North Charleston 16,1.0000,approved,high,autogen_identity_from_results_and_contest_slice
2016,president,,Charleston - North Charleston 17,Charleston - North Charleston 17,1.0000,approved,high,autogen_identity_from_results_and_contest_slice
2016,president,,Charleston - North Charleston 18,Charleston - North Charleston 18,1.0000,approved,high,autogen_identity_from_results_and_contest_slice
2016,president,,Charleston - North Charleston 19,Charleston - North Charleston 19,1.0000,approved,high,autogen_identity_from_results_and_contest_slice
2016,president,,Charleston - North Charleston 2,Charleston - North Charleston 2,1.0000,approved,high,autogen_identity_from_results_and_contest_slice
2016,president,,Charleston - North Charleston 20,Charleston - North Charleston 20,1.0000,approved,high,autogen_identity_from_results_and_contest_slice
2016,president,,Charleston - North Charleston 21,Charleston - North Charleston 21,1.0000,approved,high,autogen_identity_from_results_and_contest_slice
2016,president,,Charleston - North Charleston 22,Charleston - North Charleston 22,1.0000,approved,high,autogen_identity_from_results_and_contest_slice
2016,president,,Charleston - North Charleston 23,Charleston - North Charleston 23,1.0000,approved,high,autogen_identity_from_results_and_contest_slice
2016,president,,Charleston - North Charleston 24,Charleston - North Charleston 24,1.0000,approved,high,autogen_identity_from_results_and_contest_slice
2016,president,,Charleston - North Charleston 25,Charleston - North Charleston 25,1.0000,approved,high,autogen_identity_from_results_and_contest_slice
2016,president,,Charleston - North Charleston 26,Charleston - North Charleston 26,1.0000,approved,high,autogen_identity_from_results_and_contest_slice
2016,president,,Charleston - North Charleston 27,Charleston - North Charleston 27,1.0000,approved,high,autogen_identity_from_results_and_contest_slice
2016,president,,Charleston - North Charleston 28,Charleston - North Charleston 28,1.0000,approved,high,autogen_identity_from_results_and_contest_slice
2016,president,,Charleston - North Charleston 29,Charleston - North Charleston 29,1.0000,approved,high,autogen_identity_from_results_and_contest_slice
2016,president,,Charleston - North Charleston 3,Charleston - North Charleston 3,1.0000,approved,high,autogen_identity_from_results_and_contest_slice
2016,president,,Charleston - North Charleston 30,Charleston - North Charleston 30,1.0000,approved,high,autogen_identity_from_results_and_contest_slice
2016,president,,Charleston - North Charleston 4,Charleston - North Charleston 4,1.0000,approved,high,autogen_identity_from_results_and_contest_slice
2016,president,,Charleston - North Charleston 5,Charleston - North Charleston 5,1.0000,approved,high,autogen_identity_from_results_and_contest_slice
2016,president,,Charleston - North Charleston 6,Charleston - North Charleston 6,1.0000,approved,high,autogen_identity_from_results_and_contest_slice
2016,president,,Charleston - North Charleston 7,Charleston - North Charleston 7,1.0000,approved,high,autogen_identity_from_results_and_contest_slice
2016,president,,Charleston - North Charleston 8,Charleston - North Charleston 8,1.0000,approved,high,autogen_identity_from_results_and_contest_slice
2016,president,,Charleston - North Charleston 9,Charleston - North Charleston 9,1.0000,approved,high,autogen_identity_from_results_and_contest_slice
2016,president,,Charleston - St. Andrews 1,Charleston - St. Andrews 1,1.0000,approved,high,autogen_identity_from_results_and_contest_slice
2016,president,,Charleston - St. Andrews 10,Charleston - St. Andrews 10,1.0000,approved,high,autogen_identity_from_results_and_contest_slice
2016,president,,Charleston - St. Andrews 11,Charleston - St. Andrews 11,1.0000,approved,high,autogen_identity_from_results_and_contest_slice
2016,president,,Charleston - St. Andrews 12,Charleston - St. Andrews 12,1.0000,approved,high,autogen_identity_from_results_and_contest_slice
2016,president,,Charleston - St. Andrews 13,Charleston - St. Andrews 13,1.0000,approved,high,autogen_identity_from_results_and_contest_slice
2016,president,,Charleston - St. Andrews 14,Charleston - St. Andrews 14,1.0000,approved,high,autogen_identity_from_results_and_contest_slice
2016,president,,Charleston - St. Andrews 15,Charleston - St. Andrews 15,1.0000,approved,high,autogen_identity_from_results_and_contest_slice
2016,president,,Charleston - St. Andrews 16,Charleston - St. Andrews 16,1.0000,approved,high,autogen_identity_from_results_and_contest_slice
2016,president,,Charleston - St. Andrews 17,Charleston - St. Andrews 17,1.0000,approved,high,autogen_identity_from_results_and_contest_slice
2016,president,,Charleston - St. Andrews 18,Charleston - St. Andrews 18,1.0000,approved,high,autogen_identity_from_results_and_contest_slice
2016,president,,Charleston - St. Andrews 19,Charleston - St. Andrews 19,1.0000,approved,high,autogen_identity_from_results_and_contest_slice
2016,president,,Charleston - St. Andrews 2,Charleston - St. Andrews 2,1.0000,approved,high,autogen_identity_from_results_and_contest_slice
2016,president,,Charleston - St. Andrews 20,Charleston - St. Andrews 20,1.0000,approved,high,autogen_identity_from_results_and_contest_slice
2016,president,,Charleston - St. Andrews 21,Charleston - St. Andrews 21,1.0000,approved,high,autogen_identity_from_results_and_contest_slice
2016,president,,Charleston - St. Andrews 22,Charleston - St. Andrews 22,1.0000,approved,high,autogen_identity_from_results_and_contest_slice
2016,president,,Charleston - St. Andrews 23,Charleston - St. Andrews 23,1.0000,approved,high,autogen_identity_from_results_and_contest_slice
2016,president,,Charleston - St. Andrews 24,Charleston - St. Andrews 24,1.0000,approved,high,autogen_identity_from_results_and_contest_slice
2016,president,,Charleston - St. Andrews 25,Charleston - St. Andrews 25,1.0000,approved,high,autogen_identity_from_results_and_contest_slice
2016,president,,Charleston - St. Andrews 26,Charleston - St. Andrews 26,1.0000,approved,high,autogen_identity_from_results_and_contest_slice
2016,president,,Charleston - St. Andrews 27,Charleston - St. Andrews 27,1.0000,approved,high,autogen_identity_from_results_and_contest_slice
2016,president,,Charleston - St. Andrews 28,Charleston - St. Andrews 28,1.0000,approved,high,autogen_identity_from_results_and_contest_slice
2016,president,,Charleston - St. Andrews 29,Charleston - St. Andrews 29,1.0000,approved,high,autogen_identity_from_results_and_contest_slice
2016,president,,Charleston - St. Andrews 3,Charleston - St. Andrews 3,1.0000,approved,high,autogen_identity_from_results_and_contest_slice
2016,president,,Charleston - St. Andrews 30,Charleston - St. Andrews 30,1.0000,approved,high,autogen_identity_from_results_and_contest_slice
2016,president,,Charleston - St. Andrews 31,Charleston - St. Andrews 31,1.0000,approved,high,autogen_identity_from_results_and_contest_slice
2016,president,,Charleston - St. Andrews 32,Charleston - St. Andrews 32,1.0000,approved,high,autogen_identity_from_results_and_contest_slice
2016,president,,Charleston - St. Andrews 33,Charleston - St. Andrews 33,1.0000,approved,high,autogen_identity_from_results_and_contest_slice
2016,president,,Charleston - St. Andrews 34,Charleston - St. Andrews 34,1.0000,approved,high,autogen_identity_from_results_and_contest_slice
2016,president,,Charleston - St. Andrews 35,Charleston - St. Andrews 35,1.0000,approved,high,autogen_identity_from_results_and_contest_slice
2016,president,,Charleston - St. Andrews 36,Charleston - St. Andrews 36,1.0000,approved,high,autogen_identity_from_results_and_contest_slice
2016,president,,Charleston - St. Andrews 37,Charleston - St. Andrews 37,1.0000,approved,high,autogen_identity_from_results_and_contest_slice
2016,president,,Charleston - St. Andrews 4,Charleston - St. Andrews 4,1.0000,approved,high,autogen_identity_from_results_and_contest_slice
2016,president,,Charleston - St. Andrews 5,Charleston - St. Andrews 5,1.0000,approved,high,autogen_identity_from_results_and_contest_slice
2016,president,,Charleston - St. Andrews 6,Charleston - St. Andrews 6,1.0000,approved,high,autogen_identity_from_results_and_contest_slice
2016,president,,Charleston - St. Andrews 7,Charleston - St. Andrews 7,1.0000,approved,high,autogen_identity_from_results_and_contest_slice
2016,president,,Charleston - St. Andrews 8,Charleston - St. Andrews 8,1.0000,approved,high,autogen_identity_from_results_and_contest_slice
2016,president,,Charleston - St. Andrews 9,Charleston - St. Andrews 9,1.0000,approved,high,autogen_identity_from_results_and_contest_slice
2016,president,,Charleston - St. Pauls 1,Charleston - St. Pauls 1,1.0000,approved,high,autogen_identity_from_results_and_contest_slice
2016,president,,Charleston - St. Pauls 2A,Charleston - St. Pauls 2A,1.0000,approved,high,autogen_identity_from_results_and_contest_slice
2016,president,,Charleston - St. Pauls 2B,Charleston - St. Pauls 2B,1.0000,approved,high,autogen_identity_from_results_and_contest_slice
2016,president,,Charleston - St. Pauls 3,Charleston - St. Pauls 3,1.0000,approved,high,autogen_identity_from_results_and_contest_slice
2016,president,,Charleston - St. Pauls 4,Charleston - St. Pauls 4,1.0000,approved,high,autogen_identity_from_results_and_contest_slice
2016,president,,Charleston - St. Pauls 5,Charleston - St. Pauls 5,1.0000,approved,high,autogen_identity_from_results_and_contest_slice
2016,president,,Charleston - St. Pauls 6,Charleston - St. Pauls 6,1.0000,approved,high,autogen_identity_from_results_and_contest_slice
2016,president,,Charleston - Sullivans Island,Charleston - Sullivans Island,1.0000,approved,high,autogen_identity_from_results_and_contest_slice
2016,president,,Charleston - Town Of Seabrook,Charleston - Town Of Seabrook,1.0000,approved,high,autogen_identity_from_results_and_contest_slice
2016,president,,Charleston - Wadmalaw Island 1,Charleston - Wadmalaw Island 1,1.0000,approved,high,autogen_identity_from_results_and_contest_slice
2016,president,,Charleston - Wadmalaw Island 2,Charleston - Wadmalaw Island 2,1.0000,approved,high,autogen_identity_from_results_and_contest_slice
2016,president,,Cherokee - Allens,Cherokee - Allens,1.0000,approved,high,autogen_identity_from_results_and_contest_slice
2016,president,,Cherokee - Alma Mill,Cherokee - Alma Mill,1.0000,approved,high,autogen_identity_from_results_and_contest_slice
2016,president,,Cherokee - Antioch And Kings Creek,Cherokee - Antioch And Kings Creek,1.0000,approved,high,autogen_identity_from_results_and_contest_slice
2016,president,,Cherokee - Ashworth,Cherokee - Ashworth,1.0000,approved,high,autogen_identity_from_results_and_contest_slice
2016,president,,Cherokee - Blacksburg Ward No. 1,Cherokee - Blacksburg Ward No. 1,1.0000,approved,high,autogen_identity_from_results_and_contest_slice
2016,president,,Cherokee - Blacksburg Ward No. 2,Cherokee - Blacksburg Ward No. 2,1.0000,approved,high,autogen_identity_from_results_and_contest_slice
2016,president,,Cherokee - Draytonville,Cherokee - Draytonville,1.0000,approved,high,autogen_identity_from_results_and_contest_slice
2016,president,,Cherokee - Ezells And Butler,Cherokee - Ezells And Butler,1.0000,approved,high,autogen_identity_from_results_and_contest_slice
2016,president,,Cherokee - Gaffney Ward No. 1,Cherokee - Gaffney Ward No. 1,1.0000,approved,high,autogen_identity_from_results_and_contest_slice
2016,president,,Cherokee - Gaffney Ward No. 2,Cherokee - Gaffney Ward No. 2,1.0000,approved,high,autogen_identity_from_results_and_contest_slice
2016,president,,Cherokee - Gaffney Ward No. 3,Cherokee - Gaffney Ward No. 3,1.0000,approved,high,autogen_identity_from_results_and_contest_slice
2016,president,,Cherokee - Gaffney Ward No. 4,Cherokee - Gaffney Ward No. 4,1.0000,approved,high,autogen_identity_from_results_and_contest_slice
2016,president,,Cherokee - Gaffney Ward No. 5,Cherokee - Gaffney Ward No. 5,1.0000,approved,high,autogen_identity_from_results_and_contest_slice
2016,president,,Cherokee - Gaffney Ward No. 6,Cherokee - Gaffney Ward No. 6,1.0000,approved,high,autogen_identity_from_results_and_contest_slice
2016,president,,Cherokee - Goucher And Thicketty,Cherokee - Goucher And Thicketty,1.0000,approved,high,autogen_identity_from_results_and_contest_slice
2016,president,,Cherokee - Grassy Pond,Cherokee - Grassy Pond,1.0000,approved,high,autogen_identity_from_results_and_contest_slice
2016,president,,Cherokee - Limestone Mill,Cherokee - Limestone Mill,1.0000,approved,high,autogen_identity_from_results_and_contest_slice
2016,president,,Cherokee - Macedonia,Cherokee - Macedonia,1.0000,approved,high,autogen_identity_from_results_and_contest_slice
2016,president,,Cherokee - Morgan,Cherokee - Morgan,1.0000,approved,high,autogen_identity_from_results_and_contest_slice
2016,president,,Cherokee - Musgrove Mill,Cherokee - Musgrove Mill,1.0000,approved,high,autogen_identity_from_results_and_contest_slice
2016,president,,Cherokee - Ninety Nine And Cherokee Falls,Cherokee - Ninety Nine And Cherokee Falls,1.0000,approved,high,autogen_identity_from_results_and_contest_slice
2016,president,,Cherokee - Pleasant Grove,Cherokee - Pleasant Grove,1.0000,approved,high,autogen_identity_from_results_and_contest_slice
2016,president,,Cherokee - Pleasant Meadows,Cherokee - Pleasant Meadows,1.0000,approved,high,autogen_identity_from_results_and_contest_slice
2016,president,,Cherokee - Timber Ridge,Cherokee - Timber Ridge,1.0000,approved,high,autogen_identity_from_results_and_contest_slice
2016,president,,Cherokee - White Plains,Cherokee - White Plains,1.0000,approved,high,autogen_identity_from_results_and_contest_slice
2016,president,,Cherokee - Wilkinsville And Metcalf,Cherokee - Wilkinsville And Metcalf,1.0000,approved,high,autogen_identity_from_results_and_contest_slice
2016,president,,Cherokee - Woods,Cherokee - Woods,1.0000,approved,high,autogen_identity_from_results_and_contest_slice
2016,president,,Chester - Baldwin Mill,Chester - Baldwin Mill,1.0000,approved,high,autogen_identity_from_results_and_contest_slice
2016,president,,Chester - Baton Rouge,Chester - Baton Rouge,1.0000,approved,high,autogen_identity_from_results_and_contest_slice
2016,president,,Chester - Beckhamville,Chester - Beckhamville,1.0000,approved,high,autogen_identity_from_results_and_contest_slice
2016,president,,Chester - Blackstock,Chester - Blackstock,1.0000,approved,high,autogen_identity_from_results_and_contest_slice
2016,president,,Chester - Chester Ward 1,Chester - Chester Ward 1,1.0000,approved,high,autogen_identity_from_results_and_contest_slice
2016,president,,Chester - Chester Ward 2,Chester - Chester Ward 2,1.0000,approved,high,autogen_identity_from_results_and_contest_slice
2016,president,,Chester - Chester Ward 3,Chester - Chester Ward 3,1.0000,approved,high,autogen_identity_from_results_and_contest_slice
2016,president,,Chester - Chester Ward 4,Chester - Chester Ward 4,1.0000,approved,high,autogen_identity_from_results_and_contest_slice
2016,president,,Chester - Chester Ward 5,Chester - Chester Ward 5,1.0000,approved,high,autogen_identity_from_results_and_contest_slice
2016,president,,Chester - Edgemoor,Chester - Edgemoor,1.0000,approved,high,autogen_identity_from_results_and_contest_slice
2016,president,,Chester - Eureka Mill,Chester - Eureka Mill,1.0000,approved,high,autogen_identity_from_results_and_contest_slice
2016,president,,Chester - Fort Lawn,Chester - Fort Lawn,1.0000,approved,high,autogen_identity_from_results_and_contest_slice
2016,president,,Chester - Great Falls,Chester - Great Falls,1.0000,approved,high,autogen_identity_from_results_and_contest_slice
2016,president,,Chester - Halsellville,Chester - Halsellville,1.0000,approved,high,autogen_identity_from_results_and_contest_slice
2016,president,,Chester - Hazelwood,Chester - Hazelwood,1.0000,approved,high,autogen_identity_from_results_and_contest_slice
2016,president,,Chester - Lowrys,Chester - Lowrys,1.0000,approved,high,autogen_identity_from_results_and_contest_slice
2016,president,,Chester - Richburg,Chester - Richburg,1.0000,approved,high,autogen_identity_from_results_and_contest_slice
2016,president,,Chester - Rodman,Chester - Rodman,1.0000,approved,high,autogen_identity_from_results_and_contest_slice
2016,president,,Chester - Rossville,Chester - Rossville,1.0000,approved,high,autogen_identity_from_results_and_contest_slice
2016,president,,Chester - Wilksburg,Chester - Wilksburg,1.0000,approved,high,autogen_identity_from_results_and_contest_slice
2016,president,,Chesterfield - Angelus-Cararrh,Chesterfield - Angelus-Cararrh,1.0000,approved,high,autogen_identity_from_results_and_contest_slice
2016,president,,Chesterfield - Bay Springs,Chesterfield - Bay Springs,1.0000,approved,high,autogen_identity_from_results_and_contest_slice
2016,president,,Chesterfield - Black Creek,Chesterfield - Black Creek,1.0000,approved,high,autogen_identity_from_results_and_contest_slice
2016,president,,Chesterfield - Brocks Mill,Chesterfield - Brocks Mill,1.0000,approved,high,autogen_identity_from_results_and_contest_slice
2016,president,,Chesterfield - Cash,Chesterfield - Cash,1.0000,approved,high,autogen_identity_from_results_and_contest_slice
2016,president,,Chesterfield - Center Grove-Winzo,Chesterfield - Center Grove-Winzo,1.0000,approved,high,autogen_identity_from_results_and_contest_slice
2016,president,,Chesterfield - Cheraw No. 1,Chesterfield - Cheraw No. 1,1.0000,approved,high,autogen_identity_from_results_and_contest_slice
2016,president,,Chesterfield - Cheraw No. 2,Chesterfield - Cheraw No. 2,1.0000,approved,high,autogen_identity_from_results_and_contest_slice
2016,president,,Chesterfield - Cheraw No. 3,Chesterfield - Cheraw No. 3,1.0000,approved,high,autogen_identity_from_results_and_contest_slice
2016,president,,Chesterfield - Cheraw No. 4,Chesterfield - Cheraw No. 4,1.0000,approved,high,autogen_identity_from_results_and_contest_slice
2016,president,,Chesterfield - Courthouse,Chesterfield - Courthouse,1.0000,approved,high,autogen_identity_from_results_and_contest_slice
2016,president,,Chesterfield - Dudley-Mangum,Chesterfield - Dudley-Mangum,1.0000,approved,high,autogen_identity_from_results_and_contest_slice
2016,president,,Chesterfield - Grants Mill,Chesterfield - Grants Mill,1.0000,approved,high,autogen_identity_from_results_and_contest_slice
2016,president,,Chesterfield - Jefferson,Chesterfield - Jefferson,1.0000,approved,high,autogen_identity_from_results_and_contest_slice
2016,president,,Chesterfield - Mcbee,Chesterfield - Mcbee,1.0000,approved,high,autogen_identity_from_results_and_contest_slice
2016,president,,Chesterfield - Middendorf,Chesterfield - Middendorf,1.0000,approved,high,autogen_identity_from_results_and_contest_slice
2016,president,,Chesterfield - Ousleydale,Chesterfield - Ousleydale,1.0000,approved,high,autogen_identity_from_results_and_contest_slice
2016,president,,Chesterfield - Pageland No. 1,Chesterfield - Pageland No. 1,1.0000,approved,high,autogen_identity_from_results_and_contest_slice
2016,president,,Chesterfield - Pageland No. 2,Chesterfield - Pageland No. 2,1.0000,approved,high,autogen_identity_from_results_and_contest_slice
2016,president,,Chesterfield - Patrick,Chesterfield - Patrick,1.0000,approved,high,autogen_identity_from_results_and_contest_slice
2016,president,,Chesterfield - Pee Dee,Chesterfield - Pee Dee,1.0000,approved,high,autogen_identity_from_results_and_contest_slice
2016,president,,Chesterfield - Ruby,Chesterfield - Ruby,1.0000,approved,high,autogen_identity_from_results_and_contest_slice
2016,president,,Chesterfield - Shiloh,Chesterfield - Shiloh,1.0000,approved,high,autogen_identity_from_results_and_contest_slice
2016,president,,Chesterfield - Snow Hill-Vaughn,Chesterfield - Snow Hill-Vaughn,1.0000,approved,high,autogen_identity_from_results_and_contest_slice
2016,president,,Clarendon - Alcolu,Clarendon - Alcolu,1.0000,approved,high,autogen_identity_from_results_and_contest_slice
2016,president,,Clarendon - Barrineau,Clarendon - Barrineau,1.0000,approved,high,autogen_identity_from_results_and_contest_slice
2016,president,,Clarendon - Barrows Mill,Clarendon - Barrows Mill,1.0000,approved,high,autogen_identity_from_results_and_contest_slice
2016,president,,Clarendon - Bloomville,Clarendon - Bloomville,1.0000,approved,high,autogen_identity_from_results_and_contest_slice
2016,president,,Clarendon - Calvary,Clarendon - Calvary,1.0000,approved,high,autogen_identity_from_results_and_contest_slice
2016,president,,Clarendon - Davis Station,Clarendon - Davis Station,1.0000,approved,high,autogen_identity_from_results_and_contest_slice
2016,president,,Clarendon - Harmony,Clarendon - Harmony,1.0000,approved,high,autogen_identity_from_results_and_contest_slice
2016,president,,Clarendon - Hicks,Clarendon - Hicks,1.0000,approved,high,autogen_identity_from_results_and_contest_slice
2016,president,,Clarendon - Home Branch,Clarendon - Home Branch,1.0000,approved,high,autogen_identity_from_results_and_contest_slice
2016,president,,Clarendon - Jordan,Clarendon - Jordan,1.0000,approved,high,autogen_identity_from_results_and_contest_slice
2016,president,,Clarendon - Manning No. 1,Clarendon - Manning No. 1,1.0000,approved,high,autogen_identity_from_results_and_contest_slice
2016,president,,Clarendon - Manning No. 2,Clarendon - Manning No. 2,1.0000,approved,high,autogen_identity_from_results_and_contest_slice
2016,president,,Clarendon - Manning No. 3,Clarendon - Manning No. 3,1.0000,approved,high,autogen_identity_from_results_and_contest_slice
2016,president,,Clarendon - Manning No. 4,Clarendon - Manning No. 4,1.0000,approved,high,autogen_identity_from_results_and_contest_slice
2016,president,,Clarendon - Manning No. 5,Clarendon - Manning No. 5,1.0000,approved,high,autogen_identity_from_results_and_contest_slice
2016,president,,Clarendon - New Zion,Clarendon - New Zion,1.0000,approved,high,autogen_identity_from_results_and_contest_slice
2016,president,,Clarendon - Oakdale,Clarendon - Oakdale,1.0000,approved,high,autogen_identity_from_results_and_contest_slice
2016,president,,Clarendon - Panola,Clarendon - Panola,1.0000,approved,high,autogen_identity_from_results_and_contest_slice
2016,president,,Clarendon - Paxville,Clarendon - Paxville,1.0000,approved,high,autogen_identity_from_results_and_contest_slice
2016,president,,Clarendon - Sardina-Gable,Clarendon - Sardina-Gable,1.0000,approved,high,autogen_identity_from_results_and_contest_slice
2016,president,,Clarendon - Summerton No. 1,Clarendon - Summerton No. 1,1.0000,approved,high,autogen_identity_from_results_and_contest_slice
2016,president,,Clarendon - Summerton No. 2,Clarendon - Summerton No. 2,1.0000,approved,high,autogen_identity_from_results_and_contest_slice
2016,president,,Clarendon - Summerton No. 3,Clarendon - Summerton No. 3,1.0000,approved,high,autogen_identity_from_results_and_contest_slice
2016,president,,Clarendon - Turbeville,Clarendon - Turbeville,1.0000,approved,high,autogen_identity_from_results_and_contest_slice
2016,president,,Clarendon - Wilson Foreston,Clarendon - Wilson Foreston,1.0000,approved,high,autogen_identity_from_results_and_contest_slice
2016,president,,Colleton - Ashton-Lodge,Colleton - Ashton-Lodge,1.0000,approved,high,autogen_identity_from_results_and_contest_slice
2016,president,,Colleton - Bells,Colleton - Bells,1.0000,approved,high,autogen_identity_from_results_and_contest_slice
2016,president,,Colleton - Berea-Smoaks,Colleton - Berea-Smoaks,1.0000,approved,high,autogen_identity_from_results_and_contest_slice
2016,president,,Colleton - Canadys,Colleton - Canadys,1.0000,approved,high,autogen_identity_from_results_and_contest_slice
2016,president,,Colleton - Cottageville,Colleton - Cottageville,1.0000,approved,high,autogen_identity_from_results_and_contest_slice
2016,president,,Colleton - Edisto,Colleton - Edisto,1.0000,approved,high,autogen_identity_from_results_and_contest_slice
2016,president,,Colleton - Edisto Beach,Colleton - Edisto Beach,1.0000,approved,high,autogen_identity_from_results_and_contest_slice
2016,president,,Colleton - Green Pond,Colleton - Green Pond,1.0000,approved,high,autogen_identity_from_results_and_contest_slice
2016,president,,Colleton - Hendersonville,Colleton - Hendersonville,1.0000,approved,high,autogen_identity_from_results_and_contest_slice
2016,president,,Colleton - Horse Pen,Colleton - Horse Pen,1.0000,approved,high,autogen_identity_from_results_and_contest_slice
2016,president,,Colleton - Hudson Mill,Colleton - Hudson Mill,1.0000,approved,high,autogen_identity_from_results_and_contest_slice
2016,president,,Colleton - Jacksonboro,Colleton - Jacksonboro,1.0000,approved,high,autogen_identity_from_results_and_contest_slice
2016,president,,Colleton - Maple Cane,Colleton - Maple Cane,1.0000,approved,high,autogen_identity_from_results_and_contest_slice
2016,president,,Colleton - Mashawville,Colleton - Mashawville,1.0000,approved,high,autogen_identity_from_results_and_contest_slice
2016,president,,Colleton - Peeples,Colleton - Peeples,1.0000,approved,high,autogen_identity_from_results_and_contest_slice
2016,president,,Colleton - Peniel,Colleton - Peniel,1.0000,approved,high,autogen_identity_from_results_and_contest_slice
2016,president,,Colleton - Petits,Colleton - Petits,1.0000,approved,high,autogen_identity_from_results_and_contest_slice
2016,president,,Colleton - Rice Patch,Colleton - Rice Patch,1.0000,approved,high,autogen_identity_from_results_and_contest_slice
2016,president,,Colleton - Ritter,Colleton - Ritter,1.0000,approved,high,autogen_identity_from_results_and_contest_slice
2016,president,,Colleton - Round O,Colleton - Round O,1.0000,approved,high,autogen_identity_from_results_and_contest_slice
2016,president,,Colleton - Ruffin,Colleton - Ruffin,1.0000,approved,high,autogen_identity_from_results_and_contest_slice
2016,president,,Colleton - Sidneys,Colleton - Sidneys,1.0000,approved,high,autogen_identity_from_results_and_contest_slice
2016,president,,Colleton - Sniders,Colleton - Sniders,1.0000,approved,high,autogen_identity_from_results_and_contest_slice
2016,president,,Colleton - Stokes,Colleton - Stokes,1.0000,approved,high,autogen_identity_from_results_and_contest_slice
2016,president,,Colleton - Walterboro No. 1,Colleton - Walterboro No. 1,1.0000,approved,high,autogen_identity_from_results_and_contest_slice
2016,president,,Colleton - Walterboro No. 2,Colleton - Walterboro No. 2,1.0000,approved,high,autogen_identity_from_results_and_contest_slice
2016,president,,Colleton - Walterboro No. 3,Colleton - Walterboro No. 3,1.0000,approved,high,autogen_identity_from_results_and_contest_slice
2016,president,,Colleton - Walterboro No. 4,Colleton - Walterboro No. 4,1.0000,approved,high,autogen_identity_from_results_and_contest_slice
2016,president,,Colleton - Walterboro No. 5,Colleton - Walterboro No. 5,1.0000,approved,high,autogen_identity_from_results_and_contest_slice
2016,president,,Colleton - Walterboro No. 6,Colleton - Walterboro No. 6,1.0000,approved,high,autogen_identity_from_results_and_contest_slice
2016,president,,Colleton - Williams,Colleton - Williams,1.0000,approved,high,autogen_identity_from_results_and_contest_slice
2016,president,,Darlington - Antioch,Darlington - Antioch,1.0000,approved,high,autogen_identity_from_results_and_contest_slice
2016,president,,Darlington - Auburn,Darlington - Auburn,1.0000,approved,high,autogen_identity_from_results_and_contest_slice
2016,president,,Darlington - Bethel,Darlington - Bethel,1.0000,approved,high,autogen_identity_from_results_and_contest_slice
2016,president,,Darlington - Black Creek-Clyde,Darlington - Black Creek-Clyde,1.0000,approved,high,autogen_identity_from_results_and_contest_slice
2016,president,,Darlington - Burnt Branch,Darlington - Burnt Branch,1.0000,approved,high,autogen_identity_from_results_and_contest_slice
2016,president,,Darlington - Darlington No. 1,Darlington - Darlington No. 1,1.0000,approved,high,autogen_identity_from_results_and_contest_slice
2016,president,,Darlington - Darlington No. 2,Darlington - Darlington No. 2,1.0000,approved,high,autogen_identity_from_results_and_contest_slice
2016,president,,Darlington - Darlington No. 3,Darlington - Darlington No. 3,1.0000,approved,high,autogen_identity_from_results_and_contest_slice
2016,president,,Darlington - Darlington No. 4,Darlington - Darlington No. 4,1.0000,approved,high,autogen_identity_from_results_and_contest_slice
2016,president,,Darlington - Darlington No. 5,Darlington - Darlington No. 5,1.0000,approved,high,autogen_identity_from_results_and_contest_slice
2016,president,,Darlington - Darlington No. 6,Darlington - Darlington No. 6,1.0000,approved,high,autogen_identity_from_results_and_contest_slice
2016,president,,Darlington - Dovesville,Darlington - Dovesville,1.0000,approved,high,autogen_identity_from_results_and_contest_slice
2016,president,,Darlington - Emergency,Darlington - Emergency,1.0000,approved,high,autogen_identity_from_results_and_contest_slice
2016,president,,Darlington - Hartsville No. 1,Darlington - Hartsville No. 1,1.0000,approved,high,autogen_identity_from_results_and_contest_slice
2016,president,,Darlington - Hartsville No. 4,Darlington - Hartsville No. 4,1.0000,approved,high,autogen_identity_from_results_and_contest_slice
2016,president,,Darlington - Hartsville No. 5,Darlington - Hartsville No. 5,1.0000,approved,high,autogen_identity_from_results_and_contest_slice
2016,president,,Darlington - Hartsville No. 6,Darlington - Hartsville No. 6,1.0000,approved,high,autogen_identity_from_results_and_contest_slice
2016,president,,Darlington - Hartsville No. 7,Darlington - Hartsville No. 7,1.0000,approved,high,autogen_identity_from_results_and_contest_slice
2016,president,,Darlington - Hartsville No. 8,Darlington - Hartsville No. 8,1.0000,approved,high,autogen_identity_from_results_and_contest_slice
2016,president,,Darlington - Hartsville No. 9,Darlington - Hartsville No. 9,1.0000,approved,high,autogen_identity_from_results_and_contest_slice
2016,president,,Darlington - High Hill,Darlington - High Hill,1.0000,approved,high,autogen_identity_from_results_and_contest_slice
2016,president,,Darlington - Indian Branch,Darlington - Indian Branch,1.0000,approved,high,autogen_identity_from_results_and_contest_slice
2016,president,,Darlington - Kelleytown,Darlington - Kelleytown,1.0000,approved,high,autogen_identity_from_results_and_contest_slice
2016,president,,Darlington - Lake Swamp,Darlington - Lake Swamp,1.0000,approved,high,autogen_identity_from_results_and_contest_slice
2016,president,,Darlington - Lamar No. 1,Darlington - Lamar No. 1,1.0000,approved,high,autogen_identity_from_results_and_contest_slice
2016,president,,Darlington - Lamar No. 2,Darlington - Lamar No. 2,1.0000,approved,high,autogen_identity_from_results_and_contest_slice
2016,president,,Darlington - Lydia,Darlington - Lydia,1.0000,approved,high,autogen_identity_from_results_and_contest_slice
2016,president,,Darlington - Mechanicsville,Darlington - Mechanicsville,1.0000,approved,high,autogen_identity_from_results_and_contest_slice
2016,president,,Darlington - New Market,Darlington - New Market,1.0000,approved,high,autogen_identity_from_results_and_contest_slice
2016,president,,Darlington - Oates,Darlington - Oates,1.0000,approved,high,autogen_identity_from_results_and_contest_slice
2016,president,,Darlington - Palmetto,Darlington - Palmetto,1.0000,approved,high,autogen_identity_from_results_and_contest_slice
2016,president,,Darlington - Society Hill,Darlington - Society Hill,1.0000,approved,high,autogen_identity_from_results_and_contest_slice
2016,president,,Darlington - Swift Creek,Darlington - Swift Creek,1.0000,approved,high,autogen_identity_from_results_and_contest_slice
2016,president,,Dillon - Bermuda,Dillon - Bermuda,1.0000,approved,high,autogen_identity_from_results_and_contest_slice
2016,president,,Dillon - Carolina,Dillon - Carolina,1.0000,approved,high,autogen_identity_from_results_and_contest_slice
2016,president,,Dillon - East Dillon,Dillon - East Dillon,1.0000,approved,high,autogen_identity_from_results_and_contest_slice
2016,president,,Dillon - Floydale,Dillon - Floydale,1.0000,approved,high,autogen_identity_from_results_and_contest_slice
2016,president,,Dillon - Fork,Dillon - Fork,1.0000,approved,high,autogen_identity_from_results_and_contest_slice
2016,president,,Dillon - Hamer,Dillon - Hamer,1.0000,approved,high,autogen_identity_from_results_and_contest_slice
2016,president,,Dillon - Kemper,Dillon - Kemper,1.0000,approved,high,autogen_identity_from_results_and_contest_slice
2016,president,,Dillon - Lake View,Dillon - Lake View,1.0000,approved,high,autogen_identity_from_results_and_contest_slice
2016,president,,Dillon - Latta,Dillon - Latta,1.0000,approved,high,autogen_identity_from_results_and_contest_slice
2016,president,,Dillon - Little Rock,Dillon - Little Rock,1.0000,approved,high,autogen_identity_from_results_and_contest_slice
2016,president,,Dillon - Manning,Dillon - Manning,1.0000,approved,high,autogen_identity_from_results_and_contest_slice
2016,president,,Dillon - Minturn,Dillon - Minturn,1.0000,approved,high,autogen_identity_from_results_and_contest_slice
2016,president,,Dillon - Mt. Calvary,Dillon - Mt. Calvary,1.0000,approved,high,autogen_identity_from_results_and_contest_slice
2016,president,,Dillon - New Holly,Dillon - New Holly,1.0000,approved,high,autogen_identity_from_results_and_contest_slice
2016,president,,Dillon - Oak Grove,Dillon - Oak Grove,1.0000,approved,high,autogen_identity_from_results_and_contest_slice
2016,president,,Dillon - Oakland,Dillon - Oakland,1.0000,approved,high,autogen_identity_from_results_and_contest_slice
2016,president,,Dillon - Pleasant Hill,Dillon - Pleasant Hill,1.0000,approved,high,autogen_identity_from_results_and_contest_slice
2016,president,,Dillon - South Dillon,Dillon - South Dillon,1.0000,approved,high,autogen_identity_from_results_and_contest_slice
2016,president,,Dillon - West Dillon,Dillon - West Dillon,1.0000,approved,high,autogen_identity_from_results_and_contest_slice
2016,president,,Dorchester - Archdale,Dorchester - Archdale,1.0000,approved,high,autogen_identity_from_results_and_contest_slice
2016,president,,Dorchester - Archdale 2,Dorchester - Archdale 2,1.0000,approved,high,autogen_identity_from_results_and_contest_slice
2016,president,,Dorchester - Ashborough East,Dorchester - Ashborough East,1.0000,approved,high,autogen_identity_from_results_and_contest_slice
2016,president,,Dorchester - Ashborough East 2,Dorchester - Ashborough East 2,1.0000,approved,high,autogen_identity_from_results_and_contest_slice
2016,president,,Dorchester - Ashborough West,Dorchester - Ashborough West,1.0000,approved,high,autogen_identity_from_results_and_contest_slice
2016,president,,Dorchester - Ashborough West 2,Dorchester - Ashborough West 2,1.0000,approved,high,autogen_identity_from_results_and_contest_slice
2016,president,,Dorchester - Ashley River,Dorchester - Ashley River,1.0000,approved,high,autogen_identity_from_results_and_contest_slice
2016,president,,Dorchester - Bacons Bridge,Dorchester - Bacons Bridge,1.0000,approved,high,autogen_identity_from_results_and_contest_slice
2016,president,,Dorchester - Bacons Bridge 2,Dorchester - Bacons Bridge 2,1.0000,approved,high,autogen_identity_from_results_and_contest_slice
2016,president,,Dorchester - Beech Hill,Dorchester - Beech Hill,1.0000,approved,high,autogen_identity_from_results_and_contest_slice
2016,president,,Dorchester - Beech Hill 2,Dorchester - Beech Hill 2,1.0000,approved,high,autogen_identity_from_results_and_contest_slice
2016,president,,Dorchester - Brandymill,Dorchester - Brandymill,1.0000,approved,high,autogen_identity_from_results_and_contest_slice
2016,president,,Dorchester - Brandymill 2,Dorchester - Brandymill 2,1.0000,approved,high,autogen_identity_from_results_and_contest_slice
2016,president,,Dorchester - Briarwood,Dorchester - Briarwood,1.0000,approved,high,autogen_identity_from_results_and_contest_slice
2016,president,,Dorchester - Briarwood 2,Dorchester - Briarwood 2,1.0000,approved,high,autogen_identity_from_results_and_contest_slice
2016,president,,Dorchester - Briarwood 3,Dorchester - Briarwood 3,1.0000,approved,high,autogen_identity_from_results_and_contest_slice
2016,president,,Dorchester - Butternut,Dorchester - Butternut,1.0000,approved,high,autogen_identity_from_results_and_contest_slice
2016,president,,Dorchester - Carolina,Dorchester - Carolina,1.0000,approved,high,autogen_identity_from_results_and_contest_slice
2016,president,,Dorchester - Central,Dorchester - Central,1.0000,approved,high,autogen_identity_from_results_and_contest_slice
2016,president,,Dorchester - Central 2,Dorchester - Central 2,1.0000,approved,high,autogen_identity_from_results_and_contest_slice
2016,president,,Dorchester - Clemson,Dorchester - Clemson,1.0000,approved,high,autogen_identity_from_results_and_contest_slice
2016,president,,Dorchester - Clemson 2,Dorchester - Clemson 2,1.0000,approved,high,autogen_identity_from_results_and_contest_slice
2016,president,,Dorchester - Clemson 3,Dorchester - Clemson 3,1.0000,approved,high,autogen_identity_from_results_and_contest_slice
2016,president,,Dorchester - Coastal,Dorchester - Coastal,1.0000,approved,high,autogen_identity_from_results_and_contest_slice
2016,president,,Dorchester - Coastal 2,Dorchester - Coastal 2,1.0000,approved,high,autogen_identity_from_results_and_contest_slice
2016,president,,Dorchester - Coastal 3,Dorchester - Coastal 3,1.0000,approved,high,autogen_identity_from_results_and_contest_slice
2016,president,,Dorchester - Coosaw,Dorchester - Coosaw,1.0000,approved,high,autogen_identity_from_results_and_contest_slice
2016,president,,Dorchester - Coosaw 2,Dorchester - Coosaw 2,1.0000,approved,high,autogen_identity_from_results_and_contest_slice
2016,president,,Dorchester - Coosaw 3,Dorchester - Coosaw 3,1.0000,approved,high,autogen_identity_from_results_and_contest_slice
2016,president,,Dorchester - Cypress,Dorchester - Cypress,1.0000,approved,high,autogen_identity_from_results_and_contest_slice
2016,president,,Dorchester - Cypress 2,Dorchester - Cypress 2,1.0000,approved,high,autogen_identity_from_results_and_contest_slice
2016,president,,Dorchester - Delemars,Dorchester - Delemars,1.0000,approved,high,autogen_identity_from_results_and_contest_slice
2016,president,,Dorchester - Dorchester,Dorchester - Dorchester,1.0000,approved,high,autogen_identity_from_results_and_contest_slice
2016,president,,Dorchester - Dorchester 2,Dorchester - Dorchester 2,1.0000,approved,high,autogen_identity_from_results_and_contest_slice
2016,president,,Dorchester - Emergency,Dorchester - Emergency,1.0000,approved,high,autogen_identity_from_results_and_contest_slice
2016,president,,Dorchester - Emergency 2,Dorchester - Emergency 2,1.0000,approved,high,autogen_identity_from_results_and_contest_slice
2016,president,,Dorchester - Flowertown,Dorchester - Flowertown,1.0000,approved,high,autogen_identity_from_results_and_contest_slice
2016,president,,Dorchester - Flowertown 2,Dorchester - Flowertown 2,1.0000,approved,high,autogen_identity_from_results_and_contest_slice
2016,president,,Dorchester - Flowertown 3,Dorchester - Flowertown 3,1.0000,approved,high,autogen_identity_from_results_and_contest_slice
2016,president,,Dorchester - Four Hole,Dorchester - Four Hole,1.0000,approved,high,autogen_identity_from_results_and_contest_slice
2016,president,,Dorchester - Germantown,Dorchester - Germantown,1.0000,approved,high,autogen_identity_from_results_and_contest_slice
2016,president,,Dorchester - Givhans,Dorchester - Givhans,1.0000,approved,high,autogen_identity_from_results_and_contest_slice
2016,president,,Dorchester - Givhans 2,Dorchester - Givhans 2,1.0000,approved,high,autogen_identity_from_results_and_contest_slice
2016,president,,Dorchester - Greenhurst,Dorchester - Greenhurst,1.0000,approved,high,autogen_identity_from_results_and_contest_slice
2016,president,,Dorchester - Greenwave,Dorchester - Greenwave,1.0000,approved,high,autogen_identity_from_results_and_contest_slice
2016,president,,Dorchester - Grover,Dorchester - Grover,1.0000,approved,high,autogen_identity_from_results_and_contest_slice
2016,president,,Dorchester - Harleyville,Dorchester - Harleyville,1.0000,approved,high,autogen_identity_from_results_and_contest_slice
2016,president,,Dorchester - Indian Field,Dorchester - Indian Field,1.0000,approved,high,autogen_identity_from_results_and_contest_slice
2016,president,,Dorchester - Indian Field 2,Dorchester - Indian Field 2,1.0000,approved,high,autogen_identity_from_results_and_contest_slice
2016,president,,Dorchester - Irongate,Dorchester - Irongate,1.0000,approved,high,autogen_identity_from_results_and_contest_slice
2016,president,,Dorchester - Irongate 2,Dorchester - Irongate 2,1.0000,approved,high,autogen_identity_from_results_and_contest_slice
2016,president,,Dorchester - Irongate 3,Dorchester - Irongate 3,1.0000,approved,high,autogen_identity_from_results_and_contest_slice
2016,president,,Dorchester - King'S Grant,Dorchester - King'S Grant,1.0000,approved,high,autogen_identity_from_results_and_contest_slice
2016,president,,Dorchester - King'S Grant 2,Dorchester - King'S Grant 2,1.0000,approved,high,autogen_identity_from_results_and_contest_slice
2016,president,,Dorchester - Knightsville,Dorchester - Knightsville,1.0000,approved,high,autogen_identity_from_results_and_contest_slice
2016,president,,Dorchester - Lincoln,Dorchester - Lincoln,1.0000,approved,high,autogen_identity_from_results_and_contest_slice
2016,president,,Dorchester - Miles/Jamison,Dorchester - Miles/Jamison,1.0000,approved,high,autogen_identity_from_results_and_contest_slice
2016,president,,Dorchester - Newington,Dorchester - Newington,1.0000,approved,high,autogen_identity_from_results_and_contest_slice
2016,president,,Dorchester - Newington 2,Dorchester - Newington 2,1.0000,approved,high,autogen_identity_from_results_and_contest_slice
2016,president,,Dorchester - North Summerville,Dorchester - North Summerville,1.0000,approved,high,autogen_identity_from_results_and_contest_slice
2016,president,,Dorchester - North Summerville 2,Dorchester - North Summerville 2,1.0000,approved,high,autogen_identity_from_results_and_contest_slice
2016,president,,Dorchester - Oakbrook,Dorchester - Oakbrook,1.0000,approved,high,autogen_identity_from_results_and_contest_slice
2016,president,,Dorchester - Oakbrook 2,Dorchester - Oakbrook 2,1.0000,approved,high,autogen_identity_from_results_and_contest_slice
2016,president,,Dorchester - Patriot,Dorchester - Patriot,1.0000,approved,high,autogen_identity_from_results_and_contest_slice
2016,president,,Dorchester - Reevesville,Dorchester - Reevesville,1.0000,approved,high,autogen_identity_from_results_and_contest_slice
2016,president,,Dorchester - Ridgeville,Dorchester - Ridgeville,1.0000,approved,high,autogen_identity_from_results_and_contest_slice
2016,president,,Dorchester - Ridgeville 2,Dorchester - Ridgeville 2,1.0000,approved,high,autogen_identity_from_results_and_contest_slice
2016,president,,Dorchester - Rosinville,Dorchester - Rosinville,1.0000,approved,high,autogen_identity_from_results_and_contest_slice
2016,president,,Dorchester - Rosses,Dorchester - Rosses,1.0000,approved,high,autogen_identity_from_results_and_contest_slice
2016,president,,Dorchester - Saul Dam,Dorchester - Saul Dam,1.0000,approved,high,autogen_identity_from_results_and_contest_slice
2016,president,,Dorchester - Sawmill Branch,Dorchester - Sawmill Branch,1.0000,approved,high,autogen_identity_from_results_and_contest_slice
2016,president,,Dorchester - Spann,Dorchester - Spann,1.0000,approved,high,autogen_identity_from_results_and_contest_slice
2016,president,,Dorchester - St. George No. 1,Dorchester - St. George No. 1,1.0000,approved,high,autogen_identity_from_results_and_contest_slice
2016,president,,Dorchester - St. George No. 2,Dorchester - St. George No. 2,1.0000,approved,high,autogen_identity_from_results_and_contest_slice
2016,president,,Dorchester - Stallsville,Dorchester - Stallsville,1.0000,approved,high,autogen_identity_from_results_and_contest_slice
2016,president,,Dorchester - Tranquil,Dorchester - Tranquil,1.0000,approved,high,autogen_identity_from_results_and_contest_slice
2016,president,,Dorchester - Tranquil 2,Dorchester - Tranquil 2,1.0000,approved,high,autogen_identity_from_results_and_contest_slice
2016,president,,Dorchester - Tranquil 3,Dorchester - Tranquil 3,1.0000,approved,high,autogen_identity_from_results_and_contest_slice
2016,president,,Dorchester - Trolley,Dorchester - Trolley,1.0000,approved,high,autogen_identity_from_results_and_contest_slice
2016,president,,Dorchester - Tupperway,Dorchester - Tupperway,1.0000,approved,high,autogen_identity_from_results_and_contest_slice
2016,president,,Dorchester - Tupperway 2,Dorchester - Tupperway 2,1.0000,approved,high,autogen_identity_from_results_and_contest_slice
2016,president,,Dorchester - Windsor,Dorchester - Windsor,1.0000,approved,high,autogen_identity_from_results_and_contest_slice
2016,president,,Dorchester - Windsor 2,Dorchester - Windsor 2,1.0000,approved,high,autogen_identity_from_results_and_contest_slice
2016,president,,Edgefield - Brunson,Edgefield - Brunson,1.0000,approved,high,autogen_identity_from_results_and_contest_slice
2016,president,,Edgefield - Harmony,Edgefield - Harmony,1.0000,approved,high,autogen_identity_from_results_and_contest_slice
2016,president,,Edgefield - North Side,Edgefield - North Side,1.0000,approved,high,autogen_identity_from_results_and_contest_slice
2016,president,,Edgefield - Westside,Edgefield - Westside,1.0000,approved,high,autogen_identity_from_results_and_contest_slice
2016,president,,Fairfield - Blackstock,Fairfield - Blackstock,1.0000,approved,high,autogen_identity_from_results_and_contest_slice
2016,president,,Fairfield - Blairs,Fairfield - Blairs,1.0000,approved,high,autogen_identity_from_results_and_contest_slice
2016,president,,Fairfield - Centerville,Fairfield - Centerville,1.0000,approved,high,autogen_identity_from_results_and_contest_slice
2016,president,,Fairfield - Dutchmans Creek,Fairfield - Dutchmans Creek,1.0000,approved,high,autogen_identity_from_results_and_contest_slice
2016,president,,Fairfield - Feasterville,Fairfield - Feasterville,1.0000,approved,high,autogen_identity_from_results_and_contest_slice
2016,president,,Fairfield - Greenbrier,Fairfield - Greenbrier,1.0000,approved,high,autogen_identity_from_results_and_contest_slice
2016,president,,Fairfield - Hickory Ridge,Fairfield - Hickory Ridge,1.0000,approved,high,autogen_identity_from_results_and_contest_slice
2016,president,,Fairfield - Horeb-Glenn,Fairfield - Horeb-Glenn,1.0000,approved,high,autogen_identity_from_results_and_contest_slice
2016,president,,Fairfield - Lebanon,Fairfield - Lebanon,1.0000,approved,high,autogen_identity_from_results_and_contest_slice
2016,president,,Fairfield - Mitford,Fairfield - Mitford,1.0000,approved,high,autogen_identity_from_results_and_contest_slice
2016,president,,Fairfield - Monticello,Fairfield - Monticello,1.0000,approved,high,autogen_identity_from_results_and_contest_slice
2016,president,,Fairfield - New Hope,Fairfield - New Hope,1.0000,approved,high,autogen_identity_from_results_and_contest_slice
2016,president,,Fairfield - Ridgeway,Fairfield - Ridgeway,1.0000,approved,high,autogen_identity_from_results_and_contest_slice
2016,president,,Fairfield - Simpson,Fairfield - Simpson,1.0000,approved,high,autogen_identity_from_results_and_contest_slice
2016,president,,Fairfield - South Winnsboro,Fairfield - South Winnsboro,1.0000,approved,high,autogen_identity_from_results_and_contest_slice
2016,president,,Fairfield - White Oak,Fairfield - White Oak,1.0000,approved,high,autogen_identity_from_results_and_contest_slice
2016,president,,Fairfield - Winnsboro Mills,Fairfield - Winnsboro Mills,1.0000,approved,high,autogen_identity_from_results_and_contest_slice
2016,president,,Fairfield - Winnsboro No. 1,Fairfield - Winnsboro No. 1,1.0000,approved,high,autogen_identity_from_results_and_contest_slice
2016,president,,Fairfield - Winnsboro No. 2,Fairfield - Winnsboro No. 2,1.0000,approved,high,autogen_identity_from_results_and_contest_slice
2016,president,,Florence - Back Swamp,Florence - Back Swamp,1.0000,approved,high,autogen_identity_from_results_and_contest_slice
2016,president,,Florence - Brookgreen,Florence - Brookgreen,1.0000,approved,high,autogen_identity_from_results_and_contest_slice
2016,president,,Florence - Cartersville,Florence - Cartersville,1.0000,approved,high,autogen_identity_from_results_and_contest_slice
2016,president,,Florence - Claussen,Florence - Claussen,1.0000,approved,high,autogen_identity_from_results_and_contest_slice
2016,president,,Florence - Cowards No. 1,Florence - Cowards No. 1,1.0000,approved,high,autogen_identity_from_results_and_contest_slice
2016,president,,Florence - Cowards No. 2,Florence - Cowards No. 2,1.0000,approved,high,autogen_identity_from_results_and_contest_slice
2016,president,,Florence - Delmae No. 1,Florence - Delmae No. 1,1.0000,approved,high,autogen_identity_from_results_and_contest_slice
2016,president,,Florence - Delmae No. 2,Florence - Delmae No. 2,1.0000,approved,high,autogen_identity_from_results_and_contest_slice
2016,president,,Florence - Ebenezer No. 1,Florence - Ebenezer No. 1,1.0000,approved,high,autogen_identity_from_results_and_contest_slice
2016,president,,Florence - Ebenezer No. 2,Florence - Ebenezer No. 2,1.0000,approved,high,autogen_identity_from_results_and_contest_slice
2016,president,,Florence - Ebenezer No. 3,Florence - Ebenezer No. 3,1.0000,approved,high,autogen_identity_from_results_and_contest_slice
2016,president,,Florence - Effingham,Florence - Effingham,1.0000,approved,high,autogen_identity_from_results_and_contest_slice
2016,president,,Florence - Elim-Glenwood,Florence - Elim-Glenwood,1.0000,approved,high,autogen_identity_from_results_and_contest_slice
2016,president,,Florence - Evergreen,Florence - Evergreen,1.0000,approved,high,autogen_identity_from_results_and_contest_slice
2016,president,,Florence - Friendfield,Florence - Friendfield,1.0000,approved,high,autogen_identity_from_results_and_contest_slice
2016,president,,Florence - Gilbert,Florence - Gilbert,1.0000,approved,high,autogen_identity_from_results_and_contest_slice
2016,president,,Florence - Greenwood,Florence - Greenwood,1.0000,approved,high,autogen_identity_from_results_and_contest_slice
2016,president,,Florence - Hannah,Florence - Hannah,1.0000,approved,high,autogen_identity_from_results_and_contest_slice
2016,president,,Florence - High Hill,Florence - High Hill,1.0000,approved,high,autogen_identity_from_results_and_contest_slice
2016,president,,Florence - Johnsonville,Florence - Johnsonville,1.0000,approved,high,autogen_identity_from_results_and_contest_slice
2016,president,,Florence - Kingsburg-Stone,Florence - Kingsburg-Stone,1.0000,approved,high,autogen_identity_from_results_and_contest_slice
2016,president,,Florence - Lake City No. 1,Florence - Lake City No. 1,1.0000,approved,high,autogen_identity_from_results_and_contest_slice
2016,president,,Florence - Lake City No. 2,Florence - Lake City No. 2,1.0000,approved,high,autogen_identity_from_results_and_contest_slice
2016,president,,Florence - Lake City No. 3,Florence - Lake City No. 3,1.0000,approved,high,autogen_identity_from_results_and_contest_slice
2016,president,,Florence - Lake City No. 4,Florence - Lake City No. 4,1.0000,approved,high,autogen_identity_from_results_and_contest_slice
2016,president,,Florence - Leo,Florence - Leo,1.0000,approved,high,autogen_identity_from_results_and_contest_slice
2016,president,,Florence - Mars Bluff No. 1,Florence - Mars Bluff No. 1,1.0000,approved,high,autogen_identity_from_results_and_contest_slice
2016,president,,Florence - Mars Bluff No. 2,Florence - Mars Bluff No. 2,1.0000,approved,high,autogen_identity_from_results_and_contest_slice
2016,president,,Florence - Mcallister Mill,Florence - Mcallister Mill,1.0000,approved,high,autogen_identity_from_results_and_contest_slice
2016,president,,Florence - Mill Branch,Florence - Mill Branch,1.0000,approved,high,autogen_identity_from_results_and_contest_slice
2016,president,,Florence - Oak Grove-Sardis,Florence - Oak Grove-Sardis,1.0000,approved,high,autogen_identity_from_results_and_contest_slice
2016,president,,Florence - Olanta,Florence - Olanta,1.0000,approved,high,autogen_identity_from_results_and_contest_slice
2016,president,,Florence - Pamplico No. 1,Florence - Pamplico No. 1,1.0000,approved,high,autogen_identity_from_results_and_contest_slice
2016,president,,Florence - Pamplico No. 2,Florence - Pamplico No. 2,1.0000,approved,high,autogen_identity_from_results_and_contest_slice
2016,president,,Florence - Prospect,Florence - Prospect,1.0000,approved,high,autogen_identity_from_results_and_contest_slice
2016,president,,Florence - Quinby,Florence - Quinby,1.0000,approved,high,autogen_identity_from_results_and_contest_slice
2016,president,,Florence - Salem,Florence - Salem,1.0000,approved,high,autogen_identity_from_results_and_contest_slice
2016,president,,Florence - Savannah Grove,Florence - Savannah Grove,1.0000,approved,high,autogen_identity_from_results_and_contest_slice
2016,president,,Florence - Scranton,Florence - Scranton,1.0000,approved,high,autogen_identity_from_results_and_contest_slice
2016,president,,Florence - Spaulding,Florence - Spaulding,1.0000,approved,high,autogen_identity_from_results_and_contest_slice
2016,president,,Florence - Tans Bay,Florence - Tans Bay,1.0000,approved,high,autogen_identity_from_results_and_contest_slice
2016,president,,Florence - Vox,Florence - Vox,1.0000,approved,high,autogen_identity_from_results_and_contest_slice
2016,president,,Georgetown - Andrews,Georgetown - Andrews,1.0000,approved,high,autogen_identity_from_results_and_contest_slice
2016,president,,Georgetown - Andrews Outside,Georgetown - Andrews Outside,1.0000,approved,high,autogen_identity_from_results_and_contest_slice
2016,president,,Georgetown - Bethel,Georgetown - Bethel,1.0000,approved,high,autogen_identity_from_results_and_contest_slice
2016,president,,Georgetown - Black River,Georgetown - Black River,1.0000,approved,high,autogen_identity_from_results_and_contest_slice
2016,president,,Georgetown - Brown'S Ferry,Georgetown - Brown'S Ferry,1.0000,approved,high,autogen_identity_from_results_and_contest_slice
2016,president,,Georgetown - Carver'S Bay,Georgetown - Carver'S Bay,1.0000,approved,high,autogen_identity_from_results_and_contest_slice
2016,president,,Georgetown - Choppee,Georgetown - Choppee,1.0000,approved,high,autogen_identity_from_results_and_contest_slice
2016,president,,Georgetown - Folly Grove,Georgetown - Folly Grove,1.0000,approved,high,autogen_identity_from_results_and_contest_slice
2016,president,,Georgetown - Georgetown No. 1,Georgetown - Georgetown No. 1,1.0000,approved,high,autogen_identity_from_results_and_contest_slice
2016,president,,Georgetown - Georgetown No. 3,Georgetown - Georgetown No. 3,1.0000,approved,high,autogen_identity_from_results_and_contest_slice
2016,president,,Georgetown - Georgetown No. 4,Georgetown - Georgetown No. 4,1.0000,approved,high,autogen_identity_from_results_and_contest_slice
2016,president,,Georgetown - Georgetown No. 5,Georgetown - Georgetown No. 5,1.0000,approved,high,autogen_identity_from_results_and_contest_slice
2016,president,,Georgetown - Grier'S,Georgetown - Grier'S,1.0000,approved,high,autogen_identity_from_results_and_contest_slice
2016,president,,Georgetown - Kensington,Georgetown - Kensington,1.0000,approved,high,autogen_identity_from_results_and_contest_slice
2016,president,,Georgetown - Murrell'S Inlet No. 1,Georgetown - Murrell'S Inlet No. 1,1.0000,approved,high,autogen_identity_from_results_and_contest_slice
2016,president,,Georgetown - Murrell'S Inlet No. 2,Georgetown - Murrell'S Inlet No. 2,1.0000,approved,high,autogen_identity_from_results_and_contest_slice
2016,president,,Georgetown - Murrell'S Inlet No. 3,Georgetown - Murrell'S Inlet No. 3,1.0000,approved,high,autogen_identity_from_results_and_contest_slice
2016,president,,Georgetown - Murrell'S Inlet No. 4,Georgetown - Murrell'S Inlet No. 4,1.0000,approved,high,autogen_identity_from_results_and_contest_slice
2016,president,,Georgetown - Myersville,Georgetown - Myersville,1.0000,approved,high,autogen_identity_from_results_and_contest_slice
2016,president,,Georgetown - Pawley'S Island No. 1,Georgetown - Pawley'S Island No. 1,1.0000,approved,high,autogen_identity_from_results_and_contest_slice
2016,president,,Georgetown - Pawley'S Island No. 2,Georgetown - Pawley'S Island No. 2,1.0000,approved,high,autogen_identity_from_results_and_contest_slice
2016,president,,Georgetown - Pawley'S Island No. 3,Georgetown - Pawley'S Island No. 3,1.0000,approved,high,autogen_identity_from_results_and_contest_slice
2016,president,,Georgetown - Pawley'S Island No. 4,Georgetown - Pawley'S Island No. 4,1.0000,approved,high,autogen_identity_from_results_and_contest_slice
2016,president,,Georgetown - Pawley'S Island No. 5,Georgetown - Pawley'S Island No. 5,1.0000,approved,high,autogen_identity_from_results_and_contest_slice
2016,president,,Georgetown - Penny Royal,Georgetown - Penny Royal,1.0000,approved,high,autogen_identity_from_results_and_contest_slice
2016,president,,Georgetown - Plantersville,Georgetown - Plantersville,1.0000,approved,high,autogen_identity_from_results_and_contest_slice
2016,president,,Georgetown - Pleasant Hill,Georgetown - Pleasant Hill,1.0000,approved,high,autogen_identity_from_results_and_contest_slice
2016,president,,Georgetown - Potato Bed Ferry,Georgetown - Potato Bed Ferry,1.0000,approved,high,autogen_identity_from_results_and_contest_slice
2016,president,,Georgetown - Sampit,Georgetown - Sampit,1.0000,approved,high,autogen_identity_from_results_and_contest_slice
2016,president,,Georgetown - Santee,Georgetown - Santee,1.0000,approved,high,autogen_identity_from_results_and_contest_slice
2016,president,,Georgetown - Spring Gully,Georgetown - Spring Gully,1.0000,approved,high,autogen_identity_from_results_and_contest_slice
2016,president,,Georgetown - Winyah Bay,Georgetown - Winyah Bay,1.0000,approved,high,autogen_identity_from_results_and_contest_slice
2016,president,,Greenville - Aiken,Greenville - Aiken,1.0000,approved,high,autogen_identity_from_results_and_contest_slice
2016,president,,Greenville - Altamont Forest,Greenville - Altamont Forest,1.0000,approved,high,autogen_identity_from_results_and_contest_slice
2016,president,,Greenville - Asheton Lakes,Greenville - Asheton Lakes,1.0000,approved,high,autogen_identity_from_results_and_contest_slice
2016,president,,Greenville - Avon,Greenville - Avon,1.0000,approved,high,autogen_identity_from_results_and_contest_slice
2016,president,,Greenville - Baker Creek,Greenville - Baker Creek,1.0000,approved,high,autogen_identity_from_results_and_contest_slice
2016,president,,Greenville - Belle Meade,Greenville - Belle Meade,1.0000,approved,high,autogen_identity_from_results_and_contest_slice
2016,president,,Greenville - Bells Crossing,Greenville - Bells Crossing,1.0000,approved,high,autogen_identity_from_results_and_contest_slice
2016,president,,Greenville - Belmont,Greenville - Belmont,1.0000,approved,high,autogen_identity_from_results_and_contest_slice
2016,president,,Greenville - Berea,Greenville - Berea,1.0000,approved,high,autogen_identity_from_results_and_contest_slice
2016,president,,Greenville - Boiling Springs,Greenville - Boiling Springs,1.0000,approved,high,autogen_identity_from_results_and_contest_slice
2016,president,,Greenville - Botany Woods,Greenville - Botany Woods,1.0000,approved,high,autogen_identity_from_results_and_contest_slice
2016,president,,Greenville - Bridge Fork,Greenville - Bridge Fork,1.0000,approved,high,autogen_identity_from_results_and_contest_slice
2016,president,,Greenville - Brookglenn,Greenville - Brookglenn,1.0000,approved,high,autogen_identity_from_results_and_contest_slice
2016,president,,Greenville - Canebrake,Greenville - Canebrake,1.0000,approved,high,autogen_identity_from_results_and_contest_slice
2016,president,,Greenville - Carolina,Greenville - Carolina,1.0000,approved,high,autogen_identity_from_results_and_contest_slice
2016,president,,Greenville - Castle Rock,Greenville - Castle Rock,1.0000,approved,high,autogen_identity_from_results_and_contest_slice
2016,president,,Greenville - Chestnut Hills,Greenville - Chestnut Hills,1.0000,approved,high,autogen_identity_from_results_and_contest_slice
2016,president,,Greenville - Circle Creek,Greenville - Circle Creek,1.0000,approved,high,autogen_identity_from_results_and_contest_slice
2016,president,,Greenville - Clear Creek,Greenville - Clear Creek,1.0000,approved,high,autogen_identity_from_results_and_contest_slice
2016,president,,Greenville - Conestee,Greenville - Conestee,1.0000,approved,high,autogen_identity_from_results_and_contest_slice
2016,president,,Greenville - Darby Ridge,Greenville - Darby Ridge,1.0000,approved,high,autogen_identity_from_results_and_contest_slice
2016,president,,Greenville - Del Norte,Greenville - Del Norte,1.0000,approved,high,autogen_identity_from_results_and_contest_slice
2016,president,,Greenville - Devenger,Greenville - Devenger,1.0000,approved,high,autogen_identity_from_results_and_contest_slice
2016,president,,Greenville - Donaldson,Greenville - Donaldson,1.0000,approved,high,autogen_identity_from_results_and_contest_slice
2016,president,,Greenville - Dove Tree,Greenville - Dove Tree,1.0000,approved,high,autogen_identity_from_results_and_contest_slice
2016,president,,Greenville - Dunklin,Greenville - Dunklin,1.0000,approved,high,autogen_identity_from_results_and_contest_slice
2016,president,,Greenville - Eastside,Greenville - Eastside,1.0000,approved,high,autogen_identity_from_results_and_contest_slice
2016,president,,Greenville - Ebenezer,Greenville - Ebenezer,1.0000,approved,high,autogen_identity_from_results_and_contest_slice
2016,president,,Greenville - Edwards Forest,Greenville - Edwards Forest,1.0000,approved,high,autogen_identity_from_results_and_contest_slice
2016,president,,Greenville - Enoree,Greenville - Enoree,1.0000,approved,high,autogen_identity_from_results_and_contest_slice
2016,president,,Greenville - Feaster,Greenville - Feaster,1.0000,approved,high,autogen_identity_from_results_and_contest_slice
2016,president,,Greenville - Fork Shoals,Greenville - Fork Shoals,1.0000,approved,high,autogen_identity_from_results_and_contest_slice
2016,president,,Greenville - Fountain Inn 1,Greenville - Fountain Inn 1,1.0000,approved,high,autogen_identity_from_results_and_contest_slice
2016,president,,Greenville - Fountain Inn 2,Greenville - Fountain Inn 2,1.0000,approved,high,autogen_identity_from_results_and_contest_slice
2016,president,,Greenville - Fox Chase,Greenville - Fox Chase,1.0000,approved,high,autogen_identity_from_results_and_contest_slice
2016,president,,Greenville - Frohawk,Greenville - Frohawk,1.0000,approved,high,autogen_identity_from_results_and_contest_slice
2016,president,,Greenville - Furman,Greenville - Furman,1.0000,approved,high,autogen_identity_from_results_and_contest_slice
2016,president,,Greenville - Gowensville,Greenville - Gowensville,1.0000,approved,high,autogen_identity_from_results_and_contest_slice
2016,president,,Greenville - Granite Creek,Greenville - Granite Creek,1.0000,approved,high,autogen_identity_from_results_and_contest_slice
2016,president,,Greenville - Graze Branch,Greenville - Graze Branch,1.0000,approved,high,autogen_identity_from_results_and_contest_slice
2016,president,,Greenville - Greenbriar,Greenville - Greenbriar,1.0000,approved,high,autogen_identity_from_results_and_contest_slice
2016,president,,Greenville - Greenville 1,Greenville - Greenville 1,1.0000,approved,high,autogen_identity_from_results_and_contest_slice
2016,president,,Greenville - Greenville 10,Greenville - Greenville 10,1.0000,approved,high,autogen_identity_from_results_and_contest_slice
2016,president,,Greenville - Greenville 14,Greenville - Greenville 14,1.0000,approved,high,autogen_identity_from_results_and_contest_slice
2016,president,,Greenville - Greenville 16,Greenville - Greenville 16,1.0000,approved,high,autogen_identity_from_results_and_contest_slice
2016,president,,Greenville - Greenville 17,Greenville - Greenville 17,1.0000,approved,high,autogen_identity_from_results_and_contest_slice
2016,president,,Greenville - Greenville 18,Greenville - Greenville 18,1.0000,approved,high,autogen_identity_from_results_and_contest_slice
2016,president,,Greenville - Greenville 19,Greenville - Greenville 19,1.0000,approved,high,autogen_identity_from_results_and_contest_slice
2016,president,,Greenville - Greenville 20,Greenville - Greenville 20,1.0000,approved,high,autogen_identity_from_results_and_contest_slice
2016,president,,Greenville - Greenville 21,Greenville - Greenville 21,1.0000,approved,high,autogen_identity_from_results_and_contest_slice
2016,president,,Greenville - Greenville 22,Greenville - Greenville 22,1.0000,approved,high,autogen_identity_from_results_and_contest_slice
2016,president,,Greenville - Greenville 23,Greenville - Greenville 23,1.0000,approved,high,autogen_identity_from_results_and_contest_slice
2016,president,,Greenville - Greenville 24,Greenville - Greenville 24,1.0000,approved,high,autogen_identity_from_results_and_contest_slice
2016,president,,Greenville - Greenville 25,Greenville - Greenville 25,1.0000,approved,high,autogen_identity_from_results_and_contest_slice
2016,president,,Greenville - Greenville 26,Greenville - Greenville 26,1.0000,approved,high,autogen_identity_from_results_and_contest_slice
2016,president,,Greenville - Greenville 27,Greenville - Greenville 27,1.0000,approved,high,autogen_identity_from_results_and_contest_slice
2016,president,,Greenville - Greenville 28,Greenville - Greenville 28,1.0000,approved,high,autogen_identity_from_results_and_contest_slice
2016,president,,Greenville - Greenville 29,Greenville - Greenville 29,1.0000,approved,high,autogen_identity_from_results_and_contest_slice
2016,president,,Greenville - Greenville 3,Greenville - Greenville 3,1.0000,approved,high,autogen_identity_from_results_and_contest_slice
2016,president,,Greenville - Greenville 4,Greenville - Greenville 4,1.0000,approved,high,autogen_identity_from_results_and_contest_slice
2016,president,,Greenville - Greenville 5,Greenville - Greenville 5,1.0000,approved,high,autogen_identity_from_results_and_contest_slice
2016,president,,Greenville - Greenville 6,Greenville - Greenville 6,1.0000,approved,high,autogen_identity_from_results_and_contest_slice
2016,president,,Greenville - Greenville 7,Greenville - Greenville 7,1.0000,approved,high,autogen_identity_from_results_and_contest_slice
2016,president,,Greenville - Greenville 8,Greenville - Greenville 8,1.0000,approved,high,autogen_identity_from_results_and_contest_slice
2016,president,,Greenville - Grove,Greenville - Grove,1.0000,approved,high,autogen_identity_from_results_and_contest_slice
2016,president,,Greenville - Hillcrest,Greenville - Hillcrest,1.0000,approved,high,autogen_identity_from_results_and_contest_slice
2016,president,,Greenville - Holly Tree,Greenville - Holly Tree,1.0000,approved,high,autogen_identity_from_results_and_contest_slice
2016,president,,Greenville - Jennings Mill,Greenville - Jennings Mill,1.0000,approved,high,autogen_identity_from_results_and_contest_slice
2016,president,,Greenville - Kilgore Farms,Greenville - Kilgore Farms,1.0000,approved,high,autogen_identity_from_results_and_contest_slice
2016,president,,Greenville - Lakeview,Greenville - Lakeview,1.0000,approved,high,autogen_identity_from_results_and_contest_slice
2016,president,,Greenville - Laurel Ridge,Greenville - Laurel Ridge,1.0000,approved,high,autogen_identity_from_results_and_contest_slice
2016,president,,Greenville - Leawood,Greenville - Leawood,1.0000,approved,high,autogen_identity_from_results_and_contest_slice
2016,president,,Greenville - Locust Hill,Greenville - Locust Hill,1.0000,approved,high,autogen_identity_from_results_and_contest_slice
2016,president,,Greenville - Long Creek,Greenville - Long Creek,1.0000,approved,high,autogen_identity_from_results_and_contest_slice
2016,president,,Greenville - Maple Creek,Greenville - Maple Creek,1.0000,approved,high,autogen_identity_from_results_and_contest_slice
2016,president,,Greenville - Maridell,Greenville - Maridell,1.0000,approved,high,autogen_identity_from_results_and_contest_slice
2016,president,,Greenville - Mauldin 1,Greenville - Mauldin 1,1.0000,approved,high,autogen_identity_from_results_and_contest_slice
2016,president,,Greenville - Mauldin 2,Greenville - Mauldin 2,1.0000,approved,high,autogen_identity_from_results_and_contest_slice
2016,president,,Greenville - Mauldin 3,Greenville - Mauldin 3,1.0000,approved,high,autogen_identity_from_results_and_contest_slice
2016,president,,Greenville - Mauldin 4,Greenville - Mauldin 4,1.0000,approved,high,autogen_identity_from_results_and_contest_slice
2016,president,,Greenville - Mauldin 5,Greenville - Mauldin 5,1.0000,approved,high,autogen_identity_from_results_and_contest_slice
2016,president,,Greenville - Mauldin 6,Greenville - Mauldin 6,1.0000,approved,high,autogen_identity_from_results_and_contest_slice
2016,president,,Greenville - Mauldin 7,Greenville - Mauldin 7,1.0000,approved,high,autogen_identity_from_results_and_contest_slice
2016,president,,Greenville - Mission,Greenville - Mission,1.0000,approved,high,autogen_identity_from_results_and_contest_slice
2016,president,,Greenville - Monaview,Greenville - Monaview,1.0000,approved,high,autogen_identity_from_results_and_contest_slice
2016,president,,Greenville - Moore Creek,Greenville - Moore Creek,1.0000,approved,high,autogen_identity_from_results_and_contest_slice
2016,president,,Greenville - Mountain Creek,Greenville - Mountain Creek,1.0000,approved,high,autogen_identity_from_results_and_contest_slice
2016,president,,Greenville - Mountain View,Greenville - Mountain View,1.0000,approved,high,autogen_identity_from_results_and_contest_slice
2016,president,,Greenville - Mt. Pleasant,Greenville - Mt. Pleasant,1.0000,approved,high,autogen_identity_from_results_and_contest_slice
2016,president,,Greenville - Neely Farms,Greenville - Neely Farms,1.0000,approved,high,autogen_identity_from_results_and_contest_slice
2016,president,,Greenville - Northwood,Greenville - Northwood,1.0000,approved,high,autogen_identity_from_results_and_contest_slice
2016,president,,Greenville - Oakview,Greenville - Oakview,1.0000,approved,high,autogen_identity_from_results_and_contest_slice
2016,president,,Greenville - Oneal,Greenville - Oneal,1.0000,approved,high,autogen_identity_from_results_and_contest_slice
2016,president,,Greenville - Palmetto,Greenville - Palmetto,1.0000,approved,high,autogen_identity_from_results_and_contest_slice
2016,president,,Greenville - Paris Mountain,Greenville - Paris Mountain,1.0000,approved,high,autogen_identity_from_results_and_contest_slice
2016,president,,Greenville - Pebble Creek,Greenville - Pebble Creek,1.0000,approved,high,autogen_identity_from_results_and_contest_slice
2016,president,,Greenville - Pelham Falls,Greenville - Pelham Falls,1.0000,approved,high,autogen_identity_from_results_and_contest_slice
2016,president,,Greenville - Piedmont,Greenville - Piedmont,1.0000,approved,high,autogen_identity_from_results_and_contest_slice
2016,president,,Greenville - Pineview,Greenville - Pineview,1.0000,approved,high,autogen_identity_from_results_and_contest_slice
2016,president,,Greenville - Poinsett,Greenville - Poinsett,1.0000,approved,high,autogen_identity_from_results_and_contest_slice
2016,president,,Greenville - Raintree,Greenville - Raintree,1.0000,approved,high,autogen_identity_from_results_and_contest_slice
2016,president,,Greenville - Ranch Creek,Greenville - Ranch Creek,1.0000,approved,high,autogen_identity_from_results_and_contest_slice
2016,president,,Greenville - Reedy Fork,Greenville - Reedy Fork,1.0000,approved,high,autogen_identity_from_results_and_contest_slice
2016,president,,Greenville - Riverside,Greenville - Riverside,1.0000,approved,high,autogen_identity_from_results_and_contest_slice
2016,president,,Greenville - Riverwalk,Greenville - Riverwalk,1.0000,approved,high,autogen_identity_from_results_and_contest_slice
2016,president,,Greenville - Rock Hill,Greenville - Rock Hill,1.0000,approved,high,autogen_identity_from_results_and_contest_slice
2016,president,,Greenville - Rocky Creek,Greenville - Rocky Creek,1.0000,approved,high,autogen_identity_from_results_and_contest_slice
2016,president,,Greenville - Rolling Green,Greenville - Rolling Green,1.0000,approved,high,autogen_identity_from_results_and_contest_slice
2016,president,,Greenville - Royal Oaks,Greenville - Royal Oaks,1.0000,approved,high,autogen_identity_from_results_and_contest_slice
2016,president,,Greenville - Saluda,Greenville - Saluda,1.0000,approved,high,autogen_identity_from_results_and_contest_slice
2016,president,,Greenville - Sandy Flat,Greenville - Sandy Flat,1.0000,approved,high,autogen_identity_from_results_and_contest_slice
2016,president,,Greenville - Sevier,Greenville - Sevier,1.0000,approved,high,autogen_identity_from_results_and_contest_slice
2016,president,,Greenville - Silverleaf,Greenville - Silverleaf,1.0000,approved,high,autogen_identity_from_results_and_contest_slice
2016,president,,Greenville - Simpsonville 1,Greenville - Simpsonville 1,1.0000,approved,high,autogen_identity_from_results_and_contest_slice
2016,president,,Greenville - Simpsonville 2,Greenville - Simpsonville 2,1.0000,approved,high,autogen_identity_from_results_and_contest_slice
2016,president,,Greenville - Simpsonville 3,Greenville - Simpsonville 3,1.0000,approved,high,autogen_identity_from_results_and_contest_slice
2016,president,,Greenville - Simpsonville 4,Greenville - Simpsonville 4,1.0000,approved,high,autogen_identity_from_results_and_contest_slice
2016,president,,Greenville - Simpsonville 5,Greenville - Simpsonville 5,1.0000,approved,high,autogen_identity_from_results_and_contest_slice
2016,president,,Greenville - Simpsonville 6,Greenville - Simpsonville 6,1.0000,approved,high,autogen_identity_from_results_and_contest_slice
2016,president,,Greenville - Skyland,Greenville - Skyland,1.0000,approved,high,autogen_identity_from_results_and_contest_slice
2016,president,,Greenville - Slater Marietta,Greenville - Slater Marietta,1.0000,approved,high,autogen_identity_from_results_and_contest_slice
2016,president,,Greenville - Southside,Greenville - Southside,1.0000,approved,high,autogen_identity_from_results_and_contest_slice
2016,president,,Greenville - Sparrows Point,Greenville - Sparrows Point,1.0000,approved,high,autogen_identity_from_results_and_contest_slice
2016,president,,Greenville - Spring Forest,Greenville - Spring Forest,1.0000,approved,high,autogen_identity_from_results_and_contest_slice
2016,president,,Greenville - Standing Springs,Greenville - Standing Springs,1.0000,approved,high,autogen_identity_from_results_and_contest_slice
2016,president,,Greenville - Stone Valley,Greenville - Stone Valley,1.0000,approved,high,autogen_identity_from_results_and_contest_slice
2016,president,,Greenville - Stonehaven,Greenville - Stonehaven,1.0000,approved,high,autogen_identity_from_results_and_contest_slice
2016,president,,Greenville - Suber Mill,Greenville - Suber Mill,1.0000,approved,high,autogen_identity_from_results_and_contest_slice
2016,president,,Greenville - Sugar Creek,Greenville - Sugar Creek,1.0000,approved,high,autogen_identity_from_results_and_contest_slice
2016,president,,Greenville - Sulphur Springs,Greenville - Sulphur Springs,1.0000,approved,high,autogen_identity_from_results_and_contest_slice
2016,president,,Greenville - Sycamore,Greenville - Sycamore,1.0000,approved,high,autogen_identity_from_results_and_contest_slice
2016,president,,Greenville - Tanglewood,Greenville - Tanglewood,1.0000,approved,high,autogen_identity_from_results_and_contest_slice
2016,president,,Greenville - Taylors,Greenville - Taylors,1.0000,approved,high,autogen_identity_from_results_and_contest_slice
2016,president,,Greenville - Thornblade,Greenville - Thornblade,1.0000,approved,high,autogen_identity_from_results_and_contest_slice
2016,president,,Greenville - Tigerville,Greenville - Tigerville,1.0000,approved,high,autogen_identity_from_results_and_contest_slice
2016,president,,Greenville - Timberlake,Greenville - Timberlake,1.0000,approved,high,autogen_identity_from_results_and_contest_slice
2016,president,,Greenville - Trade,Greenville - Trade,1.0000,approved,high,autogen_identity_from_results_and_contest_slice
2016,president,,Greenville - Travelers Rest 1,Greenville - Travelers Rest 1,1.0000,approved,high,autogen_identity_from_results_and_contest_slice
2016,president,,Greenville - Travelers Rest 2,Greenville - Travelers Rest 2,1.0000,approved,high,autogen_identity_from_results_and_contest_slice
2016,president,,Greenville - Tubbs Mountain,Greenville - Tubbs Mountain,1.0000,approved,high,autogen_identity_from_results_and_contest_slice
2016,president,,Greenville - Tyger River,Greenville - Tyger River,1.0000,approved,high,autogen_identity_from_results_and_contest_slice
2016,president,,Greenville - Verdmont,Greenville - Verdmont,1.0000,approved,high,autogen_identity_from_results_and_contest_slice
2016,president,,Greenville - Wade Hampton,Greenville - Wade Hampton,1.0000,approved,high,autogen_identity_from_results_and_contest_slice
2016,president,,Greenville - Walnut Springs,Greenville - Walnut Springs,1.0000,approved,high,autogen_identity_from_results_and_contest_slice
2016,president,,Greenville - Ware Place,Greenville - Ware Place,1.0000,approved,high,autogen_identity_from_results_and_contest_slice
2016,president,,Greenville - Welcome,Greenville - Welcome,1.0000,approved,high,autogen_identity_from_results_and_contest_slice
2016,president,,Greenville - Wellington,Greenville - Wellington,1.0000,approved,high,autogen_identity_from_results_and_contest_slice
2016,president,,Greenville - Westcliffe,Greenville - Westcliffe,1.0000,approved,high,autogen_identity_from_results_and_contest_slice
2016,president,,Greenville - Westside,Greenville - Westside,1.0000,approved,high,autogen_identity_from_results_and_contest_slice
2016,president,,Greenville - Woodmont,Greenville - Woodmont,1.0000,approved,high,autogen_identity_from_results_and_contest_slice
2016,president,,Greenville - Woodruff Lakes,Greenville - Woodruff Lakes,1.0000,approved,high,autogen_identity_from_results_and_contest_slice
2016,president,,Greenwood - Airport,Greenwood - Airport,1.0000,approved,high,autogen_identity_from_results_and_contest_slice
2016,president,,Greenwood - Allie'S Crossing,Greenwood - Allie'S Crossing,1.0000,approved,high,autogen_identity_from_results_and_contest_slice
2016,president,,Greenwood - Biltmore Pines,Greenwood - Biltmore Pines,1.0000,approved,high,autogen_identity_from_results_and_contest_slice
2016,president,,Greenwood - Bradley,Greenwood - Bradley,1.0000,approved,high,autogen_identity_from_results_and_contest_slice
2016,president,,Greenwood - Callison,Greenwood - Callison,1.0000,approved,high,autogen_identity_from_results_and_contest_slice
2016,president,,Greenwood - Civic Center,Greenwood - Civic Center,1.0000,approved,high,autogen_identity_from_results_and_contest_slice
2016,president,,Greenwood - Cokesbury,Greenwood - Cokesbury,1.0000,approved,high,autogen_identity_from_results_and_contest_slice
2016,president,,Greenwood - Coronaca,Greenwood - Coronaca,1.0000,approved,high,autogen_identity_from_results_and_contest_slice
2016,president,,Greenwood - Emerald,Greenwood - Emerald,1.0000,approved,high,autogen_identity_from_results_and_contest_slice
2016,president,,Greenwood - Emerald High,Greenwood - Emerald High,1.0000,approved,high,autogen_identity_from_results_and_contest_slice
2016,president,,Greenwood - Epworth,Greenwood - Epworth,1.0000,approved,high,autogen_identity_from_results_and_contest_slice
2016,president,,Greenwood - Georgetown,Greenwood - Georgetown,1.0000,approved,high,autogen_identity_from_results_and_contest_slice
2016,president,,Greenwood - Gideon'S Way,Greenwood - Gideon'S Way,1.0000,approved,high,autogen_identity_from_results_and_contest_slice
2016,president,,Greenwood - Glendale,Greenwood - Glendale,1.0000,approved,high,autogen_identity_from_results_and_contest_slice
2016,president,,Greenwood - Greenwood High,Greenwood - Greenwood High,1.0000,approved,high,autogen_identity_from_results_and_contest_slice
2016,president,,Greenwood - Greenwood Mill,Greenwood - Greenwood Mill,1.0000,approved,high,autogen_identity_from_results_and_contest_slice
2016,president,,Greenwood - Harris,Greenwood - Harris,1.0000,approved,high,autogen_identity_from_results_and_contest_slice
2016,president,,Greenwood - Hodges,Greenwood - Hodges,1.0000,approved,high,autogen_identity_from_results_and_contest_slice
2016,president,,Greenwood - Laco,Greenwood - Laco,1.0000,approved,high,autogen_identity_from_results_and_contest_slice
2016,president,,Greenwood - Liberty,Greenwood - Liberty,1.0000,approved,high,autogen_identity_from_results_and_contest_slice
2016,president,,Greenwood - Lower Lake,Greenwood - Lower Lake,1.0000,approved,high,autogen_identity_from_results_and_contest_slice
2016,president,,Greenwood - Marshall Oaks,Greenwood - Marshall Oaks,1.0000,approved,high,autogen_identity_from_results_and_contest_slice
2016,president,,Greenwood - Maxwellton Pike,Greenwood - Maxwellton Pike,1.0000,approved,high,autogen_identity_from_results_and_contest_slice
2016,president,,Greenwood - Mimosa Crest,Greenwood - Mimosa Crest,1.0000,approved,high,autogen_identity_from_results_and_contest_slice
2016,president,,Greenwood - Mountain Laurel,Greenwood - Mountain Laurel,1.0000,approved,high,autogen_identity_from_results_and_contest_slice
2016,president,,Greenwood - New Castle,Greenwood - New Castle,1.0000,approved,high,autogen_identity_from_results_and_contest_slice
2016,president,,Greenwood - New Market,Greenwood - New Market,1.0000,approved,high,autogen_identity_from_results_and_contest_slice
2016,president,,Greenwood - Ninety Six,Greenwood - Ninety Six,1.0000,approved,high,autogen_identity_from_results_and_contest_slice
2016,president,,Greenwood - Ninety Six Mill,Greenwood - Ninety Six Mill,1.0000,approved,high,autogen_identity_from_results_and_contest_slice
2016,president,,Greenwood - Parson'S Mill,Greenwood - Parson'S Mill,1.0000,approved,high,autogen_identity_from_results_and_contest_slice
2016,president,,Greenwood - Pinecrest,Greenwood - Pinecrest,1.0000,approved,high,autogen_identity_from_results_and_contest_slice
2016,president,,Greenwood - Riley,Greenwood - Riley,1.0000,approved,high,autogen_identity_from_results_and_contest_slice
2016,president,,Greenwood - Rutherford Shoals,Greenwood - Rutherford Shoals,1.0000,approved,high,autogen_identity_from_results_and_contest_slice
2016,president,,Greenwood - Sandridge,Greenwood - Sandridge,1.0000,approved,high,autogen_identity_from_results_and_contest_slice
2016,president,,Greenwood - Shoals Junction,Greenwood - Shoals Junction,1.0000,approved,high,autogen_identity_from_results_and_contest_slice
2016,president,,Greenwood - Sparrows Grace,Greenwood - Sparrows Grace,1.0000,approved,high,autogen_identity_from_results_and_contest_slice
2016,president,,Greenwood - Stonewood,Greenwood - Stonewood,1.0000,approved,high,autogen_identity_from_results_and_contest_slice
2016,president,,Greenwood - Troy,Greenwood - Troy,1.0000,approved,high,autogen_identity_from_results_and_contest_slice
2016,president,,Greenwood - Verdery,Greenwood - Verdery,1.0000,approved,high,autogen_identity_from_results_and_contest_slice
2016,president,,Greenwood - Ware Shoals,Greenwood - Ware Shoals,1.0000,approved,high,autogen_identity_from_results_and_contest_slice
2016,president,,Hampton - Black Creek,Hampton - Black Creek,1.0000,approved,high,autogen_identity_from_results_and_contest_slice
2016,president,,Hampton - Bonnett,Hampton - Bonnett,1.0000,approved,high,autogen_identity_from_results_and_contest_slice
2016,president,,Hampton - Brunson,Hampton - Brunson,1.0000,approved,high,autogen_identity_from_results_and_contest_slice
2016,president,,Hampton - Crocket-Miley,Hampton - Crocket-Miley,1.0000,approved,high,autogen_identity_from_results_and_contest_slice
2016,president,,Hampton - Cummings,Hampton - Cummings,1.0000,approved,high,autogen_identity_from_results_and_contest_slice
2016,president,,Hampton - Early Branch,Hampton - Early Branch,1.0000,approved,high,autogen_identity_from_results_and_contest_slice
2016,president,,Hampton - Estill,Hampton - Estill,1.0000,approved,high,autogen_identity_from_results_and_contest_slice
2016,president,,Hampton - Furman,Hampton - Furman,1.0000,approved,high,autogen_identity_from_results_and_contest_slice
2016,president,,Hampton - Garnett,Hampton - Garnett,1.0000,approved,high,autogen_identity_from_results_and_contest_slice
2016,president,,Hampton - Gifford,Hampton - Gifford,1.0000,approved,high,autogen_identity_from_results_and_contest_slice
2016,president,,Hampton - Hopewell,Hampton - Hopewell,1.0000,approved,high,autogen_identity_from_results_and_contest_slice
2016,president,,Hampton - Horse Gall,Hampton - Horse Gall,1.0000,approved,high,autogen_identity_from_results_and_contest_slice
2016,president,,Hampton - Rivers Mill,Hampton - Rivers Mill,1.0000,approved,high,autogen_identity_from_results_and_contest_slice
2016,president,,Hampton - Scotia,Hampton - Scotia,1.0000,approved,high,autogen_identity_from_results_and_contest_slice
2016,president,,Hampton - Varnville,Hampton - Varnville,1.0000,approved,high,autogen_identity_from_results_and_contest_slice
2016,president,,Hampton - Yemassee,Hampton - Yemassee,1.0000,approved,high,autogen_identity_from_results_and_contest_slice
2016,president,,Horry - Adrian,Horry - Adrian,1.0000,approved,high,autogen_identity_from_results_and_contest_slice
2016,president,,Horry - Allsbrook,Horry - Allsbrook,1.0000,approved,high,autogen_identity_from_results_and_contest_slice
2016,president,,Horry - Atlantic Beach,Horry - Atlantic Beach,1.0000,approved,high,autogen_identity_from_results_and_contest_slice
2016,president,,Horry - Aynor,Horry - Aynor,1.0000,approved,high,autogen_identity_from_results_and_contest_slice
2016,president,,Horry - Bayboro-Gurley,Horry - Bayboro-Gurley,1.0000,approved,high,autogen_identity_from_results_and_contest_slice
2016,president,,Horry - Brooksville #1,Horry - Brooksville #1,1.0000,approved,high,autogen_identity_from_results_and_contest_slice
2016,president,,Horry - Brooksville #2,Horry - Brooksville #2,1.0000,approved,high,autogen_identity_from_results_and_contest_slice
2016,president,,Horry - Brownway,Horry - Brownway,1.0000,approved,high,autogen_identity_from_results_and_contest_slice
2016,president,,Horry - Burgess #1,Horry - Burgess #1,1.0000,approved,high,autogen_identity_from_results_and_contest_slice
2016,president,,Horry - Burgess #2,Horry - Burgess #2,1.0000,approved,high,autogen_identity_from_results_and_contest_slice
2016,president,,Horry - Burgess #3,Horry - Burgess #3,1.0000,approved,high,autogen_identity_from_results_and_contest_slice
2016,president,,Horry - Burgess #4,Horry - Burgess #4,1.0000,approved,high,autogen_identity_from_results_and_contest_slice
2016,president,,Horry - Carolina Bays,Horry - Carolina Bays,1.0000,approved,high,autogen_identity_from_results_and_contest_slice
2016,president,,Horry - Carolina Forest #1,Horry - Carolina Forest #1,1.0000,approved,high,autogen_identity_from_results_and_contest_slice
2016,president,,Horry - Carolina Forest #2,Horry - Carolina Forest #2,1.0000,approved,high,autogen_identity_from_results_and_contest_slice
2016,president,,Horry - Cedar Grove,Horry - Cedar Grove,1.0000,approved,high,autogen_identity_from_results_and_contest_slice
2016,president,,Horry - Cherry Grove #1,Horry - Cherry Grove #1,1.0000,approved,high,autogen_identity_from_results_and_contest_slice
2016,president,,Horry - Cherry Grove #2,Horry - Cherry Grove #2,1.0000,approved,high,autogen_identity_from_results_and_contest_slice
2016,president,,Horry - Coastal Carolina,Horry - Coastal Carolina,1.0000,approved,high,autogen_identity_from_results_and_contest_slice
2016,president,,Horry - Coastal Lane #1,Horry - Coastal Lane #1,1.0000,approved,high,autogen_identity_from_results_and_contest_slice
2016,president,,Horry - Coastal Lane #2,Horry - Coastal Lane #2,1.0000,approved,high,autogen_identity_from_results_and_contest_slice
2016,president,,Horry - Cool Springs,Horry - Cool Springs,1.0000,approved,high,autogen_identity_from_results_and_contest_slice
2016,president,,Horry - Cresent,Horry - Cresent,1.0000,approved,high,autogen_identity_from_results_and_contest_slice
2016,president,,Horry - Daisy,Horry - Daisy,1.0000,approved,high,autogen_identity_from_results_and_contest_slice
2016,president,,Horry - Deerfield,Horry - Deerfield,1.0000,approved,high,autogen_identity_from_results_and_contest_slice
2016,president,,Horry - Dogbluff,Horry - Dogbluff,1.0000,approved,high,autogen_identity_from_results_and_contest_slice
2016,president,,Horry - Dogwood,Horry - Dogwood,1.0000,approved,high,autogen_identity_from_results_and_contest_slice
2016,president,,Horry - Dunes #1,Horry - Dunes #1,1.0000,approved,high,autogen_identity_from_results_and_contest_slice
2016,president,,Horry - Dunes #2,Horry - Dunes #2,1.0000,approved,high,autogen_identity_from_results_and_contest_slice
2016,president,,Horry - Dunes #3,Horry - Dunes #3,1.0000,approved,high,autogen_identity_from_results_and_contest_slice
2016,president,,Horry - East Conway,Horry - East Conway,1.0000,approved,high,autogen_identity_from_results_and_contest_slice
2016,president,,Horry - East Loris,Horry - East Loris,1.0000,approved,high,autogen_identity_from_results_and_contest_slice
2016,president,,Horry - Ebenezer,Horry - Ebenezer,1.0000,approved,high,autogen_identity_from_results_and_contest_slice
2016,president,,Horry - Emerald Forest #1,Horry - Emerald Forest #1,1.0000,approved,high,autogen_identity_from_results_and_contest_slice
2016,president,,Horry - Emerald Forest #2,Horry - Emerald Forest #2,1.0000,approved,high,autogen_identity_from_results_and_contest_slice
2016,president,,Horry - Emerald Forest #3,Horry - Emerald Forest #3,1.0000,approved,high,autogen_identity_from_results_and_contest_slice
2016,president,,Horry - Emergency,Horry - Emergency,1.0000,approved,high,autogen_identity_from_results_and_contest_slice
2016,president,,Horry - Emergency 2,Horry - Emergency 2,1.0000,approved,high,autogen_identity_from_results_and_contest_slice
2016,president,,Horry - Forestbrook,Horry - Forestbrook,1.0000,approved,high,autogen_identity_from_results_and_contest_slice
2016,president,,Horry - Four Mile,Horry - Four Mile,1.0000,approved,high,autogen_identity_from_results_and_contest_slice
2016,president,,Horry - Gallivants Ferry,Horry - Gallivants Ferry,1.0000,approved,high,autogen_identity_from_results_and_contest_slice
2016,president,,Horry - Garden City #1,Horry - Garden City #1,1.0000,approved,high,autogen_identity_from_results_and_contest_slice
2016,president,,Horry - Garden City #2,Horry - Garden City #2,1.0000,approved,high,autogen_identity_from_results_and_contest_slice
2016,president,,Horry - Garden City #3,Horry - Garden City #3,1.0000,approved,high,autogen_identity_from_results_and_contest_slice
2016,president,,Horry - Garden City #4,Horry - Garden City #4,1.0000,approved,high,autogen_identity_from_results_and_contest_slice
2016,president,,Horry - Glenns Bay,Horry - Glenns Bay,1.0000,approved,high,autogen_identity_from_results_and_contest_slice
2016,president,,Horry - Green Sea,Horry - Green Sea,1.0000,approved,high,autogen_identity_from_results_and_contest_slice
2016,president,,Horry - Hickory Grove,Horry - Hickory Grove,1.0000,approved,high,autogen_identity_from_results_and_contest_slice
2016,president,,Horry - Homewood,Horry - Homewood,1.0000,approved,high,autogen_identity_from_results_and_contest_slice
2016,president,,Horry - Horry,Horry - Horry,1.0000,approved,high,autogen_identity_from_results_and_contest_slice
2016,president,,Horry - Inland,Horry - Inland,1.0000,approved,high,autogen_identity_from_results_and_contest_slice
2016,president,,Horry - Jackson Bluff,Horry - Jackson Bluff,1.0000,approved,high,autogen_identity_from_results_and_contest_slice
2016,president,,Horry - Jamestown,Horry - Jamestown,1.0000,approved,high,autogen_identity_from_results_and_contest_slice
2016,president,,Horry - Jerigans Crossroads,Horry - Jerigans Crossroads,1.0000,approved,high,autogen_identity_from_results_and_contest_slice
2016,president,,Horry - Jet Port #1,Horry - Jet Port #1,1.0000,approved,high,autogen_identity_from_results_and_contest_slice
2016,president,,Horry - Jet Port #2,Horry - Jet Port #2,1.0000,approved,high,autogen_identity_from_results_and_contest_slice
2016,president,,Horry - Juniper Bay,Horry - Juniper Bay,1.0000,approved,high,autogen_identity_from_results_and_contest_slice
2016,president,,Horry - Leon,Horry - Leon,1.0000,approved,high,autogen_identity_from_results_and_contest_slice
2016,president,,Horry - Little River #1,Horry - Little River #1,1.0000,approved,high,autogen_identity_from_results_and_contest_slice
2016,president,,Horry - Little River #2,Horry - Little River #2,1.0000,approved,high,autogen_identity_from_results_and_contest_slice
2016,president,,Horry - Little River #3,Horry - Little River #3,1.0000,approved,high,autogen_identity_from_results_and_contest_slice
2016,president,,Horry - Live Oak,Horry - Live Oak,1.0000,approved,high,autogen_identity_from_results_and_contest_slice
2016,president,,Horry - Maple,Horry - Maple,1.0000,approved,high,autogen_identity_from_results_and_contest_slice
2016,president,,Horry - Marlowe #1,Horry - Marlowe #1,1.0000,approved,high,autogen_identity_from_results_and_contest_slice
2016,president,,Horry - Marlowe #2,Horry - Marlowe #2,1.0000,approved,high,autogen_identity_from_results_and_contest_slice
2016,president,,Horry - Marlowe #3,Horry - Marlowe #3,1.0000,approved,high,autogen_identity_from_results_and_contest_slice
2016,president,,Horry - Methodist-Mill Swamp,Horry - Methodist-Mill Swamp,1.0000,approved,high,autogen_identity_from_results_and_contest_slice
2016,president,,Horry - Mt. Olive,Horry - Mt. Olive,1.0000,approved,high,autogen_identity_from_results_and_contest_slice
2016,president,,Horry - Mt. Vernon,Horry - Mt. Vernon,1.0000,approved,high,autogen_identity_from_results_and_contest_slice
2016,president,,Horry - Myrtle Trace,Horry - Myrtle Trace,1.0000,approved,high,autogen_identity_from_results_and_contest_slice
2016,president,,Horry - Myrtlewood #1,Horry - Myrtlewood #1,1.0000,approved,high,autogen_identity_from_results_and_contest_slice
2016,president,,Horry - Myrtlewood #2,Horry - Myrtlewood #2,1.0000,approved,high,autogen_identity_from_results_and_contest_slice
2016,president,,Horry - Myrtlewood #3,Horry - Myrtlewood #3,1.0000,approved,high,autogen_identity_from_results_and_contest_slice
2016,president,,Horry - Nixons Xroads #1,Horry - Nixons Xroads #1,1.0000,approved,high,autogen_identity_from_results_and_contest_slice
2016,president,,Horry - Nixons Xroads #2,Horry - Nixons Xroads #2,1.0000,approved,high,autogen_identity_from_results_and_contest_slice
2016,president,,Horry - Nixons Xroads #3,Horry - Nixons Xroads #3,1.0000,approved,high,autogen_identity_from_results_and_contest_slice
2016,president,,Horry - North Conway #1,Horry - North Conway #1,1.0000,approved,high,autogen_identity_from_results_and_contest_slice
2016,president,,Horry - North Conway #2,Horry - North Conway #2,1.0000,approved,high,autogen_identity_from_results_and_contest_slice
2016,president,,Horry - Ocean Drive #1,Horry - Ocean Drive #1,1.0000,approved,high,autogen_identity_from_results_and_contest_slice
2016,president,,Horry - Ocean Drive #2,Horry - Ocean Drive #2,1.0000,approved,high,autogen_identity_from_results_and_contest_slice
2016,president,,Horry - Ocean Forest #1,Horry - Ocean Forest #1,1.0000,approved,high,autogen_identity_from_results_and_contest_slice
2016,president,,Horry - Ocean Forest #2,Horry - Ocean Forest #2,1.0000,approved,high,autogen_identity_from_results_and_contest_slice
2016,president,,Horry - Ocean Forest #3,Horry - Ocean Forest #3,1.0000,approved,high,autogen_identity_from_results_and_contest_slice
2016,president,,Horry - Palmetto Bays,Horry - Palmetto Bays,1.0000,approved,high,autogen_identity_from_results_and_contest_slice
2016,president,,Horry - Pawleys Swamp,Horry - Pawleys Swamp,1.0000,approved,high,autogen_identity_from_results_and_contest_slice
2016,president,,Horry - Pleasant View,Horry - Pleasant View,1.0000,approved,high,autogen_identity_from_results_and_contest_slice
2016,president,,Horry - Poplar Hill,Horry - Poplar Hill,1.0000,approved,high,autogen_identity_from_results_and_contest_slice
2016,president,,Horry - Port Harrelson,Horry - Port Harrelson,1.0000,approved,high,autogen_identity_from_results_and_contest_slice
2016,president,,Horry - Racepath #1,Horry - Racepath #1,1.0000,approved,high,autogen_identity_from_results_and_contest_slice
2016,president,,Horry - Racepath #2,Horry - Racepath #2,1.0000,approved,high,autogen_identity_from_results_and_contest_slice
2016,president,,Horry - Red Bluff,Horry - Red Bluff,1.0000,approved,high,autogen_identity_from_results_and_contest_slice
2016,president,,Horry - Red Hill #1,Horry - Red Hill #1,1.0000,approved,high,autogen_identity_from_results_and_contest_slice
2016,president,,Horry - Red Hill #2,Horry - Red Hill #2,1.0000,approved,high,autogen_identity_from_results_and_contest_slice
2016,president,,Horry - River Oaks,Horry - River Oaks,1.0000,approved,high,autogen_identity_from_results_and_contest_slice
2016,president,,Horry - Salem,Horry - Salem,1.0000,approved,high,autogen_identity_from_results_and_contest_slice
2016,president,,Horry - Sea Oats #1,Horry - Sea Oats #1,1.0000,approved,high,autogen_identity_from_results_and_contest_slice
2016,president,,Horry - Sea Oats #2,Horry - Sea Oats #2,1.0000,approved,high,autogen_identity_from_results_and_contest_slice
2016,president,,Horry - Sea Winds,Horry - Sea Winds,1.0000,approved,high,autogen_identity_from_results_and_contest_slice
2016,president,,Horry - Shell,Horry - Shell,1.0000,approved,high,autogen_identity_from_results_and_contest_slice
2016,president,,Horry - Socastee #1,Horry - Socastee #1,1.0000,approved,high,autogen_identity_from_results_and_contest_slice
2016,president,,Horry - Socastee #2,Horry - Socastee #2,1.0000,approved,high,autogen_identity_from_results_and_contest_slice
2016,president,,Horry - Socastee #3,Horry - Socastee #3,1.0000,approved,high,autogen_identity_from_results_and_contest_slice
2016,president,,Horry - Socastee #4,Horry - Socastee #4,1.0000,approved,high,autogen_identity_from_results_and_contest_slice
2016,president,,Horry - Surfside #1,Horry - Surfside #1,1.0000,approved,high,autogen_identity_from_results_and_contest_slice
2016,president,,Horry - Surfside #2,Horry - Surfside #2,1.0000,approved,high,autogen_identity_from_results_and_contest_slice
2016,president,,Horry - Surfside #3,Horry - Surfside #3,1.0000,approved,high,autogen_identity_from_results_and_contest_slice
2016,president,,Horry - Surfside #4,Horry - Surfside #4,1.0000,approved,high,autogen_identity_from_results_and_contest_slice
2016,president,,Horry - Sweet Home,Horry - Sweet Home,1.0000,approved,high,autogen_identity_from_results_and_contest_slice
2016,president,,Horry - Tilly Swamp,Horry - Tilly Swamp,1.0000,approved,high,autogen_identity_from_results_and_contest_slice
2016,president,,Horry - Toddville,Horry - Toddville,1.0000,approved,high,autogen_identity_from_results_and_contest_slice
2016,president,,Horry - Wampee,Horry - Wampee,1.0000,approved,high,autogen_identity_from_results_and_contest_slice
2016,president,,Horry - West Conway,Horry - West Conway,1.0000,approved,high,autogen_identity_from_results_and_contest_slice
2016,president,,Horry - West Loris,Horry - West Loris,1.0000,approved,high,autogen_identity_from_results_and_contest_slice
2016,president,,Horry - White Oak,Horry - White Oak,1.0000,approved,high,autogen_identity_from_results_and_contest_slice
2016,president,,Horry - Wild Wing,Horry - Wild Wing,1.0000,approved,high,autogen_identity_from_results_and_contest_slice
2016,president,,Horry - Windy Hill #1,Horry - Windy Hill #1,1.0000,approved,high,autogen_identity_from_results_and_contest_slice
2016,president,,Horry - Windy Hill #2,Horry - Windy Hill #2,1.0000,approved,high,autogen_identity_from_results_and_contest_slice
2016,president,,Jasper - Coosawhatchie,Jasper - Coosawhatchie,1.0000,approved,high,autogen_identity_from_results_and_contest_slice
2016,president,,Jasper - Gillisonville,Jasper - Gillisonville,1.0000,approved,high,autogen_identity_from_results_and_contest_slice
2016,president,,Jasper - Grahamville 1,Jasper - Grahamville 1,1.0000,approved,high,autogen_identity_from_results_and_contest_slice
2016,president,,Jasper - Grahamville 2,Jasper - Grahamville 2,1.0000,approved,high,autogen_identity_from_results_and_contest_slice
2016,president,,Jasper - Grays,Jasper - Grays,1.0000,approved,high,autogen_identity_from_results_and_contest_slice
2016,president,,Jasper - Hardeeville 1,Jasper - Hardeeville 1,1.0000,approved,high,autogen_identity_from_results_and_contest_slice
2016,president,,Jasper - Hardeeville 2,Jasper - Hardeeville 2,1.0000,approved,high,autogen_identity_from_results_and_contest_slice
2016,president,,Jasper - Levy,Jasper - Levy,1.0000,approved,high,autogen_identity_from_results_and_contest_slice
2016,president,,Jasper - Oakatie,Jasper - Oakatie,1.0000,approved,high,autogen_identity_from_results_and_contest_slice
2016,president,,Jasper - Pineland,Jasper - Pineland,1.0000,approved,high,autogen_identity_from_results_and_contest_slice
2016,president,,Jasper - Ridgeland 1,Jasper - Ridgeland 1,1.0000,approved,high,autogen_identity_from_results_and_contest_slice
2016,president,,Jasper - Ridgeland 2,Jasper - Ridgeland 2,1.0000,approved,high,autogen_identity_from_results_and_contest_slice
2016,president,,Jasper - Ridgeland 3,Jasper - Ridgeland 3,1.0000,approved,high,autogen_identity_from_results_and_contest_slice
2016,president,,Jasper - Sun City,Jasper - Sun City,1.0000,approved,high,autogen_identity_from_results_and_contest_slice
2016,president,,Jasper - Tillman,Jasper - Tillman,1.0000,approved,high,autogen_identity_from_results_and_contest_slice
2016,president,,Kershaw - Airport,Kershaw - Airport,1.0000,approved,high,autogen_identity_from_results_and_contest_slice
2016,president,,Kershaw - Antioch,Kershaw - Antioch,1.0000,approved,high,autogen_identity_from_results_and_contest_slice
2016,president,,Kershaw - Bethune,Kershaw - Bethune,1.0000,approved,high,autogen_identity_from_results_and_contest_slice
2016,president,,Kershaw - Buffalo,Kershaw - Buffalo,1.0000,approved,high,autogen_identity_from_results_and_contest_slice
2016,president,,Kershaw - Camden No. 1,Kershaw - Camden No. 1,1.0000,approved,high,autogen_identity_from_results_and_contest_slice
2016,president,,Kershaw - Camden No. 2 & 3,Kershaw - Camden No. 2 & 3,1.0000,approved,high,autogen_identity_from_results_and_contest_slice
2016,president,,Kershaw - Camden No. 5,Kershaw - Camden No. 5,1.0000,approved,high,autogen_identity_from_results_and_contest_slice
2016,president,,Kershaw - Camden No. 5-A,Kershaw - Camden No. 5-A,1.0000,approved,high,autogen_identity_from_results_and_contest_slice
2016,president,,Kershaw - Camden No. 6,Kershaw - Camden No. 6,1.0000,approved,high,autogen_identity_from_results_and_contest_slice
2016,president,,Kershaw - Cassatt,Kershaw - Cassatt,1.0000,approved,high,autogen_identity_from_results_and_contest_slice
2016,president,,Kershaw - Charlotte Thompson,Kershaw - Charlotte Thompson,1.0000,approved,high,autogen_identity_from_results_and_contest_slice
2016,president,,Kershaw - Doby'S Mill,Kershaw - Doby'S Mill,1.0000,approved,high,autogen_identity_from_results_and_contest_slice
2016,president,,Kershaw - E. Camden-Hermitage,Kershaw - E. Camden-Hermitage,1.0000,approved,high,autogen_identity_from_results_and_contest_slice
2016,president,,Kershaw - Elgin No. 1,Kershaw - Elgin No. 1,1.0000,approved,high,autogen_identity_from_results_and_contest_slice
2016,president,,Kershaw - Elgin No. 2,Kershaw - Elgin No. 2,1.0000,approved,high,autogen_identity_from_results_and_contest_slice
2016,president,,Kershaw - Elgin No. 3,Kershaw - Elgin No. 3,1.0000,approved,high,autogen_identity_from_results_and_contest_slice
2016,president,,Kershaw - Elgin No. 4,Kershaw - Elgin No. 4,1.0000,approved,high,autogen_identity_from_results_and_contest_slice
2016,president,,Kershaw - Elgin No. 5,Kershaw - Elgin No. 5,1.0000,approved,high,autogen_identity_from_results_and_contest_slice
2016,president,,Kershaw - Elgin No. 6,Kershaw - Elgin No. 6,1.0000,approved,high,autogen_identity_from_results_and_contest_slice
2016,president,,Kershaw - Emergency 1,Kershaw - Emergency 1,1.0000,approved,high,autogen_identity_from_results_and_contest_slice
2016,president,,Kershaw - Emergency 2,Kershaw - Emergency 2,1.0000,approved,high,autogen_identity_from_results_and_contest_slice
2016,president,,Kershaw - Gates Ford,Kershaw - Gates Ford,1.0000,approved,high,autogen_identity_from_results_and_contest_slice
2016,president,,Kershaw - Hobkirk'S Hill,Kershaw - Hobkirk'S Hill,1.0000,approved,high,autogen_identity_from_results_and_contest_slice
2016,president,,Kershaw - Liberty Hill,Kershaw - Liberty Hill,1.0000,approved,high,autogen_identity_from_results_and_contest_slice
2016,president,,Kershaw - Lugoff No. 1,Kershaw - Lugoff No. 1,1.0000,approved,high,autogen_identity_from_results_and_contest_slice
2016,president,,Kershaw - Lugoff No. 2,Kershaw - Lugoff No. 2,1.0000,approved,high,autogen_identity_from_results_and_contest_slice
2016,president,,Kershaw - Lugoff No. 3,Kershaw - Lugoff No. 3,1.0000,approved,high,autogen_identity_from_results_and_contest_slice
2016,president,,Kershaw - Lugoff No. 4,Kershaw - Lugoff No. 4,1.0000,approved,high,autogen_identity_from_results_and_contest_slice
2016,president,,Kershaw - Malvern Hill,Kershaw - Malvern Hill,1.0000,approved,high,autogen_identity_from_results_and_contest_slice
2016,president,,Kershaw - Rabon'S X Roads,Kershaw - Rabon'S X Roads,1.0000,approved,high,autogen_identity_from_results_and_contest_slice
2016,president,,Kershaw - Riverdale,Kershaw - Riverdale,1.0000,approved,high,autogen_identity_from_results_and_contest_slice
2016,president,,Kershaw - Salt Pond,Kershaw - Salt Pond,1.0000,approved,high,autogen_identity_from_results_and_contest_slice
2016,president,,Kershaw - Shaylor'S Hill,Kershaw - Shaylor'S Hill,1.0000,approved,high,autogen_identity_from_results_and_contest_slice
2016,president,,Kershaw - Springdale,Kershaw - Springdale,1.0000,approved,high,autogen_identity_from_results_and_contest_slice
2016,president,,Kershaw - Westville,Kershaw - Westville,1.0000,approved,high,autogen_identity_from_results_and_contest_slice
2016,president,,Kershaw - Whites Gardens,Kershaw - Whites Gardens,1.0000,approved,high,autogen_identity_from_results_and_contest_slice
2016,president,,Lancaster - Antioch,Lancaster - Antioch,1.0000,approved,high,autogen_identity_from_results_and_contest_slice
2016,president,,Lancaster - Black Horse Run,Lancaster - Black Horse Run,1.0000,approved,high,autogen_identity_from_results_and_contest_slice
2016,president,,Lancaster - Camp Creek,Lancaster - Camp Creek,1.0000,approved,high,autogen_identity_from_results_and_contest_slice
2016,president,,Lancaster - Carmel,Lancaster - Carmel,1.0000,approved,high,autogen_identity_from_results_and_contest_slice
2016,president,,Lancaster - Chesterfield Ave,Lancaster - Chesterfield Ave,1.0000,approved,high,autogen_identity_from_results_and_contest_slice
2016,president,,Lancaster - Douglas,Lancaster - Douglas,1.0000,approved,high,autogen_identity_from_results_and_contest_slice
2016,president,,Lancaster - Dwight,Lancaster - Dwight,1.0000,approved,high,autogen_identity_from_results_and_contest_slice
2016,president,,Lancaster - Elgin,Lancaster - Elgin,1.0000,approved,high,autogen_identity_from_results_and_contest_slice
2016,president,,Lancaster - Erwin Farm,Lancaster - Erwin Farm,1.0000,approved,high,autogen_identity_from_results_and_contest_slice
2016,president,,Lancaster - Gold Hill,Lancaster - Gold Hill,1.0000,approved,high,autogen_identity_from_results_and_contest_slice
2016,president,,Lancaster - Harrisburg,Lancaster - Harrisburg,1.0000,approved,high,autogen_identity_from_results_and_contest_slice
2016,president,,Lancaster - Heath Springs,Lancaster - Heath Springs,1.0000,approved,high,autogen_identity_from_results_and_contest_slice
2016,president,,Lancaster - Hyde Park,Lancaster - Hyde Park,1.0000,approved,high,autogen_identity_from_results_and_contest_slice
2016,president,,Lancaster - Jacksonham,Lancaster - Jacksonham,1.0000,approved,high,autogen_identity_from_results_and_contest_slice
2016,president,,Lancaster - Kershaw North,Lancaster - Kershaw North,1.0000,approved,high,autogen_identity_from_results_and_contest_slice
2016,president,,Lancaster - Kershaw South,Lancaster - Kershaw South,1.0000,approved,high,autogen_identity_from_results_and_contest_slice
2016,president,,Lancaster - Lake House,Lancaster - Lake House,1.0000,approved,high,autogen_identity_from_results_and_contest_slice
2016,president,,Lancaster - Lancaster East,Lancaster - Lancaster East,1.0000,approved,high,autogen_identity_from_results_and_contest_slice
2016,president,,Lancaster - Lancaster West,Lancaster - Lancaster West,1.0000,approved,high,autogen_identity_from_results_and_contest_slice
2016,president,,Lancaster - Lynwood Drive,Lancaster - Lynwood Drive,1.0000,approved,high,autogen_identity_from_results_and_contest_slice
2016,president,,Lancaster - Midway,Lancaster - Midway,1.0000,approved,high,autogen_identity_from_results_and_contest_slice
2016,president,,Lancaster - Osceola,Lancaster - Osceola,1.0000,approved,high,autogen_identity_from_results_and_contest_slice
2016,president,,Lancaster - Pleasant Hill,Lancaster - Pleasant Hill,1.0000,approved,high,autogen_identity_from_results_and_contest_slice
2016,president,,Lancaster - Pleasant Valley,Lancaster - Pleasant Valley,1.0000,approved,high,autogen_identity_from_results_and_contest_slice
2016,president,,Lancaster - Possum Hollow,Lancaster - Possum Hollow,1.0000,approved,high,autogen_identity_from_results_and_contest_slice
2016,president,,Lancaster - Rich Hill,Lancaster - Rich Hill,1.0000,approved,high,autogen_identity_from_results_and_contest_slice
2016,president,,Lancaster - River Road,Lancaster - River Road,1.0000,approved,high,autogen_identity_from_results_and_contest_slice
2016,president,,Lancaster - Riverside,Lancaster - Riverside,1.0000,approved,high,autogen_identity_from_results_and_contest_slice
2016,president,,Lancaster - Shelley Mullis,Lancaster - Shelley Mullis,1.0000,approved,high,autogen_identity_from_results_and_contest_slice
2016,president,,Lancaster - Spring Hill,Lancaster - Spring Hill,1.0000,approved,high,autogen_identity_from_results_and_contest_slice
2016,president,,Lancaster - The Lodge,Lancaster - The Lodge,1.0000,approved,high,autogen_identity_from_results_and_contest_slice
2016,president,,Lancaster - Unity,Lancaster - Unity,1.0000,approved,high,autogen_identity_from_results_and_contest_slice
2016,president,,Lancaster - University,Lancaster - University,1.0000,approved,high,autogen_identity_from_results_and_contest_slice
2016,president,,Lancaster - Van Wyck,Lancaster - Van Wyck,1.0000,approved,high,autogen_identity_from_results_and_contest_slice
2016,president,,Laurens - Bailey,Laurens - Bailey,1.0000,approved,high,autogen_identity_from_results_and_contest_slice
2016,president,,Laurens - Barksdale-Narine,Laurens - Barksdale-Narine,1.0000,approved,high,autogen_identity_from_results_and_contest_slice
2016,president,,Laurens - Clinton 1,Laurens - Clinton 1,1.0000,approved,high,autogen_identity_from_results_and_contest_slice
2016,president,,Laurens - Clinton 2,Laurens - Clinton 2,1.0000,approved,high,autogen_identity_from_results_and_contest_slice
2016,president,,Laurens - Clinton 3,Laurens - Clinton 3,1.0000,approved,high,autogen_identity_from_results_and_contest_slice
2016,president,,Laurens - Clinton Mill,Laurens - Clinton Mill,1.0000,approved,high,autogen_identity_from_results_and_contest_slice
2016,president,,Laurens - Cooks,Laurens - Cooks,1.0000,approved,high,autogen_identity_from_results_and_contest_slice
2016,president,,Laurens - Cross Hill,Laurens - Cross Hill,1.0000,approved,high,autogen_identity_from_results_and_contest_slice
2016,president,,Laurens - Ekom,Laurens - Ekom,1.0000,approved,high,autogen_identity_from_results_and_contest_slice
2016,president,,Laurens - Emergency,Laurens - Emergency,1.0000,approved,high,autogen_identity_from_results_and_contest_slice
2016,president,,Laurens - Gray Court,Laurens - Gray Court,1.0000,approved,high,autogen_identity_from_results_and_contest_slice
2016,president,,Laurens - Greenpond,Laurens - Greenpond,1.0000,approved,high,autogen_identity_from_results_and_contest_slice
2016,president,,Laurens - Hickory Tavern,Laurens - Hickory Tavern,1.0000,approved,high,autogen_identity_from_results_and_contest_slice
2016,president,,Laurens - Joanna,Laurens - Joanna,1.0000,approved,high,autogen_identity_from_results_and_contest_slice
2016,president,,Laurens - Jones,Laurens - Jones,1.0000,approved,high,autogen_identity_from_results_and_contest_slice
2016,president,,Laurens - Laurens 1,Laurens - Laurens 1,1.0000,approved,high,autogen_identity_from_results_and_contest_slice
2016,president,,Laurens - Laurens 2,Laurens - Laurens 2,1.0000,approved,high,autogen_identity_from_results_and_contest_slice
2016,president,,Laurens - Laurens 3,Laurens - Laurens 3,1.0000,approved,high,autogen_identity_from_results_and_contest_slice
2016,president,,Laurens - Laurens 4,Laurens - Laurens 4,1.0000,approved,high,autogen_identity_from_results_and_contest_slice
2016,president,,Laurens - Laurens 5,Laurens - Laurens 5,1.0000,approved,high,autogen_identity_from_results_and_contest_slice
2016,president,,Laurens - Laurens 6,Laurens - Laurens 6,1.0000,approved,high,autogen_identity_from_results_and_contest_slice
2016,president,,Laurens - Long Branch,Laurens - Long Branch,1.0000,approved,high,autogen_identity_from_results_and_contest_slice
2016,president,,Laurens - Lydia Mill,Laurens - Lydia Mill,1.0000,approved,high,autogen_identity_from_results_and_contest_slice
2016,president,,Laurens - Maddens,Laurens - Maddens,1.0000,approved,high,autogen_identity_from_results_and_contest_slice
2016,president,,Laurens - Martins-Poplar Springs,Laurens - Martins-Poplar Springs,1.0000,approved,high,autogen_identity_from_results_and_contest_slice
2016,president,,Laurens - Mount Olive,Laurens - Mount Olive,1.0000,approved,high,autogen_identity_from_results_and_contest_slice
2016,president,,Laurens - Mountville,Laurens - Mountville,1.0000,approved,high,autogen_identity_from_results_and_contest_slice
2016,president,,Laurens - Ora-Lanford,Laurens - Ora-Lanford,1.0000,approved,high,autogen_identity_from_results_and_contest_slice
2016,president,,Laurens - Owings,Laurens - Owings,1.0000,approved,high,autogen_identity_from_results_and_contest_slice
2016,president,,Laurens - Trinity Ridge,Laurens - Trinity Ridge,1.0000,approved,high,autogen_identity_from_results_and_contest_slice
2016,president,,Laurens - Waterloo,Laurens - Waterloo,1.0000,approved,high,autogen_identity_from_results_and_contest_slice
2016,president,,Laurens - Wattsville,Laurens - Wattsville,1.0000,approved,high,autogen_identity_from_results_and_contest_slice
2016,president,,Laurens - Youngs,Laurens - Youngs,1.0000,approved,high,autogen_identity_from_results_and_contest_slice
2016,president,,Lee - Ashland/Stokes Bridge,Lee - Ashland/Stokes Bridge,1.0000,approved,high,autogen_identity_from_results_and_contest_slice
2016,president,,Lee - Ashwood,Lee - Ashwood,1.0000,approved,high,autogen_identity_from_results_and_contest_slice
2016,president,,Lee - Cedar Creek,Lee - Cedar Creek,1.0000,approved,high,autogen_identity_from_results_and_contest_slice
2016,president,,Lee - Cypress,Lee - Cypress,1.0000,approved,high,autogen_identity_from_results_and_contest_slice
2016,president,,Lee - Elliott,Lee - Elliott,1.0000,approved,high,autogen_identity_from_results_and_contest_slice
2016,president,,Lee - Emergency,Lee - Emergency,1.0000,approved,high,autogen_identity_from_results_and_contest_slice
2016,president,,Lee - Hickory Hill,Lee - Hickory Hill,1.0000,approved,high,autogen_identity_from_results_and_contest_slice
2016,president,,Lee - Ionia,Lee - Ionia,1.0000,approved,high,autogen_identity_from_results_and_contest_slice
2016,president,,Lee - Lynchburg,Lee - Lynchburg,1.0000,approved,high,autogen_identity_from_results_and_contest_slice
2016,president,,Lee - Manville,Lee - Manville,1.0000,approved,high,autogen_identity_from_results_and_contest_slice
2016,president,,Lee - Mt. Clio,Lee - Mt. Clio,1.0000,approved,high,autogen_identity_from_results_and_contest_slice
2016,president,,Lee - Rattlesnake Springs,Lee - Rattlesnake Springs,1.0000,approved,high,autogen_identity_from_results_and_contest_slice
2016,president,,Lee - Schrocks Mill/Lucknow,Lee - Schrocks Mill/Lucknow,1.0000,approved,high,autogen_identity_from_results_and_contest_slice
2016,president,,Lee - South Lynchburg,Lee - South Lynchburg,1.0000,approved,high,autogen_identity_from_results_and_contest_slice
2016,president,,Lee - Spring Hill,Lee - Spring Hill,1.0000,approved,high,autogen_identity_from_results_and_contest_slice
2016,president,,Lee - St. Charles,Lee - St. Charles,1.0000,approved,high,autogen_identity_from_results_and_contest_slice
2016,president,,Lee - St. Matthews,Lee - St. Matthews,1.0000,approved,high,autogen_identity_from_results_and_contest_slice
2016,president,,Lee - Turkey Creek,Lee - Turkey Creek,1.0000,approved,high,autogen_identity_from_results_and_contest_slice
2016,president,,Lee - Woodrow,Lee - Woodrow,1.0000,approved,high,autogen_identity_from_results_and_contest_slice
2016,president,,Lexington - Amicks Ferry,Lexington - Amicks Ferry,1.0000,approved,high,autogen_identity_from_results_and_contest_slice
2016,president,,Lexington - Barr Road #1,Lexington - Barr Road #1,1.0000,approved,high,autogen_identity_from_results_and_contest_slice
2016,president,,Lexington - Barr Road #2,Lexington - Barr Road #2,1.0000,approved,high,autogen_identity_from_results_and_contest_slice
2016,president,,Lexington - Batesburg,Lexington - Batesburg,1.0000,approved,high,autogen_identity_from_results_and_contest_slice
2016,president,,Lexington - Beulah Church,Lexington - Beulah Church,1.0000,approved,high,autogen_identity_from_results_and_contest_slice
2016,president,,Lexington - Boiling Springs,Lexington - Boiling Springs,1.0000,approved,high,autogen_identity_from_results_and_contest_slice
2016,president,,Lexington - Boiling Springs South,Lexington - Boiling Springs South,1.0000,approved,high,autogen_identity_from_results_and_contest_slice
2016,president,,Lexington - Bush River,Lexington - Bush River,1.0000,approved,high,autogen_identity_from_results_and_contest_slice
2016,president,,Lexington - Carolina Springs,Lexington - Carolina Springs,1.0000,approved,high,autogen_identity_from_results_and_contest_slice
2016,president,,Lexington - Cayce Ward 2-A,Lexington - Cayce Ward 2-A,1.0000,approved,high,autogen_identity_from_results_and_contest_slice
2016,president,,Lexington - Cedarcrest,Lexington - Cedarcrest,1.0000,approved,high,autogen_identity_from_results_and_contest_slice
2016,president,,Lexington - Chalk Hill,Lexington - Chalk Hill,1.0000,approved,high,autogen_identity_from_results_and_contest_slice
2016,president,,Lexington - Challedon,Lexington - Challedon,1.0000,approved,high,autogen_identity_from_results_and_contest_slice
2016,president,,Lexington - Chapin,Lexington - Chapin,1.0000,approved,high,autogen_identity_from_results_and_contest_slice
2016,president,,Lexington - Coldstream,Lexington - Coldstream,1.0000,approved,high,autogen_identity_from_results_and_contest_slice
2016,president,,Lexington - Congaree #1,Lexington - Congaree #1,1.0000,approved,high,autogen_identity_from_results_and_contest_slice
2016,president,,Lexington - Congaree #2,Lexington - Congaree #2,1.0000,approved,high,autogen_identity_from_results_and_contest_slice
2016,president,,Lexington - Cromer,Lexington - Cromer,1.0000,approved,high,autogen_identity_from_results_and_contest_slice
2016,president,,Lexington - Dreher Island,Lexington - Dreher Island,1.0000,approved,high,autogen_identity_from_results_and_contest_slice
2016,president,,Lexington - Dutchman Shores,Lexington - Dutchman Shores,1.0000,approved,high,autogen_identity_from_results_and_contest_slice
2016,president,,Lexington - Edenwood,Lexington - Edenwood,1.0000,approved,high,autogen_identity_from_results_and_contest_slice
2016,president,,Lexington - Edmund #1,Lexington - Edmund #1,1.0000,approved,high,autogen_identity_from_results_and_contest_slice
2016,president,,Lexington - Edmund #2,Lexington - Edmund #2,1.0000,approved,high,autogen_identity_from_results_and_contest_slice
2016,president,,Lexington - Emmanuel Church,Lexington - Emmanuel Church,1.0000,approved,high,autogen_identity_from_results_and_contest_slice
2016,president,,Lexington - Fairview,Lexington - Fairview,1.0000,approved,high,autogen_identity_from_results_and_contest_slice
2016,president,,Lexington - Faith Church,Lexington - Faith Church,1.0000,approved,high,autogen_identity_from_results_and_contest_slice
2016,president,,Lexington - Gardendale,Lexington - Gardendale,1.0000,approved,high,autogen_identity_from_results_and_contest_slice
2016,president,,Lexington - Gaston #1,Lexington - Gaston #1,1.0000,approved,high,autogen_identity_from_results_and_contest_slice
2016,president,,Lexington - Gaston #2,Lexington - Gaston #2,1.0000,approved,high,autogen_identity_from_results_and_contest_slice
2016,president,,Lexington - Gilbert,Lexington - Gilbert,1.0000,approved,high,autogen_identity_from_results_and_contest_slice
2016,president,,Lexington - Grenadier,Lexington - Grenadier,1.0000,approved,high,autogen_identity_from_results_and_contest_slice
2016,president,,Lexington - Hollow Creek,Lexington - Hollow Creek,1.0000,approved,high,autogen_identity_from_results_and_contest_slice
2016,president,,Lexington - Hook'S Store,Lexington - Hook'S Store,1.0000,approved,high,autogen_identity_from_results_and_contest_slice
2016,president,,Lexington - Irmo,Lexington - Irmo,1.0000,approved,high,autogen_identity_from_results_and_contest_slice
2016,president,,Lexington - Kitti Wake,Lexington - Kitti Wake,1.0000,approved,high,autogen_identity_from_results_and_contest_slice
2016,president,,Lexington - Lake Murray #1,Lexington - Lake Murray #1,1.0000,approved,high,autogen_identity_from_results_and_contest_slice
2016,president,,Lexington - Lake Murray #2,Lexington - Lake Murray #2,1.0000,approved,high,autogen_identity_from_results_and_contest_slice
2016,president,,Lexington - Leaphart Road,Lexington - Leaphart Road,1.0000,approved,high,autogen_identity_from_results_and_contest_slice
2016,president,,Lexington - Leesville,Lexington - Leesville,1.0000,approved,high,autogen_identity_from_results_and_contest_slice
2016,president,,Lexington - Lexington No. 1,Lexington - Lexington No. 1,1.0000,approved,high,autogen_identity_from_results_and_contest_slice
2016,president,,Lexington - Lexington No. 2,Lexington - Lexington No. 2,1.0000,approved,high,autogen_identity_from_results_and_contest_slice
2016,president,,Lexington - Lincreek,Lexington - Lincreek,1.0000,approved,high,autogen_identity_from_results_and_contest_slice
2016,president,,Lexington - Mack-Edisto,Lexington - Mack-Edisto,1.0000,approved,high,autogen_identity_from_results_and_contest_slice
2016,president,,Lexington - Midway,Lexington - Midway,1.0000,approved,high,autogen_identity_from_results_and_contest_slice
2016,president,,Lexington - Mims,Lexington - Mims,1.0000,approved,high,autogen_identity_from_results_and_contest_slice
2016,president,,Lexington - Mount Horeb,Lexington - Mount Horeb,1.0000,approved,high,autogen_identity_from_results_and_contest_slice
2016,president,,Lexington - Murraywood,Lexington - Murraywood,1.0000,approved,high,autogen_identity_from_results_and_contest_slice
2016,president,,Lexington - Oakwood,Lexington - Oakwood,1.0000,approved,high,autogen_identity_from_results_and_contest_slice
2016,president,,Lexington - Old Lexington,Lexington - Old Lexington,1.0000,approved,high,autogen_identity_from_results_and_contest_slice
2016,president,,Lexington - Park Road #1,Lexington - Park Road #1,1.0000,approved,high,autogen_identity_from_results_and_contest_slice
2016,president,,Lexington - Park Road #2,Lexington - Park Road #2,1.0000,approved,high,autogen_identity_from_results_and_contest_slice
2016,president,,Lexington - Pelion #1,Lexington - Pelion #1,1.0000,approved,high,autogen_identity_from_results_and_contest_slice
2016,president,,Lexington - Pelion #2,Lexington - Pelion #2,1.0000,approved,high,autogen_identity_from_results_and_contest_slice
2016,president,,Lexington - Pineview,Lexington - Pineview,1.0000,approved,high,autogen_identity_from_results_and_contest_slice
2016,president,,Lexington - Platt Springs 1,Lexington - Platt Springs 1,1.0000,approved,high,autogen_identity_from_results_and_contest_slice
2016,president,,Lexington - Platt Springs 2,Lexington - Platt Springs 2,1.0000,approved,high,autogen_identity_from_results_and_contest_slice
2016,president,,Lexington - Pond Branch,Lexington - Pond Branch,1.0000,approved,high,autogen_identity_from_results_and_contest_slice
2016,president,,Lexington - Providence Church,Lexington - Providence Church,1.0000,approved,high,autogen_identity_from_results_and_contest_slice
2016,president,,Lexington - Quail Hollow,Lexington - Quail Hollow,1.0000,approved,high,autogen_identity_from_results_and_contest_slice
2016,president,,Lexington - Quail Valley,Lexington - Quail Valley,1.0000,approved,high,autogen_identity_from_results_and_contest_slice
2016,president,,Lexington - Red Bank,Lexington - Red Bank,1.0000,approved,high,autogen_identity_from_results_and_contest_slice
2016,president,,Lexington - Red Bank South #1,Lexington - Red Bank South #1,1.0000,approved,high,autogen_identity_from_results_and_contest_slice
2016,president,,Lexington - Ridge Road,Lexington - Ridge Road,1.0000,approved,high,autogen_identity_from_results_and_contest_slice
2016,president,,Lexington - River Bluff,Lexington - River Bluff,1.0000,approved,high,autogen_identity_from_results_and_contest_slice
2016,president,,Lexington - Round Hill,Lexington - Round Hill,1.0000,approved,high,autogen_identity_from_results_and_contest_slice
2016,president,,Lexington - Saluda River,Lexington - Saluda River,1.0000,approved,high,autogen_identity_from_results_and_contest_slice
2016,president,,Lexington - Sandy Run,Lexington - Sandy Run,1.0000,approved,high,autogen_identity_from_results_and_contest_slice
2016,president,,Lexington - Seven Oaks,Lexington - Seven Oaks,1.0000,approved,high,autogen_identity_from_results_and_contest_slice
2016,president,,Lexington - Sharpe'S Hill,Lexington - Sharpe'S Hill,1.0000,approved,high,autogen_identity_from_results_and_contest_slice
2016,president,,Lexington - Springdale,Lexington - Springdale,1.0000,approved,high,autogen_identity_from_results_and_contest_slice
2016,president,,Lexington - Springdale South,Lexington - Springdale South,1.0000,approved,high,autogen_identity_from_results_and_contest_slice
2016,president,,Lexington - St. Michael,Lexington - St. Michael,1.0000,approved,high,autogen_identity_from_results_and_contest_slice
2016,president,,Lexington - Summit,Lexington - Summit,1.0000,approved,high,autogen_identity_from_results_and_contest_slice
2016,president,,Lexington - Swansea #1,Lexington - Swansea #1,1.0000,approved,high,autogen_identity_from_results_and_contest_slice
2016,president,,Lexington - Swansea #2,Lexington - Swansea #2,1.0000,approved,high,autogen_identity_from_results_and_contest_slice
2016,president,,Lexington - Westover,Lexington - Westover,1.0000,approved,high,autogen_identity_from_results_and_contest_slice
2016,president,,Lexington - White Knoll,Lexington - White Knoll,1.0000,approved,high,autogen_identity_from_results_and_contest_slice
2016,president,,Lexington - Whitehall,Lexington - Whitehall,1.0000,approved,high,autogen_identity_from_results_and_contest_slice
2016,president,,Lexington - Woodland Hills,Lexington - Woodland Hills,1.0000,approved,high,autogen_identity_from_results_and_contest_slice
2016,president,,Marion - Britton'S Neck,Marion - Britton'S Neck,1.0000,approved,high,autogen_identity_from_results_and_contest_slice
2016,president,,Marion - Centenary,Marion - Centenary,1.0000,approved,high,autogen_identity_from_results_and_contest_slice
2016,president,,Marion - Friendship,Marion - Friendship,1.0000,approved,high,autogen_identity_from_results_and_contest_slice
2016,president,,Marion - Marion No. 1,Marion - Marion No. 1,1.0000,approved,high,autogen_identity_from_results_and_contest_slice
2016,president,,Marion - Marion No. 2,Marion - Marion No. 2,1.0000,approved,high,autogen_identity_from_results_and_contest_slice
2016,president,,Marion - Marion North,Marion - Marion North,1.0000,approved,high,autogen_identity_from_results_and_contest_slice
2016,president,,Marion - Marion South,Marion - Marion South,1.0000,approved,high,autogen_identity_from_results_and_contest_slice
2016,president,,Marion - Marion West,Marion - Marion West,1.0000,approved,high,autogen_identity_from_results_and_contest_slice
2016,president,,Marion - Nichols,Marion - Nichols,1.0000,approved,high,autogen_identity_from_results_and_contest_slice
2016,president,,Marion - Rains,Marion - Rains,1.0000,approved,high,autogen_identity_from_results_and_contest_slice
2016,president,,Marion - Sellers,Marion - Sellers,1.0000,approved,high,autogen_identity_from_results_and_contest_slice
2016,president,,Marion - Temperance,Marion - Temperance,1.0000,approved,high,autogen_identity_from_results_and_contest_slice
2016,president,,Marion - Zion,Marion - Zion,1.0000,approved,high,autogen_identity_from_results_and_contest_slice
2016,president,,Marlboro - Adamsville,Marlboro - Adamsville,1.0000,approved,high,autogen_identity_from_results_and_contest_slice
2016,president,,Marlboro - Blenheim,Marlboro - Blenheim,1.0000,approved,high,autogen_identity_from_results_and_contest_slice
2016,president,,Marlboro - Brightsville,Marlboro - Brightsville,1.0000,approved,high,autogen_identity_from_results_and_contest_slice
2016,president,,Marlboro - Brownsville,Marlboro - Brownsville,1.0000,approved,high,autogen_identity_from_results_and_contest_slice
2016,president,,Marlboro - Clio,Marlboro - Clio,1.0000,approved,high,autogen_identity_from_results_and_contest_slice
2016,president,,Marlboro - East Mccoll,Marlboro - East Mccoll,1.0000,approved,high,autogen_identity_from_results_and_contest_slice
2016,president,,Marlboro - Mccoll,Marlboro - Mccoll,1.0000,approved,high,autogen_identity_from_results_and_contest_slice
2016,president,,Marlboro - Quicks X Roads,Marlboro - Quicks X Roads,1.0000,approved,high,autogen_identity_from_results_and_contest_slice
2016,president,,Marlboro - Tatum,Marlboro - Tatum,1.0000,approved,high,autogen_identity_from_results_and_contest_slice
2016,president,,Marlboro - Wallace,Marlboro - Wallace,1.0000,approved,high,autogen_identity_from_results_and_contest_slice
2016,president,,Mccormick - Bethany,Mccormick - Bethany,1.0000,approved,high,autogen_identity_from_results_and_contest_slice
2016,president,,Mccormick - Clark'S Hill,Mccormick - Clark'S Hill,1.0000,approved,high,autogen_identity_from_results_and_contest_slice
2016,president,,Mccormick - Mccormick No. 1,Mccormick - Mccormick No. 1,1.0000,approved,high,autogen_identity_from_results_and_contest_slice
2016,president,,Mccormick - Mccormick No. 2,Mccormick - Mccormick No. 2,1.0000,approved,high,autogen_identity_from_results_and_contest_slice
2016,president,,Mccormick - Modoc,Mccormick - Modoc,1.0000,approved,high,autogen_identity_from_results_and_contest_slice
2016,president,,Mccormick - Monticello,Mccormick - Monticello,1.0000,approved,high,autogen_identity_from_results_and_contest_slice
2016,president,,Mccormick - Mt. Carmel,Mccormick - Mt. Carmel,1.0000,approved,high,autogen_identity_from_results_and_contest_slice
2016,president,,Mccormick - Parksville,Mccormick - Parksville,1.0000,approved,high,autogen_identity_from_results_and_contest_slice
2016,president,,Mccormick - Plum Branch,Mccormick - Plum Branch,1.0000,approved,high,autogen_identity_from_results_and_contest_slice
2016,president,,Mccormick - Savannah,Mccormick - Savannah,1.0000,approved,high,autogen_identity_from_results_and_contest_slice
2016,president,,Mccormick - Willington,Mccormick - Willington,1.0000,approved,high,autogen_identity_from_results_and_contest_slice
2016,president,,Newberry - Bush River,Newberry - Bush River,1.0000,approved,high,autogen_identity_from_results_and_contest_slice
2016,president,,Newberry - Chappells,Newberry - Chappells,1.0000,approved,high,autogen_identity_from_results_and_contest_slice
2016,president,,Newberry - Fairview,Newberry - Fairview,1.0000,approved,high,autogen_identity_from_results_and_contest_slice
2016,president,,Newberry - Hartford,Newberry - Hartford,1.0000,approved,high,autogen_identity_from_results_and_contest_slice
2016,president,,Newberry - Helena,Newberry - Helena,1.0000,approved,high,autogen_identity_from_results_and_contest_slice
2016,president,,Newberry - Johnstone,Newberry - Johnstone,1.0000,approved,high,autogen_identity_from_results_and_contest_slice
2016,president,,Newberry - Little Mountain,Newberry - Little Mountain,1.0000,approved,high,autogen_identity_from_results_and_contest_slice
2016,president,,Newberry - Maybinton,Newberry - Maybinton,1.0000,approved,high,autogen_identity_from_results_and_contest_slice
2016,president,,Newberry - O'Neal,Newberry - O'Neal,1.0000,approved,high,autogen_identity_from_results_and_contest_slice
2016,president,,Newberry - Oakland,Newberry - Oakland,1.0000,approved,high,autogen_identity_from_results_and_contest_slice
2016,president,,Newberry - Peak,Newberry - Peak,1.0000,approved,high,autogen_identity_from_results_and_contest_slice
2016,president,,Newberry - Silverstreet,Newberry - Silverstreet,1.0000,approved,high,autogen_identity_from_results_and_contest_slice
2016,president,,Newberry - Stoney Hill,Newberry - Stoney Hill,1.0000,approved,high,autogen_identity_from_results_and_contest_slice
2016,president,,Newberry - Wheeland,Newberry - Wheeland,1.0000,approved,high,autogen_identity_from_results_and_contest_slice
2016,president,,Newberry - Whitmire City,Newberry - Whitmire City,1.0000,approved,high,autogen_identity_from_results_and_contest_slice
2016,president,,Newberry - Whitmire Outside,Newberry - Whitmire Outside,1.0000,approved,high,autogen_identity_from_results_and_contest_slice
2016,president,,Oconee - Bountyland,Oconee - Bountyland,1.0000,approved,high,autogen_identity_from_results_and_contest_slice
2016,president,,Oconee - Earles Grove,Oconee - Earles Grove,1.0000,approved,high,autogen_identity_from_results_and_contest_slice
2016,president,,Oconee - Fair Play,Oconee - Fair Play,1.0000,approved,high,autogen_identity_from_results_and_contest_slice
2016,president,,Oconee - Friendship,Oconee - Friendship,1.0000,approved,high,autogen_identity_from_results_and_contest_slice
2016,president,,Oconee - Holly Springs,Oconee - Holly Springs,1.0000,approved,high,autogen_identity_from_results_and_contest_slice
2016,president,,Oconee - Keowee,Oconee - Keowee,1.0000,approved,high,autogen_identity_from_results_and_contest_slice
2016,president,,Oconee - Long Creek,Oconee - Long Creek,1.0000,approved,high,autogen_identity_from_results_and_contest_slice
2016,president,,Oconee - Madison,Oconee - Madison,1.0000,approved,high,autogen_identity_from_results_and_contest_slice
2016,president,,Oconee - Mountain Rest,Oconee - Mountain Rest,1.0000,approved,high,autogen_identity_from_results_and_contest_slice
2016,president,,Oconee - New Hope,Oconee - New Hope,1.0000,approved,high,autogen_identity_from_results_and_contest_slice
2016,president,,Oconee - Newry-Corinth,Oconee - Newry-Corinth,1.0000,approved,high,autogen_identity_from_results_and_contest_slice
2016,president,,Oconee - Oakway,Oconee - Oakway,1.0000,approved,high,autogen_identity_from_results_and_contest_slice
2016,president,,Oconee - Ravenel,Oconee - Ravenel,1.0000,approved,high,autogen_identity_from_results_and_contest_slice
2016,president,,Oconee - Return,Oconee - Return,1.0000,approved,high,autogen_identity_from_results_and_contest_slice
2016,president,,Oconee - Richland,Oconee - Richland,1.0000,approved,high,autogen_identity_from_results_and_contest_slice
2016,president,,Oconee - Salem,Oconee - Salem,1.0000,approved,high,autogen_identity_from_results_and_contest_slice
2016,president,,Oconee - Seneca 1,Oconee - Seneca 1,1.0000,approved,high,autogen_identity_from_results_and_contest_slice
2016,president,,Oconee - Seneca 2,Oconee - Seneca 2,1.0000,approved,high,autogen_identity_from_results_and_contest_slice
2016,president,,Oconee - Seneca 3,Oconee - Seneca 3,1.0000,approved,high,autogen_identity_from_results_and_contest_slice
2016,president,,Oconee - Seneca 4,Oconee - Seneca 4,1.0000,approved,high,autogen_identity_from_results_and_contest_slice
2016,president,,Oconee - Shiloh,Oconee - Shiloh,1.0000,approved,high,autogen_identity_from_results_and_contest_slice
2016,president,,Oconee - South Union,Oconee - South Union,1.0000,approved,high,autogen_identity_from_results_and_contest_slice
2016,president,,Oconee - Stamp Creek,Oconee - Stamp Creek,1.0000,approved,high,autogen_identity_from_results_and_contest_slice
2016,president,,Oconee - Tamassee,Oconee - Tamassee,1.0000,approved,high,autogen_identity_from_results_and_contest_slice
2016,president,,Oconee - Tokeena-Providence,Oconee - Tokeena-Providence,1.0000,approved,high,autogen_identity_from_results_and_contest_slice
2016,president,,Oconee - Utica,Oconee - Utica,1.0000,approved,high,autogen_identity_from_results_and_contest_slice
2016,president,,Oconee - Walhalla 1,Oconee - Walhalla 1,1.0000,approved,high,autogen_identity_from_results_and_contest_slice
2016,president,,Oconee - Walhalla 2,Oconee - Walhalla 2,1.0000,approved,high,autogen_identity_from_results_and_contest_slice
2016,president,,Oconee - West Union,Oconee - West Union,1.0000,approved,high,autogen_identity_from_results_and_contest_slice
2016,president,,Oconee - Westminster 1,Oconee - Westminster 1,1.0000,approved,high,autogen_identity_from_results_and_contest_slice
2016,president,,Oconee - Westminster 2,Oconee - Westminster 2,1.0000,approved,high,autogen_identity_from_results_and_contest_slice
2016,president,,Orangeburg - Bethel,Orangeburg - Bethel,1.0000,approved,high,autogen_identity_from_results_and_contest_slice
2016,president,,Orangeburg - Bolentown,Orangeburg - Bolentown,1.0000,approved,high,autogen_identity_from_results_and_contest_slice
2016,president,,Orangeburg - Bowman 1,Orangeburg - Bowman 1,1.0000,approved,high,autogen_identity_from_results_and_contest_slice
2016,president,,Orangeburg - Bowman 2,Orangeburg - Bowman 2,1.0000,approved,high,autogen_identity_from_results_and_contest_slice
2016,president,,Orangeburg - Branchville 1,Orangeburg - Branchville 1,1.0000,approved,high,autogen_identity_from_results_and_contest_slice
2016,president,,Orangeburg - Branchville 2,Orangeburg - Branchville 2,1.0000,approved,high,autogen_identity_from_results_and_contest_slice
2016,president,,Orangeburg - Brookdale,Orangeburg - Brookdale,1.0000,approved,high,autogen_identity_from_results_and_contest_slice
2016,president,,Orangeburg - Cope,Orangeburg - Cope,1.0000,approved,high,autogen_identity_from_results_and_contest_slice
2016,president,,Orangeburg - Cordova 1,Orangeburg - Cordova 1,1.0000,approved,high,autogen_identity_from_results_and_contest_slice
2016,president,,Orangeburg - Cordova 2,Orangeburg - Cordova 2,1.0000,approved,high,autogen_identity_from_results_and_contest_slice
2016,president,,Orangeburg - Edisto,Orangeburg - Edisto,1.0000,approved,high,autogen_identity_from_results_and_contest_slice
2016,president,,Orangeburg - Elloree 1,Orangeburg - Elloree 1,1.0000,approved,high,autogen_identity_from_results_and_contest_slice
2016,president,,Orangeburg - Elloree 2,Orangeburg - Elloree 2,1.0000,approved,high,autogen_identity_from_results_and_contest_slice
2016,president,,Orangeburg - Eutawville 1,Orangeburg - Eutawville 1,1.0000,approved,high,autogen_identity_from_results_and_contest_slice
2016,president,,Orangeburg - Eutawville 2,Orangeburg - Eutawville 2,1.0000,approved,high,autogen_identity_from_results_and_contest_slice
2016,president,,Orangeburg - Four Holes,Orangeburg - Four Holes,1.0000,approved,high,autogen_identity_from_results_and_contest_slice
2016,president,,Orangeburg - Holly Hill 1,Orangeburg - Holly Hill 1,1.0000,approved,high,autogen_identity_from_results_and_contest_slice
2016,president,,Orangeburg - Holly Hill 2,Orangeburg - Holly Hill 2,1.0000,approved,high,autogen_identity_from_results_and_contest_slice
2016,president,,Orangeburg - Jamison,Orangeburg - Jamison,1.0000,approved,high,autogen_identity_from_results_and_contest_slice
2016,president,,Orangeburg - Limestone 1,Orangeburg - Limestone 1,1.0000,approved,high,autogen_identity_from_results_and_contest_slice
2016,president,,Orangeburg - Limestone 2,Orangeburg - Limestone 2,1.0000,approved,high,autogen_identity_from_results_and_contest_slice
2016,president,,Orangeburg - Neeses-Livingston,Orangeburg - Neeses-Livingston,1.0000,approved,high,autogen_identity_from_results_and_contest_slice
2016,president,,Orangeburg - Nix,Orangeburg - Nix,1.0000,approved,high,autogen_identity_from_results_and_contest_slice
2016,president,,Orangeburg - North 1,Orangeburg - North 1,1.0000,approved,high,autogen_identity_from_results_and_contest_slice
2016,president,,Orangeburg - North 2,Orangeburg - North 2,1.0000,approved,high,autogen_identity_from_results_and_contest_slice
2016,president,,Orangeburg - Norway,Orangeburg - Norway,1.0000,approved,high,autogen_identity_from_results_and_contest_slice
2016,president,,Orangeburg - Pine Hill,Orangeburg - Pine Hill,1.0000,approved,high,autogen_identity_from_results_and_contest_slice
2016,president,,Orangeburg - Providence,Orangeburg - Providence,1.0000,approved,high,autogen_identity_from_results_and_contest_slice
2016,president,,Orangeburg - Rowesville,Orangeburg - Rowesville,1.0000,approved,high,autogen_identity_from_results_and_contest_slice
2016,president,,Orangeburg - Santee 1,Orangeburg - Santee 1,1.0000,approved,high,autogen_identity_from_results_and_contest_slice
2016,president,,Orangeburg - Santee 2,Orangeburg - Santee 2,1.0000,approved,high,autogen_identity_from_results_and_contest_slice
2016,president,,Orangeburg - Springfield,Orangeburg - Springfield,1.0000,approved,high,autogen_identity_from_results_and_contest_slice
2016,president,,Orangeburg - Suburban 1,Orangeburg - Suburban 1,1.0000,approved,high,autogen_identity_from_results_and_contest_slice
2016,president,,Orangeburg - Suburban 2,Orangeburg - Suburban 2,1.0000,approved,high,autogen_identity_from_results_and_contest_slice
2016,president,,Orangeburg - Suburban 3,Orangeburg - Suburban 3,1.0000,approved,high,autogen_identity_from_results_and_contest_slice
2016,president,,Orangeburg - Suburban 4,Orangeburg - Suburban 4,1.0000,approved,high,autogen_identity_from_results_and_contest_slice
2016,president,,Orangeburg - Suburban 5,Orangeburg - Suburban 5,1.0000,approved,high,autogen_identity_from_results_and_contest_slice
2016,president,,Orangeburg - Suburban 6,Orangeburg - Suburban 6,1.0000,approved,high,autogen_identity_from_results_and_contest_slice
2016,president,,Orangeburg - Suburban 7,Orangeburg - Suburban 7,1.0000,approved,high,autogen_identity_from_results_and_contest_slice
2016,president,,Orangeburg - Suburban 8,Orangeburg - Suburban 8,1.0000,approved,high,autogen_identity_from_results_and_contest_slice
2016,president,,Orangeburg - Suburban 9,Orangeburg - Suburban 9,1.0000,approved,high,autogen_identity_from_results_and_contest_slice
2016,president,,Orangeburg - Vance,Orangeburg - Vance,1.0000,approved,high,autogen_identity_from_results_and_contest_slice
2016,president,,Orangeburg - Whittaker,Orangeburg - Whittaker,1.0000,approved,high,autogen_identity_from_results_and_contest_slice
2016,president,,Pickens - Abel,Pickens - Abel,1.0000,approved,high,autogen_identity_from_results_and_contest_slice
2016,president,,Pickens - Albert R. Lewis,Pickens - Albert R. Lewis,1.0000,approved,high,autogen_identity_from_results_and_contest_slice
2016,president,,Pickens - Arial Mill,Pickens - Arial Mill,1.0000,approved,high,autogen_identity_from_results_and_contest_slice
2016,president,,Pickens - Brushy Creek,Pickens - Brushy Creek,1.0000,approved,high,autogen_identity_from_results_and_contest_slice
2016,president,,Pickens - Calhoun,Pickens - Calhoun,1.0000,approved,high,autogen_identity_from_results_and_contest_slice
2016,president,,Pickens - Cedar Rock,Pickens - Cedar Rock,1.0000,approved,high,autogen_identity_from_results_and_contest_slice
2016,president,,Pickens - Clemson,Pickens - Clemson,1.0000,approved,high,autogen_identity_from_results_and_contest_slice
2016,president,,Pickens - Crescent Hill,Pickens - Crescent Hill,1.0000,approved,high,autogen_identity_from_results_and_contest_slice
2016,president,,Pickens - Crestview,Pickens - Crestview,1.0000,approved,high,autogen_identity_from_results_and_contest_slice
2016,president,,Pickens - Crossroads,Pickens - Crossroads,1.0000,approved,high,autogen_identity_from_results_and_contest_slice
2016,president,,Pickens - Crosswell,Pickens - Crosswell,1.0000,approved,high,autogen_identity_from_results_and_contest_slice
2016,president,,Pickens - Dacusville,Pickens - Dacusville,1.0000,approved,high,autogen_identity_from_results_and_contest_slice
2016,president,,Pickens - Easley,Pickens - Easley,1.0000,approved,high,autogen_identity_from_results_and_contest_slice
2016,president,,Pickens - East Liberty,Pickens - East Liberty,1.0000,approved,high,autogen_identity_from_results_and_contest_slice
2016,president,,Pickens - East Pickens,Pickens - East Pickens,1.0000,approved,high,autogen_identity_from_results_and_contest_slice
2016,president,,Pickens - Flat Rock,Pickens - Flat Rock,1.0000,approved,high,autogen_identity_from_results_and_contest_slice
2016,president,,Pickens - Forest Acres,Pickens - Forest Acres,1.0000,approved,high,autogen_identity_from_results_and_contest_slice
2016,president,,Pickens - Fruit Mountain,Pickens - Fruit Mountain,1.0000,approved,high,autogen_identity_from_results_and_contest_slice
2016,president,,Pickens - Georges Creek,Pickens - Georges Creek,1.0000,approved,high,autogen_identity_from_results_and_contest_slice
2016,president,,Pickens - Glassy Mountain,Pickens - Glassy Mountain,1.0000,approved,high,autogen_identity_from_results_and_contest_slice
2016,president,,Pickens - Griffin,Pickens - Griffin,1.0000,approved,high,autogen_identity_from_results_and_contest_slice
2016,president,,Pickens - Holly Springs,Pickens - Holly Springs,1.0000,approved,high,autogen_identity_from_results_and_contest_slice
2016,president,,Pickens - Issaqueena,Pickens - Issaqueena,1.0000,approved,high,autogen_identity_from_results_and_contest_slice
2016,president,,Pickens - Lawrence Chapel,Pickens - Lawrence Chapel,1.0000,approved,high,autogen_identity_from_results_and_contest_slice
2016,president,,Pickens - Mckissick,Pickens - Mckissick,1.0000,approved,high,autogen_identity_from_results_and_contest_slice
2016,president,,Pickens - Morrison,Pickens - Morrison,1.0000,approved,high,autogen_identity_from_results_and_contest_slice
2016,president,,Pickens - Mountain View,Pickens - Mountain View,1.0000,approved,high,autogen_identity_from_results_and_contest_slice
2016,president,,Pickens - Nine Forks,Pickens - Nine Forks,1.0000,approved,high,autogen_identity_from_results_and_contest_slice
2016,president,,Pickens - Norris,Pickens - Norris,1.0000,approved,high,autogen_identity_from_results_and_contest_slice
2016,president,,Pickens - North Central,Pickens - North Central,1.0000,approved,high,autogen_identity_from_results_and_contest_slice
2016,president,,Pickens - North Liberty,Pickens - North Liberty,1.0000,approved,high,autogen_identity_from_results_and_contest_slice
2016,president,,Pickens - North Pickens,Pickens - North Pickens,1.0000,approved,high,autogen_identity_from_results_and_contest_slice
2016,president,,Pickens - Pendleton,Pickens - Pendleton,1.0000,approved,high,autogen_identity_from_results_and_contest_slice
2016,president,,Pickens - Pickensville,Pickens - Pickensville,1.0000,approved,high,autogen_identity_from_results_and_contest_slice
2016,president,,Pickens - Pike,Pickens - Pike,1.0000,approved,high,autogen_identity_from_results_and_contest_slice
2016,president,,Pickens - Pope Field,Pickens - Pope Field,1.0000,approved,high,autogen_identity_from_results_and_contest_slice
2016,president,,Pickens - Praters Creek,Pickens - Praters Creek,1.0000,approved,high,autogen_identity_from_results_and_contest_slice
2016,president,,Pickens - Pumpkintown,Pickens - Pumpkintown,1.0000,approved,high,autogen_identity_from_results_and_contest_slice
2016,president,,Pickens - Rices Creek,Pickens - Rices Creek,1.0000,approved,high,autogen_identity_from_results_and_contest_slice
2016,president,,Pickens - Rock Springs,Pickens - Rock Springs,1.0000,approved,high,autogen_identity_from_results_and_contest_slice
2016,president,,Pickens - Saluda,Pickens - Saluda,1.0000,approved,high,autogen_identity_from_results_and_contest_slice
2016,president,,Pickens - Sheffield,Pickens - Sheffield,1.0000,approved,high,autogen_identity_from_results_and_contest_slice
2016,president,,Pickens - Simpson,Pickens - Simpson,1.0000,approved,high,autogen_identity_from_results_and_contest_slice
2016,president,,Pickens - Sitton,Pickens - Sitton,1.0000,approved,high,autogen_identity_from_results_and_contest_slice
2016,president,,Pickens - Six Mile,Pickens - Six Mile,1.0000,approved,high,autogen_identity_from_results_and_contest_slice
2016,president,,Pickens - Six Mile Mountain,Pickens - Six Mile Mountain,1.0000,approved,high,autogen_identity_from_results_and_contest_slice
2016,president,,Pickens - Skelton,Pickens - Skelton,1.0000,approved,high,autogen_identity_from_results_and_contest_slice
2016,president,,Pickens - Smith Grove,Pickens - Smith Grove,1.0000,approved,high,autogen_identity_from_results_and_contest_slice
2016,president,,Pickens - South Central,Pickens - South Central,1.0000,approved,high,autogen_identity_from_results_and_contest_slice
2016,president,,Pickens - South Pickens,Pickens - South Pickens,1.0000,approved,high,autogen_identity_from_results_and_contest_slice
2016,president,,Pickens - Stone Church,Pickens - Stone Church,1.0000,approved,high,autogen_identity_from_results_and_contest_slice
2016,president,,Pickens - Tri County,Pickens - Tri County,1.0000,approved,high,autogen_identity_from_results_and_contest_slice
2016,president,,Pickens - University,Pickens - University,1.0000,approved,high,autogen_identity_from_results_and_contest_slice
2016,president,,Pickens - Vinland,Pickens - Vinland,1.0000,approved,high,autogen_identity_from_results_and_contest_slice
2016,president,,Pickens - West Central,Pickens - West Central,1.0000,approved,high,autogen_identity_from_results_and_contest_slice
2016,president,,Pickens - West Liberty,Pickens - West Liberty,1.0000,approved,high,autogen_identity_from_results_and_contest_slice
2016,president,,Pickens - West Pickens,Pickens - West Pickens,1.0000,approved,high,autogen_identity_from_results_and_contest_slice
2016,president,,Pickens - Woodside,Pickens - Woodside,1.0000,approved,high,autogen_identity_from_results_and_contest_slice
2016,president,,Pickens - Zion,Pickens - Zion,1.0000,approved,high,autogen_identity_from_results_and_contest_slice
2016,president,,Richland - Arcadia,Richland - Arcadia,1.0000,approved,high,autogen_identity_from_results_and_contest_slice
2016,president,,Richland - Ardincaple,Richland - Ardincaple,1.0000,approved,high,autogen_identity_from_results_and_contest_slice
2016,president,,Richland - Ballentine 1,Richland - Ballentine 1,1.0000,approved,high,autogen_identity_from_results_and_contest_slice
2016,president,,Richland - Ballentine 2,Richland - Ballentine 2,1.0000,approved,high,autogen_identity_from_results_and_contest_slice
2016,president,,Richland - Beatty Road,Richland - Beatty Road,1.0000,approved,high,autogen_identity_from_results_and_contest_slice
2016,president,,Richland - Bluff,Richland - Bluff,1.0000,approved,high,autogen_identity_from_results_and_contest_slice
2016,president,,Richland - Blythewood 1,Richland - Blythewood 1,1.0000,approved,high,autogen_identity_from_results_and_contest_slice
2016,president,,Richland - Blythewood 2,Richland - Blythewood 2,1.0000,approved,high,autogen_identity_from_results_and_contest_slice
2016,president,,Richland - Blythewood 3,Richland - Blythewood 3,1.0000,approved,high,autogen_identity_from_results_and_contest_slice
2016,president,,Richland - Bookman,Richland - Bookman,1.0000,approved,high,autogen_identity_from_results_and_contest_slice
2016,president,,Richland - Brandon 1,Richland - Brandon 1,1.0000,approved,high,autogen_identity_from_results_and_contest_slice
2016,president,,Richland - Brandon 2,Richland - Brandon 2,1.0000,approved,high,autogen_identity_from_results_and_contest_slice
2016,president,,Richland - Briarwood,Richland - Briarwood,1.0000,approved,high,autogen_identity_from_results_and_contest_slice
2016,president,,Richland - Bridge Creek,Richland - Bridge Creek,1.0000,approved,high,autogen_identity_from_results_and_contest_slice
2016,president,,Richland - Caughman Road,Richland - Caughman Road,1.0000,approved,high,autogen_identity_from_results_and_contest_slice
2016,president,,Richland - College Place,Richland - College Place,1.0000,approved,high,autogen_identity_from_results_and_contest_slice
2016,president,,Richland - Cooper,Richland - Cooper,1.0000,approved,high,autogen_identity_from_results_and_contest_slice
2016,president,,Richland - Dennyside,Richland - Dennyside,1.0000,approved,high,autogen_identity_from_results_and_contest_slice
2016,president,,Richland - Dentsville,Richland - Dentsville,1.0000,approved,high,autogen_identity_from_results_and_contest_slice
2016,president,,Richland - Dutch Fork 1,Richland - Dutch Fork 1,1.0000,approved,high,autogen_identity_from_results_and_contest_slice
2016,president,,Richland - Dutch Fork 2,Richland - Dutch Fork 2,1.0000,approved,high,autogen_identity_from_results_and_contest_slice
2016,president,,Richland - Dutch Fork 3,Richland - Dutch Fork 3,1.0000,approved,high,autogen_identity_from_results_and_contest_slice
2016,president,,Richland - Dutch Fork 4,Richland - Dutch Fork 4,1.0000,approved,high,autogen_identity_from_results_and_contest_slice
2016,president,,Richland - East Forest Acres,Richland - East Forest Acres,1.0000,approved,high,autogen_identity_from_results_and_contest_slice
2016,president,,Richland - Eastover,Richland - Eastover,1.0000,approved,high,autogen_identity_from_results_and_contest_slice
2016,president,,Richland - Edgewood,Richland - Edgewood,1.0000,approved,high,autogen_identity_from_results_and_contest_slice
2016,president,,Richland - Emergency,Richland - Emergency,1.0000,approved,high,autogen_identity_from_results_and_contest_slice
2016,president,,Richland - Estates,Richland - Estates,1.0000,approved,high,autogen_identity_from_results_and_contest_slice
2016,president,,Richland - Fairlawn,Richland - Fairlawn,1.0000,approved,high,autogen_identity_from_results_and_contest_slice
2016,president,,Richland - Fairwold,Richland - Fairwold,1.0000,approved,high,autogen_identity_from_results_and_contest_slice
2016,president,,Richland - Friarsgate 1,Richland - Friarsgate 1,1.0000,approved,high,autogen_identity_from_results_and_contest_slice
2016,president,,Richland - Friarsgate 2,Richland - Friarsgate 2,1.0000,approved,high,autogen_identity_from_results_and_contest_slice
2016,president,,Richland - Gadsden,Richland - Gadsden,1.0000,approved,high,autogen_identity_from_results_and_contest_slice
2016,president,,Richland - Garners,Richland - Garners,1.0000,approved,high,autogen_identity_from_results_and_contest_slice
2016,president,,Richland - Greenview,Richland - Greenview,1.0000,approved,high,autogen_identity_from_results_and_contest_slice
2016,president,,Richland - Gregg Park,Richland - Gregg Park,1.0000,approved,high,autogen_identity_from_results_and_contest_slice
2016,president,,Richland - Hampton,Richland - Hampton,1.0000,approved,high,autogen_identity_from_results_and_contest_slice
2016,president,,Richland - Harbison 1,Richland - Harbison 1,1.0000,approved,high,autogen_identity_from_results_and_contest_slice
2016,president,,Richland - Harbison 2,Richland - Harbison 2,1.0000,approved,high,autogen_identity_from_results_and_contest_slice
2016,president,,Richland - Hopkins 1,Richland - Hopkins 1,1.0000,approved,high,autogen_identity_from_results_and_contest_slice
2016,president,,Richland - Hopkins 2,Richland - Hopkins 2,1.0000,approved,high,autogen_identity_from_results_and_contest_slice
2016,president,,Richland - Horrell Hill,Richland - Horrell Hill,1.0000,approved,high,autogen_identity_from_results_and_contest_slice
2016,president,,Richland - Hunting Creek,Richland - Hunting Creek,1.0000,approved,high,autogen_identity_from_results_and_contest_slice
2016,president,,Richland - Keels 1,Richland - Keels 1,1.0000,approved,high,autogen_identity_from_results_and_contest_slice
2016,president,,Richland - Keels 2,Richland - Keels 2,1.0000,approved,high,autogen_identity_from_results_and_contest_slice
2016,president,,Richland - Keenan,Richland - Keenan,1.0000,approved,high,autogen_identity_from_results_and_contest_slice
2016,president,,Richland - Kelly Mill,Richland - Kelly Mill,1.0000,approved,high,autogen_identity_from_results_and_contest_slice
2016,president,,Richland - Killian,Richland - Killian,1.0000,approved,high,autogen_identity_from_results_and_contest_slice
2016,president,,Richland - Kingswood,Richland - Kingswood,1.0000,approved,high,autogen_identity_from_results_and_contest_slice
2016,president,,Richland - Lake Carolina,Richland - Lake Carolina,1.0000,approved,high,autogen_identity_from_results_and_contest_slice
2016,president,,Richland - Lincolnshire,Richland - Lincolnshire,1.0000,approved,high,autogen_identity_from_results_and_contest_slice
2016,president,,Richland - Longcreek,Richland - Longcreek,1.0000,approved,high,autogen_identity_from_results_and_contest_slice
2016,president,,Richland - Longleaf,Richland - Longleaf,1.0000,approved,high,autogen_identity_from_results_and_contest_slice
2016,president,,Richland - Lykesland,Richland - Lykesland,1.0000,approved,high,autogen_identity_from_results_and_contest_slice
2016,president,,Richland - Mallet Hill,Richland - Mallet Hill,1.0000,approved,high,autogen_identity_from_results_and_contest_slice
2016,president,,Richland - Mcentire,Richland - Mcentire,1.0000,approved,high,autogen_identity_from_results_and_contest_slice
2016,president,,Richland - Meadowfield,Richland - Meadowfield,1.0000,approved,high,autogen_identity_from_results_and_contest_slice
2016,president,,Richland - Meadowlake,Richland - Meadowlake,1.0000,approved,high,autogen_identity_from_results_and_contest_slice
2016,president,,Richland - Midway,Richland - Midway,1.0000,approved,high,autogen_identity_from_results_and_contest_slice
2016,president,,Richland - Mill Creek,Richland - Mill Creek,1.0000,approved,high,autogen_identity_from_results_and_contest_slice
2016,president,,Richland - Monticello,Richland - Monticello,1.0000,approved,high,autogen_identity_from_results_and_contest_slice
2016,president,,Richland - North Forest Acres,Richland - North Forest Acres,1.0000,approved,high,autogen_identity_from_results_and_contest_slice
2016,president,,Richland - North Springs 1,Richland - North Springs 1,1.0000,approved,high,autogen_identity_from_results_and_contest_slice
2016,president,,Richland - North Springs 2,Richland - North Springs 2,1.0000,approved,high,autogen_identity_from_results_and_contest_slice
2016,president,,Richland - North Springs 3,Richland - North Springs 3,1.0000,approved,high,autogen_identity_from_results_and_contest_slice
2016,president,,Richland - Oak Pointe 1,Richland - Oak Pointe 1,1.0000,approved,high,autogen_identity_from_results_and_contest_slice
2016,president,,Richland - Oak Pointe 2,Richland - Oak Pointe 2,1.0000,approved,high,autogen_identity_from_results_and_contest_slice
2016,president,,Richland - Oak Pointe 3,Richland - Oak Pointe 3,1.0000,approved,high,autogen_identity_from_results_and_contest_slice
2016,president,,Richland - Oakwood,Richland - Oakwood,1.0000,approved,high,autogen_identity_from_results_and_contest_slice
2016,president,,Richland - Old Friarsgate,Richland - Old Friarsgate,1.0000,approved,high,autogen_identity_from_results_and_contest_slice
2016,president,,Richland - Olympia,Richland - Olympia,1.0000,approved,high,autogen_identity_from_results_and_contest_slice
2016,president,,Richland - Parkridge 1,Richland - Parkridge 1,1.0000,approved,high,autogen_identity_from_results_and_contest_slice
2016,president,,Richland - Parkridge 2,Richland - Parkridge 2,1.0000,approved,high,autogen_identity_from_results_and_contest_slice
2016,president,,Richland - Parkway 1,Richland - Parkway 1,1.0000,approved,high,autogen_identity_from_results_and_contest_slice
2016,president,,Richland - Parkway 2,Richland - Parkway 2,1.0000,approved,high,autogen_identity_from_results_and_contest_slice
2016,president,,Richland - Parkway 3,Richland - Parkway 3,1.0000,approved,high,autogen_identity_from_results_and_contest_slice
2016,president,,Richland - Pennington 1,Richland - Pennington 1,1.0000,approved,high,autogen_identity_from_results_and_contest_slice
2016,president,,Richland - Pennington 2,Richland - Pennington 2,1.0000,approved,high,autogen_identity_from_results_and_contest_slice
2016,president,,Richland - Pine Grove,Richland - Pine Grove,1.0000,approved,high,autogen_identity_from_results_and_contest_slice
2016,president,,Richland - Pine Lakes 1,Richland - Pine Lakes 1,1.0000,approved,high,autogen_identity_from_results_and_contest_slice
2016,president,,Richland - Pine Lakes 2,Richland - Pine Lakes 2,1.0000,approved,high,autogen_identity_from_results_and_contest_slice
2016,president,,Richland - Pinewood,Richland - Pinewood,1.0000,approved,high,autogen_identity_from_results_and_contest_slice
2016,president,,Richland - Polo Road,Richland - Polo Road,1.0000,approved,high,autogen_identity_from_results_and_contest_slice
2016,president,,Richland - Pontiac 1,Richland - Pontiac 1,1.0000,approved,high,autogen_identity_from_results_and_contest_slice
2016,president,,Richland - Pontiac 2,Richland - Pontiac 2,1.0000,approved,high,autogen_identity_from_results_and_contest_slice
2016,president,,Richland - Rice Creek 1,Richland - Rice Creek 1,1.0000,approved,high,autogen_identity_from_results_and_contest_slice
2016,president,,Richland - Rice Creek 2,Richland - Rice Creek 2,1.0000,approved,high,autogen_identity_from_results_and_contest_slice
2016,president,,Richland - Ridge View 1,Richland - Ridge View 1,1.0000,approved,high,autogen_identity_from_results_and_contest_slice
2016,president,,Richland - Ridge View 2,Richland - Ridge View 2,1.0000,approved,high,autogen_identity_from_results_and_contest_slice
2016,president,,Richland - Ridgewood,Richland - Ridgewood,1.0000,approved,high,autogen_identity_from_results_and_contest_slice
2016,president,,Richland - Riverside,Richland - Riverside,1.0000,approved,high,autogen_identity_from_results_and_contest_slice
2016,president,,Richland - Riversprings 1,Richland - Riversprings 1,1.0000,approved,high,autogen_identity_from_results_and_contest_slice
2016,president,,Richland - Riversprings 2,Richland - Riversprings 2,1.0000,approved,high,autogen_identity_from_results_and_contest_slice
2016,president,,Richland - Riversprings 3,Richland - Riversprings 3,1.0000,approved,high,autogen_identity_from_results_and_contest_slice
2016,president,,Richland - Riverwalk,Richland - Riverwalk,1.0000,approved,high,autogen_identity_from_results_and_contest_slice
2016,president,,Richland - Round Top,Richland - Round Top,1.0000,approved,high,autogen_identity_from_results_and_contest_slice
2016,president,,Richland - Sandlapper,Richland - Sandlapper,1.0000,approved,high,autogen_identity_from_results_and_contest_slice
2016,president,,Richland - Satchelford,Richland - Satchelford,1.0000,approved,high,autogen_identity_from_results_and_contest_slice
2016,president,,Richland - Skyland,Richland - Skyland,1.0000,approved,high,autogen_identity_from_results_and_contest_slice
2016,president,,Richland - South Beltline,Richland - South Beltline,1.0000,approved,high,autogen_identity_from_results_and_contest_slice
2016,president,,Richland - South Forest Acres,Richland - South Forest Acres,1.0000,approved,high,autogen_identity_from_results_and_contest_slice
2016,president,,Richland - Spring Hill,Richland - Spring Hill,1.0000,approved,high,autogen_identity_from_results_and_contest_slice
2016,president,,Richland - Spring Valley,Richland - Spring Valley,1.0000,approved,high,autogen_identity_from_results_and_contest_slice
2016,president,,Richland - Spring Valley West,Richland - Spring Valley West,1.0000,approved,high,autogen_identity_from_results_and_contest_slice
2016,president,,Richland - Springville 1,Richland - Springville 1,1.0000,approved,high,autogen_identity_from_results_and_contest_slice
2016,president,,Richland - Springville 2,Richland - Springville 2,1.0000,approved,high,autogen_identity_from_results_and_contest_slice
2016,president,,Richland - St. Andrews,Richland - St. Andrews,1.0000,approved,high,autogen_identity_from_results_and_contest_slice
2016,president,,Richland - Trenholm Road,Richland - Trenholm Road,1.0000,approved,high,autogen_identity_from_results_and_contest_slice
2016,president,,Richland - Trinity,Richland - Trinity,1.0000,approved,high,autogen_identity_from_results_and_contest_slice
2016,president,,Richland - Valhalla,Richland - Valhalla,1.0000,approved,high,autogen_identity_from_results_and_contest_slice
2016,president,,Richland - Valley State Park,Richland - Valley State Park,1.0000,approved,high,autogen_identity_from_results_and_contest_slice
2016,president,,Richland - Walden,Richland - Walden,1.0000,approved,high,autogen_identity_from_results_and_contest_slice
2016,president,,Richland - Ward 1,Richland - Ward 1,1.0000,approved,high,autogen_identity_from_results_and_contest_slice
2016,president,,Richland - Ward 10,Richland - Ward 10,1.0000,approved,high,autogen_identity_from_results_and_contest_slice
2016,president,,Richland - Ward 11,Richland - Ward 11,1.0000,approved,high,autogen_identity_from_results_and_contest_slice
2016,president,,Richland - Ward 12,Richland - Ward 12,1.0000,approved,high,autogen_identity_from_results_and_contest_slice
2016,president,,Richland - Ward 13,Richland - Ward 13,1.0000,approved,high,autogen_identity_from_results_and_contest_slice
2016,president,,Richland - Ward 14,Richland - Ward 14,1.0000,approved,high,autogen_identity_from_results_and_contest_slice
2016,president,,Richland - Ward 15,Richland - Ward 15,1.0000,approved,high,autogen_identity_from_results_and_contest_slice
2016,president,,Richland - Ward 16,Richland - Ward 16,1.0000,approved,high,autogen_identity_from_results_and_contest_slice
2016,president,,Richland - Ward 17,Richland - Ward 17,1.0000,approved,high,autogen_identity_from_results_and_contest_slice
2016,president,,Richland - Ward 18,Richland - Ward 18,1.0000,approved,high,autogen_identity_from_results_and_contest_slice
2016,president,,Richland - Ward 19,Richland - Ward 19,1.0000,approved,high,autogen_identity_from_results_and_contest_slice
2016,president,,Richland - Ward 2,Richland - Ward 2,1.0000,approved,high,autogen_identity_from_results_and_contest_slice
2016,president,,Richland - Ward 20,Richland - Ward 20,1.0000,approved,high,autogen_identity_from_results_and_contest_slice
2016,president,,Richland - Ward 21,Richland - Ward 21,1.0000,approved,high,autogen_identity_from_results_and_contest_slice
2016,president,,Richland - Ward 22,Richland - Ward 22,1.0000,approved,high,autogen_identity_from_results_and_contest_slice
2016,president,,Richland - Ward 23,Richland - Ward 23,1.0000,approved,high,autogen_identity_from_results_and_contest_slice
2016,president,,Richland - Ward 24,Richland - Ward 24,1.0000,approved,high,autogen_identity_from_results_and_contest_slice
2016,president,,Richland - Ward 25,Richland - Ward 25,1.0000,approved,high,autogen_identity_from_results_and_contest_slice
2016,president,,Richland - Ward 26,Richland - Ward 26,1.0000,approved,high,autogen_identity_from_results_and_contest_slice
2016,president,,Richland - Ward 29,Richland - Ward 29,1.0000,approved,high,autogen_identity_from_results_and_contest_slice
2016,president,,Richland - Ward 3,Richland - Ward 3,1.0000,approved,high,autogen_identity_from_results_and_contest_slice
2016,president,,Richland - Ward 30,Richland - Ward 30,1.0000,approved,high,autogen_identity_from_results_and_contest_slice
2016,president,,Richland - Ward 31,Richland - Ward 31,1.0000,approved,high,autogen_identity_from_results_and_contest_slice
2016,president,,Richland - Ward 32,Richland - Ward 32,1.0000,approved,high,autogen_identity_from_results_and_contest_slice
2016,president,,Richland - Ward 33,Richland - Ward 33,1.0000,approved,high,autogen_identity_from_results_and_contest_slice
2016,president,,Richland - Ward 34,Richland - Ward 34,1.0000,approved,high,autogen_identity_from_results_and_contest_slice
2016,president,,Richland - Ward 4,Richland - Ward 4,1.0000,approved,high,autogen_identity_from_results_and_contest_slice
2016,president,,Richland - Ward 5,Richland - Ward 5,1.0000,approved,high,autogen_identity_from_results_and_contest_slice
2016,president,,Richland - Ward 6,Richland - Ward 6,1.0000,approved,high,autogen_identity_from_results_and_contest_slice
2016,president,,Richland - Ward 7,Richland - Ward 7,1.0000,approved,high,autogen_identity_from_results_and_contest_slice
2016,president,,Richland - Ward 8,Richland - Ward 8,1.0000,approved,high,autogen_identity_from_results_and_contest_slice
2016,president,,Richland - Ward 9,Richland - Ward 9,1.0000,approved,high,autogen_identity_from_results_and_contest_slice
2016,president,,Richland - Webber,Richland - Webber,1.0000,approved,high,autogen_identity_from_results_and_contest_slice
2016,president,,Richland - Westminster,Richland - Westminster,1.0000,approved,high,autogen_identity_from_results_and_contest_slice
2016,president,,Richland - Whitewell,Richland - Whitewell,1.0000,approved,high,autogen_identity_from_results_and_contest_slice
2016,president,,Richland - Wildewood,Richland - Wildewood,1.0000,approved,high,autogen_identity_from_results_and_contest_slice
2016,president,,Richland - Woodfield,Richland - Woodfield,1.0000,approved,high,autogen_identity_from_results_and_contest_slice
2016,president,,Richland - Woodlands,Richland - Woodlands,1.0000,approved,high,autogen_identity_from_results_and_contest_slice
2016,president,,Saluda - Centennial,Saluda - Centennial,1.0000,approved,high,autogen_identity_from_results_and_contest_slice
2016,president,,Saluda - Clyde,Saluda - Clyde,1.0000,approved,high,autogen_identity_from_results_and_contest_slice
2016,president,,Saluda - Delmar,Saluda - Delmar,1.0000,approved,high,autogen_identity_from_results_and_contest_slice
2016,president,,Saluda - Emergency,Saluda - Emergency,1.0000,approved,high,autogen_identity_from_results_and_contest_slice
2016,president,,Saluda - Fruit Hill,Saluda - Fruit Hill,1.0000,approved,high,autogen_identity_from_results_and_contest_slice
2016,president,,Saluda - Holly,Saluda - Holly,1.0000,approved,high,autogen_identity_from_results_and_contest_slice
2016,president,,Saluda - Hollywood,Saluda - Hollywood,1.0000,approved,high,autogen_identity_from_results_and_contest_slice
2016,president,,Saluda - Holstons,Saluda - Holstons,1.0000,approved,high,autogen_identity_from_results_and_contest_slice
2016,president,,Saluda - Mayson,Saluda - Mayson,1.0000,approved,high,autogen_identity_from_results_and_contest_slice
2016,president,,Saluda - Mt. Willing,Saluda - Mt. Willing,1.0000,approved,high,autogen_identity_from_results_and_contest_slice
2016,president,,Saluda - Pleasant Cross,Saluda - Pleasant Cross,1.0000,approved,high,autogen_identity_from_results_and_contest_slice
2016,president,,Saluda - Pleasant Grove,Saluda - Pleasant Grove,1.0000,approved,high,autogen_identity_from_results_and_contest_slice
2016,president,,Saluda - Richland,Saluda - Richland,1.0000,approved,high,autogen_identity_from_results_and_contest_slice
2016,president,,Saluda - Saluda No. 1,Saluda - Saluda No. 1,1.0000,approved,high,autogen_identity_from_results_and_contest_slice
2016,president,,Saluda - Saluda No. 2,Saluda - Saluda No. 2,1.0000,approved,high,autogen_identity_from_results_and_contest_slice
2016,president,,Saluda - Sardis,Saluda - Sardis,1.0000,approved,high,autogen_identity_from_results_and_contest_slice
2016,president,,Saluda - Ward,Saluda - Ward,1.0000,approved,high,autogen_identity_from_results_and_contest_slice
2016,president,,Spartanburg - Abner Creek Baptist,Spartanburg - Abner Creek Baptist,1.0000,approved,high,autogen_identity_from_results_and_contest_slice
2016,president,,Spartanburg - Anderson Mill Elementary,Spartanburg - Anderson Mill Elementary,1.0000,approved,high,autogen_identity_from_results_and_contest_slice
2016,president,,Spartanburg - Arcadia Elementary,Spartanburg - Arcadia Elementary,1.0000,approved,high,autogen_identity_from_results_and_contest_slice
2016,president,,Spartanburg - Beaumont Methodist,Spartanburg - Beaumont Methodist,1.0000,approved,high,autogen_identity_from_results_and_contest_slice
2016,president,,Spartanburg - Beech Springs Intermediate,Spartanburg - Beech Springs Intermediate,1.0000,approved,high,autogen_identity_from_results_and_contest_slice
2016,president,,Spartanburg - Ben Avon Methodist,Spartanburg - Ben Avon Methodist,1.0000,approved,high,autogen_identity_from_results_and_contest_slice
2016,president,,Spartanburg - Bethany Baptist,Spartanburg - Bethany Baptist,1.0000,approved,high,autogen_identity_from_results_and_contest_slice
2016,president,,Spartanburg - Bethany Wesleyan,Spartanburg - Bethany Wesleyan,1.0000,approved,high,autogen_identity_from_results_and_contest_slice
2016,president,,Spartanburg - Boiling Springs 9Th Grade,Spartanburg - Boiling Springs 9Th Grade,1.0000,approved,high,autogen_identity_from_results_and_contest_slice
2016,president,,Spartanburg - Boiling Springs Elementary,Spartanburg - Boiling Springs Elementary,1.0000,approved,high,autogen_identity_from_results_and_contest_slice
2016,president,,Spartanburg - Boiling Springs High School,Spartanburg - Boiling Springs High School,1.0000,approved,high,autogen_identity_from_results_and_contest_slice
2016,president,,Spartanburg - Boiling Springs Intermediate,Spartanburg - Boiling Springs Intermediate,1.0000,approved,high,autogen_identity_from_results_and_contest_slice
2016,president,,Spartanburg - Boling Springs Jr. High,Spartanburg - Boling Springs Jr. High,1.0000,approved,high,autogen_identity_from_results_and_contest_slice
2016,president,,Spartanburg - C.C. Woodson Recreation,Spartanburg - C.C. Woodson Recreation,1.0000,approved,high,autogen_identity_from_results_and_contest_slice
2016,president,,Spartanburg - Canaan,Spartanburg - Canaan,1.0000,approved,high,autogen_identity_from_results_and_contest_slice
2016,president,,Spartanburg - Cannons Elementary,Spartanburg - Cannons Elementary,1.0000,approved,high,autogen_identity_from_results_and_contest_slice
2016,president,,Spartanburg - Carlisle Fosters Grove,Spartanburg - Carlisle Fosters Grove,1.0000,approved,high,autogen_identity_from_results_and_contest_slice
2016,president,,Spartanburg - Cavins Hobbysville,Spartanburg - Cavins Hobbysville,1.0000,approved,high,autogen_identity_from_results_and_contest_slice
2016,president,,Spartanburg - Cedar Grove Baptist,Spartanburg - Cedar Grove Baptist,1.0000,approved,high,autogen_identity_from_results_and_contest_slice
2016,president,,Spartanburg - Chapman Elementary,Spartanburg - Chapman Elementary,1.0000,approved,high,autogen_identity_from_results_and_contest_slice
2016,president,,Spartanburg - Chapman High School,Spartanburg - Chapman High School,1.0000,approved,high,autogen_identity_from_results_and_contest_slice
2016,president,,Spartanburg - Cherokee Springs Fire Station,Spartanburg - Cherokee Springs Fire Station,1.0000,approved,high,autogen_identity_from_results_and_contest_slice
2016,president,,Spartanburg - Chesnee Elementary,Spartanburg - Chesnee Elementary,1.0000,approved,high,autogen_identity_from_results_and_contest_slice
2016,president,,Spartanburg - Cleveland Elementary,Spartanburg - Cleveland Elementary,1.0000,approved,high,autogen_identity_from_results_and_contest_slice
2016,president,,Spartanburg - Converse Fire Station,Spartanburg - Converse Fire Station,1.0000,approved,high,autogen_identity_from_results_and_contest_slice
2016,president,,Spartanburg - Cooley Springs Baptist,Spartanburg - Cooley Springs Baptist,1.0000,approved,high,autogen_identity_from_results_and_contest_slice
2016,president,,Spartanburg - Cornerstone Baptist,Spartanburg - Cornerstone Baptist,1.0000,approved,high,autogen_identity_from_results_and_contest_slice
2016,president,,Spartanburg - Cowpens Depot Museum,Spartanburg - Cowpens Depot Museum,1.0000,approved,high,autogen_identity_from_results_and_contest_slice
2016,president,,Spartanburg - Cowpens Fire Station,Spartanburg - Cowpens Fire Station,1.0000,approved,high,autogen_identity_from_results_and_contest_slice
2016,president,,Spartanburg - Croft Baptist,Spartanburg - Croft Baptist,1.0000,approved,high,autogen_identity_from_results_and_contest_slice
2016,president,,Spartanburg - Cross Anchor Fire Station,Spartanburg - Cross Anchor Fire Station,1.0000,approved,high,autogen_identity_from_results_and_contest_slice
2016,president,,Spartanburg - Cudd Memorial,Spartanburg - Cudd Memorial,1.0000,approved,high,autogen_identity_from_results_and_contest_slice
2016,president,,Spartanburg - Daniel Morgan Technology Center,Spartanburg - Daniel Morgan Technology Center,1.0000,approved,high,autogen_identity_from_results_and_contest_slice
2016,president,,Spartanburg - Dayton Fire Station,Spartanburg - Dayton Fire Station,1.0000,approved,high,autogen_identity_from_results_and_contest_slice
2016,president,,Spartanburg - Duncan United Methodist,Spartanburg - Duncan United Methodist,1.0000,approved,high,autogen_identity_from_results_and_contest_slice
2016,president,,Spartanburg - E.P. Todd Elementary,Spartanburg - E.P. Todd Elementary,1.0000,approved,high,autogen_identity_from_results_and_contest_slice
2016,president,,Spartanburg - Eastside Baptist,Spartanburg - Eastside Baptist,1.0000,approved,high,autogen_identity_from_results_and_contest_slice
2016,president,,Spartanburg - Ebenezer Baptist,Spartanburg - Ebenezer Baptist,1.0000,approved,high,autogen_identity_from_results_and_contest_slice
2016,president,,Spartanburg - Emergency,Spartanburg - Emergency,1.0000,approved,high,autogen_identity_from_results_and_contest_slice
2016,president,,Spartanburg - Emergency 2,Spartanburg - Emergency 2,1.0000,approved,high,autogen_identity_from_results_and_contest_slice
2016,president,,Spartanburg - Emergency 3,Spartanburg - Emergency 3,1.0000,approved,high,autogen_identity_from_results_and_contest_slice
2016,president,,Spartanburg - Emergency 4,Spartanburg - Emergency 4,1.0000,approved,high,autogen_identity_from_results_and_contest_slice
2016,president,,Spartanburg - Enoree First Baptist,Spartanburg - Enoree First Baptist,1.0000,approved,high,autogen_identity_from_results_and_contest_slice
2016,president,,Spartanburg - Fairforest Elementary,Spartanburg - Fairforest Elementary,1.0000,approved,high,autogen_identity_from_results_and_contest_slice
2016,president,,Spartanburg - Fairforest Middle School,Spartanburg - Fairforest Middle School,1.0000,approved,high,autogen_identity_from_results_and_contest_slice
2016,president,,Spartanburg - Gable Middle School,Spartanburg - Gable Middle School,1.0000,approved,high,autogen_identity_from_results_and_contest_slice
2016,president,,Spartanburg - Glendale Fire Station,Spartanburg - Glendale Fire Station,1.0000,approved,high,autogen_identity_from_results_and_contest_slice
2016,president,,Spartanburg - Gramling Methodist,Spartanburg - Gramling Methodist,1.0000,approved,high,autogen_identity_from_results_and_contest_slice
2016,president,,Spartanburg - Greater St. James,Spartanburg - Greater St. James,1.0000,approved,high,autogen_identity_from_results_and_contest_slice
2016,president,,Spartanburg - Hayne Baptist,Spartanburg - Hayne Baptist,1.0000,approved,high,autogen_identity_from_results_and_contest_slice
2016,president,,Spartanburg - Hendrix Elementary,Spartanburg - Hendrix Elementary,1.0000,approved,high,autogen_identity_from_results_and_contest_slice
2016,president,,Spartanburg - Holly Springs Baptist,Spartanburg - Holly Springs Baptist,1.0000,approved,high,autogen_identity_from_results_and_contest_slice
2016,president,,Spartanburg - Holy Communion,Spartanburg - Holy Communion,1.0000,approved,high,autogen_identity_from_results_and_contest_slice
2016,president,,Spartanburg - Jesse Bobo Elementary,Spartanburg - Jesse Bobo Elementary,1.0000,approved,high,autogen_identity_from_results_and_contest_slice
2016,president,,Spartanburg - Jesse Boyd Elementary,Spartanburg - Jesse Boyd Elementary,1.0000,approved,high,autogen_identity_from_results_and_contest_slice
2016,president,,Spartanburg - Lake Bowen Baptist,Spartanburg - Lake Bowen Baptist,1.0000,approved,high,autogen_identity_from_results_and_contest_slice
2016,president,,Spartanburg - Landrum High School,Spartanburg - Landrum High School,1.0000,approved,high,autogen_identity_from_results_and_contest_slice
2016,president,,Spartanburg - Landrum United Methodist,Spartanburg - Landrum United Methodist,1.0000,approved,high,autogen_identity_from_results_and_contest_slice
2016,president,,Spartanburg - Lyman Town Hall,Spartanburg - Lyman Town Hall,1.0000,approved,high,autogen_identity_from_results_and_contest_slice
2016,president,,Spartanburg - Mayo Elementary,Spartanburg - Mayo Elementary,1.0000,approved,high,autogen_identity_from_results_and_contest_slice
2016,president,,Spartanburg - Morningside Baptist,Spartanburg - Morningside Baptist,1.0000,approved,high,autogen_identity_from_results_and_contest_slice
2016,president,,Spartanburg - Motlow Creek Baptist,Spartanburg - Motlow Creek Baptist,1.0000,approved,high,autogen_identity_from_results_and_contest_slice
2016,president,,Spartanburg - Mt. Calvary Presbyterian,Spartanburg - Mt. Calvary Presbyterian,1.0000,approved,high,autogen_identity_from_results_and_contest_slice
2016,president,,Spartanburg - Mt. Moriah Baptist,Spartanburg - Mt. Moriah Baptist,1.0000,approved,high,autogen_identity_from_results_and_contest_slice
2016,president,,Spartanburg - Mt. Zion Gospel Baptist,Spartanburg - Mt. Zion Gospel Baptist,1.0000,approved,high,autogen_identity_from_results_and_contest_slice
2016,president,,Spartanburg - Oakland Elementary,Spartanburg - Oakland Elementary,1.0000,approved,high,autogen_identity_from_results_and_contest_slice
2016,president,,Spartanburg - Pacolet Elementary,Spartanburg - Pacolet Elementary,1.0000,approved,high,autogen_identity_from_results_and_contest_slice
2016,president,,Spartanburg - Park Hills Elementary,Spartanburg - Park Hills Elementary,1.0000,approved,high,autogen_identity_from_results_and_contest_slice
2016,president,,Spartanburg - Pauline Glenn Springs Elementary,Spartanburg - Pauline Glenn Springs Elementary,1.0000,approved,high,autogen_identity_from_results_and_contest_slice
2016,president,,Spartanburg - Pelham Fire Station,Spartanburg - Pelham Fire Station,1.0000,approved,high,autogen_identity_from_results_and_contest_slice
2016,president,,Spartanburg - Poplar Springs Fire Station,Spartanburg - Poplar Springs Fire Station,1.0000,approved,high,autogen_identity_from_results_and_contest_slice
2016,president,,Spartanburg - Powell Saxon Una,Spartanburg - Powell Saxon Una,1.0000,approved,high,autogen_identity_from_results_and_contest_slice
2016,president,,Spartanburg - R.D. Anderson Vocational,Spartanburg - R.D. Anderson Vocational,1.0000,approved,high,autogen_identity_from_results_and_contest_slice
2016,president,,Spartanburg - Reidville Elementary,Spartanburg - Reidville Elementary,1.0000,approved,high,autogen_identity_from_results_and_contest_slice
2016,president,,Spartanburg - Reidville Fire Station,Spartanburg - Reidville Fire Station,1.0000,approved,high,autogen_identity_from_results_and_contest_slice
2016,president,,Spartanburg - River Ridge Elementary,Spartanburg - River Ridge Elementary,1.0000,approved,high,autogen_identity_from_results_and_contest_slice
2016,president,,Spartanburg - Roebuck Bethlehem,Spartanburg - Roebuck Bethlehem,1.0000,approved,high,autogen_identity_from_results_and_contest_slice
2016,president,,Spartanburg - Roebuck Elementary,Spartanburg - Roebuck Elementary,1.0000,approved,high,autogen_identity_from_results_and_contest_slice
2016,president,,Spartanburg - Southside Baptist,Spartanburg - Southside Baptist,1.0000,approved,high,autogen_identity_from_results_and_contest_slice
2016,president,,Spartanburg - Spartanburg High School,Spartanburg - Spartanburg High School,1.0000,approved,high,autogen_identity_from_results_and_contest_slice
2016,president,,Spartanburg - St. John'S Lutheran,Spartanburg - St. John'S Lutheran,1.0000,approved,high,autogen_identity_from_results_and_contest_slice
2016,president,,Spartanburg - Startex Fire Station,Spartanburg - Startex Fire Station,1.0000,approved,high,autogen_identity_from_results_and_contest_slice
2016,president,,Spartanburg - Swofford Career Center,Spartanburg - Swofford Career Center,1.0000,approved,high,autogen_identity_from_results_and_contest_slice
2016,president,,Spartanburg - Travelers Rest Baptist,Spartanburg - Travelers Rest Baptist,1.0000,approved,high,autogen_identity_from_results_and_contest_slice
2016,president,,Spartanburg - Trinity Methodist,Spartanburg - Trinity Methodist,1.0000,approved,high,autogen_identity_from_results_and_contest_slice
2016,president,,Spartanburg - Victor Mill Methodist,Spartanburg - Victor Mill Methodist,1.0000,approved,high,autogen_identity_from_results_and_contest_slice
2016,president,,Spartanburg - Wellford Fire Station,Spartanburg - Wellford Fire Station,1.0000,approved,high,autogen_identity_from_results_and_contest_slice
2016,president,,Spartanburg - West View Elementary,Spartanburg - West View Elementary,1.0000,approved,high,autogen_identity_from_results_and_contest_slice
2016,president,,Spartanburg - White Stone Methodist,Spartanburg - White Stone Methodist,1.0000,approved,high,autogen_identity_from_results_and_contest_slice
2016,president,,Spartanburg - Whitlock Jr. High,Spartanburg - Whitlock Jr. High,1.0000,approved,high,autogen_identity_from_results_and_contest_slice
2016,president,,Spartanburg - Woodland Heights Recreation Center,Spartanburg - Woodland Heights Recreation Center,1.0000,approved,high,autogen_identity_from_results_and_contest_slice
2016,president,,Spartanburg - Woodruff Elementary,Spartanburg - Woodruff Elementary,1.0000,approved,high,autogen_identity_from_results_and_contest_slice
2016,president,,Spartanburg - Woodruff Fire Station,Spartanburg - Woodruff Fire Station,1.0000,approved,high,autogen_identity_from_results_and_contest_slice
2016,president,,Spartanburg - Woodruff Leisure Center,Spartanburg - Woodruff Leisure Center,1.0000,approved,high,autogen_identity_from_results_and_contest_slice
2016,president,,Sumter - Bates,Sumter - Bates,1.0000,approved,high,autogen_identity_from_results_and_contest_slice
2016,president,,Sumter - Birnie,Sumter - Birnie,1.0000,approved,high,autogen_identity_from_results_and_contest_slice
2016,president,,Sumter - Bunrs-Downs,Sumter - Bunrs-Downs,1.0000,approved,high,autogen_identity_from_results_and_contest_slice
2016,president,,Sumter - Causeway Branch 1,Sumter - Causeway Branch 1,1.0000,approved,high,autogen_identity_from_results_and_contest_slice
2016,president,,Sumter - Causeway Branch 2,Sumter - Causeway Branch 2,1.0000,approved,high,autogen_identity_from_results_and_contest_slice
2016,president,,Sumter - Cherryvale,Sumter - Cherryvale,1.0000,approved,high,autogen_identity_from_results_and_contest_slice
2016,president,,Sumter - Crosswell,Sumter - Crosswell,1.0000,approved,high,autogen_identity_from_results_and_contest_slice
2016,president,,Sumter - Dalzell 1,Sumter - Dalzell 1,1.0000,approved,high,autogen_identity_from_results_and_contest_slice
2016,president,,Sumter - Dalzell 2,Sumter - Dalzell 2,1.0000,approved,high,autogen_identity_from_results_and_contest_slice
2016,president,,Sumter - Delaine,Sumter - Delaine,1.0000,approved,high,autogen_identity_from_results_and_contest_slice
2016,president,,Sumter - Ebenezer 1,Sumter - Ebenezer 1,1.0000,approved,high,autogen_identity_from_results_and_contest_slice
2016,president,,Sumter - Ebenezer 2,Sumter - Ebenezer 2,1.0000,approved,high,autogen_identity_from_results_and_contest_slice
2016,president,,Sumter - Emergency 1,Sumter - Emergency 1,1.0000,approved,high,autogen_identity_from_results_and_contest_slice
2016,president,,Sumter - Folsom Park,Sumter - Folsom Park,1.0000,approved,high,autogen_identity_from_results_and_contest_slice
2016,president,,Sumter - Furman,Sumter - Furman,1.0000,approved,high,autogen_identity_from_results_and_contest_slice
2016,president,,Sumter - Green Swamp,Sumter - Green Swamp,1.0000,approved,high,autogen_identity_from_results_and_contest_slice
2016,president,,Sumter - Green Swamp 2,Sumter - Green Swamp 2,1.0000,approved,high,autogen_identity_from_results_and_contest_slice
2016,president,,Sumter - Hampton Park,Sumter - Hampton Park,1.0000,approved,high,autogen_identity_from_results_and_contest_slice
2016,president,,Sumter - Hillcrest,Sumter - Hillcrest,1.0000,approved,high,autogen_identity_from_results_and_contest_slice
2016,president,,Sumter - Horatio,Sumter - Horatio,1.0000,approved,high,autogen_identity_from_results_and_contest_slice
2016,president,,Sumter - Lemira,Sumter - Lemira,1.0000,approved,high,autogen_identity_from_results_and_contest_slice
2016,president,,Sumter - Loring,Sumter - Loring,1.0000,approved,high,autogen_identity_from_results_and_contest_slice
2016,president,,Sumter - Magnolia-Harmony,Sumter - Magnolia-Harmony,1.0000,approved,high,autogen_identity_from_results_and_contest_slice
2016,president,,Sumter - Manchester Forest,Sumter - Manchester Forest,1.0000,approved,high,autogen_identity_from_results_and_contest_slice
2016,president,,Sumter - Mayesville,Sumter - Mayesville,1.0000,approved,high,autogen_identity_from_results_and_contest_slice
2016,president,,Sumter - Mayewood,Sumter - Mayewood,1.0000,approved,high,autogen_identity_from_results_and_contest_slice
2016,president,,Sumter - Mccrays Mill 1,Sumter - Mccrays Mill 1,1.0000,approved,high,autogen_identity_from_results_and_contest_slice
2016,president,,Sumter - Mccrays Mill 2,Sumter - Mccrays Mill 2,1.0000,approved,high,autogen_identity_from_results_and_contest_slice
2016,president,,Sumter - Millwood,Sumter - Millwood,1.0000,approved,high,autogen_identity_from_results_and_contest_slice
2016,president,,Sumter - Morris College,Sumter - Morris College,1.0000,approved,high,autogen_identity_from_results_and_contest_slice
2016,president,,Sumter - Mulberry,Sumter - Mulberry,1.0000,approved,high,autogen_identity_from_results_and_contest_slice
2016,president,,Sumter - Oakland Plantation 1,Sumter - Oakland Plantation 1,1.0000,approved,high,autogen_identity_from_results_and_contest_slice
2016,president,,Sumter - Oakland Plantation 2,Sumter - Oakland Plantation 2,1.0000,approved,high,autogen_identity_from_results_and_contest_slice
2016,president,,Sumter - Oswego,Sumter - Oswego,1.0000,approved,high,autogen_identity_from_results_and_contest_slice
2016,president,,Sumter - Palmetto Park,Sumter - Palmetto Park,1.0000,approved,high,autogen_identity_from_results_and_contest_slice
2016,president,,Sumter - Pinewood,Sumter - Pinewood,1.0000,approved,high,autogen_identity_from_results_and_contest_slice
2016,president,,Sumter - Pocotaligo 1,Sumter - Pocotaligo 1,1.0000,approved,high,autogen_identity_from_results_and_contest_slice
2016,president,,Sumter - Pocotaligo 2,Sumter - Pocotaligo 2,1.0000,approved,high,autogen_identity_from_results_and_contest_slice
2016,president,,Sumter - Privateer,Sumter - Privateer,1.0000,approved,high,autogen_identity_from_results_and_contest_slice
2016,president,,Sumter - Rembert,Sumter - Rembert,1.0000,approved,high,autogen_identity_from_results_and_contest_slice
2016,president,,Sumter - Salem,Sumter - Salem,1.0000,approved,high,autogen_identity_from_results_and_contest_slice
2016,president,,Sumter - Salterstown,Sumter - Salterstown,1.0000,approved,high,autogen_identity_from_results_and_contest_slice
2016,president,,Sumter - Savage-Glover,Sumter - Savage-Glover,1.0000,approved,high,autogen_identity_from_results_and_contest_slice
2016,president,,Sumter - Second Mill,Sumter - Second Mill,1.0000,approved,high,autogen_identity_from_results_and_contest_slice
2016,president,,Sumter - Shaw,Sumter - Shaw,1.0000,approved,high,autogen_identity_from_results_and_contest_slice
2016,president,,Sumter - South Liberty,Sumter - South Liberty,1.0000,approved,high,autogen_identity_from_results_and_contest_slice
2016,president,,Sumter - South Red Bay,Sumter - South Red Bay,1.0000,approved,high,autogen_identity_from_results_and_contest_slice
2016,president,,Sumter - Spectrum,Sumter - Spectrum,1.0000,approved,high,autogen_identity_from_results_and_contest_slice
2016,president,,Sumter - Stone Hill,Sumter - Stone Hill,1.0000,approved,high,autogen_identity_from_results_and_contest_slice
2016,president,,Sumter - Sumter High 1,Sumter - Sumter High 1,1.0000,approved,high,autogen_identity_from_results_and_contest_slice
2016,president,,Sumter - Sumter High 2,Sumter - Sumter High 2,1.0000,approved,high,autogen_identity_from_results_and_contest_slice
2016,president,,Sumter - Sunset,Sumter - Sunset,1.0000,approved,high,autogen_identity_from_results_and_contest_slice
2016,president,,Sumter - Swan Lake,Sumter - Swan Lake,1.0000,approved,high,autogen_identity_from_results_and_contest_slice
2016,president,,Sumter - Thomas Sumter,Sumter - Thomas Sumter,1.0000,approved,high,autogen_identity_from_results_and_contest_slice
2016,president,,Sumter - Turkey Creek,Sumter - Turkey Creek,1.0000,approved,high,autogen_identity_from_results_and_contest_slice
2016,president,,Sumter - Wilder,Sumter - Wilder,1.0000,approved,high,autogen_identity_from_results_and_contest_slice
2016,president,,Sumter - Wilson Hall,Sumter - Wilson Hall,1.0000,approved,high,autogen_identity_from_results_and_contest_slice
2016,president,,Union - Adamsburg,Union - Adamsburg,1.0000,approved,high,autogen_identity_from_results_and_contest_slice
2016,president,,Union - Black Rock,Union - Black Rock,1.0000,approved,high,autogen_identity_from_results_and_contest_slice
2016,president,,Union - Bonham,Union - Bonham,1.0000,approved,high,autogen_identity_from_results_and_contest_slice
2016,president,,Union - Buffalo Box 1,Union - Buffalo Box 1,1.0000,approved,high,autogen_identity_from_results_and_contest_slice
2016,president,,Union - Carlisle,Union - Carlisle,1.0000,approved,high,autogen_identity_from_results_and_contest_slice
2016,president,,Union - Cross Keys,Union - Cross Keys,1.0000,approved,high,autogen_identity_from_results_and_contest_slice
2016,president,,Union - East Buffalo,Union - East Buffalo,1.0000,approved,high,autogen_identity_from_results_and_contest_slice
2016,president,,Union - Excelsior,Union - Excelsior,1.0000,approved,high,autogen_identity_from_results_and_contest_slice
2016,president,,Union - Jonesville Box 1,Union - Jonesville Box 1,1.0000,approved,high,autogen_identity_from_results_and_contest_slice
2016,president,,Union - Jonesville Box 2,Union - Jonesville Box 2,1.0000,approved,high,autogen_identity_from_results_and_contest_slice
2016,president,,Union - Kelton,Union - Kelton,1.0000,approved,high,autogen_identity_from_results_and_contest_slice
2016,president,,Union - Lockhart,Union - Lockhart,1.0000,approved,high,autogen_identity_from_results_and_contest_slice
2016,president,,Union - Monarch Box 1,Union - Monarch Box 1,1.0000,approved,high,autogen_identity_from_results_and_contest_slice
2016,president,,Union - Monarch Box 2,Union - Monarch Box 2,1.0000,approved,high,autogen_identity_from_results_and_contest_slice
2016,president,,Union - Santuck,Union - Santuck,1.0000,approved,high,autogen_identity_from_results_and_contest_slice
2016,president,,Union - Union Ward 1 Box 1,Union - Union Ward 1 Box 1,1.0000,approved,high,autogen_identity_from_results_and_contest_slice
2016,president,,Union - Union Ward 1 Box 2,Union - Union Ward 1 Box 2,1.0000,approved,high,autogen_identity_from_results_and_contest_slice
2016,president,,Union - Union Ward 2,Union - Union Ward 2,1.0000,approved,high,autogen_identity_from_results_and_contest_slice
2016,president,,Union - Union Ward 3,Union - Union Ward 3,1.0000,approved,high,autogen_identity_from_results_and_contest_slice
2016,president,,Union - Union Ward 4 Box 1,Union - Union Ward 4 Box 1,1.0000,approved,high,autogen_identity_from_results_and_contest_slice
2016,president,,Union - Union Ward 4 Box 2,Union - Union Ward 4 Box 2,1.0000,approved,high,autogen_identity_from_results_and_contest_slice
2016,president,,Union - West Springs,Union - West Springs,1.0000,approved,high,autogen_identity_from_results_and_contest_slice
2016,president,,Williamsburg - Black River,Williamsburg - Black River,1.0000,approved,high,autogen_identity_from_results_and_contest_slice
2016,president,,Williamsburg - Bloomingvale,Williamsburg - Bloomingvale,1.0000,approved,high,autogen_identity_from_results_and_contest_slice
2016,president,,Williamsburg - Cades,Williamsburg - Cades,1.0000,approved,high,autogen_identity_from_results_and_contest_slice
2016,president,,Williamsburg - Cedar Swamp,Williamsburg - Cedar Swamp,1.0000,approved,high,autogen_identity_from_results_and_contest_slice
2016,president,,Williamsburg - Central,Williamsburg - Central,1.0000,approved,high,autogen_identity_from_results_and_contest_slice
2016,president,,Williamsburg - Earles,Williamsburg - Earles,1.0000,approved,high,autogen_identity_from_results_and_contest_slice
2016,president,,Williamsburg - Emergency,Williamsburg - Emergency,1.0000,approved,high,autogen_identity_from_results_and_contest_slice
2016,president,,Williamsburg - Greeleyville,Williamsburg - Greeleyville,1.0000,approved,high,autogen_identity_from_results_and_contest_slice
2016,president,,Williamsburg - Harmony,Williamsburg - Harmony,1.0000,approved,high,autogen_identity_from_results_and_contest_slice
2016,president,,Williamsburg - Hebron,Williamsburg - Hebron,1.0000,approved,high,autogen_identity_from_results_and_contest_slice
2016,president,,Williamsburg - Hemingway,Williamsburg - Hemingway,1.0000,approved,high,autogen_identity_from_results_and_contest_slice
2016,president,,Williamsburg - Henry-Poplar Hill,Williamsburg - Henry-Poplar Hill,1.0000,approved,high,autogen_identity_from_results_and_contest_slice
2016,president,,Williamsburg - Indiantown,Williamsburg - Indiantown,1.0000,approved,high,autogen_identity_from_results_and_contest_slice
2016,president,,Williamsburg - Lane,Williamsburg - Lane,1.0000,approved,high,autogen_identity_from_results_and_contest_slice
2016,president,,Williamsburg - Morrisville,Williamsburg - Morrisville,1.0000,approved,high,autogen_identity_from_results_and_contest_slice
2016,president,,Williamsburg - Mount Vernon,Williamsburg - Mount Vernon,1.0000,approved,high,autogen_identity_from_results_and_contest_slice
2016,president,,Williamsburg - Muddy Creek,Williamsburg - Muddy Creek,1.0000,approved,high,autogen_identity_from_results_and_contest_slice
2016,president,,Williamsburg - Nesmith,Williamsburg - Nesmith,1.0000,approved,high,autogen_identity_from_results_and_contest_slice
2016,president,,Williamsburg - Pergamos,Williamsburg - Pergamos,1.0000,approved,high,autogen_identity_from_results_and_contest_slice
2016,president,,Williamsburg - Piney Forest,Williamsburg - Piney Forest,1.0000,approved,high,autogen_identity_from_results_and_contest_slice
2016,president,,Williamsburg - Salters,Williamsburg - Salters,1.0000,approved,high,autogen_identity_from_results_and_contest_slice
2016,president,,Williamsburg - Sandy Bay,Williamsburg - Sandy Bay,1.0000,approved,high,autogen_identity_from_results_and_contest_slice
2016,president,,Williamsburg - Singletary,Williamsburg - Singletary,1.0000,approved,high,autogen_identity_from_results_and_contest_slice
2016,president,,Williamsburg - Suttons,Williamsburg - Suttons,1.0000,approved,high,autogen_identity_from_results_and_contest_slice
2016,president,,Williamsburg - Trio,Williamsburg - Trio,1.0000,approved,high,autogen_identity_from_results_and_contest_slice
2016,president,,York - Adnah,York - Adnah,1.0000,approved,high,autogen_identity_from_results_and_contest_slice
2016,president,,York - Airport,York - Airport,1.0000,approved,high,autogen_identity_from_results_and_contest_slice
2016,president,,York - Allison Creek,York - Allison Creek,1.0000,approved,high,autogen_identity_from_results_and_contest_slice
2016,president,,York - Anderson Road,York - Anderson Road,1.0000,approved,high,autogen_identity_from_results_and_contest_slice
2016,president,,York - Baxter,York - Baxter,1.0000,approved,high,autogen_identity_from_results_and_contest_slice
2016,president,,York - Bethany,York - Bethany,1.0000,approved,high,autogen_identity_from_results_and_contest_slice
2016,president,,York - Bethel,York - Bethel,1.0000,approved,high,autogen_identity_from_results_and_contest_slice
2016,president,,York - Bethel School,York - Bethel School,1.0000,approved,high,autogen_identity_from_results_and_contest_slice
2016,president,,York - Bowling Green,York - Bowling Green,1.0000,approved,high,autogen_identity_from_results_and_contest_slice
2016,president,,York - Bullocks Creek,York - Bullocks Creek,1.0000,approved,high,autogen_identity_from_results_and_contest_slice
2016,president,,York - Cannon Mill,York - Cannon Mill,1.0000,approved,high,autogen_identity_from_results_and_contest_slice
2016,president,,York - Carolina,York - Carolina,1.0000,approved,high,autogen_identity_from_results_and_contest_slice
2016,president,,York - Catawba,York - Catawba,1.0000,approved,high,autogen_identity_from_results_and_contest_slice
2016,president,,York - Clover,York - Clover,1.0000,approved,high,autogen_identity_from_results_and_contest_slice
2016,president,,York - Cotton Belt,York - Cotton Belt,1.0000,approved,high,autogen_identity_from_results_and_contest_slice
2016,president,,York - Delphia,York - Delphia,1.0000,approved,high,autogen_identity_from_results_and_contest_slice
2016,president,,York - Dobys Bridge,York - Dobys Bridge,1.0000,approved,high,autogen_identity_from_results_and_contest_slice
2016,president,,York - Ebenezer,York - Ebenezer,1.0000,approved,high,autogen_identity_from_results_and_contest_slice
2016,president,,York - Ebinport,York - Ebinport,1.0000,approved,high,autogen_identity_from_results_and_contest_slice
2016,president,,York - Edgewood,York - Edgewood,1.0000,approved,high,autogen_identity_from_results_and_contest_slice
2016,president,,York - Fairgrounds,York - Fairgrounds,1.0000,approved,high,autogen_identity_from_results_and_contest_slice
2016,president,,York - Ferry Branch,York - Ferry Branch,1.0000,approved,high,autogen_identity_from_results_and_contest_slice
2016,president,,York - Fewell Park,York - Fewell Park,1.0000,approved,high,autogen_identity_from_results_and_contest_slice
2016,president,,York - Filbert,York - Filbert,1.0000,approved,high,autogen_identity_from_results_and_contest_slice
2016,president,,York - Fort Mill No. 1,York - Fort Mill No. 1,1.0000,approved,high,autogen_identity_from_results_and_contest_slice
2016,president,,York - Fort Mill No. 2,York - Fort Mill No. 2,1.0000,approved,high,autogen_identity_from_results_and_contest_slice
2016,president,,York - Fort Mill No. 3,York - Fort Mill No. 3,1.0000,approved,high,autogen_identity_from_results_and_contest_slice
2016,president,,York - Fort Mill No. 4,York - Fort Mill No. 4,1.0000,approved,high,autogen_identity_from_results_and_contest_slice
2016,president,,York - Fort Mill No. 5,York - Fort Mill No. 5,1.0000,approved,high,autogen_identity_from_results_and_contest_slice
2016,president,,York - Fort Mill No. 6,York - Fort Mill No. 6,1.0000,approved,high,autogen_identity_from_results_and_contest_slice
2016,president,,York - Friendship,York - Friendship,1.0000,approved,high,autogen_identity_from_results_and_contest_slice
2016,president,,York - Gold Hill,York - Gold Hill,1.0000,approved,high,autogen_identity_from_results_and_contest_slice
2016,president,,York - Hampton Mill,York - Hampton Mill,1.0000,approved,high,autogen_identity_from_results_and_contest_slice
2016,president,,York - Harvest,York - Harvest,1.0000,approved,high,autogen_identity_from_results_and_contest_slice
2016,president,,York - Hickory Grove,York - Hickory Grove,1.0000,approved,high,autogen_identity_from_results_and_contest_slice
2016,president,,York - Highland Park,York - Highland Park,1.0000,approved,high,autogen_identity_from_results_and_contest_slice
2016,president,,York - Hollis Lakes,York - Hollis Lakes,1.0000,approved,high,autogen_identity_from_results_and_contest_slice
2016,president,,York - Hopewell,York - Hopewell,1.0000,approved,high,autogen_identity_from_results_and_contest_slice
2016,president,,York - Independence,York - Independence,1.0000,approved,high,autogen_identity_from_results_and_contest_slice
2016,president,,York - India Hook,York - India Hook,1.0000,approved,high,autogen_identity_from_results_and_contest_slice
2016,president,,York - Kanawha,York - Kanawha,1.0000,approved,high,autogen_identity_from_results_and_contest_slice
2016,president,,York - Lakeshore,York - Lakeshore,1.0000,approved,high,autogen_identity_from_results_and_contest_slice
2016,president,,York - Lakewood,York - Lakewood,1.0000,approved,high,autogen_identity_from_results_and_contest_slice
2016,president,,York - Larne,York - Larne,1.0000,approved,high,autogen_identity_from_results_and_contest_slice
2016,president,,York - Laurel Creek,York - Laurel Creek,1.0000,approved,high,autogen_identity_from_results_and_contest_slice
2016,president,,York - Lesslie,York - Lesslie,1.0000,approved,high,autogen_identity_from_results_and_contest_slice
2016,president,,York - Manchester,York - Manchester,1.0000,approved,high,autogen_identity_from_results_and_contest_slice
2016,president,,York - Mcconnells,York - Mcconnells,1.0000,approved,high,autogen_identity_from_results_and_contest_slice
2016,president,,York - Mill Creek,York - Mill Creek,1.0000,approved,high,autogen_identity_from_results_and_contest_slice
2016,president,,York - Mt. Gallant,York - Mt. Gallant,1.0000,approved,high,autogen_identity_from_results_and_contest_slice
2016,president,,York - Mt. Holly,York - Mt. Holly,1.0000,approved,high,autogen_identity_from_results_and_contest_slice
2016,president,,York - Nation Ford,York - Nation Ford,1.0000,approved,high,autogen_identity_from_results_and_contest_slice
2016,president,,York - Neelys Creek,York - Neelys Creek,1.0000,approved,high,autogen_identity_from_results_and_contest_slice
2016,president,,York - New Home,York - New Home,1.0000,approved,high,autogen_identity_from_results_and_contest_slice
2016,president,,York - Newport,York - Newport,1.0000,approved,high,autogen_identity_from_results_and_contest_slice
2016,president,,York - Northside,York - Northside,1.0000,approved,high,autogen_identity_from_results_and_contest_slice
2016,president,,York - Northwestern,York - Northwestern,1.0000,approved,high,autogen_identity_from_results_and_contest_slice
2016,president,,York - Oakridge,York - Oakridge,1.0000,approved,high,autogen_identity_from_results_and_contest_slice
2016,president,,York - Oakwood,York - Oakwood,1.0000,approved,high,autogen_identity_from_results_and_contest_slice
2016,president,,York - Ogden,York - Ogden,1.0000,approved,high,autogen_identity_from_results_and_contest_slice
2016,president,,York - Old Pointe,York - Old Pointe,1.0000,approved,high,autogen_identity_from_results_and_contest_slice
2016,president,,York - Orchard Park,York - Orchard Park,1.0000,approved,high,autogen_identity_from_results_and_contest_slice
2016,president,,York - Palmetto,York - Palmetto,1.0000,approved,high,autogen_identity_from_results_and_contest_slice
2016,president,,York - Pleasant Road,York - Pleasant Road,1.0000,approved,high,autogen_identity_from_results_and_contest_slice
2016,president,,York - Pole Branch,York - Pole Branch,1.0000,approved,high,autogen_identity_from_results_and_contest_slice
2016,president,,York - River Hills,York - River Hills,1.0000,approved,high,autogen_identity_from_results_and_contest_slice
2016,president,,York - River'S Edge,York - River'S Edge,1.0000,approved,high,autogen_identity_from_results_and_contest_slice
2016,president,,York - Riverview,York - Riverview,1.0000,approved,high,autogen_identity_from_results_and_contest_slice
2016,president,,York - Rock Creek,York - Rock Creek,1.0000,approved,high,autogen_identity_from_results_and_contest_slice
2016,president,,York - Rock Hill No. 2,York - Rock Hill No. 2,1.0000,approved,high,autogen_identity_from_results_and_contest_slice
2016,president,,York - Rock Hill No. 3,York - Rock Hill No. 3,1.0000,approved,high,autogen_identity_from_results_and_contest_slice
2016,president,,York - Rock Hill No. 4,York - Rock Hill No. 4,1.0000,approved,high,autogen_identity_from_results_and_contest_slice
2016,president,,York - Rock Hill No. 5,York - Rock Hill No. 5,1.0000,approved,high,autogen_identity_from_results_and_contest_slice
2016,president,,York - Rock Hill No. 6,York - Rock Hill No. 6,1.0000,approved,high,autogen_identity_from_results_and_contest_slice
2016,president,,York - Rock Hill No. 7,York - Rock Hill No. 7,1.0000,approved,high,autogen_identity_from_results_and_contest_slice
2016,president,,York - Rock Hill No. 8,York - Rock Hill No. 8,1.0000,approved,high,autogen_identity_from_results_and_contest_slice
2016,president,,York - Roosevelt,York - Roosevelt,1.0000,approved,high,autogen_identity_from_results_and_contest_slice
2016,president,,York - Rosewood,York - Rosewood,1.0000,approved,high,autogen_identity_from_results_and_contest_slice
2016,president,,York - Sharon,York - Sharon,1.0000,approved,high,autogen_identity_from_results_and_contest_slice
2016,president,,York - Shoreline,York - Shoreline,1.0000,approved,high,autogen_identity_from_results_and_contest_slice
2016,president,,York - Six Mile,York - Six Mile,1.0000,approved,high,autogen_identity_from_results_and_contest_slice
2016,president,,York - Smyrna,York - Smyrna,1.0000,approved,high,autogen_identity_from_results_and_contest_slice
2016,president,,York - Springdale,York - Springdale,1.0000,approved,high,autogen_identity_from_results_and_contest_slice
2016,president,,York - Springfield,York - Springfield,1.0000,approved,high,autogen_identity_from_results_and_contest_slice
2016,president,,York - Stateline,York - Stateline,1.0000,approved,high,autogen_identity_from_results_and_contest_slice
2016,president,,York - Steele Creek,York - Steele Creek,1.0000,approved,high,autogen_identity_from_results_and_contest_slice
2016,president,,York - Tega Cay,York - Tega Cay,1.0000,approved,high,autogen_identity_from_results_and_contest_slice
2016,president,,York - Tirzah,York - Tirzah,1.0000,approved,high,autogen_identity_from_results_and_contest_slice
2016,president,,York - Tools Fork,York - Tools Fork,1.0000,approved,high,autogen_identity_from_results_and_contest_slice
2016,president,,York - University,York - University,1.0000,approved,high,autogen_identity_from_results_and_contest_slice
2016,president,,York - Waterstone,York - Waterstone,1.0000,approved,high,autogen_identity_from_results_and_contest_slice
2016,president,,York - Windjammer,York - Windjammer,1.0000,approved,high,autogen_identity_from_results_and_contest_slice
2016,president,,York - Wylie,York - Wylie,1.0000,approved,high,autogen_identity_from_results_and_contest_slice
2016,president,,York - York No. 1,York - York No. 1,1.0000,approved,high,autogen_identity_from_results_and_contest_slice
2016,president,,York - York No. 2,York - York No. 2,1.0000,approved,high,autogen_identity_from_results_and_contest_slice
2020,president,,Abbeville - Abbeville No. 1,Abbeville - Abbeville No. 1,1.0000,approved,high,autogen_identity_from_results_and_contest_slice
2020,president,,Abbeville - Abbeville No. 2,Abbeville - Abbeville No. 2,1.0000,approved,high,autogen_identity_from_results_and_contest_slice
2020,president,,Abbeville - Abbeville No. 3,Abbeville - Abbeville No. 3,1.0000,approved,high,autogen_identity_from_results_and_contest_slice
2020,president,,Abbeville - Abbeville No. 4,Abbeville - Abbeville No. 4,1.0000,approved,high,autogen_identity_from_results_and_contest_slice
2020,president,,Abbeville - Antreville,Abbeville - Antreville,1.0000,approved,high,autogen_identity_from_results_and_contest_slice
2020,president,,Abbeville - Broadmouth,Abbeville - Broadmouth,1.0000,approved,high,autogen_identity_from_results_and_contest_slice
2020,president,,Abbeville - Calhoun Falls,Abbeville - Calhoun Falls,1.0000,approved,high,autogen_identity_from_results_and_contest_slice
2020,president,,Abbeville - Cold Springs,Abbeville - Cold Springs,1.0000,approved,high,autogen_identity_from_results_and_contest_slice
2020,president,,Abbeville - Donald'S,Abbeville - Donald'S,1.0000,approved,high,autogen_identity_from_results_and_contest_slice
2020,president,,Abbeville - Due West,Abbeville - Due West,1.0000,approved,high,autogen_identity_from_results_and_contest_slice
2020,president,,Abbeville - Hall'S Store,Abbeville - Hall'S Store,1.0000,approved,high,autogen_identity_from_results_and_contest_slice
2020,president,,Abbeville - Keowee,Abbeville - Keowee,1.0000,approved,high,autogen_identity_from_results_and_contest_slice
2020,president,,Abbeville - Lebanon,Abbeville - Lebanon,1.0000,approved,high,autogen_identity_from_results_and_contest_slice
2020,president,,Abbeville - Lowndesville,Abbeville - Lowndesville,1.0000,approved,high,autogen_identity_from_results_and_contest_slice
2020,president,,Abbeville - Smithville,Abbeville - Smithville,1.0000,approved,high,autogen_identity_from_results_and_contest_slice
2020,president,,Aiken - Aiken No. 1,Aiken - Aiken No. 1,1.0000,approved,high,autogen_identity_from_results_and_contest_slice
2020,president,,Aiken - Aiken No. 2,Aiken - Aiken No. 2,1.0000,approved,high,autogen_identity_from_results_and_contest_slice
2020,president,,Aiken - Aiken No. 3,Aiken - Aiken No. 3,1.0000,approved,high,autogen_identity_from_results_and_contest_slice
2020,president,,Aiken - Aiken No. 4,Aiken - Aiken No. 4,1.0000,approved,high,autogen_identity_from_results_and_contest_slice
2020,president,,Aiken - Aiken No. 47,Aiken - Aiken No. 47,1.0000,approved,high,autogen_identity_from_results_and_contest_slice
2020,president,,Aiken - Aiken No. 5,Aiken - Aiken No. 5,1.0000,approved,high,autogen_identity_from_results_and_contest_slice
2020,president,,Aiken - Aiken No. 6,Aiken - Aiken No. 6,1.0000,approved,high,autogen_identity_from_results_and_contest_slice
2020,president,,Aiken - Anderson Pond No. 69,Aiken - Anderson Pond No. 69,1.0000,approved,high,autogen_identity_from_results_and_contest_slice
2020,president,,Aiken - Ascauga Lake No. 63,Aiken - Ascauga Lake No. 63,1.0000,approved,high,autogen_identity_from_results_and_contest_slice
2020,president,,Aiken - Ascauga Lake No. 84,Aiken - Ascauga Lake No. 84,1.0000,approved,high,autogen_identity_from_results_and_contest_slice
2020,president,,Aiken - Bath,Aiken - Bath,1.0000,approved,high,autogen_identity_from_results_and_contest_slice
2020,president,,Aiken - Beech Island,Aiken - Beech Island,1.0000,approved,high,autogen_identity_from_results_and_contest_slice
2020,president,,Aiken - Belvedere No. 44,Aiken - Belvedere No. 44,1.0000,approved,high,autogen_identity_from_results_and_contest_slice
2020,president,,Aiken - Belvedere No. 62,Aiken - Belvedere No. 62,1.0000,approved,high,autogen_identity_from_results_and_contest_slice
2020,president,,Aiken - Belvedere No. 74,Aiken - Belvedere No. 74,1.0000,approved,high,autogen_identity_from_results_and_contest_slice
2020,president,,Aiken - Belvedere No. 9,Aiken - Belvedere No. 9,1.0000,approved,high,autogen_identity_from_results_and_contest_slice
2020,president,,Aiken - Breezy Hill,Aiken - Breezy Hill,1.0000,approved,high,autogen_identity_from_results_and_contest_slice
2020,president,,Aiken - Carolina Heights,Aiken - Carolina Heights,1.0000,approved,high,autogen_identity_from_results_and_contest_slice
2020,president,,Aiken - Cedar Creek No. 64,Aiken - Cedar Creek No. 64,1.0000,approved,high,autogen_identity_from_results_and_contest_slice
2020,president,,Aiken - China Springs,Aiken - China Springs,1.0000,approved,high,autogen_identity_from_results_and_contest_slice
2020,president,,Aiken - Clearwater,Aiken - Clearwater,1.0000,approved,high,autogen_identity_from_results_and_contest_slice
2020,president,,Aiken - College Acres,Aiken - College Acres,1.0000,approved,high,autogen_identity_from_results_and_contest_slice
2020,president,,Aiken - Couchton,Aiken - Couchton,1.0000,approved,high,autogen_identity_from_results_and_contest_slice
2020,president,,Aiken - Eureka,Aiken - Eureka,1.0000,approved,high,autogen_identity_from_results_and_contest_slice
2020,president,,Aiken - Fox Creek No. 58,Aiken - Fox Creek No. 58,1.0000,approved,high,autogen_identity_from_results_and_contest_slice
2020,president,,Aiken - Fox Creek No. 73,Aiken - Fox Creek No. 73,1.0000,approved,high,autogen_identity_from_results_and_contest_slice
2020,president,,Aiken - Gem Lakes No. 60,Aiken - Gem Lakes No. 60,1.0000,approved,high,autogen_identity_from_results_and_contest_slice
2020,president,,Aiken - Gem Lakes No. 77,Aiken - Gem Lakes No. 77,1.0000,approved,high,autogen_identity_from_results_and_contest_slice
2020,president,,Aiken - Gloverville,Aiken - Gloverville,1.0000,approved,high,autogen_identity_from_results_and_contest_slice
2020,president,,Aiken - Graniteville,Aiken - Graniteville,1.0000,approved,high,autogen_identity_from_results_and_contest_slice
2020,president,,Aiken - Hammond No. 48,Aiken - Hammond No. 48,1.0000,approved,high,autogen_identity_from_results_and_contest_slice
2020,president,,Aiken - Hammond No. 81,Aiken - Hammond No. 81,1.0000,approved,high,autogen_identity_from_results_and_contest_slice
2020,president,,Aiken - Hitchcock No. 66,Aiken - Hitchcock No. 66,1.0000,approved,high,autogen_identity_from_results_and_contest_slice
2020,president,,Aiken - Hollow Creek,Aiken - Hollow Creek,1.0000,approved,high,autogen_identity_from_results_and_contest_slice
2020,president,,Aiken - Jackson,Aiken - Jackson,1.0000,approved,high,autogen_identity_from_results_and_contest_slice
2020,president,,Aiken - Langley,Aiken - Langley,1.0000,approved,high,autogen_identity_from_results_and_contest_slice
2020,president,,Aiken - Levels No. 52,Aiken - Levels No. 52,1.0000,approved,high,autogen_identity_from_results_and_contest_slice
2020,president,,Aiken - Levels No. 72,Aiken - Levels No. 72,1.0000,approved,high,autogen_identity_from_results_and_contest_slice
2020,president,,Aiken - Levels No. 83,Aiken - Levels No. 83,1.0000,approved,high,autogen_identity_from_results_and_contest_slice
2020,president,,Aiken - Lynwood,Aiken - Lynwood,1.0000,approved,high,autogen_identity_from_results_and_contest_slice
2020,president,,Aiken - Midland Valley No. 51,Aiken - Midland Valley No. 51,1.0000,approved,high,autogen_identity_from_results_and_contest_slice
2020,president,,Aiken - Midland Valley No. 71,Aiken - Midland Valley No. 71,1.0000,approved,high,autogen_identity_from_results_and_contest_slice
2020,president,,Aiken - Millbrook,Aiken - Millbrook,1.0000,approved,high,autogen_identity_from_results_and_contest_slice
2020,president,,Aiken - Misty Lakes,Aiken - Misty Lakes,1.0000,approved,high,autogen_identity_from_results_and_contest_slice
2020,president,,Aiken - Monetta,Aiken - Monetta,1.0000,approved,high,autogen_identity_from_results_and_contest_slice
2020,president,,Aiken - Montmorenci No. 22,Aiken - Montmorenci No. 22,1.0000,approved,high,autogen_identity_from_results_and_contest_slice
2020,president,,Aiken - Montmorenci No. 78,Aiken - Montmorenci No. 78,1.0000,approved,high,autogen_identity_from_results_and_contest_slice
2020,president,,Aiken - N. Augusta No. 25,Aiken - N. Augusta No. 25,1.0000,approved,high,autogen_identity_from_results_and_contest_slice
2020,president,,Aiken - N. Augusta No. 26,Aiken - N. Augusta No. 26,1.0000,approved,high,autogen_identity_from_results_and_contest_slice
2020,president,,Aiken - N. Augusta No. 27,Aiken - N. Augusta No. 27,1.0000,approved,high,autogen_identity_from_results_and_contest_slice
2020,president,,Aiken - N. Augusta No. 28,Aiken - N. Augusta No. 28,1.0000,approved,high,autogen_identity_from_results_and_contest_slice
2020,president,,Aiken - N. Augusta No. 29,Aiken - N. Augusta No. 29,1.0000,approved,high,autogen_identity_from_results_and_contest_slice
2020,president,,Aiken - N. Augusta No. 54,Aiken - N. Augusta No. 54,1.0000,approved,high,autogen_identity_from_results_and_contest_slice
2020,president,,Aiken - N. Augusta No. 55,Aiken - N. Augusta No. 55,1.0000,approved,high,autogen_identity_from_results_and_contest_slice
2020,president,,Aiken - N. Augusta No. 67,Aiken - N. Augusta No. 67,1.0000,approved,high,autogen_identity_from_results_and_contest_slice
2020,president,,Aiken - N. Augusta No. 68,Aiken - N. Augusta No. 68,1.0000,approved,high,autogen_identity_from_results_and_contest_slice
2020,president,,Aiken - N. Augusta No. 80,Aiken - N. Augusta No. 80,1.0000,approved,high,autogen_identity_from_results_and_contest_slice
2020,president,,Aiken - New Ellenton,Aiken - New Ellenton,1.0000,approved,high,autogen_identity_from_results_and_contest_slice
2020,president,,Aiken - New Holland,Aiken - New Holland,1.0000,approved,high,autogen_identity_from_results_and_contest_slice
2020,president,,Aiken - Oak Grove,Aiken - Oak Grove,1.0000,approved,high,autogen_identity_from_results_and_contest_slice
2020,president,,Aiken - Perry,Aiken - Perry,1.0000,approved,high,autogen_identity_from_results_and_contest_slice
2020,president,,Aiken - Pine Forest,Aiken - Pine Forest,1.0000,approved,high,autogen_identity_from_results_and_contest_slice
2020,president,,Aiken - Redds Branch,Aiken - Redds Branch,1.0000,approved,high,autogen_identity_from_results_and_contest_slice
2020,president,,Aiken - Salley,Aiken - Salley,1.0000,approved,high,autogen_identity_from_results_and_contest_slice
2020,president,,Aiken - Sandstone No. 70,Aiken - Sandstone No. 70,1.0000,approved,high,autogen_identity_from_results_and_contest_slice
2020,president,,Aiken - Sandstone No. 79,Aiken - Sandstone No. 79,1.0000,approved,high,autogen_identity_from_results_and_contest_slice
2020,president,,Aiken - Shaws Fork,Aiken - Shaws Fork,1.0000,approved,high,autogen_identity_from_results_and_contest_slice
2020,president,,Aiken - Shiloh,Aiken - Shiloh,1.0000,approved,high,autogen_identity_from_results_and_contest_slice
2020,president,,Aiken - Silver Bluff,Aiken - Silver Bluff,1.0000,approved,high,autogen_identity_from_results_and_contest_slice
2020,president,,Aiken - Six Points No. 35,Aiken - Six Points No. 35,1.0000,approved,high,autogen_identity_from_results_and_contest_slice
2020,president,,Aiken - Six Points No. 46,Aiken - Six Points No. 46,1.0000,approved,high,autogen_identity_from_results_and_contest_slice
2020,president,,Aiken - Sleepy Hollow No. 65,Aiken - Sleepy Hollow No. 65,1.0000,approved,high,autogen_identity_from_results_and_contest_slice
2020,president,,Aiken - South Aiken No. 75,Aiken - South Aiken No. 75,1.0000,approved,high,autogen_identity_from_results_and_contest_slice
2020,president,,Aiken - South Aiken No. 76,Aiken - South Aiken No. 76,1.0000,approved,high,autogen_identity_from_results_and_contest_slice
2020,president,,Aiken - Tabernacle,Aiken - Tabernacle,1.0000,approved,high,autogen_identity_from_results_and_contest_slice
2020,president,,Aiken - Talatha,Aiken - Talatha,1.0000,approved,high,autogen_identity_from_results_and_contest_slice
2020,president,,Aiken - Vaucluse,Aiken - Vaucluse,1.0000,approved,high,autogen_identity_from_results_and_contest_slice
2020,president,,Aiken - Wagener,Aiken - Wagener,1.0000,approved,high,autogen_identity_from_results_and_contest_slice
2020,president,,Aiken - Ward,Aiken - Ward,1.0000,approved,high,autogen_identity_from_results_and_contest_slice
2020,president,,Aiken - Warrenville,Aiken - Warrenville,1.0000,approved,high,autogen_identity_from_results_and_contest_slice
2020,president,,Aiken - White Pond,Aiken - White Pond,1.0000,approved,high,autogen_identity_from_results_and_contest_slice
2020,president,,Aiken - Willow Springs,Aiken - Willow Springs,1.0000,approved,high,autogen_identity_from_results_and_contest_slice
2020,president,,Aiken - Windsor No. 43,Aiken - Windsor No. 43,1.0000,approved,high,autogen_identity_from_results_and_contest_slice
2020,president,,Aiken - Windsor No. 82,Aiken - Windsor No. 82,1.0000,approved,high,autogen_identity_from_results_and_contest_slice
2020,president,,Allendale - Martin,Allendale - Martin,1.0000,approved,high,autogen_identity_from_results_and_contest_slice
2020,president,,Allendale - Sycamore,Allendale - Sycamore,1.0000,approved,high,autogen_identity_from_results_and_contest_slice
2020,president,,Allendale - Ulmer,Allendale - Ulmer,1.0000,approved,high,autogen_identity_from_results_and_contest_slice
2020,president,,Allendale - Woods,Allendale - Woods,1.0000,approved,high,autogen_identity_from_results_and_contest_slice
2020,president,,Anderson - Anderson 1/1,Anderson - Anderson 1/1,1.0000,approved,high,autogen_identity_from_results_and_contest_slice
2020,president,,Anderson - Anderson 1/2,Anderson - Anderson 1/2,1.0000,approved,high,autogen_identity_from_results_and_contest_slice
2020,president,,Anderson - Anderson 2/1,Anderson - Anderson 2/1,1.0000,approved,high,autogen_identity_from_results_and_contest_slice
2020,president,,Anderson - Anderson 2/2,Anderson - Anderson 2/2,1.0000,approved,high,autogen_identity_from_results_and_contest_slice
2020,president,,Anderson - Anderson 3/1,Anderson - Anderson 3/1,1.0000,approved,high,autogen_identity_from_results_and_contest_slice
2020,president,,Anderson - Anderson 3/2,Anderson - Anderson 3/2,1.0000,approved,high,autogen_identity_from_results_and_contest_slice
2020,president,,Anderson - Anderson 4/1,Anderson - Anderson 4/1,1.0000,approved,high,autogen_identity_from_results_and_contest_slice
2020,president,,Anderson - Anderson 4/2,Anderson - Anderson 4/2,1.0000,approved,high,autogen_identity_from_results_and_contest_slice
2020,president,,Anderson - Anderson 5/B,Anderson - Anderson 5/B,1.0000,approved,high,autogen_identity_from_results_and_contest_slice
2020,president,,Anderson - Anderson 6/1,Anderson - Anderson 6/1,1.0000,approved,high,autogen_identity_from_results_and_contest_slice
2020,president,,Anderson - Anderson 6/2,Anderson - Anderson 6/2,1.0000,approved,high,autogen_identity_from_results_and_contest_slice
2020,president,,Anderson - Appleton-Equinox,Anderson - Appleton-Equinox,1.0000,approved,high,autogen_identity_from_results_and_contest_slice
2020,president,,Anderson - Belton,Anderson - Belton,1.0000,approved,high,autogen_identity_from_results_and_contest_slice
2020,president,,Anderson - Belton Annex,Anderson - Belton Annex,1.0000,approved,high,autogen_identity_from_results_and_contest_slice
2020,president,,Anderson - Bishop'S Branch,Anderson - Bishop'S Branch,1.0000,approved,high,autogen_identity_from_results_and_contest_slice
2020,president,,Anderson - Bowling Green,Anderson - Bowling Green,1.0000,approved,high,autogen_identity_from_results_and_contest_slice
2020,president,,Anderson - Broadview,Anderson - Broadview,1.0000,approved,high,autogen_identity_from_results_and_contest_slice
2020,president,,Anderson - Broadway,Anderson - Broadway,1.0000,approved,high,autogen_identity_from_results_and_contest_slice
2020,president,,Anderson - Brushy Creek,Anderson - Brushy Creek,1.0000,approved,high,autogen_identity_from_results_and_contest_slice
2020,president,,Anderson - Cedar Grove,Anderson - Cedar Grove,1.0000,approved,high,autogen_identity_from_results_and_contest_slice
2020,president,,Anderson - Center Rock,Anderson - Center Rock,1.0000,approved,high,autogen_identity_from_results_and_contest_slice
2020,president,,Anderson - Centerville Station A,Anderson - Centerville Station A,1.0000,approved,high,autogen_identity_from_results_and_contest_slice
2020,president,,Anderson - Centerville Station B,Anderson - Centerville Station B,1.0000,approved,high,autogen_identity_from_results_and_contest_slice
2020,president,,Anderson - Chiquola Mill,Anderson - Chiquola Mill,1.0000,approved,high,autogen_identity_from_results_and_contest_slice
2020,president,,Anderson - Concrete,Anderson - Concrete,1.0000,approved,high,autogen_identity_from_results_and_contest_slice
2020,president,,Anderson - Craytonville,Anderson - Craytonville,1.0000,approved,high,autogen_identity_from_results_and_contest_slice
2020,president,,Anderson - Denver-Sandy Springs,Anderson - Denver-Sandy Springs,1.0000,approved,high,autogen_identity_from_results_and_contest_slice
2020,president,,Anderson - Edgewood Station A,Anderson - Edgewood Station A,1.0000,approved,high,autogen_identity_from_results_and_contest_slice
2020,president,,Anderson - Edgewood Station B,Anderson - Edgewood Station B,1.0000,approved,high,autogen_identity_from_results_and_contest_slice
2020,president,,Anderson - Five Forks,Anderson - Five Forks,1.0000,approved,high,autogen_identity_from_results_and_contest_slice
2020,president,,Anderson - Flat Rock,Anderson - Flat Rock,1.0000,approved,high,autogen_identity_from_results_and_contest_slice
2020,president,,Anderson - Friendship,Anderson - Friendship,1.0000,approved,high,autogen_identity_from_results_and_contest_slice
2020,president,,Anderson - Glenview,Anderson - Glenview,1.0000,approved,high,autogen_identity_from_results_and_contest_slice
2020,president,,Anderson - Gluck Mill,Anderson - Gluck Mill,1.0000,approved,high,autogen_identity_from_results_and_contest_slice
2020,president,,Anderson - Green Pond Station A,Anderson - Green Pond Station A,1.0000,approved,high,autogen_identity_from_results_and_contest_slice
2020,president,,Anderson - Hall,Anderson - Hall,1.0000,approved,high,autogen_identity_from_results_and_contest_slice
2020,president,,Anderson - Hammond Annex,Anderson - Hammond Annex,1.0000,approved,high,autogen_identity_from_results_and_contest_slice
2020,president,,Anderson - Hammond School,Anderson - Hammond School,1.0000,approved,high,autogen_identity_from_results_and_contest_slice
2020,president,,Anderson - High Point,Anderson - High Point,1.0000,approved,high,autogen_identity_from_results_and_contest_slice
2020,president,,Anderson - Homeland Park,Anderson - Homeland Park,1.0000,approved,high,autogen_identity_from_results_and_contest_slice
2020,president,,Anderson - Honea Path,Anderson - Honea Path,1.0000,approved,high,autogen_identity_from_results_and_contest_slice
2020,president,,Anderson - Hopewell,Anderson - Hopewell,1.0000,approved,high,autogen_identity_from_results_and_contest_slice
2020,president,,Anderson - Hunt Meadows,Anderson - Hunt Meadows,1.0000,approved,high,autogen_identity_from_results_and_contest_slice
2020,president,,Anderson - Iva,Anderson - Iva,1.0000,approved,high,autogen_identity_from_results_and_contest_slice
2020,president,,Anderson - Jackson Mill,Anderson - Jackson Mill,1.0000,approved,high,autogen_identity_from_results_and_contest_slice
2020,president,,Anderson - La France,Anderson - La France,1.0000,approved,high,autogen_identity_from_results_and_contest_slice
2020,president,,Anderson - Lakeside,Anderson - Lakeside,1.0000,approved,high,autogen_identity_from_results_and_contest_slice
2020,president,,Anderson - Melton,Anderson - Melton,1.0000,approved,high,autogen_identity_from_results_and_contest_slice
2020,president,,Anderson - Mount Tabor,Anderson - Mount Tabor,1.0000,approved,high,autogen_identity_from_results_and_contest_slice
2020,president,,Anderson - Mountain Creek,Anderson - Mountain Creek,1.0000,approved,high,autogen_identity_from_results_and_contest_slice
2020,president,,Anderson - Neal'S Creek,Anderson - Neal'S Creek,1.0000,approved,high,autogen_identity_from_results_and_contest_slice
2020,president,,Anderson - Pelzer,Anderson - Pelzer,1.0000,approved,high,autogen_identity_from_results_and_contest_slice
2020,president,,Anderson - Pendleton,Anderson - Pendleton,1.0000,approved,high,autogen_identity_from_results_and_contest_slice
2020,president,,Anderson - Piedmont,Anderson - Piedmont,1.0000,approved,high,autogen_identity_from_results_and_contest_slice
2020,president,,Anderson - Piercetown,Anderson - Piercetown,1.0000,approved,high,autogen_identity_from_results_and_contest_slice
2020,president,,Anderson - Powdersville,Anderson - Powdersville,1.0000,approved,high,autogen_identity_from_results_and_contest_slice
2020,president,,Anderson - Rock Mill,Anderson - Rock Mill,1.0000,approved,high,autogen_identity_from_results_and_contest_slice
2020,president,,Anderson - Rock Spring,Anderson - Rock Spring,1.0000,approved,high,autogen_identity_from_results_and_contest_slice
2020,president,,Anderson - Shirley'S Store,Anderson - Shirley'S Store,1.0000,approved,high,autogen_identity_from_results_and_contest_slice
2020,president,,Anderson - Simpsonville,Anderson - Simpsonville,1.0000,approved,high,autogen_identity_from_results_and_contest_slice
2020,president,,Anderson - South Fant,Anderson - South Fant,1.0000,approved,high,autogen_identity_from_results_and_contest_slice
2020,president,,Anderson - Starr,Anderson - Starr,1.0000,approved,high,autogen_identity_from_results_and_contest_slice
2020,president,,Anderson - Three And Twenty,Anderson - Three And Twenty,1.0000,approved,high,autogen_identity_from_results_and_contest_slice
2020,president,,Anderson - Toney Creek,Anderson - Toney Creek,1.0000,approved,high,autogen_identity_from_results_and_contest_slice
2020,president,,Anderson - Town Creek,Anderson - Town Creek,1.0000,approved,high,autogen_identity_from_results_and_contest_slice
2020,president,,Anderson - Townville,Anderson - Townville,1.0000,approved,high,autogen_identity_from_results_and_contest_slice
2020,president,,Anderson - Varennes,Anderson - Varennes,1.0000,approved,high,autogen_identity_from_results_and_contest_slice
2020,president,,Anderson - West Pelzer,Anderson - West Pelzer,1.0000,approved,high,autogen_identity_from_results_and_contest_slice
2020,president,,Anderson - West Savannah,Anderson - West Savannah,1.0000,approved,high,autogen_identity_from_results_and_contest_slice
2020,president,,Anderson - White Plains,Anderson - White Plains,1.0000,approved,high,autogen_identity_from_results_and_contest_slice
2020,president,,Anderson - Williamston,Anderson - Williamston,1.0000,approved,high,autogen_identity_from_results_and_contest_slice
2020,president,,Anderson - Williamston Mill,Anderson - Williamston Mill,1.0000,approved,high,autogen_identity_from_results_and_contest_slice
2020,president,,Anderson - Wright'S School,Anderson - Wright'S School,1.0000,approved,high,autogen_identity_from_results_and_contest_slice
2020,president,,Bamberg - Colston,Bamberg - Colston,1.0000,approved,high,autogen_identity_from_results_and_contest_slice
2020,president,,Bamberg - East Denmark,Bamberg - East Denmark,1.0000,approved,high,autogen_identity_from_results_and_contest_slice
2020,president,,Bamberg - Edisto,Bamberg - Edisto,1.0000,approved,high,autogen_identity_from_results_and_contest_slice
2020,president,,Bamberg - Ehrhardt,Bamberg - Ehrhardt,1.0000,approved,high,autogen_identity_from_results_and_contest_slice
2020,president,,Bamberg - Govan,Bamberg - Govan,1.0000,approved,high,autogen_identity_from_results_and_contest_slice
2020,president,,Bamberg - Hightowers Mill,Bamberg - Hightowers Mill,1.0000,approved,high,autogen_identity_from_results_and_contest_slice
2020,president,,Bamberg - Hunter'S Chapel,Bamberg - Hunter'S Chapel,1.0000,approved,high,autogen_identity_from_results_and_contest_slice
2020,president,,Bamberg - Kearse,Bamberg - Kearse,1.0000,approved,high,autogen_identity_from_results_and_contest_slice
2020,president,,Bamberg - Little Swamp,Bamberg - Little Swamp,1.0000,approved,high,autogen_identity_from_results_and_contest_slice
2020,president,,Bamberg - North Bamberg,Bamberg - North Bamberg,1.0000,approved,high,autogen_identity_from_results_and_contest_slice
2020,president,,Bamberg - Olar,Bamberg - Olar,1.0000,approved,high,autogen_identity_from_results_and_contest_slice
2020,president,,Bamberg - South Bamberg,Bamberg - South Bamberg,1.0000,approved,high,autogen_identity_from_results_and_contest_slice
2020,president,,Bamberg - West Denmark,Bamberg - West Denmark,1.0000,approved,high,autogen_identity_from_results_and_contest_slice
2020,president,,Barnwell - Elko,Barnwell - Elko,1.0000,approved,high,autogen_identity_from_results_and_contest_slice
2020,president,,Barnwell - Friendship,Barnwell - Friendship,1.0000,approved,high,autogen_identity_from_results_and_contest_slice
2020,president,,Barnwell - Healing Springs,Barnwell - Healing Springs,1.0000,approved,high,autogen_identity_from_results_and_contest_slice
2020,president,,Barnwell - Hilda,Barnwell - Hilda,1.0000,approved,high,autogen_identity_from_results_and_contest_slice
2020,president,,Barnwell - Kline,Barnwell - Kline,1.0000,approved,high,autogen_identity_from_results_and_contest_slice
2020,president,,Barnwell - Snelling,Barnwell - Snelling,1.0000,approved,high,autogen_identity_from_results_and_contest_slice
2020,president,,Beaufort - Beaufort 1,Beaufort - Beaufort 1,1.0000,approved,high,autogen_identity_from_results_and_contest_slice
2020,president,,Beaufort - Beaufort 2,Beaufort - Beaufort 2,1.0000,approved,high,autogen_identity_from_results_and_contest_slice
2020,president,,Beaufort - Beaufort 3,Beaufort - Beaufort 3,1.0000,approved,high,autogen_identity_from_results_and_contest_slice
2020,president,,Beaufort - Belfair,Beaufort - Belfair,1.0000,approved,high,autogen_identity_from_results_and_contest_slice
2020,president,,Beaufort - Bluffton 1A,Beaufort - Bluffton 1A,1.0000,approved,high,autogen_identity_from_results_and_contest_slice
2020,president,,Beaufort - Bluffton 1B,Beaufort - Bluffton 1B,1.0000,approved,high,autogen_identity_from_results_and_contest_slice
2020,president,,Beaufort - Bluffton 1C,Beaufort - Bluffton 1C,1.0000,approved,high,autogen_identity_from_results_and_contest_slice
2020,president,,Beaufort - Bluffton 1D,Beaufort - Bluffton 1D,1.0000,approved,high,autogen_identity_from_results_and_contest_slice
2020,president,,Beaufort - Bluffton 2A,Beaufort - Bluffton 2A,1.0000,approved,high,autogen_identity_from_results_and_contest_slice
2020,president,,Beaufort - Bluffton 2B,Beaufort - Bluffton 2B,1.0000,approved,high,autogen_identity_from_results_and_contest_slice
2020,president,,Beaufort - Bluffton 2C,Beaufort - Bluffton 2C,1.0000,approved,high,autogen_identity_from_results_and_contest_slice
2020,president,,Beaufort - Bluffton 2D,Beaufort - Bluffton 2D,1.0000,approved,high,autogen_identity_from_results_and_contest_slice
2020,president,,Beaufort - Bluffton 2E,Beaufort - Bluffton 2E,1.0000,approved,high,autogen_identity_from_results_and_contest_slice
2020,president,,Beaufort - Bluffton 3,Beaufort - Bluffton 3,1.0000,approved,high,autogen_identity_from_results_and_contest_slice
2020,president,,Beaufort - Bluffton 4A,Beaufort - Bluffton 4A,1.0000,approved,high,autogen_identity_from_results_and_contest_slice
2020,president,,Beaufort - Bluffton 4B,Beaufort - Bluffton 4B,1.0000,approved,high,autogen_identity_from_results_and_contest_slice
2020,president,,Beaufort - Bluffton 4C,Beaufort - Bluffton 4C,1.0000,approved,high,autogen_identity_from_results_and_contest_slice
2020,president,,Beaufort - Bluffton 4D,Beaufort - Bluffton 4D,1.0000,approved,high,autogen_identity_from_results_and_contest_slice
2020,president,,Beaufort - Bluffton 5A,Beaufort - Bluffton 5A,1.0000,approved,high,autogen_identity_from_results_and_contest_slice
2020,president,,Beaufort - Bluffton 5B,Beaufort - Bluffton 5B,1.0000,approved,high,autogen_identity_from_results_and_contest_slice
2020,president,,Beaufort - Burton 1A,Beaufort - Burton 1A,1.0000,approved,high,autogen_identity_from_results_and_contest_slice
2020,president,,Beaufort - Burton 1B,Beaufort - Burton 1B,1.0000,approved,high,autogen_identity_from_results_and_contest_slice
2020,president,,Beaufort - Burton 1C,Beaufort - Burton 1C,1.0000,approved,high,autogen_identity_from_results_and_contest_slice
2020,president,,Beaufort - Burton 1D,Beaufort - Burton 1D,1.0000,approved,high,autogen_identity_from_results_and_contest_slice
2020,president,,Beaufort - Burton 2A,Beaufort - Burton 2A,1.0000,approved,high,autogen_identity_from_results_and_contest_slice
2020,president,,Beaufort - Burton 2B,Beaufort - Burton 2B,1.0000,approved,high,autogen_identity_from_results_and_contest_slice
2020,president,,Beaufort - Burton 2C,Beaufort - Burton 2C,1.0000,approved,high,autogen_identity_from_results_and_contest_slice
2020,president,,Beaufort - Burton 3,Beaufort - Burton 3,1.0000,approved,high,autogen_identity_from_results_and_contest_slice
2020,president,,Beaufort - Chechessee 1,Beaufort - Chechessee 1,1.0000,approved,high,autogen_identity_from_results_and_contest_slice
2020,president,,Beaufort - Chechessee 2,Beaufort - Chechessee 2,1.0000,approved,high,autogen_identity_from_results_and_contest_slice
2020,president,,Beaufort - Dale Lobeco,Beaufort - Dale Lobeco,1.0000,approved,high,autogen_identity_from_results_and_contest_slice
2020,president,,Beaufort - Daufuskie,Beaufort - Daufuskie,1.0000,approved,high,autogen_identity_from_results_and_contest_slice
2020,president,,Beaufort - Hilton Head 10,Beaufort - Hilton Head 10,1.0000,approved,high,autogen_identity_from_results_and_contest_slice
2020,president,,Beaufort - Hilton Head 11,Beaufort - Hilton Head 11,1.0000,approved,high,autogen_identity_from_results_and_contest_slice
2020,president,,Beaufort - Hilton Head 12,Beaufort - Hilton Head 12,1.0000,approved,high,autogen_identity_from_results_and_contest_slice
2020,president,,Beaufort - Hilton Head 13,Beaufort - Hilton Head 13,1.0000,approved,high,autogen_identity_from_results_and_contest_slice
2020,president,,Beaufort - Hilton Head 14,Beaufort - Hilton Head 14,1.0000,approved,high,autogen_identity_from_results_and_contest_slice
2020,president,,Beaufort - Hilton Head 15A,Beaufort - Hilton Head 15A,1.0000,approved,high,autogen_identity_from_results_and_contest_slice
2020,president,,Beaufort - Hilton Head 15B,Beaufort - Hilton Head 15B,1.0000,approved,high,autogen_identity_from_results_and_contest_slice
2020,president,,Beaufort - Hilton Head 1A,Beaufort - Hilton Head 1A,1.0000,approved,high,autogen_identity_from_results_and_contest_slice
2020,president,,Beaufort - Hilton Head 1B,Beaufort - Hilton Head 1B,1.0000,approved,high,autogen_identity_from_results_and_contest_slice
2020,president,,Beaufort - Hilton Head 2A,Beaufort - Hilton Head 2A,1.0000,approved,high,autogen_identity_from_results_and_contest_slice
2020,president,,Beaufort - Hilton Head 2B,Beaufort - Hilton Head 2B,1.0000,approved,high,autogen_identity_from_results_and_contest_slice
2020,president,,Beaufort - Hilton Head 2C,Beaufort - Hilton Head 2C,1.0000,approved,high,autogen_identity_from_results_and_contest_slice
2020,president,,Beaufort - Hilton Head 3,Beaufort - Hilton Head 3,1.0000,approved,high,autogen_identity_from_results_and_contest_slice
2020,president,,Beaufort - Hilton Head 4A,Beaufort - Hilton Head 4A,1.0000,approved,high,autogen_identity_from_results_and_contest_slice
2020,president,,Beaufort - Hilton Head 4B,Beaufort - Hilton Head 4B,1.0000,approved,high,autogen_identity_from_results_and_contest_slice
2020,president,,Beaufort - Hilton Head 4C,Beaufort - Hilton Head 4C,1.0000,approved,high,autogen_identity_from_results_and_contest_slice
2020,president,,Beaufort - Hilton Head 4D,Beaufort - Hilton Head 4D,1.0000,approved,high,autogen_identity_from_results_and_contest_slice
2020,president,,Beaufort - Hilton Head 5A,Beaufort - Hilton Head 5A,1.0000,approved,high,autogen_identity_from_results_and_contest_slice
2020,president,,Beaufort - Hilton Head 5B,Beaufort - Hilton Head 5B,1.0000,approved,high,autogen_identity_from_results_and_contest_slice
2020,president,,Beaufort - Hilton Head 5C,Beaufort - Hilton Head 5C,1.0000,approved,high,autogen_identity_from_results_and_contest_slice
2020,president,,Beaufort - Hilton Head 6,Beaufort - Hilton Head 6,1.0000,approved,high,autogen_identity_from_results_and_contest_slice
2020,president,,Beaufort - Hilton Head 7A,Beaufort - Hilton Head 7A,1.0000,approved,high,autogen_identity_from_results_and_contest_slice
2020,president,,Beaufort - Hilton Head 7B,Beaufort - Hilton Head 7B,1.0000,approved,high,autogen_identity_from_results_and_contest_slice
2020,president,,Beaufort - Hilton Head 8,Beaufort - Hilton Head 8,1.0000,approved,high,autogen_identity_from_results_and_contest_slice
2020,president,,Beaufort - Hilton Head 9A,Beaufort - Hilton Head 9A,1.0000,approved,high,autogen_identity_from_results_and_contest_slice
2020,president,,Beaufort - Hilton Head 9B,Beaufort - Hilton Head 9B,1.0000,approved,high,autogen_identity_from_results_and_contest_slice
2020,president,,Beaufort - Ladys Island 1A,Beaufort - Ladys Island 1A,1.0000,approved,high,autogen_identity_from_results_and_contest_slice
2020,president,,Beaufort - Ladys Island 1B,Beaufort - Ladys Island 1B,1.0000,approved,high,autogen_identity_from_results_and_contest_slice
2020,president,,Beaufort - Ladys Island 2A,Beaufort - Ladys Island 2A,1.0000,approved,high,autogen_identity_from_results_and_contest_slice
2020,president,,Beaufort - Ladys Island 2B,Beaufort - Ladys Island 2B,1.0000,approved,high,autogen_identity_from_results_and_contest_slice
2020,president,,Beaufort - Ladys Island 2C,Beaufort - Ladys Island 2C,1.0000,approved,high,autogen_identity_from_results_and_contest_slice
2020,president,,Beaufort - Ladys Island 3A,Beaufort - Ladys Island 3A,1.0000,approved,high,autogen_identity_from_results_and_contest_slice
2020,president,,Beaufort - Ladys Island 3B,Beaufort - Ladys Island 3B,1.0000,approved,high,autogen_identity_from_results_and_contest_slice
2020,president,,Beaufort - Ladys Island 3C,Beaufort - Ladys Island 3C,1.0000,approved,high,autogen_identity_from_results_and_contest_slice
2020,president,,Beaufort - Moss Creek,Beaufort - Moss Creek,1.0000,approved,high,autogen_identity_from_results_and_contest_slice
2020,president,,Beaufort - Mossy Oaks 1A,Beaufort - Mossy Oaks 1A,1.0000,approved,high,autogen_identity_from_results_and_contest_slice
2020,president,,Beaufort - Mossy Oaks 1B,Beaufort - Mossy Oaks 1B,1.0000,approved,high,autogen_identity_from_results_and_contest_slice
2020,president,,Beaufort - Mossy Oaks 2,Beaufort - Mossy Oaks 2,1.0000,approved,high,autogen_identity_from_results_and_contest_slice
2020,president,,Beaufort - New River,Beaufort - New River,1.0000,approved,high,autogen_identity_from_results_and_contest_slice
2020,president,,Beaufort - Palmetto Bluff,Beaufort - Palmetto Bluff,1.0000,approved,high,autogen_identity_from_results_and_contest_slice
2020,president,,Beaufort - Port Royal 1,Beaufort - Port Royal 1,1.0000,approved,high,autogen_identity_from_results_and_contest_slice
2020,president,,Beaufort - Port Royal 2,Beaufort - Port Royal 2,1.0000,approved,high,autogen_identity_from_results_and_contest_slice
2020,president,,Beaufort - Rose Hill,Beaufort - Rose Hill,1.0000,approved,high,autogen_identity_from_results_and_contest_slice
2020,president,,Beaufort - Sandy Pointe,Beaufort - Sandy Pointe,1.0000,approved,high,autogen_identity_from_results_and_contest_slice
2020,president,,Beaufort - Seabrook 1,Beaufort - Seabrook 1,1.0000,approved,high,autogen_identity_from_results_and_contest_slice
2020,president,,Beaufort - Seabrook 2,Beaufort - Seabrook 2,1.0000,approved,high,autogen_identity_from_results_and_contest_slice
2020,president,,Beaufort - Seabrook 3,Beaufort - Seabrook 3,1.0000,approved,high,autogen_identity_from_results_and_contest_slice
2020,president,,Beaufort - Sheldon 1,Beaufort - Sheldon 1,1.0000,approved,high,autogen_identity_from_results_and_contest_slice
2020,president,,Beaufort - Sheldon 2,Beaufort - Sheldon 2,1.0000,approved,high,autogen_identity_from_results_and_contest_slice
2020,president,,Beaufort - Sun City 1,Beaufort - Sun City 1,1.0000,approved,high,autogen_identity_from_results_and_contest_slice
2020,president,,Beaufort - Sun City 2,Beaufort - Sun City 2,1.0000,approved,high,autogen_identity_from_results_and_contest_slice
2020,president,,Beaufort - Sun City 3,Beaufort - Sun City 3,1.0000,approved,high,autogen_identity_from_results_and_contest_slice
2020,president,,Beaufort - Sun City 4,Beaufort - Sun City 4,1.0000,approved,high,autogen_identity_from_results_and_contest_slice
2020,president,,Beaufort - Sun City 5,Beaufort - Sun City 5,1.0000,approved,high,autogen_identity_from_results_and_contest_slice
2020,president,,Beaufort - Sun City 6,Beaufort - Sun City 6,1.0000,approved,high,autogen_identity_from_results_and_contest_slice
2020,president,,Beaufort - Sun City 7,Beaufort - Sun City 7,1.0000,approved,high,autogen_identity_from_results_and_contest_slice
2020,president,,Beaufort - Sun City 8,Beaufort - Sun City 8,1.0000,approved,high,autogen_identity_from_results_and_contest_slice
2020,president,,Berkeley - Alvin,Berkeley - Alvin,1.0000,approved,high,autogen_identity_from_results_and_contest_slice
2020,president,,Berkeley - Bethera,Berkeley - Bethera,1.0000,approved,high,autogen_identity_from_results_and_contest_slice
2020,president,,Berkeley - Beverly Hills,Berkeley - Beverly Hills,1.0000,approved,high,autogen_identity_from_results_and_contest_slice
2020,president,,Berkeley - Bonneau,Berkeley - Bonneau,1.0000,approved,high,autogen_identity_from_results_and_contest_slice
2020,president,,Berkeley - Bonneau Beach,Berkeley - Bonneau Beach,1.0000,approved,high,autogen_identity_from_results_and_contest_slice
2020,president,,Berkeley - Boulder Bluff,Berkeley - Boulder Bluff,1.0000,approved,high,autogen_identity_from_results_and_contest_slice
2020,president,,Berkeley - Bushy Park,Berkeley - Bushy Park,1.0000,approved,high,autogen_identity_from_results_and_contest_slice
2020,president,,Berkeley - Cainhoy,Berkeley - Cainhoy,1.0000,approved,high,autogen_identity_from_results_and_contest_slice
2020,president,,Berkeley - Cane Bay East,Berkeley - Cane Bay East,1.0000,approved,high,autogen_identity_from_results_and_contest_slice
2020,president,,Berkeley - Cane Bay North,Berkeley - Cane Bay North,1.0000,approved,high,autogen_identity_from_results_and_contest_slice
2020,president,,Berkeley - Cane Bay South,Berkeley - Cane Bay South,1.0000,approved,high,autogen_identity_from_results_and_contest_slice
2020,president,,Berkeley - Carnes Cross Roads 1,Berkeley - Carnes Cross Roads 1,1.0000,approved,high,autogen_identity_from_results_and_contest_slice
2020,president,,Berkeley - Central,Berkeley - Central,1.0000,approved,high,autogen_identity_from_results_and_contest_slice
2020,president,,Berkeley - Cobblestone,Berkeley - Cobblestone,1.0000,approved,high,autogen_identity_from_results_and_contest_slice
2020,president,,Berkeley - Cordesville,Berkeley - Cordesville,1.0000,approved,high,autogen_identity_from_results_and_contest_slice
2020,president,,Berkeley - Cross,Berkeley - Cross,1.0000,approved,high,autogen_identity_from_results_and_contest_slice
2020,president,,Berkeley - Cypress,Berkeley - Cypress,1.0000,approved,high,autogen_identity_from_results_and_contest_slice
2020,president,,Berkeley - Daniel Island 1,Berkeley - Daniel Island 1,1.0000,approved,high,autogen_identity_from_results_and_contest_slice
2020,president,,Berkeley - Daniel Island 2,Berkeley - Daniel Island 2,1.0000,approved,high,autogen_identity_from_results_and_contest_slice
2020,president,,Berkeley - Daniel Island 3,Berkeley - Daniel Island 3,1.0000,approved,high,autogen_identity_from_results_and_contest_slice
2020,president,,Berkeley - Daniel Island 4,Berkeley - Daniel Island 4,1.0000,approved,high,autogen_identity_from_results_and_contest_slice
2020,president,,Berkeley - Devon Forest 1,Berkeley - Devon Forest 1,1.0000,approved,high,autogen_identity_from_results_and_contest_slice
2020,president,,Berkeley - Devon Forest 2,Berkeley - Devon Forest 2,1.0000,approved,high,autogen_identity_from_results_and_contest_slice
2020,president,,Berkeley - Discovery,Berkeley - Discovery,1.0000,approved,high,autogen_identity_from_results_and_contest_slice
2020,president,,Berkeley - Eadytown,Berkeley - Eadytown,1.0000,approved,high,autogen_identity_from_results_and_contest_slice
2020,president,,Berkeley - Fifty-Two,Berkeley - Fifty-Two,1.0000,approved,high,autogen_identity_from_results_and_contest_slice
2020,president,,Berkeley - Foster Creek 1,Berkeley - Foster Creek 1,1.0000,approved,high,autogen_identity_from_results_and_contest_slice
2020,president,,Berkeley - Foster Creek 2,Berkeley - Foster Creek 2,1.0000,approved,high,autogen_identity_from_results_and_contest_slice
2020,president,,Berkeley - Foster Creek 3,Berkeley - Foster Creek 3,1.0000,approved,high,autogen_identity_from_results_and_contest_slice
2020,president,,Berkeley - Fox Bank,Berkeley - Fox Bank,1.0000,approved,high,autogen_identity_from_results_and_contest_slice
2020,president,,Berkeley - Hanahan 1,Berkeley - Hanahan 1,1.0000,approved,high,autogen_identity_from_results_and_contest_slice
2020,president,,Berkeley - Hanahan 2,Berkeley - Hanahan 2,1.0000,approved,high,autogen_identity_from_results_and_contest_slice
2020,president,,Berkeley - Hanahan 3,Berkeley - Hanahan 3,1.0000,approved,high,autogen_identity_from_results_and_contest_slice
2020,president,,Berkeley - Hanahan 4,Berkeley - Hanahan 4,1.0000,approved,high,autogen_identity_from_results_and_contest_slice
2020,president,,Berkeley - Hanahan 5,Berkeley - Hanahan 5,1.0000,approved,high,autogen_identity_from_results_and_contest_slice
2020,president,,Berkeley - Harbour Lake,Berkeley - Harbour Lake,1.0000,approved,high,autogen_identity_from_results_and_contest_slice
2020,president,,Berkeley - Hilton Cross Rd,Berkeley - Hilton Cross Rd,1.0000,approved,high,autogen_identity_from_results_and_contest_slice
2020,president,,Berkeley - Horseshoe,Berkeley - Horseshoe,1.0000,approved,high,autogen_identity_from_results_and_contest_slice
2020,president,,Berkeley - Howe Hall 1,Berkeley - Howe Hall 1,1.0000,approved,high,autogen_identity_from_results_and_contest_slice
2020,president,,Berkeley - Howe Hall 2,Berkeley - Howe Hall 2,1.0000,approved,high,autogen_identity_from_results_and_contest_slice
2020,president,,Berkeley - Huger,Berkeley - Huger,1.0000,approved,high,autogen_identity_from_results_and_contest_slice
2020,president,,Berkeley - Jamestown,Berkeley - Jamestown,1.0000,approved,high,autogen_identity_from_results_and_contest_slice
2020,president,,Berkeley - Lebanon,Berkeley - Lebanon,1.0000,approved,high,autogen_identity_from_results_and_contest_slice
2020,president,,Berkeley - Liberty Hall,Berkeley - Liberty Hall,1.0000,approved,high,autogen_identity_from_results_and_contest_slice
2020,president,,Berkeley - Live Oak,Berkeley - Live Oak,1.0000,approved,high,autogen_identity_from_results_and_contest_slice
2020,president,,Berkeley - Macedonia,Berkeley - Macedonia,1.0000,approved,high,autogen_identity_from_results_and_contest_slice
2020,president,,Berkeley - Macedonia 2,Berkeley - Macedonia 2,1.0000,approved,high,autogen_identity_from_results_and_contest_slice
2020,president,,Berkeley - Mcbeth,Berkeley - Mcbeth,1.0000,approved,high,autogen_identity_from_results_and_contest_slice
2020,president,,Berkeley - Medway,Berkeley - Medway,1.0000,approved,high,autogen_identity_from_results_and_contest_slice
2020,president,,Berkeley - Moncks Corner 1,Berkeley - Moncks Corner 1,1.0000,approved,high,autogen_identity_from_results_and_contest_slice
2020,president,,Berkeley - Moncks Corner 2,Berkeley - Moncks Corner 2,1.0000,approved,high,autogen_identity_from_results_and_contest_slice
2020,president,,Berkeley - Moncks Corner 3,Berkeley - Moncks Corner 3,1.0000,approved,high,autogen_identity_from_results_and_contest_slice
2020,president,,Berkeley - Moncks Corner 4,Berkeley - Moncks Corner 4,1.0000,approved,high,autogen_identity_from_results_and_contest_slice
2020,president,,Berkeley - Moultrie,Berkeley - Moultrie,1.0000,approved,high,autogen_identity_from_results_and_contest_slice
2020,president,,Berkeley - Nexton,Berkeley - Nexton,1.0000,approved,high,autogen_identity_from_results_and_contest_slice
2020,president,,Berkeley - North Creek,Berkeley - North Creek,1.0000,approved,high,autogen_identity_from_results_and_contest_slice
2020,president,,Berkeley - Old 52,Berkeley - Old 52,1.0000,approved,high,autogen_identity_from_results_and_contest_slice
2020,president,,Berkeley - Pimlico,Berkeley - Pimlico,1.0000,approved,high,autogen_identity_from_results_and_contest_slice
2020,president,,Berkeley - Pine Grove,Berkeley - Pine Grove,1.0000,approved,high,autogen_identity_from_results_and_contest_slice
2020,president,,Berkeley - Pinopolis,Berkeley - Pinopolis,1.0000,approved,high,autogen_identity_from_results_and_contest_slice
2020,president,,Berkeley - Pomflant,Berkeley - Pomflant,1.0000,approved,high,autogen_identity_from_results_and_contest_slice
2020,president,,Berkeley - Royle,Berkeley - Royle,1.0000,approved,high,autogen_identity_from_results_and_contest_slice
2020,president,,Berkeley - Russellville,Berkeley - Russellville,1.0000,approved,high,autogen_identity_from_results_and_contest_slice
2020,president,,Berkeley - Sangaree 1,Berkeley - Sangaree 1,1.0000,approved,high,autogen_identity_from_results_and_contest_slice
2020,president,,Berkeley - Sangaree 2,Berkeley - Sangaree 2,1.0000,approved,high,autogen_identity_from_results_and_contest_slice
2020,president,,Berkeley - Sangaree 3,Berkeley - Sangaree 3,1.0000,approved,high,autogen_identity_from_results_and_contest_slice
2020,president,,Berkeley - Sedgefield 1,Berkeley - Sedgefield 1,1.0000,approved,high,autogen_identity_from_results_and_contest_slice
2020,president,,Berkeley - Sedgefield 2,Berkeley - Sedgefield 2,1.0000,approved,high,autogen_identity_from_results_and_contest_slice
2020,president,,Berkeley - Sedgefield 3,Berkeley - Sedgefield 3,1.0000,approved,high,autogen_identity_from_results_and_contest_slice
2020,president,,Berkeley - Seventy Eight,Berkeley - Seventy Eight,1.0000,approved,high,autogen_identity_from_results_and_contest_slice
2020,president,,Berkeley - Shulerville,Berkeley - Shulerville,1.0000,approved,high,autogen_identity_from_results_and_contest_slice
2020,president,,Berkeley - St. James,Berkeley - St. James,1.0000,approved,high,autogen_identity_from_results_and_contest_slice
2020,president,,Berkeley - St. Stephen 1,Berkeley - St. Stephen 1,1.0000,approved,high,autogen_identity_from_results_and_contest_slice
2020,president,,Berkeley - St. Stephen 2,Berkeley - St. Stephen 2,1.0000,approved,high,autogen_identity_from_results_and_contest_slice
2020,president,,Berkeley - Stone Lake,Berkeley - Stone Lake,1.0000,approved,high,autogen_identity_from_results_and_contest_slice
2020,president,,Berkeley - Stratford 1,Berkeley - Stratford 1,1.0000,approved,high,autogen_identity_from_results_and_contest_slice
2020,president,,Berkeley - Stratford 2,Berkeley - Stratford 2,1.0000,approved,high,autogen_identity_from_results_and_contest_slice
2020,president,,Berkeley - Stratford 3,Berkeley - Stratford 3,1.0000,approved,high,autogen_identity_from_results_and_contest_slice
2020,president,,Berkeley - Stratford 4,Berkeley - Stratford 4,1.0000,approved,high,autogen_identity_from_results_and_contest_slice
2020,president,,Berkeley - Stratford 5,Berkeley - Stratford 5,1.0000,approved,high,autogen_identity_from_results_and_contest_slice
2020,president,,Berkeley - The Village,Berkeley - The Village,1.0000,approved,high,autogen_identity_from_results_and_contest_slice
2020,president,,Berkeley - Tramway,Berkeley - Tramway,1.0000,approved,high,autogen_identity_from_results_and_contest_slice
2020,president,,Berkeley - Wassamassaw 1,Berkeley - Wassamassaw 1,1.0000,approved,high,autogen_identity_from_results_and_contest_slice
2020,president,,Berkeley - Wassamassaw 2,Berkeley - Wassamassaw 2,1.0000,approved,high,autogen_identity_from_results_and_contest_slice
2020,president,,Berkeley - Weatherstone,Berkeley - Weatherstone,1.0000,approved,high,autogen_identity_from_results_and_contest_slice
2020,president,,Berkeley - Westview 1,Berkeley - Westview 1,1.0000,approved,high,autogen_identity_from_results_and_contest_slice
2020,president,,Berkeley - Westview 2,Berkeley - Westview 2,1.0000,approved,high,autogen_identity_from_results_and_contest_slice
2020,president,,Berkeley - Westview 3,Berkeley - Westview 3,1.0000,approved,high,autogen_identity_from_results_and_contest_slice
2020,president,,Berkeley - Westview 4,Berkeley - Westview 4,1.0000,approved,high,autogen_identity_from_results_and_contest_slice
2020,president,,Berkeley - Whitesville 1,Berkeley - Whitesville 1,1.0000,approved,high,autogen_identity_from_results_and_contest_slice
2020,president,,Berkeley - Whitesville 2,Berkeley - Whitesville 2,1.0000,approved,high,autogen_identity_from_results_and_contest_slice
2020,president,,Berkeley - Wildcat Trail,Berkeley - Wildcat Trail,1.0000,approved,high,autogen_identity_from_results_and_contest_slice
2020,president,,Berkeley - Yellow House,Berkeley - Yellow House,1.0000,approved,high,autogen_identity_from_results_and_contest_slice
2020,president,,Calhoun - Bethel,Calhoun - Bethel,1.0000,approved,high,autogen_identity_from_results_and_contest_slice
2020,president,,Calhoun - Cameron,Calhoun - Cameron,1.0000,approved,high,autogen_identity_from_results_and_contest_slice
2020,president,,Calhoun - Center Hill,Calhoun - Center Hill,1.0000,approved,high,autogen_identity_from_results_and_contest_slice
2020,president,,Calhoun - Creston,Calhoun - Creston,1.0000,approved,high,autogen_identity_from_results_and_contest_slice
2020,president,,Calhoun - Dixie,Calhoun - Dixie,1.0000,approved,high,autogen_identity_from_results_and_contest_slice
2020,president,,Calhoun - Fall Branch,Calhoun - Fall Branch,1.0000,approved,high,autogen_identity_from_results_and_contest_slice
2020,president,,Calhoun - Fort Motte,Calhoun - Fort Motte,1.0000,approved,high,autogen_identity_from_results_and_contest_slice
2020,president,,Calhoun - Lone Star,Calhoun - Lone Star,1.0000,approved,high,autogen_identity_from_results_and_contest_slice
2020,president,,Calhoun - Midway,Calhoun - Midway,1.0000,approved,high,autogen_identity_from_results_and_contest_slice
2020,president,,Calhoun - Murph Hill,Calhoun - Murph Hill,1.0000,approved,high,autogen_identity_from_results_and_contest_slice
2020,president,,Calhoun - Sandy Run,Calhoun - Sandy Run,1.0000,approved,high,autogen_identity_from_results_and_contest_slice
2020,president,,Calhoun - St. Matthews,Calhoun - St. Matthews,1.0000,approved,high,autogen_identity_from_results_and_contest_slice
2020,president,,Charleston - Awendaw,Charleston - Awendaw,1.0000,approved,high,autogen_identity_from_results_and_contest_slice
2020,president,,Charleston - Charleston 1,Charleston - Charleston 1,1.0000,approved,high,autogen_identity_from_results_and_contest_slice
2020,president,,Charleston - Charleston 10,Charleston - Charleston 10,1.0000,approved,high,autogen_identity_from_results_and_contest_slice
2020,president,,Charleston - Charleston 11,Charleston - Charleston 11,1.0000,approved,high,autogen_identity_from_results_and_contest_slice
2020,president,,Charleston - Charleston 12,Charleston - Charleston 12,1.0000,approved,high,autogen_identity_from_results_and_contest_slice
2020,president,,Charleston - Charleston 13,Charleston - Charleston 13,1.0000,approved,high,autogen_identity_from_results_and_contest_slice
2020,president,,Charleston - Charleston 14,Charleston - Charleston 14,1.0000,approved,high,autogen_identity_from_results_and_contest_slice
2020,president,,Charleston - Charleston 15,Charleston - Charleston 15,1.0000,approved,high,autogen_identity_from_results_and_contest_slice
2020,president,,Charleston - Charleston 16,Charleston - Charleston 16,1.0000,approved,high,autogen_identity_from_results_and_contest_slice
2020,president,,Charleston - Charleston 17,Charleston - Charleston 17,1.0000,approved,high,autogen_identity_from_results_and_contest_slice
2020,president,,Charleston - Charleston 18,Charleston - Charleston 18,1.0000,approved,high,autogen_identity_from_results_and_contest_slice
2020,president,,Charleston - Charleston 19,Charleston - Charleston 19,1.0000,approved,high,autogen_identity_from_results_and_contest_slice
2020,president,,Charleston - Charleston 2,Charleston - Charleston 2,1.0000,approved,high,autogen_identity_from_results_and_contest_slice
2020,president,,Charleston - Charleston 20,Charleston - Charleston 20,1.0000,approved,high,autogen_identity_from_results_and_contest_slice
2020,president,,Charleston - Charleston 21,Charleston - Charleston 21,1.0000,approved,high,autogen_identity_from_results_and_contest_slice
2020,president,,Charleston - Charleston 3,Charleston - Charleston 3,1.0000,approved,high,autogen_identity_from_results_and_contest_slice
2020,president,,Charleston - Charleston 4,Charleston - Charleston 4,1.0000,approved,high,autogen_identity_from_results_and_contest_slice
2020,president,,Charleston - Charleston 5,Charleston - Charleston 5,1.0000,approved,high,autogen_identity_from_results_and_contest_slice
2020,president,,Charleston - Charleston 6,Charleston - Charleston 6,1.0000,approved,high,autogen_identity_from_results_and_contest_slice
2020,president,,Charleston - Charleston 7,Charleston - Charleston 7,1.0000,approved,high,autogen_identity_from_results_and_contest_slice
2020,president,,Charleston - Charleston 8,Charleston - Charleston 8,1.0000,approved,high,autogen_identity_from_results_and_contest_slice
2020,president,,Charleston - Charleston 9,Charleston - Charleston 9,1.0000,approved,high,autogen_identity_from_results_and_contest_slice
2020,president,,Charleston - Christ Church,Charleston - Christ Church,1.0000,approved,high,autogen_identity_from_results_and_contest_slice
2020,president,,Charleston - Deer Park 1A,Charleston - Deer Park 1A,1.0000,approved,high,autogen_identity_from_results_and_contest_slice
2020,president,,Charleston - Deer Park 1B,Charleston - Deer Park 1B,1.0000,approved,high,autogen_identity_from_results_and_contest_slice
2020,president,,Charleston - Deer Park 2A,Charleston - Deer Park 2A,1.0000,approved,high,autogen_identity_from_results_and_contest_slice
2020,president,,Charleston - Deer Park 2B,Charleston - Deer Park 2B,1.0000,approved,high,autogen_identity_from_results_and_contest_slice
2020,president,,Charleston - Deer Park 2C,Charleston - Deer Park 2C,1.0000,approved,high,autogen_identity_from_results_and_contest_slice
2020,president,,Charleston - Edisto Island,Charleston - Edisto Island,1.0000,approved,high,autogen_identity_from_results_and_contest_slice
2020,president,,Charleston - Folly Beach 1,Charleston - Folly Beach 1,1.0000,approved,high,autogen_identity_from_results_and_contest_slice
2020,president,,Charleston - Folly Beach 2,Charleston - Folly Beach 2,1.0000,approved,high,autogen_identity_from_results_and_contest_slice
2020,president,,Charleston - Isle Of Palms 1A,Charleston - Isle Of Palms 1A,1.0000,approved,high,autogen_identity_from_results_and_contest_slice
2020,president,,Charleston - Isle Of Palms 1B,Charleston - Isle Of Palms 1B,1.0000,approved,high,autogen_identity_from_results_and_contest_slice
2020,president,,Charleston - Isle Of Palms 1C,Charleston - Isle Of Palms 1C,1.0000,approved,high,autogen_identity_from_results_and_contest_slice
2020,president,,Charleston - James Island 10,Charleston - James Island 10,1.0000,approved,high,autogen_identity_from_results_and_contest_slice
2020,president,,Charleston - James Island 11,Charleston - James Island 11,1.0000,approved,high,autogen_identity_from_results_and_contest_slice
2020,president,,Charleston - James Island 12,Charleston - James Island 12,1.0000,approved,high,autogen_identity_from_results_and_contest_slice
2020,president,,Charleston - James Island 13,Charleston - James Island 13,1.0000,approved,high,autogen_identity_from_results_and_contest_slice
2020,president,,Charleston - James Island 14,Charleston - James Island 14,1.0000,approved,high,autogen_identity_from_results_and_contest_slice
2020,president,,Charleston - James Island 15,Charleston - James Island 15,1.0000,approved,high,autogen_identity_from_results_and_contest_slice
2020,president,,Charleston - James Island 17,Charleston - James Island 17,1.0000,approved,high,autogen_identity_from_results_and_contest_slice
2020,president,,Charleston - James Island 19,Charleston - James Island 19,1.0000,approved,high,autogen_identity_from_results_and_contest_slice
2020,president,,Charleston - James Island 1A,Charleston - James Island 1A,1.0000,approved,high,autogen_identity_from_results_and_contest_slice
2020,president,,Charleston - James Island 1B,Charleston - James Island 1B,1.0000,approved,high,autogen_identity_from_results_and_contest_slice
2020,president,,Charleston - James Island 20,Charleston - James Island 20,1.0000,approved,high,autogen_identity_from_results_and_contest_slice
2020,president,,Charleston - James Island 22,Charleston - James Island 22,1.0000,approved,high,autogen_identity_from_results_and_contest_slice
2020,president,,Charleston - James Island 3,Charleston - James Island 3,1.0000,approved,high,autogen_identity_from_results_and_contest_slice
2020,president,,Charleston - James Island 5A,Charleston - James Island 5A,1.0000,approved,high,autogen_identity_from_results_and_contest_slice
2020,president,,Charleston - James Island 5B,Charleston - James Island 5B,1.0000,approved,high,autogen_identity_from_results_and_contest_slice
2020,president,,Charleston - James Island 6,Charleston - James Island 6,1.0000,approved,high,autogen_identity_from_results_and_contest_slice
2020,president,,Charleston - James Island 7,Charleston - James Island 7,1.0000,approved,high,autogen_identity_from_results_and_contest_slice
2020,president,,Charleston - James Island 8A,Charleston - James Island 8A,1.0000,approved,high,autogen_identity_from_results_and_contest_slice
2020,president,,Charleston - James Island 8B,Charleston - James Island 8B,1.0000,approved,high,autogen_identity_from_results_and_contest_slice
2020,president,,Charleston - James Island 9,Charleston - James Island 9,1.0000,approved,high,autogen_identity_from_results_and_contest_slice
2020,president,,Charleston - Johns Island 1A,Charleston - Johns Island 1A,1.0000,approved,high,autogen_identity_from_results_and_contest_slice
2020,president,,Charleston - Johns Island 1B,Charleston - Johns Island 1B,1.0000,approved,high,autogen_identity_from_results_and_contest_slice
2020,president,,Charleston - Johns Island 3A,Charleston - Johns Island 3A,1.0000,approved,high,autogen_identity_from_results_and_contest_slice
2020,president,,Charleston - Johns Island 3B,Charleston - Johns Island 3B,1.0000,approved,high,autogen_identity_from_results_and_contest_slice
2020,president,,Charleston - Kiawah Island,Charleston - Kiawah Island,1.0000,approved,high,autogen_identity_from_results_and_contest_slice
2020,president,,Charleston - Ladson,Charleston - Ladson,1.0000,approved,high,autogen_identity_from_results_and_contest_slice
2020,president,,Charleston - Mcclellanville,Charleston - Mcclellanville,1.0000,approved,high,autogen_identity_from_results_and_contest_slice
2020,president,,Charleston - Mt. Pleasant 1,Charleston - Mt. Pleasant 1,1.0000,approved,high,autogen_identity_from_results_and_contest_slice
2020,president,,Charleston - Mt. Pleasant 10,Charleston - Mt. Pleasant 10,1.0000,approved,high,autogen_identity_from_results_and_contest_slice
2020,president,,Charleston - Mt. Pleasant 11,Charleston - Mt. Pleasant 11,1.0000,approved,high,autogen_identity_from_results_and_contest_slice
2020,president,,Charleston - Mt. Pleasant 12,Charleston - Mt. Pleasant 12,1.0000,approved,high,autogen_identity_from_results_and_contest_slice
2020,president,,Charleston - Mt. Pleasant 13,Charleston - Mt. Pleasant 13,1.0000,approved,high,autogen_identity_from_results_and_contest_slice
2020,president,,Charleston - Mt. Pleasant 14,Charleston - Mt. Pleasant 14,1.0000,approved,high,autogen_identity_from_results_and_contest_slice
2020,president,,Charleston - Mt. Pleasant 15,Charleston - Mt. Pleasant 15,1.0000,approved,high,autogen_identity_from_results_and_contest_slice
2020,president,,Charleston - Mt. Pleasant 16,Charleston - Mt. Pleasant 16,1.0000,approved,high,autogen_identity_from_results_and_contest_slice
2020,president,,Charleston - Mt. Pleasant 17,Charleston - Mt. Pleasant 17,1.0000,approved,high,autogen_identity_from_results_and_contest_slice
2020,president,,Charleston - Mt. Pleasant 18,Charleston - Mt. Pleasant 18,1.0000,approved,high,autogen_identity_from_results_and_contest_slice
2020,president,,Charleston - Mt. Pleasant 19,Charleston - Mt. Pleasant 19,1.0000,approved,high,autogen_identity_from_results_and_contest_slice
2020,president,,Charleston - Mt. Pleasant 2,Charleston - Mt. Pleasant 2,1.0000,approved,high,autogen_identity_from_results_and_contest_slice
2020,president,,Charleston - Mt. Pleasant 20,Charleston - Mt. Pleasant 20,1.0000,approved,high,autogen_identity_from_results_and_contest_slice
2020,president,,Charleston - Mt. Pleasant 21,Charleston - Mt. Pleasant 21,1.0000,approved,high,autogen_identity_from_results_and_contest_slice
2020,president,,Charleston - Mt. Pleasant 22,Charleston - Mt. Pleasant 22,1.0000,approved,high,autogen_identity_from_results_and_contest_slice
2020,president,,Charleston - Mt. Pleasant 23,Charleston - Mt. Pleasant 23,1.0000,approved,high,autogen_identity_from_results_and_contest_slice
2020,president,,Charleston - Mt. Pleasant 24,Charleston - Mt. Pleasant 24,1.0000,approved,high,autogen_identity_from_results_and_contest_slice
2020,president,,Charleston - Mt. Pleasant 25,Charleston - Mt. Pleasant 25,1.0000,approved,high,autogen_identity_from_results_and_contest_slice
2020,president,,Charleston - Mt. Pleasant 26,Charleston - Mt. Pleasant 26,1.0000,approved,high,autogen_identity_from_results_and_contest_slice
2020,president,,Charleston - Mt. Pleasant 27,Charleston - Mt. Pleasant 27,1.0000,approved,high,autogen_identity_from_results_and_contest_slice
2020,president,,Charleston - Mt. Pleasant 28,Charleston - Mt. Pleasant 28,1.0000,approved,high,autogen_identity_from_results_and_contest_slice
2020,president,,Charleston - Mt. Pleasant 29,Charleston - Mt. Pleasant 29,1.0000,approved,high,autogen_identity_from_results_and_contest_slice
2020,president,,Charleston - Mt. Pleasant 3,Charleston - Mt. Pleasant 3,1.0000,approved,high,autogen_identity_from_results_and_contest_slice
2020,president,,Charleston - Mt. Pleasant 30,Charleston - Mt. Pleasant 30,1.0000,approved,high,autogen_identity_from_results_and_contest_slice
2020,president,,Charleston - Mt. Pleasant 31,Charleston - Mt. Pleasant 31,1.0000,approved,high,autogen_identity_from_results_and_contest_slice
2020,president,,Charleston - Mt. Pleasant 32,Charleston - Mt. Pleasant 32,1.0000,approved,high,autogen_identity_from_results_and_contest_slice
2020,president,,Charleston - Mt. Pleasant 33,Charleston - Mt. Pleasant 33,1.0000,approved,high,autogen_identity_from_results_and_contest_slice
2020,president,,Charleston - Mt. Pleasant 34,Charleston - Mt. Pleasant 34,1.0000,approved,high,autogen_identity_from_results_and_contest_slice
2020,president,,Charleston - Mt. Pleasant 35,Charleston - Mt. Pleasant 35,1.0000,approved,high,autogen_identity_from_results_and_contest_slice
2020,president,,Charleston - Mt. Pleasant 36,Charleston - Mt. Pleasant 36,1.0000,approved,high,autogen_identity_from_results_and_contest_slice
2020,president,,Charleston - Mt. Pleasant 37,Charleston - Mt. Pleasant 37,1.0000,approved,high,autogen_identity_from_results_and_contest_slice
2020,president,,Charleston - Mt. Pleasant 38,Charleston - Mt. Pleasant 38,1.0000,approved,high,autogen_identity_from_results_and_contest_slice
2020,president,,Charleston - Mt. Pleasant 39,Charleston - Mt. Pleasant 39,1.0000,approved,high,autogen_identity_from_results_and_contest_slice
2020,president,,Charleston - Mt. Pleasant 4,Charleston - Mt. Pleasant 4,1.0000,approved,high,autogen_identity_from_results_and_contest_slice
2020,president,,Charleston - Mt. Pleasant 5,Charleston - Mt. Pleasant 5,1.0000,approved,high,autogen_identity_from_results_and_contest_slice
2020,president,,Charleston - Mt. Pleasant 6,Charleston - Mt. Pleasant 6,1.0000,approved,high,autogen_identity_from_results_and_contest_slice
2020,president,,Charleston - Mt. Pleasant 7,Charleston - Mt. Pleasant 7,1.0000,approved,high,autogen_identity_from_results_and_contest_slice
2020,president,,Charleston - Mt. Pleasant 8,Charleston - Mt. Pleasant 8,1.0000,approved,high,autogen_identity_from_results_and_contest_slice
2020,president,,Charleston - Mt. Pleasant 9,Charleston - Mt. Pleasant 9,1.0000,approved,high,autogen_identity_from_results_and_contest_slice
2020,president,,Charleston - North Charleston 1,Charleston - North Charleston 1,1.0000,approved,high,autogen_identity_from_results_and_contest_slice
2020,president,,Charleston - North Charleston 10,Charleston - North Charleston 10,1.0000,approved,high,autogen_identity_from_results_and_contest_slice
2020,president,,Charleston - North Charleston 11,Charleston - North Charleston 11,1.0000,approved,high,autogen_identity_from_results_and_contest_slice
2020,president,,Charleston - North Charleston 12,Charleston - North Charleston 12,1.0000,approved,high,autogen_identity_from_results_and_contest_slice
2020,president,,Charleston - North Charleston 13,Charleston - North Charleston 13,1.0000,approved,high,autogen_identity_from_results_and_contest_slice
2020,president,,Charleston - North Charleston 14,Charleston - North Charleston 14,1.0000,approved,high,autogen_identity_from_results_and_contest_slice
2020,president,,Charleston - North Charleston 15,Charleston - North Charleston 15,1.0000,approved,high,autogen_identity_from_results_and_contest_slice
2020,president,,Charleston - North Charleston 16,Charleston - North Charleston 16,1.0000,approved,high,autogen_identity_from_results_and_contest_slice
2020,president,,Charleston - North Charleston 17,Charleston - North Charleston 17,1.0000,approved,high,autogen_identity_from_results_and_contest_slice
2020,president,,Charleston - North Charleston 18,Charleston - North Charleston 18,1.0000,approved,high,autogen_identity_from_results_and_contest_slice
2020,president,,Charleston - North Charleston 19,Charleston - North Charleston 19,1.0000,approved,high,autogen_identity_from_results_and_contest_slice
2020,president,,Charleston - North Charleston 2,Charleston - North Charleston 2,1.0000,approved,high,autogen_identity_from_results_and_contest_slice
2020,president,,Charleston - North Charleston 20,Charleston - North Charleston 20,1.0000,approved,high,autogen_identity_from_results_and_contest_slice
2020,president,,Charleston - North Charleston 21,Charleston - North Charleston 21,1.0000,approved,high,autogen_identity_from_results_and_contest_slice
2020,president,,Charleston - North Charleston 22,Charleston - North Charleston 22,1.0000,approved,high,autogen_identity_from_results_and_contest_slice
2020,president,,Charleston - North Charleston 23,Charleston - North Charleston 23,1.0000,approved,high,autogen_identity_from_results_and_contest_slice
2020,president,,Charleston - North Charleston 24,Charleston - North Charleston 24,1.0000,approved,high,autogen_identity_from_results_and_contest_slice
2020,president,,Charleston - North Charleston 25,Charleston - North Charleston 25,1.0000,approved,high,autogen_identity_from_results_and_contest_slice
2020,president,,Charleston - North Charleston 26,Charleston - North Charleston 26,1.0000,approved,high,autogen_identity_from_results_and_contest_slice
2020,president,,Charleston - North Charleston 27,Charleston - North Charleston 27,1.0000,approved,high,autogen_identity_from_results_and_contest_slice
2020,president,,Charleston - North Charleston 28,Charleston - North Charleston 28,1.0000,approved,high,autogen_identity_from_results_and_contest_slice
2020,president,,Charleston - North Charleston 29,Charleston - North Charleston 29,1.0000,approved,high,autogen_identity_from_results_and_contest_slice
2020,president,,Charleston - North Charleston 3,Charleston - North Charleston 3,1.0000,approved,high,autogen_identity_from_results_and_contest_slice
2020,president,,Charleston - North Charleston 30,Charleston - North Charleston 30,1.0000,approved,high,autogen_identity_from_results_and_contest_slice
2020,president,,Charleston - North Charleston 4,Charleston - North Charleston 4,1.0000,approved,high,autogen_identity_from_results_and_contest_slice
2020,president,,Charleston - North Charleston 5,Charleston - North Charleston 5,1.0000,approved,high,autogen_identity_from_results_and_contest_slice
2020,president,,Charleston - North Charleston 6,Charleston - North Charleston 6,1.0000,approved,high,autogen_identity_from_results_and_contest_slice
2020,president,,Charleston - North Charleston 7,Charleston - North Charleston 7,1.0000,approved,high,autogen_identity_from_results_and_contest_slice
2020,president,,Charleston - North Charleston 8,Charleston - North Charleston 8,1.0000,approved,high,autogen_identity_from_results_and_contest_slice
2020,president,,Charleston - North Charleston 9,Charleston - North Charleston 9,1.0000,approved,high,autogen_identity_from_results_and_contest_slice
2020,president,,Charleston - St. Andrews 1,Charleston - St. Andrews 1,1.0000,approved,high,autogen_identity_from_results_and_contest_slice
2020,president,,Charleston - St. Andrews 10,Charleston - St. Andrews 10,1.0000,approved,high,autogen_identity_from_results_and_contest_slice
2020,president,,Charleston - St. Andrews 11,Charleston - St. Andrews 11,1.0000,approved,high,autogen_identity_from_results_and_contest_slice
2020,president,,Charleston - St. Andrews 12,Charleston - St. Andrews 12,1.0000,approved,high,autogen_identity_from_results_and_contest_slice
2020,president,,Charleston - St. Andrews 13,Charleston - St. Andrews 13,1.0000,approved,high,autogen_identity_from_results_and_contest_slice
2020,president,,Charleston - St. Andrews 14,Charleston - St. Andrews 14,1.0000,approved,high,autogen_identity_from_results_and_contest_slice
2020,president,,Charleston - St. Andrews 15,Charleston - St. Andrews 15,1.0000,approved,high,autogen_identity_from_results_and_contest_slice
2020,president,,Charleston - St. Andrews 16,Charleston - St. Andrews 16,1.0000,approved,high,autogen_identity_from_results_and_contest_slice
2020,president,,Charleston - St. Andrews 17,Charleston - St. Andrews 17,1.0000,approved,high,autogen_identity_from_results_and_contest_slice
2020,president,,Charleston - St. Andrews 18,Charleston - St. Andrews 18,1.0000,approved,high,autogen_identity_from_results_and_contest_slice
2020,president,,Charleston - St. Andrews 19,Charleston - St. Andrews 19,1.0000,approved,high,autogen_identity_from_results_and_contest_slice
2020,president,,Charleston - St. Andrews 2,Charleston - St. Andrews 2,1.0000,approved,high,autogen_identity_from_results_and_contest_slice
2020,president,,Charleston - St. Andrews 20,Charleston - St. Andrews 20,1.0000,approved,high,autogen_identity_from_results_and_contest_slice
2020,president,,Charleston - St. Andrews 21,Charleston - St. Andrews 21,1.0000,approved,high,autogen_identity_from_results_and_contest_slice
2020,president,,Charleston - St. Andrews 22,Charleston - St. Andrews 22,1.0000,approved,high,autogen_identity_from_results_and_contest_slice
2020,president,,Charleston - St. Andrews 23,Charleston - St. Andrews 23,1.0000,approved,high,autogen_identity_from_results_and_contest_slice
2020,president,,Charleston - St. Andrews 24,Charleston - St. Andrews 24,1.0000,approved,high,autogen_identity_from_results_and_contest_slice
2020,president,,Charleston - St. Andrews 25,Charleston - St. Andrews 25,1.0000,approved,high,autogen_identity_from_results_and_contest_slice
2020,president,,Charleston - St. Andrews 26,Charleston - St. Andrews 26,1.0000,approved,high,autogen_identity_from_results_and_contest_slice
2020,president,,Charleston - St. Andrews 27,Charleston - St. Andrews 27,1.0000,approved,high,autogen_identity_from_results_and_contest_slice
2020,president,,Charleston - St. Andrews 28,Charleston - St. Andrews 28,1.0000,approved,high,autogen_identity_from_results_and_contest_slice
2020,president,,Charleston - St. Andrews 29,Charleston - St. Andrews 29,1.0000,approved,high,autogen_identity_from_results_and_contest_slice
2020,president,,Charleston - St. Andrews 3,Charleston - St. Andrews 3,1.0000,approved,high,autogen_identity_from_results_and_contest_slice
2020,president,,Charleston - St. Andrews 30,Charleston - St. Andrews 30,1.0000,approved,high,autogen_identity_from_results_and_contest_slice
2020,president,,Charleston - St. Andrews 31,Charleston - St. Andrews 31,1.0000,approved,high,autogen_identity_from_results_and_contest_slice
2020,president,,Charleston - St. Andrews 32,Charleston - St. Andrews 32,1.0000,approved,high,autogen_identity_from_results_and_contest_slice
2020,president,,Charleston - St. Andrews 33,Charleston - St. Andrews 33,1.0000,approved,high,autogen_identity_from_results_and_contest_slice
2020,president,,Charleston - St. Andrews 34,Charleston - St. Andrews 34,1.0000,approved,high,autogen_identity_from_results_and_contest_slice
2020,president,,Charleston - St. Andrews 35,Charleston - St. Andrews 35,1.0000,approved,high,autogen_identity_from_results_and_contest_slice
2020,president,,Charleston - St. Andrews 36,Charleston - St. Andrews 36,1.0000,approved,high,autogen_identity_from_results_and_contest_slice
2020,president,,Charleston - St. Andrews 37,Charleston - St. Andrews 37,1.0000,approved,high,autogen_identity_from_results_and_contest_slice
2020,president,,Charleston - St. Andrews 4,Charleston - St. Andrews 4,1.0000,approved,high,autogen_identity_from_results_and_contest_slice
2020,president,,Charleston - St. Andrews 5,Charleston - St. Andrews 5,1.0000,approved,high,autogen_identity_from_results_and_contest_slice
2020,president,,Charleston - St. Andrews 6,Charleston - St. Andrews 6,1.0000,approved,high,autogen_identity_from_results_and_contest_slice
2020,president,,Charleston - St. Andrews 7,Charleston - St. Andrews 7,1.0000,approved,high,autogen_identity_from_results_and_contest_slice
2020,president,,Charleston - St. Andrews 8,Charleston - St. Andrews 8,1.0000,approved,high,autogen_identity_from_results_and_contest_slice
2020,president,,Charleston - St. Andrews 9,Charleston - St. Andrews 9,1.0000,approved,high,autogen_identity_from_results_and_contest_slice
2020,president,,Charleston - St. Pauls 1,Charleston - St. Pauls 1,1.0000,approved,high,autogen_identity_from_results_and_contest_slice
2020,president,,Charleston - St. Pauls 2A,Charleston - St. Pauls 2A,1.0000,approved,high,autogen_identity_from_results_and_contest_slice
2020,president,,Charleston - St. Pauls 2B,Charleston - St. Pauls 2B,1.0000,approved,high,autogen_identity_from_results_and_contest_slice
2020,president,,Charleston - St. Pauls 3,Charleston - St. Pauls 3,1.0000,approved,high,autogen_identity_from_results_and_contest_slice
2020,president,,Charleston - St. Pauls 4,Charleston - St. Pauls 4,1.0000,approved,high,autogen_identity_from_results_and_contest_slice
2020,president,,Charleston - St. Pauls 5,Charleston - St. Pauls 5,1.0000,approved,high,autogen_identity_from_results_and_contest_slice
2020,president,,Charleston - St. Pauls 6,Charleston - St. Pauls 6,1.0000,approved,high,autogen_identity_from_results_and_contest_slice
2020,president,,Charleston - Sullivans Island,Charleston - Sullivans Island,1.0000,approved,high,autogen_identity_from_results_and_contest_slice
2020,president,,Charleston - Town Of Seabrook,Charleston - Town Of Seabrook,1.0000,approved,high,autogen_identity_from_results_and_contest_slice
2020,president,,Charleston - Wadmalaw Island 1,Charleston - Wadmalaw Island 1,1.0000,approved,high,autogen_identity_from_results_and_contest_slice
2020,president,,Charleston - Wadmalaw Island 2,Charleston - Wadmalaw Island 2,1.0000,approved,high,autogen_identity_from_results_and_contest_slice
2020,president,,Cherokee - Allens,Cherokee - Allens,1.0000,approved,high,autogen_identity_from_results_and_contest_slice
2020,president,,Cherokee - Alma Mill,Cherokee - Alma Mill,1.0000,approved,high,autogen_identity_from_results_and_contest_slice
2020,president,,Cherokee - Antioch And Kings Creek,Cherokee - Antioch And Kings Creek,1.0000,approved,high,autogen_identity_from_results_and_contest_slice
2020,president,,Cherokee - Ashworth,Cherokee - Ashworth,1.0000,approved,high,autogen_identity_from_results_and_contest_slice
2020,president,,Cherokee - Blacksburg Ward No. 1,Cherokee - Blacksburg Ward No. 1,1.0000,approved,high,autogen_identity_from_results_and_contest_slice
2020,president,,Cherokee - Blacksburg Ward No. 2,Cherokee - Blacksburg Ward No. 2,1.0000,approved,high,autogen_identity_from_results_and_contest_slice
2020,president,,Cherokee - Draytonville,Cherokee - Draytonville,1.0000,approved,high,autogen_identity_from_results_and_contest_slice
2020,president,,Cherokee - Ezells And Butler,Cherokee - Ezells And Butler,1.0000,approved,high,autogen_identity_from_results_and_contest_slice
2020,president,,Cherokee - Gaffney Ward No. 1,Cherokee - Gaffney Ward No. 1,1.0000,approved,high,autogen_identity_from_results_and_contest_slice
2020,president,,Cherokee - Gaffney Ward No. 2,Cherokee - Gaffney Ward No. 2,1.0000,approved,high,autogen_identity_from_results_and_contest_slice
2020,president,,Cherokee - Gaffney Ward No. 3,Cherokee - Gaffney Ward No. 3,1.0000,approved,high,autogen_identity_from_results_and_contest_slice
2020,president,,Cherokee - Gaffney Ward No. 4,Cherokee - Gaffney Ward No. 4,1.0000,approved,high,autogen_identity_from_results_and_contest_slice
2020,president,,Cherokee - Gaffney Ward No. 5,Cherokee - Gaffney Ward No. 5,1.0000,approved,high,autogen_identity_from_results_and_contest_slice
2020,president,,Cherokee - Gaffney Ward No. 6,Cherokee - Gaffney Ward No. 6,1.0000,approved,high,autogen_identity_from_results_and_contest_slice
2020,president,,Cherokee - Goucher And Thicketty,Cherokee - Goucher And Thicketty,1.0000,approved,high,autogen_identity_from_results_and_contest_slice
2020,president,,Cherokee - Grassy Pond,Cherokee - Grassy Pond,1.0000,approved,high,autogen_identity_from_results_and_contest_slice
2020,president,,Cherokee - Limestone Mill,Cherokee - Limestone Mill,1.0000,approved,high,autogen_identity_from_results_and_contest_slice
2020,president,,Cherokee - Macedonia,Cherokee - Macedonia,1.0000,approved,high,autogen_identity_from_results_and_contest_slice
2020,president,,Cherokee - Morgan,Cherokee - Morgan,1.0000,approved,high,autogen_identity_from_results_and_contest_slice
2020,president,,Cherokee - Musgrove Mill,Cherokee - Musgrove Mill,1.0000,approved,high,autogen_identity_from_results_and_contest_slice
2020,president,,Cherokee - Ninety Nine And Cherokee Falls,Cherokee - Ninety Nine And Cherokee Falls,1.0000,approved,high,autogen_identity_from_results_and_contest_slice
2020,president,,Cherokee - Pleasant Grove,Cherokee - Pleasant Grove,1.0000,approved,high,autogen_identity_from_results_and_contest_slice
2020,president,,Cherokee - Pleasant Meadows,Cherokee - Pleasant Meadows,1.0000,approved,high,autogen_identity_from_results_and_contest_slice
2020,president,,Cherokee - Timber Ridge,Cherokee - Timber Ridge,1.0000,approved,high,autogen_identity_from_results_and_contest_slice
2020,president,,Cherokee - White Plains,Cherokee - White Plains,1.0000,approved,high,autogen_identity_from_results_and_contest_slice
2020,president,,Cherokee - Wilkinsville And Metcalf,Cherokee - Wilkinsville And Metcalf,1.0000,approved,high,autogen_identity_from_results_and_contest_slice
2020,president,,Cherokee - Woods,Cherokee - Woods,1.0000,approved,high,autogen_identity_from_results_and_contest_slice
2020,president,,Chester - Baldwin Mill,Chester - Baldwin Mill,1.0000,approved,high,autogen_identity_from_results_and_contest_slice
2020,president,,Chester - Baton Rouge,Chester - Baton Rouge,1.0000,approved,high,autogen_identity_from_results_and_contest_slice
2020,president,,Chester - Beckhamville,Chester - Beckhamville,1.0000,approved,high,autogen_identity_from_results_and_contest_slice
2020,president,,Chester - Blackstock,Chester - Blackstock,1.0000,approved,high,autogen_identity_from_results_and_contest_slice
2020,president,,Chester - Chester Ward 1,Chester - Chester Ward 1,1.0000,approved,high,autogen_identity_from_results_and_contest_slice
2020,president,,Chester - Chester Ward 2,Chester - Chester Ward 2,1.0000,approved,high,autogen_identity_from_results_and_contest_slice
2020,president,,Chester - Chester Ward 3,Chester - Chester Ward 3,1.0000,approved,high,autogen_identity_from_results_and_contest_slice
2020,president,,Chester - Chester Ward 4,Chester - Chester Ward 4,1.0000,approved,high,autogen_identity_from_results_and_contest_slice
2020,president,,Chester - Chester Ward 5,Chester - Chester Ward 5,1.0000,approved,high,autogen_identity_from_results_and_contest_slice
2020,president,,Chester - Edgemoor,Chester - Edgemoor,1.0000,approved,high,autogen_identity_from_results_and_contest_slice
2020,president,,Chester - Eureka Mill,Chester - Eureka Mill,1.0000,approved,high,autogen_identity_from_results_and_contest_slice
2020,president,,Chester - Fort Lawn,Chester - Fort Lawn,1.0000,approved,high,autogen_identity_from_results_and_contest_slice
2020,president,,Chester - Great Falls,Chester - Great Falls,1.0000,approved,high,autogen_identity_from_results_and_contest_slice
2020,president,,Chester - Halsellville,Chester - Halsellville,1.0000,approved,high,autogen_identity_from_results_and_contest_slice
2020,president,,Chester - Hazelwood,Chester - Hazelwood,1.0000,approved,high,autogen_identity_from_results_and_contest_slice
2020,president,,Chester - Lowrys,Chester - Lowrys,1.0000,approved,high,autogen_identity_from_results_and_contest_slice
2020,president,,Chester - Richburg,Chester - Richburg,1.0000,approved,high,autogen_identity_from_results_and_contest_slice
2020,president,,Chester - Rodman,Chester - Rodman,1.0000,approved,high,autogen_identity_from_results_and_contest_slice
2020,president,,Chester - Rossville,Chester - Rossville,1.0000,approved,high,autogen_identity_from_results_and_contest_slice
2020,president,,Chester - Wilksburg,Chester - Wilksburg,1.0000,approved,high,autogen_identity_from_results_and_contest_slice
2020,president,,Chesterfield - Angelus-Cararrh,Chesterfield - Angelus-Cararrh,1.0000,approved,high,autogen_identity_from_results_and_contest_slice
2020,president,,Chesterfield - Bay Springs,Chesterfield - Bay Springs,1.0000,approved,high,autogen_identity_from_results_and_contest_slice
2020,president,,Chesterfield - Black Creek,Chesterfield - Black Creek,1.0000,approved,high,autogen_identity_from_results_and_contest_slice
2020,president,,Chesterfield - Brocks Mill,Chesterfield - Brocks Mill,1.0000,approved,high,autogen_identity_from_results_and_contest_slice
2020,president,,Chesterfield - Cash,Chesterfield - Cash,1.0000,approved,high,autogen_identity_from_results_and_contest_slice
2020,president,,Chesterfield - Center Grove-Winzo,Chesterfield - Center Grove-Winzo,1.0000,approved,high,autogen_identity_from_results_and_contest_slice
2020,president,,Chesterfield - Cheraw No. 1,Chesterfield - Cheraw No. 1,1.0000,approved,high,autogen_identity_from_results_and_contest_slice
2020,president,,Chesterfield - Cheraw No. 2,Chesterfield - Cheraw No. 2,1.0000,approved,high,autogen_identity_from_results_and_contest_slice
2020,president,,Chesterfield - Cheraw No. 3,Chesterfield - Cheraw No. 3,1.0000,approved,high,autogen_identity_from_results_and_contest_slice
2020,president,,Chesterfield - Cheraw No. 4,Chesterfield - Cheraw No. 4,1.0000,approved,high,autogen_identity_from_results_and_contest_slice
2020,president,,Chesterfield - Courthouse,Chesterfield - Courthouse,1.0000,approved,high,autogen_identity_from_results_and_contest_slice
2020,president,,Chesterfield - Dudley-Mangum,Chesterfield - Dudley-Mangum,1.0000,approved,high,autogen_identity_from_results_and_contest_slice
2020,president,,Chesterfield - Grants Mill,Chesterfield - Grants Mill,1.0000,approved,high,autogen_identity_from_results_and_contest_slice
2020,president,,Chesterfield - Jefferson,Chesterfield - Jefferson,1.0000,approved,high,autogen_identity_from_results_and_contest_slice
2020,president,,Chesterfield - Mcbee,Chesterfield - Mcbee,1.0000,approved,high,autogen_identity_from_results_and_contest_slice
2020,president,,Chesterfield - Middendorf,Chesterfield - Middendorf,1.0000,approved,high,autogen_identity_from_results_and_contest_slice
2020,president,,Chesterfield - Ousleydale,Chesterfield - Ousleydale,1.0000,approved,high,autogen_identity_from_results_and_contest_slice
2020,president,,Chesterfield - Pageland No. 1,Chesterfield - Pageland No. 1,1.0000,approved,high,autogen_identity_from_results_and_contest_slice
2020,president,,Chesterfield - Pageland No. 2,Chesterfield - Pageland No. 2,1.0000,approved,high,autogen_identity_from_results_and_contest_slice
2020,president,,Chesterfield - Patrick,Chesterfield - Patrick,1.0000,approved,high,autogen_identity_from_results_and_contest_slice
2020,president,,Chesterfield - Pee Dee,Chesterfield - Pee Dee,1.0000,approved,high,autogen_identity_from_results_and_contest_slice
2020,president,,Chesterfield - Ruby,Chesterfield - Ruby,1.0000,approved,high,autogen_identity_from_results_and_contest_slice
2020,president,,Chesterfield - Shiloh,Chesterfield - Shiloh,1.0000,approved,high,autogen_identity_from_results_and_contest_slice
2020,president,,Chesterfield - Snow Hill-Vaughn,Chesterfield - Snow Hill-Vaughn,1.0000,approved,high,autogen_identity_from_results_and_contest_slice
2020,president,,Clarendon - Alcolu,Clarendon - Alcolu,1.0000,approved,high,autogen_identity_from_results_and_contest_slice
2020,president,,Clarendon - Barrineau,Clarendon - Barrineau,1.0000,approved,high,autogen_identity_from_results_and_contest_slice
2020,president,,Clarendon - Barrows Mill,Clarendon - Barrows Mill,1.0000,approved,high,autogen_identity_from_results_and_contest_slice
2020,president,,Clarendon - Bloomville,Clarendon - Bloomville,1.0000,approved,high,autogen_identity_from_results_and_contest_slice
2020,president,,Clarendon - Calvary,Clarendon - Calvary,1.0000,approved,high,autogen_identity_from_results_and_contest_slice
2020,president,,Clarendon - Davis Station,Clarendon - Davis Station,1.0000,approved,high,autogen_identity_from_results_and_contest_slice
2020,president,,Clarendon - Harmony,Clarendon - Harmony,1.0000,approved,high,autogen_identity_from_results_and_contest_slice
2020,president,,Clarendon - Hicks,Clarendon - Hicks,1.0000,approved,high,autogen_identity_from_results_and_contest_slice
2020,president,,Clarendon - Home Branch,Clarendon - Home Branch,1.0000,approved,high,autogen_identity_from_results_and_contest_slice
2020,president,,Clarendon - Jordan,Clarendon - Jordan,1.0000,approved,high,autogen_identity_from_results_and_contest_slice
2020,president,,Clarendon - Manning No. 1,Clarendon - Manning No. 1,1.0000,approved,high,autogen_identity_from_results_and_contest_slice
2020,president,,Clarendon - Manning No. 2,Clarendon - Manning No. 2,1.0000,approved,high,autogen_identity_from_results_and_contest_slice
2020,president,,Clarendon - Manning No. 3,Clarendon - Manning No. 3,1.0000,approved,high,autogen_identity_from_results_and_contest_slice
2020,president,,Clarendon - Manning No. 4,Clarendon - Manning No. 4,1.0000,approved,high,autogen_identity_from_results_and_contest_slice
2020,president,,Clarendon - Manning No. 5,Clarendon - Manning No. 5,1.0000,approved,high,autogen_identity_from_results_and_contest_slice
2020,president,,Clarendon - New Zion,Clarendon - New Zion,1.0000,approved,high,autogen_identity_from_results_and_contest_slice
2020,president,,Clarendon - Oakdale,Clarendon - Oakdale,1.0000,approved,high,autogen_identity_from_results_and_contest_slice
2020,president,,Clarendon - Panola,Clarendon - Panola,1.0000,approved,high,autogen_identity_from_results_and_contest_slice
2020,president,,Clarendon - Paxville,Clarendon - Paxville,1.0000,approved,high,autogen_identity_from_results_and_contest_slice
2020,president,,Clarendon - Sardina-Gable,Clarendon - Sardina-Gable,1.0000,approved,high,autogen_identity_from_results_and_contest_slice
2020,president,,Clarendon - Summerton No. 1,Clarendon - Summerton No. 1,1.0000,approved,high,autogen_identity_from_results_and_contest_slice
2020,president,,Clarendon - Summerton No. 2,Clarendon - Summerton No. 2,1.0000,approved,high,autogen_identity_from_results_and_contest_slice
2020,president,,Clarendon - Summerton No. 3,Clarendon - Summerton No. 3,1.0000,approved,high,autogen_identity_from_results_and_contest_slice
2020,president,,Clarendon - Turbeville,Clarendon - Turbeville,1.0000,approved,high,autogen_identity_from_results_and_contest_slice
2020,president,,Clarendon - Wilson Foreston,Clarendon - Wilson Foreston,1.0000,approved,high,autogen_identity_from_results_and_contest_slice
2020,president,,Colleton - Ashton-Lodge,Colleton - Ashton-Lodge,1.0000,approved,high,autogen_identity_from_results_and_contest_slice
2020,president,,Colleton - Bells,Colleton - Bells,1.0000,approved,high,autogen_identity_from_results_and_contest_slice
2020,president,,Colleton - Berea-Smoaks,Colleton - Berea-Smoaks,1.0000,approved,high,autogen_identity_from_results_and_contest_slice
2020,president,,Colleton - Canadys,Colleton - Canadys,1.0000,approved,high,autogen_identity_from_results_and_contest_slice
2020,president,,Colleton - Cottageville,Colleton - Cottageville,1.0000,approved,high,autogen_identity_from_results_and_contest_slice
2020,president,,Colleton - Edisto,Colleton - Edisto,1.0000,approved,high,autogen_identity_from_results_and_contest_slice
2020,president,,Colleton - Edisto Beach,Colleton - Edisto Beach,1.0000,approved,high,autogen_identity_from_results_and_contest_slice
2020,president,,Colleton - Green Pond,Colleton - Green Pond,1.0000,approved,high,autogen_identity_from_results_and_contest_slice
2020,president,,Colleton - Hendersonville,Colleton - Hendersonville,1.0000,approved,high,autogen_identity_from_results_and_contest_slice
2020,president,,Colleton - Horse Pen,Colleton - Horse Pen,1.0000,approved,high,autogen_identity_from_results_and_contest_slice
2020,president,,Colleton - Hudson Mill,Colleton - Hudson Mill,1.0000,approved,high,autogen_identity_from_results_and_contest_slice
2020,president,,Colleton - Jacksonboro,Colleton - Jacksonboro,1.0000,approved,high,autogen_identity_from_results_and_contest_slice
2020,president,,Colleton - Maple Cane,Colleton - Maple Cane,1.0000,approved,high,autogen_identity_from_results_and_contest_slice
2020,president,,Colleton - Mashawville,Colleton - Mashawville,1.0000,approved,high,autogen_identity_from_results_and_contest_slice
2020,president,,Colleton - Peeples,Colleton - Peeples,1.0000,approved,high,autogen_identity_from_results_and_contest_slice
2020,president,,Colleton - Peniel,Colleton - Peniel,1.0000,approved,high,autogen_identity_from_results_and_contest_slice
2020,president,,Colleton - Petits,Colleton - Petits,1.0000,approved,high,autogen_identity_from_results_and_contest_slice
2020,president,,Colleton - Rice Patch,Colleton - Rice Patch,1.0000,approved,high,autogen_identity_from_results_and_contest_slice
2020,president,,Colleton - Ritter,Colleton - Ritter,1.0000,approved,high,autogen_identity_from_results_and_contest_slice
2020,president,,Colleton - Round O,Colleton - Round O,1.0000,approved,high,autogen_identity_from_results_and_contest_slice
2020,president,,Colleton - Ruffin,Colleton - Ruffin,1.0000,approved,high,autogen_identity_from_results_and_contest_slice
2020,president,,Colleton - Sidneys,Colleton - Sidneys,1.0000,approved,high,autogen_identity_from_results_and_contest_slice
2020,president,,Colleton - Sniders,Colleton - Sniders,1.0000,approved,high,autogen_identity_from_results_and_contest_slice
2020,president,,Colleton - Stokes,Colleton - Stokes,1.0000,approved,high,autogen_identity_from_results_and_contest_slice
2020,president,,Colleton - Walterboro No. 1,Colleton - Walterboro No. 1,1.0000,approved,high,autogen_identity_from_results_and_contest_slice
2020,president,,Colleton - Walterboro No. 2,Colleton - Walterboro No. 2,1.0000,approved,high,autogen_identity_from_results_and_contest_slice
2020,president,,Colleton - Walterboro No. 3,Colleton - Walterboro No. 3,1.0000,approved,high,autogen_identity_from_results_and_contest_slice
2020,president,,Colleton - Walterboro No. 4,Colleton - Walterboro No. 4,1.0000,approved,high,autogen_identity_from_results_and_contest_slice
2020,president,,Colleton - Walterboro No. 5,Colleton - Walterboro No. 5,1.0000,approved,high,autogen_identity_from_results_and_contest_slice
2020,president,,Colleton - Walterboro No. 6,Colleton - Walterboro No. 6,1.0000,approved,high,autogen_identity_from_results_and_contest_slice
2020,president,,Colleton - Williams,Colleton - Williams,1.0000,approved,high,autogen_identity_from_results_and_contest_slice
2020,president,,Darlington - Antioch,Darlington - Antioch,1.0000,approved,high,autogen_identity_from_results_and_contest_slice
2020,president,,Darlington - Auburn,Darlington - Auburn,1.0000,approved,high,autogen_identity_from_results_and_contest_slice
2020,president,,Darlington - Bethel,Darlington - Bethel,1.0000,approved,high,autogen_identity_from_results_and_contest_slice
2020,president,,Darlington - Black Creek-Clyde,Darlington - Black Creek-Clyde,1.0000,approved,high,autogen_identity_from_results_and_contest_slice
2020,president,,Darlington - Burnt Branch,Darlington - Burnt Branch,1.0000,approved,high,autogen_identity_from_results_and_contest_slice
2020,president,,Darlington - Darlington No. 1,Darlington - Darlington No. 1,1.0000,approved,high,autogen_identity_from_results_and_contest_slice
2020,president,,Darlington - Darlington No. 2,Darlington - Darlington No. 2,1.0000,approved,high,autogen_identity_from_results_and_contest_slice
2020,president,,Darlington - Darlington No. 3,Darlington - Darlington No. 3,1.0000,approved,high,autogen_identity_from_results_and_contest_slice
2020,president,,Darlington - Darlington No. 4,Darlington - Darlington No. 4,1.0000,approved,high,autogen_identity_from_results_and_contest_slice
2020,president,,Darlington - Darlington No. 5,Darlington - Darlington No. 5,1.0000,approved,high,autogen_identity_from_results_and_contest_slice
2020,president,,Darlington - Darlington No. 6,Darlington - Darlington No. 6,1.0000,approved,high,autogen_identity_from_results_and_contest_slice
2020,president,,Darlington - Dovesville,Darlington - Dovesville,1.0000,approved,high,autogen_identity_from_results_and_contest_slice
2020,president,,Darlington - Hartsville No. 1,Darlington - Hartsville No. 1,1.0000,approved,high,autogen_identity_from_results_and_contest_slice
2020,president,,Darlington - Hartsville No. 4,Darlington - Hartsville No. 4,1.0000,approved,high,autogen_identity_from_results_and_contest_slice
2020,president,,Darlington - Hartsville No. 5,Darlington - Hartsville No. 5,1.0000,approved,high,autogen_identity_from_results_and_contest_slice
2020,president,,Darlington - Hartsville No. 6,Darlington - Hartsville No. 6,1.0000,approved,high,autogen_identity_from_results_and_contest_slice
2020,president,,Darlington - Hartsville No. 7,Darlington - Hartsville No. 7,1.0000,approved,high,autogen_identity_from_results_and_contest_slice
2020,president,,Darlington - Hartsville No. 8,Darlington - Hartsville No. 8,1.0000,approved,high,autogen_identity_from_results_and_contest_slice
2020,president,,Darlington - Hartsville No. 9,Darlington - Hartsville No. 9,1.0000,approved,high,autogen_identity_from_results_and_contest_slice
2020,president,,Darlington - High Hill,Darlington - High Hill,1.0000,approved,high,autogen_identity_from_results_and_contest_slice
2020,president,,Darlington - Indian Branch,Darlington - Indian Branch,1.0000,approved,high,autogen_identity_from_results_and_contest_slice
2020,president,,Darlington - Kelleytown,Darlington - Kelleytown,1.0000,approved,high,autogen_identity_from_results_and_contest_slice
2020,president,,Darlington - Lake Swamp,Darlington - Lake Swamp,1.0000,approved,high,autogen_identity_from_results_and_contest_slice
2020,president,,Darlington - Lamar No. 1,Darlington - Lamar No. 1,1.0000,approved,high,autogen_identity_from_results_and_contest_slice
2020,president,,Darlington - Lamar No. 2,Darlington - Lamar No. 2,1.0000,approved,high,autogen_identity_from_results_and_contest_slice
2020,president,,Darlington - Lydia,Darlington - Lydia,1.0000,approved,high,autogen_identity_from_results_and_contest_slice
2020,president,,Darlington - Mechanicsville,Darlington - Mechanicsville,1.0000,approved,high,autogen_identity_from_results_and_contest_slice
2020,president,,Darlington - New Market,Darlington - New Market,1.0000,approved,high,autogen_identity_from_results_and_contest_slice
2020,president,,Darlington - Oates,Darlington - Oates,1.0000,approved,high,autogen_identity_from_results_and_contest_slice
2020,president,,Darlington - Palmetto,Darlington - Palmetto,1.0000,approved,high,autogen_identity_from_results_and_contest_slice
2020,president,,Darlington - Society Hill,Darlington - Society Hill,1.0000,approved,high,autogen_identity_from_results_and_contest_slice
2020,president,,Darlington - Swift Creek,Darlington - Swift Creek,1.0000,approved,high,autogen_identity_from_results_and_contest_slice
2020,president,,Dillon - Bermuda,Dillon - Bermuda,1.0000,approved,high,autogen_identity_from_results_and_contest_slice
2020,president,,Dillon - Carolina,Dillon - Carolina,1.0000,approved,high,autogen_identity_from_results_and_contest_slice
2020,president,,Dillon - East Dillon,Dillon - East Dillon,1.0000,approved,high,autogen_identity_from_results_and_contest_slice
2020,president,,Dillon - Floydale,Dillon - Floydale,1.0000,approved,high,autogen_identity_from_results_and_contest_slice
2020,president,,Dillon - Fork,Dillon - Fork,1.0000,approved,high,autogen_identity_from_results_and_contest_slice
2020,president,,Dillon - Hamer,Dillon - Hamer,1.0000,approved,high,autogen_identity_from_results_and_contest_slice
2020,president,,Dillon - Kemper,Dillon - Kemper,1.0000,approved,high,autogen_identity_from_results_and_contest_slice
2020,president,,Dillon - Lake View,Dillon - Lake View,1.0000,approved,high,autogen_identity_from_results_and_contest_slice
2020,president,,Dillon - Latta,Dillon - Latta,1.0000,approved,high,autogen_identity_from_results_and_contest_slice
2020,president,,Dillon - Little Rock,Dillon - Little Rock,1.0000,approved,high,autogen_identity_from_results_and_contest_slice
2020,president,,Dillon - Manning,Dillon - Manning,1.0000,approved,high,autogen_identity_from_results_and_contest_slice
2020,president,,Dillon - Minturn,Dillon - Minturn,1.0000,approved,high,autogen_identity_from_results_and_contest_slice
2020,president,,Dillon - Mt. Calvary,Dillon - Mt. Calvary,1.0000,approved,high,autogen_identity_from_results_and_contest_slice
2020,president,,Dillon - New Holly,Dillon - New Holly,1.0000,approved,high,autogen_identity_from_results_and_contest_slice
2020,president,,Dillon - Oak Grove,Dillon - Oak Grove,1.0000,approved,high,autogen_identity_from_results_and_contest_slice
2020,president,,Dillon - Oakland,Dillon - Oakland,1.0000,approved,high,autogen_identity_from_results_and_contest_slice
2020,president,,Dillon - Pleasant Hill,Dillon - Pleasant Hill,1.0000,approved,high,autogen_identity_from_results_and_contest_slice
2020,president,,Dillon - South Dillon,Dillon - South Dillon,1.0000,approved,high,autogen_identity_from_results_and_contest_slice
2020,president,,Dillon - West Dillon,Dillon - West Dillon,1.0000,approved,high,autogen_identity_from_results_and_contest_slice
2020,president,,Dorchester - Archdale,Dorchester - Archdale,1.0000,approved,high,autogen_identity_from_results_and_contest_slice
2020,president,,Dorchester - Archdale 2,Dorchester - Archdale 2,1.0000,approved,high,autogen_identity_from_results_and_contest_slice
2020,president,,Dorchester - Ashborough East,Dorchester - Ashborough East,1.0000,approved,high,autogen_identity_from_results_and_contest_slice
2020,president,,Dorchester - Ashborough East 2,Dorchester - Ashborough East 2,1.0000,approved,high,autogen_identity_from_results_and_contest_slice
2020,president,,Dorchester - Ashborough West,Dorchester - Ashborough West,1.0000,approved,high,autogen_identity_from_results_and_contest_slice
2020,president,,Dorchester - Ashborough West 2,Dorchester - Ashborough West 2,1.0000,approved,high,autogen_identity_from_results_and_contest_slice
2020,president,,Dorchester - Ashley River,Dorchester - Ashley River,1.0000,approved,high,autogen_identity_from_results_and_contest_slice
2020,president,,Dorchester - Bacons Bridge,Dorchester - Bacons Bridge,1.0000,approved,high,autogen_identity_from_results_and_contest_slice
2020,president,,Dorchester - Bacons Bridge 2,Dorchester - Bacons Bridge 2,1.0000,approved,high,autogen_identity_from_results_and_contest_slice
2020,president,,Dorchester - Beech Hill,Dorchester - Beech Hill,1.0000,approved,high,autogen_identity_from_results_and_contest_slice
2020,president,,Dorchester - Beech Hill 2,Dorchester - Beech Hill 2,1.0000,approved,high,autogen_identity_from_results_and_contest_slice
2020,president,,Dorchester - Brandymill,Dorchester - Brandymill,1.0000,approved,high,autogen_identity_from_results_and_contest_slice
2020,president,,Dorchester - Brandymill 2,Dorchester - Brandymill 2,1.0000,approved,high,autogen_identity_from_results_and_contest_slice
2020,president,,Dorchester - Briarwood,Dorchester - Briarwood,1.0000,approved,high,autogen_identity_from_results_and_contest_slice
2020,president,,Dorchester - Briarwood 2,Dorchester - Briarwood 2,1.0000,approved,high,autogen_identity_from_results_and_contest_slice
2020,president,,Dorchester - Briarwood 3,Dorchester - Briarwood 3,1.0000,approved,high,autogen_identity_from_results_and_contest_slice
2020,president,,Dorchester - Butternut,Dorchester - Butternut,1.0000,approved,high,autogen_identity_from_results_and_contest_slice
2020,president,,Dorchester - Carolina,Dorchester - Carolina,1.0000,approved,high,autogen_identity_from_results_and_contest_slice
2020,president,,Dorchester - Central,Dorchester - Central,1.0000,approved,high,autogen_identity_from_results_and_contest_slice
2020,president,,Dorchester - Central 2,Dorchester - Central 2,1.0000,approved,high,autogen_identity_from_results_and_contest_slice
2020,president,,Dorchester - Clemson,Dorchester - Clemson,1.0000,approved,high,autogen_identity_from_results_and_contest_slice
2020,president,,Dorchester - Clemson 2,Dorchester - Clemson 2,1.0000,approved,high,autogen_identity_from_results_and_contest_slice
2020,president,,Dorchester - Clemson 3,Dorchester - Clemson 3,1.0000,approved,high,autogen_identity_from_results_and_contest_slice
2020,president,,Dorchester - Coastal,Dorchester - Coastal,1.0000,approved,high,autogen_identity_from_results_and_contest_slice
2020,president,,Dorchester - Coastal 2,Dorchester - Coastal 2,1.0000,approved,high,autogen_identity_from_results_and_contest_slice
2020,president,,Dorchester - Coastal 3,Dorchester - Coastal 3,1.0000,approved,high,autogen_identity_from_results_and_contest_slice
2020,president,,Dorchester - Coosaw,Dorchester - Coosaw,1.0000,approved,high,autogen_identity_from_results_and_contest_slice
2020,president,,Dorchester - Coosaw 2,Dorchester - Coosaw 2,1.0000,approved,high,autogen_identity_from_results_and_contest_slice
2020,president,,Dorchester - Coosaw 3,Dorchester - Coosaw 3,1.0000,approved,high,autogen_identity_from_results_and_contest_slice
2020,president,,Dorchester - Cypress,Dorchester - Cypress,1.0000,approved,high,autogen_identity_from_results_and_contest_slice
2020,president,,Dorchester - Cypress 2,Dorchester - Cypress 2,1.0000,approved,high,autogen_identity_from_results_and_contest_slice
2020,president,,Dorchester - Delemars,Dorchester - Delemars,1.0000,approved,high,autogen_identity_from_results_and_contest_slice
2020,president,,Dorchester - Dorchester,Dorchester - Dorchester,1.0000,approved,high,autogen_identity_from_results_and_contest_slice
2020,president,,Dorchester - Dorchester 2,Dorchester - Dorchester 2,1.0000,approved,high,autogen_identity_from_results_and_contest_slice
2020,president,,Dorchester - Flowertown,Dorchester - Flowertown,1.0000,approved,high,autogen_identity_from_results_and_contest_slice
2020,president,,Dorchester - Flowertown 2,Dorchester - Flowertown 2,1.0000,approved,high,autogen_identity_from_results_and_contest_slice
2020,president,,Dorchester - Flowertown 3,Dorchester - Flowertown 3,1.0000,approved,high,autogen_identity_from_results_and_contest_slice
2020,president,,Dorchester - Four Hole,Dorchester - Four Hole,1.0000,approved,high,autogen_identity_from_results_and_contest_slice
2020,president,,Dorchester - Germantown,Dorchester - Germantown,1.0000,approved,high,autogen_identity_from_results_and_contest_slice
2020,president,,Dorchester - Givhans,Dorchester - Givhans,1.0000,approved,high,autogen_identity_from_results_and_contest_slice
2020,president,,Dorchester - Givhans 2,Dorchester - Givhans 2,1.0000,approved,high,autogen_identity_from_results_and_contest_slice
2020,president,,Dorchester - Greenhurst,Dorchester - Greenhurst,1.0000,approved,high,autogen_identity_from_results_and_contest_slice
2020,president,,Dorchester - Greenwave,Dorchester - Greenwave,1.0000,approved,high,autogen_identity_from_results_and_contest_slice
2020,president,,Dorchester - Grover,Dorchester - Grover,1.0000,approved,high,autogen_identity_from_results_and_contest_slice
2020,president,,Dorchester - Harleyville,Dorchester - Harleyville,1.0000,approved,high,autogen_identity_from_results_and_contest_slice
2020,president,,Dorchester - Indian Field,Dorchester - Indian Field,1.0000,approved,high,autogen_identity_from_results_and_contest_slice
2020,president,,Dorchester - Indian Field 2,Dorchester - Indian Field 2,1.0000,approved,high,autogen_identity_from_results_and_contest_slice
2020,president,,Dorchester - Irongate,Dorchester - Irongate,1.0000,approved,high,autogen_identity_from_results_and_contest_slice
2020,president,,Dorchester - Irongate 2,Dorchester - Irongate 2,1.0000,approved,high,autogen_identity_from_results_and_contest_slice
2020,president,,Dorchester - Irongate 3,Dorchester - Irongate 3,1.0000,approved,high,autogen_identity_from_results_and_contest_slice
2020,president,,Dorchester - King'S Grant,Dorchester - King'S Grant,1.0000,approved,high,autogen_identity_from_results_and_contest_slice
2020,president,,Dorchester - King'S Grant 2,Dorchester - King'S Grant 2,1.0000,approved,high,autogen_identity_from_results_and_contest_slice
2020,president,,Dorchester - Knightsville,Dorchester - Knightsville,1.0000,approved,high,autogen_identity_from_results_and_contest_slice
2020,president,,Dorchester - Lincoln,Dorchester - Lincoln,1.0000,approved,high,autogen_identity_from_results_and_contest_slice
2020,president,,Dorchester - Miles/Jamison,Dorchester - Miles/Jamison,1.0000,approved,high,autogen_identity_from_results_and_contest_slice
2020,president,,Dorchester - Newington,Dorchester - Newington,1.0000,approved,high,autogen_identity_from_results_and_contest_slice
2020,president,,Dorchester - Newington 2,Dorchester - Newington 2,1.0000,approved,high,autogen_identity_from_results_and_contest_slice
2020,president,,Dorchester - North Summerville,Dorchester - North Summerville,1.0000,approved,high,autogen_identity_from_results_and_contest_slice
2020,president,,Dorchester - North Summerville 2,Dorchester - North Summerville 2,1.0000,approved,high,autogen_identity_from_results_and_contest_slice
2020,president,,Dorchester - Oakbrook,Dorchester - Oakbrook,1.0000,approved,high,autogen_identity_from_results_and_contest_slice
2020,president,,Dorchester - Oakbrook 2,Dorchester - Oakbrook 2,1.0000,approved,high,autogen_identity_from_results_and_contest_slice
2020,president,,Dorchester - Patriot,Dorchester - Patriot,1.0000,approved,high,autogen_identity_from_results_and_contest_slice
2020,president,,Dorchester - Reevesville,Dorchester - Reevesville,1.0000,approved,high,autogen_identity_from_results_and_contest_slice
2020,president,,Dorchester - Ridgeville,Dorchester - Ridgeville,1.0000,approved,high,autogen_identity_from_results_and_contest_slice
2020,president,,Dorchester - Ridgeville 2,Dorchester - Ridgeville 2,1.0000,approved,high,autogen_identity_from_results_and_contest_slice
2020,president,,Dorchester - Rosinville,Dorchester - Rosinville,1.0000,approved,high,autogen_identity_from_results_and_contest_slice
2020,president,,Dorchester - Rosses,Dorchester - Rosses,1.0000,approved,high,autogen_identity_from_results_and_contest_slice
2020,president,,Dorchester - Saul Dam,Dorchester - Saul Dam,1.0000,approved,high,autogen_identity_from_results_and_contest_slice
2020,president,,Dorchester - Sawmill Branch,Dorchester - Sawmill Branch,1.0000,approved,high,autogen_identity_from_results_and_contest_slice
2020,president,,Dorchester - Spann,Dorchester - Spann,1.0000,approved,high,autogen_identity_from_results_and_contest_slice
2020,president,,Dorchester - St. George No. 1,Dorchester - St. George No. 1,1.0000,approved,high,autogen_identity_from_results_and_contest_slice
2020,president,,Dorchester - St. George No. 2,Dorchester - St. George No. 2,1.0000,approved,high,autogen_identity_from_results_and_contest_slice
2020,president,,Dorchester - Stallsville,Dorchester - Stallsville,1.0000,approved,high,autogen_identity_from_results_and_contest_slice
2020,president,,Dorchester - Tranquil,Dorchester - Tranquil,1.0000,approved,high,autogen_identity_from_results_and_contest_slice
2020,president,,Dorchester - Tranquil 2,Dorchester - Tranquil 2,1.0000,approved,high,autogen_identity_from_results_and_contest_slice
2020,president,,Dorchester - Tranquil 3,Dorchester - Tranquil 3,1.0000,approved,high,autogen_identity_from_results_and_contest_slice
2020,president,,Dorchester - Trolley,Dorchester - Trolley,1.0000,approved,high,autogen_identity_from_results_and_contest_slice
2020,president,,Dorchester - Tupperway,Dorchester - Tupperway,1.0000,approved,high,autogen_identity_from_results_and_contest_slice
2020,president,,Dorchester - Tupperway 2,Dorchester - Tupperway 2,1.0000,approved,high,autogen_identity_from_results_and_contest_slice
2020,president,,Dorchester - Windsor,Dorchester - Windsor,1.0000,approved,high,autogen_identity_from_results_and_contest_slice
2020,president,,Dorchester - Windsor 2,Dorchester - Windsor 2,1.0000,approved,high,autogen_identity_from_results_and_contest_slice
2020,president,,Edgefield - Brunson,Edgefield - Brunson,1.0000,approved,high,autogen_identity_from_results_and_contest_slice
2020,president,,Edgefield - Harmony,Edgefield - Harmony,1.0000,approved,high,autogen_identity_from_results_and_contest_slice
2020,president,,Edgefield - North Side,Edgefield - North Side,1.0000,approved,high,autogen_identity_from_results_and_contest_slice
2020,president,,Edgefield - Westside,Edgefield - Westside,1.0000,approved,high,autogen_identity_from_results_and_contest_slice
2020,president,,Fairfield - Blackstock,Fairfield - Blackstock,1.0000,approved,high,autogen_identity_from_results_and_contest_slice
2020,president,,Fairfield - Blairs,Fairfield - Blairs,1.0000,approved,high,autogen_identity_from_results_and_contest_slice
2020,president,,Fairfield - Centerville,Fairfield - Centerville,1.0000,approved,high,autogen_identity_from_results_and_contest_slice
2020,president,,Fairfield - Dutchmans Creek,Fairfield - Dutchmans Creek,1.0000,approved,high,autogen_identity_from_results_and_contest_slice
2020,president,,Fairfield - Feasterville,Fairfield - Feasterville,1.0000,approved,high,autogen_identity_from_results_and_contest_slice
2020,president,,Fairfield - Greenbrier,Fairfield - Greenbrier,1.0000,approved,high,autogen_identity_from_results_and_contest_slice
2020,president,,Fairfield - Hickory Ridge,Fairfield - Hickory Ridge,1.0000,approved,high,autogen_identity_from_results_and_contest_slice
2020,president,,Fairfield - Horeb-Glenn,Fairfield - Horeb-Glenn,1.0000,approved,high,autogen_identity_from_results_and_contest_slice
2020,president,,Fairfield - Lebanon,Fairfield - Lebanon,1.0000,approved,high,autogen_identity_from_results_and_contest_slice
2020,president,,Fairfield - Mitford,Fairfield - Mitford,1.0000,approved,high,autogen_identity_from_results_and_contest_slice
2020,president,,Fairfield - Monticello,Fairfield - Monticello,1.0000,approved,high,autogen_identity_from_results_and_contest_slice
2020,president,,Fairfield - New Hope,Fairfield - New Hope,1.0000,approved,high,autogen_identity_from_results_and_contest_slice
2020,president,,Fairfield - Ridgeway,Fairfield - Ridgeway,1.0000,approved,high,autogen_identity_from_results_and_contest_slice
2020,president,,Fairfield - Simpson,Fairfield - Simpson,1.0000,approved,high,autogen_identity_from_results_and_contest_slice
2020,president,,Fairfield - South Winnsboro,Fairfield - South Winnsboro,1.0000,approved,high,autogen_identity_from_results_and_contest_slice
2020,president,,Fairfield - White Oak,Fairfield - White Oak,1.0000,approved,high,autogen_identity_from_results_and_contest_slice
2020,president,,Fairfield - Winnsboro Mills,Fairfield - Winnsboro Mills,1.0000,approved,high,autogen_identity_from_results_and_contest_slice
2020,president,,Fairfield - Winnsboro No. 1,Fairfield - Winnsboro No. 1,1.0000,approved,high,autogen_identity_from_results_and_contest_slice
2020,president,,Fairfield - Winnsboro No. 2,Fairfield - Winnsboro No. 2,1.0000,approved,high,autogen_identity_from_results_and_contest_slice
2020,president,,Florence - Back Swamp,Florence - Back Swamp,1.0000,approved,high,autogen_identity_from_results_and_contest_slice
2020,president,,Florence - Brookgreen,Florence - Brookgreen,1.0000,approved,high,autogen_identity_from_results_and_contest_slice
2020,president,,Florence - Cartersville,Florence - Cartersville,1.0000,approved,high,autogen_identity_from_results_and_contest_slice
2020,president,,Florence - Claussen,Florence - Claussen,1.0000,approved,high,autogen_identity_from_results_and_contest_slice
2020,president,,Florence - Coles Crossroads,Florence - Coles Crossroads,1.0000,approved,high,autogen_identity_from_results_and_contest_slice
2020,president,,Florence - Cowards No. 1,Florence - Cowards No. 1,1.0000,approved,high,autogen_identity_from_results_and_contest_slice
2020,president,,Florence - Cowards No. 2,Florence - Cowards No. 2,1.0000,approved,high,autogen_identity_from_results_and_contest_slice
2020,president,,Florence - Delmae No. 1,Florence - Delmae No. 1,1.0000,approved,high,autogen_identity_from_results_and_contest_slice
2020,president,,Florence - Delmae No. 2,Florence - Delmae No. 2,1.0000,approved,high,autogen_identity_from_results_and_contest_slice
2020,president,,Florence - Ebenezer No. 1,Florence - Ebenezer No. 1,1.0000,approved,high,autogen_identity_from_results_and_contest_slice
2020,president,,Florence - Ebenezer No. 2,Florence - Ebenezer No. 2,1.0000,approved,high,autogen_identity_from_results_and_contest_slice
2020,president,,Florence - Ebenezer No. 3,Florence - Ebenezer No. 3,1.0000,approved,high,autogen_identity_from_results_and_contest_slice
2020,president,,Florence - Effingham,Florence - Effingham,1.0000,approved,high,autogen_identity_from_results_and_contest_slice
2020,president,,Florence - Elim-Glenwood,Florence - Elim-Glenwood,1.0000,approved,high,autogen_identity_from_results_and_contest_slice
2020,president,,Florence - Evergreen,Florence - Evergreen,1.0000,approved,high,autogen_identity_from_results_and_contest_slice
2020,president,,Florence - Florence Ward 1,Florence - Florence Ward 1,1.0000,approved,high,autogen_identity_from_results_and_contest_slice
2020,president,,Florence - Florence Ward 10,Florence - Florence Ward 10,1.0000,approved,high,autogen_identity_from_results_and_contest_slice
2020,president,,Florence - Florence Ward 11,Florence - Florence Ward 11,1.0000,approved,high,autogen_identity_from_results_and_contest_slice
2020,president,,Florence - Florence Ward 12,Florence - Florence Ward 12,1.0000,approved,high,autogen_identity_from_results_and_contest_slice
2020,president,,Florence - Florence Ward 14,Florence - Florence Ward 14,1.0000,approved,high,autogen_identity_from_results_and_contest_slice
2020,president,,Florence - Florence Ward 15,Florence - Florence Ward 15,1.0000,approved,high,autogen_identity_from_results_and_contest_slice
2020,president,,Florence - Florence Ward 2,Florence - Florence Ward 2,1.0000,approved,high,autogen_identity_from_results_and_contest_slice
2020,president,,Florence - Florence Ward 3,Florence - Florence Ward 3,1.0000,approved,high,autogen_identity_from_results_and_contest_slice
2020,president,,Florence - Florence Ward 4,Florence - Florence Ward 4,1.0000,approved,high,autogen_identity_from_results_and_contest_slice
2020,president,,Florence - Florence Ward 5,Florence - Florence Ward 5,1.0000,approved,high,autogen_identity_from_results_and_contest_slice
2020,president,,Florence - Florence Ward 6,Florence - Florence Ward 6,1.0000,approved,high,autogen_identity_from_results_and_contest_slice
2020,president,,Florence - Florence Ward 7,Florence - Florence Ward 7,1.0000,approved,high,autogen_identity_from_results_and_contest_slice
2020,president,,Florence - Florence Ward 8,Florence - Florence Ward 8,1.0000,approved,high,autogen_identity_from_results_and_contest_slice
2020,president,,Florence - Florence Ward 9,Florence - Florence Ward 9,1.0000,approved,high,autogen_identity_from_results_and_contest_slice
2020,president,,Florence - Friendfield,Florence - Friendfield,1.0000,approved,high,autogen_identity_from_results_and_contest_slice
2020,president,,Florence - Gilbert,Florence - Gilbert,1.0000,approved,high,autogen_identity_from_results_and_contest_slice
2020,president,,Florence - Greenwood,Florence - Greenwood,1.0000,approved,high,autogen_identity_from_results_and_contest_slice
2020,president,,Florence - Hannah,Florence - Hannah,1.0000,approved,high,autogen_identity_from_results_and_contest_slice
2020,president,,Florence - High Hill,Florence - High Hill,1.0000,approved,high,autogen_identity_from_results_and_contest_slice
2020,president,,Florence - Johnsonville,Florence - Johnsonville,1.0000,approved,high,autogen_identity_from_results_and_contest_slice
2020,president,,Florence - Kingsburg-Stone,Florence - Kingsburg-Stone,1.0000,approved,high,autogen_identity_from_results_and_contest_slice
2020,president,,Florence - Lake City No. 1,Florence - Lake City No. 1,1.0000,approved,high,autogen_identity_from_results_and_contest_slice
2020,president,,Florence - Lake City No. 2,Florence - Lake City No. 2,1.0000,approved,high,autogen_identity_from_results_and_contest_slice
2020,president,,Florence - Lake City No. 3,Florence - Lake City No. 3,1.0000,approved,high,autogen_identity_from_results_and_contest_slice
2020,president,,Florence - Lake City No. 4,Florence - Lake City No. 4,1.0000,approved,high,autogen_identity_from_results_and_contest_slice
2020,president,,Florence - Leo,Florence - Leo,1.0000,approved,high,autogen_identity_from_results_and_contest_slice
2020,president,,Florence - Mars Bluff No. 1,Florence - Mars Bluff No. 1,1.0000,approved,high,autogen_identity_from_results_and_contest_slice
2020,president,,Florence - Mars Bluff No. 2,Florence - Mars Bluff No. 2,1.0000,approved,high,autogen_identity_from_results_and_contest_slice
2020,president,,Florence - Mcallister Mill,Florence - Mcallister Mill,1.0000,approved,high,autogen_identity_from_results_and_contest_slice
2020,president,,Florence - Mill Branch,Florence - Mill Branch,1.0000,approved,high,autogen_identity_from_results_and_contest_slice
2020,president,,Florence - Oak Grove-Sardis,Florence - Oak Grove-Sardis,1.0000,approved,high,autogen_identity_from_results_and_contest_slice
2020,president,,Florence - Olanta,Florence - Olanta,1.0000,approved,high,autogen_identity_from_results_and_contest_slice
2020,president,,Florence - Pamplico No. 1,Florence - Pamplico No. 1,1.0000,approved,high,autogen_identity_from_results_and_contest_slice
2020,president,,Florence - Pamplico No. 2,Florence - Pamplico No. 2,1.0000,approved,high,autogen_identity_from_results_and_contest_slice
2020,president,,Florence - Prospect,Florence - Prospect,1.0000,approved,high,autogen_identity_from_results_and_contest_slice
2020,president,,Florence - Quinby,Florence - Quinby,1.0000,approved,high,autogen_identity_from_results_and_contest_slice
2020,president,,Florence - Salem,Florence - Salem,1.0000,approved,high,autogen_identity_from_results_and_contest_slice
2020,president,,Florence - Savannah Grove,Florence - Savannah Grove,1.0000,approved,high,autogen_identity_from_results_and_contest_slice
2020,president,,Florence - Scranton,Florence - Scranton,1.0000,approved,high,autogen_identity_from_results_and_contest_slice
2020,president,,Florence - South Florence 1,Florence - South Florence 1,1.0000,approved,high,autogen_identity_from_results_and_contest_slice
2020,president,,Florence - South Florence 2,Florence - South Florence 2,1.0000,approved,high,autogen_identity_from_results_and_contest_slice
2020,president,,Florence - Spaulding,Florence - Spaulding,1.0000,approved,high,autogen_identity_from_results_and_contest_slice
2020,president,,Florence - Tans Bay,Florence - Tans Bay,1.0000,approved,high,autogen_identity_from_results_and_contest_slice
2020,president,,Florence - Timmonsville 1,Florence - Timmonsville 1,1.0000,approved,high,autogen_identity_from_results_and_contest_slice
2020,president,,Florence - Timmonsville 2,Florence - Timmonsville 2,1.0000,approved,high,autogen_identity_from_results_and_contest_slice
2020,president,,Florence - Vox,Florence - Vox,1.0000,approved,high,autogen_identity_from_results_and_contest_slice
2020,president,,Florence - West Florence 1,Florence - West Florence 1,1.0000,approved,high,autogen_identity_from_results_and_contest_slice
2020,president,,Florence - West Florence 2,Florence - West Florence 2,1.0000,approved,high,autogen_identity_from_results_and_contest_slice
2020,president,,Georgetown - Andrews,Georgetown - Andrews,1.0000,approved,high,autogen_identity_from_results_and_contest_slice
2020,president,,Georgetown - Andrews Outside,Georgetown - Andrews Outside,1.0000,approved,high,autogen_identity_from_results_and_contest_slice
2020,president,,Georgetown - Bethel,Georgetown - Bethel,1.0000,approved,high,autogen_identity_from_results_and_contest_slice
2020,president,,Georgetown - Black River,Georgetown - Black River,1.0000,approved,high,autogen_identity_from_results_and_contest_slice
2020,president,,Georgetown - Brown'S Ferry,Georgetown - Brown'S Ferry,1.0000,approved,high,autogen_identity_from_results_and_contest_slice
2020,president,,Georgetown - Carver'S Bay,Georgetown - Carver'S Bay,1.0000,approved,high,autogen_identity_from_results_and_contest_slice
2020,president,,Georgetown - Choppee,Georgetown - Choppee,1.0000,approved,high,autogen_identity_from_results_and_contest_slice
2020,president,,Georgetown - Dream Keepers,Georgetown - Dream Keepers,1.0000,approved,high,autogen_identity_from_results_and_contest_slice
2020,president,,Georgetown - Folly Grove,Georgetown - Folly Grove,1.0000,approved,high,autogen_identity_from_results_and_contest_slice
2020,president,,Georgetown - Georgetown No. 1,Georgetown - Georgetown No. 1,1.0000,approved,high,autogen_identity_from_results_and_contest_slice
2020,president,,Georgetown - Georgetown No. 3,Georgetown - Georgetown No. 3,1.0000,approved,high,autogen_identity_from_results_and_contest_slice
2020,president,,Georgetown - Georgetown No. 4,Georgetown - Georgetown No. 4,1.0000,approved,high,autogen_identity_from_results_and_contest_slice
2020,president,,Georgetown - Georgetown No. 5,Georgetown - Georgetown No. 5,1.0000,approved,high,autogen_identity_from_results_and_contest_slice
2020,president,,Georgetown - Kensington,Georgetown - Kensington,1.0000,approved,high,autogen_identity_from_results_and_contest_slice
2020,president,,Georgetown - Lambert Town,Georgetown - Lambert Town,1.0000,approved,high,autogen_identity_from_results_and_contest_slice
2020,president,,Georgetown - Murrell'S Inlet No. 1,Georgetown - Murrell'S Inlet No. 1,1.0000,approved,high,autogen_identity_from_results_and_contest_slice
2020,president,,Georgetown - Murrell'S Inlet No. 2,Georgetown - Murrell'S Inlet No. 2,1.0000,approved,high,autogen_identity_from_results_and_contest_slice
2020,president,,Georgetown - Murrell'S Inlet No. 3,Georgetown - Murrell'S Inlet No. 3,1.0000,approved,high,autogen_identity_from_results_and_contest_slice
2020,president,,Georgetown - Murrell'S Inlet No. 4,Georgetown - Murrell'S Inlet No. 4,1.0000,approved,high,autogen_identity_from_results_and_contest_slice
2020,president,,Georgetown - Myersville,Georgetown - Myersville,1.0000,approved,high,autogen_identity_from_results_and_contest_slice
2020,president,,Georgetown - Pawley'S Island No. 1,Georgetown - Pawley'S Island No. 1,1.0000,approved,high,autogen_identity_from_results_and_contest_slice
2020,president,,Georgetown - Pawley'S Island No. 2,Georgetown - Pawley'S Island No. 2,1.0000,approved,high,autogen_identity_from_results_and_contest_slice
2020,president,,Georgetown - Pawley'S Island No. 3,Georgetown - Pawley'S Island No. 3,1.0000,approved,high,autogen_identity_from_results_and_contest_slice
2020,president,,Georgetown - Pawley'S Island No. 4,Georgetown - Pawley'S Island No. 4,1.0000,approved,high,autogen_identity_from_results_and_contest_slice
2020,president,,Georgetown - Pawley'S Island No. 5,Georgetown - Pawley'S Island No. 5,1.0000,approved,high,autogen_identity_from_results_and_contest_slice
2020,president,,Georgetown - Pee Dee,Georgetown - Pee Dee,1.0000,approved,high,autogen_identity_from_results_and_contest_slice
2020,president,,Georgetown - Penny Royal,Georgetown - Penny Royal,1.0000,approved,high,autogen_identity_from_results_and_contest_slice
2020,president,,Georgetown - Plantersville,Georgetown - Plantersville,1.0000,approved,high,autogen_identity_from_results_and_contest_slice
2020,president,,Georgetown - Pleasant Hill,Georgetown - Pleasant Hill,1.0000,approved,high,autogen_identity_from_results_and_contest_slice
2020,president,,Georgetown - Potato Bed Ferry,Georgetown - Potato Bed Ferry,1.0000,approved,high,autogen_identity_from_results_and_contest_slice
2020,president,,Georgetown - Sampit,Georgetown - Sampit,1.0000,approved,high,autogen_identity_from_results_and_contest_slice
2020,president,,Georgetown - Santee,Georgetown - Santee,1.0000,approved,high,autogen_identity_from_results_and_contest_slice
2020,president,,Georgetown - Spring Gully,Georgetown - Spring Gully,1.0000,approved,high,autogen_identity_from_results_and_contest_slice
2020,president,,Georgetown - Winyah Bay,Georgetown - Winyah Bay,1.0000,approved,high,autogen_identity_from_results_and_contest_slice
2020,president,,Greenville - Aiken,Greenville - Aiken,1.0000,approved,high,autogen_identity_from_results_and_contest_slice
2020,president,,Greenville - Altamont Forest,Greenville - Altamont Forest,1.0000,approved,high,autogen_identity_from_results_and_contest_slice
2020,president,,Greenville - Asheton Lakes,Greenville - Asheton Lakes,1.0000,approved,high,autogen_identity_from_results_and_contest_slice
2020,president,,Greenville - Avon,Greenville - Avon,1.0000,approved,high,autogen_identity_from_results_and_contest_slice
2020,president,,Greenville - Baker Creek,Greenville - Baker Creek,1.0000,approved,high,autogen_identity_from_results_and_contest_slice
2020,president,,Greenville - Belle Meade,Greenville - Belle Meade,1.0000,approved,high,autogen_identity_from_results_and_contest_slice
2020,president,,Greenville - Bells Crossing,Greenville - Bells Crossing,1.0000,approved,high,autogen_identity_from_results_and_contest_slice
2020,president,,Greenville - Belmont,Greenville - Belmont,1.0000,approved,high,autogen_identity_from_results_and_contest_slice
2020,president,,Greenville - Berea,Greenville - Berea,1.0000,approved,high,autogen_identity_from_results_and_contest_slice
2020,president,,Greenville - Boiling Springs,Greenville - Boiling Springs,1.0000,approved,high,autogen_identity_from_results_and_contest_slice
2020,president,,Greenville - Botany Woods,Greenville - Botany Woods,1.0000,approved,high,autogen_identity_from_results_and_contest_slice
2020,president,,Greenville - Bridge Fork,Greenville - Bridge Fork,1.0000,approved,high,autogen_identity_from_results_and_contest_slice
2020,president,,Greenville - Brookglenn,Greenville - Brookglenn,1.0000,approved,high,autogen_identity_from_results_and_contest_slice
2020,president,,Greenville - Canebrake,Greenville - Canebrake,1.0000,approved,high,autogen_identity_from_results_and_contest_slice
2020,president,,Greenville - Carolina,Greenville - Carolina,1.0000,approved,high,autogen_identity_from_results_and_contest_slice
2020,president,,Greenville - Castle Rock,Greenville - Castle Rock,1.0000,approved,high,autogen_identity_from_results_and_contest_slice
2020,president,,Greenville - Chestnut Hills,Greenville - Chestnut Hills,1.0000,approved,high,autogen_identity_from_results_and_contest_slice
2020,president,,Greenville - Circle Creek,Greenville - Circle Creek,1.0000,approved,high,autogen_identity_from_results_and_contest_slice
2020,president,,Greenville - Clear Creek,Greenville - Clear Creek,1.0000,approved,high,autogen_identity_from_results_and_contest_slice
2020,president,,Greenville - Conestee,Greenville - Conestee,1.0000,approved,high,autogen_identity_from_results_and_contest_slice
2020,president,,Greenville - Darby Ridge,Greenville - Darby Ridge,1.0000,approved,high,autogen_identity_from_results_and_contest_slice
2020,president,,Greenville - Del Norte,Greenville - Del Norte,1.0000,approved,high,autogen_identity_from_results_and_contest_slice
2020,president,,Greenville - Devenger,Greenville - Devenger,1.0000,approved,high,autogen_identity_from_results_and_contest_slice
2020,president,,Greenville - Donaldson,Greenville - Donaldson,1.0000,approved,high,autogen_identity_from_results_and_contest_slice
2020,president,,Greenville - Dove Tree,Greenville - Dove Tree,1.0000,approved,high,autogen_identity_from_results_and_contest_slice
2020,president,,Greenville - Dunklin,Greenville - Dunklin,1.0000,approved,high,autogen_identity_from_results_and_contest_slice
2020,president,,Greenville - Eastside,Greenville - Eastside,1.0000,approved,high,autogen_identity_from_results_and_contest_slice
2020,president,,Greenville - Ebenezer,Greenville - Ebenezer,1.0000,approved,high,autogen_identity_from_results_and_contest_slice
2020,president,,Greenville - Edwards Forest,Greenville - Edwards Forest,1.0000,approved,high,autogen_identity_from_results_and_contest_slice
2020,president,,Greenville - Enoree,Greenville - Enoree,1.0000,approved,high,autogen_identity_from_results_and_contest_slice
2020,president,,Greenville - Feaster,Greenville - Feaster,1.0000,approved,high,autogen_identity_from_results_and_contest_slice
2020,president,,Greenville - Fork Shoals,Greenville - Fork Shoals,1.0000,approved,high,autogen_identity_from_results_and_contest_slice
2020,president,,Greenville - Fountain Inn 1,Greenville - Fountain Inn 1,1.0000,approved,high,autogen_identity_from_results_and_contest_slice
2020,president,,Greenville - Fountain Inn 2,Greenville - Fountain Inn 2,1.0000,approved,high,autogen_identity_from_results_and_contest_slice
2020,president,,Greenville - Fox Chase,Greenville - Fox Chase,1.0000,approved,high,autogen_identity_from_results_and_contest_slice
2020,president,,Greenville - Frohawk,Greenville - Frohawk,1.0000,approved,high,autogen_identity_from_results_and_contest_slice
2020,president,,Greenville - Furman,Greenville - Furman,1.0000,approved,high,autogen_identity_from_results_and_contest_slice
2020,president,,Greenville - Gowensville,Greenville - Gowensville,1.0000,approved,high,autogen_identity_from_results_and_contest_slice
2020,president,,Greenville - Granite Creek,Greenville - Granite Creek,1.0000,approved,high,autogen_identity_from_results_and_contest_slice
2020,president,,Greenville - Graze Branch,Greenville - Graze Branch,1.0000,approved,high,autogen_identity_from_results_and_contest_slice
2020,president,,Greenville - Greenbriar,Greenville - Greenbriar,1.0000,approved,high,autogen_identity_from_results_and_contest_slice
2020,president,,Greenville - Greenville 1,Greenville - Greenville 1,1.0000,approved,high,autogen_identity_from_results_and_contest_slice
2020,president,,Greenville - Greenville 10,Greenville - Greenville 10,1.0000,approved,high,autogen_identity_from_results_and_contest_slice
2020,president,,Greenville - Greenville 14,Greenville - Greenville 14,1.0000,approved,high,autogen_identity_from_results_and_contest_slice
2020,president,,Greenville - Greenville 16,Greenville - Greenville 16,1.0000,approved,high,autogen_identity_from_results_and_contest_slice
2020,president,,Greenville - Greenville 17,Greenville - Greenville 17,1.0000,approved,high,autogen_identity_from_results_and_contest_slice
2020,president,,Greenville - Greenville 18,Greenville - Greenville 18,1.0000,approved,high,autogen_identity_from_results_and_contest_slice
2020,president,,Greenville - Greenville 19,Greenville - Greenville 19,1.0000,approved,high,autogen_identity_from_results_and_contest_slice
2020,president,,Greenville - Greenville 20,Greenville - Greenville 20,1.0000,approved,high,autogen_identity_from_results_and_contest_slice
2020,president,,Greenville - Greenville 21,Greenville - Greenville 21,1.0000,approved,high,autogen_identity_from_results_and_contest_slice
2020,president,,Greenville - Greenville 22,Greenville - Greenville 22,1.0000,approved,high,autogen_identity_from_results_and_contest_slice
2020,president,,Greenville - Greenville 23,Greenville - Greenville 23,1.0000,approved,high,autogen_identity_from_results_and_contest_slice
2020,president,,Greenville - Greenville 24,Greenville - Greenville 24,1.0000,approved,high,autogen_identity_from_results_and_contest_slice
2020,president,,Greenville - Greenville 25,Greenville - Greenville 25,1.0000,approved,high,autogen_identity_from_results_and_contest_slice
2020,president,,Greenville - Greenville 26,Greenville - Greenville 26,1.0000,approved,high,autogen_identity_from_results_and_contest_slice
2020,president,,Greenville - Greenville 27,Greenville - Greenville 27,1.0000,approved,high,autogen_identity_from_results_and_contest_slice
2020,president,,Greenville - Greenville 28,Greenville - Greenville 28,1.0000,approved,high,autogen_identity_from_results_and_contest_slice
2020,president,,Greenville - Greenville 29,Greenville - Greenville 29,1.0000,approved,high,autogen_identity_from_results_and_contest_slice
2020,president,,Greenville - Greenville 3,Greenville - Greenville 3,1.0000,approved,high,autogen_identity_from_results_and_contest_slice
2020,president,,Greenville - Greenville 4,Greenville - Greenville 4,1.0000,approved,high,autogen_identity_from_results_and_contest_slice
2020,president,,Greenville - Greenville 5,Greenville - Greenville 5,1.0000,approved,high,autogen_identity_from_results_and_contest_slice
2020,president,,Greenville - Greenville 6,Greenville - Greenville 6,1.0000,approved,high,autogen_identity_from_results_and_contest_slice
2020,president,,Greenville - Greenville 7,Greenville - Greenville 7,1.0000,approved,high,autogen_identity_from_results_and_contest_slice
2020,president,,Greenville - Greenville 8,Greenville - Greenville 8,1.0000,approved,high,autogen_identity_from_results_and_contest_slice
2020,president,,Greenville - Grove,Greenville - Grove,1.0000,approved,high,autogen_identity_from_results_and_contest_slice
2020,president,,Greenville - Hillcrest,Greenville - Hillcrest,1.0000,approved,high,autogen_identity_from_results_and_contest_slice
2020,president,,Greenville - Holly Tree,Greenville - Holly Tree,1.0000,approved,high,autogen_identity_from_results_and_contest_slice
2020,president,,Greenville - Jennings Mill,Greenville - Jennings Mill,1.0000,approved,high,autogen_identity_from_results_and_contest_slice
2020,president,,Greenville - Kilgore Farms,Greenville - Kilgore Farms,1.0000,approved,high,autogen_identity_from_results_and_contest_slice
2020,president,,Greenville - Lakeview,Greenville - Lakeview,1.0000,approved,high,autogen_identity_from_results_and_contest_slice
2020,president,,Greenville - Laurel Ridge,Greenville - Laurel Ridge,1.0000,approved,high,autogen_identity_from_results_and_contest_slice
2020,president,,Greenville - Leawood,Greenville - Leawood,1.0000,approved,high,autogen_identity_from_results_and_contest_slice
2020,president,,Greenville - Locust Hill,Greenville - Locust Hill,1.0000,approved,high,autogen_identity_from_results_and_contest_slice
2020,president,,Greenville - Long Creek,Greenville - Long Creek,1.0000,approved,high,autogen_identity_from_results_and_contest_slice
2020,president,,Greenville - Maple Creek,Greenville - Maple Creek,1.0000,approved,high,autogen_identity_from_results_and_contest_slice
2020,president,,Greenville - Maridell,Greenville - Maridell,1.0000,approved,high,autogen_identity_from_results_and_contest_slice
2020,president,,Greenville - Mauldin 1,Greenville - Mauldin 1,1.0000,approved,high,autogen_identity_from_results_and_contest_slice
2020,president,,Greenville - Mauldin 2,Greenville - Mauldin 2,1.0000,approved,high,autogen_identity_from_results_and_contest_slice
2020,president,,Greenville - Mauldin 3,Greenville - Mauldin 3,1.0000,approved,high,autogen_identity_from_results_and_contest_slice
2020,president,,Greenville - Mauldin 4,Greenville - Mauldin 4,1.0000,approved,high,autogen_identity_from_results_and_contest_slice
2020,president,,Greenville - Mauldin 5,Greenville - Mauldin 5,1.0000,approved,high,autogen_identity_from_results_and_contest_slice
2020,president,,Greenville - Mauldin 6,Greenville - Mauldin 6,1.0000,approved,high,autogen_identity_from_results_and_contest_slice
2020,president,,Greenville - Mauldin 7,Greenville - Mauldin 7,1.0000,approved,high,autogen_identity_from_results_and_contest_slice
2020,president,,Greenville - Mission,Greenville - Mission,1.0000,approved,high,autogen_identity_from_results_and_contest_slice
2020,president,,Greenville - Monaview,Greenville - Monaview,1.0000,approved,high,autogen_identity_from_results_and_contest_slice
2020,president,,Greenville - Moore Creek,Greenville - Moore Creek,1.0000,approved,high,autogen_identity_from_results_and_contest_slice
2020,president,,Greenville - Mountain Creek,Greenville - Mountain Creek,1.0000,approved,high,autogen_identity_from_results_and_contest_slice
2020,president,,Greenville - Mountain View,Greenville - Mountain View,1.0000,approved,high,autogen_identity_from_results_and_contest_slice
2020,president,,Greenville - Mt. Pleasant,Greenville - Mt. Pleasant,1.0000,approved,high,autogen_identity_from_results_and_contest_slice
2020,president,,Greenville - Neely Farms,Greenville - Neely Farms,1.0000,approved,high,autogen_identity_from_results_and_contest_slice
2020,president,,Greenville - Northwood,Greenville - Northwood,1.0000,approved,high,autogen_identity_from_results_and_contest_slice
2020,president,,Greenville - Oakview,Greenville - Oakview,1.0000,approved,high,autogen_identity_from_results_and_contest_slice
2020,president,,Greenville - Oneal,Greenville - Oneal,1.0000,approved,high,autogen_identity_from_results_and_contest_slice
2020,president,,Greenville - Palmetto,Greenville - Palmetto,1.0000,approved,high,autogen_identity_from_results_and_contest_slice
2020,president,,Greenville - Paris Mountain,Greenville - Paris Mountain,1.0000,approved,high,autogen_identity_from_results_and_contest_slice
2020,president,,Greenville - Pebble Creek,Greenville - Pebble Creek,1.0000,approved,high,autogen_identity_from_results_and_contest_slice
2020,president,,Greenville - Pelham Falls,Greenville - Pelham Falls,1.0000,approved,high,autogen_identity_from_results_and_contest_slice
2020,president,,Greenville - Piedmont,Greenville - Piedmont,1.0000,approved,high,autogen_identity_from_results_and_contest_slice
2020,president,,Greenville - Pineview,Greenville - Pineview,1.0000,approved,high,autogen_identity_from_results_and_contest_slice
2020,president,,Greenville - Poinsett,Greenville - Poinsett,1.0000,approved,high,autogen_identity_from_results_and_contest_slice
2020,president,,Greenville - Raintree,Greenville - Raintree,1.0000,approved,high,autogen_identity_from_results_and_contest_slice
2020,president,,Greenville - Ranch Creek,Greenville - Ranch Creek,1.0000,approved,high,autogen_identity_from_results_and_contest_slice
2020,president,,Greenville - Reedy Fork,Greenville - Reedy Fork,1.0000,approved,high,autogen_identity_from_results_and_contest_slice
2020,president,,Greenville - Riverside,Greenville - Riverside,1.0000,approved,high,autogen_identity_from_results_and_contest_slice
2020,president,,Greenville - Riverwalk,Greenville - Riverwalk,1.0000,approved,high,autogen_identity_from_results_and_contest_slice
2020,president,,Greenville - Rock Hill,Greenville - Rock Hill,1.0000,approved,high,autogen_identity_from_results_and_contest_slice
2020,president,,Greenville - Rocky Creek,Greenville - Rocky Creek,1.0000,approved,high,autogen_identity_from_results_and_contest_slice
2020,president,,Greenville - Rolling Green,Greenville - Rolling Green,1.0000,approved,high,autogen_identity_from_results_and_contest_slice
2020,president,,Greenville - Royal Oaks,Greenville - Royal Oaks,1.0000,approved,high,autogen_identity_from_results_and_contest_slice
2020,president,,Greenville - Saluda,Greenville - Saluda,1.0000,approved,high,autogen_identity_from_results_and_contest_slice
2020,president,,Greenville - Sandy Flat,Greenville - Sandy Flat,1.0000,approved,high,autogen_identity_from_results_and_contest_slice
2020,president,,Greenville - Sevier,Greenville - Sevier,1.0000,approved,high,autogen_identity_from_results_and_contest_slice
2020,president,,Greenville - Silverleaf,Greenville - Silverleaf,1.0000,approved,high,autogen_identity_from_results_and_contest_slice
2020,president,,Greenville - Simpsonville 1,Greenville - Simpsonville 1,1.0000,approved,high,autogen_identity_from_results_and_contest_slice
2020,president,,Greenville - Simpsonville 2,Greenville - Simpsonville 2,1.0000,approved,high,autogen_identity_from_results_and_contest_slice
2020,president,,Greenville - Simpsonville 3,Greenville - Simpsonville 3,1.0000,approved,high,autogen_identity_from_results_and_contest_slice
2020,president,,Greenville - Simpsonville 4,Greenville - Simpsonville 4,1.0000,approved,high,autogen_identity_from_results_and_contest_slice
2020,president,,Greenville - Simpsonville 5,Greenville - Simpsonville 5,1.0000,approved,high,autogen_identity_from_results_and_contest_slice
2020,president,,Greenville - Simpsonville 6,Greenville - Simpsonville 6,1.0000,approved,high,autogen_identity_from_results_and_contest_slice
2020,president,,Greenville - Skyland,Greenville - Skyland,1.0000,approved,high,autogen_identity_from_results_and_contest_slice
2020,president,,Greenville - Slater Marietta,Greenville - Slater Marietta,1.0000,approved,high,autogen_identity_from_results_and_contest_slice
2020,president,,Greenville - Southside,Greenville - Southside,1.0000,approved,high,autogen_identity_from_results_and_contest_slice
2020,president,,Greenville - Sparrows Point,Greenville - Sparrows Point,1.0000,approved,high,autogen_identity_from_results_and_contest_slice
2020,president,,Greenville - Spring Forest,Greenville - Spring Forest,1.0000,approved,high,autogen_identity_from_results_and_contest_slice
2020,president,,Greenville - Standing Springs,Greenville - Standing Springs,1.0000,approved,high,autogen_identity_from_results_and_contest_slice
2020,president,,Greenville - Stone Valley,Greenville - Stone Valley,1.0000,approved,high,autogen_identity_from_results_and_contest_slice
2020,president,,Greenville - Stonehaven,Greenville - Stonehaven,1.0000,approved,high,autogen_identity_from_results_and_contest_slice
2020,president,,Greenville - Suber Mill,Greenville - Suber Mill,1.0000,approved,high,autogen_identity_from_results_and_contest_slice
2020,president,,Greenville - Sugar Creek,Greenville - Sugar Creek,1.0000,approved,high,autogen_identity_from_results_and_contest_slice
2020,president,,Greenville - Sulphur Springs,Greenville - Sulphur Springs,1.0000,approved,high,autogen_identity_from_results_and_contest_slice
2020,president,,Greenville - Sycamore,Greenville - Sycamore,1.0000,approved,high,autogen_identity_from_results_and_contest_slice
2020,president,,Greenville - Tanglewood,Greenville - Tanglewood,1.0000,approved,high,autogen_identity_from_results_and_contest_slice
2020,president,,Greenville - Taylors,Greenville - Taylors,1.0000,approved,high,autogen_identity_from_results_and_contest_slice
2020,president,,Greenville - Thornblade,Greenville - Thornblade,1.0000,approved,high,autogen_identity_from_results_and_contest_slice
2020,president,,Greenville - Tigerville,Greenville - Tigerville,1.0000,approved,high,autogen_identity_from_results_and_contest_slice
2020,president,,Greenville - Timberlake,Greenville - Timberlake,1.0000,approved,high,autogen_identity_from_results_and_contest_slice
2020,president,,Greenville - Trade,Greenville - Trade,1.0000,approved,high,autogen_identity_from_results_and_contest_slice
2020,president,,Greenville - Travelers Rest 1,Greenville - Travelers Rest 1,1.0000,approved,high,autogen_identity_from_results_and_contest_slice
2020,president,,Greenville - Travelers Rest 2,Greenville - Travelers Rest 2,1.0000,approved,high,autogen_identity_from_results_and_contest_slice
2020,president,,Greenville - Tubbs Mountain,Greenville - Tubbs Mountain,1.0000,approved,high,autogen_identity_from_results_and_contest_slice
2020,president,,Greenville - Tyger River,Greenville - Tyger River,1.0000,approved,high,autogen_identity_from_results_and_contest_slice
2020,president,,Greenville - Verdmont,Greenville - Verdmont,1.0000,approved,high,autogen_identity_from_results_and_contest_slice
2020,president,,Greenville - Wade Hampton,Greenville - Wade Hampton,1.0000,approved,high,autogen_identity_from_results_and_contest_slice
2020,president,,Greenville - Walnut Springs,Greenville - Walnut Springs,1.0000,approved,high,autogen_identity_from_results_and_contest_slice
2020,president,,Greenville - Ware Place,Greenville - Ware Place,1.0000,approved,high,autogen_identity_from_results_and_contest_slice
2020,president,,Greenville - Welcome,Greenville - Welcome,1.0000,approved,high,autogen_identity_from_results_and_contest_slice
2020,president,,Greenville - Wellington,Greenville - Wellington,1.0000,approved,high,autogen_identity_from_results_and_contest_slice
2020,president,,Greenville - Westcliffe,Greenville - Westcliffe,1.0000,approved,high,autogen_identity_from_results_and_contest_slice
2020,president,,Greenville - Westside,Greenville - Westside,1.0000,approved,high,autogen_identity_from_results_and_contest_slice
2020,president,,Greenville - Woodmont,Greenville - Woodmont,1.0000,approved,high,autogen_identity_from_results_and_contest_slice
2020,president,,Greenville - Woodruff Lakes,Greenville - Woodruff Lakes,1.0000,approved,high,autogen_identity_from_results_and_contest_slice
2020,president,,Greenwood - Airport,Greenwood - Airport,1.0000,approved,high,autogen_identity_from_results_and_contest_slice
2020,president,,Greenwood - Allie'S Crossing,Greenwood - Allie'S Crossing,1.0000,approved,high,autogen_identity_from_results_and_contest_slice
2020,president,,Greenwood - Angel Oak'S Crossing,Greenwood - Angel Oak'S Crossing,1.0000,approved,high,autogen_identity_from_results_and_contest_slice
2020,president,,Greenwood - Ashley River Run,Greenwood - Ashley River Run,1.0000,approved,high,autogen_identity_from_results_and_contest_slice
2020,president,,Greenwood - Bee'S Ferry,Greenwood - Bee'S Ferry,1.0000,approved,high,autogen_identity_from_results_and_contest_slice
2020,president,,Greenwood - Biltmore Pines,Greenwood - Biltmore Pines,1.0000,approved,high,autogen_identity_from_results_and_contest_slice
2020,president,,Greenwood - Bradley,Greenwood - Bradley,1.0000,approved,high,autogen_identity_from_results_and_contest_slice
2020,president,,Greenwood - Callison,Greenwood - Callison,1.0000,approved,high,autogen_identity_from_results_and_contest_slice
2020,president,,Greenwood - Civic Center,Greenwood - Civic Center,1.0000,approved,high,autogen_identity_from_results_and_contest_slice
2020,president,,Greenwood - Cokesbury,Greenwood - Cokesbury,1.0000,approved,high,autogen_identity_from_results_and_contest_slice
2020,president,,Greenwood - Coronaca,Greenwood - Coronaca,1.0000,approved,high,autogen_identity_from_results_and_contest_slice
2020,president,,Greenwood - Emerald,Greenwood - Emerald,1.0000,approved,high,autogen_identity_from_results_and_contest_slice
2020,president,,Greenwood - Emerald High,Greenwood - Emerald High,1.0000,approved,high,autogen_identity_from_results_and_contest_slice
2020,president,,Greenwood - Epworth,Greenwood - Epworth,1.0000,approved,high,autogen_identity_from_results_and_contest_slice
2020,president,,Greenwood - Fairhope Ferry,Greenwood - Fairhope Ferry,1.0000,approved,high,autogen_identity_from_results_and_contest_slice
2020,president,,Greenwood - Georgetown,Greenwood - Georgetown,1.0000,approved,high,autogen_identity_from_results_and_contest_slice
2020,president,,Greenwood - Gideon'S Way,Greenwood - Gideon'S Way,1.0000,approved,high,autogen_identity_from_results_and_contest_slice
2020,president,,Greenwood - Glendale,Greenwood - Glendale,1.0000,approved,high,autogen_identity_from_results_and_contest_slice
2020,president,,Greenwood - Graham'S Glen,Greenwood - Graham'S Glen,1.0000,approved,high,autogen_identity_from_results_and_contest_slice
2020,president,,Greenwood - Grandiflora Glen,Greenwood - Grandiflora Glen,1.0000,approved,high,autogen_identity_from_results_and_contest_slice
2020,president,,Greenwood - Greenwood High,Greenwood - Greenwood High,1.0000,approved,high,autogen_identity_from_results_and_contest_slice
2020,president,,Greenwood - Greenwood Mill,Greenwood - Greenwood Mill,1.0000,approved,high,autogen_identity_from_results_and_contest_slice
2020,president,,Greenwood - Harris,Greenwood - Harris,1.0000,approved,high,autogen_identity_from_results_and_contest_slice
2020,president,,Greenwood - Hodges,Greenwood - Hodges,1.0000,approved,high,autogen_identity_from_results_and_contest_slice
2020,president,,Greenwood - Hope'S Ferry,Greenwood - Hope'S Ferry,1.0000,approved,high,autogen_identity_from_results_and_contest_slice
2020,president,,Greenwood - Laco,Greenwood - Laco,1.0000,approved,high,autogen_identity_from_results_and_contest_slice
2020,president,,Greenwood - Levi'S Knoll,Greenwood - Levi'S Knoll,1.0000,approved,high,autogen_identity_from_results_and_contest_slice
2020,president,,Greenwood - Liberty,Greenwood - Liberty,1.0000,approved,high,autogen_identity_from_results_and_contest_slice
2020,president,,Greenwood - Loblolly Pines,Greenwood - Loblolly Pines,1.0000,approved,high,autogen_identity_from_results_and_contest_slice
2020,president,,Greenwood - Lower Lake,Greenwood - Lower Lake,1.0000,approved,high,autogen_identity_from_results_and_contest_slice
2020,president,,Greenwood - Marshall Oaks,Greenwood - Marshall Oaks,1.0000,approved,high,autogen_identity_from_results_and_contest_slice
2020,president,,Greenwood - Maxwellton Pike,Greenwood - Maxwellton Pike,1.0000,approved,high,autogen_identity_from_results_and_contest_slice
2020,president,,Greenwood - Mimosa Crest,Greenwood - Mimosa Crest,1.0000,approved,high,autogen_identity_from_results_and_contest_slice
2020,president,,Greenwood - Mountain Laurel,Greenwood - Mountain Laurel,1.0000,approved,high,autogen_identity_from_results_and_contest_slice
2020,president,,Greenwood - New Castle,Greenwood - New Castle,1.0000,approved,high,autogen_identity_from_results_and_contest_slice
2020,president,,Greenwood - New Market,Greenwood - New Market,1.0000,approved,high,autogen_identity_from_results_and_contest_slice
2020,president,,Greenwood - Ninety Six,Greenwood - Ninety Six,1.0000,approved,high,autogen_identity_from_results_and_contest_slice
2020,president,,Greenwood - Ninety Six Mill,Greenwood - Ninety Six Mill,1.0000,approved,high,autogen_identity_from_results_and_contest_slice
2020,president,,Greenwood - Parson'S Mill,Greenwood - Parson'S Mill,1.0000,approved,high,autogen_identity_from_results_and_contest_slice
2020,president,,Greenwood - Pebble Stone Way,Greenwood - Pebble Stone Way,1.0000,approved,high,autogen_identity_from_results_and_contest_slice
2020,president,,Greenwood - Pinecrest,Greenwood - Pinecrest,1.0000,approved,high,autogen_identity_from_results_and_contest_slice
2020,president,,Greenwood - Riley,Greenwood - Riley,1.0000,approved,high,autogen_identity_from_results_and_contest_slice
2020,president,,Greenwood - Rutherford Shoals,Greenwood - Rutherford Shoals,1.0000,approved,high,autogen_identity_from_results_and_contest_slice
2020,president,,Greenwood - Sandridge,Greenwood - Sandridge,1.0000,approved,high,autogen_identity_from_results_and_contest_slice
2020,president,,Greenwood - Shoals Junction,Greenwood - Shoals Junction,1.0000,approved,high,autogen_identity_from_results_and_contest_slice
2020,president,,Greenwood - Sparrows Grace,Greenwood - Sparrows Grace,1.0000,approved,high,autogen_identity_from_results_and_contest_slice
2020,president,,Greenwood - Stonewood,Greenwood - Stonewood,1.0000,approved,high,autogen_identity_from_results_and_contest_slice
2020,president,,Greenwood - Troy,Greenwood - Troy,1.0000,approved,high,autogen_identity_from_results_and_contest_slice
2020,president,,Greenwood - Verdery,Greenwood - Verdery,1.0000,approved,high,autogen_identity_from_results_and_contest_slice
2020,president,,Greenwood - Ware Shoals,Greenwood - Ware Shoals,1.0000,approved,high,autogen_identity_from_results_and_contest_slice
2020,president,,Hampton - Black Creek,Hampton - Black Creek,1.0000,approved,high,autogen_identity_from_results_and_contest_slice
2020,president,,Hampton - Bonnett,Hampton - Bonnett,1.0000,approved,high,autogen_identity_from_results_and_contest_slice
2020,president,,Hampton - Brunson,Hampton - Brunson,1.0000,approved,high,autogen_identity_from_results_and_contest_slice
2020,president,,Hampton - Crocket-Miley,Hampton - Crocket-Miley,1.0000,approved,high,autogen_identity_from_results_and_contest_slice
2020,president,,Hampton - Cummings,Hampton - Cummings,1.0000,approved,high,autogen_identity_from_results_and_contest_slice
2020,president,,Hampton - Early Branch,Hampton - Early Branch,1.0000,approved,high,autogen_identity_from_results_and_contest_slice
2020,president,,Hampton - Estill,Hampton - Estill,1.0000,approved,high,autogen_identity_from_results_and_contest_slice
2020,president,,Hampton - Furman,Hampton - Furman,1.0000,approved,high,autogen_identity_from_results_and_contest_slice
2020,president,,Hampton - Garnett,Hampton - Garnett,1.0000,approved,high,autogen_identity_from_results_and_contest_slice
2020,president,,Hampton - Gifford,Hampton - Gifford,1.0000,approved,high,autogen_identity_from_results_and_contest_slice
2020,president,,Hampton - Hopewell,Hampton - Hopewell,1.0000,approved,high,autogen_identity_from_results_and_contest_slice
2020,president,,Hampton - Horse Gall,Hampton - Horse Gall,1.0000,approved,high,autogen_identity_from_results_and_contest_slice
2020,president,,Hampton - Rivers Mill,Hampton - Rivers Mill,1.0000,approved,high,autogen_identity_from_results_and_contest_slice
2020,president,,Hampton - Scotia,Hampton - Scotia,1.0000,approved,high,autogen_identity_from_results_and_contest_slice
2020,president,,Hampton - Varnville,Hampton - Varnville,1.0000,approved,high,autogen_identity_from_results_and_contest_slice
2020,president,,Hampton - Yemassee,Hampton - Yemassee,1.0000,approved,high,autogen_identity_from_results_and_contest_slice
2020,president,,Horry - Adrian,Horry - Adrian,1.0000,approved,high,autogen_identity_from_results_and_contest_slice
2020,president,,Horry - Allsbrook,Horry - Allsbrook,1.0000,approved,high,autogen_identity_from_results_and_contest_slice
2020,president,,Horry - Atlantic Beach,Horry - Atlantic Beach,1.0000,approved,high,autogen_identity_from_results_and_contest_slice
2020,president,,Horry - Aynor,Horry - Aynor,1.0000,approved,high,autogen_identity_from_results_and_contest_slice
2020,president,,Horry - Bayboro-Gurley,Horry - Bayboro-Gurley,1.0000,approved,high,autogen_identity_from_results_and_contest_slice
2020,president,,Horry - Brooksville #1,Horry - Brooksville #1,1.0000,approved,high,autogen_identity_from_results_and_contest_slice
2020,president,,Horry - Brooksville #2,Horry - Brooksville #2,1.0000,approved,high,autogen_identity_from_results_and_contest_slice
2020,president,,Horry - Brownway,Horry - Brownway,1.0000,approved,high,autogen_identity_from_results_and_contest_slice
2020,president,,Horry - Burgess #1,Horry - Burgess #1,1.0000,approved,high,autogen_identity_from_results_and_contest_slice
2020,president,,Horry - Burgess #2,Horry - Burgess #2,1.0000,approved,high,autogen_identity_from_results_and_contest_slice
2020,president,,Horry - Burgess #3,Horry - Burgess #3,1.0000,approved,high,autogen_identity_from_results_and_contest_slice
2020,president,,Horry - Burgess #4,Horry - Burgess #4,1.0000,approved,high,autogen_identity_from_results_and_contest_slice
2020,president,,Horry - Carolina Bays,Horry - Carolina Bays,1.0000,approved,high,autogen_identity_from_results_and_contest_slice
2020,president,,Horry - Carolina Forest #1,Horry - Carolina Forest #1,1.0000,approved,high,autogen_identity_from_results_and_contest_slice
2020,president,,Horry - Carolina Forest #2,Horry - Carolina Forest #2,1.0000,approved,high,autogen_identity_from_results_and_contest_slice
2020,president,,Horry - Cedar Grove,Horry - Cedar Grove,1.0000,approved,high,autogen_identity_from_results_and_contest_slice
2020,president,,Horry - Cherry Grove #1,Horry - Cherry Grove #1,1.0000,approved,high,autogen_identity_from_results_and_contest_slice
2020,president,,Horry - Cherry Grove #2,Horry - Cherry Grove #2,1.0000,approved,high,autogen_identity_from_results_and_contest_slice
2020,president,,Horry - Coastal Carolina,Horry - Coastal Carolina,1.0000,approved,high,autogen_identity_from_results_and_contest_slice
2020,president,,Horry - Coastal Lane #1,Horry - Coastal Lane #1,1.0000,approved,high,autogen_identity_from_results_and_contest_slice
2020,president,,Horry - Coastal Lane #2,Horry - Coastal Lane #2,1.0000,approved,high,autogen_identity_from_results_and_contest_slice
2020,president,,Horry - Cool Springs,Horry - Cool Springs,1.0000,approved,high,autogen_identity_from_results_and_contest_slice
2020,president,,Horry - Cresent,Horry - Cresent,1.0000,approved,high,autogen_identity_from_results_and_contest_slice
2020,president,,Horry - Daisy,Horry - Daisy,1.0000,approved,high,autogen_identity_from_results_and_contest_slice
2020,president,,Horry - Deerfield,Horry - Deerfield,1.0000,approved,high,autogen_identity_from_results_and_contest_slice
2020,president,,Horry - Dogbluff,Horry - Dogbluff,1.0000,approved,high,autogen_identity_from_results_and_contest_slice
2020,president,,Horry - Dogwood,Horry - Dogwood,1.0000,approved,high,autogen_identity_from_results_and_contest_slice
2020,president,,Horry - Dunes #1,Horry - Dunes #1,1.0000,approved,high,autogen_identity_from_results_and_contest_slice
2020,president,,Horry - Dunes #2,Horry - Dunes #2,1.0000,approved,high,autogen_identity_from_results_and_contest_slice
2020,president,,Horry - Dunes #3,Horry - Dunes #3,1.0000,approved,high,autogen_identity_from_results_and_contest_slice
2020,president,,Horry - East Conway,Horry - East Conway,1.0000,approved,high,autogen_identity_from_results_and_contest_slice
2020,president,,Horry - East Loris,Horry - East Loris,1.0000,approved,high,autogen_identity_from_results_and_contest_slice
2020,president,,Horry - Ebenezer,Horry - Ebenezer,1.0000,approved,high,autogen_identity_from_results_and_contest_slice
2020,president,,Horry - Emerald Forest #1,Horry - Emerald Forest #1,1.0000,approved,high,autogen_identity_from_results_and_contest_slice
2020,president,,Horry - Emerald Forest #2,Horry - Emerald Forest #2,1.0000,approved,high,autogen_identity_from_results_and_contest_slice
2020,president,,Horry - Emerald Forest #3,Horry - Emerald Forest #3,1.0000,approved,high,autogen_identity_from_results_and_contest_slice
2020,president,,Horry - Forestbrook,Horry - Forestbrook,1.0000,approved,high,autogen_identity_from_results_and_contest_slice
2020,president,,Horry - Four Mile,Horry - Four Mile,1.0000,approved,high,autogen_identity_from_results_and_contest_slice
2020,president,,Horry - Gallivants Ferry,Horry - Gallivants Ferry,1.0000,approved,high,autogen_identity_from_results_and_contest_slice
2020,president,,Horry - Garden City #1,Horry - Garden City #1,1.0000,approved,high,autogen_identity_from_results_and_contest_slice
2020,president,,Horry - Garden City #2,Horry - Garden City #2,1.0000,approved,high,autogen_identity_from_results_and_contest_slice
2020,president,,Horry - Garden City #3,Horry - Garden City #3,1.0000,approved,high,autogen_identity_from_results_and_contest_slice
2020,president,,Horry - Garden City #4,Horry - Garden City #4,1.0000,approved,high,autogen_identity_from_results_and_contest_slice
2020,president,,Horry - Glenns Bay,Horry - Glenns Bay,1.0000,approved,high,autogen_identity_from_results_and_contest_slice
2020,president,,Horry - Green Sea,Horry - Green Sea,1.0000,approved,high,autogen_identity_from_results_and_contest_slice
2020,president,,Horry - Hickory Grove,Horry - Hickory Grove,1.0000,approved,high,autogen_identity_from_results_and_contest_slice
2020,president,,Horry - Homewood,Horry - Homewood,1.0000,approved,high,autogen_identity_from_results_and_contest_slice
2020,president,,Horry - Horry,Horry - Horry,1.0000,approved,high,autogen_identity_from_results_and_contest_slice
2020,president,,Horry - Inland,Horry - Inland,1.0000,approved,high,autogen_identity_from_results_and_contest_slice
2020,president,,Horry - Jackson Bluff,Horry - Jackson Bluff,1.0000,approved,high,autogen_identity_from_results_and_contest_slice
2020,president,,Horry - Jamestown,Horry - Jamestown,1.0000,approved,high,autogen_identity_from_results_and_contest_slice
2020,president,,Horry - Jerigans Crossroads,Horry - Jerigans Crossroads,1.0000,approved,high,autogen_identity_from_results_and_contest_slice
2020,president,,Horry - Jet Port #1,Horry - Jet Port #1,1.0000,approved,high,autogen_identity_from_results_and_contest_slice
2020,president,,Horry - Jet Port #2,Horry - Jet Port #2,1.0000,approved,high,autogen_identity_from_results_and_contest_slice
2020,president,,Horry - Juniper Bay,Horry - Juniper Bay,1.0000,approved,high,autogen_identity_from_results_and_contest_slice
2020,president,,Horry - Lake Park #1,Horry - Lake Park #1,1.0000,approved,high,autogen_identity_from_results_and_contest_slice
2020,president,,Horry - Lake Park #2,Horry - Lake Park #2,1.0000,approved,high,autogen_identity_from_results_and_contest_slice
2020,president,,Horry - Lake Park #3,Horry - Lake Park #3,1.0000,approved,high,autogen_identity_from_results_and_contest_slice
2020,president,,Horry - Leon,Horry - Leon,1.0000,approved,high,autogen_identity_from_results_and_contest_slice
2020,president,,Horry - Little River #1,Horry - Little River #1,1.0000,approved,high,autogen_identity_from_results_and_contest_slice
2020,president,,Horry - Little River #2,Horry - Little River #2,1.0000,approved,high,autogen_identity_from_results_and_contest_slice
2020,president,,Horry - Little River #3,Horry - Little River #3,1.0000,approved,high,autogen_identity_from_results_and_contest_slice
2020,president,,Horry - Live Oak,Horry - Live Oak,1.0000,approved,high,autogen_identity_from_results_and_contest_slice
2020,president,,Horry - Maple,Horry - Maple,1.0000,approved,high,autogen_identity_from_results_and_contest_slice
2020,president,,Horry - Marlowe #1,Horry - Marlowe #1,1.0000,approved,high,autogen_identity_from_results_and_contest_slice
2020,president,,Horry - Marlowe #2,Horry - Marlowe #2,1.0000,approved,high,autogen_identity_from_results_and_contest_slice
2020,president,,Horry - Marlowe #3,Horry - Marlowe #3,1.0000,approved,high,autogen_identity_from_results_and_contest_slice
2020,president,,Horry - Methodist-Mill Swamp,Horry - Methodist-Mill Swamp,1.0000,approved,high,autogen_identity_from_results_and_contest_slice
2020,president,,Horry - Mt. Olive,Horry - Mt. Olive,1.0000,approved,high,autogen_identity_from_results_and_contest_slice
2020,president,,Horry - Mt. Vernon,Horry - Mt. Vernon,1.0000,approved,high,autogen_identity_from_results_and_contest_slice
2020,president,,Horry - Myrtle Trace,Horry - Myrtle Trace,1.0000,approved,high,autogen_identity_from_results_and_contest_slice
2020,president,,Horry - Myrtlewood #1,Horry - Myrtlewood #1,1.0000,approved,high,autogen_identity_from_results_and_contest_slice
2020,president,,Horry - Myrtlewood #2,Horry - Myrtlewood #2,1.0000,approved,high,autogen_identity_from_results_and_contest_slice
2020,president,,Horry - Myrtlewood #3,Horry - Myrtlewood #3,1.0000,approved,high,autogen_identity_from_results_and_contest_slice
2020,president,,Horry - Nixons Xroads #1,Horry - Nixons Xroads #1,1.0000,approved,high,autogen_identity_from_results_and_contest_slice
2020,president,,Horry - Nixons Xroads #2,Horry - Nixons Xroads #2,1.0000,approved,high,autogen_identity_from_results_and_contest_slice
2020,president,,Horry - Nixons Xroads #3,Horry - Nixons Xroads #3,1.0000,approved,high,autogen_identity_from_results_and_contest_slice
2020,president,,Horry - North Conway #1,Horry - North Conway #1,1.0000,approved,high,autogen_identity_from_results_and_contest_slice
2020,president,,Horry - North Conway #2,Horry - North Conway #2,1.0000,approved,high,autogen_identity_from_results_and_contest_slice
2020,president,,Horry - Ocean Drive #1,Horry - Ocean Drive #1,1.0000,approved,high,autogen_identity_from_results_and_contest_slice
2020,president,,Horry - Ocean Drive #2,Horry - Ocean Drive #2,1.0000,approved,high,autogen_identity_from_results_and_contest_slice
2020,president,,Horry - Ocean Forest #1,Horry - Ocean Forest #1,1.0000,approved,high,autogen_identity_from_results_and_contest_slice
2020,president,,Horry - Ocean Forest #2,Horry - Ocean Forest #2,1.0000,approved,high,autogen_identity_from_results_and_contest_slice
2020,president,,Horry - Ocean Forest #3,Horry - Ocean Forest #3,1.0000,approved,high,autogen_identity_from_results_and_contest_slice
2020,president,,Horry - Palmetto Bays,Horry - Palmetto Bays,1.0000,approved,high,autogen_identity_from_results_and_contest_slice
2020,president,,Horry - Pawleys Swamp,Horry - Pawleys Swamp,1.0000,approved,high,autogen_identity_from_results_and_contest_slice
2020,president,,Horry - Pleasant View,Horry - Pleasant View,1.0000,approved,high,autogen_identity_from_results_and_contest_slice
2020,president,,Horry - Poplar Hill,Horry - Poplar Hill,1.0000,approved,high,autogen_identity_from_results_and_contest_slice
2020,president,,Horry - Port Harrelson,Horry - Port Harrelson,1.0000,approved,high,autogen_identity_from_results_and_contest_slice
2020,president,,Horry - Racepath #1,Horry - Racepath #1,1.0000,approved,high,autogen_identity_from_results_and_contest_slice
2020,president,,Horry - Racepath #2,Horry - Racepath #2,1.0000,approved,high,autogen_identity_from_results_and_contest_slice
2020,president,,Horry - Red Bluff,Horry - Red Bluff,1.0000,approved,high,autogen_identity_from_results_and_contest_slice
2020,president,,Horry - Red Hill #1,Horry - Red Hill #1,1.0000,approved,high,autogen_identity_from_results_and_contest_slice
2020,president,,Horry - Red Hill #2,Horry - Red Hill #2,1.0000,approved,high,autogen_identity_from_results_and_contest_slice
2020,president,,Horry - River Oaks,Horry - River Oaks,1.0000,approved,high,autogen_identity_from_results_and_contest_slice
2020,president,,Horry - Salem,Horry - Salem,1.0000,approved,high,autogen_identity_from_results_and_contest_slice
2020,president,,Horry - Sea Oats #1,Horry - Sea Oats #1,1.0000,approved,high,autogen_identity_from_results_and_contest_slice
2020,president,,Horry - Sea Oats #2,Horry - Sea Oats #2,1.0000,approved,high,autogen_identity_from_results_and_contest_slice
2020,president,,Horry - Sea Winds,Horry - Sea Winds,1.0000,approved,high,autogen_identity_from_results_and_contest_slice
2020,president,,Horry - Shell,Horry - Shell,1.0000,approved,high,autogen_identity_from_results_and_contest_slice
2020,president,,Horry - Socastee #1,Horry - Socastee #1,1.0000,approved,high,autogen_identity_from_results_and_contest_slice
2020,president,,Horry - Socastee #2,Horry - Socastee #2,1.0000,approved,high,autogen_identity_from_results_and_contest_slice
2020,president,,Horry - Socastee #3,Horry - Socastee #3,1.0000,approved,high,autogen_identity_from_results_and_contest_slice
2020,president,,Horry - Socastee #4,Horry - Socastee #4,1.0000,approved,high,autogen_identity_from_results_and_contest_slice
2020,president,,Horry - Surfside #1,Horry - Surfside #1,1.0000,approved,high,autogen_identity_from_results_and_contest_slice
2020,president,,Horry - Surfside #2,Horry - Surfside #2,1.0000,approved,high,autogen_identity_from_results_and_contest_slice
2020,president,,Horry - Surfside #3,Horry - Surfside #3,1.0000,approved,high,autogen_identity_from_results_and_contest_slice
2020,president,,Horry - Surfside #4,Horry - Surfside #4,1.0000,approved,high,autogen_identity_from_results_and_contest_slice
2020,president,,Horry - Sweet Home,Horry - Sweet Home,1.0000,approved,high,autogen_identity_from_results_and_contest_slice
2020,president,,Horry - Tilly Swamp,Horry - Tilly Swamp,1.0000,approved,high,autogen_identity_from_results_and_contest_slice
2020,president,,Horry - Toddville,Horry - Toddville,1.0000,approved,high,autogen_identity_from_results_and_contest_slice
2020,president,,Horry - Wampee,Horry - Wampee,1.0000,approved,high,autogen_identity_from_results_and_contest_slice
2020,president,,Horry - West Conway,Horry - West Conway,1.0000,approved,high,autogen_identity_from_results_and_contest_slice
2020,president,,Horry - West Loris,Horry - West Loris,1.0000,approved,high,autogen_identity_from_results_and_contest_slice
2020,president,,Horry - White Oak,Horry - White Oak,1.0000,approved,high,autogen_identity_from_results_and_contest_slice
2020,president,,Horry - Wild Wing,Horry - Wild Wing,1.0000,approved,high,autogen_identity_from_results_and_contest_slice
2020,president,,Horry - Windy Hill #1,Horry - Windy Hill #1,1.0000,approved,high,autogen_identity_from_results_and_contest_slice
2020,president,,Horry - Windy Hill #2,Horry - Windy Hill #2,1.0000,approved,high,autogen_identity_from_results_and_contest_slice
2020,president,,Jasper - Coosawhatchie,Jasper - Coosawhatchie,1.0000,approved,high,autogen_identity_from_results_and_contest_slice
2020,president,,Jasper - Gillisonville,Jasper - Gillisonville,1.0000,approved,high,autogen_identity_from_results_and_contest_slice
2020,president,,Jasper - Grahamville 1,Jasper - Grahamville 1,1.0000,approved,high,autogen_identity_from_results_and_contest_slice
2020,president,,Jasper - Grahamville 2,Jasper - Grahamville 2,1.0000,approved,high,autogen_identity_from_results_and_contest_slice
2020,president,,Jasper - Grays,Jasper - Grays,1.0000,approved,high,autogen_identity_from_results_and_contest_slice
2020,president,,Jasper - Hardeeville 1,Jasper - Hardeeville 1,1.0000,approved,high,autogen_identity_from_results_and_contest_slice
2020,president,,Jasper - Hardeeville 2,Jasper - Hardeeville 2,1.0000,approved,high,autogen_identity_from_results_and_contest_slice
2020,president,,Jasper - Levy,Jasper - Levy,1.0000,approved,high,autogen_identity_from_results_and_contest_slice
2020,president,,Jasper - Oakatie,Jasper - Oakatie,1.0000,approved,high,autogen_identity_from_results_and_contest_slice
2020,president,,Jasper - Pineland,Jasper - Pineland,1.0000,approved,high,autogen_identity_from_results_and_contest_slice
2020,president,,Jasper - Ridgeland 1,Jasper - Ridgeland 1,1.0000,approved,high,autogen_identity_from_results_and_contest_slice
2020,president,,Jasper - Ridgeland 2,Jasper - Ridgeland 2,1.0000,approved,high,autogen_identity_from_results_and_contest_slice
2020,president,,Jasper - Ridgeland 3,Jasper - Ridgeland 3,1.0000,approved,high,autogen_identity_from_results_and_contest_slice
2020,president,,Jasper - Sun City,Jasper - Sun City,1.0000,approved,high,autogen_identity_from_results_and_contest_slice
2020,president,,Jasper - Tillman,Jasper - Tillman,1.0000,approved,high,autogen_identity_from_results_and_contest_slice
2020,president,,Kershaw - Airport,Kershaw - Airport,1.0000,approved,high,autogen_identity_from_results_and_contest_slice
2020,president,,Kershaw - Antioch,Kershaw - Antioch,1.0000,approved,high,autogen_identity_from_results_and_contest_slice
2020,president,,Kershaw - Bethune,Kershaw - Bethune,1.0000,approved,high,autogen_identity_from_results_and_contest_slice
2020,president,,Kershaw - Buffalo,Kershaw - Buffalo,1.0000,approved,high,autogen_identity_from_results_and_contest_slice
2020,president,,Kershaw - Camden No. 1,Kershaw - Camden No. 1,1.0000,approved,high,autogen_identity_from_results_and_contest_slice
2020,president,,Kershaw - Camden No. 2 & 3,Kershaw - Camden No. 2 & 3,1.0000,approved,high,autogen_identity_from_results_and_contest_slice
2020,president,,Kershaw - Camden No. 5,Kershaw - Camden No. 5,1.0000,approved,high,autogen_identity_from_results_and_contest_slice
2020,president,,Kershaw - Camden No. 5-A,Kershaw - Camden No. 5-A,1.0000,approved,high,autogen_identity_from_results_and_contest_slice
2020,president,,Kershaw - Camden No. 6,Kershaw - Camden No. 6,1.0000,approved,high,autogen_identity_from_results_and_contest_slice
2020,president,,Kershaw - Cassatt,Kershaw - Cassatt,1.0000,approved,high,autogen_identity_from_results_and_contest_slice
2020,president,,Kershaw - Charlotte Thompson,Kershaw - Charlotte Thompson,1.0000,approved,high,autogen_identity_from_results_and_contest_slice
2020,president,,Kershaw - Doby'S Mill,Kershaw - Doby'S Mill,1.0000,approved,high,autogen_identity_from_results_and_contest_slice
2020,president,,Kershaw - E. Camden-Hermitage,Kershaw - E. Camden-Hermitage,1.0000,approved,high,autogen_identity_from_results_and_contest_slice
2020,president,,Kershaw - Elgin No. 1,Kershaw - Elgin No. 1,1.0000,approved,high,autogen_identity_from_results_and_contest_slice
2020,president,,Kershaw - Elgin No. 2,Kershaw - Elgin No. 2,1.0000,approved,high,autogen_identity_from_results_and_contest_slice
2020,president,,Kershaw - Elgin No. 3,Kershaw - Elgin No. 3,1.0000,approved,high,autogen_identity_from_results_and_contest_slice
2020,president,,Kershaw - Elgin No. 4,Kershaw - Elgin No. 4,1.0000,approved,high,autogen_identity_from_results_and_contest_slice
2020,president,,Kershaw - Elgin No. 5,Kershaw - Elgin No. 5,1.0000,approved,high,autogen_identity_from_results_and_contest_slice
2020,president,,Kershaw - Elgin No. 6,Kershaw - Elgin No. 6,1.0000,approved,high,autogen_identity_from_results_and_contest_slice
2020,president,,Kershaw - Gates Ford,Kershaw - Gates Ford,1.0000,approved,high,autogen_identity_from_results_and_contest_slice
2020,president,,Kershaw - Hobkirk'S Hill,Kershaw - Hobkirk'S Hill,1.0000,approved,high,autogen_identity_from_results_and_contest_slice
2020,president,,Kershaw - Liberty Hill,Kershaw - Liberty Hill,1.0000,approved,high,autogen_identity_from_results_and_contest_slice
2020,president,,Kershaw - Lugoff No. 1,Kershaw - Lugoff No. 1,1.0000,approved,high,autogen_identity_from_results_and_contest_slice
2020,president,,Kershaw - Lugoff No. 2,Kershaw - Lugoff No. 2,1.0000,approved,high,autogen_identity_from_results_and_contest_slice
2020,president,,Kershaw - Lugoff No. 3,Kershaw - Lugoff No. 3,1.0000,approved,high,autogen_identity_from_results_and_contest_slice
2020,president,,Kershaw - Lugoff No. 4,Kershaw - Lugoff No. 4,1.0000,approved,high,autogen_identity_from_results_and_contest_slice
2020,president,,Kershaw - Malvern Hill,Kershaw - Malvern Hill,1.0000,approved,high,autogen_identity_from_results_and_contest_slice
2020,president,,Kershaw - Rabon'S X Roads,Kershaw - Rabon'S X Roads,1.0000,approved,high,autogen_identity_from_results_and_contest_slice
2020,president,,Kershaw - Riverdale,Kershaw - Riverdale,1.0000,approved,high,autogen_identity_from_results_and_contest_slice
2020,president,,Kershaw - Salt Pond,Kershaw - Salt Pond,1.0000,approved,high,autogen_identity_from_results_and_contest_slice
2020,president,,Kershaw - Shaylor'S Hill,Kershaw - Shaylor'S Hill,1.0000,approved,high,autogen_identity_from_results_and_contest_slice
2020,president,,Kershaw - Springdale,Kershaw - Springdale,1.0000,approved,high,autogen_identity_from_results_and_contest_slice
2020,president,,Kershaw - Westville,Kershaw - Westville,1.0000,approved,high,autogen_identity_from_results_and_contest_slice
2020,president,,Kershaw - Whites Gardens,Kershaw - Whites Gardens,1.0000,approved,high,autogen_identity_from_results_and_contest_slice
2020,president,,Lancaster - Antioch,Lancaster - Antioch,1.0000,approved,high,autogen_identity_from_results_and_contest_slice
2020,president,,Lancaster - Black Horse Run,Lancaster - Black Horse Run,1.0000,approved,high,autogen_identity_from_results_and_contest_slice
2020,president,,Lancaster - Camp Creek,Lancaster - Camp Creek,1.0000,approved,high,autogen_identity_from_results_and_contest_slice
2020,president,,Lancaster - Carmel,Lancaster - Carmel,1.0000,approved,high,autogen_identity_from_results_and_contest_slice
2020,president,,Lancaster - Chesterfield Ave,Lancaster - Chesterfield Ave,1.0000,approved,high,autogen_identity_from_results_and_contest_slice
2020,president,,Lancaster - College Park,Lancaster - College Park,1.0000,approved,high,autogen_identity_from_results_and_contest_slice
2020,president,,Lancaster - Douglas,Lancaster - Douglas,1.0000,approved,high,autogen_identity_from_results_and_contest_slice
2020,president,,Lancaster - Dwight,Lancaster - Dwight,1.0000,approved,high,autogen_identity_from_results_and_contest_slice
2020,president,,Lancaster - Elgin,Lancaster - Elgin,1.0000,approved,high,autogen_identity_from_results_and_contest_slice
2020,president,,Lancaster - Erwin Farm,Lancaster - Erwin Farm,1.0000,approved,high,autogen_identity_from_results_and_contest_slice
2020,president,,Lancaster - Gold Hill,Lancaster - Gold Hill,1.0000,approved,high,autogen_identity_from_results_and_contest_slice
2020,president,,Lancaster - Harrisburg,Lancaster - Harrisburg,1.0000,approved,high,autogen_identity_from_results_and_contest_slice
2020,president,,Lancaster - Heath Springs,Lancaster - Heath Springs,1.0000,approved,high,autogen_identity_from_results_and_contest_slice
2020,president,,Lancaster - Hyde Park,Lancaster - Hyde Park,1.0000,approved,high,autogen_identity_from_results_and_contest_slice
2020,president,,Lancaster - Jacksonham,Lancaster - Jacksonham,1.0000,approved,high,autogen_identity_from_results_and_contest_slice
2020,president,,Lancaster - Kershaw North,Lancaster - Kershaw North,1.0000,approved,high,autogen_identity_from_results_and_contest_slice
2020,president,,Lancaster - Kershaw South,Lancaster - Kershaw South,1.0000,approved,high,autogen_identity_from_results_and_contest_slice
2020,president,,Lancaster - Lake House,Lancaster - Lake House,1.0000,approved,high,autogen_identity_from_results_and_contest_slice
2020,president,,Lancaster - Lancaster East,Lancaster - Lancaster East,1.0000,approved,high,autogen_identity_from_results_and_contest_slice
2020,president,,Lancaster - Lancaster West,Lancaster - Lancaster West,1.0000,approved,high,autogen_identity_from_results_and_contest_slice
2020,president,,Lancaster - Lynwood Drive,Lancaster - Lynwood Drive,1.0000,approved,high,autogen_identity_from_results_and_contest_slice
2020,president,,Lancaster - Midway,Lancaster - Midway,1.0000,approved,high,autogen_identity_from_results_and_contest_slice
2020,president,,Lancaster - Osceola,Lancaster - Osceola,1.0000,approved,high,autogen_identity_from_results_and_contest_slice
2020,president,,Lancaster - Pleasant Hill,Lancaster - Pleasant Hill,1.0000,approved,high,autogen_identity_from_results_and_contest_slice
2020,president,,Lancaster - Pleasant Valley,Lancaster - Pleasant Valley,1.0000,approved,high,autogen_identity_from_results_and_contest_slice
2020,president,,Lancaster - Possum Hollow,Lancaster - Possum Hollow,1.0000,approved,high,autogen_identity_from_results_and_contest_slice
2020,president,,Lancaster - Rich Hill,Lancaster - Rich Hill,1.0000,approved,high,autogen_identity_from_results_and_contest_slice
2020,president,,Lancaster - River Road,Lancaster - River Road,1.0000,approved,high,autogen_identity_from_results_and_contest_slice
2020,president,,Lancaster - Riverside,Lancaster - Riverside,1.0000,approved,high,autogen_identity_from_results_and_contest_slice
2020,president,,Lancaster - Shelley Mullis,Lancaster - Shelley Mullis,1.0000,approved,high,autogen_identity_from_results_and_contest_slice
2020,president,,Lancaster - Spring Hill,Lancaster - Spring Hill,1.0000,approved,high,autogen_identity_from_results_and_contest_slice
2020,president,,Lancaster - The Lodge,Lancaster - The Lodge,1.0000,approved,high,autogen_identity_from_results_and_contest_slice
2020,president,,Lancaster - Unity,Lancaster - Unity,1.0000,approved,high,autogen_identity_from_results_and_contest_slice
2020,president,,Lancaster - University,Lancaster - University,1.0000,approved,high,autogen_identity_from_results_and_contest_slice
2020,president,,Lancaster - Van Wyck,Lancaster - Van Wyck,1.0000,approved,high,autogen_identity_from_results_and_contest_slice
2020,president,,Laurens - Bailey,Laurens - Bailey,1.0000,approved,high,autogen_identity_from_results_and_contest_slice
2020,president,,Laurens - Barksdale-Narine,Laurens - Barksdale-Narine,1.0000,approved,high,autogen_identity_from_results_and_contest_slice
2020,president,,Laurens - Clinton 1,Laurens - Clinton 1,1.0000,approved,high,autogen_identity_from_results_and_contest_slice
2020,president,,Laurens - Clinton 2,Laurens - Clinton 2,1.0000,approved,high,autogen_identity_from_results_and_contest_slice
2020,president,,Laurens - Clinton 3,Laurens - Clinton 3,1.0000,approved,high,autogen_identity_from_results_and_contest_slice
2020,president,,Laurens - Clinton Mill,Laurens - Clinton Mill,1.0000,approved,high,autogen_identity_from_results_and_contest_slice
2020,president,,Laurens - Cooks,Laurens - Cooks,1.0000,approved,high,autogen_identity_from_results_and_contest_slice
2020,president,,Laurens - Cross Hill,Laurens - Cross Hill,1.0000,approved,high,autogen_identity_from_results_and_contest_slice
2020,president,,Laurens - Ekom,Laurens - Ekom,1.0000,approved,high,autogen_identity_from_results_and_contest_slice
2020,president,,Laurens - Gray Court,Laurens - Gray Court,1.0000,approved,high,autogen_identity_from_results_and_contest_slice
2020,president,,Laurens - Greenpond,Laurens - Greenpond,1.0000,approved,high,autogen_identity_from_results_and_contest_slice
2020,president,,Laurens - Hickory Tavern,Laurens - Hickory Tavern,1.0000,approved,high,autogen_identity_from_results_and_contest_slice
2020,president,,Laurens - Joanna,Laurens - Joanna,1.0000,approved,high,autogen_identity_from_results_and_contest_slice
2020,president,,Laurens - Jones,Laurens - Jones,1.0000,approved,high,autogen_identity_from_results_and_contest_slice
2020,president,,Laurens - Laurens 1,Laurens - Laurens 1,1.0000,approved,high,autogen_identity_from_results_and_contest_slice
2020,president,,Laurens - Laurens 2,Laurens - Laurens 2,1.0000,approved,high,autogen_identity_from_results_and_contest_slice
2020,president,,Laurens - Laurens 3,Laurens - Laurens 3,1.0000,approved,high,autogen_identity_from_results_and_contest_slice
2020,president,,Laurens - Laurens 4,Laurens - Laurens 4,1.0000,approved,high,autogen_identity_from_results_and_contest_slice
2020,president,,Laurens - Laurens 5,Laurens - Laurens 5,1.0000,approved,high,autogen_identity_from_results_and_contest_slice
2020,president,,Laurens - Laurens 6,Laurens - Laurens 6,1.0000,approved,high,autogen_identity_from_results_and_contest_slice
2020,president,,Laurens - Long Branch,Laurens - Long Branch,1.0000,approved,high,autogen_identity_from_results_and_contest_slice
2020,president,,Laurens - Lydia Mill,Laurens - Lydia Mill,1.0000,approved,high,autogen_identity_from_results_and_contest_slice
2020,president,,Laurens - Maddens,Laurens - Maddens,1.0000,approved,high,autogen_identity_from_results_and_contest_slice
2020,president,,Laurens - Martins-Poplar Springs,Laurens - Martins-Poplar Springs,1.0000,approved,high,autogen_identity_from_results_and_contest_slice
2020,president,,Laurens - Mount Olive,Laurens - Mount Olive,1.0000,approved,high,autogen_identity_from_results_and_contest_slice
2020,president,,Laurens - Mountville,Laurens - Mountville,1.0000,approved,high,autogen_identity_from_results_and_contest_slice
2020,president,,Laurens - Ora-Lanford,Laurens - Ora-Lanford,1.0000,approved,high,autogen_identity_from_results_and_contest_slice
2020,president,,Laurens - Owings,Laurens - Owings,1.0000,approved,high,autogen_identity_from_results_and_contest_slice
2020,president,,Laurens - Trinity Ridge,Laurens - Trinity Ridge,1.0000,approved,high,autogen_identity_from_results_and_contest_slice
2020,president,,Laurens - Waterloo,Laurens - Waterloo,1.0000,approved,high,autogen_identity_from_results_and_contest_slice
2020,president,,Laurens - Wattsville,Laurens - Wattsville,1.0000,approved,high,autogen_identity_from_results_and_contest_slice
2020,president,,Laurens - Youngs,Laurens - Youngs,1.0000,approved,high,autogen_identity_from_results_and_contest_slice
2020,president,,Lee - Ashland/Stokes Bridge,Lee - Ashland/Stokes Bridge,1.0000,approved,high,autogen_identity_from_results_and_contest_slice
2020,president,,Lee - Ashwood,Lee - Ashwood,1.0000,approved,high,autogen_identity_from_results_and_contest_slice
2020,president,,Lee - Cedar Creek,Lee - Cedar Creek,1.0000,approved,high,autogen_identity_from_results_and_contest_slice
2020,president,,Lee - Cypress,Lee - Cypress,1.0000,approved,high,autogen_identity_from_results_and_contest_slice
2020,president,,Lee - Elliott,Lee - Elliott,1.0000,approved,high,autogen_identity_from_results_and_contest_slice
2020,president,,Lee - Hickory Hill,Lee - Hickory Hill,1.0000,approved,high,autogen_identity_from_results_and_contest_slice
2020,president,,Lee - Ionia,Lee - Ionia,1.0000,approved,high,autogen_identity_from_results_and_contest_slice
2020,president,,Lee - Lynchburg,Lee - Lynchburg,1.0000,approved,high,autogen_identity_from_results_and_contest_slice
2020,president,,Lee - Manville,Lee - Manville,1.0000,approved,high,autogen_identity_from_results_and_contest_slice
2020,president,,Lee - Mt. Clio,Lee - Mt. Clio,1.0000,approved,high,autogen_identity_from_results_and_contest_slice
2020,president,,Lee - Rattlesnake Springs,Lee - Rattlesnake Springs,1.0000,approved,high,autogen_identity_from_results_and_contest_slice
2020,president,,Lee - Schrocks Mill/Lucknow,Lee - Schrocks Mill/Lucknow,1.0000,approved,high,autogen_identity_from_results_and_contest_slice
2020,president,,Lee - South Lynchburg,Lee - South Lynchburg,1.0000,approved,high,autogen_identity_from_results_and_contest_slice
2020,president,,Lee - Spring Hill,Lee - Spring Hill,1.0000,approved,high,autogen_identity_from_results_and_contest_slice
2020,president,,Lee - St. Charles,Lee - St. Charles,1.0000,approved,high,autogen_identity_from_results_and_contest_slice
2020,president,,Lee - St. Matthews,Lee - St. Matthews,1.0000,approved,high,autogen_identity_from_results_and_contest_slice
2020,president,,Lee - Turkey Creek,Lee - Turkey Creek,1.0000,approved,high,autogen_identity_from_results_and_contest_slice
2020,president,,Lee - Woodrow,Lee - Woodrow,1.0000,approved,high,autogen_identity_from_results_and_contest_slice
2020,president,,Lexington - Amicks Ferry,Lexington - Amicks Ferry,1.0000,approved,high,autogen_identity_from_results_and_contest_slice
2020,president,,Lexington - Barr Road 1,Lexington - Barr Road 1,1.0000,approved,high,autogen_identity_from_results_and_contest_slice
2020,president,,Lexington - Barr Road 2,Lexington - Barr Road 2,1.0000,approved,high,autogen_identity_from_results_and_contest_slice
2020,president,,Lexington - Batesburg,Lexington - Batesburg,1.0000,approved,high,autogen_identity_from_results_and_contest_slice
2020,president,,Lexington - Beulah Church,Lexington - Beulah Church,1.0000,approved,high,autogen_identity_from_results_and_contest_slice
2020,president,,Lexington - Boiling Springs,Lexington - Boiling Springs,1.0000,approved,high,autogen_identity_from_results_and_contest_slice
2020,president,,Lexington - Boiling Springs South,Lexington - Boiling Springs South,1.0000,approved,high,autogen_identity_from_results_and_contest_slice
2020,president,,Lexington - Bush River,Lexington - Bush River,1.0000,approved,high,autogen_identity_from_results_and_contest_slice
2020,president,,Lexington - Carolina Springs,Lexington - Carolina Springs,1.0000,approved,high,autogen_identity_from_results_and_contest_slice
2020,president,,Lexington - Cayce 2A,Lexington - Cayce 2A,1.0000,approved,high,autogen_identity_from_results_and_contest_slice
2020,president,,Lexington - Cayce No. 1,Lexington - Cayce No. 1,1.0000,approved,high,autogen_identity_from_results_and_contest_slice
2020,president,,Lexington - Cayce No. 2,Lexington - Cayce No. 2,1.0000,approved,high,autogen_identity_from_results_and_contest_slice
2020,president,,Lexington - Cayce No. 3,Lexington - Cayce No. 3,1.0000,approved,high,autogen_identity_from_results_and_contest_slice
2020,president,,Lexington - Cedarcrest,Lexington - Cedarcrest,1.0000,approved,high,autogen_identity_from_results_and_contest_slice
2020,president,,Lexington - Chalk Hill,Lexington - Chalk Hill,1.0000,approved,high,autogen_identity_from_results_and_contest_slice
2020,president,,Lexington - Challedon,Lexington - Challedon,1.0000,approved,high,autogen_identity_from_results_and_contest_slice
2020,president,,Lexington - Chapin,Lexington - Chapin,1.0000,approved,high,autogen_identity_from_results_and_contest_slice
2020,president,,Lexington - Coldstream,Lexington - Coldstream,1.0000,approved,high,autogen_identity_from_results_and_contest_slice
2020,president,,Lexington - Congaree 1,Lexington - Congaree 1,1.0000,approved,high,autogen_identity_from_results_and_contest_slice
2020,president,,Lexington - Congaree 2,Lexington - Congaree 2,1.0000,approved,high,autogen_identity_from_results_and_contest_slice
2020,president,,Lexington - Cromer,Lexington - Cromer,1.0000,approved,high,autogen_identity_from_results_and_contest_slice
2020,president,,Lexington - Dreher Island,Lexington - Dreher Island,1.0000,approved,high,autogen_identity_from_results_and_contest_slice
2020,president,,Lexington - Dutchman Shores,Lexington - Dutchman Shores,1.0000,approved,high,autogen_identity_from_results_and_contest_slice
2020,president,,Lexington - Edenwood,Lexington - Edenwood,1.0000,approved,high,autogen_identity_from_results_and_contest_slice
2020,president,,Lexington - Edmund 1,Lexington - Edmund 1,1.0000,approved,high,autogen_identity_from_results_and_contest_slice
2020,president,,Lexington - Edmund 2,Lexington - Edmund 2,1.0000,approved,high,autogen_identity_from_results_and_contest_slice
2020,president,,Lexington - Emmanuel Church,Lexington - Emmanuel Church,1.0000,approved,high,autogen_identity_from_results_and_contest_slice
2020,president,,Lexington - Fairview,Lexington - Fairview,1.0000,approved,high,autogen_identity_from_results_and_contest_slice
2020,president,,Lexington - Faith Church,Lexington - Faith Church,1.0000,approved,high,autogen_identity_from_results_and_contest_slice
2020,president,,Lexington - Gardendale,Lexington - Gardendale,1.0000,approved,high,autogen_identity_from_results_and_contest_slice
2020,president,,Lexington - Gaston 1,Lexington - Gaston 1,1.0000,approved,high,autogen_identity_from_results_and_contest_slice
2020,president,,Lexington - Gaston 2,Lexington - Gaston 2,1.0000,approved,high,autogen_identity_from_results_and_contest_slice
2020,president,,Lexington - Gilbert,Lexington - Gilbert,1.0000,approved,high,autogen_identity_from_results_and_contest_slice
2020,president,,Lexington - Grenadier,Lexington - Grenadier,1.0000,approved,high,autogen_identity_from_results_and_contest_slice
2020,president,,Lexington - Hollow Creek,Lexington - Hollow Creek,1.0000,approved,high,autogen_identity_from_results_and_contest_slice
2020,president,,Lexington - Hook'S Store,Lexington - Hook'S Store,1.0000,approved,high,autogen_identity_from_results_and_contest_slice
2020,president,,Lexington - Irmo,Lexington - Irmo,1.0000,approved,high,autogen_identity_from_results_and_contest_slice
2020,president,,Lexington - Kitti Wake,Lexington - Kitti Wake,1.0000,approved,high,autogen_identity_from_results_and_contest_slice
2020,president,,Lexington - Lake Murray 1,Lexington - Lake Murray 1,1.0000,approved,high,autogen_identity_from_results_and_contest_slice
2020,president,,Lexington - Lake Murray 2,Lexington - Lake Murray 2,1.0000,approved,high,autogen_identity_from_results_and_contest_slice
2020,president,,Lexington - Leaphart Road,Lexington - Leaphart Road,1.0000,approved,high,autogen_identity_from_results_and_contest_slice
2020,president,,Lexington - Leesville,Lexington - Leesville,1.0000,approved,high,autogen_identity_from_results_and_contest_slice
2020,president,,Lexington - Lexington No. 1,Lexington - Lexington No. 1,1.0000,approved,high,autogen_identity_from_results_and_contest_slice
2020,president,,Lexington - Lexington No. 2,Lexington - Lexington No. 2,1.0000,approved,high,autogen_identity_from_results_and_contest_slice
2020,president,,Lexington - Lexington No. 3,Lexington - Lexington No. 3,1.0000,approved,high,autogen_identity_from_results_and_contest_slice
2020,president,,Lexington - Lexington No. 4,Lexington - Lexington No. 4,1.0000,approved,high,autogen_identity_from_results_and_contest_slice
2020,president,,Lexington - Lincreek,Lexington - Lincreek,1.0000,approved,high,autogen_identity_from_results_and_contest_slice
2020,president,,Lexington - Mack-Edisto,Lexington - Mack-Edisto,1.0000,approved,high,autogen_identity_from_results_and_contest_slice
2020,president,,Lexington - Midway,Lexington - Midway,1.0000,approved,high,autogen_identity_from_results_and_contest_slice
2020,president,,Lexington - Mims,Lexington - Mims,1.0000,approved,high,autogen_identity_from_results_and_contest_slice
2020,president,,Lexington - Mount Horeb,Lexington - Mount Horeb,1.0000,approved,high,autogen_identity_from_results_and_contest_slice
2020,president,,Lexington - Mt. Hebron,Lexington - Mt. Hebron,1.0000,approved,high,autogen_identity_from_results_and_contest_slice
2020,president,,Lexington - Murraywood,Lexington - Murraywood,1.0000,approved,high,autogen_identity_from_results_and_contest_slice
2020,president,,Lexington - Oakwood,Lexington - Oakwood,1.0000,approved,high,autogen_identity_from_results_and_contest_slice
2020,president,,Lexington - Old Barnwell Road,Lexington - Old Barnwell Road,1.0000,approved,high,autogen_identity_from_results_and_contest_slice
2020,president,,Lexington - Old Lexington,Lexington - Old Lexington,1.0000,approved,high,autogen_identity_from_results_and_contest_slice
2020,president,,Lexington - Park Road 1,Lexington - Park Road 1,1.0000,approved,high,autogen_identity_from_results_and_contest_slice
2020,president,,Lexington - Park Road 2,Lexington - Park Road 2,1.0000,approved,high,autogen_identity_from_results_and_contest_slice
2020,president,,Lexington - Pelion 1,Lexington - Pelion 1,1.0000,approved,high,autogen_identity_from_results_and_contest_slice
2020,president,,Lexington - Pelion 2,Lexington - Pelion 2,1.0000,approved,high,autogen_identity_from_results_and_contest_slice
2020,president,,Lexington - Pilgrim Chruch,Lexington - Pilgrim Chruch,1.0000,approved,high,autogen_identity_from_results_and_contest_slice
2020,president,,Lexington - Pine Ridge 1,Lexington - Pine Ridge 1,1.0000,approved,high,autogen_identity_from_results_and_contest_slice
2020,president,,Lexington - Pine Ridge 2,Lexington - Pine Ridge 2,1.0000,approved,high,autogen_identity_from_results_and_contest_slice
2020,president,,Lexington - Pineview,Lexington - Pineview,1.0000,approved,high,autogen_identity_from_results_and_contest_slice
2020,president,,Lexington - Platt Springs 1,Lexington - Platt Springs 1,1.0000,approved,high,autogen_identity_from_results_and_contest_slice
2020,president,,Lexington - Platt Springs 2,Lexington - Platt Springs 2,1.0000,approved,high,autogen_identity_from_results_and_contest_slice
2020,president,,Lexington - Pond Branch,Lexington - Pond Branch,1.0000,approved,high,autogen_identity_from_results_and_contest_slice
2020,president,,Lexington - Providence Church,Lexington - Providence Church,1.0000,approved,high,autogen_identity_from_results_and_contest_slice
2020,president,,Lexington - Quail Hollow,Lexington - Quail Hollow,1.0000,approved,high,autogen_identity_from_results_and_contest_slice
2020,president,,Lexington - Quail Valley,Lexington - Quail Valley,1.0000,approved,high,autogen_identity_from_results_and_contest_slice
2020,president,,Lexington - Red Bank,Lexington - Red Bank,1.0000,approved,high,autogen_identity_from_results_and_contest_slice
2020,president,,Lexington - Red Bank South 1,Lexington - Red Bank South 1,1.0000,approved,high,autogen_identity_from_results_and_contest_slice
2020,president,,Lexington - Red Bank South 2,Lexington - Red Bank South 2,1.0000,approved,high,autogen_identity_from_results_and_contest_slice
2020,president,,Lexington - Ridge Road,Lexington - Ridge Road,1.0000,approved,high,autogen_identity_from_results_and_contest_slice
2020,president,,Lexington - River Bluff,Lexington - River Bluff,1.0000,approved,high,autogen_identity_from_results_and_contest_slice
2020,president,,Lexington - Round Hill,Lexington - Round Hill,1.0000,approved,high,autogen_identity_from_results_and_contest_slice
2020,president,,Lexington - Saluda River,Lexington - Saluda River,1.0000,approved,high,autogen_identity_from_results_and_contest_slice
2020,president,,Lexington - Sand Hill,Lexington - Sand Hill,1.0000,approved,high,autogen_identity_from_results_and_contest_slice
2020,president,,Lexington - Sandy Run,Lexington - Sandy Run,1.0000,approved,high,autogen_identity_from_results_and_contest_slice
2020,president,,Lexington - Seven Oaks,Lexington - Seven Oaks,1.0000,approved,high,autogen_identity_from_results_and_contest_slice
2020,president,,Lexington - Sharpe'S Hill,Lexington - Sharpe'S Hill,1.0000,approved,high,autogen_identity_from_results_and_contest_slice
2020,president,,Lexington - Springdale,Lexington - Springdale,1.0000,approved,high,autogen_identity_from_results_and_contest_slice
2020,president,,Lexington - Springdale South,Lexington - Springdale South,1.0000,approved,high,autogen_identity_from_results_and_contest_slice
2020,president,,Lexington - St. Davids,Lexington - St. Davids,1.0000,approved,high,autogen_identity_from_results_and_contest_slice
2020,president,,Lexington - St. Michael,Lexington - St. Michael,1.0000,approved,high,autogen_identity_from_results_and_contest_slice
2020,president,,Lexington - Summit,Lexington - Summit,1.0000,approved,high,autogen_identity_from_results_and_contest_slice
2020,president,,Lexington - Swansea 1,Lexington - Swansea 1,1.0000,approved,high,autogen_identity_from_results_and_contest_slice
2020,president,,Lexington - Swansea 2,Lexington - Swansea 2,1.0000,approved,high,autogen_identity_from_results_and_contest_slice
2020,president,,Lexington - West Columbia No. 1,Lexington - West Columbia No. 1,1.0000,approved,high,autogen_identity_from_results_and_contest_slice
2020,president,,Lexington - West Columbia No. 2,Lexington - West Columbia No. 2,1.0000,approved,high,autogen_identity_from_results_and_contest_slice
2020,president,,Lexington - West Columbia No. 3,Lexington - West Columbia No. 3,1.0000,approved,high,autogen_identity_from_results_and_contest_slice
2020,president,,Lexington - West Columbia No. 4,Lexington - West Columbia No. 4,1.0000,approved,high,autogen_identity_from_results_and_contest_slice
2020,president,,Lexington - Westover,Lexington - Westover,1.0000,approved,high,autogen_identity_from_results_and_contest_slice
2020,president,,Lexington - White Knoll,Lexington - White Knoll,1.0000,approved,high,autogen_identity_from_results_and_contest_slice
2020,president,,Lexington - Whitehall,Lexington - Whitehall,1.0000,approved,high,autogen_identity_from_results_and_contest_slice
2020,president,,Lexington - Woodland Hills,Lexington - Woodland Hills,1.0000,approved,high,autogen_identity_from_results_and_contest_slice
2020,president,,Marion - Britton'S Neck,Marion - Britton'S Neck,1.0000,approved,high,autogen_identity_from_results_and_contest_slice
2020,president,,Marion - Centenary,Marion - Centenary,1.0000,approved,high,autogen_identity_from_results_and_contest_slice
2020,president,,Marion - Friendship,Marion - Friendship,1.0000,approved,high,autogen_identity_from_results_and_contest_slice
2020,president,,Marion - Marion No. 1,Marion - Marion No. 1,1.0000,approved,high,autogen_identity_from_results_and_contest_slice
2020,president,,Marion - Marion No. 2,Marion - Marion No. 2,1.0000,approved,high,autogen_identity_from_results_and_contest_slice
2020,president,,Marion - Marion North,Marion - Marion North,1.0000,approved,high,autogen_identity_from_results_and_contest_slice
2020,president,,Marion - Marion South,Marion - Marion South,1.0000,approved,high,autogen_identity_from_results_and_contest_slice
2020,president,,Marion - Marion West,Marion - Marion West,1.0000,approved,high,autogen_identity_from_results_and_contest_slice
2020,president,,Marion - Nichols,Marion - Nichols,1.0000,approved,high,autogen_identity_from_results_and_contest_slice
2020,president,,Marion - Rains,Marion - Rains,1.0000,approved,high,autogen_identity_from_results_and_contest_slice
2020,president,,Marion - Sellers,Marion - Sellers,1.0000,approved,high,autogen_identity_from_results_and_contest_slice
2020,president,,Marion - Temperance,Marion - Temperance,1.0000,approved,high,autogen_identity_from_results_and_contest_slice
2020,president,,Marion - Zion,Marion - Zion,1.0000,approved,high,autogen_identity_from_results_and_contest_slice
2020,president,,Marlboro - Adamsville,Marlboro - Adamsville,1.0000,approved,high,autogen_identity_from_results_and_contest_slice
2020,president,,Marlboro - Blenheim,Marlboro - Blenheim,1.0000,approved,high,autogen_identity_from_results_and_contest_slice
2020,president,,Marlboro - Brightsville,Marlboro - Brightsville,1.0000,approved,high,autogen_identity_from_results_and_contest_slice
2020,president,,Marlboro - Brownsville,Marlboro - Brownsville,1.0000,approved,high,autogen_identity_from_results_and_contest_slice
2020,president,,Marlboro - Clio,Marlboro - Clio,1.0000,approved,high,autogen_identity_from_results_and_contest_slice
2020,president,,Marlboro - East Mccoll,Marlboro - East Mccoll,1.0000,approved,high,autogen_identity_from_results_and_contest_slice
2020,president,,Marlboro - Mccoll,Marlboro - Mccoll,1.0000,approved,high,autogen_identity_from_results_and_contest_slice
2020,president,,Marlboro - Quicks X Roads,Marlboro - Quicks X Roads,1.0000,approved,high,autogen_identity_from_results_and_contest_slice
2020,president,,Marlboro - Tatum,Marlboro - Tatum,1.0000,approved,high,autogen_identity_from_results_and_contest_slice
2020,president,,Marlboro - Wallace,Marlboro - Wallace,1.0000,approved,high,autogen_identity_from_results_and_contest_slice
2020,president,,Mccormick - Bethany,Mccormick - Bethany,1.0000,approved,high,autogen_identity_from_results_and_contest_slice
2020,president,,Mccormick - Clark'S Hill,Mccormick - Clark'S Hill,1.0000,approved,high,autogen_identity_from_results_and_contest_slice
2020,president,,Mccormick - Mccormick No. 1,Mccormick - Mccormick No. 1,1.0000,approved,high,autogen_identity_from_results_and_contest_slice
2020,president,,Mccormick - Mccormick No. 2,Mccormick - Mccormick No. 2,1.0000,approved,high,autogen_identity_from_results_and_contest_slice
2020,president,,Mccormick - Modoc,Mccormick - Modoc,1.0000,approved,high,autogen_identity_from_results_and_contest_slice
2020,president,,Mccormick - Monticello,Mccormick - Monticello,1.0000,approved,high,autogen_identity_from_results_and_contest_slice
2020,president,,Mccormick - Mt. Carmel,Mccormick - Mt. Carmel,1.0000,approved,high,autogen_identity_from_results_and_contest_slice
2020,president,,Mccormick - Parksville,Mccormick - Parksville,1.0000,approved,high,autogen_identity_from_results_and_contest_slice
2020,president,,Mccormick - Plum Branch,Mccormick - Plum Branch,1.0000,approved,high,autogen_identity_from_results_and_contest_slice
2020,president,,Mccormick - Savannah,Mccormick - Savannah,1.0000,approved,high,autogen_identity_from_results_and_contest_slice
2020,president,,Mccormick - Willington,Mccormick - Willington,1.0000,approved,high,autogen_identity_from_results_and_contest_slice
2020,president,,Newberry - Beth - Eden,Newberry - Beth - Eden,1.0000,approved,high,autogen_identity_from_results_and_contest_slice
2020,president,,Newberry - Bush River,Newberry - Bush River,1.0000,approved,high,autogen_identity_from_results_and_contest_slice
2020,president,,Newberry - Chappells,Newberry - Chappells,1.0000,approved,high,autogen_identity_from_results_and_contest_slice
2020,president,,Newberry - Consolidated Number 5,Newberry - Consolidated Number 5,1.0000,approved,high,autogen_identity_from_results_and_contest_slice
2020,president,,Newberry - Fairview,Newberry - Fairview,1.0000,approved,high,autogen_identity_from_results_and_contest_slice
2020,president,,Newberry - Hartford,Newberry - Hartford,1.0000,approved,high,autogen_identity_from_results_and_contest_slice
2020,president,,Newberry - Helena,Newberry - Helena,1.0000,approved,high,autogen_identity_from_results_and_contest_slice
2020,president,,Newberry - Johnstone,Newberry - Johnstone,1.0000,approved,high,autogen_identity_from_results_and_contest_slice
2020,president,,Newberry - Kinards-Jalapa,Newberry - Kinards-Jalapa,1.0000,approved,high,autogen_identity_from_results_and_contest_slice
2020,president,,Newberry - Little Mountain,Newberry - Little Mountain,1.0000,approved,high,autogen_identity_from_results_and_contest_slice
2020,president,,Newberry - Maybinton,Newberry - Maybinton,1.0000,approved,high,autogen_identity_from_results_and_contest_slice
2020,president,,Newberry - Mt. Bethel-Garmany,Newberry - Mt. Bethel-Garmany,1.0000,approved,high,autogen_identity_from_results_and_contest_slice
2020,president,,Newberry - Newberry Ward 1,Newberry - Newberry Ward 1,1.0000,approved,high,autogen_identity_from_results_and_contest_slice
2020,president,,Newberry - Newberry Ward 2,Newberry - Newberry Ward 2,1.0000,approved,high,autogen_identity_from_results_and_contest_slice
2020,president,,Newberry - Newberry Ward 3,Newberry - Newberry Ward 3,1.0000,approved,high,autogen_identity_from_results_and_contest_slice
2020,president,,Newberry - Newberry Ward 4,Newberry - Newberry Ward 4,1.0000,approved,high,autogen_identity_from_results_and_contest_slice
2020,president,,Newberry - Newberry Ward 5,Newberry - Newberry Ward 5,1.0000,approved,high,autogen_identity_from_results_and_contest_slice
2020,president,,Newberry - Newberry Ward 6,Newberry - Newberry Ward 6,1.0000,approved,high,autogen_identity_from_results_and_contest_slice
2020,president,,Newberry - O'Neal,Newberry - O'Neal,1.0000,approved,high,autogen_identity_from_results_and_contest_slice
2020,president,,Newberry - Oakland,Newberry - Oakland,1.0000,approved,high,autogen_identity_from_results_and_contest_slice
2020,president,,Newberry - Peak,Newberry - Peak,1.0000,approved,high,autogen_identity_from_results_and_contest_slice
2020,president,,Newberry - Pomaria,Newberry - Pomaria,1.0000,approved,high,autogen_identity_from_results_and_contest_slice
2020,president,,Newberry - Prosperity City,Newberry - Prosperity City,1.0000,approved,high,autogen_identity_from_results_and_contest_slice
2020,president,,Newberry - Prosperity Outside,Newberry - Prosperity Outside,1.0000,approved,high,autogen_identity_from_results_and_contest_slice
2020,president,,Newberry - Silverstreet,Newberry - Silverstreet,1.0000,approved,high,autogen_identity_from_results_and_contest_slice
2020,president,,Newberry - St. Phillips-Jolly Street,Newberry - St. Phillips-Jolly Street,1.0000,approved,high,autogen_identity_from_results_and_contest_slice
2020,president,,Newberry - Stoney Hill,Newberry - Stoney Hill,1.0000,approved,high,autogen_identity_from_results_and_contest_slice
2020,president,,Newberry - Wheeland,Newberry - Wheeland,1.0000,approved,high,autogen_identity_from_results_and_contest_slice
2020,president,,Newberry - Whitmire City,Newberry - Whitmire City,1.0000,approved,high,autogen_identity_from_results_and_contest_slice
2020,president,,Newberry - Whitmire Outside,Newberry - Whitmire Outside,1.0000,approved,high,autogen_identity_from_results_and_contest_slice
2020,president,,Oconee - Bountyland,Oconee - Bountyland,1.0000,approved,high,autogen_identity_from_results_and_contest_slice
2020,president,,Oconee - Earles Grove,Oconee - Earles Grove,1.0000,approved,high,autogen_identity_from_results_and_contest_slice
2020,president,,Oconee - Fair Play,Oconee - Fair Play,1.0000,approved,high,autogen_identity_from_results_and_contest_slice
2020,president,,Oconee - Friendship,Oconee - Friendship,1.0000,approved,high,autogen_identity_from_results_and_contest_slice
2020,president,,Oconee - Holly Springs,Oconee - Holly Springs,1.0000,approved,high,autogen_identity_from_results_and_contest_slice
2020,president,,Oconee - Keowee,Oconee - Keowee,1.0000,approved,high,autogen_identity_from_results_and_contest_slice
2020,president,,Oconee - Long Creek,Oconee - Long Creek,1.0000,approved,high,autogen_identity_from_results_and_contest_slice
2020,president,,Oconee - Madison,Oconee - Madison,1.0000,approved,high,autogen_identity_from_results_and_contest_slice
2020,president,,Oconee - Mountain Rest,Oconee - Mountain Rest,1.0000,approved,high,autogen_identity_from_results_and_contest_slice
2020,president,,Oconee - New Hope,Oconee - New Hope,1.0000,approved,high,autogen_identity_from_results_and_contest_slice
2020,president,,Oconee - Newry-Corinth,Oconee - Newry-Corinth,1.0000,approved,high,autogen_identity_from_results_and_contest_slice
2020,president,,Oconee - Oakway,Oconee - Oakway,1.0000,approved,high,autogen_identity_from_results_and_contest_slice
2020,president,,Oconee - Ravenel,Oconee - Ravenel,1.0000,approved,high,autogen_identity_from_results_and_contest_slice
2020,president,,Oconee - Return,Oconee - Return,1.0000,approved,high,autogen_identity_from_results_and_contest_slice
2020,president,,Oconee - Richland,Oconee - Richland,1.0000,approved,high,autogen_identity_from_results_and_contest_slice
2020,president,,Oconee - Salem,Oconee - Salem,1.0000,approved,high,autogen_identity_from_results_and_contest_slice
2020,president,,Oconee - Seneca 1,Oconee - Seneca 1,1.0000,approved,high,autogen_identity_from_results_and_contest_slice
2020,president,,Oconee - Seneca 2,Oconee - Seneca 2,1.0000,approved,high,autogen_identity_from_results_and_contest_slice
2020,president,,Oconee - Seneca 3,Oconee - Seneca 3,1.0000,approved,high,autogen_identity_from_results_and_contest_slice
2020,president,,Oconee - Seneca 4,Oconee - Seneca 4,1.0000,approved,high,autogen_identity_from_results_and_contest_slice
2020,president,,Oconee - Shiloh,Oconee - Shiloh,1.0000,approved,high,autogen_identity_from_results_and_contest_slice
2020,president,,Oconee - South Union,Oconee - South Union,1.0000,approved,high,autogen_identity_from_results_and_contest_slice
2020,president,,Oconee - Stamp Creek,Oconee - Stamp Creek,1.0000,approved,high,autogen_identity_from_results_and_contest_slice
2020,president,,Oconee - Tamassee,Oconee - Tamassee,1.0000,approved,high,autogen_identity_from_results_and_contest_slice
2020,president,,Oconee - Tokeena-Providence,Oconee - Tokeena-Providence,1.0000,approved,high,autogen_identity_from_results_and_contest_slice
2020,president,,Oconee - Utica,Oconee - Utica,1.0000,approved,high,autogen_identity_from_results_and_contest_slice
2020,president,,Oconee - Walhalla 1,Oconee - Walhalla 1,1.0000,approved,high,autogen_identity_from_results_and_contest_slice
2020,president,,Oconee - Walhalla 2,Oconee - Walhalla 2,1.0000,approved,high,autogen_identity_from_results_and_contest_slice
2020,president,,Oconee - West Union,Oconee - West Union,1.0000,approved,high,autogen_identity_from_results_and_contest_slice
2020,president,,Oconee - Westminster 1,Oconee - Westminster 1,1.0000,approved,high,autogen_identity_from_results_and_contest_slice
2020,president,,Oconee - Westminster 2,Oconee - Westminster 2,1.0000,approved,high,autogen_identity_from_results_and_contest_slice
2020,president,,Orangeburg - Bethel,Orangeburg - Bethel,1.0000,approved,high,autogen_identity_from_results_and_contest_slice
2020,president,,Orangeburg - Bolentown,Orangeburg - Bolentown,1.0000,approved,high,autogen_identity_from_results_and_contest_slice
2020,president,,Orangeburg - Bowman 1,Orangeburg - Bowman 1,1.0000,approved,high,autogen_identity_from_results_and_contest_slice
2020,president,,Orangeburg - Bowman 2,Orangeburg - Bowman 2,1.0000,approved,high,autogen_identity_from_results_and_contest_slice
2020,president,,Orangeburg - Branchville 1,Orangeburg - Branchville 1,1.0000,approved,high,autogen_identity_from_results_and_contest_slice
2020,president,,Orangeburg - Branchville 2,Orangeburg - Branchville 2,1.0000,approved,high,autogen_identity_from_results_and_contest_slice
2020,president,,Orangeburg - Brookdale,Orangeburg - Brookdale,1.0000,approved,high,autogen_identity_from_results_and_contest_slice
2020,president,,Orangeburg - Cope,Orangeburg - Cope,1.0000,approved,high,autogen_identity_from_results_and_contest_slice
2020,president,,Orangeburg - Cordova 1,Orangeburg - Cordova 1,1.0000,approved,high,autogen_identity_from_results_and_contest_slice
2020,president,,Orangeburg - Cordova 2,Orangeburg - Cordova 2,1.0000,approved,high,autogen_identity_from_results_and_contest_slice
2020,president,,Orangeburg - Edisto,Orangeburg - Edisto,1.0000,approved,high,autogen_identity_from_results_and_contest_slice
2020,president,,Orangeburg - Elloree 1,Orangeburg - Elloree 1,1.0000,approved,high,autogen_identity_from_results_and_contest_slice
2020,president,,Orangeburg - Elloree 2,Orangeburg - Elloree 2,1.0000,approved,high,autogen_identity_from_results_and_contest_slice
2020,president,,Orangeburg - Eutawville 1,Orangeburg - Eutawville 1,1.0000,approved,high,autogen_identity_from_results_and_contest_slice
2020,president,,Orangeburg - Eutawville 2,Orangeburg - Eutawville 2,1.0000,approved,high,autogen_identity_from_results_and_contest_slice
2020,president,,Orangeburg - Four Holes,Orangeburg - Four Holes,1.0000,approved,high,autogen_identity_from_results_and_contest_slice
2020,president,,Orangeburg - Holly Hill 1,Orangeburg - Holly Hill 1,1.0000,approved,high,autogen_identity_from_results_and_contest_slice
2020,president,,Orangeburg - Holly Hill 2,Orangeburg - Holly Hill 2,1.0000,approved,high,autogen_identity_from_results_and_contest_slice
2020,president,,Orangeburg - Jamison,Orangeburg - Jamison,1.0000,approved,high,autogen_identity_from_results_and_contest_slice
2020,president,,Orangeburg - Limestone 1,Orangeburg - Limestone 1,1.0000,approved,high,autogen_identity_from_results_and_contest_slice
2020,president,,Orangeburg - Limestone 2,Orangeburg - Limestone 2,1.0000,approved,high,autogen_identity_from_results_and_contest_slice
2020,president,,Orangeburg - Neeses-Livingston,Orangeburg - Neeses-Livingston,1.0000,approved,high,autogen_identity_from_results_and_contest_slice
2020,president,,Orangeburg - Nix,Orangeburg - Nix,1.0000,approved,high,autogen_identity_from_results_and_contest_slice
2020,president,,Orangeburg - North 1,Orangeburg - North 1,1.0000,approved,high,autogen_identity_from_results_and_contest_slice
2020,president,,Orangeburg - North 2,Orangeburg - North 2,1.0000,approved,high,autogen_identity_from_results_and_contest_slice
2020,president,,Orangeburg - Norway,Orangeburg - Norway,1.0000,approved,high,autogen_identity_from_results_and_contest_slice
2020,president,,Orangeburg - Pine Hill,Orangeburg - Pine Hill,1.0000,approved,high,autogen_identity_from_results_and_contest_slice
2020,president,,Orangeburg - Providence,Orangeburg - Providence,1.0000,approved,high,autogen_identity_from_results_and_contest_slice
2020,president,,Orangeburg - Rowesville,Orangeburg - Rowesville,1.0000,approved,high,autogen_identity_from_results_and_contest_slice
2020,president,,Orangeburg - Santee 1,Orangeburg - Santee 1,1.0000,approved,high,autogen_identity_from_results_and_contest_slice
2020,president,,Orangeburg - Santee 2,Orangeburg - Santee 2,1.0000,approved,high,autogen_identity_from_results_and_contest_slice
2020,president,,Orangeburg - Springfield,Orangeburg - Springfield,1.0000,approved,high,autogen_identity_from_results_and_contest_slice
2020,president,,Orangeburg - Suburban 1,Orangeburg - Suburban 1,1.0000,approved,high,autogen_identity_from_results_and_contest_slice
2020,president,,Orangeburg - Suburban 2,Orangeburg - Suburban 2,1.0000,approved,high,autogen_identity_from_results_and_contest_slice
2020,president,,Orangeburg - Suburban 3,Orangeburg - Suburban 3,1.0000,approved,high,autogen_identity_from_results_and_contest_slice
2020,president,,Orangeburg - Suburban 4,Orangeburg - Suburban 4,1.0000,approved,high,autogen_identity_from_results_and_contest_slice
2020,president,,Orangeburg - Suburban 5,Orangeburg - Suburban 5,1.0000,approved,high,autogen_identity_from_results_and_contest_slice
2020,president,,Orangeburg - Suburban 6,Orangeburg - Suburban 6,1.0000,approved,high,autogen_identity_from_results_and_contest_slice
2020,president,,Orangeburg - Suburban 7,Orangeburg - Suburban 7,1.0000,approved,high,autogen_identity_from_results_and_contest_slice
2020,president,,Orangeburg - Suburban 8,Orangeburg - Suburban 8,1.0000,approved,high,autogen_identity_from_results_and_contest_slice
2020,president,,Orangeburg - Suburban 9,Orangeburg - Suburban 9,1.0000,approved,high,autogen_identity_from_results_and_contest_slice
2020,president,,Orangeburg - Vance,Orangeburg - Vance,1.0000,approved,high,autogen_identity_from_results_and_contest_slice
2020,president,,Orangeburg - Whittaker,Orangeburg - Whittaker,1.0000,approved,high,autogen_identity_from_results_and_contest_slice
2020,president,,Pickens - Abel,Pickens - Abel,1.0000,approved,high,autogen_identity_from_results_and_contest_slice
2020,president,,Pickens - Albert R. Lewis,Pickens - Albert R. Lewis,1.0000,approved,high,autogen_identity_from_results_and_contest_slice
2020,president,,Pickens - Arial Mill,Pickens - Arial Mill,1.0000,approved,high,autogen_identity_from_results_and_contest_slice
2020,president,,Pickens - Brushy Creek,Pickens - Brushy Creek,1.0000,approved,high,autogen_identity_from_results_and_contest_slice
2020,president,,Pickens - Calhoun,Pickens - Calhoun,1.0000,approved,high,autogen_identity_from_results_and_contest_slice
2020,president,,Pickens - Cedar Rock,Pickens - Cedar Rock,1.0000,approved,high,autogen_identity_from_results_and_contest_slice
2020,president,,Pickens - Clemson,Pickens - Clemson,1.0000,approved,high,autogen_identity_from_results_and_contest_slice
2020,president,,Pickens - Crescent Hill,Pickens - Crescent Hill,1.0000,approved,high,autogen_identity_from_results_and_contest_slice
2020,president,,Pickens - Crestview,Pickens - Crestview,1.0000,approved,high,autogen_identity_from_results_and_contest_slice
2020,president,,Pickens - Crossroads,Pickens - Crossroads,1.0000,approved,high,autogen_identity_from_results_and_contest_slice
2020,president,,Pickens - Crosswell,Pickens - Crosswell,1.0000,approved,high,autogen_identity_from_results_and_contest_slice
2020,president,,Pickens - Dacusville,Pickens - Dacusville,1.0000,approved,high,autogen_identity_from_results_and_contest_slice
2020,president,,Pickens - Easley,Pickens - Easley,1.0000,approved,high,autogen_identity_from_results_and_contest_slice
2020,president,,Pickens - East Liberty,Pickens - East Liberty,1.0000,approved,high,autogen_identity_from_results_and_contest_slice
2020,president,,Pickens - East Pickens,Pickens - East Pickens,1.0000,approved,high,autogen_identity_from_results_and_contest_slice
2020,president,,Pickens - Flat Rock,Pickens - Flat Rock,1.0000,approved,high,autogen_identity_from_results_and_contest_slice
2020,president,,Pickens - Forest Acres,Pickens - Forest Acres,1.0000,approved,high,autogen_identity_from_results_and_contest_slice
2020,president,,Pickens - Fruit Mountain,Pickens - Fruit Mountain,1.0000,approved,high,autogen_identity_from_results_and_contest_slice
2020,president,,Pickens - Georges Creek,Pickens - Georges Creek,1.0000,approved,high,autogen_identity_from_results_and_contest_slice
2020,president,,Pickens - Glassy Mountain,Pickens - Glassy Mountain,1.0000,approved,high,autogen_identity_from_results_and_contest_slice
2020,president,,Pickens - Griffin,Pickens - Griffin,1.0000,approved,high,autogen_identity_from_results_and_contest_slice
2020,president,,Pickens - Holly Springs,Pickens - Holly Springs,1.0000,approved,high,autogen_identity_from_results_and_contest_slice
2020,president,,Pickens - Issaqueena,Pickens - Issaqueena,1.0000,approved,high,autogen_identity_from_results_and_contest_slice
2020,president,,Pickens - Lawrence Chapel,Pickens - Lawrence Chapel,1.0000,approved,high,autogen_identity_from_results_and_contest_slice
2020,president,,Pickens - Mckissick,Pickens - Mckissick,1.0000,approved,high,autogen_identity_from_results_and_contest_slice
2020,president,,Pickens - Morrison,Pickens - Morrison,1.0000,approved,high,autogen_identity_from_results_and_contest_slice
2020,president,,Pickens - Mountain View,Pickens - Mountain View,1.0000,approved,high,autogen_identity_from_results_and_contest_slice
2020,president,,Pickens - Nine Forks,Pickens - Nine Forks,1.0000,approved,high,autogen_identity_from_results_and_contest_slice
2020,president,,Pickens - Norris,Pickens - Norris,1.0000,approved,high,autogen_identity_from_results_and_contest_slice
2020,president,,Pickens - North Central,Pickens - North Central,1.0000,approved,high,autogen_identity_from_results_and_contest_slice
2020,president,,Pickens - North Liberty,Pickens - North Liberty,1.0000,approved,high,autogen_identity_from_results_and_contest_slice
2020,president,,Pickens - North Pickens,Pickens - North Pickens,1.0000,approved,high,autogen_identity_from_results_and_contest_slice
2020,president,,Pickens - Pendleton,Pickens - Pendleton,1.0000,approved,high,autogen_identity_from_results_and_contest_slice
2020,president,,Pickens - Pickensville,Pickens - Pickensville,1.0000,approved,high,autogen_identity_from_results_and_contest_slice
2020,president,,Pickens - Pike,Pickens - Pike,1.0000,approved,high,autogen_identity_from_results_and_contest_slice
2020,president,,Pickens - Pope Field,Pickens - Pope Field,1.0000,approved,high,autogen_identity_from_results_and_contest_slice
2020,president,,Pickens - Praters Creek,Pickens - Praters Creek,1.0000,approved,high,autogen_identity_from_results_and_contest_slice
2020,president,,Pickens - Pumpkintown,Pickens - Pumpkintown,1.0000,approved,high,autogen_identity_from_results_and_contest_slice
2020,president,,Pickens - Rices Creek,Pickens - Rices Creek,1.0000,approved,high,autogen_identity_from_results_and_contest_slice
2020,president,,Pickens - Rock Springs,Pickens - Rock Springs,1.0000,approved,high,autogen_identity_from_results_and_contest_slice
2020,president,,Pickens - Saluda,Pickens - Saluda,1.0000,approved,high,autogen_identity_from_results_and_contest_slice
2020,president,,Pickens - Sheffield,Pickens - Sheffield,1.0000,approved,high,autogen_identity_from_results_and_contest_slice
2020,president,,Pickens - Simpson,Pickens - Simpson,1.0000,approved,high,autogen_identity_from_results_and_contest_slice
2020,president,,Pickens - Sitton,Pickens - Sitton,1.0000,approved,high,autogen_identity_from_results_and_contest_slice
2020,president,,Pickens - Six Mile,Pickens - Six Mile,1.0000,approved,high,autogen_identity_from_results_and_contest_slice
2020,president,,Pickens - Six Mile Mountain,Pickens - Six Mile Mountain,1.0000,approved,high,autogen_identity_from_results_and_contest_slice
2020,president,,Pickens - Skelton,Pickens - Skelton,1.0000,approved,high,autogen_identity_from_results_and_contest_slice
2020,president,,Pickens - Smith Grove,Pickens - Smith Grove,1.0000,approved,high,autogen_identity_from_results_and_contest_slice
2020,president,,Pickens - South Central,Pickens - South Central,1.0000,approved,high,autogen_identity_from_results_and_contest_slice
2020,president,,Pickens - South Pickens,Pickens - South Pickens,1.0000,approved,high,autogen_identity_from_results_and_contest_slice
2020,president,,Pickens - Stone Church,Pickens - Stone Church,1.0000,approved,high,autogen_identity_from_results_and_contest_slice
2020,president,,Pickens - Tri County,Pickens - Tri County,1.0000,approved,high,autogen_identity_from_results_and_contest_slice
2020,president,,Pickens - University,Pickens - University,1.0000,approved,high,autogen_identity_from_results_and_contest_slice
2020,president,,Pickens - Vinland,Pickens - Vinland,1.0000,approved,high,autogen_identity_from_results_and_contest_slice
2020,president,,Pickens - West Central,Pickens - West Central,1.0000,approved,high,autogen_identity_from_results_and_contest_slice
2020,president,,Pickens - West Liberty,Pickens - West Liberty,1.0000,approved,high,autogen_identity_from_results_and_contest_slice
2020,president,,Pickens - West Pickens,Pickens - West Pickens,1.0000,approved,high,autogen_identity_from_results_and_contest_slice
2020,president,,Pickens - Woodside,Pickens - Woodside,1.0000,approved,high,autogen_identity_from_results_and_contest_slice
2020,president,,Pickens - Zion,Pickens - Zion,1.0000,approved,high,autogen_identity_from_results_and_contest_slice
2020,president,,Richland - Arcadia,Richland - Arcadia,1.0000,approved,high,autogen_identity_from_results_and_contest_slice
2020,president,,Richland - Ardincaple,Richland - Ardincaple,1.0000,approved,high,autogen_identity_from_results_and_contest_slice
2020,president,,Richland - Ballentine 1,Richland - Ballentine 1,1.0000,approved,high,autogen_identity_from_results_and_contest_slice
2020,president,,Richland - Ballentine 2,Richland - Ballentine 2,1.0000,approved,high,autogen_identity_from_results_and_contest_slice
2020,president,,Richland - Beatty Road,Richland - Beatty Road,1.0000,approved,high,autogen_identity_from_results_and_contest_slice
2020,president,,Richland - Bluff,Richland - Bluff,1.0000,approved,high,autogen_identity_from_results_and_contest_slice
2020,president,,Richland - Blythewood 1,Richland - Blythewood 1,1.0000,approved,high,autogen_identity_from_results_and_contest_slice
2020,president,,Richland - Blythewood 2,Richland - Blythewood 2,1.0000,approved,high,autogen_identity_from_results_and_contest_slice
2020,president,,Richland - Blythewood 3,Richland - Blythewood 3,1.0000,approved,high,autogen_identity_from_results_and_contest_slice
2020,president,,Richland - Bookman,Richland - Bookman,1.0000,approved,high,autogen_identity_from_results_and_contest_slice
2020,president,,Richland - Brandon 1,Richland - Brandon 1,1.0000,approved,high,autogen_identity_from_results_and_contest_slice
2020,president,,Richland - Brandon 2,Richland - Brandon 2,1.0000,approved,high,autogen_identity_from_results_and_contest_slice
2020,president,,Richland - Briarwood,Richland - Briarwood,1.0000,approved,high,autogen_identity_from_results_and_contest_slice
2020,president,,Richland - Bridge Creek,Richland - Bridge Creek,1.0000,approved,high,autogen_identity_from_results_and_contest_slice
2020,president,,Richland - Caughman Road,Richland - Caughman Road,1.0000,approved,high,autogen_identity_from_results_and_contest_slice
2020,president,,Richland - College Place,Richland - College Place,1.0000,approved,high,autogen_identity_from_results_and_contest_slice
2020,president,,Richland - Cooper,Richland - Cooper,1.0000,approved,high,autogen_identity_from_results_and_contest_slice
2020,president,,Richland - Dennyside,Richland - Dennyside,1.0000,approved,high,autogen_identity_from_results_and_contest_slice
2020,president,,Richland - Dentsville,Richland - Dentsville,1.0000,approved,high,autogen_identity_from_results_and_contest_slice
2020,president,,Richland - Dutch Fork 1,Richland - Dutch Fork 1,1.0000,approved,high,autogen_identity_from_results_and_contest_slice
2020,president,,Richland - Dutch Fork 2,Richland - Dutch Fork 2,1.0000,approved,high,autogen_identity_from_results_and_contest_slice
2020,president,,Richland - Dutch Fork 3,Richland - Dutch Fork 3,1.0000,approved,high,autogen_identity_from_results_and_contest_slice
2020,president,,Richland - Dutch Fork 4,Richland - Dutch Fork 4,1.0000,approved,high,autogen_identity_from_results_and_contest_slice
2020,president,,Richland - East Forest Acres,Richland - East Forest Acres,1.0000,approved,high,autogen_identity_from_results_and_contest_slice
2020,president,,Richland - Eastover,Richland - Eastover,1.0000,approved,high,autogen_identity_from_results_and_contest_slice
2020,president,,Richland - Edgewood,Richland - Edgewood,1.0000,approved,high,autogen_identity_from_results_and_contest_slice
2020,president,,Richland - Estates,Richland - Estates,1.0000,approved,high,autogen_identity_from_results_and_contest_slice
2020,president,,Richland - Fairlawn,Richland - Fairlawn,1.0000,approved,high,autogen_identity_from_results_and_contest_slice
2020,president,,Richland - Fairwold,Richland - Fairwold,1.0000,approved,high,autogen_identity_from_results_and_contest_slice
2020,president,,Richland - Friarsgate 1,Richland - Friarsgate 1,1.0000,approved,high,autogen_identity_from_results_and_contest_slice
2020,president,,Richland - Friarsgate 2,Richland - Friarsgate 2,1.0000,approved,high,autogen_identity_from_results_and_contest_slice
2020,president,,Richland - Gadsden,Richland - Gadsden,1.0000,approved,high,autogen_identity_from_results_and_contest_slice
2020,president,,Richland - Garners,Richland - Garners,1.0000,approved,high,autogen_identity_from_results_and_contest_slice
2020,president,,Richland - Greenview,Richland - Greenview,1.0000,approved,high,autogen_identity_from_results_and_contest_slice
2020,president,,Richland - Gregg Park,Richland - Gregg Park,1.0000,approved,high,autogen_identity_from_results_and_contest_slice
2020,president,,Richland - Hampton,Richland - Hampton,1.0000,approved,high,autogen_identity_from_results_and_contest_slice
2020,president,,Richland - Harbison 1,Richland - Harbison 1,1.0000,approved,high,autogen_identity_from_results_and_contest_slice
2020,president,,Richland - Harbison 2,Richland - Harbison 2,1.0000,approved,high,autogen_identity_from_results_and_contest_slice
2020,president,,Richland - Hopkins 1,Richland - Hopkins 1,1.0000,approved,high,autogen_identity_from_results_and_contest_slice
2020,president,,Richland - Hopkins 2,Richland - Hopkins 2,1.0000,approved,high,autogen_identity_from_results_and_contest_slice
2020,president,,Richland - Horrell Hill,Richland - Horrell Hill,1.0000,approved,high,autogen_identity_from_results_and_contest_slice
2020,president,,Richland - Hunting Creek,Richland - Hunting Creek,1.0000,approved,high,autogen_identity_from_results_and_contest_slice
2020,president,,Richland - Keels 1,Richland - Keels 1,1.0000,approved,high,autogen_identity_from_results_and_contest_slice
2020,president,,Richland - Keels 2,Richland - Keels 2,1.0000,approved,high,autogen_identity_from_results_and_contest_slice
2020,president,,Richland - Keenan,Richland - Keenan,1.0000,approved,high,autogen_identity_from_results_and_contest_slice
2020,president,,Richland - Kelly Mill,Richland - Kelly Mill,1.0000,approved,high,autogen_identity_from_results_and_contest_slice
2020,president,,Richland - Killian,Richland - Killian,1.0000,approved,high,autogen_identity_from_results_and_contest_slice
2020,president,,Richland - Kingswood,Richland - Kingswood,1.0000,approved,high,autogen_identity_from_results_and_contest_slice
2020,president,,Richland - Lake Carolina,Richland - Lake Carolina,1.0000,approved,high,autogen_identity_from_results_and_contest_slice
2020,president,,Richland - Lincolnshire,Richland - Lincolnshire,1.0000,approved,high,autogen_identity_from_results_and_contest_slice
2020,president,,Richland - Longcreek,Richland - Longcreek,1.0000,approved,high,autogen_identity_from_results_and_contest_slice
2020,president,,Richland - Longleaf,Richland - Longleaf,1.0000,approved,high,autogen_identity_from_results_and_contest_slice
2020,president,,Richland - Lykesland,Richland - Lykesland,1.0000,approved,high,autogen_identity_from_results_and_contest_slice
2020,president,,Richland - Mallet Hill,Richland - Mallet Hill,1.0000,approved,high,autogen_identity_from_results_and_contest_slice
2020,president,,Richland - Mcentire,Richland - Mcentire,1.0000,approved,high,autogen_identity_from_results_and_contest_slice
2020,president,,Richland - Meadowfield,Richland - Meadowfield,1.0000,approved,high,autogen_identity_from_results_and_contest_slice
2020,president,,Richland - Meadowlake,Richland - Meadowlake,1.0000,approved,high,autogen_identity_from_results_and_contest_slice
2020,president,,Richland - Midway,Richland - Midway,1.0000,approved,high,autogen_identity_from_results_and_contest_slice
2020,president,,Richland - Mill Creek,Richland - Mill Creek,1.0000,approved,high,autogen_identity_from_results_and_contest_slice
2020,president,,Richland - Monticello,Richland - Monticello,1.0000,approved,high,autogen_identity_from_results_and_contest_slice
2020,president,,Richland - North Forest Acres,Richland - North Forest Acres,1.0000,approved,high,autogen_identity_from_results_and_contest_slice
2020,president,,Richland - North Springs 1,Richland - North Springs 1,1.0000,approved,high,autogen_identity_from_results_and_contest_slice
2020,president,,Richland - North Springs 2,Richland - North Springs 2,1.0000,approved,high,autogen_identity_from_results_and_contest_slice
2020,president,,Richland - North Springs 3,Richland - North Springs 3,1.0000,approved,high,autogen_identity_from_results_and_contest_slice
2020,president,,Richland - Oak Pointe 1,Richland - Oak Pointe 1,1.0000,approved,high,autogen_identity_from_results_and_contest_slice
2020,president,,Richland - Oak Pointe 2,Richland - Oak Pointe 2,1.0000,approved,high,autogen_identity_from_results_and_contest_slice
2020,president,,Richland - Oak Pointe 3,Richland - Oak Pointe 3,1.0000,approved,high,autogen_identity_from_results_and_contest_slice
2020,president,,Richland - Oakwood,Richland - Oakwood,1.0000,approved,high,autogen_identity_from_results_and_contest_slice
2020,president,,Richland - Old Friarsgate,Richland - Old Friarsgate,1.0000,approved,high,autogen_identity_from_results_and_contest_slice
2020,president,,Richland - Olympia,Richland - Olympia,1.0000,approved,high,autogen_identity_from_results_and_contest_slice
2020,president,,Richland - Parkridge 1,Richland - Parkridge 1,1.0000,approved,high,autogen_identity_from_results_and_contest_slice
2020,president,,Richland - Parkridge 2,Richland - Parkridge 2,1.0000,approved,high,autogen_identity_from_results_and_contest_slice
2020,president,,Richland - Parkway 1,Richland - Parkway 1,1.0000,approved,high,autogen_identity_from_results_and_contest_slice
2020,president,,Richland - Parkway 2,Richland - Parkway 2,1.0000,approved,high,autogen_identity_from_results_and_contest_slice
2020,president,,Richland - Parkway 3,Richland - Parkway 3,1.0000,approved,high,autogen_identity_from_results_and_contest_slice
2020,president,,Richland - Pennington 1,Richland - Pennington 1,1.0000,approved,high,autogen_identity_from_results_and_contest_slice
2020,president,,Richland - Pennington 2,Richland - Pennington 2,1.0000,approved,high,autogen_identity_from_results_and_contest_slice
2020,president,,Richland - Pine Grove,Richland - Pine Grove,1.0000,approved,high,autogen_identity_from_results_and_contest_slice
2020,president,,Richland - Pine Lakes 1,Richland - Pine Lakes 1,1.0000,approved,high,autogen_identity_from_results_and_contest_slice
2020,president,,Richland - Pine Lakes 2,Richland - Pine Lakes 2,1.0000,approved,high,autogen_identity_from_results_and_contest_slice
2020,president,,Richland - Pinewood,Richland - Pinewood,1.0000,approved,high,autogen_identity_from_results_and_contest_slice
2020,president,,Richland - Polo Road,Richland - Polo Road,1.0000,approved,high,autogen_identity_from_results_and_contest_slice
2020,president,,Richland - Pontiac 1,Richland - Pontiac 1,1.0000,approved,high,autogen_identity_from_results_and_contest_slice
2020,president,,Richland - Pontiac 2,Richland - Pontiac 2,1.0000,approved,high,autogen_identity_from_results_and_contest_slice
2020,president,,Richland - Rice Creek 1,Richland - Rice Creek 1,1.0000,approved,high,autogen_identity_from_results_and_contest_slice
2020,president,,Richland - Rice Creek 2,Richland - Rice Creek 2,1.0000,approved,high,autogen_identity_from_results_and_contest_slice
2020,president,,Richland - Ridge View 1,Richland - Ridge View 1,1.0000,approved,high,autogen_identity_from_results_and_contest_slice
2020,president,,Richland - Ridge View 2,Richland - Ridge View 2,1.0000,approved,high,autogen_identity_from_results_and_contest_slice
2020,president,,Richland - Ridgewood,Richland - Ridgewood,1.0000,approved,high,autogen_identity_from_results_and_contest_slice
2020,president,,Richland - Riverside,Richland - Riverside,1.0000,approved,high,autogen_identity_from_results_and_contest_slice
2020,president,,Richland - Riversprings 1,Richland - Riversprings 1,1.0000,approved,high,autogen_identity_from_results_and_contest_slice
2020,president,,Richland - Riversprings 2,Richland - Riversprings 2,1.0000,approved,high,autogen_identity_from_results_and_contest_slice
2020,president,,Richland - Riversprings 3,Richland - Riversprings 3,1.0000,approved,high,autogen_identity_from_results_and_contest_slice
2020,president,,Richland - Riverwalk,Richland - Riverwalk,1.0000,approved,high,autogen_identity_from_results_and_contest_slice
2020,president,,Richland - Round Top,Richland - Round Top,1.0000,approved,high,autogen_identity_from_results_and_contest_slice
2020,president,,Richland - Sandlapper,Richland - Sandlapper,1.0000,approved,high,autogen_identity_from_results_and_contest_slice
2020,president,,Richland - Satchelford,Richland - Satchelford,1.0000,approved,high,autogen_identity_from_results_and_contest_slice
2020,president,,Richland - Skyland,Richland - Skyland,1.0000,approved,high,autogen_identity_from_results_and_contest_slice
2020,president,,Richland - South Beltline,Richland - South Beltline,1.0000,approved,high,autogen_identity_from_results_and_contest_slice
2020,president,,Richland - South Forest Acres,Richland - South Forest Acres,1.0000,approved,high,autogen_identity_from_results_and_contest_slice
2020,president,,Richland - Spring Hill,Richland - Spring Hill,1.0000,approved,high,autogen_identity_from_results_and_contest_slice
2020,president,,Richland - Spring Valley,Richland - Spring Valley,1.0000,approved,high,autogen_identity_from_results_and_contest_slice
2020,president,,Richland - Spring Valley West,Richland - Spring Valley West,1.0000,approved,high,autogen_identity_from_results_and_contest_slice
2020,president,,Richland - Springville 1,Richland - Springville 1,1.0000,approved,high,autogen_identity_from_results_and_contest_slice
2020,president,,Richland - Springville 2,Richland - Springville 2,1.0000,approved,high,autogen_identity_from_results_and_contest_slice
2020,president,,Richland - St. Andrews,Richland - St. Andrews,1.0000,approved,high,autogen_identity_from_results_and_contest_slice
2020,president,,Richland - Trenholm Road,Richland - Trenholm Road,1.0000,approved,high,autogen_identity_from_results_and_contest_slice
2020,president,,Richland - Trinity,Richland - Trinity,1.0000,approved,high,autogen_identity_from_results_and_contest_slice
2020,president,,Richland - Valhalla,Richland - Valhalla,1.0000,approved,high,autogen_identity_from_results_and_contest_slice
2020,president,,Richland - Valley State Park,Richland - Valley State Park,1.0000,approved,high,autogen_identity_from_results_and_contest_slice
2020,president,,Richland - Walden,Richland - Walden,1.0000,approved,high,autogen_identity_from_results_and_contest_slice
2020,president,,Richland - Ward 1,Richland - Ward 1,1.0000,approved,high,autogen_identity_from_results_and_contest_slice
2020,president,,Richland - Ward 10,Richland - Ward 10,1.0000,approved,high,autogen_identity_from_results_and_contest_slice
2020,president,,Richland - Ward 11,Richland - Ward 11,1.0000,approved,high,autogen_identity_from_results_and_contest_slice
2020,president,,Richland - Ward 12,Richland - Ward 12,1.0000,approved,high,autogen_identity_from_results_and_contest_slice
2020,president,,Richland - Ward 13,Richland - Ward 13,1.0000,approved,high,autogen_identity_from_results_and_contest_slice
2020,president,,Richland - Ward 14,Richland - Ward 14,1.0000,approved,high,autogen_identity_from_results_and_contest_slice
2020,president,,Richland - Ward 15,Richland - Ward 15,1.0000,approved,high,autogen_identity_from_results_and_contest_slice
2020,president,,Richland - Ward 16,Richland - Ward 16,1.0000,approved,high,autogen_identity_from_results_and_contest_slice
2020,president,,Richland - Ward 17,Richland - Ward 17,1.0000,approved,high,autogen_identity_from_results_and_contest_slice
2020,president,,Richland - Ward 18,Richland - Ward 18,1.0000,approved,high,autogen_identity_from_results_and_contest_slice
2020,president,,Richland - Ward 19,Richland - Ward 19,1.0000,approved,high,autogen_identity_from_results_and_contest_slice
2020,president,,Richland - Ward 2,Richland - Ward 2,1.0000,approved,high,autogen_identity_from_results_and_contest_slice
2020,president,,Richland - Ward 20,Richland - Ward 20,1.0000,approved,high,autogen_identity_from_results_and_contest_slice
2020,president,,Richland - Ward 21,Richland - Ward 21,1.0000,approved,high,autogen_identity_from_results_and_contest_slice
2020,president,,Richland - Ward 22,Richland - Ward 22,1.0000,approved,high,autogen_identity_from_results_and_contest_slice
2020,president,,Richland - Ward 23,Richland - Ward 23,1.0000,approved,high,autogen_identity_from_results_and_contest_slice
2020,president,,Richland - Ward 24,Richland - Ward 24,1.0000,approved,high,autogen_identity_from_results_and_contest_slice
2020,president,,Richland - Ward 25,Richland - Ward 25,1.0000,approved,high,autogen_identity_from_results_and_contest_slice
2020,president,,Richland - Ward 26,Richland - Ward 26,1.0000,approved,high,autogen_identity_from_results_and_contest_slice
2020,president,,Richland - Ward 29,Richland - Ward 29,1.0000,approved,high,autogen_identity_from_results_and_contest_slice
2020,president,,Richland - Ward 3,Richland - Ward 3,1.0000,approved,high,autogen_identity_from_results_and_contest_slice
2020,president,,Richland - Ward 30,Richland - Ward 30,1.0000,approved,high,autogen_identity_from_results_and_contest_slice
2020,president,,Richland - Ward 31,Richland - Ward 31,1.0000,approved,high,autogen_identity_from_results_and_contest_slice
2020,president,,Richland - Ward 32,Richland - Ward 32,1.0000,approved,high,autogen_identity_from_results_and_contest_slice
2020,president,,Richland - Ward 33,Richland - Ward 33,1.0000,approved,high,autogen_identity_from_results_and_contest_slice
2020,president,,Richland - Ward 34,Richland - Ward 34,1.0000,approved,high,autogen_identity_from_results_and_contest_slice
2020,president,,Richland - Ward 4,Richland - Ward 4,1.0000,approved,high,autogen_identity_from_results_and_contest_slice
2020,president,,Richland - Ward 5,Richland - Ward 5,1.0000,approved,high,autogen_identity_from_results_and_contest_slice
2020,president,,Richland - Ward 6,Richland - Ward 6,1.0000,approved,high,autogen_identity_from_results_and_contest_slice
2020,president,,Richland - Ward 7,Richland - Ward 7,1.0000,approved,high,autogen_identity_from_results_and_contest_slice
2020,president,,Richland - Ward 8,Richland - Ward 8,1.0000,approved,high,autogen_identity_from_results_and_contest_slice
2020,president,,Richland - Ward 9,Richland - Ward 9,1.0000,approved,high,autogen_identity_from_results_and_contest_slice
2020,president,,Richland - Webber,Richland - Webber,1.0000,approved,high,autogen_identity_from_results_and_contest_slice
2020,president,,Richland - Westminster,Richland - Westminster,1.0000,approved,high,autogen_identity_from_results_and_contest_slice
2020,president,,Richland - Whitewell,Richland - Whitewell,1.0000,approved,high,autogen_identity_from_results_and_contest_slice
2020,president,,Richland - Wildewood,Richland - Wildewood,1.0000,approved,high,autogen_identity_from_results_and_contest_slice
2020,president,,Richland - Woodfield,Richland - Woodfield,1.0000,approved,high,autogen_identity_from_results_and_contest_slice
2020,president,,Richland - Woodlands,Richland - Woodlands,1.0000,approved,high,autogen_identity_from_results_and_contest_slice
2020,president,,Saluda - Centennial,Saluda - Centennial,1.0000,approved,high,autogen_identity_from_results_and_contest_slice
2020,president,,Saluda - Clyde,Saluda - Clyde,1.0000,approved,high,autogen_identity_from_results_and_contest_slice
2020,president,,Saluda - Delmar,Saluda - Delmar,1.0000,approved,high,autogen_identity_from_results_and_contest_slice
2020,president,,Saluda - Fruit Hill,Saluda - Fruit Hill,1.0000,approved,high,autogen_identity_from_results_and_contest_slice
2020,president,,Saluda - Higgins/Zoar,Saluda - Higgins/Zoar,1.0000,approved,high,autogen_identity_from_results_and_contest_slice
2020,president,,Saluda - Holly,Saluda - Holly,1.0000,approved,high,autogen_identity_from_results_and_contest_slice
2020,president,,Saluda - Hollywood,Saluda - Hollywood,1.0000,approved,high,autogen_identity_from_results_and_contest_slice
2020,president,,Saluda - Holstons,Saluda - Holstons,1.0000,approved,high,autogen_identity_from_results_and_contest_slice
2020,president,,Saluda - Mayson,Saluda - Mayson,1.0000,approved,high,autogen_identity_from_results_and_contest_slice
2020,president,,Saluda - Mt. Willing,Saluda - Mt. Willing,1.0000,approved,high,autogen_identity_from_results_and_contest_slice
2020,president,,Saluda - Pleasant Cross,Saluda - Pleasant Cross,1.0000,approved,high,autogen_identity_from_results_and_contest_slice
2020,president,,Saluda - Pleasant Grove,Saluda - Pleasant Grove,1.0000,approved,high,autogen_identity_from_results_and_contest_slice
2020,president,,Saluda - Richland,Saluda - Richland,1.0000,approved,high,autogen_identity_from_results_and_contest_slice
2020,president,,Saluda - Ridge Spring/Monetta,Saluda - Ridge Spring/Monetta,1.0000,approved,high,autogen_identity_from_results_and_contest_slice
2020,president,,Saluda - Saluda No. 1,Saluda - Saluda No. 1,1.0000,approved,high,autogen_identity_from_results_and_contest_slice
2020,president,,Saluda - Saluda No. 2,Saluda - Saluda No. 2,1.0000,approved,high,autogen_identity_from_results_and_contest_slice
2020,president,,Saluda - Sardis,Saluda - Sardis,1.0000,approved,high,autogen_identity_from_results_and_contest_slice
2020,president,,Saluda - Ward,Saluda - Ward,1.0000,approved,high,autogen_identity_from_results_and_contest_slice
2020,president,,Spartanburg - Abner Creek Baptist,Spartanburg - Abner Creek Baptist,1.0000,approved,high,autogen_identity_from_results_and_contest_slice
2020,president,,Spartanburg - Anderson Mill Baptist,Spartanburg - Anderson Mill Baptist,1.0000,approved,high,autogen_identity_from_results_and_contest_slice
2020,president,,Spartanburg - Anderson Mill Elementary,Spartanburg - Anderson Mill Elementary,1.0000,approved,high,autogen_identity_from_results_and_contest_slice
2020,president,,Spartanburg - Arcadia Elementary,Spartanburg - Arcadia Elementary,1.0000,approved,high,autogen_identity_from_results_and_contest_slice
2020,president,,Spartanburg - Beaumont Methodist,Spartanburg - Beaumont Methodist,1.0000,approved,high,autogen_identity_from_results_and_contest_slice
2020,president,,Spartanburg - Beech Springs Intermediate,Spartanburg - Beech Springs Intermediate,1.0000,approved,high,autogen_identity_from_results_and_contest_slice
2020,president,,Spartanburg - Ben Avon Methodist,Spartanburg - Ben Avon Methodist,1.0000,approved,high,autogen_identity_from_results_and_contest_slice
2020,president,,Spartanburg - Bethany Baptist,Spartanburg - Bethany Baptist,1.0000,approved,high,autogen_identity_from_results_and_contest_slice
2020,president,,Spartanburg - Bethany Wesleyan,Spartanburg - Bethany Wesleyan,1.0000,approved,high,autogen_identity_from_results_and_contest_slice
2020,president,,Spartanburg - Boiling Springs 9Th Grade,Spartanburg - Boiling Springs 9Th Grade,1.0000,approved,high,autogen_identity_from_results_and_contest_slice
2020,president,,Spartanburg - Boiling Springs Elementary,Spartanburg - Boiling Springs Elementary,1.0000,approved,high,autogen_identity_from_results_and_contest_slice
2020,president,,Spartanburg - Boiling Springs High School,Spartanburg - Boiling Springs High School,1.0000,approved,high,autogen_identity_from_results_and_contest_slice
2020,president,,Spartanburg - Boiling Springs Intermediate,Spartanburg - Boiling Springs Intermediate,1.0000,approved,high,autogen_identity_from_results_and_contest_slice
2020,president,,Spartanburg - Boling Springs Jr. High,Spartanburg - Boling Springs Jr. High,1.0000,approved,high,autogen_identity_from_results_and_contest_slice
2020,president,,Spartanburg - C.C. Woodson Recreation,Spartanburg - C.C. Woodson Recreation,1.0000,approved,high,autogen_identity_from_results_and_contest_slice
2020,president,,Spartanburg - Canaan,Spartanburg - Canaan,1.0000,approved,high,autogen_identity_from_results_and_contest_slice
2020,president,,Spartanburg - Cannons Elementary,Spartanburg - Cannons Elementary,1.0000,approved,high,autogen_identity_from_results_and_contest_slice
2020,president,,Spartanburg - Carlisle Fosters Grove,Spartanburg - Carlisle Fosters Grove,1.0000,approved,high,autogen_identity_from_results_and_contest_slice
2020,president,,Spartanburg - Carlisle Wesleyan,Spartanburg - Carlisle Wesleyan,1.0000,approved,high,autogen_identity_from_results_and_contest_slice
2020,president,,Spartanburg - Cavins Hobbysville,Spartanburg - Cavins Hobbysville,1.0000,approved,high,autogen_identity_from_results_and_contest_slice
2020,president,,Spartanburg - Cedar Grove Baptist,Spartanburg - Cedar Grove Baptist,1.0000,approved,high,autogen_identity_from_results_and_contest_slice
2020,president,,Spartanburg - Chapman Elementary,Spartanburg - Chapman Elementary,1.0000,approved,high,autogen_identity_from_results_and_contest_slice
2020,president,,Spartanburg - Chapman High School,Spartanburg - Chapman High School,1.0000,approved,high,autogen_identity_from_results_and_contest_slice
2020,president,,Spartanburg - Cherokee Springs Fire Station,Spartanburg - Cherokee Springs Fire Station,1.0000,approved,high,autogen_identity_from_results_and_contest_slice
2020,president,,Spartanburg - Chesnee Elementary,Spartanburg - Chesnee Elementary,1.0000,approved,high,autogen_identity_from_results_and_contest_slice
2020,president,,Spartanburg - Cleveland Elementary,Spartanburg - Cleveland Elementary,1.0000,approved,high,autogen_identity_from_results_and_contest_slice
2020,president,,Spartanburg - Converse Fire Station,Spartanburg - Converse Fire Station,1.0000,approved,high,autogen_identity_from_results_and_contest_slice
2020,president,,Spartanburg - Cooley Springs Baptist,Spartanburg - Cooley Springs Baptist,1.0000,approved,high,autogen_identity_from_results_and_contest_slice
2020,president,,Spartanburg - Cornerstone Baptist,Spartanburg - Cornerstone Baptist,1.0000,approved,high,autogen_identity_from_results_and_contest_slice
2020,president,,Spartanburg - Cowpens Depot Museum,Spartanburg - Cowpens Depot Museum,1.0000,approved,high,autogen_identity_from_results_and_contest_slice
2020,president,,Spartanburg - Cowpens Fire Station,Spartanburg - Cowpens Fire Station,1.0000,approved,high,autogen_identity_from_results_and_contest_slice
2020,president,,Spartanburg - Croft Baptist,Spartanburg - Croft Baptist,1.0000,approved,high,autogen_identity_from_results_and_contest_slice
2020,president,,Spartanburg - Cross Anchor Fire Station,Spartanburg - Cross Anchor Fire Station,1.0000,approved,high,autogen_identity_from_results_and_contest_slice
2020,president,,Spartanburg - Cudd Memorial,Spartanburg - Cudd Memorial,1.0000,approved,high,autogen_identity_from_results_and_contest_slice
2020,president,,Spartanburg - D. R. Hill Middle School,Spartanburg - D. R. Hill Middle School,1.0000,approved,high,autogen_identity_from_results_and_contest_slice
2020,president,,Spartanburg - Daniel Morgan Technology Center,Spartanburg - Daniel Morgan Technology Center,1.0000,approved,high,autogen_identity_from_results_and_contest_slice
2020,president,,Spartanburg - Dayton Fire Station,Spartanburg - Dayton Fire Station,1.0000,approved,high,autogen_identity_from_results_and_contest_slice
2020,president,,Spartanburg - Duncan United Methodist,Spartanburg - Duncan United Methodist,1.0000,approved,high,autogen_identity_from_results_and_contest_slice
2020,president,,Spartanburg - E.P. Todd Elementary,Spartanburg - E.P. Todd Elementary,1.0000,approved,high,autogen_identity_from_results_and_contest_slice
2020,president,,Spartanburg - Eastside Baptist,Spartanburg - Eastside Baptist,1.0000,approved,high,autogen_identity_from_results_and_contest_slice
2020,president,,Spartanburg - Ebenezer Baptist,Spartanburg - Ebenezer Baptist,1.0000,approved,high,autogen_identity_from_results_and_contest_slice
2020,president,,Spartanburg - Enoree First Baptist,Spartanburg - Enoree First Baptist,1.0000,approved,high,autogen_identity_from_results_and_contest_slice
2020,president,,Spartanburg - Fairforest Elementary,Spartanburg - Fairforest Elementary,1.0000,approved,high,autogen_identity_from_results_and_contest_slice
2020,president,,Spartanburg - Fairforest Middle School,Spartanburg - Fairforest Middle School,1.0000,approved,high,autogen_identity_from_results_and_contest_slice
2020,president,,Spartanburg - Gable Middle School,Spartanburg - Gable Middle School,1.0000,approved,high,autogen_identity_from_results_and_contest_slice
2020,president,,Spartanburg - Glendale Fire Station,Spartanburg - Glendale Fire Station,1.0000,approved,high,autogen_identity_from_results_and_contest_slice
2020,president,,Spartanburg - Gramling Methodist,Spartanburg - Gramling Methodist,1.0000,approved,high,autogen_identity_from_results_and_contest_slice
2020,president,,Spartanburg - Greater St. James,Spartanburg - Greater St. James,1.0000,approved,high,autogen_identity_from_results_and_contest_slice
2020,president,,Spartanburg - Hayne Baptist,Spartanburg - Hayne Baptist,1.0000,approved,high,autogen_identity_from_results_and_contest_slice
2020,president,,Spartanburg - Hendrix Elementary,Spartanburg - Hendrix Elementary,1.0000,approved,high,autogen_identity_from_results_and_contest_slice
2020,president,,Spartanburg - Holly Springs Baptist,Spartanburg - Holly Springs Baptist,1.0000,approved,high,autogen_identity_from_results_and_contest_slice
2020,president,,Spartanburg - Holy Communion,Spartanburg - Holy Communion,1.0000,approved,high,autogen_identity_from_results_and_contest_slice
2020,president,,Spartanburg - Hope,Spartanburg - Hope,1.0000,approved,high,autogen_identity_from_results_and_contest_slice
2020,president,,Spartanburg - Jesse Bobo Elementary,Spartanburg - Jesse Bobo Elementary,1.0000,approved,high,autogen_identity_from_results_and_contest_slice
2020,president,,Spartanburg - Jesse Boyd Elementary,Spartanburg - Jesse Boyd Elementary,1.0000,approved,high,autogen_identity_from_results_and_contest_slice
2020,president,,Spartanburg - Lake Bowen Baptist,Spartanburg - Lake Bowen Baptist,1.0000,approved,high,autogen_identity_from_results_and_contest_slice
2020,president,,Spartanburg - Landrum High School,Spartanburg - Landrum High School,1.0000,approved,high,autogen_identity_from_results_and_contest_slice
2020,president,,Spartanburg - Landrum United Methodist,Spartanburg - Landrum United Methodist,1.0000,approved,high,autogen_identity_from_results_and_contest_slice
2020,president,,Spartanburg - Lyman Elementary,Spartanburg - Lyman Elementary,1.0000,approved,high,autogen_identity_from_results_and_contest_slice
2020,president,,Spartanburg - Lyman Town Hall,Spartanburg - Lyman Town Hall,1.0000,approved,high,autogen_identity_from_results_and_contest_slice
2020,president,,Spartanburg - Mayo Elementary,Spartanburg - Mayo Elementary,1.0000,approved,high,autogen_identity_from_results_and_contest_slice
2020,president,,Spartanburg - Morningside Baptist,Spartanburg - Morningside Baptist,1.0000,approved,high,autogen_identity_from_results_and_contest_slice
2020,president,,Spartanburg - Motlow Creek Baptist,Spartanburg - Motlow Creek Baptist,1.0000,approved,high,autogen_identity_from_results_and_contest_slice
2020,president,,Spartanburg - Mt. Calvary Presbyterian,Spartanburg - Mt. Calvary Presbyterian,1.0000,approved,high,autogen_identity_from_results_and_contest_slice
2020,president,,Spartanburg - Mt. Moriah Baptist,Spartanburg - Mt. Moriah Baptist,1.0000,approved,high,autogen_identity_from_results_and_contest_slice
2020,president,,Spartanburg - Mt. Zion Gospel Baptist,Spartanburg - Mt. Zion Gospel Baptist,1.0000,approved,high,autogen_identity_from_results_and_contest_slice
2020,president,,Spartanburg - Oakland Elementary,Spartanburg - Oakland Elementary,1.0000,approved,high,autogen_identity_from_results_and_contest_slice
2020,president,,Spartanburg - Pacolet Elementary,Spartanburg - Pacolet Elementary,1.0000,approved,high,autogen_identity_from_results_and_contest_slice
2020,president,,Spartanburg - Park Hills Elementary,Spartanburg - Park Hills Elementary,1.0000,approved,high,autogen_identity_from_results_and_contest_slice
2020,president,,Spartanburg - Pauline Glenn Springs Elementary,Spartanburg - Pauline Glenn Springs Elementary,1.0000,approved,high,autogen_identity_from_results_and_contest_slice
2020,president,,Spartanburg - Pelham Fire Station,Spartanburg - Pelham Fire Station,1.0000,approved,high,autogen_identity_from_results_and_contest_slice
2020,president,,Spartanburg - Poplar Springs Fire Station,Spartanburg - Poplar Springs Fire Station,1.0000,approved,high,autogen_identity_from_results_and_contest_slice
2020,president,,Spartanburg - Powell Saxon Una,Spartanburg - Powell Saxon Una,1.0000,approved,high,autogen_identity_from_results_and_contest_slice
2020,president,,Spartanburg - R.D. Anderson Vocational,Spartanburg - R.D. Anderson Vocational,1.0000,approved,high,autogen_identity_from_results_and_contest_slice
2020,president,,Spartanburg - Reidville Elementary,Spartanburg - Reidville Elementary,1.0000,approved,high,autogen_identity_from_results_and_contest_slice
2020,president,,Spartanburg - Reidville Fire Station,Spartanburg - Reidville Fire Station,1.0000,approved,high,autogen_identity_from_results_and_contest_slice
2020,president,,Spartanburg - River Ridge Elementary,Spartanburg - River Ridge Elementary,1.0000,approved,high,autogen_identity_from_results_and_contest_slice
2020,president,,Spartanburg - Roebuck Bethlehem,Spartanburg - Roebuck Bethlehem,1.0000,approved,high,autogen_identity_from_results_and_contest_slice
2020,president,,Spartanburg - Roebuck Elementary,Spartanburg - Roebuck Elementary,1.0000,approved,high,autogen_identity_from_results_and_contest_slice
2020,president,,Spartanburg - Southside Baptist,Spartanburg - Southside Baptist,1.0000,approved,high,autogen_identity_from_results_and_contest_slice
2020,president,,Spartanburg - Spartanburg High School,Spartanburg - Spartanburg High School,1.0000,approved,high,autogen_identity_from_results_and_contest_slice
2020,president,,Spartanburg - St. John'S Lutheran,Spartanburg - St. John'S Lutheran,1.0000,approved,high,autogen_identity_from_results_and_contest_slice
2020,president,,Spartanburg - Startex Fire Station,Spartanburg - Startex Fire Station,1.0000,approved,high,autogen_identity_from_results_and_contest_slice
2020,president,,Spartanburg - Swofford Career Center,Spartanburg - Swofford Career Center,1.0000,approved,high,autogen_identity_from_results_and_contest_slice
2020,president,,Spartanburg - Travelers Rest Baptist,Spartanburg - Travelers Rest Baptist,1.0000,approved,high,autogen_identity_from_results_and_contest_slice
2020,president,,Spartanburg - Trinity Methodist,Spartanburg - Trinity Methodist,1.0000,approved,high,autogen_identity_from_results_and_contest_slice
2020,president,,Spartanburg - Trinity Presbyterian,Spartanburg - Trinity Presbyterian,1.0000,approved,high,autogen_identity_from_results_and_contest_slice
2020,president,,Spartanburg - Victor Mill Methodist,Spartanburg - Victor Mill Methodist,1.0000,approved,high,autogen_identity_from_results_and_contest_slice
2020,president,,Spartanburg - Wellford Fire Station,Spartanburg - Wellford Fire Station,1.0000,approved,high,autogen_identity_from_results_and_contest_slice
2020,president,,Spartanburg - West View Elementary,Spartanburg - West View Elementary,1.0000,approved,high,autogen_identity_from_results_and_contest_slice
2020,president,,Spartanburg - White Stone Methodist,Spartanburg - White Stone Methodist,1.0000,approved,high,autogen_identity_from_results_and_contest_slice
2020,president,,Spartanburg - Whitlock Jr. High,Spartanburg - Whitlock Jr. High,1.0000,approved,high,autogen_identity_from_results_and_contest_slice
2020,president,,Spartanburg - Woodland Heights Recreation Center,Spartanburg - Woodland Heights Recreation Center,1.0000,approved,high,autogen_identity_from_results_and_contest_slice
2020,president,,Spartanburg - Woodruff Elementary,Spartanburg - Woodruff Elementary,1.0000,approved,high,autogen_identity_from_results_and_contest_slice
2020,president,,Spartanburg - Woodruff Fire Station,Spartanburg - Woodruff Fire Station,1.0000,approved,high,autogen_identity_from_results_and_contest_slice
2020,president,,Spartanburg - Woodruff Leisure Center,Spartanburg - Woodruff Leisure Center,1.0000,approved,high,autogen_identity_from_results_and_contest_slice
2020,president,,Sumter - Bates,Sumter - Bates,1.0000,approved,high,autogen_identity_from_results_and_contest_slice
2020,president,,Sumter - Birnie,Sumter - Birnie,1.0000,approved,high,autogen_identity_from_results_and_contest_slice
2020,president,,Sumter - Bunrs-Downs,Sumter - Bunrs-Downs,1.0000,approved,high,autogen_identity_from_results_and_contest_slice
2020,president,,Sumter - Causeway Branch 1,Sumter - Causeway Branch 1,1.0000,approved,high,autogen_identity_from_results_and_contest_slice
2020,president,,Sumter - Causeway Branch 2,Sumter - Causeway Branch 2,1.0000,approved,high,autogen_identity_from_results_and_contest_slice
2020,president,,Sumter - Cherryvale,Sumter - Cherryvale,1.0000,approved,high,autogen_identity_from_results_and_contest_slice
2020,president,,Sumter - Crosswell,Sumter - Crosswell,1.0000,approved,high,autogen_identity_from_results_and_contest_slice
2020,president,,Sumter - Dalzell 1,Sumter - Dalzell 1,1.0000,approved,high,autogen_identity_from_results_and_contest_slice
2020,president,,Sumter - Dalzell 2,Sumter - Dalzell 2,1.0000,approved,high,autogen_identity_from_results_and_contest_slice
2020,president,,Sumter - Delaine,Sumter - Delaine,1.0000,approved,high,autogen_identity_from_results_and_contest_slice
2020,president,,Sumter - Ebenezer 1,Sumter - Ebenezer 1,1.0000,approved,high,autogen_identity_from_results_and_contest_slice
2020,president,,Sumter - Ebenezer 2,Sumter - Ebenezer 2,1.0000,approved,high,autogen_identity_from_results_and_contest_slice
2020,president,,Sumter - Folsom Park,Sumter - Folsom Park,1.0000,approved,high,autogen_identity_from_results_and_contest_slice
2020,president,,Sumter - Furman,Sumter - Furman,1.0000,approved,high,autogen_identity_from_results_and_contest_slice
2020,president,,Sumter - Green Swamp,Sumter - Green Swamp,1.0000,approved,high,autogen_identity_from_results_and_contest_slice
2020,president,,Sumter - Green Swamp 2,Sumter - Green Swamp 2,1.0000,approved,high,autogen_identity_from_results_and_contest_slice
2020,president,,Sumter - Hampton Park,Sumter - Hampton Park,1.0000,approved,high,autogen_identity_from_results_and_contest_slice
2020,president,,Sumter - Hillcrest,Sumter - Hillcrest,1.0000,approved,high,autogen_identity_from_results_and_contest_slice
2020,president,,Sumter - Horatio,Sumter - Horatio,1.0000,approved,high,autogen_identity_from_results_and_contest_slice
2020,president,,Sumter - Lemira,Sumter - Lemira,1.0000,approved,high,autogen_identity_from_results_and_contest_slice
2020,president,,Sumter - Loring,Sumter - Loring,1.0000,approved,high,autogen_identity_from_results_and_contest_slice
2020,president,,Sumter - Magnolia-Harmony,Sumter - Magnolia-Harmony,1.0000,approved,high,autogen_identity_from_results_and_contest_slice
2020,president,,Sumter - Manchester Forest,Sumter - Manchester Forest,1.0000,approved,high,autogen_identity_from_results_and_contest_slice
2020,president,,Sumter - Mayesville,Sumter - Mayesville,1.0000,approved,high,autogen_identity_from_results_and_contest_slice
2020,president,,Sumter - Mayewood,Sumter - Mayewood,1.0000,approved,high,autogen_identity_from_results_and_contest_slice
2020,president,,Sumter - Mccrays Mill 1,Sumter - Mccrays Mill 1,1.0000,approved,high,autogen_identity_from_results_and_contest_slice
2020,president,,Sumter - Mccrays Mill 2,Sumter - Mccrays Mill 2,1.0000,approved,high,autogen_identity_from_results_and_contest_slice
2020,president,,Sumter - Millwood,Sumter - Millwood,1.0000,approved,high,autogen_identity_from_results_and_contest_slice
2020,president,,Sumter - Morris College,Sumter - Morris College,1.0000,approved,high,autogen_identity_from_results_and_contest_slice
2020,president,,Sumter - Mulberry,Sumter - Mulberry,1.0000,approved,high,autogen_identity_from_results_and_contest_slice
2020,president,,Sumter - Oakland Plantation 1,Sumter - Oakland Plantation 1,1.0000,approved,high,autogen_identity_from_results_and_contest_slice
2020,president,,Sumter - Oakland Plantation 2,Sumter - Oakland Plantation 2,1.0000,approved,high,autogen_identity_from_results_and_contest_slice
2020,president,,Sumter - Oswego,Sumter - Oswego,1.0000,approved,high,autogen_identity_from_results_and_contest_slice
2020,president,,Sumter - Palmetto Park,Sumter - Palmetto Park,1.0000,approved,high,autogen_identity_from_results_and_contest_slice
2020,president,,Sumter - Pinewood,Sumter - Pinewood,1.0000,approved,high,autogen_identity_from_results_and_contest_slice
2020,president,,Sumter - Pocotaligo 1,Sumter - Pocotaligo 1,1.0000,approved,high,autogen_identity_from_results_and_contest_slice
2020,president,,Sumter - Pocotaligo 2,Sumter - Pocotaligo 2,1.0000,approved,high,autogen_identity_from_results_and_contest_slice
2020,president,,Sumter - Privateer,Sumter - Privateer,1.0000,approved,high,autogen_identity_from_results_and_contest_slice
2020,president,,Sumter - Rembert,Sumter - Rembert,1.0000,approved,high,autogen_identity_from_results_and_contest_slice
2020,president,,Sumter - Salem,Sumter - Salem,1.0000,approved,high,autogen_identity_from_results_and_contest_slice
2020,president,,Sumter - Salterstown,Sumter - Salterstown,1.0000,approved,high,autogen_identity_from_results_and_contest_slice
2020,president,,Sumter - Savage-Glover,Sumter - Savage-Glover,1.0000,approved,high,autogen_identity_from_results_and_contest_slice
2020,president,,Sumter - Second Mill,Sumter - Second Mill,1.0000,approved,high,autogen_identity_from_results_and_contest_slice
2020,president,,Sumter - Shaw,Sumter - Shaw,1.0000,approved,high,autogen_identity_from_results_and_contest_slice
2020,president,,Sumter - South Liberty,Sumter - South Liberty,1.0000,approved,high,autogen_identity_from_results_and_contest_slice
2020,president,,Sumter - South Red Bay,Sumter - South Red Bay,1.0000,approved,high,autogen_identity_from_results_and_contest_slice
2020,president,,Sumter - Spectrum,Sumter - Spectrum,1.0000,approved,high,autogen_identity_from_results_and_contest_slice
2020,president,,Sumter - Stone Hill,Sumter - Stone Hill,1.0000,approved,high,autogen_identity_from_results_and_contest_slice
2020,president,,Sumter - Sumter High 1,Sumter - Sumter High 1,1.0000,approved,high,autogen_identity_from_results_and_contest_slice
2020,president,,Sumter - Sumter High 2,Sumter - Sumter High 2,1.0000,approved,high,autogen_identity_from_results_and_contest_slice
2020,president,,Sumter - Sunset,Sumter - Sunset,1.0000,approved,high,autogen_identity_from_results_and_contest_slice
2020,president,,Sumter - Swan Lake,Sumter - Swan Lake,1.0000,approved,high,autogen_identity_from_results_and_contest_slice
2020,president,,Sumter - Thomas Sumter,Sumter - Thomas Sumter,1.0000,approved,high,autogen_identity_from_results_and_contest_slice
2020,president,,Sumter - Turkey Creek,Sumter - Turkey Creek,1.0000,approved,high,autogen_identity_from_results_and_contest_slice
2020,president,,Sumter - Wilder,Sumter - Wilder,1.0000,approved,high,autogen_identity_from_results_and_contest_slice
2020,president,,Sumter - Wilson Hall,Sumter - Wilson Hall,1.0000,approved,high,autogen_identity_from_results_and_contest_slice
2020,president,,Union - Adamsburg,Union - Adamsburg,1.0000,approved,high,autogen_identity_from_results_and_contest_slice
2020,president,,Union - Black Rock,Union - Black Rock,1.0000,approved,high,autogen_identity_from_results_and_contest_slice
2020,president,,Union - Bonham,Union - Bonham,1.0000,approved,high,autogen_identity_from_results_and_contest_slice
2020,president,,Union - Buffalo Box 1,Union - Buffalo Box 1,1.0000,approved,high,autogen_identity_from_results_and_contest_slice
2020,president,,Union - Carlisle,Union - Carlisle,1.0000,approved,high,autogen_identity_from_results_and_contest_slice
2020,president,,Union - Cross Keys,Union - Cross Keys,1.0000,approved,high,autogen_identity_from_results_and_contest_slice
2020,president,,Union - East Buffalo,Union - East Buffalo,1.0000,approved,high,autogen_identity_from_results_and_contest_slice
2020,president,,Union - Excelsior,Union - Excelsior,1.0000,approved,high,autogen_identity_from_results_and_contest_slice
2020,president,,Union - Jonesville Box 1,Union - Jonesville Box 1,1.0000,approved,high,autogen_identity_from_results_and_contest_slice
2020,president,,Union - Jonesville Box 2,Union - Jonesville Box 2,1.0000,approved,high,autogen_identity_from_results_and_contest_slice
2020,president,,Union - Kelton,Union - Kelton,1.0000,approved,high,autogen_identity_from_results_and_contest_slice
2020,president,,Union - Lockhart,Union - Lockhart,1.0000,approved,high,autogen_identity_from_results_and_contest_slice
2020,president,,Union - Monarch Box 1,Union - Monarch Box 1,1.0000,approved,high,autogen_identity_from_results_and_contest_slice
2020,president,,Union - Monarch Box 2,Union - Monarch Box 2,1.0000,approved,high,autogen_identity_from_results_and_contest_slice
2020,president,,Union - Santuck,Union - Santuck,1.0000,approved,high,autogen_identity_from_results_and_contest_slice
2020,president,,Union - Union Ward 1 Box 1,Union - Union Ward 1 Box 1,1.0000,approved,high,autogen_identity_from_results_and_contest_slice
2020,president,,Union - Union Ward 1 Box 2,Union - Union Ward 1 Box 2,1.0000,approved,high,autogen_identity_from_results_and_contest_slice
2020,president,,Union - Union Ward 2,Union - Union Ward 2,1.0000,approved,high,autogen_identity_from_results_and_contest_slice
2020,president,,Union - Union Ward 3,Union - Union Ward 3,1.0000,approved,high,autogen_identity_from_results_and_contest_slice
2020,president,,Union - Union Ward 4 Box 1,Union - Union Ward 4 Box 1,1.0000,approved,high,autogen_identity_from_results_and_contest_slice
2020,president,,Union - Union Ward 4 Box 2,Union - Union Ward 4 Box 2,1.0000,approved,high,autogen_identity_from_results_and_contest_slice
2020,president,,Union - West Springs,Union - West Springs,1.0000,approved,high,autogen_identity_from_results_and_contest_slice
2020,president,,Williamsburg - Black River,Williamsburg - Black River,1.0000,approved,high,autogen_identity_from_results_and_contest_slice
2020,president,,Williamsburg - Bloomingvale,Williamsburg - Bloomingvale,1.0000,approved,high,autogen_identity_from_results_and_contest_slice
2020,president,,Williamsburg - Cades,Williamsburg - Cades,1.0000,approved,high,autogen_identity_from_results_and_contest_slice
2020,president,,Williamsburg - Cedar Swamp,Williamsburg - Cedar Swamp,1.0000,approved,high,autogen_identity_from_results_and_contest_slice
2020,president,,Williamsburg - Central,Williamsburg - Central,1.0000,approved,high,autogen_identity_from_results_and_contest_slice
2020,president,,Williamsburg - Earles,Williamsburg - Earles,1.0000,approved,high,autogen_identity_from_results_and_contest_slice
2020,president,,Williamsburg - Greeleyville,Williamsburg - Greeleyville,1.0000,approved,high,autogen_identity_from_results_and_contest_slice
2020,president,,Williamsburg - Harmony,Williamsburg - Harmony,1.0000,approved,high,autogen_identity_from_results_and_contest_slice
2020,president,,Williamsburg - Hebron,Williamsburg - Hebron,1.0000,approved,high,autogen_identity_from_results_and_contest_slice
2020,president,,Williamsburg - Hemingway,Williamsburg - Hemingway,1.0000,approved,high,autogen_identity_from_results_and_contest_slice
2020,president,,Williamsburg - Henry-Poplar Hill,Williamsburg - Henry-Poplar Hill,1.0000,approved,high,autogen_identity_from_results_and_contest_slice
2020,president,,Williamsburg - Indiantown,Williamsburg - Indiantown,1.0000,approved,high,autogen_identity_from_results_and_contest_slice
2020,president,,Williamsburg - Lane,Williamsburg - Lane,1.0000,approved,high,autogen_identity_from_results_and_contest_slice
2020,president,,Williamsburg - Morrisville,Williamsburg - Morrisville,1.0000,approved,high,autogen_identity_from_results_and_contest_slice
2020,president,,Williamsburg - Mount Vernon,Williamsburg - Mount Vernon,1.0000,approved,high,autogen_identity_from_results_and_contest_slice
2020,president,,Williamsburg - Muddy Creek,Williamsburg - Muddy Creek,1.0000,approved,high,autogen_identity_from_results_and_contest_slice
2020,president,,Williamsburg - Nesmith,Williamsburg - Nesmith,1.0000,approved,high,autogen_identity_from_results_and_contest_slice
2020,president,,Williamsburg - Pergamos,Williamsburg - Pergamos,1.0000,approved,high,autogen_identity_from_results_and_contest_slice
2020,president,,Williamsburg - Piney Forest,Williamsburg - Piney Forest,1.0000,approved,high,autogen_identity_from_results_and_contest_slice
2020,president,,Williamsburg - Salters,Williamsburg - Salters,1.0000,approved,high,autogen_identity_from_results_and_contest_slice
2020,president,,Williamsburg - Sandy Bay,Williamsburg - Sandy Bay,1.0000,approved,high,autogen_identity_from_results_and_contest_slice
2020,president,,Williamsburg - Singletary,Williamsburg - Singletary,1.0000,approved,high,autogen_identity_from_results_and_contest_slice
2020,president,,Williamsburg - Suttons,Williamsburg - Suttons,1.0000,approved,high,autogen_identity_from_results_and_contest_slice
2020,president,,Williamsburg - Trio,Williamsburg - Trio,1.0000,approved,high,autogen_identity_from_results_and_contest_slice
2020,president,,York - Adnah,York - Adnah,1.0000,approved,high,autogen_identity_from_results_and_contest_slice
2020,president,,York - Airport,York - Airport,1.0000,approved,high,autogen_identity_from_results_and_contest_slice
2020,president,,York - Allison Creek,York - Allison Creek,1.0000,approved,high,autogen_identity_from_results_and_contest_slice
2020,president,,York - Anderson Road,York - Anderson Road,1.0000,approved,high,autogen_identity_from_results_and_contest_slice
2020,president,,York - Baxter,York - Baxter,1.0000,approved,high,autogen_identity_from_results_and_contest_slice
2020,president,,York - Bethany,York - Bethany,1.0000,approved,high,autogen_identity_from_results_and_contest_slice
2020,president,,York - Bethel,York - Bethel,1.0000,approved,high,autogen_identity_from_results_and_contest_slice
2020,president,,York - Bethel School,York - Bethel School,1.0000,approved,high,autogen_identity_from_results_and_contest_slice
2020,president,,York - Bowling Green,York - Bowling Green,1.0000,approved,high,autogen_identity_from_results_and_contest_slice
2020,president,,York - Bullocks Creek,York - Bullocks Creek,1.0000,approved,high,autogen_identity_from_results_and_contest_slice
2020,president,,York - Cannon Mill,York - Cannon Mill,1.0000,approved,high,autogen_identity_from_results_and_contest_slice
2020,president,,York - Carolina,York - Carolina,1.0000,approved,high,autogen_identity_from_results_and_contest_slice
2020,president,,York - Catawba,York - Catawba,1.0000,approved,high,autogen_identity_from_results_and_contest_slice
2020,president,,York - Celanese,York - Celanese,1.0000,approved,high,autogen_identity_from_results_and_contest_slice
2020,president,,York - Clover,York - Clover,1.0000,approved,high,autogen_identity_from_results_and_contest_slice
2020,president,,York - Cotton Belt,York - Cotton Belt,1.0000,approved,high,autogen_identity_from_results_and_contest_slice
2020,president,,York - Delphia,York - Delphia,1.0000,approved,high,autogen_identity_from_results_and_contest_slice
2020,president,,York - Dobys Bridge,York - Dobys Bridge,1.0000,approved,high,autogen_identity_from_results_and_contest_slice
2020,president,,York - Ebenezer,York - Ebenezer,1.0000,approved,high,autogen_identity_from_results_and_contest_slice
2020,president,,York - Ebinport,York - Ebinport,1.0000,approved,high,autogen_identity_from_results_and_contest_slice
2020,president,,York - Edgewood,York - Edgewood,1.0000,approved,high,autogen_identity_from_results_and_contest_slice
2020,president,,York - Fairgrounds,York - Fairgrounds,1.0000,approved,high,autogen_identity_from_results_and_contest_slice
2020,president,,York - Ferry Branch,York - Ferry Branch,1.0000,approved,high,autogen_identity_from_results_and_contest_slice
2020,president,,York - Fewell Park,York - Fewell Park,1.0000,approved,high,autogen_identity_from_results_and_contest_slice
2020,president,,York - Filbert,York - Filbert,1.0000,approved,high,autogen_identity_from_results_and_contest_slice
2020,president,,York - Fort Mill No. 1,York - Fort Mill No. 1,1.0000,approved,high,autogen_identity_from_results_and_contest_slice
2020,president,,York - Fort Mill No. 2,York - Fort Mill No. 2,1.0000,approved,high,autogen_identity_from_results_and_contest_slice
2020,president,,York - Fort Mill No. 3,York - Fort Mill No. 3,1.0000,approved,high,autogen_identity_from_results_and_contest_slice
2020,president,,York - Fort Mill No. 4,York - Fort Mill No. 4,1.0000,approved,high,autogen_identity_from_results_and_contest_slice
2020,president,,York - Fort Mill No. 5,York - Fort Mill No. 5,1.0000,approved,high,autogen_identity_from_results_and_contest_slice
2020,president,,York - Fort Mill No. 6,York - Fort Mill No. 6,1.0000,approved,high,autogen_identity_from_results_and_contest_slice
2020,president,,York - Friendship,York - Friendship,1.0000,approved,high,autogen_identity_from_results_and_contest_slice
2020,president,,York - Gold Hill,York - Gold Hill,1.0000,approved,high,autogen_identity_from_results_and_contest_slice
2020,president,,York - Hampton Mill,York - Hampton Mill,1.0000,approved,high,autogen_identity_from_results_and_contest_slice
2020,president,,York - Harvest,York - Harvest,1.0000,approved,high,autogen_identity_from_results_and_contest_slice
2020,president,,York - Hickory Grove,York - Hickory Grove,1.0000,approved,high,autogen_identity_from_results_and_contest_slice
2020,president,,York - Highland Park,York - Highland Park,1.0000,approved,high,autogen_identity_from_results_and_contest_slice
2020,president,,York - Hollis Lakes,York - Hollis Lakes,1.0000,approved,high,autogen_identity_from_results_and_contest_slice
2020,president,,York - Hopewell,York - Hopewell,1.0000,approved,high,autogen_identity_from_results_and_contest_slice
2020,president,,York - Independence,York - Independence,1.0000,approved,high,autogen_identity_from_results_and_contest_slice
2020,president,,York - India Hook,York - India Hook,1.0000,approved,high,autogen_identity_from_results_and_contest_slice
2020,president,,York - Kanawha,York - Kanawha,1.0000,approved,high,autogen_identity_from_results_and_contest_slice
2020,president,,York - Lakeshore,York - Lakeshore,1.0000,approved,high,autogen_identity_from_results_and_contest_slice
2020,president,,York - Lakewood,York - Lakewood,1.0000,approved,high,autogen_identity_from_results_and_contest_slice
2020,president,,York - Larne,York - Larne,1.0000,approved,high,autogen_identity_from_results_and_contest_slice
2020,president,,York - Laurel Creek,York - Laurel Creek,1.0000,approved,high,autogen_identity_from_results_and_contest_slice
2020,president,,York - Lesslie,York - Lesslie,1.0000,approved,high,autogen_identity_from_results_and_contest_slice
2020,president,,York - Manchester,York - Manchester,1.0000,approved,high,autogen_identity_from_results_and_contest_slice
2020,president,,York - Mcconnells,York - Mcconnells,1.0000,approved,high,autogen_identity_from_results_and_contest_slice
2020,president,,York - Mill Creek,York - Mill Creek,1.0000,approved,high,autogen_identity_from_results_and_contest_slice
2020,president,,York - Mt. Gallant,York - Mt. Gallant,1.0000,approved,high,autogen_identity_from_results_and_contest_slice
2020,president,,York - Mt. Holly,York - Mt. Holly,1.0000,approved,high,autogen_identity_from_results_and_contest_slice
2020,president,,York - Nation Ford,York - Nation Ford,1.0000,approved,high,autogen_identity_from_results_and_contest_slice
2020,president,,York - Neelys Creek,York - Neelys Creek,1.0000,approved,high,autogen_identity_from_results_and_contest_slice
2020,president,,York - New Home,York - New Home,1.0000,approved,high,autogen_identity_from_results_and_contest_slice
2020,president,,York - Newport,York - Newport,1.0000,approved,high,autogen_identity_from_results_and_contest_slice
2020,president,,York - Northside,York - Northside,1.0000,approved,high,autogen_identity_from_results_and_contest_slice
2020,president,,York - Northwestern,York - Northwestern,1.0000,approved,high,autogen_identity_from_results_and_contest_slice
2020,president,,York - Oakridge,York - Oakridge,1.0000,approved,high,autogen_identity_from_results_and_contest_slice
2020,president,,York - Oakwood,York - Oakwood,1.0000,approved,high,autogen_identity_from_results_and_contest_slice
2020,president,,York - Ogden,York - Ogden,1.0000,approved,high,autogen_identity_from_results_and_contest_slice
2020,president,,York - Old Pointe,York - Old Pointe,1.0000,approved,high,autogen_identity_from_results_and_contest_slice
2020,president,,York - Orchard Park,York - Orchard Park,1.0000,approved,high,autogen_identity_from_results_and_contest_slice
2020,president,,York - Palmetto,York - Palmetto,1.0000,approved,high,autogen_identity_from_results_and_contest_slice
2020,president,,York - Pleasant Road,York - Pleasant Road,1.0000,approved,high,autogen_identity_from_results_and_contest_slice
2020,president,,York - Pole Branch,York - Pole Branch,1.0000,approved,high,autogen_identity_from_results_and_contest_slice
2020,president,,York - River Hills,York - River Hills,1.0000,approved,high,autogen_identity_from_results_and_contest_slice
2020,president,,York - River'S Edge,York - River'S Edge,1.0000,approved,high,autogen_identity_from_results_and_contest_slice
2020,president,,York - Riverview,York - Riverview,1.0000,approved,high,autogen_identity_from_results_and_contest_slice
2020,president,,York - Rock Creek,York - Rock Creek,1.0000,approved,high,autogen_identity_from_results_and_contest_slice
2020,president,,York - Rock Hill No. 2,York - Rock Hill No. 2,1.0000,approved,high,autogen_identity_from_results_and_contest_slice
2020,president,,York - Rock Hill No. 3,York - Rock Hill No. 3,1.0000,approved,high,autogen_identity_from_results_and_contest_slice
2020,president,,York - Rock Hill No. 4,York - Rock Hill No. 4,1.0000,approved,high,autogen_identity_from_results_and_contest_slice
2020,president,,York - Rock Hill No. 5,York - Rock Hill No. 5,1.0000,approved,high,autogen_identity_from_results_and_contest_slice
2020,president,,York - Rock Hill No. 6,York - Rock Hill No. 6,1.0000,approved,high,autogen_identity_from_results_and_contest_slice
2020,president,,York - Rock Hill No. 7,York - Rock Hill No. 7,1.0000,approved,high,autogen_identity_from_results_and_contest_slice
2020,president,,York - Rock Hill No. 8,York - Rock Hill No. 8,1.0000,approved,high,autogen_identity_from_results_and_contest_slice
2020,president,,York - Roosevelt,York - Roosevelt,1.0000,approved,high,autogen_identity_from_results_and_contest_slice
2020,president,,York - Rosewood,York - Rosewood,1.0000,approved,high,autogen_identity_from_results_and_contest_slice
2020,president,,York - Sharon,York - Sharon,1.0000,approved,high,autogen_identity_from_results_and_contest_slice
2020,president,,York - Shoreline,York - Shoreline,1.0000,approved,high,autogen_identity_from_results_and_contest_slice
2020,president,,York - Six Mile,York - Six Mile,1.0000,approved,high,autogen_identity_from_results_and_contest_slice
2020,president,,York - Smyrna,York - Smyrna,1.0000,approved,high,autogen_identity_from_results_and_contest_slice
2020,president,,York - Springdale,York - Springdale,1.0000,approved,high,autogen_identity_from_results_and_contest_slice
2020,president,,York - Springfield,York - Springfield,1.0000,approved,high,autogen_identity_from_results_and_contest_slice
2020,president,,York - Stateline,York - Stateline,1.0000,approved,high,autogen_identity_from_results_and_contest_slice
2020,president,,York - Steele Creek,York - Steele Creek,1.0000,approved,high,autogen_identity_from_results_and_contest_slice
2020,president,,York - Tega Cay,York - Tega Cay,1.0000,approved,high,autogen_identity_from_results_and_contest_slice
2020,president,,York - Tirzah,York - Tirzah,1.0000,approved,high,autogen_identity_from_results_and_contest_slice
2020,president,,York - Tools Fork,York - Tools Fork,1.0000,approved,high,autogen_identity_from_results_and_contest_slice
2020,president,,York - University,York - University,1.0000,approved,high,autogen_identity_from_results_and_contest_slice
2020,president,,York - Waterstone,York - Waterstone,1.0000,approved,high,autogen_identity_from_results_and_contest_slice
2020,president,,York - Windjammer,York - Windjammer,1.0000,approved,high,autogen_identity_from_results_and_contest_slice
2020,president,,York - Wylie,York - Wylie,1.0000,approved,high,autogen_identity_from_results_and_contest_slice
2020,president,,York - York No. 1,York - York No. 1,1.0000,approved,high,autogen_identity_from_results_and_contest_slice
2020,president,,York - York No. 2,York - York No. 2,1.0000,approved,high,autogen_identity_from_results_and_contest_slice
