scope,precinct_norm,district,weight
congressional,ABBEVILLE - ABBEVILLE NO. 1,3,1.000000000000
congressional,ABBEVILLE - ABBEVILLE NO. 2,3,1.000000000000
congressional,ABBEVILLE - ABBEVILLE NO. 3,3,1.000000000000
congressional,ABBEVILLE - ABBEVILLE NO. 4,3,1.000000000000
congressional,PICKENS - ABEL,3,1.000000000000
congressional,SPARTANBURG - ABNER CREEK BAPTIST,4,1.000000000000
congressional,UNION - ADAMSBURG,5,1.000000000000
congressional,MARLBORO - ADAMSVILLE,7,1.000000000000
congressional,YORK - ADNAH,5,1.000000000000
congressional,HORRY - ADRIAN,7,1.000000000000
congressional,GREENVILLE - AIKEN,4,1.000000000000
congressional,GREENWOOD - AIRPORT,3,1.000000000000
congressional,KERSHAW - AIRPORT,5,1.000000000000
congressional,SPARTANBURG - AIRPORT,4,1.000000000000
congressional,YORK - AIRPORT,5,1.000000000000
congressional,PICKENS - ALBERT R. LEWIS,3,1.000000000000
congressional,ALLENDALE - ALLENDALE NO. 1,6,1.000000000000
congressional,ALLENDALE - ALLENDALE NO. 2,6,1.000000000000
congressional,CHEROKEE - ALLENS,5,1.000000000000
congressional,GREENWOOD - ALLIES CROSSING,3,1.000000000000
congressional,YORK - ALLISON CREEK,5,1.000000000000
congressional,HORRY - ALLSBROOK,7,1.000000000000
congressional,CHEROKEE - ALMA MILL,5,1.000000000000
congressional,GREENVILLE - ALTAMONT FOREST,4,1.000000000000
congressional,BERKELEY - ALVIN,1,1.000000000000
congressional,LEXINGTON - AMICKS FERRY,2,1.000000000000
congressional,ANDERSON - ANDERSON 11,3,1.000000000000
congressional,ANDERSON - ANDERSON 12,3,1.000000000000
congressional,ANDERSON - ANDERSON 21,3,1.000000000000
congressional,ANDERSON - ANDERSON 22,3,1.000000000000
congressional,ANDERSON - ANDERSON 31,3,1.000000000000
congressional,ANDERSON - ANDERSON 32,3,1.000000000000
congressional,ANDERSON - ANDERSON 41,3,1.000000000000
congressional,ANDERSON - ANDERSON 42,3,1.000000000000
congressional,ANDERSON - ANDERSON 5B,3,1.000000000000
congressional,ANDERSON - ANDERSON 61,3,1.000000000000
congressional,ANDERSON - ANDERSON 62,3,1.000000000000
congressional,SPARTANBURG - ANDERSON MILL BAPTIST,4,1.000000000000
congressional,SPARTANBURG - ANDERSON MILL ELEMENTARY,4,1.000000000000
congressional,YORK - ANDERSON ROAD,5,1.000000000000
congressional,GEORGETOWN - ANDREWS,6,0.000000106818
congressional,GEORGETOWN - ANDREWS,7,0.999999893182
congressional,GEORGETOWN - ANDREWS OUTSIDE,6,0.000002417133
congressional,GEORGETOWN - ANDREWS OUTSIDE,7,0.999997582867
congressional,GREENWOOD - ANGEL OAKS CROSSING,3,1.000000000000
congressional,CHESTERFIELD - ANGELUS-CATARRH,5,0.000320760802
congressional,CHESTERFIELD - ANGELUS-CATARRH,7,0.999679239198
congressional,DARLINGTON - ANTIOCH,7,1.000000000000
congressional,KERSHAW - ANTIOCH,5,1.000000000000
congressional,CHEROKEE - ANTIOCH AND KINGS CREEK,5,1.000000000000
congressional,ABBEVILLE - ANTREVILLE,3,1.000000000000
congressional,SPARTANBURG - APALACHE BAPTIST,4,1.000000000000
congressional,ANDERSON - APPLETON-EQUINOX,3,1.000000000000
congressional,RICHLAND - ARCADIA,2,1.000000000000
congressional,SPARTANBURG - ARCADIA ELEMENTARY,4,1.000000000000
congressional,DORCHESTER - ARCHDALE,6,1.000000000000
congressional,DORCHESTER - ARCHDALE 2,6,1.000000000000
congressional,RICHLAND - ARDINCAPLE,6,1.000000000000
congressional,PICKENS - ARIAL MILL,3,1.000000000000
congressional,DORCHESTER - ASHBOROUGH EAST,1,1.000000000000
congressional,DORCHESTER - ASHBOROUGH EAST 2,1,1.000000000000
congressional,DORCHESTER - ASHBOROUGH WEST,1,1.000000000000
congressional,DORCHESTER - ASHBOROUGH WEST 2,1,1.000000000000
congressional,GREENVILLE - ASHETON LAKES,4,1.000000000000
congressional,LEE - ASHLANDSTOKES BRIDGE,5,0.999956083318
congressional,LEE - ASHLANDSTOKES BRIDGE,7,0.000043916682
congressional,DORCHESTER - ASHLEY RIVER,1,0.002011790725
congressional,DORCHESTER - ASHLEY RIVER,6,0.997988209275
congressional,GREENWOOD - ASHLEY RIVER RUN,3,1.000000000000
congressional,COLLETON - ASHTON-LODGE,6,1.000000000000
congressional,LEE - ASHWOOD,5,1.000000000000
congressional,CHEROKEE - ASHWORTH,5,1.000000000000
congressional,HORRY - ATLANTIC BEACH,7,1.000000000000
congressional,DARLINGTON - AUBURN,7,1.000000000000
congressional,GREENVILLE - AVON,4,1.000000000000
congressional,CHARLESTON - AWENDAW,1,1.000000000000
congressional,HORRY - AYNOR,7,1.000000000000
congressional,FLORENCE - BACK SWAMP,7,1.000000000000
congressional,DORCHESTER - BACONS BRIDGE,1,1.000000000000
congressional,DORCHESTER - BACONS BRIDGE 2,1,1.000000000000
congressional,GREENVILLE - BAKER CREEK,3,1.000000000000
congressional,CHESTER - BALDWIN MILL,5,1.000000000000
congressional,RICHLAND - BALLENTINE 1,2,1.000000000000
congressional,RICHLAND - BALLENTINE 2,2,1.000000000000
congressional,ANDERSON - BARKERS CREEK-MCADAMS,3,1.000000000000
congressional,BARNWELL - BARNWELL 1,2,1.000000000000
congressional,BARNWELL - BARNWELL 2,2,1.000000000000
congressional,BARNWELL - BARNWELL 3,2,1.000000000000
congressional,BARNWELL - BARNWELL 4,2,1.000000000000
congressional,LEXINGTON - BARR ROAD 2,2,1.000000000000
congressional,LEXINGTON - BARR ROAD 1,2,1.000000000000
congressional,SUMTER - BATES,6,1.000000000000
congressional,LEXINGTON - BATESBURG,2,0.999999899519
congressional,LEXINGTON - BATESBURG,3,0.000000100481
congressional,CHESTER - BATON ROUGE,5,1.000000000000
congressional,YORK - BAXTER,5,1.000000000000
congressional,CHESTERFIELD - BAY SPRINGS,7,1.000000000000
congressional,HORRY - BAYBORO-GURLEY,7,1.000000000000
congressional,SPARTANBURG - BEACON,4,1.000000000000
congressional,RICHLAND - BEATTY ROAD,2,0.018462554023
congressional,RICHLAND - BEATTY ROAD,6,0.981537445977
congressional,CHESTER - BECKHAMVILLE,5,1.000000000000
congressional,GREENWOOD - BEES FERRY,3,1.000000000000
congressional,DORCHESTER - BEECH HILL,1,1.000000000000
congressional,DORCHESTER - BEECH HILL 2,1,0.177185309520
congressional,DORCHESTER - BEECH HILL 2,6,0.822814690480
congressional,SPARTANBURG - BEECH SPRINGS INTERMEDIATE,4,1.000000000000
congressional,GREENVILLE - BELLE MEADE,4,1.000000000000
congressional,COLLETON - BELLS,6,1.000000000000
congressional,GREENVILLE - BELLS CROSSING,3,0.002538152021
congressional,GREENVILLE - BELLS CROSSING,4,0.997461847979
congressional,GREENVILLE - BELMONT,4,1.000000000000
congressional,ANDERSON - BELTON,3,1.000000000000
congressional,ANDERSON - BELTON ANNEX,3,1.000000000000
congressional,SPARTANBURG - BEN AVON METHODIST,4,1.000000000000
congressional,GREENVILLE - BEREA,4,1.000000000000
congressional,COLLETON - BEREA-SMOAKS,6,1.000000000000
congressional,DILLON - BERMUDA,7,1.000000000000
congressional,NEWBERRY - BETH - EDEN,3,1.000000000000
congressional,MCCORMICK - BETHANY,3,1.000000000000
congressional,YORK - BETHANY,5,1.000000000000
congressional,SPARTANBURG - BETHANY WESLEYAN,4,1.000000000000
congressional,CALHOUN - BETHEL,6,1.000000000000
congressional,DARLINGTON - BETHEL,7,1.000000000000
congressional,GEORGETOWN - BETHEL,7,1.000000000000
congressional,ORANGEBURG - BETHEL,6,1.000000000000
congressional,YORK - BETHEL,5,1.000000000000
congressional,YORK - BETHEL SCHOOL,5,1.000000000000
congressional,BERKELEY - BETHERA,1,1.000000000000
congressional,KERSHAW - BETHUNE,5,0.999999982222
congressional,KERSHAW - BETHUNE,7,0.000000017778
congressional,LEXINGTON - BEULAH CHURCH,2,1.000000000000
congressional,BERKELEY - BEVERLY HILL,1,1.000000000000
congressional,GREENWOOD - BILTMORE PINES,3,1.000000000000
congressional,SUMTER - BIRNIE,5,0.767610367380
congressional,SUMTER - BIRNIE,6,0.232389632620
congressional,ANDERSON - BISHOPS BRANCH,3,1.000000000000
congressional,LEE - BISHOPVILLE NO. 1,5,1.000000000000
congressional,LEE - BISHOPVILLE NO. 2,5,1.000000000000
congressional,LEE - BISHOPVILLE NO. 3,5,1.000000000000
congressional,LEE - BISHOPVILLE NO. 4,5,1.000000000000
congressional,CHESTERFIELD - BLACK CREEK,7,1.000000000000
congressional,HAMPTON - BLACK CREEK,6,1.000000000000
congressional,DARLINGTON - BLACK CREEK-CLYDE,5,0.000003276070
congressional,DARLINGTON - BLACK CREEK-CLYDE,7,0.999996723930
congressional,GEORGETOWN - BLACK RIVER,7,1.000000000000
congressional,WILLIAMSBURG - BLACK RIVER,6,1.000000000000
congressional,UNION - BLACK ROCK,5,1.000000000000
congressional,CHEROKEE - BLACKSBURG WARD NO. 1,5,1.000000000000
congressional,CHEROKEE - BLACKSBURG WARD NO. 2,5,1.000000000000
congressional,CHESTER - BLACKSTOCK,5,1.000000000000
congressional,FAIRFIELD - BLACKSTOCK,5,1.000000000000
congressional,SPARTANBURG - BLACKSTOCK,4,1.000000000000
congressional,BARNWELL - BLACKVILLE 1,2,1.000000000000
congressional,BARNWELL - BLACKVILLE 2,2,0.999999746060
congressional,BARNWELL - BLACKVILLE 2,6,0.000000253940
congressional,FAIRFIELD - BLAIRS,3,0.000000979650
congressional,FAIRFIELD - BLAIRS,5,0.999999020350
congressional,MARLBORO - BLENHEIM,7,1.000000000000
congressional,WILLIAMSBURG - BLOOMINGVALE,6,1.000000000000
congressional,RICHLAND - BLUFF,2,0.000000000581
congressional,RICHLAND - BLUFF,6,0.999999999419
congressional,RICHLAND - BLYTHEWOOD 1,2,1.000000000000
congressional,RICHLAND - BLYTHEWOOD 2,2,0.999999292879
congressional,RICHLAND - BLYTHEWOOD 2,5,0.000000707121
congressional,RICHLAND - BLYTHEWOOD 3,2,0.999967599235
congressional,RICHLAND - BLYTHEWOOD 3,6,0.000032400765
congressional,GREENVILLE - BOILING SPRINGS,4,1.000000000000
congressional,LEXINGTON - BOILING SPRINGS,2,1.000000000000
congressional,SPARTANBURG - BOILING SPRINGS 9TH GRADE,5,1.000000000000
congressional,SPARTANBURG - BOILING SPRINGS ELEMENTARY,4,1.000000000000
congressional,SPARTANBURG - BOILING SPRINGS HIGH SCHOOL,5,1.000000000000
congressional,LEXINGTON - BOILING SPRINGS SOUTH,2,1.000000000000
congressional,ORANGEBURG - BOLENTOWN,2,1.000000000000
congressional,SPARTANBURG - BOLING SPRINGS JR. HIGH,5,1.000000000000
congressional,UNION - BONHAM,5,1.000000000000
congressional,BERKELEY - BONNEAU,1,1.000000000000
congressional,BERKELEY - BONNEAU BEACH,1,1.000000000000
congressional,HAMPTON - BONNETT,6,1.000000000000
congressional,RICHLAND - BOOKMAN,2,1.000000000000
congressional,GREENVILLE - BOTANY WOODS,4,1.000000000000
congressional,BERKELEY - BOULDER BLUFF,1,1.000000000000
congressional,ANDERSON - BOWLING GREEN,3,1.000000000000
congressional,YORK - BOWLING GREEN,5,1.000000000000
congressional,ORANGEBURG - BOWMAN 1,6,1.000000000000
congressional,ORANGEBURG - BOWMAN 2,6,1.000000000000
congressional,GREENWOOD - BRADLEY,3,1.000000000000
congressional,ORANGEBURG - BRANCHVILLE 1,6,1.000000000000
congressional,ORANGEBURG - BRANCHVILLE 2,6,1.000000000000
congressional,RICHLAND - BRANDON 1,2,0.999992917116
congressional,RICHLAND - BRANDON 1,6,0.000007082884
congressional,RICHLAND - BRANDON 2,2,0.999999208663
congressional,RICHLAND - BRANDON 2,6,0.000000791337
congressional,DORCHESTER - BRANDYMILL,1,1.000000000000
congressional,DORCHESTER - BRANDYMILL 2,1,1.000000000000
congressional,DORCHESTER - BRIARWOOD,1,1.000000000000
congressional,RICHLAND - BRIARWOOD,2,0.999971851864
congressional,RICHLAND - BRIARWOOD,6,0.000028148136
congressional,DORCHESTER - BRIARWOOD 2,1,1.000000000000
congressional,DORCHESTER - BRIARWOOD 3,1,1.000000000000
congressional,RICHLAND - BRIDGE CREEK,2,1.000000000000
congressional,GREENVILLE - BRIDGE FORK,4,1.000000000000
congressional,MARLBORO - BRIGHTSVILLE,7,1.000000000000
congressional,MARION - BRITTONS NECK,6,0.000015381332
congressional,MARION - BRITTONS NECK,7,0.999984618668
congressional,ABBEVILLE - BROADMOUTH,3,1.000000000000
congressional,ANDERSON - BROADVIEW,3,1.000000000000
congressional,ANDERSON - BROADWAY,3,1.000000000000
congressional,CHESTERFIELD - BROCKS MILL,7,1.000000000000
congressional,GREENVILLE - BROOK GLENN,4,1.000000000000
congressional,ORANGEBURG - BROOKDALE,6,1.000000000000
congressional,FLORENCE - BROOKGREEN,7,1.000000000000
congressional,HORRY - BROOKSVILLE 1,7,1.000000000000
congressional,HORRY - BROOKSVILLE 2,7,1.000000000000
congressional,SPARTANBURG - BROOME HIGH SCHOOL,4,1.000000000000
congressional,GEORGETOWN - BROWNS FERRY,7,1.000000000000
congressional,MARLBORO - BROWNSVILLE,7,1.000000000000
congressional,HORRY - BROWNWAY,7,1.000000000000
congressional,EDGEFIELD - BRUNSON,3,1.000000000000
congressional,HAMPTON - BRUNSON,6,1.000000000000
congressional,ANDERSON - BRUSHY CREEK,3,1.000000000000
congressional,PICKENS - BRUSHY CREEK,3,1.000000000000
congressional,KERSHAW - BUFFALO,5,0.999999998731
congressional,KERSHAW - BUFFALO,7,0.000000001269
congressional,UNION - BUFFALO BOX 1,5,1.000000000000
congressional,YORK - BULLOCKS CREEK,5,1.000000000000
congressional,HORRY - BURGESS 1,7,1.000000000000
congressional,HORRY - BURGESS 3,7,1.000000000000
congressional,HORRY - BURGESS 4,7,1.000000000000
congressional,HORRY - BURGESS 5,7,1.000000000000
congressional,HORRY - BURGESS2,7,1.000000000000
congressional,SUMTER - BURNS-DOWNS,5,0.996916019213
congressional,SUMTER - BURNS-DOWNS,6,0.003083980787
congressional,DARLINGTON - BURNT BRANCH,5,0.000000375792
congressional,DARLINGTON - BURNT BRANCH,7,0.999999624208
congressional,LEXINGTON - BUSH RIVER,2,1.000000000000
congressional,NEWBERRY - BUSH RIVER,3,1.000000000000
congressional,BERKELEY - BUSHY PARK,1,1.000000000000
congressional,DORCHESTER - BUTTERNUT,1,1.000000000000
congressional,SPARTANBURG - C.C. WOODSON RECREATION,4,1.000000000000
congressional,WILLIAMSBURG - CADES,6,1.000000000000
congressional,BERKELEY - CAINHOY,1,1.000000000000
congressional,PICKENS - CALHOUN,3,1.000000000000
congressional,ABBEVILLE - CALHOUN FALLS,3,1.000000000000
congressional,GREENWOOD - CALLISON,3,1.000000000000
congressional,KERSHAW - CAMDEN NO. 1,5,1.000000000000
congressional,KERSHAW - CAMDEN NO. 2,5,1.000000000000
congressional,KERSHAW - CAMDEN NO. 5,5,1.000000000000
congressional,KERSHAW - CAMDEN NO. 5-A,5,1.000000000000
congressional,KERSHAW - CAMDEN NO. 6,5,1.000000000000
congressional,CALHOUN - CAMERON,6,1.000000000000
congressional,SPARTANBURG - CANAAN,4,1.000000000000
congressional,COLLETON - CANADYS,6,1.000000000000
congressional,BERKELEY - CANE BAY,1,1.000000000000
congressional,BERKELEY - CANE BAY EAST,1,1.000000000000
congressional,BERKELEY - CANE BAY NORTH,1,1.000000000000
congressional,BERKELEY - CANE BAY SOUTH,1,1.000000000000
congressional,GREENVILLE - CANEBRAKE,4,1.000000000000
congressional,YORK - CANNON MILL,5,1.000000000000
congressional,SPARTANBURG - CANNONS ELEMENTARY,5,1.000000000000
congressional,UNION - CARLISLE,5,1.000000000000
congressional,SPARTANBURG - CARLISLE FOSTERS GROVE,5,1.000000000000
congressional,SPARTANBURG - CARLISLE WESLEYAN,5,1.000000000000
congressional,BERKELEY - CARNES CROSS ROAD 1,1,1.000000000000
congressional,BERKELEY - CARNES CROSS ROADS 2,1,1.000000000000
congressional,DILLON - CAROLINA,7,1.000000000000
congressional,DORCHESTER - CAROLINA,1,0.999999978315
congressional,DORCHESTER - CAROLINA,6,0.000000021685
congressional,GREENVILLE - CAROLINA,3,0.001062935716
congressional,GREENVILLE - CAROLINA,4,0.998937064284
congressional,YORK - CAROLINA,5,1.000000000000
congressional,HORRY - CAROLINA BAYS,7,1.000000000000
congressional,HORRY - CAROLINA FOREST 1,7,1.000000000000
congressional,HORRY - CAROLINA FOREST 2,7,1.000000000000
congressional,LEXINGTON - CAROLINA SPRINGS,2,1.000000000000
congressional,FLORENCE - CARTERSVILLE,7,1.000000000000
congressional,GEORGETOWN - CARVERS BAY,7,1.000000000000
congressional,CHESTERFIELD - CASH,7,1.000000000000
congressional,KERSHAW - CASSATT,5,1.000000000000
congressional,GREENVILLE - CASTLE ROCK,4,1.000000000000
congressional,YORK - CATAWBA,5,1.000000000000
congressional,RICHLAND - CAUGHMAN ROAD,6,1.000000000000
congressional,SUMTER - CAUSEWAY BRANCH 1,5,1.000000000000
congressional,SUMTER - CAUSEWAY BRANCH 2,5,1.000000000000
congressional,SPARTANBURG - CAVINS HOBBYSVILLE,4,1.000000000000
congressional,LEXINGTON - CAYCE 2A,2,1.000000000000
congressional,LEXINGTON - CAYCE WARD NO. 1,2,0.999980528883
congressional,LEXINGTON - CAYCE WARD NO. 1,6,0.000019471117
congressional,LEXINGTON - CAYCE WARD NO. 2,2,0.999314341825
congressional,LEXINGTON - CAYCE WARD NO. 2,6,0.000685658175
congressional,LEXINGTON - CAYCE WARD NO. 3,2,1.000000000000
congressional,LEE - CEDAR CREEK,5,1.000000000000
congressional,ANDERSON - CEDAR GROVE,3,1.000000000000
congressional,HORRY - CEDAR GROVE,7,1.000000000000
congressional,PICKENS - CEDAR ROCK,3,1.000000000000
congressional,WILLIAMSBURG - CEDAR SWAMP,6,1.000000000000
congressional,LEXINGTON - CEDARCREST,2,1.000000000000
congressional,YORK - CELANESE,5,1.000000000000
congressional,MARION - CENTENARY,7,1.000000000000
congressional,SALUDA - CENTENNIAL,3,1.000000000000
congressional,CHESTERFIELD - CENTER GROVE-WINZO,7,1.000000000000
congressional,CALHOUN - CENTER HILL,2,0.000000092326
congressional,CALHOUN - CENTER HILL,6,0.999999907674
congressional,ANDERSON - CENTER ROCK,3,1.000000000000
congressional,FAIRFIELD - CENTERVILLE,2,0.000001483047
congressional,FAIRFIELD - CENTERVILLE,5,0.999998516953
congressional,ANDERSON - CENTERVILLE STATION A,3,1.000000000000
congressional,ANDERSON - CENTERVILLE STATION B,3,1.000000000000
congressional,BERKELEY - CENTRAL,1,1.000000000000
congressional,DORCHESTER - CENTRAL,1,1.000000000000
congressional,WILLIAMSBURG - CENTRAL,6,1.000000000000
congressional,DORCHESTER - CENTRAL 2,1,1.000000000000
congressional,LEXINGTON - CHALK HILL,2,0.998414914001
congressional,LEXINGTON - CHALK HILL,6,0.001585085999
congressional,LEXINGTON - CHALLEDON,2,1.000000000000
congressional,LEXINGTON - CHAPIN,2,0.999999930249
congressional,LEXINGTON - CHAPIN,3,0.000000069751
congressional,SPARTANBURG - CHAPMAN HIGH SCHOOL,4,1.000000000000
congressional,NEWBERRY - CHAPPELLS,3,1.000000000000
congressional,CHARLESTON - CHARLESTON 1,6,1.000000000000
congressional,CHARLESTON - CHARLESTON 10,6,1.000000000000
congressional,CHARLESTON - CHARLESTON 11,6,1.000000000000
congressional,CHARLESTON - CHARLESTON 12,6,1.000000000000
congressional,CHARLESTON - CHARLESTON 13,6,1.000000000000
congressional,CHARLESTON - CHARLESTON 14,6,1.000000000000
congressional,CHARLESTON - CHARLESTON 15,1,0.001812904964
congressional,CHARLESTON - CHARLESTON 15,6,0.998187095036
congressional,CHARLESTON - CHARLESTON 16,6,1.000000000000
congressional,CHARLESTON - CHARLESTON 17,6,1.000000000000
congressional,CHARLESTON - CHARLESTON 18,6,1.000000000000
congressional,CHARLESTON - CHARLESTON 19,6,1.000000000000
congressional,CHARLESTON - CHARLESTON 2,6,1.000000000000
congressional,CHARLESTON - CHARLESTON 20,6,1.000000000000
congressional,CHARLESTON - CHARLESTON 21,6,1.000000000000
congressional,CHARLESTON - CHARLESTON 3,6,1.000000000000
congressional,CHARLESTON - CHARLESTON 4,6,1.000000000000
congressional,CHARLESTON - CHARLESTON 5,6,1.000000000000
congressional,CHARLESTON - CHARLESTON 6,6,1.000000000000
congressional,CHARLESTON - CHARLESTON 7,6,1.000000000000
congressional,CHARLESTON - CHARLESTON 8,6,1.000000000000
congressional,CHARLESTON - CHARLESTON 9,6,1.000000000000
congressional,KERSHAW - CHARLOTTE THOMPSON,5,1.000000000000
congressional,CHESTERFIELD - CHERAW NO. 1,7,1.000000000000
congressional,CHESTERFIELD - CHERAW NO. 2,7,1.000000000000
congressional,CHESTERFIELD - CHERAW NO. 3,7,1.000000000000
congressional,CHESTERFIELD - CHERAW NO. 4,7,1.000000000000
congressional,SPARTANBURG - CHEROKEE SPRINGS FIRE STATION,5,1.000000000000
congressional,HORRY - CHERRY GROVE 1,7,1.000000000000
congressional,HORRY - CHERRY GROVE 2,7,1.000000000000
congressional,SUMTER - CHERRYVALE,5,1.000000000000
congressional,SPARTANBURG - CHESNEE ELEMENTARY,5,1.000000000000
congressional,CHESTER - CHESTER WARD 1,5,1.000000000000
congressional,CHESTER - CHESTER WARD 2,5,1.000000000000
congressional,CHESTER - CHESTER WARD 3,5,1.000000000000
congressional,CHESTER - CHESTER WARD 4,5,1.000000000000
congressional,CHESTER - CHESTER WARD 5,5,1.000000000000
congressional,GREENVILLE - CHESTNUT HILLS,4,1.000000000000
congressional,SPARTANBURG - CHESTNUT LAKE,4,1.000000000000
congressional,ANDERSON - CHIQUOLA MILL,3,1.000000000000
congressional,GEORGETOWN - CHOPPEE,7,1.000000000000
congressional,CHARLESTON - CHRIST CHURCH,1,1.000000000000
congressional,GREENVILLE - CIRCLE CREEK,3,0.000195528136
congressional,GREENVILLE - CIRCLE CREEK,4,0.999804471864
congressional,GREENWOOD - CIVIC CENTER,3,1.000000000000
congressional,MCCORMICK - CLARKS HILL,3,1.000000000000
congressional,FLORENCE - CLAUSSEN,7,1.000000000000
congressional,GREENVILLE - CLEAR CREEK,4,1.000000000000
congressional,DORCHESTER - CLEMSON,1,1.000000000000
congressional,PICKENS - CLEMSON,3,1.000000000000
congressional,DORCHESTER - CLEMSON 2,1,1.000000000000
congressional,DORCHESTER - CLEMSON 3,1,0.999999997929
congressional,DORCHESTER - CLEMSON 3,6,0.000000002071
congressional,SPARTANBURG - CLIFTON GLENDALE,4,1.000000000000
congressional,MARLBORO - CLIO,7,1.000000000000
congressional,YORK - CLOVER,5,1.000000000000
congressional,DORCHESTER - COASTAL,1,1.000000000000
congressional,DORCHESTER - COASTAL 2,1,1.000000000000
congressional,DORCHESTER - COASTAL 3,1,1.000000000000
congressional,HORRY - COASTAL CAROLINA,7,1.000000000000
congressional,HORRY - COASTAL LANE 1,7,1.000000000000
congressional,HORRY - COASTAL LANE 2,7,1.000000000000
congressional,BERKELEY - COBBLESTONE,1,1.000000000000
congressional,GREENWOOD - COKESBURY,3,1.000000000000
congressional,ABBEVILLE - COLD SPRINGS,3,1.000000000000
congressional,LEXINGTON - COLDSTREAM,2,1.000000000000
congressional,FLORENCE - COLES CROSSROADS,7,1.000000000000
congressional,RICHLAND - COLLEGE PLACE,6,1.000000000000
congressional,BAMBERG - COLSTON,6,1.000000000000
congressional,ANDERSON - CONCRETE,3,1.000000000000
congressional,GREENVILLE - CONESTEE,4,1.000000000000
congressional,LEXINGTON - CONGAREE 2,2,1.000000000000
congressional,LEXINGTON - CONGAREE 1,2,1.000000000000
congressional,NEWBERRY - CONSOLIDATED NUMBER 5,3,1.000000000000
congressional,SPARTANBURG - CONVERSE,4,1.000000000000
congressional,SPARTANBURG - CONVERSE FIRE STATION,4,0.791919181335
congressional,SPARTANBURG - CONVERSE FIRE STATION,5,0.208080818665
congressional,HORRY - COOL SPRINGS,7,1.000000000000
congressional,SPARTANBURG - COOLEY SPRINGS BAPTIST,5,1.000000000000
congressional,RICHLAND - COOPER,2,1.000000000000
congressional,DORCHESTER - COOSAW,1,0.999638195019
congressional,DORCHESTER - COOSAW,6,0.000361804981
congressional,DORCHESTER - COOSAW 2,1,1.000000000000
congressional,DORCHESTER - COOSAW 3,1,1.000000000000
congressional,JASPER - COOSAWHATCHIE,6,1.000000000000
congressional,ORANGEBURG - COPE,2,1.000000000000
congressional,BERKELEY - CORDESVILLE,1,1.000000000000
congressional,ORANGEBURG - CORDOVA 1,2,1.000000000000
congressional,ORANGEBURG - CORDOVA 2,2,1.000000000000
congressional,SPARTANBURG - CORNERSTONE BAPTIST,4,1.000000000000
congressional,GREENWOOD - CORONACA,3,1.000000000000
congressional,COLLETON - COTTAGEVILLE,6,1.000000000000
congressional,YORK - COTTON BELT,5,1.000000000000
congressional,CHESTERFIELD - COURTHOUSE,7,1.000000000000
congressional,FLORENCE - COWARD 1,7,1.000000000000
congressional,FLORENCE - COWARD 2,7,1.000000000000
congressional,SPARTANBURG - COWPENS,5,1.000000000000
congressional,ANDERSON - COXS CREEK,3,1.000000000000
congressional,ANDERSON - CRAYTONVILLE,3,1.000000000000
congressional,HORRY - CRESCENT,7,1.000000000000
congressional,YORK - CRESCENT,5,1.000000000000
congressional,PICKENS - CRESCENT HILL,3,1.000000000000
congressional,CALHOUN - CRESTON,6,1.000000000000
congressional,PICKENS - CRESTVIEW,3,1.000000000000
congressional,HAMPTON - CROCKETVILLE-MILEY,6,1.000000000000
congressional,SPARTANBURG - CROFT BAPTIST,4,1.000000000000
congressional,LEXINGTON - CROMER,2,1.000000000000
congressional,BERKELEY - CROSS,1,1.000000000000
congressional,SPARTANBURG - CROSS ANCHOR FIRE STATION,4,1.000000000000
congressional,UNION - CROSS KEYS,5,1.000000000000
congressional,PICKENS - CROSSROADS,3,1.000000000000
congressional,PICKENS - CROSSWELL,3,0.999491449215
congressional,PICKENS - CROSSWELL,4,0.000508550785
congressional,SUMTER - CROSSWELL,5,0.002456823498
congressional,SUMTER - CROSSWELL,6,0.997543176502
congressional,SPARTANBURG - CUDD MEMORIAL,4,1.000000000000
congressional,HAMPTON - CUMMINGS,6,1.000000000000
congressional,BERKELEY - CYPRESS,1,1.000000000000
congressional,DORCHESTER - CYPRESS,1,0.833598540575
congressional,DORCHESTER - CYPRESS,6,0.166401459425
congressional,LEE - CYPRESS,5,0.999873970586
congressional,LEE - CYPRESS,7,0.000126029414
congressional,DORCHESTER - CYPRESS 2,1,1.000000000000
congressional,SPARTANBURG - D. R. HILL MIDDLE SCHOOL,4,1.000000000000
congressional,PICKENS - DACUSVILLE,3,0.998316276480
congressional,PICKENS - DACUSVILLE,4,0.001683723520
congressional,HORRY - DAISY,7,1.000000000000
congressional,SUMTER - DALZELL 1,5,1.000000000000
congressional,SUMTER - DALZELL 2,5,1.000000000000
congressional,BERKELEY - DANIEL ISLAND 1,1,1.000000000000
congressional,BERKELEY - DANIEL ISLAND 2,1,0.994447566086
congressional,BERKELEY - DANIEL ISLAND 2,6,0.005552433914
congressional,BERKELEY - DANIEL ISLAND 3,1,0.996753654930
congressional,BERKELEY - DANIEL ISLAND 3,6,0.003246345070
congressional,BERKELEY - DANIEL ISLAND 4,1,1.000000000000
congressional,SPARTANBURG - DANIEL MORGAN TECHNOLOGY CENTER,4,1.000000000000
congressional,GREENVILLE - DARBY RIDGE,4,1.000000000000
congressional,DARLINGTON - DARLINGTON NO. 1,7,1.000000000000
congressional,DARLINGTON - DARLINGTON NO. 2,7,1.000000000000
congressional,DARLINGTON - DARLINGTON NO. 3,7,1.000000000000
congressional,DARLINGTON - DARLINGTON NO. 4,7,1.000000000000
congressional,DARLINGTON - DARLINGTON NO. 5,7,1.000000000000
congressional,DARLINGTON - DARLINGTON NO. 6,7,1.000000000000
congressional,CHARLESTON - DEER PARK 1A,6,1.000000000000
congressional,CHARLESTON - DEER PARK 1B,1,0.004269772262
congressional,CHARLESTON - DEER PARK 1B,6,0.995730227738
congressional,CHARLESTON - DEER PARK 2A,6,1.000000000000
congressional,CHARLESTON - DEER PARK 2B,6,1.000000000000
congressional,CHARLESTON - DEER PARK 2C,6,1.000000000000
congressional,CHARLESTON - DEER PARK 3,6,1.000000000000
congressional,HORRY - DEERFIELD,7,1.000000000000
congressional,GREENVILLE - DEL NORTE,4,1.000000000000
congressional,SUMTER - DELAINE,5,0.999656108265
congressional,SUMTER - DELAINE,6,0.000343891735
congressional,DORCHESTER - DELEMARS,1,0.038629980743
congressional,DORCHESTER - DELEMARS,6,0.961370019257
congressional,FLORENCE - DELMAE 1,7,1.000000000000
congressional,FLORENCE - DELMAE 2,7,1.000000000000
congressional,YORK - DELPHIA,5,1.000000000000
congressional,RICHLAND - DENNYSIDE,2,0.000081619906
congressional,RICHLAND - DENNYSIDE,6,0.999918380094
congressional,RICHLAND - DENTSVILLE,2,0.000009735913
congressional,RICHLAND - DENTSVILLE,6,0.999990264087
congressional,ANDERSON - DENVER-SANDY SPRINGS,3,1.000000000000
congressional,GREENVILLE - DEVENGER,4,1.000000000000
congressional,BERKELEY - DEVON FOREST 1,1,1.000000000000
congressional,BERKELEY - DEVON FOREST 2,1,1.000000000000
congressional,BERKELEY - DISCOVERY,1,1.000000000000
congressional,CALHOUN - DIXIE,6,1.000000000000
congressional,KERSHAW - DOBYS MILL,2,0.000814394345
congressional,KERSHAW - DOBYS MILL,5,0.999185605655
congressional,YORK - DOBYS BRIDGE,5,1.000000000000
congressional,HORRY - DOGBLUFF,7,1.000000000000
congressional,HORRY - DOGWOOD,7,1.000000000000
congressional,ABBEVILLE - DONALDS,3,1.000000000000
congressional,GREENVILLE - DONALDSON,3,0.000358457859
congressional,GREENVILLE - DONALDSON,4,0.999641542141
congressional,DORCHESTER - DORCHESTER,1,1.000000000000
congressional,DORCHESTER - DORCHESTER 2,1,1.000000000000
congressional,GREENVILLE - DOVE TREE,4,1.000000000000
congressional,DARLINGTON - DOVESVILLE,7,1.000000000000
congressional,SPARTANBURG - DRAYTON,4,1.000000000000
congressional,CHEROKEE - DRAYTONVILLE,5,1.000000000000
congressional,GEORGETOWN - DREAMKEEPERS,7,1.000000000000
congressional,LEXINGTON - DREHER ISLAND,2,0.999999995267
congressional,LEXINGTON - DREHER ISLAND,3,0.000000004733
congressional,CHESTERFIELD - DUDLEY-MANGUM,5,0.000117024595
congressional,CHESTERFIELD - DUDLEY-MANGUM,7,0.999882975405
congressional,ABBEVILLE - DUE WEST,3,1.000000000000
congressional,SPARTANBURG - DUNCAN UNITED METHODIST,4,1.000000000000
congressional,HORRY - DUNES 1,7,1.000000000000
congressional,HORRY - DUNES 2,7,1.000000000000
congressional,HORRY - DUNES 3,7,1.000000000000
congressional,GREENVILLE - DUNKLIN,3,1.000000000000
congressional,RICHLAND - DUTCH FORK 1,2,1.000000000000
congressional,RICHLAND - DUTCH FORK 2,2,1.000000000000
congressional,RICHLAND - DUTCH FORK 3,2,1.000000000000
congressional,RICHLAND - DUTCH FORK 4,2,1.000000000000
congressional,FAIRFIELD - DUTCHMAN CREEK,5,1.000000000000
congressional,LEXINGTON - DUTCHMAN SHORES,2,1.000000000000
congressional,SPARTANBURG - E.P. TODD ELEMENTARY,4,1.000000000000
congressional,BERKELEY - EADYTOWN,1,1.000000000000
congressional,WILLIAMSBURG - EARLES,6,0.999999893514
congressional,WILLIAMSBURG - EARLES,7,0.000000106486
congressional,HAMPTON - EARLY BRANCH,6,1.000000000000
congressional,PICKENS - EASLEY,3,1.000000000000
congressional,MARLBORO - EAST BENNETTSVILLE,7,1.000000000000
congressional,HORRY - EAST CONWAY,7,1.000000000000
congressional,BAMBERG - EAST DENMARK,2,0.000406223071
congressional,BAMBERG - EAST DENMARK,6,0.999593776929
congressional,DILLON - EAST DILLON,7,1.000000000000
congressional,RICHLAND - EAST FOREST ACRES,2,1.000000000000
congressional,PICKENS - EAST LIBERTY,3,1.000000000000
congressional,HORRY - EAST LORIS,7,1.000000000000
congressional,MARLBORO - EAST MCCOLL,7,1.000000000000
congressional,PICKENS - EAST PICKENS,3,1.000000000000
congressional,RICHLAND - EASTOVER,5,0.000000025225
congressional,RICHLAND - EASTOVER,6,0.999999974775
congressional,GREENVILLE - EASTSIDE,4,1.000000000000
congressional,SPARTANBURG - EASTSIDE BAPTIST,4,1.000000000000
congressional,GREENVILLE - EBENEZER,3,0.000200838528
congressional,GREENVILLE - EBENEZER,4,0.999799161472
congressional,HORRY - EBENEZER,7,1.000000000000
congressional,YORK - EBENEZER,5,1.000000000000
congressional,FLORENCE - EBENEZER 1,7,1.000000000000
congressional,SUMTER - EBENEZER 1,5,1.000000000000
congressional,FLORENCE - EBENEZER 2,7,1.000000000000
congressional,SUMTER - EBENEZER 2,5,1.000000000000
congressional,FLORENCE - EBENEZER 3,7,1.000000000000
congressional,YORK - EBINPORT,5,1.000000000000
congressional,LEXINGTON - EDENWOOD,2,1.000000000000
congressional,EDGEFIELD - EDGEFIELD NO. 2,3,1.000000000000
congressional,EDGEFIELD - EDGEFIELD NO. 1,3,1.000000000000
congressional,CHESTER - EDGEMOOR,5,1.000000000000
congressional,RICHLAND - EDGEWOOD,6,1.000000000000
congressional,YORK - EDGEWOOD,5,1.000000000000
congressional,ANDERSON - EDGEWOOD STATION A,3,1.000000000000
congressional,ANDERSON - EDGEWOOD STATION B,3,1.000000000000
congressional,BAMBERG - EDISTO,6,1.000000000000
congressional,COLLETON - EDISTO,6,1.000000000000
congressional,ORANGEBURG - EDISTO,2,1.000000000000
congressional,COLLETON - EDISTO BEACH,1,1.000000000000
congressional,CHARLESTON - EDISTO ISLAND,1,1.000000000000
congressional,LEXINGTON - EDMUND 2,2,1.000000000000
congressional,LEXINGTON - EDMUND 1,2,1.000000000000
congressional,GREENVILLE - EDWARDS FOREST,4,1.000000000000
congressional,FLORENCE - EFFINGHAM,7,1.000000000000
congressional,BAMBERG - EHRHARDT,6,1.000000000000
congressional,KERSHAW - ELGIN NO. 1,2,0.003435239593
congressional,KERSHAW - ELGIN NO. 1,5,0.996564760407
congressional,KERSHAW - ELGIN NO. 2,5,1.000000000000
congressional,KERSHAW - ELGIN NO. 3,5,1.000000000000
congressional,KERSHAW - ELGIN NO. 4,5,1.000000000000
congressional,KERSHAW - ELGIN NO. 5,2,0.006897096776
congressional,KERSHAW - ELGIN NO. 5,5,0.993102903224
congressional,KERSHAW - ELGIN NO. 6,5,1.000000000000
congressional,FLORENCE - ELIM-GLENWOOD,7,1.000000000000
congressional,BARNWELL - ELKO,2,1.000000000000
congressional,LEE - ELLIOTT,5,1.000000000000
congressional,ORANGEBURG - ELLOREE 1,6,1.000000000000
congressional,ORANGEBURG - ELLOREE 2,6,1.000000000000
congressional,GREENWOOD - EMERALD,3,1.000000000000
congressional,HORRY - EMERALD FOREST 1,7,1.000000000000
congressional,HORRY - EMERALD FOREST 2,7,1.000000000000
congressional,HORRY - EMERALD FOREST 3,7,1.000000000000
congressional,GREENWOOD - EMERALD HIGH,3,1.000000000000
congressional,LEXINGTON - EMMANUEL CHURCH,2,1.000000000000
congressional,GREENVILLE - ENOREE,4,1.000000000000
congressional,SPARTANBURG - ENOREE FIRST BAPTIST,4,1.000000000000
congressional,SPARTANBURG - ENOREE RIVER,4,1.000000000000
congressional,HORRY - ENTERPRISE 1,7,1.000000000000
congressional,HORRY - ENTERPRISE 2,7,1.000000000000
congressional,GREENWOOD - EPWORTH,3,1.000000000000
congressional,RICHLAND - ESTATES,2,0.999988326434
congressional,RICHLAND - ESTATES,5,0.000011673566
congressional,HAMPTON - ESTILL,6,1.000000000000
congressional,CHESTER - EUREKA MILL,5,1.000000000000
congressional,ORANGEBURG - EUTAWVILLE 1,6,1.000000000000
congressional,ORANGEBURG - EUTAWVILLE 2,6,1.000000000000
congressional,FLORENCE - EVERGREEN,7,1.000000000000
congressional,UNION - EXCELSIOR,5,1.000000000000
congressional,CHEROKEE - EZELLS AND BUTLER,5,1.000000000000
congressional,ALLENDALE - FAIRFAX NO. 1,6,1.000000000000
congressional,ALLENDALE - FAIRFAX NO. 2,6,1.000000000000
congressional,SPARTANBURG - FAIRFOREST ELEMENTARY,4,1.000000000000
congressional,SPARTANBURG - FAIRGROUNDS,4,1.000000000000
congressional,YORK - FAIRGROUNDS,5,1.000000000000
congressional,GREENWOOD - FAIRHOPE FERRY,3,1.000000000000
congressional,RICHLAND - FAIRLAWN,2,0.000001776698
congressional,RICHLAND - FAIRLAWN,6,0.999998223302
congressional,LEXINGTON - FAIRVIEW,2,1.000000000000
congressional,NEWBERRY - FAIRVIEW,3,1.000000000000
congressional,RICHLAND - FAIRWOLD,6,1.000000000000
congressional,LEXINGTON - FAITH CHURCH,2,1.000000000000
congressional,CALHOUN - FALL BRANCH,6,1.000000000000
congressional,GREENVILLE - FEASTER,4,1.000000000000
congressional,FAIRFIELD - FEASTERVILLE,3,0.000060971639
congressional,FAIRFIELD - FEASTERVILLE,5,0.999939028361
congressional,YORK - FERRY BRANCH,5,1.000000000000
congressional,YORK - FEWELL PARK,5,1.000000000000
congressional,YORK - FIELD DAY,5,1.000000000000
congressional,BERKELEY - FIFTY-TWO,1,1.000000000000
congressional,YORK - FILBERT,5,1.000000000000
congressional,ANDERSON - FIVE FORKS,3,1.000000000000
congressional,ANDERSON - FLAT ROCK,3,1.000000000000
congressional,PICKENS - FLAT ROCK,3,1.000000000000
congressional,FLORENCE - FLORENCE WARD 1,7,1.000000000000
congressional,FLORENCE - FLORENCE WARD 10,7,1.000000000000
congressional,FLORENCE - FLORENCE WARD 11,7,1.000000000000
congressional,FLORENCE - FLORENCE WARD 12,7,1.000000000000
congressional,FLORENCE - FLORENCE WARD 14,7,1.000000000000
congressional,FLORENCE - FLORENCE WARD 15,7,1.000000000000
congressional,FLORENCE - FLORENCE WARD 2,7,1.000000000000
congressional,FLORENCE - FLORENCE WARD 3,7,1.000000000000
congressional,FLORENCE - FLORENCE WARD 4,7,1.000000000000
congressional,FLORENCE - FLORENCE WARD 5,7,1.000000000000
congressional,FLORENCE - FLORENCE WARD 6,7,1.000000000000
congressional,FLORENCE - FLORENCE WARD 7,7,1.000000000000
congressional,FLORENCE - FLORENCE WARD 8,7,1.000000000000
congressional,FLORENCE - FLORENCE WARD 9,7,1.000000000000
congressional,DORCHESTER - FLOWERTOWN,1,1.000000000000
congressional,DORCHESTER - FLOWERTOWN 2,1,1.000000000000
congressional,DORCHESTER - FLOWERTOWN 3,1,1.000000000000
congressional,DILLON - FLOYDALE,7,1.000000000000
congressional,CHARLESTON - FOLLY BEACH 1,1,1.000000000000
congressional,CHARLESTON - FOLLY BEACH 2,1,1.000000000000
congressional,GEORGETOWN - FOLLY GROVE,6,0.000000085786
congressional,GEORGETOWN - FOLLY GROVE,7,0.999999914214
congressional,SUMTER - FOLSOM PARK,5,0.998192469935
congressional,SUMTER - FOLSOM PARK,6,0.001807530065
congressional,PICKENS - FOREST ACRES,3,1.000000000000
congressional,HORRY - FORESTBROOK,7,1.000000000000
congressional,DILLON - FORK,7,1.000000000000
congressional,ANDERSON - FORK NO. 1,3,1.000000000000
congressional,ANDERSON - FORK NO. 2,3,1.000000000000
congressional,GREENVILLE - FORK SHOALS,3,1.000000000000
congressional,CHESTER - FORT LAWN,5,1.000000000000
congressional,YORK - FORT MILL NO. 1,5,1.000000000000
congressional,YORK - FORT MILL NO. 2,5,1.000000000000
congressional,YORK - FORT MILL NO. 3,5,1.000000000000
congressional,YORK - FORT MILL NO. 4,5,1.000000000000
congressional,YORK - FORT MILL NO. 5,5,1.000000000000
congressional,YORK - FORT MILL NO. 6,5,1.000000000000
congressional,CALHOUN - FORT MOTTE,5,0.000000015318
congressional,CALHOUN - FORT MOTTE,6,0.999999984682
congressional,BERKELEY - FOSTER CREEK 1,1,1.000000000000
congressional,BERKELEY - FOSTER CREEK 2,1,1.000000000000
congressional,BERKELEY - FOSTER CREEK 3,1,1.000000000000
congressional,GREENVILLE - FOUNTAIN INN 1,3,0.999834137205
congressional,GREENVILLE - FOUNTAIN INN 1,4,0.000165862795
congressional,GREENVILLE - FOUNTAIN INN 2,3,0.999766269680
congressional,GREENVILLE - FOUNTAIN INN 2,4,0.000233730320
congressional,DORCHESTER - FOUR HOLE,1,0.000325338517
congressional,DORCHESTER - FOUR HOLE,6,0.999674661483
congressional,ORANGEBURG - FOUR HOLES,6,1.000000000000
congressional,HORRY - FOUR MILE,7,1.000000000000
congressional,GREENVILLE - FOX CHASE,4,1.000000000000
congressional,BERKELEY - FOXBANK,1,1.000000000000
congressional,RICHLAND - FRIARSGATE 1,2,1.000000000000
congressional,RICHLAND - FRIARSGATE 2,2,1.000000000000
congressional,FLORENCE - FRIENDFIELD,7,1.000000000000
congressional,ANDERSON - FRIENDSHIP,3,1.000000000000
congressional,BARNWELL - FRIENDSHIP,2,0.999999963054
congressional,BARNWELL - FRIENDSHIP,6,0.000000036946
congressional,MARION - FRIENDSHIP,7,1.000000000000
congressional,YORK - FRIENDSHIP,5,1.000000000000
congressional,GREENVILLE - FROHAWK,4,1.000000000000
congressional,SALUDA - FRUIT HILL,3,1.000000000000
congressional,PICKENS - FRUIT MOUNTAIN,3,1.000000000000
congressional,GREENVILLE - FURMAN,4,1.000000000000
congressional,HAMPTON - FURMAN,6,1.000000000000
congressional,SUMTER - FURMAN,5,0.999248654786
congressional,SUMTER - FURMAN,6,0.000751345214
congressional,SPARTANBURG - GABLE MIDDLE SCHOOL,4,1.000000000000
congressional,RICHLAND - GADSDEN,6,1.000000000000
congressional,CHEROKEE - GAFFNEY WARD NO. 1,5,1.000000000000
congressional,CHEROKEE - GAFFNEY WARD NO. 2,5,1.000000000000
congressional,CHEROKEE - GAFFNEY WARD NO. 3,5,1.000000000000
congressional,CHEROKEE - GAFFNEY WARD NO. 4,5,1.000000000000
congressional,CHEROKEE - GAFFNEY WARD NO. 5,5,1.000000000000
congressional,CHEROKEE - GAFFNEY WARD NO. 6,5,1.000000000000
congressional,HORRY - GALIVANTS FERRY,7,1.000000000000
congressional,HORRY - GARDEN CITY 1,7,1.000000000000
congressional,HORRY - GARDEN CITY 2,7,1.000000000000
congressional,HORRY - GARDEN CITY 3,7,1.000000000000
congressional,HORRY - GARDEN CITY 4,7,1.000000000000
congressional,LEXINGTON - GARDENDALE,2,1.000000000000
congressional,RICHLAND - GARNERS,2,0.000000113695
congressional,RICHLAND - GARNERS,5,0.000000130867
congressional,RICHLAND - GARNERS,6,0.999999755438
congressional,HAMPTON - GARNETT,6,1.000000000000
congressional,LEXINGTON - GASTON 2,2,1.000000000000
congressional,LEXINGTON - GASTON 1,2,0.999955118406
congressional,LEXINGTON - GASTON 1,6,0.000044881594
congressional,PICKENS - GEORGES CREEK,3,1.000000000000
congressional,GREENWOOD - GEORGETOWN,3,1.000000000000
congressional,GEORGETOWN - GEORGETOWN NO. 1,7,1.000000000000
congressional,GEORGETOWN - GEORGETOWN NO. 3,7,1.000000000000
congressional,GEORGETOWN - GEORGETOWN NO. 4,7,1.000000000000
congressional,GEORGETOWN - GEORGETOWN NO. 5,7,1.000000000000
congressional,DORCHESTER - GERMANTOWN,1,1.000000000000
congressional,GREENWOOD - GIDEONS WAY,3,1.000000000000
congressional,HAMPTON - GIFFORD,6,1.000000000000
congressional,FLORENCE - GILBERT,7,1.000000000000
congressional,LEXINGTON - GILBERT,2,1.000000000000
congressional,JASPER - GILLISONVILLE,6,1.000000000000
congressional,DORCHESTER - GIVHANS,1,0.398146442298
congressional,DORCHESTER - GIVHANS,6,0.601853557702
congressional,DORCHESTER - GIVHANS 2,1,0.867624581658
congressional,DORCHESTER - GIVHANS 2,6,0.132375418342
congressional,FAIRFIELD - GLADDEN GROVE,5,1.000000000000
congressional,PICKENS - GLASSY MOUNTAIN,3,1.000000000000
congressional,GREENWOOD - GLENDALE,3,1.000000000000
congressional,HORRY - GLENNS BAY,7,1.000000000000
congressional,ANDERSON - GLENVIEW,3,1.000000000000
congressional,ANDERSON - GLUCK MILL,3,1.000000000000
congressional,YORK - GOLD HILL,5,1.000000000000
congressional,CHEROKEE - GOUCHER AND THICKETTY,5,1.000000000000
congressional,BAMBERG - GOVAN,2,0.000003482558
congressional,BAMBERG - GOVAN,6,0.999996517442
congressional,GREENVILLE - GOWENSVILLE,4,1.000000000000
congressional,GREENWOOD - GRAHAMS GLEN,3,1.000000000000
congressional,JASPER - GRAHAMVILLE 1,6,1.000000000000
congressional,JASPER - GRAHAMVILLE 2,6,1.000000000000
congressional,SPARTANBURG - GRAMLING METHODIST,4,1.000000000000
congressional,GREENWOOD - GRANDIFLORA GLEN,3,1.000000000000
congressional,GREENVILLE - GRANITE CREEK,4,1.000000000000
congressional,CHESTERFIELD - GRANTS MILL,7,1.000000000000
congressional,CHEROKEE - GRASSY POND,5,1.000000000000
congressional,JASPER - GRAYS,6,1.000000000000
congressional,GREENVILLE - GRAZE BRANCH,3,0.003283733722
congressional,GREENVILLE - GRAZE BRANCH,4,0.996716266278
congressional,CHESTER - GREAT FALLS,5,1.000000000000
congressional,SPARTANBURG - GREATER ST. JAMES,4,1.000000000000
congressional,WILLIAMSBURG - GREELEYVILLE,1,0.000000066592
congressional,WILLIAMSBURG - GREELEYVILLE,6,0.999999933408
congressional,COLLETON - GREEN POND,1,0.998898862347
congressional,COLLETON - GREEN POND,6,0.001101137653
congressional,ANDERSON - GREEN POND STATION A,3,1.000000000000
congressional,HORRY - GREEN SEA,7,1.000000000000
congressional,SUMTER - GREEN SWAMP 1,5,1.000000000000
congressional,SUMTER - GREEN SWAMP 2,5,1.000000000000
congressional,GREENVILLE - GREENBRIAR,4,1.000000000000
congressional,FAIRFIELD - GREENBRIER,2,0.000580329819
congressional,FAIRFIELD - GREENBRIER,5,0.999419670181
congressional,DORCHESTER - GREENHURST,1,0.999995189731
congressional,DORCHESTER - GREENHURST,6,0.000004810269
congressional,RICHLAND - GREENVIEW,6,1.000000000000
congressional,GREENVILLE - GREENVILLE 1,4,1.000000000000
congressional,GREENVILLE - GREENVILLE 10,4,1.000000000000
congressional,GREENVILLE - GREENVILLE 14,4,1.000000000000
congressional,GREENVILLE - GREENVILLE 16,4,1.000000000000
congressional,GREENVILLE - GREENVILLE 17,4,1.000000000000
congressional,GREENVILLE - GREENVILLE 18,4,1.000000000000
congressional,GREENVILLE - GREENVILLE 19,4,1.000000000000
congressional,GREENVILLE - GREENVILLE 20,4,1.000000000000
congressional,GREENVILLE - GREENVILLE 21,4,1.000000000000
congressional,GREENVILLE - GREENVILLE 22,4,1.000000000000
congressional,GREENVILLE - GREENVILLE 23,4,1.000000000000
congressional,GREENVILLE - GREENVILLE 24,4,1.000000000000
congressional,GREENVILLE - GREENVILLE 25,4,1.000000000000
congressional,GREENVILLE - GREENVILLE 26,4,1.000000000000
congressional,GREENVILLE - GREENVILLE 27,4,1.000000000000
congressional,GREENVILLE - GREENVILLE 28,4,1.000000000000
congressional,GREENVILLE - GREENVILLE 29,4,1.000000000000
congressional,GREENVILLE - GREENVILLE 3,4,1.000000000000
congressional,GREENVILLE - GREENVILLE 4,4,1.000000000000
congressional,GREENVILLE - GREENVILLE 5,4,1.000000000000
congressional,GREENVILLE - GREENVILLE 6,4,1.000000000000
congressional,GREENVILLE - GREENVILLE 7,4,1.000000000000
congressional,GREENVILLE - GREENVILLE 8,4,1.000000000000
congressional,DORCHESTER - GREENWAVE,1,1.000000000000
congressional,FLORENCE - GREENWOOD,7,1.000000000000
congressional,GREENWOOD - GREENWOOD HIGH,3,1.000000000000
congressional,GREENWOOD - GREENWOOD MILL,3,1.000000000000
congressional,RICHLAND - GREGG PARK,2,1.000000000000
congressional,LEXINGTON - GRENADIER,2,1.000000000000
congressional,PICKENS - GRIFFIN,3,1.000000000000
congressional,GREENVILLE - GROVE,3,0.001544888232
congressional,GREENVILLE - GROVE,4,0.998455111768
congressional,DORCHESTER - GROVER,6,1.000000000000
congressional,ANDERSON - HALL,3,1.000000000000
congressional,ABBEVILLE - HALLS STORE,3,1.000000000000
congressional,CHESTER - HALSELLVILLE,5,1.000000000000
congressional,DILLON - HAMER,7,1.000000000000
congressional,ANDERSON - HAMMOND ANNEX,3,1.000000000000
congressional,ANDERSON - HAMMOND SCHOOL,3,1.000000000000
congressional,RICHLAND - HAMPTON,2,0.530625200309
congressional,RICHLAND - HAMPTON,6,0.469374799691
congressional,YORK - HAMPTON MILL,5,1.000000000000
congressional,HAMPTON - HAMPTON NO. 1,6,1.000000000000
congressional,HAMPTON - HAMPTON NO. 2,6,1.000000000000
congressional,SUMTER - HAMPTON PARK,6,1.000000000000
congressional,BERKELEY - HANAHAN 1,1,0.999694215520
congressional,BERKELEY - HANAHAN 1,6,0.000305784480
congressional,BERKELEY - HANAHAN 2,1,0.999999890215
congressional,BERKELEY - HANAHAN 2,6,0.000000109785
congressional,BERKELEY - HANAHAN 3,1,0.998942689297
congressional,BERKELEY - HANAHAN 3,6,0.001057310703
congressional,BERKELEY - HANAHAN 4,1,0.999914329870
congressional,BERKELEY - HANAHAN 4,6,0.000085670130
congressional,BERKELEY - HANAHAN 5,1,1.000000000000
congressional,YORK - HANDS MILL,5,1.000000000000
congressional,SPARTANBURG - HANGING ROCK,4,1.000000000000
congressional,FLORENCE - HANNAH,7,1.000000000000
congressional,RICHLAND - HARBISON 1,2,0.999999812193
congressional,RICHLAND - HARBISON 1,6,0.000000187807
congressional,RICHLAND - HARBISON 2,2,0.999998641585
congressional,RICHLAND - HARBISON 2,6,0.000001358415
congressional,BERKELEY - HARBOUR LAKE,1,1.000000000000
congressional,JASPER - HARDEEVILLE 3,6,1.000000000000
congressional,JASPER - HARDEEVILLE 1,6,1.000000000000
congressional,JASPER - HARDEEVILLE 2,6,1.000000000000
congressional,DORCHESTER - HARLEYVILLE,6,1.000000000000
congressional,EDGEFIELD - HARMONY,3,1.000000000000
congressional,WILLIAMSBURG - HARMONY,6,0.999999998883
congressional,WILLIAMSBURG - HARMONY,7,0.000000001117
congressional,GREENWOOD - HARRIS,3,1.000000000000
congressional,NEWBERRY - HARTFORD,3,1.000000000000
congressional,DARLINGTON - HARTSVILLE NO. 1,7,1.000000000000
congressional,DARLINGTON - HARTSVILLE NO. 4,7,1.000000000000
congressional,DARLINGTON - HARTSVILLE NO. 5,7,1.000000000000
congressional,DARLINGTON - HARTSVILLE NO. 6,7,1.000000000000
congressional,DARLINGTON - HARTSVILLE NO. 7,7,1.000000000000
congressional,DARLINGTON - HARTSVILLE NO. 8,7,1.000000000000
congressional,DARLINGTON - HARTSVILLE NO. 9,7,1.000000000000
congressional,YORK - HARVEST,5,1.000000000000
congressional,SPARTANBURG - HAYNE,4,1.000000000000
congressional,CHESTER - HAZELWOOD,5,1.000000000000
congressional,BARNWELL - HEALING SPRINGS,2,0.999999527419
congressional,BARNWELL - HEALING SPRINGS,6,0.000000472581
congressional,SPARTANBURG - HEARON CIRCLE,4,1.000000000000
congressional,WILLIAMSBURG - HEBRON,6,1.000000000000
congressional,NEWBERRY - HELENA,3,1.000000000000
congressional,WILLIAMSBURG - HEMINGWAY,6,0.999997116077
congressional,WILLIAMSBURG - HEMINGWAY,7,0.000002883923
congressional,COLLETON - HENDERSONVILLE,1,0.000017845082
congressional,COLLETON - HENDERSONVILLE,6,0.999982154918
congressional,SPARTANBURG - HENDRIX ELEMENTARY,4,1.000000000000
congressional,WILLIAMSBURG - HENRY-POPLAR HILL,6,0.999999995706
congressional,WILLIAMSBURG - HENRY-POPLAR HILL,7,0.000000004294
congressional,HORRY - HICKORY GROVE,7,1.000000000000
congressional,YORK - HICKORY GROVE,5,1.000000000000
congressional,LEE - HICKORY HILL,5,1.000000000000
congressional,FAIRFIELD - HICKORY RIDGE,5,1.000000000000
congressional,SALUDA - HIGGINS-ZOAR,3,1.000000000000
congressional,DARLINGTON - HIGH HILL,7,1.000000000000
congressional,FLORENCE - HIGH HILL,6,1.000000000000
congressional,ANDERSON - HIGH POINT,3,1.000000000000
congressional,YORK - HIGHLAND PARK,5,1.000000000000
congressional,BAMBERG - HIGHTOWERS MILL,2,0.000149395345
congressional,BAMBERG - HIGHTOWERS MILL,6,0.999850604655
congressional,BARNWELL - HILDA,2,0.999999773182
congressional,BARNWELL - HILDA,6,0.000000226818
congressional,GREENVILLE - HILLCREST,3,0.000435723271
congressional,GREENVILLE - HILLCREST,4,0.999564276729
congressional,SUMTER - HILLCREST,5,1.000000000000
congressional,BERKELEY - HILTON CROSS ROADS,1,0.999991681038
congressional,BERKELEY - HILTON CROSS ROADS,6,0.000008318962
congressional,KERSHAW - HOBKIRKS HILL,5,1.000000000000
congressional,GREENWOOD - HODGES,3,1.000000000000
congressional,YORK - HOLLIS LAKES,5,1.000000000000
congressional,LEXINGTON - HOLLOW CREEK,2,1.000000000000
congressional,SALUDA - HOLLY,2,0.000000044818
congressional,SALUDA - HOLLY,3,0.999999955182
congressional,CHEROKEE - HOLLY GROVE AND BUFFALO,5,1.000000000000
congressional,ORANGEBURG - HOLLY HILL 1,6,1.000000000000
congressional,ORANGEBURG - HOLLY HILL 2,6,1.000000000000
congressional,PICKENS - HOLLY SPRINGS,3,1.000000000000
congressional,SPARTANBURG - HOLLY SPRINGS BAPTIST,4,1.000000000000
congressional,SPARTANBURG - HOLLY SPRINGS MOTLOW,4,1.000000000000
congressional,GREENVILLE - HOLLY TREE,4,1.000000000000
congressional,SALUDA - HOLLYWOOD,3,1.000000000000
congressional,SALUDA - HOLSTONS,2,0.000011183385
congressional,SALUDA - HOLSTONS,3,0.999988816615
congressional,SPARTANBURG - HOLY COMMUNION,4,1.000000000000
congressional,ANDERSON - HOMELAND PARK,3,1.000000000000
congressional,HORRY - HOMEWOOD,7,1.000000000000
congressional,ANDERSON - HONEA PATH,3,1.000000000000
congressional,LEXINGTON - HOOKS STORE,2,1.000000000000
congressional,SPARTANBURG - HOPE,4,1.000000000000
congressional,GREENWOOD - HOPES FERRY,3,1.000000000000
congressional,ANDERSON - HOPEWELL,3,1.000000000000
congressional,HAMPTON - HOPEWELL,6,1.000000000000
congressional,YORK - HOPEWELL,5,1.000000000000
congressional,RICHLAND - HOPKINS 1,2,0.000000004835
congressional,RICHLAND - HOPKINS 1,6,0.999999995165
congressional,RICHLAND - HOPKINS 2,6,1.000000000000
congressional,SUMTER - HORATIO,5,0.999852248171
congressional,SUMTER - HORATIO,6,0.000147751829
congressional,FAIRFIELD - HOREB-GLENN,5,1.000000000000
congressional,RICHLAND - HORRELL HILL,2,0.000000015162
congressional,RICHLAND - HORRELL HILL,6,0.999999984838
congressional,HORRY - HORRY,7,1.000000000000
congressional,HAMPTON - HORSE GALL,6,1.000000000000
congressional,COLLETON - HORSE PEN,6,1.000000000000
congressional,BERKELEY - HORSESHOE,1,1.000000000000
congressional,BERKELEY - HOWE HALL 1,1,1.000000000000
congressional,BERKELEY - HOWE HALL 2,1,1.000000000000
congressional,COLLETON - HUDSON MILL,6,1.000000000000
congressional,BERKELEY - HUGER,1,1.000000000000
congressional,ANDERSON - HUNT MEADOWS,3,1.000000000000
congressional,BAMBERG - HUNTERS CHAPEL,6,1.000000000000
congressional,RICHLAND - HUNTING CREEK,6,1.000000000000
congressional,YORK - INDEPENDENCE,5,1.000000000000
congressional,YORK - INDIA HOOK,5,1.000000000000
congressional,DARLINGTON - INDIAN BRANCH,7,1.000000000000
congressional,DORCHESTER - INDIAN FIELD,6,1.000000000000
congressional,DORCHESTER - INDIAN FIELD 2,6,1.000000000000
congressional,WILLIAMSBURG - INDIANTOWN,6,1.000000000000
congressional,HORRY - INLAND,7,1.000000000000
congressional,SPARTANBURG - INMAN,4,1.000000000000
congressional,LEE - IONIA,5,1.000000000000
congressional,LEXINGTON - IRMO,2,1.000000000000
congressional,DORCHESTER - IRONGATE,1,1.000000000000
congressional,DORCHESTER - IRONGATE 2,1,1.000000000000
congressional,DORCHESTER - IRONGATE 3,1,1.000000000000
congressional,CHARLESTON - ISLE OF PALMS 1A,1,1.000000000000
congressional,CHARLESTON - ISLE OF PALMS 1B,1,1.000000000000
congressional,CHARLESTON - ISLE OF PALMS 1C,1,1.000000000000
congressional,PICKENS - ISSAQUEENA,3,1.000000000000
congressional,ANDERSON - IVA,3,1.000000000000
congressional,HORRY - JACKSON BLUFF,7,1.000000000000
congressional,ANDERSON - JACKSON MILL,3,1.000000000000
congressional,COLLETON - JACKSONBORO,1,0.001739428204
congressional,COLLETON - JACKSONBORO,6,0.998260571796
congressional,CHARLESTON - JAMES ISLAND 10,1,1.000000000000
congressional,CHARLESTON - JAMES ISLAND 11,1,1.000000000000
congressional,CHARLESTON - JAMES ISLAND 12,1,1.000000000000
congressional,CHARLESTON - JAMES ISLAND 13,1,1.000000000000
congressional,CHARLESTON - JAMES ISLAND 14,1,1.000000000000
congressional,CHARLESTON - JAMES ISLAND 15,1,1.000000000000
congressional,CHARLESTON - JAMES ISLAND 17,1,1.000000000000
congressional,CHARLESTON - JAMES ISLAND 19,1,1.000000000000
congressional,CHARLESTON - JAMES ISLAND 1A,1,1.000000000000
congressional,CHARLESTON - JAMES ISLAND 1B,1,1.000000000000
congressional,CHARLESTON - JAMES ISLAND 20,1,1.000000000000
congressional,CHARLESTON - JAMES ISLAND 22,1,0.999998687252
congressional,CHARLESTON - JAMES ISLAND 22,6,0.000001312748
congressional,CHARLESTON - JAMES ISLAND 3,1,1.000000000000
congressional,CHARLESTON - JAMES ISLAND 5A,1,1.000000000000
congressional,CHARLESTON - JAMES ISLAND 5B,1,1.000000000000
congressional,CHARLESTON - JAMES ISLAND 6,1,1.000000000000
congressional,CHARLESTON - JAMES ISLAND 7,1,1.000000000000
congressional,CHARLESTON - JAMES ISLAND 8A,1,1.000000000000
congressional,CHARLESTON - JAMES ISLAND 8B,1,1.000000000000
congressional,CHARLESTON - JAMES ISLAND 9,1,1.000000000000
congressional,BERKELEY - JAMESTOWN,1,1.000000000000
congressional,HORRY - JAMESTOWN,7,1.000000000000
congressional,ORANGEBURG - JAMISON,6,1.000000000000
congressional,CHESTERFIELD - JEFFERSON,5,0.000364946494
congressional,CHESTERFIELD - JEFFERSON,7,0.999635053506
congressional,FAIRFIELD - JENKINSVILLE,2,0.000454744953
congressional,FAIRFIELD - JENKINSVILLE,3,0.000018521593
congressional,FAIRFIELD - JENKINSVILLE,5,0.999526733454
congressional,GREENVILLE - JENNINGS MILL,3,0.000681834655
congressional,GREENVILLE - JENNINGS MILL,4,0.999318165345
congressional,HORRY - JERNIGANS X ROADS,7,1.000000000000
congressional,SPARTANBURG - JESSE BOBO ELEMENTARY,4,1.000000000000
congressional,SPARTANBURG - JESSE BOYD ELEMENTARY,4,1.000000000000
congressional,HORRY - JET PORT 1,7,1.000000000000
congressional,HORRY - JET PORT 2,7,1.000000000000
congressional,HORRY - JET PORT 3,7,1.000000000000
congressional,HORRY - JET PORT 4,7,1.000000000000
congressional,CHARLESTON - JOHNS ISLAND 1A,1,0.999999727461
congressional,CHARLESTON - JOHNS ISLAND 1A,6,0.000000272539
congressional,CHARLESTON - JOHNS ISLAND 1B,1,0.999999984450
congressional,CHARLESTON - JOHNS ISLAND 1B,6,0.000000015550
congressional,CHARLESTON - JOHNS ISLAND 2,1,0.999999990075
congressional,CHARLESTON - JOHNS ISLAND 2,6,0.000000009925
congressional,CHARLESTON - JOHNS ISLAND 3A,1,1.000000000000
congressional,CHARLESTON - JOHNS ISLAND 3B,1,1.000000000000
congressional,CHARLESTON - JOHNS ISLAND 4,1,1.000000000000
congressional,FLORENCE - JOHNSONVILLE,6,0.000102282831
congressional,FLORENCE - JOHNSONVILLE,7,0.999897717169
congressional,EDGEFIELD - JOHNSTON NO. 2,3,1.000000000000
congressional,EDGEFIELD - JOHNSTON NO. 1,3,1.000000000000
congressional,NEWBERRY - JOHNSTONE,3,1.000000000000
congressional,UNION - JONESVILLE BOX 1,4,0.000028043744
congressional,UNION - JONESVILLE BOX 1,5,0.999971956256
congressional,UNION - JONESVILLE BOX 2,5,1.000000000000
congressional,HORRY - JUNIPER BAY,7,1.000000000000
congressional,YORK - KANAWHA,5,1.000000000000
congressional,BAMBERG - KEARSE,6,1.000000000000
congressional,RICHLAND - KEELS 1,2,0.000216920300
congressional,RICHLAND - KEELS 1,6,0.999783079700
congressional,RICHLAND - KEELS 2,6,1.000000000000
congressional,RICHLAND - KEENAN,6,1.000000000000
congressional,DARLINGTON - KELLEYTOWN,5,0.000005638089
congressional,DARLINGTON - KELLEYTOWN,7,0.999994361911
congressional,RICHLAND - KELLY MILL,2,0.999999997763
congressional,RICHLAND - KELLY MILL,5,0.000000002237
congressional,UNION - KELTON,5,1.000000000000
congressional,DILLON - KEMPER,7,1.000000000000
congressional,GEORGETOWN - KENSINGTON,7,1.000000000000
congressional,ABBEVILLE - KEOWEE,3,1.000000000000
congressional,CHARLESTON - KIAWAH ISLAND,1,1.000000000000
congressional,GREENVILLE - KILGORE FARMS,3,0.000267229259
congressional,GREENVILLE - KILGORE FARMS,4,0.999732770741
congressional,RICHLAND - KILLIAN,2,0.000002532738
congressional,RICHLAND - KILLIAN,6,0.999997467262
congressional,NEWBERRY - KINARDS-JALAPA,3,1.000000000000
congressional,DORCHESTER - KINGS GRANT,1,0.997246383503
congressional,DORCHESTER - KINGS GRANT,6,0.002753616497
congressional,DORCHESTER - KINGS GRANT 2,1,0.997881875699
congressional,DORCHESTER - KINGS GRANT 2,6,0.002118124301
congressional,FLORENCE - KINGSBURG-STONE,7,1.000000000000
congressional,WILLIAMSBURG - KINGSTREE NO. 1,6,1.000000000000
congressional,WILLIAMSBURG - KINGSTREE NO. 2,6,1.000000000000
congressional,WILLIAMSBURG - KINGSTREE NO. 3,6,1.000000000000
congressional,WILLIAMSBURG - KINGSTREE NO. 4,6,1.000000000000
congressional,RICHLAND - KINGSWOOD,6,1.000000000000
congressional,LEXINGTON - KITTI WAKE,2,1.000000000000
congressional,BARNWELL - KLINE,2,0.999997544565
congressional,BARNWELL - KLINE,6,0.000002455435
congressional,DORCHESTER - KNIGHTSVILLE,1,1.000000000000
congressional,GREENWOOD - LACO,3,1.000000000000
congressional,CHARLESTON - LADSON,1,0.000001358940
congressional,CHARLESTON - LADSON,6,0.999998641060
congressional,ANDERSON - LAFRANCE,3,1.000000000000
congressional,SPARTANBURG - LAKE BOWEN BAPTIST,5,1.000000000000
congressional,RICHLAND - LAKE CAROLINA,2,0.999999995805
congressional,RICHLAND - LAKE CAROLINA,5,0.000000004195
congressional,FLORENCE - LAKE CITY NO. 1,6,1.000000000000
congressional,FLORENCE - LAKE CITY NO. 2,6,1.000000000000
congressional,FLORENCE - LAKE CITY NO. 3,6,0.999706159709
congressional,FLORENCE - LAKE CITY NO. 3,7,0.000293840291
congressional,FLORENCE - LAKE CITY NO. 4,6,1.000000000000
congressional,SPARTANBURG - LAKE COOLEY,4,1.000000000000
congressional,LEXINGTON - LAKE MURRAY 2,2,1.000000000000
congressional,LEXINGTON - LAKE MURRAY 1,2,1.000000000000
congressional,HORRY - LAKE PARK 1,7,1.000000000000
congressional,HORRY - LAKE PARK 2,7,1.000000000000
congressional,HORRY - LAKE PARK 3,7,1.000000000000
congressional,DARLINGTON - LAKE SWAMP,7,1.000000000000
congressional,DILLON - LAKE VIEW,7,1.000000000000
congressional,YORK - LAKESHORE,5,1.000000000000
congressional,ANDERSON - LAKESIDE,3,1.000000000000
congressional,GREENVILLE - LAKEVIEW,4,1.000000000000
congressional,YORK - LAKEWOOD,5,1.000000000000
congressional,DARLINGTON - LAMAR NO. 1,5,0.000010641915
congressional,DARLINGTON - LAMAR NO. 1,7,0.999989358085
congressional,DARLINGTON - LAMAR NO. 2,5,0.000008008403
congressional,DARLINGTON - LAMAR NO. 2,7,0.999991991597
congressional,GEORGETOWN - LAMBERT TOWN,1,0.000000216628
congressional,GEORGETOWN - LAMBERT TOWN,6,0.000000048986
congressional,GEORGETOWN - LAMBERT TOWN,7,0.999999734386
congressional,CHESTER - LANDOLANDSFORD,5,1.000000000000
congressional,SPARTANBURG - LANDRUM,4,1.000000000000
congressional,SPARTANBURG - LANDRUM HIGH SCHOOL,4,1.000000000000
congressional,SPARTANBURG - LANDRUM UNITED METHODIST,4,1.000000000000
congressional,WILLIAMSBURG - LANE,1,0.000000007674
congressional,WILLIAMSBURG - LANE,6,0.999999992326
congressional,YORK - LARNE,5,1.000000000000
congressional,DILLON - LATTA,7,1.000000000000
congressional,YORK - LAUREL CREEK,5,1.000000000000
congressional,GREENVILLE - LAUREL RIDGE,4,1.000000000000
congressional,PICKENS - LAWRENCE CHAPEL,3,1.000000000000
congressional,LEXINGTON - LEAPHART ROAD,2,1.000000000000
congressional,GREENVILLE - LEAWOOD,4,1.000000000000
congressional,ABBEVILLE - LEBANON,3,1.000000000000
congressional,BERKELEY - LEBANON,1,0.999974990165
congressional,BERKELEY - LEBANON,6,0.000025009835
congressional,FAIRFIELD - LEBANON,5,1.000000000000
congressional,LEXINGTON - LEESVILLE,2,1.000000000000
congressional,SUMTER - LEMIRA,6,1.000000000000
congressional,PICKENS - LENHARDT,3,1.000000000000
congressional,FLORENCE - LEO,6,1.000000000000
congressional,HORRY - LEON,7,1.000000000000
congressional,YORK - LESSLIE,5,1.000000000000
congressional,JASPER - LEVY,6,1.000000000000
congressional,LEXINGTON - LEXINGTON NO. 1,2,1.000000000000
congressional,LEXINGTON - LEXINGTON NO. 2,2,1.000000000000
congressional,LEXINGTON - LEXINGTON NO. 3,2,1.000000000000
congressional,LEXINGTON - LEXINGTON NO. 4,2,1.000000000000
congressional,GREENWOOD - LIBERTY,3,1.000000000000
congressional,BERKELEY - LIBERTY HALL,1,1.000000000000
congressional,KERSHAW - LIBERTY HILL,5,1.000000000000
congressional,ORANGEBURG - LIMESTONE 1,2,1.000000000000
congressional,ORANGEBURG - LIMESTONE 2,2,0.999999996153
congressional,ORANGEBURG - LIMESTONE 2,6,0.000000003847
congressional,CHEROKEE - LIMESTONE MILL,5,1.000000000000
congressional,DORCHESTER - LINCOLN,1,0.194857183320
congressional,DORCHESTER - LINCOLN,6,0.805142816680
congressional,RICHLAND - LINCOLNSHIRE,2,0.000008053672
congressional,RICHLAND - LINCOLNSHIRE,6,0.999991946328
congressional,CHARLESTON - LINCOLNVILLE,1,0.000984071538
congressional,CHARLESTON - LINCOLNVILLE,6,0.999015928462
congressional,LEXINGTON - LINCREEK,2,1.000000000000
congressional,NEWBERRY - LITTLE MOUNTAIN,2,0.000000064029
congressional,NEWBERRY - LITTLE MOUNTAIN,3,0.999999935971
congressional,HORRY - LITTLE RIVER 1,7,1.000000000000
congressional,HORRY - LITTLE RIVER 2,7,1.000000000000
congressional,HORRY - LITTLE RIVER 3,7,1.000000000000
congressional,DILLON - LITTLE ROCK,7,1.000000000000
congressional,BAMBERG - LITTLE SWAMP,6,1.000000000000
congressional,CHEROKEE - LITTLEJOHNS AND SARRATTS,5,1.000000000000
congressional,BERKELEY - LIVE OAK,1,1.000000000000
congressional,HORRY - LIVE OAK,7,1.000000000000
congressional,GREENWOOD - LIVIS KNOLL,3,1.000000000000
congressional,GREENWOOD - LOBLOLLY PINES,3,1.000000000000
congressional,UNION - LOCKHART,5,1.000000000000
congressional,GREENVILLE - LOCUST HILL,4,1.000000000000
congressional,CALHOUN - LONE STAR,5,0.000000000067
congressional,CALHOUN - LONE STAR,6,0.999999999933
congressional,GREENVILLE - LONG CREEK,3,0.999971188538
congressional,GREENVILLE - LONG CREEK,4,0.000028811462
congressional,RICHLAND - LONGCREEK,2,0.999999953550
congressional,RICHLAND - LONGCREEK,6,0.000000046450
congressional,RICHLAND - LONGLEAF,2,0.000000139931
congressional,RICHLAND - LONGLEAF,6,0.999999860069
congressional,SUMTER - LORING,5,0.003992480339
congressional,SUMTER - LORING,6,0.996007519661
congressional,GREENWOOD - LOWER LAKE,3,1.000000000000
congressional,ABBEVILLE - LOWNDESVILLE,3,1.000000000000
congressional,CHESTER - LOWRYS,5,1.000000000000
congressional,KERSHAW - LUGOFF NO. 1,5,1.000000000000
congressional,KERSHAW - LUGOFF NO. 2,5,1.000000000000
congressional,KERSHAW - LUGOFF NO. 3,5,1.000000000000
congressional,KERSHAW - LUGOFF NO. 4,5,1.000000000000
congressional,DARLINGTON - LYDIA,5,0.000000162875
congressional,DARLINGTON - LYDIA,7,0.999999837125
congressional,RICHLAND - LYKESLAND,6,1.000000000000
congressional,SPARTANBURG - LYMAN,4,1.000000000000
congressional,SPARTANBURG - LYMAN ELEMENTARY,4,1.000000000000
congressional,LEE - LYNCHBURG,5,0.999992974397
congressional,LEE - LYNCHBURG,7,0.000007025603
congressional,BERKELEY - MACEDONIA,1,1.000000000000
congressional,CHEROKEE - MACEDONIA,5,1.000000000000
congressional,BERKELEY - MACEDONIA 2,1,1.000000000000
congressional,LEXINGTON - MACK-EDISTO,2,1.000000000000
congressional,SUMTER - MAGNOLIA-HARMONY,5,0.003702916945
congressional,SUMTER - MAGNOLIA-HARMONY,6,0.996297083055
congressional,RICHLAND - MALLET HILL,2,1.000000000000
congressional,KERSHAW - MALVERN HILL,5,1.000000000000
congressional,YORK - MANCHESTER,5,1.000000000000
congressional,SUMTER - MANCHESTER FOREST,5,0.999994013647
congressional,SUMTER - MANCHESTER FOREST,6,0.000005986353
congressional,DILLON - MANNING,7,1.000000000000
congressional,LEE - MANVILLE,5,1.000000000000
congressional,HORRY - MAPLE,7,1.000000000000
congressional,COLLETON - MAPLE CANE,1,0.000000036323
congressional,COLLETON - MAPLE CANE,6,0.999999963677
congressional,GREENVILLE - MAPLE CREEK,4,1.000000000000
congressional,JASPER - MARGARITAVILLE,6,1.000000000000
congressional,GREENVILLE - MARIDELL,4,1.000000000000
congressional,MARION - MARION NO. 1,7,1.000000000000
congressional,MARION - MARION NO. 2,7,1.000000000000
congressional,MARION - MARION NORTH,7,1.000000000000
congressional,MARION - MARION SOUTH,7,1.000000000000
congressional,MARION - MARION WEST,7,1.000000000000
congressional,HORRY - MARLOWE 1,7,1.000000000000
congressional,HORRY - MARLOWE 2,7,1.000000000000
congressional,HORRY - MARLOWE 3,7,1.000000000000
congressional,FLORENCE - MARS BLUFF NO. 1,7,1.000000000000
congressional,FLORENCE - MARS BLUFF NO. 2,7,1.000000000000
congressional,GREENWOOD - MARSHALL OAKS,3,1.000000000000
congressional,ALLENDALE - MARTIN,2,0.000000000528
congressional,ALLENDALE - MARTIN,6,0.999999999472
congressional,COLLETON - MASHAWVILLE,6,1.000000000000
congressional,GREENVILLE - MAULDIN 1,4,1.000000000000
congressional,GREENVILLE - MAULDIN 2,4,1.000000000000
congressional,GREENVILLE - MAULDIN 3,4,1.000000000000
congressional,GREENVILLE - MAULDIN 4,4,1.000000000000
congressional,GREENVILLE - MAULDIN 5,4,1.000000000000
congressional,GREENVILLE - MAULDIN 6,4,1.000000000000
congressional,GREENVILLE - MAULDIN 7,4,1.000000000000
congressional,GREENWOOD - MAXWELLTON PIKE,3,1.000000000000
congressional,NEWBERRY - MAYBINTON,3,1.000000000000
congressional,SUMTER - MAYESVILLE,5,0.000006523774
congressional,SUMTER - MAYESVILLE,6,0.999993476226
congressional,SUMTER - MAYEWOOD,6,1.000000000000
congressional,SPARTANBURG - MAYO ELEMENTARY,5,1.000000000000
congressional,PICKENS - MCALISTER,3,1.000000000000
congressional,FLORENCE - MCALLISTER MILL,6,0.000054490494
congressional,FLORENCE - MCALLISTER MILL,7,0.999945509506
congressional,CHESTERFIELD - MCBEE,5,0.001383669636
congressional,CHESTERFIELD - MCBEE,7,0.998616330364
congressional,BERKELEY - MCBETH,1,1.000000000000
congressional,CHARLESTON - MCCLELLANVILLE,1,0.999999947673
congressional,CHARLESTON - MCCLELLANVILLE,7,0.000000052327
congressional,MARLBORO - MCCOLL,7,1.000000000000
congressional,YORK - MCCONNELLS,5,1.000000000000
congressional,MCCORMICK - MCCORMICK NO. 1,3,1.000000000000
congressional,MCCORMICK - MCCORMICK NO. 2,3,1.000000000000
congressional,SPARTANBURG - MCCRACKEN MIDDLE SCHOOL,4,1.000000000000
congressional,SUMTER - MCCRAYS MILL 1,5,1.000000000000
congressional,SUMTER - MCCRAYS MILL 2,5,1.000000000000
congressional,RICHLAND - MCENTIRE,6,1.000000000000
congressional,PICKENS - MCKISSICK,3,1.000000000000
congressional,RICHLAND - MEADOWFIELD,2,1.000000000000
congressional,RICHLAND - MEADOWLAKE,6,1.000000000000
congressional,DARLINGTON - MECHANICSVILLE,7,1.000000000000
congressional,BERKELEY - MEDWAY,1,1.000000000000
congressional,ANDERSON - MELTON,3,1.000000000000
congressional,EDGEFIELD - MERRIWETHER NO. 2,2,0.000450477584
congressional,EDGEFIELD - MERRIWETHER NO. 2,3,0.999549522416
congressional,EDGEFIELD - MERRIWETHER NO. 1,2,0.002039673074
congressional,EDGEFIELD - MERRIWETHER NO. 1,3,0.997960326926
congressional,HORRY - METHODIST-MILL SWAMP,7,1.000000000000
congressional,CHESTERFIELD - MIDDENDORF,7,1.000000000000
congressional,SPARTANBURG - MIDDLE TYGER,4,1.000000000000
congressional,CALHOUN - MIDWAY,6,1.000000000000
congressional,LEXINGTON - MIDWAY,2,1.000000000000
congressional,RICHLAND - MIDWAY,2,0.999987065894
congressional,RICHLAND - MIDWAY,6,0.000012934106
congressional,DORCHESTER - MILESJAMISON,1,0.998409577175
congressional,DORCHESTER - MILESJAMISON,6,0.001590422825
congressional,FLORENCE - MILL BRANCH,7,1.000000000000
congressional,RICHLAND - MILL CREEK,6,1.000000000000
congressional,YORK - MILL CREEK,5,1.000000000000
congressional,SUMTER - MILLWOOD,5,1.000000000000
congressional,GREENWOOD - MIMOSA CREST,3,1.000000000000
congressional,LEXINGTON - MIMS,2,0.999999997621
congressional,LEXINGTON - MIMS,3,0.000000002379
congressional,DILLON - MINTURN,7,1.000000000000
congressional,GREENVILLE - MISSION,4,1.000000000000
congressional,FAIRFIELD - MITFORD,5,1.000000000000
congressional,MCCORMICK - MODOC,3,1.000000000000
congressional,UNION - MONARCH BOX 1,5,1.000000000000
congressional,GREENVILLE - MONAVIEW,4,1.000000000000
congressional,BERKELEY - MONCKS CORNER 1,1,1.000000000000
congressional,BERKELEY - MONCKS CORNER 2,1,1.000000000000
congressional,BERKELEY - MONCKS CORNER 3,1,1.000000000000
congressional,BERKELEY - MONCKS CORNER 4,1,1.000000000000
congressional,FAIRFIELD - MONTICELLO,3,0.000000677098
congressional,FAIRFIELD - MONTICELLO,5,0.999999322902
congressional,MCCORMICK - MONTICELLO,3,1.000000000000
congressional,RICHLAND - MONTICELLO,2,0.999912229194
congressional,RICHLAND - MONTICELLO,5,0.000000000513
congressional,RICHLAND - MONTICELLO,6,0.000087770293
congressional,GREENVILLE - MOORE CREEK,3,0.000615608669
congressional,GREENVILLE - MOORE CREEK,4,0.999384391331
congressional,SPARTANBURG - MOORE DUNCAN,4,1.000000000000
congressional,CHEROKEE - MORGAN,5,1.000000000000
congressional,SPARTANBURG - MORNINGSIDE,4,1.000000000000
congressional,SUMTER - MORRIS COLLEGE,5,0.004019674370
congressional,SUMTER - MORRIS COLLEGE,6,0.995980325630
congressional,PICKENS - MORRISON,3,1.000000000000
congressional,WILLIAMSBURG - MORRISVILLE,6,0.999999885899
congressional,WILLIAMSBURG - MORRISVILLE,7,0.000000114101
congressional,SPARTANBURG - MOTLOW CREEK BAPTIST,4,1.000000000000
congressional,BERKELEY - MOULTRIE,1,1.000000000000
congressional,LEXINGTON - MOUNT HOREB,2,1.000000000000
congressional,ANDERSON - MOUNT TABOR,3,1.000000000000
congressional,WILLIAMSBURG - MOUNT VERNON,6,1.000000000000
congressional,ANDERSON - MOUNTAIN CREEK,3,1.000000000000
congressional,GREENVILLE - MOUNTAIN CREEK,4,1.000000000000
congressional,GREENWOOD - MOUNTAIN LAUREL,3,1.000000000000
congressional,GREENVILLE - MOUNTAIN VIEW,4,1.000000000000
congressional,PICKENS - MOUNTAIN VIEW,3,1.000000000000
congressional,YORK - MOUNTAIN VIEW,5,1.000000000000
congressional,SPARTANBURG - MT CALVARY PRESBYTERIAN,4,1.000000000000
congressional,HORRY - MT OLIVE,7,1.000000000000
congressional,GREENVILLE - MT PLEASANT,4,1.000000000000
congressional,HORRY - MT VERNON,7,1.000000000000
congressional,ANDERSON - MT. AIRY,3,1.000000000000
congressional,NEWBERRY - MT. BETHEL-GARMANY,3,1.000000000000
congressional,DILLON - MT. CALVARY,7,1.000000000000
congressional,MCCORMICK - MT. CARMEL,3,1.000000000000
congressional,LEE - MT. CLIO,5,0.999997442874
congressional,LEE - MT. CLIO,7,0.000002557126
congressional,CHESTERFIELD - MT. CROGHAN,7,1.000000000000
congressional,YORK - MT. GALLANT,5,1.000000000000
congressional,LEXINGTON - MT. HEBRON,2,1.000000000000
congressional,YORK - MT. HOLLY,5,1.000000000000
congressional,SPARTANBURG - MT. MORIAH BAPTIST,4,1.000000000000
congressional,CHARLESTON - MT. PLEASANT 1,1,1.000000000000
congressional,CHARLESTON - MT. PLEASANT 10,1,1.000000000000
congressional,CHARLESTON - MT. PLEASANT 11,1,1.000000000000
congressional,CHARLESTON - MT. PLEASANT 12,1,1.000000000000
congressional,CHARLESTON - MT. PLEASANT 13,1,1.000000000000
congressional,CHARLESTON - MT. PLEASANT 14,1,1.000000000000
congressional,CHARLESTON - MT. PLEASANT 15,1,1.000000000000
congressional,CHARLESTON - MT. PLEASANT 16,1,1.000000000000
congressional,CHARLESTON - MT. PLEASANT 17,1,1.000000000000
congressional,CHARLESTON - MT. PLEASANT 18,1,1.000000000000
congressional,CHARLESTON - MT. PLEASANT 19,1,1.000000000000
congressional,CHARLESTON - MT. PLEASANT 2,1,1.000000000000
congressional,CHARLESTON - MT. PLEASANT 20,1,1.000000000000
congressional,CHARLESTON - MT. PLEASANT 21,1,1.000000000000
congressional,CHARLESTON - MT. PLEASANT 22,1,1.000000000000
congressional,CHARLESTON - MT. PLEASANT 23,1,1.000000000000
congressional,CHARLESTON - MT. PLEASANT 24,1,1.000000000000
congressional,CHARLESTON - MT. PLEASANT 25,1,1.000000000000
congressional,CHARLESTON - MT. PLEASANT 26,1,1.000000000000
congressional,CHARLESTON - MT. PLEASANT 27,1,1.000000000000
congressional,CHARLESTON - MT. PLEASANT 28,1,1.000000000000
congressional,CHARLESTON - MT. PLEASANT 29,1,1.000000000000
congressional,CHARLESTON - MT. PLEASANT 3,1,1.000000000000
congressional,CHARLESTON - MT. PLEASANT 30,1,1.000000000000
congressional,CHARLESTON - MT. PLEASANT 31,1,1.000000000000
congressional,CHARLESTON - MT. PLEASANT 32,1,1.000000000000
congressional,CHARLESTON - MT. PLEASANT 33,1,1.000000000000
congressional,CHARLESTON - MT. PLEASANT 34,1,1.000000000000
congressional,CHARLESTON - MT. PLEASANT 35,1,1.000000000000
congressional,CHARLESTON - MT. PLEASANT 36,1,1.000000000000
congressional,CHARLESTON - MT. PLEASANT 37,1,1.000000000000
congressional,CHARLESTON - MT. PLEASANT 38,1,1.000000000000
congressional,CHARLESTON - MT. PLEASANT 39,1,1.000000000000
congressional,CHARLESTON - MT. PLEASANT 4,1,1.000000000000
congressional,CHARLESTON - MT. PLEASANT 5,1,1.000000000000
congressional,CHARLESTON - MT. PLEASANT 6,1,1.000000000000
congressional,CHARLESTON - MT. PLEASANT 7,1,1.000000000000
congressional,CHARLESTON - MT. PLEASANT 8,1,1.000000000000
congressional,CHARLESTON - MT. PLEASANT 9,1,1.000000000000
congressional,WILLIAMSBURG - MUDDY CREEK,6,0.999973652624
congressional,WILLIAMSBURG - MUDDY CREEK,7,0.000026347376
congressional,SUMTER - MULBERRY,5,0.999700043012
congressional,SUMTER - MULBERRY,6,0.000299956988
congressional,CALHOUN - MURPH MILL,6,1.000000000000
congressional,LEXINGTON - MURRAYWOOD,2,1.000000000000
congressional,GEORGETOWN - MURRELLS INLET NO. 1,7,1.000000000000
congressional,GEORGETOWN - MURRELLS INLET NO. 2,7,1.000000000000
congressional,GEORGETOWN - MURRELLS INLET NO. 3,7,1.000000000000
congressional,GEORGETOWN - MURRELLS INLET NO. 4,7,1.000000000000
congressional,CHEROKEE - MUSGROVE MILL,5,1.000000000000
congressional,GEORGETOWN - MYERSVILLE,7,1.000000000000
congressional,HORRY - MYRTLE TRACE,7,1.000000000000
congressional,HORRY - MYRTLEWOOD 1,7,1.000000000000
congressional,HORRY - MYRTLEWOOD 2,7,1.000000000000
congressional,HORRY - MYRTLEWOOD 3,7,1.000000000000
congressional,MARLBORO - N BENNETTSVILLE,7,1.000000000000
congressional,MARION - N EAST MULLINS,7,1.000000000000
congressional,MARION - N WEST MULLINS,7,1.000000000000
congressional,YORK - NATION FORD,5,1.000000000000
congressional,ANDERSON - NEALS CREEK,3,1.000000000000
congressional,GREENVILLE - NEELY FARMS,3,0.999877423744
congressional,GREENVILLE - NEELY FARMS,4,0.000122576256
congressional,YORK - NEELYS CREEK,5,1.000000000000
congressional,ORANGEBURG - NEESES-LIVINGSTON,2,1.000000000000
congressional,WILLIAMSBURG - NESMITH,6,1.000000000000
congressional,GREENWOOD - NEW CASTLE,3,1.000000000000
congressional,DILLON - NEW HOLLY,7,1.000000000000
congressional,YORK - NEW HOME,5,1.000000000000
congressional,FAIRFIELD - NEW HOPE,5,1.000000000000
congressional,DARLINGTON - NEW MARKET,7,1.000000000000
congressional,GREENWOOD - NEW MARKET,3,1.000000000000
congressional,SPARTANBURG - NEW PROSPECT,5,1.000000000000
congressional,NEWBERRY - NEWBERRY WARD 1,3,1.000000000000
congressional,NEWBERRY - NEWBERRY WARD 2,3,1.000000000000
congressional,NEWBERRY - NEWBERRY WARD 3,3,1.000000000000
congressional,NEWBERRY - NEWBERRY WARD 4,3,1.000000000000
congressional,NEWBERRY - NEWBERRY WARD 5,3,1.000000000000
congressional,NEWBERRY - NEWBERRY WARD 6,3,1.000000000000
congressional,DORCHESTER - NEWINGTON,1,1.000000000000
congressional,DORCHESTER - NEWINGTON 2,1,1.000000000000
congressional,YORK - NEWPORT,5,1.000000000000
congressional,BERKELEY - NEXTON,1,1.000000000000
congressional,MARION - NICHOLS,7,1.000000000000
congressional,PICKENS - NINE FORKS,3,0.996953425382
congressional,PICKENS - NINE FORKS,4,0.003046574618
congressional,CHEROKEE - NINETY NINE AND CHEROKEE FALLS,5,1.000000000000
congressional,GREENWOOD - NINETY SIX,3,1.000000000000
congressional,GREENWOOD - NINETY SIX MILL,3,1.000000000000
congressional,ORANGEBURG - NIX,6,1.000000000000
congressional,HORRY - NIXONS X ROADS 1,7,1.000000000000
congressional,HORRY - NIXONS X ROADS 2,7,1.000000000000
congressional,HORRY - NIXONS X ROADS 3,7,1.000000000000
congressional,PICKENS - NORRIS,3,1.000000000000
congressional,ORANGEBURG - NORTH 1,2,1.000000000000
congressional,ORANGEBURG - NORTH 2,2,1.000000000000
congressional,BAMBERG - NORTH BAMBERG,2,0.002262820582
congressional,BAMBERG - NORTH BAMBERG,6,0.997737179418
congressional,PICKENS - NORTH CENTRAL,3,1.000000000000
congressional,CHARLESTON - NORTH CHARLESTON 1,6,1.000000000000
congressional,CHARLESTON - NORTH CHARLESTON 10,1,0.000242962378
congressional,CHARLESTON - NORTH CHARLESTON 10,6,0.999757037622
congressional,CHARLESTON - NORTH CHARLESTON 11,6,1.000000000000
congressional,CHARLESTON - NORTH CHARLESTON 12,6,1.000000000000
congressional,CHARLESTON - NORTH CHARLESTON 13,6,1.000000000000
congressional,CHARLESTON - NORTH CHARLESTON 14,6,1.000000000000
congressional,CHARLESTON - NORTH CHARLESTON 15,6,1.000000000000
congressional,CHARLESTON - NORTH CHARLESTON 16,6,1.000000000000
congressional,CHARLESTON - NORTH CHARLESTON 17,6,1.000000000000
congressional,CHARLESTON - NORTH CHARLESTON 18,6,1.000000000000
congressional,CHARLESTON - NORTH CHARLESTON 19,6,1.000000000000
congressional,CHARLESTON - NORTH CHARLESTON 2,6,1.000000000000
congressional,CHARLESTON - NORTH CHARLESTON 20,6,1.000000000000
congressional,CHARLESTON - NORTH CHARLESTON 21,6,1.000000000000
congressional,CHARLESTON - NORTH CHARLESTON 22,6,1.000000000000
congressional,CHARLESTON - NORTH CHARLESTON 23,6,1.000000000000
congressional,CHARLESTON - NORTH CHARLESTON 24,6,1.000000000000
congressional,CHARLESTON - NORTH CHARLESTON 25,6,1.000000000000
congressional,CHARLESTON - NORTH CHARLESTON 26,6,1.000000000000
congressional,CHARLESTON - NORTH CHARLESTON 27,6,1.000000000000
congressional,CHARLESTON - NORTH CHARLESTON 28,1,0.000008897343
congressional,CHARLESTON - NORTH CHARLESTON 28,6,0.999991102657
congressional,CHARLESTON - NORTH CHARLESTON 29,6,1.000000000000
congressional,CHARLESTON - NORTH CHARLESTON 3,6,1.000000000000
congressional,CHARLESTON - NORTH CHARLESTON 30,6,1.000000000000
congressional,CHARLESTON - NORTH CHARLESTON 4,6,1.000000000000
congressional,CHARLESTON - NORTH CHARLESTON 5,6,1.000000000000
congressional,CHARLESTON - NORTH CHARLESTON 6,6,1.000000000000
congressional,CHARLESTON - NORTH CHARLESTON 7,6,1.000000000000
congressional,CHARLESTON - NORTH CHARLESTON 8,1,0.007023632933
congressional,CHARLESTON - NORTH CHARLESTON 8,6,0.992976367067
congressional,CHARLESTON - NORTH CHARLESTON 9,1,0.011285556237
congressional,CHARLESTON - NORTH CHARLESTON 9,6,0.988714443763
congressional,HORRY - NORTH CONWAY 1,7,1.000000000000
congressional,HORRY - NORTH CONWAY 2,7,1.000000000000
congressional,BERKELEY - NORTH CREEK,1,1.000000000000
congressional,RICHLAND - NORTH FOREST ACRES,2,0.999679096930
congressional,RICHLAND - NORTH FOREST ACRES,6,0.000320903070
congressional,PICKENS - NORTH LIBERTY,3,1.000000000000
congressional,PICKENS - NORTH PICKENS,3,1.000000000000
congressional,ANDERSON - NORTH POINTE,3,1.000000000000
congressional,EDGEFIELD - NORTH SIDE,3,1.000000000000
congressional,RICHLAND - NORTH SPRINGS 1,2,1.000000000000
congressional,RICHLAND - NORTH SPRINGS 2,2,1.000000000000
congressional,RICHLAND - NORTH SPRINGS 3,2,0.783889111456
congressional,RICHLAND - NORTH SPRINGS 3,6,0.216110888544
congressional,DORCHESTER - NORTH SUMMERVILLE,1,0.999999417013
congressional,DORCHESTER - NORTH SUMMERVILLE,6,0.000000582987
congressional,DORCHESTER - NORTH SUMMERVILLE 2,1,1.000000000000
congressional,YORK - NORTHSIDE,5,1.000000000000
congressional,YORK - NORTHWESTERN,5,1.000000000000
congressional,GREENVILLE - NORTHWOOD,4,1.000000000000
congressional,ORANGEBURG - NORWAY,2,1.000000000000
congressional,NEWBERRY - ONEAL,3,1.000000000000
congressional,DILLON - OAK GROVE,7,1.000000000000
congressional,FLORENCE - OAK GROVE-SARDIS,6,0.000000016467
congressional,FLORENCE - OAK GROVE-SARDIS,7,0.999999983533
congressional,RICHLAND - OAK POINTE 1,2,1.000000000000
congressional,RICHLAND - OAK POINTE 2,2,1.000000000000
congressional,RICHLAND - OAK POINTE 3,2,1.000000000000
congressional,DORCHESTER - OAKBROOK,1,0.986126393559
congressional,DORCHESTER - OAKBROOK,6,0.013873606441
congressional,DORCHESTER - OAKBROOK 2,1,1.000000000000
congressional,DILLON - OAKLAND,7,1.000000000000
congressional,NEWBERRY - OAKLAND,3,1.000000000000
congressional,SPARTANBURG - OAKLAND ELEMENTARY,5,1.000000000000
congressional,SUMTER - OAKLAND PLANT 1,5,1.000000000000
congressional,SUMTER - OAKLAND PLANT 2,5,1.000000000000
congressional,YORK - OAKRIDGE,5,1.000000000000
congressional,GREENVILLE - OAKVIEW,4,1.000000000000
congressional,LEXINGTON - OAKWOOD,2,1.000000000000
congressional,RICHLAND - OAKWOOD,2,0.000000059090
congressional,RICHLAND - OAKWOOD,6,0.999999940910
congressional,YORK - OAKWOOD,5,1.000000000000
congressional,DARLINGTON - OATES,7,1.000000000000
congressional,HORRY - OCEAN DRIVE 1,7,1.000000000000
congressional,HORRY - OCEAN DRIVE 2,7,1.000000000000
congressional,HORRY - OCEAN DRIVE 3,7,1.000000000000
congressional,HORRY - OCEAN FOREST 1,7,1.000000000000
congressional,HORRY - OCEAN FOREST 2,7,1.000000000000
congressional,HORRY - OCEAN FOREST 3,7,1.000000000000
congressional,YORK - OGDEN,5,1.000000000000
congressional,JASPER - OKATIE 1,6,1.000000000000
congressional,JASPER - OKATIE 2,1,1.000000000000
congressional,FLORENCE - OLANTA,6,0.000000073345
congressional,FLORENCE - OLANTA,7,0.999999926655
congressional,BAMBERG - OLAR,2,0.000001620581
congressional,BAMBERG - OLAR,6,0.999998379419
congressional,BERKELEY - OLD 52,1,1.000000000000
congressional,LEXINGTON - OLD BARNWELL RD,2,1.000000000000
congressional,SPARTANBURG - OLD BRIDGE,4,1.000000000000
congressional,RICHLAND - OLD FRIARSGATE,2,1.000000000000
congressional,LEXINGTON - OLD LEXINGTON,2,1.000000000000
congressional,YORK - OLD POINTE,5,1.000000000000
congressional,RICHLAND - OLYMPIA,2,0.002244777624
congressional,RICHLAND - OLYMPIA,6,0.997755222376
congressional,GREENVILLE - ONEAL,4,1.000000000000
congressional,ORANGEBURG - ORANGEBURG WARD 1,6,1.000000000000
congressional,ORANGEBURG - ORANGEBURG WARD 10,6,1.000000000000
congressional,ORANGEBURG - ORANGEBURG WARD 2,6,1.000000000000
congressional,ORANGEBURG - ORANGEBURG WARD 3,6,1.000000000000
congressional,ORANGEBURG - ORANGEBURG WARD 4,6,1.000000000000
congressional,ORANGEBURG - ORANGEBURG WARD 5,6,1.000000000000
congressional,ORANGEBURG - ORANGEBURG WARD 6,6,1.000000000000
congressional,ORANGEBURG - ORANGEBURG WARD 7,6,1.000000000000
congressional,ORANGEBURG - ORANGEBURG WARD 8,6,1.000000000000
congressional,ORANGEBURG - ORANGEBURG WARD 9,6,1.000000000000
congressional,YORK - ORCHARD PARK,5,1.000000000000
congressional,SUMTER - OSWEGO,5,0.999999940591
congressional,SUMTER - OSWEGO,6,0.000000059409
congressional,CHESTERFIELD - OUSLEYDALE,7,1.000000000000
congressional,SPARTANBURG - PACOLET ELEMENTARY SCHOOL,4,0.999999992590
congressional,SPARTANBURG - PACOLET ELEMENTARY SCHOOL,5,0.000000007410
congressional,CHESTERFIELD - PAGELAND NO. 1,5,0.000118100570
congressional,CHESTERFIELD - PAGELAND NO. 1,7,0.999881899430
congressional,CHESTERFIELD - PAGELAND NO. 2,7,1.000000000000
congressional,DARLINGTON - PALMETTO,7,1.000000000000
congressional,GREENVILLE - PALMETTO,4,1.000000000000
congressional,SPARTANBURG - PALMETTO,5,1.000000000000
congressional,YORK - PALMETTO,5,1.000000000000
congressional,HORRY - PALMETTO BAYS,7,1.000000000000
congressional,SUMTER - PALMETTO PARK,5,1.000000000000
congressional,FLORENCE - PAMPLICO NO. 1,7,1.000000000000
congressional,FLORENCE - PAMPLICO NO. 2,7,1.000000000000
congressional,GREENVILLE - PARIS MOUNTAIN,4,1.000000000000
congressional,LEXINGTON - PARK ROAD 1,2,1.000000000000
congressional,LEXINGTON - PARK ROAD 2,2,1.000000000000
congressional,RICHLAND - PARKRIDGE 1,2,1.000000000000
congressional,RICHLAND - PARKRIDGE 2,2,1.000000000000
congressional,MCCORMICK - PARKSVILLE,3,1.000000000000
congressional,RICHLAND - PARKWAY 1,2,1.000000000000
congressional,RICHLAND - PARKWAY 2,2,1.000000000000
congressional,RICHLAND - PARKWAY 3,2,1.000000000000
congressional,GREENWOOD - PARSONS MILL,3,1.000000000000
congressional,CHESTERFIELD - PATRICK,7,1.000000000000
congressional,DORCHESTER - PATRIOT,6,1.000000000000
congressional,SPARTANBURG - PAULINE GLENN SPRINGS ELEMENTARY,4,1.000000000000
congressional,GEORGETOWN - PAWLEYS ISLAND NO. 1,7,1.000000000000
congressional,GEORGETOWN - PAWLEYS ISLAND NO. 2,7,1.000000000000
congressional,GEORGETOWN - PAWLEYS ISLAND NO. 3,7,1.000000000000
congressional,GEORGETOWN - PAWLEYS ISLAND NO. 4,7,1.000000000000
congressional,GEORGETOWN - PAWLEYS ISLAND NO. 5,7,1.000000000000
congressional,HORRY - PAWLEYS SWAMP,7,1.000000000000
congressional,SPARTANBURG - PEACH BLOSSOM,4,1.000000000000
congressional,NEWBERRY - PEAK,3,0.999999944363
congressional,NEWBERRY - PEAK,5,0.000000055637
congressional,GREENVILLE - PEBBLE CREEK,4,1.000000000000
congressional,GREENWOOD - PEBBLE STONE WAY,3,1.000000000000
congressional,CHESTERFIELD - PEE DEE,7,1.000000000000
congressional,GEORGETOWN - PEE DEE,7,1.000000000000
congressional,COLLETON - PEEPLES,6,1.000000000000
congressional,GREENVILLE - PELHAM FALLS,4,1.000000000000
congressional,SPARTANBURG - PELHAM FIRE STATION,4,1.000000000000
congressional,LEXINGTON - PELION 2,2,1.000000000000
congressional,LEXINGTON - PELION 1,2,1.000000000000
congressional,ANDERSON - PELZER,3,1.000000000000
congressional,ANDERSON - PENDLETON,3,1.000000000000
congressional,PICKENS - PENDLETON,3,1.000000000000
congressional,COLLETON - PENIEL,6,1.000000000000
congressional,RICHLAND - PENNINGTON 1,2,1.000000000000
congressional,RICHLAND - PENNINGTON 2,2,1.000000000000
congressional,GEORGETOWN - PENNYROYAL,7,1.000000000000
congressional,WILLIAMSBURG - PERGAMOS,6,0.999999790555
congressional,WILLIAMSBURG - PERGAMOS,7,0.000000209445
congressional,COLLETON - PETITS,6,1.000000000000
congressional,PICKENS - PICKENSVILLE,3,1.000000000000
congressional,ANDERSON - PIEDMONT,3,1.000000000000
congressional,GREENVILLE - PIEDMONT,3,0.999439712319
congressional,GREENVILLE - PIEDMONT,4,0.000560287681
congressional,ANDERSON - PIERCETOWN,3,1.000000000000
congressional,PICKENS - PIKE,3,1.000000000000
congressional,LEXINGTON - PILGRIM CHURCH,2,1.000000000000
congressional,BERKELEY - PIMLICO,1,1.000000000000
congressional,BERKELEY - PINE GROVE,1,1.000000000000
congressional,RICHLAND - PINE GROVE,2,0.020897666841
congressional,RICHLAND - PINE GROVE,6,0.979102333159
congressional,RICHLAND - PINE LAKES 1,6,1.000000000000
congressional,RICHLAND - PINE LAKES 2,2,0.000000326273
congressional,RICHLAND - PINE LAKES 2,6,0.999999673727
congressional,LEXINGTON - PINE RIDGE 1,2,1.000000000000
congressional,GREENWOOD - PINECREST,3,1.000000000000
congressional,ORANGEBURG - PINEHILL,2,1.000000000000
congressional,JASPER - PINELAND,6,1.000000000000
congressional,LEXINGTON - PINERIDGE 2,2,1.000000000000
congressional,GREENVILLE - PINEVIEW,3,1.000000000000
congressional,LEXINGTON - PINEVIEW,2,1.000000000000
congressional,RICHLAND - PINEWOOD,6,1.000000000000
congressional,SUMTER - PINEWOOD,5,0.999735627496
congressional,SUMTER - PINEWOOD,6,0.000264372504
congressional,WILLIAMSBURG - PINEY FOREST,6,0.999999521363
congressional,WILLIAMSBURG - PINEY FOREST,7,0.000000478637
congressional,BERKELEY - PINOPOLIS,1,1.000000000000
congressional,GEORGETOWN - PLANTERSVILLE,7,1.000000000000
congressional,LEXINGTON - PLATT SPRINGS 1,2,1.000000000000
congressional,LEXINGTON - PLATT SPRINGS 2,2,1.000000000000
congressional,CHEROKEE - PLEASANT GROVE,5,1.000000000000
congressional,SALUDA - PLEASANT GROVE,3,1.000000000000
congressional,DILLON - PLEASANT HILL,7,1.000000000000
congressional,GEORGETOWN - PLEASANT HILL,6,0.000000051268
congressional,GEORGETOWN - PLEASANT HILL,7,0.999999948732
congressional,CHEROKEE - PLEASANT MEADOWS,5,1.000000000000
congressional,YORK - PLEASANT ROAD,5,1.000000000000
congressional,HORRY - PLEASANT VIEW,7,1.000000000000
congressional,MCCORMICK - PLUM BRANCH,3,1.000000000000
congressional,SUMTER - POCOTALIGO 1,5,0.001581218293
congressional,SUMTER - POCOTALIGO 1,6,0.998418781707
congressional,SUMTER - POCOTALIGO 2,5,0.000219301771
congressional,SUMTER - POCOTALIGO 2,6,0.999780698229
congressional,GREENVILLE - POINSETT,4,1.000000000000
congressional,YORK - POLE BRANCH,5,1.000000000000
congressional,RICHLAND - POLO ROAD,2,1.000000000000
congressional,NEWBERRY - POMARIA,3,1.000000000000
congressional,BERKELEY - POMFLANT,1,1.000000000000
congressional,LEXINGTON - POND BRANCH,2,1.000000000000
congressional,RICHLAND - PONTIAC 1,2,0.999999848531
congressional,RICHLAND - PONTIAC 1,5,0.000000142787
congressional,RICHLAND - PONTIAC 1,6,0.000000008683
congressional,RICHLAND - PONTIAC 2,2,0.999986519388
congressional,RICHLAND - PONTIAC 2,5,0.000013480612
congressional,PICKENS - POPE FIELD,3,1.000000000000
congressional,HORRY - POPLAR HILL,7,1.000000000000
congressional,SPARTANBURG - POPLAR SPRINGS FIRE STATION,4,1.000000000000
congressional,HORRY - PORT HARRELSON,7,1.000000000000
congressional,GEORGETOWN - POTATO BED FERRY,6,0.000071321518
congressional,GEORGETOWN - POTATO BED FERRY,7,0.999928678482
congressional,ANDERSON - POWDERSVILLE,3,0.999870136461
congressional,ANDERSON - POWDERSVILLE,4,0.000129863539
congressional,SPARTANBURG - POWELL SAXON UNA,4,1.000000000000
congressional,PICKENS - PRATERS CREEK,3,1.000000000000
congressional,SUMTER - PRIVATEER,5,0.999923337558
congressional,SUMTER - PRIVATEER,6,0.000076662442
congressional,FLORENCE - PROSPECT,7,1.000000000000
congressional,NEWBERRY - PROSPERITY CITY,3,1.000000000000
congressional,NEWBERRY - PROSPERITY OUTSIDE,3,1.000000000000
congressional,ORANGEBURG - PROVIDENCE,6,1.000000000000
congressional,LEXINGTON - PROVIDENCE CHURCH,2,1.000000000000
congressional,PICKENS - PUMPKINTOWN,3,0.997334246551
congressional,PICKENS - PUMPKINTOWN,4,0.002665753449
congressional,UNION - PUTNAM,5,1.000000000000
congressional,LEXINGTON - QUAIL HOLLOW,2,1.000000000000
congressional,LEXINGTON - QUAIL VALLEY,2,1.000000000000
congressional,MARLBORO - QUICKS X ROADS,7,1.000000000000
congressional,FLORENCE - QUINBY,7,1.000000000000
congressional,SPARTANBURG - R.D. ANDERSON VOCATIONAL,4,1.000000000000
congressional,KERSHAW - RABONS CROSSROADS,5,1.000000000000
congressional,HORRY - RACEPATH 1,7,1.000000000000
congressional,HORRY - RACEPATH 2,7,1.000000000000
congressional,SPARTANBURG - RAINBOW,5,1.000000000000
congressional,MARION - RAINS,7,1.000000000000
congressional,GREENVILLE - RAINTREE,3,1.000000000000
congressional,GREENVILLE - RANCH CREEK,3,0.000033660337
congressional,GREENVILLE - RANCH CREEK,4,0.999966339663
congressional,LEE - RATTLESNAKE SPRINGS,5,1.000000000000
congressional,LEXINGTON - RED BANK,2,1.000000000000
congressional,LEXINGTON - RED BANK SOUTH 2,2,1.000000000000
congressional,LEXINGTON - RED BANK SOUTH 1,2,1.000000000000
congressional,HORRY - RED BLUFF,7,1.000000000000
congressional,MARLBORO - RED HILL,7,1.000000000000
congressional,HORRY - RED HILL 1,7,1.000000000000
congressional,HORRY - RED HILL 2,7,1.000000000000
congressional,GREENVILLE - REEDY FORK,3,0.999999499869
congressional,GREENVILLE - REEDY FORK,4,0.000000500131
congressional,DORCHESTER - REEVESVILLE,6,1.000000000000
congressional,SPARTANBURG - REIDVILLE ELEMENTARY,4,1.000000000000
congressional,SPARTANBURG - REIDVILLE FIRE STATION,4,1.000000000000
congressional,SUMTER - REMBERT,2,0.000053429993
congressional,SUMTER - REMBERT,5,0.999912656365
congressional,SUMTER - REMBERT,6,0.000033913641
congressional,RICHLAND - RICE CREEK 1,2,0.988087088287
congressional,RICHLAND - RICE CREEK 1,6,0.011912911713
congressional,RICHLAND - RICE CREEK 2,2,0.999999524993
congressional,RICHLAND - RICE CREEK 2,6,0.000000475007
congressional,COLLETON - RICE PATCH,6,1.000000000000
congressional,PICKENS - RICES CREEK,3,1.000000000000
congressional,CHESTER - RICHBURG,5,1.000000000000
congressional,SALUDA - RICHLAND,3,1.000000000000
congressional,LEXINGTON - RIDGE ROAD,2,0.999999602444
congressional,LEXINGTON - RIDGE ROAD,3,0.000000397556
congressional,SALUDA - RIDGE SPRING-MONETTA,2,0.000964200027
congressional,SALUDA - RIDGE SPRING-MONETTA,3,0.999035799973
congressional,RICHLAND - RIDGE VIEW 1,2,1.000000000000
congressional,RICHLAND - RIDGE VIEW 2,2,1.000000000000
congressional,JASPER - RIDGELAND 1,6,1.000000000000
congressional,JASPER - RIDGELAND 2,6,1.000000000000
congressional,JASPER - RIDGELAND 3,6,1.000000000000
congressional,DORCHESTER - RIDGEVILLE,1,0.000000250324
congressional,DORCHESTER - RIDGEVILLE,6,0.999999749676
congressional,DORCHESTER - RIDGEVILLE 2,1,0.000000001566
congressional,DORCHESTER - RIDGEVILLE 2,6,0.999999998434
congressional,FAIRFIELD - RIDGEWAY,2,0.000013041365
congressional,FAIRFIELD - RIDGEWAY,5,0.999986958635
congressional,RICHLAND - RIDGEWOOD,6,1.000000000000
congressional,GREENWOOD - RILEY,3,1.000000000000
congressional,COLLETON - RITTER,1,0.000000013021
congressional,COLLETON - RITTER,6,0.999999986979
congressional,YORK - RIVERS EDGE,5,1.000000000000
congressional,LEXINGTON - RIVER BLUFF,2,1.000000000000
congressional,YORK - RIVER HILLS,5,1.000000000000
congressional,HORRY - RIVER OAKS,7,1.000000000000
congressional,SPARTANBURG - RIVER RIDGE ELEMENTARY,4,1.000000000000
congressional,GREENVILLE - RIVER WALK,4,1.000000000000
congressional,KERSHAW - RIVERDALE,5,1.000000000000
congressional,HAMPTON - RIVERS MILL,6,1.000000000000
congressional,GREENVILLE - RIVERSIDE,4,1.000000000000
congressional,RICHLAND - RIVERSIDE,6,1.000000000000
congressional,RICHLAND - RIVERSPRINGS 1,2,1.000000000000
congressional,RICHLAND - RIVERSPRINGS 2,2,1.000000000000
congressional,RICHLAND - RIVERSPRINGS 3,2,1.000000000000
congressional,YORK - RIVERVIEW,5,1.000000000000
congressional,RICHLAND - RIVERWALK,2,1.000000000000
congressional,YORK - ROCK CREEK,5,1.000000000000
congressional,GREENVILLE - ROCK HILL,4,1.000000000000
congressional,YORK - ROCK HILL NO. 2,5,1.000000000000
congressional,YORK - ROCK HILL NO. 3,5,1.000000000000
congressional,YORK - ROCK HILL NO. 4,5,1.000000000000
congressional,YORK - ROCK HILL NO. 5,5,1.000000000000
congressional,YORK - ROCK HILL NO. 6,5,1.000000000000
congressional,YORK - ROCK HILL NO. 7,5,1.000000000000
congressional,YORK - ROCK HILL NO. 8,5,1.000000000000
congressional,ANDERSON - ROCK MILL,3,1.000000000000
congressional,ANDERSON - ROCK SPRING,3,1.000000000000
congressional,PICKENS - ROCK SPRINGS,3,1.000000000000
congressional,GREENVILLE - ROCKY CREEK,4,1.000000000000
congressional,CHESTER - RODMAN,5,1.000000000000
congressional,SPARTANBURG - ROEBUCK BETHLEHEM,4,1.000000000000
congressional,SPARTANBURG - ROEBUCK ELEMENTARY,4,1.000000000000
congressional,GREENVILLE - ROLLING GREEN,4,1.000000000000
congressional,YORK - ROOSEVELT,5,1.000000000000
congressional,YORK - ROSEWOOD,5,1.000000000000
congressional,DORCHESTER - ROSINVILLE,6,1.000000000000
congressional,DORCHESTER - ROSSES,6,1.000000000000
congressional,CHESTER - ROSSVILLE,5,1.000000000000
congressional,LEXINGTON - ROUND HILL,2,1.000000000000
congressional,COLLETON - ROUND O,6,1.000000000000
congressional,RICHLAND - ROUND TOP,2,1.000000000000
congressional,ORANGEBURG - ROWESVILLE,6,1.000000000000
congressional,GREENVILLE - ROYAL OAKS,4,1.000000000000
congressional,BERKELEY - ROYLE,1,1.000000000000
congressional,CHESTERFIELD - RUBY,7,1.000000000000
congressional,COLLETON - RUFFIN,6,1.000000000000
congressional,BERKELEY - RUSSELLVILLE,1,1.000000000000
congressional,GREENWOOD - RUTHERFORD SHOALS,3,1.000000000000
congressional,MARLBORO - S BENNETTSVILLE,7,1.000000000000
congressional,MARION - S EAST MULLINS,7,1.000000000000
congressional,MARION - S WEST MULLINS,7,1.000000000000
congressional,FLORENCE - SALEM,7,1.000000000000
congressional,HORRY - SALEM,7,1.000000000000
congressional,SUMTER - SALEM,5,0.000000462751
congressional,SUMTER - SALEM,6,0.999999537249
congressional,KERSHAW - SALT POND,5,1.000000000000
congressional,WILLIAMSBURG - SALTERS,6,1.000000000000
congressional,SUMTER - SALTERSTOWN,5,0.999763442919
congressional,SUMTER - SALTERSTOWN,6,0.000236557081
congressional,GREENVILLE - SALUDA,3,0.005315079860
congressional,GREENVILLE - SALUDA,4,0.994684920140
congressional,PICKENS - SALUDA,3,0.999850646490
congressional,PICKENS - SALUDA,4,0.000149353510
congressional,SALUDA - SALUDA NO. 1,3,1.000000000000
congressional,SALUDA - SALUDA NO. 2,3,1.000000000000
congressional,LEXINGTON - SALUDA RIVER,2,0.996707234402
congressional,LEXINGTON - SALUDA RIVER,6,0.003292765598
congressional,GEORGETOWN - SAMPIT,7,1.000000000000
congressional,LEXINGTON - SANDHILL,2,1.000000000000
congressional,RICHLAND - SANDLAPPER,2,0.000000016572
congressional,RICHLAND - SANDLAPPER,6,0.999999983428
congressional,GREENWOOD - SANDRIDGE,3,1.000000000000
congressional,WILLIAMSBURG - SANDY BAY,6,1.000000000000
congressional,GREENVILLE - SANDY FLAT,4,1.000000000000
congressional,CALHOUN - SANDY RUN,2,0.000000047259
congressional,CALHOUN - SANDY RUN,6,0.999999952741
congressional,LEXINGTON - SANDY RUN,2,0.999999996055
congressional,LEXINGTON - SANDY RUN,6,0.000000003945
congressional,BERKELEY - SANGAREE 1,1,1.000000000000
congressional,BERKELEY - SANGAREE 2,1,1.000000000000
congressional,BERKELEY - SANGAREE 3,1,1.000000000000
congressional,GEORGETOWN - SANTEE,1,0.000000032825
congressional,GEORGETOWN - SANTEE,7,0.999999967175
congressional,ORANGEBURG - SANTEE 1,6,1.000000000000
congressional,ORANGEBURG - SANTEE 2,6,1.000000000000
congressional,UNION - SANTUCK,5,1.000000000000
congressional,SALUDA - SARDIS,3,1.000000000000
congressional,RICHLAND - SATCHELFORD,2,0.999998975538
congressional,RICHLAND - SATCHELFORD,6,0.000001024462
congressional,DORCHESTER - SAUL DAM,1,0.000113723330
congressional,DORCHESTER - SAUL DAM,6,0.999886276670
congressional,SUMTER - SAVAGE-GLOVER,6,1.000000000000
congressional,MCCORMICK - SAVANNAH,3,1.000000000000
congressional,FLORENCE - SAVANNAH GROVE,7,1.000000000000
congressional,DORCHESTER - SAWMILL BRANCH,1,1.000000000000
congressional,LEE - SCHROCKS MILLLUCKNOW,5,1.000000000000
congressional,HAMPTON - SCOTIA,6,1.000000000000
congressional,FLORENCE - SCRANTON,6,0.270567222651
congressional,FLORENCE - SCRANTON,7,0.729432777349
congressional,HORRY - SEA OATS 1,7,1.000000000000
congressional,HORRY - SEA OATS 2,7,1.000000000000
congressional,HORRY - SEA WINDS,7,1.000000000000
congressional,CHARLESTON - SEABROOK,1,1.000000000000
congressional,SUMTER - SECOND MILL,5,0.999987344270
congressional,SUMTER - SECOND MILL,6,0.000012655730
congressional,BERKELEY - SEDGEFIELD 1,1,1.000000000000
congressional,BERKELEY - SEDGEFIELD 2,1,1.000000000000
congressional,BERKELEY - SEDGEFIELD 3,1,1.000000000000
congressional,MARION - SELLERS,7,1.000000000000
congressional,LEXINGTON - SEVEN OAKS,2,1.000000000000
congressional,BERKELEY - SEVENTY EIGHT,1,0.999999409817
congressional,BERKELEY - SEVENTY EIGHT,6,0.000000590183
congressional,GREENVILLE - SEVIER,4,1.000000000000
congressional,YORK - SHARON,5,1.000000000000
congressional,LEXINGTON - SHARPES HILL,2,1.000000000000
congressional,SUMTER - SHAW,5,1.000000000000
congressional,KERSHAW - SHAYLORS HILL,5,1.000000000000
congressional,PICKENS - SHEFFIELD,3,1.000000000000
congressional,HORRY - SHELL,7,1.000000000000
congressional,CHESTERFIELD - SHILOH,7,1.000000000000
congressional,ANDERSON - SHIRLEYS STORE,3,1.000000000000
congressional,SPARTANBURG - SHOALLY,5,1.000000000000
congressional,GREENWOOD - SHOALS JUNCTION,3,1.000000000000
congressional,YORK - SHORELINE,5,1.000000000000
congressional,BERKELEY - SHULERVILLE,1,1.000000000000
congressional,COLLETON - SIDNEYS,6,1.000000000000
congressional,SPARTANBURG - SILVERHILL MEMORIAL UMC,4,1.000000000000
congressional,GREENVILLE - SILVERLEAF,4,1.000000000000
congressional,NEWBERRY - SILVERSTREET,3,1.000000000000
congressional,FAIRFIELD - SIMPSON,2,0.000779604806
congressional,FAIRFIELD - SIMPSON,5,0.999220395194
congressional,PICKENS - SIMPSON,3,1.000000000000
congressional,ANDERSON - SIMPSONVILLE,3,0.999804824404
congressional,ANDERSON - SIMPSONVILLE,4,0.000195175596
congressional,GREENVILLE - SIMPSONVILLE 1,3,0.001117102374
congressional,GREENVILLE - SIMPSONVILLE 1,4,0.998882897626
congressional,GREENVILLE - SIMPSONVILLE 2,3,0.000097817685
congressional,GREENVILLE - SIMPSONVILLE 2,4,0.999902182315
congressional,GREENVILLE - SIMPSONVILLE 3,4,1.000000000000
congressional,GREENVILLE - SIMPSONVILLE 4,3,0.000208749840
congressional,GREENVILLE - SIMPSONVILLE 4,4,0.999791250160
congressional,GREENVILLE - SIMPSONVILLE 5,3,0.000979883546
congressional,GREENVILLE - SIMPSONVILLE 5,4,0.999020116454
congressional,GREENVILLE - SIMPSONVILLE 6,3,0.000923046656
congressional,GREENVILLE - SIMPSONVILLE 6,4,0.999076953344
congressional,WILLIAMSBURG - SINGLETARY,6,0.999999967591
congressional,WILLIAMSBURG - SINGLETARY,7,0.000000032409
congressional,PICKENS - SITTON,3,1.000000000000
congressional,PICKENS - SIX MILE,3,1.000000000000
congressional,YORK - SIX MILE,5,1.000000000000
congressional,PICKENS - SIX MILE MOUNTAIN,3,1.000000000000
congressional,PICKENS - SKELTON,3,1.000000000000
congressional,GREENVILLE - SKYLAND,4,1.000000000000
congressional,RICHLAND - SKYLAND,6,1.000000000000
congressional,GREENVILLE - SLATER MARIETTA,3,0.000328301970
congressional,GREENVILLE - SLATER MARIETTA,4,0.999671698030
congressional,PICKENS - SMITH GROVE,3,1.000000000000
congressional,ABBEVILLE - SMITHVILLE,3,1.000000000000
congressional,YORK - SMYRNA,5,1.000000000000
congressional,BARNWELL - SNELLING,2,0.999994875140
congressional,BARNWELL - SNELLING,6,0.000005124860
congressional,COLLETON - SNIDERS,6,1.000000000000
congressional,CHESTERFIELD - SNOW HILL-VAUGHN,7,1.000000000000
congressional,HORRY - SOCASTEE 1,7,1.000000000000
congressional,HORRY - SOCASTEE 2,7,1.000000000000
congressional,HORRY - SOCASTEE 3,7,1.000000000000
congressional,HORRY - SOCASTEE 4,7,1.000000000000
congressional,DARLINGTON - SOCIETY HILL,7,1.000000000000
congressional,BAMBERG - SOUTH BAMBERG,6,1.000000000000
congressional,RICHLAND - SOUTH BELTLINE,2,1.000000000000
congressional,PICKENS - SOUTH CENTRAL,3,1.000000000000
congressional,DILLON - SOUTH DILLON,7,1.000000000000
congressional,ANDERSON - SOUTH FANT,3,1.000000000000
congressional,FLORENCE - SOUTH FLORENCE 1,7,1.000000000000
congressional,FLORENCE - SOUTH FLORENCE 2,7,1.000000000000
congressional,RICHLAND - SOUTH FOREST ACRES,2,0.998298842065
congressional,RICHLAND - SOUTH FOREST ACRES,6,0.001701157935
congressional,SUMTER - SOUTH LIBERTY,5,0.000493579443
congressional,SUMTER - SOUTH LIBERTY,6,0.999506420557
congressional,LEE - SOUTH LYNCHBURG,5,0.999997688980
congressional,LEE - SOUTH LYNCHBURG,6,0.000002311020
congressional,PICKENS - SOUTH PICKENS,3,1.000000000000
congressional,SUMTER - SOUTH RED BAY,6,1.000000000000
congressional,FAIRFIELD - SOUTH WINNSBORO,5,1.000000000000
congressional,SPARTANBURG - SOUTHPORT,4,1.000000000000
congressional,GREENVILLE - SOUTHSIDE,4,1.000000000000
congressional,DORCHESTER - SPANN,1,1.000000000000
congressional,GREENWOOD - SPARROWS GRACE,3,1.000000000000
congressional,GREENVILLE - SPARROWS POINT,4,1.000000000000
congressional,SPARTANBURG - SPARTANGREEN,4,1.000000000000
congressional,FLORENCE - SPAULDING,7,1.000000000000
congressional,SUMTER - SPECTRUM,5,1.000000000000
congressional,GREENVILLE - SPRING FOREST,4,1.000000000000
congressional,GEORGETOWN - SPRING GULLEY,7,1.000000000000
congressional,LEE - SPRING HILL,5,1.000000000000
congressional,RICHLAND - SPRING HILL,2,0.999999731065
congressional,RICHLAND - SPRING HILL,5,0.000000268935
congressional,RICHLAND - SPRING VALLEY,2,0.999958842890
congressional,RICHLAND - SPRING VALLEY,6,0.000041157110
congressional,RICHLAND - SPRING VALLEY WEST,2,0.001049873434
congressional,RICHLAND - SPRING VALLEY WEST,6,0.998950126566
congressional,KERSHAW - SPRINGDALE,5,1.000000000000
congressional,LEXINGTON - SPRINGDALE,2,1.000000000000
congressional,YORK - SPRINGDALE,5,1.000000000000
congressional,LEXINGTON - SPRINGDALE SOUTH,2,1.000000000000
congressional,ORANGEBURG - SPRINGFIELD,2,1.000000000000
congressional,YORK - SPRINGFIELD,5,1.000000000000
congressional,RICHLAND - SPRINGVILLE 1,2,1.000000000000
congressional,RICHLAND - SPRINGVILLE 2,2,1.000000000000
congressional,LEXINGTON - ST DAVIDS,2,1.000000000000
congressional,NEWBERRY - ST PHILLIPS-JOLLY STREET,3,1.000000000000
congressional,RICHLAND - ST. ANDREWS,2,0.001816324757
congressional,RICHLAND - ST. ANDREWS,6,0.998183675243
congressional,CHARLESTON - ST. ANDREWS 1,6,1.000000000000
congressional,CHARLESTON - ST. ANDREWS 10,6,1.000000000000
congressional,CHARLESTON - ST. ANDREWS 11,6,1.000000000000
congressional,CHARLESTON - ST. ANDREWS 12,6,1.000000000000
congressional,CHARLESTON - ST. ANDREWS 13,6,1.000000000000
congressional,CHARLESTON - ST. ANDREWS 14,6,1.000000000000
congressional,CHARLESTON - ST. ANDREWS 15,6,1.000000000000
congressional,CHARLESTON - ST. ANDREWS 16,6,1.000000000000
congressional,CHARLESTON - ST. ANDREWS 17,1,0.000000340332
congressional,CHARLESTON - ST. ANDREWS 17,6,0.999999659668
congressional,CHARLESTON - ST. ANDREWS 18,6,1.000000000000
congressional,CHARLESTON - ST. ANDREWS 19,6,1.000000000000
congressional,CHARLESTON - ST. ANDREWS 2,6,1.000000000000
congressional,CHARLESTON - ST. ANDREWS 20,6,1.000000000000
congressional,CHARLESTON - ST. ANDREWS 21,6,1.000000000000
congressional,CHARLESTON - ST. ANDREWS 22,6,1.000000000000
congressional,CHARLESTON - ST. ANDREWS 23,6,1.000000000000
congressional,CHARLESTON - ST. ANDREWS 24,6,1.000000000000
congressional,CHARLESTON - ST. ANDREWS 25,6,1.000000000000
congressional,CHARLESTON - ST. ANDREWS 26,6,1.000000000000
congressional,CHARLESTON - ST. ANDREWS 27,1,0.000000031875
congressional,CHARLESTON - ST. ANDREWS 27,6,0.999999968125
congressional,CHARLESTON - ST. ANDREWS 28,1,0.000000005686
congressional,CHARLESTON - ST. ANDREWS 28,6,0.999999994314
congressional,CHARLESTON - ST. ANDREWS 29,6,1.000000000000
congressional,CHARLESTON - ST. ANDREWS 3,6,1.000000000000
congressional,CHARLESTON - ST. ANDREWS 30,6,1.000000000000
congressional,CHARLESTON - ST. ANDREWS 31,6,1.000000000000
congressional,CHARLESTON - ST. ANDREWS 32,6,1.000000000000
congressional,CHARLESTON - ST. ANDREWS 33,6,1.000000000000
congressional,CHARLESTON - ST. ANDREWS 34,6,1.000000000000
congressional,CHARLESTON - ST. ANDREWS 35,6,1.000000000000
congressional,CHARLESTON - ST. ANDREWS 36,6,1.000000000000
congressional,CHARLESTON - ST. ANDREWS 37,6,1.000000000000
congressional,CHARLESTON - ST. ANDREWS 4,6,1.000000000000
congressional,CHARLESTON - ST. ANDREWS 5,6,1.000000000000
congressional,CHARLESTON - ST. ANDREWS 6,6,1.000000000000
congressional,CHARLESTON - ST. ANDREWS 7,1,0.000000115304
congressional,CHARLESTON - ST. ANDREWS 7,6,0.999999884696
congressional,CHARLESTON - ST. ANDREWS 8,6,1.000000000000
congressional,CHARLESTON - ST. ANDREWS 9,6,1.000000000000
congressional,LEE - ST. CHARLES,5,0.999999910884
congressional,LEE - ST. CHARLES,6,0.000000089116
congressional,DORCHESTER - ST. GEORGE NO. 1,6,1.000000000000
congressional,DORCHESTER - ST. GEORGE NO. 2,6,1.000000000000
congressional,BERKELEY - ST. JAMES,1,1.000000000000
congressional,SUMTER - ST. JOHN,5,0.000003091431
congressional,SUMTER - ST. JOHN,6,0.999995007816
congressional,SUMTER - ST. JOHN,7,0.000001900753
congressional,SPARTANBURG - ST. JOHNS LUTHERAN,4,1.000000000000
congressional,CALHOUN - ST. MATTHEWS,6,1.000000000000
congressional,LEE - ST. MATTHEWS,5,1.000000000000
congressional,LEXINGTON - ST. MICHAEL,2,1.000000000000
congressional,SUMTER - ST. PAUL,5,1.000000000000
congressional,CHARLESTON - ST. PAULS 1,6,1.000000000000
congressional,CHARLESTON - ST. PAULS 2A,6,1.000000000000
congressional,CHARLESTON - ST. PAULS 2B,6,1.000000000000
congressional,CHARLESTON - ST. PAULS 3,6,1.000000000000
congressional,CHARLESTON - ST. PAULS 4,6,1.000000000000
congressional,CHARLESTON - ST. PAULS 5,6,1.000000000000
congressional,CHARLESTON - ST. PAULS 6,6,1.000000000000
congressional,BERKELEY - ST. STEPHEN 1,1,1.000000000000
congressional,BERKELEY - ST. STEPHEN 2,1,1.000000000000
congressional,DORCHESTER - STALLSVILLE,1,1.000000000000
congressional,GREENVILLE - STANDING SPRINGS,4,1.000000000000
congressional,ANDERSON - STARR,3,1.000000000000
congressional,SPARTANBURG - STARTEX FIRE STATION,4,1.000000000000
congressional,YORK - STATELINE,5,1.000000000000
congressional,YORK - STEELE CREEK,5,1.000000000000
congressional,COLLETON - STOKES,6,1.000000000000
congressional,PICKENS - STONE CHURCH,3,1.000000000000
congressional,SUMTER - STONE HILL,6,1.000000000000
congressional,BERKELEY - STONE LAKE,1,1.000000000000
congressional,GREENVILLE - STONE VALLEY,4,1.000000000000
congressional,GREENVILLE - STONEHAVEN,4,1.000000000000
congressional,GREENWOOD - STONEWOOD,3,1.000000000000
congressional,NEWBERRY - STONEY HILL,3,1.000000000000
congressional,BERKELEY - STRATFORD 1,1,1.000000000000
congressional,BERKELEY - STRATFORD 2,1,0.998458965828
congressional,BERKELEY - STRATFORD 2,6,0.001541034172
congressional,BERKELEY - STRATFORD 3,1,0.999999756519
congressional,BERKELEY - STRATFORD 3,6,0.000000243481
congressional,BERKELEY - STRATFORD 4,1,1.000000000000
congressional,BERKELEY - STRATFORD 5,1,1.000000000000
congressional,GREENVILLE - SUBER MILL,4,1.000000000000
congressional,ORANGEBURG - SUBURBAN 1,6,1.000000000000
congressional,ORANGEBURG - SUBURBAN 2,6,1.000000000000
congressional,ORANGEBURG - SUBURBAN 3,6,1.000000000000
congressional,ORANGEBURG - SUBURBAN 4,6,1.000000000000
congressional,ORANGEBURG - SUBURBAN 5,6,1.000000000000
congressional,ORANGEBURG - SUBURBAN 6,6,1.000000000000
congressional,ORANGEBURG - SUBURBAN 7,2,0.078898338036
congressional,ORANGEBURG - SUBURBAN 7,6,0.921101661964
congressional,ORANGEBURG - SUBURBAN 8,6,1.000000000000
congressional,ORANGEBURG - SUBURBAN 9,6,1.000000000000
congressional,GREENVILLE - SUGAR CREEK,4,1.000000000000
congressional,CHARLESTON - SULLIVANS ISLAND,1,1.000000000000
congressional,GREENVILLE - SULPHUR SPRINGS,3,0.000381180191
congressional,GREENVILLE - SULPHUR SPRINGS,4,0.999618819809
congressional,LEXINGTON - SUMMIT,2,1.000000000000
congressional,SUMTER - SUMTER HIGH 1,5,1.000000000000
congressional,SUMTER - SUMTER HIGH 2,5,1.000000000000
congressional,JASPER - SUN CITY,1,1.000000000000
congressional,SUMTER - SUNSET,5,1.000000000000
congressional,HORRY - SURFSIDE 1,7,1.000000000000
congressional,HORRY - SURFSIDE 2,7,1.000000000000
congressional,HORRY - SURFSIDE 3,7,1.000000000000
congressional,HORRY - SURFSIDE 4,7,1.000000000000
congressional,WILLIAMSBURG - SUTTONS,1,0.000000059963
congressional,WILLIAMSBURG - SUTTONS,6,0.999999790642
congressional,WILLIAMSBURG - SUTTONS,7,0.000000149395
congressional,SUMTER - SWAN LAKE,5,0.001615028636
congressional,SUMTER - SWAN LAKE,6,0.998384971364
congressional,LEXINGTON - SWANSEA 2,2,1.000000000000
congressional,LEXINGTON - SWANSEA 1,2,1.000000000000
congressional,HORRY - SWEET HOME,7,1.000000000000
congressional,DARLINGTON - SWIFT CREEK,7,1.000000000000
congressional,SPARTANBURG - SWOFFORD CAREER CENTER,5,1.000000000000
congressional,ALLENDALE - SYCAMORE,6,1.000000000000
congressional,GREENVILLE - SYCAMORE,3,0.896957460143
congressional,GREENVILLE - SYCAMORE,4,0.103042539857
congressional,GREENVILLE - TANGLEWOOD,3,0.001255982973
congressional,GREENVILLE - TANGLEWOOD,4,0.998744017027
congressional,FLORENCE - TANS BAY,7,1.000000000000
congressional,MARLBORO - TATUM,7,1.000000000000
congressional,GREENVILLE - TAYLORS,4,1.000000000000
congressional,YORK - TEGA CAY,5,1.000000000000
congressional,MARION - TEMPERANCE,7,1.000000000000
congressional,BERKELEY - THE VILLAGE,1,1.000000000000
congressional,SUMTER - THOMAS SUMTER,5,1.000000000000
congressional,GREENVILLE - THORNBLADE,4,1.000000000000
congressional,ANDERSON - THREE AND TWENTY,3,1.000000000000
congressional,GREENVILLE - TIGERVILLE,4,1.000000000000
congressional,JASPER - TILLMAN,6,1.000000000000
congressional,HORRY - TILLY SWAMP,7,1.000000000000
congressional,CHEROKEE - TIMBER RIDGE,5,1.000000000000
congressional,GREENVILLE - TIMBERLAKE,4,1.000000000000
congressional,FLORENCE - TIMMONSVILLE 1,7,1.000000000000
congressional,FLORENCE - TIMMONSVILLE 2,7,1.000000000000
congressional,YORK - TIRZAH,5,1.000000000000
congressional,HORRY - TODDVILLE,7,1.000000000000
congressional,ANDERSON - TONEY CREEK,3,1.000000000000
congressional,YORK - TOOLS FORK,5,1.000000000000
congressional,ANDERSON - TOWN CREEK,3,1.000000000000
congressional,ANDERSON - TOWNVILLE,3,1.000000000000
congressional,GREENVILLE - TRADE,4,1.000000000000
congressional,BERKELEY - TRAMWAY,1,1.000000000000
congressional,DORCHESTER - TRANQUIL,1,1.000000000000
congressional,DORCHESTER - TRANQUIL 2,1,0.986969471595
congressional,DORCHESTER - TRANQUIL 2,6,0.013030528405
congressional,DORCHESTER - TRANQUIL 3,1,0.962324563620
congressional,DORCHESTER - TRANQUIL 3,6,0.037675436380
congressional,GREENVILLE - TRAVELERS REST 1,4,1.000000000000
congressional,GREENVILLE - TRAVELERS REST 2,4,1.000000000000
congressional,SPARTANBURG - TRAVELERS REST BAPTIST,4,1.000000000000
congressional,RICHLAND - TRENHOLM ROAD,2,0.999511861087
congressional,RICHLAND - TRENHOLM ROAD,6,0.000488138913
congressional,EDGEFIELD - TRENTON,3,1.000000000000
congressional,EDGEFIELD - TRENTON 2,2,0.001058460716
congressional,EDGEFIELD - TRENTON 2,3,0.998941539284
congressional,PICKENS - TRI COUNTY,3,1.000000000000
congressional,RICHLAND - TRINITY,2,0.000890251858
congressional,RICHLAND - TRINITY,6,0.999109748142
congressional,SPARTANBURG - TRINITY METHODIST,4,1.000000000000
congressional,SPARTANBURG - TRINITY PRESBYTERIAN,4,1.000000000000
congressional,WILLIAMSBURG - TRIO,6,1.000000000000
congressional,DORCHESTER - TROLLEY,1,1.000000000000
congressional,GREENWOOD - TROY,3,1.000000000000
congressional,GREENVILLE - TUBBS MOUNTAIN,4,1.000000000000
congressional,DORCHESTER - TUPPERWAY,1,1.000000000000
congressional,DORCHESTER - TUPPERWAY 2,1,1.000000000000
congressional,LEE - TURKEY CREEK,5,0.999989442082
congressional,LEE - TURKEY CREEK,7,0.000010557918
congressional,SUMTER - TURKEY CREEK,5,0.000211274569
congressional,SUMTER - TURKEY CREEK,6,0.999788725431
congressional,SPARTANBURG - TWO MILE CREEK,4,1.000000000000
congressional,GREENVILLE - TYGER RIVER,4,1.000000000000
congressional,SPARTANBURG - TYGER RIVER,4,1.000000000000
congressional,ALLENDALE - ULMER,2,0.000000008244
congressional,ALLENDALE - ULMER,6,0.999999991756
congressional,UNION - UNION WARD 1 BOX 1,5,1.000000000000
congressional,UNION - UNION WARD 1 BOX 2,5,1.000000000000
congressional,UNION - UNION WARD 2,5,1.000000000000
congressional,UNION - UNION WARD 3,5,1.000000000000
congressional,UNION - UNION WARD 4 BOX 1,5,1.000000000000
congressional,UNION - UNION WARD 4 BOX 2,5,1.000000000000
congressional,PICKENS - UNIVERSITY,3,1.000000000000
congressional,YORK - UNIVERSITY,5,1.000000000000
congressional,RICHLAND - VALHALLA,2,1.000000000000
congressional,SPARTANBURG - VALLEY FALLS,4,1.000000000000
congressional,RICHLAND - VALLEY STATE PARK,2,0.000000070961
congressional,RICHLAND - VALLEY STATE PARK,6,0.999999929039
congressional,ORANGEBURG - VANCE,6,1.000000000000
congressional,ANDERSON - VARENNES,3,1.000000000000
congressional,HAMPTON - VARNVILLE,6,1.000000000000
congressional,GREENWOOD - VERDERY,3,1.000000000000
congressional,GREENVILLE - VERDMONT,3,1.000000000000
congressional,SPARTANBURG - VICTOR MILL METHODIST,4,1.000000000000
congressional,PICKENS - VINLAND,3,0.999347453392
congressional,PICKENS - VINLAND,4,0.000652546608
congressional,FLORENCE - VOX,6,0.000001649584
congressional,FLORENCE - VOX,7,0.999998350416
congressional,MARLBORO - W BENNETTSVILLE,7,1.000000000000
congressional,HORRY - WACCAMAW,7,1.000000000000
congressional,GREENVILLE - WADE HAMPTON,4,1.000000000000
congressional,SPARTANBURG - WADE HAMPTON,4,1.000000000000
congressional,CHARLESTON - WADMALAW ISLAND 1,1,1.000000000000
congressional,CHARLESTON - WADMALAW ISLAND 2,1,1.000000000000
congressional,RICHLAND - WALDEN,2,0.000000721111
congressional,RICHLAND - WALDEN,6,0.999999278889
congressional,MARLBORO - WALLACE,7,1.000000000000
congressional,GREENVILLE - WALNUT SPRINGS,3,0.998576518733
congressional,GREENVILLE - WALNUT SPRINGS,4,0.001423481267
congressional,COLLETON - WALTERBORO NO. 1,6,1.000000000000
congressional,COLLETON - WALTERBORO NO. 2,6,1.000000000000
congressional,COLLETON - WALTERBORO NO. 3,6,1.000000000000
congressional,COLLETON - WALTERBORO NO. 4,6,1.000000000000
congressional,COLLETON - WALTERBORO NO. 5,6,1.000000000000
congressional,COLLETON - WALTERBORO NO. 6,6,1.000000000000
congressional,HORRY - WAMPEE,7,1.000000000000
congressional,SALUDA - WARD,3,1.000000000000
congressional,RICHLAND - WARD 1,6,1.000000000000
congressional,RICHLAND - WARD 10,6,1.000000000000
congressional,RICHLAND - WARD 11,6,1.000000000000
congressional,RICHLAND - WARD 12,6,1.000000000000
congressional,RICHLAND - WARD 13,6,1.000000000000
congressional,RICHLAND - WARD 14,2,0.000143135736
congressional,RICHLAND - WARD 14,6,0.999856864264
congressional,RICHLAND - WARD 15,6,1.000000000000
congressional,RICHLAND - WARD 16,2,0.999881842098
congressional,RICHLAND - WARD 16,6,0.000118157902
congressional,RICHLAND - WARD 17,2,1.000000000000
congressional,RICHLAND - WARD 18,6,1.000000000000
congressional,RICHLAND - WARD 19,6,1.000000000000
congressional,RICHLAND - WARD 2,6,1.000000000000
congressional,RICHLAND - WARD 20,6,1.000000000000
congressional,RICHLAND - WARD 21,6,1.000000000000
congressional,RICHLAND - WARD 22,6,1.000000000000
congressional,RICHLAND - WARD 23,2,0.000227945047
congressional,RICHLAND - WARD 23,6,0.999772054953
congressional,RICHLAND - WARD 24,2,1.000000000000
congressional,RICHLAND - WARD 25,2,1.000000000000
congressional,RICHLAND - WARD 26,2,0.999999936288
congressional,RICHLAND - WARD 26,6,0.000000063712
congressional,RICHLAND - WARD 29,6,1.000000000000
congressional,RICHLAND - WARD 3,6,1.000000000000
congressional,RICHLAND - WARD 30,2,0.001326891664
congressional,RICHLAND - WARD 30,6,0.998673108336
congressional,RICHLAND - WARD 31,6,1.000000000000
congressional,RICHLAND - WARD 32,6,1.000000000000
congressional,RICHLAND - WARD 33,6,1.000000000000
congressional,RICHLAND - WARD 34,2,0.000002934968
congressional,RICHLAND - WARD 34,6,0.999997065032
congressional,RICHLAND - WARD 4,6,1.000000000000
congressional,RICHLAND - WARD 5,2,0.002866279936
congressional,RICHLAND - WARD 5,6,0.997133720064
congressional,RICHLAND - WARD 6,2,0.005275171600
congressional,RICHLAND - WARD 6,6,0.994724828400
congressional,RICHLAND - WARD 7,6,1.000000000000
congressional,RICHLAND - WARD 8,6,1.000000000000
congressional,RICHLAND - WARD 9,6,1.000000000000
congressional,GREENVILLE - WARE PLACE,3,1.000000000000
congressional,GREENWOOD - WARE SHOALS,3,1.000000000000
congressional,BERKELEY - WASSAMASSAW 1,1,1.000000000000
congressional,BERKELEY - WASSAMASSAW 2,1,1.000000000000
congressional,YORK - WATERSTONE,5,1.000000000000
congressional,BERKELEY - WEATHERSTONE,1,1.000000000000
congressional,RICHLAND - WEBBER,5,0.000000085122
congressional,RICHLAND - WEBBER,6,0.999999914878
congressional,GREENVILLE - WELCOME,4,1.000000000000
congressional,SPARTANBURG - WELLFORD,4,1.000000000000
congressional,GREENVILLE - WELLINGTON,4,1.000000000000
congressional,PICKENS - WEST CENTRAL,3,1.000000000000
congressional,LEXINGTON - WEST COLUMBIA NO. 1,2,0.999998918537
congressional,LEXINGTON - WEST COLUMBIA NO. 1,6,0.000001081463
congressional,LEXINGTON - WEST COLUMBIA NO. 2,2,1.000000000000
congressional,LEXINGTON - WEST COLUMBIA NO. 3,2,1.000000000000
congressional,LEXINGTON - WEST COLUMBIA NO. 4,2,1.000000000000
congressional,HORRY - WEST CONWAY,7,1.000000000000
congressional,BAMBERG - WEST DENMARK,2,0.000242765145
congressional,BAMBERG - WEST DENMARK,6,0.999757234855
congressional,DILLON - WEST DILLON,7,1.000000000000
congressional,FLORENCE - WEST FLORENCE 1,7,1.000000000000
congressional,FLORENCE - WEST FLORENCE 2,7,1.000000000000
congressional,PICKENS - WEST LIBERTY,3,1.000000000000
congressional,HORRY - WEST LORIS,7,1.000000000000
congressional,ANDERSON - WEST PELZER,3,1.000000000000
congressional,PICKENS - WEST PICKENS,3,1.000000000000
congressional,ANDERSON - WEST SAVANNAH,3,1.000000000000
congressional,UNION - WEST SPRINGS,5,1.000000000000
congressional,SPARTANBURG - WEST VIEW ELEMENTARY,4,1.000000000000
congressional,GREENVILLE - WESTCLIFFE,3,0.000694953565
congressional,GREENVILLE - WESTCLIFFE,4,0.999305046435
congressional,RICHLAND - WESTMINSTER,6,1.000000000000
congressional,LEXINGTON - WESTOVER,2,0.990242991320
congressional,LEXINGTON - WESTOVER,6,0.009757008680
congressional,EDGEFIELD - WESTSIDE,3,1.000000000000
congressional,GREENVILLE - WESTSIDE,4,1.000000000000
congressional,BERKELEY - WESTVIEW 1,1,1.000000000000
congressional,BERKELEY - WESTVIEW 2,1,0.997766404303
congressional,BERKELEY - WESTVIEW 2,6,0.002233595697
congressional,BERKELEY - WESTVIEW 3,1,0.996185291888
congressional,BERKELEY - WESTVIEW 3,6,0.003814708112
congressional,BERKELEY - WESTVIEW 4,1,1.000000000000
congressional,KERSHAW - WESTVILLE,5,1.000000000000
congressional,NEWBERRY - WHEELAND,2,0.000000198043
congressional,NEWBERRY - WHEELAND,3,0.999999801957
congressional,KERSHAW - WHITES GARDENS,5,1.000000000000
congressional,LEXINGTON - WHITE KNOLL,2,1.000000000000
congressional,FAIRFIELD - WHITE OAK,5,1.000000000000
congressional,HORRY - WHITE OAK,7,1.000000000000
congressional,ANDERSON - WHITE PLAINS,3,1.000000000000
congressional,CHEROKEE - WHITE PLAINS,5,1.000000000000
congressional,LEXINGTON - WHITEHALL,2,1.000000000000
congressional,BERKELEY - WHITESVILLE 1,1,1.000000000000
congressional,BERKELEY - WHITESVILLE 2,1,1.000000000000
congressional,RICHLAND - WHITEWELL,2,0.008460529555
congressional,RICHLAND - WHITEWELL,6,0.991539470445
congressional,SPARTANBURG - WHITLOCK JR. HIGH,4,0.000000005318
congressional,SPARTANBURG - WHITLOCK JR. HIGH,5,0.999999994682
congressional,NEWBERRY - WHITMIRE CITY,3,1.000000000000
congressional,NEWBERRY - WHITMIRE OUTSIDE,3,0.999999991943
congressional,NEWBERRY - WHITMIRE OUTSIDE,5,0.000000008057
congressional,ORANGEBURG - WHITTAKER,6,1.000000000000
congressional,HORRY - WILD WING,7,1.000000000000
congressional,BERKELEY - WILDCAT TRAIL,1,1.000000000000
congressional,SUMTER - WILDER,5,0.000049299887
congressional,SUMTER - WILDER,6,0.999950700113
congressional,RICHLAND - WILDEWOOD,2,1.000000000000
congressional,CHEROKEE - WILKINSVILLE AND METCALF,5,1.000000000000
congressional,CHESTER - WILKSBURG,5,1.000000000000
congressional,COLLETON - WILLIAMS,6,1.000000000000
congressional,ANDERSON - WILLIAMSTON,3,1.000000000000
congressional,ANDERSON - WILLIAMSTON MILL,3,1.000000000000
congressional,MCCORMICK - WILLINGTON,3,1.000000000000
congressional,BARNWELL - WILLISTON 1,2,1.000000000000
congressional,BARNWELL - WILLISTON 2,2,1.000000000000
congressional,BARNWELL - WILLISTON 3,2,1.000000000000
congressional,SPARTANBURG - WILLOW CREEK,4,1.000000000000
congressional,SUMTER - WILSON HALL,5,1.000000000000
congressional,YORK - WINDJAMMER,5,1.000000000000
congressional,DORCHESTER - WINDSOR,1,0.190729622641
congressional,DORCHESTER - WINDSOR,6,0.809270377359
congressional,DORCHESTER - WINDSOR 2,6,1.000000000000
congressional,HORRY - WINDY HILL 1,7,1.000000000000
congressional,HORRY - WINDY HILL 2,7,1.000000000000
congressional,FAIRFIELD - WINNSBORO MILLS,5,1.000000000000
congressional,FAIRFIELD - WINNSBORO NO. 1,5,1.000000000000
congressional,FAIRFIELD - WINNSBORO NO. 2,5,1.000000000000
congressional,GEORGETOWN - WINYAH BAY,7,1.000000000000
congressional,COLLETON - WOLFE CREEK,6,1.000000000000
congressional,CHEROKEE - WOODS,5,1.000000000000
congressional,RICHLAND - WOODFIELD,2,1.000000000000
congressional,SPARTANBURG - WOODLAND HEIGHTS RECREATION CENTER,4,1.000000000000
congressional,LEXINGTON - WOODLAND HILLS,2,0.999999119731
congressional,LEXINGTON - WOODLAND HILLS,6,0.000000880269
congressional,RICHLAND - WOODLANDS,2,1.000000000000
congressional,GREENVILLE - WOODMONT,3,0.999999990511
congressional,GREENVILLE - WOODMONT,4,0.000000009489
congressional,LEE - WOODROW,5,1.000000000000
congressional,GREENVILLE - WOODRUFF LAKES,4,1.000000000000
congressional,SPARTANBURG - WOODRUFF LEISURE CENTER,4,1.000000000000
congressional,ALLENDALE - WOODS,6,1.000000000000
congressional,PICKENS - WOODSIDE,3,1.000000000000
congressional,FAIRFIELD - WOODWARD,5,1.000000000000
congressional,ANDERSON - WRIGHTS SCHOOL,3,1.000000000000
congressional,YORK - WYLIE,5,1.000000000000
congressional,BERKELEY - YEAMANS CLUB,1,0.995982925965
congressional,BERKELEY - YEAMANS CLUB,6,0.004017074035
congressional,BERKELEY - YELLOW HOUSE,1,0.999365393082
congressional,BERKELEY - YELLOW HOUSE,6,0.000634606918
congressional,HAMPTON - YEMASSEE,6,1.000000000000
congressional,YORK - YORK NO. 1,5,1.000000000000
congressional,YORK - YORK NO. 2,5,1.000000000000
congressional,MARION - ZION,7,1.000000000000
congressional,PICKENS - ZION,3,1.000000000000
congressional,AIKEN - N. AUGUSTA NO. 55,2,1.000000000000
congressional,AIKEN - SIX POINTS NO. 35,2,1.000000000000
congressional,AIKEN - VAUCLUSE,2,1.000000000000
congressional,AIKEN - AIKEN NO. 2,2,1.000000000000
congressional,AIKEN - SIX POINTS NO. 46,2,1.000000000000
congressional,AIKEN - AIKEN NO. 5,2,1.000000000000
congressional,AIKEN - HOLLOW CREEK,2,1.000000000000
congressional,AIKEN - SANDSTONE NO. 70,2,1.000000000000
congressional,AIKEN - AIKEN NO. 4,2,1.000000000000
congressional,AIKEN - COUCHTON,2,1.000000000000
congressional,AIKEN - GEM LAKES NO. 60,2,1.000000000000
congressional,AIKEN - SOUTH AIKEN NO. 75,2,1.000000000000
congressional,AIKEN - HITCHCOCK NO. 66,2,1.000000000000
congressional,AIKEN - LEVELS NO. 72,2,1.000000000000
congressional,AIKEN - WARD,2,1.000000000000
congressional,AIKEN - SHAWS FORK,2,1.000000000000
congressional,AIKEN - BEECH ISLAND,2,1.000000000000
congressional,AIKEN - JACKSON,2,1.000000000000
congressional,AIKEN - PINE FOREST,2,1.000000000000
congressional,AIKEN - CAROLINA HEIGHTS,2,1.000000000000
congressional,AIKEN - WHITE POND,2,1.000000000000
congressional,AIKEN - MONTMORENCI NO. 78,2,1.000000000000
congressional,AIKEN - TALATHA,2,1.000000000000
congressional,AIKEN - SLEEPY HOLLOW NO. 65,2,1.000000000000
congressional,AIKEN - NEW HOLLAND,2,1.000000000000
congressional,AIKEN - MONETTA,2,1.000000000000
congressional,AIKEN - TABERNACLE,2,1.000000000000
congressional,AIKEN - PERRY,2,1.000000000000
congressional,AIKEN - MISTY LAKES,2,1.000000000000
congressional,AIKEN - MIDLAND VALLEY NO. 71,2,1.000000000000
congressional,AIKEN - N. AUGUSTA NO. 80,2,1.000000000000
congressional,AIKEN - N. AUGUSTA NO. 29,2,1.000000000000
congressional,AIKEN - BELVEDERE NO. 74,2,1.000000000000
congressional,AIKEN - BELVEDERE NO. 9,2,1.000000000000
congressional,AIKEN - N. AUGUSTA NO. 25,2,1.000000000000
congressional,AIKEN - FOX CREEK NO. 73,2,1.000000000000
congressional,AIKEN - N. AUGUSTA NO. 54,2,1.000000000000
congressional,AIKEN - BELVEDERE NO. 44,2,1.000000000000
congressional,AIKEN - N. AUGUSTA NO. 26,2,1.000000000000
congressional,AIKEN - CLEARWATER,2,1.000000000000
congressional,AIKEN - WILLOW SPRINGS,2,1.000000000000
congressional,AIKEN - GLOVERVILLE,2,1.000000000000
congressional,AIKEN - LANGLEY,2,1.000000000000
congressional,AIKEN - LYNWOOD,2,1.000000000000
congressional,AIKEN - FOX CREEK NO. 58,2,1.000000000000
congressional,AIKEN - N. AUGUSTA NO. 68,2,1.000000000000
congressional,AIKEN - ASCAUGA LAKE NO. 84,2,1.000000000000
congressional,AIKEN - ASCAUGA LAKE,2,1.000000000000
congressional,AIKEN - GRANITEVILLE,2,1.000000000000
congressional,AIKEN - EUREKA,2,1.000000000000
congressional,AIKEN - CHINA SPRINGS,2,1.000000000000
congressional,AIKEN - WARRENVILLE,2,1.000000000000
congressional,AIKEN - AIKEN NO. 1,2,1.000000000000
congressional,AIKEN - AIKEN NO. 47,2,1.000000000000
congressional,AIKEN - AIKEN NO. 3,2,1.000000000000
congressional,AIKEN - MILLBROOK,2,1.000000000000
congressional,AIKEN - LEVELS NO. 83,2,1.000000000000
congressional,AIKEN - GEM LAKES NO. 77,2,1.000000000000
congressional,AIKEN - REDDS BRANCH,2,1.000000000000
congressional,AIKEN - COLLEGE ACRES,2,1.000000000000
congressional,AIKEN - AIKEN NO. 6,2,1.000000000000
congressional,AIKEN - MONTMORENCI NO. 22,2,1.000000000000
congressional,AIKEN - ANDERSON POND NO. 69,2,1.000000000000
congressional,AIKEN - LEVELS NO. 52,2,1.000000000000
congressional,AIKEN - SANDSTONE NO. 79,2,1.000000000000
congressional,AIKEN - SHILOH,2,1.000000000000
congressional,AIKEN - HAMMOND NO. 81,2,1.000000000000
congressional,AIKEN - SILVER BLUFF,2,1.000000000000
congressional,AIKEN - HAMMOND,2,1.000000000000
congressional,AIKEN - WINDSOR,2,1.000000000000
congressional,AIKEN - WINDSOR NO. 82,2,1.000000000000
congressional,AIKEN - BATH,2,1.000000000000
congressional,AIKEN - CEDAR CREEK NO. 64,2,1.000000000000
congressional,AIKEN - OAK GROVE,2,1.000000000000
congressional,AIKEN - NEW ELLENTON,2,1.000000000000
congressional,AIKEN - N. AUGUSTA NO. 27,2,1.000000000000
congressional,AIKEN - SALLEY,2,1.000000000000
congressional,AIKEN - WAGENER,2,1.000000000000
congressional,AIKEN - BELVEDERE NO. 62,2,1.000000000000
congressional,AIKEN - N. AUGUSTA NO. 28,2,1.000000000000
congressional,AIKEN - N. AUGUSTA NO. 67,2,1.000000000000
congressional,AIKEN - SOUTH AIKEN NO. 76,2,1.000000000000
congressional,AIKEN - MIDLAND VALLEY NO. 51,2,1.000000000000
congressional,AIKEN - BREEZY HILL,2,1.000000000000
congressional,AIKEN - SOUTH CREEK NO. 89,2,1.000000000000
congressional,AIKEN - MIDLANDS NO. 88,2,1.000000000000
congressional,AIKEN - COMMUNITY NO. 86,2,1.000000000000
congressional,AIKEN - BREEZY NO. 87,2,1.000000000000
congressional,AIKEN - CREEK NO. 85,2,0.999999473725
congressional,AIKEN - CREEK NO. 85,3,0.000000526275
congressional,OCONEE - WALHALLA 2,3,1.000000000000
congressional,OCONEE - LONG CREE,3,1.000000000000
congressional,OCONEE - WESTMINSTER 2,3,1.000000000000
congressional,OCONEE - MOUNTAIN REST,3,1.000000000000
congressional,OCONEE - WALHALLA 1,3,1.000000000000
congressional,OCONEE - WESTMINSTER 1,3,1.000000000000
congressional,OCONEE - OAKWAY,3,1.000000000000
congressional,OCONEE - TOKEENA-PROVIDENCE,3,1.000000000000
congressional,OCONEE - SOUTH UNION,3,1.000000000000
congressional,OCONEE - RETURN,3,1.000000000000
congressional,OCONEE - FAIR PLAY,3,1.000000000000
congressional,OCONEE - EARLES GROVE,3,1.000000000000
congressional,OCONEE - RICHLAND,3,1.000000000000
congressional,OCONEE - SALEM,3,1.000000000000
congressional,OCONEE - KEOWEE,3,1.000000000000
congressional,OCONEE - WEST UNION,3,1.000000000000
congressional,OCONEE - NEW HOPE,3,1.000000000000
congressional,OCONEE - STAMP CREEK,3,1.000000000000
congressional,OCONEE - BOUNTYLAND,3,1.000000000000
congressional,OCONEE - SENECA 1,3,1.000000000000
congressional,OCONEE - FRIENDSHIP,3,1.000000000000
congressional,OCONEE - SHILOH,3,1.000000000000
congressional,OCONEE - RAVENEL,3,1.000000000000
congressional,OCONEE - SENECA 2,3,1.000000000000
congressional,OCONEE - SENECA 4,3,1.000000000000
congressional,OCONEE - NEWRY-CORINTH,3,1.000000000000
congressional,OCONEE - SENECA 3,3,1.000000000000
congressional,OCONEE - UTICA,3,1.000000000000
congressional,OCONEE - TAMASSEE,3,1.000000000000
congressional,OCONEE - MADISON,3,1.000000000000
congressional,OCONEE - HOLLY SPRINGS,3,1.000000000000
congressional,LAURENS - CLINTON MILL,3,1.000000000000
congressional,LAURENS - CLINTON 1,3,1.000000000000
congressional,LAURENS - CLINTON 2,3,1.000000000000
congressional,LAURENS - LYDIA MILL,3,1.000000000000
congressional,LAURENS - JOANNA,3,1.000000000000
congressional,LAURENS - LONG BRANCH,3,1.000000000000
congressional,LAURENS - CLINTON 3,3,1.000000000000
congressional,LAURENS - BAILEY,3,1.000000000000
congressional,LAURENS - MOUNTVILLE,3,1.000000000000
congressional,LAURENS - CROSS HILL,3,1.000000000000
congressional,LAURENS - WATERLOO,3,1.000000000000
congressional,LAURENS - COOKS,3,1.000000000000
congressional,LAURENS - JONES,3,1.000000000000
congressional,LAURENS - GRAY COURT,3,1.000000000000
congressional,LAURENS - EKOM,3,1.000000000000
congressional,LAURENS - BARKSDALE-NARINE,3,1.000000000000
congressional,LAURENS - ORA-LANFORD,3,1.000000000000
congressional,LAURENS - GREENPOND,3,1.000000000000
congressional,LAURENS - WATTSVILLE,3,1.000000000000
congressional,LAURENS - LAURENS 6,3,1.000000000000
congressional,LAURENS - MARTINS-POPLAR SPRINGS,3,1.000000000000
congressional,LAURENS - MOUNT OLIVE,3,1.000000000000
congressional,LAURENS - LAURENS 4,3,1.000000000000
congressional,LAURENS - LAURENS 3,3,1.000000000000
congressional,LAURENS - MADDENS,3,1.000000000000
congressional,LAURENS - HICKORY TAVERN,3,1.000000000000
congressional,LAURENS - BREWERTON - PRINCETON,3,1.000000000000
congressional,LAURENS - LAURENS 2,3,1.000000000000
congressional,LAURENS - TRINITY RIDGE,3,1.000000000000
congressional,LAURENS - LAURENS 5,3,1.000000000000
congressional,LAURENS - LAURENS 1,3,1.000000000000
congressional,LAURENS - YOUNGS,3,1.000000000000
congressional,BEAUFORT - BEAUFORT 1,1,1.000000000000
congressional,BEAUFORT - BEAUFORT 2,1,1.000000000000
congressional,BEAUFORT - BEAUFORT 3,1,1.000000000000
congressional,BEAUFORT - BELFAIR 1,1,1.000000000000
congressional,BEAUFORT - BELFAIR 2,1,1.000000000000
congressional,BEAUFORT - BLUFFTON 1A,1,1.000000000000
congressional,BEAUFORT - BLUFFTON 1B,1,1.000000000000
congressional,BEAUFORT - BLUFFTON 1C,1,1.000000000000
congressional,BEAUFORT - BLUFFTON 1D,1,1.000000000000
congressional,BEAUFORT - BLUFFTON 2A,1,1.000000000000
congressional,BEAUFORT - BLUFFTON 2B,1,1.000000000000
congressional,BEAUFORT - BLUFFTON 2F,1,1.000000000000
congressional,BEAUFORT - BLUFFTON 2D,1,1.000000000000
congressional,BEAUFORT - BLUFFTON 2E,1,1.000000000000
congressional,BEAUFORT - BLUFFTON 3,1,1.000000000000
congressional,BEAUFORT - BLUFFTON 4B,1,1.000000000000
congressional,BEAUFORT - BLUFFTON 4C,1,1.000000000000
congressional,BEAUFORT - BLUFFTON 4D,1,1.000000000000
congressional,BEAUFORT - BLUFFTON 4E,1,1.000000000000
congressional,BEAUFORT - BLUFFTON 5A,1,1.000000000000
congressional,BEAUFORT - BLUFFTON 5B,1,1.000000000000
congressional,BEAUFORT - BLUFFTON 5C,1,1.000000000000
congressional,BEAUFORT - BLUFFTON 5D,1,1.000000000000
congressional,BEAUFORT - BLUFFTON 5E,1,1.000000000000
congressional,BEAUFORT - BLUFFTON 6A,1,1.000000000000
congressional,BEAUFORT - BLUFFTON 6B,1,1.000000000000
congressional,BEAUFORT - BLUFFTON 7B,1,0.999999998949
congressional,BEAUFORT - BLUFFTON 7B,6,0.000000001051
congressional,BEAUFORT - BUCKWALTER 1,1,1.000000000000
congressional,BEAUFORT - BUCKWALTER 2,1,1.000000000000
congressional,BEAUFORT - BURTON 1A,1,1.000000000000
congressional,BEAUFORT - BURTON 1B,1,1.000000000000
congressional,BEAUFORT - BURTON 1C,1,1.000000000000
congressional,BEAUFORT - BURTON 1D,1,1.000000000000
congressional,BEAUFORT - BURTON 2A,1,1.000000000000
congressional,BEAUFORT - BURTON 2B,1,1.000000000000
congressional,BEAUFORT - BURTON 2C,1,1.000000000000
congressional,BEAUFORT - BURTON 2D,1,1.000000000000
congressional,BEAUFORT - BURTON 3A,1,1.000000000000
congressional,BEAUFORT - BURTON 3B,1,1.000000000000
congressional,BEAUFORT - BURTON 4,1,1.000000000000
congressional,BEAUFORT - BURTON 5A,1,1.000000000000
congressional,BEAUFORT - BURTON 5B,1,1.000000000000
congressional,BEAUFORT - CHECHESSEE 1,1,1.000000000000
congressional,BEAUFORT - CHECHESSEE 2,1,1.000000000000
congressional,BEAUFORT - CHECHESSEE 3,1,1.000000000000
congressional,BEAUFORT - DALE LOBECO,1,1.000000000000
congressional,BEAUFORT - DAUFUSKIE,1,1.000000000000
congressional,BEAUFORT - HILTON HEAD 10,1,1.000000000000
congressional,BEAUFORT - HILTON HEAD 11,1,1.000000000000
congressional,BEAUFORT - HILTON HEAD 12,1,1.000000000000
congressional,BEAUFORT - HILTON HEAD 13,1,1.000000000000
congressional,BEAUFORT - HILTON HEAD 14,1,1.000000000000
congressional,BEAUFORT - HILTON HEAD 15A,1,1.000000000000
congressional,BEAUFORT - HILTON HEAD 15B,1,1.000000000000
congressional,BEAUFORT - HILTON HEAD 1A,1,1.000000000000
congressional,BEAUFORT - HILTON HEAD 1B,1,1.000000000000
congressional,BEAUFORT - HILTON HEAD 2A,1,1.000000000000
congressional,BEAUFORT - HILTON HEAD 2B,1,1.000000000000
congressional,BEAUFORT - HILTON HEAD 2C,1,1.000000000000
congressional,BEAUFORT - HILTON HEAD 2D,1,1.000000000000
congressional,BEAUFORT - HILTON HEAD 2E,1,1.000000000000
congressional,BEAUFORT - HILTON HEAD 3,1,1.000000000000
congressional,BEAUFORT - HILTON HEAD 4A,1,1.000000000000
congressional,BEAUFORT - HILTON HEAD 4B,1,1.000000000000
congressional,BEAUFORT - HILTON HEAD 4C,1,1.000000000000
congressional,BEAUFORT - HILTON HEAD 4D,1,1.000000000000
congressional,BEAUFORT - HILTON HEAD 5A,1,1.000000000000
congressional,BEAUFORT - HILTON HEAD 5B,1,1.000000000000
congressional,BEAUFORT - HILTON HEAD 5C,1,1.000000000000
congressional,BEAUFORT - HILTON HEAD 6,1,1.000000000000
congressional,BEAUFORT - HILTON HEAD 7A,1,1.000000000000
congressional,BEAUFORT - HILTON HEAD 7B,1,1.000000000000
congressional,BEAUFORT - HILTON HEAD 7C,1,1.000000000000
congressional,BEAUFORT - HILTON HEAD 8,1,1.000000000000
congressional,BEAUFORT - HILTON HEAD 9A,1,1.000000000000
congressional,BEAUFORT - HILTON HEAD 9B,1,1.000000000000
congressional,BEAUFORT - HILTON HEAD 9C,1,1.000000000000
congressional,BEAUFORT - HILTON HEAD 9D,1,1.000000000000
congressional,BEAUFORT - LADYS ISLAND 1A,1,1.000000000000
congressional,BEAUFORT - LADYS ISLAND 1B,1,1.000000000000
congressional,BEAUFORT - LADYS ISLAND 2A,1,1.000000000000
congressional,BEAUFORT - LADYS ISLAND 2B,1,1.000000000000
congressional,BEAUFORT - LADYS ISLAND 2C,1,1.000000000000
congressional,BEAUFORT - LADYS ISLAND 3A,1,1.000000000000
congressional,BEAUFORT - LADYS ISLAND 3B,1,1.000000000000
congressional,BEAUFORT - LADYS ISLAND 3C,1,1.000000000000
congressional,BEAUFORT - LADYS ISLAND 4A,1,1.000000000000
congressional,BEAUFORT - LADYS ISLAND 4B,1,1.000000000000
congressional,BEAUFORT - LADYS ISLAND 4C,1,1.000000000000
congressional,BEAUFORT - MOSS CREEK 2,1,1.000000000000
congressional,BEAUFORT - MOSSY OAKS 1A,1,1.000000000000
congressional,BEAUFORT - MOSSY OAKS 1B,1,1.000000000000
congressional,BEAUFORT - MOSSY OAKS 2,1,1.000000000000
congressional,BEAUFORT - NEW RIVER 1,1,1.000000000000
congressional,BEAUFORT - NEW RIVER 2,1,1.000000000000
congressional,BEAUFORT - PALMETTO BLUFF,1,1.000000000000
congressional,BEAUFORT - PORT ROYAL 1,1,1.000000000000
congressional,BEAUFORT - PORT ROYAL 2,1,1.000000000000
congressional,BEAUFORT - PRITCHARDVILLE 1,1,1.000000000000
congressional,BEAUFORT - RIVERBEND 1,1,1.000000000000
congressional,BEAUFORT - ROSE HILL 1,1,1.000000000000
congressional,BEAUFORT - ROSE HILL 2,1,1.000000000000
congressional,BEAUFORT - SANDY POINTE,1,1.000000000000
congressional,BEAUFORT - SEABROOK 1,1,1.000000000000
congressional,BEAUFORT - SEABROOK 2,1,1.000000000000
congressional,BEAUFORT - SEABROOK 3,1,1.000000000000
congressional,BEAUFORT - SHELDON 1,1,1.000000000000
congressional,BEAUFORT - SHELDON 2,1,1.000000000000
congressional,BEAUFORT - SPANISH WELLS,1,1.000000000000
congressional,BEAUFORT - ST. HELENA 1A,1,1.000000000000
congressional,BEAUFORT - ST. HELENA 1B,1,1.000000000000
congressional,BEAUFORT - ST. HELENA 1C,1,1.000000000000
congressional,BEAUFORT - ST. HELENA 2A,1,1.000000000000
congressional,BEAUFORT - ST. HELENA 2B,1,1.000000000000
congressional,BEAUFORT - ST. HELENA 2C,1,1.000000000000
congressional,BEAUFORT - SUN CITY 1,1,1.000000000000
congressional,BEAUFORT - SUN CITY 10,1,1.000000000000
congressional,BEAUFORT - SUN CITY 2,1,1.000000000000
congressional,BEAUFORT - SUN CITY 3,1,1.000000000000
congressional,BEAUFORT - SUN CITY 4,1,1.000000000000
congressional,BEAUFORT - SUN CITY 5,1,1.000000000000
congressional,BEAUFORT - SUN CITY 6,1,1.000000000000
congressional,BEAUFORT - SUN CITY 7,1,1.000000000000
congressional,BEAUFORT - SUN CITY 8,1,1.000000000000
congressional,BEAUFORT - SUN CITY 9,1,1.000000000000
congressional,BEAUFORT - NEW RIVER 3,1,1.000000000000
congressional,BEAUFORT - BLUFFTON 2C,1,1.000000000000
congressional,BEAUFORT - BLUFFTON 7A,1,0.999999944913
congressional,BEAUFORT - BLUFFTON 7A,6,0.000000055087
congressional,BEAUFORT - MOSS CREEK 1,1,1.000000000000
congressional,BEAUFORT - LADYS ISLAND 2D,1,1.000000000000
congressional,BEAUFORT - BLUFFTON 4F,1,1.000000000000
congressional,BEAUFORT - RIVERBEND 2,1,1.000000000000
congressional,BEAUFORT - ST. HELENA 1D,1,1.000000000000
congressional,BEAUFORT - BLUFFTON 4A,1,1.000000000000
congressional,CLARENDON - ALCOLU,6,1.000000000000
congressional,CLARENDON - BARRINEAU,6,0.999999581770
congressional,CLARENDON - BARRINEAU,7,0.000000418230
congressional,CLARENDON - BARROWS MILL,6,1.000000000000
congressional,CLARENDON - BLOOMVILLE,6,1.000000000000
congressional,CLARENDON - CALVARY,5,0.000000044468
congressional,CLARENDON - CALVARY,6,0.999999955532
congressional,CLARENDON - DAVIS STATION,6,1.000000000000
congressional,CLARENDON - HARMONY,6,1.000000000000
congressional,CLARENDON - HICKS,6,0.999999753143
congressional,CLARENDON - HICKS,7,0.000000246857
congressional,CLARENDON - HOME BRANCH,6,1.000000000000
congressional,CLARENDON - JORDAN,6,1.000000000000
congressional,CLARENDON - MANNING NO. 1,6,1.000000000000
congressional,CLARENDON - MANNING NO. 2,6,1.000000000000
congressional,CLARENDON - MANNING NO. 3,6,1.000000000000
congressional,CLARENDON - MANNING NO. 4,6,1.000000000000
congressional,CLARENDON - MANNING NO. 5,6,1.000000000000
congressional,CLARENDON - NEW ZION,6,1.000000000000
congressional,CLARENDON - OAKDALE,6,1.000000000000
congressional,CLARENDON - PANOLA,6,1.000000000000
congressional,CLARENDON - PAXVILLE,6,1.000000000000
congressional,CLARENDON - SARDINIA-GABLE,6,1.000000000000
congressional,CLARENDON - SUMMERTON NO. 2,6,1.000000000000
congressional,CLARENDON - SUMMERTON NO. 3,6,1.000000000000
congressional,CLARENDON - TURBEVILLE,6,1.000000000000
congressional,CLARENDON - WILSON-FORESTON,6,1.000000000000
congressional,CLARENDON - SUMMERTON NO. 1,6,1.000000000000
congressional,CLARENDON - SUMMERTON NO. 4,6,1.000000000000
congressional,LANCASTER - 521 NORTH,5,1.000000000000
congressional,LANCASTER - ANTIOCH,5,1.000000000000
congressional,LANCASTER - BLACK HORSE RUN,5,1.000000000000
congressional,LANCASTER - BUFORD,5,1.000000000000
congressional,LANCASTER - CAMP CREEK,5,1.000000000000
congressional,LANCASTER - CHESTERFIELD AVE,5,1.000000000000
congressional,LANCASTER - COLLEGE PARK,5,1.000000000000
congressional,LANCASTER - DOUGLAS,5,1.000000000000
congressional,LANCASTER - ELGIN,5,1.000000000000
congressional,LANCASTER - ERWIN FARM,5,1.000000000000
congressional,LANCASTER - FLAT CREEK,5,1.000000000000
congressional,LANCASTER - GOLD HILL,5,1.000000000000
congressional,LANCASTER - HARRISBURG,5,1.000000000000
congressional,LANCASTER - HYDE PARK,5,1.000000000000
congressional,LANCASTER - JIM WILSON,5,1.000000000000
congressional,LANCASTER - KERSHAW,5,1.000000000000
congressional,LANCASTER - SUN CITY-CAROLINA LAKES,5,1.000000000000
congressional,LANCASTER - MCLLWAIN,5,1.000000000000
congressional,LANCASTER - OSCEOLA,5,1.000000000000
congressional,LANCASTER - PLEASANT HILL,5,1.000000000000
congressional,LANCASTER - PLEASANT VALLEY,5,1.000000000000
congressional,LANCASTER - POSSUM HOLLOW,5,1.000000000000
congressional,LANCASTER - RICH HILL,5,1.000000000000
congressional,LANCASTER - RIVER ROAD,5,1.000000000000
congressional,LANCASTER - RIVERSIDE,5,1.000000000000
congressional,LANCASTER - SIX MILE CREEK,5,1.000000000000
congressional,LANCASTER - SPRINGDALE,5,1.000000000000
congressional,LANCASTER - TRADESVILLE,5,1.000000000000
congressional,LANCASTER - UNITY,5,1.000000000000
congressional,LANCASTER - VAN WYCK,5,1.000000000000
congressional,LANCASTER - HEATH SPRINGS,5,1.000000000000
state_house_2022,ABBEVILLE - ABBEVILLE NO. 1,11,1.000000000000
state_house_2022,ABBEVILLE - ABBEVILLE NO. 2,11,0.996481456332
state_house_2022,ABBEVILLE - ABBEVILLE NO. 2,12,0.003518543668
state_house_2022,ABBEVILLE - ABBEVILLE NO. 3,11,0.999994727595
state_house_2022,ABBEVILLE - ABBEVILLE NO. 3,12,0.000005272405
state_house_2022,ABBEVILLE - ABBEVILLE NO. 4,11,1.000000000000
state_house_2022,PICKENS - ABEL,3,1.000000000000
state_house_2022,SPARTANBURG - ABNER CREEK BAPTIST,34,0.154558311078
state_house_2022,SPARTANBURG - ABNER CREEK BAPTIST,35,0.845441688922
state_house_2022,UNION - ADAMSBURG,42,1.000000000000
state_house_2022,MARLBORO - ADAMSVILLE,54,1.000000000000
state_house_2022,YORK - ADNAH,46,1.000000000000
state_house_2022,HORRY - ADRIAN,58,0.335319185312
state_house_2022,HORRY - ADRIAN,105,0.664680814688
state_house_2022,GREENVILLE - AIKEN,5,0.000379426020
state_house_2022,GREENVILLE - AIKEN,10,0.132678846697
state_house_2022,GREENVILLE - AIKEN,19,0.296234230866
state_house_2022,GREENVILLE - AIKEN,23,0.570707496417
state_house_2022,GREENWOOD - AIRPORT,12,0.000000453201
state_house_2022,GREENWOOD - AIRPORT,13,0.999999546799
state_house_2022,KERSHAW - AIRPORT,50,0.074106635547
state_house_2022,KERSHAW - AIRPORT,52,0.925893364453
state_house_2022,SPARTANBURG - AIRPORT,31,0.825072178905
state_house_2022,SPARTANBURG - AIRPORT,33,0.174927821095
state_house_2022,YORK - AIRPORT,46,1.000000000000
state_house_2022,PICKENS - ALBERT R. LEWIS,1,0.474095173624
state_house_2022,PICKENS - ALBERT R. LEWIS,4,0.525904826376
state_house_2022,ALLENDALE - ALLENDALE NO. 1,91,1.000000000000
state_house_2022,ALLENDALE - ALLENDALE NO. 2,91,1.000000000000
state_house_2022,CHEROKEE - ALLENS,29,1.000000000000
state_house_2022,GREENWOOD - ALLIES CROSSING,13,0.999999994766
state_house_2022,GREENWOOD - ALLIES CROSSING,40,0.000000005234
state_house_2022,YORK - ALLISON CREEK,47,0.576458868958
state_house_2022,YORK - ALLISON CREEK,48,0.423541131042
state_house_2022,HORRY - ALLSBROOK,55,0.255713497325
state_house_2022,HORRY - ALLSBROOK,105,0.744286502675
state_house_2022,CHEROKEE - ALMA MILL,29,0.004584698797
state_house_2022,CHEROKEE - ALMA MILL,30,0.995415301203
state_house_2022,GREENVILLE - ALTAMONT FOREST,17,0.997696971217
state_house_2022,GREENVILLE - ALTAMONT FOREST,19,0.000535302499
state_house_2022,GREENVILLE - ALTAMONT FOREST,20,0.001767726284
state_house_2022,BERKELEY - ALVIN,101,1.000000000000
state_house_2022,LEXINGTON - AMICKS FERRY,40,0.040355596034
state_house_2022,LEXINGTON - AMICKS FERRY,85,0.959644403966
state_house_2022,ANDERSON - ANDERSON 11,6,1.000000000000
state_house_2022,ANDERSON - ANDERSON 12,9,1.000000000000
state_house_2022,ANDERSON - ANDERSON 21,9,1.000000000000
state_house_2022,ANDERSON - ANDERSON 22,9,1.000000000000
state_house_2022,ANDERSON - ANDERSON 31,9,1.000000000000
state_house_2022,ANDERSON - ANDERSON 32,7,0.291685335103
state_house_2022,ANDERSON - ANDERSON 32,9,0.708314664897
state_house_2022,ANDERSON - ANDERSON 41,7,0.000014245799
state_house_2022,ANDERSON - ANDERSON 41,8,0.005501697571
state_house_2022,ANDERSON - ANDERSON 41,9,0.994484056630
state_house_2022,ANDERSON - ANDERSON 42,7,0.999984388068
state_house_2022,ANDERSON - ANDERSON 42,8,0.000000000002
state_house_2022,ANDERSON - ANDERSON 42,9,0.000015611929
state_house_2022,ANDERSON - ANDERSON 5B,8,0.999999984729
state_house_2022,ANDERSON - ANDERSON 5B,9,0.000000015271
state_house_2022,ANDERSON - ANDERSON 61,6,0.000135605553
state_house_2022,ANDERSON - ANDERSON 61,9,0.999864394447
state_house_2022,ANDERSON - ANDERSON 62,8,0.999999739288
state_house_2022,ANDERSON - ANDERSON 62,9,0.000000260712
state_house_2022,SPARTANBURG - ANDERSON MILL BAPTIST,34,1.000000000000
state_house_2022,SPARTANBURG - ANDERSON MILL ELEMENTARY,34,1.000000000000
state_house_2022,YORK - ANDERSON ROAD,43,0.202473838850
state_house_2022,YORK - ANDERSON ROAD,46,0.768599426991
state_house_2022,YORK - ANDERSON ROAD,48,0.000000648258
state_house_2022,YORK - ANDERSON ROAD,49,0.028926085901
state_house_2022,GEORGETOWN - ANDREWS,101,0.000000106818
state_house_2022,GEORGETOWN - ANDREWS,103,0.999999893182
state_house_2022,GEORGETOWN - ANDREWS OUTSIDE,101,0.000002417133
state_house_2022,GEORGETOWN - ANDREWS OUTSIDE,103,0.999997582867
state_house_2022,GREENWOOD - ANGEL OAKS CROSSING,11,0.000000013113
state_house_2022,GREENWOOD - ANGEL OAKS CROSSING,12,0.000000288486
state_house_2022,GREENWOOD - ANGEL OAKS CROSSING,13,0.999999698401
state_house_2022,CHESTERFIELD - ANGELUS-CATARRH,53,0.000277765606
state_house_2022,CHESTERFIELD - ANGELUS-CATARRH,65,0.999722234394
state_house_2022,DARLINGTON - ANTIOCH,53,0.999010251912
state_house_2022,DARLINGTON - ANTIOCH,54,0.000156061095
state_house_2022,DARLINGTON - ANTIOCH,62,0.000036253326
state_house_2022,DARLINGTON - ANTIOCH,65,0.000797433668
state_house_2022,KERSHAW - ANTIOCH,50,1.000000000000
state_house_2022,CHEROKEE - ANTIOCH AND KINGS CREEK,30,1.000000000000
state_house_2022,ABBEVILLE - ANTREVILLE,7,0.000014007069
state_house_2022,ABBEVILLE - ANTREVILLE,11,0.999985992931
state_house_2022,SPARTANBURG - APALACHE BAPTIST,18,0.000000021294
state_house_2022,SPARTANBURG - APALACHE BAPTIST,36,0.999999978706
state_house_2022,ANDERSON - APPLETON-EQUINOX,6,0.000000024548
state_house_2022,ANDERSON - APPLETON-EQUINOX,8,0.999999975452
state_house_2022,RICHLAND - ARCADIA,78,1.000000000000
state_house_2022,SPARTANBURG - ARCADIA ELEMENTARY,31,1.000000000000
state_house_2022,DORCHESTER - ARCHDALE,109,0.996427991451
state_house_2022,DORCHESTER - ARCHDALE,114,0.003572008549
state_house_2022,DORCHESTER - ARCHDALE 2,109,1.000000000000
state_house_2022,RICHLAND - ARDINCAPLE,74,1.000000000000
state_house_2022,PICKENS - ARIAL MILL,4,1.000000000000
state_house_2022,DORCHESTER - ASHBOROUGH EAST,98,1.000000000000
state_house_2022,DORCHESTER - ASHBOROUGH EAST 2,98,1.000000000000
state_house_2022,DORCHESTER - ASHBOROUGH WEST,98,1.000000000000
state_house_2022,DORCHESTER - ASHBOROUGH WEST 2,98,1.000000000000
state_house_2022,GREENVILLE - ASHETON LAKES,21,0.999635181067
state_house_2022,GREENVILLE - ASHETON LAKES,24,0.000144743312
state_house_2022,GREENVILLE - ASHETON LAKES,35,0.000220075621
state_house_2022,LEE - ASHLANDSTOKES BRIDGE,50,0.999956083318
state_house_2022,LEE - ASHLANDSTOKES BRIDGE,65,0.000043916682
state_house_2022,DORCHESTER - ASHLEY RIVER,98,0.002011790725
state_house_2022,DORCHESTER - ASHLEY RIVER,109,0.997682579177
state_house_2022,DORCHESTER - ASHLEY RIVER,114,0.000305630098
state_house_2022,GREENWOOD - ASHLEY RIVER RUN,12,0.999995783719
state_house_2022,GREENWOOD - ASHLEY RIVER RUN,13,0.000004216281
state_house_2022,COLLETON - ASHTON-LODGE,90,0.000000007612
state_house_2022,COLLETON - ASHTON-LODGE,97,0.000000060755
state_house_2022,COLLETON - ASHTON-LODGE,122,0.999999931633
state_house_2022,LEE - ASHWOOD,50,0.998548676822
state_house_2022,LEE - ASHWOOD,51,0.001451323178
state_house_2022,CHEROKEE - ASHWORTH,30,1.000000000000
state_house_2022,HORRY - ATLANTIC BEACH,56,1.000000000000
state_house_2022,DARLINGTON - AUBURN,53,0.000568240448
state_house_2022,DARLINGTON - AUBURN,62,0.999431759552
state_house_2022,GREENVILLE - AVON,20,0.999777445520
state_house_2022,GREENVILLE - AVON,22,0.000222554480
state_house_2022,CHARLESTON - AWENDAW,108,0.000000084689
state_house_2022,CHARLESTON - AWENDAW,112,0.999999915311
state_house_2022,HORRY - AYNOR,58,1.000000000000
state_house_2022,FLORENCE - BACK SWAMP,54,0.000000274337
state_house_2022,FLORENCE - BACK SWAMP,59,0.999997835341
state_house_2022,FLORENCE - BACK SWAMP,62,0.000001890321
state_house_2022,DORCHESTER - BACONS BRIDGE,94,0.000000103630
state_house_2022,DORCHESTER - BACONS BRIDGE,114,0.999999896370
state_house_2022,DORCHESTER - BACONS BRIDGE 2,94,0.000000276760
state_house_2022,DORCHESTER - BACONS BRIDGE 2,114,0.999999723240
state_house_2022,GREENVILLE - BAKER CREEK,9,0.000087037132
state_house_2022,GREENVILLE - BAKER CREEK,10,0.000283217630
state_house_2022,GREENVILLE - BAKER CREEK,25,0.000000023960
state_house_2022,GREENVILLE - BAKER CREEK,28,0.999629721277
state_house_2022,CHESTER - BALDWIN MILL,41,0.597604990563
state_house_2022,CHESTER - BALDWIN MILL,43,0.402395009437
state_house_2022,RICHLAND - BALLENTINE 1,71,1.000000000000
state_house_2022,RICHLAND - BALLENTINE 2,71,1.000000000000
state_house_2022,ANDERSON - BARKERS CREEK-MCADAMS,7,0.999993815515
state_house_2022,ANDERSON - BARKERS CREEK-MCADAMS,11,0.000006184485
state_house_2022,BARNWELL - BARNWELL 1,91,1.000000000000
state_house_2022,BARNWELL - BARNWELL 2,91,1.000000000000
state_house_2022,BARNWELL - BARNWELL 3,91,1.000000000000
state_house_2022,BARNWELL - BARNWELL 4,91,1.000000000000
state_house_2022,LEXINGTON - BARR ROAD 2,87,1.000000000000
state_house_2022,LEXINGTON - BARR ROAD 1,87,1.000000000000
state_house_2022,SUMTER - BATES,51,1.000000000000
state_house_2022,LEXINGTON - BATESBURG,39,1.000000000000
state_house_2022,CHESTER - BATON ROUGE,41,0.000000023769
state_house_2022,CHESTER - BATON ROUGE,43,0.999999976231
state_house_2022,YORK - BAXTER,66,1.000000000000
state_house_2022,CHESTERFIELD - BAY SPRINGS,53,0.999941486643
state_house_2022,CHESTERFIELD - BAY SPRINGS,65,0.000058513357
state_house_2022,HORRY - BAYBORO-GURLEY,55,0.086735916724
state_house_2022,HORRY - BAYBORO-GURLEY,57,0.817365886111
state_house_2022,HORRY - BAYBORO-GURLEY,105,0.095898197165
state_house_2022,SPARTANBURG - BEACON,31,1.000000000000
state_house_2022,RICHLAND - BEATTY ROAD,69,0.018462554023
state_house_2022,RICHLAND - BEATTY ROAD,72,0.981534519994
state_house_2022,RICHLAND - BEATTY ROAD,73,0.000001715973
state_house_2022,RICHLAND - BEATTY ROAD,74,0.000001210010
state_house_2022,CHESTER - BECKHAMVILLE,43,1.000000000000
state_house_2022,GREENWOOD - BEES FERRY,12,1.000000000000
state_house_2022,DORCHESTER - BEECH HILL,114,1.000000000000
state_house_2022,DORCHESTER - BEECH HILL 2,114,1.000000000000
state_house_2022,SPARTANBURG - BEECH SPRINGS INTERMEDIATE,36,1.000000000000
state_house_2022,GREENVILLE - BELLE MEADE,25,1.000000000000
state_house_2022,COLLETON - BELLS,97,0.999999968763
state_house_2022,COLLETON - BELLS,122,0.000000031237
state_house_2022,GREENVILLE - BELLS CROSSING,16,0.731149248486
state_house_2022,GREENVILLE - BELLS CROSSING,35,0.268850751514
state_house_2022,GREENVILLE - BELMONT,25,1.000000000000
state_house_2022,ANDERSON - BELTON,7,1.000000000000
state_house_2022,ANDERSON - BELTON ANNEX,7,1.000000000000
state_house_2022,SPARTANBURG - BEN AVON METHODIST,32,0.212041806209
state_house_2022,SPARTANBURG - BEN AVON METHODIST,33,0.787958193791
state_house_2022,GREENVILLE - BEREA,5,0.000154806143
state_house_2022,GREENVILLE - BEREA,19,0.999845193857
state_house_2022,COLLETON - BEREA-SMOAKS,95,0.000000035071
state_house_2022,COLLETON - BEREA-SMOAKS,97,0.999999964929
state_house_2022,DILLON - BERMUDA,55,1.000000000000
state_house_2022,NEWBERRY - BETH - EDEN,40,1.000000000000
state_house_2022,MCCORMICK - BETHANY,12,0.995490966271
state_house_2022,MCCORMICK - BETHANY,13,0.004460854161
state_house_2022,MCCORMICK - BETHANY,82,0.000048179569
state_house_2022,YORK - BETHANY,47,1.000000000000
state_house_2022,SPARTANBURG - BETHANY WESLEYAN,34,0.465016925269
state_house_2022,SPARTANBURG - BETHANY WESLEYAN,35,0.534983074731
state_house_2022,CALHOUN - BETHEL,93,1.000000000000
state_house_2022,DARLINGTON - BETHEL,62,0.002979666705
state_house_2022,DARLINGTON - BETHEL,65,0.997020333295
state_house_2022,GEORGETOWN - BETHEL,103,1.000000000000
state_house_2022,ORANGEBURG - BETHEL,95,1.000000000000
state_house_2022,YORK - BETHEL,48,1.000000000000
state_house_2022,YORK - BETHEL SCHOOL,47,1.000000000000
state_house_2022,BERKELEY - BETHERA,101,0.421775453157
state_house_2022,BERKELEY - BETHERA,103,0.578224546843
state_house_2022,KERSHAW - BETHUNE,50,0.000000003543
state_house_2022,KERSHAW - BETHUNE,65,0.999999996457
state_house_2022,LEXINGTON - BEULAH CHURCH,39,0.000000961834
state_house_2022,LEXINGTON - BEULAH CHURCH,87,0.999999038166
state_house_2022,BERKELEY - BEVERLY HILL,15,0.000000361215
state_house_2022,BERKELEY - BEVERLY HILL,92,0.999999638785
state_house_2022,GREENWOOD - BILTMORE PINES,12,0.000382913296
state_house_2022,GREENWOOD - BILTMORE PINES,13,0.999617086704
state_house_2022,SUMTER - BIRNIE,51,0.999999276662
state_house_2022,SUMTER - BIRNIE,67,0.000000723338
state_house_2022,ANDERSON - BISHOPS BRANCH,3,0.000000757836
state_house_2022,ANDERSON - BISHOPS BRANCH,6,0.999999242164
state_house_2022,LEE - BISHOPVILLE NO. 1,50,1.000000000000
state_house_2022,LEE - BISHOPVILLE NO. 2,50,1.000000000000
state_house_2022,LEE - BISHOPVILLE NO. 3,50,1.000000000000
state_house_2022,LEE - BISHOPVILLE NO. 4,50,1.000000000000
state_house_2022,CHESTERFIELD - BLACK CREEK,53,0.999619997783
state_house_2022,CHESTERFIELD - BLACK CREEK,65,0.000380002217
state_house_2022,HAMPTON - BLACK CREEK,122,1.000000000000
state_house_2022,DARLINGTON - BLACK CREEK-CLYDE,50,0.000003276070
state_house_2022,DARLINGTON - BLACK CREEK-CLYDE,53,0.000001833710
state_house_2022,DARLINGTON - BLACK CREEK-CLYDE,65,0.999994890220
state_house_2022,GEORGETOWN - BLACK RIVER,103,0.000007059515
state_house_2022,GEORGETOWN - BLACK RIVER,108,0.999992940485
state_house_2022,WILLIAMSBURG - BLACK RIVER,64,0.000000447221
state_house_2022,WILLIAMSBURG - BLACK RIVER,101,0.999999552779
state_house_2022,UNION - BLACK ROCK,42,1.000000000000
state_house_2022,CHEROKEE - BLACKSBURG WARD NO. 1,30,1.000000000000
state_house_2022,CHEROKEE - BLACKSBURG WARD NO. 2,30,1.000000000000
state_house_2022,CHESTER - BLACKSTOCK,41,0.000000042006
state_house_2022,CHESTER - BLACKSTOCK,43,0.999999957994
state_house_2022,FAIRFIELD - BLACKSTOCK,41,0.999975459351
state_house_2022,FAIRFIELD - BLACKSTOCK,43,0.000024540649
state_house_2022,SPARTANBURG - BLACKSTOCK,34,1.000000000000
state_house_2022,BARNWELL - BLACKVILLE 1,91,1.000000000000
state_house_2022,BARNWELL - BLACKVILLE 2,90,0.000000253940
state_house_2022,BARNWELL - BLACKVILLE 2,91,0.999999746060
state_house_2022,FAIRFIELD - BLAIRS,40,0.000000979650
state_house_2022,FAIRFIELD - BLAIRS,41,0.999999020350
state_house_2022,MARLBORO - BLENHEIM,54,0.999999197324
state_house_2022,MARLBORO - BLENHEIM,55,0.000000802676
state_house_2022,WILLIAMSBURG - BLOOMINGVALE,57,0.164168728040
state_house_2022,WILLIAMSBURG - BLOOMINGVALE,101,0.835831271960
state_house_2022,RICHLAND - BLUFF,70,0.999999828939
state_house_2022,RICHLAND - BLUFF,72,0.000000171061
state_house_2022,RICHLAND - BLYTHEWOOD 1,77,1.000000000000
state_house_2022,RICHLAND - BLYTHEWOOD 2,41,0.786090423706
state_house_2022,RICHLAND - BLYTHEWOOD 2,77,0.213909576294
state_house_2022,RICHLAND - BLYTHEWOOD 3,77,1.000000000000
state_house_2022,GREENVILLE - BOILING SPRINGS,20,0.469852726548
state_house_2022,GREENVILLE - BOILING SPRINGS,21,0.000318649263
state_house_2022,GREENVILLE - BOILING SPRINGS,22,0.529828624190
state_house_2022,LEXINGTON - BOILING SPRINGS,39,0.526803965958
state_house_2022,LEXINGTON - BOILING SPRINGS,87,0.000000079629
state_house_2022,LEXINGTON - BOILING SPRINGS,96,0.473195954414
state_house_2022,SPARTANBURG - BOILING SPRINGS 9TH GRADE,37,1.000000000000
state_house_2022,SPARTANBURG - BOILING SPRINGS ELEMENTARY,37,1.000000000000
state_house_2022,SPARTANBURG - BOILING SPRINGS HIGH SCHOOL,37,0.847715866173
state_house_2022,SPARTANBURG - BOILING SPRINGS HIGH SCHOOL,38,0.152284133827
state_house_2022,LEXINGTON - BOILING SPRINGS SOUTH,96,1.000000000000
state_house_2022,ORANGEBURG - BOLENTOWN,90,1.000000000000
state_house_2022,SPARTANBURG - BOLING SPRINGS JR. HIGH,37,0.788783903472
state_house_2022,SPARTANBURG - BOLING SPRINGS JR. HIGH,38,0.211216096528
state_house_2022,UNION - BONHAM,42,1.000000000000
state_house_2022,BERKELEY - BONNEAU,100,0.703843784664
state_house_2022,BERKELEY - BONNEAU,102,0.296156215336
state_house_2022,BERKELEY - BONNEAU BEACH,100,1.000000000000
state_house_2022,HAMPTON - BONNETT,122,1.000000000000
state_house_2022,RICHLAND - BOOKMAN,76,0.000000051367
state_house_2022,RICHLAND - BOOKMAN,78,0.000419341004
state_house_2022,RICHLAND - BOOKMAN,79,0.999580607629
state_house_2022,GREENVILLE - BOTANY WOODS,20,0.146176398499
state_house_2022,GREENVILLE - BOTANY WOODS,22,0.853823601501
state_house_2022,BERKELEY - BOULDER BLUFF,92,0.999984550814
state_house_2022,BERKELEY - BOULDER BLUFF,100,0.000015449186
state_house_2022,ANDERSON - BOWLING GREEN,7,0.375706010611
state_house_2022,ANDERSON - BOWLING GREEN,9,0.624293989389
state_house_2022,YORK - BOWLING GREEN,47,0.751502026347
state_house_2022,YORK - BOWLING GREEN,48,0.248497973653
state_house_2022,ORANGEBURG - BOWMAN 1,95,1.000000000000
state_house_2022,ORANGEBURG - BOWMAN 2,95,1.000000000000
state_house_2022,GREENWOOD - BRADLEY,12,1.000000000000
state_house_2022,ORANGEBURG - BRANCHVILLE 1,95,1.000000000000
state_house_2022,ORANGEBURG - BRANCHVILLE 2,95,1.000000000000
state_house_2022,RICHLAND - BRANDON 1,70,0.900265071114
state_house_2022,RICHLAND - BRANDON 1,75,0.099723763223
state_house_2022,RICHLAND - BRANDON 1,78,0.000011165663
state_house_2022,RICHLAND - BRANDON 2,70,0.653113294041
state_house_2022,RICHLAND - BRANDON 2,75,0.346886705959
state_house_2022,DORCHESTER - BRANDYMILL,98,1.000000000000
state_house_2022,DORCHESTER - BRANDYMILL 2,98,1.000000000000
state_house_2022,DORCHESTER - BRIARWOOD,94,1.000000000000
state_house_2022,RICHLAND - BRIARWOOD,76,1.000000000000
state_house_2022,DORCHESTER - BRIARWOOD 2,94,1.000000000000
state_house_2022,DORCHESTER - BRIARWOOD 3,94,0.000505059707
state_house_2022,DORCHESTER - BRIARWOOD 3,98,0.999494940293
state_house_2022,RICHLAND - BRIDGE CREEK,79,1.000000000000
state_house_2022,GREENVILLE - BRIDGE FORK,27,0.999990224786
state_house_2022,GREENVILLE - BRIDGE FORK,35,0.000009775214
state_house_2022,MARLBORO - BRIGHTSVILLE,54,1.000000000000
state_house_2022,MARION - BRITTONS NECK,57,0.999109661799
state_house_2022,MARION - BRITTONS NECK,58,0.000434509199
state_house_2022,MARION - BRITTONS NECK,59,0.000000094493
state_house_2022,MARION - BRITTONS NECK,60,0.000250963126
state_house_2022,MARION - BRITTONS NECK,103,0.000204771383
state_house_2022,ABBEVILLE - BROADMOUTH,7,0.007911439684
state_house_2022,ABBEVILLE - BROADMOUTH,11,0.992088560316
state_house_2022,ANDERSON - BROADVIEW,7,0.999999479553
state_house_2022,ANDERSON - BROADVIEW,11,0.000000520447
state_house_2022,ANDERSON - BROADWAY,7,0.999999998571
state_house_2022,ANDERSON - BROADWAY,9,0.000000001429
state_house_2022,CHESTERFIELD - BROCKS MILL,53,0.000259843404
state_house_2022,CHESTERFIELD - BROCKS MILL,54,0.999740156596
state_house_2022,GREENVILLE - BROOK GLENN,20,0.999826830896
state_house_2022,GREENVILLE - BROOK GLENN,22,0.000173169104
state_house_2022,ORANGEBURG - BROOKDALE,93,1.000000000000
state_house_2022,FLORENCE - BROOKGREEN,59,0.999999796671
state_house_2022,FLORENCE - BROOKGREEN,62,0.000000203329
state_house_2022,HORRY - BROOKSVILLE 1,104,1.000000000000
state_house_2022,HORRY - BROOKSVILLE 2,104,1.000000000000
state_house_2022,SPARTANBURG - BROOME HIGH SCHOOL,33,1.000000000000
state_house_2022,GEORGETOWN - BROWNS FERRY,103,0.908703552668
state_house_2022,GEORGETOWN - BROWNS FERRY,108,0.091296447332
state_house_2022,MARLBORO - BROWNSVILLE,54,0.999987877538
state_house_2022,MARLBORO - BROWNSVILLE,55,0.000012120398
state_house_2022,MARLBORO - BROWNSVILLE,59,0.000000002064
state_house_2022,HORRY - BROWNWAY,58,1.000000000000
state_house_2022,EDGEFIELD - BRUNSON,12,0.000000000000
state_house_2022,EDGEFIELD - BRUNSON,82,1.000000000000
state_house_2022,HAMPTON - BRUNSON,91,0.000000248344
state_house_2022,HAMPTON - BRUNSON,122,0.999999751656
state_house_2022,ANDERSON - BRUSHY CREEK,6,0.880650462806
state_house_2022,ANDERSON - BRUSHY CREEK,10,0.119349537194
state_house_2022,PICKENS - BRUSHY CREEK,5,0.998540389173
state_house_2022,PICKENS - BRUSHY CREEK,6,0.000000241732
state_house_2022,PICKENS - BRUSHY CREEK,10,0.001459369095
state_house_2022,KERSHAW - BUFFALO,65,1.000000000000
state_house_2022,UNION - BUFFALO BOX 1,42,1.000000000000
state_house_2022,YORK - BULLOCKS CREEK,29,1.000000000000
state_house_2022,HORRY - BURGESS 1,106,1.000000000000
state_house_2022,HORRY - BURGESS 3,106,1.000000000000
state_house_2022,HORRY - BURGESS 4,106,1.000000000000
state_house_2022,HORRY - BURGESS 5,106,1.000000000000
state_house_2022,HORRY - BURGESS2,106,1.000000000000
state_house_2022,SUMTER - BURNS-DOWNS,51,0.346009365468
state_house_2022,SUMTER - BURNS-DOWNS,67,0.653990634532
state_house_2022,DARLINGTON - BURNT BRANCH,50,0.000000375792
state_house_2022,DARLINGTON - BURNT BRANCH,65,0.999999624208
state_house_2022,LEXINGTON - BUSH RIVER,69,0.455379344745
state_house_2022,LEXINGTON - BUSH RIVER,85,0.544620655255
state_house_2022,NEWBERRY - BUSH RIVER,40,0.999999977543
state_house_2022,NEWBERRY - BUSH RIVER,42,0.000000022457
state_house_2022,BERKELEY - BUSHY PARK,103,1.000000000000
state_house_2022,DORCHESTER - BUTTERNUT,94,0.216487563400
state_house_2022,DORCHESTER - BUTTERNUT,97,0.783512436600
state_house_2022,SPARTANBURG - C.C. WOODSON RECREATION,31,0.927651961570
state_house_2022,SPARTANBURG - C.C. WOODSON RECREATION,33,0.072348038430
state_house_2022,WILLIAMSBURG - CADES,101,1.000000000000
state_house_2022,BERKELEY - CAINHOY,99,0.000180169517
state_house_2022,BERKELEY - CAINHOY,103,0.999819830483
state_house_2022,PICKENS - CALHOUN,3,1.000000000000
state_house_2022,ABBEVILLE - CALHOUN FALLS,11,0.999999999849
state_house_2022,ABBEVILLE - CALHOUN FALLS,12,0.000000000151
state_house_2022,GREENWOOD - CALLISON,12,0.037779663472
state_house_2022,GREENWOOD - CALLISON,13,0.962220336528
state_house_2022,KERSHAW - CAMDEN NO. 1,50,0.000000022035
state_house_2022,KERSHAW - CAMDEN NO. 1,52,0.999999977965
state_house_2022,KERSHAW - CAMDEN NO. 2,52,1.000000000000
state_house_2022,KERSHAW - CAMDEN NO. 5,52,1.000000000000
state_house_2022,KERSHAW - CAMDEN NO. 5-A,52,1.000000000000
state_house_2022,KERSHAW - CAMDEN NO. 6,50,0.000000408993
state_house_2022,KERSHAW - CAMDEN NO. 6,52,0.999999591007
state_house_2022,CALHOUN - CAMERON,93,1.000000000000
state_house_2022,SPARTANBURG - CANAAN,33,1.000000000000
state_house_2022,COLLETON - CANADYS,97,1.000000000000
state_house_2022,BERKELEY - CANE BAY,102,0.999999965563
state_house_2022,BERKELEY - CANE BAY,117,0.000000034437
state_house_2022,BERKELEY - CANE BAY EAST,102,0.000176601184
state_house_2022,BERKELEY - CANE BAY EAST,117,0.999823398816
state_house_2022,BERKELEY - CANE BAY NORTH,102,0.000107230729
state_house_2022,BERKELEY - CANE BAY NORTH,117,0.999892769271
state_house_2022,BERKELEY - CANE BAY SOUTH,117,1.000000000000
state_house_2022,GREENVILLE - CANEBRAKE,21,1.000000000000
state_house_2022,YORK - CANNON MILL,47,1.000000000000
state_house_2022,SPARTANBURG - CANNONS ELEMENTARY,32,1.000000000000
state_house_2022,UNION - CARLISLE,42,1.000000000000
state_house_2022,SPARTANBURG - CARLISLE FOSTERS GROVE,32,1.000000000000
state_house_2022,SPARTANBURG - CARLISLE WESLEYAN,38,1.000000000000
state_house_2022,BERKELEY - CARNES CROSS ROAD 1,92,0.000000184006
state_house_2022,BERKELEY - CARNES CROSS ROAD 1,100,0.802400898454
state_house_2022,BERKELEY - CARNES CROSS ROAD 1,117,0.197598917540
state_house_2022,BERKELEY - CARNES CROSS ROADS 2,117,1.000000000000
state_house_2022,DILLON - CAROLINA,55,1.000000000000
state_house_2022,DORCHESTER - CAROLINA,94,0.154350439465
state_house_2022,DORCHESTER - CAROLINA,97,0.003230746921
state_house_2022,DORCHESTER - CAROLINA,102,0.834074862915
state_house_2022,DORCHESTER - CAROLINA,113,0.000000018693
state_house_2022,DORCHESTER - CAROLINA,117,0.008343932007
state_house_2022,GREENVILLE - CAROLINA,10,0.001062935716
state_house_2022,GREENVILLE - CAROLINA,25,0.998937064284
state_house_2022,YORK - CAROLINA,26,1.000000000000
state_house_2022,HORRY - CAROLINA BAYS,56,1.000000000000
state_house_2022,HORRY - CAROLINA FOREST 1,56,1.000000000000
state_house_2022,HORRY - CAROLINA FOREST 2,56,1.000000000000
state_house_2022,LEXINGTON - CAROLINA SPRINGS,96,1.000000000000
state_house_2022,FLORENCE - CARTERSVILLE,62,1.000000000000
state_house_2022,GEORGETOWN - CARVERS BAY,103,1.000000000000
state_house_2022,CHESTERFIELD - CASH,53,0.000526010965
state_house_2022,CHESTERFIELD - CASH,54,0.999473989035
state_house_2022,KERSHAW - CASSATT,50,0.999999859031
state_house_2022,KERSHAW - CASSATT,65,0.000000140969
state_house_2022,GREENVILLE - CASTLE ROCK,17,0.000029247523
state_house_2022,GREENVILLE - CASTLE ROCK,18,0.999938885327
state_house_2022,GREENVILLE - CASTLE ROCK,36,0.000031867151
state_house_2022,YORK - CATAWBA,43,1.000000000000
state_house_2022,RICHLAND - CAUGHMAN ROAD,70,1.000000000000
state_house_2022,SUMTER - CAUSEWAY BRANCH 1,67,1.000000000000
state_house_2022,SUMTER - CAUSEWAY BRANCH 2,51,0.001100674663
state_house_2022,SUMTER - CAUSEWAY BRANCH 2,67,0.998899325337
state_house_2022,SPARTANBURG - CAVINS HOBBYSVILLE,33,1.000000000000
state_house_2022,LEXINGTON - CAYCE 2A,89,1.000000000000
state_house_2022,LEXINGTON - CAYCE WARD NO. 1,72,0.000019471117
state_house_2022,LEXINGTON - CAYCE WARD NO. 1,89,0.999980528883
state_house_2022,LEXINGTON - CAYCE WARD NO. 2,72,0.000685658175
state_house_2022,LEXINGTON - CAYCE WARD NO. 2,89,0.909218731685
state_house_2022,LEXINGTON - CAYCE WARD NO. 2,93,0.090095610140
state_house_2022,LEXINGTON - CAYCE WARD NO. 3,89,1.000000000000
state_house_2022,LEE - CEDAR CREEK,50,1.000000000000
state_house_2022,ANDERSON - CEDAR GROVE,7,0.999871267677
state_house_2022,ANDERSON - CEDAR GROVE,9,0.000128732323
state_house_2022,HORRY - CEDAR GROVE,58,1.000000000000
state_house_2022,PICKENS - CEDAR ROCK,4,1.000000000000
state_house_2022,WILLIAMSBURG - CEDAR SWAMP,57,0.372283667047
state_house_2022,WILLIAMSBURG - CEDAR SWAMP,101,0.627716332953
state_house_2022,LEXINGTON - CEDARCREST,88,1.000000000000
state_house_2022,YORK - CELANESE,46,0.229421300026
state_house_2022,YORK - CELANESE,48,0.770578699974
state_house_2022,MARION - CENTENARY,57,0.999999897340
state_house_2022,MARION - CENTENARY,58,0.000000102660
state_house_2022,SALUDA - CENTENNIAL,13,0.000000096222
state_house_2022,SALUDA - CENTENNIAL,39,0.999999898902
state_house_2022,SALUDA - CENTENNIAL,40,0.000000004876
state_house_2022,CHESTERFIELD - CENTER GROVE-WINZO,53,0.999813546235
state_house_2022,CHESTERFIELD - CENTER GROVE-WINZO,65,0.000186453765
state_house_2022,CALHOUN - CENTER HILL,91,0.000000092326
state_house_2022,CALHOUN - CENTER HILL,93,0.999999907674
state_house_2022,ANDERSON - CENTER ROCK,8,1.000000000000
state_house_2022,FAIRFIELD - CENTERVILLE,41,0.999996255665
state_house_2022,FAIRFIELD - CENTERVILLE,45,0.000001310105
state_house_2022,FAIRFIELD - CENTERVILLE,52,0.000002434230
state_house_2022,ANDERSON - CENTERVILLE STATION A,8,1.000000000000
state_house_2022,ANDERSON - CENTERVILLE STATION B,8,1.000000000000
state_house_2022,BERKELEY - CENTRAL,92,0.999999416419
state_house_2022,BERKELEY - CENTRAL,100,0.000000583581
state_house_2022,DORCHESTER - CENTRAL,94,0.999999896581
state_house_2022,DORCHESTER - CENTRAL,97,0.000000103419
state_house_2022,WILLIAMSBURG - CENTRAL,101,1.000000000000
state_house_2022,DORCHESTER - CENTRAL 2,94,1.000000000000
state_house_2022,LEXINGTON - CHALK HILL,70,0.000000053712
state_house_2022,LEXINGTON - CHALK HILL,72,0.001584875122
state_house_2022,LEXINGTON - CHALK HILL,88,0.000582607053
state_house_2022,LEXINGTON - CHALK HILL,89,0.074213835206
state_house_2022,LEXINGTON - CHALK HILL,93,0.923618628907
state_house_2022,LEXINGTON - CHALLEDON,73,0.000001441789
state_house_2022,LEXINGTON - CHALLEDON,85,0.999998558211
state_house_2022,LEXINGTON - CHAPIN,40,0.000000107833
state_house_2022,LEXINGTON - CHAPIN,71,0.013710873500
state_house_2022,LEXINGTON - CHAPIN,85,0.986289018667
state_house_2022,SPARTANBURG - CHAPMAN HIGH SCHOOL,37,0.330761244823
state_house_2022,SPARTANBURG - CHAPMAN HIGH SCHOOL,38,0.669238755177
state_house_2022,NEWBERRY - CHAPPELLS,13,0.000000001041
state_house_2022,NEWBERRY - CHAPPELLS,14,0.000000003465
state_house_2022,NEWBERRY - CHAPPELLS,39,0.000000009269
state_house_2022,NEWBERRY - CHAPPELLS,40,0.999999986225
state_house_2022,CHARLESTON - CHARLESTON 1,110,1.000000000000
state_house_2022,CHARLESTON - CHARLESTON 10,111,1.000000000000
state_house_2022,CHARLESTON - CHARLESTON 11,110,0.000000754892
state_house_2022,CHARLESTON - CHARLESTON 11,111,0.999999245108
state_house_2022,CHARLESTON - CHARLESTON 12,111,1.000000000000
state_house_2022,CHARLESTON - CHARLESTON 13,111,1.000000000000
state_house_2022,CHARLESTON - CHARLESTON 14,111,1.000000000000
state_house_2022,CHARLESTON - CHARLESTON 15,99,0.001812904964
state_house_2022,CHARLESTON - CHARLESTON 15,111,0.998186944644
state_house_2022,CHARLESTON - CHARLESTON 15,113,0.000000150392
state_house_2022,CHARLESTON - CHARLESTON 16,111,1.000000000000
state_house_2022,CHARLESTON - CHARLESTON 17,111,1.000000000000
state_house_2022,CHARLESTON - CHARLESTON 18,111,1.000000000000
state_house_2022,CHARLESTON - CHARLESTON 19,111,1.000000000000
state_house_2022,CHARLESTON - CHARLESTON 2,110,1.000000000000
state_house_2022,CHARLESTON - CHARLESTON 20,111,1.000000000000
state_house_2022,CHARLESTON - CHARLESTON 21,109,0.000000024832
state_house_2022,CHARLESTON - CHARLESTON 21,111,0.999999702739
state_house_2022,CHARLESTON - CHARLESTON 21,119,0.000000272430
state_house_2022,CHARLESTON - CHARLESTON 3,110,1.000000000000
state_house_2022,CHARLESTON - CHARLESTON 4,110,1.000000000000
state_house_2022,CHARLESTON - CHARLESTON 5,110,0.999999089542
state_house_2022,CHARLESTON - CHARLESTON 5,111,0.000000910458
state_house_2022,CHARLESTON - CHARLESTON 6,110,1.000000000000
state_house_2022,CHARLESTON - CHARLESTON 7,110,0.997441290965
state_house_2022,CHARLESTON - CHARLESTON 7,111,0.002558709035
state_house_2022,CHARLESTON - CHARLESTON 8,110,0.000117826049
state_house_2022,CHARLESTON - CHARLESTON 8,111,0.999882173951
state_house_2022,CHARLESTON - CHARLESTON 9,111,1.000000000000
state_house_2022,KERSHAW - CHARLOTTE THOMPSON,50,0.998329546184
state_house_2022,KERSHAW - CHARLOTTE THOMPSON,52,0.001670453816
state_house_2022,CHESTERFIELD - CHERAW NO. 1,54,1.000000000000
state_house_2022,CHESTERFIELD - CHERAW NO. 2,54,1.000000000000
state_house_2022,CHESTERFIELD - CHERAW NO. 3,53,0.002448672699
state_house_2022,CHESTERFIELD - CHERAW NO. 3,54,0.997551327301
state_house_2022,CHESTERFIELD - CHERAW NO. 4,53,0.004426973898
state_house_2022,CHESTERFIELD - CHERAW NO. 4,54,0.995573026102
state_house_2022,SPARTANBURG - CHEROKEE SPRINGS FIRE STATION,32,1.000000000000
state_house_2022,HORRY - CHERRY GROVE 1,104,1.000000000000
state_house_2022,HORRY - CHERRY GROVE 2,104,1.000000000000
state_house_2022,SUMTER - CHERRYVALE,64,0.996435801375
state_house_2022,SUMTER - CHERRYVALE,67,0.003564198625
state_house_2022,SPARTANBURG - CHESNEE ELEMENTARY,30,1.000000000000
state_house_2022,CHESTER - CHESTER WARD 1,41,0.237847786734
state_house_2022,CHESTER - CHESTER WARD 1,43,0.762152213266
state_house_2022,CHESTER - CHESTER WARD 2,41,1.000000000000
state_house_2022,CHESTER - CHESTER WARD 3,41,0.999999993902
state_house_2022,CHESTER - CHESTER WARD 3,43,0.000000006098
state_house_2022,CHESTER - CHESTER WARD 4,41,0.494539102734
state_house_2022,CHESTER - CHESTER WARD 4,43,0.505460897266
state_house_2022,CHESTER - CHESTER WARD 5,41,0.439287705450
state_house_2022,CHESTER - CHESTER WARD 5,43,0.560712294550
state_house_2022,GREENVILLE - CHESTNUT HILLS,10,0.000018979425
state_house_2022,GREENVILLE - CHESTNUT HILLS,23,0.373154673178
state_house_2022,GREENVILLE - CHESTNUT HILLS,24,0.352640739282
state_house_2022,GREENVILLE - CHESTNUT HILLS,25,0.274185608115
state_house_2022,SPARTANBURG - CHESTNUT LAKE,37,1.000000000000
state_house_2022,ANDERSON - CHIQUOLA MILL,7,1.000000000000
state_house_2022,GEORGETOWN - CHOPPEE,103,1.000000000000
state_house_2022,CHARLESTON - CHRIST CHURCH,103,0.000187055321
state_house_2022,CHARLESTON - CHRIST CHURCH,108,0.999812889144
state_house_2022,CHARLESTON - CHRIST CHURCH,112,0.000000055536
state_house_2022,GREENVILLE - CIRCLE CREEK,16,0.000195528136
state_house_2022,GREENVILLE - CIRCLE CREEK,21,0.488575594810
state_house_2022,GREENVILLE - CIRCLE CREEK,35,0.511228877054
state_house_2022,GREENWOOD - CIVIC CENTER,12,0.999598145368
state_house_2022,GREENWOOD - CIVIC CENTER,13,0.000401854632
state_house_2022,MCCORMICK - CLARKS HILL,12,0.999999993469
state_house_2022,MCCORMICK - CLARKS HILL,83,0.000000006531
state_house_2022,FLORENCE - CLAUSSEN,59,1.000000000000
state_house_2022,GREENVILLE - CLEAR CREEK,17,0.389576634670
state_house_2022,GREENVILLE - CLEAR CREEK,18,0.606918298200
state_house_2022,GREENVILLE - CLEAR CREEK,20,0.003505067131
state_house_2022,DORCHESTER - CLEMSON,97,1.000000000000
state_house_2022,PICKENS - CLEMSON,3,0.998003553164
state_house_2022,PICKENS - CLEMSON,6,0.001996446836
state_house_2022,DORCHESTER - CLEMSON 2,97,1.000000000000
state_house_2022,DORCHESTER - CLEMSON 3,97,0.879244632268
state_house_2022,DORCHESTER - CLEMSON 3,102,0.120755367732
state_house_2022,SPARTANBURG - CLIFTON GLENDALE,33,1.000000000000
state_house_2022,MARLBORO - CLIO,54,0.851822973565
state_house_2022,MARLBORO - CLIO,55,0.148177026435
state_house_2022,YORK - CLOVER,47,1.000000000000
state_house_2022,DORCHESTER - COASTAL,94,1.000000000000
state_house_2022,DORCHESTER - COASTAL 2,94,0.558318159475
state_house_2022,DORCHESTER - COASTAL 2,98,0.441681840525
state_house_2022,DORCHESTER - COASTAL 3,94,0.999999831722
state_house_2022,DORCHESTER - COASTAL 3,98,0.000000168278
state_house_2022,HORRY - COASTAL CAROLINA,61,1.000000000000
state_house_2022,HORRY - COASTAL LANE 1,107,1.000000000000
state_house_2022,HORRY - COASTAL LANE 2,107,1.000000000000
state_house_2022,BERKELEY - COBBLESTONE,100,0.000000222024
state_house_2022,BERKELEY - COBBLESTONE,117,0.999999777976
state_house_2022,GREENWOOD - COKESBURY,13,1.000000000000
state_house_2022,ABBEVILLE - COLD SPRINGS,11,0.999182433812
state_house_2022,ABBEVILLE - COLD SPRINGS,13,0.000817566188
state_house_2022,LEXINGTON - COLDSTREAM,85,1.000000000000
state_house_2022,FLORENCE - COLES CROSSROADS,59,0.999999108943
state_house_2022,FLORENCE - COLES CROSSROADS,63,0.000000891057
state_house_2022,RICHLAND - COLLEGE PLACE,73,0.999824126447
state_house_2022,RICHLAND - COLLEGE PLACE,74,0.000143325315
state_house_2022,RICHLAND - COLLEGE PLACE,76,0.000032548238
state_house_2022,BAMBERG - COLSTON,90,1.000000000000
state_house_2022,ANDERSON - CONCRETE,10,1.000000000000
state_house_2022,GREENVILLE - CONESTEE,25,0.174597709944
state_house_2022,GREENVILLE - CONESTEE,28,0.825402290056
state_house_2022,LEXINGTON - CONGAREE 2,88,1.000000000000
state_house_2022,LEXINGTON - CONGAREE 1,88,1.000000000000
state_house_2022,NEWBERRY - CONSOLIDATED NUMBER 5,40,1.000000000000
state_house_2022,SPARTANBURG - CONVERSE,32,1.000000000000
state_house_2022,SPARTANBURG - CONVERSE FIRE STATION,32,1.000000000000
state_house_2022,HORRY - COOL SPRINGS,58,1.000000000000
state_house_2022,SPARTANBURG - COOLEY SPRINGS BAPTIST,38,1.000000000000
state_house_2022,RICHLAND - COOPER,78,1.000000000000
state_house_2022,DORCHESTER - COOSAW,98,0.999638195019
state_house_2022,DORCHESTER - COOSAW,109,0.000359665470
state_house_2022,DORCHESTER - COOSAW,113,0.000002139511
state_house_2022,DORCHESTER - COOSAW 2,98,0.999999970442
state_house_2022,DORCHESTER - COOSAW 2,114,0.000000029558
state_house_2022,DORCHESTER - COOSAW 3,98,1.000000000000
state_house_2022,JASPER - COOSAWHATCHIE,122,1.000000000000
state_house_2022,ORANGEBURG - COPE,90,1.000000000000
state_house_2022,BERKELEY - CORDESVILLE,100,0.000000022217
state_house_2022,BERKELEY - CORDESVILLE,101,0.333691012776
state_house_2022,BERKELEY - CORDESVILLE,103,0.666308965007
state_house_2022,ORANGEBURG - CORDOVA 1,90,1.000000000000
state_house_2022,ORANGEBURG - CORDOVA 2,90,1.000000000000
state_house_2022,SPARTANBURG - CORNERSTONE BAPTIST,31,0.960666324264
state_house_2022,SPARTANBURG - CORNERSTONE BAPTIST,32,0.039333675736
state_house_2022,GREENWOOD - CORONACA,12,0.000000058341
state_house_2022,GREENWOOD - CORONACA,13,0.999999941659
state_house_2022,COLLETON - COTTAGEVILLE,97,1.000000000000
state_house_2022,YORK - COTTON BELT,47,1.000000000000
state_house_2022,CHESTERFIELD - COURTHOUSE,53,0.998541038991
state_house_2022,CHESTERFIELD - COURTHOUSE,54,0.001458961009
state_house_2022,FLORENCE - COWARD 1,60,1.000000000000
state_house_2022,FLORENCE - COWARD 2,60,1.000000000000
state_house_2022,SPARTANBURG - COWPENS,29,0.343653438477
state_house_2022,SPARTANBURG - COWPENS,32,0.656346561523
state_house_2022,ANDERSON - COXS CREEK,9,1.000000000000
state_house_2022,ANDERSON - CRAYTONVILLE,7,1.000000000000
state_house_2022,HORRY - CRESCENT,56,0.012625655938
state_house_2022,HORRY - CRESCENT,104,0.987374344062
state_house_2022,YORK - CRESCENT,66,1.000000000000
state_house_2022,PICKENS - CRESCENT HILL,4,1.000000000000
state_house_2022,CALHOUN - CRESTON,93,1.000000000000
state_house_2022,PICKENS - CRESTVIEW,5,0.997820443499
state_house_2022,PICKENS - CRESTVIEW,10,0.002179556501
state_house_2022,HAMPTON - CROCKETVILLE-MILEY,122,1.000000000000
state_house_2022,SPARTANBURG - CROFT BAPTIST,33,1.000000000000
state_house_2022,LEXINGTON - CROMER,69,0.999998597633
state_house_2022,LEXINGTON - CROMER,89,0.000001402367
state_house_2022,BERKELEY - CROSS,100,0.236455005035
state_house_2022,BERKELEY - CROSS,102,0.763544994965
state_house_2022,SPARTANBURG - CROSS ANCHOR FIRE STATION,33,1.000000000000
state_house_2022,UNION - CROSS KEYS,42,1.000000000000
state_house_2022,PICKENS - CROSSROADS,4,1.000000000000
state_house_2022,PICKENS - CROSSWELL,5,1.000000000000
state_house_2022,SUMTER - CROSSWELL,51,1.000000000000
state_house_2022,SPARTANBURG - CUDD MEMORIAL,32,1.000000000000
state_house_2022,HAMPTON - CUMMINGS,122,1.000000000000
state_house_2022,BERKELEY - CYPRESS,100,1.000000000000
state_house_2022,DORCHESTER - CYPRESS,97,0.763331805626
state_house_2022,DORCHESTER - CYPRESS,102,0.236668194374
state_house_2022,LEE - CYPRESS,50,0.999873970586
state_house_2022,LEE - CYPRESS,62,0.000003215386
state_house_2022,LEE - CYPRESS,65,0.000122814028
state_house_2022,DORCHESTER - CYPRESS 2,97,1.000000000000
state_house_2022,SPARTANBURG - D. R. HILL MIDDLE SCHOOL,36,1.000000000000
state_house_2022,PICKENS - DACUSVILLE,4,0.998315404336
state_house_2022,PICKENS - DACUSVILLE,5,0.000000872145
state_house_2022,PICKENS - DACUSVILLE,17,0.000107367604
state_house_2022,PICKENS - DACUSVILLE,19,0.001576355916
state_house_2022,HORRY - DAISY,105,1.000000000000
state_house_2022,SUMTER - DALZELL 1,50,0.998262575027
state_house_2022,SUMTER - DALZELL 1,51,0.000275757046
state_house_2022,SUMTER - DALZELL 1,67,0.001461667927
state_house_2022,SUMTER - DALZELL 2,50,0.037809724314
state_house_2022,SUMTER - DALZELL 2,51,0.962053931695
state_house_2022,SUMTER - DALZELL 2,67,0.000136343990
state_house_2022,BERKELEY - DANIEL ISLAND 1,99,1.000000000000
state_house_2022,BERKELEY - DANIEL ISLAND 2,99,0.994447566086
state_house_2022,BERKELEY - DANIEL ISLAND 2,111,0.003330177072
state_house_2022,BERKELEY - DANIEL ISLAND 2,113,0.002222256842
state_house_2022,BERKELEY - DANIEL ISLAND 3,99,0.996753654930
state_house_2022,BERKELEY - DANIEL ISLAND 3,111,0.003246345070
state_house_2022,BERKELEY - DANIEL ISLAND 4,99,1.000000000000
state_house_2022,SPARTANBURG - DANIEL MORGAN TECHNOLOGY CENTER,32,1.000000000000
state_house_2022,GREENVILLE - DARBY RIDGE,17,0.658695403584
state_house_2022,GREENVILLE - DARBY RIDGE,18,0.000135942739
state_house_2022,GREENVILLE - DARBY RIDGE,20,0.341168653676
state_house_2022,DARLINGTON - DARLINGTON NO. 1,62,1.000000000000
state_house_2022,DARLINGTON - DARLINGTON NO. 2,62,1.000000000000
state_house_2022,DARLINGTON - DARLINGTON NO. 3,53,0.003857172604
state_house_2022,DARLINGTON - DARLINGTON NO. 3,54,0.632729436746
state_house_2022,DARLINGTON - DARLINGTON NO. 3,62,0.363413390650
state_house_2022,DARLINGTON - DARLINGTON NO. 4,54,0.000042461726
state_house_2022,DARLINGTON - DARLINGTON NO. 4,62,0.999957538274
state_house_2022,DARLINGTON - DARLINGTON NO. 5,62,1.000000000000
state_house_2022,DARLINGTON - DARLINGTON NO. 6,54,0.000154571873
state_house_2022,DARLINGTON - DARLINGTON NO. 6,62,0.999845428127
state_house_2022,CHARLESTON - DEER PARK 1A,15,1.000000000000
state_house_2022,CHARLESTON - DEER PARK 1B,15,0.418288465285
state_house_2022,CHARLESTON - DEER PARK 1B,92,0.004260724076
state_house_2022,CHARLESTON - DEER PARK 1B,94,0.013624208613
state_house_2022,CHARLESTON - DEER PARK 1B,113,0.563826602027
state_house_2022,CHARLESTON - DEER PARK 2A,15,0.917932744473
state_house_2022,CHARLESTON - DEER PARK 2A,113,0.082067255527
state_house_2022,CHARLESTON - DEER PARK 2B,15,0.572032878345
state_house_2022,CHARLESTON - DEER PARK 2B,113,0.427967121655
state_house_2022,CHARLESTON - DEER PARK 2C,15,1.000000000000
state_house_2022,CHARLESTON - DEER PARK 3,15,0.999994039328
state_house_2022,CHARLESTON - DEER PARK 3,113,0.000005960672
state_house_2022,HORRY - DEERFIELD,68,0.133938135622
state_house_2022,HORRY - DEERFIELD,106,0.866061864378
state_house_2022,GREENVILLE - DEL NORTE,20,0.999118232513
state_house_2022,GREENVILLE - DEL NORTE,22,0.000881767487
state_house_2022,SUMTER - DELAINE,64,0.999296411514
state_house_2022,SUMTER - DELAINE,67,0.000359696751
state_house_2022,SUMTER - DELAINE,70,0.000343891735
state_house_2022,DORCHESTER - DELEMARS,97,1.000000000000
state_house_2022,FLORENCE - DELMAE 1,63,1.000000000000
state_house_2022,FLORENCE - DELMAE 2,60,0.451740950417
state_house_2022,FLORENCE - DELMAE 2,63,0.548259049583
state_house_2022,YORK - DELPHIA,29,0.711320380113
state_house_2022,YORK - DELPHIA,47,0.018044164118
state_house_2022,YORK - DELPHIA,49,0.270635455769
state_house_2022,RICHLAND - DENNYSIDE,73,0.991254510457
state_house_2022,RICHLAND - DENNYSIDE,74,0.008745489543
state_house_2022,RICHLAND - DENTSVILLE,73,0.000002596817
state_house_2022,RICHLAND - DENTSVILLE,76,0.999997317037
state_house_2022,RICHLAND - DENTSVILLE,78,0.000000086146
state_house_2022,ANDERSON - DENVER-SANDY SPRINGS,8,1.000000000000
state_house_2022,GREENVILLE - DEVENGER,20,0.000001385012
state_house_2022,GREENVILLE - DEVENGER,21,0.000020460738
state_house_2022,GREENVILLE - DEVENGER,22,0.999978154250
state_house_2022,BERKELEY - DEVON FOREST 1,92,0.999946960464
state_house_2022,BERKELEY - DEVON FOREST 1,100,0.000015593381
state_house_2022,BERKELEY - DEVON FOREST 1,117,0.000037446155
state_house_2022,BERKELEY - DEVON FOREST 2,92,1.000000000000
state_house_2022,BERKELEY - DISCOVERY,92,0.413291750244
state_house_2022,BERKELEY - DISCOVERY,117,0.586708249756
state_house_2022,CALHOUN - DIXIE,93,1.000000000000
state_house_2022,KERSHAW - DOBYS MILL,52,0.999185605655
state_house_2022,KERSHAW - DOBYS MILL,70,0.000610185549
state_house_2022,KERSHAW - DOBYS MILL,78,0.000204208796
state_house_2022,YORK - DOBYS BRIDGE,26,1.000000000000
state_house_2022,HORRY - DOGBLUFF,58,1.000000000000
state_house_2022,HORRY - DOGWOOD,104,0.356963551830
state_house_2022,HORRY - DOGWOOD,105,0.643036448170
state_house_2022,ABBEVILLE - DONALDS,11,1.000000000000
state_house_2022,GREENVILLE - DONALDSON,25,0.964932892415
state_house_2022,GREENVILLE - DONALDSON,28,0.035067107585
state_house_2022,DORCHESTER - DORCHESTER,94,1.000000000000
state_house_2022,DORCHESTER - DORCHESTER 2,94,1.000000000000
state_house_2022,GREENVILLE - DOVE TREE,21,0.002933012883
state_house_2022,GREENVILLE - DOVE TREE,22,0.996639416960
state_house_2022,GREENVILLE - DOVE TREE,24,0.000427570157
state_house_2022,DARLINGTON - DOVESVILLE,53,0.704806623881
state_house_2022,DARLINGTON - DOVESVILLE,54,0.136902057006
state_house_2022,DARLINGTON - DOVESVILLE,62,0.158291319113
state_house_2022,SPARTANBURG - DRAYTON,32,1.000000000000
state_house_2022,CHEROKEE - DRAYTONVILLE,29,0.999995581738
state_house_2022,CHEROKEE - DRAYTONVILLE,30,0.000004418262
state_house_2022,GEORGETOWN - DREAMKEEPERS,103,0.999357368218
state_house_2022,GEORGETOWN - DREAMKEEPERS,108,0.000642631782
state_house_2022,LEXINGTON - DREHER ISLAND,40,0.999999654092
state_house_2022,LEXINGTON - DREHER ISLAND,85,0.000000345908
state_house_2022,CHESTERFIELD - DUDLEY-MANGUM,53,1.000000000000
state_house_2022,ABBEVILLE - DUE WEST,11,0.999313160450
state_house_2022,ABBEVILLE - DUE WEST,13,0.000686839550
state_house_2022,SPARTANBURG - DUNCAN UNITED METHODIST,34,0.000000020069
state_house_2022,SPARTANBURG - DUNCAN UNITED METHODIST,36,0.999999979931
state_house_2022,HORRY - DUNES 1,56,0.259864844666
state_house_2022,HORRY - DUNES 1,107,0.740135155334
state_house_2022,HORRY - DUNES 2,107,1.000000000000
state_house_2022,HORRY - DUNES 3,107,1.000000000000
state_house_2022,GREENVILLE - DUNKLIN,7,0.352740059921
state_house_2022,GREENVILLE - DUNKLIN,11,0.000003847293
state_house_2022,GREENVILLE - DUNKLIN,14,0.000000085207
state_house_2022,GREENVILLE - DUNKLIN,28,0.647256007579
state_house_2022,RICHLAND - DUTCH FORK 1,71,1.000000000000
state_house_2022,RICHLAND - DUTCH FORK 2,71,1.000000000000
state_house_2022,RICHLAND - DUTCH FORK 3,71,1.000000000000
state_house_2022,RICHLAND - DUTCH FORK 4,71,1.000000000000
state_house_2022,FAIRFIELD - DUTCHMAN CREEK,41,0.999996698737
state_house_2022,FAIRFIELD - DUTCHMAN CREEK,45,0.000003301263
state_house_2022,LEXINGTON - DUTCHMAN SHORES,71,0.446168432070
state_house_2022,LEXINGTON - DUTCHMAN SHORES,85,0.553831567930
state_house_2022,SPARTANBURG - E.P. TODD ELEMENTARY,31,0.177828314919
state_house_2022,SPARTANBURG - E.P. TODD ELEMENTARY,33,0.822171685081
state_house_2022,BERKELEY - EADYTOWN,102,1.000000000000
state_house_2022,WILLIAMSBURG - EARLES,101,0.999999893514
state_house_2022,WILLIAMSBURG - EARLES,103,0.000000106486
state_house_2022,HAMPTON - EARLY BRANCH,122,1.000000000000
state_house_2022,PICKENS - EASLEY,5,1.000000000000
state_house_2022,MARLBORO - EAST BENNETTSVILLE,54,1.000000000000
state_house_2022,HORRY - EAST CONWAY,61,0.203156291871
state_house_2022,HORRY - EAST CONWAY,105,0.796843708129
state_house_2022,BAMBERG - EAST DENMARK,90,0.999645261670
state_house_2022,BAMBERG - EAST DENMARK,91,0.000354738330
state_house_2022,DILLON - EAST DILLON,55,1.000000000000
state_house_2022,RICHLAND - EAST FOREST ACRES,75,0.235765793167
state_house_2022,RICHLAND - EAST FOREST ACRES,78,0.764234206833
state_house_2022,PICKENS - EAST LIBERTY,4,0.999999774519
state_house_2022,PICKENS - EAST LIBERTY,5,0.000000225481
state_house_2022,HORRY - EAST LORIS,55,0.395310245725
state_house_2022,HORRY - EAST LORIS,105,0.604689754275
state_house_2022,MARLBORO - EAST MCCOLL,54,0.004999502914
state_house_2022,MARLBORO - EAST MCCOLL,55,0.995000497086
state_house_2022,PICKENS - EAST PICKENS,4,1.000000000000
state_house_2022,RICHLAND - EASTOVER,64,0.000000025225
state_house_2022,RICHLAND - EASTOVER,70,0.999999974775
state_house_2022,GREENVILLE - EASTSIDE,20,1.000000000000
state_house_2022,SPARTANBURG - EASTSIDE BAPTIST,32,0.909238609856
state_house_2022,SPARTANBURG - EASTSIDE BAPTIST,33,0.090761390144
state_house_2022,GREENVILLE - EBENEZER,4,0.000200838528
state_house_2022,GREENVILLE - EBENEZER,17,0.916857822668
state_house_2022,GREENVILLE - EBENEZER,19,0.082941338804
state_house_2022,HORRY - EBENEZER,105,1.000000000000
state_house_2022,YORK - EBENEZER,46,0.964250822441
state_house_2022,YORK - EBENEZER,49,0.035749177559
state_house_2022,FLORENCE - EBENEZER 1,60,0.000000554382
state_house_2022,FLORENCE - EBENEZER 1,63,0.999999445618
state_house_2022,SUMTER - EBENEZER 1,50,0.000228636048
state_house_2022,SUMTER - EBENEZER 1,51,0.998969222934
state_house_2022,SUMTER - EBENEZER 1,67,0.000802141018
state_house_2022,FLORENCE - EBENEZER 2,60,0.999864562971
state_house_2022,FLORENCE - EBENEZER 2,63,0.000135437029
state_house_2022,SUMTER - EBENEZER 2,50,0.000024516263
state_house_2022,SUMTER - EBENEZER 2,51,0.003833325535
state_house_2022,SUMTER - EBENEZER 2,67,0.996142158202
state_house_2022,FLORENCE - EBENEZER 3,60,0.314443055969
state_house_2022,FLORENCE - EBENEZER 3,63,0.685556944031
state_house_2022,YORK - EBINPORT,46,1.000000000000
state_house_2022,LEXINGTON - EDENWOOD,88,0.000116875638
state_house_2022,LEXINGTON - EDENWOOD,89,0.999704986048
state_house_2022,LEXINGTON - EDENWOOD,93,0.000178138314
state_house_2022,EDGEFIELD - EDGEFIELD NO. 2,82,0.905611829043
state_house_2022,EDGEFIELD - EDGEFIELD NO. 2,83,0.094388170957
state_house_2022,EDGEFIELD - EDGEFIELD NO. 1,82,1.000000000000
state_house_2022,CHESTER - EDGEMOOR,43,1.000000000000
state_house_2022,RICHLAND - EDGEWOOD,74,0.000014272385
state_house_2022,RICHLAND - EDGEWOOD,76,0.999985727615
state_house_2022,YORK - EDGEWOOD,49,1.000000000000
state_house_2022,ANDERSON - EDGEWOOD STATION A,6,0.531785719532
state_house_2022,ANDERSON - EDGEWOOD STATION A,8,0.467684664977
state_house_2022,ANDERSON - EDGEWOOD STATION A,9,0.000529615491
state_house_2022,ANDERSON - EDGEWOOD STATION B,6,0.999999446281
state_house_2022,ANDERSON - EDGEWOOD STATION B,9,0.000000553719
state_house_2022,BAMBERG - EDISTO,90,0.999996498367
state_house_2022,BAMBERG - EDISTO,95,0.000003479318
state_house_2022,BAMBERG - EDISTO,97,0.000000022315
state_house_2022,COLLETON - EDISTO,95,0.000000050007
state_house_2022,COLLETON - EDISTO,97,0.999999949993
state_house_2022,ORANGEBURG - EDISTO,90,1.000000000000
state_house_2022,COLLETON - EDISTO BEACH,116,1.000000000000
state_house_2022,CHARLESTON - EDISTO ISLAND,115,0.000000000346
state_house_2022,CHARLESTON - EDISTO ISLAND,116,0.999999999654
state_house_2022,LEXINGTON - EDMUND 2,88,0.000000626434
state_house_2022,LEXINGTON - EDMUND 2,96,0.999999373566
state_house_2022,LEXINGTON - EDMUND 1,88,0.719269203578
state_house_2022,LEXINGTON - EDMUND 1,96,0.280730796422
state_house_2022,GREENVILLE - EDWARDS FOREST,18,0.000041628551
state_house_2022,GREENVILLE - EDWARDS FOREST,20,0.999958371449
state_house_2022,FLORENCE - EFFINGHAM,59,0.000000042833
state_house_2022,FLORENCE - EFFINGHAM,60,0.999999957167
state_house_2022,BAMBERG - EHRHARDT,90,0.999887277874
state_house_2022,BAMBERG - EHRHARDT,91,0.000112534555
state_house_2022,BAMBERG - EHRHARDT,122,0.000000187570
state_house_2022,KERSHAW - ELGIN NO. 1,52,0.996564760407
state_house_2022,KERSHAW - ELGIN NO. 1,78,0.003435236616
state_house_2022,KERSHAW - ELGIN NO. 1,79,0.000000002976
state_house_2022,KERSHAW - ELGIN NO. 2,52,1.000000000000
state_house_2022,KERSHAW - ELGIN NO. 3,52,1.000000000000
state_house_2022,KERSHAW - ELGIN NO. 4,52,1.000000000000
state_house_2022,KERSHAW - ELGIN NO. 5,41,0.005028718739
state_house_2022,KERSHAW - ELGIN NO. 5,52,0.993102903224
state_house_2022,KERSHAW - ELGIN NO. 5,79,0.001868378037
state_house_2022,KERSHAW - ELGIN NO. 6,52,1.000000000000
state_house_2022,FLORENCE - ELIM-GLENWOOD,60,0.999999974080
state_house_2022,FLORENCE - ELIM-GLENWOOD,62,0.000000025920
state_house_2022,BARNWELL - ELKO,91,1.000000000000
state_house_2022,LEE - ELLIOTT,50,1.000000000000
state_house_2022,ORANGEBURG - ELLOREE 1,95,1.000000000000
state_house_2022,ORANGEBURG - ELLOREE 2,95,1.000000000000
state_house_2022,GREENWOOD - EMERALD,12,1.000000000000
state_house_2022,HORRY - EMERALD FOREST 1,56,1.000000000000
state_house_2022,HORRY - EMERALD FOREST 2,56,1.000000000000
state_house_2022,HORRY - EMERALD FOREST 3,56,1.000000000000
state_house_2022,GREENWOOD - EMERALD HIGH,13,1.000000000000
state_house_2022,LEXINGTON - EMMANUEL CHURCH,88,1.000000000000
state_house_2022,GREENVILLE - ENOREE,19,1.000000000000
state_house_2022,SPARTANBURG - ENOREE FIRST BAPTIST,33,1.000000000000
state_house_2022,SPARTANBURG - ENOREE RIVER,35,1.000000000000
state_house_2022,HORRY - ENTERPRISE 1,68,1.000000000000
state_house_2022,HORRY - ENTERPRISE 2,68,1.000000000000
state_house_2022,GREENWOOD - EPWORTH,13,1.000000000000
state_house_2022,RICHLAND - ESTATES,52,0.000011673566
state_house_2022,RICHLAND - ESTATES,79,0.999988326434
state_house_2022,HAMPTON - ESTILL,122,1.000000000000
state_house_2022,CHESTER - EUREKA MILL,41,0.748463583143
state_house_2022,CHESTER - EUREKA MILL,43,0.251536416857
state_house_2022,ORANGEBURG - EUTAWVILLE 1,95,1.000000000000
state_house_2022,ORANGEBURG - EUTAWVILLE 2,95,1.000000000000
state_house_2022,FLORENCE - EVERGREEN,59,0.000000019980
state_house_2022,FLORENCE - EVERGREEN,60,0.999999980020
state_house_2022,UNION - EXCELSIOR,42,1.000000000000
state_house_2022,CHEROKEE - EZELLS AND BUTLER,30,1.000000000000
state_house_2022,ALLENDALE - FAIRFAX NO. 1,91,1.000000000000
state_house_2022,ALLENDALE - FAIRFAX NO. 2,91,0.999994633132
state_house_2022,ALLENDALE - FAIRFAX NO. 2,122,0.000005366868
state_house_2022,SPARTANBURG - FAIRFOREST ELEMENTARY,36,1.000000000000
state_house_2022,SPARTANBURG - FAIRGROUNDS,31,1.000000000000
state_house_2022,YORK - FAIRGROUNDS,46,0.154624235670
state_house_2022,YORK - FAIRGROUNDS,49,0.845375764330
state_house_2022,GREENWOOD - FAIRHOPE FERRY,12,0.999998243597
state_house_2022,GREENWOOD - FAIRHOPE FERRY,13,0.000001756403
state_house_2022,RICHLAND - FAIRLAWN,73,0.623165463870
state_house_2022,RICHLAND - FAIRLAWN,76,0.000000000857
state_house_2022,RICHLAND - FAIRLAWN,77,0.376834535274
state_house_2022,LEXINGTON - FAIRVIEW,39,0.000000517741
state_house_2022,LEXINGTON - FAIRVIEW,86,0.999999482259
state_house_2022,NEWBERRY - FAIRVIEW,40,1.000000000000
state_house_2022,RICHLAND - FAIRWOLD,73,0.943685715082
state_house_2022,RICHLAND - FAIRWOLD,76,0.056314284918
state_house_2022,LEXINGTON - FAITH CHURCH,69,1.000000000000
state_house_2022,CALHOUN - FALL BRANCH,93,1.000000000000
state_house_2022,GREENVILLE - FEASTER,21,0.001213236189
state_house_2022,GREENVILLE - FEASTER,22,0.998177607983
state_house_2022,GREENVILLE - FEASTER,24,0.000609155828
state_house_2022,FAIRFIELD - FEASTERVILLE,40,0.000060971639
state_house_2022,FAIRFIELD - FEASTERVILLE,41,0.999877149540
state_house_2022,FAIRFIELD - FEASTERVILLE,42,0.000061483432
state_house_2022,FAIRFIELD - FEASTERVILLE,43,0.000000395388
state_house_2022,YORK - FERRY BRANCH,43,1.000000000000
state_house_2022,YORK - FEWELL PARK,46,1.000000000000
state_house_2022,YORK - FIELD DAY,47,0.999999999528
state_house_2022,YORK - FIELD DAY,48,0.000000000472
state_house_2022,BERKELEY - FIFTY-TWO,100,1.000000000000
state_house_2022,YORK - FILBERT,47,1.000000000000
state_house_2022,ANDERSON - FIVE FORKS,6,1.000000000000
state_house_2022,ANDERSON - FLAT ROCK,11,1.000000000000
state_house_2022,PICKENS - FLAT ROCK,3,0.486958017537
state_house_2022,PICKENS - FLAT ROCK,4,0.000000044307
state_house_2022,PICKENS - FLAT ROCK,5,0.510413478692
state_house_2022,PICKENS - FLAT ROCK,6,0.002628459464
state_house_2022,FLORENCE - FLORENCE WARD 1,59,1.000000000000
state_house_2022,FLORENCE - FLORENCE WARD 10,59,1.000000000000
state_house_2022,FLORENCE - FLORENCE WARD 11,59,0.284843428943
state_house_2022,FLORENCE - FLORENCE WARD 11,63,0.715156571057
state_house_2022,FLORENCE - FLORENCE WARD 12,60,0.000249965798
state_house_2022,FLORENCE - FLORENCE WARD 12,63,0.999750034202
state_house_2022,FLORENCE - FLORENCE WARD 14,63,1.000000000000
state_house_2022,FLORENCE - FLORENCE WARD 15,59,0.750004734046
state_house_2022,FLORENCE - FLORENCE WARD 15,63,0.249995265954
state_house_2022,FLORENCE - FLORENCE WARD 2,59,0.800222909075
state_house_2022,FLORENCE - FLORENCE WARD 2,63,0.199777090925
state_house_2022,FLORENCE - FLORENCE WARD 3,59,1.000000000000
state_house_2022,FLORENCE - FLORENCE WARD 4,59,0.195927927552
state_house_2022,FLORENCE - FLORENCE WARD 4,63,0.804072072448
state_house_2022,FLORENCE - FLORENCE WARD 5,59,0.718136310948
state_house_2022,FLORENCE - FLORENCE WARD 5,63,0.281863689052
state_house_2022,FLORENCE - FLORENCE WARD 6,63,1.000000000000
state_house_2022,FLORENCE - FLORENCE WARD 7,63,1.000000000000
state_house_2022,FLORENCE - FLORENCE WARD 8,63,1.000000000000
state_house_2022,FLORENCE - FLORENCE WARD 9,59,1.000000000000
state_house_2022,DORCHESTER - FLOWERTOWN,114,1.000000000000
state_house_2022,DORCHESTER - FLOWERTOWN 2,114,1.000000000000
state_house_2022,DORCHESTER - FLOWERTOWN 3,94,0.000000140394
state_house_2022,DORCHESTER - FLOWERTOWN 3,97,0.002653044784
state_house_2022,DORCHESTER - FLOWERTOWN 3,114,0.997346814822
state_house_2022,DILLON - FLOYDALE,55,1.000000000000
state_house_2022,CHARLESTON - FOLLY BEACH 1,115,1.000000000000
state_house_2022,CHARLESTON - FOLLY BEACH 2,115,1.000000000000
state_house_2022,GEORGETOWN - FOLLY GROVE,57,0.000000085786
state_house_2022,GEORGETOWN - FOLLY GROVE,103,0.999999914214
state_house_2022,SUMTER - FOLSOM PARK,51,0.993649666288
state_house_2022,SUMTER - FOLSOM PARK,67,0.006350333712
state_house_2022,PICKENS - FOREST ACRES,5,0.999935908439
state_house_2022,PICKENS - FOREST ACRES,10,0.000064091561
state_house_2022,HORRY - FORESTBROOK,61,1.000000000000
state_house_2022,DILLON - FORK,55,1.000000000000
state_house_2022,ANDERSON - FORK NO. 1,8,1.000000000000
state_house_2022,ANDERSON - FORK NO. 2,2,0.000001932511
state_house_2022,ANDERSON - FORK NO. 2,8,0.999998067489
state_house_2022,GREENVILLE - FORK SHOALS,14,0.000006881118
state_house_2022,GREENVILLE - FORK SHOALS,16,0.000013203157
state_house_2022,GREENVILLE - FORK SHOALS,28,0.999979915725
state_house_2022,CHESTER - FORT LAWN,43,0.999999990666
state_house_2022,CHESTER - FORT LAWN,45,0.000000009334
state_house_2022,YORK - FORT MILL NO. 1,26,1.000000000000
state_house_2022,YORK - FORT MILL NO. 2,26,1.000000000000
state_house_2022,YORK - FORT MILL NO. 3,26,1.000000000000
state_house_2022,YORK - FORT MILL NO. 4,26,1.000000000000
state_house_2022,YORK - FORT MILL NO. 5,26,1.000000000000
state_house_2022,YORK - FORT MILL NO. 6,66,1.000000000000
state_house_2022,CALHOUN - FORT MOTTE,64,0.000000015318
state_house_2022,CALHOUN - FORT MOTTE,70,0.000000002244
state_house_2022,CALHOUN - FORT MOTTE,93,0.999999982438
state_house_2022,BERKELEY - FOSTER CREEK 1,15,0.546325354779
state_house_2022,BERKELEY - FOSTER CREEK 1,99,0.453674645221
state_house_2022,BERKELEY - FOSTER CREEK 2,99,1.000000000000
state_house_2022,BERKELEY - FOSTER CREEK 3,99,1.000000000000
state_house_2022,GREENVILLE - FOUNTAIN INN 1,16,0.999994565125
state_house_2022,GREENVILLE - FOUNTAIN INN 1,27,0.000005434875
state_house_2022,GREENVILLE - FOUNTAIN INN 2,14,0.000184811037
state_house_2022,GREENVILLE - FOUNTAIN INN 2,16,0.999815188963
state_house_2022,DORCHESTER - FOUR HOLE,102,1.000000000000
state_house_2022,ORANGEBURG - FOUR HOLES,93,1.000000000000
state_house_2022,HORRY - FOUR MILE,58,1.000000000000
state_house_2022,GREENVILLE - FOX CHASE,18,1.000000000000
state_house_2022,BERKELEY - FOXBANK,100,1.000000000000
state_house_2022,RICHLAND - FRIARSGATE 1,71,1.000000000000
state_house_2022,RICHLAND - FRIARSGATE 2,71,1.000000000000
state_house_2022,FLORENCE - FRIENDFIELD,60,1.000000000000
state_house_2022,ANDERSON - FRIENDSHIP,7,0.999993512769
state_house_2022,ANDERSON - FRIENDSHIP,11,0.000006487231
state_house_2022,BARNWELL - FRIENDSHIP,90,0.000000036946
state_house_2022,BARNWELL - FRIENDSHIP,91,0.999999963054
state_house_2022,MARION - FRIENDSHIP,57,1.000000000000
state_house_2022,YORK - FRIENDSHIP,43,0.868852546764
state_house_2022,YORK - FRIENDSHIP,46,0.131147453236
state_house_2022,GREENVILLE - FROHAWK,18,1.000000000000
state_house_2022,SALUDA - FRUIT HILL,13,0.004067639588
state_house_2022,SALUDA - FRUIT HILL,39,0.241393449839
state_house_2022,SALUDA - FRUIT HILL,82,0.754538910573
state_house_2022,PICKENS - FRUIT MOUNTAIN,5,1.000000000000
state_house_2022,GREENVILLE - FURMAN,17,0.001573263945
state_house_2022,GREENVILLE - FURMAN,19,0.998426736055
state_house_2022,HAMPTON - FURMAN,122,1.000000000000
state_house_2022,SUMTER - FURMAN,64,0.000609962183
state_house_2022,SUMTER - FURMAN,67,0.999390037817
state_house_2022,SPARTANBURG - GABLE MIDDLE SCHOOL,33,1.000000000000
state_house_2022,RICHLAND - GADSDEN,70,1.000000000000
state_house_2022,CHEROKEE - GAFFNEY WARD NO. 1,30,1.000000000000
state_house_2022,CHEROKEE - GAFFNEY WARD NO. 2,30,1.000000000000
state_house_2022,CHEROKEE - GAFFNEY WARD NO. 3,29,0.995685431338
state_house_2022,CHEROKEE - GAFFNEY WARD NO. 3,30,0.004314568662
state_house_2022,CHEROKEE - GAFFNEY WARD NO. 4,29,0.903492329999
state_house_2022,CHEROKEE - GAFFNEY WARD NO. 4,30,0.096507670001
state_house_2022,CHEROKEE - GAFFNEY WARD NO. 5,29,1.000000000000
state_house_2022,CHEROKEE - GAFFNEY WARD NO. 6,29,1.000000000000
state_house_2022,HORRY - GALIVANTS FERRY,57,1.000000000000
state_house_2022,HORRY - GARDEN CITY 1,106,1.000000000000
state_house_2022,HORRY - GARDEN CITY 2,106,1.000000000000
state_house_2022,HORRY - GARDEN CITY 3,106,1.000000000000
state_house_2022,HORRY - GARDEN CITY 4,106,1.000000000000
state_house_2022,LEXINGTON - GARDENDALE,69,1.000000000000
state_house_2022,RICHLAND - GARNERS,50,0.000000001114
state_house_2022,RICHLAND - GARNERS,64,0.000000129753
state_house_2022,RICHLAND - GARNERS,70,0.999999869133
state_house_2022,HAMPTON - GARNETT,122,1.000000000000
state_house_2022,LEXINGTON - GASTON 2,88,0.247598432273
state_house_2022,LEXINGTON - GASTON 2,93,0.000161197684
state_house_2022,LEXINGTON - GASTON 2,96,0.752240370044
state_house_2022,LEXINGTON - GASTON 1,88,0.000105733899
state_house_2022,LEXINGTON - GASTON 1,93,0.998575771768
state_house_2022,LEXINGTON - GASTON 1,96,0.001318494333
state_house_2022,PICKENS - GEORGES CREEK,4,0.517202483515
state_house_2022,PICKENS - GEORGES CREEK,5,0.482797516485
state_house_2022,GREENWOOD - GEORGETOWN,13,1.000000000000
state_house_2022,GEORGETOWN - GEORGETOWN NO. 1,103,0.000001222846
state_house_2022,GEORGETOWN - GEORGETOWN NO. 1,108,0.999998777154
state_house_2022,GEORGETOWN - GEORGETOWN NO. 3,103,1.000000000000
state_house_2022,GEORGETOWN - GEORGETOWN NO. 4,103,0.000008106920
state_house_2022,GEORGETOWN - GEORGETOWN NO. 4,108,0.999991893080
state_house_2022,GEORGETOWN - GEORGETOWN NO. 5,103,0.000000013640
state_house_2022,GEORGETOWN - GEORGETOWN NO. 5,108,0.999999986360
state_house_2022,DORCHESTER - GERMANTOWN,94,1.000000000000
state_house_2022,GREENWOOD - GIDEONS WAY,12,0.988616867633
state_house_2022,GREENWOOD - GIDEONS WAY,13,0.011383132367
state_house_2022,HAMPTON - GIFFORD,122,1.000000000000
state_house_2022,FLORENCE - GILBERT,59,1.000000000000
state_house_2022,LEXINGTON - GILBERT,39,1.000000000000
state_house_2022,JASPER - GILLISONVILLE,122,1.000000000000
state_house_2022,DORCHESTER - GIVHANS,97,1.000000000000
state_house_2022,DORCHESTER - GIVHANS 2,97,1.000000000000
state_house_2022,FAIRFIELD - GLADDEN GROVE,41,0.999994990263
state_house_2022,FAIRFIELD - GLADDEN GROVE,43,0.000005009737
state_house_2022,PICKENS - GLASSY MOUNTAIN,4,1.000000000000
state_house_2022,GREENWOOD - GLENDALE,13,1.000000000000
state_house_2022,HORRY - GLENNS BAY,106,1.000000000000
state_house_2022,ANDERSON - GLENVIEW,9,1.000000000000
state_house_2022,ANDERSON - GLUCK MILL,7,0.000002172363
state_house_2022,ANDERSON - GLUCK MILL,11,0.999997827637
state_house_2022,YORK - GOLD HILL,66,1.000000000000
state_house_2022,CHEROKEE - GOUCHER AND THICKETTY,29,1.000000000000
state_house_2022,BAMBERG - GOVAN,90,0.999996517442
state_house_2022,BAMBERG - GOVAN,91,0.000003482558
state_house_2022,GREENVILLE - GOWENSVILLE,17,0.552124859248
state_house_2022,GREENVILLE - GOWENSVILLE,18,0.447823660596
state_house_2022,GREENVILLE - GOWENSVILLE,38,0.000051480156
state_house_2022,GREENWOOD - GRAHAMS GLEN,12,0.000815204880
state_house_2022,GREENWOOD - GRAHAMS GLEN,13,0.999184795120
state_house_2022,JASPER - GRAHAMVILLE 1,122,1.000000000000
state_house_2022,JASPER - GRAHAMVILLE 2,122,1.000000000000
state_house_2022,SPARTANBURG - GRAMLING METHODIST,38,1.000000000000
state_house_2022,GREENWOOD - GRANDIFLORA GLEN,12,1.000000000000
state_house_2022,GREENVILLE - GRANITE CREEK,18,0.000000061000
state_house_2022,GREENVILLE - GRANITE CREEK,21,0.999988332920
state_house_2022,GREENVILLE - GRANITE CREEK,36,0.000011606080
state_house_2022,CHESTERFIELD - GRANTS MILL,53,0.999723388487
state_house_2022,CHESTERFIELD - GRANTS MILL,54,0.000276611513
state_house_2022,CHEROKEE - GRASSY POND,30,1.000000000000
state_house_2022,JASPER - GRAYS,122,1.000000000000
state_house_2022,GREENVILLE - GRAZE BRANCH,16,0.996705559195
state_house_2022,GREENVILLE - GRAZE BRANCH,27,0.003276315845
state_house_2022,GREENVILLE - GRAZE BRANCH,35,0.000018124961
state_house_2022,CHESTER - GREAT FALLS,41,0.000000305067
state_house_2022,CHESTER - GREAT FALLS,43,0.999999694933
state_house_2022,SPARTANBURG - GREATER ST. JAMES,37,1.000000000000
state_house_2022,WILLIAMSBURG - GREELEYVILLE,64,0.000000007709
state_house_2022,WILLIAMSBURG - GREELEYVILLE,101,0.999999925699
state_house_2022,WILLIAMSBURG - GREELEYVILLE,102,0.000000066592
state_house_2022,COLLETON - GREEN POND,121,1.000000000000
state_house_2022,ANDERSON - GREEN POND STATION A,8,1.000000000000
state_house_2022,HORRY - GREEN SEA,55,1.000000000000
state_house_2022,SUMTER - GREEN SWAMP 1,50,0.000882422407
state_house_2022,SUMTER - GREEN SWAMP 1,64,0.000254637487
state_house_2022,SUMTER - GREEN SWAMP 1,67,0.998862940106
state_house_2022,SUMTER - GREEN SWAMP 2,51,0.004416075917
state_house_2022,SUMTER - GREEN SWAMP 2,67,0.995583924083
state_house_2022,GREENVILLE - GREENBRIAR,27,0.994901148748
state_house_2022,GREENVILLE - GREENBRIAR,28,0.005098851252
state_house_2022,FAIRFIELD - GREENBRIER,41,0.999419670181
state_house_2022,FAIRFIELD - GREENBRIER,73,0.000005489935
state_house_2022,FAIRFIELD - GREENBRIER,77,0.000574839884
state_house_2022,DORCHESTER - GREENHURST,94,0.999996339647
state_house_2022,DORCHESTER - GREENHURST,113,0.000003660353
state_house_2022,RICHLAND - GREENVIEW,73,0.001506516517
state_house_2022,RICHLAND - GREENVIEW,76,0.998493483483
state_house_2022,GREENVILLE - GREENVILLE 1,20,0.180309966965
state_house_2022,GREENVILLE - GREENVILLE 1,22,0.819687578123
state_house_2022,GREENVILLE - GREENVILLE 1,23,0.000002454911
state_house_2022,GREENVILLE - GREENVILLE 10,22,0.000003490038
state_house_2022,GREENVILLE - GREENVILLE 10,23,0.584606130343
state_house_2022,GREENVILLE - GREENVILLE 10,24,0.415390379619
state_house_2022,GREENVILLE - GREENVILLE 14,23,0.999975844577
state_house_2022,GREENVILLE - GREENVILLE 14,24,0.000024155423
state_house_2022,GREENVILLE - GREENVILLE 16,23,0.000085904211
state_house_2022,GREENVILLE - GREENVILLE 16,24,0.999914095789
state_house_2022,GREENVILLE - GREENVILLE 17,23,0.226260135363
state_house_2022,GREENVILLE - GREENVILLE 17,24,0.773739864637
state_house_2022,GREENVILLE - GREENVILLE 18,24,0.998574771324
state_house_2022,GREENVILLE - GREENVILLE 18,25,0.001425228676
state_house_2022,GREENVILLE - GREENVILLE 19,24,0.035783688188
state_house_2022,GREENVILLE - GREENVILLE 19,25,0.964216311812
state_house_2022,GREENVILLE - GREENVILLE 20,24,0.880418687725
state_house_2022,GREENVILLE - GREENVILLE 20,25,0.119581312275
state_house_2022,GREENVILLE - GREENVILLE 21,23,0.115059419072
state_house_2022,GREENVILLE - GREENVILLE 21,24,0.884940580928
state_house_2022,GREENVILLE - GREENVILLE 22,23,0.000451454716
state_house_2022,GREENVILLE - GREENVILLE 22,24,0.999548545284
state_house_2022,GREENVILLE - GREENVILLE 23,23,0.054289501993
state_house_2022,GREENVILLE - GREENVILLE 23,24,0.945427554972
state_house_2022,GREENVILLE - GREENVILLE 23,25,0.000282943035
state_house_2022,GREENVILLE - GREENVILLE 24,22,0.203629074586
state_house_2022,GREENVILLE - GREENVILLE 24,23,0.236216448357
state_house_2022,GREENVILLE - GREENVILLE 24,24,0.560144172758
state_house_2022,GREENVILLE - GREENVILLE 24,25,0.000010304300
state_house_2022,GREENVILLE - GREENVILLE 25,22,0.170251361259
state_house_2022,GREENVILLE - GREENVILLE 25,23,0.829748638741
state_house_2022,GREENVILLE - GREENVILLE 26,22,0.000090174281
state_house_2022,GREENVILLE - GREENVILLE 26,23,0.999909825719
state_house_2022,GREENVILLE - GREENVILLE 27,20,0.199332235992
state_house_2022,GREENVILLE - GREENVILLE 27,22,0.799984889354
state_house_2022,GREENVILLE - GREENVILLE 27,23,0.000682874655
state_house_2022,GREENVILLE - GREENVILLE 28,22,0.536670864279
state_house_2022,GREENVILLE - GREENVILLE 28,23,0.463329135721
state_house_2022,GREENVILLE - GREENVILLE 29,24,0.003614502460
state_house_2022,GREENVILLE - GREENVILLE 29,25,0.983193906921
state_house_2022,GREENVILLE - GREENVILLE 29,28,0.013191590619
state_house_2022,GREENVILLE - GREENVILLE 3,22,0.999649619360
state_house_2022,GREENVILLE - GREENVILLE 3,23,0.000350380640
state_house_2022,GREENVILLE - GREENVILLE 4,22,0.217585005500
state_house_2022,GREENVILLE - GREENVILLE 4,23,0.782414994500
state_house_2022,GREENVILLE - GREENVILLE 5,22,0.348917744264
state_house_2022,GREENVILLE - GREENVILLE 5,23,0.651082255736
state_house_2022,GREENVILLE - GREENVILLE 6,19,0.000072653859
state_house_2022,GREENVILLE - GREENVILLE 6,23,0.999927346141
state_house_2022,GREENVILLE - GREENVILLE 7,23,1.000000000000
state_house_2022,GREENVILLE - GREENVILLE 8,23,0.984238732895
state_house_2022,GREENVILLE - GREENVILLE 8,24,0.015761267105
state_house_2022,DORCHESTER - GREENWAVE,94,0.999999251090
state_house_2022,DORCHESTER - GREENWAVE,114,0.000000748910
state_house_2022,FLORENCE - GREENWOOD,59,1.000000000000
state_house_2022,GREENWOOD - GREENWOOD HIGH,12,0.000640890699
state_house_2022,GREENWOOD - GREENWOOD HIGH,13,0.999359109301
state_house_2022,GREENWOOD - GREENWOOD MILL,12,0.166799587389
state_house_2022,GREENWOOD - GREENWOOD MILL,13,0.833200412611
state_house_2022,RICHLAND - GREGG PARK,75,0.495037835094
state_house_2022,RICHLAND - GREGG PARK,78,0.504962164906
state_house_2022,LEXINGTON - GRENADIER,69,0.491138104291
state_house_2022,LEXINGTON - GRENADIER,85,0.508861895709
state_house_2022,PICKENS - GRIFFIN,4,1.000000000000
state_house_2022,GREENVILLE - GROVE,10,0.040876831328
state_house_2022,GREENVILLE - GROVE,25,0.959123168672
state_house_2022,DORCHESTER - GROVER,95,1.000000000000
state_house_2022,ANDERSON - HALL,7,0.999999989191
state_house_2022,ANDERSON - HALL,11,0.000000010809
state_house_2022,ABBEVILLE - HALLS STORE,11,1.000000000000
state_house_2022,CHESTER - HALSELLVILLE,41,0.999999979914
state_house_2022,CHESTER - HALSELLVILLE,42,0.000000013091
state_house_2022,CHESTER - HALSELLVILLE,43,0.000000006995
state_house_2022,DILLON - HAMER,55,1.000000000000
state_house_2022,ANDERSON - HAMMOND ANNEX,6,0.000000840032
state_house_2022,ANDERSON - HAMMOND ANNEX,9,0.999999159968
state_house_2022,ANDERSON - HAMMOND SCHOOL,6,0.000001214001
state_house_2022,ANDERSON - HAMMOND SCHOOL,9,0.999998785999
state_house_2022,RICHLAND - HAMPTON,72,0.075004601223
state_house_2022,RICHLAND - HAMPTON,75,0.924995398777
state_house_2022,YORK - HAMPTON MILL,47,1.000000000000
state_house_2022,HAMPTON - HAMPTON NO. 1,122,1.000000000000
state_house_2022,HAMPTON - HAMPTON NO. 2,122,1.000000000000
state_house_2022,SUMTER - HAMPTON PARK,51,0.010617244365
state_house_2022,SUMTER - HAMPTON PARK,67,0.989382755635
state_house_2022,BERKELEY - HANAHAN 1,15,0.097102438544
state_house_2022,BERKELEY - HANAHAN 1,99,0.902591776976
state_house_2022,BERKELEY - HANAHAN 1,113,0.000305784480
state_house_2022,BERKELEY - HANAHAN 2,99,0.999999890215
state_house_2022,BERKELEY - HANAHAN 2,113,0.000000109785
state_house_2022,BERKELEY - HANAHAN 3,99,0.998942689297
state_house_2022,BERKELEY - HANAHAN 3,113,0.001057310703
state_house_2022,BERKELEY - HANAHAN 4,99,0.999914329870
state_house_2022,BERKELEY - HANAHAN 4,113,0.000085670130
state_house_2022,BERKELEY - HANAHAN 5,99,1.000000000000
state_house_2022,YORK - HANDS MILL,47,0.373649368633
state_house_2022,YORK - HANDS MILL,48,0.626350631367
state_house_2022,SPARTANBURG - HANGING ROCK,37,1.000000000000
state_house_2022,FLORENCE - HANNAH,60,1.000000000000
state_house_2022,RICHLAND - HARBISON 1,73,0.994685196054
state_house_2022,RICHLAND - HARBISON 1,85,0.005314803946
state_house_2022,RICHLAND - HARBISON 2,73,1.000000000000
state_house_2022,BERKELEY - HARBOUR LAKE,15,1.000000000000
state_house_2022,JASPER - HARDEEVILLE 3,122,1.000000000000
state_house_2022,JASPER - HARDEEVILLE 1,122,1.000000000000
state_house_2022,JASPER - HARDEEVILLE 2,122,1.000000000000
state_house_2022,DORCHESTER - HARLEYVILLE,95,0.000082393302
state_house_2022,DORCHESTER - HARLEYVILLE,102,0.999917606698
state_house_2022,EDGEFIELD - HARMONY,82,1.000000000000
state_house_2022,WILLIAMSBURG - HARMONY,57,0.000522793585
state_house_2022,WILLIAMSBURG - HARMONY,101,0.999477205297
state_house_2022,WILLIAMSBURG - HARMONY,103,0.000000001117
state_house_2022,GREENWOOD - HARRIS,13,1.000000000000
state_house_2022,NEWBERRY - HARTFORD,40,1.000000000000
state_house_2022,DARLINGTON - HARTSVILLE NO. 1,62,0.002525950224
state_house_2022,DARLINGTON - HARTSVILLE NO. 1,65,0.997474049776
state_house_2022,DARLINGTON - HARTSVILLE NO. 4,62,0.995935224698
state_house_2022,DARLINGTON - HARTSVILLE NO. 4,65,0.004064775302
state_house_2022,DARLINGTON - HARTSVILLE NO. 5,62,0.004579317623
state_house_2022,DARLINGTON - HARTSVILLE NO. 5,65,0.995420682377
state_house_2022,DARLINGTON - HARTSVILLE NO. 6,62,0.990659840649
state_house_2022,DARLINGTON - HARTSVILLE NO. 6,65,0.009340159351
state_house_2022,DARLINGTON - HARTSVILLE NO. 7,53,0.000064685225
state_house_2022,DARLINGTON - HARTSVILLE NO. 7,62,0.998160767917
state_house_2022,DARLINGTON - HARTSVILLE NO. 7,65,0.001774546858
state_house_2022,DARLINGTON - HARTSVILLE NO. 8,65,1.000000000000
state_house_2022,DARLINGTON - HARTSVILLE NO. 9,53,0.000689332915
state_house_2022,DARLINGTON - HARTSVILLE NO. 9,62,0.187708279155
state_house_2022,DARLINGTON - HARTSVILLE NO. 9,65,0.811602387931
state_house_2022,YORK - HARVEST,46,1.000000000000
state_house_2022,SPARTANBURG - HAYNE,31,0.092817454932
state_house_2022,SPARTANBURG - HAYNE,32,0.517113956409
state_house_2022,SPARTANBURG - HAYNE,37,0.390068588659
state_house_2022,CHESTER - HAZELWOOD,41,0.000000001196
state_house_2022,CHESTER - HAZELWOOD,43,0.999999998804
state_house_2022,BARNWELL - HEALING SPRINGS,90,0.000000472581
state_house_2022,BARNWELL - HEALING SPRINGS,91,0.999999527419
state_house_2022,SPARTANBURG - HEARON CIRCLE,31,0.692406789981
state_house_2022,SPARTANBURG - HEARON CIRCLE,32,0.307593210019
state_house_2022,WILLIAMSBURG - HEBRON,64,0.000000693984
state_house_2022,WILLIAMSBURG - HEBRON,101,0.999999306016
state_house_2022,NEWBERRY - HELENA,40,1.000000000000
state_house_2022,WILLIAMSBURG - HEMINGWAY,57,0.999997116077
state_house_2022,WILLIAMSBURG - HEMINGWAY,60,0.000002883923
state_house_2022,COLLETON - HENDERSONVILLE,121,1.000000000000
state_house_2022,SPARTANBURG - HENDRIX ELEMENTARY,37,1.000000000000
state_house_2022,WILLIAMSBURG - HENRY-POPLAR HILL,57,0.999999995706
state_house_2022,WILLIAMSBURG - HENRY-POPLAR HILL,103,0.000000004294
state_house_2022,HORRY - HICKORY GROVE,105,1.000000000000
state_house_2022,YORK - HICKORY GROVE,29,1.000000000000
state_house_2022,LEE - HICKORY HILL,50,1.000000000000
state_house_2022,FAIRFIELD - HICKORY RIDGE,41,1.000000000000
state_house_2022,SALUDA - HIGGINS-ZOAR,39,0.999999995062
state_house_2022,SALUDA - HIGGINS-ZOAR,40,0.000000004938
state_house_2022,DARLINGTON - HIGH HILL,62,0.993384230243
state_house_2022,DARLINGTON - HIGH HILL,63,0.006615769757
state_house_2022,FLORENCE - HIGH HILL,60,1.000000000000
state_house_2022,ANDERSON - HIGH POINT,7,1.000000000000
state_house_2022,YORK - HIGHLAND PARK,49,1.000000000000
state_house_2022,BAMBERG - HIGHTOWERS MILL,90,0.999850604655
state_house_2022,BAMBERG - HIGHTOWERS MILL,91,0.000149395345
state_house_2022,BARNWELL - HILDA,90,0.000000226818
state_house_2022,BARNWELL - HILDA,91,0.999999773182
state_house_2022,GREENVILLE - HILLCREST,16,0.001344551500
state_house_2022,GREENVILLE - HILLCREST,27,0.998655448500
state_house_2022,SUMTER - HILLCREST,50,0.998901735369
state_house_2022,SUMTER - HILLCREST,51,0.000113293653
state_house_2022,SUMTER - HILLCREST,64,0.000984970979
state_house_2022,BERKELEY - HILTON CROSS ROADS,95,0.000000036014
state_house_2022,BERKELEY - HILTON CROSS ROADS,102,0.999999963986
state_house_2022,KERSHAW - HOBKIRKS HILL,52,1.000000000000
state_house_2022,GREENWOOD - HODGES,11,0.000000107944
state_house_2022,GREENWOOD - HODGES,13,0.999999892056
state_house_2022,YORK - HOLLIS LAKES,46,1.000000000000
state_house_2022,LEXINGTON - HOLLOW CREEK,39,0.999999945108
state_house_2022,LEXINGTON - HOLLOW CREEK,87,0.000000054892
state_house_2022,SALUDA - HOLLY,39,1.000000000000
state_house_2022,CHEROKEE - HOLLY GROVE AND BUFFALO,30,1.000000000000
state_house_2022,ORANGEBURG - HOLLY HILL 1,95,1.000000000000
state_house_2022,ORANGEBURG - HOLLY HILL 2,95,1.000000000000
state_house_2022,PICKENS - HOLLY SPRINGS,1,0.581973314680
state_house_2022,PICKENS - HOLLY SPRINGS,4,0.418026685320
state_house_2022,SPARTANBURG - HOLLY SPRINGS BAPTIST,38,1.000000000000
state_house_2022,SPARTANBURG - HOLLY SPRINGS MOTLOW,36,0.000000013630
state_house_2022,SPARTANBURG - HOLLY SPRINGS MOTLOW,38,0.999999986370
state_house_2022,GREENVILLE - HOLLY TREE,16,0.000042613905
state_house_2022,GREENVILLE - HOLLY TREE,27,0.184533806312
state_house_2022,GREENVILLE - HOLLY TREE,35,0.815423579783
state_house_2022,SALUDA - HOLLYWOOD,39,1.000000000000
state_house_2022,SALUDA - HOLSTONS,39,0.999988862363
state_house_2022,SALUDA - HOLSTONS,86,0.000011137637
state_house_2022,SPARTANBURG - HOLY COMMUNION,31,0.801825751984
state_house_2022,SPARTANBURG - HOLY COMMUNION,34,0.198174248016
state_house_2022,ANDERSON - HOMELAND PARK,7,0.000003152965
state_house_2022,ANDERSON - HOMELAND PARK,11,0.999996847035
state_house_2022,HORRY - HOMEWOOD,58,0.812333033308
state_house_2022,HORRY - HOMEWOOD,105,0.187666966692
state_house_2022,ANDERSON - HONEA PATH,7,1.000000000000
state_house_2022,LEXINGTON - HOOKS STORE,89,1.000000000000
state_house_2022,SPARTANBURG - HOPE,34,0.615313271881
state_house_2022,SPARTANBURG - HOPE,37,0.384686728119
state_house_2022,GREENWOOD - HOPES FERRY,12,1.000000000000
state_house_2022,ANDERSON - HOPEWELL,6,1.000000000000
state_house_2022,HAMPTON - HOPEWELL,122,1.000000000000
state_house_2022,YORK - HOPEWELL,43,0.443334435747
state_house_2022,YORK - HOPEWELL,46,0.556665564253
state_house_2022,RICHLAND - HOPKINS 1,70,0.999852465741
state_house_2022,RICHLAND - HOPKINS 1,72,0.000147529424
state_house_2022,RICHLAND - HOPKINS 1,93,0.000000004835
state_house_2022,RICHLAND - HOPKINS 2,70,1.000000000000
state_house_2022,SUMTER - HORATIO,50,0.000224947094
state_house_2022,SUMTER - HORATIO,64,0.999491107842
state_house_2022,SUMTER - HORATIO,67,0.000136193235
state_house_2022,SUMTER - HORATIO,70,0.000147751829
state_house_2022,FAIRFIELD - HOREB-GLENN,41,1.000000000000
state_house_2022,RICHLAND - HORRELL HILL,70,0.999999984838
state_house_2022,RICHLAND - HORRELL HILL,78,0.000000015162
state_house_2022,HORRY - HORRY,58,1.000000000000
state_house_2022,HAMPTON - HORSE GALL,122,1.000000000000
state_house_2022,COLLETON - HORSE PEN,97,1.000000000000
state_house_2022,BERKELEY - HORSESHOE,100,0.818660228874
state_house_2022,BERKELEY - HORSESHOE,117,0.181339771126
state_house_2022,BERKELEY - HOWE HALL 1,15,0.999861361377
state_house_2022,BERKELEY - HOWE HALL 1,92,0.000138638623
state_house_2022,BERKELEY - HOWE HALL 2,15,0.999996690387
state_house_2022,BERKELEY - HOWE HALL 2,92,0.000003309613
state_house_2022,COLLETON - HUDSON MILL,97,1.000000000000
state_house_2022,BERKELEY - HUGER,103,1.000000000000
state_house_2022,ANDERSON - HUNT MEADOWS,6,0.000000059942
state_house_2022,ANDERSON - HUNT MEADOWS,10,0.999999940058
state_house_2022,BAMBERG - HUNTERS CHAPEL,90,1.000000000000
state_house_2022,RICHLAND - HUNTING CREEK,70,1.000000000000
state_house_2022,YORK - INDEPENDENCE,43,0.999999766163
state_house_2022,YORK - INDEPENDENCE,49,0.000000233837
state_house_2022,YORK - INDIA HOOK,48,1.000000000000
state_house_2022,DARLINGTON - INDIAN BRANCH,62,1.000000000000
state_house_2022,DORCHESTER - INDIAN FIELD,95,1.000000000000
state_house_2022,DORCHESTER - INDIAN FIELD 2,95,1.000000000000
state_house_2022,WILLIAMSBURG - INDIANTOWN,57,0.239333008268
state_house_2022,WILLIAMSBURG - INDIANTOWN,101,0.760666991732
state_house_2022,HORRY - INLAND,103,1.000000000000
state_house_2022,SPARTANBURG - INMAN,37,0.501507074760
state_house_2022,SPARTANBURG - INMAN,38,0.498492925240
state_house_2022,LEE - IONIA,50,1.000000000000
state_house_2022,LEXINGTON - IRMO,71,0.000008341734
state_house_2022,LEXINGTON - IRMO,85,0.999991658266
state_house_2022,DORCHESTER - IRONGATE,98,1.000000000000
state_house_2022,DORCHESTER - IRONGATE 2,94,1.000000000000
state_house_2022,DORCHESTER - IRONGATE 3,98,1.000000000000
state_house_2022,CHARLESTON - ISLE OF PALMS 1A,112,1.000000000000
state_house_2022,CHARLESTON - ISLE OF PALMS 1B,112,1.000000000000
state_house_2022,CHARLESTON - ISLE OF PALMS 1C,112,1.000000000000
state_house_2022,PICKENS - ISSAQUEENA,3,1.000000000000
state_house_2022,ANDERSON - IVA,7,0.999999382590
state_house_2022,ANDERSON - IVA,11,0.000000617410
state_house_2022,HORRY - JACKSON BLUFF,58,0.927365934811
state_house_2022,HORRY - JACKSON BLUFF,68,0.072634065189
state_house_2022,ANDERSON - JACKSON MILL,7,0.208553337061
state_house_2022,ANDERSON - JACKSON MILL,11,0.791446662939
state_house_2022,COLLETON - JACKSONBORO,97,0.359207956810
state_house_2022,COLLETON - JACKSONBORO,121,0.640792043190
state_house_2022,CHARLESTON - JAMES ISLAND 10,110,0.000792565802
state_house_2022,CHARLESTON - JAMES ISLAND 10,115,0.999207434198
state_house_2022,CHARLESTON - JAMES ISLAND 11,110,0.999998871724
state_house_2022,CHARLESTON - JAMES ISLAND 11,115,0.000001128276
state_house_2022,CHARLESTON - JAMES ISLAND 12,110,0.999999129536
state_house_2022,CHARLESTON - JAMES ISLAND 12,115,0.000000870464
state_house_2022,CHARLESTON - JAMES ISLAND 13,110,1.000000000000
state_house_2022,CHARLESTON - JAMES ISLAND 14,110,0.998318326190
state_house_2022,CHARLESTON - JAMES ISLAND 14,115,0.001681673810
state_house_2022,CHARLESTON - JAMES ISLAND 15,110,0.000401847879
state_house_2022,CHARLESTON - JAMES ISLAND 15,115,0.999598152121
state_house_2022,CHARLESTON - JAMES ISLAND 17,110,0.903481615060
state_house_2022,CHARLESTON - JAMES ISLAND 17,115,0.096518384940
state_house_2022,CHARLESTON - JAMES ISLAND 19,110,0.000000720371
state_house_2022,CHARLESTON - JAMES ISLAND 19,115,0.999992511652
state_house_2022,CHARLESTON - JAMES ISLAND 19,119,0.000006767977
state_house_2022,CHARLESTON - JAMES ISLAND 1A,115,0.999988247101
state_house_2022,CHARLESTON - JAMES ISLAND 1A,119,0.000011752899
state_house_2022,CHARLESTON - JAMES ISLAND 1B,115,0.639278989505
state_house_2022,CHARLESTON - JAMES ISLAND 1B,119,0.360721010495
state_house_2022,CHARLESTON - JAMES ISLAND 20,115,0.997729186138
state_house_2022,CHARLESTON - JAMES ISLAND 20,119,0.002270813862
state_house_2022,CHARLESTON - JAMES ISLAND 22,115,0.000001172176
state_house_2022,CHARLESTON - JAMES ISLAND 22,119,0.999998827824
state_house_2022,CHARLESTON - JAMES ISLAND 3,115,0.000018902718
state_house_2022,CHARLESTON - JAMES ISLAND 3,119,0.999981097282
state_house_2022,CHARLESTON - JAMES ISLAND 5A,110,0.000000754218
state_house_2022,CHARLESTON - JAMES ISLAND 5A,115,0.999999245782
state_house_2022,CHARLESTON - JAMES ISLAND 5B,110,0.000000042767
state_house_2022,CHARLESTON - JAMES ISLAND 5B,115,0.999999957233
state_house_2022,CHARLESTON - JAMES ISLAND 6,110,0.000001386486
state_house_2022,CHARLESTON - JAMES ISLAND 6,115,0.999998613514
state_house_2022,CHARLESTON - JAMES ISLAND 7,115,0.999999733468
state_house_2022,CHARLESTON - JAMES ISLAND 7,119,0.000000266532
state_house_2022,CHARLESTON - JAMES ISLAND 8A,115,0.998454856999
state_house_2022,CHARLESTON - JAMES ISLAND 8A,119,0.001545143001
state_house_2022,CHARLESTON - JAMES ISLAND 8B,115,0.999595801950
state_house_2022,CHARLESTON - JAMES ISLAND 8B,119,0.000404198050
state_house_2022,CHARLESTON - JAMES ISLAND 9,115,0.999999433943
state_house_2022,CHARLESTON - JAMES ISLAND 9,119,0.000000566057
state_house_2022,BERKELEY - JAMESTOWN,101,0.327946577250
state_house_2022,BERKELEY - JAMESTOWN,103,0.672053422750
state_house_2022,HORRY - JAMESTOWN,58,1.000000000000
state_house_2022,ORANGEBURG - JAMISON,93,1.000000000000
state_house_2022,CHESTERFIELD - JEFFERSON,53,0.000658764350
state_house_2022,CHESTERFIELD - JEFFERSON,65,0.999341235650
state_house_2022,FAIRFIELD - JENKINSVILLE,40,0.000018521593
state_house_2022,FAIRFIELD - JENKINSVILLE,41,0.999526733454
state_house_2022,FAIRFIELD - JENKINSVILLE,71,0.000009339487
state_house_2022,FAIRFIELD - JENKINSVILLE,73,0.000445405466
state_house_2022,GREENVILLE - JENNINGS MILL,4,0.000681834655
state_house_2022,GREENVILLE - JENNINGS MILL,17,0.999318165345
state_house_2022,HORRY - JERNIGANS X ROADS,55,0.962128047325
state_house_2022,HORRY - JERNIGANS X ROADS,105,0.037871952675
state_house_2022,SPARTANBURG - JESSE BOBO ELEMENTARY,31,1.000000000000
state_house_2022,SPARTANBURG - JESSE BOYD ELEMENTARY,32,1.000000000000
state_house_2022,HORRY - JET PORT 1,106,0.000000359256
state_house_2022,HORRY - JET PORT 1,107,0.999999640744
state_house_2022,HORRY - JET PORT 2,106,0.999787436363
state_house_2022,HORRY - JET PORT 2,107,0.000212563637
state_house_2022,HORRY - JET PORT 3,107,1.000000000000
state_house_2022,HORRY - JET PORT 4,107,1.000000000000
state_house_2022,CHARLESTON - JOHNS ISLAND 1A,116,1.000000000000
state_house_2022,CHARLESTON - JOHNS ISLAND 1B,115,0.074898209466
state_house_2022,CHARLESTON - JOHNS ISLAND 1B,116,0.925035698254
state_house_2022,CHARLESTON - JOHNS ISLAND 1B,119,0.000066092280
state_house_2022,CHARLESTON - JOHNS ISLAND 2,115,0.000000190822
state_house_2022,CHARLESTON - JOHNS ISLAND 2,116,0.000005580338
state_house_2022,CHARLESTON - JOHNS ISLAND 2,119,0.999994228840
state_house_2022,CHARLESTON - JOHNS ISLAND 3A,115,0.614158045128
state_house_2022,CHARLESTON - JOHNS ISLAND 3A,116,0.000000008354
state_house_2022,CHARLESTON - JOHNS ISLAND 3A,119,0.385841946519
state_house_2022,CHARLESTON - JOHNS ISLAND 3B,115,1.000000000000
state_house_2022,CHARLESTON - JOHNS ISLAND 4,115,0.865308543212
state_house_2022,CHARLESTON - JOHNS ISLAND 4,119,0.134691456788
state_house_2022,FLORENCE - JOHNSONVILLE,57,0.000102282831
state_house_2022,FLORENCE - JOHNSONVILLE,60,0.999897717169
state_house_2022,EDGEFIELD - JOHNSTON NO. 2,82,1.000000000000
state_house_2022,EDGEFIELD - JOHNSTON NO. 1,82,1.000000000000
state_house_2022,NEWBERRY - JOHNSTONE,40,1.000000000000
state_house_2022,UNION - JONESVILLE BOX 1,29,0.000028043744
state_house_2022,UNION - JONESVILLE BOX 1,42,0.999971956256
state_house_2022,UNION - JONESVILLE BOX 2,42,1.000000000000
state_house_2022,HORRY - JUNIPER BAY,58,1.000000000000
state_house_2022,YORK - KANAWHA,66,1.000000000000
state_house_2022,BAMBERG - KEARSE,90,0.999999618100
state_house_2022,BAMBERG - KEARSE,91,0.000000381900
state_house_2022,RICHLAND - KEELS 1,73,0.000041748929
state_house_2022,RICHLAND - KEELS 1,76,0.999940487136
state_house_2022,RICHLAND - KEELS 1,77,0.000017763935
state_house_2022,RICHLAND - KEELS 2,73,0.762351763538
state_house_2022,RICHLAND - KEELS 2,76,0.237096018747
state_house_2022,RICHLAND - KEELS 2,77,0.000552217715
state_house_2022,RICHLAND - KEENAN,74,0.481543891564
state_house_2022,RICHLAND - KEENAN,75,0.000173314883
state_house_2022,RICHLAND - KEENAN,76,0.496191254856
state_house_2022,RICHLAND - KEENAN,78,0.022091538697
state_house_2022,DARLINGTON - KELLEYTOWN,50,0.000005638089
state_house_2022,DARLINGTON - KELLEYTOWN,65,0.999994361911
state_house_2022,RICHLAND - KELLY MILL,41,0.999999891081
state_house_2022,RICHLAND - KELLY MILL,52,0.000000002237
state_house_2022,RICHLAND - KELLY MILL,79,0.000000106682
state_house_2022,UNION - KELTON,42,1.000000000000
state_house_2022,DILLON - KEMPER,55,1.000000000000
state_house_2022,GEORGETOWN - KENSINGTON,103,0.425017951105
state_house_2022,GEORGETOWN - KENSINGTON,108,0.574982048895
state_house_2022,ABBEVILLE - KEOWEE,7,0.000759008740
state_house_2022,ABBEVILLE - KEOWEE,11,0.999240991260
state_house_2022,CHARLESTON - KIAWAH ISLAND,115,1.000000000000
state_house_2022,GREENVILLE - KILGORE FARMS,16,0.000543854156
state_house_2022,GREENVILLE - KILGORE FARMS,35,0.999456145844
state_house_2022,RICHLAND - KILLIAN,77,1.000000000000
state_house_2022,NEWBERRY - KINARDS-JALAPA,40,1.000000000000
state_house_2022,DORCHESTER - KINGS GRANT,98,0.997246383503
state_house_2022,DORCHESTER - KINGS GRANT,109,0.002753616497
state_house_2022,DORCHESTER - KINGS GRANT 2,98,0.003779179121
state_house_2022,DORCHESTER - KINGS GRANT 2,114,0.996220820879
state_house_2022,FLORENCE - KINGSBURG-STONE,57,0.000000009511
state_house_2022,FLORENCE - KINGSBURG-STONE,60,0.999999990489
state_house_2022,WILLIAMSBURG - KINGSTREE NO. 1,101,1.000000000000
state_house_2022,WILLIAMSBURG - KINGSTREE NO. 2,101,1.000000000000
state_house_2022,WILLIAMSBURG - KINGSTREE NO. 3,101,1.000000000000
state_house_2022,WILLIAMSBURG - KINGSTREE NO. 4,101,1.000000000000
state_house_2022,RICHLAND - KINGSWOOD,72,0.000002451819
state_house_2022,RICHLAND - KINGSWOOD,73,0.000000416638
state_house_2022,RICHLAND - KINGSWOOD,74,0.999997131543
state_house_2022,LEXINGTON - KITTI WAKE,69,0.000000195626
state_house_2022,LEXINGTON - KITTI WAKE,88,0.999999804374
state_house_2022,BARNWELL - KLINE,90,0.000000979035
state_house_2022,BARNWELL - KLINE,91,0.999999020965
state_house_2022,DORCHESTER - KNIGHTSVILLE,94,0.000000098114
state_house_2022,DORCHESTER - KNIGHTSVILLE,97,0.999870913353
state_house_2022,DORCHESTER - KNIGHTSVILLE,114,0.000128988533
state_house_2022,GREENWOOD - LACO,12,0.999987005625
state_house_2022,GREENWOOD - LACO,13,0.000012994375
state_house_2022,CHARLESTON - LADSON,92,0.000000119222
state_house_2022,CHARLESTON - LADSON,94,0.313688920837
state_house_2022,CHARLESTON - LADSON,113,0.686310959941
state_house_2022,ANDERSON - LAFRANCE,6,0.784442179806
state_house_2022,ANDERSON - LAFRANCE,8,0.215557820194
state_house_2022,SPARTANBURG - LAKE BOWEN BAPTIST,38,1.000000000000
state_house_2022,RICHLAND - LAKE CAROLINA,41,0.000001102154
state_house_2022,RICHLAND - LAKE CAROLINA,52,0.000000004195
state_house_2022,RICHLAND - LAKE CAROLINA,77,0.000000851689
state_house_2022,RICHLAND - LAKE CAROLINA,79,0.999998041962
state_house_2022,FLORENCE - LAKE CITY NO. 1,101,1.000000000000
state_house_2022,FLORENCE - LAKE CITY NO. 2,60,0.000000030712
state_house_2022,FLORENCE - LAKE CITY NO. 2,101,0.999999969288
state_house_2022,FLORENCE - LAKE CITY NO. 3,60,0.000000375031
state_house_2022,FLORENCE - LAKE CITY NO. 3,101,0.999999624969
state_house_2022,FLORENCE - LAKE CITY NO. 4,101,1.000000000000
state_house_2022,SPARTANBURG - LAKE COOLEY,36,0.818795074874
state_house_2022,SPARTANBURG - LAKE COOLEY,37,0.181204925126
state_house_2022,LEXINGTON - LAKE MURRAY 2,39,0.000151572227
state_house_2022,LEXINGTON - LAKE MURRAY 2,87,0.999848427773
state_house_2022,LEXINGTON - LAKE MURRAY 1,87,1.000000000000
state_house_2022,HORRY - LAKE PARK 1,68,1.000000000000
state_house_2022,HORRY - LAKE PARK 2,61,1.000000000000
state_house_2022,HORRY - LAKE PARK 3,68,1.000000000000
state_house_2022,DARLINGTON - LAKE SWAMP,62,0.997718025438
state_house_2022,DARLINGTON - LAKE SWAMP,63,0.002281974562
state_house_2022,DILLON - LAKE VIEW,55,1.000000000000
state_house_2022,YORK - LAKESHORE,48,1.000000000000
state_house_2022,ANDERSON - LAKESIDE,8,1.000000000000
state_house_2022,GREENVILLE - LAKEVIEW,19,0.779540606961
state_house_2022,GREENVILLE - LAKEVIEW,23,0.220459393039
state_house_2022,YORK - LAKEWOOD,48,1.000000000000
state_house_2022,DARLINGTON - LAMAR NO. 1,50,0.000010641915
state_house_2022,DARLINGTON - LAMAR NO. 1,62,0.999989358085
state_house_2022,DARLINGTON - LAMAR NO. 2,50,0.000008008403
state_house_2022,DARLINGTON - LAMAR NO. 2,62,0.999991991597
state_house_2022,GEORGETOWN - LAMBERT TOWN,101,0.000000048986
state_house_2022,GEORGETOWN - LAMBERT TOWN,103,0.999999951014
state_house_2022,CHESTER - LANDOLANDSFORD,43,1.000000000000
state_house_2022,SPARTANBURG - LANDRUM,38,1.000000000000
state_house_2022,SPARTANBURG - LANDRUM HIGH SCHOOL,38,1.000000000000
state_house_2022,SPARTANBURG - LANDRUM UNITED METHODIST,38,1.000000000000
state_house_2022,WILLIAMSBURG - LANE,101,0.999999992326
state_house_2022,WILLIAMSBURG - LANE,102,0.000000007674
state_house_2022,YORK - LARNE,47,1.000000000000
state_house_2022,DILLON - LATTA,55,0.999999644980
state_house_2022,DILLON - LATTA,57,0.000000355020
state_house_2022,YORK - LAUREL CREEK,48,1.000000000000
state_house_2022,GREENVILLE - LAUREL RIDGE,17,0.000074425599
state_house_2022,GREENVILLE - LAUREL RIDGE,18,0.999925574401
state_house_2022,PICKENS - LAWRENCE CHAPEL,2,0.000868031322
state_house_2022,PICKENS - LAWRENCE CHAPEL,3,0.999131968678
state_house_2022,LEXINGTON - LEAPHART ROAD,69,0.000000239610
state_house_2022,LEXINGTON - LEAPHART ROAD,89,0.999999760390
state_house_2022,GREENVILLE - LEAWOOD,19,0.661419231198
state_house_2022,GREENVILLE - LEAWOOD,22,0.000156755293
state_house_2022,GREENVILLE - LEAWOOD,23,0.338424013509
state_house_2022,ABBEVILLE - LEBANON,11,0.999999991002
state_house_2022,ABBEVILLE - LEBANON,12,0.000000008998
state_house_2022,BERKELEY - LEBANON,102,1.000000000000
state_house_2022,FAIRFIELD - LEBANON,41,1.000000000000
state_house_2022,LEXINGTON - LEESVILLE,39,1.000000000000
state_house_2022,SUMTER - LEMIRA,51,1.000000000000
state_house_2022,PICKENS - LENHARDT,4,0.488080460194
state_house_2022,PICKENS - LENHARDT,5,0.511919539806
state_house_2022,FLORENCE - LEO,60,1.000000000000
state_house_2022,HORRY - LEON,105,1.000000000000
state_house_2022,YORK - LESSLIE,43,1.000000000000
state_house_2022,JASPER - LEVY,123,1.000000000000
state_house_2022,LEXINGTON - LEXINGTON NO. 1,69,1.000000000000
state_house_2022,LEXINGTON - LEXINGTON NO. 2,69,0.052833870920
state_house_2022,LEXINGTON - LEXINGTON NO. 2,87,0.947162810929
state_house_2022,LEXINGTON - LEXINGTON NO. 2,88,0.000003318152
state_house_2022,LEXINGTON - LEXINGTON NO. 3,69,0.619037994482
state_house_2022,LEXINGTON - LEXINGTON NO. 3,87,0.380962005518
state_house_2022,LEXINGTON - LEXINGTON NO. 4,69,0.477267944446
state_house_2022,LEXINGTON - LEXINGTON NO. 4,87,0.000001915883
state_house_2022,LEXINGTON - LEXINGTON NO. 4,88,0.522730139671
state_house_2022,GREENWOOD - LIBERTY,12,0.999999946144
state_house_2022,GREENWOOD - LIBERTY,13,0.000000053856
state_house_2022,BERKELEY - LIBERTY HALL,15,0.551572411794
state_house_2022,BERKELEY - LIBERTY HALL,92,0.448427588206
state_house_2022,KERSHAW - LIBERTY HILL,45,0.999999995311
state_house_2022,KERSHAW - LIBERTY HILL,65,0.000000004689
state_house_2022,ORANGEBURG - LIMESTONE 1,91,1.000000000000
state_house_2022,ORANGEBURG - LIMESTONE 2,90,0.000000003847
state_house_2022,ORANGEBURG - LIMESTONE 2,91,0.999999996153
state_house_2022,CHEROKEE - LIMESTONE MILL,30,1.000000000000
state_house_2022,DORCHESTER - LINCOLN,98,0.194857183320
state_house_2022,DORCHESTER - LINCOLN,109,0.805142816680
state_house_2022,RICHLAND - LINCOLNSHIRE,73,1.000000000000
state_house_2022,CHARLESTON - LINCOLNVILLE,94,0.213404410844
state_house_2022,CHARLESTON - LINCOLNVILLE,102,0.000000821837
state_house_2022,CHARLESTON - LINCOLNVILLE,113,0.786594521598
state_house_2022,CHARLESTON - LINCOLNVILLE,117,0.000000245720
state_house_2022,LEXINGTON - LINCREEK,85,1.000000000000
state_house_2022,NEWBERRY - LITTLE MOUNTAIN,40,0.999999935971
state_house_2022,NEWBERRY - LITTLE MOUNTAIN,85,0.000000064029
state_house_2022,HORRY - LITTLE RIVER 1,104,1.000000000000
state_house_2022,HORRY - LITTLE RIVER 2,104,1.000000000000
state_house_2022,HORRY - LITTLE RIVER 3,104,1.000000000000
state_house_2022,DILLON - LITTLE ROCK,55,1.000000000000
state_house_2022,BAMBERG - LITTLE SWAMP,90,0.999094612725
state_house_2022,BAMBERG - LITTLE SWAMP,97,0.000903017693
state_house_2022,BAMBERG - LITTLE SWAMP,122,0.000002369582
state_house_2022,CHEROKEE - LITTLEJOHNS AND SARRATTS,29,1.000000000000
state_house_2022,BERKELEY - LIVE OAK,100,0.000000002838
state_house_2022,BERKELEY - LIVE OAK,117,0.999999997162
state_house_2022,HORRY - LIVE OAK,55,0.997729923468
state_house_2022,HORRY - LIVE OAK,105,0.002270076532
state_house_2022,GREENWOOD - LIVIS KNOLL,12,0.996773455355
state_house_2022,GREENWOOD - LIVIS KNOLL,13,0.003226544645
state_house_2022,GREENWOOD - LOBLOLLY PINES,12,1.000000000000
state_house_2022,UNION - LOCKHART,42,1.000000000000
state_house_2022,GREENVILLE - LOCUST HILL,18,1.000000000000
state_house_2022,CALHOUN - LONE STAR,64,0.000000000067
state_house_2022,CALHOUN - LONE STAR,93,0.999999985512
state_house_2022,CALHOUN - LONE STAR,95,0.000000014421
state_house_2022,GREENVILLE - LONG CREEK,25,0.000644881667
state_house_2022,GREENVILLE - LONG CREEK,28,0.999355118333
state_house_2022,RICHLAND - LONGCREEK,41,0.000274114363
state_house_2022,RICHLAND - LONGCREEK,77,0.999725885637
state_house_2022,RICHLAND - LONGLEAF,77,1.000000000000
state_house_2022,SUMTER - LORING,51,0.999974477901
state_house_2022,SUMTER - LORING,67,0.000025522099
state_house_2022,GREENWOOD - LOWER LAKE,13,0.999999971766
state_house_2022,GREENWOOD - LOWER LAKE,40,0.000000028234
state_house_2022,ABBEVILLE - LOWNDESVILLE,7,0.000018423911
state_house_2022,ABBEVILLE - LOWNDESVILLE,11,0.999981576089
state_house_2022,CHESTER - LOWRYS,29,0.000000011170
state_house_2022,CHESTER - LOWRYS,41,0.072520111048
state_house_2022,CHESTER - LOWRYS,43,0.927479877782
state_house_2022,KERSHAW - LUGOFF NO. 1,52,1.000000000000
state_house_2022,KERSHAW - LUGOFF NO. 2,52,1.000000000000
state_house_2022,KERSHAW - LUGOFF NO. 3,52,1.000000000000
state_house_2022,KERSHAW - LUGOFF NO. 4,52,1.000000000000
state_house_2022,DARLINGTON - LYDIA,50,0.000000162875
state_house_2022,DARLINGTON - LYDIA,62,0.000561152121
state_house_2022,DARLINGTON - LYDIA,65,0.999438685004
state_house_2022,RICHLAND - LYKESLAND,70,1.000000000000
state_house_2022,SPARTANBURG - LYMAN,36,1.000000000000
state_house_2022,SPARTANBURG - LYMAN ELEMENTARY,18,0.000000116413
state_house_2022,SPARTANBURG - LYMAN ELEMENTARY,36,0.999999883587
state_house_2022,LEE - LYNCHBURG,50,0.999992974397
state_house_2022,LEE - LYNCHBURG,62,0.000007025603
state_house_2022,BERKELEY - MACEDONIA,100,0.333692818857
state_house_2022,BERKELEY - MACEDONIA,101,0.666307181143
state_house_2022,CHEROKEE - MACEDONIA,29,0.004974599066
state_house_2022,CHEROKEE - MACEDONIA,30,0.995025400934
state_house_2022,BERKELEY - MACEDONIA 2,101,1.000000000000
state_house_2022,LEXINGTON - MACK-EDISTO,86,0.999999358501
state_house_2022,LEXINGTON - MACK-EDISTO,96,0.000000641499
state_house_2022,SUMTER - MAGNOLIA-HARMONY,51,1.000000000000
state_house_2022,RICHLAND - MALLET HILL,78,1.000000000000
state_house_2022,KERSHAW - MALVERN HILL,50,1.000000000000
state_house_2022,YORK - MANCHESTER,43,0.968958056617
state_house_2022,YORK - MANCHESTER,49,0.031041943383
state_house_2022,SUMTER - MANCHESTER FOREST,64,0.999922585929
state_house_2022,SUMTER - MANCHESTER FOREST,67,0.000071427719
state_house_2022,SUMTER - MANCHESTER FOREST,70,0.000005986353
state_house_2022,DILLON - MANNING,55,1.000000000000
state_house_2022,LEE - MANVILLE,50,1.000000000000
state_house_2022,HORRY - MAPLE,105,1.000000000000
state_house_2022,COLLETON - MAPLE CANE,95,0.000000000000
state_house_2022,COLLETON - MAPLE CANE,97,1.000000000000
state_house_2022,GREENVILLE - MAPLE CREEK,18,0.372316535660
state_house_2022,GREENVILLE - MAPLE CREEK,21,0.627002015224
state_house_2022,GREENVILLE - MAPLE CREEK,36,0.000681449117
state_house_2022,JASPER - MARGARITAVILLE,122,1.000000000000
state_house_2022,GREENVILLE - MARIDELL,17,1.000000000000
state_house_2022,MARION - MARION NO. 1,57,1.000000000000
state_house_2022,MARION - MARION NO. 2,57,1.000000000000
state_house_2022,MARION - MARION NORTH,57,1.000000000000
state_house_2022,MARION - MARION SOUTH,57,1.000000000000
state_house_2022,MARION - MARION WEST,55,0.000206888007
state_house_2022,MARION - MARION WEST,57,0.999693513209
state_house_2022,MARION - MARION WEST,59,0.000099598784
state_house_2022,HORRY - MARLOWE 1,68,1.000000000000
state_house_2022,HORRY - MARLOWE 2,68,1.000000000000
state_house_2022,HORRY - MARLOWE 3,68,1.000000000000
state_house_2022,FLORENCE - MARS BLUFF NO. 1,57,0.000000051692
state_house_2022,FLORENCE - MARS BLUFF NO. 1,59,0.999999948308
state_house_2022,FLORENCE - MARS BLUFF NO. 2,57,0.000000017130
state_house_2022,FLORENCE - MARS BLUFF NO. 2,59,0.999999982870
state_house_2022,GREENWOOD - MARSHALL OAKS,12,1.000000000000
state_house_2022,ALLENDALE - MARTIN,91,1.000000000000
state_house_2022,COLLETON - MASHAWVILLE,97,0.659511229774
state_house_2022,COLLETON - MASHAWVILLE,121,0.340488770226
state_house_2022,GREENVILLE - MAULDIN 1,24,0.850937409458
state_house_2022,GREENVILLE - MAULDIN 1,25,0.148627623028
state_house_2022,GREENVILLE - MAULDIN 1,27,0.000244762222
state_house_2022,GREENVILLE - MAULDIN 1,28,0.000190205292
state_house_2022,GREENVILLE - MAULDIN 2,24,0.999889961857
state_house_2022,GREENVILLE - MAULDIN 2,25,0.000110038143
state_house_2022,GREENVILLE - MAULDIN 3,27,0.999298702296
state_house_2022,GREENVILLE - MAULDIN 3,28,0.000701297704
state_house_2022,GREENVILLE - MAULDIN 4,24,0.166531914109
state_house_2022,GREENVILLE - MAULDIN 4,27,0.833468085891
state_house_2022,GREENVILLE - MAULDIN 5,24,0.713444702389
state_house_2022,GREENVILLE - MAULDIN 5,27,0.286555297611
state_house_2022,GREENVILLE - MAULDIN 6,24,0.221271994521
state_house_2022,GREENVILLE - MAULDIN 6,27,0.778728005479
state_house_2022,GREENVILLE - MAULDIN 7,24,0.000022518463
state_house_2022,GREENVILLE - MAULDIN 7,27,0.999977481537
state_house_2022,GREENWOOD - MAXWELLTON PIKE,13,1.000000000000
state_house_2022,NEWBERRY - MAYBINTON,40,1.000000000000
state_house_2022,SUMTER - MAYESVILLE,50,0.999982101045
state_house_2022,SUMTER - MAYESVILLE,51,0.000017898955
state_house_2022,SUMTER - MAYEWOOD,50,0.000008986198
state_house_2022,SUMTER - MAYEWOOD,51,0.999989191444
state_house_2022,SUMTER - MAYEWOOD,64,0.000000077346
state_house_2022,SUMTER - MAYEWOOD,67,0.000001745012
state_house_2022,SPARTANBURG - MAYO ELEMENTARY,30,1.000000000000
state_house_2022,PICKENS - MCALISTER,10,1.000000000000
state_house_2022,FLORENCE - MCALLISTER MILL,60,0.000000021572
state_house_2022,FLORENCE - MCALLISTER MILL,101,0.999999978428
state_house_2022,CHESTERFIELD - MCBEE,53,0.373591687175
state_house_2022,CHESTERFIELD - MCBEE,65,0.626408312825
state_house_2022,BERKELEY - MCBETH,100,1.000000000000
state_house_2022,CHARLESTON - MCCLELLANVILLE,103,0.000000003430
state_house_2022,CHARLESTON - MCCLELLANVILLE,108,0.999982083114
state_house_2022,CHARLESTON - MCCLELLANVILLE,112,0.000017913456
state_house_2022,MARLBORO - MCCOLL,54,0.593127004964
state_house_2022,MARLBORO - MCCOLL,55,0.406872995036
state_house_2022,YORK - MCCONNELLS,29,1.000000000000
state_house_2022,MCCORMICK - MCCORMICK NO. 1,12,1.000000000000
state_house_2022,MCCORMICK - MCCORMICK NO. 2,12,1.000000000000
state_house_2022,SPARTANBURG - MCCRACKEN MIDDLE SCHOOL,32,0.618675530008
state_house_2022,SPARTANBURG - MCCRACKEN MIDDLE SCHOOL,33,0.381324469992
state_house_2022,SUMTER - MCCRAYS MILL 1,51,0.000863076341
state_house_2022,SUMTER - MCCRAYS MILL 1,64,0.001865694547
state_house_2022,SUMTER - MCCRAYS MILL 1,67,0.997271229112
state_house_2022,SUMTER - MCCRAYS MILL 2,51,0.000592574247
state_house_2022,SUMTER - MCCRAYS MILL 2,64,0.000791956374
state_house_2022,SUMTER - MCCRAYS MILL 2,67,0.998615469379
state_house_2022,RICHLAND - MCENTIRE,70,1.000000000000
state_house_2022,PICKENS - MCKISSICK,5,1.000000000000
state_house_2022,RICHLAND - MEADOWFIELD,75,1.000000000000
state_house_2022,RICHLAND - MEADOWLAKE,73,0.999998835808
state_house_2022,RICHLAND - MEADOWLAKE,76,0.000000159353
state_house_2022,RICHLAND - MEADOWLAKE,77,0.000001004839
state_house_2022,DARLINGTON - MECHANICSVILLE,53,0.000329926881
state_house_2022,DARLINGTON - MECHANICSVILLE,54,0.999314636352
state_house_2022,DARLINGTON - MECHANICSVILLE,59,0.000000023411
state_house_2022,DARLINGTON - MECHANICSVILLE,62,0.000355413356
state_house_2022,BERKELEY - MEDWAY,15,0.000981581966
state_house_2022,BERKELEY - MEDWAY,92,0.101055233049
state_house_2022,BERKELEY - MEDWAY,100,0.897963062883
state_house_2022,BERKELEY - MEDWAY,103,0.000000122102
state_house_2022,ANDERSON - MELTON,6,1.000000000000
state_house_2022,EDGEFIELD - MERRIWETHER NO. 2,82,0.000000096142
state_house_2022,EDGEFIELD - MERRIWETHER NO. 2,83,0.999673517047
state_house_2022,EDGEFIELD - MERRIWETHER NO. 2,84,0.000326386811
state_house_2022,EDGEFIELD - MERRIWETHER NO. 1,83,1.000000000000
state_house_2022,HORRY - METHODIST-MILL SWAMP,57,1.000000000000
state_house_2022,CHESTERFIELD - MIDDENDORF,53,0.999992411308
state_house_2022,CHESTERFIELD - MIDDENDORF,65,0.000007588692
state_house_2022,SPARTANBURG - MIDDLE TYGER,34,1.000000000000
state_house_2022,CALHOUN - MIDWAY,93,0.999998941623
state_house_2022,CALHOUN - MIDWAY,95,0.000001058377
state_house_2022,LEXINGTON - MIDWAY,69,0.999999879622
state_house_2022,LEXINGTON - MIDWAY,85,0.000000120378
state_house_2022,RICHLAND - MIDWAY,76,0.999993646135
state_house_2022,RICHLAND - MIDWAY,78,0.000006353865
state_house_2022,DORCHESTER - MILESJAMISON,94,0.998410823207
state_house_2022,DORCHESTER - MILESJAMISON,113,0.001589176793
state_house_2022,FLORENCE - MILL BRANCH,57,0.000000010664
state_house_2022,FLORENCE - MILL BRANCH,59,0.999999989336
state_house_2022,RICHLAND - MILL CREEK,70,1.000000000000
state_house_2022,YORK - MILL CREEK,48,1.000000000000
state_house_2022,SUMTER - MILLWOOD,51,1.000000000000
state_house_2022,GREENWOOD - MIMOSA CREST,12,0.497558219389
state_house_2022,GREENWOOD - MIMOSA CREST,13,0.502441780611
state_house_2022,LEXINGTON - MIMS,39,0.441301416998
state_house_2022,LEXINGTON - MIMS,86,0.558698583002
state_house_2022,DILLON - MINTURN,55,1.000000000000
state_house_2022,GREENVILLE - MISSION,21,0.000016392608
state_house_2022,GREENVILLE - MISSION,22,0.999983607392
state_house_2022,FAIRFIELD - MITFORD,41,0.999983964743
state_house_2022,FAIRFIELD - MITFORD,43,0.000004621355
state_house_2022,FAIRFIELD - MITFORD,45,0.000011413902
state_house_2022,MCCORMICK - MODOC,12,1.000000000000
state_house_2022,UNION - MONARCH BOX 1,42,1.000000000000
state_house_2022,GREENVILLE - MONAVIEW,5,0.000454859293
state_house_2022,GREENVILLE - MONAVIEW,19,0.837697800820
state_house_2022,GREENVILLE - MONAVIEW,23,0.161847339887
state_house_2022,BERKELEY - MONCKS CORNER 1,100,1.000000000000
state_house_2022,BERKELEY - MONCKS CORNER 2,100,1.000000000000
state_house_2022,BERKELEY - MONCKS CORNER 3,100,1.000000000000
state_house_2022,BERKELEY - MONCKS CORNER 4,100,1.000000000000
state_house_2022,FAIRFIELD - MONTICELLO,40,0.000000677098
state_house_2022,FAIRFIELD - MONTICELLO,41,0.999999322902
state_house_2022,MCCORMICK - MONTICELLO,12,1.000000000000
state_house_2022,RICHLAND - MONTICELLO,41,0.000000000513
state_house_2022,RICHLAND - MONTICELLO,71,0.000000005485
state_house_2022,RICHLAND - MONTICELLO,73,0.960104720018
state_house_2022,RICHLAND - MONTICELLO,77,0.039895273983
state_house_2022,GREENVILLE - MOORE CREEK,25,0.000194178623
state_house_2022,GREENVILLE - MOORE CREEK,27,0.049183285957
state_house_2022,GREENVILLE - MOORE CREEK,28,0.950622535420
state_house_2022,SPARTANBURG - MOORE DUNCAN,34,1.000000000000
state_house_2022,CHEROKEE - MORGAN,30,1.000000000000
state_house_2022,SPARTANBURG - MORNINGSIDE,33,1.000000000000
state_house_2022,SUMTER - MORRIS COLLEGE,51,0.999608549688
state_house_2022,SUMTER - MORRIS COLLEGE,67,0.000391450312
state_house_2022,PICKENS - MORRISON,3,1.000000000000
state_house_2022,WILLIAMSBURG - MORRISVILLE,57,0.999999885899
state_house_2022,WILLIAMSBURG - MORRISVILLE,103,0.000000114101
state_house_2022,SPARTANBURG - MOTLOW CREEK BAPTIST,38,1.000000000000
state_house_2022,BERKELEY - MOULTRIE,100,0.000924925638
state_house_2022,BERKELEY - MOULTRIE,102,0.999075074362
state_house_2022,LEXINGTON - MOUNT HOREB,87,1.000000000000
state_house_2022,ANDERSON - MOUNT TABOR,8,1.000000000000
state_house_2022,WILLIAMSBURG - MOUNT VERNON,101,1.000000000000
state_house_2022,ANDERSON - MOUNTAIN CREEK,8,0.000010932588
state_house_2022,ANDERSON - MOUNTAIN CREEK,11,0.999989067412
state_house_2022,GREENVILLE - MOUNTAIN CREEK,17,0.039148259237
state_house_2022,GREENVILLE - MOUNTAIN CREEK,20,0.960851740763
state_house_2022,GREENWOOD - MOUNTAIN LAUREL,12,1.000000000000
state_house_2022,GREENVILLE - MOUNTAIN VIEW,17,0.999985124176
state_house_2022,GREENVILLE - MOUNTAIN VIEW,18,0.000014875824
state_house_2022,PICKENS - MOUNTAIN VIEW,1,0.999996188662
state_house_2022,PICKENS - MOUNTAIN VIEW,2,0.000000000098
state_house_2022,PICKENS - MOUNTAIN VIEW,3,0.000003811240
state_house_2022,YORK - MOUNTAIN VIEW,47,0.999999998784
state_house_2022,YORK - MOUNTAIN VIEW,48,0.000000001216
state_house_2022,SPARTANBURG - MT CALVARY PRESBYTERIAN,33,1.000000000000
state_house_2022,HORRY - MT OLIVE,55,1.000000000000
state_house_2022,GREENVILLE - MT PLEASANT,25,1.000000000000
state_house_2022,HORRY - MT VERNON,105,1.000000000000
state_house_2022,ANDERSON - MT. AIRY,6,0.000000181207
state_house_2022,ANDERSON - MT. AIRY,10,0.999999818793
state_house_2022,NEWBERRY - MT. BETHEL-GARMANY,40,1.000000000000
state_house_2022,DILLON - MT. CALVARY,55,1.000000000000
state_house_2022,MCCORMICK - MT. CARMEL,12,1.000000000000
state_house_2022,LEE - MT. CLIO,50,0.999997442874
state_house_2022,LEE - MT. CLIO,62,0.000002557126
state_house_2022,CHESTERFIELD - MT. CROGHAN,53,1.000000000000
state_house_2022,YORK - MT. GALLANT,48,1.000000000000
state_house_2022,LEXINGTON - MT. HEBRON,89,1.000000000000
state_house_2022,YORK - MT. HOLLY,43,0.861492000591
state_house_2022,YORK - MT. HOLLY,49,0.138507999409
state_house_2022,SPARTANBURG - MT. MORIAH BAPTIST,31,0.772384684114
state_house_2022,SPARTANBURG - MT. MORIAH BAPTIST,32,0.227615315886
state_house_2022,CHARLESTON - MT. PLEASANT 1,110,0.999198736084
state_house_2022,CHARLESTON - MT. PLEASANT 1,112,0.000801263916
state_house_2022,CHARLESTON - MT. PLEASANT 10,112,1.000000000000
state_house_2022,CHARLESTON - MT. PLEASANT 11,112,1.000000000000
state_house_2022,CHARLESTON - MT. PLEASANT 12,110,0.000241571661
state_house_2022,CHARLESTON - MT. PLEASANT 12,112,0.999758428339
state_house_2022,CHARLESTON - MT. PLEASANT 13,80,0.000016874409
state_house_2022,CHARLESTON - MT. PLEASANT 13,110,0.999983108760
state_house_2022,CHARLESTON - MT. PLEASANT 13,112,0.000000016831
state_house_2022,CHARLESTON - MT. PLEASANT 14,110,1.000000000000
state_house_2022,CHARLESTON - MT. PLEASANT 15,110,1.000000000000
state_house_2022,CHARLESTON - MT. PLEASANT 16,110,1.000000000000
state_house_2022,CHARLESTON - MT. PLEASANT 17,80,0.684748509589
state_house_2022,CHARLESTON - MT. PLEASANT 17,99,0.000000043658
state_house_2022,CHARLESTON - MT. PLEASANT 17,110,0.315251446753
state_house_2022,CHARLESTON - MT. PLEASANT 18,110,1.000000000000
state_house_2022,CHARLESTON - MT. PLEASANT 19,80,0.999997559502
state_house_2022,CHARLESTON - MT. PLEASANT 19,110,0.000000532289
state_house_2022,CHARLESTON - MT. PLEASANT 19,112,0.000001908209
state_house_2022,CHARLESTON - MT. PLEASANT 2,110,1.000000000000
state_house_2022,CHARLESTON - MT. PLEASANT 20,80,0.000001927088
state_house_2022,CHARLESTON - MT. PLEASANT 20,110,0.000001332865
state_house_2022,CHARLESTON - MT. PLEASANT 20,112,0.999996740047
state_house_2022,CHARLESTON - MT. PLEASANT 21,112,1.000000000000
state_house_2022,CHARLESTON - MT. PLEASANT 22,112,1.000000000000
state_house_2022,CHARLESTON - MT. PLEASANT 23,80,0.000003304559
state_house_2022,CHARLESTON - MT. PLEASANT 23,112,0.999996695441
state_house_2022,CHARLESTON - MT. PLEASANT 24,80,0.999999062576
state_house_2022,CHARLESTON - MT. PLEASANT 24,112,0.000000937424
state_house_2022,CHARLESTON - MT. PLEASANT 25,80,1.000000000000
state_house_2022,CHARLESTON - MT. PLEASANT 26,80,1.000000000000
state_house_2022,CHARLESTON - MT. PLEASANT 27,80,1.000000000000
state_house_2022,CHARLESTON - MT. PLEASANT 28,80,1.000000000000
state_house_2022,CHARLESTON - MT. PLEASANT 29,80,1.000000000000
state_house_2022,CHARLESTON - MT. PLEASANT 3,110,1.000000000000
state_house_2022,CHARLESTON - MT. PLEASANT 30,80,0.999999952245
state_house_2022,CHARLESTON - MT. PLEASANT 30,112,0.000000047755
state_house_2022,CHARLESTON - MT. PLEASANT 31,80,0.999999937251
state_house_2022,CHARLESTON - MT. PLEASANT 31,99,0.000000062749
state_house_2022,CHARLESTON - MT. PLEASANT 32,80,0.999999646369
state_house_2022,CHARLESTON - MT. PLEASANT 32,99,0.000000353631
state_house_2022,CHARLESTON - MT. PLEASANT 33,80,0.999998126831
state_house_2022,CHARLESTON - MT. PLEASANT 33,99,0.000000401149
state_house_2022,CHARLESTON - MT. PLEASANT 33,103,0.000000038220
state_house_2022,CHARLESTON - MT. PLEASANT 33,108,0.000001433800
state_house_2022,CHARLESTON - MT. PLEASANT 34,80,1.000000000000
state_house_2022,CHARLESTON - MT. PLEASANT 35,80,0.960440660354
state_house_2022,CHARLESTON - MT. PLEASANT 35,112,0.039559339646
state_house_2022,CHARLESTON - MT. PLEASANT 36,80,0.457523411749
state_house_2022,CHARLESTON - MT. PLEASANT 36,112,0.542476588251
state_house_2022,CHARLESTON - MT. PLEASANT 37,80,0.000000027512
state_house_2022,CHARLESTON - MT. PLEASANT 37,112,0.999999972488
state_house_2022,CHARLESTON - MT. PLEASANT 38,80,0.000000432907
state_house_2022,CHARLESTON - MT. PLEASANT 38,112,0.999999567093
state_house_2022,CHARLESTON - MT. PLEASANT 39,80,0.000177307738
state_house_2022,CHARLESTON - MT. PLEASANT 39,108,0.000000740682
state_house_2022,CHARLESTON - MT. PLEASANT 39,112,0.999821951580
state_house_2022,CHARLESTON - MT. PLEASANT 4,110,1.000000000000
state_house_2022,CHARLESTON - MT. PLEASANT 5,110,1.000000000000
state_house_2022,CHARLESTON - MT. PLEASANT 6,110,0.999998754144
state_house_2022,CHARLESTON - MT. PLEASANT 6,112,0.000001245856
state_house_2022,CHARLESTON - MT. PLEASANT 7,110,0.000000296279
state_house_2022,CHARLESTON - MT. PLEASANT 7,112,0.999999703721
state_house_2022,CHARLESTON - MT. PLEASANT 8,112,1.000000000000
state_house_2022,CHARLESTON - MT. PLEASANT 9,110,0.008313289786
state_house_2022,CHARLESTON - MT. PLEASANT 9,112,0.991686710214
state_house_2022,WILLIAMSBURG - MUDDY CREEK,57,0.999973652624
state_house_2022,WILLIAMSBURG - MUDDY CREEK,60,0.000026329652
state_house_2022,WILLIAMSBURG - MUDDY CREEK,103,0.000000017723
state_house_2022,SUMTER - MULBERRY,51,0.998817093909
state_house_2022,SUMTER - MULBERRY,67,0.001182906091
state_house_2022,CALHOUN - MURPH MILL,93,1.000000000000
state_house_2022,LEXINGTON - MURRAYWOOD,85,1.000000000000
state_house_2022,GEORGETOWN - MURRELLS INLET NO. 1,68,0.000608064235
state_house_2022,GEORGETOWN - MURRELLS INLET NO. 1,106,0.027167346454
state_house_2022,GEORGETOWN - MURRELLS INLET NO. 1,108,0.972224589312
state_house_2022,GEORGETOWN - MURRELLS INLET NO. 2,108,1.000000000000
state_house_2022,GEORGETOWN - MURRELLS INLET NO. 3,103,0.542626819003
state_house_2022,GEORGETOWN - MURRELLS INLET NO. 3,108,0.457373180997
state_house_2022,GEORGETOWN - MURRELLS INLET NO. 4,106,0.000354587872
state_house_2022,GEORGETOWN - MURRELLS INLET NO. 4,108,0.999645412128
state_house_2022,CHEROKEE - MUSGROVE MILL,29,1.000000000000
state_house_2022,GEORGETOWN - MYERSVILLE,103,1.000000000000
state_house_2022,HORRY - MYRTLE TRACE,61,1.000000000000
state_house_2022,HORRY - MYRTLEWOOD 1,107,1.000000000000
state_house_2022,HORRY - MYRTLEWOOD 2,107,1.000000000000
state_house_2022,HORRY - MYRTLEWOOD 3,107,1.000000000000
state_house_2022,MARLBORO - N BENNETTSVILLE,54,1.000000000000
state_house_2022,MARION - N EAST MULLINS,55,0.000002705023
state_house_2022,MARION - N EAST MULLINS,57,0.999997294977
state_house_2022,MARION - N WEST MULLINS,57,1.000000000000
state_house_2022,YORK - NATION FORD,26,1.000000000000
state_house_2022,ANDERSON - NEALS CREEK,7,1.000000000000
state_house_2022,GREENVILLE - NEELY FARMS,28,1.000000000000
state_house_2022,YORK - NEELYS CREEK,43,1.000000000000
state_house_2022,ORANGEBURG - NEESES-LIVINGSTON,91,1.000000000000
state_house_2022,WILLIAMSBURG - NESMITH,57,0.999593299772
state_house_2022,WILLIAMSBURG - NESMITH,101,0.000406700228
state_house_2022,GREENWOOD - NEW CASTLE,13,1.000000000000
state_house_2022,DILLON - NEW HOLLY,55,1.000000000000
state_house_2022,YORK - NEW HOME,47,1.000000000000
state_house_2022,FAIRFIELD - NEW HOPE,41,0.999995973373
state_house_2022,FAIRFIELD - NEW HOPE,43,0.000004026627
state_house_2022,DARLINGTON - NEW MARKET,53,0.000380161970
state_house_2022,DARLINGTON - NEW MARKET,65,0.999619838030
state_house_2022,GREENWOOD - NEW MARKET,12,1.000000000000
state_house_2022,SPARTANBURG - NEW PROSPECT,38,1.000000000000
state_house_2022,NEWBERRY - NEWBERRY WARD 1,40,1.000000000000
state_house_2022,NEWBERRY - NEWBERRY WARD 2,40,1.000000000000
state_house_2022,NEWBERRY - NEWBERRY WARD 3,40,1.000000000000
state_house_2022,NEWBERRY - NEWBERRY WARD 4,40,1.000000000000
state_house_2022,NEWBERRY - NEWBERRY WARD 5,40,1.000000000000
state_house_2022,NEWBERRY - NEWBERRY WARD 6,40,1.000000000000
state_house_2022,DORCHESTER - NEWINGTON,94,1.000000000000
state_house_2022,DORCHESTER - NEWINGTON 2,94,1.000000000000
state_house_2022,YORK - NEWPORT,46,1.000000000000
state_house_2022,BERKELEY - NEXTON,102,0.002291705158
state_house_2022,BERKELEY - NEXTON,117,0.997708294842
state_house_2022,MARION - NICHOLS,55,0.000037917320
state_house_2022,MARION - NICHOLS,57,0.999962082680
state_house_2022,PICKENS - NINE FORKS,4,0.996953425382
state_house_2022,PICKENS - NINE FORKS,17,0.003046574618
state_house_2022,CHEROKEE - NINETY NINE AND CHEROKEE FALLS,30,1.000000000000
state_house_2022,GREENWOOD - NINETY SIX,12,0.716122126665
state_house_2022,GREENWOOD - NINETY SIX,13,0.283877873335
state_house_2022,GREENWOOD - NINETY SIX MILL,13,1.000000000000
state_house_2022,ORANGEBURG - NIX,93,1.000000000000
state_house_2022,HORRY - NIXONS X ROADS 1,104,1.000000000000
state_house_2022,HORRY - NIXONS X ROADS 2,104,1.000000000000
state_house_2022,HORRY - NIXONS X ROADS 3,104,0.511978961729
state_house_2022,HORRY - NIXONS X ROADS 3,105,0.488021038271
state_house_2022,PICKENS - NORRIS,3,0.799509165226
state_house_2022,PICKENS - NORRIS,4,0.200490834774
state_house_2022,ORANGEBURG - NORTH 1,93,1.000000000000
state_house_2022,ORANGEBURG - NORTH 2,93,1.000000000000
state_house_2022,BAMBERG - NORTH BAMBERG,90,0.999983974102
state_house_2022,BAMBERG - NORTH BAMBERG,95,0.000016025898
state_house_2022,PICKENS - NORTH CENTRAL,3,1.000000000000
state_house_2022,CHARLESTON - NORTH CHARLESTON 1,111,1.000000000000
state_house_2022,CHARLESTON - NORTH CHARLESTON 10,99,0.000242962378
state_house_2022,CHARLESTON - NORTH CHARLESTON 10,113,0.999757037622
state_house_2022,CHARLESTON - NORTH CHARLESTON 11,113,1.000000000000
state_house_2022,CHARLESTON - NORTH CHARLESTON 12,113,1.000000000000
state_house_2022,CHARLESTON - NORTH CHARLESTON 13,113,1.000000000000
state_house_2022,CHARLESTON - NORTH CHARLESTON 14,113,1.000000000000
state_house_2022,CHARLESTON - NORTH CHARLESTON 15,113,1.000000000000
state_house_2022,CHARLESTON - NORTH CHARLESTON 16,113,1.000000000000
state_house_2022,CHARLESTON - NORTH CHARLESTON 17,113,1.000000000000
state_house_2022,CHARLESTON - NORTH CHARLESTON 18,109,0.999997846605
state_house_2022,CHARLESTON - NORTH CHARLESTON 18,113,0.000002153395
state_house_2022,CHARLESTON - NORTH CHARLESTON 19,109,1.000000000000
state_house_2022,CHARLESTON - NORTH CHARLESTON 2,109,0.911552910084
state_house_2022,CHARLESTON - NORTH CHARLESTON 2,111,0.083535385237
state_house_2022,CHARLESTON - NORTH CHARLESTON 2,114,0.004063895732
state_house_2022,CHARLESTON - NORTH CHARLESTON 2,119,0.000847808946
state_house_2022,CHARLESTON - NORTH CHARLESTON 20,109,0.978754338832
state_house_2022,CHARLESTON - NORTH CHARLESTON 20,114,0.021245661168
state_house_2022,CHARLESTON - NORTH CHARLESTON 21,109,0.996122351260
state_house_2022,CHARLESTON - NORTH CHARLESTON 21,114,0.003877648740
state_house_2022,CHARLESTON - NORTH CHARLESTON 22,109,0.997342535534
state_house_2022,CHARLESTON - NORTH CHARLESTON 22,113,0.000000770147
state_house_2022,CHARLESTON - NORTH CHARLESTON 22,114,0.002656694318
state_house_2022,CHARLESTON - NORTH CHARLESTON 23,109,0.998280509735
state_house_2022,CHARLESTON - NORTH CHARLESTON 23,114,0.001719490265
state_house_2022,CHARLESTON - NORTH CHARLESTON 24,15,0.000236802310
state_house_2022,CHARLESTON - NORTH CHARLESTON 24,109,0.069553249222
state_house_2022,CHARLESTON - NORTH CHARLESTON 24,113,0.930209948468
state_house_2022,CHARLESTON - NORTH CHARLESTON 25,113,1.000000000000
state_house_2022,CHARLESTON - NORTH CHARLESTON 26,15,0.007205009966
state_house_2022,CHARLESTON - NORTH CHARLESTON 26,113,0.992794990034
state_house_2022,CHARLESTON - NORTH CHARLESTON 27,15,0.000000634583
state_house_2022,CHARLESTON - NORTH CHARLESTON 27,113,0.999999365417
state_house_2022,CHARLESTON - NORTH CHARLESTON 28,15,0.000458384459
state_house_2022,CHARLESTON - NORTH CHARLESTON 28,99,0.000008897343
state_house_2022,CHARLESTON - NORTH CHARLESTON 28,113,0.999532718198
state_house_2022,CHARLESTON - NORTH CHARLESTON 29,15,0.999997264982
state_house_2022,CHARLESTON - NORTH CHARLESTON 29,113,0.000002735018
state_house_2022,CHARLESTON - NORTH CHARLESTON 3,109,0.952337303411
state_house_2022,CHARLESTON - NORTH CHARLESTON 3,114,0.047662696589
state_house_2022,CHARLESTON - NORTH CHARLESTON 30,113,1.000000000000
state_house_2022,CHARLESTON - NORTH CHARLESTON 4,109,1.000000000000
state_house_2022,CHARLESTON - NORTH CHARLESTON 5,109,0.794891820540
state_house_2022,CHARLESTON - NORTH CHARLESTON 5,111,0.000175395247
state_house_2022,CHARLESTON - NORTH CHARLESTON 5,113,0.204932784213
state_house_2022,CHARLESTON - NORTH CHARLESTON 6,111,0.999970343302
state_house_2022,CHARLESTON - NORTH CHARLESTON 6,113,0.000029656698
state_house_2022,CHARLESTON - NORTH CHARLESTON 7,111,0.000000204866
state_house_2022,CHARLESTON - NORTH CHARLESTON 7,113,0.999999795134
state_house_2022,CHARLESTON - NORTH CHARLESTON 8,99,0.007023632933
state_house_2022,CHARLESTON - NORTH CHARLESTON 8,111,0.000000074106
state_house_2022,CHARLESTON - NORTH CHARLESTON 8,113,0.992976292960
state_house_2022,CHARLESTON - NORTH CHARLESTON 9,99,0.011285556237
state_house_2022,CHARLESTON - NORTH CHARLESTON 9,113,0.988714443763
state_house_2022,HORRY - NORTH CONWAY 1,58,1.000000000000
state_house_2022,HORRY - NORTH CONWAY 2,58,0.581555388420
state_house_2022,HORRY - NORTH CONWAY 2,61,0.368910397262
state_house_2022,HORRY - NORTH CONWAY 2,105,0.049534214319
state_house_2022,BERKELEY - NORTH CREEK,102,0.000002514298
state_house_2022,BERKELEY - NORTH CREEK,117,0.999997485702
state_house_2022,RICHLAND - NORTH FOREST ACRES,75,0.999999989292
state_house_2022,RICHLAND - NORTH FOREST ACRES,78,0.000000010708
state_house_2022,PICKENS - NORTH LIBERTY,4,1.000000000000
state_house_2022,PICKENS - NORTH PICKENS,4,1.000000000000
state_house_2022,ANDERSON - NORTH POINTE,6,1.000000000000
state_house_2022,EDGEFIELD - NORTH SIDE,13,0.000520799108
state_house_2022,EDGEFIELD - NORTH SIDE,82,0.999479200892
state_house_2022,RICHLAND - NORTH SPRINGS 1,76,0.003010644542
state_house_2022,RICHLAND - NORTH SPRINGS 1,79,0.996989355458
state_house_2022,RICHLAND - NORTH SPRINGS 2,76,0.995292827065
state_house_2022,RICHLAND - NORTH SPRINGS 2,79,0.004707172935
state_house_2022,RICHLAND - NORTH SPRINGS 3,76,0.000217982061
state_house_2022,RICHLAND - NORTH SPRINGS 3,79,0.999782017939
state_house_2022,DORCHESTER - NORTH SUMMERVILLE,94,1.000000000000
state_house_2022,DORCHESTER - NORTH SUMMERVILLE 2,102,1.000000000000
state_house_2022,YORK - NORTHSIDE,46,0.295943928147
state_house_2022,YORK - NORTHSIDE,49,0.704056071853
state_house_2022,YORK - NORTHWESTERN,46,0.912587299751
state_house_2022,YORK - NORTHWESTERN,49,0.087412700249
state_house_2022,GREENVILLE - NORTHWOOD,20,0.995223824026
state_house_2022,GREENVILLE - NORTHWOOD,22,0.004776175974
state_house_2022,ORANGEBURG - NORWAY,91,1.000000000000
state_house_2022,NEWBERRY - ONEAL,40,1.000000000000
state_house_2022,DILLON - OAK GROVE,54,0.000000010979
state_house_2022,DILLON - OAK GROVE,55,0.999999950675
state_house_2022,DILLON - OAK GROVE,57,0.000000038345
state_house_2022,FLORENCE - OAK GROVE-SARDIS,50,0.000000016467
state_house_2022,FLORENCE - OAK GROVE-SARDIS,60,0.998490228684
state_house_2022,FLORENCE - OAK GROVE-SARDIS,62,0.001509754849
state_house_2022,RICHLAND - OAK POINTE 1,71,0.002434638571
state_house_2022,RICHLAND - OAK POINTE 1,73,0.997565361429
state_house_2022,RICHLAND - OAK POINTE 2,71,0.999998037116
state_house_2022,RICHLAND - OAK POINTE 2,73,0.000001962884
state_house_2022,RICHLAND - OAK POINTE 3,71,0.999994197516
state_house_2022,RICHLAND - OAK POINTE 3,73,0.000005802484
state_house_2022,DORCHESTER - OAKBROOK,98,0.986126393559
state_house_2022,DORCHESTER - OAKBROOK,113,0.013873606441
state_house_2022,DORCHESTER - OAKBROOK 2,98,1.000000000000
state_house_2022,DILLON - OAKLAND,55,1.000000000000
state_house_2022,NEWBERRY - OAKLAND,40,1.000000000000
state_house_2022,SPARTANBURG - OAKLAND ELEMENTARY,37,0.391815818410
state_house_2022,SPARTANBURG - OAKLAND ELEMENTARY,38,0.608184181590
state_house_2022,SUMTER - OAKLAND PLANT 1,50,0.995196844169
state_house_2022,SUMTER - OAKLAND PLANT 1,64,0.004768390012
state_house_2022,SUMTER - OAKLAND PLANT 1,67,0.000034765819
state_house_2022,SUMTER - OAKLAND PLANT 2,50,0.005002464455
state_house_2022,SUMTER - OAKLAND PLANT 2,64,0.001169624528
state_house_2022,SUMTER - OAKLAND PLANT 2,67,0.993827911017
state_house_2022,YORK - OAKRIDGE,29,0.386554335108
state_house_2022,YORK - OAKRIDGE,46,0.000000046880
state_house_2022,YORK - OAKRIDGE,49,0.613445618012
state_house_2022,GREENVILLE - OAKVIEW,21,0.999767406245
state_house_2022,GREENVILLE - OAKVIEW,22,0.000232502559
state_house_2022,GREENVILLE - OAKVIEW,24,0.000000091196
state_house_2022,LEXINGTON - OAKWOOD,69,0.999998661421
state_house_2022,LEXINGTON - OAKWOOD,88,0.000001338579
state_house_2022,RICHLAND - OAKWOOD,74,0.000000603949
state_house_2022,RICHLAND - OAKWOOD,78,0.999999396051
state_house_2022,YORK - OAKWOOD,46,0.701789470772
state_house_2022,YORK - OAKWOOD,48,0.298210529228
state_house_2022,DARLINGTON - OATES,62,0.998861699118
state_house_2022,DARLINGTON - OATES,65,0.001138300882
state_house_2022,HORRY - OCEAN DRIVE 1,104,1.000000000000
state_house_2022,HORRY - OCEAN DRIVE 2,104,1.000000000000
state_house_2022,HORRY - OCEAN DRIVE 3,104,1.000000000000
state_house_2022,HORRY - OCEAN FOREST 1,107,1.000000000000
state_house_2022,HORRY - OCEAN FOREST 2,107,1.000000000000
state_house_2022,HORRY - OCEAN FOREST 3,107,1.000000000000
state_house_2022,YORK - OGDEN,49,1.000000000000
state_house_2022,JASPER - OKATIE 1,122,1.000000000000
state_house_2022,JASPER - OKATIE 2,118,0.000000001328
state_house_2022,JASPER - OKATIE 2,120,0.999999998672
state_house_2022,FLORENCE - OLANTA,50,0.000000019150
state_house_2022,FLORENCE - OLANTA,60,0.999999926655
state_house_2022,FLORENCE - OLANTA,64,0.000000054195
state_house_2022,BAMBERG - OLAR,90,0.999998238872
state_house_2022,BAMBERG - OLAR,91,0.000001761128
state_house_2022,BERKELEY - OLD 52,100,1.000000000000
state_house_2022,LEXINGTON - OLD BARNWELL RD,69,0.000000028598
state_house_2022,LEXINGTON - OLD BARNWELL RD,88,0.717405534148
state_house_2022,LEXINGTON - OLD BARNWELL RD,89,0.282594437253
state_house_2022,SPARTANBURG - OLD BRIDGE,31,1.000000000000
state_house_2022,RICHLAND - OLD FRIARSGATE,71,0.999967861807
state_house_2022,RICHLAND - OLD FRIARSGATE,73,0.000032138193
state_house_2022,LEXINGTON - OLD LEXINGTON,40,0.000000069476
state_house_2022,LEXINGTON - OLD LEXINGTON,85,0.999999930524
state_house_2022,YORK - OLD POINTE,46,1.000000000000
state_house_2022,RICHLAND - OLYMPIA,70,0.000801946424
state_house_2022,RICHLAND - OLYMPIA,72,0.996953275952
state_house_2022,RICHLAND - OLYMPIA,75,0.000000008951
state_house_2022,RICHLAND - OLYMPIA,89,0.002244678510
state_house_2022,RICHLAND - OLYMPIA,93,0.000000090163
state_house_2022,GREENVILLE - ONEAL,17,0.002475039118
state_house_2022,GREENVILLE - ONEAL,18,0.997524960882
state_house_2022,ORANGEBURG - ORANGEBURG WARD 1,90,1.000000000000
state_house_2022,ORANGEBURG - ORANGEBURG WARD 10,90,1.000000000000
state_house_2022,ORANGEBURG - ORANGEBURG WARD 2,90,1.000000000000
state_house_2022,ORANGEBURG - ORANGEBURG WARD 3,90,0.790100972369
state_house_2022,ORANGEBURG - ORANGEBURG WARD 3,95,0.209899027631
state_house_2022,ORANGEBURG - ORANGEBURG WARD 4,90,0.008633399649
state_house_2022,ORANGEBURG - ORANGEBURG WARD 4,93,0.000000012589
state_house_2022,ORANGEBURG - ORANGEBURG WARD 4,95,0.991366587762
state_house_2022,ORANGEBURG - ORANGEBURG WARD 5,90,1.000000000000
state_house_2022,ORANGEBURG - ORANGEBURG WARD 6,90,1.000000000000
state_house_2022,ORANGEBURG - ORANGEBURG WARD 7,90,1.000000000000
state_house_2022,ORANGEBURG - ORANGEBURG WARD 8,90,1.000000000000
state_house_2022,ORANGEBURG - ORANGEBURG WARD 9,90,1.000000000000
state_house_2022,YORK - ORCHARD PARK,66,1.000000000000
state_house_2022,SUMTER - OSWEGO,50,0.305816647281
state_house_2022,SUMTER - OSWEGO,51,0.694183352719
state_house_2022,CHESTERFIELD - OUSLEYDALE,53,0.999998938780
state_house_2022,CHESTERFIELD - OUSLEYDALE,65,0.000001061220
state_house_2022,SPARTANBURG - PACOLET ELEMENTARY SCHOOL,29,0.999999992590
state_house_2022,SPARTANBURG - PACOLET ELEMENTARY SCHOOL,42,0.000000007410
state_house_2022,CHESTERFIELD - PAGELAND NO. 1,53,0.999578056491
state_house_2022,CHESTERFIELD - PAGELAND NO. 1,65,0.000421943509
state_house_2022,CHESTERFIELD - PAGELAND NO. 2,53,0.999518841927
state_house_2022,CHESTERFIELD - PAGELAND NO. 2,65,0.000481158073
state_house_2022,DARLINGTON - PALMETTO,54,0.000142112474
state_house_2022,DARLINGTON - PALMETTO,59,0.001768070913
state_house_2022,DARLINGTON - PALMETTO,62,0.998084214671
state_house_2022,DARLINGTON - PALMETTO,63,0.000005601942
state_house_2022,GREENVILLE - PALMETTO,21,0.998375103620
state_house_2022,GREENVILLE - PALMETTO,22,0.001624896380
state_house_2022,SPARTANBURG - PALMETTO,29,1.000000000000
state_house_2022,YORK - PALMETTO,66,1.000000000000
state_house_2022,HORRY - PALMETTO BAYS,61,1.000000000000
state_house_2022,SUMTER - PALMETTO PARK,51,0.999355767972
state_house_2022,SUMTER - PALMETTO PARK,67,0.000644232028
state_house_2022,FLORENCE - PAMPLICO NO. 1,59,0.000001734890
state_house_2022,FLORENCE - PAMPLICO NO. 1,60,0.999998265110
state_house_2022,FLORENCE - PAMPLICO NO. 2,59,0.999999855320
state_house_2022,FLORENCE - PAMPLICO NO. 2,60,0.000000144680
state_house_2022,GREENVILLE - PARIS MOUNTAIN,17,0.001490830465
state_house_2022,GREENVILLE - PARIS MOUNTAIN,19,0.327943858800
state_house_2022,GREENVILLE - PARIS MOUNTAIN,20,0.670565310735
state_house_2022,LEXINGTON - PARK ROAD 1,87,1.000000000000
state_house_2022,LEXINGTON - PARK ROAD 2,69,0.000000000004
state_house_2022,LEXINGTON - PARK ROAD 2,87,0.999999999996
state_house_2022,RICHLAND - PARKRIDGE 1,71,0.000056330422
state_house_2022,RICHLAND - PARKRIDGE 1,73,0.997680157810
state_house_2022,RICHLAND - PARKRIDGE 1,85,0.002263511768
state_house_2022,RICHLAND - PARKRIDGE 2,73,0.970674427110
state_house_2022,RICHLAND - PARKRIDGE 2,85,0.029325572890
state_house_2022,MCCORMICK - PARKSVILLE,12,1.000000000000
state_house_2022,RICHLAND - PARKWAY 1,77,0.000006011139
state_house_2022,RICHLAND - PARKWAY 1,79,0.999993988861
state_house_2022,RICHLAND - PARKWAY 2,79,1.000000000000
state_house_2022,RICHLAND - PARKWAY 3,79,1.000000000000
state_house_2022,GREENWOOD - PARSONS MILL,13,1.000000000000
state_house_2022,CHESTERFIELD - PATRICK,53,0.999484781944
state_house_2022,CHESTERFIELD - PATRICK,54,0.000515218056
state_house_2022,DORCHESTER - PATRIOT,109,1.000000000000
state_house_2022,SPARTANBURG - PAULINE GLENN SPRINGS ELEMENTARY,33,1.000000000000
state_house_2022,GEORGETOWN - PAWLEYS ISLAND NO. 1,108,1.000000000000
state_house_2022,GEORGETOWN - PAWLEYS ISLAND NO. 2,108,1.000000000000
state_house_2022,GEORGETOWN - PAWLEYS ISLAND NO. 3,108,1.000000000000
state_house_2022,GEORGETOWN - PAWLEYS ISLAND NO. 4,108,1.000000000000
state_house_2022,GEORGETOWN - PAWLEYS ISLAND NO. 5,108,1.000000000000
state_house_2022,HORRY - PAWLEYS SWAMP,103,1.000000000000
state_house_2022,SPARTANBURG - PEACH BLOSSOM,32,1.000000000000
state_house_2022,NEWBERRY - PEAK,40,0.999999944363
state_house_2022,NEWBERRY - PEAK,41,0.000000055637
state_house_2022,GREENVILLE - PEBBLE CREEK,20,1.000000000000
state_house_2022,GREENWOOD - PEBBLE STONE WAY,12,1.000000000000
state_house_2022,CHESTERFIELD - PEE DEE,53,0.998106337115
state_house_2022,CHESTERFIELD - PEE DEE,54,0.001893662885
state_house_2022,GEORGETOWN - PEE DEE,103,1.000000000000
state_house_2022,COLLETON - PEEPLES,97,0.999999608796
state_house_2022,COLLETON - PEEPLES,121,0.000000391204
state_house_2022,GREENVILLE - PELHAM FALLS,21,0.998527027478
state_house_2022,GREENVILLE - PELHAM FALLS,22,0.001154448054
state_house_2022,GREENVILLE - PELHAM FALLS,35,0.000318524467
state_house_2022,SPARTANBURG - PELHAM FIRE STATION,21,0.000000024607
state_house_2022,SPARTANBURG - PELHAM FIRE STATION,35,0.999999975393
state_house_2022,LEXINGTON - PELION 2,96,1.000000000000
state_house_2022,LEXINGTON - PELION 1,96,1.000000000000
state_house_2022,ANDERSON - PELZER,9,0.999618587792
state_house_2022,ANDERSON - PELZER,28,0.000381412208
state_house_2022,ANDERSON - PENDLETON,6,0.920684261863
state_house_2022,ANDERSON - PENDLETON,8,0.079315738137
state_house_2022,PICKENS - PENDLETON,4,0.000000541647
state_house_2022,PICKENS - PENDLETON,5,0.998480924962
state_house_2022,PICKENS - PENDLETON,6,0.001518533390
state_house_2022,COLLETON - PENIEL,97,0.130741398188
state_house_2022,COLLETON - PENIEL,121,0.869258601812
state_house_2022,RICHLAND - PENNINGTON 1,75,1.000000000000
state_house_2022,RICHLAND - PENNINGTON 2,70,0.000000356130
state_house_2022,RICHLAND - PENNINGTON 2,75,0.999999643870
state_house_2022,GEORGETOWN - PENNYROYAL,103,0.509533369158
state_house_2022,GEORGETOWN - PENNYROYAL,108,0.490466630842
state_house_2022,WILLIAMSBURG - PERGAMOS,60,0.000000000428
state_house_2022,WILLIAMSBURG - PERGAMOS,101,0.999999999572
state_house_2022,COLLETON - PETITS,121,0.000094819306
state_house_2022,COLLETON - PETITS,122,0.999905180694
state_house_2022,PICKENS - PICKENSVILLE,5,1.000000000000
state_house_2022,ANDERSON - PIEDMONT,10,1.000000000000
state_house_2022,GREENVILLE - PIEDMONT,10,0.479663572213
state_house_2022,GREENVILLE - PIEDMONT,25,0.519124692489
state_house_2022,GREENVILLE - PIEDMONT,28,0.001211735299
state_house_2022,ANDERSON - PIERCETOWN,6,0.939764746721
state_house_2022,ANDERSON - PIERCETOWN,9,0.060235253279
state_house_2022,PICKENS - PIKE,2,0.000335547586
state_house_2022,PICKENS - PIKE,3,0.999664452414
state_house_2022,LEXINGTON - PILGRIM CHURCH,69,1.000000000000
state_house_2022,BERKELEY - PIMLICO,100,1.000000000000
state_house_2022,BERKELEY - PINE GROVE,15,0.000000030162
state_house_2022,BERKELEY - PINE GROVE,92,0.000000028082
state_house_2022,BERKELEY - PINE GROVE,100,0.000000008446
state_house_2022,BERKELEY - PINE GROVE,103,0.999999933310
state_house_2022,RICHLAND - PINE GROVE,69,0.003680675262
state_house_2022,RICHLAND - PINE GROVE,72,0.000000001985
state_house_2022,RICHLAND - PINE GROVE,73,0.979103504563
state_house_2022,RICHLAND - PINE GROVE,85,0.017215818190
state_house_2022,RICHLAND - PINE LAKES 1,70,1.000000000000
state_house_2022,RICHLAND - PINE LAKES 2,70,0.999999673727
state_house_2022,RICHLAND - PINE LAKES 2,78,0.000000326273
state_house_2022,LEXINGTON - PINE RIDGE 1,88,0.668681407020
state_house_2022,LEXINGTON - PINE RIDGE 1,89,0.000163770440
state_house_2022,LEXINGTON - PINE RIDGE 1,93,0.331154822540
state_house_2022,GREENWOOD - PINECREST,13,1.000000000000
state_house_2022,ORANGEBURG - PINEHILL,91,1.000000000000
state_house_2022,JASPER - PINELAND,122,1.000000000000
state_house_2022,LEXINGTON - PINERIDGE 2,88,1.000000000000
state_house_2022,GREENVILLE - PINEVIEW,14,0.000000038539
state_house_2022,GREENVILLE - PINEVIEW,16,0.999568840741
state_house_2022,GREENVILLE - PINEVIEW,28,0.000431120720
state_house_2022,LEXINGTON - PINEVIEW,69,0.999997966249
state_house_2022,LEXINGTON - PINEVIEW,88,0.000000055905
state_house_2022,LEXINGTON - PINEVIEW,89,0.000001977846
state_house_2022,RICHLAND - PINEWOOD,70,1.000000000000
state_house_2022,SUMTER - PINEWOOD,64,0.999570256118
state_house_2022,SUMTER - PINEWOOD,67,0.000262339465
state_house_2022,SUMTER - PINEWOOD,70,0.000038944616
state_house_2022,SUMTER - PINEWOOD,93,0.000128459801
state_house_2022,WILLIAMSBURG - PINEY FOREST,57,0.999999521363
state_house_2022,WILLIAMSBURG - PINEY FOREST,103,0.000000478637
state_house_2022,BERKELEY - PINOPOLIS,100,1.000000000000
state_house_2022,GEORGETOWN - PLANTERSVILLE,103,0.505222497126
state_house_2022,GEORGETOWN - PLANTERSVILLE,108,0.494777502874
state_house_2022,LEXINGTON - PLATT SPRINGS 1,96,1.000000000000
state_house_2022,LEXINGTON - PLATT SPRINGS 2,96,1.000000000000
state_house_2022,CHEROKEE - PLEASANT GROVE,30,1.000000000000
state_house_2022,SALUDA - PLEASANT GROVE,39,1.000000000000
state_house_2022,DILLON - PLEASANT HILL,55,1.000000000000
state_house_2022,GEORGETOWN - PLEASANT HILL,57,0.000000051268
state_house_2022,GEORGETOWN - PLEASANT HILL,103,0.999999948732
state_house_2022,CHEROKEE - PLEASANT MEADOWS,29,0.910857397853
state_house_2022,CHEROKEE - PLEASANT MEADOWS,30,0.089142602147
state_house_2022,YORK - PLEASANT ROAD,66,1.000000000000
state_house_2022,HORRY - PLEASANT VIEW,55,0.572246551901
state_house_2022,HORRY - PLEASANT VIEW,57,0.427753448099
state_house_2022,MCCORMICK - PLUM BRANCH,12,0.999999999482
state_house_2022,MCCORMICK - PLUM BRANCH,83,0.000000000518
state_house_2022,SUMTER - POCOTALIGO 1,51,0.000082482453
state_house_2022,SUMTER - POCOTALIGO 1,64,0.000000339337
state_house_2022,SUMTER - POCOTALIGO 1,67,0.999917178210
state_house_2022,SUMTER - POCOTALIGO 2,64,0.000141630621
state_house_2022,SUMTER - POCOTALIGO 2,67,0.999858369379
state_house_2022,GREENVILLE - POINSETT,19,1.000000000000
state_house_2022,YORK - POLE BRANCH,48,1.000000000000
state_house_2022,RICHLAND - POLO ROAD,76,0.000114689638
state_house_2022,RICHLAND - POLO ROAD,78,0.999885310362
state_house_2022,NEWBERRY - POMARIA,40,1.000000000000
state_house_2022,BERKELEY - POMFLANT,15,0.000000734806
state_house_2022,BERKELEY - POMFLANT,103,0.999999265194
state_house_2022,LEXINGTON - POND BRANCH,39,1.000000000000
state_house_2022,RICHLAND - PONTIAC 1,50,0.000000086322
state_house_2022,RICHLAND - PONTIAC 1,52,0.000000056465
state_house_2022,RICHLAND - PONTIAC 1,70,0.682333115563
state_house_2022,RICHLAND - PONTIAC 1,78,0.317662431926
state_house_2022,RICHLAND - PONTIAC 1,79,0.000004309724
state_house_2022,RICHLAND - PONTIAC 2,52,0.000013480612
state_house_2022,RICHLAND - PONTIAC 2,78,0.999986081326
state_house_2022,RICHLAND - PONTIAC 2,79,0.000000438063
state_house_2022,PICKENS - POPE FIELD,5,1.000000000000
state_house_2022,HORRY - POPLAR HILL,58,1.000000000000
state_house_2022,SPARTANBURG - POPLAR SPRINGS FIRE STATION,34,1.000000000000
state_house_2022,HORRY - PORT HARRELSON,103,1.000000000000
state_house_2022,GEORGETOWN - POTATO BED FERRY,57,0.000071321518
state_house_2022,GEORGETOWN - POTATO BED FERRY,103,0.999928678482
state_house_2022,ANDERSON - POWDERSVILLE,10,0.999870136461
state_house_2022,ANDERSON - POWDERSVILLE,25,0.000129863539
state_house_2022,SPARTANBURG - POWELL SAXON UNA,31,1.000000000000
state_house_2022,PICKENS - PRATERS CREEK,4,1.000000000000
state_house_2022,SUMTER - PRIVATEER,51,0.000080570885
state_house_2022,SUMTER - PRIVATEER,64,0.000988928436
state_house_2022,SUMTER - PRIVATEER,67,0.998930500679
state_house_2022,FLORENCE - PROSPECT,60,1.000000000000
state_house_2022,NEWBERRY - PROSPERITY CITY,40,1.000000000000
state_house_2022,NEWBERRY - PROSPERITY OUTSIDE,40,1.000000000000
state_house_2022,ORANGEBURG - PROVIDENCE,95,1.000000000000
state_house_2022,LEXINGTON - PROVIDENCE CHURCH,69,0.464644000126
state_house_2022,LEXINGTON - PROVIDENCE CHURCH,87,0.535355999874
state_house_2022,PICKENS - PUMPKINTOWN,4,0.997334246551
state_house_2022,PICKENS - PUMPKINTOWN,17,0.002665753449
state_house_2022,UNION - PUTNAM,42,1.000000000000
state_house_2022,LEXINGTON - QUAIL HOLLOW,69,0.003596509724
state_house_2022,LEXINGTON - QUAIL HOLLOW,89,0.996403490276
state_house_2022,LEXINGTON - QUAIL VALLEY,73,0.000000357268
state_house_2022,LEXINGTON - QUAIL VALLEY,85,0.999999642732
state_house_2022,MARLBORO - QUICKS X ROADS,54,1.000000000000
state_house_2022,FLORENCE - QUINBY,59,1.000000000000
state_house_2022,SPARTANBURG - R.D. ANDERSON VOCATIONAL,33,0.671486951405
state_house_2022,SPARTANBURG - R.D. ANDERSON VOCATIONAL,34,0.117468456991
state_house_2022,SPARTANBURG - R.D. ANDERSON VOCATIONAL,35,0.211044591604
state_house_2022,KERSHAW - RABONS CROSSROADS,45,1.000000000000
state_house_2022,HORRY - RACEPATH 1,58,0.967398166555
state_house_2022,HORRY - RACEPATH 1,61,0.032601833445
state_house_2022,HORRY - RACEPATH 2,58,1.000000000000
state_house_2022,SPARTANBURG - RAINBOW,38,1.000000000000
state_house_2022,MARION - RAINS,57,1.000000000000
state_house_2022,GREENVILLE - RAINTREE,16,0.773164496832
state_house_2022,GREENVILLE - RAINTREE,28,0.226835503168
state_house_2022,GREENVILLE - RANCH CREEK,25,0.000250420666
state_house_2022,GREENVILLE - RANCH CREEK,27,0.001088420822
state_house_2022,GREENVILLE - RANCH CREEK,28,0.998661158512
state_house_2022,LEE - RATTLESNAKE SPRINGS,50,1.000000000000
state_house_2022,LEXINGTON - RED BANK,39,0.000003611901
state_house_2022,LEXINGTON - RED BANK,87,0.191660504945
state_house_2022,LEXINGTON - RED BANK,88,0.074187998229
state_house_2022,LEXINGTON - RED BANK,96,0.734147884924
state_house_2022,LEXINGTON - RED BANK SOUTH 2,88,0.942868271760
state_house_2022,LEXINGTON - RED BANK SOUTH 2,96,0.057131728240
state_house_2022,LEXINGTON - RED BANK SOUTH 1,88,0.999875145649
state_house_2022,LEXINGTON - RED BANK SOUTH 1,96,0.000124854351
state_house_2022,HORRY - RED BLUFF,105,1.000000000000
state_house_2022,MARLBORO - RED HILL,54,1.000000000000
state_house_2022,HORRY - RED HILL 1,58,0.499548607387
state_house_2022,HORRY - RED HILL 1,61,0.500451392613
state_house_2022,HORRY - RED HILL 2,61,1.000000000000
state_house_2022,GREENVILLE - REEDY FORK,25,0.496812684274
state_house_2022,GREENVILLE - REEDY FORK,28,0.503187315726
state_house_2022,DORCHESTER - REEVESVILLE,95,1.000000000000
state_house_2022,SPARTANBURG - REIDVILLE ELEMENTARY,34,0.017980006151
state_house_2022,SPARTANBURG - REIDVILLE ELEMENTARY,35,0.982019993849
state_house_2022,SPARTANBURG - REIDVILLE FIRE STATION,34,0.557320016386
state_house_2022,SPARTANBURG - REIDVILLE FIRE STATION,35,0.442679983614
state_house_2022,SUMTER - REMBERT,50,0.999168085128
state_house_2022,SUMTER - REMBERT,64,0.000744571238
state_house_2022,SUMTER - REMBERT,70,0.000087343635
state_house_2022,RICHLAND - RICE CREEK 1,77,1.000000000000
state_house_2022,RICHLAND - RICE CREEK 2,77,0.794044805487
state_house_2022,RICHLAND - RICE CREEK 2,79,0.205955194513
state_house_2022,COLLETON - RICE PATCH,97,0.000000013329
state_house_2022,COLLETON - RICE PATCH,122,0.999999986671
state_house_2022,PICKENS - RICES CREEK,4,1.000000000000
state_house_2022,CHESTER - RICHBURG,43,1.000000000000
state_house_2022,SALUDA - RICHLAND,39,0.901616647773
state_house_2022,SALUDA - RICHLAND,82,0.098383352227
state_house_2022,LEXINGTON - RIDGE ROAD,39,0.999999875228
state_house_2022,LEXINGTON - RIDGE ROAD,40,0.000000124772
state_house_2022,SALUDA - RIDGE SPRING-MONETTA,39,0.805592345750
state_house_2022,SALUDA - RIDGE SPRING-MONETTA,82,0.193443454223
state_house_2022,SALUDA - RIDGE SPRING-MONETTA,86,0.000964200027
state_house_2022,RICHLAND - RIDGE VIEW 1,79,1.000000000000
state_house_2022,RICHLAND - RIDGE VIEW 2,79,1.000000000000
state_house_2022,JASPER - RIDGELAND 1,122,1.000000000000
state_house_2022,JASPER - RIDGELAND 2,122,1.000000000000
state_house_2022,JASPER - RIDGELAND 3,122,1.000000000000
state_house_2022,DORCHESTER - RIDGEVILLE,102,1.000000000000
state_house_2022,DORCHESTER - RIDGEVILLE 2,102,1.000000000000
state_house_2022,FAIRFIELD - RIDGEWAY,41,0.999986990420
state_house_2022,FAIRFIELD - RIDGEWAY,45,0.000000010102
state_house_2022,FAIRFIELD - RIDGEWAY,77,0.000012999478
state_house_2022,RICHLAND - RIDGEWOOD,74,1.000000000000
state_house_2022,GREENWOOD - RILEY,13,1.000000000000
state_house_2022,COLLETON - RITTER,121,1.000000000000
state_house_2022,YORK - RIVERS EDGE,48,1.000000000000
state_house_2022,LEXINGTON - RIVER BLUFF,69,0.998929762468
state_house_2022,LEXINGTON - RIVER BLUFF,89,0.001070237532
state_house_2022,YORK - RIVER HILLS,48,1.000000000000
state_house_2022,HORRY - RIVER OAKS,56,1.000000000000
state_house_2022,SPARTANBURG - RIVER RIDGE ELEMENTARY,34,1.000000000000
state_house_2022,GREENVILLE - RIVER WALK,16,0.000079190524
state_house_2022,GREENVILLE - RIVER WALK,21,0.000019962332
state_house_2022,GREENVILLE - RIVER WALK,35,0.999900847144
state_house_2022,KERSHAW - RIVERDALE,52,1.000000000000
state_house_2022,HAMPTON - RIVERS MILL,122,1.000000000000
state_house_2022,GREENVILLE - RIVERSIDE,18,0.001906559245
state_house_2022,GREENVILLE - RIVERSIDE,21,0.998093440755
state_house_2022,RICHLAND - RIVERSIDE,72,0.975003954292
state_house_2022,RICHLAND - RIVERSIDE,74,0.024996045708
state_house_2022,RICHLAND - RIVERSPRINGS 1,71,1.000000000000
state_house_2022,RICHLAND - RIVERSPRINGS 2,71,1.000000000000
state_house_2022,RICHLAND - RIVERSPRINGS 3,71,1.000000000000
state_house_2022,YORK - RIVERVIEW,26,1.000000000000
state_house_2022,RICHLAND - RIVERWALK,71,0.303945936243
state_house_2022,RICHLAND - RIVERWALK,73,0.696054063757
state_house_2022,YORK - ROCK CREEK,47,1.000000000000
state_house_2022,GREENVILLE - ROCK HILL,20,0.000003497787
state_house_2022,GREENVILLE - ROCK HILL,22,0.999919882086
state_house_2022,GREENVILLE - ROCK HILL,23,0.000076620127
state_house_2022,YORK - ROCK HILL NO. 2,49,1.000000000000
state_house_2022,YORK - ROCK HILL NO. 3,49,1.000000000000
state_house_2022,YORK - ROCK HILL NO. 4,46,0.330647893508
state_house_2022,YORK - ROCK HILL NO. 4,49,0.669352106492
state_house_2022,YORK - ROCK HILL NO. 5,46,0.959380305208
state_house_2022,YORK - ROCK HILL NO. 5,49,0.040619694792
state_house_2022,YORK - ROCK HILL NO. 6,49,1.000000000000
state_house_2022,YORK - ROCK HILL NO. 7,46,0.759109117683
state_house_2022,YORK - ROCK HILL NO. 7,48,0.240890882317
state_house_2022,YORK - ROCK HILL NO. 8,43,0.001269148823
state_house_2022,YORK - ROCK HILL NO. 8,49,0.998730851177
state_house_2022,ANDERSON - ROCK MILL,11,1.000000000000
state_house_2022,ANDERSON - ROCK SPRING,7,1.000000000000
state_house_2022,PICKENS - ROCK SPRINGS,5,0.494069651303
state_house_2022,PICKENS - ROCK SPRINGS,10,0.505930348697
state_house_2022,GREENVILLE - ROCKY CREEK,22,0.000001615401
state_house_2022,GREENVILLE - ROCKY CREEK,24,0.999673254649
state_house_2022,GREENVILLE - ROCKY CREEK,35,0.000325129951
state_house_2022,CHESTER - RODMAN,41,0.064434929142
state_house_2022,CHESTER - RODMAN,43,0.935550459982
state_house_2022,CHESTER - RODMAN,49,0.000014610876
state_house_2022,SPARTANBURG - ROEBUCK BETHLEHEM,31,0.192195766752
state_house_2022,SPARTANBURG - ROEBUCK BETHLEHEM,33,0.807804233248
state_house_2022,SPARTANBURG - ROEBUCK ELEMENTARY,31,0.111547114373
state_house_2022,SPARTANBURG - ROEBUCK ELEMENTARY,33,0.888452885627
state_house_2022,GREENVILLE - ROLLING GREEN,21,0.000682273610
state_house_2022,GREENVILLE - ROLLING GREEN,22,0.998705028410
state_house_2022,GREENVILLE - ROLLING GREEN,24,0.000612697980
state_house_2022,YORK - ROOSEVELT,47,1.000000000000
state_house_2022,YORK - ROSEWOOD,48,1.000000000000
state_house_2022,DORCHESTER - ROSINVILLE,95,0.999952188909
state_house_2022,DORCHESTER - ROSINVILLE,102,0.000047811091
state_house_2022,DORCHESTER - ROSSES,95,0.999999995176
state_house_2022,DORCHESTER - ROSSES,102,0.000000004824
state_house_2022,CHESTER - ROSSVILLE,41,0.000000002107
state_house_2022,CHESTER - ROSSVILLE,43,0.999999997893
state_house_2022,LEXINGTON - ROUND HILL,87,1.000000000000
state_house_2022,COLLETON - ROUND O,97,1.000000000000
state_house_2022,RICHLAND - ROUND TOP,41,1.000000000000
state_house_2022,ORANGEBURG - ROWESVILLE,95,1.000000000000
state_house_2022,GREENVILLE - ROYAL OAKS,25,1.000000000000
state_house_2022,BERKELEY - ROYLE,117,1.000000000000
state_house_2022,CHESTERFIELD - RUBY,53,1.000000000000
state_house_2022,COLLETON - RUFFIN,97,1.000000000000
state_house_2022,BERKELEY - RUSSELLVILLE,102,1.000000000000
state_house_2022,GREENWOOD - RUTHERFORD SHOALS,11,0.000000034969
state_house_2022,GREENWOOD - RUTHERFORD SHOALS,13,0.999999965031
state_house_2022,MARLBORO - S BENNETTSVILLE,54,1.000000000000
state_house_2022,MARION - S EAST MULLINS,55,0.000000058975
state_house_2022,MARION - S EAST MULLINS,57,0.999999941025
state_house_2022,MARION - S WEST MULLINS,57,1.000000000000
state_house_2022,FLORENCE - SALEM,60,1.000000000000
state_house_2022,HORRY - SALEM,56,0.221757889164
state_house_2022,HORRY - SALEM,105,0.778242110836
state_house_2022,SUMTER - SALEM,50,0.999985084647
state_house_2022,SUMTER - SALEM,51,0.000014583937
state_house_2022,SUMTER - SALEM,64,0.000000331416
state_house_2022,KERSHAW - SALT POND,45,0.474743284224
state_house_2022,KERSHAW - SALT POND,52,0.525256715776
state_house_2022,WILLIAMSBURG - SALTERS,101,1.000000000000
state_house_2022,SUMTER - SALTERSTOWN,51,1.000000000000
state_house_2022,GREENVILLE - SALUDA,5,0.005523739532
state_house_2022,GREENVILLE - SALUDA,19,0.994476260468
state_house_2022,PICKENS - SALUDA,10,0.999850706170
state_house_2022,PICKENS - SALUDA,25,0.000149293830
state_house_2022,SALUDA - SALUDA NO. 1,39,0.685809255551
state_house_2022,SALUDA - SALUDA NO. 1,82,0.314190744449
state_house_2022,SALUDA - SALUDA NO. 2,39,0.556725142082
state_house_2022,SALUDA - SALUDA NO. 2,82,0.443274857918
state_house_2022,LEXINGTON - SALUDA RIVER,72,0.003292765598
state_house_2022,LEXINGTON - SALUDA RIVER,89,0.996707234402
state_house_2022,GEORGETOWN - SAMPIT,103,1.000000000000
state_house_2022,LEXINGTON - SANDHILL,88,0.495340376314
state_house_2022,LEXINGTON - SANDHILL,96,0.504659623686
state_house_2022,RICHLAND - SANDLAPPER,77,1.000000000000
state_house_2022,GREENWOOD - SANDRIDGE,12,0.000000008280
state_house_2022,GREENWOOD - SANDRIDGE,13,0.999999985339
state_house_2022,GREENWOOD - SANDRIDGE,82,0.000000006381
state_house_2022,WILLIAMSBURG - SANDY BAY,101,1.000000000000
state_house_2022,GREENVILLE - SANDY FLAT,17,0.991455772830
state_house_2022,GREENVILLE - SANDY FLAT,18,0.008544227170
state_house_2022,CALHOUN - SANDY RUN,93,1.000000000000
state_house_2022,LEXINGTON - SANDY RUN,93,1.000000000000
state_house_2022,BERKELEY - SANGAREE 1,117,1.000000000000
state_house_2022,BERKELEY - SANGAREE 2,117,1.000000000000
state_house_2022,BERKELEY - SANGAREE 3,117,1.000000000000
state_house_2022,GEORGETOWN - SANTEE,103,0.254997598306
state_house_2022,GEORGETOWN - SANTEE,108,0.745002401694
state_house_2022,ORANGEBURG - SANTEE 1,95,1.000000000000
state_house_2022,ORANGEBURG - SANTEE 2,95,1.000000000000
state_house_2022,UNION - SANTUCK,42,1.000000000000
state_house_2022,SALUDA - SARDIS,39,1.000000000000
state_house_2022,RICHLAND - SATCHELFORD,74,0.000000549672
state_house_2022,RICHLAND - SATCHELFORD,75,0.000000474790
state_house_2022,RICHLAND - SATCHELFORD,78,0.999998975538
state_house_2022,DORCHESTER - SAUL DAM,97,0.000000011276
state_house_2022,DORCHESTER - SAUL DAM,98,0.000000058192
state_house_2022,DORCHESTER - SAUL DAM,114,0.999999871758
state_house_2022,DORCHESTER - SAUL DAM,116,0.000000058773
state_house_2022,SUMTER - SAVAGE-GLOVER,51,1.000000000000
state_house_2022,MCCORMICK - SAVANNAH,12,1.000000000000
state_house_2022,FLORENCE - SAVANNAH GROVE,60,0.999930823796
state_house_2022,FLORENCE - SAVANNAH GROVE,62,0.000000030187
state_house_2022,FLORENCE - SAVANNAH GROVE,63,0.000069146017
state_house_2022,DORCHESTER - SAWMILL BRANCH,94,1.000000000000
state_house_2022,LEE - SCHROCKS MILLLUCKNOW,50,0.999816357553
state_house_2022,LEE - SCHROCKS MILLLUCKNOW,65,0.000183642447
state_house_2022,HAMPTON - SCOTIA,122,1.000000000000
state_house_2022,FLORENCE - SCRANTON,60,0.999878783579
state_house_2022,FLORENCE - SCRANTON,101,0.000121216421
state_house_2022,HORRY - SEA OATS 1,107,1.000000000000
state_house_2022,HORRY - SEA OATS 2,107,1.000000000000
state_house_2022,HORRY - SEA WINDS,68,0.913843673824
state_house_2022,HORRY - SEA WINDS,106,0.086156326176
state_house_2022,CHARLESTON - SEABROOK,115,0.999998666097
state_house_2022,CHARLESTON - SEABROOK,116,0.000001333903
state_house_2022,SUMTER - SECOND MILL,51,0.001844702336
state_house_2022,SUMTER - SECOND MILL,67,0.998155297664
state_house_2022,BERKELEY - SEDGEFIELD 1,15,0.981905268136
state_house_2022,BERKELEY - SEDGEFIELD 1,103,0.018094731864
state_house_2022,BERKELEY - SEDGEFIELD 2,15,0.000000014764
state_house_2022,BERKELEY - SEDGEFIELD 2,99,0.714654968112
state_house_2022,BERKELEY - SEDGEFIELD 2,103,0.285345017124
state_house_2022,BERKELEY - SEDGEFIELD 3,15,0.999997098198
state_house_2022,BERKELEY - SEDGEFIELD 3,103,0.000002901802
state_house_2022,MARION - SELLERS,55,0.000022798211
state_house_2022,MARION - SELLERS,57,0.999977201789
state_house_2022,LEXINGTON - SEVEN OAKS,69,0.450021716497
state_house_2022,LEXINGTON - SEVEN OAKS,85,0.549978283503
state_house_2022,BERKELEY - SEVENTY EIGHT,92,0.000000004558
state_house_2022,BERKELEY - SEVENTY EIGHT,102,0.000009435764
state_house_2022,BERKELEY - SEVENTY EIGHT,113,0.000000590183
state_house_2022,BERKELEY - SEVENTY EIGHT,117,0.999989969494
state_house_2022,GREENVILLE - SEVIER,19,0.000418765474
state_house_2022,GREENVILLE - SEVIER,20,0.999502574443
state_house_2022,GREENVILLE - SEVIER,22,0.000078660084
state_house_2022,YORK - SHARON,29,1.000000000000
state_house_2022,LEXINGTON - SHARPES HILL,96,1.000000000000
state_house_2022,SUMTER - SHAW,50,0.003579401483
state_house_2022,SUMTER - SHAW,64,0.005133455087
state_house_2022,SUMTER - SHAW,67,0.991287143430
state_house_2022,KERSHAW - SHAYLORS HILL,45,0.999999984393
state_house_2022,KERSHAW - SHAYLORS HILL,52,0.000000015607
state_house_2022,PICKENS - SHEFFIELD,5,1.000000000000
state_house_2022,HORRY - SHELL,105,1.000000000000
state_house_2022,CHESTERFIELD - SHILOH,53,1.000000000000
state_house_2022,ANDERSON - SHIRLEYS STORE,7,1.000000000000
state_house_2022,SPARTANBURG - SHOALLY,32,0.000000018145
state_house_2022,SPARTANBURG - SHOALLY,37,0.999999981855
state_house_2022,GREENWOOD - SHOALS JUNCTION,11,0.000000005513
state_house_2022,GREENWOOD - SHOALS JUNCTION,13,0.999999994487
state_house_2022,YORK - SHORELINE,66,1.000000000000
state_house_2022,BERKELEY - SHULERVILLE,103,1.000000000000
state_house_2022,COLLETON - SIDNEYS,97,1.000000000000
state_house_2022,SPARTANBURG - SILVERHILL MEMORIAL UMC,31,1.000000000000
state_house_2022,GREENVILLE - SILVERLEAF,18,0.003920677706
state_house_2022,GREENVILLE - SILVERLEAF,20,0.197395692206
state_house_2022,GREENVILLE - SILVERLEAF,21,0.798683630088
state_house_2022,NEWBERRY - SILVERSTREET,40,1.000000000000
state_house_2022,FAIRFIELD - SIMPSON,41,0.999220395194
state_house_2022,FAIRFIELD - SIMPSON,77,0.000779604806
state_house_2022,PICKENS - SIMPSON,5,1.000000000000
state_house_2022,ANDERSON - SIMPSONVILLE,10,0.999804824404
state_house_2022,ANDERSON - SIMPSONVILLE,25,0.000195175596
state_house_2022,GREENVILLE - SIMPSONVILLE 1,16,0.001121284161
state_house_2022,GREENVILLE - SIMPSONVILLE 1,27,0.998878715839
state_house_2022,GREENVILLE - SIMPSONVILLE 2,27,0.999468115678
state_house_2022,GREENVILLE - SIMPSONVILLE 2,28,0.000531884322
state_house_2022,GREENVILLE - SIMPSONVILLE 3,16,0.120905894926
state_house_2022,GREENVILLE - SIMPSONVILLE 3,27,0.879094105074
state_house_2022,GREENVILLE - SIMPSONVILLE 4,27,0.999791250160
state_house_2022,GREENVILLE - SIMPSONVILLE 4,28,0.000208749840
state_house_2022,GREENVILLE - SIMPSONVILLE 5,16,0.385886591215
state_house_2022,GREENVILLE - SIMPSONVILLE 5,27,0.614113408785
state_house_2022,GREENVILLE - SIMPSONVILLE 6,16,0.000328546603
state_house_2022,GREENVILLE - SIMPSONVILLE 6,27,0.999076953344
state_house_2022,GREENVILLE - SIMPSONVILLE 6,28,0.000594500053
state_house_2022,WILLIAMSBURG - SINGLETARY,57,0.000025534152
state_house_2022,WILLIAMSBURG - SINGLETARY,60,0.000000032409
state_house_2022,WILLIAMSBURG - SINGLETARY,101,0.999974433439
state_house_2022,PICKENS - SITTON,5,0.998488121905
state_house_2022,PICKENS - SITTON,10,0.001511878095
state_house_2022,PICKENS - SIX MILE,1,0.000001453709
state_house_2022,PICKENS - SIX MILE,3,0.999998546291
state_house_2022,YORK - SIX MILE,43,1.000000000000
state_house_2022,PICKENS - SIX MILE MOUNTAIN,1,0.307459094281
state_house_2022,PICKENS - SIX MILE MOUNTAIN,3,0.692540905719
state_house_2022,PICKENS - SKELTON,4,1.000000000000
state_house_2022,GREENVILLE - SKYLAND,17,0.000181540870
state_house_2022,GREENVILLE - SKYLAND,18,0.999793280921
state_house_2022,GREENVILLE - SKYLAND,36,0.000003670317
state_house_2022,GREENVILLE - SKYLAND,38,0.000021507892
state_house_2022,RICHLAND - SKYLAND,72,1.000000000000
state_house_2022,GREENVILLE - SLATER MARIETTA,4,0.000328301970
state_house_2022,GREENVILLE - SLATER MARIETTA,17,0.999671698030
state_house_2022,PICKENS - SMITH GROVE,5,1.000000000000
state_house_2022,ABBEVILLE - SMITHVILLE,11,0.995498877784
state_house_2022,ABBEVILLE - SMITHVILLE,12,0.000250183235
state_house_2022,ABBEVILLE - SMITHVILLE,13,0.004250938982
state_house_2022,YORK - SMYRNA,29,1.000000000000
state_house_2022,BARNWELL - SNELLING,91,1.000000000000
state_house_2022,COLLETON - SNIDERS,97,0.973793429054
state_house_2022,COLLETON - SNIDERS,121,0.026206562896
state_house_2022,COLLETON - SNIDERS,122,0.000000008050
state_house_2022,CHESTERFIELD - SNOW HILL-VAUGHN,53,0.997754327286
state_house_2022,CHESTERFIELD - SNOW HILL-VAUGHN,54,0.002245672714
state_house_2022,HORRY - SOCASTEE 1,68,1.000000000000
state_house_2022,HORRY - SOCASTEE 2,68,1.000000000000
state_house_2022,HORRY - SOCASTEE 3,61,0.136612153168
state_house_2022,HORRY - SOCASTEE 3,68,0.863387846832
state_house_2022,HORRY - SOCASTEE 4,61,0.863226798562
state_house_2022,HORRY - SOCASTEE 4,107,0.136773201438
state_house_2022,DARLINGTON - SOCIETY HILL,53,0.000794711325
state_house_2022,DARLINGTON - SOCIETY HILL,54,0.999205288675
state_house_2022,BAMBERG - SOUTH BAMBERG,90,1.000000000000
state_house_2022,RICHLAND - SOUTH BELTLINE,75,1.000000000000
state_house_2022,PICKENS - SOUTH CENTRAL,3,0.999118852231
state_house_2022,PICKENS - SOUTH CENTRAL,6,0.000881147769
state_house_2022,DILLON - SOUTH DILLON,55,1.000000000000
state_house_2022,ANDERSON - SOUTH FANT,7,0.671675222644
state_house_2022,ANDERSON - SOUTH FANT,8,0.328144650389
state_house_2022,ANDERSON - SOUTH FANT,9,0.000026023403
state_house_2022,ANDERSON - SOUTH FANT,11,0.000154103564
state_house_2022,FLORENCE - SOUTH FLORENCE 1,59,0.000000013824
state_house_2022,FLORENCE - SOUTH FLORENCE 1,60,0.000004396194
state_house_2022,FLORENCE - SOUTH FLORENCE 1,63,0.999995589982
state_house_2022,FLORENCE - SOUTH FLORENCE 2,59,0.109199441486
state_house_2022,FLORENCE - SOUTH FLORENCE 2,60,0.836659523271
state_house_2022,FLORENCE - SOUTH FLORENCE 2,63,0.054141035243
state_house_2022,RICHLAND - SOUTH FOREST ACRES,74,0.000384495452
state_house_2022,RICHLAND - SOUTH FOREST ACRES,75,0.999615504548
state_house_2022,SUMTER - SOUTH LIBERTY,51,0.979655606426
state_house_2022,SUMTER - SOUTH LIBERTY,67,0.020344393574
state_house_2022,LEE - SOUTH LYNCHBURG,50,1.000000000000
state_house_2022,PICKENS - SOUTH PICKENS,4,1.000000000000
state_house_2022,SUMTER - SOUTH RED BAY,51,1.000000000000
state_house_2022,FAIRFIELD - SOUTH WINNSBORO,41,1.000000000000
state_house_2022,SPARTANBURG - SOUTHPORT,31,0.037333525506
state_house_2022,SPARTANBURG - SOUTHPORT,33,0.962666474494
state_house_2022,GREENVILLE - SOUTHSIDE,24,0.425541754573
state_house_2022,GREENVILLE - SOUTHSIDE,25,0.574458245427
state_house_2022,DORCHESTER - SPANN,94,1.000000000000
state_house_2022,GREENWOOD - SPARROWS GRACE,11,0.000000246539
state_house_2022,GREENWOOD - SPARROWS GRACE,13,0.999999753461
state_house_2022,GREENVILLE - SPARROWS POINT,21,0.000144309031
state_house_2022,GREENVILLE - SPARROWS POINT,35,0.999855690969
state_house_2022,SPARTANBURG - SPARTANGREEN,34,0.999999988265
state_house_2022,SPARTANBURG - SPARTANGREEN,36,0.000000011735
state_house_2022,FLORENCE - SPAULDING,59,1.000000000000
state_house_2022,SUMTER - SPECTRUM,51,0.999999971443
state_house_2022,SUMTER - SPECTRUM,67,0.000000028557
state_house_2022,GREENVILLE - SPRING FOREST,22,0.998680908172
state_house_2022,GREENVILLE - SPRING FOREST,23,0.001319091828
state_house_2022,GEORGETOWN - SPRING GULLEY,103,0.996009610475
state_house_2022,GEORGETOWN - SPRING GULLEY,108,0.003990389525
state_house_2022,LEE - SPRING HILL,50,1.000000000000
state_house_2022,RICHLAND - SPRING HILL,41,0.000000268935
state_house_2022,RICHLAND - SPRING HILL,71,0.997706795459
state_house_2022,RICHLAND - SPRING HILL,85,0.002292935606
state_house_2022,RICHLAND - SPRING VALLEY,76,0.999999019614
state_house_2022,RICHLAND - SPRING VALLEY,78,0.000000216452
state_house_2022,RICHLAND - SPRING VALLEY,79,0.000000763933
state_house_2022,RICHLAND - SPRING VALLEY WEST,76,0.619717409395
state_house_2022,RICHLAND - SPRING VALLEY WEST,77,0.208941968918
state_house_2022,RICHLAND - SPRING VALLEY WEST,79,0.171340621686
state_house_2022,KERSHAW - SPRINGDALE,45,0.000000035874
state_house_2022,KERSHAW - SPRINGDALE,50,0.105770632698
state_house_2022,KERSHAW - SPRINGDALE,52,0.894229331428
state_house_2022,LEXINGTON - SPRINGDALE,89,1.000000000000
state_house_2022,YORK - SPRINGDALE,43,0.997578277838
state_house_2022,YORK - SPRINGDALE,46,0.002421722162
state_house_2022,LEXINGTON - SPRINGDALE SOUTH,88,0.000000123687
state_house_2022,LEXINGTON - SPRINGDALE SOUTH,89,0.999999876313
state_house_2022,ORANGEBURG - SPRINGFIELD,91,1.000000000000
state_house_2022,YORK - SPRINGFIELD,26,1.000000000000
state_house_2022,RICHLAND - SPRINGVILLE 1,71,1.000000000000
state_house_2022,RICHLAND - SPRINGVILLE 2,71,1.000000000000
state_house_2022,LEXINGTON - ST DAVIDS,88,1.000000000000
state_house_2022,NEWBERRY - ST PHILLIPS-JOLLY STREET,40,1.000000000000
state_house_2022,RICHLAND - ST. ANDREWS,69,0.000695383857
state_house_2022,RICHLAND - ST. ANDREWS,72,0.998175766516
state_house_2022,RICHLAND - ST. ANDREWS,74,0.000007908727
state_house_2022,RICHLAND - ST. ANDREWS,89,0.001120940900
state_house_2022,CHARLESTON - ST. ANDREWS 1,111,0.000000125812
state_house_2022,CHARLESTON - ST. ANDREWS 1,119,0.999999874188
state_house_2022,CHARLESTON - ST. ANDREWS 10,111,0.999876085955
state_house_2022,CHARLESTON - ST. ANDREWS 10,119,0.000123914045
state_house_2022,CHARLESTON - ST. ANDREWS 11,111,0.003564910665
state_house_2022,CHARLESTON - ST. ANDREWS 11,119,0.996435089335
state_house_2022,CHARLESTON - ST. ANDREWS 12,109,0.000000000144
state_house_2022,CHARLESTON - ST. ANDREWS 12,111,0.005908267667
state_house_2022,CHARLESTON - ST. ANDREWS 12,119,0.994091732189
state_house_2022,CHARLESTON - ST. ANDREWS 13,109,0.046191758755
state_house_2022,CHARLESTON - ST. ANDREWS 13,119,0.953808241245
state_house_2022,CHARLESTON - ST. ANDREWS 14,111,0.004097518580
state_house_2022,CHARLESTON - ST. ANDREWS 14,119,0.995902481420
state_house_2022,CHARLESTON - ST. ANDREWS 15,111,0.999947816161
state_house_2022,CHARLESTON - ST. ANDREWS 15,119,0.000052183839
state_house_2022,CHARLESTON - ST. ANDREWS 16,111,0.000007015089
state_house_2022,CHARLESTON - ST. ANDREWS 16,119,0.999992984911
state_house_2022,CHARLESTON - ST. ANDREWS 17,111,0.000000048007
state_house_2022,CHARLESTON - ST. ANDREWS 17,116,0.000000019185
state_house_2022,CHARLESTON - ST. ANDREWS 17,119,0.999999932807
state_house_2022,CHARLESTON - ST. ANDREWS 18,111,0.999999581165
state_house_2022,CHARLESTON - ST. ANDREWS 18,119,0.000000418835
state_house_2022,CHARLESTON - ST. ANDREWS 19,111,0.999998998085
state_house_2022,CHARLESTON - ST. ANDREWS 19,119,0.000001001915
state_house_2022,CHARLESTON - ST. ANDREWS 2,111,0.000010129823
state_house_2022,CHARLESTON - ST. ANDREWS 2,119,0.999989870177
state_house_2022,CHARLESTON - ST. ANDREWS 20,111,0.316611809200
state_house_2022,CHARLESTON - ST. ANDREWS 20,114,0.312800771642
state_house_2022,CHARLESTON - ST. ANDREWS 20,119,0.370587419158
state_house_2022,CHARLESTON - ST. ANDREWS 21,109,0.058660871251
state_house_2022,CHARLESTON - ST. ANDREWS 21,111,0.000000006335
state_house_2022,CHARLESTON - ST. ANDREWS 21,119,0.941339122414
state_house_2022,CHARLESTON - ST. ANDREWS 22,109,0.000607581851
state_house_2022,CHARLESTON - ST. ANDREWS 22,114,0.999392136390
state_house_2022,CHARLESTON - ST. ANDREWS 22,119,0.000000281759
state_house_2022,CHARLESTON - ST. ANDREWS 23,114,0.999982037407
state_house_2022,CHARLESTON - ST. ANDREWS 23,119,0.000017962593
state_house_2022,CHARLESTON - ST. ANDREWS 24,114,0.000000437266
state_house_2022,CHARLESTON - ST. ANDREWS 24,119,0.999999562734
state_house_2022,CHARLESTON - ST. ANDREWS 25,111,0.000047066026
state_house_2022,CHARLESTON - ST. ANDREWS 25,114,0.000000093492
state_house_2022,CHARLESTON - ST. ANDREWS 25,116,0.000319887871
state_house_2022,CHARLESTON - ST. ANDREWS 25,119,0.999632952611
state_house_2022,CHARLESTON - ST. ANDREWS 26,116,0.000184258052
state_house_2022,CHARLESTON - ST. ANDREWS 26,119,0.999815741948
state_house_2022,CHARLESTON - ST. ANDREWS 27,116,0.999999988123
state_house_2022,CHARLESTON - ST. ANDREWS 27,119,0.000000011877
state_house_2022,CHARLESTON - ST. ANDREWS 28,114,0.001602123596
state_house_2022,CHARLESTON - ST. ANDREWS 28,116,0.998397876404
state_house_2022,CHARLESTON - ST. ANDREWS 29,114,0.000000482115
state_house_2022,CHARLESTON - ST. ANDREWS 29,116,0.999932240334
state_house_2022,CHARLESTON - ST. ANDREWS 29,119,0.000067277550
state_house_2022,CHARLESTON - ST. ANDREWS 3,111,0.999998222483
state_house_2022,CHARLESTON - ST. ANDREWS 3,119,0.000001777517
state_house_2022,CHARLESTON - ST. ANDREWS 30,114,0.000007522688
state_house_2022,CHARLESTON - ST. ANDREWS 30,116,0.000015135104
state_house_2022,CHARLESTON - ST. ANDREWS 30,119,0.999977342207
state_house_2022,CHARLESTON - ST. ANDREWS 31,114,0.999141026326
state_house_2022,CHARLESTON - ST. ANDREWS 31,119,0.000858973674
state_house_2022,CHARLESTON - ST. ANDREWS 32,114,1.000000000000
state_house_2022,CHARLESTON - ST. ANDREWS 33,114,0.999792009169
state_house_2022,CHARLESTON - ST. ANDREWS 33,116,0.000207990831
state_house_2022,CHARLESTON - ST. ANDREWS 34,109,0.002152767804
state_house_2022,CHARLESTON - ST. ANDREWS 34,114,0.997847232196
state_house_2022,CHARLESTON - ST. ANDREWS 35,114,1.000000000000
state_house_2022,CHARLESTON - ST. ANDREWS 36,109,0.001519454727
state_house_2022,CHARLESTON - ST. ANDREWS 36,114,0.998480545273
state_house_2022,CHARLESTON - ST. ANDREWS 37,114,0.999999993915
state_house_2022,CHARLESTON - ST. ANDREWS 37,116,0.000000006085
state_house_2022,CHARLESTON - ST. ANDREWS 4,110,0.797857766032
state_house_2022,CHARLESTON - ST. ANDREWS 4,111,0.000000072269
state_house_2022,CHARLESTON - ST. ANDREWS 4,119,0.202142161699
state_house_2022,CHARLESTON - ST. ANDREWS 5,111,0.000000015185
state_house_2022,CHARLESTON - ST. ANDREWS 5,119,0.999999984815
state_house_2022,CHARLESTON - ST. ANDREWS 6,119,1.000000000000
state_house_2022,CHARLESTON - ST. ANDREWS 7,111,0.000001003163
state_house_2022,CHARLESTON - ST. ANDREWS 7,119,0.999998996837
state_house_2022,CHARLESTON - ST. ANDREWS 8,111,1.000000000000
state_house_2022,CHARLESTON - ST. ANDREWS 9,111,1.000000000000
state_house_2022,LEE - ST. CHARLES,50,1.000000000000
state_house_2022,DORCHESTER - ST. GEORGE NO. 1,95,1.000000000000
state_house_2022,DORCHESTER - ST. GEORGE NO. 2,95,1.000000000000
state_house_2022,BERKELEY - ST. JAMES,15,0.712209936524
state_house_2022,BERKELEY - ST. JAMES,99,0.287790063476
state_house_2022,SUMTER - ST. JOHN,50,0.999998057843
state_house_2022,SUMTER - ST. JOHN,60,0.000001859253
state_house_2022,SUMTER - ST. JOHN,62,0.000000041501
state_house_2022,SUMTER - ST. JOHN,64,0.000000041404
state_house_2022,SPARTANBURG - ST. JOHNS LUTHERAN,32,1.000000000000
state_house_2022,CALHOUN - ST. MATTHEWS,93,1.000000000000
state_house_2022,LEE - ST. MATTHEWS,50,1.000000000000
state_house_2022,LEXINGTON - ST. MICHAEL,71,0.000000752614
state_house_2022,LEXINGTON - ST. MICHAEL,85,0.999999237784
state_house_2022,LEXINGTON - ST. MICHAEL,87,0.000000009602
state_house_2022,SUMTER - ST. PAUL,64,0.198623164330
state_house_2022,SUMTER - ST. PAUL,67,0.801376835670
state_house_2022,CHARLESTON - ST. PAULS 1,116,1.000000000000
state_house_2022,CHARLESTON - ST. PAULS 2A,97,0.000532472409
state_house_2022,CHARLESTON - ST. PAULS 2A,114,0.000024128440
state_house_2022,CHARLESTON - ST. PAULS 2A,116,0.999443399151
state_house_2022,CHARLESTON - ST. PAULS 2B,116,1.000000000000
state_house_2022,CHARLESTON - ST. PAULS 3,116,1.000000000000
state_house_2022,CHARLESTON - ST. PAULS 4,116,1.000000000000
state_house_2022,CHARLESTON - ST. PAULS 5,116,1.000000000000
state_house_2022,CHARLESTON - ST. PAULS 6,114,0.000938073892
state_house_2022,CHARLESTON - ST. PAULS 6,116,0.999061926108
state_house_2022,BERKELEY - ST. STEPHEN 1,101,0.000000000591
state_house_2022,BERKELEY - ST. STEPHEN 1,102,0.999999999409
state_house_2022,BERKELEY - ST. STEPHEN 2,101,0.733576961073
state_house_2022,BERKELEY - ST. STEPHEN 2,102,0.266423038927
state_house_2022,DORCHESTER - STALLSVILLE,94,1.000000000000
state_house_2022,GREENVILLE - STANDING SPRINGS,28,1.000000000000
state_house_2022,ANDERSON - STARR,7,0.000778880564
state_house_2022,ANDERSON - STARR,11,0.999221119436
state_house_2022,SPARTANBURG - STARTEX FIRE STATION,36,1.000000000000
state_house_2022,YORK - STATELINE,26,0.666836789537
state_house_2022,YORK - STATELINE,66,0.333163210463
state_house_2022,YORK - STEELE CREEK,66,1.000000000000
state_house_2022,COLLETON - STOKES,97,1.000000000000
state_house_2022,PICKENS - STONE CHURCH,2,0.093450621350
state_house_2022,PICKENS - STONE CHURCH,3,0.903457597882
state_house_2022,PICKENS - STONE CHURCH,6,0.001474547815
state_house_2022,PICKENS - STONE CHURCH,8,0.001617232953
state_house_2022,SUMTER - STONE HILL,51,1.000000000000
state_house_2022,BERKELEY - STONE LAKE,92,1.000000000000
state_house_2022,GREENVILLE - STONE VALLEY,18,0.665217621451
state_house_2022,GREENVILLE - STONE VALLEY,20,0.334782378549
state_house_2022,GREENVILLE - STONEHAVEN,21,0.998602951322
state_house_2022,GREENVILLE - STONEHAVEN,35,0.001397048678
state_house_2022,GREENWOOD - STONEWOOD,13,1.000000000000
state_house_2022,NEWBERRY - STONEY HILL,40,1.000000000000
state_house_2022,BERKELEY - STRATFORD 1,92,0.000011745754
state_house_2022,BERKELEY - STRATFORD 1,117,0.999988254246
state_house_2022,BERKELEY - STRATFORD 2,15,0.001541034172
state_house_2022,BERKELEY - STRATFORD 2,92,0.998458965828
state_house_2022,BERKELEY - STRATFORD 3,15,0.000000108500
state_house_2022,BERKELEY - STRATFORD 3,92,0.999960250097
state_house_2022,BERKELEY - STRATFORD 3,113,0.000000134980
state_house_2022,BERKELEY - STRATFORD 3,117,0.000039506422
state_house_2022,BERKELEY - STRATFORD 4,92,0.909352350390
state_house_2022,BERKELEY - STRATFORD 4,117,0.090647649610
state_house_2022,BERKELEY - STRATFORD 5,117,1.000000000000
state_house_2022,GREENVILLE - SUBER MILL,18,0.960508149643
state_house_2022,GREENVILLE - SUBER MILL,20,0.001199230999
state_house_2022,GREENVILLE - SUBER MILL,21,0.038292619358
state_house_2022,ORANGEBURG - SUBURBAN 1,90,0.003699727879
state_house_2022,ORANGEBURG - SUBURBAN 1,93,0.996300272121
state_house_2022,ORANGEBURG - SUBURBAN 2,93,0.997163395614
state_house_2022,ORANGEBURG - SUBURBAN 2,95,0.002836604386
state_house_2022,ORANGEBURG - SUBURBAN 3,90,0.000652251793
state_house_2022,ORANGEBURG - SUBURBAN 3,95,0.999347748207
state_house_2022,ORANGEBURG - SUBURBAN 4,90,1.000000000000
state_house_2022,ORANGEBURG - SUBURBAN 5,90,1.000000000000
state_house_2022,ORANGEBURG - SUBURBAN 6,90,1.000000000000
state_house_2022,ORANGEBURG - SUBURBAN 7,90,0.921101661964
state_house_2022,ORANGEBURG - SUBURBAN 7,91,0.078898338036
state_house_2022,ORANGEBURG - SUBURBAN 8,90,1.000000000000
state_house_2022,ORANGEBURG - SUBURBAN 9,90,0.164940815787
state_house_2022,ORANGEBURG - SUBURBAN 9,93,0.835059184213
state_house_2022,GREENVILLE - SUGAR CREEK,20,0.000540704223
state_house_2022,GREENVILLE - SUGAR CREEK,21,0.999459295777
state_house_2022,CHARLESTON - SULLIVANS ISLAND,112,0.999999698516
state_house_2022,CHARLESTON - SULLIVANS ISLAND,115,0.000000301484
state_house_2022,GREENVILLE - SULPHUR SPRINGS,4,0.000381177833
state_house_2022,GREENVILLE - SULPHUR SPRINGS,5,0.000000002358
state_house_2022,GREENVILLE - SULPHUR SPRINGS,17,0.000487765275
state_house_2022,GREENVILLE - SULPHUR SPRINGS,19,0.999131054534
state_house_2022,LEXINGTON - SUMMIT,39,1.000000000000
state_house_2022,SUMTER - SUMTER HIGH 1,51,0.983609325215
state_house_2022,SUMTER - SUMTER HIGH 1,67,0.016390674785
state_house_2022,SUMTER - SUMTER HIGH 2,51,0.992488515041
state_house_2022,SUMTER - SUMTER HIGH 2,67,0.007511484959
state_house_2022,JASPER - SUN CITY,118,0.000000167549
state_house_2022,JASPER - SUN CITY,120,0.999999832451
state_house_2022,SUMTER - SUNSET,51,0.999999879719
state_house_2022,SUMTER - SUNSET,67,0.000000120281
state_house_2022,HORRY - SURFSIDE 1,106,1.000000000000
state_house_2022,HORRY - SURFSIDE 2,106,1.000000000000
state_house_2022,HORRY - SURFSIDE 3,106,1.000000000000
state_house_2022,HORRY - SURFSIDE 4,106,1.000000000000
state_house_2022,WILLIAMSBURG - SUTTONS,101,0.999999829844
state_house_2022,WILLIAMSBURG - SUTTONS,102,0.000000010519
state_house_2022,WILLIAMSBURG - SUTTONS,103,0.000000159638
state_house_2022,SUMTER - SWAN LAKE,51,0.002678029711
state_house_2022,SUMTER - SWAN LAKE,67,0.997321970289
state_house_2022,LEXINGTON - SWANSEA 2,93,0.000174813139
state_house_2022,LEXINGTON - SWANSEA 2,96,0.999825186861
state_house_2022,LEXINGTON - SWANSEA 1,93,0.999167380568
state_house_2022,LEXINGTON - SWANSEA 1,96,0.000832619432
state_house_2022,HORRY - SWEET HOME,55,0.080954784636
state_house_2022,HORRY - SWEET HOME,105,0.919045215364
state_house_2022,DARLINGTON - SWIFT CREEK,62,0.999340660394
state_house_2022,DARLINGTON - SWIFT CREEK,65,0.000659339606
state_house_2022,SPARTANBURG - SWOFFORD CAREER CENTER,38,1.000000000000
state_house_2022,ALLENDALE - SYCAMORE,91,0.999999992182
state_house_2022,ALLENDALE - SYCAMORE,122,0.000000007818
state_house_2022,GREENVILLE - SYCAMORE,16,0.999374579995
state_house_2022,GREENVILLE - SYCAMORE,27,0.000625420005
state_house_2022,GREENVILLE - TANGLEWOOD,10,0.499940600266
state_house_2022,GREENVILLE - TANGLEWOOD,25,0.500059399734
state_house_2022,FLORENCE - TANS BAY,60,1.000000000000
state_house_2022,MARLBORO - TATUM,54,1.000000000000
state_house_2022,GREENVILLE - TAYLORS,18,0.569626383404
state_house_2022,GREENVILLE - TAYLORS,20,0.430373616596
state_house_2022,YORK - TEGA CAY,66,1.000000000000
state_house_2022,MARION - TEMPERANCE,55,0.000300485314
state_house_2022,MARION - TEMPERANCE,57,0.999699514686
state_house_2022,BERKELEY - THE VILLAGE,99,0.999930756952
state_house_2022,BERKELEY - THE VILLAGE,103,0.000069243048
state_house_2022,SUMTER - THOMAS SUMTER,50,0.997823735505
state_house_2022,SUMTER - THOMAS SUMTER,51,0.002176264495
state_house_2022,GREENVILLE - THORNBLADE,20,0.000110305731
state_house_2022,GREENVILLE - THORNBLADE,21,0.999760337663
state_house_2022,GREENVILLE - THORNBLADE,22,0.000129356607
state_house_2022,ANDERSON - THREE AND TWENTY,6,0.999999897731
state_house_2022,ANDERSON - THREE AND TWENTY,10,0.000000102269
state_house_2022,GREENVILLE - TIGERVILLE,17,0.999993934730
state_house_2022,GREENVILLE - TIGERVILLE,18,0.000006065270
state_house_2022,JASPER - TILLMAN,122,1.000000000000
state_house_2022,HORRY - TILLY SWAMP,56,0.426125815468
state_house_2022,HORRY - TILLY SWAMP,105,0.573874184532
state_house_2022,CHEROKEE - TIMBER RIDGE,29,1.000000000000
state_house_2022,GREENVILLE - TIMBERLAKE,20,0.000216180380
state_house_2022,GREENVILLE - TIMBERLAKE,22,0.999783819620
state_house_2022,FLORENCE - TIMMONSVILLE 1,60,0.000073853450
state_house_2022,FLORENCE - TIMMONSVILLE 1,62,0.999926146550
state_house_2022,FLORENCE - TIMMONSVILLE 2,60,0.049205418117
state_house_2022,FLORENCE - TIMMONSVILLE 2,62,0.950794581883
state_house_2022,YORK - TIRZAH,46,0.082900085377
state_house_2022,YORK - TIRZAH,47,0.917099914623
state_house_2022,HORRY - TODDVILLE,58,0.683433945842
state_house_2022,HORRY - TODDVILLE,103,0.316566054158
state_house_2022,ANDERSON - TONEY CREEK,7,0.999861247776
state_house_2022,ANDERSON - TONEY CREEK,28,0.000138752224
state_house_2022,YORK - TOOLS FORK,46,0.369771228566
state_house_2022,YORK - TOOLS FORK,47,0.490845089047
state_house_2022,YORK - TOOLS FORK,49,0.139383682386
state_house_2022,ANDERSON - TOWN CREEK,6,0.999744260362
state_house_2022,ANDERSON - TOWN CREEK,9,0.000255739638
state_house_2022,ANDERSON - TOWNVILLE,8,1.000000000000
state_house_2022,GREENVILLE - TRADE,18,0.999470639439
state_house_2022,GREENVILLE - TRADE,21,0.000472407665
state_house_2022,GREENVILLE - TRADE,36,0.000056952897
state_house_2022,BERKELEY - TRAMWAY,117,1.000000000000
state_house_2022,DORCHESTER - TRANQUIL,98,1.000000000000
state_house_2022,DORCHESTER - TRANQUIL 2,98,0.986969471595
state_house_2022,DORCHESTER - TRANQUIL 2,113,0.013030528405
state_house_2022,DORCHESTER - TRANQUIL 3,94,0.000000842323
state_house_2022,DORCHESTER - TRANQUIL 3,98,0.962323721297
state_house_2022,DORCHESTER - TRANQUIL 3,113,0.037675436380
state_house_2022,GREENVILLE - TRAVELERS REST 1,17,0.759317652526
state_house_2022,GREENVILLE - TRAVELERS REST 1,19,0.240682347474
state_house_2022,GREENVILLE - TRAVELERS REST 2,17,0.999955495453
state_house_2022,GREENVILLE - TRAVELERS REST 2,19,0.000044504547
state_house_2022,SPARTANBURG - TRAVELERS REST BAPTIST,34,1.000000000000
state_house_2022,RICHLAND - TRENHOLM ROAD,76,0.000000440160
state_house_2022,RICHLAND - TRENHOLM ROAD,78,0.999999559840
state_house_2022,EDGEFIELD - TRENTON,82,1.000000000000
state_house_2022,EDGEFIELD - TRENTON 2,82,0.998938420018
state_house_2022,EDGEFIELD - TRENTON 2,83,0.000003119267
state_house_2022,EDGEFIELD - TRENTON 2,84,0.001058460716
state_house_2022,PICKENS - TRI COUNTY,10,1.000000000000
state_house_2022,RICHLAND - TRINITY,70,1.000000000000
state_house_2022,SPARTANBURG - TRINITY METHODIST,32,1.000000000000
state_house_2022,SPARTANBURG - TRINITY PRESBYTERIAN,34,1.000000000000
state_house_2022,WILLIAMSBURG - TRIO,101,1.000000000000
state_house_2022,DORCHESTER - TROLLEY,98,1.000000000000
state_house_2022,GREENWOOD - TROY,12,1.000000000000
state_house_2022,GREENVILLE - TUBBS MOUNTAIN,17,1.000000000000
state_house_2022,DORCHESTER - TUPPERWAY,94,1.000000000000
state_house_2022,DORCHESTER - TUPPERWAY 2,94,0.999997398247
state_house_2022,DORCHESTER - TUPPERWAY 2,114,0.000002601753
state_house_2022,LEE - TURKEY CREEK,50,0.999989442082
state_house_2022,LEE - TURKEY CREEK,65,0.000010557918
state_house_2022,SUMTER - TURKEY CREEK,50,0.000004300942
state_house_2022,SUMTER - TURKEY CREEK,51,0.999995699058
state_house_2022,SPARTANBURG - TWO MILE CREEK,35,1.000000000000
state_house_2022,GREENVILLE - TYGER RIVER,18,0.999931763973
state_house_2022,GREENVILLE - TYGER RIVER,36,0.000068236027
state_house_2022,SPARTANBURG - TYGER RIVER,34,0.874487436274
state_house_2022,SPARTANBURG - TYGER RIVER,35,0.125512563726
state_house_2022,ALLENDALE - ULMER,90,0.000000011039
state_house_2022,ALLENDALE - ULMER,91,0.999999988961
state_house_2022,UNION - UNION WARD 1 BOX 1,42,1.000000000000
state_house_2022,UNION - UNION WARD 1 BOX 2,42,1.000000000000
state_house_2022,UNION - UNION WARD 2,42,1.000000000000
state_house_2022,UNION - UNION WARD 3,42,1.000000000000
state_house_2022,UNION - UNION WARD 4 BOX 1,42,1.000000000000
state_house_2022,UNION - UNION WARD 4 BOX 2,42,1.000000000000
state_house_2022,PICKENS - UNIVERSITY,2,0.013628289276
state_house_2022,PICKENS - UNIVERSITY,3,0.986371710724
state_house_2022,YORK - UNIVERSITY,46,1.000000000000
state_house_2022,RICHLAND - VALHALLA,76,0.000002244092
state_house_2022,RICHLAND - VALHALLA,78,0.999997755908
state_house_2022,SPARTANBURG - VALLEY FALLS,37,1.000000000000
state_house_2022,RICHLAND - VALLEY STATE PARK,76,0.000000096293
state_house_2022,RICHLAND - VALLEY STATE PARK,77,0.914414313762
state_house_2022,RICHLAND - VALLEY STATE PARK,79,0.085585589946
state_house_2022,ORANGEBURG - VANCE,95,1.000000000000
state_house_2022,ANDERSON - VARENNES,8,0.505849783291
state_house_2022,ANDERSON - VARENNES,11,0.494150216709
state_house_2022,HAMPTON - VARNVILLE,122,1.000000000000
state_house_2022,GREENWOOD - VERDERY,11,0.000000453075
state_house_2022,GREENWOOD - VERDERY,12,0.818324362778
state_house_2022,GREENWOOD - VERDERY,13,0.181675184147
state_house_2022,GREENVILLE - VERDMONT,28,1.000000000000
state_house_2022,SPARTANBURG - VICTOR MILL METHODIST,21,0.000000021045
state_house_2022,SPARTANBURG - VICTOR MILL METHODIST,36,0.999999978955
state_house_2022,PICKENS - VINLAND,4,0.355544489459
state_house_2022,PICKENS - VINLAND,5,0.643802963932
state_house_2022,PICKENS - VINLAND,19,0.000652546608
state_house_2022,FLORENCE - VOX,57,0.000000463335
state_house_2022,FLORENCE - VOX,60,0.999999159189
state_house_2022,FLORENCE - VOX,101,0.000000377477
state_house_2022,MARLBORO - W BENNETTSVILLE,54,1.000000000000
state_house_2022,HORRY - WACCAMAW,61,1.000000000000
state_house_2022,GREENVILLE - WADE HAMPTON,20,0.999890487338
state_house_2022,GREENVILLE - WADE HAMPTON,22,0.000109512662
state_house_2022,SPARTANBURG - WADE HAMPTON,36,1.000000000000
state_house_2022,CHARLESTON - WADMALAW ISLAND 1,116,1.000000000000
state_house_2022,CHARLESTON - WADMALAW ISLAND 2,116,1.000000000000
state_house_2022,RICHLAND - WALDEN,72,0.000000031900
state_house_2022,RICHLAND - WALDEN,73,0.963910696247
state_house_2022,RICHLAND - WALDEN,74,0.036089271853
state_house_2022,MARLBORO - WALLACE,54,1.000000000000
state_house_2022,GREENVILLE - WALNUT SPRINGS,16,0.998634589624
state_house_2022,GREENVILLE - WALNUT SPRINGS,35,0.001365410376
state_house_2022,COLLETON - WALTERBORO NO. 1,121,1.000000000000
state_house_2022,COLLETON - WALTERBORO NO. 2,97,0.408270050775
state_house_2022,COLLETON - WALTERBORO NO. 2,121,0.591729949225
state_house_2022,COLLETON - WALTERBORO NO. 3,97,0.000000002390
state_house_2022,COLLETON - WALTERBORO NO. 3,121,0.999999997610
state_house_2022,COLLETON - WALTERBORO NO. 4,97,0.000000014366
state_house_2022,COLLETON - WALTERBORO NO. 4,121,0.999999985634
state_house_2022,COLLETON - WALTERBORO NO. 5,97,0.879129916284
state_house_2022,COLLETON - WALTERBORO NO. 5,121,0.120870083716
state_house_2022,COLLETON - WALTERBORO NO. 6,97,0.725346313624
state_house_2022,COLLETON - WALTERBORO NO. 6,121,0.274653686376
state_house_2022,HORRY - WAMPEE,104,0.867564982811
state_house_2022,HORRY - WAMPEE,105,0.132435017189
state_house_2022,SALUDA - WARD,39,0.163571701870
state_house_2022,SALUDA - WARD,82,0.836428298130
state_house_2022,RICHLAND - WARD 1,72,0.594643853258
state_house_2022,RICHLAND - WARD 1,74,0.405356146742
state_house_2022,RICHLAND - WARD 10,72,1.000000000000
state_house_2022,RICHLAND - WARD 11,72,0.991159037879
state_house_2022,RICHLAND - WARD 11,75,0.008840962121
state_house_2022,RICHLAND - WARD 12,72,1.000000000000
state_house_2022,RICHLAND - WARD 13,72,0.999999280142
state_house_2022,RICHLAND - WARD 13,75,0.000000719858
state_house_2022,RICHLAND - WARD 14,74,0.000000401615
state_house_2022,RICHLAND - WARD 14,75,0.999999598385
state_house_2022,RICHLAND - WARD 15,74,0.000111181528
state_house_2022,RICHLAND - WARD 15,75,0.999888818472
state_house_2022,RICHLAND - WARD 16,74,0.000094537318
state_house_2022,RICHLAND - WARD 16,75,0.999905462682
state_house_2022,RICHLAND - WARD 17,75,1.000000000000
state_house_2022,RICHLAND - WARD 18,74,0.999959133293
state_house_2022,RICHLAND - WARD 18,75,0.000021458119
state_house_2022,RICHLAND - WARD 18,76,0.000019408588
state_house_2022,RICHLAND - WARD 19,74,0.998352033432
state_house_2022,RICHLAND - WARD 19,76,0.001647966568
state_house_2022,RICHLAND - WARD 2,72,0.000194395819
state_house_2022,RICHLAND - WARD 2,74,0.999805604181
state_house_2022,RICHLAND - WARD 20,74,1.000000000000
state_house_2022,RICHLAND - WARD 21,73,0.523225678808
state_house_2022,RICHLAND - WARD 21,74,0.000033775062
state_house_2022,RICHLAND - WARD 21,76,0.476740546130
state_house_2022,RICHLAND - WARD 22,73,0.000000190470
state_house_2022,RICHLAND - WARD 22,74,0.999999809530
state_house_2022,RICHLAND - WARD 23,74,0.999771794499
state_house_2022,RICHLAND - WARD 23,75,0.000228205501
state_house_2022,RICHLAND - WARD 24,75,1.000000000000
state_house_2022,RICHLAND - WARD 25,75,1.000000000000
state_house_2022,RICHLAND - WARD 26,70,0.279855326024
state_house_2022,RICHLAND - WARD 26,75,0.050752670214
state_house_2022,RICHLAND - WARD 26,78,0.669392003762
state_house_2022,RICHLAND - WARD 29,73,0.000318711703
state_house_2022,RICHLAND - WARD 29,74,0.999681288297
state_house_2022,RICHLAND - WARD 3,72,0.000134513801
state_house_2022,RICHLAND - WARD 3,74,0.999865486199
state_house_2022,RICHLAND - WARD 30,72,0.997609544540
state_house_2022,RICHLAND - WARD 30,74,0.001063563796
state_house_2022,RICHLAND - WARD 30,89,0.001326891664
state_house_2022,RICHLAND - WARD 31,74,1.000000000000
state_house_2022,RICHLAND - WARD 32,74,1.000000000000
state_house_2022,RICHLAND - WARD 33,72,0.000000000002
state_house_2022,RICHLAND - WARD 33,74,0.999999999998
state_house_2022,RICHLAND - WARD 34,74,0.999997065032
state_house_2022,RICHLAND - WARD 34,75,0.000002934968
state_house_2022,RICHLAND - WARD 4,72,0.000067649585
state_house_2022,RICHLAND - WARD 4,74,0.999932350415
state_house_2022,RICHLAND - WARD 5,72,0.997133720064
state_house_2022,RICHLAND - WARD 5,89,0.002866279936
state_house_2022,RICHLAND - WARD 6,74,0.524941529008
state_house_2022,RICHLAND - WARD 6,75,0.475058470992
state_house_2022,RICHLAND - WARD 7,74,0.165832479433
state_house_2022,RICHLAND - WARD 7,76,0.834167520567
state_house_2022,RICHLAND - WARD 8,74,1.000000000000
state_house_2022,RICHLAND - WARD 9,74,1.000000000000
state_house_2022,GREENVILLE - WARE PLACE,9,0.000224645129
state_house_2022,GREENVILLE - WARE PLACE,25,0.000000051526
state_house_2022,GREENVILLE - WARE PLACE,28,0.999775303344
state_house_2022,GREENWOOD - WARE SHOALS,11,0.000002357485
state_house_2022,GREENWOOD - WARE SHOALS,13,0.999997642515
state_house_2022,BERKELEY - WASSAMASSAW 1,102,1.000000000000
state_house_2022,BERKELEY - WASSAMASSAW 2,102,0.999999995320
state_house_2022,BERKELEY - WASSAMASSAW 2,117,0.000000004680
state_house_2022,YORK - WATERSTONE,66,1.000000000000
state_house_2022,BERKELEY - WEATHERSTONE,102,0.629225560622
state_house_2022,BERKELEY - WEATHERSTONE,117,0.370774439378
state_house_2022,RICHLAND - WEBBER,64,0.000000085122
state_house_2022,RICHLAND - WEBBER,70,0.999999914878
state_house_2022,GREENVILLE - WELCOME,10,0.563412203607
state_house_2022,GREENVILLE - WELCOME,23,0.436451396708
state_house_2022,GREENVILLE - WELCOME,25,0.000136399685
state_house_2022,SPARTANBURG - WELLFORD,34,0.388099908434
state_house_2022,SPARTANBURG - WELLFORD,36,0.611900091566
state_house_2022,GREENVILLE - WELLINGTON,20,0.000165863925
state_house_2022,GREENVILLE - WELLINGTON,22,0.999834136075
state_house_2022,PICKENS - WEST CENTRAL,3,1.000000000000
state_house_2022,LEXINGTON - WEST COLUMBIA NO. 1,72,0.000001081463
state_house_2022,LEXINGTON - WEST COLUMBIA NO. 1,89,0.999998918537
state_house_2022,LEXINGTON - WEST COLUMBIA NO. 2,89,1.000000000000
state_house_2022,LEXINGTON - WEST COLUMBIA NO. 3,89,1.000000000000
state_house_2022,LEXINGTON - WEST COLUMBIA NO. 4,89,1.000000000000
state_house_2022,HORRY - WEST CONWAY,58,0.142630061797
state_house_2022,HORRY - WEST CONWAY,61,0.857369938203
state_house_2022,BAMBERG - WEST DENMARK,90,0.999757234855
state_house_2022,BAMBERG - WEST DENMARK,91,0.000242765145
state_house_2022,DILLON - WEST DILLON,55,1.000000000000
state_house_2022,FLORENCE - WEST FLORENCE 1,59,0.257018745733
state_house_2022,FLORENCE - WEST FLORENCE 1,62,0.000000018445
state_house_2022,FLORENCE - WEST FLORENCE 1,63,0.742981235822
state_house_2022,FLORENCE - WEST FLORENCE 2,59,0.384831013276
state_house_2022,FLORENCE - WEST FLORENCE 2,63,0.615168986724
state_house_2022,PICKENS - WEST LIBERTY,4,1.000000000000
state_house_2022,HORRY - WEST LORIS,55,0.364372891064
state_house_2022,HORRY - WEST LORIS,105,0.635627108936
state_house_2022,ANDERSON - WEST PELZER,6,0.001681340294
state_house_2022,ANDERSON - WEST PELZER,9,0.400464579942
state_house_2022,ANDERSON - WEST PELZER,10,0.597852200794
state_house_2022,ANDERSON - WEST PELZER,28,0.000001878970
state_house_2022,PICKENS - WEST PICKENS,4,1.000000000000
state_house_2022,ANDERSON - WEST SAVANNAH,11,1.000000000000
state_house_2022,UNION - WEST SPRINGS,42,1.000000000000
state_house_2022,SPARTANBURG - WEST VIEW ELEMENTARY,34,1.000000000000
state_house_2022,GREENVILLE - WESTCLIFFE,5,0.672804374671
state_house_2022,GREENVILLE - WESTCLIFFE,10,0.051253150239
state_house_2022,GREENVILLE - WESTCLIFFE,19,0.000472702677
state_house_2022,GREENVILLE - WESTCLIFFE,23,0.275469772412
state_house_2022,RICHLAND - WESTMINSTER,72,0.017046187072
state_house_2022,RICHLAND - WESTMINSTER,74,0.982953812928
state_house_2022,LEXINGTON - WESTOVER,72,0.009757008680
state_house_2022,LEXINGTON - WESTOVER,89,0.990242991320
state_house_2022,EDGEFIELD - WESTSIDE,12,0.000000001385
state_house_2022,EDGEFIELD - WESTSIDE,82,0.000040313072
state_house_2022,EDGEFIELD - WESTSIDE,83,0.999959685544
state_house_2022,GREENVILLE - WESTSIDE,5,0.454966274489
state_house_2022,GREENVILLE - WESTSIDE,19,0.316127417040
state_house_2022,GREENVILLE - WESTSIDE,23,0.228906308471
state_house_2022,BERKELEY - WESTVIEW 1,92,1.000000000000
state_house_2022,BERKELEY - WESTVIEW 2,15,0.002233595697
state_house_2022,BERKELEY - WESTVIEW 2,92,0.997766404303
state_house_2022,BERKELEY - WESTVIEW 3,15,0.003814772056
state_house_2022,BERKELEY - WESTVIEW 3,92,0.996185227944
state_house_2022,BERKELEY - WESTVIEW 4,92,1.000000000000
state_house_2022,KERSHAW - WESTVILLE,45,0.000000000046
state_house_2022,KERSHAW - WESTVILLE,65,0.999999999954
state_house_2022,NEWBERRY - WHEELAND,40,1.000000000000
state_house_2022,KERSHAW - WHITES GARDENS,50,1.000000000000
state_house_2022,LEXINGTON - WHITE KNOLL,88,1.000000000000
state_house_2022,FAIRFIELD - WHITE OAK,41,1.000000000000
state_house_2022,HORRY - WHITE OAK,105,1.000000000000
state_house_2022,ANDERSON - WHITE PLAINS,6,0.715036952894
state_house_2022,ANDERSON - WHITE PLAINS,9,0.284961549764
state_house_2022,ANDERSON - WHITE PLAINS,10,0.000001497342
state_house_2022,CHEROKEE - WHITE PLAINS,29,1.000000000000
state_house_2022,LEXINGTON - WHITEHALL,69,0.376700718302
state_house_2022,LEXINGTON - WHITEHALL,85,0.623299281698
state_house_2022,BERKELEY - WHITESVILLE 1,100,1.000000000000
state_house_2022,BERKELEY - WHITESVILLE 2,100,0.917110052322
state_house_2022,BERKELEY - WHITESVILLE 2,117,0.082889947678
state_house_2022,RICHLAND - WHITEWELL,69,0.008460529555
state_house_2022,RICHLAND - WHITEWELL,72,0.991535864253
state_house_2022,RICHLAND - WHITEWELL,74,0.000003606191
state_house_2022,SPARTANBURG - WHITLOCK JR. HIGH,32,0.999999925272
state_house_2022,SPARTANBURG - WHITLOCK JR. HIGH,37,0.000000074728
state_house_2022,NEWBERRY - WHITMIRE CITY,40,1.000000000000
state_house_2022,NEWBERRY - WHITMIRE OUTSIDE,40,0.999999924913
state_house_2022,NEWBERRY - WHITMIRE OUTSIDE,42,0.000000075087
state_house_2022,ORANGEBURG - WHITTAKER,93,1.000000000000
state_house_2022,HORRY - WILD WING,56,0.464470850125
state_house_2022,HORRY - WILD WING,61,0.101767737784
state_house_2022,HORRY - WILD WING,105,0.433761412091
state_house_2022,BERKELEY - WILDCAT TRAIL,102,0.999606689053
state_house_2022,BERKELEY - WILDCAT TRAIL,117,0.000393310947
state_house_2022,SUMTER - WILDER,51,0.999992233127
state_house_2022,SUMTER - WILDER,67,0.000007766873
state_house_2022,RICHLAND - WILDEWOOD,76,0.000237042939
state_house_2022,RICHLAND - WILDEWOOD,78,0.999762957061
state_house_2022,CHEROKEE - WILKINSVILLE AND METCALF,29,1.000000000000
state_house_2022,CHESTER - WILKSBURG,29,0.000000448770
state_house_2022,CHESTER - WILKSBURG,41,0.965570282733
state_house_2022,CHESTER - WILKSBURG,42,0.000000079147
state_house_2022,CHESTER - WILKSBURG,43,0.034429189350
state_house_2022,COLLETON - WILLIAMS,90,0.000000152280
state_house_2022,COLLETON - WILLIAMS,97,0.999999832885
state_house_2022,COLLETON - WILLIAMS,122,0.000000014835
state_house_2022,ANDERSON - WILLIAMSTON,9,0.998680900203
state_house_2022,ANDERSON - WILLIAMSTON,28,0.001319099797
state_house_2022,ANDERSON - WILLIAMSTON MILL,7,0.000318689014
state_house_2022,ANDERSON - WILLIAMSTON MILL,9,0.999681310986
state_house_2022,MCCORMICK - WILLINGTON,12,1.000000000000
state_house_2022,BARNWELL - WILLISTON 1,86,0.000004863604
state_house_2022,BARNWELL - WILLISTON 1,91,0.999995136396
state_house_2022,BARNWELL - WILLISTON 2,91,1.000000000000
state_house_2022,BARNWELL - WILLISTON 3,86,0.000009131949
state_house_2022,BARNWELL - WILLISTON 3,91,0.999990868051
state_house_2022,SPARTANBURG - WILLOW CREEK,35,1.000000000000
state_house_2022,SUMTER - WILSON HALL,67,1.000000000000
state_house_2022,YORK - WINDJAMMER,66,1.000000000000
state_house_2022,DORCHESTER - WINDSOR,98,0.190729622641
state_house_2022,DORCHESTER - WINDSOR,109,0.809270370995
state_house_2022,DORCHESTER - WINDSOR,113,0.000000006364
state_house_2022,DORCHESTER - WINDSOR 2,109,1.000000000000
state_house_2022,HORRY - WINDY HILL 1,56,1.000000000000
state_house_2022,HORRY - WINDY HILL 2,56,0.999999774201
state_house_2022,HORRY - WINDY HILL 2,104,0.000000225799
state_house_2022,FAIRFIELD - WINNSBORO MILLS,41,1.000000000000
state_house_2022,FAIRFIELD - WINNSBORO NO. 1,41,1.000000000000
state_house_2022,FAIRFIELD - WINNSBORO NO. 2,41,1.000000000000
state_house_2022,GEORGETOWN - WINYAH BAY,108,1.000000000000
state_house_2022,COLLETON - WOLFE CREEK,97,0.997435605300
state_house_2022,COLLETON - WOLFE CREEK,121,0.002564394700
state_house_2022,CHEROKEE - WOODS,30,1.000000000000
state_house_2022,RICHLAND - WOODFIELD,76,0.643188200700
state_house_2022,RICHLAND - WOODFIELD,78,0.356811799300
state_house_2022,SPARTANBURG - WOODLAND HEIGHTS RECREATION CENTER,31,0.999630604089
state_house_2022,SPARTANBURG - WOODLAND HEIGHTS RECREATION CENTER,33,0.000369395911
state_house_2022,LEXINGTON - WOODLAND HILLS,69,0.999999119731
state_house_2022,LEXINGTON - WOODLAND HILLS,72,0.000000880269
state_house_2022,RICHLAND - WOODLANDS,75,1.000000000000
state_house_2022,GREENVILLE - WOODMONT,25,0.829695029374
state_house_2022,GREENVILLE - WOODMONT,28,0.170304970626
state_house_2022,LEE - WOODROW,50,1.000000000000
state_house_2022,GREENVILLE - WOODRUFF LAKES,24,0.000225972033
state_house_2022,GREENVILLE - WOODRUFF LAKES,27,0.001195365472
state_house_2022,GREENVILLE - WOODRUFF LAKES,35,0.998578662495
state_house_2022,SPARTANBURG - WOODRUFF LEISURE CENTER,35,1.000000000000
state_house_2022,ALLENDALE - WOODS,91,1.000000000000
state_house_2022,PICKENS - WOODSIDE,5,1.000000000000
state_house_2022,FAIRFIELD - WOODWARD,41,1.000000000000
state_house_2022,ANDERSON - WRIGHTS SCHOOL,7,0.999925752814
state_house_2022,ANDERSON - WRIGHTS SCHOOL,11,0.000074247186
state_house_2022,YORK - WYLIE,48,1.000000000000
state_house_2022,BERKELEY - YEAMANS CLUB,99,0.995982925965
state_house_2022,BERKELEY - YEAMANS CLUB,113,0.004017074035
state_house_2022,BERKELEY - YELLOW HOUSE,99,0.439661010932
state_house_2022,BERKELEY - YELLOW HOUSE,103,0.559704382151
state_house_2022,BERKELEY - YELLOW HOUSE,113,0.000634606918
state_house_2022,HAMPTON - YEMASSEE,122,1.000000000000
state_house_2022,YORK - YORK NO. 1,29,0.613117000844
state_house_2022,YORK - YORK NO. 1,47,0.155762771770
state_house_2022,YORK - YORK NO. 1,49,0.231120227387
state_house_2022,YORK - YORK NO. 2,47,0.434950984670
state_house_2022,YORK - YORK NO. 2,49,0.565049015330
state_house_2022,MARION - ZION,55,0.000075284901
state_house_2022,MARION - ZION,57,0.999924715099
state_house_2022,PICKENS - ZION,5,0.998778054036
state_house_2022,PICKENS - ZION,6,0.001221945962
state_house_2022,PICKENS - ZION,10,0.000000000002
state_house_2022,AIKEN - N. AUGUSTA NO. 55,83,1.000000000000
state_house_2022,AIKEN - SIX POINTS NO. 35,82,1.000000000000
state_house_2022,AIKEN - VAUCLUSE,82,0.311607667297
state_house_2022,AIKEN - VAUCLUSE,84,0.688392332703
state_house_2022,AIKEN - AIKEN NO. 2,81,0.311072684980
state_house_2022,AIKEN - AIKEN NO. 2,82,0.688927315020
state_house_2022,AIKEN - SIX POINTS NO. 46,82,1.000000000000
state_house_2022,AIKEN - AIKEN NO. 5,81,0.526170803085
state_house_2022,AIKEN - AIKEN NO. 5,82,0.473829196915
state_house_2022,AIKEN - HOLLOW CREEK,81,1.000000000000
state_house_2022,AIKEN - SANDSTONE NO. 70,81,1.000000000000
state_house_2022,AIKEN - AIKEN NO. 4,82,1.000000000000
state_house_2022,AIKEN - COUCHTON,86,1.000000000000
state_house_2022,AIKEN - GEM LAKES NO. 60,81,1.000000000000
state_house_2022,AIKEN - SOUTH AIKEN NO. 75,81,1.000000000000
state_house_2022,AIKEN - HITCHCOCK NO. 66,81,1.000000000000
state_house_2022,AIKEN - LEVELS NO. 72,81,0.667491222494
state_house_2022,AIKEN - LEVELS NO. 72,82,0.332508777506
state_house_2022,AIKEN - WARD,86,1.000000000000
state_house_2022,AIKEN - SHAWS FORK,86,1.000000000000
state_house_2022,AIKEN - BEECH ISLAND,84,1.000000000000
state_house_2022,AIKEN - JACKSON,84,1.000000000000
state_house_2022,AIKEN - PINE FOREST,81,0.195985173759
state_house_2022,AIKEN - PINE FOREST,84,0.804014826241
state_house_2022,AIKEN - CAROLINA HEIGHTS,83,0.535525112465
state_house_2022,AIKEN - CAROLINA HEIGHTS,84,0.464474887535
state_house_2022,AIKEN - WHITE POND,86,1.000000000000
state_house_2022,AIKEN - MONTMORENCI NO. 78,86,1.000000000000
state_house_2022,AIKEN - TALATHA,81,0.207412811096
state_house_2022,AIKEN - TALATHA,86,0.792587188904
state_house_2022,AIKEN - SLEEPY HOLLOW NO. 65,81,1.000000000000
state_house_2022,AIKEN - NEW HOLLAND,86,1.000000000000
state_house_2022,AIKEN - MONETTA,86,1.000000000000
state_house_2022,AIKEN - TABERNACLE,86,1.000000000000
state_house_2022,AIKEN - PERRY,86,1.000000000000
state_house_2022,AIKEN - MISTY LAKES,84,1.000000000000
state_house_2022,AIKEN - MIDLAND VALLEY NO. 71,84,1.000000000000
state_house_2022,AIKEN - N. AUGUSTA NO. 80,83,1.000000000000
state_house_2022,AIKEN - N. AUGUSTA NO. 29,83,1.000000000000
state_house_2022,AIKEN - BELVEDERE NO. 74,83,1.000000000000
state_house_2022,AIKEN - BELVEDERE NO. 9,83,1.000000000000
state_house_2022,AIKEN - N. AUGUSTA NO. 25,83,1.000000000000
state_house_2022,AIKEN - FOX CREEK NO. 73,83,1.000000000000
state_house_2022,AIKEN - N. AUGUSTA NO. 54,83,1.000000000000
state_house_2022,AIKEN - BELVEDERE NO. 44,83,0.062747625266
state_house_2022,AIKEN - BELVEDERE NO. 44,84,0.937252374734
state_house_2022,AIKEN - N. AUGUSTA NO. 26,83,1.000000000000
state_house_2022,AIKEN - CLEARWATER,84,1.000000000000
state_house_2022,AIKEN - WILLOW SPRINGS,84,1.000000000000
state_house_2022,AIKEN - GLOVERVILLE,84,1.000000000000
state_house_2022,AIKEN - LANGLEY,84,1.000000000000
state_house_2022,AIKEN - LYNWOOD,84,1.000000000000
state_house_2022,AIKEN - FOX CREEK NO. 58,83,1.000000000000
state_house_2022,AIKEN - N. AUGUSTA NO. 68,83,1.000000000000
state_house_2022,AIKEN - ASCAUGA LAKE NO. 84,84,1.000000000000
state_house_2022,AIKEN - ASCAUGA LAKE,84,1.000000000000
state_house_2022,AIKEN - GRANITEVILLE,82,0.819531366727
state_house_2022,AIKEN - GRANITEVILLE,84,0.180468633273
state_house_2022,AIKEN - EUREKA,82,0.555845573217
state_house_2022,AIKEN - EUREKA,86,0.444154426783
state_house_2022,AIKEN - CHINA SPRINGS,82,1.000000000000
state_house_2022,AIKEN - WARRENVILLE,81,0.797996662968
state_house_2022,AIKEN - WARRENVILLE,84,0.202003337032
state_house_2022,AIKEN - AIKEN NO. 1,81,1.000000000000
state_house_2022,AIKEN - AIKEN NO. 47,81,1.000000000000
state_house_2022,AIKEN - AIKEN NO. 3,82,1.000000000000
state_house_2022,AIKEN - MILLBROOK,81,1.000000000000
state_house_2022,AIKEN - LEVELS NO. 83,81,1.000000000000
state_house_2022,AIKEN - GEM LAKES NO. 77,81,1.000000000000
state_house_2022,AIKEN - REDDS BRANCH,82,0.184595540363
state_house_2022,AIKEN - REDDS BRANCH,86,0.815404459637
state_house_2022,AIKEN - COLLEGE ACRES,81,1.000000000000
state_house_2022,AIKEN - AIKEN NO. 6,81,1.000000000000
state_house_2022,AIKEN - MONTMORENCI NO. 22,81,1.000000000000
state_house_2022,AIKEN - ANDERSON POND NO. 69,81,1.000000000000
state_house_2022,AIKEN - LEVELS NO. 52,81,1.000000000000
state_house_2022,AIKEN - SANDSTONE NO. 79,81,1.000000000000
state_house_2022,AIKEN - SHILOH,86,1.000000000000
state_house_2022,AIKEN - HAMMOND NO. 81,84,1.000000000000
state_house_2022,AIKEN - SILVER BLUFF,81,0.272804108966
state_house_2022,AIKEN - SILVER BLUFF,86,0.727195891034
state_house_2022,AIKEN - HAMMOND,84,1.000000000000
state_house_2022,AIKEN - WINDSOR,86,1.000000000000
state_house_2022,AIKEN - WINDSOR NO. 82,86,1.000000000000
state_house_2022,AIKEN - BATH,84,1.000000000000
state_house_2022,AIKEN - CEDAR CREEK NO. 64,86,1.000000000000
state_house_2022,AIKEN - OAK GROVE,86,1.000000000000
state_house_2022,AIKEN - NEW ELLENTON,86,1.000000000000
state_house_2022,AIKEN - N. AUGUSTA NO. 27,83,1.000000000000
state_house_2022,AIKEN - SALLEY,86,1.000000000000
state_house_2022,AIKEN - WAGENER,86,1.000000000000
state_house_2022,AIKEN - BELVEDERE NO. 62,83,1.000000000000
state_house_2022,AIKEN - N. AUGUSTA NO. 28,83,1.000000000000
state_house_2022,AIKEN - N. AUGUSTA NO. 67,83,1.000000000000
state_house_2022,AIKEN - SOUTH AIKEN NO. 76,81,1.000000000000
state_house_2022,AIKEN - MIDLAND VALLEY NO. 51,84,1.000000000000
state_house_2022,AIKEN - BREEZY HILL,84,1.000000000000
state_house_2022,AIKEN - SOUTH CREEK NO. 89,81,1.000000000000
state_house_2022,AIKEN - MIDLANDS NO. 88,84,1.000000000000
state_house_2022,AIKEN - COMMUNITY NO. 86,84,1.000000000000
state_house_2022,AIKEN - BREEZY NO. 87,84,1.000000000000
state_house_2022,AIKEN - CREEK NO. 85,83,1.000000000000
state_house_2022,OCONEE - WALHALLA 2,1,1.000000000000
state_house_2022,OCONEE - LONG CREE,1,1.000000000000
state_house_2022,OCONEE - WESTMINSTER 2,1,1.000000000000
state_house_2022,OCONEE - MOUNTAIN REST,1,1.000000000000
state_house_2022,OCONEE - WALHALLA 1,1,1.000000000000
state_house_2022,OCONEE - WESTMINSTER 1,1,1.000000000000
state_house_2022,OCONEE - OAKWAY,2,1.000000000000
state_house_2022,OCONEE - TOKEENA-PROVIDENCE,2,1.000000000000
state_house_2022,OCONEE - SOUTH UNION,2,1.000000000000
state_house_2022,OCONEE - RETURN,2,1.000000000000
state_house_2022,OCONEE - FAIR PLAY,2,1.000000000000
state_house_2022,OCONEE - EARLES GROVE,2,1.000000000000
state_house_2022,OCONEE - RICHLAND,1,1.000000000000
state_house_2022,OCONEE - SALEM,1,1.000000000000
state_house_2022,OCONEE - KEOWEE,1,1.000000000000
state_house_2022,OCONEE - WEST UNION,1,1.000000000000
state_house_2022,OCONEE - NEW HOPE,2,1.000000000000
state_house_2022,OCONEE - STAMP CREEK,1,1.000000000000
state_house_2022,OCONEE - BOUNTYLAND,2,1.000000000000
state_house_2022,OCONEE - SENECA 1,2,1.000000000000
state_house_2022,OCONEE - FRIENDSHIP,2,1.000000000000
state_house_2022,OCONEE - SHILOH,2,1.000000000000
state_house_2022,OCONEE - RAVENEL,2,0.999999965246
state_house_2022,OCONEE - RAVENEL,3,0.000000034754
state_house_2022,OCONEE - SENECA 2,2,1.000000000000
state_house_2022,OCONEE - SENECA 4,2,1.000000000000
state_house_2022,OCONEE - NEWRY-CORINTH,2,1.000000000000
state_house_2022,OCONEE - SENECA 3,2,1.000000000000
state_house_2022,OCONEE - UTICA,2,1.000000000000
state_house_2022,OCONEE - TAMASSEE,1,1.000000000000
state_house_2022,OCONEE - MADISON,1,1.000000000000
state_house_2022,OCONEE - HOLLY SPRINGS,1,1.000000000000
state_house_2022,LAURENS - CLINTON MILL,14,0.506398289265
state_house_2022,LAURENS - CLINTON MILL,42,0.493601710735
state_house_2022,LAURENS - CLINTON 1,14,0.000000080054
state_house_2022,LAURENS - CLINTON 1,42,0.999999919946
state_house_2022,LAURENS - CLINTON 2,42,1.000000000000
state_house_2022,LAURENS - LYDIA MILL,14,0.889238517687
state_house_2022,LAURENS - LYDIA MILL,42,0.110761482313
state_house_2022,LAURENS - JOANNA,42,1.000000000000
state_house_2022,LAURENS - LONG BRANCH,14,0.784878009200
state_house_2022,LAURENS - LONG BRANCH,42,0.215121990800
state_house_2022,LAURENS - CLINTON 3,14,0.799319757433
state_house_2022,LAURENS - CLINTON 3,42,0.200680242567
state_house_2022,LAURENS - BAILEY,14,1.000000000000
state_house_2022,LAURENS - MOUNTVILLE,14,1.000000000000
state_house_2022,LAURENS - CROSS HILL,14,1.000000000000
state_house_2022,LAURENS - WATERLOO,14,1.000000000000
state_house_2022,LAURENS - COOKS,16,1.000000000000
state_house_2022,LAURENS - JONES,14,0.306952195151
state_house_2022,LAURENS - JONES,16,0.693047804849
state_house_2022,LAURENS - GRAY COURT,14,0.804185246244
state_house_2022,LAURENS - GRAY COURT,16,0.195814753756
state_house_2022,LAURENS - EKOM,14,1.000000000000
state_house_2022,LAURENS - BARKSDALE-NARINE,14,1.000000000000
state_house_2022,LAURENS - ORA-LANFORD,14,1.000000000000
state_house_2022,LAURENS - GREENPOND,14,1.000000000000
state_house_2022,LAURENS - WATTSVILLE,14,1.000000000000
state_house_2022,LAURENS - LAURENS 6,14,1.000000000000
state_house_2022,LAURENS - MARTINS-POPLAR SPRINGS,11,1.000000000000
state_house_2022,LAURENS - MOUNT OLIVE,13,1.000000000000
state_house_2022,LAURENS - LAURENS 4,14,1.000000000000
state_house_2022,LAURENS - LAURENS 3,14,1.000000000000
state_house_2022,LAURENS - MADDENS,14,1.000000000000
state_house_2022,LAURENS - HICKORY TAVERN,14,1.000000000000
state_house_2022,LAURENS - BREWERTON - PRINCETON,11,1.000000000000
state_house_2022,LAURENS - LAURENS 2,14,1.000000000000
state_house_2022,LAURENS - TRINITY RIDGE,14,1.000000000000
state_house_2022,LAURENS - LAURENS 5,14,1.000000000000
state_house_2022,LAURENS - LAURENS 1,14,1.000000000000
state_house_2022,LAURENS - YOUNGS,16,1.000000000000
state_house_2022,BEAUFORT - BEAUFORT 1,121,0.659884490435
state_house_2022,BEAUFORT - BEAUFORT 1,124,0.340115509565
state_house_2022,BEAUFORT - BEAUFORT 2,121,0.294858225905
state_house_2022,BEAUFORT - BEAUFORT 2,124,0.705141774095
state_house_2022,BEAUFORT - BEAUFORT 3,124,1.000000000000
state_house_2022,BEAUFORT - BELFAIR 1,120,1.000000000000
state_house_2022,BEAUFORT - BELFAIR 2,120,1.000000000000
state_house_2022,BEAUFORT - BLUFFTON 1A,118,1.000000000000
state_house_2022,BEAUFORT - BLUFFTON 1B,120,1.000000000000
state_house_2022,BEAUFORT - BLUFFTON 1C,120,1.000000000000
state_house_2022,BEAUFORT - BLUFFTON 1D,118,0.189488830813
state_house_2022,BEAUFORT - BLUFFTON 1D,120,0.810511169187
state_house_2022,BEAUFORT - BLUFFTON 2A,120,1.000000000000
state_house_2022,BEAUFORT - BLUFFTON 2B,118,1.000000000000
state_house_2022,BEAUFORT - BLUFFTON 2F,118,1.000000000000
state_house_2022,BEAUFORT - BLUFFTON 2D,118,1.000000000000
state_house_2022,BEAUFORT - BLUFFTON 2E,118,0.388782358095
state_house_2022,BEAUFORT - BLUFFTON 2E,120,0.611217641905
state_house_2022,BEAUFORT - BLUFFTON 3,120,1.000000000000
state_house_2022,BEAUFORT - BLUFFTON 4B,118,0.000326252669
state_house_2022,BEAUFORT - BLUFFTON 4B,120,0.999673747331
state_house_2022,BEAUFORT - BLUFFTON 4C,118,1.000000000000
state_house_2022,BEAUFORT - BLUFFTON 4D,118,1.000000000000
state_house_2022,BEAUFORT - BLUFFTON 4E,118,0.542644955837
state_house_2022,BEAUFORT - BLUFFTON 4E,120,0.457355044163
state_house_2022,BEAUFORT - BLUFFTON 5A,120,1.000000000000
state_house_2022,BEAUFORT - BLUFFTON 5B,120,1.000000000000
state_house_2022,BEAUFORT - BLUFFTON 5C,118,1.000000000000
state_house_2022,BEAUFORT - BLUFFTON 5D,120,1.000000000000
state_house_2022,BEAUFORT - BLUFFTON 5E,118,0.928007426548
state_house_2022,BEAUFORT - BLUFFTON 5E,120,0.071992573452
state_house_2022,BEAUFORT - BLUFFTON 6A,120,1.000000000000
state_house_2022,BEAUFORT - BLUFFTON 6B,118,1.000000000000
state_house_2022,BEAUFORT - BLUFFTON 7B,118,0.999999998949
state_house_2022,BEAUFORT - BLUFFTON 7B,123,0.000000001051
state_house_2022,BEAUFORT - BUCKWALTER 1,118,1.000000000000
state_house_2022,BEAUFORT - BUCKWALTER 2,118,1.000000000000
state_house_2022,BEAUFORT - BURTON 1A,120,1.000000000000
state_house_2022,BEAUFORT - BURTON 1B,121,1.000000000000
state_house_2022,BEAUFORT - BURTON 1C,120,1.000000000000
state_house_2022,BEAUFORT - BURTON 1D,120,0.240983339306
state_house_2022,BEAUFORT - BURTON 1D,121,0.759016660694
state_house_2022,BEAUFORT - BURTON 2A,124,1.000000000000
state_house_2022,BEAUFORT - BURTON 2B,124,1.000000000000
state_house_2022,BEAUFORT - BURTON 2C,121,0.000000001768
state_house_2022,BEAUFORT - BURTON 2C,124,0.999999998232
state_house_2022,BEAUFORT - BURTON 2D,124,1.000000000000
state_house_2022,BEAUFORT - BURTON 3A,120,0.573464618493
state_house_2022,BEAUFORT - BURTON 3A,121,0.426535381507
state_house_2022,BEAUFORT - BURTON 3B,121,0.993071118651
state_house_2022,BEAUFORT - BURTON 3B,124,0.006928881349
state_house_2022,BEAUFORT - BURTON 4,120,0.458277587945
state_house_2022,BEAUFORT - BURTON 4,121,0.541722412055
state_house_2022,BEAUFORT - BURTON 5A,121,0.000211183410
state_house_2022,BEAUFORT - BURTON 5A,124,0.999788816590
state_house_2022,BEAUFORT - BURTON 5B,120,0.090545504408
state_house_2022,BEAUFORT - BURTON 5B,121,0.425543560428
state_house_2022,BEAUFORT - BURTON 5B,124,0.483910935163
state_house_2022,BEAUFORT - CHECHESSEE 1,120,1.000000000000
state_house_2022,BEAUFORT - CHECHESSEE 2,120,1.000000000000
state_house_2022,BEAUFORT - CHECHESSEE 3,120,1.000000000000
state_house_2022,BEAUFORT - DALE LOBECO,121,1.000000000000
state_house_2022,BEAUFORT - DAUFUSKIE,123,1.000000000000
state_house_2022,BEAUFORT - HILTON HEAD 10,123,1.000000000000
state_house_2022,BEAUFORT - HILTON HEAD 11,123,1.000000000000
state_house_2022,BEAUFORT - HILTON HEAD 12,123,1.000000000000
state_house_2022,BEAUFORT - HILTON HEAD 13,123,1.000000000000
state_house_2022,BEAUFORT - HILTON HEAD 14,123,1.000000000000
state_house_2022,BEAUFORT - HILTON HEAD 15A,123,1.000000000000
state_house_2022,BEAUFORT - HILTON HEAD 15B,123,1.000000000000
state_house_2022,BEAUFORT - HILTON HEAD 1A,123,1.000000000000
state_house_2022,BEAUFORT - HILTON HEAD 1B,120,0.746186959556
state_house_2022,BEAUFORT - HILTON HEAD 1B,123,0.253813040444
state_house_2022,BEAUFORT - HILTON HEAD 2A,123,1.000000000000
state_house_2022,BEAUFORT - HILTON HEAD 2B,121,0.042911663203
state_house_2022,BEAUFORT - HILTON HEAD 2B,123,0.957088336797
state_house_2022,BEAUFORT - HILTON HEAD 2C,123,1.000000000000
state_house_2022,BEAUFORT - HILTON HEAD 2D,123,1.000000000000
state_house_2022,BEAUFORT - HILTON HEAD 2E,123,1.000000000000
state_house_2022,BEAUFORT - HILTON HEAD 3,123,1.000000000000
state_house_2022,BEAUFORT - HILTON HEAD 4A,123,1.000000000000
state_house_2022,BEAUFORT - HILTON HEAD 4B,120,0.195050137102
state_house_2022,BEAUFORT - HILTON HEAD 4B,123,0.804949862898
state_house_2022,BEAUFORT - HILTON HEAD 4C,123,1.000000000000
state_house_2022,BEAUFORT - HILTON HEAD 4D,123,1.000000000000
state_house_2022,BEAUFORT - HILTON HEAD 5A,123,1.000000000000
state_house_2022,BEAUFORT - HILTON HEAD 5B,123,1.000000000000
state_house_2022,BEAUFORT - HILTON HEAD 5C,123,1.000000000000
state_house_2022,BEAUFORT - HILTON HEAD 6,123,1.000000000000
state_house_2022,BEAUFORT - HILTON HEAD 7A,123,1.000000000000
state_house_2022,BEAUFORT - HILTON HEAD 7B,123,1.000000000000
state_house_2022,BEAUFORT - HILTON HEAD 7C,123,1.000000000000
state_house_2022,BEAUFORT - HILTON HEAD 8,123,1.000000000000
state_house_2022,BEAUFORT - HILTON HEAD 9A,123,1.000000000000
state_house_2022,BEAUFORT - HILTON HEAD 9B,123,1.000000000000
state_house_2022,BEAUFORT - HILTON HEAD 9C,123,1.000000000000
state_house_2022,BEAUFORT - HILTON HEAD 9D,123,1.000000000000
state_house_2022,BEAUFORT - LADYS ISLAND 1A,124,1.000000000000
state_house_2022,BEAUFORT - LADYS ISLAND 1B,124,1.000000000000
state_house_2022,BEAUFORT - LADYS ISLAND 2A,124,1.000000000000
state_house_2022,BEAUFORT - LADYS ISLAND 2B,124,1.000000000000
state_house_2022,BEAUFORT - LADYS ISLAND 2C,124,1.000000000000
state_house_2022,BEAUFORT - LADYS ISLAND 3A,124,1.000000000000
state_house_2022,BEAUFORT - LADYS ISLAND 3B,124,1.000000000000
state_house_2022,BEAUFORT - LADYS ISLAND 3C,124,1.000000000000
state_house_2022,BEAUFORT - LADYS ISLAND 4A,124,1.000000000000
state_house_2022,BEAUFORT - LADYS ISLAND 4B,124,1.000000000000
state_house_2022,BEAUFORT - LADYS ISLAND 4C,124,1.000000000000
state_house_2022,BEAUFORT - MOSS CREEK 2,120,1.000000000000
state_house_2022,BEAUFORT - MOSSY OAKS 1A,124,1.000000000000
state_house_2022,BEAUFORT - MOSSY OAKS 1B,124,1.000000000000
state_house_2022,BEAUFORT - MOSSY OAKS 2,124,1.000000000000
state_house_2022,BEAUFORT - NEW RIVER 1,118,1.000000000000
state_house_2022,BEAUFORT - NEW RIVER 2,118,1.000000000000
state_house_2022,BEAUFORT - PALMETTO BLUFF,120,1.000000000000
state_house_2022,BEAUFORT - PORT ROYAL 1,124,1.000000000000
state_house_2022,BEAUFORT - PORT ROYAL 2,124,1.000000000000
state_house_2022,BEAUFORT - PRITCHARDVILLE 1,118,1.000000000000
state_house_2022,BEAUFORT - RIVERBEND 1,120,1.000000000000
state_house_2022,BEAUFORT - ROSE HILL 1,120,1.000000000000
state_house_2022,BEAUFORT - ROSE HILL 2,120,1.000000000000
state_house_2022,BEAUFORT - SANDY POINTE,118,1.000000000000
state_house_2022,BEAUFORT - SEABROOK 1,121,1.000000000000
state_house_2022,BEAUFORT - SEABROOK 2,121,1.000000000000
state_house_2022,BEAUFORT - SEABROOK 3,121,1.000000000000
state_house_2022,BEAUFORT - SHELDON 1,121,0.986926978085
state_house_2022,BEAUFORT - SHELDON 1,122,0.013073021915
state_house_2022,BEAUFORT - SHELDON 2,121,0.976986581002
state_house_2022,BEAUFORT - SHELDON 2,122,0.023013418998
state_house_2022,BEAUFORT - SPANISH WELLS,123,1.000000000000
state_house_2022,BEAUFORT - ST. HELENA 1A,121,0.699716564332
state_house_2022,BEAUFORT - ST. HELENA 1A,124,0.300283435668
state_house_2022,BEAUFORT - ST. HELENA 1B,121,1.000000000000
state_house_2022,BEAUFORT - ST. HELENA 1C,124,1.000000000000
state_house_2022,BEAUFORT - ST. HELENA 2A,121,0.796333906385
state_house_2022,BEAUFORT - ST. HELENA 2A,124,0.203666093615
state_house_2022,BEAUFORT - ST. HELENA 2B,121,1.000000000000
state_house_2022,BEAUFORT - ST. HELENA 2C,121,1.000000000000
state_house_2022,BEAUFORT - SUN CITY 1,118,1.000000000000
state_house_2022,BEAUFORT - SUN CITY 10,118,1.000000000000
state_house_2022,BEAUFORT - SUN CITY 2,118,1.000000000000
state_house_2022,BEAUFORT - SUN CITY 3,118,1.000000000000
state_house_2022,BEAUFORT - SUN CITY 4,118,1.000000000000
state_house_2022,BEAUFORT - SUN CITY 5,118,1.000000000000
state_house_2022,BEAUFORT - SUN CITY 6,118,1.000000000000
state_house_2022,BEAUFORT - SUN CITY 7,118,1.000000000000
state_house_2022,BEAUFORT - SUN CITY 8,118,1.000000000000
state_house_2022,BEAUFORT - SUN CITY 9,118,1.000000000000
state_house_2022,BEAUFORT - NEW RIVER 3,118,1.000000000000
state_house_2022,BEAUFORT - BLUFFTON 2C,118,1.000000000000
state_house_2022,BEAUFORT - BLUFFTON 7A,118,0.999999944913
state_house_2022,BEAUFORT - BLUFFTON 7A,123,0.000000055087
state_house_2022,BEAUFORT - MOSS CREEK 1,120,1.000000000000
state_house_2022,BEAUFORT - LADYS ISLAND 2D,124,1.000000000000
state_house_2022,BEAUFORT - BLUFFTON 4F,120,1.000000000000
state_house_2022,BEAUFORT - RIVERBEND 2,120,1.000000000000
state_house_2022,BEAUFORT - ST. HELENA 1D,124,1.000000000000
state_house_2022,BEAUFORT - BLUFFTON 4A,118,0.339621896949
state_house_2022,BEAUFORT - BLUFFTON 4A,120,0.660378103051
state_house_2022,CLARENDON - ALCOLU,64,1.000000000000
state_house_2022,CLARENDON - BARRINEAU,60,0.000000418230
state_house_2022,CLARENDON - BARRINEAU,64,0.999999529738
state_house_2022,CLARENDON - BARRINEAU,101,0.000000052032
state_house_2022,CLARENDON - BARROWS MILL,64,1.000000000000
state_house_2022,CLARENDON - BLOOMVILLE,64,1.000000000000
state_house_2022,CLARENDON - CALVARY,64,1.000000000000
state_house_2022,CLARENDON - DAVIS STATION,64,1.000000000000
state_house_2022,CLARENDON - HARMONY,64,1.000000000000
state_house_2022,CLARENDON - HICKS,60,0.000000246857
state_house_2022,CLARENDON - HICKS,64,0.999999753143
state_house_2022,CLARENDON - HOME BRANCH,64,1.000000000000
state_house_2022,CLARENDON - JORDAN,64,1.000000000000
state_house_2022,CLARENDON - MANNING NO. 1,64,1.000000000000
state_house_2022,CLARENDON - MANNING NO. 2,64,1.000000000000
state_house_2022,CLARENDON - MANNING NO. 3,64,1.000000000000
state_house_2022,CLARENDON - MANNING NO. 4,64,1.000000000000
state_house_2022,CLARENDON - MANNING NO. 5,64,1.000000000000
state_house_2022,CLARENDON - NEW ZION,50,0.000000000023
state_house_2022,CLARENDON - NEW ZION,64,0.999999999977
state_house_2022,CLARENDON - OAKDALE,64,1.000000000000
state_house_2022,CLARENDON - PANOLA,64,1.000000000000
state_house_2022,CLARENDON - PAXVILLE,64,1.000000000000
state_house_2022,CLARENDON - SARDINIA-GABLE,64,1.000000000000
state_house_2022,CLARENDON - SUMMERTON NO. 2,64,1.000000000000
state_house_2022,CLARENDON - SUMMERTON NO. 3,64,1.000000000000
state_house_2022,CLARENDON - TURBEVILLE,50,0.000000041330
state_house_2022,CLARENDON - TURBEVILLE,64,0.999999958670
state_house_2022,CLARENDON - WILSON-FORESTON,64,0.999999246213
state_house_2022,CLARENDON - WILSON-FORESTON,101,0.000000753787
state_house_2022,CLARENDON - SUMMERTON NO. 1,64,1.000000000000
state_house_2022,CLARENDON - SUMMERTON NO. 4,64,1.000000000000
state_house_2022,LANCASTER - 521 NORTH,45,1.000000000000
state_house_2022,LANCASTER - ANTIOCH,53,1.000000000000
state_house_2022,LANCASTER - BLACK HORSE RUN,44,1.000000000000
state_house_2022,LANCASTER - BUFORD,53,1.000000000000
state_house_2022,LANCASTER - CAMP CREEK,53,1.000000000000
state_house_2022,LANCASTER - CHESTERFIELD AVE,45,1.000000000000
state_house_2022,LANCASTER - COLLEGE PARK,45,1.000000000000
state_house_2022,LANCASTER - DOUGLAS,45,1.000000000000
state_house_2022,LANCASTER - ELGIN,45,0.999998675113
state_house_2022,LANCASTER - ELGIN,53,0.000001324887
state_house_2022,LANCASTER - ERWIN FARM,45,1.000000000000
state_house_2022,LANCASTER - FLAT CREEK,65,1.000000000000
state_house_2022,LANCASTER - GOLD HILL,43,0.000000008578
state_house_2022,LANCASTER - GOLD HILL,44,0.999999991422
state_house_2022,LANCASTER - HARRISBURG,44,1.000000000000
state_house_2022,LANCASTER - HYDE PARK,45,0.000000013926
state_house_2022,LANCASTER - HYDE PARK,53,0.999999986074
state_house_2022,LANCASTER - JIM WILSON,44,1.000000000000
state_house_2022,LANCASTER - KERSHAW,65,1.000000000000
state_house_2022,LANCASTER - SUN CITY-CAROLINA LAKES,44,1.000000000000
state_house_2022,LANCASTER - MCLLWAIN,45,1.000000000000
state_house_2022,LANCASTER - OSCEOLA,44,1.000000000000
state_house_2022,LANCASTER - PLEASANT HILL,45,1.000000000000
state_house_2022,LANCASTER - PLEASANT VALLEY,44,1.000000000000
state_house_2022,LANCASTER - POSSUM HOLLOW,44,1.000000000000
state_house_2022,LANCASTER - RICH HILL,45,0.252165341084
state_house_2022,LANCASTER - RICH HILL,65,0.747834658916
state_house_2022,LANCASTER - RIVER ROAD,44,1.000000000000
state_house_2022,LANCASTER - RIVERSIDE,45,1.000000000000
state_house_2022,LANCASTER - SIX MILE CREEK,44,1.000000000000
state_house_2022,LANCASTER - SPRINGDALE,45,1.000000000000
state_house_2022,LANCASTER - TRADESVILLE,53,1.000000000000
state_house_2022,LANCASTER - UNITY,45,0.324395352481
state_house_2022,LANCASTER - UNITY,53,0.675604647519
state_house_2022,LANCASTER - VAN WYCK,44,0.301148679157
state_house_2022,LANCASTER - VAN WYCK,45,0.698851320843
state_house_2022,LANCASTER - HEATH SPRINGS,45,1.000000000000
state_house_2024,ABBEVILLE - ABBEVILLE NO. 1,11,1.000000000000
state_house_2024,ABBEVILLE - ABBEVILLE NO. 2,11,0.996481456332
state_house_2024,ABBEVILLE - ABBEVILLE NO. 2,12,0.003518543668
state_house_2024,ABBEVILLE - ABBEVILLE NO. 3,11,0.999994727595
state_house_2024,ABBEVILLE - ABBEVILLE NO. 3,12,0.000005272405
state_house_2024,ABBEVILLE - ABBEVILLE NO. 4,11,1.000000000000
state_house_2024,PICKENS - ABEL,3,1.000000000000
state_house_2024,SPARTANBURG - ABNER CREEK BAPTIST,34,0.154558038850
state_house_2024,SPARTANBURG - ABNER CREEK BAPTIST,35,0.845441688922
state_house_2024,SPARTANBURG - ABNER CREEK BAPTIST,36,0.000000272228
state_house_2024,UNION - ADAMSBURG,42,1.000000000000
state_house_2024,MARLBORO - ADAMSVILLE,54,1.000000000000
state_house_2024,YORK - ADNAH,46,0.999999797807
state_house_2024,YORK - ADNAH,47,0.000000202193
state_house_2024,HORRY - ADRIAN,58,0.335673681415
state_house_2024,HORRY - ADRIAN,105,0.664326318585
state_house_2024,GREENVILLE - AIKEN,5,0.000379426020
state_house_2024,GREENVILLE - AIKEN,10,0.132678846697
state_house_2024,GREENVILLE - AIKEN,19,0.306446434969
state_house_2024,GREENVILLE - AIKEN,23,0.560495292314
state_house_2024,GREENWOOD - AIRPORT,12,0.000000453201
state_house_2024,GREENWOOD - AIRPORT,13,0.999999546799
state_house_2024,KERSHAW - AIRPORT,50,0.074106635547
state_house_2024,KERSHAW - AIRPORT,70,0.925893364453
state_house_2024,SPARTANBURG - AIRPORT,31,0.825072178905
state_house_2024,SPARTANBURG - AIRPORT,33,0.174927821095
state_house_2024,YORK - AIRPORT,46,1.000000000000
state_house_2024,PICKENS - ALBERT R. LEWIS,1,0.474095173624
state_house_2024,PICKENS - ALBERT R. LEWIS,4,0.525904826376
state_house_2024,ALLENDALE - ALLENDALE NO. 1,91,1.000000000000
state_house_2024,ALLENDALE - ALLENDALE NO. 2,91,1.000000000000
state_house_2024,CHEROKEE - ALLENS,29,1.000000000000
state_house_2024,GREENWOOD - ALLIES CROSSING,13,0.999999994766
state_house_2024,GREENWOOD - ALLIES CROSSING,40,0.000000005234
state_house_2024,YORK - ALLISON CREEK,47,0.576458868958
state_house_2024,YORK - ALLISON CREEK,48,0.423541131042
state_house_2024,HORRY - ALLSBROOK,57,0.256056093003
state_house_2024,HORRY - ALLSBROOK,105,0.743943906997
state_house_2024,CHEROKEE - ALMA MILL,29,0.004584698797
state_house_2024,CHEROKEE - ALMA MILL,30,0.995415301203
state_house_2024,GREENVILLE - ALTAMONT FOREST,17,0.997696971217
state_house_2024,GREENVILLE - ALTAMONT FOREST,19,0.000535302499
state_house_2024,GREENVILLE - ALTAMONT FOREST,20,0.001767726284
state_house_2024,BERKELEY - ALVIN,101,1.000000000000
state_house_2024,LEXINGTON - AMICKS FERRY,40,0.040356461303
state_house_2024,LEXINGTON - AMICKS FERRY,85,0.959643538697
state_house_2024,ANDERSON - ANDERSON 11,6,1.000000000000
state_house_2024,ANDERSON - ANDERSON 12,9,1.000000000000
state_house_2024,ANDERSON - ANDERSON 21,9,1.000000000000
state_house_2024,ANDERSON - ANDERSON 22,9,1.000000000000
state_house_2024,ANDERSON - ANDERSON 31,9,1.000000000000
state_house_2024,ANDERSON - ANDERSON 32,7,0.291685357003
state_house_2024,ANDERSON - ANDERSON 32,9,0.708314642997
state_house_2024,ANDERSON - ANDERSON 41,7,0.000014245799
state_house_2024,ANDERSON - ANDERSON 41,8,0.005501697571
state_house_2024,ANDERSON - ANDERSON 41,9,0.994484056630
state_house_2024,ANDERSON - ANDERSON 42,7,0.999984394687
state_house_2024,ANDERSON - ANDERSON 42,8,0.000000000002
state_house_2024,ANDERSON - ANDERSON 42,9,0.000015605311
state_house_2024,ANDERSON - ANDERSON 5B,8,0.999999984729
state_house_2024,ANDERSON - ANDERSON 5B,9,0.000000015271
state_house_2024,ANDERSON - ANDERSON 61,6,0.000135605553
state_house_2024,ANDERSON - ANDERSON 61,9,0.999864394447
state_house_2024,ANDERSON - ANDERSON 62,8,0.999999739288
state_house_2024,ANDERSON - ANDERSON 62,9,0.000000260712
state_house_2024,SPARTANBURG - ANDERSON MILL BAPTIST,34,1.000000000000
state_house_2024,SPARTANBURG - ANDERSON MILL ELEMENTARY,34,1.000000000000
state_house_2024,YORK - ANDERSON ROAD,43,0.202473838850
state_house_2024,YORK - ANDERSON ROAD,46,0.768559742496
state_house_2024,YORK - ANDERSON ROAD,48,0.000040332753
state_house_2024,YORK - ANDERSON ROAD,49,0.028926085901
state_house_2024,GEORGETOWN - ANDREWS,101,0.000000106818
state_house_2024,GEORGETOWN - ANDREWS,103,0.999999893182
state_house_2024,GEORGETOWN - ANDREWS OUTSIDE,101,0.000002417133
state_house_2024,GEORGETOWN - ANDREWS OUTSIDE,103,0.999997582867
state_house_2024,GREENWOOD - ANGEL OAKS CROSSING,11,0.000000013113
state_house_2024,GREENWOOD - ANGEL OAKS CROSSING,12,0.000000288486
state_house_2024,GREENWOOD - ANGEL OAKS CROSSING,13,0.999999698401
state_house_2024,CHESTERFIELD - ANGELUS-CATARRH,53,0.000277765606
state_house_2024,CHESTERFIELD - ANGELUS-CATARRH,65,0.999722234394
state_house_2024,DARLINGTON - ANTIOCH,53,0.999010251912
state_house_2024,DARLINGTON - ANTIOCH,54,0.000156061095
state_house_2024,DARLINGTON - ANTIOCH,62,0.000036253326
state_house_2024,DARLINGTON - ANTIOCH,65,0.000797433668
state_house_2024,KERSHAW - ANTIOCH,50,1.000000000000
state_house_2024,CHEROKEE - ANTIOCH AND KINGS CREEK,29,0.000000012245
state_house_2024,CHEROKEE - ANTIOCH AND KINGS CREEK,30,0.999999987755
state_house_2024,ABBEVILLE - ANTREVILLE,7,0.000014007069
state_house_2024,ABBEVILLE - ANTREVILLE,11,0.999985992931
state_house_2024,SPARTANBURG - APALACHE BAPTIST,18,0.000000453830
state_house_2024,SPARTANBURG - APALACHE BAPTIST,36,0.999999546170
state_house_2024,ANDERSON - APPLETON-EQUINOX,6,0.000000024548
state_house_2024,ANDERSON - APPLETON-EQUINOX,8,0.999999975452
state_house_2024,RICHLAND - ARCADIA,78,1.000000000000
state_house_2024,SPARTANBURG - ARCADIA ELEMENTARY,31,1.000000000000
state_house_2024,DORCHESTER - ARCHDALE,109,0.996115000809
state_house_2024,DORCHESTER - ARCHDALE,114,0.003884999191
state_house_2024,DORCHESTER - ARCHDALE 2,109,0.999516929629
state_house_2024,DORCHESTER - ARCHDALE 2,114,0.000483070371
state_house_2024,RICHLAND - ARDINCAPLE,74,1.000000000000
state_house_2024,PICKENS - ARIAL MILL,4,1.000000000000
state_house_2024,DORCHESTER - ASHBOROUGH EAST,98,1.000000000000
state_house_2024,DORCHESTER - ASHBOROUGH EAST 2,98,1.000000000000
state_house_2024,DORCHESTER - ASHBOROUGH WEST,98,1.000000000000
state_house_2024,DORCHESTER - ASHBOROUGH WEST 2,98,1.000000000000
state_house_2024,GREENVILLE - ASHETON LAKES,21,0.999635577730
state_house_2024,GREENVILLE - ASHETON LAKES,24,0.000144743312
state_house_2024,GREENVILLE - ASHETON LAKES,35,0.000219678958
state_house_2024,LEE - ASHLANDSTOKES BRIDGE,50,0.999956081796
state_house_2024,LEE - ASHLANDSTOKES BRIDGE,65,0.000043918204
state_house_2024,DORCHESTER - ASHLEY RIVER,98,0.002011790725
state_house_2024,DORCHESTER - ASHLEY RIVER,109,0.996185856433
state_house_2024,DORCHESTER - ASHLEY RIVER,114,0.001802352841
state_house_2024,GREENWOOD - ASHLEY RIVER RUN,12,0.999995783719
state_house_2024,GREENWOOD - ASHLEY RIVER RUN,13,0.000004216281
state_house_2024,COLLETON - ASHTON-LODGE,90,0.000000054291
state_house_2024,COLLETON - ASHTON-LODGE,97,0.000000014076
state_house_2024,COLLETON - ASHTON-LODGE,122,0.999999931633
state_house_2024,LEE - ASHWOOD,50,0.998548676822
state_house_2024,LEE - ASHWOOD,51,0.001451323178
state_house_2024,CHEROKEE - ASHWORTH,30,1.000000000000
state_house_2024,HORRY - ATLANTIC BEACH,56,1.000000000000
state_house_2024,DARLINGTON - AUBURN,53,0.000568240448
state_house_2024,DARLINGTON - AUBURN,62,0.999431759552
state_house_2024,GREENVILLE - AVON,20,0.999777445520
state_house_2024,GREENVILLE - AVON,22,0.000222554480
state_house_2024,CHARLESTON - AWENDAW,108,0.000000084689
state_house_2024,CHARLESTON - AWENDAW,112,0.999999915311
state_house_2024,HORRY - AYNOR,58,1.000000000000
state_house_2024,FLORENCE - BACK SWAMP,54,0.000000274337
state_house_2024,FLORENCE - BACK SWAMP,55,0.581994089400
state_house_2024,FLORENCE - BACK SWAMP,59,0.418003745941
state_house_2024,FLORENCE - BACK SWAMP,62,0.000001890321
state_house_2024,DORCHESTER - BACONS BRIDGE,94,0.000000103630
state_house_2024,DORCHESTER - BACONS BRIDGE,97,0.000000095778
state_house_2024,DORCHESTER - BACONS BRIDGE,114,0.999999800592
state_house_2024,DORCHESTER - BACONS BRIDGE 2,94,0.000000612651
state_house_2024,DORCHESTER - BACONS BRIDGE 2,114,0.999999387349
state_house_2024,GREENVILLE - BAKER CREEK,9,0.000087037642
state_house_2024,GREENVILLE - BAKER CREEK,10,0.000283217630
state_house_2024,GREENVILLE - BAKER CREEK,25,0.000000023960
state_house_2024,GREENVILLE - BAKER CREEK,28,0.999629720767
state_house_2024,CHESTER - BALDWIN MILL,41,0.597604990563
state_house_2024,CHESTER - BALDWIN MILL,43,0.402395009437
state_house_2024,RICHLAND - BALLENTINE 1,71,1.000000000000
state_house_2024,RICHLAND - BALLENTINE 2,71,1.000000000000
state_house_2024,ANDERSON - BARKERS CREEK-MCADAMS,7,0.999993815515
state_house_2024,ANDERSON - BARKERS CREEK-MCADAMS,11,0.000006184485
state_house_2024,BARNWELL - BARNWELL 1,91,1.000000000000
state_house_2024,BARNWELL - BARNWELL 2,91,1.000000000000
state_house_2024,BARNWELL - BARNWELL 3,91,1.000000000000
state_house_2024,BARNWELL - BARNWELL 4,91,1.000000000000
state_house_2024,LEXINGTON - BARR ROAD 2,87,1.000000000000
state_house_2024,LEXINGTON - BARR ROAD 1,87,1.000000000000
state_house_2024,SUMTER - BATES,51,1.000000000000
state_house_2024,LEXINGTON - BATESBURG,39,1.000000000000
state_house_2024,CHESTER - BATON ROUGE,41,0.000346295384
state_house_2024,CHESTER - BATON ROUGE,43,0.999653704616
state_house_2024,YORK - BAXTER,66,1.000000000000
state_house_2024,CHESTERFIELD - BAY SPRINGS,53,0.999941486643
state_house_2024,CHESTERFIELD - BAY SPRINGS,65,0.000058513357
state_house_2024,HORRY - BAYBORO-GURLEY,57,0.904041137364
state_house_2024,HORRY - BAYBORO-GURLEY,105,0.095958862636
state_house_2024,SPARTANBURG - BEACON,31,1.000000000000
state_house_2024,RICHLAND - BEATTY ROAD,69,0.018462554023
state_house_2024,RICHLAND - BEATTY ROAD,72,0.981534519994
state_house_2024,RICHLAND - BEATTY ROAD,73,0.000001715973
state_house_2024,RICHLAND - BEATTY ROAD,74,0.000001210010
state_house_2024,CHESTER - BECKHAMVILLE,43,0.999229116807
state_house_2024,CHESTER - BECKHAMVILLE,45,0.000770883193
state_house_2024,GREENWOOD - BEES FERRY,12,1.000000000000
state_house_2024,DORCHESTER - BEECH HILL,114,1.000000000000
state_house_2024,DORCHESTER - BEECH HILL 2,97,0.000000030099
state_house_2024,DORCHESTER - BEECH HILL 2,114,0.999999969901
state_house_2024,SPARTANBURG - BEECH SPRINGS INTERMEDIATE,34,0.000000004079
state_house_2024,SPARTANBURG - BEECH SPRINGS INTERMEDIATE,36,0.999999995921
state_house_2024,GREENVILLE - BELLE MEADE,25,1.000000000000
state_house_2024,COLLETON - BELLS,90,0.000000003457
state_house_2024,COLLETON - BELLS,97,0.999999965307
state_house_2024,COLLETON - BELLS,122,0.000000031237
state_house_2024,GREENVILLE - BELLS CROSSING,16,0.731149248486
state_house_2024,GREENVILLE - BELLS CROSSING,35,0.268850751514
state_house_2024,GREENVILLE - BELMONT,25,1.000000000000
state_house_2024,ANDERSON - BELTON,7,1.000000000000
state_house_2024,ANDERSON - BELTON ANNEX,7,1.000000000000
state_house_2024,SPARTANBURG - BEN AVON METHODIST,32,0.212041806209
state_house_2024,SPARTANBURG - BEN AVON METHODIST,33,0.787958193791
state_house_2024,GREENVILLE - BEREA,5,0.000154806143
state_house_2024,GREENVILLE - BEREA,19,0.999845193857
state_house_2024,COLLETON - BEREA-SMOAKS,90,1.000000000000
state_house_2024,DILLON - BERMUDA,55,1.000000000000
state_house_2024,NEWBERRY - BETH - EDEN,40,1.000000000000
state_house_2024,MCCORMICK - BETHANY,12,0.995358857423
state_house_2024,MCCORMICK - BETHANY,13,0.004460854161
state_house_2024,MCCORMICK - BETHANY,82,0.000180288417
state_house_2024,YORK - BETHANY,47,1.000000000000
state_house_2024,SPARTANBURG - BETHANY WESLEYAN,34,0.465016925269
state_house_2024,SPARTANBURG - BETHANY WESLEYAN,35,0.534983074731
state_house_2024,CALHOUN - BETHEL,93,1.000000000000
state_house_2024,DARLINGTON - BETHEL,62,0.002979666705
state_house_2024,DARLINGTON - BETHEL,65,0.997020333295
state_house_2024,GEORGETOWN - BETHEL,103,1.000000000000
state_house_2024,ORANGEBURG - BETHEL,95,1.000000000000
state_house_2024,YORK - BETHEL,48,1.000000000000
state_house_2024,YORK - BETHEL SCHOOL,47,1.000000000000
state_house_2024,BERKELEY - BETHERA,101,0.421775453157
state_house_2024,BERKELEY - BETHERA,103,0.578224546843
state_house_2024,KERSHAW - BETHUNE,50,0.000000003543
state_house_2024,KERSHAW - BETHUNE,65,0.999999996457
state_house_2024,LEXINGTON - BEULAH CHURCH,39,0.000000961834
state_house_2024,LEXINGTON - BEULAH CHURCH,87,0.999999038166
state_house_2024,BERKELEY - BEVERLY HILL,15,0.000000361215
state_house_2024,BERKELEY - BEVERLY HILL,92,0.999999638785
state_house_2024,GREENWOOD - BILTMORE PINES,12,0.000382913296
state_house_2024,GREENWOOD - BILTMORE PINES,13,0.999617086704
state_house_2024,SUMTER - BIRNIE,51,0.999999276662
state_house_2024,SUMTER - BIRNIE,67,0.000000723338
state_house_2024,ANDERSON - BISHOPS BRANCH,3,0.000000757836
state_house_2024,ANDERSON - BISHOPS BRANCH,6,0.999999242164
state_house_2024,LEE - BISHOPVILLE NO. 1,50,1.000000000000
state_house_2024,LEE - BISHOPVILLE NO. 2,50,1.000000000000
state_house_2024,LEE - BISHOPVILLE NO. 3,50,1.000000000000
state_house_2024,LEE - BISHOPVILLE NO. 4,50,1.000000000000
state_house_2024,CHESTERFIELD - BLACK CREEK,53,0.999619997783
state_house_2024,CHESTERFIELD - BLACK CREEK,65,0.000380002217
state_house_2024,HAMPTON - BLACK CREEK,122,1.000000000000
state_house_2024,DARLINGTON - BLACK CREEK-CLYDE,50,0.000003276070
state_house_2024,DARLINGTON - BLACK CREEK-CLYDE,53,0.000001833710
state_house_2024,DARLINGTON - BLACK CREEK-CLYDE,65,0.999994890220
state_house_2024,GEORGETOWN - BLACK RIVER,103,0.000007059515
state_house_2024,GEORGETOWN - BLACK RIVER,108,0.999992940485
state_house_2024,WILLIAMSBURG - BLACK RIVER,64,0.000000447221
state_house_2024,WILLIAMSBURG - BLACK RIVER,101,0.999999552779
state_house_2024,UNION - BLACK ROCK,42,1.000000000000
state_house_2024,CHEROKEE - BLACKSBURG WARD NO. 1,30,1.000000000000
state_house_2024,CHEROKEE - BLACKSBURG WARD NO. 2,30,1.000000000000
state_house_2024,CHESTER - BLACKSTOCK,41,0.000000042006
state_house_2024,CHESTER - BLACKSTOCK,43,0.999999957994
state_house_2024,FAIRFIELD - BLACKSTOCK,41,0.999941662687
state_house_2024,FAIRFIELD - BLACKSTOCK,43,0.000058337313
state_house_2024,SPARTANBURG - BLACKSTOCK,34,1.000000000000
state_house_2024,BARNWELL - BLACKVILLE 1,91,1.000000000000
state_house_2024,BARNWELL - BLACKVILLE 2,90,0.000000253940
state_house_2024,BARNWELL - BLACKVILLE 2,91,0.999999746060
state_house_2024,FAIRFIELD - BLAIRS,40,0.000000979650
state_house_2024,FAIRFIELD - BLAIRS,41,0.999999020350
state_house_2024,MARLBORO - BLENHEIM,54,1.000000000000
state_house_2024,WILLIAMSBURG - BLOOMINGVALE,57,0.165114710547
state_house_2024,WILLIAMSBURG - BLOOMINGVALE,101,0.834885289453
state_house_2024,RICHLAND - BLUFF,70,0.999999588169
state_house_2024,RICHLAND - BLUFF,72,0.000000411831
state_house_2024,RICHLAND - BLYTHEWOOD 1,77,1.000000000000
state_house_2024,RICHLAND - BLYTHEWOOD 2,41,0.786090423706
state_house_2024,RICHLAND - BLYTHEWOOD 2,77,0.213909576294
state_house_2024,RICHLAND - BLYTHEWOOD 3,77,1.000000000000
state_house_2024,GREENVILLE - BOILING SPRINGS,20,0.469852726548
state_house_2024,GREENVILLE - BOILING SPRINGS,21,0.000318649263
state_house_2024,GREENVILLE - BOILING SPRINGS,22,0.529828624190
state_house_2024,LEXINGTON - BOILING SPRINGS,39,0.526803965958
state_house_2024,LEXINGTON - BOILING SPRINGS,87,0.000000079629
state_house_2024,LEXINGTON - BOILING SPRINGS,96,0.473195954414
state_house_2024,SPARTANBURG - BOILING SPRINGS 9TH GRADE,37,1.000000000000
state_house_2024,SPARTANBURG - BOILING SPRINGS ELEMENTARY,37,1.000000000000
state_house_2024,SPARTANBURG - BOILING SPRINGS HIGH SCHOOL,37,0.847715866173
state_house_2024,SPARTANBURG - BOILING SPRINGS HIGH SCHOOL,38,0.152284133827
state_house_2024,LEXINGTON - BOILING SPRINGS SOUTH,96,1.000000000000
state_house_2024,ORANGEBURG - BOLENTOWN,91,1.000000000000
state_house_2024,SPARTANBURG - BOLING SPRINGS JR. HIGH,37,0.788783903472
state_house_2024,SPARTANBURG - BOLING SPRINGS JR. HIGH,38,0.211216096528
state_house_2024,UNION - BONHAM,42,1.000000000000
state_house_2024,BERKELEY - BONNEAU,100,0.703843784664
state_house_2024,BERKELEY - BONNEAU,102,0.296156215336
state_house_2024,BERKELEY - BONNEAU BEACH,100,1.000000000000
state_house_2024,HAMPTON - BONNETT,122,1.000000000000
state_house_2024,RICHLAND - BOOKMAN,76,0.000000051367
state_house_2024,RICHLAND - BOOKMAN,78,0.000419341004
state_house_2024,RICHLAND - BOOKMAN,79,0.999580607629
state_house_2024,GREENVILLE - BOTANY WOODS,20,0.146176398499
state_house_2024,GREENVILLE - BOTANY WOODS,22,0.853823601501
state_house_2024,BERKELEY - BOULDER BLUFF,92,0.999984550814
state_house_2024,BERKELEY - BOULDER BLUFF,100,0.000015449186
state_house_2024,ANDERSON - BOWLING GREEN,7,0.375706010611
state_house_2024,ANDERSON - BOWLING GREEN,9,0.624293989389
state_house_2024,YORK - BOWLING GREEN,47,0.751502026347
state_house_2024,YORK - BOWLING GREEN,48,0.248497973653
state_house_2024,ORANGEBURG - BOWMAN 1,90,1.000000000000
state_house_2024,ORANGEBURG - BOWMAN 2,90,1.000000000000
state_house_2024,GREENWOOD - BRADLEY,12,1.000000000000
state_house_2024,ORANGEBURG - BRANCHVILLE 1,90,1.000000000000
state_house_2024,ORANGEBURG - BRANCHVILLE 2,90,1.000000000000
state_house_2024,RICHLAND - BRANDON 1,52,0.328980827514
state_house_2024,RICHLAND - BRANDON 1,70,0.571284243600
state_house_2024,RICHLAND - BRANDON 1,75,0.099723763223
state_house_2024,RICHLAND - BRANDON 1,78,0.000011165663
state_house_2024,RICHLAND - BRANDON 2,70,0.653113294041
state_house_2024,RICHLAND - BRANDON 2,75,0.346886705959
state_house_2024,DORCHESTER - BRANDYMILL,98,1.000000000000
state_house_2024,DORCHESTER - BRANDYMILL 2,98,1.000000000000
state_house_2024,DORCHESTER - BRIARWOOD,94,1.000000000000
state_house_2024,RICHLAND - BRIARWOOD,76,1.000000000000
state_house_2024,DORCHESTER - BRIARWOOD 2,94,1.000000000000
state_house_2024,DORCHESTER - BRIARWOOD 3,94,0.000505059707
state_house_2024,DORCHESTER - BRIARWOOD 3,98,0.999494940293
state_house_2024,RICHLAND - BRIDGE CREEK,79,1.000000000000
state_house_2024,GREENVILLE - BRIDGE FORK,27,0.999990224786
state_house_2024,GREENVILLE - BRIDGE FORK,35,0.000009775214
state_house_2024,MARLBORO - BRIGHTSVILLE,54,1.000000000000
state_house_2024,MARION - BRITTONS NECK,57,0.999086393555
state_house_2024,MARION - BRITTONS NECK,58,0.000434509199
state_house_2024,MARION - BRITTONS NECK,59,0.000023362157
state_house_2024,MARION - BRITTONS NECK,60,0.000250963707
state_house_2024,MARION - BRITTONS NECK,103,0.000204771383
state_house_2024,ABBEVILLE - BROADMOUTH,7,0.007911439684
state_house_2024,ABBEVILLE - BROADMOUTH,11,0.992088560316
state_house_2024,ANDERSON - BROADVIEW,7,0.999999479553
state_house_2024,ANDERSON - BROADVIEW,11,0.000000520447
state_house_2024,ANDERSON - BROADWAY,7,0.999999998571
state_house_2024,ANDERSON - BROADWAY,9,0.000000001429
state_house_2024,CHESTERFIELD - BROCKS MILL,53,0.000259843404
state_house_2024,CHESTERFIELD - BROCKS MILL,54,0.999740156596
state_house_2024,GREENVILLE - BROOK GLENN,20,0.999826830896
state_house_2024,GREENVILLE - BROOK GLENN,22,0.000173169104
state_house_2024,ORANGEBURG - BROOKDALE,90,0.278719030601
state_house_2024,ORANGEBURG - BROOKDALE,93,0.721280969399
state_house_2024,FLORENCE - BROOKGREEN,59,0.999999796671
state_house_2024,FLORENCE - BROOKGREEN,62,0.000000203329
state_house_2024,HORRY - BROOKSVILLE 1,104,1.000000000000
state_house_2024,HORRY - BROOKSVILLE 2,104,1.000000000000
state_house_2024,SPARTANBURG - BROOME HIGH SCHOOL,33,1.000000000000
state_house_2024,GEORGETOWN - BROWNS FERRY,103,0.908703552668
state_house_2024,GEORGETOWN - BROWNS FERRY,108,0.091296447332
state_house_2024,MARLBORO - BROWNSVILLE,54,0.999999259575
state_house_2024,MARLBORO - BROWNSVILLE,55,0.000000740425
state_house_2024,HORRY - BROWNWAY,58,1.000000000000
state_house_2024,EDGEFIELD - BRUNSON,12,0.000406245943
state_house_2024,EDGEFIELD - BRUNSON,82,0.999593754057
state_house_2024,HAMPTON - BRUNSON,91,0.000000268302
state_house_2024,HAMPTON - BRUNSON,122,0.999999731698
state_house_2024,ANDERSON - BRUSHY CREEK,6,0.880650462806
state_house_2024,ANDERSON - BRUSHY CREEK,10,0.119349537194
state_house_2024,PICKENS - BRUSHY CREEK,5,0.998540389173
state_house_2024,PICKENS - BRUSHY CREEK,6,0.000000241732
state_house_2024,PICKENS - BRUSHY CREEK,10,0.001459369095
state_house_2024,KERSHAW - BUFFALO,65,1.000000000000
state_house_2024,UNION - BUFFALO BOX 1,42,1.000000000000
state_house_2024,YORK - BULLOCKS CREEK,29,0.994919824047
state_house_2024,YORK - BULLOCKS CREEK,41,0.004997559407
state_house_2024,YORK - BULLOCKS CREEK,42,0.000082616546
state_house_2024,HORRY - BURGESS 1,106,1.000000000000
state_house_2024,HORRY - BURGESS 3,106,1.000000000000
state_house_2024,HORRY - BURGESS 4,106,1.000000000000
state_house_2024,HORRY - BURGESS 5,106,1.000000000000
state_house_2024,HORRY - BURGESS2,106,1.000000000000
state_house_2024,SUMTER - BURNS-DOWNS,51,0.346009365468
state_house_2024,SUMTER - BURNS-DOWNS,67,0.653990634532
state_house_2024,DARLINGTON - BURNT BRANCH,50,0.000000375792
state_house_2024,DARLINGTON - BURNT BRANCH,65,0.999999624208
state_house_2024,LEXINGTON - BUSH RIVER,69,0.455379344745
state_house_2024,LEXINGTON - BUSH RIVER,85,0.544620655255
state_house_2024,NEWBERRY - BUSH RIVER,40,0.999999977543
state_house_2024,NEWBERRY - BUSH RIVER,42,0.000000022457
state_house_2024,BERKELEY - BUSHY PARK,103,1.000000000000
state_house_2024,DORCHESTER - BUTTERNUT,94,0.216488878177
state_house_2024,DORCHESTER - BUTTERNUT,97,0.783510975175
state_house_2024,DORCHESTER - BUTTERNUT,102,0.000000146648
state_house_2024,SPARTANBURG - C.C. WOODSON RECREATION,31,0.927651961570
state_house_2024,SPARTANBURG - C.C. WOODSON RECREATION,33,0.072348038430
state_house_2024,WILLIAMSBURG - CADES,101,1.000000000000
state_house_2024,BERKELEY - CAINHOY,99,0.000291490033
state_house_2024,BERKELEY - CAINHOY,103,0.999383291681
state_house_2024,BERKELEY - CAINHOY,108,0.000325218286
state_house_2024,PICKENS - CALHOUN,3,1.000000000000
state_house_2024,ABBEVILLE - CALHOUN FALLS,11,0.999999999849
state_house_2024,ABBEVILLE - CALHOUN FALLS,12,0.000000000151
state_house_2024,GREENWOOD - CALLISON,12,0.037779663472
state_house_2024,GREENWOOD - CALLISON,13,0.962220336528
state_house_2024,KERSHAW - CAMDEN NO. 1,50,0.000000022035
state_house_2024,KERSHAW - CAMDEN NO. 1,70,0.999999977965
state_house_2024,KERSHAW - CAMDEN NO. 2,70,1.000000000000
state_house_2024,KERSHAW - CAMDEN NO. 5,70,1.000000000000
state_house_2024,KERSHAW - CAMDEN NO. 5-A,70,1.000000000000
state_house_2024,KERSHAW - CAMDEN NO. 6,50,0.000000408993
state_house_2024,KERSHAW - CAMDEN NO. 6,70,0.999999591007
state_house_2024,CALHOUN - CAMERON,93,1.000000000000
state_house_2024,SPARTANBURG - CANAAN,33,1.000000000000
state_house_2024,COLLETON - CANADYS,97,1.000000000000
state_house_2024,BERKELEY - CANE BAY,102,0.999999386410
state_house_2024,BERKELEY - CANE BAY,117,0.000000613590
state_house_2024,BERKELEY - CANE BAY EAST,102,0.000176601184
state_house_2024,BERKELEY - CANE BAY EAST,117,0.999823398816
state_house_2024,BERKELEY - CANE BAY NORTH,102,0.000107772525
state_house_2024,BERKELEY - CANE BAY NORTH,117,0.999892227475
state_house_2024,BERKELEY - CANE BAY SOUTH,117,1.000000000000
state_house_2024,GREENVILLE - CANEBRAKE,21,1.000000000000
state_house_2024,YORK - CANNON MILL,47,1.000000000000
state_house_2024,SPARTANBURG - CANNONS ELEMENTARY,32,1.000000000000
state_house_2024,UNION - CARLISLE,41,0.000634412808
state_house_2024,UNION - CARLISLE,42,0.999365587192
state_house_2024,SPARTANBURG - CARLISLE FOSTERS GROVE,32,1.000000000000
state_house_2024,SPARTANBURG - CARLISLE WESLEYAN,38,1.000000000000
state_house_2024,BERKELEY - CARNES CROSS ROAD 1,92,0.000000184006
state_house_2024,BERKELEY - CARNES CROSS ROAD 1,100,0.802400753090
state_house_2024,BERKELEY - CARNES CROSS ROAD 1,117,0.197599062905
state_house_2024,BERKELEY - CARNES CROSS ROADS 2,117,1.000000000000
state_house_2024,DILLON - CAROLINA,55,1.000000000000
state_house_2024,DORCHESTER - CAROLINA,94,0.154301332961
state_house_2024,DORCHESTER - CAROLINA,97,0.003230746921
state_house_2024,DORCHESTER - CAROLINA,102,0.829874527985
state_house_2024,DORCHESTER - CAROLINA,113,0.004249460126
state_house_2024,DORCHESTER - CAROLINA,117,0.008343932007
state_house_2024,GREENVILLE - CAROLINA,10,0.001062935716
state_house_2024,GREENVILLE - CAROLINA,25,0.998937064284
state_house_2024,YORK - CAROLINA,26,1.000000000000
state_house_2024,HORRY - CAROLINA BAYS,56,1.000000000000
state_house_2024,HORRY - CAROLINA FOREST 1,56,1.000000000000
state_house_2024,HORRY - CAROLINA FOREST 2,56,1.000000000000
state_house_2024,LEXINGTON - CAROLINA SPRINGS,96,1.000000000000
state_house_2024,FLORENCE - CARTERSVILLE,62,1.000000000000
state_house_2024,GEORGETOWN - CARVERS BAY,103,1.000000000000
state_house_2024,CHESTERFIELD - CASH,53,0.000526010965
state_house_2024,CHESTERFIELD - CASH,54,0.999473989035
state_house_2024,KERSHAW - CASSATT,50,0.999999859031
state_house_2024,KERSHAW - CASSATT,65,0.000000140969
state_house_2024,GREENVILLE - CASTLE ROCK,17,0.000029247523
state_house_2024,GREENVILLE - CASTLE ROCK,18,0.999939083288
state_house_2024,GREENVILLE - CASTLE ROCK,36,0.000031669189
state_house_2024,YORK - CATAWBA,43,0.999991329023
state_house_2024,YORK - CATAWBA,45,0.000008670977
state_house_2024,RICHLAND - CAUGHMAN ROAD,52,1.000000000000
state_house_2024,SUMTER - CAUSEWAY BRANCH 1,67,1.000000000000
state_house_2024,SUMTER - CAUSEWAY BRANCH 2,51,0.001100674663
state_house_2024,SUMTER - CAUSEWAY BRANCH 2,67,0.998899325337
state_house_2024,SPARTANBURG - CAVINS HOBBYSVILLE,33,1.000000000000
state_house_2024,LEXINGTON - CAYCE 2A,88,0.000556945721
state_house_2024,LEXINGTON - CAYCE 2A,89,0.999443054279
state_house_2024,LEXINGTON - CAYCE WARD NO. 1,72,0.000019471117
state_house_2024,LEXINGTON - CAYCE WARD NO. 1,89,0.999980528883
state_house_2024,LEXINGTON - CAYCE WARD NO. 2,72,0.000685658175
state_house_2024,LEXINGTON - CAYCE WARD NO. 2,89,0.909218731685
state_house_2024,LEXINGTON - CAYCE WARD NO. 2,93,0.090095610140
state_house_2024,LEXINGTON - CAYCE WARD NO. 3,89,1.000000000000
state_house_2024,LEE - CEDAR CREEK,50,1.000000000000
state_house_2024,ANDERSON - CEDAR GROVE,7,0.999859657794
state_house_2024,ANDERSON - CEDAR GROVE,9,0.000140342206
state_house_2024,HORRY - CEDAR GROVE,58,1.000000000000
state_house_2024,PICKENS - CEDAR ROCK,4,1.000000000000
state_house_2024,WILLIAMSBURG - CEDAR SWAMP,57,0.372283667047
state_house_2024,WILLIAMSBURG - CEDAR SWAMP,101,0.627716332953
state_house_2024,LEXINGTON - CEDARCREST,88,1.000000000000
state_house_2024,YORK - CELANESE,46,0.229431008719
state_house_2024,YORK - CELANESE,48,0.770568991281
state_house_2024,MARION - CENTENARY,57,0.999947719135
state_house_2024,MARION - CENTENARY,58,0.000000102660
state_house_2024,MARION - CENTENARY,59,0.000052178204
state_house_2024,SALUDA - CENTENNIAL,13,0.000000096222
state_house_2024,SALUDA - CENTENNIAL,39,0.999999898902
state_house_2024,SALUDA - CENTENNIAL,40,0.000000004876
state_house_2024,CHESTERFIELD - CENTER GROVE-WINZO,53,0.999813546235
state_house_2024,CHESTERFIELD - CENTER GROVE-WINZO,65,0.000186453765
state_house_2024,CALHOUN - CENTER HILL,93,1.000000000000
state_house_2024,ANDERSON - CENTER ROCK,8,1.000000000000
state_house_2024,FAIRFIELD - CENTERVILLE,41,0.999996255665
state_house_2024,FAIRFIELD - CENTERVILLE,45,0.000001310105
state_house_2024,FAIRFIELD - CENTERVILLE,52,0.000002434230
state_house_2024,ANDERSON - CENTERVILLE STATION A,8,1.000000000000
state_house_2024,ANDERSON - CENTERVILLE STATION B,8,1.000000000000
state_house_2024,BERKELEY - CENTRAL,92,0.999999416419
state_house_2024,BERKELEY - CENTRAL,100,0.000000583581
state_house_2024,DORCHESTER - CENTRAL,94,0.999999896581
state_house_2024,DORCHESTER - CENTRAL,97,0.000000103419
state_house_2024,WILLIAMSBURG - CENTRAL,101,1.000000000000
state_house_2024,DORCHESTER - CENTRAL 2,94,1.000000000000
state_house_2024,LEXINGTON - CHALK HILL,70,0.000000053712
state_house_2024,LEXINGTON - CHALK HILL,72,0.001584875122
state_house_2024,LEXINGTON - CHALK HILL,88,0.000583076403
state_house_2024,LEXINGTON - CHALK HILL,89,0.074213835206
state_house_2024,LEXINGTON - CHALK HILL,93,0.923618159556
state_house_2024,LEXINGTON - CHALLEDON,69,0.000003203304
state_house_2024,LEXINGTON - CHALLEDON,73,0.000001441789
state_house_2024,LEXINGTON - CHALLEDON,85,0.999995354907
state_house_2024,LEXINGTON - CHAPIN,40,0.000000107833
state_house_2024,LEXINGTON - CHAPIN,71,0.013710875465
state_house_2024,LEXINGTON - CHAPIN,85,0.986289016702
state_house_2024,SPARTANBURG - CHAPMAN HIGH SCHOOL,37,0.330761244823
state_house_2024,SPARTANBURG - CHAPMAN HIGH SCHOOL,38,0.669238755177
state_house_2024,NEWBERRY - CHAPPELLS,13,0.000000001041
state_house_2024,NEWBERRY - CHAPPELLS,14,0.000000003465
state_house_2024,NEWBERRY - CHAPPELLS,39,0.000000009269
state_house_2024,NEWBERRY - CHAPPELLS,40,0.999999986225
state_house_2024,CHARLESTON - CHARLESTON 1,110,1.000000000000
state_house_2024,CHARLESTON - CHARLESTON 10,111,1.000000000000
state_house_2024,CHARLESTON - CHARLESTON 11,110,0.000000754892
state_house_2024,CHARLESTON - CHARLESTON 11,111,0.999999245108
state_house_2024,CHARLESTON - CHARLESTON 12,111,1.000000000000
state_house_2024,CHARLESTON - CHARLESTON 13,111,1.000000000000
state_house_2024,CHARLESTON - CHARLESTON 14,111,1.000000000000
state_house_2024,CHARLESTON - CHARLESTON 15,99,0.046010372899
state_house_2024,CHARLESTON - CHARLESTON 15,111,0.953989476709
state_house_2024,CHARLESTON - CHARLESTON 15,113,0.000000150392
state_house_2024,CHARLESTON - CHARLESTON 16,111,1.000000000000
state_house_2024,CHARLESTON - CHARLESTON 17,111,1.000000000000
state_house_2024,CHARLESTON - CHARLESTON 18,111,1.000000000000
state_house_2024,CHARLESTON - CHARLESTON 19,111,1.000000000000
state_house_2024,CHARLESTON - CHARLESTON 2,110,1.000000000000
state_house_2024,CHARLESTON - CHARLESTON 20,111,1.000000000000
state_house_2024,CHARLESTON - CHARLESTON 21,109,0.000000024832
state_house_2024,CHARLESTON - CHARLESTON 21,111,0.999999702739
state_house_2024,CHARLESTON - CHARLESTON 21,119,0.000000272430
state_house_2024,CHARLESTON - CHARLESTON 3,110,1.000000000000
state_house_2024,CHARLESTON - CHARLESTON 4,110,1.000000000000
state_house_2024,CHARLESTON - CHARLESTON 5,110,0.999999089542
state_house_2024,CHARLESTON - CHARLESTON 5,111,0.000000910458
state_house_2024,CHARLESTON - CHARLESTON 6,110,1.000000000000
state_house_2024,CHARLESTON - CHARLESTON 7,110,0.997441290965
state_house_2024,CHARLESTON - CHARLESTON 7,111,0.002558709035
state_house_2024,CHARLESTON - CHARLESTON 8,110,0.000117826049
state_house_2024,CHARLESTON - CHARLESTON 8,111,0.999882173951
state_house_2024,CHARLESTON - CHARLESTON 9,111,1.000000000000
state_house_2024,KERSHAW - CHARLOTTE THOMPSON,50,0.998329546184
state_house_2024,KERSHAW - CHARLOTTE THOMPSON,70,0.001670453816
state_house_2024,CHESTERFIELD - CHERAW NO. 1,54,1.000000000000
state_house_2024,CHESTERFIELD - CHERAW NO. 2,54,1.000000000000
state_house_2024,CHESTERFIELD - CHERAW NO. 3,53,0.002448672699
state_house_2024,CHESTERFIELD - CHERAW NO. 3,54,0.997551327301
state_house_2024,CHESTERFIELD - CHERAW NO. 4,53,0.004426973898
state_house_2024,CHESTERFIELD - CHERAW NO. 4,54,0.995573026102
state_house_2024,SPARTANBURG - CHEROKEE SPRINGS FIRE STATION,32,1.000000000000
state_house_2024,HORRY - CHERRY GROVE 1,104,1.000000000000
state_house_2024,HORRY - CHERRY GROVE 2,104,1.000000000000
state_house_2024,SUMTER - CHERRYVALE,64,0.996435801375
state_house_2024,SUMTER - CHERRYVALE,67,0.003564198625
state_house_2024,SPARTANBURG - CHESNEE ELEMENTARY,30,1.000000000000
state_house_2024,CHESTER - CHESTER WARD 1,41,0.237847786734
state_house_2024,CHESTER - CHESTER WARD 1,43,0.762152213266
state_house_2024,CHESTER - CHESTER WARD 2,41,1.000000000000
state_house_2024,CHESTER - CHESTER WARD 3,41,0.999999993902
state_house_2024,CHESTER - CHESTER WARD 3,43,0.000000006098
state_house_2024,CHESTER - CHESTER WARD 4,41,0.494539102734
state_house_2024,CHESTER - CHESTER WARD 4,43,0.505460897266
state_house_2024,CHESTER - CHESTER WARD 5,41,0.439287711195
state_house_2024,CHESTER - CHESTER WARD 5,43,0.560712288805
state_house_2024,GREENVILLE - CHESTNUT HILLS,10,0.000018979425
state_house_2024,GREENVILLE - CHESTNUT HILLS,23,0.373154673178
state_house_2024,GREENVILLE - CHESTNUT HILLS,24,0.352640739282
state_house_2024,GREENVILLE - CHESTNUT HILLS,25,0.274185608115
state_house_2024,SPARTANBURG - CHESTNUT LAKE,37,1.000000000000
state_house_2024,ANDERSON - CHIQUOLA MILL,7,1.000000000000
state_house_2024,GEORGETOWN - CHOPPEE,103,1.000000000000
state_house_2024,CHARLESTON - CHRIST CHURCH,103,0.000828865714
state_house_2024,CHARLESTON - CHRIST CHURCH,108,0.999171078750
state_house_2024,CHARLESTON - CHRIST CHURCH,112,0.000000055536
state_house_2024,GREENVILLE - CIRCLE CREEK,16,0.000195054084
state_house_2024,GREENVILLE - CIRCLE CREEK,21,0.488575594810
state_house_2024,GREENVILLE - CIRCLE CREEK,35,0.511229351106
state_house_2024,GREENWOOD - CIVIC CENTER,12,0.999598155177
state_house_2024,GREENWOOD - CIVIC CENTER,13,0.000401844823
state_house_2024,MCCORMICK - CLARKS HILL,12,0.999999995965
state_house_2024,MCCORMICK - CLARKS HILL,83,0.000000004035
state_house_2024,FLORENCE - CLAUSSEN,59,1.000000000000
state_house_2024,GREENVILLE - CLEAR CREEK,17,0.389576634670
state_house_2024,GREENVILLE - CLEAR CREEK,18,0.606918298200
state_house_2024,GREENVILLE - CLEAR CREEK,20,0.003505067131
state_house_2024,DORCHESTER - CLEMSON,97,1.000000000000
state_house_2024,PICKENS - CLEMSON,3,0.998003553164
state_house_2024,PICKENS - CLEMSON,6,0.001996446836
state_house_2024,DORCHESTER - CLEMSON 2,97,1.000000000000
state_house_2024,DORCHESTER - CLEMSON 3,97,0.879244652678
state_house_2024,DORCHESTER - CLEMSON 3,102,0.120755347322
state_house_2024,SPARTANBURG - CLIFTON GLENDALE,33,1.000000000000
state_house_2024,MARLBORO - CLIO,54,0.649627892834
state_house_2024,MARLBORO - CLIO,55,0.350372107166
state_house_2024,YORK - CLOVER,47,1.000000000000
state_house_2024,DORCHESTER - COASTAL,94,0.999621820501
state_house_2024,DORCHESTER - COASTAL,98,0.000000001131
state_house_2024,DORCHESTER - COASTAL,113,0.000378178368
state_house_2024,DORCHESTER - COASTAL 2,94,0.558318159475
state_house_2024,DORCHESTER - COASTAL 2,98,0.441681840525
state_house_2024,DORCHESTER - COASTAL 3,94,0.999999831722
state_house_2024,DORCHESTER - COASTAL 3,98,0.000000168278
state_house_2024,HORRY - COASTAL CAROLINA,61,1.000000000000
state_house_2024,HORRY - COASTAL LANE 1,107,1.000000000000
state_house_2024,HORRY - COASTAL LANE 2,56,0.000000106550
state_house_2024,HORRY - COASTAL LANE 2,107,0.999999893450
state_house_2024,BERKELEY - COBBLESTONE,100,0.000004376768
state_house_2024,BERKELEY - COBBLESTONE,117,0.999995623232
state_house_2024,GREENWOOD - COKESBURY,13,1.000000000000
state_house_2024,ABBEVILLE - COLD SPRINGS,11,0.999182433812
state_house_2024,ABBEVILLE - COLD SPRINGS,13,0.000817566188
state_house_2024,LEXINGTON - COLDSTREAM,85,1.000000000000
state_house_2024,FLORENCE - COLES CROSSROADS,59,0.999999981252
state_house_2024,FLORENCE - COLES CROSSROADS,63,0.000000018748
state_house_2024,RICHLAND - COLLEGE PLACE,73,0.999823624423
state_house_2024,RICHLAND - COLLEGE PLACE,74,0.000143827340
state_house_2024,RICHLAND - COLLEGE PLACE,76,0.000032548238
state_house_2024,BAMBERG - COLSTON,90,1.000000000000
state_house_2024,ANDERSON - CONCRETE,10,1.000000000000
state_house_2024,GREENVILLE - CONESTEE,25,0.174597379731
state_house_2024,GREENVILLE - CONESTEE,28,0.825402620269
state_house_2024,LEXINGTON - CONGAREE 2,88,1.000000000000
state_house_2024,LEXINGTON - CONGAREE 1,88,1.000000000000
state_house_2024,NEWBERRY - CONSOLIDATED NUMBER 5,40,1.000000000000
state_house_2024,SPARTANBURG - CONVERSE,32,1.000000000000
state_house_2024,SPARTANBURG - CONVERSE FIRE STATION,32,1.000000000000
state_house_2024,HORRY - COOL SPRINGS,58,1.000000000000
state_house_2024,SPARTANBURG - COOLEY SPRINGS BAPTIST,38,1.000000000000
state_house_2024,RICHLAND - COOPER,78,1.000000000000
state_house_2024,DORCHESTER - COOSAW,98,0.988760521733
state_house_2024,DORCHESTER - COOSAW,109,0.000359665470
state_house_2024,DORCHESTER - COOSAW,113,0.010879812797
state_house_2024,DORCHESTER - COOSAW 2,98,0.999999970442
state_house_2024,DORCHESTER - COOSAW 2,114,0.000000029558
state_house_2024,DORCHESTER - COOSAW 3,98,1.000000000000
state_house_2024,JASPER - COOSAWHATCHIE,122,1.000000000000
state_house_2024,ORANGEBURG - COPE,90,1.000000000000
state_house_2024,BERKELEY - CORDESVILLE,100,0.000000022217
state_house_2024,BERKELEY - CORDESVILLE,101,0.333691012776
state_house_2024,BERKELEY - CORDESVILLE,103,0.666308965007
state_house_2024,ORANGEBURG - CORDOVA 1,90,1.000000000000
state_house_2024,ORANGEBURG - CORDOVA 2,90,0.521322982426
state_house_2024,ORANGEBURG - CORDOVA 2,95,0.478677017574
state_house_2024,SPARTANBURG - CORNERSTONE BAPTIST,31,0.960666324264
state_house_2024,SPARTANBURG - CORNERSTONE BAPTIST,32,0.039333675736
state_house_2024,GREENWOOD - CORONACA,12,0.000000058341
state_house_2024,GREENWOOD - CORONACA,13,0.999999940905
state_house_2024,GREENWOOD - CORONACA,14,0.000000000754
state_house_2024,COLLETON - COTTAGEVILLE,97,1.000000000000
state_house_2024,YORK - COTTON BELT,47,1.000000000000
state_house_2024,CHESTERFIELD - COURTHOUSE,53,0.998541038991
state_house_2024,CHESTERFIELD - COURTHOUSE,54,0.001458961009
state_house_2024,FLORENCE - COWARD 1,60,1.000000000000
state_house_2024,FLORENCE - COWARD 2,60,1.000000000000
state_house_2024,SPARTANBURG - COWPENS,29,0.343653438477
state_house_2024,SPARTANBURG - COWPENS,32,0.656346561523
state_house_2024,ANDERSON - COXS CREEK,9,1.000000000000
state_house_2024,ANDERSON - CRAYTONVILLE,7,1.000000000000
state_house_2024,HORRY - CRESCENT,56,0.012625655938
state_house_2024,HORRY - CRESCENT,104,0.987374344062
state_house_2024,YORK - CRESCENT,66,1.000000000000
state_house_2024,PICKENS - CRESCENT HILL,4,1.000000000000
state_house_2024,CALHOUN - CRESTON,93,1.000000000000
state_house_2024,PICKENS - CRESTVIEW,5,0.997820443499
state_house_2024,PICKENS - CRESTVIEW,10,0.002179556501
state_house_2024,HAMPTON - CROCKETVILLE-MILEY,122,1.000000000000
state_house_2024,SPARTANBURG - CROFT BAPTIST,33,1.000000000000
state_house_2024,LEXINGTON - CROMER,69,0.999997567786
state_house_2024,LEXINGTON - CROMER,89,0.000002432214
state_house_2024,BERKELEY - CROSS,100,0.236455005035
state_house_2024,BERKELEY - CROSS,102,0.763544994965
state_house_2024,SPARTANBURG - CROSS ANCHOR FIRE STATION,33,1.000000000000
state_house_2024,UNION - CROSS KEYS,42,1.000000000000
state_house_2024,PICKENS - CROSSROADS,4,1.000000000000
state_house_2024,PICKENS - CROSSWELL,5,1.000000000000
state_house_2024,SUMTER - CROSSWELL,51,1.000000000000
state_house_2024,SPARTANBURG - CUDD MEMORIAL,32,1.000000000000
state_house_2024,HAMPTON - CUMMINGS,122,1.000000000000
state_house_2024,BERKELEY - CYPRESS,100,1.000000000000
state_house_2024,DORCHESTER - CYPRESS,97,0.763227331568
state_house_2024,DORCHESTER - CYPRESS,102,0.236772668432
state_house_2024,LEE - CYPRESS,50,0.999873970586
state_house_2024,LEE - CYPRESS,62,0.000003215386
state_house_2024,LEE - CYPRESS,65,0.000122814028
state_house_2024,DORCHESTER - CYPRESS 2,97,1.000000000000
state_house_2024,SPARTANBURG - D. R. HILL MIDDLE SCHOOL,36,1.000000000000
state_house_2024,PICKENS - DACUSVILLE,4,0.998315404336
state_house_2024,PICKENS - DACUSVILLE,5,0.000000872145
state_house_2024,PICKENS - DACUSVILLE,17,0.000107367604
state_house_2024,PICKENS - DACUSVILLE,19,0.001576355916
state_house_2024,HORRY - DAISY,105,1.000000000000
state_house_2024,SUMTER - DALZELL 1,50,0.998262575027
state_house_2024,SUMTER - DALZELL 1,51,0.000275757046
state_house_2024,SUMTER - DALZELL 1,67,0.001461667927
state_house_2024,SUMTER - DALZELL 2,50,0.037809724314
state_house_2024,SUMTER - DALZELL 2,51,0.962053931695
state_house_2024,SUMTER - DALZELL 2,67,0.000136343990
state_house_2024,BERKELEY - DANIEL ISLAND 1,99,1.000000000000
state_house_2024,BERKELEY - DANIEL ISLAND 2,99,0.977720799134
state_house_2024,BERKELEY - DANIEL ISLAND 2,111,0.008957717918
state_house_2024,BERKELEY - DANIEL ISLAND 2,113,0.013321482948
state_house_2024,BERKELEY - DANIEL ISLAND 3,99,0.997429659835
state_house_2024,BERKELEY - DANIEL ISLAND 3,111,0.002570340165
state_house_2024,BERKELEY - DANIEL ISLAND 4,99,1.000000000000
state_house_2024,SPARTANBURG - DANIEL MORGAN TECHNOLOGY CENTER,32,1.000000000000
state_house_2024,GREENVILLE - DARBY RIDGE,17,0.658695403584
state_house_2024,GREENVILLE - DARBY RIDGE,18,0.000135942739
state_house_2024,GREENVILLE - DARBY RIDGE,20,0.341168653676
state_house_2024,DARLINGTON - DARLINGTON NO. 1,62,1.000000000000
state_house_2024,DARLINGTON - DARLINGTON NO. 2,62,1.000000000000
state_house_2024,DARLINGTON - DARLINGTON NO. 3,53,0.003857172604
state_house_2024,DARLINGTON - DARLINGTON NO. 3,54,0.632729456113
state_house_2024,DARLINGTON - DARLINGTON NO. 3,62,0.363413371283
state_house_2024,DARLINGTON - DARLINGTON NO. 4,54,0.000042461726
state_house_2024,DARLINGTON - DARLINGTON NO. 4,62,0.999957538274
state_house_2024,DARLINGTON - DARLINGTON NO. 5,62,1.000000000000
state_house_2024,DARLINGTON - DARLINGTON NO. 6,54,0.000154571873
state_house_2024,DARLINGTON - DARLINGTON NO. 6,62,0.999845428127
state_house_2024,CHARLESTON - DEER PARK 1A,15,1.000000000000
state_house_2024,CHARLESTON - DEER PARK 1B,15,0.417676996320
state_house_2024,CHARLESTON - DEER PARK 1B,92,0.004154485895
state_house_2024,CHARLESTON - DEER PARK 1B,94,0.013624208613
state_house_2024,CHARLESTON - DEER PARK 1B,99,0.000717656904
state_house_2024,CHARLESTON - DEER PARK 1B,113,0.563826652268
state_house_2024,CHARLESTON - DEER PARK 2A,15,0.917932744473
state_house_2024,CHARLESTON - DEER PARK 2A,113,0.082067255527
state_house_2024,CHARLESTON - DEER PARK 2B,15,0.565799866008
state_house_2024,CHARLESTON - DEER PARK 2B,99,0.012724740418
state_house_2024,CHARLESTON - DEER PARK 2B,113,0.421475393574
state_house_2024,CHARLESTON - DEER PARK 2C,15,1.000000000000
state_house_2024,CHARLESTON - DEER PARK 3,15,0.999994039328
state_house_2024,CHARLESTON - DEER PARK 3,113,0.000005960672
state_house_2024,HORRY - DEERFIELD,68,0.133938135622
state_house_2024,HORRY - DEERFIELD,106,0.866061864378
state_house_2024,GREENVILLE - DEL NORTE,20,0.999118232513
state_house_2024,GREENVILLE - DEL NORTE,22,0.000881767487
state_house_2024,SUMTER - DELAINE,64,0.999296411514
state_house_2024,SUMTER - DELAINE,67,0.000359696751
state_house_2024,SUMTER - DELAINE,70,0.000343891735
state_house_2024,DORCHESTER - DELEMARS,97,1.000000000000
state_house_2024,FLORENCE - DELMAE 1,63,1.000000000000
state_house_2024,FLORENCE - DELMAE 2,60,0.451740950417
state_house_2024,FLORENCE - DELMAE 2,63,0.548259049583
state_house_2024,YORK - DELPHIA,29,0.711320380113
state_house_2024,YORK - DELPHIA,47,0.018044164118
state_house_2024,YORK - DELPHIA,49,0.270635455769
state_house_2024,RICHLAND - DENNYSIDE,73,0.991254510457
state_house_2024,RICHLAND - DENNYSIDE,74,0.008745489543
state_house_2024,RICHLAND - DENTSVILLE,73,0.000002596817
state_house_2024,RICHLAND - DENTSVILLE,76,0.999997317037
state_house_2024,RICHLAND - DENTSVILLE,78,0.000000086146
state_house_2024,ANDERSON - DENVER-SANDY SPRINGS,8,1.000000000000
state_house_2024,GREENVILLE - DEVENGER,20,0.000001385012
state_house_2024,GREENVILLE - DEVENGER,21,0.000020460738
state_house_2024,GREENVILLE - DEVENGER,22,0.999978154250
state_house_2024,BERKELEY - DEVON FOREST 1,92,0.999946960464
state_house_2024,BERKELEY - DEVON FOREST 1,100,0.000015593381
state_house_2024,BERKELEY - DEVON FOREST 1,117,0.000037446155
state_house_2024,BERKELEY - DEVON FOREST 2,92,1.000000000000
state_house_2024,BERKELEY - DISCOVERY,92,0.413291750244
state_house_2024,BERKELEY - DISCOVERY,117,0.586708249756
state_house_2024,CALHOUN - DIXIE,93,1.000000000000
state_house_2024,KERSHAW - DOBYS MILL,52,0.443785548915
state_house_2024,KERSHAW - DOBYS MILL,70,0.556010242288
state_house_2024,KERSHAW - DOBYS MILL,78,0.000204208796
state_house_2024,YORK - DOBYS BRIDGE,26,0.994692423208
state_house_2024,YORK - DOBYS BRIDGE,44,0.005307576792
state_house_2024,HORRY - DOGBLUFF,58,1.000000000000
state_house_2024,HORRY - DOGWOOD,104,0.356963515749
state_house_2024,HORRY - DOGWOOD,105,0.643036484251
state_house_2024,ABBEVILLE - DONALDS,11,1.000000000000
state_house_2024,GREENVILLE - DONALDSON,25,0.964934952843
state_house_2024,GREENVILLE - DONALDSON,28,0.035065047157
state_house_2024,DORCHESTER - DORCHESTER,94,0.999997973421
state_house_2024,DORCHESTER - DORCHESTER,97,0.000002026579
state_house_2024,DORCHESTER - DORCHESTER 2,94,1.000000000000
state_house_2024,GREENVILLE - DOVE TREE,21,0.002933012883
state_house_2024,GREENVILLE - DOVE TREE,22,0.996639790866
state_house_2024,GREENVILLE - DOVE TREE,24,0.000427196251
state_house_2024,DARLINGTON - DOVESVILLE,53,0.704806620517
state_house_2024,DARLINGTON - DOVESVILLE,54,0.136902057006
state_house_2024,DARLINGTON - DOVESVILLE,62,0.158291322477
state_house_2024,SPARTANBURG - DRAYTON,32,1.000000000000
state_house_2024,CHEROKEE - DRAYTONVILLE,29,0.999995581738
state_house_2024,CHEROKEE - DRAYTONVILLE,30,0.000004418262
state_house_2024,GEORGETOWN - DREAMKEEPERS,103,0.999357368218
state_house_2024,GEORGETOWN - DREAMKEEPERS,108,0.000642631782
state_house_2024,LEXINGTON - DREHER ISLAND,40,0.999999654092
state_house_2024,LEXINGTON - DREHER ISLAND,85,0.000000345908
state_house_2024,CHESTERFIELD - DUDLEY-MANGUM,53,1.000000000000
state_house_2024,ABBEVILLE - DUE WEST,11,0.999313160450
state_house_2024,ABBEVILLE - DUE WEST,13,0.000686839550
state_house_2024,SPARTANBURG - DUNCAN UNITED METHODIST,34,0.000000020069
state_house_2024,SPARTANBURG - DUNCAN UNITED METHODIST,36,0.999999979931
state_house_2024,HORRY - DUNES 1,56,0.259864844666
state_house_2024,HORRY - DUNES 1,107,0.740135155334
state_house_2024,HORRY - DUNES 2,107,1.000000000000
state_house_2024,HORRY - DUNES 3,107,1.000000000000
state_house_2024,GREENVILLE - DUNKLIN,7,0.352740059921
state_house_2024,GREENVILLE - DUNKLIN,11,0.000003847293
state_house_2024,GREENVILLE - DUNKLIN,14,0.000000085207
state_house_2024,GREENVILLE - DUNKLIN,28,0.647256007579
state_house_2024,RICHLAND - DUTCH FORK 1,71,1.000000000000
state_house_2024,RICHLAND - DUTCH FORK 2,71,1.000000000000
state_house_2024,RICHLAND - DUTCH FORK 3,71,1.000000000000
state_house_2024,RICHLAND - DUTCH FORK 4,71,1.000000000000
state_house_2024,FAIRFIELD - DUTCHMAN CREEK,41,0.999996698737
state_house_2024,FAIRFIELD - DUTCHMAN CREEK,45,0.000003301263
state_house_2024,LEXINGTON - DUTCHMAN SHORES,71,0.446168419569
state_house_2024,LEXINGTON - DUTCHMAN SHORES,85,0.553831580431
state_house_2024,SPARTANBURG - E.P. TODD ELEMENTARY,31,0.177828314919
state_house_2024,SPARTANBURG - E.P. TODD ELEMENTARY,33,0.822171685081
state_house_2024,BERKELEY - EADYTOWN,102,1.000000000000
state_house_2024,WILLIAMSBURG - EARLES,101,0.999999893514
state_house_2024,WILLIAMSBURG - EARLES,103,0.000000106486
state_house_2024,HAMPTON - EARLY BRANCH,122,1.000000000000
state_house_2024,PICKENS - EASLEY,5,1.000000000000
state_house_2024,MARLBORO - EAST BENNETTSVILLE,54,1.000000000000
state_house_2024,HORRY - EAST CONWAY,61,0.203156291871
state_house_2024,HORRY - EAST CONWAY,105,0.796843708129
state_house_2024,BAMBERG - EAST DENMARK,90,0.999645261670
state_house_2024,BAMBERG - EAST DENMARK,91,0.000354738330
state_house_2024,DILLON - EAST DILLON,55,1.000000000000
state_house_2024,RICHLAND - EAST FOREST ACRES,75,0.235765793167
state_house_2024,RICHLAND - EAST FOREST ACRES,78,0.764234206833
state_house_2024,PICKENS - EAST LIBERTY,4,0.999999774519
state_house_2024,PICKENS - EAST LIBERTY,5,0.000000225481
state_house_2024,HORRY - EAST LORIS,57,0.546259212399
state_house_2024,HORRY - EAST LORIS,105,0.453740787601
state_house_2024,MARLBORO - EAST MCCOLL,54,0.003975257003
state_house_2024,MARLBORO - EAST MCCOLL,55,0.996024742997
state_house_2024,PICKENS - EAST PICKENS,4,1.000000000000
state_house_2024,RICHLAND - EASTOVER,64,0.000000025225
state_house_2024,RICHLAND - EASTOVER,70,0.999999974775
state_house_2024,GREENVILLE - EASTSIDE,20,1.000000000000
state_house_2024,SPARTANBURG - EASTSIDE BAPTIST,32,0.909238609856
state_house_2024,SPARTANBURG - EASTSIDE BAPTIST,33,0.090761390144
state_house_2024,GREENVILLE - EBENEZER,4,0.000200838528
state_house_2024,GREENVILLE - EBENEZER,17,0.916857847127
state_house_2024,GREENVILLE - EBENEZER,19,0.082941314345
state_house_2024,HORRY - EBENEZER,105,1.000000000000
state_house_2024,YORK - EBENEZER,46,0.964250822441
state_house_2024,YORK - EBENEZER,49,0.035749177559
state_house_2024,FLORENCE - EBENEZER 1,60,0.000000554382
state_house_2024,FLORENCE - EBENEZER 1,63,0.999999445618
state_house_2024,SUMTER - EBENEZER 1,50,0.000228636048
state_house_2024,SUMTER - EBENEZER 1,51,0.998969222934
state_house_2024,SUMTER - EBENEZER 1,67,0.000802141018
state_house_2024,FLORENCE - EBENEZER 2,60,0.999864562971
state_house_2024,FLORENCE - EBENEZER 2,63,0.000135437029
state_house_2024,SUMTER - EBENEZER 2,50,0.000024516263
state_house_2024,SUMTER - EBENEZER 2,51,0.003833325535
state_house_2024,SUMTER - EBENEZER 2,67,0.996142158202
state_house_2024,FLORENCE - EBENEZER 3,60,0.314443055969
state_house_2024,FLORENCE - EBENEZER 3,63,0.685556944031
state_house_2024,YORK - EBINPORT,46,1.000000000000
state_house_2024,LEXINGTON - EDENWOOD,88,0.000116875638
state_house_2024,LEXINGTON - EDENWOOD,89,0.999704986048
state_house_2024,LEXINGTON - EDENWOOD,93,0.000178138314
state_house_2024,EDGEFIELD - EDGEFIELD NO. 2,82,0.905611829043
state_house_2024,EDGEFIELD - EDGEFIELD NO. 2,83,0.094388170957
state_house_2024,EDGEFIELD - EDGEFIELD NO. 1,82,1.000000000000
state_house_2024,CHESTER - EDGEMOOR,43,1.000000000000
state_house_2024,RICHLAND - EDGEWOOD,74,0.000014272385
state_house_2024,RICHLAND - EDGEWOOD,76,0.999985727615
state_house_2024,YORK - EDGEWOOD,49,1.000000000000
state_house_2024,ANDERSON - EDGEWOOD STATION A,6,0.531785719532
state_house_2024,ANDERSON - EDGEWOOD STATION A,8,0.467684664977
state_house_2024,ANDERSON - EDGEWOOD STATION A,9,0.000529615491
state_house_2024,ANDERSON - EDGEWOOD STATION B,6,0.999999446281
state_house_2024,ANDERSON - EDGEWOOD STATION B,9,0.000000553719
state_house_2024,BAMBERG - EDISTO,90,1.000000000000
state_house_2024,COLLETON - EDISTO,90,0.996779474371
state_house_2024,COLLETON - EDISTO,97,0.003220525629
state_house_2024,ORANGEBURG - EDISTO,90,1.000000000000
state_house_2024,COLLETON - EDISTO BEACH,116,0.999999999681
state_house_2024,COLLETON - EDISTO BEACH,121,0.000000000319
state_house_2024,CHARLESTON - EDISTO ISLAND,115,0.000000000346
state_house_2024,CHARLESTON - EDISTO ISLAND,116,0.998374412580
state_house_2024,CHARLESTON - EDISTO ISLAND,121,0.001625587074
state_house_2024,LEXINGTON - EDMUND 2,88,0.000000626434
state_house_2024,LEXINGTON - EDMUND 2,96,0.999999373566
state_house_2024,LEXINGTON - EDMUND 1,88,0.719269203578
state_house_2024,LEXINGTON - EDMUND 1,96,0.280730796422
state_house_2024,GREENVILLE - EDWARDS FOREST,18,0.000041628551
state_house_2024,GREENVILLE - EDWARDS FOREST,20,0.999958371449
state_house_2024,FLORENCE - EFFINGHAM,59,0.000000042833
state_house_2024,FLORENCE - EFFINGHAM,60,0.999999957167
state_house_2024,BAMBERG - EHRHARDT,90,0.999887277874
state_house_2024,BAMBERG - EHRHARDT,91,0.000112534555
state_house_2024,BAMBERG - EHRHARDT,122,0.000000187570
state_house_2024,KERSHAW - ELGIN NO. 1,52,0.996564760407
state_house_2024,KERSHAW - ELGIN NO. 1,78,0.003435236616
state_house_2024,KERSHAW - ELGIN NO. 1,79,0.000000002976
state_house_2024,KERSHAW - ELGIN NO. 2,52,0.886909559643
state_house_2024,KERSHAW - ELGIN NO. 2,70,0.113090440357
state_house_2024,KERSHAW - ELGIN NO. 3,52,1.000000000000
state_house_2024,KERSHAW - ELGIN NO. 4,52,1.000000000000
state_house_2024,KERSHAW - ELGIN NO. 5,41,0.005028774045
state_house_2024,KERSHAW - ELGIN NO. 5,52,0.993102847918
state_house_2024,KERSHAW - ELGIN NO. 5,79,0.001868378037
state_house_2024,KERSHAW - ELGIN NO. 6,52,0.462480439274
state_house_2024,KERSHAW - ELGIN NO. 6,70,0.537519560726
state_house_2024,FLORENCE - ELIM-GLENWOOD,60,0.999999974080
state_house_2024,FLORENCE - ELIM-GLENWOOD,62,0.000000025920
state_house_2024,BARNWELL - ELKO,91,1.000000000000
state_house_2024,LEE - ELLIOTT,50,1.000000000000
state_house_2024,ORANGEBURG - ELLOREE 1,93,1.000000000000
state_house_2024,ORANGEBURG - ELLOREE 2,93,1.000000000000
state_house_2024,GREENWOOD - EMERALD,12,1.000000000000
state_house_2024,HORRY - EMERALD FOREST 1,56,1.000000000000
state_house_2024,HORRY - EMERALD FOREST 2,56,1.000000000000
state_house_2024,HORRY - EMERALD FOREST 3,56,1.000000000000
state_house_2024,GREENWOOD - EMERALD HIGH,13,1.000000000000
state_house_2024,LEXINGTON - EMMANUEL CHURCH,88,1.000000000000
state_house_2024,GREENVILLE - ENOREE,19,1.000000000000
state_house_2024,SPARTANBURG - ENOREE FIRST BAPTIST,33,1.000000000000
state_house_2024,SPARTANBURG - ENOREE RIVER,35,1.000000000000
state_house_2024,HORRY - ENTERPRISE 1,68,1.000000000000
state_house_2024,HORRY - ENTERPRISE 2,68,1.000000000000
state_house_2024,GREENWOOD - EPWORTH,13,1.000000000000
state_house_2024,RICHLAND - ESTATES,52,0.000011673566
state_house_2024,RICHLAND - ESTATES,79,0.999988326434
state_house_2024,HAMPTON - ESTILL,122,1.000000000000
state_house_2024,CHESTER - EUREKA MILL,41,0.748463549214
state_house_2024,CHESTER - EUREKA MILL,43,0.251536450786
state_house_2024,ORANGEBURG - EUTAWVILLE 1,95,1.000000000000
state_house_2024,ORANGEBURG - EUTAWVILLE 2,95,1.000000000000
state_house_2024,FLORENCE - EVERGREEN,59,0.000000019980
state_house_2024,FLORENCE - EVERGREEN,60,0.999999980020
state_house_2024,UNION - EXCELSIOR,42,1.000000000000
state_house_2024,CHEROKEE - EZELLS AND BUTLER,30,1.000000000000
state_house_2024,ALLENDALE - FAIRFAX NO. 1,91,1.000000000000
state_house_2024,ALLENDALE - FAIRFAX NO. 2,91,0.999994630961
state_house_2024,ALLENDALE - FAIRFAX NO. 2,122,0.000005369039
state_house_2024,SPARTANBURG - FAIRFOREST ELEMENTARY,36,1.000000000000
state_house_2024,SPARTANBURG - FAIRGROUNDS,31,1.000000000000
state_house_2024,YORK - FAIRGROUNDS,46,0.154624235670
state_house_2024,YORK - FAIRGROUNDS,49,0.845375764330
state_house_2024,GREENWOOD - FAIRHOPE FERRY,12,0.999998243597
state_house_2024,GREENWOOD - FAIRHOPE FERRY,13,0.000001756403
state_house_2024,RICHLAND - FAIRLAWN,73,0.623165463870
state_house_2024,RICHLAND - FAIRLAWN,76,0.000000000857
state_house_2024,RICHLAND - FAIRLAWN,77,0.376834535274
state_house_2024,LEXINGTON - FAIRVIEW,39,0.000000517741
state_house_2024,LEXINGTON - FAIRVIEW,86,0.999999424586
state_house_2024,LEXINGTON - FAIRVIEW,96,0.000000057674
state_house_2024,NEWBERRY - FAIRVIEW,39,0.000000195234
state_house_2024,NEWBERRY - FAIRVIEW,40,0.999999804766
state_house_2024,RICHLAND - FAIRWOLD,73,0.943685715082
state_house_2024,RICHLAND - FAIRWOLD,76,0.056314284918
state_house_2024,LEXINGTON - FAITH CHURCH,69,1.000000000000
state_house_2024,CALHOUN - FALL BRANCH,93,1.000000000000
state_house_2024,GREENVILLE - FEASTER,21,0.001213236189
state_house_2024,GREENVILLE - FEASTER,22,0.998177607983
state_house_2024,GREENVILLE - FEASTER,24,0.000609155828
state_house_2024,FAIRFIELD - FEASTERVILLE,40,0.000060971639
state_house_2024,FAIRFIELD - FEASTERVILLE,41,0.999877140582
state_house_2024,FAIRFIELD - FEASTERVILLE,42,0.000061492391
state_house_2024,FAIRFIELD - FEASTERVILLE,43,0.000000395388
state_house_2024,YORK - FERRY BRANCH,43,0.996657397264
state_house_2024,YORK - FERRY BRANCH,44,0.002895539902
state_house_2024,YORK - FERRY BRANCH,45,0.000447062833
state_house_2024,YORK - FEWELL PARK,46,1.000000000000
state_house_2024,YORK - FIELD DAY,47,0.999999999528
state_house_2024,YORK - FIELD DAY,48,0.000000000472
state_house_2024,BERKELEY - FIFTY-TWO,100,1.000000000000
state_house_2024,YORK - FILBERT,47,1.000000000000
state_house_2024,ANDERSON - FIVE FORKS,6,1.000000000000
state_house_2024,ANDERSON - FLAT ROCK,11,1.000000000000
state_house_2024,PICKENS - FLAT ROCK,3,0.486958017537
state_house_2024,PICKENS - FLAT ROCK,4,0.000000214098
state_house_2024,PICKENS - FLAT ROCK,5,0.510413308900
state_house_2024,PICKENS - FLAT ROCK,6,0.002628459464
state_house_2024,FLORENCE - FLORENCE WARD 1,55,0.603927335589
state_house_2024,FLORENCE - FLORENCE WARD 1,59,0.396072664411
state_house_2024,FLORENCE - FLORENCE WARD 10,59,1.000000000000
state_house_2024,FLORENCE - FLORENCE WARD 11,59,0.284843428943
state_house_2024,FLORENCE - FLORENCE WARD 11,63,0.715156571057
state_house_2024,FLORENCE - FLORENCE WARD 12,60,0.000249965798
state_house_2024,FLORENCE - FLORENCE WARD 12,63,0.999750034202
state_house_2024,FLORENCE - FLORENCE WARD 14,63,1.000000000000
state_house_2024,FLORENCE - FLORENCE WARD 15,59,0.751359778141
state_house_2024,FLORENCE - FLORENCE WARD 15,63,0.248640221859
state_house_2024,FLORENCE - FLORENCE WARD 2,59,0.800385043009
state_house_2024,FLORENCE - FLORENCE WARD 2,63,0.199614956991
state_house_2024,FLORENCE - FLORENCE WARD 3,59,1.000000000000
state_house_2024,FLORENCE - FLORENCE WARD 4,59,0.195927927552
state_house_2024,FLORENCE - FLORENCE WARD 4,63,0.804072072448
state_house_2024,FLORENCE - FLORENCE WARD 5,59,0.718136310948
state_house_2024,FLORENCE - FLORENCE WARD 5,63,0.281863689052
state_house_2024,FLORENCE - FLORENCE WARD 6,63,1.000000000000
state_house_2024,FLORENCE - FLORENCE WARD 7,63,1.000000000000
state_house_2024,FLORENCE - FLORENCE WARD 8,63,1.000000000000
state_house_2024,FLORENCE - FLORENCE WARD 9,55,0.627432508200
state_house_2024,FLORENCE - FLORENCE WARD 9,59,0.372567491800
state_house_2024,DORCHESTER - FLOWERTOWN,114,1.000000000000
state_house_2024,DORCHESTER - FLOWERTOWN 2,114,1.000000000000
state_house_2024,DORCHESTER - FLOWERTOWN 3,94,0.000000140394
state_house_2024,DORCHESTER - FLOWERTOWN 3,97,0.002654454696
state_house_2024,DORCHESTER - FLOWERTOWN 3,114,0.997345404910
state_house_2024,DILLON - FLOYDALE,55,1.000000000000
state_house_2024,CHARLESTON - FOLLY BEACH 1,115,1.000000000000
state_house_2024,CHARLESTON - FOLLY BEACH 2,115,1.000000000000
state_house_2024,GEORGETOWN - FOLLY GROVE,57,0.000000085786
state_house_2024,GEORGETOWN - FOLLY GROVE,103,0.999999914214
state_house_2024,SUMTER - FOLSOM PARK,51,0.993649666288
state_house_2024,SUMTER - FOLSOM PARK,67,0.006350333712
state_house_2024,PICKENS - FOREST ACRES,5,0.999935908439
state_house_2024,PICKENS - FOREST ACRES,10,0.000064091561
state_house_2024,HORRY - FORESTBROOK,61,1.000000000000
state_house_2024,DILLON - FORK,55,1.000000000000
state_house_2024,ANDERSON - FORK NO. 1,8,1.000000000000
state_house_2024,ANDERSON - FORK NO. 2,2,0.000001932511
state_house_2024,ANDERSON - FORK NO. 2,8,0.999998067489
state_house_2024,GREENVILLE - FORK SHOALS,14,0.000006881118
state_house_2024,GREENVILLE - FORK SHOALS,16,0.000013203157
state_house_2024,GREENVILLE - FORK SHOALS,28,0.999979915725
state_house_2024,CHESTER - FORT LAWN,43,0.997909985784
state_house_2024,CHESTER - FORT LAWN,45,0.002090014216
state_house_2024,YORK - FORT MILL NO. 1,26,1.000000000000
state_house_2024,YORK - FORT MILL NO. 2,26,0.999493761280
state_house_2024,YORK - FORT MILL NO. 2,43,0.000000000330
state_house_2024,YORK - FORT MILL NO. 2,44,0.000506238390
state_house_2024,YORK - FORT MILL NO. 3,26,0.999999950578
state_house_2024,YORK - FORT MILL NO. 3,66,0.000000049422
state_house_2024,YORK - FORT MILL NO. 4,26,1.000000000000
state_house_2024,YORK - FORT MILL NO. 5,26,1.000000000000
state_house_2024,YORK - FORT MILL NO. 6,66,1.000000000000
state_house_2024,CALHOUN - FORT MOTTE,64,0.000000015318
state_house_2024,CALHOUN - FORT MOTTE,70,0.000000002244
state_house_2024,CALHOUN - FORT MOTTE,93,0.999999982438
state_house_2024,BERKELEY - FOSTER CREEK 1,15,0.546325354779
state_house_2024,BERKELEY - FOSTER CREEK 1,99,0.453674645221
state_house_2024,BERKELEY - FOSTER CREEK 2,99,1.000000000000
state_house_2024,BERKELEY - FOSTER CREEK 3,99,1.000000000000
state_house_2024,GREENVILLE - FOUNTAIN INN 1,16,0.999994565125
state_house_2024,GREENVILLE - FOUNTAIN INN 1,27,0.000005434875
state_house_2024,GREENVILLE - FOUNTAIN INN 2,14,0.000184811037
state_house_2024,GREENVILLE - FOUNTAIN INN 2,16,0.999815188963
state_house_2024,DORCHESTER - FOUR HOLE,97,0.000000018104
state_house_2024,DORCHESTER - FOUR HOLE,102,0.999999981896
state_house_2024,ORANGEBURG - FOUR HOLES,93,1.000000000000
state_house_2024,HORRY - FOUR MILE,58,1.000000000000
state_house_2024,GREENVILLE - FOX CHASE,18,1.000000000000
state_house_2024,BERKELEY - FOXBANK,100,1.000000000000
state_house_2024,RICHLAND - FRIARSGATE 1,71,1.000000000000
state_house_2024,RICHLAND - FRIARSGATE 2,71,0.999997121081
state_house_2024,RICHLAND - FRIARSGATE 2,85,0.000002878919
state_house_2024,FLORENCE - FRIENDFIELD,60,1.000000000000
state_house_2024,ANDERSON - FRIENDSHIP,7,0.999993512769
state_house_2024,ANDERSON - FRIENDSHIP,11,0.000006487231
state_house_2024,BARNWELL - FRIENDSHIP,90,0.000000036946
state_house_2024,BARNWELL - FRIENDSHIP,91,0.999999963054
state_house_2024,MARION - FRIENDSHIP,57,0.999108875236
state_house_2024,MARION - FRIENDSHIP,59,0.000891124764
state_house_2024,YORK - FRIENDSHIP,43,0.867024156787
state_house_2024,YORK - FRIENDSHIP,44,0.001828389977
state_house_2024,YORK - FRIENDSHIP,46,0.131147453236
state_house_2024,GREENVILLE - FROHAWK,18,1.000000000000
state_house_2024,SALUDA - FRUIT HILL,13,0.004067639588
state_house_2024,SALUDA - FRUIT HILL,39,0.241393449839
state_house_2024,SALUDA - FRUIT HILL,82,0.754538910573
state_house_2024,PICKENS - FRUIT MOUNTAIN,5,1.000000000000
state_house_2024,GREENVILLE - FURMAN,17,0.001573263945
state_house_2024,GREENVILLE - FURMAN,19,0.998426736055
state_house_2024,HAMPTON - FURMAN,122,1.000000000000
state_house_2024,SUMTER - FURMAN,64,0.000609962183
state_house_2024,SUMTER - FURMAN,67,0.999390037817
state_house_2024,SPARTANBURG - GABLE MIDDLE SCHOOL,33,1.000000000000
state_house_2024,RICHLAND - GADSDEN,52,0.000000019484
state_house_2024,RICHLAND - GADSDEN,70,0.999999976948
state_house_2024,RICHLAND - GADSDEN,93,0.000000003567
state_house_2024,CHEROKEE - GAFFNEY WARD NO. 1,30,1.000000000000
state_house_2024,CHEROKEE - GAFFNEY WARD NO. 2,30,1.000000000000
state_house_2024,CHEROKEE - GAFFNEY WARD NO. 3,29,0.995685431338
state_house_2024,CHEROKEE - GAFFNEY WARD NO. 3,30,0.004314568662
state_house_2024,CHEROKEE - GAFFNEY WARD NO. 4,29,0.903492011140
state_house_2024,CHEROKEE - GAFFNEY WARD NO. 4,30,0.096507988860
state_house_2024,CHEROKEE - GAFFNEY WARD NO. 5,29,1.000000000000
state_house_2024,CHEROKEE - GAFFNEY WARD NO. 6,29,1.000000000000
state_house_2024,HORRY - GALIVANTS FERRY,57,1.000000000000
state_house_2024,HORRY - GARDEN CITY 1,106,1.000000000000
state_house_2024,HORRY - GARDEN CITY 2,106,1.000000000000
state_house_2024,HORRY - GARDEN CITY 3,106,1.000000000000
state_house_2024,HORRY - GARDEN CITY 4,106,1.000000000000
state_house_2024,LEXINGTON - GARDENDALE,69,1.000000000000
state_house_2024,RICHLAND - GARNERS,50,0.000000001114
state_house_2024,RICHLAND - GARNERS,52,0.237218404388
state_house_2024,RICHLAND - GARNERS,64,0.000000129753
state_house_2024,RICHLAND - GARNERS,70,0.762781464745
state_house_2024,HAMPTON - GARNETT,122,1.000000000000
state_house_2024,LEXINGTON - GASTON 2,88,0.247598432273
state_house_2024,LEXINGTON - GASTON 2,93,0.000161197684
state_house_2024,LEXINGTON - GASTON 2,96,0.752240370044
state_house_2024,LEXINGTON - GASTON 1,88,0.000105733899
state_house_2024,LEXINGTON - GASTON 1,93,0.998575771768
state_house_2024,LEXINGTON - GASTON 1,96,0.001318494333
state_house_2024,PICKENS - GEORGES CREEK,4,0.517202483515
state_house_2024,PICKENS - GEORGES CREEK,5,0.482797516485
state_house_2024,GREENWOOD - GEORGETOWN,13,1.000000000000
state_house_2024,GEORGETOWN - GEORGETOWN NO. 1,103,0.000001222846
state_house_2024,GEORGETOWN - GEORGETOWN NO. 1,108,0.999998777154
state_house_2024,GEORGETOWN - GEORGETOWN NO. 3,103,0.999999802972
state_house_2024,GEORGETOWN - GEORGETOWN NO. 3,108,0.000000197028
state_house_2024,GEORGETOWN - GEORGETOWN NO. 4,103,0.000008106920
state_house_2024,GEORGETOWN - GEORGETOWN NO. 4,108,0.999991893080
state_house_2024,GEORGETOWN - GEORGETOWN NO. 5,103,0.000000013640
state_house_2024,GEORGETOWN - GEORGETOWN NO. 5,108,0.999999986360
state_house_2024,DORCHESTER - GERMANTOWN,94,1.000000000000
state_house_2024,GREENWOOD - GIDEONS WAY,12,0.988617943606
state_house_2024,GREENWOOD - GIDEONS WAY,13,0.011382056394
state_house_2024,HAMPTON - GIFFORD,122,1.000000000000
state_house_2024,FLORENCE - GILBERT,55,0.525214308733
state_house_2024,FLORENCE - GILBERT,59,0.474785691267
state_house_2024,LEXINGTON - GILBERT,39,1.000000000000
state_house_2024,JASPER - GILLISONVILLE,122,1.000000000000
state_house_2024,DORCHESTER - GIVHANS,97,1.000000000000
state_house_2024,DORCHESTER - GIVHANS 2,97,1.000000000000
state_house_2024,FAIRFIELD - GLADDEN GROVE,41,0.999994913007
state_house_2024,FAIRFIELD - GLADDEN GROVE,43,0.000005086993
state_house_2024,PICKENS - GLASSY MOUNTAIN,4,1.000000000000
state_house_2024,GREENWOOD - GLENDALE,13,1.000000000000
state_house_2024,HORRY - GLENNS BAY,106,1.000000000000
state_house_2024,ANDERSON - GLENVIEW,9,1.000000000000
state_house_2024,ANDERSON - GLUCK MILL,7,0.000002172363
state_house_2024,ANDERSON - GLUCK MILL,11,0.999997827637
state_house_2024,YORK - GOLD HILL,66,1.000000000000
state_house_2024,CHEROKEE - GOUCHER AND THICKETTY,29,0.999999996865
state_house_2024,CHEROKEE - GOUCHER AND THICKETTY,30,0.000000003135
state_house_2024,BAMBERG - GOVAN,90,0.999996517442
state_house_2024,BAMBERG - GOVAN,91,0.000003482558
state_house_2024,GREENVILLE - GOWENSVILLE,17,0.552124859248
state_house_2024,GREENVILLE - GOWENSVILLE,18,0.447823660596
state_house_2024,GREENVILLE - GOWENSVILLE,38,0.000051480156
state_house_2024,GREENWOOD - GRAHAMS GLEN,12,0.000815212453
state_house_2024,GREENWOOD - GRAHAMS GLEN,13,0.999184783969
state_house_2024,GREENWOOD - GRAHAMS GLEN,14,0.000000003578
state_house_2024,JASPER - GRAHAMVILLE 1,120,0.000000007861
state_house_2024,JASPER - GRAHAMVILLE 1,122,0.999999992139
state_house_2024,JASPER - GRAHAMVILLE 2,122,1.000000000000
state_house_2024,SPARTANBURG - GRAMLING METHODIST,38,1.000000000000
state_house_2024,GREENWOOD - GRANDIFLORA GLEN,12,1.000000000000
state_house_2024,GREENVILLE - GRANITE CREEK,18,0.000000063047
state_house_2024,GREENVILLE - GRANITE CREEK,21,0.999988491406
state_house_2024,GREENVILLE - GRANITE CREEK,36,0.000011445546
state_house_2024,CHESTERFIELD - GRANTS MILL,53,0.999723388487
state_house_2024,CHESTERFIELD - GRANTS MILL,54,0.000276611513
state_house_2024,CHEROKEE - GRASSY POND,30,1.000000000000
state_house_2024,JASPER - GRAYS,122,1.000000000000
state_house_2024,GREENVILLE - GRAZE BRANCH,16,0.996705559195
state_house_2024,GREENVILLE - GRAZE BRANCH,27,0.003276315845
state_house_2024,GREENVILLE - GRAZE BRANCH,35,0.000018124961
state_house_2024,CHESTER - GREAT FALLS,41,0.000000308299
state_house_2024,CHESTER - GREAT FALLS,43,0.997479406730
state_house_2024,CHESTER - GREAT FALLS,45,0.002520284970
state_house_2024,SPARTANBURG - GREATER ST. JAMES,37,1.000000000000
state_house_2024,WILLIAMSBURG - GREELEYVILLE,64,0.000000007709
state_house_2024,WILLIAMSBURG - GREELEYVILLE,101,0.999999925699
state_house_2024,WILLIAMSBURG - GREELEYVILLE,102,0.000000066592
state_house_2024,COLLETON - GREEN POND,116,0.002739764214
state_house_2024,COLLETON - GREEN POND,121,0.997260235786
state_house_2024,ANDERSON - GREEN POND STATION A,8,1.000000000000
state_house_2024,HORRY - GREEN SEA,57,1.000000000000
state_house_2024,SUMTER - GREEN SWAMP 1,50,0.000882422407
state_house_2024,SUMTER - GREEN SWAMP 1,64,0.000254637487
state_house_2024,SUMTER - GREEN SWAMP 1,67,0.998862940106
state_house_2024,SUMTER - GREEN SWAMP 2,51,0.004415712752
state_house_2024,SUMTER - GREEN SWAMP 2,67,0.995584287248
state_house_2024,GREENVILLE - GREENBRIAR,27,0.994901291287
state_house_2024,GREENVILLE - GREENBRIAR,28,0.005098708713
state_house_2024,FAIRFIELD - GREENBRIER,41,0.999419670181
state_house_2024,FAIRFIELD - GREENBRIER,73,0.000005489935
state_house_2024,FAIRFIELD - GREENBRIER,77,0.000574839884
state_house_2024,DORCHESTER - GREENHURST,94,0.998613545536
state_house_2024,DORCHESTER - GREENHURST,113,0.001386454464
state_house_2024,RICHLAND - GREENVIEW,73,0.001506516517
state_house_2024,RICHLAND - GREENVIEW,76,0.998493483483
state_house_2024,GREENVILLE - GREENVILLE 1,20,0.180309966965
state_house_2024,GREENVILLE - GREENVILLE 1,22,0.819687578123
state_house_2024,GREENVILLE - GREENVILLE 1,23,0.000002454911
state_house_2024,GREENVILLE - GREENVILLE 10,22,0.000003490038
state_house_2024,GREENVILLE - GREENVILLE 10,23,0.584606130343
state_house_2024,GREENVILLE - GREENVILLE 10,24,0.415390379619
state_house_2024,GREENVILLE - GREENVILLE 14,23,0.999975844577
state_house_2024,GREENVILLE - GREENVILLE 14,24,0.000024155423
state_house_2024,GREENVILLE - GREENVILLE 16,23,0.000085904211
state_house_2024,GREENVILLE - GREENVILLE 16,24,0.999914095789
state_house_2024,GREENVILLE - GREENVILLE 17,23,0.226260135363
state_house_2024,GREENVILLE - GREENVILLE 17,24,0.773739864637
state_house_2024,GREENVILLE - GREENVILLE 18,24,0.998574771324
state_house_2024,GREENVILLE - GREENVILLE 18,25,0.001425228676
state_house_2024,GREENVILLE - GREENVILLE 19,24,0.035783688188
state_house_2024,GREENVILLE - GREENVILLE 19,25,0.964216311812
state_house_2024,GREENVILLE - GREENVILLE 20,24,0.880418687725
state_house_2024,GREENVILLE - GREENVILLE 20,25,0.119581312275
state_house_2024,GREENVILLE - GREENVILLE 21,23,0.115059419072
state_house_2024,GREENVILLE - GREENVILLE 21,24,0.884940580928
state_house_2024,GREENVILLE - GREENVILLE 22,23,0.000451454716
state_house_2024,GREENVILLE - GREENVILLE 22,24,0.999548545284
state_house_2024,GREENVILLE - GREENVILLE 23,23,0.054289501993
state_house_2024,GREENVILLE - GREENVILLE 23,24,0.945427554972
state_house_2024,GREENVILLE - GREENVILLE 23,25,0.000282943035
state_house_2024,GREENVILLE - GREENVILLE 24,22,0.203624683639
state_house_2024,GREENVILLE - GREENVILLE 24,23,0.236216448991
state_house_2024,GREENVILLE - GREENVILLE 24,24,0.560148563070
state_house_2024,GREENVILLE - GREENVILLE 24,25,0.000010304300
state_house_2024,GREENVILLE - GREENVILLE 25,22,0.170251361259
state_house_2024,GREENVILLE - GREENVILLE 25,23,0.829748638741
state_house_2024,GREENVILLE - GREENVILLE 26,22,0.000090174281
state_house_2024,GREENVILLE - GREENVILLE 26,23,0.999909825719
state_house_2024,GREENVILLE - GREENVILLE 27,20,0.199332235992
state_house_2024,GREENVILLE - GREENVILLE 27,22,0.799984889354
state_house_2024,GREENVILLE - GREENVILLE 27,23,0.000682874655
state_house_2024,GREENVILLE - GREENVILLE 28,22,0.536670864279
state_house_2024,GREENVILLE - GREENVILLE 28,23,0.463329135721
state_house_2024,GREENVILLE - GREENVILLE 29,24,0.003585332257
state_house_2024,GREENVILLE - GREENVILLE 29,25,0.983223077124
state_house_2024,GREENVILLE - GREENVILLE 29,28,0.013191590619
state_house_2024,GREENVILLE - GREENVILLE 3,22,0.999649619360
state_house_2024,GREENVILLE - GREENVILLE 3,23,0.000350380640
state_house_2024,GREENVILLE - GREENVILLE 4,22,0.217585005500
state_house_2024,GREENVILLE - GREENVILLE 4,23,0.782414994500
state_house_2024,GREENVILLE - GREENVILLE 5,22,0.348917744264
state_house_2024,GREENVILLE - GREENVILLE 5,23,0.651082255736
state_house_2024,GREENVILLE - GREENVILLE 6,19,0.000268728224
state_house_2024,GREENVILLE - GREENVILLE 6,23,0.999731271776
state_house_2024,GREENVILLE - GREENVILLE 7,23,1.000000000000
state_house_2024,GREENVILLE - GREENVILLE 8,23,0.984238732895
state_house_2024,GREENVILLE - GREENVILLE 8,24,0.015761267105
state_house_2024,DORCHESTER - GREENWAVE,94,0.999999251090
state_house_2024,DORCHESTER - GREENWAVE,114,0.000000748910
state_house_2024,FLORENCE - GREENWOOD,59,1.000000000000
state_house_2024,GREENWOOD - GREENWOOD HIGH,12,0.000640890699
state_house_2024,GREENWOOD - GREENWOOD HIGH,13,0.999359109301
state_house_2024,GREENWOOD - GREENWOOD MILL,12,0.166799587389
state_house_2024,GREENWOOD - GREENWOOD MILL,13,0.833200412611
state_house_2024,RICHLAND - GREGG PARK,75,0.495037835094
state_house_2024,RICHLAND - GREGG PARK,78,0.504962164906
state_house_2024,LEXINGTON - GRENADIER,69,0.491138104291
state_house_2024,LEXINGTON - GRENADIER,85,0.508861895709
state_house_2024,PICKENS - GRIFFIN,4,1.000000000000
state_house_2024,GREENVILLE - GROVE,10,0.040876831328
state_house_2024,GREENVILLE - GROVE,25,0.959123168672
state_house_2024,DORCHESTER - GROVER,90,1.000000000000
state_house_2024,ANDERSON - HALL,7,0.999999989191
state_house_2024,ANDERSON - HALL,11,0.000000010809
state_house_2024,ABBEVILLE - HALLS STORE,11,1.000000000000
state_house_2024,CHESTER - HALSELLVILLE,41,0.999964740174
state_house_2024,CHESTER - HALSELLVILLE,43,0.000035259826
state_house_2024,DILLON - HAMER,55,1.000000000000
state_house_2024,ANDERSON - HAMMOND ANNEX,6,0.000000840032
state_house_2024,ANDERSON - HAMMOND ANNEX,9,0.999999159968
state_house_2024,ANDERSON - HAMMOND SCHOOL,6,0.000001421768
state_house_2024,ANDERSON - HAMMOND SCHOOL,9,0.999998578232
state_house_2024,RICHLAND - HAMPTON,72,0.075004601223
state_house_2024,RICHLAND - HAMPTON,75,0.924995398777
state_house_2024,YORK - HAMPTON MILL,47,1.000000000000
state_house_2024,HAMPTON - HAMPTON NO. 1,122,1.000000000000
state_house_2024,HAMPTON - HAMPTON NO. 2,122,1.000000000000
state_house_2024,SUMTER - HAMPTON PARK,51,0.010617244365
state_house_2024,SUMTER - HAMPTON PARK,67,0.989382755635
state_house_2024,BERKELEY - HANAHAN 1,15,0.097102438544
state_house_2024,BERKELEY - HANAHAN 1,99,0.902897561456
state_house_2024,BERKELEY - HANAHAN 2,99,1.000000000000
state_house_2024,BERKELEY - HANAHAN 3,99,0.998100196996
state_house_2024,BERKELEY - HANAHAN 3,113,0.001899803004
state_house_2024,BERKELEY - HANAHAN 4,99,0.975506937907
state_house_2024,BERKELEY - HANAHAN 4,113,0.024493062093
state_house_2024,BERKELEY - HANAHAN 5,99,1.000000000000
state_house_2024,YORK - HANDS MILL,47,0.373649368633
state_house_2024,YORK - HANDS MILL,48,0.626350631367
state_house_2024,SPARTANBURG - HANGING ROCK,37,1.000000000000
state_house_2024,FLORENCE - HANNAH,60,1.000000000000
state_house_2024,RICHLAND - HARBISON 1,73,0.994685196054
state_house_2024,RICHLAND - HARBISON 1,85,0.005314803946
state_house_2024,RICHLAND - HARBISON 2,73,1.000000000000
state_house_2024,BERKELEY - HARBOUR LAKE,15,1.000000000000
state_house_2024,JASPER - HARDEEVILLE 3,122,1.000000000000
state_house_2024,JASPER - HARDEEVILLE 1,118,0.000000000025
state_house_2024,JASPER - HARDEEVILLE 1,122,0.999999991457
state_house_2024,JASPER - HARDEEVILLE 1,123,0.000000008518
state_house_2024,JASPER - HARDEEVILLE 2,122,1.000000000000
state_house_2024,DORCHESTER - HARLEYVILLE,95,0.000082393302
state_house_2024,DORCHESTER - HARLEYVILLE,97,0.000000008115
state_house_2024,DORCHESTER - HARLEYVILLE,102,0.999917598583
state_house_2024,EDGEFIELD - HARMONY,82,1.000000000000
state_house_2024,WILLIAMSBURG - HARMONY,57,0.000522839632
state_house_2024,WILLIAMSBURG - HARMONY,101,0.999477156821
state_house_2024,WILLIAMSBURG - HARMONY,103,0.000000003547
state_house_2024,GREENWOOD - HARRIS,13,1.000000000000
state_house_2024,NEWBERRY - HARTFORD,40,1.000000000000
state_house_2024,DARLINGTON - HARTSVILLE NO. 1,62,0.002525950224
state_house_2024,DARLINGTON - HARTSVILLE NO. 1,65,0.997474049776
state_house_2024,DARLINGTON - HARTSVILLE NO. 4,62,0.995935224698
state_house_2024,DARLINGTON - HARTSVILLE NO. 4,65,0.004064775302
state_house_2024,DARLINGTON - HARTSVILLE NO. 5,62,0.004267034053
state_house_2024,DARLINGTON - HARTSVILLE NO. 5,65,0.995732965947
state_house_2024,DARLINGTON - HARTSVILLE NO. 6,62,0.988389515427
state_house_2024,DARLINGTON - HARTSVILLE NO. 6,65,0.011610484573
state_house_2024,DARLINGTON - HARTSVILLE NO. 7,53,0.000064685225
state_house_2024,DARLINGTON - HARTSVILLE NO. 7,62,0.998160767917
state_house_2024,DARLINGTON - HARTSVILLE NO. 7,65,0.001774546858
state_house_2024,DARLINGTON - HARTSVILLE NO. 8,65,1.000000000000
state_house_2024,DARLINGTON - HARTSVILLE NO. 9,53,0.000689332915
state_house_2024,DARLINGTON - HARTSVILLE NO. 9,62,0.187708279155
state_house_2024,DARLINGTON - HARTSVILLE NO. 9,65,0.811602387931
state_house_2024,YORK - HARVEST,46,1.000000000000
state_house_2024,SPARTANBURG - HAYNE,31,0.092817454932
state_house_2024,SPARTANBURG - HAYNE,32,0.517113956409
state_house_2024,SPARTANBURG - HAYNE,37,0.390068588659
state_house_2024,CHESTER - HAZELWOOD,41,0.000000432144
state_house_2024,CHESTER - HAZELWOOD,43,0.999999567856
state_house_2024,BARNWELL - HEALING SPRINGS,90,0.000000472581
state_house_2024,BARNWELL - HEALING SPRINGS,91,0.999999527419
state_house_2024,SPARTANBURG - HEARON CIRCLE,31,0.692406789981
state_house_2024,SPARTANBURG - HEARON CIRCLE,32,0.307593210019
state_house_2024,WILLIAMSBURG - HEBRON,64,0.000000693984
state_house_2024,WILLIAMSBURG - HEBRON,101,0.999999306016
state_house_2024,NEWBERRY - HELENA,40,1.000000000000
state_house_2024,WILLIAMSBURG - HEMINGWAY,57,0.999997116077
state_house_2024,WILLIAMSBURG - HEMINGWAY,60,0.000002883923
state_house_2024,COLLETON - HENDERSONVILLE,121,0.999999999081
state_house_2024,COLLETON - HENDERSONVILLE,122,0.000000000919
state_house_2024,SPARTANBURG - HENDRIX ELEMENTARY,37,1.000000000000
state_house_2024,WILLIAMSBURG - HENRY-POPLAR HILL,57,0.999893362182
state_house_2024,WILLIAMSBURG - HENRY-POPLAR HILL,101,0.000106633525
state_house_2024,WILLIAMSBURG - HENRY-POPLAR HILL,103,0.000000004294
state_house_2024,HORRY - HICKORY GROVE,105,1.000000000000
state_house_2024,YORK - HICKORY GROVE,29,0.999944943729
state_house_2024,YORK - HICKORY GROVE,30,0.000055056271
state_house_2024,LEE - HICKORY HILL,50,1.000000000000
state_house_2024,FAIRFIELD - HICKORY RIDGE,41,1.000000000000
state_house_2024,SALUDA - HIGGINS-ZOAR,39,0.999999995062
state_house_2024,SALUDA - HIGGINS-ZOAR,40,0.000000004938
state_house_2024,DARLINGTON - HIGH HILL,62,0.993385148045
state_house_2024,DARLINGTON - HIGH HILL,63,0.006614851955
state_house_2024,FLORENCE - HIGH HILL,60,1.000000000000
state_house_2024,ANDERSON - HIGH POINT,7,1.000000000000
state_house_2024,YORK - HIGHLAND PARK,49,1.000000000000
state_house_2024,BAMBERG - HIGHTOWERS MILL,90,0.999850604655
state_house_2024,BAMBERG - HIGHTOWERS MILL,91,0.000149395345
state_house_2024,BARNWELL - HILDA,90,0.000000226818
state_house_2024,BARNWELL - HILDA,91,0.999999773182
state_house_2024,GREENVILLE - HILLCREST,16,0.001344551500
state_house_2024,GREENVILLE - HILLCREST,27,0.998655448500
state_house_2024,SUMTER - HILLCREST,50,0.998901735369
state_house_2024,SUMTER - HILLCREST,51,0.000113293653
state_house_2024,SUMTER - HILLCREST,64,0.000984970979
state_house_2024,BERKELEY - HILTON CROSS ROADS,95,0.000000036014
state_house_2024,BERKELEY - HILTON CROSS ROADS,102,0.999999963986
state_house_2024,KERSHAW - HOBKIRKS HILL,70,1.000000000000
state_house_2024,GREENWOOD - HODGES,11,0.000000107944
state_house_2024,GREENWOOD - HODGES,13,0.999999892056
state_house_2024,YORK - HOLLIS LAKES,46,1.000000000000
state_house_2024,LEXINGTON - HOLLOW CREEK,39,0.999999945108
state_house_2024,LEXINGTON - HOLLOW CREEK,87,0.000000054892
state_house_2024,SALUDA - HOLLY,39,1.000000000000
state_house_2024,CHEROKEE - HOLLY GROVE AND BUFFALO,30,1.000000000000
state_house_2024,ORANGEBURG - HOLLY HILL 1,95,1.000000000000
state_house_2024,ORANGEBURG - HOLLY HILL 2,95,1.000000000000
state_house_2024,PICKENS - HOLLY SPRINGS,1,0.581973314680
state_house_2024,PICKENS - HOLLY SPRINGS,4,0.418026685320
state_house_2024,SPARTANBURG - HOLLY SPRINGS BAPTIST,38,1.000000000000
state_house_2024,SPARTANBURG - HOLLY SPRINGS MOTLOW,36,0.000000013630
state_house_2024,SPARTANBURG - HOLLY SPRINGS MOTLOW,38,0.999999986370
state_house_2024,GREENVILLE - HOLLY TREE,16,0.000042613905
state_house_2024,GREENVILLE - HOLLY TREE,27,0.184533806312
state_house_2024,GREENVILLE - HOLLY TREE,35,0.815423579783
state_house_2024,SALUDA - HOLLYWOOD,39,1.000000000000
state_house_2024,SALUDA - HOLSTONS,39,0.999988862363
state_house_2024,SALUDA - HOLSTONS,86,0.000011137637
state_house_2024,SPARTANBURG - HOLY COMMUNION,31,0.801825751984
state_house_2024,SPARTANBURG - HOLY COMMUNION,34,0.198174248016
state_house_2024,ANDERSON - HOMELAND PARK,7,0.000003152965
state_house_2024,ANDERSON - HOMELAND PARK,11,0.999996847035
state_house_2024,HORRY - HOMEWOOD,58,0.812333033308
state_house_2024,HORRY - HOMEWOOD,105,0.187666966692
state_house_2024,ANDERSON - HONEA PATH,7,1.000000000000
state_house_2024,LEXINGTON - HOOKS STORE,89,1.000000000000
state_house_2024,SPARTANBURG - HOPE,34,0.615313271881
state_house_2024,SPARTANBURG - HOPE,37,0.384686728119
state_house_2024,GREENWOOD - HOPES FERRY,12,1.000000000000
state_house_2024,ANDERSON - HOPEWELL,6,1.000000000000
state_house_2024,HAMPTON - HOPEWELL,122,1.000000000000
state_house_2024,YORK - HOPEWELL,43,0.443334435747
state_house_2024,YORK - HOPEWELL,46,0.556665564253
state_house_2024,RICHLAND - HOPKINS 1,70,0.999852465741
state_house_2024,RICHLAND - HOPKINS 1,72,0.000147529424
state_house_2024,RICHLAND - HOPKINS 1,93,0.000000004835
state_house_2024,RICHLAND - HOPKINS 2,52,0.000000012432
state_house_2024,RICHLAND - HOPKINS 2,70,0.999999987568
state_house_2024,SUMTER - HORATIO,50,0.000224947094
state_house_2024,SUMTER - HORATIO,64,0.999491107842
state_house_2024,SUMTER - HORATIO,67,0.000136193235
state_house_2024,SUMTER - HORATIO,70,0.000147751829
state_house_2024,FAIRFIELD - HOREB-GLENN,41,1.000000000000
state_house_2024,RICHLAND - HORRELL HILL,52,0.999999984838
state_house_2024,RICHLAND - HORRELL HILL,78,0.000000015162
state_house_2024,HORRY - HORRY,58,1.000000000000
state_house_2024,HAMPTON - HORSE GALL,122,1.000000000000
state_house_2024,COLLETON - HORSE PEN,97,1.000000000000
state_house_2024,BERKELEY - HORSESHOE,100,0.818660228874
state_house_2024,BERKELEY - HORSESHOE,117,0.181339771126
state_house_2024,BERKELEY - HOWE HALL 1,15,0.999861361377
state_house_2024,BERKELEY - HOWE HALL 1,92,0.000138638623
state_house_2024,BERKELEY - HOWE HALL 2,15,0.999996690387
state_house_2024,BERKELEY - HOWE HALL 2,92,0.000003309613
state_house_2024,COLLETON - HUDSON MILL,97,1.000000000000
state_house_2024,BERKELEY - HUGER,103,0.999967693987
state_house_2024,BERKELEY - HUGER,108,0.000032306013
state_house_2024,ANDERSON - HUNT MEADOWS,6,0.000000059942
state_house_2024,ANDERSON - HUNT MEADOWS,10,0.999999940058
state_house_2024,BAMBERG - HUNTERS CHAPEL,90,1.000000000000
state_house_2024,RICHLAND - HUNTING CREEK,52,1.000000000000
state_house_2024,YORK - INDEPENDENCE,43,0.999999682395
state_house_2024,YORK - INDEPENDENCE,49,0.000000317605
state_house_2024,YORK - INDIA HOOK,48,1.000000000000
state_house_2024,DARLINGTON - INDIAN BRANCH,62,1.000000000000
state_house_2024,DORCHESTER - INDIAN FIELD,95,1.000000000000
state_house_2024,DORCHESTER - INDIAN FIELD 2,95,1.000000000000
state_house_2024,WILLIAMSBURG - INDIANTOWN,57,0.239575804505
state_house_2024,WILLIAMSBURG - INDIANTOWN,101,0.760424195495
state_house_2024,HORRY - INLAND,103,1.000000000000
state_house_2024,SPARTANBURG - INMAN,37,0.501507074760
state_house_2024,SPARTANBURG - INMAN,38,0.498492925240
state_house_2024,LEE - IONIA,50,1.000000000000
state_house_2024,LEXINGTON - IRMO,71,0.000006007235
state_house_2024,LEXINGTON - IRMO,85,0.999993992765
state_house_2024,DORCHESTER - IRONGATE,98,1.000000000000
state_house_2024,DORCHESTER - IRONGATE 2,94,1.000000000000
state_house_2024,DORCHESTER - IRONGATE 3,98,1.000000000000
state_house_2024,CHARLESTON - ISLE OF PALMS 1A,112,1.000000000000
state_house_2024,CHARLESTON - ISLE OF PALMS 1B,112,1.000000000000
state_house_2024,CHARLESTON - ISLE OF PALMS 1C,112,1.000000000000
state_house_2024,PICKENS - ISSAQUEENA,3,1.000000000000
state_house_2024,ANDERSON - IVA,7,0.999999382590
state_house_2024,ANDERSON - IVA,11,0.000000617410
state_house_2024,HORRY - JACKSON BLUFF,58,0.927365934811
state_house_2024,HORRY - JACKSON BLUFF,68,0.072634065189
state_house_2024,ANDERSON - JACKSON MILL,7,0.208553337061
state_house_2024,ANDERSON - JACKSON MILL,11,0.791446662939
state_house_2024,COLLETON - JACKSONBORO,97,0.358853320649
state_house_2024,COLLETON - JACKSONBORO,116,0.000843048311
state_house_2024,COLLETON - JACKSONBORO,121,0.640303631041
state_house_2024,CHARLESTON - JAMES ISLAND 10,110,0.000792565802
state_house_2024,CHARLESTON - JAMES ISLAND 10,115,0.999207434198
state_house_2024,CHARLESTON - JAMES ISLAND 11,110,0.999998871724
state_house_2024,CHARLESTON - JAMES ISLAND 11,115,0.000001128276
state_house_2024,CHARLESTON - JAMES ISLAND 12,110,0.999999129536
state_house_2024,CHARLESTON - JAMES ISLAND 12,115,0.000000870464
state_house_2024,CHARLESTON - JAMES ISLAND 13,110,1.000000000000
state_house_2024,CHARLESTON - JAMES ISLAND 14,110,0.998318326190
state_house_2024,CHARLESTON - JAMES ISLAND 14,115,0.001681673810
state_house_2024,CHARLESTON - JAMES ISLAND 15,110,0.000401847879
state_house_2024,CHARLESTON - JAMES ISLAND 15,115,0.999598152121
state_house_2024,CHARLESTON - JAMES ISLAND 17,110,0.903481615060
state_house_2024,CHARLESTON - JAMES ISLAND 17,115,0.096518384940
state_house_2024,CHARLESTON - JAMES ISLAND 19,110,0.000000720371
state_house_2024,CHARLESTON - JAMES ISLAND 19,115,0.999992511652
state_house_2024,CHARLESTON - JAMES ISLAND 19,119,0.000006767977
state_house_2024,CHARLESTON - JAMES ISLAND 1A,115,0.999988228774
state_house_2024,CHARLESTON - JAMES ISLAND 1A,119,0.000011771226
state_house_2024,CHARLESTON - JAMES ISLAND 1B,115,0.639278989505
state_house_2024,CHARLESTON - JAMES ISLAND 1B,119,0.360721010495
state_house_2024,CHARLESTON - JAMES ISLAND 20,115,0.997729109686
state_house_2024,CHARLESTON - JAMES ISLAND 20,119,0.002270890314
state_house_2024,CHARLESTON - JAMES ISLAND 22,115,0.000001172176
state_house_2024,CHARLESTON - JAMES ISLAND 22,119,0.999998827824
state_house_2024,CHARLESTON - JAMES ISLAND 3,115,0.000018902718
state_house_2024,CHARLESTON - JAMES ISLAND 3,119,0.999981097282
state_house_2024,CHARLESTON - JAMES ISLAND 5A,110,0.000000754218
state_house_2024,CHARLESTON - JAMES ISLAND 5A,115,0.999999245782
state_house_2024,CHARLESTON - JAMES ISLAND 5B,110,0.000000042767
state_house_2024,CHARLESTON - JAMES ISLAND 5B,115,0.999999957233
state_house_2024,CHARLESTON - JAMES ISLAND 6,110,0.000001386486
state_house_2024,CHARLESTON - JAMES ISLAND 6,115,0.999998613514
state_house_2024,CHARLESTON - JAMES ISLAND 7,115,0.999999733468
state_house_2024,CHARLESTON - JAMES ISLAND 7,119,0.000000266532
state_house_2024,CHARLESTON - JAMES ISLAND 8A,115,0.998454856999
state_house_2024,CHARLESTON - JAMES ISLAND 8A,119,0.001545143001
state_house_2024,CHARLESTON - JAMES ISLAND 8B,115,0.999595801950
state_house_2024,CHARLESTON - JAMES ISLAND 8B,119,0.000404198050
state_house_2024,CHARLESTON - JAMES ISLAND 9,115,0.999999433943
state_house_2024,CHARLESTON - JAMES ISLAND 9,119,0.000000566057
state_house_2024,BERKELEY - JAMESTOWN,101,0.327946577250
state_house_2024,BERKELEY - JAMESTOWN,103,0.672053422750
state_house_2024,HORRY - JAMESTOWN,58,1.000000000000
state_house_2024,ORANGEBURG - JAMISON,93,1.000000000000
state_house_2024,CHESTERFIELD - JEFFERSON,53,0.000658764350
state_house_2024,CHESTERFIELD - JEFFERSON,65,0.999341235650
state_house_2024,FAIRFIELD - JENKINSVILLE,40,0.000018521593
state_house_2024,FAIRFIELD - JENKINSVILLE,41,0.999526733454
state_house_2024,FAIRFIELD - JENKINSVILLE,71,0.000009339487
state_house_2024,FAIRFIELD - JENKINSVILLE,73,0.000445405466
state_house_2024,GREENVILLE - JENNINGS MILL,4,0.000681834655
state_house_2024,GREENVILLE - JENNINGS MILL,17,0.999318165345
state_house_2024,HORRY - JERNIGANS X ROADS,57,0.775508286074
state_house_2024,HORRY - JERNIGANS X ROADS,105,0.224491713926
state_house_2024,SPARTANBURG - JESSE BOBO ELEMENTARY,31,1.000000000000
state_house_2024,SPARTANBURG - JESSE BOYD ELEMENTARY,32,1.000000000000
state_house_2024,HORRY - JET PORT 1,106,0.000000359256
state_house_2024,HORRY - JET PORT 1,107,0.999999640744
state_house_2024,HORRY - JET PORT 2,106,0.999787436363
state_house_2024,HORRY - JET PORT 2,107,0.000212563637
state_house_2024,HORRY - JET PORT 3,107,1.000000000000
state_house_2024,HORRY - JET PORT 4,61,0.000000643823
state_house_2024,HORRY - JET PORT 4,107,0.999999356177
state_house_2024,CHARLESTON - JOHNS ISLAND 1A,116,1.000000000000
state_house_2024,CHARLESTON - JOHNS ISLAND 1B,115,0.074898209466
state_house_2024,CHARLESTON - JOHNS ISLAND 1B,116,0.925035698254
state_house_2024,CHARLESTON - JOHNS ISLAND 1B,119,0.000066092280
state_house_2024,CHARLESTON - JOHNS ISLAND 2,115,0.000000200703
state_house_2024,CHARLESTON - JOHNS ISLAND 2,116,0.000005592921
state_house_2024,CHARLESTON - JOHNS ISLAND 2,119,0.999994206376
state_house_2024,CHARLESTON - JOHNS ISLAND 3A,115,0.614157378424
state_house_2024,CHARLESTON - JOHNS ISLAND 3A,116,0.000000109879
state_house_2024,CHARLESTON - JOHNS ISLAND 3A,119,0.385842511697
state_house_2024,CHARLESTON - JOHNS ISLAND 3B,115,1.000000000000
state_house_2024,CHARLESTON - JOHNS ISLAND 4,115,0.865308543212
state_house_2024,CHARLESTON - JOHNS ISLAND 4,119,0.134691456788
state_house_2024,FLORENCE - JOHNSONVILLE,57,0.000102282831
state_house_2024,FLORENCE - JOHNSONVILLE,60,0.999897717169
state_house_2024,EDGEFIELD - JOHNSTON NO. 2,82,1.000000000000
state_house_2024,EDGEFIELD - JOHNSTON NO. 1,82,1.000000000000
state_house_2024,NEWBERRY - JOHNSTONE,40,1.000000000000
state_house_2024,UNION - JONESVILLE BOX 1,29,0.000028043744
state_house_2024,UNION - JONESVILLE BOX 1,42,0.999971956256
state_house_2024,UNION - JONESVILLE BOX 2,42,1.000000000000
state_house_2024,HORRY - JUNIPER BAY,58,1.000000000000
state_house_2024,YORK - KANAWHA,26,0.000000052330
state_house_2024,YORK - KANAWHA,66,0.999999947670
state_house_2024,BAMBERG - KEARSE,90,0.999999618100
state_house_2024,BAMBERG - KEARSE,91,0.000000381900
state_house_2024,RICHLAND - KEELS 1,73,0.000041748929
state_house_2024,RICHLAND - KEELS 1,76,0.999940487136
state_house_2024,RICHLAND - KEELS 1,77,0.000017763935
state_house_2024,RICHLAND - KEELS 2,73,0.762351763538
state_house_2024,RICHLAND - KEELS 2,76,0.237096018747
state_house_2024,RICHLAND - KEELS 2,77,0.000552217715
state_house_2024,RICHLAND - KEENAN,74,0.481396822182
state_house_2024,RICHLAND - KEENAN,75,0.000173314883
state_house_2024,RICHLAND - KEENAN,76,0.496191254856
state_house_2024,RICHLAND - KEENAN,78,0.022238608079
state_house_2024,DARLINGTON - KELLEYTOWN,50,0.000005638089
state_house_2024,DARLINGTON - KELLEYTOWN,65,0.999994361911
state_house_2024,RICHLAND - KELLY MILL,41,0.999869955324
state_house_2024,RICHLAND - KELLY MILL,52,0.000000002237
state_house_2024,RICHLAND - KELLY MILL,79,0.000130042439
state_house_2024,UNION - KELTON,29,0.000000002071
state_house_2024,UNION - KELTON,41,0.000054386641
state_house_2024,UNION - KELTON,42,0.999945611288
state_house_2024,DILLON - KEMPER,55,1.000000000000
state_house_2024,GEORGETOWN - KENSINGTON,103,0.425017951105
state_house_2024,GEORGETOWN - KENSINGTON,108,0.574982048895
state_house_2024,ABBEVILLE - KEOWEE,7,0.000759012316
state_house_2024,ABBEVILLE - KEOWEE,11,0.999240987684
state_house_2024,CHARLESTON - KIAWAH ISLAND,115,1.000000000000
state_house_2024,GREENVILLE - KILGORE FARMS,16,0.000543854156
state_house_2024,GREENVILLE - KILGORE FARMS,35,0.999456145844
state_house_2024,RICHLAND - KILLIAN,77,1.000000000000
state_house_2024,NEWBERRY - KINARDS-JALAPA,40,1.000000000000
state_house_2024,DORCHESTER - KINGS GRANT,98,0.997246383503
state_house_2024,DORCHESTER - KINGS GRANT,109,0.002753616497
state_house_2024,DORCHESTER - KINGS GRANT 2,98,0.003779179121
state_house_2024,DORCHESTER - KINGS GRANT 2,114,0.996220820879
state_house_2024,FLORENCE - KINGSBURG-STONE,57,0.000000009511
state_house_2024,FLORENCE - KINGSBURG-STONE,60,0.999999990489
state_house_2024,WILLIAMSBURG - KINGSTREE NO. 1,101,1.000000000000
state_house_2024,WILLIAMSBURG - KINGSTREE NO. 2,101,1.000000000000
state_house_2024,WILLIAMSBURG - KINGSTREE NO. 3,101,1.000000000000
state_house_2024,WILLIAMSBURG - KINGSTREE NO. 4,101,1.000000000000
state_house_2024,RICHLAND - KINGSWOOD,72,0.000002451819
state_house_2024,RICHLAND - KINGSWOOD,73,0.000000416638
state_house_2024,RICHLAND - KINGSWOOD,74,0.999997131543
state_house_2024,LEXINGTON - KITTI WAKE,69,0.000624924675
state_house_2024,LEXINGTON - KITTI WAKE,88,0.999375075325
state_house_2024,BARNWELL - KLINE,90,0.000000979035
state_house_2024,BARNWELL - KLINE,91,0.999999020965
state_house_2024,DORCHESTER - KNIGHTSVILLE,94,0.000000135874
state_house_2024,DORCHESTER - KNIGHTSVILLE,97,0.999870875593
state_house_2024,DORCHESTER - KNIGHTSVILLE,114,0.000128988533
state_house_2024,GREENWOOD - LACO,12,0.999986996005
state_house_2024,GREENWOOD - LACO,13,0.000013003995
state_house_2024,CHARLESTON - LADSON,92,0.013019315830
state_house_2024,CHARLESTON - LADSON,94,0.313741435293
state_house_2024,CHARLESTON - LADSON,113,0.673239248877
state_house_2024,ANDERSON - LAFRANCE,6,0.784442179806
state_house_2024,ANDERSON - LAFRANCE,8,0.215557820194
state_house_2024,SPARTANBURG - LAKE BOWEN BAPTIST,38,1.000000000000
state_house_2024,RICHLAND - LAKE CAROLINA,41,0.000001179390
state_house_2024,RICHLAND - LAKE CAROLINA,52,0.000000004195
state_house_2024,RICHLAND - LAKE CAROLINA,77,0.000000851689
state_house_2024,RICHLAND - LAKE CAROLINA,79,0.999997964726
state_house_2024,FLORENCE - LAKE CITY NO. 1,101,1.000000000000
state_house_2024,FLORENCE - LAKE CITY NO. 2,60,0.000000030712
state_house_2024,FLORENCE - LAKE CITY NO. 2,101,0.999999969288
state_house_2024,FLORENCE - LAKE CITY NO. 3,60,0.000000375031
state_house_2024,FLORENCE - LAKE CITY NO. 3,101,0.999999624969
state_house_2024,FLORENCE - LAKE CITY NO. 4,101,1.000000000000
state_house_2024,SPARTANBURG - LAKE COOLEY,36,0.818795074874
state_house_2024,SPARTANBURG - LAKE COOLEY,37,0.181204925126
state_house_2024,LEXINGTON - LAKE MURRAY 2,39,0.000151585455
state_house_2024,LEXINGTON - LAKE MURRAY 2,87,0.999848414545
state_house_2024,LEXINGTON - LAKE MURRAY 1,87,1.000000000000
state_house_2024,HORRY - LAKE PARK 1,68,1.000000000000
state_house_2024,HORRY - LAKE PARK 2,61,1.000000000000
state_house_2024,HORRY - LAKE PARK 3,68,1.000000000000
state_house_2024,DARLINGTON - LAKE SWAMP,62,0.997718025438
state_house_2024,DARLINGTON - LAKE SWAMP,63,0.002281974562
state_house_2024,DILLON - LAKE VIEW,55,1.000000000000
state_house_2024,YORK - LAKESHORE,48,1.000000000000
state_house_2024,ANDERSON - LAKESIDE,8,1.000000000000
state_house_2024,GREENVILLE - LAKEVIEW,19,0.779540606961
state_house_2024,GREENVILLE - LAKEVIEW,23,0.220459393039
state_house_2024,YORK - LAKEWOOD,48,1.000000000000
state_house_2024,DARLINGTON - LAMAR NO. 1,50,0.000010641915
state_house_2024,DARLINGTON - LAMAR NO. 1,62,0.999989358085
state_house_2024,DARLINGTON - LAMAR NO. 2,50,0.000008008403
state_house_2024,DARLINGTON - LAMAR NO. 2,62,0.999991991597
state_house_2024,GEORGETOWN - LAMBERT TOWN,101,0.000000048986
state_house_2024,GEORGETOWN - LAMBERT TOWN,103,0.999999951014
state_house_2024,CHESTER - LANDOLANDSFORD,43,0.999348189028
state_house_2024,CHESTER - LANDOLANDSFORD,45,0.000651810972
state_house_2024,SPARTANBURG - LANDRUM,38,1.000000000000
state_house_2024,SPARTANBURG - LANDRUM HIGH SCHOOL,38,1.000000000000
state_house_2024,SPARTANBURG - LANDRUM UNITED METHODIST,38,1.000000000000
state_house_2024,WILLIAMSBURG - LANE,101,0.999999992326
state_house_2024,WILLIAMSBURG - LANE,102,0.000000007674
state_house_2024,YORK - LARNE,47,1.000000000000
state_house_2024,DILLON - LATTA,55,0.999999644980
state_house_2024,DILLON - LATTA,59,0.000000355020
state_house_2024,YORK - LAUREL CREEK,46,0.000000176353
state_house_2024,YORK - LAUREL CREEK,48,0.999999823647
state_house_2024,GREENVILLE - LAUREL RIDGE,17,0.000074425599
state_house_2024,GREENVILLE - LAUREL RIDGE,18,0.999925574401
state_house_2024,PICKENS - LAWRENCE CHAPEL,2,0.000868031322
state_house_2024,PICKENS - LAWRENCE CHAPEL,3,0.999131968678
state_house_2024,LEXINGTON - LEAPHART ROAD,69,0.000000322038
state_house_2024,LEXINGTON - LEAPHART ROAD,89,0.999999677962
state_house_2024,GREENVILLE - LEAWOOD,19,0.661421385274
state_house_2024,GREENVILLE - LEAWOOD,22,0.000154601217
state_house_2024,GREENVILLE - LEAWOOD,23,0.338424013509
state_house_2024,ABBEVILLE - LEBANON,11,0.999999991002
state_house_2024,ABBEVILLE - LEBANON,12,0.000000008998
state_house_2024,BERKELEY - LEBANON,102,1.000000000000
state_house_2024,FAIRFIELD - LEBANON,41,1.000000000000
state_house_2024,LEXINGTON - LEESVILLE,39,1.000000000000
state_house_2024,SUMTER - LEMIRA,51,1.000000000000
state_house_2024,PICKENS - LENHARDT,4,0.488080460194
state_house_2024,PICKENS - LENHARDT,5,0.511919539806
state_house_2024,FLORENCE - LEO,60,1.000000000000
state_house_2024,HORRY - LEON,105,1.000000000000
state_house_2024,YORK - LESSLIE,43,1.000000000000
state_house_2024,JASPER - LEVY,118,0.000365115034
state_house_2024,JASPER - LEVY,120,0.000710832678
state_house_2024,JASPER - LEVY,122,0.000000004972
state_house_2024,JASPER - LEVY,123,0.998924047315
state_house_2024,LEXINGTON - LEXINGTON NO. 1,69,1.000000000000
state_house_2024,LEXINGTON - LEXINGTON NO. 2,69,0.052833870920
state_house_2024,LEXINGTON - LEXINGTON NO. 2,87,0.947162810929
state_house_2024,LEXINGTON - LEXINGTON NO. 2,88,0.000003318152
state_house_2024,LEXINGTON - LEXINGTON NO. 3,69,0.619037378717
state_house_2024,LEXINGTON - LEXINGTON NO. 3,87,0.380962621283
state_house_2024,LEXINGTON - LEXINGTON NO. 4,69,0.477247925192
state_house_2024,LEXINGTON - LEXINGTON NO. 4,87,0.000001915883
state_house_2024,LEXINGTON - LEXINGTON NO. 4,88,0.522750158926
state_house_2024,GREENWOOD - LIBERTY,12,0.999999946144
state_house_2024,GREENWOOD - LIBERTY,13,0.000000053856
state_house_2024,BERKELEY - LIBERTY HALL,15,0.551572411794
state_house_2024,BERKELEY - LIBERTY HALL,92,0.448427588206
state_house_2024,KERSHAW - LIBERTY HILL,45,0.999999995311
state_house_2024,KERSHAW - LIBERTY HILL,65,0.000000004689
state_house_2024,ORANGEBURG - LIMESTONE 1,90,0.281651080428
state_house_2024,ORANGEBURG - LIMESTONE 1,91,0.718348919572
state_house_2024,ORANGEBURG - LIMESTONE 2,90,0.042909076140
state_house_2024,ORANGEBURG - LIMESTONE 2,91,0.161523788474
state_house_2024,ORANGEBURG - LIMESTONE 2,93,0.795567135386
state_house_2024,CHEROKEE - LIMESTONE MILL,30,1.000000000000
state_house_2024,DORCHESTER - LINCOLN,98,0.194857183320
state_house_2024,DORCHESTER - LINCOLN,109,0.805142816680
state_house_2024,RICHLAND - LINCOLNSHIRE,73,1.000000000000
state_house_2024,CHARLESTON - LINCOLNVILLE,94,0.214647196153
state_house_2024,CHARLESTON - LINCOLNVILLE,102,0.000439723823
state_house_2024,CHARLESTON - LINCOLNVILLE,113,0.784913080024
state_house_2024,LEXINGTON - LINCREEK,85,1.000000000000
state_house_2024,NEWBERRY - LITTLE MOUNTAIN,40,0.999999932721
state_house_2024,NEWBERRY - LITTLE MOUNTAIN,85,0.000000067279
state_house_2024,HORRY - LITTLE RIVER 1,104,1.000000000000
state_house_2024,HORRY - LITTLE RIVER 2,104,1.000000000000
state_house_2024,HORRY - LITTLE RIVER 3,104,1.000000000000
state_house_2024,DILLON - LITTLE ROCK,55,1.000000000000
state_house_2024,BAMBERG - LITTLE SWAMP,90,0.999997630418
state_house_2024,BAMBERG - LITTLE SWAMP,122,0.000002369582
state_house_2024,CHEROKEE - LITTLEJOHNS AND SARRATTS,29,0.999999947085
state_house_2024,CHEROKEE - LITTLEJOHNS AND SARRATTS,42,0.000000052915
state_house_2024,BERKELEY - LIVE OAK,100,0.000000002838
state_house_2024,BERKELEY - LIVE OAK,117,0.999999997162
state_house_2024,HORRY - LIVE OAK,57,0.955940608118
state_house_2024,HORRY - LIVE OAK,105,0.044059391882
state_house_2024,GREENWOOD - LIVIS KNOLL,12,0.996773455355
state_house_2024,GREENWOOD - LIVIS KNOLL,13,0.003226544645
state_house_2024,GREENWOOD - LOBLOLLY PINES,12,1.000000000000
state_house_2024,UNION - LOCKHART,41,0.002812492445
state_house_2024,UNION - LOCKHART,42,0.997187507555
state_house_2024,GREENVILLE - LOCUST HILL,18,1.000000000000
state_house_2024,CALHOUN - LONE STAR,64,0.000000000067
state_house_2024,CALHOUN - LONE STAR,93,0.999999999933
state_house_2024,GREENVILLE - LONG CREEK,25,0.000646715456
state_house_2024,GREENVILLE - LONG CREEK,28,0.999353284544
state_house_2024,RICHLAND - LONGCREEK,41,0.000275886602
state_house_2024,RICHLAND - LONGCREEK,77,0.999601437723
state_house_2024,RICHLAND - LONGCREEK,79,0.000122675675
state_house_2024,RICHLAND - LONGLEAF,77,1.000000000000
state_house_2024,SUMTER - LORING,51,0.999974477901
state_house_2024,SUMTER - LORING,67,0.000025522099
state_house_2024,GREENWOOD - LOWER LAKE,13,0.999999971766
state_house_2024,GREENWOOD - LOWER LAKE,40,0.000000028234
state_house_2024,ABBEVILLE - LOWNDESVILLE,7,0.000018423911
state_house_2024,ABBEVILLE - LOWNDESVILLE,11,0.999981576089
state_house_2024,CHESTER - LOWRYS,29,0.002129171610
state_house_2024,CHESTER - LOWRYS,41,0.072520111048
state_house_2024,CHESTER - LOWRYS,43,0.925350717342
state_house_2024,KERSHAW - LUGOFF NO. 1,70,1.000000000000
state_house_2024,KERSHAW - LUGOFF NO. 2,70,1.000000000000
state_house_2024,KERSHAW - LUGOFF NO. 3,70,1.000000000000
state_house_2024,KERSHAW - LUGOFF NO. 4,70,1.000000000000
state_house_2024,DARLINGTON - LYDIA,50,0.000000162875
state_house_2024,DARLINGTON - LYDIA,62,0.000561152121
state_house_2024,DARLINGTON - LYDIA,65,0.999438685004
state_house_2024,RICHLAND - LYKESLAND,52,1.000000000000
state_house_2024,SPARTANBURG - LYMAN,36,1.000000000000
state_house_2024,SPARTANBURG - LYMAN ELEMENTARY,18,0.000000116413
state_house_2024,SPARTANBURG - LYMAN ELEMENTARY,36,0.999999582953
state_house_2024,SPARTANBURG - LYMAN ELEMENTARY,38,0.000000300634
state_house_2024,LEE - LYNCHBURG,50,0.999992974397
state_house_2024,LEE - LYNCHBURG,62,0.000007025603
state_house_2024,BERKELEY - MACEDONIA,100,0.333692818857
state_house_2024,BERKELEY - MACEDONIA,101,0.666307181143
state_house_2024,CHEROKEE - MACEDONIA,29,0.004974599066
state_house_2024,CHEROKEE - MACEDONIA,30,0.995025400934
state_house_2024,BERKELEY - MACEDONIA 2,101,1.000000000000
state_house_2024,LEXINGTON - MACK-EDISTO,86,0.999999357912
state_house_2024,LEXINGTON - MACK-EDISTO,96,0.000000642088
state_house_2024,SUMTER - MAGNOLIA-HARMONY,51,1.000000000000
state_house_2024,RICHLAND - MALLET HILL,78,1.000000000000
state_house_2024,KERSHAW - MALVERN HILL,50,1.000000000000
state_house_2024,YORK - MANCHESTER,43,0.968915877213
state_house_2024,YORK - MANCHESTER,49,0.031084122787
state_house_2024,SUMTER - MANCHESTER FOREST,64,0.999922585929
state_house_2024,SUMTER - MANCHESTER FOREST,67,0.000071427719
state_house_2024,SUMTER - MANCHESTER FOREST,70,0.000005986353
state_house_2024,DILLON - MANNING,55,1.000000000000
state_house_2024,LEE - MANVILLE,50,1.000000000000
state_house_2024,HORRY - MAPLE,105,1.000000000000
state_house_2024,COLLETON - MAPLE CANE,97,1.000000000000
state_house_2024,GREENVILLE - MAPLE CREEK,18,0.372316535660
state_house_2024,GREENVILLE - MAPLE CREEK,21,0.627002015224
state_house_2024,GREENVILLE - MAPLE CREEK,36,0.000681449117
state_house_2024,JASPER - MARGARITAVILLE,122,1.000000000000
state_house_2024,GREENVILLE - MARIDELL,17,1.000000000000
state_house_2024,MARION - MARION NO. 1,57,1.000000000000
state_house_2024,MARION - MARION NO. 2,57,0.910024389336
state_house_2024,MARION - MARION NO. 2,59,0.089975610664
state_house_2024,MARION - MARION NORTH,57,0.921621184288
state_house_2024,MARION - MARION NORTH,59,0.078378815712
state_house_2024,MARION - MARION SOUTH,57,0.999281351017
state_house_2024,MARION - MARION SOUTH,59,0.000718648983
state_house_2024,MARION - MARION WEST,55,0.000218515724
state_house_2024,MARION - MARION WEST,57,0.001940590330
state_house_2024,MARION - MARION WEST,59,0.997840893947
state_house_2024,HORRY - MARLOWE 1,68,1.000000000000
state_house_2024,HORRY - MARLOWE 2,68,1.000000000000
state_house_2024,HORRY - MARLOWE 3,68,1.000000000000
state_house_2024,FLORENCE - MARS BLUFF NO. 1,55,0.018485036797
state_house_2024,FLORENCE - MARS BLUFF NO. 1,59,0.981514963203
state_house_2024,FLORENCE - MARS BLUFF NO. 2,55,0.853460495203
state_house_2024,FLORENCE - MARS BLUFF NO. 2,59,0.146539504797
state_house_2024,GREENWOOD - MARSHALL OAKS,12,1.000000000000
state_house_2024,ALLENDALE - MARTIN,91,1.000000000000
state_house_2024,COLLETON - MASHAWVILLE,97,0.659511229774
state_house_2024,COLLETON - MASHAWVILLE,121,0.340488770226
state_house_2024,GREENVILLE - MAULDIN 1,24,0.849119364225
state_house_2024,GREENVILLE - MAULDIN 1,25,0.150446173069
state_house_2024,GREENVILLE - MAULDIN 1,27,0.000244762222
state_house_2024,GREENVILLE - MAULDIN 1,28,0.000189700484
state_house_2024,GREENVILLE - MAULDIN 2,24,0.999889961857
state_house_2024,GREENVILLE - MAULDIN 2,25,0.000110038143
state_house_2024,GREENVILLE - MAULDIN 3,27,0.999298256854
state_house_2024,GREENVILLE - MAULDIN 3,28,0.000701743146
state_house_2024,GREENVILLE - MAULDIN 4,24,0.166531914109
state_house_2024,GREENVILLE - MAULDIN 4,27,0.833468085891
state_house_2024,GREENVILLE - MAULDIN 5,24,0.713444702389
state_house_2024,GREENVILLE - MAULDIN 5,27,0.286555297611
state_house_2024,GREENVILLE - MAULDIN 6,24,0.221271994521
state_house_2024,GREENVILLE - MAULDIN 6,27,0.778728005479
state_house_2024,GREENVILLE - MAULDIN 7,24,0.000022518463
state_house_2024,GREENVILLE - MAULDIN 7,27,0.999977481537
state_house_2024,GREENWOOD - MAXWELLTON PIKE,13,1.000000000000
state_house_2024,NEWBERRY - MAYBINTON,40,1.000000000000
state_house_2024,SUMTER - MAYESVILLE,50,0.999982101045
state_house_2024,SUMTER - MAYESVILLE,51,0.000017898955
state_house_2024,SUMTER - MAYEWOOD,50,0.000008986198
state_house_2024,SUMTER - MAYEWOOD,51,0.999989191444
state_house_2024,SUMTER - MAYEWOOD,64,0.000000077346
state_house_2024,SUMTER - MAYEWOOD,67,0.000001745012
state_house_2024,SPARTANBURG - MAYO ELEMENTARY,30,1.000000000000
state_house_2024,PICKENS - MCALISTER,10,1.000000000000
state_house_2024,FLORENCE - MCALLISTER MILL,60,0.000000021572
state_house_2024,FLORENCE - MCALLISTER MILL,101,0.999999978428
state_house_2024,CHESTERFIELD - MCBEE,53,0.373591699082
state_house_2024,CHESTERFIELD - MCBEE,65,0.626408300918
state_house_2024,BERKELEY - MCBETH,100,1.000000000000
state_house_2024,CHARLESTON - MCCLELLANVILLE,103,0.000329829150
state_house_2024,CHARLESTON - MCCLELLANVILLE,108,0.999652257394
state_house_2024,CHARLESTON - MCCLELLANVILLE,112,0.000017913456
state_house_2024,MARLBORO - MCCOLL,54,0.492405360811
state_house_2024,MARLBORO - MCCOLL,55,0.507594639189
state_house_2024,YORK - MCCONNELLS,29,0.999737630101
state_house_2024,YORK - MCCONNELLS,43,0.000262091422
state_house_2024,YORK - MCCONNELLS,49,0.000000278476
state_house_2024,MCCORMICK - MCCORMICK NO. 1,12,1.000000000000
state_house_2024,MCCORMICK - MCCORMICK NO. 2,12,1.000000000000
state_house_2024,SPARTANBURG - MCCRACKEN MIDDLE SCHOOL,32,0.618675530008
state_house_2024,SPARTANBURG - MCCRACKEN MIDDLE SCHOOL,33,0.381324469992
state_house_2024,SUMTER - MCCRAYS MILL 1,51,0.000863076341
state_house_2024,SUMTER - MCCRAYS MILL 1,64,0.001865694547
state_house_2024,SUMTER - MCCRAYS MILL 1,67,0.997271229112
state_house_2024,SUMTER - MCCRAYS MILL 2,51,0.000592574247
state_house_2024,SUMTER - MCCRAYS MILL 2,64,0.000791956374
state_house_2024,SUMTER - MCCRAYS MILL 2,67,0.998615469379
state_house_2024,RICHLAND - MCENTIRE,52,0.999999959302
state_house_2024,RICHLAND - MCENTIRE,70,0.000000040698
state_house_2024,PICKENS - MCKISSICK,4,0.000000072726
state_house_2024,PICKENS - MCKISSICK,5,0.999999927274
state_house_2024,RICHLAND - MEADOWFIELD,75,1.000000000000
state_house_2024,RICHLAND - MEADOWLAKE,73,0.999998835808
state_house_2024,RICHLAND - MEADOWLAKE,76,0.000000159353
state_house_2024,RICHLAND - MEADOWLAKE,77,0.000001004839
state_house_2024,DARLINGTON - MECHANICSVILLE,53,0.000329926881
state_house_2024,DARLINGTON - MECHANICSVILLE,54,0.999314636352
state_house_2024,DARLINGTON - MECHANICSVILLE,55,0.000000021789
state_house_2024,DARLINGTON - MECHANICSVILLE,59,0.000000001623
state_house_2024,DARLINGTON - MECHANICSVILLE,62,0.000355413356
state_house_2024,BERKELEY - MEDWAY,15,0.000981581966
state_house_2024,BERKELEY - MEDWAY,92,0.101055233049
state_house_2024,BERKELEY - MEDWAY,100,0.897963062883
state_house_2024,BERKELEY - MEDWAY,103,0.000000122102
state_house_2024,ANDERSON - MELTON,6,1.000000000000
state_house_2024,EDGEFIELD - MERRIWETHER NO. 2,82,0.000000109539
state_house_2024,EDGEFIELD - MERRIWETHER NO. 2,83,0.999673503650
state_house_2024,EDGEFIELD - MERRIWETHER NO. 2,84,0.000326386811
state_house_2024,EDGEFIELD - MERRIWETHER NO. 1,12,0.000074525874
state_house_2024,EDGEFIELD - MERRIWETHER NO. 1,83,0.999925474126
state_house_2024,HORRY - METHODIST-MILL SWAMP,57,1.000000000000
state_house_2024,CHESTERFIELD - MIDDENDORF,53,0.999992411308
state_house_2024,CHESTERFIELD - MIDDENDORF,65,0.000007588692
state_house_2024,SPARTANBURG - MIDDLE TYGER,34,1.000000000000
state_house_2024,CALHOUN - MIDWAY,93,1.000000000000
state_house_2024,LEXINGTON - MIDWAY,69,0.999999879622
state_house_2024,LEXINGTON - MIDWAY,85,0.000000120378
state_house_2024,RICHLAND - MIDWAY,76,0.999993646135
state_house_2024,RICHLAND - MIDWAY,78,0.000006353865
state_house_2024,DORCHESTER - MILESJAMISON,94,0.998410823207
state_house_2024,DORCHESTER - MILESJAMISON,113,0.001589176793
state_house_2024,FLORENCE - MILL BRANCH,59,1.000000000000
state_house_2024,RICHLAND - MILL CREEK,52,0.999683833996
state_house_2024,RICHLAND - MILL CREEK,70,0.000316166004
state_house_2024,YORK - MILL CREEK,48,1.000000000000
state_house_2024,SUMTER - MILLWOOD,51,1.000000000000
state_house_2024,GREENWOOD - MIMOSA CREST,12,0.497558219389
state_house_2024,GREENWOOD - MIMOSA CREST,13,0.502441780611
state_house_2024,LEXINGTON - MIMS,39,0.440948150079
state_house_2024,LEXINGTON - MIMS,86,0.559051849921
state_house_2024,DILLON - MINTURN,55,1.000000000000
state_house_2024,GREENVILLE - MISSION,21,0.000016392608
state_house_2024,GREENVILLE - MISSION,22,0.999983607392
state_house_2024,FAIRFIELD - MITFORD,41,0.999983964743
state_house_2024,FAIRFIELD - MITFORD,43,0.000004621355
state_house_2024,FAIRFIELD - MITFORD,45,0.000011413902
state_house_2024,MCCORMICK - MODOC,12,1.000000000000
state_house_2024,UNION - MONARCH BOX 1,42,1.000000000000
state_house_2024,GREENVILLE - MONAVIEW,5,0.000454859293
state_house_2024,GREENVILLE - MONAVIEW,19,0.837530494245
state_house_2024,GREENVILLE - MONAVIEW,23,0.162014646462
state_house_2024,BERKELEY - MONCKS CORNER 1,100,1.000000000000
state_house_2024,BERKELEY - MONCKS CORNER 2,100,1.000000000000
state_house_2024,BERKELEY - MONCKS CORNER 3,100,1.000000000000
state_house_2024,BERKELEY - MONCKS CORNER 4,100,1.000000000000
state_house_2024,FAIRFIELD - MONTICELLO,40,0.000000677098
state_house_2024,FAIRFIELD - MONTICELLO,41,0.999999322902
state_house_2024,MCCORMICK - MONTICELLO,12,1.000000000000
state_house_2024,RICHLAND - MONTICELLO,41,0.000000000513
state_house_2024,RICHLAND - MONTICELLO,71,0.000000005485
state_house_2024,RICHLAND - MONTICELLO,73,0.960104720018
state_house_2024,RICHLAND - MONTICELLO,77,0.039895273983
state_house_2024,GREENVILLE - MOORE CREEK,25,0.000194178623
state_house_2024,GREENVILLE - MOORE CREEK,27,0.049183285957
state_house_2024,GREENVILLE - MOORE CREEK,28,0.950622535420
state_house_2024,SPARTANBURG - MOORE DUNCAN,34,1.000000000000
state_house_2024,CHEROKEE - MORGAN,30,1.000000000000
state_house_2024,SPARTANBURG - MORNINGSIDE,33,1.000000000000
state_house_2024,SUMTER - MORRIS COLLEGE,51,0.999608549688
state_house_2024,SUMTER - MORRIS COLLEGE,67,0.000391450312
state_house_2024,PICKENS - MORRISON,3,1.000000000000
state_house_2024,WILLIAMSBURG - MORRISVILLE,57,0.999998169708
state_house_2024,WILLIAMSBURG - MORRISVILLE,101,0.000001716190
state_house_2024,WILLIAMSBURG - MORRISVILLE,103,0.000000114101
state_house_2024,SPARTANBURG - MOTLOW CREEK BAPTIST,38,1.000000000000
state_house_2024,BERKELEY - MOULTRIE,100,0.000924925638
state_house_2024,BERKELEY - MOULTRIE,102,0.999075074362
state_house_2024,LEXINGTON - MOUNT HOREB,87,1.000000000000
state_house_2024,ANDERSON - MOUNT TABOR,8,1.000000000000
state_house_2024,WILLIAMSBURG - MOUNT VERNON,101,1.000000000000
state_house_2024,ANDERSON - MOUNTAIN CREEK,8,0.000010947806
state_house_2024,ANDERSON - MOUNTAIN CREEK,11,0.999989052194
state_house_2024,GREENVILLE - MOUNTAIN CREEK,17,0.039148259237
state_house_2024,GREENVILLE - MOUNTAIN CREEK,20,0.960851740763
state_house_2024,GREENWOOD - MOUNTAIN LAUREL,12,1.000000000000
state_house_2024,GREENVILLE - MOUNTAIN VIEW,17,0.999985124176
state_house_2024,GREENVILLE - MOUNTAIN VIEW,18,0.000014875824
state_house_2024,PICKENS - MOUNTAIN VIEW,1,0.999996188662
state_house_2024,PICKENS - MOUNTAIN VIEW,2,0.000000000098
state_house_2024,PICKENS - MOUNTAIN VIEW,3,0.000003811240
state_house_2024,YORK - MOUNTAIN VIEW,47,0.999999998784
state_house_2024,YORK - MOUNTAIN VIEW,48,0.000000001216
state_house_2024,SPARTANBURG - MT CALVARY PRESBYTERIAN,33,1.000000000000
state_house_2024,HORRY - MT OLIVE,55,1.000000000000
state_house_2024,GREENVILLE - MT PLEASANT,25,1.000000000000
state_house_2024,HORRY - MT VERNON,105,1.000000000000
state_house_2024,ANDERSON - MT. AIRY,6,0.000000181207
state_house_2024,ANDERSON - MT. AIRY,10,0.999999818793
state_house_2024,NEWBERRY - MT. BETHEL-GARMANY,40,1.000000000000
state_house_2024,DILLON - MT. CALVARY,55,1.000000000000
state_house_2024,MCCORMICK - MT. CARMEL,12,1.000000000000
state_house_2024,LEE - MT. CLIO,50,0.999997442874
state_house_2024,LEE - MT. CLIO,62,0.000002557126
state_house_2024,CHESTERFIELD - MT. CROGHAN,53,1.000000000000
state_house_2024,YORK - MT. GALLANT,48,1.000000000000
state_house_2024,LEXINGTON - MT. HEBRON,69,0.000002951692
state_house_2024,LEXINGTON - MT. HEBRON,89,0.999997048308
state_house_2024,YORK - MT. HOLLY,43,0.861491770637
state_house_2024,YORK - MT. HOLLY,49,0.138508229363
state_house_2024,SPARTANBURG - MT. MORIAH BAPTIST,31,0.772384684114
state_house_2024,SPARTANBURG - MT. MORIAH BAPTIST,32,0.227615315886
state_house_2024,CHARLESTON - MT. PLEASANT 1,110,0.999198736084
state_house_2024,CHARLESTON - MT. PLEASANT 1,112,0.000801263916
state_house_2024,CHARLESTON - MT. PLEASANT 10,112,1.000000000000
state_house_2024,CHARLESTON - MT. PLEASANT 11,112,1.000000000000
state_house_2024,CHARLESTON - MT. PLEASANT 12,110,0.000242132835
state_house_2024,CHARLESTON - MT. PLEASANT 12,112,0.999757867165
state_house_2024,CHARLESTON - MT. PLEASANT 13,80,0.000016874409
state_house_2024,CHARLESTON - MT. PLEASANT 13,110,0.999983108760
state_house_2024,CHARLESTON - MT. PLEASANT 13,112,0.000000016831
state_house_2024,CHARLESTON - MT. PLEASANT 14,110,1.000000000000
state_house_2024,CHARLESTON - MT. PLEASANT 15,110,1.000000000000
state_house_2024,CHARLESTON - MT. PLEASANT 16,99,0.114941323259
state_house_2024,CHARLESTON - MT. PLEASANT 16,110,0.885058676741
state_house_2024,CHARLESTON - MT. PLEASANT 17,80,0.664476682950
state_house_2024,CHARLESTON - MT. PLEASANT 17,99,0.027279907435
state_house_2024,CHARLESTON - MT. PLEASANT 17,110,0.308243409615
state_house_2024,CHARLESTON - MT. PLEASANT 18,110,1.000000000000
state_house_2024,CHARLESTON - MT. PLEASANT 19,80,0.999997559502
state_house_2024,CHARLESTON - MT. PLEASANT 19,110,0.000000532289
state_house_2024,CHARLESTON - MT. PLEASANT 19,112,0.000001908209
state_house_2024,CHARLESTON - MT. PLEASANT 2,110,1.000000000000
state_house_2024,CHARLESTON - MT. PLEASANT 20,80,0.000001927088
state_house_2024,CHARLESTON - MT. PLEASANT 20,110,0.000001332865
state_house_2024,CHARLESTON - MT. PLEASANT 20,112,0.999996740047
state_house_2024,CHARLESTON - MT. PLEASANT 21,112,1.000000000000
state_house_2024,CHARLESTON - MT. PLEASANT 22,112,1.000000000000
state_house_2024,CHARLESTON - MT. PLEASANT 23,80,0.000003304559
state_house_2024,CHARLESTON - MT. PLEASANT 23,112,0.999996695441
state_house_2024,CHARLESTON - MT. PLEASANT 24,80,0.999999062576
state_house_2024,CHARLESTON - MT. PLEASANT 24,112,0.000000937424
state_house_2024,CHARLESTON - MT. PLEASANT 25,80,1.000000000000
state_house_2024,CHARLESTON - MT. PLEASANT 26,80,1.000000000000
state_house_2024,CHARLESTON - MT. PLEASANT 27,80,0.962868005444
state_house_2024,CHARLESTON - MT. PLEASANT 27,99,0.037131994556
state_house_2024,CHARLESTON - MT. PLEASANT 28,80,0.992275116750
state_house_2024,CHARLESTON - MT. PLEASANT 28,99,0.007724883250
state_house_2024,CHARLESTON - MT. PLEASANT 29,80,1.000000000000
state_house_2024,CHARLESTON - MT. PLEASANT 3,99,0.079921106137
state_house_2024,CHARLESTON - MT. PLEASANT 3,110,0.920078465900
state_house_2024,CHARLESTON - MT. PLEASANT 3,111,0.000000427962
state_house_2024,CHARLESTON - MT. PLEASANT 30,80,0.999999952245
state_house_2024,CHARLESTON - MT. PLEASANT 30,112,0.000000047755
state_house_2024,CHARLESTON - MT. PLEASANT 31,80,0.997848802571
state_house_2024,CHARLESTON - MT. PLEASANT 31,99,0.002151197429
state_house_2024,CHARLESTON - MT. PLEASANT 32,80,0.981748663452
state_house_2024,CHARLESTON - MT. PLEASANT 32,99,0.018251336548
state_house_2024,CHARLESTON - MT. PLEASANT 33,80,0.994951904433
state_house_2024,CHARLESTON - MT. PLEASANT 33,99,0.005046661767
state_house_2024,CHARLESTON - MT. PLEASANT 33,108,0.000001433800
state_house_2024,CHARLESTON - MT. PLEASANT 34,80,1.000000000000
state_house_2024,CHARLESTON - MT. PLEASANT 35,80,0.960440457891
state_house_2024,CHARLESTON - MT. PLEASANT 35,112,0.039559542109
state_house_2024,CHARLESTON - MT. PLEASANT 36,80,0.457523411749
state_house_2024,CHARLESTON - MT. PLEASANT 36,112,0.542476588251
state_house_2024,CHARLESTON - MT. PLEASANT 37,80,0.000000027512
state_house_2024,CHARLESTON - MT. PLEASANT 37,112,0.999999972488
state_house_2024,CHARLESTON - MT. PLEASANT 38,80,0.000000432907
state_house_2024,CHARLESTON - MT. PLEASANT 38,112,0.999999567093
state_house_2024,CHARLESTON - MT. PLEASANT 39,80,0.000177816271
state_house_2024,CHARLESTON - MT. PLEASANT 39,108,0.000000740682
state_house_2024,CHARLESTON - MT. PLEASANT 39,112,0.999821443047
state_house_2024,CHARLESTON - MT. PLEASANT 4,110,1.000000000000
state_house_2024,CHARLESTON - MT. PLEASANT 5,110,1.000000000000
state_house_2024,CHARLESTON - MT. PLEASANT 6,110,0.999998754144
state_house_2024,CHARLESTON - MT. PLEASANT 6,112,0.000001245856
state_house_2024,CHARLESTON - MT. PLEASANT 7,110,0.000000296279
state_house_2024,CHARLESTON - MT. PLEASANT 7,112,0.999999703721
state_house_2024,CHARLESTON - MT. PLEASANT 8,112,1.000000000000
state_house_2024,CHARLESTON - MT. PLEASANT 9,110,0.008313289786
state_house_2024,CHARLESTON - MT. PLEASANT 9,112,0.991686710214
state_house_2024,WILLIAMSBURG - MUDDY CREEK,57,0.999973652624
state_house_2024,WILLIAMSBURG - MUDDY CREEK,60,0.000026329652
state_house_2024,WILLIAMSBURG - MUDDY CREEK,103,0.000000017723
state_house_2024,SUMTER - MULBERRY,51,0.998817093909
state_house_2024,SUMTER - MULBERRY,67,0.001182906091
state_house_2024,CALHOUN - MURPH MILL,93,1.000000000000
state_house_2024,LEXINGTON - MURRAYWOOD,85,1.000000000000
state_house_2024,GEORGETOWN - MURRELLS INLET NO. 1,68,0.000608064235
state_house_2024,GEORGETOWN - MURRELLS INLET NO. 1,106,0.027167346454
state_house_2024,GEORGETOWN - MURRELLS INLET NO. 1,108,0.972224589312
state_house_2024,GEORGETOWN - MURRELLS INLET NO. 2,108,1.000000000000
state_house_2024,GEORGETOWN - MURRELLS INLET NO. 3,103,0.542626819003
state_house_2024,GEORGETOWN - MURRELLS INLET NO. 3,108,0.457373180997
state_house_2024,GEORGETOWN - MURRELLS INLET NO. 4,106,0.000354587872
state_house_2024,GEORGETOWN - MURRELLS INLET NO. 4,108,0.999645412128
state_house_2024,CHEROKEE - MUSGROVE MILL,29,1.000000000000
state_house_2024,GEORGETOWN - MYERSVILLE,103,1.000000000000
state_house_2024,HORRY - MYRTLE TRACE,61,1.000000000000
state_house_2024,HORRY - MYRTLEWOOD 1,107,1.000000000000
state_house_2024,HORRY - MYRTLEWOOD 2,107,1.000000000000
state_house_2024,HORRY - MYRTLEWOOD 3,107,1.000000000000
state_house_2024,MARLBORO - N BENNETTSVILLE,54,1.000000000000
state_house_2024,MARION - N EAST MULLINS,55,0.000002705023
state_house_2024,MARION - N EAST MULLINS,57,0.263541265792
state_house_2024,MARION - N EAST MULLINS,59,0.736456029185
state_house_2024,MARION - N WEST MULLINS,57,0.194432572625
state_house_2024,MARION - N WEST MULLINS,59,0.805567427375
state_house_2024,YORK - NATION FORD,26,0.999064171523
state_house_2024,YORK - NATION FORD,44,0.000935828477
state_house_2024,ANDERSON - NEALS CREEK,7,1.000000000000
state_house_2024,GREENVILLE - NEELY FARMS,28,1.000000000000
state_house_2024,YORK - NEELYS CREEK,43,1.000000000000
state_house_2024,ORANGEBURG - NEESES-LIVINGSTON,91,1.000000000000
state_house_2024,WILLIAMSBURG - NESMITH,57,0.999593299772
state_house_2024,WILLIAMSBURG - NESMITH,101,0.000406700228
state_house_2024,GREENWOOD - NEW CASTLE,13,1.000000000000
state_house_2024,DILLON - NEW HOLLY,54,1.000000000000
state_house_2024,YORK - NEW HOME,47,1.000000000000
state_house_2024,FAIRFIELD - NEW HOPE,41,0.999990345334
state_house_2024,FAIRFIELD - NEW HOPE,43,0.000009654666
state_house_2024,DARLINGTON - NEW MARKET,53,0.000380161970
state_house_2024,DARLINGTON - NEW MARKET,65,0.999619838030
state_house_2024,GREENWOOD - NEW MARKET,12,1.000000000000
state_house_2024,SPARTANBURG - NEW PROSPECT,38,1.000000000000
state_house_2024,NEWBERRY - NEWBERRY WARD 1,40,1.000000000000
state_house_2024,NEWBERRY - NEWBERRY WARD 2,40,1.000000000000
state_house_2024,NEWBERRY - NEWBERRY WARD 3,40,1.000000000000
state_house_2024,NEWBERRY - NEWBERRY WARD 4,40,1.000000000000
state_house_2024,NEWBERRY - NEWBERRY WARD 5,40,1.000000000000
state_house_2024,NEWBERRY - NEWBERRY WARD 6,40,1.000000000000
state_house_2024,DORCHESTER - NEWINGTON,94,1.000000000000
state_house_2024,DORCHESTER - NEWINGTON 2,94,1.000000000000
state_house_2024,YORK - NEWPORT,46,1.000000000000
state_house_2024,BERKELEY - NEXTON,102,0.002291705158
state_house_2024,BERKELEY - NEXTON,117,0.997708294842
state_house_2024,MARION - NICHOLS,55,0.000037917320
state_house_2024,MARION - NICHOLS,57,0.000033776071
state_house_2024,MARION - NICHOLS,59,0.999928306609
state_house_2024,PICKENS - NINE FORKS,4,0.996953425382
state_house_2024,PICKENS - NINE FORKS,17,0.003046574618
state_house_2024,CHEROKEE - NINETY NINE AND CHEROKEE FALLS,29,0.000587105037
state_house_2024,CHEROKEE - NINETY NINE AND CHEROKEE FALLS,30,0.999412894963
state_house_2024,GREENWOOD - NINETY SIX,12,0.716122079311
state_house_2024,GREENWOOD - NINETY SIX,13,0.283877920689
state_house_2024,GREENWOOD - NINETY SIX MILL,13,1.000000000000
state_house_2024,ORANGEBURG - NIX,90,1.000000000000
state_house_2024,HORRY - NIXONS X ROADS 1,104,1.000000000000
state_house_2024,HORRY - NIXONS X ROADS 2,104,1.000000000000
state_house_2024,HORRY - NIXONS X ROADS 3,104,0.511978961729
state_house_2024,HORRY - NIXONS X ROADS 3,105,0.488021038271
state_house_2024,PICKENS - NORRIS,3,0.799509165226
state_house_2024,PICKENS - NORRIS,4,0.200490834774
state_house_2024,ORANGEBURG - NORTH 1,91,0.988092158636
state_house_2024,ORANGEBURG - NORTH 1,93,0.011907841364
state_house_2024,ORANGEBURG - NORTH 2,91,0.210310818900
state_house_2024,ORANGEBURG - NORTH 2,93,0.789689181100
state_house_2024,BAMBERG - NORTH BAMBERG,90,1.000000000000
state_house_2024,PICKENS - NORTH CENTRAL,3,1.000000000000
state_house_2024,CHARLESTON - NORTH CHARLESTON 1,111,1.000000000000
state_house_2024,CHARLESTON - NORTH CHARLESTON 10,99,0.000236542934
state_house_2024,CHARLESTON - NORTH CHARLESTON 10,113,0.999763457066
state_house_2024,CHARLESTON - NORTH CHARLESTON 11,113,1.000000000000
state_house_2024,CHARLESTON - NORTH CHARLESTON 12,113,1.000000000000
state_house_2024,CHARLESTON - NORTH CHARLESTON 13,113,1.000000000000
state_house_2024,CHARLESTON - NORTH CHARLESTON 14,113,1.000000000000
state_house_2024,CHARLESTON - NORTH CHARLESTON 15,113,1.000000000000
state_house_2024,CHARLESTON - NORTH CHARLESTON 16,113,1.000000000000
state_house_2024,CHARLESTON - NORTH CHARLESTON 17,113,1.000000000000
state_house_2024,CHARLESTON - NORTH CHARLESTON 18,109,0.999997846605
state_house_2024,CHARLESTON - NORTH CHARLESTON 18,113,0.000002153395
state_house_2024,CHARLESTON - NORTH CHARLESTON 19,109,1.000000000000
state_house_2024,CHARLESTON - NORTH CHARLESTON 2,109,0.911552910084
state_house_2024,CHARLESTON - NORTH CHARLESTON 2,111,0.083535385237
state_house_2024,CHARLESTON - NORTH CHARLESTON 2,114,0.004063895732
state_house_2024,CHARLESTON - NORTH CHARLESTON 2,119,0.000847808946
state_house_2024,CHARLESTON - NORTH CHARLESTON 20,109,0.978754338832
state_house_2024,CHARLESTON - NORTH CHARLESTON 20,114,0.021245661168
state_house_2024,CHARLESTON - NORTH CHARLESTON 21,109,0.996122351260
state_house_2024,CHARLESTON - NORTH CHARLESTON 21,114,0.003877648740
state_house_2024,CHARLESTON - NORTH CHARLESTON 22,109,0.997342535534
state_house_2024,CHARLESTON - NORTH CHARLESTON 22,113,0.000000770147
state_house_2024,CHARLESTON - NORTH CHARLESTON 22,114,0.002656694318
state_house_2024,CHARLESTON - NORTH CHARLESTON 23,109,0.998280509735
state_house_2024,CHARLESTON - NORTH CHARLESTON 23,114,0.001719490265
state_house_2024,CHARLESTON - NORTH CHARLESTON 24,15,0.000236802310
state_house_2024,CHARLESTON - NORTH CHARLESTON 24,109,0.069553249222
state_house_2024,CHARLESTON - NORTH CHARLESTON 24,113,0.930209948468
state_house_2024,CHARLESTON - NORTH CHARLESTON 25,113,1.000000000000
state_house_2024,CHARLESTON - NORTH CHARLESTON 26,15,0.007205009966
state_house_2024,CHARLESTON - NORTH CHARLESTON 26,99,0.001781541455
state_house_2024,CHARLESTON - NORTH CHARLESTON 26,113,0.991013448578
state_house_2024,CHARLESTON - NORTH CHARLESTON 27,15,0.000000634583
state_house_2024,CHARLESTON - NORTH CHARLESTON 27,99,0.007776483153
state_house_2024,CHARLESTON - NORTH CHARLESTON 27,113,0.992222882264
state_house_2024,CHARLESTON - NORTH CHARLESTON 28,15,0.000458384459
state_house_2024,CHARLESTON - NORTH CHARLESTON 28,99,0.015614141853
state_house_2024,CHARLESTON - NORTH CHARLESTON 28,113,0.983927473687
state_house_2024,CHARLESTON - NORTH CHARLESTON 29,15,0.999997264982
state_house_2024,CHARLESTON - NORTH CHARLESTON 29,113,0.000002735018
state_house_2024,CHARLESTON - NORTH CHARLESTON 3,109,0.952337303411
state_house_2024,CHARLESTON - NORTH CHARLESTON 3,114,0.047662696589
state_house_2024,CHARLESTON - NORTH CHARLESTON 30,15,0.000331846891
state_house_2024,CHARLESTON - NORTH CHARLESTON 30,109,0.000950773016
state_house_2024,CHARLESTON - NORTH CHARLESTON 30,113,0.998717380093
state_house_2024,CHARLESTON - NORTH CHARLESTON 4,109,1.000000000000
state_house_2024,CHARLESTON - NORTH CHARLESTON 5,109,0.794891820540
state_house_2024,CHARLESTON - NORTH CHARLESTON 5,111,0.000175395247
state_house_2024,CHARLESTON - NORTH CHARLESTON 5,113,0.204932784213
state_house_2024,CHARLESTON - NORTH CHARLESTON 6,111,0.999970343302
state_house_2024,CHARLESTON - NORTH CHARLESTON 6,113,0.000029656698
state_house_2024,CHARLESTON - NORTH CHARLESTON 7,111,0.000000204866
state_house_2024,CHARLESTON - NORTH CHARLESTON 7,113,0.999999795134
state_house_2024,CHARLESTON - NORTH CHARLESTON 8,111,0.000003259456
state_house_2024,CHARLESTON - NORTH CHARLESTON 8,113,0.999996740544
state_house_2024,CHARLESTON - NORTH CHARLESTON 9,99,0.004728870450
state_house_2024,CHARLESTON - NORTH CHARLESTON 9,113,0.995271129550
state_house_2024,HORRY - NORTH CONWAY 1,58,1.000000000000
state_house_2024,HORRY - NORTH CONWAY 2,58,0.581555352251
state_house_2024,HORRY - NORTH CONWAY 2,61,0.368910420271
state_house_2024,HORRY - NORTH CONWAY 2,105,0.049534227479
state_house_2024,BERKELEY - NORTH CREEK,102,0.000002514298
state_house_2024,BERKELEY - NORTH CREEK,117,0.999997485702
state_house_2024,RICHLAND - NORTH FOREST ACRES,75,0.999999989292
state_house_2024,RICHLAND - NORTH FOREST ACRES,78,0.000000010708
state_house_2024,PICKENS - NORTH LIBERTY,4,1.000000000000
state_house_2024,PICKENS - NORTH PICKENS,4,1.000000000000
state_house_2024,ANDERSON - NORTH POINTE,6,1.000000000000
state_house_2024,EDGEFIELD - NORTH SIDE,13,0.000520799108
state_house_2024,EDGEFIELD - NORTH SIDE,82,0.999479200892
state_house_2024,RICHLAND - NORTH SPRINGS 1,76,0.003010644542
state_house_2024,RICHLAND - NORTH SPRINGS 1,79,0.996989355458
state_house_2024,RICHLAND - NORTH SPRINGS 2,76,0.995292827065
state_house_2024,RICHLAND - NORTH SPRINGS 2,79,0.004707172935
state_house_2024,RICHLAND - NORTH SPRINGS 3,76,0.000217982061
state_house_2024,RICHLAND - NORTH SPRINGS 3,79,0.999782017939
state_house_2024,DORCHESTER - NORTH SUMMERVILLE,94,1.000000000000
state_house_2024,DORCHESTER - NORTH SUMMERVILLE 2,102,1.000000000000
state_house_2024,YORK - NORTHSIDE,46,0.295943928147
state_house_2024,YORK - NORTHSIDE,49,0.704056071853
state_house_2024,YORK - NORTHWESTERN,46,0.912587299751
state_house_2024,YORK - NORTHWESTERN,49,0.087412700249
state_house_2024,GREENVILLE - NORTHWOOD,20,0.995223824026
state_house_2024,GREENVILLE - NORTHWOOD,22,0.004776175974
state_house_2024,ORANGEBURG - NORWAY,91,1.000000000000
state_house_2024,NEWBERRY - ONEAL,39,0.000628965392
state_house_2024,NEWBERRY - ONEAL,40,0.999371034608
state_house_2024,DILLON - OAK GROVE,54,0.285337999830
state_house_2024,DILLON - OAK GROVE,55,0.714661961824
state_house_2024,DILLON - OAK GROVE,59,0.000000038345
state_house_2024,FLORENCE - OAK GROVE-SARDIS,50,0.000000016467
state_house_2024,FLORENCE - OAK GROVE-SARDIS,60,0.998490228684
state_house_2024,FLORENCE - OAK GROVE-SARDIS,62,0.001509754849
state_house_2024,RICHLAND - OAK POINTE 1,71,0.002434638571
state_house_2024,RICHLAND - OAK POINTE 1,73,0.997565361429
state_house_2024,RICHLAND - OAK POINTE 2,71,0.999998037116
state_house_2024,RICHLAND - OAK POINTE 2,73,0.000001962884
state_house_2024,RICHLAND - OAK POINTE 3,71,0.999994197516
state_house_2024,RICHLAND - OAK POINTE 3,73,0.000005802484
state_house_2024,DORCHESTER - OAKBROOK,98,0.985072399268
state_house_2024,DORCHESTER - OAKBROOK,113,0.014927600732
state_house_2024,DORCHESTER - OAKBROOK 2,98,1.000000000000
state_house_2024,DILLON - OAKLAND,55,1.000000000000
state_house_2024,NEWBERRY - OAKLAND,40,1.000000000000
state_house_2024,SPARTANBURG - OAKLAND ELEMENTARY,37,0.391815818410
state_house_2024,SPARTANBURG - OAKLAND ELEMENTARY,38,0.608184181590
state_house_2024,SUMTER - OAKLAND PLANT 1,50,0.995196844169
state_house_2024,SUMTER - OAKLAND PLANT 1,64,0.004768390012
state_house_2024,SUMTER - OAKLAND PLANT 1,67,0.000034765819
state_house_2024,SUMTER - OAKLAND PLANT 2,50,0.005002464455
state_house_2024,SUMTER - OAKLAND PLANT 2,64,0.001169624528
state_house_2024,SUMTER - OAKLAND PLANT 2,67,0.993827911017
state_house_2024,YORK - OAKRIDGE,29,0.386554335108
state_house_2024,YORK - OAKRIDGE,46,0.000000046880
state_house_2024,YORK - OAKRIDGE,49,0.613445618012
state_house_2024,GREENVILLE - OAKVIEW,21,0.999766736963
state_house_2024,GREENVILLE - OAKVIEW,22,0.000233171841
state_house_2024,GREENVILLE - OAKVIEW,24,0.000000091196
state_house_2024,LEXINGTON - OAKWOOD,69,0.999999268521
state_house_2024,LEXINGTON - OAKWOOD,88,0.000000731479
state_house_2024,RICHLAND - OAKWOOD,74,0.000000091925
state_house_2024,RICHLAND - OAKWOOD,78,0.999999908075
state_house_2024,YORK - OAKWOOD,46,0.701789470772
state_house_2024,YORK - OAKWOOD,48,0.298210529228
state_house_2024,DARLINGTON - OATES,62,0.998861699118
state_house_2024,DARLINGTON - OATES,65,0.001138300882
state_house_2024,HORRY - OCEAN DRIVE 1,104,1.000000000000
state_house_2024,HORRY - OCEAN DRIVE 2,104,1.000000000000
state_house_2024,HORRY - OCEAN DRIVE 3,104,1.000000000000
state_house_2024,HORRY - OCEAN FOREST 1,107,1.000000000000
state_house_2024,HORRY - OCEAN FOREST 2,107,1.000000000000
state_house_2024,HORRY - OCEAN FOREST 3,107,1.000000000000
state_house_2024,YORK - OGDEN,43,0.008060515694
state_house_2024,YORK - OGDEN,49,0.991939484306
state_house_2024,JASPER - OKATIE 1,122,1.000000000000
state_house_2024,JASPER - OKATIE 2,118,0.000000001328
state_house_2024,JASPER - OKATIE 2,120,0.999999992189
state_house_2024,JASPER - OKATIE 2,122,0.000000006483
state_house_2024,FLORENCE - OLANTA,50,0.000000019150
state_house_2024,FLORENCE - OLANTA,60,0.999999926655
state_house_2024,FLORENCE - OLANTA,64,0.000000054195
state_house_2024,BAMBERG - OLAR,90,0.999998238872
state_house_2024,BAMBERG - OLAR,91,0.000001761128
state_house_2024,BERKELEY - OLD 52,100,1.000000000000
state_house_2024,LEXINGTON - OLD BARNWELL RD,69,0.000002667000
state_house_2024,LEXINGTON - OLD BARNWELL RD,88,0.717405534148
state_house_2024,LEXINGTON - OLD BARNWELL RD,89,0.282591798851
state_house_2024,SPARTANBURG - OLD BRIDGE,31,1.000000000000
state_house_2024,RICHLAND - OLD FRIARSGATE,71,0.999967861807
state_house_2024,RICHLAND - OLD FRIARSGATE,73,0.000032138193
state_house_2024,LEXINGTON - OLD LEXINGTON,40,0.000000069476
state_house_2024,LEXINGTON - OLD LEXINGTON,85,0.999999930524
state_house_2024,YORK - OLD POINTE,46,1.000000000000
state_house_2024,RICHLAND - OLYMPIA,70,0.000801946424
state_house_2024,RICHLAND - OLYMPIA,72,0.996953275952
state_house_2024,RICHLAND - OLYMPIA,75,0.000000008951
state_house_2024,RICHLAND - OLYMPIA,89,0.002244678510
state_house_2024,RICHLAND - OLYMPIA,93,0.000000090163
state_house_2024,GREENVILLE - ONEAL,17,0.002475039118
state_house_2024,GREENVILLE - ONEAL,18,0.997524960882
state_house_2024,ORANGEBURG - ORANGEBURG WARD 1,95,1.000000000000
state_house_2024,ORANGEBURG - ORANGEBURG WARD 10,95,1.000000000000
state_house_2024,ORANGEBURG - ORANGEBURG WARD 2,95,1.000000000000
state_house_2024,ORANGEBURG - ORANGEBURG WARD 3,95,1.000000000000
state_house_2024,ORANGEBURG - ORANGEBURG WARD 4,93,0.000000012589
state_house_2024,ORANGEBURG - ORANGEBURG WARD 4,95,0.999999987411
state_house_2024,ORANGEBURG - ORANGEBURG WARD 5,95,1.000000000000
state_house_2024,ORANGEBURG - ORANGEBURG WARD 6,95,1.000000000000
state_house_2024,ORANGEBURG - ORANGEBURG WARD 7,95,1.000000000000
state_house_2024,ORANGEBURG - ORANGEBURG WARD 8,95,1.000000000000
state_house_2024,ORANGEBURG - ORANGEBURG WARD 9,95,1.000000000000
state_house_2024,YORK - ORCHARD PARK,66,1.000000000000
state_house_2024,SUMTER - OSWEGO,50,0.305816647281
state_house_2024,SUMTER - OSWEGO,51,0.694183352719
state_house_2024,CHESTERFIELD - OUSLEYDALE,53,0.999998938780
state_house_2024,CHESTERFIELD - OUSLEYDALE,65,0.000001061220
state_house_2024,SPARTANBURG - PACOLET ELEMENTARY SCHOOL,29,0.999999992590
state_house_2024,SPARTANBURG - PACOLET ELEMENTARY SCHOOL,42,0.000000007410
state_house_2024,CHESTERFIELD - PAGELAND NO. 1,53,0.999578056491
state_house_2024,CHESTERFIELD - PAGELAND NO. 1,65,0.000421943509
state_house_2024,CHESTERFIELD - PAGELAND NO. 2,53,0.999518841927
state_house_2024,CHESTERFIELD - PAGELAND NO. 2,65,0.000481158073
state_house_2024,DARLINGTON - PALMETTO,54,0.000142112474
state_house_2024,DARLINGTON - PALMETTO,59,0.001768070891
state_house_2024,DARLINGTON - PALMETTO,62,0.998084214693
state_house_2024,DARLINGTON - PALMETTO,63,0.000005601942
state_house_2024,GREENVILLE - PALMETTO,21,0.998375103620
state_house_2024,GREENVILLE - PALMETTO,22,0.001624896380
state_house_2024,SPARTANBURG - PALMETTO,29,1.000000000000
state_house_2024,YORK - PALMETTO,66,1.000000000000
state_house_2024,HORRY - PALMETTO BAYS,61,1.000000000000
state_house_2024,SUMTER - PALMETTO PARK,51,0.999355767972
state_house_2024,SUMTER - PALMETTO PARK,67,0.000644232028
state_house_2024,FLORENCE - PAMPLICO NO. 1,59,0.000001947112
state_house_2024,FLORENCE - PAMPLICO NO. 1,60,0.999998052888
state_house_2024,FLORENCE - PAMPLICO NO. 2,59,0.999999912080
state_house_2024,FLORENCE - PAMPLICO NO. 2,60,0.000000087920
state_house_2024,GREENVILLE - PARIS MOUNTAIN,17,0.001490830465
state_house_2024,GREENVILLE - PARIS MOUNTAIN,19,0.327943858800
state_house_2024,GREENVILLE - PARIS MOUNTAIN,20,0.670565310735
state_house_2024,LEXINGTON - PARK ROAD 1,87,1.000000000000
state_house_2024,LEXINGTON - PARK ROAD 2,69,0.000000000004
state_house_2024,LEXINGTON - PARK ROAD 2,87,0.999999999996
state_house_2024,RICHLAND - PARKRIDGE 1,71,0.000055892846
state_house_2024,RICHLAND - PARKRIDGE 1,73,0.997680595386
state_house_2024,RICHLAND - PARKRIDGE 1,85,0.002263511768
state_house_2024,RICHLAND - PARKRIDGE 2,73,0.970676874324
state_house_2024,RICHLAND - PARKRIDGE 2,85,0.029323125676
state_house_2024,MCCORMICK - PARKSVILLE,12,1.000000000000
state_house_2024,RICHLAND - PARKWAY 1,77,0.000006011139
state_house_2024,RICHLAND - PARKWAY 1,79,0.999993988861
state_house_2024,RICHLAND - PARKWAY 2,79,1.000000000000
state_house_2024,RICHLAND - PARKWAY 3,79,1.000000000000
state_house_2024,GREENWOOD - PARSONS MILL,13,1.000000000000
state_house_2024,CHESTERFIELD - PATRICK,53,0.999484781944
state_house_2024,CHESTERFIELD - PATRICK,54,0.000515218056
state_house_2024,DORCHESTER - PATRIOT,109,0.976180530539
state_house_2024,DORCHESTER - PATRIOT,113,0.023819469461
state_house_2024,SPARTANBURG - PAULINE GLENN SPRINGS ELEMENTARY,33,1.000000000000
state_house_2024,GEORGETOWN - PAWLEYS ISLAND NO. 1,108,1.000000000000
state_house_2024,GEORGETOWN - PAWLEYS ISLAND NO. 2,108,1.000000000000
state_house_2024,GEORGETOWN - PAWLEYS ISLAND NO. 3,108,1.000000000000
state_house_2024,GEORGETOWN - PAWLEYS ISLAND NO. 4,108,1.000000000000
state_house_2024,GEORGETOWN - PAWLEYS ISLAND NO. 5,108,1.000000000000
state_house_2024,HORRY - PAWLEYS SWAMP,103,1.000000000000
state_house_2024,SPARTANBURG - PEACH BLOSSOM,32,1.000000000000
state_house_2024,NEWBERRY - PEAK,40,0.999999944363
state_house_2024,NEWBERRY - PEAK,41,0.000000055637
state_house_2024,GREENVILLE - PEBBLE CREEK,20,1.000000000000
state_house_2024,GREENWOOD - PEBBLE STONE WAY,12,1.000000000000
state_house_2024,CHESTERFIELD - PEE DEE,53,0.998106337115
state_house_2024,CHESTERFIELD - PEE DEE,54,0.001893662885
state_house_2024,GEORGETOWN - PEE DEE,103,1.000000000000
state_house_2024,COLLETON - PEEPLES,97,0.999999608796
state_house_2024,COLLETON - PEEPLES,121,0.000000391204
state_house_2024,GREENVILLE - PELHAM FALLS,21,0.998527027478
state_house_2024,GREENVILLE - PELHAM FALLS,22,0.001154448054
state_house_2024,GREENVILLE - PELHAM FALLS,35,0.000318524467
state_house_2024,SPARTANBURG - PELHAM FIRE STATION,21,0.000000024607
state_house_2024,SPARTANBURG - PELHAM FIRE STATION,35,0.999999975393
state_house_2024,LEXINGTON - PELION 2,86,0.000100791243
state_house_2024,LEXINGTON - PELION 2,96,0.999899208757
state_house_2024,LEXINGTON - PELION 1,96,1.000000000000
state_house_2024,ANDERSON - PELZER,9,0.999618587792
state_house_2024,ANDERSON - PELZER,28,0.000381412208
state_house_2024,ANDERSON - PENDLETON,6,0.920684310176
state_house_2024,ANDERSON - PENDLETON,8,0.079315689824
state_house_2024,PICKENS - PENDLETON,4,0.000000541647
state_house_2024,PICKENS - PENDLETON,5,0.998480924962
state_house_2024,PICKENS - PENDLETON,6,0.001518533390
state_house_2024,COLLETON - PENIEL,97,0.130741398188
state_house_2024,COLLETON - PENIEL,121,0.869258601812
state_house_2024,RICHLAND - PENNINGTON 1,75,1.000000000000
state_house_2024,RICHLAND - PENNINGTON 2,52,0.000000356130
state_house_2024,RICHLAND - PENNINGTON 2,75,0.999999643870
state_house_2024,GEORGETOWN - PENNYROYAL,103,0.509533369158
state_house_2024,GEORGETOWN - PENNYROYAL,108,0.490466630842
state_house_2024,WILLIAMSBURG - PERGAMOS,60,0.000000013969
state_house_2024,WILLIAMSBURG - PERGAMOS,101,0.999999986031
state_house_2024,COLLETON - PETITS,121,0.000094819306
state_house_2024,COLLETON - PETITS,122,0.999905180694
state_house_2024,PICKENS - PICKENSVILLE,5,1.000000000000
state_house_2024,ANDERSON - PIEDMONT,10,1.000000000000
state_house_2024,GREENVILLE - PIEDMONT,10,0.479663572213
state_house_2024,GREENVILLE - PIEDMONT,25,0.519124692489
state_house_2024,GREENVILLE - PIEDMONT,28,0.001211735299
state_house_2024,ANDERSON - PIERCETOWN,6,0.939764746721
state_house_2024,ANDERSON - PIERCETOWN,9,0.060235253279
state_house_2024,PICKENS - PIKE,2,0.000335547586
state_house_2024,PICKENS - PIKE,3,0.999664452414
state_house_2024,LEXINGTON - PILGRIM CHURCH,69,1.000000000000
state_house_2024,BERKELEY - PIMLICO,100,1.000000000000
state_house_2024,BERKELEY - PINE GROVE,15,0.000000030162
state_house_2024,BERKELEY - PINE GROVE,92,0.000000028082
state_house_2024,BERKELEY - PINE GROVE,100,0.000000008446
state_house_2024,BERKELEY - PINE GROVE,103,0.999999933310
state_house_2024,RICHLAND - PINE GROVE,69,0.003680675262
state_house_2024,RICHLAND - PINE GROVE,72,0.000000001985
state_house_2024,RICHLAND - PINE GROVE,73,0.979103504563
state_house_2024,RICHLAND - PINE GROVE,85,0.017215818190
state_house_2024,RICHLAND - PINE LAKES 1,52,1.000000000000
state_house_2024,RICHLAND - PINE LAKES 2,52,0.999999673727
state_house_2024,RICHLAND - PINE LAKES 2,78,0.000000326273
state_house_2024,LEXINGTON - PINE RIDGE 1,88,0.668672432751
state_house_2024,LEXINGTON - PINE RIDGE 1,89,0.000172744709
state_house_2024,LEXINGTON - PINE RIDGE 1,93,0.331154822540
state_house_2024,GREENWOOD - PINECREST,13,1.000000000000
state_house_2024,ORANGEBURG - PINEHILL,91,1.000000000000
state_house_2024,JASPER - PINELAND,122,1.000000000000
state_house_2024,LEXINGTON - PINERIDGE 2,88,1.000000000000
state_house_2024,GREENVILLE - PINEVIEW,14,0.000000038539
state_house_2024,GREENVILLE - PINEVIEW,16,0.999568840741
state_house_2024,GREENVILLE - PINEVIEW,28,0.000431120720
state_house_2024,LEXINGTON - PINEVIEW,69,0.999997966249
state_house_2024,LEXINGTON - PINEVIEW,88,0.000000055905
state_house_2024,LEXINGTON - PINEVIEW,89,0.000001977846
state_house_2024,RICHLAND - PINEWOOD,52,1.000000000000
state_house_2024,SUMTER - PINEWOOD,64,0.999570256118
state_house_2024,SUMTER - PINEWOOD,67,0.000262339465
state_house_2024,SUMTER - PINEWOOD,70,0.000038944616
state_house_2024,SUMTER - PINEWOOD,93,0.000128459801
state_house_2024,WILLIAMSBURG - PINEY FOREST,57,0.999955203426
state_house_2024,WILLIAMSBURG - PINEY FOREST,101,0.000044317936
state_house_2024,WILLIAMSBURG - PINEY FOREST,103,0.000000478637
state_house_2024,BERKELEY - PINOPOLIS,100,1.000000000000
state_house_2024,GEORGETOWN - PLANTERSVILLE,103,0.505222497126
state_house_2024,GEORGETOWN - PLANTERSVILLE,108,0.494777502874
state_house_2024,LEXINGTON - PLATT SPRINGS 1,96,1.000000000000
state_house_2024,LEXINGTON - PLATT SPRINGS 2,96,1.000000000000
state_house_2024,CHEROKEE - PLEASANT GROVE,30,1.000000000000
state_house_2024,SALUDA - PLEASANT GROVE,39,1.000000000000
state_house_2024,DILLON - PLEASANT HILL,55,1.000000000000
state_house_2024,GEORGETOWN - PLEASANT HILL,57,0.000000051268
state_house_2024,GEORGETOWN - PLEASANT HILL,103,0.999999948732
state_house_2024,CHEROKEE - PLEASANT MEADOWS,29,0.910857397853
state_house_2024,CHEROKEE - PLEASANT MEADOWS,30,0.089142602147
state_house_2024,YORK - PLEASANT ROAD,66,1.000000000000
state_house_2024,HORRY - PLEASANT VIEW,57,1.000000000000
state_house_2024,MCCORMICK - PLUM BRANCH,12,0.999999999482
state_house_2024,MCCORMICK - PLUM BRANCH,83,0.000000000518
state_house_2024,SUMTER - POCOTALIGO 1,51,0.000082482453
state_house_2024,SUMTER - POCOTALIGO 1,64,0.000000339337
state_house_2024,SUMTER - POCOTALIGO 1,67,0.999917178210
state_house_2024,SUMTER - POCOTALIGO 2,64,0.000141630621
state_house_2024,SUMTER - POCOTALIGO 2,67,0.999858369379
state_house_2024,GREENVILLE - POINSETT,19,1.000000000000
state_house_2024,YORK - POLE BRANCH,48,1.000000000000
state_house_2024,RICHLAND - POLO ROAD,76,0.000114689638
state_house_2024,RICHLAND - POLO ROAD,78,0.999885310362
state_house_2024,NEWBERRY - POMARIA,40,1.000000000000
state_house_2024,BERKELEY - POMFLANT,15,0.000000734806
state_house_2024,BERKELEY - POMFLANT,103,0.999999265194
state_house_2024,LEXINGTON - POND BRANCH,39,1.000000000000
state_house_2024,RICHLAND - PONTIAC 1,50,0.000000086322
state_house_2024,RICHLAND - PONTIAC 1,52,0.141741817351
state_house_2024,RICHLAND - PONTIAC 1,70,0.540591354677
state_house_2024,RICHLAND - PONTIAC 1,78,0.317662431926
state_house_2024,RICHLAND - PONTIAC 1,79,0.000004309724
state_house_2024,RICHLAND - PONTIAC 2,52,0.000013480612
state_house_2024,RICHLAND - PONTIAC 2,78,0.999985526097
state_house_2024,RICHLAND - PONTIAC 2,79,0.000000993291
state_house_2024,PICKENS - POPE FIELD,5,1.000000000000
state_house_2024,HORRY - POPLAR HILL,58,1.000000000000
state_house_2024,SPARTANBURG - POPLAR SPRINGS FIRE STATION,34,1.000000000000
state_house_2024,HORRY - PORT HARRELSON,103,1.000000000000
state_house_2024,GEORGETOWN - POTATO BED FERRY,57,0.000071321518
state_house_2024,GEORGETOWN - POTATO BED FERRY,103,0.999928678482
state_house_2024,ANDERSON - POWDERSVILLE,10,0.999870136461
state_house_2024,ANDERSON - POWDERSVILLE,25,0.000129863539
state_house_2024,SPARTANBURG - POWELL SAXON UNA,31,1.000000000000
state_house_2024,PICKENS - PRATERS CREEK,4,1.000000000000
state_house_2024,SUMTER - PRIVATEER,51,0.000080570885
state_house_2024,SUMTER - PRIVATEER,64,0.000988928436
state_house_2024,SUMTER - PRIVATEER,67,0.998930500679
state_house_2024,FLORENCE - PROSPECT,60,1.000000000000
state_house_2024,NEWBERRY - PROSPERITY CITY,40,1.000000000000
state_house_2024,NEWBERRY - PROSPERITY OUTSIDE,40,1.000000000000
state_house_2024,ORANGEBURG - PROVIDENCE,95,1.000000000000
state_house_2024,LEXINGTON - PROVIDENCE CHURCH,69,0.464643975179
state_house_2024,LEXINGTON - PROVIDENCE CHURCH,87,0.535356024821
state_house_2024,PICKENS - PUMPKINTOWN,4,0.997334250060
state_house_2024,PICKENS - PUMPKINTOWN,17,0.002665749940
state_house_2024,UNION - PUTNAM,42,1.000000000000
state_house_2024,LEXINGTON - QUAIL HOLLOW,69,0.003596509724
state_house_2024,LEXINGTON - QUAIL HOLLOW,89,0.996403490276
state_house_2024,LEXINGTON - QUAIL VALLEY,73,0.000000357268
state_house_2024,LEXINGTON - QUAIL VALLEY,85,0.999999642732
state_house_2024,MARLBORO - QUICKS X ROADS,54,1.000000000000
state_house_2024,FLORENCE - QUINBY,55,0.845964764753
state_house_2024,FLORENCE - QUINBY,59,0.154035235247
state_house_2024,SPARTANBURG - R.D. ANDERSON VOCATIONAL,33,0.671486951405
state_house_2024,SPARTANBURG - R.D. ANDERSON VOCATIONAL,34,0.117468456991
state_house_2024,SPARTANBURG - R.D. ANDERSON VOCATIONAL,35,0.211044591604
state_house_2024,KERSHAW - RABONS CROSSROADS,45,1.000000000000
state_house_2024,HORRY - RACEPATH 1,58,0.967398166555
state_house_2024,HORRY - RACEPATH 1,61,0.032601833445
state_house_2024,HORRY - RACEPATH 2,58,1.000000000000
state_house_2024,SPARTANBURG - RAINBOW,38,1.000000000000
state_house_2024,MARION - RAINS,57,1.000000000000
state_house_2024,GREENVILLE - RAINTREE,16,0.773164496832
state_house_2024,GREENVILLE - RAINTREE,28,0.226835503168
state_house_2024,GREENVILLE - RANCH CREEK,25,0.000250420666
state_house_2024,GREENVILLE - RANCH CREEK,27,0.001088420822
state_house_2024,GREENVILLE - RANCH CREEK,28,0.998661158512
state_house_2024,LEE - RATTLESNAKE SPRINGS,50,1.000000000000
state_house_2024,LEXINGTON - RED BANK,39,0.000003715585
state_house_2024,LEXINGTON - RED BANK,87,0.191660487407
state_house_2024,LEXINGTON - RED BANK,88,0.074187998229
state_house_2024,LEXINGTON - RED BANK,96,0.734147798779
state_house_2024,LEXINGTON - RED BANK SOUTH 2,88,0.942868271760
state_house_2024,LEXINGTON - RED BANK SOUTH 2,96,0.057131728240
state_house_2024,LEXINGTON - RED BANK SOUTH 1,88,0.999875145649
state_house_2024,LEXINGTON - RED BANK SOUTH 1,96,0.000124854351
state_house_2024,HORRY - RED BLUFF,105,1.000000000000
state_house_2024,MARLBORO - RED HILL,54,1.000000000000
state_house_2024,HORRY - RED HILL 1,58,0.499548607387
state_house_2024,HORRY - RED HILL 1,61,0.500451346042
state_house_2024,HORRY - RED HILL 1,105,0.000000046571
state_house_2024,HORRY - RED HILL 2,61,1.000000000000
state_house_2024,GREENVILLE - REEDY FORK,25,0.496812684274
state_house_2024,GREENVILLE - REEDY FORK,28,0.503187315726
state_house_2024,DORCHESTER - REEVESVILLE,90,0.851915325166
state_house_2024,DORCHESTER - REEVESVILLE,95,0.148084674834
state_house_2024,SPARTANBURG - REIDVILLE ELEMENTARY,34,0.017980415583
state_house_2024,SPARTANBURG - REIDVILLE ELEMENTARY,35,0.982019584417
state_house_2024,SPARTANBURG - REIDVILLE FIRE STATION,34,0.557320016386
state_house_2024,SPARTANBURG - REIDVILLE FIRE STATION,35,0.442679983614
state_house_2024,SUMTER - REMBERT,50,0.999168085128
state_house_2024,SUMTER - REMBERT,64,0.000744571238
state_house_2024,SUMTER - REMBERT,70,0.000087343635
state_house_2024,RICHLAND - RICE CREEK 1,77,1.000000000000
state_house_2024,RICHLAND - RICE CREEK 2,77,0.794044805487
state_house_2024,RICHLAND - RICE CREEK 2,79,0.205955194513
state_house_2024,COLLETON - RICE PATCH,97,0.000000013329
state_house_2024,COLLETON - RICE PATCH,122,0.999999986671
state_house_2024,PICKENS - RICES CREEK,4,1.000000000000
state_house_2024,CHESTER - RICHBURG,43,1.000000000000
state_house_2024,SALUDA - RICHLAND,39,0.901616647773
state_house_2024,SALUDA - RICHLAND,82,0.098383352227
state_house_2024,LEXINGTON - RIDGE ROAD,39,0.998614152057
state_house_2024,LEXINGTON - RIDGE ROAD,40,0.001385847943
state_house_2024,SALUDA - RIDGE SPRING-MONETTA,39,0.805592332256
state_house_2024,SALUDA - RIDGE SPRING-MONETTA,82,0.193443467718
state_house_2024,SALUDA - RIDGE SPRING-MONETTA,86,0.000964200027
state_house_2024,RICHLAND - RIDGE VIEW 1,79,1.000000000000
state_house_2024,RICHLAND - RIDGE VIEW 2,79,1.000000000000
state_house_2024,JASPER - RIDGELAND 1,122,1.000000000000
state_house_2024,JASPER - RIDGELAND 2,122,1.000000000000
state_house_2024,JASPER - RIDGELAND 3,122,1.000000000000
state_house_2024,DORCHESTER - RIDGEVILLE,97,0.000000020267
state_house_2024,DORCHESTER - RIDGEVILLE,102,0.999999979733
state_house_2024,DORCHESTER - RIDGEVILLE 2,97,0.000000004205
state_house_2024,DORCHESTER - RIDGEVILLE 2,102,0.999999995795
state_house_2024,FAIRFIELD - RIDGEWAY,41,0.999986990420
state_house_2024,FAIRFIELD - RIDGEWAY,45,0.000000010102
state_house_2024,FAIRFIELD - RIDGEWAY,77,0.000012999478
state_house_2024,RICHLAND - RIDGEWOOD,74,1.000000000000
state_house_2024,GREENWOOD - RILEY,13,1.000000000000
state_house_2024,COLLETON - RITTER,121,1.000000000000
state_house_2024,YORK - RIVERS EDGE,48,1.000000000000
state_house_2024,LEXINGTON - RIVER BLUFF,69,0.998929762468
state_house_2024,LEXINGTON - RIVER BLUFF,89,0.001070237532
state_house_2024,YORK - RIVER HILLS,48,1.000000000000
state_house_2024,HORRY - RIVER OAKS,56,1.000000000000
state_house_2024,SPARTANBURG - RIVER RIDGE ELEMENTARY,34,1.000000000000
state_house_2024,GREENVILLE - RIVER WALK,16,0.000079190524
state_house_2024,GREENVILLE - RIVER WALK,21,0.000019962332
state_house_2024,GREENVILLE - RIVER WALK,35,0.999900847144
state_house_2024,KERSHAW - RIVERDALE,70,1.000000000000
state_house_2024,HAMPTON - RIVERS MILL,122,1.000000000000
state_house_2024,GREENVILLE - RIVERSIDE,18,0.001906559245
state_house_2024,GREENVILLE - RIVERSIDE,21,0.998093440755
state_house_2024,RICHLAND - RIVERSIDE,72,0.975003954292
state_house_2024,RICHLAND - RIVERSIDE,74,0.024996045708
state_house_2024,RICHLAND - RIVERSPRINGS 1,71,1.000000000000
state_house_2024,RICHLAND - RIVERSPRINGS 2,71,1.000000000000
state_house_2024,RICHLAND - RIVERSPRINGS 3,71,1.000000000000
state_house_2024,YORK - RIVERVIEW,26,0.999999949865
state_house_2024,YORK - RIVERVIEW,66,0.000000050135
state_house_2024,RICHLAND - RIVERWALK,71,0.303945850773
state_house_2024,RICHLAND - RIVERWALK,73,0.696054149227
state_house_2024,YORK - ROCK CREEK,47,1.000000000000
state_house_2024,GREENVILLE - ROCK HILL,20,0.000003497787
state_house_2024,GREENVILLE - ROCK HILL,22,0.999919232819
state_house_2024,GREENVILLE - ROCK HILL,23,0.000077269395
state_house_2024,YORK - ROCK HILL NO. 2,49,1.000000000000
state_house_2024,YORK - ROCK HILL NO. 3,49,1.000000000000
state_house_2024,YORK - ROCK HILL NO. 4,46,0.330647893508
state_house_2024,YORK - ROCK HILL NO. 4,49,0.669352106492
state_house_2024,YORK - ROCK HILL NO. 5,46,0.959380110899
state_house_2024,YORK - ROCK HILL NO. 5,49,0.040619889101
state_house_2024,YORK - ROCK HILL NO. 6,49,1.000000000000
state_house_2024,YORK - ROCK HILL NO. 7,46,0.759109117683
state_house_2024,YORK - ROCK HILL NO. 7,48,0.240890882317
state_house_2024,YORK - ROCK HILL NO. 8,43,0.001269210531
state_house_2024,YORK - ROCK HILL NO. 8,49,0.998730789469
state_house_2024,ANDERSON - ROCK MILL,11,1.000000000000
state_house_2024,ANDERSON - ROCK SPRING,7,1.000000000000
state_house_2024,PICKENS - ROCK SPRINGS,5,0.494069651303
state_house_2024,PICKENS - ROCK SPRINGS,10,0.505930348697
state_house_2024,GREENVILLE - ROCKY CREEK,22,0.000001615401
state_house_2024,GREENVILLE - ROCKY CREEK,24,0.999673254649
state_house_2024,GREENVILLE - ROCKY CREEK,35,0.000325129951
state_house_2024,CHESTER - RODMAN,41,0.064537792764
state_house_2024,CHESTER - RODMAN,43,0.935456024571
state_house_2024,CHESTER - RODMAN,49,0.000006182665
state_house_2024,SPARTANBURG - ROEBUCK BETHLEHEM,31,0.189127502965
state_house_2024,SPARTANBURG - ROEBUCK BETHLEHEM,33,0.810872497035
state_house_2024,SPARTANBURG - ROEBUCK ELEMENTARY,31,0.111547393830
state_house_2024,SPARTANBURG - ROEBUCK ELEMENTARY,33,0.888452606170
state_house_2024,GREENVILLE - ROLLING GREEN,21,0.000682273610
state_house_2024,GREENVILLE - ROLLING GREEN,22,0.998705028410
state_house_2024,GREENVILLE - ROLLING GREEN,24,0.000612697980
state_house_2024,YORK - ROOSEVELT,47,1.000000000000
state_house_2024,YORK - ROSEWOOD,48,1.000000000000
state_house_2024,DORCHESTER - ROSINVILLE,90,0.000000023176
state_house_2024,DORCHESTER - ROSINVILLE,95,0.999952161724
state_house_2024,DORCHESTER - ROSINVILLE,102,0.000047815100
state_house_2024,DORCHESTER - ROSSES,97,0.999999978128
state_house_2024,DORCHESTER - ROSSES,102,0.000000021872
state_house_2024,CHESTER - ROSSVILLE,41,0.000000002107
state_house_2024,CHESTER - ROSSVILLE,43,0.999999997893
state_house_2024,LEXINGTON - ROUND HILL,87,1.000000000000
state_house_2024,COLLETON - ROUND O,97,1.000000000000
state_house_2024,RICHLAND - ROUND TOP,41,1.000000000000
state_house_2024,ORANGEBURG - ROWESVILLE,90,1.000000000000
state_house_2024,GREENVILLE - ROYAL OAKS,25,1.000000000000
state_house_2024,BERKELEY - ROYLE,117,1.000000000000
state_house_2024,CHESTERFIELD - RUBY,53,1.000000000000
state_house_2024,COLLETON - RUFFIN,90,0.999999852946
state_house_2024,COLLETON - RUFFIN,97,0.000000147054
state_house_2024,BERKELEY - RUSSELLVILLE,102,1.000000000000
state_house_2024,GREENWOOD - RUTHERFORD SHOALS,11,0.000000034969
state_house_2024,GREENWOOD - RUTHERFORD SHOALS,13,0.999999965031
state_house_2024,MARLBORO - S BENNETTSVILLE,54,1.000000000000
state_house_2024,MARION - S EAST MULLINS,55,0.000000013827
state_house_2024,MARION - S EAST MULLINS,57,0.999407410324
state_house_2024,MARION - S EAST MULLINS,59,0.000592575850
state_house_2024,MARION - S WEST MULLINS,57,0.998652293538
state_house_2024,MARION - S WEST MULLINS,59,0.001347706462
state_house_2024,FLORENCE - SALEM,60,1.000000000000
state_house_2024,HORRY - SALEM,56,0.221757889164
state_house_2024,HORRY - SALEM,105,0.778242110836
state_house_2024,SUMTER - SALEM,50,0.999985084647
state_house_2024,SUMTER - SALEM,51,0.000014583937
state_house_2024,SUMTER - SALEM,64,0.000000331416
state_house_2024,KERSHAW - SALT POND,45,0.474743284224
state_house_2024,KERSHAW - SALT POND,52,0.213687630619
state_house_2024,KERSHAW - SALT POND,70,0.311569085157
state_house_2024,WILLIAMSBURG - SALTERS,101,1.000000000000
state_house_2024,SUMTER - SALTERSTOWN,51,1.000000000000
state_house_2024,GREENVILLE - SALUDA,5,0.005523739532
state_house_2024,GREENVILLE - SALUDA,19,0.994476260468
state_house_2024,PICKENS - SALUDA,10,0.999850706170
state_house_2024,PICKENS - SALUDA,25,0.000149293830
state_house_2024,SALUDA - SALUDA NO. 1,39,0.685809255551
state_house_2024,SALUDA - SALUDA NO. 1,82,0.314190744449
state_house_2024,SALUDA - SALUDA NO. 2,39,0.556725142082
state_house_2024,SALUDA - SALUDA NO. 2,82,0.443274857918
state_house_2024,LEXINGTON - SALUDA RIVER,72,0.012421559654
state_house_2024,LEXINGTON - SALUDA RIVER,89,0.987578440346
state_house_2024,GEORGETOWN - SAMPIT,103,1.000000000000
state_house_2024,LEXINGTON - SANDHILL,88,0.495340376314
state_house_2024,LEXINGTON - SANDHILL,96,0.504659623686
state_house_2024,RICHLAND - SANDLAPPER,77,1.000000000000
state_house_2024,GREENWOOD - SANDRIDGE,12,0.000000008280
state_house_2024,GREENWOOD - SANDRIDGE,13,0.999999985339
state_house_2024,GREENWOOD - SANDRIDGE,82,0.000000006381
state_house_2024,WILLIAMSBURG - SANDY BAY,101,1.000000000000
state_house_2024,GREENVILLE - SANDY FLAT,17,0.991455772830
state_house_2024,GREENVILLE - SANDY FLAT,18,0.008544227170
state_house_2024,CALHOUN - SANDY RUN,93,1.000000000000
state_house_2024,LEXINGTON - SANDY RUN,93,1.000000000000
state_house_2024,BERKELEY - SANGAREE 1,117,1.000000000000
state_house_2024,BERKELEY - SANGAREE 2,117,1.000000000000
state_house_2024,BERKELEY - SANGAREE 3,117,1.000000000000
state_house_2024,GEORGETOWN - SANTEE,103,0.254867967922
state_house_2024,GEORGETOWN - SANTEE,108,0.745132032078
state_house_2024,ORANGEBURG - SANTEE 1,93,1.000000000000
state_house_2024,ORANGEBURG - SANTEE 2,93,1.000000000000
state_house_2024,UNION - SANTUCK,41,0.000511745638
state_house_2024,UNION - SANTUCK,42,0.999488254362
state_house_2024,SALUDA - SARDIS,39,1.000000000000
state_house_2024,RICHLAND - SATCHELFORD,74,0.000000549672
state_house_2024,RICHLAND - SATCHELFORD,75,0.000000474790
state_house_2024,RICHLAND - SATCHELFORD,78,0.999998975538
state_house_2024,DORCHESTER - SAUL DAM,97,0.000000052716
state_house_2024,DORCHESTER - SAUL DAM,98,0.000000059327
state_house_2024,DORCHESTER - SAUL DAM,114,0.999999829184
state_house_2024,DORCHESTER - SAUL DAM,116,0.000000058773
state_house_2024,SUMTER - SAVAGE-GLOVER,51,1.000000000000
state_house_2024,MCCORMICK - SAVANNAH,12,1.000000000000
state_house_2024,FLORENCE - SAVANNAH GROVE,60,0.999958756710
state_house_2024,FLORENCE - SAVANNAH GROVE,62,0.000000030187
state_house_2024,FLORENCE - SAVANNAH GROVE,63,0.000041213103
state_house_2024,DORCHESTER - SAWMILL BRANCH,94,1.000000000000
state_house_2024,LEE - SCHROCKS MILLLUCKNOW,50,0.999816357553
state_house_2024,LEE - SCHROCKS MILLLUCKNOW,65,0.000183642447
state_house_2024,HAMPTON - SCOTIA,122,1.000000000000
state_house_2024,FLORENCE - SCRANTON,60,0.999878783579
state_house_2024,FLORENCE - SCRANTON,101,0.000121216421
state_house_2024,HORRY - SEA OATS 1,107,1.000000000000
state_house_2024,HORRY - SEA OATS 2,107,1.000000000000
state_house_2024,HORRY - SEA WINDS,68,0.913843673824
state_house_2024,HORRY - SEA WINDS,106,0.086156326176
state_house_2024,CHARLESTON - SEABROOK,115,0.999998666097
state_house_2024,CHARLESTON - SEABROOK,116,0.000001333903
state_house_2024,SUMTER - SECOND MILL,51,0.001844702336
state_house_2024,SUMTER - SECOND MILL,67,0.998155297664
state_house_2024,BERKELEY - SEDGEFIELD 1,15,0.981905268136
state_house_2024,BERKELEY - SEDGEFIELD 1,103,0.018094731864
state_house_2024,BERKELEY - SEDGEFIELD 2,15,0.000000014764
state_house_2024,BERKELEY - SEDGEFIELD 2,99,0.714352425335
state_house_2024,BERKELEY - SEDGEFIELD 2,103,0.285345017124
state_house_2024,BERKELEY - SEDGEFIELD 2,113,0.000302542777
state_house_2024,BERKELEY - SEDGEFIELD 3,15,0.999997098198
state_house_2024,BERKELEY - SEDGEFIELD 3,103,0.000002901802
state_house_2024,MARION - SELLERS,55,0.000022798211
state_house_2024,MARION - SELLERS,59,0.999977201789
state_house_2024,LEXINGTON - SEVEN OAKS,69,0.450021716497
state_house_2024,LEXINGTON - SEVEN OAKS,85,0.549978283503
state_house_2024,BERKELEY - SEVENTY EIGHT,92,0.000000004558
state_house_2024,BERKELEY - SEVENTY EIGHT,102,0.000009435764
state_house_2024,BERKELEY - SEVENTY EIGHT,113,0.001480602252
state_house_2024,BERKELEY - SEVENTY EIGHT,117,0.998509957425
state_house_2024,GREENVILLE - SEVIER,19,0.000418765474
state_house_2024,GREENVILLE - SEVIER,20,0.999502574443
state_house_2024,GREENVILLE - SEVIER,22,0.000078660084
state_house_2024,YORK - SHARON,29,1.000000000000
state_house_2024,LEXINGTON - SHARPES HILL,96,1.000000000000
state_house_2024,SUMTER - SHAW,50,0.003579401483
state_house_2024,SUMTER - SHAW,64,0.005133455087
state_house_2024,SUMTER - SHAW,67,0.991287143430
state_house_2024,KERSHAW - SHAYLORS HILL,45,0.999999984393
state_house_2024,KERSHAW - SHAYLORS HILL,70,0.000000015607
state_house_2024,PICKENS - SHEFFIELD,5,1.000000000000
state_house_2024,HORRY - SHELL,105,1.000000000000
state_house_2024,CHESTERFIELD - SHILOH,53,1.000000000000
state_house_2024,ANDERSON - SHIRLEYS STORE,7,1.000000000000
state_house_2024,SPARTANBURG - SHOALLY,32,0.000000018145
state_house_2024,SPARTANBURG - SHOALLY,37,0.999999981855
state_house_2024,GREENWOOD - SHOALS JUNCTION,11,0.000000005513
state_house_2024,GREENWOOD - SHOALS JUNCTION,13,0.999999994487
state_house_2024,YORK - SHORELINE,66,1.000000000000
state_house_2024,BERKELEY - SHULERVILLE,103,0.997982243158
state_house_2024,BERKELEY - SHULERVILLE,108,0.002017756842
state_house_2024,COLLETON - SIDNEYS,97,1.000000000000
state_house_2024,SPARTANBURG - SILVERHILL MEMORIAL UMC,31,1.000000000000
state_house_2024,GREENVILLE - SILVERLEAF,18,0.003920677706
state_house_2024,GREENVILLE - SILVERLEAF,20,0.197395692206
state_house_2024,GREENVILLE - SILVERLEAF,21,0.798683630088
state_house_2024,NEWBERRY - SILVERSTREET,40,1.000000000000
state_house_2024,FAIRFIELD - SIMPSON,41,0.999220395194
state_house_2024,FAIRFIELD - SIMPSON,77,0.000779604806
state_house_2024,PICKENS - SIMPSON,4,0.000000569808
state_house_2024,PICKENS - SIMPSON,5,0.999999430192
state_house_2024,ANDERSON - SIMPSONVILLE,10,0.999804824404
state_house_2024,ANDERSON - SIMPSONVILLE,25,0.000195175596
state_house_2024,GREENVILLE - SIMPSONVILLE 1,16,0.001121284161
state_house_2024,GREENVILLE - SIMPSONVILLE 1,27,0.998878715839
state_house_2024,GREENVILLE - SIMPSONVILLE 2,27,0.999468115678
state_house_2024,GREENVILLE - SIMPSONVILLE 2,28,0.000531884322
state_house_2024,GREENVILLE - SIMPSONVILLE 3,16,0.120905894926
state_house_2024,GREENVILLE - SIMPSONVILLE 3,27,0.879094105074
state_house_2024,GREENVILLE - SIMPSONVILLE 4,27,0.999791250160
state_house_2024,GREENVILLE - SIMPSONVILLE 4,28,0.000208749840
state_house_2024,GREENVILLE - SIMPSONVILLE 5,16,0.385886591215
state_house_2024,GREENVILLE - SIMPSONVILLE 5,27,0.614113408785
state_house_2024,GREENVILLE - SIMPSONVILLE 6,16,0.000328546603
state_house_2024,GREENVILLE - SIMPSONVILLE 6,27,0.999076953344
state_house_2024,GREENVILLE - SIMPSONVILLE 6,28,0.000594500053
state_house_2024,WILLIAMSBURG - SINGLETARY,57,0.000025534152
state_house_2024,WILLIAMSBURG - SINGLETARY,60,0.000000032409
state_house_2024,WILLIAMSBURG - SINGLETARY,101,0.999974433439
state_house_2024,PICKENS - SITTON,5,0.998488121905
state_house_2024,PICKENS - SITTON,10,0.001511878095
state_house_2024,PICKENS - SIX MILE,1,0.000001453709
state_house_2024,PICKENS - SIX MILE,3,0.999998546291
state_house_2024,YORK - SIX MILE,43,1.000000000000
state_house_2024,PICKENS - SIX MILE MOUNTAIN,1,0.307459094281
state_house_2024,PICKENS - SIX MILE MOUNTAIN,3,0.692540905719
state_house_2024,PICKENS - SKELTON,4,1.000000000000
state_house_2024,GREENVILLE - SKYLAND,17,0.000181550342
state_house_2024,GREENVILLE - SKYLAND,18,0.999793271449
state_house_2024,GREENVILLE - SKYLAND,36,0.000003670317
state_house_2024,GREENVILLE - SKYLAND,38,0.000021507892
state_house_2024,RICHLAND - SKYLAND,72,1.000000000000
state_house_2024,GREENVILLE - SLATER MARIETTA,4,0.000328301970
state_house_2024,GREENVILLE - SLATER MARIETTA,17,0.999671698030
state_house_2024,PICKENS - SMITH GROVE,5,1.000000000000
state_house_2024,ABBEVILLE - SMITHVILLE,11,0.995498877784
state_house_2024,ABBEVILLE - SMITHVILLE,12,0.000250183235
state_house_2024,ABBEVILLE - SMITHVILLE,13,0.004250938982
state_house_2024,YORK - SMYRNA,29,0.999847895116
state_house_2024,YORK - SMYRNA,30,0.000152104884
state_house_2024,BARNWELL - SNELLING,91,1.000000000000
state_house_2024,COLLETON - SNIDERS,97,0.973793429054
state_house_2024,COLLETON - SNIDERS,121,0.026206562896
state_house_2024,COLLETON - SNIDERS,122,0.000000008050
state_house_2024,CHESTERFIELD - SNOW HILL-VAUGHN,53,0.997754327286
state_house_2024,CHESTERFIELD - SNOW HILL-VAUGHN,54,0.002245672714
state_house_2024,HORRY - SOCASTEE 1,68,1.000000000000
state_house_2024,HORRY - SOCASTEE 2,68,1.000000000000
state_house_2024,HORRY - SOCASTEE 3,61,0.136612153168
state_house_2024,HORRY - SOCASTEE 3,68,0.863387846832
state_house_2024,HORRY - SOCASTEE 4,61,0.863226798562
state_house_2024,HORRY - SOCASTEE 4,107,0.136773201438
state_house_2024,DARLINGTON - SOCIETY HILL,53,0.000794711325
state_house_2024,DARLINGTON - SOCIETY HILL,54,0.999205288675
state_house_2024,BAMBERG - SOUTH BAMBERG,90,1.000000000000
state_house_2024,RICHLAND - SOUTH BELTLINE,75,1.000000000000
state_house_2024,PICKENS - SOUTH CENTRAL,3,0.999118852231
state_house_2024,PICKENS - SOUTH CENTRAL,6,0.000881147769
state_house_2024,DILLON - SOUTH DILLON,55,1.000000000000
state_house_2024,ANDERSON - SOUTH FANT,7,0.671675222644
state_house_2024,ANDERSON - SOUTH FANT,8,0.328144585988
state_house_2024,ANDERSON - SOUTH FANT,9,0.000026023403
state_house_2024,ANDERSON - SOUTH FANT,11,0.000154167965
state_house_2024,FLORENCE - SOUTH FLORENCE 1,59,0.003279276757
state_house_2024,FLORENCE - SOUTH FLORENCE 1,60,0.000004418990
state_house_2024,FLORENCE - SOUTH FLORENCE 1,63,0.996716304253
state_house_2024,FLORENCE - SOUTH FLORENCE 2,59,0.109346060680
state_house_2024,FLORENCE - SOUTH FLORENCE 2,60,0.836710297236
state_house_2024,FLORENCE - SOUTH FLORENCE 2,63,0.053943642084
state_house_2024,RICHLAND - SOUTH FOREST ACRES,74,0.000384495452
state_house_2024,RICHLAND - SOUTH FOREST ACRES,75,0.999615504548
state_house_2024,SUMTER - SOUTH LIBERTY,51,0.979655606426
state_house_2024,SUMTER - SOUTH LIBERTY,67,0.020344393574
state_house_2024,LEE - SOUTH LYNCHBURG,50,1.000000000000
state_house_2024,PICKENS - SOUTH PICKENS,4,1.000000000000
state_house_2024,SUMTER - SOUTH RED BAY,51,1.000000000000
state_house_2024,FAIRFIELD - SOUTH WINNSBORO,41,1.000000000000
state_house_2024,SPARTANBURG - SOUTHPORT,31,0.037333525506
state_house_2024,SPARTANBURG - SOUTHPORT,33,0.962666474494
state_house_2024,GREENVILLE - SOUTHSIDE,24,0.425541754573
state_house_2024,GREENVILLE - SOUTHSIDE,25,0.574458245427
state_house_2024,DORCHESTER - SPANN,94,1.000000000000
state_house_2024,GREENWOOD - SPARROWS GRACE,11,0.000000246539
state_house_2024,GREENWOOD - SPARROWS GRACE,13,0.999999753461
state_house_2024,GREENVILLE - SPARROWS POINT,21,0.000144309031
state_house_2024,GREENVILLE - SPARROWS POINT,35,0.999855690969
state_house_2024,SPARTANBURG - SPARTANGREEN,34,0.999999870583
state_house_2024,SPARTANBURG - SPARTANGREEN,36,0.000000129417
state_house_2024,FLORENCE - SPAULDING,55,0.453310328391
state_house_2024,FLORENCE - SPAULDING,59,0.546689671609
state_house_2024,SUMTER - SPECTRUM,51,0.999999971443
state_house_2024,SUMTER - SPECTRUM,67,0.000000028557
state_house_2024,GREENVILLE - SPRING FOREST,22,0.998680908172
state_house_2024,GREENVILLE - SPRING FOREST,23,0.001319091828
state_house_2024,GEORGETOWN - SPRING GULLEY,103,0.996009610475
state_house_2024,GEORGETOWN - SPRING GULLEY,108,0.003990389525
state_house_2024,LEE - SPRING HILL,50,1.000000000000
state_house_2024,RICHLAND - SPRING HILL,41,0.000000268935
state_house_2024,RICHLAND - SPRING HILL,71,0.997706795459
state_house_2024,RICHLAND - SPRING HILL,85,0.002292935606
state_house_2024,RICHLAND - SPRING VALLEY,76,0.999999019614
state_house_2024,RICHLAND - SPRING VALLEY,78,0.000000216452
state_house_2024,RICHLAND - SPRING VALLEY,79,0.000000763933
state_house_2024,RICHLAND - SPRING VALLEY WEST,76,0.619717409395
state_house_2024,RICHLAND - SPRING VALLEY WEST,77,0.208941968918
state_house_2024,RICHLAND - SPRING VALLEY WEST,79,0.171340621686
state_house_2024,KERSHAW - SPRINGDALE,45,0.000000035874
state_house_2024,KERSHAW - SPRINGDALE,50,0.105770632698
state_house_2024,KERSHAW - SPRINGDALE,70,0.894229331428
state_house_2024,LEXINGTON - SPRINGDALE,89,1.000000000000
state_house_2024,YORK - SPRINGDALE,43,0.997578277838
state_house_2024,YORK - SPRINGDALE,46,0.002421722162
state_house_2024,LEXINGTON - SPRINGDALE SOUTH,88,0.000000123687
state_house_2024,LEXINGTON - SPRINGDALE SOUTH,89,0.999999876313
state_house_2024,ORANGEBURG - SPRINGFIELD,91,1.000000000000
state_house_2024,YORK - SPRINGFIELD,26,0.984919843344
state_house_2024,YORK - SPRINGFIELD,44,0.015080156656
state_house_2024,RICHLAND - SPRINGVILLE 1,71,1.000000000000
state_house_2024,RICHLAND - SPRINGVILLE 2,71,1.000000000000
state_house_2024,LEXINGTON - ST DAVIDS,88,1.000000000000
state_house_2024,NEWBERRY - ST PHILLIPS-JOLLY STREET,40,1.000000000000
state_house_2024,RICHLAND - ST. ANDREWS,69,0.000695383857
state_house_2024,RICHLAND - ST. ANDREWS,72,0.998529877445
state_house_2024,RICHLAND - ST. ANDREWS,74,0.000007908727
state_house_2024,RICHLAND - ST. ANDREWS,89,0.000766829971
state_house_2024,CHARLESTON - ST. ANDREWS 1,111,0.000000125812
state_house_2024,CHARLESTON - ST. ANDREWS 1,119,0.999999874188
state_house_2024,CHARLESTON - ST. ANDREWS 10,111,0.999876085955
state_house_2024,CHARLESTON - ST. ANDREWS 10,119,0.000123914045
state_house_2024,CHARLESTON - ST. ANDREWS 11,111,0.003564910665
state_house_2024,CHARLESTON - ST. ANDREWS 11,119,0.996435089335
state_house_2024,CHARLESTON - ST. ANDREWS 12,109,0.000000000144
state_house_2024,CHARLESTON - ST. ANDREWS 12,111,0.005908267667
state_house_2024,CHARLESTON - ST. ANDREWS 12,119,0.994091732189
state_house_2024,CHARLESTON - ST. ANDREWS 13,109,0.046191758755
state_house_2024,CHARLESTON - ST. ANDREWS 13,119,0.953808241245
state_house_2024,CHARLESTON - ST. ANDREWS 14,111,0.004100419302
state_house_2024,CHARLESTON - ST. ANDREWS 14,119,0.995899580698
state_house_2024,CHARLESTON - ST. ANDREWS 15,111,0.999947816161
state_house_2024,CHARLESTON - ST. ANDREWS 15,119,0.000052183839
state_house_2024,CHARLESTON - ST. ANDREWS 16,111,0.000007015089
state_house_2024,CHARLESTON - ST. ANDREWS 16,119,0.999992984911
state_house_2024,CHARLESTON - ST. ANDREWS 17,111,0.000000048007
state_house_2024,CHARLESTON - ST. ANDREWS 17,116,0.000000019185
state_house_2024,CHARLESTON - ST. ANDREWS 17,119,0.999999932807
state_house_2024,CHARLESTON - ST. ANDREWS 18,111,0.999999581165
state_house_2024,CHARLESTON - ST. ANDREWS 18,119,0.000000418835
state_house_2024,CHARLESTON - ST. ANDREWS 19,111,0.999998998085
state_house_2024,CHARLESTON - ST. ANDREWS 19,119,0.000001001915
state_house_2024,CHARLESTON - ST. ANDREWS 2,111,0.000011605958
state_house_2024,CHARLESTON - ST. ANDREWS 2,119,0.999988394042
state_house_2024,CHARLESTON - ST. ANDREWS 20,111,0.316611733298
state_house_2024,CHARLESTON - ST. ANDREWS 20,114,0.312800771642
state_house_2024,CHARLESTON - ST. ANDREWS 20,119,0.370587495060
state_house_2024,CHARLESTON - ST. ANDREWS 21,109,0.058660871251
state_house_2024,CHARLESTON - ST. ANDREWS 21,111,0.000000006335
state_house_2024,CHARLESTON - ST. ANDREWS 21,119,0.941339122414
state_house_2024,CHARLESTON - ST. ANDREWS 22,109,0.000607581851
state_house_2024,CHARLESTON - ST. ANDREWS 22,114,0.999392136390
state_house_2024,CHARLESTON - ST. ANDREWS 22,119,0.000000281759
state_house_2024,CHARLESTON - ST. ANDREWS 23,114,0.999982037407
state_house_2024,CHARLESTON - ST. ANDREWS 23,119,0.000017962593
state_house_2024,CHARLESTON - ST. ANDREWS 24,114,0.000000437266
state_house_2024,CHARLESTON - ST. ANDREWS 24,119,0.999999562734
state_house_2024,CHARLESTON - ST. ANDREWS 25,111,0.000047066026
state_house_2024,CHARLESTON - ST. ANDREWS 25,114,0.000000093492
state_house_2024,CHARLESTON - ST. ANDREWS 25,116,0.000319887871
state_house_2024,CHARLESTON - ST. ANDREWS 25,119,0.999632952611
state_house_2024,CHARLESTON - ST. ANDREWS 26,116,0.000184258052
state_house_2024,CHARLESTON - ST. ANDREWS 26,119,0.999815741948
state_house_2024,CHARLESTON - ST. ANDREWS 27,116,0.999999988123
state_house_2024,CHARLESTON - ST. ANDREWS 27,119,0.000000011877
state_house_2024,CHARLESTON - ST. ANDREWS 28,114,0.001603107024
state_house_2024,CHARLESTON - ST. ANDREWS 28,116,0.998396892976
state_house_2024,CHARLESTON - ST. ANDREWS 29,114,0.000000482115
state_house_2024,CHARLESTON - ST. ANDREWS 29,116,0.999932240334
state_house_2024,CHARLESTON - ST. ANDREWS 29,119,0.000067277550
state_house_2024,CHARLESTON - ST. ANDREWS 3,111,0.999998222483
state_house_2024,CHARLESTON - ST. ANDREWS 3,119,0.000001777517
state_house_2024,CHARLESTON - ST. ANDREWS 30,114,0.000007774622
state_house_2024,CHARLESTON - ST. ANDREWS 30,116,0.000015135104
state_house_2024,CHARLESTON - ST. ANDREWS 30,119,0.999977090274
state_house_2024,CHARLESTON - ST. ANDREWS 31,114,0.999141026326
state_house_2024,CHARLESTON - ST. ANDREWS 31,119,0.000858973674
state_house_2024,CHARLESTON - ST. ANDREWS 32,114,1.000000000000
state_house_2024,CHARLESTON - ST. ANDREWS 33,114,0.999792009169
state_house_2024,CHARLESTON - ST. ANDREWS 33,116,0.000207990831
state_house_2024,CHARLESTON - ST. ANDREWS 34,109,0.002152767804
state_house_2024,CHARLESTON - ST. ANDREWS 34,114,0.997847232196
state_house_2024,CHARLESTON - ST. ANDREWS 35,114,1.000000000000
state_house_2024,CHARLESTON - ST. ANDREWS 36,109,0.002743344023
state_house_2024,CHARLESTON - ST. ANDREWS 36,114,0.997256655977
state_house_2024,CHARLESTON - ST. ANDREWS 37,114,0.999999993915
state_house_2024,CHARLESTON - ST. ANDREWS 37,116,0.000000006085
state_house_2024,CHARLESTON - ST. ANDREWS 4,110,0.797857766032
state_house_2024,CHARLESTON - ST. ANDREWS 4,111,0.000000072269
state_house_2024,CHARLESTON - ST. ANDREWS 4,119,0.202142161699
state_house_2024,CHARLESTON - ST. ANDREWS 5,111,0.000000015185
state_house_2024,CHARLESTON - ST. ANDREWS 5,119,0.999999984815
state_house_2024,CHARLESTON - ST. ANDREWS 6,119,1.000000000000
state_house_2024,CHARLESTON - ST. ANDREWS 7,111,0.000001003163
state_house_2024,CHARLESTON - ST. ANDREWS 7,119,0.999998996837
state_house_2024,CHARLESTON - ST. ANDREWS 8,111,1.000000000000
state_house_2024,CHARLESTON - ST. ANDREWS 9,111,1.000000000000
state_house_2024,LEE - ST. CHARLES,50,1.000000000000
state_house_2024,DORCHESTER - ST. GEORGE NO. 1,90,0.106277887917
state_house_2024,DORCHESTER - ST. GEORGE NO. 1,95,0.042224066746
state_house_2024,DORCHESTER - ST. GEORGE NO. 1,97,0.851498045337
state_house_2024,DORCHESTER - ST. GEORGE NO. 2,90,0.008837109415
state_house_2024,DORCHESTER - ST. GEORGE NO. 2,95,0.985912421855
state_house_2024,DORCHESTER - ST. GEORGE NO. 2,97,0.005250468729
state_house_2024,BERKELEY - ST. JAMES,15,0.712209936524
state_house_2024,BERKELEY - ST. JAMES,99,0.287790063476
state_house_2024,SUMTER - ST. JOHN,50,0.999998057843
state_house_2024,SUMTER - ST. JOHN,60,0.000001859253
state_house_2024,SUMTER - ST. JOHN,62,0.000000041501
state_house_2024,SUMTER - ST. JOHN,64,0.000000041404
state_house_2024,SPARTANBURG - ST. JOHNS LUTHERAN,32,1.000000000000
state_house_2024,CALHOUN - ST. MATTHEWS,93,1.000000000000
state_house_2024,LEE - ST. MATTHEWS,50,1.000000000000
state_house_2024,LEXINGTON - ST. MICHAEL,71,0.000000752614
state_house_2024,LEXINGTON - ST. MICHAEL,85,0.999999237784
state_house_2024,LEXINGTON - ST. MICHAEL,87,0.000000009602
state_house_2024,SUMTER - ST. PAUL,64,0.198623164330
state_house_2024,SUMTER - ST. PAUL,67,0.801376835670
state_house_2024,CHARLESTON - ST. PAULS 1,116,0.998068560311
state_house_2024,CHARLESTON - ST. PAULS 1,121,0.001931439689
state_house_2024,CHARLESTON - ST. PAULS 2A,97,0.001252325393
state_house_2024,CHARLESTON - ST. PAULS 2A,114,0.000024128440
state_house_2024,CHARLESTON - ST. PAULS 2A,116,0.998716731276
state_house_2024,CHARLESTON - ST. PAULS 2A,121,0.000006814890
state_house_2024,CHARLESTON - ST. PAULS 2B,116,1.000000000000
state_house_2024,CHARLESTON - ST. PAULS 3,116,1.000000000000
state_house_2024,CHARLESTON - ST. PAULS 4,116,1.000000000000
state_house_2024,CHARLESTON - ST. PAULS 5,116,1.000000000000
state_house_2024,CHARLESTON - ST. PAULS 6,114,0.000938069173
state_house_2024,CHARLESTON - ST. PAULS 6,116,0.999061930827
state_house_2024,BERKELEY - ST. STEPHEN 1,101,0.000000004176
state_house_2024,BERKELEY - ST. STEPHEN 1,102,0.999999995824
state_house_2024,BERKELEY - ST. STEPHEN 2,101,0.733576961073
state_house_2024,BERKELEY - ST. STEPHEN 2,102,0.266423038927
state_house_2024,DORCHESTER - STALLSVILLE,94,1.000000000000
state_house_2024,GREENVILLE - STANDING SPRINGS,28,1.000000000000
state_house_2024,ANDERSON - STARR,7,0.000778880564
state_house_2024,ANDERSON - STARR,11,0.999221119436
state_house_2024,SPARTANBURG - STARTEX FIRE STATION,34,0.000000056622
state_house_2024,SPARTANBURG - STARTEX FIRE STATION,36,0.999999943378
state_house_2024,YORK - STATELINE,26,0.666836789537
state_house_2024,YORK - STATELINE,66,0.333163210463
state_house_2024,YORK - STEELE CREEK,66,1.000000000000
state_house_2024,COLLETON - STOKES,90,0.000000008692
state_house_2024,COLLETON - STOKES,97,0.999999991308
state_house_2024,PICKENS - STONE CHURCH,2,0.093450621350
state_house_2024,PICKENS - STONE CHURCH,3,0.903457597882
state_house_2024,PICKENS - STONE CHURCH,6,0.001474547815
state_house_2024,PICKENS - STONE CHURCH,8,0.001617232953
state_house_2024,SUMTER - STONE HILL,51,1.000000000000
state_house_2024,BERKELEY - STONE LAKE,92,1.000000000000
state_house_2024,GREENVILLE - STONE VALLEY,18,0.665217621451
state_house_2024,GREENVILLE - STONE VALLEY,20,0.334782378549
state_house_2024,GREENVILLE - STONEHAVEN,21,0.998602951322
state_house_2024,GREENVILLE - STONEHAVEN,35,0.001397048678
state_house_2024,GREENWOOD - STONEWOOD,12,0.000389570642
state_house_2024,GREENWOOD - STONEWOOD,13,0.999610429358
state_house_2024,NEWBERRY - STONEY HILL,40,1.000000000000
state_house_2024,BERKELEY - STRATFORD 1,92,0.000011745754
state_house_2024,BERKELEY - STRATFORD 1,117,0.999988254246
state_house_2024,BERKELEY - STRATFORD 2,15,0.001842764664
state_house_2024,BERKELEY - STRATFORD 2,92,0.998157235336
state_house_2024,BERKELEY - STRATFORD 3,15,0.000185055569
state_house_2024,BERKELEY - STRATFORD 3,92,0.997043067874
state_house_2024,BERKELEY - STRATFORD 3,113,0.002732361589
state_house_2024,BERKELEY - STRATFORD 3,117,0.000039514968
state_house_2024,BERKELEY - STRATFORD 4,92,0.909352350390
state_house_2024,BERKELEY - STRATFORD 4,117,0.090647649610
state_house_2024,BERKELEY - STRATFORD 5,117,1.000000000000
state_house_2024,GREENVILLE - SUBER MILL,18,0.960508820917
state_house_2024,GREENVILLE - SUBER MILL,20,0.001199230999
state_house_2024,GREENVILLE - SUBER MILL,21,0.038291948084
state_house_2024,ORANGEBURG - SUBURBAN 1,90,0.996300272121
state_house_2024,ORANGEBURG - SUBURBAN 1,95,0.003699727879
state_house_2024,ORANGEBURG - SUBURBAN 2,90,0.000531909616
state_house_2024,ORANGEBURG - SUBURBAN 2,93,0.996631485998
state_house_2024,ORANGEBURG - SUBURBAN 2,95,0.002836604386
state_house_2024,ORANGEBURG - SUBURBAN 3,95,1.000000000000
state_house_2024,ORANGEBURG - SUBURBAN 4,95,1.000000000000
state_house_2024,ORANGEBURG - SUBURBAN 5,90,0.079116343376
state_house_2024,ORANGEBURG - SUBURBAN 5,95,0.920883656624
state_house_2024,ORANGEBURG - SUBURBAN 6,90,0.983255771192
state_house_2024,ORANGEBURG - SUBURBAN 6,95,0.016744228808
state_house_2024,ORANGEBURG - SUBURBAN 7,90,0.436551281766
state_house_2024,ORANGEBURG - SUBURBAN 7,95,0.563448718234
state_house_2024,ORANGEBURG - SUBURBAN 8,90,0.749448572763
state_house_2024,ORANGEBURG - SUBURBAN 8,95,0.250551427237
state_house_2024,ORANGEBURG - SUBURBAN 9,90,0.858221175129
state_house_2024,ORANGEBURG - SUBURBAN 9,95,0.141778824871
state_house_2024,GREENVILLE - SUGAR CREEK,20,0.000540704223
state_house_2024,GREENVILLE - SUGAR CREEK,21,0.999459295777
state_house_2024,CHARLESTON - SULLIVANS ISLAND,112,0.999999698516
state_house_2024,CHARLESTON - SULLIVANS ISLAND,115,0.000000301484
state_house_2024,GREENVILLE - SULPHUR SPRINGS,4,0.000381177833
state_house_2024,GREENVILLE - SULPHUR SPRINGS,5,0.000000002358
state_house_2024,GREENVILLE - SULPHUR SPRINGS,17,0.000487765275
state_house_2024,GREENVILLE - SULPHUR SPRINGS,19,0.999131054534
state_house_2024,LEXINGTON - SUMMIT,39,1.000000000000
state_house_2024,SUMTER - SUMTER HIGH 1,51,0.983609349503
state_house_2024,SUMTER - SUMTER HIGH 1,67,0.016390650497
state_house_2024,SUMTER - SUMTER HIGH 2,51,0.992488515041
state_house_2024,SUMTER - SUMTER HIGH 2,67,0.007511484959
state_house_2024,JASPER - SUN CITY,118,0.000000167549
state_house_2024,JASPER - SUN CITY,120,0.999999832451
state_house_2024,SUMTER - SUNSET,51,0.999999879719
state_house_2024,SUMTER - SUNSET,67,0.000000120281
state_house_2024,HORRY - SURFSIDE 1,106,1.000000000000
state_house_2024,HORRY - SURFSIDE 2,106,1.000000000000
state_house_2024,HORRY - SURFSIDE 3,106,1.000000000000
state_house_2024,HORRY - SURFSIDE 4,106,1.000000000000
state_house_2024,WILLIAMSBURG - SUTTONS,101,0.999999829844
state_house_2024,WILLIAMSBURG - SUTTONS,102,0.000000010519
state_house_2024,WILLIAMSBURG - SUTTONS,103,0.000000159638
state_house_2024,SUMTER - SWAN LAKE,51,0.002678029711
state_house_2024,SUMTER - SWAN LAKE,67,0.997321970289
state_house_2024,LEXINGTON - SWANSEA 2,93,0.000174813139
state_house_2024,LEXINGTON - SWANSEA 2,96,0.999825186861
state_house_2024,LEXINGTON - SWANSEA 1,93,0.999167380568
state_house_2024,LEXINGTON - SWANSEA 1,96,0.000832619432
state_house_2024,HORRY - SWEET HOME,57,0.094974034019
state_house_2024,HORRY - SWEET HOME,105,0.905025965981
state_house_2024,DARLINGTON - SWIFT CREEK,62,0.999340660394
state_house_2024,DARLINGTON - SWIFT CREEK,65,0.000659339606
state_house_2024,SPARTANBURG - SWOFFORD CAREER CENTER,38,1.000000000000
state_house_2024,ALLENDALE - SYCAMORE,91,0.999999992182
state_house_2024,ALLENDALE - SYCAMORE,122,0.000000007818
state_house_2024,GREENVILLE - SYCAMORE,16,0.999374579995
state_house_2024,GREENVILLE - SYCAMORE,27,0.000625420005
state_house_2024,GREENVILLE - TANGLEWOOD,10,0.499940600266
state_house_2024,GREENVILLE - TANGLEWOOD,25,0.500059399734
state_house_2024,FLORENCE - TANS BAY,60,1.000000000000
state_house_2024,MARLBORO - TATUM,54,1.000000000000
state_house_2024,GREENVILLE - TAYLORS,18,0.569626383404
state_house_2024,GREENVILLE - TAYLORS,20,0.430373616596
state_house_2024,YORK - TEGA CAY,66,1.000000000000
state_house_2024,MARION - TEMPERANCE,55,0.000300485314
state_house_2024,MARION - TEMPERANCE,57,0.001040542523
state_house_2024,MARION - TEMPERANCE,59,0.998658972163
state_house_2024,BERKELEY - THE VILLAGE,80,0.001192282389
state_house_2024,BERKELEY - THE VILLAGE,99,0.998772566572
state_house_2024,BERKELEY - THE VILLAGE,103,0.000035151039
state_house_2024,SUMTER - THOMAS SUMTER,50,0.997823735505
state_house_2024,SUMTER - THOMAS SUMTER,51,0.002176264495
state_house_2024,GREENVILLE - THORNBLADE,20,0.000110305731
state_house_2024,GREENVILLE - THORNBLADE,21,0.999760337663
state_house_2024,GREENVILLE - THORNBLADE,22,0.000129356607
state_house_2024,ANDERSON - THREE AND TWENTY,6,0.999999897731
state_house_2024,ANDERSON - THREE AND TWENTY,10,0.000000102269
state_house_2024,GREENVILLE - TIGERVILLE,17,0.999993934730
state_house_2024,GREENVILLE - TIGERVILLE,18,0.000006065270
state_house_2024,JASPER - TILLMAN,122,1.000000000000
state_house_2024,HORRY - TILLY SWAMP,56,0.426125815468
state_house_2024,HORRY - TILLY SWAMP,105,0.573874184532
state_house_2024,CHEROKEE - TIMBER RIDGE,29,1.000000000000
state_house_2024,GREENVILLE - TIMBERLAKE,20,0.000216180380
state_house_2024,GREENVILLE - TIMBERLAKE,22,0.999783819620
state_house_2024,FLORENCE - TIMMONSVILLE 1,60,0.000073853450
state_house_2024,FLORENCE - TIMMONSVILLE 1,62,0.999926146550
state_house_2024,FLORENCE - TIMMONSVILLE 2,60,0.049205420723
state_house_2024,FLORENCE - TIMMONSVILLE 2,62,0.950794579277
state_house_2024,YORK - TIRZAH,46,0.082900085377
state_house_2024,YORK - TIRZAH,47,0.917099914623
state_house_2024,HORRY - TODDVILLE,58,0.683433945842
state_house_2024,HORRY - TODDVILLE,103,0.316566054158
state_house_2024,ANDERSON - TONEY CREEK,7,0.999861247776
state_house_2024,ANDERSON - TONEY CREEK,28,0.000138752224
state_house_2024,YORK - TOOLS FORK,46,0.369771228566
state_house_2024,YORK - TOOLS FORK,47,0.490845089047
state_house_2024,YORK - TOOLS FORK,49,0.139383682386
state_house_2024,ANDERSON - TOWN CREEK,6,0.999744260362
state_house_2024,ANDERSON - TOWN CREEK,9,0.000255739638
state_house_2024,ANDERSON - TOWNVILLE,8,1.000000000000
state_house_2024,GREENVILLE - TRADE,18,0.999470639439
state_house_2024,GREENVILLE - TRADE,21,0.000472407665
state_house_2024,GREENVILLE - TRADE,36,0.000056952897
state_house_2024,BERKELEY - TRAMWAY,117,1.000000000000
state_house_2024,DORCHESTER - TRANQUIL,98,1.000000000000
state_house_2024,DORCHESTER - TRANQUIL 2,98,0.986969471595
state_house_2024,DORCHESTER - TRANQUIL 2,113,0.013030528405
state_house_2024,DORCHESTER - TRANQUIL 3,94,0.000000701450
state_house_2024,DORCHESTER - TRANQUIL 3,98,0.960932943219
state_house_2024,DORCHESTER - TRANQUIL 3,113,0.039066355331
state_house_2024,GREENVILLE - TRAVELERS REST 1,17,0.759317652526
state_house_2024,GREENVILLE - TRAVELERS REST 1,19,0.240682347474
state_house_2024,GREENVILLE - TRAVELERS REST 2,17,0.999955495453
state_house_2024,GREENVILLE - TRAVELERS REST 2,19,0.000044504547
state_house_2024,SPARTANBURG - TRAVELERS REST BAPTIST,34,1.000000000000
state_house_2024,RICHLAND - TRENHOLM ROAD,76,0.000000440160
state_house_2024,RICHLAND - TRENHOLM ROAD,78,0.999999559840
state_house_2024,EDGEFIELD - TRENTON,82,1.000000000000
state_house_2024,EDGEFIELD - TRENTON 2,82,0.998938332682
state_house_2024,EDGEFIELD - TRENTON 2,83,0.000003206603
state_house_2024,EDGEFIELD - TRENTON 2,84,0.001058460716
state_house_2024,PICKENS - TRI COUNTY,10,1.000000000000
state_house_2024,RICHLAND - TRINITY,52,0.434750749848
state_house_2024,RICHLAND - TRINITY,70,0.565249250152
state_house_2024,SPARTANBURG - TRINITY METHODIST,32,1.000000000000
state_house_2024,SPARTANBURG - TRINITY PRESBYTERIAN,34,1.000000000000
state_house_2024,WILLIAMSBURG - TRIO,101,1.000000000000
state_house_2024,DORCHESTER - TROLLEY,98,1.000000000000
state_house_2024,GREENWOOD - TROY,12,1.000000000000
state_house_2024,GREENVILLE - TUBBS MOUNTAIN,17,1.000000000000
state_house_2024,DORCHESTER - TUPPERWAY,94,1.000000000000
state_house_2024,DORCHESTER - TUPPERWAY 2,94,0.999997398247
state_house_2024,DORCHESTER - TUPPERWAY 2,114,0.000002601753
state_house_2024,LEE - TURKEY CREEK,50,0.999989442082
state_house_2024,LEE - TURKEY CREEK,65,0.000010557918
state_house_2024,SUMTER - TURKEY CREEK,50,0.000004300942
state_house_2024,SUMTER - TURKEY CREEK,51,0.999995699058
state_house_2024,SPARTANBURG - TWO MILE CREEK,35,1.000000000000
state_house_2024,GREENVILLE - TYGER RIVER,18,0.999930623742
state_house_2024,GREENVILLE - TYGER RIVER,36,0.000069376258
state_house_2024,SPARTANBURG - TYGER RIVER,34,0.874487436274
state_house_2024,SPARTANBURG - TYGER RIVER,35,0.125512563726
state_house_2024,ALLENDALE - ULMER,90,0.000000011039
state_house_2024,ALLENDALE - ULMER,91,0.999999988961
state_house_2024,UNION - UNION WARD 1 BOX 1,42,1.000000000000
state_house_2024,UNION - UNION WARD 1 BOX 2,42,1.000000000000
state_house_2024,UNION - UNION WARD 2,42,1.000000000000
state_house_2024,UNION - UNION WARD 3,42,1.000000000000
state_house_2024,UNION - UNION WARD 4 BOX 1,42,1.000000000000
state_house_2024,UNION - UNION WARD 4 BOX 2,42,1.000000000000
state_house_2024,PICKENS - UNIVERSITY,2,0.013628265270
state_house_2024,PICKENS - UNIVERSITY,3,0.986371734730
state_house_2024,YORK - UNIVERSITY,46,1.000000000000
state_house_2024,RICHLAND - VALHALLA,76,0.000002244092
state_house_2024,RICHLAND - VALHALLA,78,0.999997755908
state_house_2024,SPARTANBURG - VALLEY FALLS,37,1.000000000000
state_house_2024,RICHLAND - VALLEY STATE PARK,76,0.000000096293
state_house_2024,RICHLAND - VALLEY STATE PARK,77,0.914414313762
state_house_2024,RICHLAND - VALLEY STATE PARK,79,0.085585589946
state_house_2024,ORANGEBURG - VANCE,95,1.000000000000
state_house_2024,ANDERSON - VARENNES,8,0.505849720119
state_house_2024,ANDERSON - VARENNES,11,0.494150279881
state_house_2024,HAMPTON - VARNVILLE,122,1.000000000000
state_house_2024,GREENWOOD - VERDERY,11,0.000000571270
state_house_2024,GREENWOOD - VERDERY,12,0.818628266526
state_house_2024,GREENWOOD - VERDERY,13,0.181371162204
state_house_2024,GREENVILLE - VERDMONT,28,1.000000000000
state_house_2024,SPARTANBURG - VICTOR MILL METHODIST,21,0.000000249712
state_house_2024,SPARTANBURG - VICTOR MILL METHODIST,35,0.000000055776
state_house_2024,SPARTANBURG - VICTOR MILL METHODIST,36,0.999999694512
state_house_2024,PICKENS - VINLAND,4,0.355544489459
state_house_2024,PICKENS - VINLAND,5,0.643802963932
state_house_2024,PICKENS - VINLAND,19,0.000652546608
state_house_2024,FLORENCE - VOX,57,0.000000463335
state_house_2024,FLORENCE - VOX,60,0.999999159189
state_house_2024,FLORENCE - VOX,101,0.000000377477
state_house_2024,MARLBORO - W BENNETTSVILLE,54,1.000000000000
state_house_2024,HORRY - WACCAMAW,61,1.000000000000
state_house_2024,GREENVILLE - WADE HAMPTON,20,0.999890487338
state_house_2024,GREENVILLE - WADE HAMPTON,22,0.000109512662
state_house_2024,SPARTANBURG - WADE HAMPTON,36,1.000000000000
state_house_2024,CHARLESTON - WADMALAW ISLAND 1,116,1.000000000000
state_house_2024,CHARLESTON - WADMALAW ISLAND 2,116,1.000000000000
state_house_2024,RICHLAND - WALDEN,72,0.000000031900
state_house_2024,RICHLAND - WALDEN,73,0.963910696247
state_house_2024,RICHLAND - WALDEN,74,0.036089271853
state_house_2024,MARLBORO - WALLACE,54,1.000000000000
state_house_2024,GREENVILLE - WALNUT SPRINGS,16,0.998634589624
state_house_2024,GREENVILLE - WALNUT SPRINGS,35,0.001365410376
state_house_2024,COLLETON - WALTERBORO NO. 1,121,1.000000000000
state_house_2024,COLLETON - WALTERBORO NO. 2,97,0.408270050775
state_house_2024,COLLETON - WALTERBORO NO. 2,121,0.591729949225
state_house_2024,COLLETON - WALTERBORO NO. 3,97,0.000000002390
state_house_2024,COLLETON - WALTERBORO NO. 3,121,0.999999997610
state_house_2024,COLLETON - WALTERBORO NO. 4,97,0.000000014366
state_house_2024,COLLETON - WALTERBORO NO. 4,121,0.999999985634
state_house_2024,COLLETON - WALTERBORO NO. 5,97,0.879129916284
state_house_2024,COLLETON - WALTERBORO NO. 5,121,0.120870083716
state_house_2024,COLLETON - WALTERBORO NO. 6,97,0.725346313624
state_house_2024,COLLETON - WALTERBORO NO. 6,121,0.274653686376
state_house_2024,HORRY - WAMPEE,56,0.000000008695
state_house_2024,HORRY - WAMPEE,104,0.867564974116
state_house_2024,HORRY - WAMPEE,105,0.132435017189
state_house_2024,SALUDA - WARD,39,0.163571701870
state_house_2024,SALUDA - WARD,82,0.836428298130
state_house_2024,RICHLAND - WARD 1,72,0.594643853258
state_house_2024,RICHLAND - WARD 1,74,0.405356146742
state_house_2024,RICHLAND - WARD 10,72,1.000000000000
state_house_2024,RICHLAND - WARD 11,72,0.991158843065
state_house_2024,RICHLAND - WARD 11,75,0.008841156935
state_house_2024,RICHLAND - WARD 12,72,1.000000000000
state_house_2024,RICHLAND - WARD 13,72,0.999999280142
state_house_2024,RICHLAND - WARD 13,75,0.000000719858
state_house_2024,RICHLAND - WARD 14,74,0.000000401615
state_house_2024,RICHLAND - WARD 14,75,0.999999598385
state_house_2024,RICHLAND - WARD 15,74,0.000111181528
state_house_2024,RICHLAND - WARD 15,75,0.999888818472
state_house_2024,RICHLAND - WARD 16,74,0.000094537318
state_house_2024,RICHLAND - WARD 16,75,0.999905462682
state_house_2024,RICHLAND - WARD 17,75,1.000000000000
state_house_2024,RICHLAND - WARD 18,74,0.999959133293
state_house_2024,RICHLAND - WARD 18,75,0.000021458119
state_house_2024,RICHLAND - WARD 18,76,0.000019408588
state_house_2024,RICHLAND - WARD 19,74,0.998352033432
state_house_2024,RICHLAND - WARD 19,76,0.001647966568
state_house_2024,RICHLAND - WARD 2,72,0.000194395819
state_house_2024,RICHLAND - WARD 2,74,0.999805604181
state_house_2024,RICHLAND - WARD 20,74,1.000000000000
state_house_2024,RICHLAND - WARD 21,73,0.523225678808
state_house_2024,RICHLAND - WARD 21,74,0.000033775062
state_house_2024,RICHLAND - WARD 21,76,0.476740546130
state_house_2024,RICHLAND - WARD 22,73,0.000000190470
state_house_2024,RICHLAND - WARD 22,74,0.999999809530
state_house_2024,RICHLAND - WARD 23,74,0.999771794499
state_house_2024,RICHLAND - WARD 23,75,0.000228205501
state_house_2024,RICHLAND - WARD 24,75,1.000000000000
state_house_2024,RICHLAND - WARD 25,75,1.000000000000
state_house_2024,RICHLAND - WARD 26,52,0.279855262742
state_house_2024,RICHLAND - WARD 26,70,0.000000063282
state_house_2024,RICHLAND - WARD 26,75,0.050752670214
state_house_2024,RICHLAND - WARD 26,78,0.669392003762
state_house_2024,RICHLAND - WARD 29,73,0.000318704552
state_house_2024,RICHLAND - WARD 29,74,0.999681295448
state_house_2024,RICHLAND - WARD 3,72,0.000134513801
state_house_2024,RICHLAND - WARD 3,74,0.999865486199
state_house_2024,RICHLAND - WARD 30,72,0.997609234306
state_house_2024,RICHLAND - WARD 30,74,0.001063563796
state_house_2024,RICHLAND - WARD 30,89,0.001327201899
state_house_2024,RICHLAND - WARD 31,74,1.000000000000
state_house_2024,RICHLAND - WARD 32,74,1.000000000000
state_house_2024,RICHLAND - WARD 33,72,0.000000000002
state_house_2024,RICHLAND - WARD 33,74,0.999999999998
state_house_2024,RICHLAND - WARD 34,74,0.999997065032
state_house_2024,RICHLAND - WARD 34,75,0.000002934968
state_house_2024,RICHLAND - WARD 4,72,0.000067649585
state_house_2024,RICHLAND - WARD 4,74,0.999932350415
state_house_2024,RICHLAND - WARD 5,72,0.997133720064
state_house_2024,RICHLAND - WARD 5,89,0.002866279936
state_house_2024,RICHLAND - WARD 6,74,0.524941529008
state_house_2024,RICHLAND - WARD 6,75,0.475058470992
state_house_2024,RICHLAND - WARD 7,74,0.165832479433
state_house_2024,RICHLAND - WARD 7,76,0.834167520567
state_house_2024,RICHLAND - WARD 8,74,1.000000000000
state_house_2024,RICHLAND - WARD 9,74,1.000000000000
state_house_2024,GREENVILLE - WARE PLACE,9,0.000224645129
state_house_2024,GREENVILLE - WARE PLACE,25,0.000000051526
state_house_2024,GREENVILLE - WARE PLACE,28,0.999775303344
state_house_2024,GREENWOOD - WARE SHOALS,11,0.000002357485
state_house_2024,GREENWOOD - WARE SHOALS,13,0.999997642515
state_house_2024,BERKELEY - WASSAMASSAW 1,102,1.000000000000
state_house_2024,BERKELEY - WASSAMASSAW 2,102,0.999999995320
state_house_2024,BERKELEY - WASSAMASSAW 2,117,0.000000004680
state_house_2024,YORK - WATERSTONE,66,1.000000000000
state_house_2024,BERKELEY - WEATHERSTONE,102,0.629225614159
state_house_2024,BERKELEY - WEATHERSTONE,117,0.370774385841
state_house_2024,RICHLAND - WEBBER,52,0.251807909171
state_house_2024,RICHLAND - WEBBER,64,0.000000085122
state_house_2024,RICHLAND - WEBBER,70,0.748192005707
state_house_2024,GREENVILLE - WELCOME,10,0.563412203607
state_house_2024,GREENVILLE - WELCOME,23,0.436451396708
state_house_2024,GREENVILLE - WELCOME,25,0.000136399685
state_house_2024,SPARTANBURG - WELLFORD,34,0.388099908434
state_house_2024,SPARTANBURG - WELLFORD,36,0.611900091566
state_house_2024,GREENVILLE - WELLINGTON,20,0.000165863925
state_house_2024,GREENVILLE - WELLINGTON,22,0.999834136075
state_house_2024,PICKENS - WEST CENTRAL,3,1.000000000000
state_house_2024,LEXINGTON - WEST COLUMBIA NO. 1,72,0.000001081463
state_house_2024,LEXINGTON - WEST COLUMBIA NO. 1,89,0.999998918537
state_house_2024,LEXINGTON - WEST COLUMBIA NO. 2,89,1.000000000000
state_house_2024,LEXINGTON - WEST COLUMBIA NO. 3,89,1.000000000000
state_house_2024,LEXINGTON - WEST COLUMBIA NO. 4,89,1.000000000000
state_house_2024,HORRY - WEST CONWAY,58,0.142630061797
state_house_2024,HORRY - WEST CONWAY,61,0.857369938203
state_house_2024,BAMBERG - WEST DENMARK,90,0.999757234855
state_house_2024,BAMBERG - WEST DENMARK,91,0.000242765145
state_house_2024,DILLON - WEST DILLON,55,1.000000000000
state_house_2024,FLORENCE - WEST FLORENCE 1,59,0.257019322984
state_house_2024,FLORENCE - WEST FLORENCE 1,62,0.000000033949
state_house_2024,FLORENCE - WEST FLORENCE 1,63,0.742980643067
state_house_2024,FLORENCE - WEST FLORENCE 2,59,0.384831013276
state_house_2024,FLORENCE - WEST FLORENCE 2,63,0.615168986724
state_house_2024,PICKENS - WEST LIBERTY,4,1.000000000000
state_house_2024,HORRY - WEST LORIS,105,1.000000000000
state_house_2024,ANDERSON - WEST PELZER,6,0.001681340294
state_house_2024,ANDERSON - WEST PELZER,9,0.400464579942
state_house_2024,ANDERSON - WEST PELZER,10,0.597852200794
state_house_2024,ANDERSON - WEST PELZER,28,0.000001878970
state_house_2024,PICKENS - WEST PICKENS,4,1.000000000000
state_house_2024,ANDERSON - WEST SAVANNAH,11,1.000000000000
state_house_2024,UNION - WEST SPRINGS,42,1.000000000000
state_house_2024,SPARTANBURG - WEST VIEW ELEMENTARY,34,1.000000000000
state_house_2024,GREENVILLE - WESTCLIFFE,5,0.672804374671
state_house_2024,GREENVILLE - WESTCLIFFE,10,0.051253150239
state_house_2024,GREENVILLE - WESTCLIFFE,19,0.000472702677
state_house_2024,GREENVILLE - WESTCLIFFE,23,0.275469772412
state_house_2024,RICHLAND - WESTMINSTER,72,0.017046187072
state_house_2024,RICHLAND - WESTMINSTER,74,0.982953812928
state_house_2024,LEXINGTON - WESTOVER,72,0.007665509646
state_house_2024,LEXINGTON - WESTOVER,89,0.992334490354
state_house_2024,EDGEFIELD - WESTSIDE,12,0.000000001385
state_house_2024,EDGEFIELD - WESTSIDE,82,0.000040313072
state_house_2024,EDGEFIELD - WESTSIDE,83,0.999959685544
state_house_2024,GREENVILLE - WESTSIDE,5,0.454966274489
state_house_2024,GREENVILLE - WESTSIDE,19,0.316127417040
state_house_2024,GREENVILLE - WESTSIDE,23,0.228906308471
state_house_2024,BERKELEY - WESTVIEW 1,92,1.000000000000
state_house_2024,BERKELEY - WESTVIEW 2,15,0.002233595697
state_house_2024,BERKELEY - WESTVIEW 2,92,0.997766404303
state_house_2024,BERKELEY - WESTVIEW 3,15,0.003814772056
state_house_2024,BERKELEY - WESTVIEW 3,92,0.996185227944
state_house_2024,BERKELEY - WESTVIEW 4,92,1.000000000000
state_house_2024,KERSHAW - WESTVILLE,45,0.000000000046
state_house_2024,KERSHAW - WESTVILLE,65,0.999999999954
state_house_2024,NEWBERRY - WHEELAND,40,1.000000000000
state_house_2024,KERSHAW - WHITES GARDENS,50,1.000000000000
state_house_2024,LEXINGTON - WHITE KNOLL,88,1.000000000000
state_house_2024,FAIRFIELD - WHITE OAK,41,1.000000000000
state_house_2024,HORRY - WHITE OAK,57,0.000133824507
state_house_2024,HORRY - WHITE OAK,105,0.999866175493
state_house_2024,ANDERSON - WHITE PLAINS,6,0.715036952894
state_house_2024,ANDERSON - WHITE PLAINS,9,0.284961549764
state_house_2024,ANDERSON - WHITE PLAINS,10,0.000001497342
state_house_2024,CHEROKEE - WHITE PLAINS,29,1.000000000000
state_house_2024,LEXINGTON - WHITEHALL,69,0.376700708764
state_house_2024,LEXINGTON - WHITEHALL,85,0.623299291236
state_house_2024,BERKELEY - WHITESVILLE 1,100,1.000000000000
state_house_2024,BERKELEY - WHITESVILLE 2,100,0.917110052322
state_house_2024,BERKELEY - WHITESVILLE 2,117,0.082889947678
state_house_2024,RICHLAND - WHITEWELL,69,0.008460529555
state_house_2024,RICHLAND - WHITEWELL,72,0.991535864253
state_house_2024,RICHLAND - WHITEWELL,74,0.000003606191
state_house_2024,SPARTANBURG - WHITLOCK JR. HIGH,32,0.999999925272
state_house_2024,SPARTANBURG - WHITLOCK JR. HIGH,37,0.000000074728
state_house_2024,NEWBERRY - WHITMIRE CITY,40,1.000000000000
state_house_2024,NEWBERRY - WHITMIRE OUTSIDE,40,0.999999924913
state_house_2024,NEWBERRY - WHITMIRE OUTSIDE,42,0.000000075087
state_house_2024,ORANGEBURG - WHITTAKER,93,1.000000000000
state_house_2024,HORRY - WILD WING,56,0.464421724741
state_house_2024,HORRY - WILD WING,61,0.101767767856
state_house_2024,HORRY - WILD WING,105,0.433810507402
state_house_2024,BERKELEY - WILDCAT TRAIL,102,0.999606689053
state_house_2024,BERKELEY - WILDCAT TRAIL,117,0.000393310947
state_house_2024,SUMTER - WILDER,51,0.999992233127
state_house_2024,SUMTER - WILDER,67,0.000007766873
state_house_2024,RICHLAND - WILDEWOOD,76,0.000237042939
state_house_2024,RICHLAND - WILDEWOOD,78,0.999762957061
state_house_2024,CHEROKEE - WILKINSVILLE AND METCALF,29,1.000000000000
state_house_2024,CHESTER - WILKSBURG,29,0.000459761789
state_house_2024,CHESTER - WILKSBURG,41,0.965541856813
state_house_2024,CHESTER - WILKSBURG,42,0.000019864305
state_house_2024,CHESTER - WILKSBURG,43,0.033978517093
state_house_2024,COLLETON - WILLIAMS,90,0.999999981300
state_house_2024,COLLETON - WILLIAMS,122,0.000000018700
state_house_2024,ANDERSON - WILLIAMSTON,9,0.998680900203
state_house_2024,ANDERSON - WILLIAMSTON,28,0.001319099797
state_house_2024,ANDERSON - WILLIAMSTON MILL,7,0.000318689014
state_house_2024,ANDERSON - WILLIAMSTON MILL,9,0.999681310986
state_house_2024,MCCORMICK - WILLINGTON,12,1.000000000000
state_house_2024,BARNWELL - WILLISTON 1,86,0.000004863604
state_house_2024,BARNWELL - WILLISTON 1,91,0.999995136396
state_house_2024,BARNWELL - WILLISTON 2,91,1.000000000000
state_house_2024,BARNWELL - WILLISTON 3,86,0.000009131949
state_house_2024,BARNWELL - WILLISTON 3,91,0.999990868051
state_house_2024,SPARTANBURG - WILLOW CREEK,35,1.000000000000
state_house_2024,SUMTER - WILSON HALL,67,1.000000000000
state_house_2024,YORK - WINDJAMMER,66,1.000000000000
state_house_2024,DORCHESTER - WINDSOR,98,0.190717796889
state_house_2024,DORCHESTER - WINDSOR,109,0.808831831530
state_house_2024,DORCHESTER - WINDSOR,113,0.000450371582
state_house_2024,DORCHESTER - WINDSOR 2,109,1.000000000000
state_house_2024,HORRY - WINDY HILL 1,56,1.000000000000
state_house_2024,HORRY - WINDY HILL 2,56,0.999999592273
state_house_2024,HORRY - WINDY HILL 2,104,0.000000407727
state_house_2024,FAIRFIELD - WINNSBORO MILLS,41,1.000000000000
state_house_2024,FAIRFIELD - WINNSBORO NO. 1,41,1.000000000000
state_house_2024,FAIRFIELD - WINNSBORO NO. 2,41,1.000000000000
state_house_2024,GEORGETOWN - WINYAH BAY,108,1.000000000000
state_house_2024,COLLETON - WOLFE CREEK,90,0.000047575976
state_house_2024,COLLETON - WOLFE CREEK,97,0.997388152084
state_house_2024,COLLETON - WOLFE CREEK,121,0.002564271940
state_house_2024,CHEROKEE - WOODS,30,1.000000000000
state_house_2024,RICHLAND - WOODFIELD,76,0.643188200700
state_house_2024,RICHLAND - WOODFIELD,78,0.356811799300
state_house_2024,SPARTANBURG - WOODLAND HEIGHTS RECREATION CENTER,31,0.999630604089
state_house_2024,SPARTANBURG - WOODLAND HEIGHTS RECREATION CENTER,33,0.000369395911
state_house_2024,LEXINGTON - WOODLAND HILLS,69,0.999999046308
state_house_2024,LEXINGTON - WOODLAND HILLS,72,0.000000953692
state_house_2024,RICHLAND - WOODLANDS,75,1.000000000000
state_house_2024,GREENVILLE - WOODMONT,25,0.829695029374
state_house_2024,GREENVILLE - WOODMONT,28,0.170304970626
state_house_2024,LEE - WOODROW,50,1.000000000000
state_house_2024,GREENVILLE - WOODRUFF LAKES,24,0.000225972033
state_house_2024,GREENVILLE - WOODRUFF LAKES,27,0.001195365472
state_house_2024,GREENVILLE - WOODRUFF LAKES,35,0.998578662495
state_house_2024,SPARTANBURG - WOODRUFF LEISURE CENTER,35,1.000000000000
state_house_2024,ALLENDALE - WOODS,91,1.000000000000
state_house_2024,PICKENS - WOODSIDE,5,1.000000000000
state_house_2024,FAIRFIELD - WOODWARD,41,1.000000000000
state_house_2024,ANDERSON - WRIGHTS SCHOOL,7,0.999925752814
state_house_2024,ANDERSON - WRIGHTS SCHOOL,11,0.000074247186
state_house_2024,YORK - WYLIE,48,1.000000000000
state_house_2024,BERKELEY - YEAMANS CLUB,99,0.979920309296
state_house_2024,BERKELEY - YEAMANS CLUB,113,0.020079690704
state_house_2024,BERKELEY - YELLOW HOUSE,99,0.439823067499
state_house_2024,BERKELEY - YELLOW HOUSE,103,0.559704382151
state_house_2024,BERKELEY - YELLOW HOUSE,113,0.000472550350
state_house_2024,HAMPTON - YEMASSEE,122,1.000000000000
state_house_2024,YORK - YORK NO. 1,29,0.613117137394
state_house_2024,YORK - YORK NO. 1,47,0.155763299986
state_house_2024,YORK - YORK NO. 1,49,0.231119562620
state_house_2024,YORK - YORK NO. 2,47,0.434951456614
state_house_2024,YORK - YORK NO. 2,49,0.565048543386
state_house_2024,MARION - ZION,55,0.000075284901
state_house_2024,MARION - ZION,57,0.000567859105
state_house_2024,MARION - ZION,59,0.999356855994
state_house_2024,PICKENS - ZION,5,0.998778054036
state_house_2024,PICKENS - ZION,6,0.001221945962
state_house_2024,PICKENS - ZION,10,0.000000000002
state_house_2024,AIKEN - N. AUGUSTA NO. 55,83,1.000000000000
state_house_2024,AIKEN - SIX POINTS NO. 35,82,1.000000000000
state_house_2024,AIKEN - VAUCLUSE,82,0.311607667297
state_house_2024,AIKEN - VAUCLUSE,84,0.688392332703
state_house_2024,AIKEN - AIKEN NO. 2,81,0.311072684980
state_house_2024,AIKEN - AIKEN NO. 2,82,0.688927315020
state_house_2024,AIKEN - SIX POINTS NO. 46,82,1.000000000000
state_house_2024,AIKEN - AIKEN NO. 5,81,0.526171069535
state_house_2024,AIKEN - AIKEN NO. 5,82,0.473309770271
state_house_2024,AIKEN - AIKEN NO. 5,86,0.000519160193
state_house_2024,AIKEN - HOLLOW CREEK,81,1.000000000000
state_house_2024,AIKEN - SANDSTONE NO. 70,81,1.000000000000
state_house_2024,AIKEN - AIKEN NO. 4,82,1.000000000000
state_house_2024,AIKEN - COUCHTON,86,1.000000000000
state_house_2024,AIKEN - GEM LAKES NO. 60,81,1.000000000000
state_house_2024,AIKEN - SOUTH AIKEN NO. 75,81,1.000000000000
state_house_2024,AIKEN - HITCHCOCK NO. 66,81,1.000000000000
state_house_2024,AIKEN - LEVELS NO. 72,81,0.667489819728
state_house_2024,AIKEN - LEVELS NO. 72,82,0.332510180272
state_house_2024,AIKEN - WARD,86,1.000000000000
state_house_2024,AIKEN - SHAWS FORK,86,1.000000000000
state_house_2024,AIKEN - BEECH ISLAND,84,1.000000000000
state_house_2024,AIKEN - JACKSON,84,1.000000000000
state_house_2024,AIKEN - PINE FOREST,81,0.195985173759
state_house_2024,AIKEN - PINE FOREST,84,0.804014826241
state_house_2024,AIKEN - CAROLINA HEIGHTS,83,0.535525277628
state_house_2024,AIKEN - CAROLINA HEIGHTS,84,0.464474722372
state_house_2024,AIKEN - WHITE POND,86,1.000000000000
state_house_2024,AIKEN - MONTMORENCI NO. 78,86,1.000000000000
state_house_2024,AIKEN - TALATHA,81,0.207412840980
state_house_2024,AIKEN - TALATHA,86,0.792587159020
state_house_2024,AIKEN - SLEEPY HOLLOW NO. 65,81,1.000000000000
state_house_2024,AIKEN - NEW HOLLAND,86,1.000000000000
state_house_2024,AIKEN - MONETTA,39,0.000682084845
state_house_2024,AIKEN - MONETTA,86,0.999317915155
state_house_2024,AIKEN - TABERNACLE,86,1.000000000000
state_house_2024,AIKEN - PERRY,86,1.000000000000
state_house_2024,AIKEN - MISTY LAKES,84,1.000000000000
state_house_2024,AIKEN - MIDLAND VALLEY NO. 71,84,1.000000000000
state_house_2024,AIKEN - N. AUGUSTA NO. 80,83,1.000000000000
state_house_2024,AIKEN - N. AUGUSTA NO. 29,83,1.000000000000
state_house_2024,AIKEN - BELVEDERE NO. 74,83,1.000000000000
state_house_2024,AIKEN - BELVEDERE NO. 9,83,1.000000000000
state_house_2024,AIKEN - N. AUGUSTA NO. 25,83,1.000000000000
state_house_2024,AIKEN - FOX CREEK NO. 73,83,1.000000000000
state_house_2024,AIKEN - N. AUGUSTA NO. 54,83,1.000000000000
state_house_2024,AIKEN - BELVEDERE NO. 44,83,0.062747625266
state_house_2024,AIKEN - BELVEDERE NO. 44,84,0.937252374734
state_house_2024,AIKEN - N. AUGUSTA NO. 26,83,1.000000000000
state_house_2024,AIKEN - CLEARWATER,84,1.000000000000
state_house_2024,AIKEN - WILLOW SPRINGS,84,1.000000000000
state_house_2024,AIKEN - GLOVERVILLE,84,1.000000000000
state_house_2024,AIKEN - LANGLEY,84,1.000000000000
state_house_2024,AIKEN - LYNWOOD,84,1.000000000000
state_house_2024,AIKEN - FOX CREEK NO. 58,83,1.000000000000
state_house_2024,AIKEN - N. AUGUSTA NO. 68,83,1.000000000000
state_house_2024,AIKEN - ASCAUGA LAKE NO. 84,84,1.000000000000
state_house_2024,AIKEN - ASCAUGA LAKE,84,1.000000000000
state_house_2024,AIKEN - GRANITEVILLE,82,0.819531366727
state_house_2024,AIKEN - GRANITEVILLE,84,0.180468633273
state_house_2024,AIKEN - EUREKA,82,0.555845573217
state_house_2024,AIKEN - EUREKA,86,0.444154426783
state_house_2024,AIKEN - CHINA SPRINGS,82,1.000000000000
state_house_2024,AIKEN - WARRENVILLE,81,0.797996656140
state_house_2024,AIKEN - WARRENVILLE,82,0.000000006829
state_house_2024,AIKEN - WARRENVILLE,84,0.202003337032
state_house_2024,AIKEN - AIKEN NO. 1,81,1.000000000000
state_house_2024,AIKEN - AIKEN NO. 47,81,1.000000000000
state_house_2024,AIKEN - AIKEN NO. 3,82,1.000000000000
state_house_2024,AIKEN - MILLBROOK,81,1.000000000000
state_house_2024,AIKEN - LEVELS NO. 83,81,1.000000000000
state_house_2024,AIKEN - GEM LAKES NO. 77,81,1.000000000000
state_house_2024,AIKEN - REDDS BRANCH,82,0.184649085502
state_house_2024,AIKEN - REDDS BRANCH,86,0.815350914498
state_house_2024,AIKEN - COLLEGE ACRES,81,1.000000000000
state_house_2024,AIKEN - AIKEN NO. 6,81,1.000000000000
state_house_2024,AIKEN - MONTMORENCI NO. 22,81,0.999999740395
state_house_2024,AIKEN - MONTMORENCI NO. 22,86,0.000000259605
state_house_2024,AIKEN - ANDERSON POND NO. 69,81,1.000000000000
state_house_2024,AIKEN - LEVELS NO. 52,81,1.000000000000
state_house_2024,AIKEN - SANDSTONE NO. 79,81,1.000000000000
state_house_2024,AIKEN - SHILOH,86,1.000000000000
state_house_2024,AIKEN - HAMMOND NO. 81,84,1.000000000000
state_house_2024,AIKEN - SILVER BLUFF,81,0.272804108966
state_house_2024,AIKEN - SILVER BLUFF,86,0.727195891034
state_house_2024,AIKEN - HAMMOND,84,1.000000000000
state_house_2024,AIKEN - WINDSOR,86,1.000000000000
state_house_2024,AIKEN - WINDSOR NO. 82,86,1.000000000000
state_house_2024,AIKEN - BATH,84,1.000000000000
state_house_2024,AIKEN - CEDAR CREEK NO. 64,86,1.000000000000
state_house_2024,AIKEN - OAK GROVE,86,1.000000000000
state_house_2024,AIKEN - NEW ELLENTON,86,1.000000000000
state_house_2024,AIKEN - N. AUGUSTA NO. 27,83,1.000000000000
state_house_2024,AIKEN - SALLEY,86,1.000000000000
state_house_2024,AIKEN - WAGENER,86,0.999999996539
state_house_2024,AIKEN - WAGENER,96,0.000000003461
state_house_2024,AIKEN - BELVEDERE NO. 62,83,1.000000000000
state_house_2024,AIKEN - N. AUGUSTA NO. 28,83,1.000000000000
state_house_2024,AIKEN - N. AUGUSTA NO. 67,83,1.000000000000
state_house_2024,AIKEN - SOUTH AIKEN NO. 76,81,1.000000000000
state_house_2024,AIKEN - MIDLAND VALLEY NO. 51,84,1.000000000000
state_house_2024,AIKEN - BREEZY HILL,84,1.000000000000
state_house_2024,AIKEN - SOUTH CREEK NO. 89,81,1.000000000000
state_house_2024,AIKEN - MIDLANDS NO. 88,84,1.000000000000
state_house_2024,AIKEN - COMMUNITY NO. 86,84,1.000000000000
state_house_2024,AIKEN - BREEZY NO. 87,84,1.000000000000
state_house_2024,AIKEN - CREEK NO. 85,83,1.000000000000
state_house_2024,OCONEE - WALHALLA 2,1,1.000000000000
state_house_2024,OCONEE - LONG CREE,1,1.000000000000
state_house_2024,OCONEE - WESTMINSTER 2,1,1.000000000000
state_house_2024,OCONEE - MOUNTAIN REST,1,1.000000000000
state_house_2024,OCONEE - WALHALLA 1,1,1.000000000000
state_house_2024,OCONEE - WESTMINSTER 1,1,1.000000000000
state_house_2024,OCONEE - OAKWAY,2,1.000000000000
state_house_2024,OCONEE - TOKEENA-PROVIDENCE,2,1.000000000000
state_house_2024,OCONEE - SOUTH UNION,2,1.000000000000
state_house_2024,OCONEE - RETURN,2,1.000000000000
state_house_2024,OCONEE - FAIR PLAY,2,1.000000000000
state_house_2024,OCONEE - EARLES GROVE,2,1.000000000000
state_house_2024,OCONEE - RICHLAND,1,0.999999991914
state_house_2024,OCONEE - RICHLAND,2,0.000000008086
state_house_2024,OCONEE - SALEM,1,1.000000000000
state_house_2024,OCONEE - KEOWEE,1,1.000000000000
state_house_2024,OCONEE - WEST UNION,1,1.000000000000
state_house_2024,OCONEE - NEW HOPE,2,1.000000000000
state_house_2024,OCONEE - STAMP CREEK,1,1.000000000000
state_house_2024,OCONEE - BOUNTYLAND,2,1.000000000000
state_house_2024,OCONEE - SENECA 1,2,1.000000000000
state_house_2024,OCONEE - FRIENDSHIP,2,1.000000000000
state_house_2024,OCONEE - SHILOH,2,0.999999968818
state_house_2024,OCONEE - SHILOH,3,0.000000031182
state_house_2024,OCONEE - RAVENEL,2,0.999999965246
state_house_2024,OCONEE - RAVENEL,3,0.000000034754
state_house_2024,OCONEE - SENECA 2,2,1.000000000000
state_house_2024,OCONEE - SENECA 4,2,1.000000000000
state_house_2024,OCONEE - NEWRY-CORINTH,2,1.000000000000
state_house_2024,OCONEE - SENECA 3,2,1.000000000000
state_house_2024,OCONEE - UTICA,2,1.000000000000
state_house_2024,OCONEE - TAMASSEE,1,1.000000000000
state_house_2024,OCONEE - MADISON,1,1.000000000000
state_house_2024,OCONEE - HOLLY SPRINGS,1,1.000000000000
state_house_2024,LAURENS - CLINTON MILL,14,0.506398289265
state_house_2024,LAURENS - CLINTON MILL,42,0.493601710735
state_house_2024,LAURENS - CLINTON 1,14,0.000000080054
state_house_2024,LAURENS - CLINTON 1,42,0.999999919946
state_house_2024,LAURENS - CLINTON 2,42,1.000000000000
state_house_2024,LAURENS - LYDIA MILL,14,0.889238517687
state_house_2024,LAURENS - LYDIA MILL,42,0.110761482313
state_house_2024,LAURENS - JOANNA,42,1.000000000000
state_house_2024,LAURENS - LONG BRANCH,14,0.784878009200
state_house_2024,LAURENS - LONG BRANCH,42,0.215121990800
state_house_2024,LAURENS - CLINTON 3,14,0.799319757433
state_house_2024,LAURENS - CLINTON 3,42,0.200680242567
state_house_2024,LAURENS - BAILEY,14,1.000000000000
state_house_2024,LAURENS - MOUNTVILLE,14,1.000000000000
state_house_2024,LAURENS - CROSS HILL,14,1.000000000000
state_house_2024,LAURENS - WATERLOO,14,1.000000000000
state_house_2024,LAURENS - COOKS,16,1.000000000000
state_house_2024,LAURENS - JONES,14,0.306952195151
state_house_2024,LAURENS - JONES,16,0.693047804849
state_house_2024,LAURENS - GRAY COURT,14,0.804185246244
state_house_2024,LAURENS - GRAY COURT,16,0.195814753756
state_house_2024,LAURENS - EKOM,14,1.000000000000
state_house_2024,LAURENS - BARKSDALE-NARINE,14,1.000000000000
state_house_2024,LAURENS - ORA-LANFORD,14,1.000000000000
state_house_2024,LAURENS - GREENPOND,14,1.000000000000
state_house_2024,LAURENS - WATTSVILLE,14,1.000000000000
state_house_2024,LAURENS - LAURENS 6,14,1.000000000000
state_house_2024,LAURENS - MARTINS-POPLAR SPRINGS,11,1.000000000000
state_house_2024,LAURENS - MOUNT OLIVE,13,1.000000000000
state_house_2024,LAURENS - LAURENS 4,14,1.000000000000
state_house_2024,LAURENS - LAURENS 3,14,1.000000000000
state_house_2024,LAURENS - MADDENS,14,1.000000000000
state_house_2024,LAURENS - HICKORY TAVERN,14,1.000000000000
state_house_2024,LAURENS - BREWERTON - PRINCETON,11,1.000000000000
state_house_2024,LAURENS - LAURENS 2,14,1.000000000000
state_house_2024,LAURENS - TRINITY RIDGE,14,1.000000000000
state_house_2024,LAURENS - LAURENS 5,14,1.000000000000
state_house_2024,LAURENS - LAURENS 1,14,1.000000000000
state_house_2024,LAURENS - YOUNGS,16,1.000000000000
state_house_2024,BEAUFORT - BEAUFORT 1,121,0.659884490435
state_house_2024,BEAUFORT - BEAUFORT 1,124,0.340115509565
state_house_2024,BEAUFORT - BEAUFORT 2,121,0.294858225905
state_house_2024,BEAUFORT - BEAUFORT 2,124,0.705141774095
state_house_2024,BEAUFORT - BEAUFORT 3,124,1.000000000000
state_house_2024,BEAUFORT - BELFAIR 1,120,1.000000000000
state_house_2024,BEAUFORT - BELFAIR 2,120,1.000000000000
state_house_2024,BEAUFORT - BLUFFTON 1A,118,1.000000000000
state_house_2024,BEAUFORT - BLUFFTON 1B,120,1.000000000000
state_house_2024,BEAUFORT - BLUFFTON 1C,120,1.000000000000
state_house_2024,BEAUFORT - BLUFFTON 1D,118,0.189488830813
state_house_2024,BEAUFORT - BLUFFTON 1D,120,0.810511169187
state_house_2024,BEAUFORT - BLUFFTON 2A,120,1.000000000000
state_house_2024,BEAUFORT - BLUFFTON 2B,118,1.000000000000
state_house_2024,BEAUFORT - BLUFFTON 2F,118,1.000000000000
state_house_2024,BEAUFORT - BLUFFTON 2D,118,1.000000000000
state_house_2024,BEAUFORT - BLUFFTON 2E,118,0.388782358095
state_house_2024,BEAUFORT - BLUFFTON 2E,120,0.611217641905
state_house_2024,BEAUFORT - BLUFFTON 3,120,1.000000000000
state_house_2024,BEAUFORT - BLUFFTON 4B,118,0.000326252669
state_house_2024,BEAUFORT - BLUFFTON 4B,120,0.999673747331
state_house_2024,BEAUFORT - BLUFFTON 4C,118,1.000000000000
state_house_2024,BEAUFORT - BLUFFTON 4D,118,1.000000000000
state_house_2024,BEAUFORT - BLUFFTON 4E,118,0.542644955837
state_house_2024,BEAUFORT - BLUFFTON 4E,120,0.457355044163
state_house_2024,BEAUFORT - BLUFFTON 5A,118,0.000000419248
state_house_2024,BEAUFORT - BLUFFTON 5A,120,0.999999580752
state_house_2024,BEAUFORT - BLUFFTON 5B,120,1.000000000000
state_house_2024,BEAUFORT - BLUFFTON 5C,118,0.999999319416
state_house_2024,BEAUFORT - BLUFFTON 5C,120,0.000000680584
state_house_2024,BEAUFORT - BLUFFTON 5D,118,0.000000136588
state_house_2024,BEAUFORT - BLUFFTON 5D,120,0.999999863412
state_house_2024,BEAUFORT - BLUFFTON 5E,118,0.928007426548
state_house_2024,BEAUFORT - BLUFFTON 5E,120,0.071992573452
state_house_2024,BEAUFORT - BLUFFTON 6A,120,1.000000000000
state_house_2024,BEAUFORT - BLUFFTON 6B,118,0.999999700184
state_house_2024,BEAUFORT - BLUFFTON 6B,120,0.000000299816
state_house_2024,BEAUFORT - BLUFFTON 7B,118,0.996977141590
state_house_2024,BEAUFORT - BLUFFTON 7B,120,0.000000020311
state_house_2024,BEAUFORT - BLUFFTON 7B,123,0.003022838099
state_house_2024,BEAUFORT - BUCKWALTER 1,118,1.000000000000
state_house_2024,BEAUFORT - BUCKWALTER 2,118,1.000000000000
state_house_2024,BEAUFORT - BURTON 1A,120,1.000000000000
state_house_2024,BEAUFORT - BURTON 1B,121,1.000000000000
state_house_2024,BEAUFORT - BURTON 1C,120,1.000000000000
state_house_2024,BEAUFORT - BURTON 1D,120,0.240983339306
state_house_2024,BEAUFORT - BURTON 1D,121,0.759016660694
state_house_2024,BEAUFORT - BURTON 2A,124,1.000000000000
state_house_2024,BEAUFORT - BURTON 2B,124,1.000000000000
state_house_2024,BEAUFORT - BURTON 2C,121,0.000000001768
state_house_2024,BEAUFORT - BURTON 2C,124,0.999999998232
state_house_2024,BEAUFORT - BURTON 2D,124,1.000000000000
state_house_2024,BEAUFORT - BURTON 3A,120,0.573464618493
state_house_2024,BEAUFORT - BURTON 3A,121,0.426535381507
state_house_2024,BEAUFORT - BURTON 3B,121,0.993071107966
state_house_2024,BEAUFORT - BURTON 3B,124,0.006928892034
state_house_2024,BEAUFORT - BURTON 4,120,0.458277587945
state_house_2024,BEAUFORT - BURTON 4,121,0.541722412055
state_house_2024,BEAUFORT - BURTON 5A,121,0.000211183410
state_house_2024,BEAUFORT - BURTON 5A,124,0.999788816590
state_house_2024,BEAUFORT - BURTON 5B,120,0.090545504408
state_house_2024,BEAUFORT - BURTON 5B,121,0.425543664966
state_house_2024,BEAUFORT - BURTON 5B,124,0.483910830626
state_house_2024,BEAUFORT - CHECHESSEE 1,120,1.000000000000
state_house_2024,BEAUFORT - CHECHESSEE 2,120,1.000000000000
state_house_2024,BEAUFORT - CHECHESSEE 3,120,1.000000000000
state_house_2024,BEAUFORT - DALE LOBECO,121,1.000000000000
state_house_2024,BEAUFORT - DAUFUSKIE,120,0.000000192715
state_house_2024,BEAUFORT - DAUFUSKIE,123,0.999999807285
state_house_2024,BEAUFORT - HILTON HEAD 10,123,1.000000000000
state_house_2024,BEAUFORT - HILTON HEAD 11,123,1.000000000000
state_house_2024,BEAUFORT - HILTON HEAD 12,123,1.000000000000
state_house_2024,BEAUFORT - HILTON HEAD 13,123,1.000000000000
state_house_2024,BEAUFORT - HILTON HEAD 14,123,1.000000000000
state_house_2024,BEAUFORT - HILTON HEAD 15A,123,1.000000000000
state_house_2024,BEAUFORT - HILTON HEAD 15B,123,1.000000000000
state_house_2024,BEAUFORT - HILTON HEAD 1A,123,1.000000000000
state_house_2024,BEAUFORT - HILTON HEAD 1B,120,0.746186959556
state_house_2024,BEAUFORT - HILTON HEAD 1B,123,0.253813040444
state_house_2024,BEAUFORT - HILTON HEAD 2A,123,1.000000000000
state_house_2024,BEAUFORT - HILTON HEAD 2B,121,0.042911663203
state_house_2024,BEAUFORT - HILTON HEAD 2B,123,0.957088336797
state_house_2024,BEAUFORT - HILTON HEAD 2C,123,1.000000000000
state_house_2024,BEAUFORT - HILTON HEAD 2D,123,1.000000000000
state_house_2024,BEAUFORT - HILTON HEAD 2E,123,1.000000000000
state_house_2024,BEAUFORT - HILTON HEAD 3,123,1.000000000000
state_house_2024,BEAUFORT - HILTON HEAD 4A,123,1.000000000000
state_house_2024,BEAUFORT - HILTON HEAD 4B,120,0.195050137102
state_house_2024,BEAUFORT - HILTON HEAD 4B,123,0.804949862898
state_house_2024,BEAUFORT - HILTON HEAD 4C,123,1.000000000000
state_house_2024,BEAUFORT - HILTON HEAD 4D,123,1.000000000000
state_house_2024,BEAUFORT - HILTON HEAD 5A,123,1.000000000000
state_house_2024,BEAUFORT - HILTON HEAD 5B,123,1.000000000000
state_house_2024,BEAUFORT - HILTON HEAD 5C,123,1.000000000000
state_house_2024,BEAUFORT - HILTON HEAD 6,123,1.000000000000
state_house_2024,BEAUFORT - HILTON HEAD 7A,123,1.000000000000
state_house_2024,BEAUFORT - HILTON HEAD 7B,123,1.000000000000
state_house_2024,BEAUFORT - HILTON HEAD 7C,123,1.000000000000
state_house_2024,BEAUFORT - HILTON HEAD 8,123,1.000000000000
state_house_2024,BEAUFORT - HILTON HEAD 9A,123,1.000000000000
state_house_2024,BEAUFORT - HILTON HEAD 9B,123,1.000000000000
state_house_2024,BEAUFORT - HILTON HEAD 9C,123,1.000000000000
state_house_2024,BEAUFORT - HILTON HEAD 9D,123,1.000000000000
state_house_2024,BEAUFORT - LADYS ISLAND 1A,124,1.000000000000
state_house_2024,BEAUFORT - LADYS ISLAND 1B,124,1.000000000000
state_house_2024,BEAUFORT - LADYS ISLAND 2A,124,1.000000000000
state_house_2024,BEAUFORT - LADYS ISLAND 2B,124,1.000000000000
state_house_2024,BEAUFORT - LADYS ISLAND 2C,124,1.000000000000
state_house_2024,BEAUFORT - LADYS ISLAND 3A,124,1.000000000000
state_house_2024,BEAUFORT - LADYS ISLAND 3B,124,1.000000000000
state_house_2024,BEAUFORT - LADYS ISLAND 3C,124,1.000000000000
state_house_2024,BEAUFORT - LADYS ISLAND 4A,124,1.000000000000
state_house_2024,BEAUFORT - LADYS ISLAND 4B,124,1.000000000000
state_house_2024,BEAUFORT - LADYS ISLAND 4C,124,1.000000000000
state_house_2024,BEAUFORT - MOSS CREEK 2,120,1.000000000000
state_house_2024,BEAUFORT - MOSSY OAKS 1A,124,1.000000000000
state_house_2024,BEAUFORT - MOSSY OAKS 1B,124,1.000000000000
state_house_2024,BEAUFORT - MOSSY OAKS 2,124,1.000000000000
state_house_2024,BEAUFORT - NEW RIVER 1,118,1.000000000000
state_house_2024,BEAUFORT - NEW RIVER 2,118,0.999934603434
state_house_2024,BEAUFORT - NEW RIVER 2,122,0.000000216872
state_house_2024,BEAUFORT - NEW RIVER 2,123,0.000065179694
state_house_2024,BEAUFORT - PALMETTO BLUFF,118,0.000000037554
state_house_2024,BEAUFORT - PALMETTO BLUFF,120,0.997660442992
state_house_2024,BEAUFORT - PALMETTO BLUFF,123,0.002339519454
state_house_2024,BEAUFORT - PORT ROYAL 1,124,1.000000000000
state_house_2024,BEAUFORT - PORT ROYAL 2,124,1.000000000000
state_house_2024,BEAUFORT - PRITCHARDVILLE 1,118,1.000000000000
state_house_2024,BEAUFORT - RIVERBEND 1,120,1.000000000000
state_house_2024,BEAUFORT - ROSE HILL 1,120,1.000000000000
state_house_2024,BEAUFORT - ROSE HILL 2,120,1.000000000000
state_house_2024,BEAUFORT - SANDY POINTE,118,1.000000000000
state_house_2024,BEAUFORT - SEABROOK 1,121,1.000000000000
state_house_2024,BEAUFORT - SEABROOK 2,121,1.000000000000
state_house_2024,BEAUFORT - SEABROOK 3,121,1.000000000000
state_house_2024,BEAUFORT - SHELDON 1,121,0.986926978085
state_house_2024,BEAUFORT - SHELDON 1,122,0.013073021915
state_house_2024,BEAUFORT - SHELDON 2,121,0.976985108293
state_house_2024,BEAUFORT - SHELDON 2,122,0.023014891707
state_house_2024,BEAUFORT - SPANISH WELLS,123,1.000000000000
state_house_2024,BEAUFORT - ST. HELENA 1A,121,0.699716564332
state_house_2024,BEAUFORT - ST. HELENA 1A,124,0.300283435668
state_house_2024,BEAUFORT - ST. HELENA 1B,121,1.000000000000
state_house_2024,BEAUFORT - ST. HELENA 1C,124,1.000000000000
state_house_2024,BEAUFORT - ST. HELENA 2A,121,0.796333906385
state_house_2024,BEAUFORT - ST. HELENA 2A,124,0.203666093615
state_house_2024,BEAUFORT - ST. HELENA 2B,121,1.000000000000
state_house_2024,BEAUFORT - ST. HELENA 2C,121,1.000000000000
state_house_2024,BEAUFORT - SUN CITY 1,118,1.000000000000
state_house_2024,BEAUFORT - SUN CITY 10,118,1.000000000000
state_house_2024,BEAUFORT - SUN CITY 2,118,1.000000000000
state_house_2024,BEAUFORT - SUN CITY 3,118,1.000000000000
state_house_2024,BEAUFORT - SUN CITY 4,118,1.000000000000
state_house_2024,BEAUFORT - SUN CITY 5,118,1.000000000000
state_house_2024,BEAUFORT - SUN CITY 6,118,1.000000000000
state_house_2024,BEAUFORT - SUN CITY 7,118,0.999999954977
state_house_2024,BEAUFORT - SUN CITY 7,120,0.000000045023
state_house_2024,BEAUFORT - SUN CITY 8,118,1.000000000000
state_house_2024,BEAUFORT - SUN CITY 9,118,1.000000000000
state_house_2024,BEAUFORT - NEW RIVER 3,118,1.000000000000
state_house_2024,BEAUFORT - BLUFFTON 2C,118,1.000000000000
state_house_2024,BEAUFORT - BLUFFTON 7A,118,0.999999762516
state_house_2024,BEAUFORT - BLUFFTON 7A,123,0.000000237484
state_house_2024,BEAUFORT - MOSS CREEK 1,120,1.000000000000
state_house_2024,BEAUFORT - LADYS ISLAND 2D,124,1.000000000000
state_house_2024,BEAUFORT - BLUFFTON 4F,120,1.000000000000
state_house_2024,BEAUFORT - RIVERBEND 2,120,1.000000000000
state_house_2024,BEAUFORT - ST. HELENA 1D,124,1.000000000000
state_house_2024,BEAUFORT - BLUFFTON 4A,118,0.339621896949
state_house_2024,BEAUFORT - BLUFFTON 4A,120,0.660378103051
state_house_2024,CLARENDON - ALCOLU,64,1.000000000000
state_house_2024,CLARENDON - BARRINEAU,60,0.000000418230
state_house_2024,CLARENDON - BARRINEAU,64,0.999999529738
state_house_2024,CLARENDON - BARRINEAU,101,0.000000052032
state_house_2024,CLARENDON - BARROWS MILL,64,1.000000000000
state_house_2024,CLARENDON - BLOOMVILLE,64,1.000000000000
state_house_2024,CLARENDON - CALVARY,64,1.000000000000
state_house_2024,CLARENDON - DAVIS STATION,64,1.000000000000
state_house_2024,CLARENDON - HARMONY,64,1.000000000000
state_house_2024,CLARENDON - HICKS,60,0.000000246857
state_house_2024,CLARENDON - HICKS,64,0.999999753143
state_house_2024,CLARENDON - HOME BRANCH,64,1.000000000000
state_house_2024,CLARENDON - JORDAN,64,1.000000000000
state_house_2024,CLARENDON - MANNING NO. 1,64,1.000000000000
state_house_2024,CLARENDON - MANNING NO. 2,64,1.000000000000
state_house_2024,CLARENDON - MANNING NO. 3,64,1.000000000000
state_house_2024,CLARENDON - MANNING NO. 4,64,1.000000000000
state_house_2024,CLARENDON - MANNING NO. 5,64,1.000000000000
state_house_2024,CLARENDON - NEW ZION,50,0.000000000023
state_house_2024,CLARENDON - NEW ZION,64,0.999999999977
state_house_2024,CLARENDON - OAKDALE,64,1.000000000000
state_house_2024,CLARENDON - PANOLA,64,1.000000000000
state_house_2024,CLARENDON - PAXVILLE,64,1.000000000000
state_house_2024,CLARENDON - SARDINIA-GABLE,64,1.000000000000
state_house_2024,CLARENDON - SUMMERTON NO. 2,64,1.000000000000
state_house_2024,CLARENDON - SUMMERTON NO. 3,64,1.000000000000
state_house_2024,CLARENDON - TURBEVILLE,50,0.000000041330
state_house_2024,CLARENDON - TURBEVILLE,64,0.999999958670
state_house_2024,CLARENDON - WILSON-FORESTON,64,0.999999246213
state_house_2024,CLARENDON - WILSON-FORESTON,101,0.000000753787
state_house_2024,CLARENDON - SUMMERTON NO. 1,64,1.000000000000
state_house_2024,CLARENDON - SUMMERTON NO. 4,64,1.000000000000
state_house_2024,LANCASTER - 521 NORTH,45,1.000000000000
state_house_2024,LANCASTER - ANTIOCH,53,1.000000000000
state_house_2024,LANCASTER - BLACK HORSE RUN,26,0.000774954597
state_house_2024,LANCASTER - BLACK HORSE RUN,44,0.999225045403
state_house_2024,LANCASTER - BUFORD,53,1.000000000000
state_house_2024,LANCASTER - CAMP CREEK,53,1.000000000000
state_house_2024,LANCASTER - CHESTERFIELD AVE,45,1.000000000000
state_house_2024,LANCASTER - COLLEGE PARK,45,1.000000000000
state_house_2024,LANCASTER - DOUGLAS,45,1.000000000000
state_house_2024,LANCASTER - ELGIN,45,0.999998675113
state_house_2024,LANCASTER - ELGIN,53,0.000001324887
state_house_2024,LANCASTER - ERWIN FARM,45,1.000000000000
state_house_2024,LANCASTER - FLAT CREEK,65,1.000000000000
state_house_2024,LANCASTER - GOLD HILL,43,0.000000078057
state_house_2024,LANCASTER - GOLD HILL,44,0.999958674364
state_house_2024,LANCASTER - GOLD HILL,45,0.000041247579
state_house_2024,LANCASTER - HARRISBURG,26,0.002505670912
state_house_2024,LANCASTER - HARRISBURG,44,0.997494329088
state_house_2024,LANCASTER - HYDE PARK,45,0.000000041325
state_house_2024,LANCASTER - HYDE PARK,53,0.999999958675
state_house_2024,LANCASTER - JIM WILSON,44,1.000000000000
state_house_2024,LANCASTER - KERSHAW,65,1.000000000000
state_house_2024,LANCASTER - SUN CITY-CAROLINA LAKES,43,0.000000498209
state_house_2024,LANCASTER - SUN CITY-CAROLINA LAKES,44,0.999999501791
state_house_2024,LANCASTER - MCLLWAIN,45,1.000000000000
state_house_2024,LANCASTER - OSCEOLA,44,1.000000000000
state_house_2024,LANCASTER - PLEASANT HILL,45,1.000000000000
state_house_2024,LANCASTER - PLEASANT VALLEY,26,0.000837375801
state_house_2024,LANCASTER - PLEASANT VALLEY,44,0.999162624199
state_house_2024,LANCASTER - POSSUM HOLLOW,26,0.005250039224
state_house_2024,LANCASTER - POSSUM HOLLOW,44,0.994749960776
state_house_2024,LANCASTER - RICH HILL,45,0.252165341084
state_house_2024,LANCASTER - RICH HILL,65,0.747834658916
state_house_2024,LANCASTER - RIVER ROAD,26,0.000591572716
state_house_2024,LANCASTER - RIVER ROAD,44,0.999408427284
state_house_2024,LANCASTER - RIVERSIDE,45,1.000000000000
state_house_2024,LANCASTER - SIX MILE CREEK,44,1.000000000000
state_house_2024,LANCASTER - SPRINGDALE,45,1.000000000000
state_house_2024,LANCASTER - TRADESVILLE,53,1.000000000000
state_house_2024,LANCASTER - UNITY,45,0.324395352481
state_house_2024,LANCASTER - UNITY,53,0.675604647519
state_house_2024,LANCASTER - VAN WYCK,43,0.000004189672
state_house_2024,LANCASTER - VAN WYCK,44,0.301148652414
state_house_2024,LANCASTER - VAN WYCK,45,0.698847157915
state_house_2024,LANCASTER - HEATH SPRINGS,43,0.000000000550
state_house_2024,LANCASTER - HEATH SPRINGS,45,0.999999997548
state_house_2024,LANCASTER - HEATH SPRINGS,65,0.000000001902
state_senate_2022,ABBEVILLE - ABBEVILLE NO. 1,4,1.000000000000
state_senate_2022,ABBEVILLE - ABBEVILLE NO. 2,4,0.996481456332
state_senate_2022,ABBEVILLE - ABBEVILLE NO. 2,10,0.003518543668
state_senate_2022,ABBEVILLE - ABBEVILLE NO. 3,4,0.999994727595
state_senate_2022,ABBEVILLE - ABBEVILLE NO. 3,10,0.000005272405
state_senate_2022,ABBEVILLE - ABBEVILLE NO. 4,4,1.000000000000
state_senate_2022,PICKENS - ABEL,1,1.000000000000
state_senate_2022,SPARTANBURG - ABNER CREEK BAPTIST,12,0.999999638694
state_senate_2022,SPARTANBURG - ABNER CREEK BAPTIST,13,0.000000361306
state_senate_2022,UNION - ADAMSBURG,14,1.000000000000
state_senate_2022,MARLBORO - ADAMSVILLE,29,1.000000000000
state_senate_2022,YORK - ADNAH,15,1.000000000000
state_senate_2022,HORRY - ADRIAN,28,1.000000000000
state_senate_2022,GREENVILLE - AIKEN,2,0.000000266067
state_senate_2022,GREENVILLE - AIKEN,7,0.999999733933
state_senate_2022,GREENWOOD - AIRPORT,10,1.000000000000
state_senate_2022,KERSHAW - AIRPORT,27,0.000000823582
state_senate_2022,KERSHAW - AIRPORT,35,0.999999176418
state_senate_2022,SPARTANBURG - AIRPORT,12,1.000000000000
state_senate_2022,YORK - AIRPORT,15,1.000000000000
state_senate_2022,PICKENS - ALBERT R. LEWIS,2,1.000000000000
state_senate_2022,ALLENDALE - ALLENDALE NO. 1,40,1.000000000000
state_senate_2022,ALLENDALE - ALLENDALE NO. 2,40,1.000000000000
state_senate_2022,CHEROKEE - ALLENS,14,1.000000000000
state_senate_2022,GREENWOOD - ALLIES CROSSING,10,0.999999994766
state_senate_2022,GREENWOOD - ALLIES CROSSING,18,0.000000005234
state_senate_2022,YORK - ALLISON CREEK,15,1.000000000000
state_senate_2022,HORRY - ALLSBROOK,30,1.000000000000
state_senate_2022,CHEROKEE - ALMA MILL,14,1.000000000000
state_senate_2022,GREENVILLE - ALTAMONT FOREST,5,0.000009890299
state_senate_2022,GREENVILLE - ALTAMONT FOREST,6,0.999990109701
state_senate_2022,BERKELEY - ALVIN,32,1.000000000000
state_senate_2022,LEXINGTON - AMICKS FERRY,18,1.000000000000
state_senate_2022,ANDERSON - ANDERSON 11,3,1.000000000000
state_senate_2022,ANDERSON - ANDERSON 12,3,1.000000000000
state_senate_2022,ANDERSON - ANDERSON 21,3,1.000000000000
state_senate_2022,ANDERSON - ANDERSON 22,3,0.999993201360
state_senate_2022,ANDERSON - ANDERSON 22,4,0.000006798640
state_senate_2022,ANDERSON - ANDERSON 31,3,0.000897971452
state_senate_2022,ANDERSON - ANDERSON 31,4,0.999102028548
state_senate_2022,ANDERSON - ANDERSON 32,3,0.003807119841
state_senate_2022,ANDERSON - ANDERSON 32,4,0.996192880159
state_senate_2022,ANDERSON - ANDERSON 41,4,1.000000000000
state_senate_2022,ANDERSON - ANDERSON 42,4,1.000000000000
state_senate_2022,ANDERSON - ANDERSON 5B,4,1.000000000000
state_senate_2022,ANDERSON - ANDERSON 61,3,1.000000000000
state_senate_2022,ANDERSON - ANDERSON 62,3,0.000000286257
state_senate_2022,ANDERSON - ANDERSON 62,4,0.999999713743
state_senate_2022,SPARTANBURG - ANDERSON MILL BAPTIST,12,1.000000000000
state_senate_2022,SPARTANBURG - ANDERSON MILL ELEMENTARY,12,1.000000000000
state_senate_2022,YORK - ANDERSON ROAD,15,0.000042186666
state_senate_2022,YORK - ANDERSON ROAD,17,0.999957813334
state_senate_2022,GEORGETOWN - ANDREWS,32,1.000000000000
state_senate_2022,GEORGETOWN - ANDREWS OUTSIDE,32,1.000000000000
state_senate_2022,GREENWOOD - ANGEL OAKS CROSSING,4,0.000000013113
state_senate_2022,GREENWOOD - ANGEL OAKS CROSSING,10,0.999999986887
state_senate_2022,CHESTERFIELD - ANGELUS-CATARRH,27,0.999968717891
state_senate_2022,CHESTERFIELD - ANGELUS-CATARRH,35,0.000031282109
state_senate_2022,DARLINGTON - ANTIOCH,27,0.000787748214
state_senate_2022,DARLINGTON - ANTIOCH,29,0.999212251786
state_senate_2022,KERSHAW - ANTIOCH,35,1.000000000000
state_senate_2022,CHEROKEE - ANTIOCH AND KINGS CREEK,14,1.000000000000
state_senate_2022,ABBEVILLE - ANTREVILLE,4,1.000000000000
state_senate_2022,SPARTANBURG - APALACHE BAPTIST,5,0.999999992508
state_senate_2022,SPARTANBURG - APALACHE BAPTIST,12,0.000000007492
state_senate_2022,ANDERSON - APPLETON-EQUINOX,3,0.999996223246
state_senate_2022,ANDERSON - APPLETON-EQUINOX,4,0.000003776754
state_senate_2022,RICHLAND - ARCADIA,22,1.000000000000
state_senate_2022,SPARTANBURG - ARCADIA ELEMENTARY,11,1.000000000000
state_senate_2022,DORCHESTER - ARCHDALE,41,0.003885343903
state_senate_2022,DORCHESTER - ARCHDALE,42,0.996114656097
state_senate_2022,DORCHESTER - ARCHDALE 2,41,0.999998628924
state_senate_2022,DORCHESTER - ARCHDALE 2,42,0.000001371076
state_senate_2022,RICHLAND - ARDINCAPLE,19,0.999728228837
state_senate_2022,RICHLAND - ARDINCAPLE,26,0.000271771163
state_senate_2022,PICKENS - ARIAL MILL,2,1.000000000000
state_senate_2022,DORCHESTER - ASHBOROUGH EAST,38,1.000000000000
state_senate_2022,DORCHESTER - ASHBOROUGH EAST 2,38,1.000000000000
state_senate_2022,DORCHESTER - ASHBOROUGH WEST,38,1.000000000000
state_senate_2022,DORCHESTER - ASHBOROUGH WEST 2,38,1.000000000000
state_senate_2022,GREENVILLE - ASHETON LAKES,8,0.999811638824
state_senate_2022,GREENVILLE - ASHETON LAKES,12,0.000000000908
state_senate_2022,GREENVILLE - ASHETON LAKES,13,0.000188360268
state_senate_2022,LEE - ASHLANDSTOKES BRIDGE,29,0.001290052261
state_senate_2022,LEE - ASHLANDSTOKES BRIDGE,35,0.998709947739
state_senate_2022,DORCHESTER - ASHLEY RIVER,41,1.000000000000
state_senate_2022,GREENWOOD - ASHLEY RIVER RUN,10,1.000000000000
state_senate_2022,COLLETON - ASHTON-LODGE,40,0.999999986408
state_senate_2022,COLLETON - ASHTON-LODGE,45,0.000000013592
state_senate_2022,LEE - ASHWOOD,29,0.000456797728
state_senate_2022,LEE - ASHWOOD,35,0.997941075613
state_senate_2022,LEE - ASHWOOD,36,0.001602126659
state_senate_2022,CHEROKEE - ASHWORTH,14,1.000000000000
state_senate_2022,HORRY - ATLANTIC BEACH,28,1.000000000000
state_senate_2022,DARLINGTON - AUBURN,29,1.000000000000
state_senate_2022,GREENVILLE - AVON,6,1.000000000000
state_senate_2022,CHARLESTON - AWENDAW,32,0.216267890375
state_senate_2022,CHARLESTON - AWENDAW,43,0.783732109625
state_senate_2022,HORRY - AYNOR,30,1.000000000000
state_senate_2022,FLORENCE - BACK SWAMP,29,0.000000274337
state_senate_2022,FLORENCE - BACK SWAMP,30,0.999999725663
state_senate_2022,DORCHESTER - BACONS BRIDGE,38,0.999999904222
state_senate_2022,DORCHESTER - BACONS BRIDGE,41,0.000000095778
state_senate_2022,DORCHESTER - BACONS BRIDGE 2,38,1.000000000000
state_senate_2022,GREENVILLE - BAKER CREEK,4,0.000363856084
state_senate_2022,GREENVILLE - BAKER CREEK,7,0.000002005189
state_senate_2022,GREENVILLE - BAKER CREEK,9,0.999634138727
state_senate_2022,CHESTER - BALDWIN MILL,17,1.000000000000
state_senate_2022,RICHLAND - BALLENTINE 1,18,0.999999856798
state_senate_2022,RICHLAND - BALLENTINE 1,19,0.000000143202
state_senate_2022,RICHLAND - BALLENTINE 2,18,1.000000000000
state_senate_2022,ANDERSON - BARKERS CREEK-MCADAMS,4,1.000000000000
state_senate_2022,BARNWELL - BARNWELL 1,40,1.000000000000
state_senate_2022,BARNWELL - BARNWELL 2,40,1.000000000000
state_senate_2022,BARNWELL - BARNWELL 3,40,1.000000000000
state_senate_2022,BARNWELL - BARNWELL 4,40,1.000000000000
state_senate_2022,LEXINGTON - BARR ROAD 2,10,0.000000386784
state_senate_2022,LEXINGTON - BARR ROAD 2,23,0.999995744053
state_senate_2022,LEXINGTON - BARR ROAD 2,25,0.000003869163
state_senate_2022,LEXINGTON - BARR ROAD 1,10,0.999999320277
state_senate_2022,LEXINGTON - BARR ROAD 1,25,0.000000679723
state_senate_2022,SUMTER - BATES,36,1.000000000000
state_senate_2022,LEXINGTON - BATESBURG,23,0.000117105584
state_senate_2022,LEXINGTON - BATESBURG,25,0.999882894416
state_senate_2022,CHESTER - BATON ROUGE,17,1.000000000000
state_senate_2022,YORK - BAXTER,16,1.000000000000
state_senate_2022,CHESTERFIELD - BAY SPRINGS,27,1.000000000000
state_senate_2022,HORRY - BAYBORO-GURLEY,28,0.000025611382
state_senate_2022,HORRY - BAYBORO-GURLEY,30,0.999974388618
state_senate_2022,SPARTANBURG - BEACON,11,1.000000000000
state_senate_2022,RICHLAND - BEATTY ROAD,19,0.981537445977
state_senate_2022,RICHLAND - BEATTY ROAD,26,0.018462554023
state_senate_2022,CHESTER - BECKHAMVILLE,17,0.999229116807
state_senate_2022,CHESTER - BECKHAMVILLE,27,0.000770883193
state_senate_2022,GREENWOOD - BEES FERRY,10,1.000000000000
state_senate_2022,DORCHESTER - BEECH HILL,38,1.000000000000
state_senate_2022,DORCHESTER - BEECH HILL 2,38,0.999994921907
state_senate_2022,DORCHESTER - BEECH HILL 2,41,0.000005078093
state_senate_2022,SPARTANBURG - BEECH SPRINGS INTERMEDIATE,12,1.000000000000
state_senate_2022,GREENVILLE - BELLE MEADE,7,1.000000000000
state_senate_2022,COLLETON - BELLS,40,0.999999994579
state_senate_2022,COLLETON - BELLS,45,0.000000005421
state_senate_2022,GREENVILLE - BELLS CROSSING,8,0.003567191826
state_senate_2022,GREENVILLE - BELLS CROSSING,13,0.996432808174
state_senate_2022,GREENVILLE - BELMONT,7,1.000000000000
state_senate_2022,ANDERSON - BELTON,4,1.000000000000
state_senate_2022,ANDERSON - BELTON ANNEX,4,1.000000000000
state_senate_2022,SPARTANBURG - BEN AVON METHODIST,13,1.000000000000
state_senate_2022,GREENVILLE - BEREA,2,0.999934310253
state_senate_2022,GREENVILLE - BEREA,6,0.000065689747
state_senate_2022,COLLETON - BEREA-SMOAKS,39,0.000000035071
state_senate_2022,COLLETON - BEREA-SMOAKS,40,0.999999964929
state_senate_2022,DILLON - BERMUDA,30,1.000000000000
state_senate_2022,NEWBERRY - BETH - EDEN,18,1.000000000000
state_senate_2022,MCCORMICK - BETHANY,10,0.004460854161
state_senate_2022,MCCORMICK - BETHANY,25,0.995539145839
state_senate_2022,YORK - BETHANY,14,1.000000000000
state_senate_2022,SPARTANBURG - BETHANY WESLEYAN,12,0.000010294319
state_senate_2022,SPARTANBURG - BETHANY WESLEYAN,13,0.999989705681
state_senate_2022,CALHOUN - BETHEL,26,1.000000000000
state_senate_2022,DARLINGTON - BETHEL,29,1.000000000000
state_senate_2022,GEORGETOWN - BETHEL,32,1.000000000000
state_senate_2022,ORANGEBURG - BETHEL,39,1.000000000000
state_senate_2022,YORK - BETHEL,14,1.000000000000
state_senate_2022,YORK - BETHEL SCHOOL,15,1.000000000000
state_senate_2022,BERKELEY - BETHERA,37,1.000000000000
state_senate_2022,KERSHAW - BETHUNE,27,0.000000015257
state_senate_2022,KERSHAW - BETHUNE,29,0.000000002521
state_senate_2022,KERSHAW - BETHUNE,35,0.999999982222
state_senate_2022,LEXINGTON - BEULAH CHURCH,10,0.999999924149
state_senate_2022,LEXINGTON - BEULAH CHURCH,25,0.000000075851
state_senate_2022,BERKELEY - BEVERLY HILL,37,0.001605150850
state_senate_2022,BERKELEY - BEVERLY HILL,39,0.998394849150
state_senate_2022,GREENWOOD - BILTMORE PINES,10,1.000000000000
state_senate_2022,SUMTER - BIRNIE,35,0.007332211230
state_senate_2022,SUMTER - BIRNIE,36,0.992667788770
state_senate_2022,ANDERSON - BISHOPS BRANCH,1,0.000000757836
state_senate_2022,ANDERSON - BISHOPS BRANCH,3,0.999999242164
state_senate_2022,LEE - BISHOPVILLE NO. 1,29,1.000000000000
state_senate_2022,LEE - BISHOPVILLE NO. 2,29,1.000000000000
state_senate_2022,LEE - BISHOPVILLE NO. 3,29,0.998569037153
state_senate_2022,LEE - BISHOPVILLE NO. 3,35,0.001430962847
state_senate_2022,LEE - BISHOPVILLE NO. 4,29,0.999269351512
state_senate_2022,LEE - BISHOPVILLE NO. 4,35,0.000730648488
state_senate_2022,CHESTERFIELD - BLACK CREEK,27,1.000000000000
state_senate_2022,HAMPTON - BLACK CREEK,45,1.000000000000
state_senate_2022,DARLINGTON - BLACK CREEK-CLYDE,27,0.000014766658
state_senate_2022,DARLINGTON - BLACK CREEK-CLYDE,29,0.999981957273
state_senate_2022,DARLINGTON - BLACK CREEK-CLYDE,35,0.000003276070
state_senate_2022,GEORGETOWN - BLACK RIVER,32,1.000000000000
state_senate_2022,WILLIAMSBURG - BLACK RIVER,32,0.999999552779
state_senate_2022,WILLIAMSBURG - BLACK RIVER,36,0.000000447221
state_senate_2022,UNION - BLACK ROCK,9,1.000000000000
state_senate_2022,CHEROKEE - BLACKSBURG WARD NO. 1,14,1.000000000000
state_senate_2022,CHEROKEE - BLACKSBURG WARD NO. 2,14,1.000000000000
state_senate_2022,CHESTER - BLACKSTOCK,17,1.000000000000
state_senate_2022,FAIRFIELD - BLACKSTOCK,17,1.000000000000
state_senate_2022,SPARTANBURG - BLACKSTOCK,12,1.000000000000
state_senate_2022,BARNWELL - BLACKVILLE 1,40,1.000000000000
state_senate_2022,BARNWELL - BLACKVILLE 2,40,1.000000000000
state_senate_2022,FAIRFIELD - BLAIRS,17,0.999999020350
state_senate_2022,FAIRFIELD - BLAIRS,18,0.000000979650
state_senate_2022,MARLBORO - BLENHEIM,29,0.999999197324
state_senate_2022,MARLBORO - BLENHEIM,30,0.000000802676
state_senate_2022,WILLIAMSBURG - BLOOMINGVALE,32,1.000000000000
state_senate_2022,RICHLAND - BLUFF,21,1.000000000000
state_senate_2022,RICHLAND - BLYTHEWOOD 1,19,0.000000091312
state_senate_2022,RICHLAND - BLYTHEWOOD 1,22,0.999999908688
state_senate_2022,RICHLAND - BLYTHEWOOD 2,17,0.000000707121
state_senate_2022,RICHLAND - BLYTHEWOOD 2,19,0.000000628404
state_senate_2022,RICHLAND - BLYTHEWOOD 2,22,0.999998664475
state_senate_2022,RICHLAND - BLYTHEWOOD 3,19,0.999964720610
state_senate_2022,RICHLAND - BLYTHEWOOD 3,22,0.000035279390
state_senate_2022,GREENVILLE - BOILING SPRINGS,6,1.000000000000
state_senate_2022,LEXINGTON - BOILING SPRINGS,23,1.000000000000
state_senate_2022,SPARTANBURG - BOILING SPRINGS 9TH GRADE,11,1.000000000000
state_senate_2022,SPARTANBURG - BOILING SPRINGS ELEMENTARY,11,1.000000000000
state_senate_2022,SPARTANBURG - BOILING SPRINGS HIGH SCHOOL,11,1.000000000000
state_senate_2022,LEXINGTON - BOILING SPRINGS SOUTH,23,1.000000000000
state_senate_2022,ORANGEBURG - BOLENTOWN,40,1.000000000000
state_senate_2022,SPARTANBURG - BOLING SPRINGS JR. HIGH,11,1.000000000000
state_senate_2022,UNION - BONHAM,13,0.999999995545
state_senate_2022,UNION - BONHAM,14,0.000000004455
state_senate_2022,BERKELEY - BONNEAU,32,0.000000047547
state_senate_2022,BERKELEY - BONNEAU,37,0.999999952453
state_senate_2022,BERKELEY - BONNEAU BEACH,37,1.000000000000
state_senate_2022,HAMPTON - BONNETT,45,1.000000000000
state_senate_2022,RICHLAND - BOOKMAN,22,0.000000051367
state_senate_2022,RICHLAND - BOOKMAN,35,0.999999948633
state_senate_2022,GREENVILLE - BOTANY WOODS,6,1.000000000000
state_senate_2022,BERKELEY - BOULDER BLUFF,37,0.999831701901
state_senate_2022,BERKELEY - BOULDER BLUFF,39,0.000168298099
state_senate_2022,ANDERSON - BOWLING GREEN,3,0.999999936488
state_senate_2022,ANDERSON - BOWLING GREEN,4,0.000000063512
state_senate_2022,YORK - BOWLING GREEN,14,1.000000000000
state_senate_2022,ORANGEBURG - BOWMAN 1,39,1.000000000000
state_senate_2022,ORANGEBURG - BOWMAN 2,39,1.000000000000
state_senate_2022,GREENWOOD - BRADLEY,10,0.999999932614
state_senate_2022,GREENWOOD - BRADLEY,25,0.000000067386
state_senate_2022,ORANGEBURG - BRANCHVILLE 1,39,1.000000000000
state_senate_2022,ORANGEBURG - BRANCHVILLE 2,39,1.000000000000
state_senate_2022,RICHLAND - BRANDON 1,21,0.999988834337
state_senate_2022,RICHLAND - BRANDON 1,35,0.000011165663
state_senate_2022,RICHLAND - BRANDON 2,21,1.000000000000
state_senate_2022,DORCHESTER - BRANDYMILL,38,1.000000000000
state_senate_2022,DORCHESTER - BRANDYMILL 2,38,1.000000000000
state_senate_2022,DORCHESTER - BRIARWOOD,38,1.000000000000
state_senate_2022,RICHLAND - BRIARWOOD,21,0.000028148136
state_senate_2022,RICHLAND - BRIARWOOD,22,0.999971851864
state_senate_2022,DORCHESTER - BRIARWOOD 2,38,1.000000000000
state_senate_2022,DORCHESTER - BRIARWOOD 3,38,1.000000000000
state_senate_2022,RICHLAND - BRIDGE CREEK,22,1.000000000000
state_senate_2022,GREENVILLE - BRIDGE FORK,8,1.000000000000
state_senate_2022,MARLBORO - BRIGHTSVILLE,29,1.000000000000
state_senate_2022,MARION - BRITTONS NECK,30,0.999223123977
state_senate_2022,MARION - BRITTONS NECK,31,0.000251058199
state_senate_2022,MARION - BRITTONS NECK,32,0.000525817824
state_senate_2022,ABBEVILLE - BROADMOUTH,4,1.000000000000
state_senate_2022,ANDERSON - BROADVIEW,4,1.000000000000
state_senate_2022,ANDERSON - BROADWAY,4,1.000000000000
state_senate_2022,CHESTERFIELD - BROCKS MILL,27,0.000259843404
state_senate_2022,CHESTERFIELD - BROCKS MILL,29,0.999740156596
state_senate_2022,GREENVILLE - BROOK GLENN,5,0.000063351616
state_senate_2022,GREENVILLE - BROOK GLENN,6,0.999936648384
state_senate_2022,ORANGEBURG - BROOKDALE,39,1.000000000000
state_senate_2022,FLORENCE - BROOKGREEN,30,0.999936454422
state_senate_2022,FLORENCE - BROOKGREEN,31,0.000063545578
state_senate_2022,HORRY - BROOKSVILLE 1,28,1.000000000000
state_senate_2022,HORRY - BROOKSVILLE 2,28,1.000000000000
state_senate_2022,SPARTANBURG - BROOME HIGH SCHOOL,13,1.000000000000
state_senate_2022,GEORGETOWN - BROWNS FERRY,32,1.000000000000
state_senate_2022,MARLBORO - BROWNSVILLE,29,0.999987877538
state_senate_2022,MARLBORO - BROWNSVILLE,30,0.000012122462
state_senate_2022,HORRY - BROWNWAY,32,1.000000000000
state_senate_2022,EDGEFIELD - BRUNSON,25,1.000000000000
state_senate_2022,HAMPTON - BRUNSON,40,0.000000268302
state_senate_2022,HAMPTON - BRUNSON,45,0.999999731698
state_senate_2022,ANDERSON - BRUSHY CREEK,3,1.000000000000
state_senate_2022,PICKENS - BRUSHY CREEK,2,0.998540389173
state_senate_2022,PICKENS - BRUSHY CREEK,3,0.001459610827
state_senate_2022,KERSHAW - BUFFALO,27,1.000000000000
state_senate_2022,UNION - BUFFALO BOX 1,13,1.000000000000
state_senate_2022,YORK - BULLOCKS CREEK,14,0.000260876510
state_senate_2022,YORK - BULLOCKS CREEK,15,0.994741564082
state_senate_2022,YORK - BULLOCKS CREEK,17,0.004997559407
state_senate_2022,HORRY - BURGESS 1,34,1.000000000000
state_senate_2022,HORRY - BURGESS 3,34,1.000000000000
state_senate_2022,HORRY - BURGESS 4,34,1.000000000000
state_senate_2022,HORRY - BURGESS 5,34,1.000000000000
state_senate_2022,HORRY - BURGESS2,34,1.000000000000
state_senate_2022,SUMTER - BURNS-DOWNS,35,0.999645935665
state_senate_2022,SUMTER - BURNS-DOWNS,36,0.000354064335
state_senate_2022,DARLINGTON - BURNT BRANCH,29,0.999999624208
state_senate_2022,DARLINGTON - BURNT BRANCH,35,0.000000375792
state_senate_2022,LEXINGTON - BUSH RIVER,18,1.000000000000
state_senate_2022,NEWBERRY - BUSH RIVER,9,0.000000022457
state_senate_2022,NEWBERRY - BUSH RIVER,18,0.999999977543
state_senate_2022,BERKELEY - BUSHY PARK,37,1.000000000000
state_senate_2022,DORCHESTER - BUTTERNUT,38,1.000000000000
state_senate_2022,SPARTANBURG - C.C. WOODSON RECREATION,11,1.000000000000
state_senate_2022,WILLIAMSBURG - CADES,32,1.000000000000
state_senate_2022,BERKELEY - CAINHOY,32,0.000325218286
state_senate_2022,BERKELEY - CAINHOY,37,0.999674781714
state_senate_2022,PICKENS - CALHOUN,1,1.000000000000
state_senate_2022,ABBEVILLE - CALHOUN FALLS,4,0.999999999849
state_senate_2022,ABBEVILLE - CALHOUN FALLS,25,0.000000000151
state_senate_2022,GREENWOOD - CALLISON,10,0.999999989172
state_senate_2022,GREENWOOD - CALLISON,25,0.000000010828
state_senate_2022,KERSHAW - CAMDEN NO. 1,35,1.000000000000
state_senate_2022,KERSHAW - CAMDEN NO. 2,35,1.000000000000
state_senate_2022,KERSHAW - CAMDEN NO. 5,27,0.999999980930
state_senate_2022,KERSHAW - CAMDEN NO. 5,35,0.000000019070
state_senate_2022,KERSHAW - CAMDEN NO. 5-A,27,0.997689950766
state_senate_2022,KERSHAW - CAMDEN NO. 5-A,35,0.002310049234
state_senate_2022,KERSHAW - CAMDEN NO. 6,35,1.000000000000
state_senate_2022,CALHOUN - CAMERON,36,0.999999999807
state_senate_2022,CALHOUN - CAMERON,39,0.000000000193
state_senate_2022,SPARTANBURG - CANAAN,12,1.000000000000
state_senate_2022,COLLETON - CANADYS,41,1.000000000000
state_senate_2022,BERKELEY - CANE BAY,39,1.000000000000
state_senate_2022,BERKELEY - CANE BAY EAST,39,1.000000000000
state_senate_2022,BERKELEY - CANE BAY NORTH,37,0.000021455250
state_senate_2022,BERKELEY - CANE BAY NORTH,39,0.999978544750
state_senate_2022,BERKELEY - CANE BAY SOUTH,39,1.000000000000
state_senate_2022,GREENVILLE - CANEBRAKE,6,0.001160270638
state_senate_2022,GREENVILLE - CANEBRAKE,12,0.998839729362
state_senate_2022,YORK - CANNON MILL,15,1.000000000000
state_senate_2022,SPARTANBURG - CANNONS ELEMENTARY,13,1.000000000000
state_senate_2022,UNION - CARLISLE,9,0.999365587192
state_senate_2022,UNION - CARLISLE,17,0.000634412808
state_senate_2022,SPARTANBURG - CARLISLE FOSTERS GROVE,14,1.000000000000
state_senate_2022,SPARTANBURG - CARLISLE WESLEYAN,11,1.000000000000
state_senate_2022,BERKELEY - CARNES CROSS ROAD 1,37,0.998176861152
state_senate_2022,BERKELEY - CARNES CROSS ROAD 1,39,0.001823138848
state_senate_2022,BERKELEY - CARNES CROSS ROADS 2,37,0.000000016566
state_senate_2022,BERKELEY - CARNES CROSS ROADS 2,39,0.999999983434
state_senate_2022,DILLON - CAROLINA,29,0.000000057082
state_senate_2022,DILLON - CAROLINA,30,0.999999942918
state_senate_2022,DORCHESTER - CAROLINA,38,0.991656067993
state_senate_2022,DORCHESTER - CAROLINA,39,0.008343932007
state_senate_2022,GREENVILLE - CAROLINA,3,0.001056719750
state_senate_2022,GREENVILLE - CAROLINA,4,0.000006215965
state_senate_2022,GREENVILLE - CAROLINA,7,0.998937064284
state_senate_2022,YORK - CAROLINA,16,1.000000000000
state_senate_2022,HORRY - CAROLINA BAYS,28,1.000000000000
state_senate_2022,HORRY - CAROLINA FOREST 1,28,1.000000000000
state_senate_2022,HORRY - CAROLINA FOREST 2,28,1.000000000000
state_senate_2022,LEXINGTON - CAROLINA SPRINGS,23,1.000000000000
state_senate_2022,FLORENCE - CARTERSVILLE,29,0.001742978457
state_senate_2022,FLORENCE - CARTERSVILLE,31,0.998257021543
state_senate_2022,GEORGETOWN - CARVERS BAY,32,1.000000000000
state_senate_2022,CHESTERFIELD - CASH,27,0.000526010965
state_senate_2022,CHESTERFIELD - CASH,29,0.999473989035
state_senate_2022,KERSHAW - CASSATT,27,0.000000140969
state_senate_2022,KERSHAW - CASSATT,35,0.999999859031
state_senate_2022,GREENVILLE - CASTLE ROCK,5,1.000000000000
state_senate_2022,YORK - CATAWBA,17,1.000000000000
state_senate_2022,RICHLAND - CAUGHMAN ROAD,21,1.000000000000
state_senate_2022,SUMTER - CAUSEWAY BRANCH 1,35,0.054609784108
state_senate_2022,SUMTER - CAUSEWAY BRANCH 1,36,0.945390215892
state_senate_2022,SUMTER - CAUSEWAY BRANCH 2,36,1.000000000000
state_senate_2022,SPARTANBURG - CAVINS HOBBYSVILLE,13,1.000000000000
state_senate_2022,LEXINGTON - CAYCE 2A,23,0.036763790228
state_senate_2022,LEXINGTON - CAYCE 2A,26,0.963236209772
state_senate_2022,LEXINGTON - CAYCE WARD NO. 1,26,1.000000000000
state_senate_2022,LEXINGTON - CAYCE WARD NO. 2,21,0.000685658175
state_senate_2022,LEXINGTON - CAYCE WARD NO. 2,26,0.999314341825
state_senate_2022,LEXINGTON - CAYCE WARD NO. 3,26,1.000000000000
state_senate_2022,LEE - CEDAR CREEK,29,0.008456244886
state_senate_2022,LEE - CEDAR CREEK,35,0.991543755114
state_senate_2022,ANDERSON - CEDAR GROVE,4,1.000000000000
state_senate_2022,HORRY - CEDAR GROVE,32,1.000000000000
state_senate_2022,PICKENS - CEDAR ROCK,2,1.000000000000
state_senate_2022,WILLIAMSBURG - CEDAR SWAMP,32,1.000000000000
state_senate_2022,LEXINGTON - CEDARCREST,23,1.000000000000
state_senate_2022,YORK - CELANESE,15,0.999990291286
state_senate_2022,YORK - CELANESE,17,0.000009708714
state_senate_2022,MARION - CENTENARY,30,1.000000000000
state_senate_2022,SALUDA - CENTENNIAL,10,0.999999949292
state_senate_2022,SALUDA - CENTENNIAL,18,0.000000004876
state_senate_2022,SALUDA - CENTENNIAL,25,0.000000045832
state_senate_2022,CHESTERFIELD - CENTER GROVE-WINZO,27,1.000000000000
state_senate_2022,CALHOUN - CENTER HILL,26,0.999999907674
state_senate_2022,CALHOUN - CENTER HILL,40,0.000000092326
state_senate_2022,ANDERSON - CENTER ROCK,3,0.999999920691
state_senate_2022,ANDERSON - CENTER ROCK,4,0.000000079309
state_senate_2022,FAIRFIELD - CENTERVILLE,17,0.999994772617
state_senate_2022,FAIRFIELD - CENTERVILLE,22,0.000001483047
state_senate_2022,FAIRFIELD - CENTERVILLE,27,0.000003744335
state_senate_2022,ANDERSON - CENTERVILLE STATION A,3,1.000000000000
state_senate_2022,ANDERSON - CENTERVILLE STATION B,3,0.999999681645
state_senate_2022,ANDERSON - CENTERVILLE STATION B,4,0.000000318355
state_senate_2022,BERKELEY - CENTRAL,37,0.000000583581
state_senate_2022,BERKELEY - CENTRAL,39,0.999999416419
state_senate_2022,DORCHESTER - CENTRAL,38,1.000000000000
state_senate_2022,WILLIAMSBURG - CENTRAL,32,1.000000000000
state_senate_2022,DORCHESTER - CENTRAL 2,38,1.000000000000
state_senate_2022,LEXINGTON - CHALK HILL,21,0.001584928834
state_senate_2022,LEXINGTON - CHALK HILL,23,0.000583709633
state_senate_2022,LEXINGTON - CHALK HILL,26,0.997831361533
state_senate_2022,LEXINGTON - CHALLEDON,18,0.008400468130
state_senate_2022,LEXINGTON - CHALLEDON,19,0.000001441789
state_senate_2022,LEXINGTON - CHALLEDON,26,0.991598090081
state_senate_2022,LEXINGTON - CHAPIN,18,1.000000000000
state_senate_2022,SPARTANBURG - CHAPMAN HIGH SCHOOL,11,1.000000000000
state_senate_2022,NEWBERRY - CHAPPELLS,9,0.000000003465
state_senate_2022,NEWBERRY - CHAPPELLS,10,0.000000010310
state_senate_2022,NEWBERRY - CHAPPELLS,18,0.999999986225
state_senate_2022,CHARLESTON - CHARLESTON 1,43,1.000000000000
state_senate_2022,CHARLESTON - CHARLESTON 10,20,1.000000000000
state_senate_2022,CHARLESTON - CHARLESTON 11,20,1.000000000000
state_senate_2022,CHARLESTON - CHARLESTON 12,20,0.999999687242
state_senate_2022,CHARLESTON - CHARLESTON 12,42,0.000000312758
state_senate_2022,CHARLESTON - CHARLESTON 13,20,1.000000000000
state_senate_2022,CHARLESTON - CHARLESTON 14,20,0.999999286928
state_senate_2022,CHARLESTON - CHARLESTON 14,42,0.000000713072
state_senate_2022,CHARLESTON - CHARLESTON 15,20,0.000000265612
state_senate_2022,CHARLESTON - CHARLESTON 15,42,0.953989361489
state_senate_2022,CHARLESTON - CHARLESTON 15,44,0.046010372899
state_senate_2022,CHARLESTON - CHARLESTON 16,42,1.000000000000
state_senate_2022,CHARLESTON - CHARLESTON 17,20,0.000002122019
state_senate_2022,CHARLESTON - CHARLESTON 17,42,0.999997877981
state_senate_2022,CHARLESTON - CHARLESTON 18,42,1.000000000000
state_senate_2022,CHARLESTON - CHARLESTON 19,42,1.000000000000
state_senate_2022,CHARLESTON - CHARLESTON 2,43,1.000000000000
state_senate_2022,CHARLESTON - CHARLESTON 20,42,1.000000000000
state_senate_2022,CHARLESTON - CHARLESTON 21,20,0.000000272430
state_senate_2022,CHARLESTON - CHARLESTON 21,42,0.999999727570
state_senate_2022,CHARLESTON - CHARLESTON 3,20,1.000000000000
state_senate_2022,CHARLESTON - CHARLESTON 4,20,1.000000000000
state_senate_2022,CHARLESTON - CHARLESTON 5,20,1.000000000000
state_senate_2022,CHARLESTON - CHARLESTON 6,20,1.000000000000
state_senate_2022,CHARLESTON - CHARLESTON 7,20,1.000000000000
state_senate_2022,CHARLESTON - CHARLESTON 8,20,0.999999755920
state_senate_2022,CHARLESTON - CHARLESTON 8,42,0.000000244080
state_senate_2022,CHARLESTON - CHARLESTON 9,20,1.000000000000
state_senate_2022,KERSHAW - CHARLOTTE THOMPSON,35,1.000000000000
state_senate_2022,CHESTERFIELD - CHERAW NO. 1,29,1.000000000000
state_senate_2022,CHESTERFIELD - CHERAW NO. 2,29,1.000000000000
state_senate_2022,CHESTERFIELD - CHERAW NO. 3,27,0.002448672699
state_senate_2022,CHESTERFIELD - CHERAW NO. 3,29,0.997551327301
state_senate_2022,CHESTERFIELD - CHERAW NO. 4,27,0.004426973898
state_senate_2022,CHESTERFIELD - CHERAW NO. 4,29,0.995573026102
state_senate_2022,SPARTANBURG - CHEROKEE SPRINGS FIRE STATION,14,1.000000000000
state_senate_2022,HORRY - CHERRY GROVE 1,28,1.000000000000
state_senate_2022,HORRY - CHERRY GROVE 2,28,1.000000000000
state_senate_2022,SUMTER - CHERRYVALE,35,1.000000000000
state_senate_2022,SPARTANBURG - CHESNEE ELEMENTARY,14,1.000000000000
state_senate_2022,CHESTER - CHESTER WARD 1,17,1.000000000000
state_senate_2022,CHESTER - CHESTER WARD 2,17,1.000000000000
state_senate_2022,CHESTER - CHESTER WARD 3,17,1.000000000000
state_senate_2022,CHESTER - CHESTER WARD 4,17,1.000000000000
state_senate_2022,CHESTER - CHESTER WARD 5,17,1.000000000000
state_senate_2022,GREENVILLE - CHESTNUT HILLS,7,0.998879983095
state_senate_2022,GREENVILLE - CHESTNUT HILLS,8,0.001120016905
state_senate_2022,SPARTANBURG - CHESTNUT LAKE,11,1.000000000000
state_senate_2022,ANDERSON - CHIQUOLA MILL,4,1.000000000000
state_senate_2022,GEORGETOWN - CHOPPEE,32,1.000000000000
state_senate_2022,CHARLESTON - CHRIST CHURCH,32,0.999288671071
state_senate_2022,CHARLESTON - CHRIST CHURCH,37,0.000711325597
state_senate_2022,CHARLESTON - CHRIST CHURCH,43,0.000000003332
state_senate_2022,GREENVILLE - CIRCLE CREEK,8,0.000046037994
state_senate_2022,GREENVILLE - CIRCLE CREEK,12,0.997151564528
state_senate_2022,GREENVILLE - CIRCLE CREEK,13,0.002802397479
state_senate_2022,GREENWOOD - CIVIC CENTER,10,1.000000000000
state_senate_2022,MCCORMICK - CLARKS HILL,25,1.000000000000
state_senate_2022,FLORENCE - CLAUSSEN,31,1.000000000000
state_senate_2022,GREENVILLE - CLEAR CREEK,5,1.000000000000
state_senate_2022,DORCHESTER - CLEMSON,38,1.000000000000
state_senate_2022,PICKENS - CLEMSON,1,0.998003094923
state_senate_2022,PICKENS - CLEMSON,2,0.000000458242
state_senate_2022,PICKENS - CLEMSON,3,0.001996446836
state_senate_2022,DORCHESTER - CLEMSON 2,38,1.000000000000
state_senate_2022,DORCHESTER - CLEMSON 3,38,1.000000000000
state_senate_2022,SPARTANBURG - CLIFTON GLENDALE,13,1.000000000000
state_senate_2022,MARLBORO - CLIO,29,0.999985819884
state_senate_2022,MARLBORO - CLIO,30,0.000014180116
state_senate_2022,YORK - CLOVER,14,1.000000000000
state_senate_2022,DORCHESTER - COASTAL,38,0.997304745987
state_senate_2022,DORCHESTER - COASTAL,42,0.002695254013
state_senate_2022,DORCHESTER - COASTAL 2,38,0.999331978322
state_senate_2022,DORCHESTER - COASTAL 2,42,0.000668021678
state_senate_2022,DORCHESTER - COASTAL 3,38,1.000000000000
state_senate_2022,HORRY - COASTAL CAROLINA,33,1.000000000000
state_senate_2022,HORRY - COASTAL LANE 1,33,1.000000000000
state_senate_2022,HORRY - COASTAL LANE 2,33,1.000000000000
state_senate_2022,BERKELEY - COBBLESTONE,37,0.000004376768
state_senate_2022,BERKELEY - COBBLESTONE,39,0.999995623232
state_senate_2022,GREENWOOD - COKESBURY,10,1.000000000000
state_senate_2022,ABBEVILLE - COLD SPRINGS,4,0.999182433812
state_senate_2022,ABBEVILLE - COLD SPRINGS,10,0.000817566188
state_senate_2022,LEXINGTON - COLDSTREAM,18,1.000000000000
state_senate_2022,FLORENCE - COLES CROSSROADS,30,0.000004389814
state_senate_2022,FLORENCE - COLES CROSSROADS,31,0.999995610186
state_senate_2022,RICHLAND - COLLEGE PLACE,19,0.999594829149
state_senate_2022,RICHLAND - COLLEGE PLACE,21,0.000405170851
state_senate_2022,BAMBERG - COLSTON,40,1.000000000000
state_senate_2022,ANDERSON - CONCRETE,3,1.000000000000
state_senate_2022,GREENVILLE - CONESTEE,7,1.000000000000
state_senate_2022,LEXINGTON - CONGAREE 2,23,1.000000000000
state_senate_2022,LEXINGTON - CONGAREE 1,23,1.000000000000
state_senate_2022,NEWBERRY - CONSOLIDATED NUMBER 5,18,1.000000000000
state_senate_2022,SPARTANBURG - CONVERSE,13,1.000000000000
state_senate_2022,SPARTANBURG - CONVERSE FIRE STATION,13,1.000000000000
state_senate_2022,HORRY - COOL SPRINGS,28,1.000000000000
state_senate_2022,SPARTANBURG - COOLEY SPRINGS BAPTIST,11,1.000000000000
state_senate_2022,RICHLAND - COOPER,22,0.999938199517
state_senate_2022,RICHLAND - COOPER,35,0.000061800483
state_senate_2022,DORCHESTER - COOSAW,41,0.988760521733
state_senate_2022,DORCHESTER - COOSAW,42,0.011239478267
state_senate_2022,DORCHESTER - COOSAW 2,41,1.000000000000
state_senate_2022,DORCHESTER - COOSAW 3,41,1.000000000000
state_senate_2022,JASPER - COOSAWHATCHIE,45,1.000000000000
state_senate_2022,ORANGEBURG - COPE,40,1.000000000000
state_senate_2022,BERKELEY - CORDESVILLE,37,1.000000000000
state_senate_2022,ORANGEBURG - CORDOVA 1,40,1.000000000000
state_senate_2022,ORANGEBURG - CORDOVA 2,40,1.000000000000
state_senate_2022,SPARTANBURG - CORNERSTONE BAPTIST,11,1.000000000000
state_senate_2022,GREENWOOD - CORONACA,9,0.000000002293
state_senate_2022,GREENWOOD - CORONACA,10,0.999999997707
state_senate_2022,COLLETON - COTTAGEVILLE,41,1.000000000000
state_senate_2022,YORK - COTTON BELT,14,1.000000000000
state_senate_2022,CHESTERFIELD - COURTHOUSE,27,0.998541038991
state_senate_2022,CHESTERFIELD - COURTHOUSE,29,0.001458961009
state_senate_2022,FLORENCE - COWARD 1,31,1.000000000000
state_senate_2022,FLORENCE - COWARD 2,31,1.000000000000
state_senate_2022,SPARTANBURG - COWPENS,14,1.000000000000
state_senate_2022,ANDERSON - COXS CREEK,3,1.000000000000
state_senate_2022,ANDERSON - CRAYTONVILLE,4,1.000000000000
state_senate_2022,HORRY - CRESCENT,28,1.000000000000
state_senate_2022,YORK - CRESCENT,16,1.000000000000
state_senate_2022,PICKENS - CRESCENT HILL,2,1.000000000000
state_senate_2022,CALHOUN - CRESTON,36,1.000000000000
state_senate_2022,PICKENS - CRESTVIEW,2,0.997820443499
state_senate_2022,PICKENS - CRESTVIEW,3,0.002179556501
state_senate_2022,HAMPTON - CROCKETVILLE-MILEY,40,0.000000001609
state_senate_2022,HAMPTON - CROCKETVILLE-MILEY,45,0.999999998391
state_senate_2022,SPARTANBURG - CROFT BAPTIST,13,1.000000000000
state_senate_2022,LEXINGTON - CROMER,23,0.999997567786
state_senate_2022,LEXINGTON - CROMER,26,0.000002432214
state_senate_2022,BERKELEY - CROSS,32,0.000002496807
state_senate_2022,BERKELEY - CROSS,37,0.999997503193
state_senate_2022,SPARTANBURG - CROSS ANCHOR FIRE STATION,13,1.000000000000
state_senate_2022,UNION - CROSS KEYS,13,1.000000000000
state_senate_2022,PICKENS - CROSSROADS,2,1.000000000000
state_senate_2022,PICKENS - CROSSWELL,2,0.999686273937
state_senate_2022,PICKENS - CROSSWELL,7,0.000313726063
state_senate_2022,SUMTER - CROSSWELL,35,0.000000058695
state_senate_2022,SUMTER - CROSSWELL,36,0.999999941305
state_senate_2022,SPARTANBURG - CUDD MEMORIAL,13,1.000000000000
state_senate_2022,HAMPTON - CUMMINGS,45,1.000000000000
state_senate_2022,BERKELEY - CYPRESS,37,1.000000000000
state_senate_2022,DORCHESTER - CYPRESS,38,0.999999999838
state_senate_2022,DORCHESTER - CYPRESS,41,0.000000000162
state_senate_2022,LEE - CYPRESS,29,0.999823122061
state_senate_2022,LEE - CYPRESS,35,0.000176877939
state_senate_2022,DORCHESTER - CYPRESS 2,38,1.000000000000
state_senate_2022,SPARTANBURG - D. R. HILL MIDDLE SCHOOL,5,0.000000680290
state_senate_2022,SPARTANBURG - D. R. HILL MIDDLE SCHOOL,12,0.999999319710
state_senate_2022,PICKENS - DACUSVILLE,2,0.998316277315
state_senate_2022,PICKENS - DACUSVILLE,6,0.001683722685
state_senate_2022,HORRY - DAISY,28,1.000000000000
state_senate_2022,SUMTER - DALZELL 1,35,1.000000000000
state_senate_2022,SUMTER - DALZELL 2,35,1.000000000000
state_senate_2022,BERKELEY - DANIEL ISLAND 1,37,0.000002585667
state_senate_2022,BERKELEY - DANIEL ISLAND 1,44,0.999997414333
state_senate_2022,BERKELEY - DANIEL ISLAND 2,37,0.000000173393
state_senate_2022,BERKELEY - DANIEL ISLAND 2,42,0.020676617195
state_senate_2022,BERKELEY - DANIEL ISLAND 2,44,0.979323209412
state_senate_2022,BERKELEY - DANIEL ISLAND 3,42,0.002570340165
state_senate_2022,BERKELEY - DANIEL ISLAND 3,44,0.997429659835
state_senate_2022,BERKELEY - DANIEL ISLAND 4,37,0.000000236305
state_senate_2022,BERKELEY - DANIEL ISLAND 4,44,0.999999763695
state_senate_2022,SPARTANBURG - DANIEL MORGAN TECHNOLOGY CENTER,13,1.000000000000
state_senate_2022,GREENVILLE - DARBY RIDGE,5,0.999602510663
state_senate_2022,GREENVILLE - DARBY RIDGE,6,0.000397489337
state_senate_2022,DARLINGTON - DARLINGTON NO. 1,29,1.000000000000
state_senate_2022,DARLINGTON - DARLINGTON NO. 2,29,1.000000000000
state_senate_2022,DARLINGTON - DARLINGTON NO. 3,29,1.000000000000
state_senate_2022,DARLINGTON - DARLINGTON NO. 4,29,0.990205290066
state_senate_2022,DARLINGTON - DARLINGTON NO. 4,30,0.009794709934
state_senate_2022,DARLINGTON - DARLINGTON NO. 5,29,0.999858173083
state_senate_2022,DARLINGTON - DARLINGTON NO. 5,30,0.000141826917
state_senate_2022,DARLINGTON - DARLINGTON NO. 6,29,1.000000000000
state_senate_2022,CHARLESTON - DEER PARK 1A,42,1.000000000000
state_senate_2022,CHARLESTON - DEER PARK 1B,38,0.000304992103
state_senate_2022,CHARLESTON - DEER PARK 1B,42,0.994251344282
state_senate_2022,CHARLESTON - DEER PARK 1B,44,0.005443663616
state_senate_2022,CHARLESTON - DEER PARK 2A,42,1.000000000000
state_senate_2022,CHARLESTON - DEER PARK 2B,42,0.987275259582
state_senate_2022,CHARLESTON - DEER PARK 2B,44,0.012724740418
state_senate_2022,CHARLESTON - DEER PARK 2C,42,1.000000000000
state_senate_2022,CHARLESTON - DEER PARK 3,42,1.000000000000
state_senate_2022,HORRY - DEERFIELD,34,1.000000000000
state_senate_2022,GREENVILLE - DEL NORTE,6,1.000000000000
state_senate_2022,SUMTER - DELAINE,21,0.000343891735
state_senate_2022,SUMTER - DELAINE,35,0.999656108265
state_senate_2022,DORCHESTER - DELEMARS,41,0.999999999624
state_senate_2022,DORCHESTER - DELEMARS,45,0.000000000376
state_senate_2022,FLORENCE - DELMAE 1,31,1.000000000000
state_senate_2022,FLORENCE - DELMAE 2,31,1.000000000000
state_senate_2022,YORK - DELPHIA,15,1.000000000000
state_senate_2022,RICHLAND - DENNYSIDE,19,1.000000000000
state_senate_2022,RICHLAND - DENTSVILLE,19,0.000222684876
state_senate_2022,RICHLAND - DENTSVILLE,21,0.999767579211
state_senate_2022,RICHLAND - DENTSVILLE,22,0.000009735913
state_senate_2022,ANDERSON - DENVER-SANDY SPRINGS,3,1.000000000000
state_senate_2022,GREENVILLE - DEVENGER,6,0.998858103092
state_senate_2022,GREENVILLE - DEVENGER,8,0.001141896908
state_senate_2022,BERKELEY - DEVON FOREST 1,37,0.000015593381
state_senate_2022,BERKELEY - DEVON FOREST 1,39,0.999984406619
state_senate_2022,BERKELEY - DEVON FOREST 2,39,0.999988687689
state_senate_2022,BERKELEY - DEVON FOREST 2,44,0.000011312311
state_senate_2022,BERKELEY - DISCOVERY,44,1.000000000000
state_senate_2022,CALHOUN - DIXIE,26,0.999999950970
state_senate_2022,CALHOUN - DIXIE,40,0.000000049030
state_senate_2022,KERSHAW - DOBYS MILL,27,0.000000017724
state_senate_2022,KERSHAW - DOBYS MILL,35,0.999999982276
state_senate_2022,YORK - DOBYS BRIDGE,16,1.000000000000
state_senate_2022,HORRY - DOGBLUFF,30,1.000000000000
state_senate_2022,HORRY - DOGWOOD,28,1.000000000000
state_senate_2022,ABBEVILLE - DONALDS,4,1.000000000000
state_senate_2022,GREENVILLE - DONALDSON,7,0.999931458017
state_senate_2022,GREENVILLE - DONALDSON,9,0.000068541983
state_senate_2022,DORCHESTER - DORCHESTER,38,1.000000000000
state_senate_2022,DORCHESTER - DORCHESTER 2,38,1.000000000000
state_senate_2022,GREENVILLE - DOVE TREE,6,0.002933012883
state_senate_2022,GREENVILLE - DOVE TREE,8,0.997066987117
state_senate_2022,DARLINGTON - DOVESVILLE,29,1.000000000000
state_senate_2022,SPARTANBURG - DRAYTON,13,1.000000000000
state_senate_2022,CHEROKEE - DRAYTONVILLE,14,1.000000000000
state_senate_2022,GEORGETOWN - DREAMKEEPERS,32,1.000000000000
state_senate_2022,LEXINGTON - DREHER ISLAND,18,1.000000000000
state_senate_2022,CHESTERFIELD - DUDLEY-MANGUM,27,1.000000000000
state_senate_2022,ABBEVILLE - DUE WEST,4,0.999313160450
state_senate_2022,ABBEVILLE - DUE WEST,10,0.000686839550
state_senate_2022,SPARTANBURG - DUNCAN UNITED METHODIST,5,0.000000013299
state_senate_2022,SPARTANBURG - DUNCAN UNITED METHODIST,12,0.999999986701
state_senate_2022,HORRY - DUNES 1,28,0.000000061781
state_senate_2022,HORRY - DUNES 1,33,0.999999938219
state_senate_2022,HORRY - DUNES 2,28,1.000000000000
state_senate_2022,HORRY - DUNES 3,28,1.000000000000
state_senate_2022,GREENVILLE - DUNKLIN,4,0.000258410153
state_senate_2022,GREENVILLE - DUNKLIN,9,0.999741589847
state_senate_2022,RICHLAND - DUTCH FORK 1,18,1.000000000000
state_senate_2022,RICHLAND - DUTCH FORK 2,18,0.999752861845
state_senate_2022,RICHLAND - DUTCH FORK 2,19,0.000247138155
state_senate_2022,RICHLAND - DUTCH FORK 3,18,1.000000000000
state_senate_2022,RICHLAND - DUTCH FORK 4,18,1.000000000000
state_senate_2022,FAIRFIELD - DUTCHMAN CREEK,17,0.999996698737
state_senate_2022,FAIRFIELD - DUTCHMAN CREEK,27,0.000003301263
state_senate_2022,LEXINGTON - DUTCHMAN SHORES,18,1.000000000000
state_senate_2022,SPARTANBURG - E.P. TODD ELEMENTARY,13,1.000000000000
state_senate_2022,BERKELEY - EADYTOWN,32,1.000000000000
state_senate_2022,WILLIAMSBURG - EARLES,32,1.000000000000
state_senate_2022,HAMPTON - EARLY BRANCH,45,1.000000000000
state_senate_2022,PICKENS - EASLEY,2,1.000000000000
state_senate_2022,MARLBORO - EAST BENNETTSVILLE,29,1.000000000000
state_senate_2022,HORRY - EAST CONWAY,28,0.000000028874
state_senate_2022,HORRY - EAST CONWAY,33,0.999999971126
state_senate_2022,BAMBERG - EAST DENMARK,40,1.000000000000
state_senate_2022,DILLON - EAST DILLON,30,1.000000000000
state_senate_2022,RICHLAND - EAST FOREST ACRES,22,1.000000000000
state_senate_2022,PICKENS - EAST LIBERTY,2,1.000000000000
state_senate_2022,HORRY - EAST LORIS,30,1.000000000000
state_senate_2022,MARLBORO - EAST MCCOLL,29,1.000000000000
state_senate_2022,PICKENS - EAST PICKENS,2,1.000000000000
state_senate_2022,RICHLAND - EASTOVER,21,0.999999974775
state_senate_2022,RICHLAND - EASTOVER,35,0.000000025225
state_senate_2022,GREENVILLE - EASTSIDE,6,1.000000000000
state_senate_2022,SPARTANBURG - EASTSIDE BAPTIST,13,1.000000000000
state_senate_2022,GREENVILLE - EBENEZER,2,0.000200838528
state_senate_2022,GREENVILLE - EBENEZER,5,0.017734190100
state_senate_2022,GREENVILLE - EBENEZER,6,0.982064971371
state_senate_2022,HORRY - EBENEZER,28,1.000000000000
state_senate_2022,YORK - EBENEZER,15,1.000000000000
state_senate_2022,FLORENCE - EBENEZER 1,31,1.000000000000
state_senate_2022,SUMTER - EBENEZER 1,35,0.999797530987
state_senate_2022,SUMTER - EBENEZER 1,36,0.000202469013
state_senate_2022,FLORENCE - EBENEZER 2,31,1.000000000000
state_senate_2022,SUMTER - EBENEZER 2,35,0.999782237504
state_senate_2022,SUMTER - EBENEZER 2,36,0.000217762496
state_senate_2022,FLORENCE - EBENEZER 3,31,1.000000000000
state_senate_2022,YORK - EBINPORT,15,1.000000000000
state_senate_2022,LEXINGTON - EDENWOOD,26,1.000000000000
state_senate_2022,EDGEFIELD - EDGEFIELD NO. 2,25,1.000000000000
state_senate_2022,EDGEFIELD - EDGEFIELD NO. 1,25,1.000000000000
state_senate_2022,CHESTER - EDGEMOOR,17,1.000000000000
state_senate_2022,RICHLAND - EDGEWOOD,21,1.000000000000
state_senate_2022,YORK - EDGEWOOD,17,1.000000000000
state_senate_2022,ANDERSON - EDGEWOOD STATION A,3,1.000000000000
state_senate_2022,ANDERSON - EDGEWOOD STATION B,3,1.000000000000
state_senate_2022,BAMBERG - EDISTO,39,0.000003479318
state_senate_2022,BAMBERG - EDISTO,40,0.999996520682
state_senate_2022,COLLETON - EDISTO,39,0.000000050007
state_senate_2022,COLLETON - EDISTO,40,0.996779424364
state_senate_2022,COLLETON - EDISTO,41,0.003220525629
state_senate_2022,ORANGEBURG - EDISTO,40,1.000000000000
state_senate_2022,COLLETON - EDISTO BEACH,43,1.000000000000
state_senate_2022,CHARLESTON - EDISTO ISLAND,43,0.999870905848
state_senate_2022,CHARLESTON - EDISTO ISLAND,45,0.000129094152
state_senate_2022,LEXINGTON - EDMUND 2,23,1.000000000000
state_senate_2022,LEXINGTON - EDMUND 1,23,1.000000000000
state_senate_2022,GREENVILLE - EDWARDS FOREST,5,0.999165882318
state_senate_2022,GREENVILLE - EDWARDS FOREST,6,0.000834117682
state_senate_2022,FLORENCE - EFFINGHAM,31,1.000000000000
state_senate_2022,BAMBERG - EHRHARDT,40,1.000000000000
state_senate_2022,KERSHAW - ELGIN NO. 1,35,1.000000000000
state_senate_2022,KERSHAW - ELGIN NO. 2,27,0.999829286390
state_senate_2022,KERSHAW - ELGIN NO. 2,35,0.000170713610
state_senate_2022,KERSHAW - ELGIN NO. 3,35,1.000000000000
state_senate_2022,KERSHAW - ELGIN NO. 4,27,0.999999996318
state_senate_2022,KERSHAW - ELGIN NO. 4,35,0.000000003682
state_senate_2022,KERSHAW - ELGIN NO. 5,22,0.005101412465
state_senate_2022,KERSHAW - ELGIN NO. 5,35,0.994898587535
state_senate_2022,KERSHAW - ELGIN NO. 6,27,0.000001073975
state_senate_2022,KERSHAW - ELGIN NO. 6,35,0.999998926025
state_senate_2022,FLORENCE - ELIM-GLENWOOD,31,1.000000000000
state_senate_2022,BARNWELL - ELKO,40,1.000000000000
state_senate_2022,LEE - ELLIOTT,29,1.000000000000
state_senate_2022,ORANGEBURG - ELLOREE 1,36,1.000000000000
state_senate_2022,ORANGEBURG - ELLOREE 2,36,1.000000000000
state_senate_2022,GREENWOOD - EMERALD,10,1.000000000000
state_senate_2022,HORRY - EMERALD FOREST 1,28,1.000000000000
state_senate_2022,HORRY - EMERALD FOREST 2,28,0.000000000247
state_senate_2022,HORRY - EMERALD FOREST 2,33,0.999999999753
state_senate_2022,HORRY - EMERALD FOREST 3,28,0.999998772035
state_senate_2022,HORRY - EMERALD FOREST 3,33,0.000001227965
state_senate_2022,GREENWOOD - EMERALD HIGH,10,1.000000000000
state_senate_2022,LEXINGTON - EMMANUEL CHURCH,23,1.000000000000
state_senate_2022,GREENVILLE - ENOREE,2,0.000061018258
state_senate_2022,GREENVILLE - ENOREE,6,0.999938981742
state_senate_2022,SPARTANBURG - ENOREE FIRST BAPTIST,13,1.000000000000
state_senate_2022,SPARTANBURG - ENOREE RIVER,13,1.000000000000
state_senate_2022,HORRY - ENTERPRISE 1,34,1.000000000000
state_senate_2022,HORRY - ENTERPRISE 2,34,1.000000000000
state_senate_2022,GREENWOOD - EPWORTH,10,1.000000000000
state_senate_2022,RICHLAND - ESTATES,22,0.000000283835
state_senate_2022,RICHLAND - ESTATES,35,0.999999716165
state_senate_2022,HAMPTON - ESTILL,45,1.000000000000
state_senate_2022,CHESTER - EUREKA MILL,17,1.000000000000
state_senate_2022,ORANGEBURG - EUTAWVILLE 1,36,1.000000000000
state_senate_2022,ORANGEBURG - EUTAWVILLE 2,36,1.000000000000
state_senate_2022,FLORENCE - EVERGREEN,31,1.000000000000
state_senate_2022,UNION - EXCELSIOR,9,1.000000000000
state_senate_2022,CHEROKEE - EZELLS AND BUTLER,14,1.000000000000
state_senate_2022,ALLENDALE - FAIRFAX NO. 1,40,1.000000000000
state_senate_2022,ALLENDALE - FAIRFAX NO. 2,40,0.999994630961
state_senate_2022,ALLENDALE - FAIRFAX NO. 2,45,0.000005369039
state_senate_2022,SPARTANBURG - FAIRFOREST ELEMENTARY,11,1.000000000000
state_senate_2022,SPARTANBURG - FAIRGROUNDS,11,1.000000000000
state_senate_2022,YORK - FAIRGROUNDS,17,1.000000000000
state_senate_2022,GREENWOOD - FAIRHOPE FERRY,10,1.000000000000
state_senate_2022,RICHLAND - FAIRLAWN,19,1.000000000000
state_senate_2022,LEXINGTON - FAIRVIEW,23,0.998157974653
state_senate_2022,LEXINGTON - FAIRVIEW,40,0.001842025347
state_senate_2022,NEWBERRY - FAIRVIEW,10,0.000000195234
state_senate_2022,NEWBERRY - FAIRVIEW,18,0.999999804766
state_senate_2022,RICHLAND - FAIRWOLD,19,0.999889330951
state_senate_2022,RICHLAND - FAIRWOLD,21,0.000110669049
state_senate_2022,LEXINGTON - FAITH CHURCH,10,0.000000426003
state_senate_2022,LEXINGTON - FAITH CHURCH,18,0.000114726466
state_senate_2022,LEXINGTON - FAITH CHURCH,23,0.999884847530
state_senate_2022,CALHOUN - FALL BRANCH,26,1.000000000000
state_senate_2022,GREENVILLE - FEASTER,6,0.000016627006
state_senate_2022,GREENVILLE - FEASTER,8,0.998780214323
state_senate_2022,GREENVILLE - FEASTER,12,0.001203158671
state_senate_2022,FAIRFIELD - FEASTERVILLE,9,0.000061492391
state_senate_2022,FAIRFIELD - FEASTERVILLE,17,0.999877535970
state_senate_2022,FAIRFIELD - FEASTERVILLE,18,0.000060971639
state_senate_2022,YORK - FERRY BRANCH,16,0.002895539902
state_senate_2022,YORK - FERRY BRANCH,17,0.997104460098
state_senate_2022,YORK - FEWELL PARK,15,1.000000000000
state_senate_2022,YORK - FIELD DAY,15,1.000000000000
state_senate_2022,BERKELEY - FIFTY-TWO,37,1.000000000000
state_senate_2022,YORK - FILBERT,15,1.000000000000
state_senate_2022,ANDERSON - FIVE FORKS,3,1.000000000000
state_senate_2022,ANDERSON - FLAT ROCK,4,1.000000000000
state_senate_2022,PICKENS - FLAT ROCK,2,0.997371540536
state_senate_2022,PICKENS - FLAT ROCK,3,0.002628459464
state_senate_2022,FLORENCE - FLORENCE WARD 1,30,1.000000000000
state_senate_2022,FLORENCE - FLORENCE WARD 10,30,0.998228006170
state_senate_2022,FLORENCE - FLORENCE WARD 10,31,0.001771993830
state_senate_2022,FLORENCE - FLORENCE WARD 11,30,0.000144764651
state_senate_2022,FLORENCE - FLORENCE WARD 11,31,0.999855235349
state_senate_2022,FLORENCE - FLORENCE WARD 12,31,1.000000000000
state_senate_2022,FLORENCE - FLORENCE WARD 14,31,1.000000000000
state_senate_2022,FLORENCE - FLORENCE WARD 15,30,0.000004382774
state_senate_2022,FLORENCE - FLORENCE WARD 15,31,0.999995617226
state_senate_2022,FLORENCE - FLORENCE WARD 2,30,1.000000000000
state_senate_2022,FLORENCE - FLORENCE WARD 3,30,0.999998987274
state_senate_2022,FLORENCE - FLORENCE WARD 3,31,0.000001012726
state_senate_2022,FLORENCE - FLORENCE WARD 4,31,1.000000000000
state_senate_2022,FLORENCE - FLORENCE WARD 5,30,0.999999892933
state_senate_2022,FLORENCE - FLORENCE WARD 5,31,0.000000107067
state_senate_2022,FLORENCE - FLORENCE WARD 6,31,1.000000000000
state_senate_2022,FLORENCE - FLORENCE WARD 7,31,1.000000000000
state_senate_2022,FLORENCE - FLORENCE WARD 8,31,1.000000000000
state_senate_2022,FLORENCE - FLORENCE WARD 9,30,1.000000000000
state_senate_2022,DORCHESTER - FLOWERTOWN,38,1.000000000000
state_senate_2022,DORCHESTER - FLOWERTOWN 2,38,1.000000000000
state_senate_2022,DORCHESTER - FLOWERTOWN 3,38,1.000000000000
state_senate_2022,DILLON - FLOYDALE,30,1.000000000000
state_senate_2022,CHARLESTON - FOLLY BEACH 1,43,1.000000000000
state_senate_2022,CHARLESTON - FOLLY BEACH 2,43,0.999999706421
state_senate_2022,CHARLESTON - FOLLY BEACH 2,45,0.000000293579
state_senate_2022,GEORGETOWN - FOLLY GROVE,32,1.000000000000
state_senate_2022,SUMTER - FOLSOM PARK,35,0.995946311080
state_senate_2022,SUMTER - FOLSOM PARK,36,0.004053688920
state_senate_2022,PICKENS - FOREST ACRES,2,1.000000000000
state_senate_2022,HORRY - FORESTBROOK,33,0.999999097581
state_senate_2022,HORRY - FORESTBROOK,34,0.000000902419
state_senate_2022,DILLON - FORK,30,1.000000000000
state_senate_2022,ANDERSON - FORK NO. 1,3,1.000000000000
state_senate_2022,ANDERSON - FORK NO. 2,1,0.000001932511
state_senate_2022,ANDERSON - FORK NO. 2,3,0.999998067489
state_senate_2022,GREENVILLE - FORK SHOALS,9,1.000000000000
state_senate_2022,CHESTER - FORT LAWN,17,0.998884662380
state_senate_2022,CHESTER - FORT LAWN,27,0.001115337620
state_senate_2022,YORK - FORT MILL NO. 1,16,1.000000000000
state_senate_2022,YORK - FORT MILL NO. 2,16,0.999999999670
state_senate_2022,YORK - FORT MILL NO. 2,17,0.000000000330
state_senate_2022,YORK - FORT MILL NO. 3,16,1.000000000000
state_senate_2022,YORK - FORT MILL NO. 4,16,1.000000000000
state_senate_2022,YORK - FORT MILL NO. 5,16,1.000000000000
state_senate_2022,YORK - FORT MILL NO. 6,16,1.000000000000
state_senate_2022,CALHOUN - FORT MOTTE,21,0.000000002244
state_senate_2022,CALHOUN - FORT MOTTE,26,0.000000013699
state_senate_2022,CALHOUN - FORT MOTTE,35,0.000000015318
state_senate_2022,CALHOUN - FORT MOTTE,36,0.999999968739
state_senate_2022,BERKELEY - FOSTER CREEK 1,44,1.000000000000
state_senate_2022,BERKELEY - FOSTER CREEK 2,44,1.000000000000
state_senate_2022,BERKELEY - FOSTER CREEK 3,37,0.000000016112
state_senate_2022,BERKELEY - FOSTER CREEK 3,44,0.999999983888
state_senate_2022,GREENVILLE - FOUNTAIN INN 1,8,0.996884609332
state_senate_2022,GREENVILLE - FOUNTAIN INN 1,9,0.003085693479
state_senate_2022,GREENVILLE - FOUNTAIN INN 1,13,0.000029697189
state_senate_2022,GREENVILLE - FOUNTAIN INN 2,8,0.996929059503
state_senate_2022,GREENVILLE - FOUNTAIN INN 2,9,0.003070940497
state_senate_2022,DORCHESTER - FOUR HOLE,39,1.000000000000
state_senate_2022,ORANGEBURG - FOUR HOLES,39,1.000000000000
state_senate_2022,HORRY - FOUR MILE,32,1.000000000000
state_senate_2022,GREENVILLE - FOX CHASE,5,1.000000000000
state_senate_2022,BERKELEY - FOXBANK,37,1.000000000000
state_senate_2022,RICHLAND - FRIARSGATE 1,18,0.000013061531
state_senate_2022,RICHLAND - FRIARSGATE 1,19,0.999986938469
state_senate_2022,RICHLAND - FRIARSGATE 2,18,0.000002878919
state_senate_2022,RICHLAND - FRIARSGATE 2,19,0.999997121081
state_senate_2022,FLORENCE - FRIENDFIELD,31,1.000000000000
state_senate_2022,ANDERSON - FRIENDSHIP,4,0.999357414489
state_senate_2022,ANDERSON - FRIENDSHIP,9,0.000642585511
state_senate_2022,BARNWELL - FRIENDSHIP,40,1.000000000000
state_senate_2022,MARION - FRIENDSHIP,30,1.000000000000
state_senate_2022,YORK - FRIENDSHIP,16,0.001828389977
state_senate_2022,YORK - FRIENDSHIP,17,0.998171610023
state_senate_2022,GREENVILLE - FROHAWK,5,1.000000000000
state_senate_2022,SALUDA - FRUIT HILL,10,0.004067647297
state_senate_2022,SALUDA - FRUIT HILL,25,0.995932352703
state_senate_2022,PICKENS - FRUIT MOUNTAIN,2,1.000000000000
state_senate_2022,GREENVILLE - FURMAN,6,1.000000000000
state_senate_2022,HAMPTON - FURMAN,45,1.000000000000
state_senate_2022,SUMTER - FURMAN,35,0.000609962183
state_senate_2022,SUMTER - FURMAN,36,0.999390037817
state_senate_2022,SPARTANBURG - GABLE MIDDLE SCHOOL,13,1.000000000000
state_senate_2022,RICHLAND - GADSDEN,21,0.999999996433
state_senate_2022,RICHLAND - GADSDEN,36,0.000000003567
state_senate_2022,CHEROKEE - GAFFNEY WARD NO. 1,14,1.000000000000
state_senate_2022,CHEROKEE - GAFFNEY WARD NO. 2,14,1.000000000000
state_senate_2022,CHEROKEE - GAFFNEY WARD NO. 3,14,1.000000000000
state_senate_2022,CHEROKEE - GAFFNEY WARD NO. 4,14,1.000000000000
state_senate_2022,CHEROKEE - GAFFNEY WARD NO. 5,14,1.000000000000
state_senate_2022,CHEROKEE - GAFFNEY WARD NO. 6,14,1.000000000000
state_senate_2022,HORRY - GALIVANTS FERRY,30,1.000000000000
state_senate_2022,HORRY - GARDEN CITY 1,34,1.000000000000
state_senate_2022,HORRY - GARDEN CITY 2,34,1.000000000000
state_senate_2022,HORRY - GARDEN CITY 3,34,1.000000000000
state_senate_2022,HORRY - GARDEN CITY 4,34,1.000000000000
state_senate_2022,LEXINGTON - GARDENDALE,26,1.000000000000
state_senate_2022,RICHLAND - GARNERS,21,0.999999755438
state_senate_2022,RICHLAND - GARNERS,35,0.000000244562
state_senate_2022,HAMPTON - GARNETT,45,1.000000000000
state_senate_2022,LEXINGTON - GASTON 2,23,0.998849717351
state_senate_2022,LEXINGTON - GASTON 2,26,0.001150282649
state_senate_2022,LEXINGTON - GASTON 1,23,0.999925584815
state_senate_2022,LEXINGTON - GASTON 1,26,0.000074415185
state_senate_2022,PICKENS - GEORGES CREEK,2,1.000000000000
state_senate_2022,GREENWOOD - GEORGETOWN,10,1.000000000000
state_senate_2022,GEORGETOWN - GEORGETOWN NO. 1,32,1.000000000000
state_senate_2022,GEORGETOWN - GEORGETOWN NO. 3,32,1.000000000000
state_senate_2022,GEORGETOWN - GEORGETOWN NO. 4,32,1.000000000000
state_senate_2022,GEORGETOWN - GEORGETOWN NO. 5,32,0.999999983112
state_senate_2022,GEORGETOWN - GEORGETOWN NO. 5,34,0.000000016888
state_senate_2022,DORCHESTER - GERMANTOWN,38,1.000000000000
state_senate_2022,GREENWOOD - GIDEONS WAY,10,1.000000000000
state_senate_2022,HAMPTON - GIFFORD,45,1.000000000000
state_senate_2022,FLORENCE - GILBERT,30,0.999514437341
state_senate_2022,FLORENCE - GILBERT,31,0.000485562659
state_senate_2022,LEXINGTON - GILBERT,23,0.000000379228
state_senate_2022,LEXINGTON - GILBERT,25,0.999999620772
state_senate_2022,JASPER - GILLISONVILLE,45,1.000000000000
state_senate_2022,DORCHESTER - GIVHANS,41,1.000000000000
state_senate_2022,DORCHESTER - GIVHANS 2,41,1.000000000000
state_senate_2022,FAIRFIELD - GLADDEN GROVE,17,1.000000000000
state_senate_2022,PICKENS - GLASSY MOUNTAIN,2,1.000000000000
state_senate_2022,GREENWOOD - GLENDALE,10,1.000000000000
state_senate_2022,HORRY - GLENNS BAY,34,1.000000000000
state_senate_2022,ANDERSON - GLENVIEW,3,0.999674904274
state_senate_2022,ANDERSON - GLENVIEW,4,0.000325095726
state_senate_2022,ANDERSON - GLUCK MILL,4,1.000000000000
state_senate_2022,YORK - GOLD HILL,16,1.000000000000
state_senate_2022,CHEROKEE - GOUCHER AND THICKETTY,14,1.000000000000
state_senate_2022,BAMBERG - GOVAN,40,1.000000000000
state_senate_2022,GREENVILLE - GOWENSVILLE,5,1.000000000000
state_senate_2022,GREENWOOD - GRAHAMS GLEN,9,0.000000003578
state_senate_2022,GREENWOOD - GRAHAMS GLEN,10,0.999999996422
state_senate_2022,JASPER - GRAHAMVILLE 1,45,0.999999992139
state_senate_2022,JASPER - GRAHAMVILLE 1,46,0.000000007861
state_senate_2022,JASPER - GRAHAMVILLE 2,45,1.000000000000
state_senate_2022,SPARTANBURG - GRAMLING METHODIST,11,1.000000000000
state_senate_2022,GREENWOOD - GRANDIFLORA GLEN,10,1.000000000000
state_senate_2022,GREENVILLE - GRANITE CREEK,5,0.000032016610
state_senate_2022,GREENVILLE - GRANITE CREEK,6,0.005151600593
state_senate_2022,GREENVILLE - GRANITE CREEK,12,0.994816382797
state_senate_2022,CHESTERFIELD - GRANTS MILL,27,0.999723388487
state_senate_2022,CHESTERFIELD - GRANTS MILL,29,0.000276611513
state_senate_2022,CHEROKEE - GRASSY POND,14,1.000000000000
state_senate_2022,JASPER - GRAYS,45,1.000000000000
state_senate_2022,GREENVILLE - GRAZE BRANCH,8,1.000000000000
state_senate_2022,CHESTER - GREAT FALLS,17,0.997479715030
state_senate_2022,CHESTER - GREAT FALLS,27,0.002520284970
state_senate_2022,SPARTANBURG - GREATER ST. JAMES,11,1.000000000000
state_senate_2022,WILLIAMSBURG - GREELEYVILLE,32,0.999999992291
state_senate_2022,WILLIAMSBURG - GREELEYVILLE,36,0.000000007709
state_senate_2022,COLLETON - GREEN POND,43,0.535240743382
state_senate_2022,COLLETON - GREEN POND,45,0.464759256618
state_senate_2022,ANDERSON - GREEN POND STATION A,3,1.000000000000
state_senate_2022,HORRY - GREEN SEA,30,1.000000000000
state_senate_2022,SUMTER - GREEN SWAMP 1,35,0.999594379911
state_senate_2022,SUMTER - GREEN SWAMP 1,36,0.000405620089
state_senate_2022,SUMTER - GREEN SWAMP 2,35,0.010063361147
state_senate_2022,SUMTER - GREEN SWAMP 2,36,0.989936638853
state_senate_2022,GREENVILLE - GREENBRIAR,7,0.999598232945
state_senate_2022,GREENVILLE - GREENBRIAR,8,0.000401767055
state_senate_2022,FAIRFIELD - GREENBRIER,17,0.999419670181
state_senate_2022,FAIRFIELD - GREENBRIER,19,0.000005489935
state_senate_2022,FAIRFIELD - GREENBRIER,22,0.000574839884
state_senate_2022,DORCHESTER - GREENHURST,38,1.000000000000
state_senate_2022,RICHLAND - GREENVIEW,19,0.999858482890
state_senate_2022,RICHLAND - GREENVIEW,21,0.000141517110
state_senate_2022,GREENVILLE - GREENVILLE 1,6,0.999900860452
state_senate_2022,GREENVILLE - GREENVILLE 1,7,0.000099139548
state_senate_2022,GREENVILLE - GREENVILLE 10,7,0.999589182029
state_senate_2022,GREENVILLE - GREENVILLE 10,8,0.000410817971
state_senate_2022,GREENVILLE - GREENVILLE 14,7,0.997884065627
state_senate_2022,GREENVILLE - GREENVILLE 14,8,0.002115934373
state_senate_2022,GREENVILLE - GREENVILLE 16,7,0.000653988551
state_senate_2022,GREENVILLE - GREENVILLE 16,8,0.999346011449
state_senate_2022,GREENVILLE - GREENVILLE 17,7,0.003255447963
state_senate_2022,GREENVILLE - GREENVILLE 17,8,0.996744552037
state_senate_2022,GREENVILLE - GREENVILLE 18,7,0.003279606930
state_senate_2022,GREENVILLE - GREENVILLE 18,8,0.996720393070
state_senate_2022,GREENVILLE - GREENVILLE 19,7,0.998419082949
state_senate_2022,GREENVILLE - GREENVILLE 19,8,0.001580917051
state_senate_2022,GREENVILLE - GREENVILLE 20,7,0.000719430889
state_senate_2022,GREENVILLE - GREENVILLE 20,8,0.999280569111
state_senate_2022,GREENVILLE - GREENVILLE 21,7,0.003222970112
state_senate_2022,GREENVILLE - GREENVILLE 21,8,0.996777029888
state_senate_2022,GREENVILLE - GREENVILLE 22,7,0.000366958771
state_senate_2022,GREENVILLE - GREENVILLE 22,8,0.999633041229
state_senate_2022,GREENVILLE - GREENVILLE 23,7,0.000425922117
state_senate_2022,GREENVILLE - GREENVILLE 23,8,0.999574077883
state_senate_2022,GREENVILLE - GREENVILLE 24,6,0.000010387678
state_senate_2022,GREENVILLE - GREENVILLE 24,7,0.000077352964
state_senate_2022,GREENVILLE - GREENVILLE 24,8,0.999912259358
state_senate_2022,GREENVILLE - GREENVILLE 25,6,0.997909997519
state_senate_2022,GREENVILLE - GREENVILLE 25,7,0.000809714561
state_senate_2022,GREENVILLE - GREENVILLE 25,8,0.001280287921
state_senate_2022,GREENVILLE - GREENVILLE 26,6,0.000001257347
state_senate_2022,GREENVILLE - GREENVILLE 26,7,0.999998742653
state_senate_2022,GREENVILLE - GREENVILLE 27,6,0.999150940461
state_senate_2022,GREENVILLE - GREENVILLE 27,7,0.000849059539
state_senate_2022,GREENVILLE - GREENVILLE 28,7,1.000000000000
state_senate_2022,GREENVILLE - GREENVILLE 29,7,0.999445261656
state_senate_2022,GREENVILLE - GREENVILLE 29,8,0.000554738344
state_senate_2022,GREENVILLE - GREENVILLE 3,6,0.999144546446
state_senate_2022,GREENVILLE - GREENVILLE 3,7,0.000855453554
state_senate_2022,GREENVILLE - GREENVILLE 4,6,0.000023975574
state_senate_2022,GREENVILLE - GREENVILLE 4,7,0.999976024426
state_senate_2022,GREENVILLE - GREENVILLE 5,6,0.000001248122
state_senate_2022,GREENVILLE - GREENVILLE 5,7,0.999998751878
state_senate_2022,GREENVILLE - GREENVILLE 6,7,1.000000000000
state_senate_2022,GREENVILLE - GREENVILLE 7,7,1.000000000000
state_senate_2022,GREENVILLE - GREENVILLE 8,7,0.999990267818
state_senate_2022,GREENVILLE - GREENVILLE 8,8,0.000009732182
state_senate_2022,DORCHESTER - GREENWAVE,38,1.000000000000
state_senate_2022,FLORENCE - GREENWOOD,31,1.000000000000
state_senate_2022,GREENWOOD - GREENWOOD HIGH,10,1.000000000000
state_senate_2022,GREENWOOD - GREENWOOD MILL,10,1.000000000000
state_senate_2022,RICHLAND - GREGG PARK,22,0.999980100794
state_senate_2022,RICHLAND - GREGG PARK,35,0.000019899206
state_senate_2022,LEXINGTON - GRENADIER,26,1.000000000000
state_senate_2022,PICKENS - GRIFFIN,2,1.000000000000
state_senate_2022,GREENVILLE - GROVE,4,0.000429538172
state_senate_2022,GREENVILLE - GROVE,7,0.998455111768
state_senate_2022,GREENVILLE - GROVE,9,0.001115350061
state_senate_2022,DORCHESTER - GROVER,39,1.000000000000
state_senate_2022,ANDERSON - HALL,4,1.000000000000
state_senate_2022,ABBEVILLE - HALLS STORE,4,1.000000000000
state_senate_2022,CHESTER - HALSELLVILLE,17,1.000000000000
state_senate_2022,DILLON - HAMER,30,1.000000000000
state_senate_2022,ANDERSON - HAMMOND ANNEX,3,1.000000000000
state_senate_2022,ANDERSON - HAMMOND SCHOOL,3,1.000000000000
state_senate_2022,RICHLAND - HAMPTON,21,1.000000000000
state_senate_2022,YORK - HAMPTON MILL,14,1.000000000000
state_senate_2022,HAMPTON - HAMPTON NO. 1,45,1.000000000000
state_senate_2022,HAMPTON - HAMPTON NO. 2,45,1.000000000000
state_senate_2022,SUMTER - HAMPTON PARK,35,0.002383493599
state_senate_2022,SUMTER - HAMPTON PARK,36,0.997616506401
state_senate_2022,BERKELEY - HANAHAN 1,44,1.000000000000
state_senate_2022,BERKELEY - HANAHAN 2,44,1.000000000000
state_senate_2022,BERKELEY - HANAHAN 3,42,0.001899803004
state_senate_2022,BERKELEY - HANAHAN 3,44,0.998100196996
state_senate_2022,BERKELEY - HANAHAN 4,42,0.008421556251
state_senate_2022,BERKELEY - HANAHAN 4,44,0.991578443749
state_senate_2022,BERKELEY - HANAHAN 5,44,1.000000000000
state_senate_2022,YORK - HANDS MILL,15,1.000000000000
state_senate_2022,SPARTANBURG - HANGING ROCK,11,1.000000000000
state_senate_2022,FLORENCE - HANNAH,31,1.000000000000
state_senate_2022,RICHLAND - HARBISON 1,19,0.994685196054
state_senate_2022,RICHLAND - HARBISON 1,26,0.005314803946
state_senate_2022,RICHLAND - HARBISON 2,19,1.000000000000
state_senate_2022,BERKELEY - HARBOUR LAKE,44,1.000000000000
state_senate_2022,JASPER - HARDEEVILLE 3,45,1.000000000000
state_senate_2022,JASPER - HARDEEVILLE 1,45,0.999999999975
state_senate_2022,JASPER - HARDEEVILLE 1,46,0.000000000025
state_senate_2022,JASPER - HARDEEVILLE 2,45,1.000000000000
state_senate_2022,DORCHESTER - HARLEYVILLE,39,1.000000000000
state_senate_2022,EDGEFIELD - HARMONY,25,1.000000000000
state_senate_2022,WILLIAMSBURG - HARMONY,32,1.000000000000
state_senate_2022,GREENWOOD - HARRIS,10,1.000000000000
state_senate_2022,NEWBERRY - HARTFORD,18,1.000000000000
state_senate_2022,DARLINGTON - HARTSVILLE NO. 1,29,1.000000000000
state_senate_2022,DARLINGTON - HARTSVILLE NO. 4,29,1.000000000000
state_senate_2022,DARLINGTON - HARTSVILLE NO. 5,29,1.000000000000
state_senate_2022,DARLINGTON - HARTSVILLE NO. 6,29,1.000000000000
state_senate_2022,DARLINGTON - HARTSVILLE NO. 7,29,1.000000000000
state_senate_2022,DARLINGTON - HARTSVILLE NO. 8,29,1.000000000000
state_senate_2022,DARLINGTON - HARTSVILLE NO. 9,29,1.000000000000
state_senate_2022,YORK - HARVEST,15,1.000000000000
state_senate_2022,SPARTANBURG - HAYNE,11,1.000000000000
state_senate_2022,CHESTER - HAZELWOOD,17,1.000000000000
state_senate_2022,BARNWELL - HEALING SPRINGS,40,1.000000000000
state_senate_2022,SPARTANBURG - HEARON CIRCLE,11,1.000000000000
state_senate_2022,WILLIAMSBURG - HEBRON,32,0.999999306016
state_senate_2022,WILLIAMSBURG - HEBRON,36,0.000000693984
state_senate_2022,NEWBERRY - HELENA,18,1.000000000000
state_senate_2022,WILLIAMSBURG - HEMINGWAY,31,0.000002883923
state_senate_2022,WILLIAMSBURG - HEMINGWAY,32,0.999997116077
state_senate_2022,COLLETON - HENDERSONVILLE,45,1.000000000000
state_senate_2022,SPARTANBURG - HENDRIX ELEMENTARY,11,1.000000000000
state_senate_2022,WILLIAMSBURG - HENRY-POPLAR HILL,32,1.000000000000
state_senate_2022,HORRY - HICKORY GROVE,28,1.000000000000
state_senate_2022,YORK - HICKORY GROVE,14,1.000000000000
state_senate_2022,LEE - HICKORY HILL,29,0.000373442800
state_senate_2022,LEE - HICKORY HILL,35,0.999626557200
state_senate_2022,FAIRFIELD - HICKORY RIDGE,17,1.000000000000
state_senate_2022,SALUDA - HIGGINS-ZOAR,10,0.999999995062
state_senate_2022,SALUDA - HIGGINS-ZOAR,18,0.000000004938
state_senate_2022,DARLINGTON - HIGH HILL,29,0.993320644956
state_senate_2022,DARLINGTON - HIGH HILL,30,0.000064503089
state_senate_2022,DARLINGTON - HIGH HILL,31,0.006614851955
state_senate_2022,FLORENCE - HIGH HILL,31,1.000000000000
state_senate_2022,ANDERSON - HIGH POINT,4,1.000000000000
state_senate_2022,YORK - HIGHLAND PARK,17,1.000000000000
state_senate_2022,BAMBERG - HIGHTOWERS MILL,40,1.000000000000
state_senate_2022,BARNWELL - HILDA,40,1.000000000000
state_senate_2022,GREENVILLE - HILLCREST,8,1.000000000000
state_senate_2022,SUMTER - HILLCREST,35,1.000000000000
state_senate_2022,BERKELEY - HILTON CROSS ROADS,39,0.999991739018
state_senate_2022,BERKELEY - HILTON CROSS ROADS,41,0.000008260982
state_senate_2022,KERSHAW - HOBKIRKS HILL,27,0.000129803767
state_senate_2022,KERSHAW - HOBKIRKS HILL,35,0.999870196233
state_senate_2022,GREENWOOD - HODGES,4,0.000000107944
state_senate_2022,GREENWOOD - HODGES,10,0.999999892056
state_senate_2022,YORK - HOLLIS LAKES,15,1.000000000000
state_senate_2022,LEXINGTON - HOLLOW CREEK,10,0.000000050805
state_senate_2022,LEXINGTON - HOLLOW CREEK,25,0.999999949195
state_senate_2022,SALUDA - HOLLY,10,0.375005053983
state_senate_2022,SALUDA - HOLLY,25,0.624994946017
state_senate_2022,CHEROKEE - HOLLY GROVE AND BUFFALO,14,1.000000000000
state_senate_2022,ORANGEBURG - HOLLY HILL 1,39,1.000000000000
state_senate_2022,ORANGEBURG - HOLLY HILL 2,39,1.000000000000
state_senate_2022,PICKENS - HOLLY SPRINGS,1,0.000307863311
state_senate_2022,PICKENS - HOLLY SPRINGS,2,0.999692136689
state_senate_2022,SPARTANBURG - HOLLY SPRINGS BAPTIST,5,1.000000000000
state_senate_2022,SPARTANBURG - HOLLY SPRINGS MOTLOW,5,1.000000000000
state_senate_2022,GREENVILLE - HOLLY TREE,8,1.000000000000
state_senate_2022,SALUDA - HOLLYWOOD,10,0.999999974917
state_senate_2022,SALUDA - HOLLYWOOD,25,0.000000025083
state_senate_2022,SALUDA - HOLSTONS,25,0.999988862363
state_senate_2022,SALUDA - HOLSTONS,40,0.000011137637
state_senate_2022,SPARTANBURG - HOLY COMMUNION,12,1.000000000000
state_senate_2022,ANDERSON - HOMELAND PARK,4,1.000000000000
state_senate_2022,HORRY - HOMEWOOD,28,0.000056836719
state_senate_2022,HORRY - HOMEWOOD,33,0.999943163281
state_senate_2022,ANDERSON - HONEA PATH,4,1.000000000000
state_senate_2022,LEXINGTON - HOOKS STORE,23,0.000013260020
state_senate_2022,LEXINGTON - HOOKS STORE,26,0.999986739980
state_senate_2022,SPARTANBURG - HOPE,11,1.000000000000
state_senate_2022,GREENWOOD - HOPES FERRY,10,1.000000000000
state_senate_2022,ANDERSON - HOPEWELL,3,1.000000000000
state_senate_2022,HAMPTON - HOPEWELL,45,1.000000000000
state_senate_2022,YORK - HOPEWELL,17,1.000000000000
state_senate_2022,RICHLAND - HOPKINS 1,21,0.999999995165
state_senate_2022,RICHLAND - HOPKINS 1,26,0.000000004835
state_senate_2022,RICHLAND - HOPKINS 2,21,1.000000000000
state_senate_2022,SUMTER - HORATIO,21,0.000147751829
state_senate_2022,SUMTER - HORATIO,35,0.999852248171
state_senate_2022,FAIRFIELD - HOREB-GLENN,17,1.000000000000
state_senate_2022,RICHLAND - HORRELL HILL,21,0.999999984838
state_senate_2022,RICHLAND - HORRELL HILL,35,0.000000015162
state_senate_2022,HORRY - HORRY,28,1.000000000000
state_senate_2022,HAMPTON - HORSE GALL,45,1.000000000000
state_senate_2022,COLLETON - HORSE PEN,41,1.000000000000
state_senate_2022,BERKELEY - HORSESHOE,37,0.999953790624
state_senate_2022,BERKELEY - HORSESHOE,39,0.000046209376
state_senate_2022,BERKELEY - HOWE HALL 1,39,0.999999979358
state_senate_2022,BERKELEY - HOWE HALL 1,44,0.000000020642
state_senate_2022,BERKELEY - HOWE HALL 2,39,0.000000744425
state_senate_2022,BERKELEY - HOWE HALL 2,44,0.999999255575
state_senate_2022,COLLETON - HUDSON MILL,41,0.999999990770
state_senate_2022,COLLETON - HUDSON MILL,45,0.000000009230
state_senate_2022,BERKELEY - HUGER,32,0.000032306013
state_senate_2022,BERKELEY - HUGER,37,0.999967693987
state_senate_2022,ANDERSON - HUNT MEADOWS,3,1.000000000000
state_senate_2022,BAMBERG - HUNTERS CHAPEL,40,1.000000000000
state_senate_2022,RICHLAND - HUNTING CREEK,21,1.000000000000
state_senate_2022,YORK - INDEPENDENCE,17,1.000000000000
state_senate_2022,YORK - INDIA HOOK,15,1.000000000000
state_senate_2022,DARLINGTON - INDIAN BRANCH,29,1.000000000000
state_senate_2022,DORCHESTER - INDIAN FIELD,39,1.000000000000
state_senate_2022,DORCHESTER - INDIAN FIELD 2,39,1.000000000000
state_senate_2022,WILLIAMSBURG - INDIANTOWN,32,1.000000000000
state_senate_2022,HORRY - INLAND,32,1.000000000000
state_senate_2022,SPARTANBURG - INMAN,11,1.000000000000
state_senate_2022,LEE - IONIA,35,1.000000000000
state_senate_2022,LEXINGTON - IRMO,18,0.999993992765
state_senate_2022,LEXINGTON - IRMO,19,0.000006007235
state_senate_2022,DORCHESTER - IRONGATE,38,1.000000000000
state_senate_2022,DORCHESTER - IRONGATE 2,38,1.000000000000
state_senate_2022,DORCHESTER - IRONGATE 3,38,1.000000000000
state_senate_2022,CHARLESTON - ISLE OF PALMS 1A,43,1.000000000000
state_senate_2022,CHARLESTON - ISLE OF PALMS 1B,43,1.000000000000
state_senate_2022,CHARLESTON - ISLE OF PALMS 1C,43,1.000000000000
state_senate_2022,PICKENS - ISSAQUEENA,1,1.000000000000
state_senate_2022,ANDERSON - IVA,4,1.000000000000
state_senate_2022,HORRY - JACKSON BLUFF,33,1.000000000000
state_senate_2022,ANDERSON - JACKSON MILL,4,1.000000000000
state_senate_2022,COLLETON - JACKSONBORO,41,0.000000006683
state_senate_2022,COLLETON - JACKSONBORO,43,0.001026584805
state_senate_2022,COLLETON - JACKSONBORO,45,0.998973408512
state_senate_2022,CHARLESTON - JAMES ISLAND 10,20,0.999207471903
state_senate_2022,CHARLESTON - JAMES ISLAND 10,43,0.000792528097
state_senate_2022,CHARLESTON - JAMES ISLAND 11,20,0.999995585545
state_senate_2022,CHARLESTON - JAMES ISLAND 11,43,0.000004414455
state_senate_2022,CHARLESTON - JAMES ISLAND 12,20,0.000000506489
state_senate_2022,CHARLESTON - JAMES ISLAND 12,43,0.999999493511
state_senate_2022,CHARLESTON - JAMES ISLAND 13,20,0.000000133955
state_senate_2022,CHARLESTON - JAMES ISLAND 13,43,0.999999866045
state_senate_2022,CHARLESTON - JAMES ISLAND 14,20,0.002624647769
state_senate_2022,CHARLESTON - JAMES ISLAND 14,43,0.997375352231
state_senate_2022,CHARLESTON - JAMES ISLAND 15,20,1.000000000000
state_senate_2022,CHARLESTON - JAMES ISLAND 17,20,0.999999726800
state_senate_2022,CHARLESTON - JAMES ISLAND 17,43,0.000000273200
state_senate_2022,CHARLESTON - JAMES ISLAND 19,20,1.000000000000
state_senate_2022,CHARLESTON - JAMES ISLAND 1A,20,0.000018992291
state_senate_2022,CHARLESTON - JAMES ISLAND 1A,45,0.999981007709
state_senate_2022,CHARLESTON - JAMES ISLAND 1B,20,0.000426621394
state_senate_2022,CHARLESTON - JAMES ISLAND 1B,43,0.000000000288
state_senate_2022,CHARLESTON - JAMES ISLAND 1B,45,0.999573378318
state_senate_2022,CHARLESTON - JAMES ISLAND 20,20,0.999974704859
state_senate_2022,CHARLESTON - JAMES ISLAND 20,41,0.000025295141
state_senate_2022,CHARLESTON - JAMES ISLAND 22,20,0.999795994196
state_senate_2022,CHARLESTON - JAMES ISLAND 22,41,0.000204005804
state_senate_2022,CHARLESTON - JAMES ISLAND 3,20,0.000018562191
state_senate_2022,CHARLESTON - JAMES ISLAND 3,45,0.999981437809
state_senate_2022,CHARLESTON - JAMES ISLAND 5A,20,0.000000054570
state_senate_2022,CHARLESTON - JAMES ISLAND 5A,43,0.999999945430
state_senate_2022,CHARLESTON - JAMES ISLAND 5B,20,0.000168626634
state_senate_2022,CHARLESTON - JAMES ISLAND 5B,43,0.999831373366
state_senate_2022,CHARLESTON - JAMES ISLAND 6,20,0.994900475744
state_senate_2022,CHARLESTON - JAMES ISLAND 6,43,0.005099524256
state_senate_2022,CHARLESTON - JAMES ISLAND 7,20,0.998754560759
state_senate_2022,CHARLESTON - JAMES ISLAND 7,45,0.001245439241
state_senate_2022,CHARLESTON - JAMES ISLAND 8A,20,0.998454856999
state_senate_2022,CHARLESTON - JAMES ISLAND 8A,45,0.001545143001
state_senate_2022,CHARLESTON - JAMES ISLAND 8B,20,0.999595801950
state_senate_2022,CHARLESTON - JAMES ISLAND 8B,45,0.000404198050
state_senate_2022,CHARLESTON - JAMES ISLAND 9,20,0.999999433943
state_senate_2022,CHARLESTON - JAMES ISLAND 9,45,0.000000566057
state_senate_2022,BERKELEY - JAMESTOWN,37,1.000000000000
state_senate_2022,HORRY - JAMESTOWN,33,1.000000000000
state_senate_2022,ORANGEBURG - JAMISON,39,0.000000035971
state_senate_2022,ORANGEBURG - JAMISON,40,0.999999964029
state_senate_2022,CHESTERFIELD - JEFFERSON,27,1.000000000000
state_senate_2022,FAIRFIELD - JENKINSVILLE,17,0.999526733454
state_senate_2022,FAIRFIELD - JENKINSVILLE,18,0.000027861079
state_senate_2022,FAIRFIELD - JENKINSVILLE,19,0.000445405466
state_senate_2022,GREENVILLE - JENNINGS MILL,2,0.000681834655
state_senate_2022,GREENVILLE - JENNINGS MILL,5,0.999318165345
state_senate_2022,HORRY - JERNIGANS X ROADS,30,1.000000000000
state_senate_2022,SPARTANBURG - JESSE BOBO ELEMENTARY,11,1.000000000000
state_senate_2022,SPARTANBURG - JESSE BOYD ELEMENTARY,13,1.000000000000
state_senate_2022,HORRY - JET PORT 1,33,1.000000000000
state_senate_2022,HORRY - JET PORT 2,33,1.000000000000
state_senate_2022,HORRY - JET PORT 3,33,1.000000000000
state_senate_2022,HORRY - JET PORT 4,33,0.999999356177
state_senate_2022,HORRY - JET PORT 4,34,0.000000643823
state_senate_2022,CHARLESTON - JOHNS ISLAND 1A,41,0.999999993008
state_senate_2022,CHARLESTON - JOHNS ISLAND 1A,45,0.000000006992
state_senate_2022,CHARLESTON - JOHNS ISLAND 1B,20,0.000000015550
state_senate_2022,CHARLESTON - JOHNS ISLAND 1B,41,0.999999984450
state_senate_2022,CHARLESTON - JOHNS ISLAND 2,20,0.000000280864
state_senate_2022,CHARLESTON - JOHNS ISLAND 2,41,0.999999719136
state_senate_2022,CHARLESTON - JOHNS ISLAND 3A,20,0.000000019664
state_senate_2022,CHARLESTON - JOHNS ISLAND 3A,41,0.999998954457
state_senate_2022,CHARLESTON - JOHNS ISLAND 3A,45,0.000001025879
state_senate_2022,CHARLESTON - JOHNS ISLAND 3B,41,0.000000069740
state_senate_2022,CHARLESTON - JOHNS ISLAND 3B,43,0.000000015432
state_senate_2022,CHARLESTON - JOHNS ISLAND 3B,45,0.999999914828
state_senate_2022,CHARLESTON - JOHNS ISLAND 4,20,0.000000010378
state_senate_2022,CHARLESTON - JOHNS ISLAND 4,41,0.000163389943
state_senate_2022,CHARLESTON - JOHNS ISLAND 4,43,0.007726529752
state_senate_2022,CHARLESTON - JOHNS ISLAND 4,45,0.992110069927
state_senate_2022,FLORENCE - JOHNSONVILLE,31,0.999897717169
state_senate_2022,FLORENCE - JOHNSONVILLE,32,0.000102282831
state_senate_2022,EDGEFIELD - JOHNSTON NO. 2,25,1.000000000000
state_senate_2022,EDGEFIELD - JOHNSTON NO. 1,25,1.000000000000
state_senate_2022,NEWBERRY - JOHNSTONE,18,1.000000000000
state_senate_2022,UNION - JONESVILLE BOX 1,13,1.000000000000
state_senate_2022,UNION - JONESVILLE BOX 2,13,1.000000000000
state_senate_2022,HORRY - JUNIPER BAY,32,1.000000000000
state_senate_2022,YORK - KANAWHA,16,1.000000000000
state_senate_2022,BAMBERG - KEARSE,40,1.000000000000
state_senate_2022,RICHLAND - KEELS 1,19,0.000105408532
state_senate_2022,RICHLAND - KEELS 1,21,0.999677671168
state_senate_2022,RICHLAND - KEELS 1,22,0.000216920300
state_senate_2022,RICHLAND - KEELS 2,19,0.999523492675
state_senate_2022,RICHLAND - KEELS 2,21,0.000476507325
state_senate_2022,RICHLAND - KEENAN,21,1.000000000000
state_senate_2022,DARLINGTON - KELLEYTOWN,29,0.999994361911
state_senate_2022,DARLINGTON - KELLEYTOWN,35,0.000005638089
state_senate_2022,RICHLAND - KELLY MILL,22,0.999999997763
state_senate_2022,RICHLAND - KELLY MILL,27,0.000000002237
state_senate_2022,UNION - KELTON,14,0.999945611288
state_senate_2022,UNION - KELTON,15,0.000000002071
state_senate_2022,UNION - KELTON,17,0.000054386641
state_senate_2022,DILLON - KEMPER,30,1.000000000000
state_senate_2022,GEORGETOWN - KENSINGTON,32,1.000000000000
state_senate_2022,ABBEVILLE - KEOWEE,4,1.000000000000
state_senate_2022,CHARLESTON - KIAWAH ISLAND,43,0.999309043780
state_senate_2022,CHARLESTON - KIAWAH ISLAND,45,0.000690956220
state_senate_2022,GREENVILLE - KILGORE FARMS,13,1.000000000000
state_senate_2022,RICHLAND - KILLIAN,19,1.000000000000
state_senate_2022,NEWBERRY - KINARDS-JALAPA,18,1.000000000000
state_senate_2022,DORCHESTER - KINGS GRANT,41,1.000000000000
state_senate_2022,DORCHESTER - KINGS GRANT 2,38,0.003779179121
state_senate_2022,DORCHESTER - KINGS GRANT 2,41,0.996220820879
state_senate_2022,FLORENCE - KINGSBURG-STONE,30,0.000000009511
state_senate_2022,FLORENCE - KINGSBURG-STONE,31,0.999999990489
state_senate_2022,WILLIAMSBURG - KINGSTREE NO. 1,32,1.000000000000
state_senate_2022,WILLIAMSBURG - KINGSTREE NO. 2,32,1.000000000000
state_senate_2022,WILLIAMSBURG - KINGSTREE NO. 3,32,1.000000000000
state_senate_2022,WILLIAMSBURG - KINGSTREE NO. 4,32,1.000000000000
state_senate_2022,RICHLAND - KINGSWOOD,19,1.000000000000
state_senate_2022,LEXINGTON - KITTI WAKE,23,1.000000000000
state_senate_2022,BARNWELL - KLINE,40,1.000000000000
state_senate_2022,DORCHESTER - KNIGHTSVILLE,38,1.000000000000
state_senate_2022,GREENWOOD - LACO,10,1.000000000000
state_senate_2022,CHARLESTON - LADSON,38,0.986980684170
state_senate_2022,CHARLESTON - LADSON,44,0.013019315830
state_senate_2022,ANDERSON - LAFRANCE,3,1.000000000000
state_senate_2022,SPARTANBURG - LAKE BOWEN BAPTIST,11,1.000000000000
state_senate_2022,RICHLAND - LAKE CAROLINA,22,0.999999995805
state_senate_2022,RICHLAND - LAKE CAROLINA,35,0.000000004195
state_senate_2022,FLORENCE - LAKE CITY NO. 1,32,1.000000000000
state_senate_2022,FLORENCE - LAKE CITY NO. 2,31,0.000000030712
state_senate_2022,FLORENCE - LAKE CITY NO. 2,32,0.999999969288
state_senate_2022,FLORENCE - LAKE CITY NO. 3,31,0.000293840291
state_senate_2022,FLORENCE - LAKE CITY NO. 3,32,0.999706159709
state_senate_2022,FLORENCE - LAKE CITY NO. 4,32,1.000000000000
state_senate_2022,SPARTANBURG - LAKE COOLEY,11,1.000000000000
state_senate_2022,LEXINGTON - LAKE MURRAY 2,10,0.573857878231
state_senate_2022,LEXINGTON - LAKE MURRAY 2,25,0.426142121769
state_senate_2022,LEXINGTON - LAKE MURRAY 1,10,0.999999756232
state_senate_2022,LEXINGTON - LAKE MURRAY 1,25,0.000000243768
state_senate_2022,HORRY - LAKE PARK 1,34,1.000000000000
state_senate_2022,HORRY - LAKE PARK 2,34,1.000000000000
state_senate_2022,HORRY - LAKE PARK 3,34,1.000000000000
state_senate_2022,DARLINGTON - LAKE SWAMP,29,0.995149421902
state_senate_2022,DARLINGTON - LAKE SWAMP,31,0.004850578098
state_senate_2022,DILLON - LAKE VIEW,30,1.000000000000
state_senate_2022,YORK - LAKESHORE,15,1.000000000000
state_senate_2022,ANDERSON - LAKESIDE,3,0.000000066315
state_senate_2022,ANDERSON - LAKESIDE,4,0.999999933685
state_senate_2022,GREENVILLE - LAKEVIEW,2,0.001041008116
state_senate_2022,GREENVILLE - LAKEVIEW,6,0.395911209850
state_senate_2022,GREENVILLE - LAKEVIEW,7,0.603047782034
state_senate_2022,YORK - LAKEWOOD,15,1.000000000000
state_senate_2022,DARLINGTON - LAMAR NO. 1,29,0.998017865872
state_senate_2022,DARLINGTON - LAMAR NO. 1,31,0.001982134128
state_senate_2022,DARLINGTON - LAMAR NO. 2,29,0.990759300781
state_senate_2022,DARLINGTON - LAMAR NO. 2,31,0.009240699219
state_senate_2022,GEORGETOWN - LAMBERT TOWN,32,0.999999995751
state_senate_2022,GEORGETOWN - LAMBERT TOWN,37,0.000000004249
state_senate_2022,CHESTER - LANDOLANDSFORD,17,1.000000000000
state_senate_2022,SPARTANBURG - LANDRUM,5,1.000000000000
state_senate_2022,SPARTANBURG - LANDRUM HIGH SCHOOL,5,1.000000000000
state_senate_2022,SPARTANBURG - LANDRUM UNITED METHODIST,5,1.000000000000
state_senate_2022,WILLIAMSBURG - LANE,32,1.000000000000
state_senate_2022,YORK - LARNE,14,1.000000000000
state_senate_2022,DILLON - LATTA,30,1.000000000000
state_senate_2022,YORK - LAUREL CREEK,15,1.000000000000
state_senate_2022,GREENVILLE - LAUREL RIDGE,5,1.000000000000
state_senate_2022,PICKENS - LAWRENCE CHAPEL,1,0.999991760230
state_senate_2022,PICKENS - LAWRENCE CHAPEL,2,0.000008239770
state_senate_2022,LEXINGTON - LEAPHART ROAD,26,1.000000000000
state_senate_2022,GREENVILLE - LEAWOOD,6,0.840833794119
state_senate_2022,GREENVILLE - LEAWOOD,7,0.159166205881
state_senate_2022,ABBEVILLE - LEBANON,4,0.999999991002
state_senate_2022,ABBEVILLE - LEBANON,25,0.000000008998
state_senate_2022,BERKELEY - LEBANON,39,0.999974990165
state_senate_2022,BERKELEY - LEBANON,41,0.000025009835
state_senate_2022,FAIRFIELD - LEBANON,17,1.000000000000
state_senate_2022,LEXINGTON - LEESVILLE,23,0.999999478146
state_senate_2022,LEXINGTON - LEESVILLE,25,0.000000521854
state_senate_2022,SUMTER - LEMIRA,36,1.000000000000
state_senate_2022,PICKENS - LENHARDT,2,1.000000000000
state_senate_2022,FLORENCE - LEO,31,1.000000000000
state_senate_2022,HORRY - LEON,28,1.000000000000
state_senate_2022,YORK - LESSLIE,17,1.000000000000
state_senate_2022,JASPER - LEVY,45,0.998924052288
state_senate_2022,JASPER - LEVY,46,0.001075947712
state_senate_2022,LEXINGTON - LEXINGTON NO. 1,10,0.997669183593
state_senate_2022,LEXINGTON - LEXINGTON NO. 1,23,0.002330816407
state_senate_2022,LEXINGTON - LEXINGTON NO. 2,10,0.000001632330
state_senate_2022,LEXINGTON - LEXINGTON NO. 2,23,0.999998367670
state_senate_2022,LEXINGTON - LEXINGTON NO. 3,10,1.000000000000
state_senate_2022,LEXINGTON - LEXINGTON NO. 4,10,0.002283828662
state_senate_2022,LEXINGTON - LEXINGTON NO. 4,23,0.997716171338
state_senate_2022,GREENWOOD - LIBERTY,10,1.000000000000
state_senate_2022,BERKELEY - LIBERTY HALL,37,0.999998863383
state_senate_2022,BERKELEY - LIBERTY HALL,39,0.000001136617
state_senate_2022,KERSHAW - LIBERTY HILL,27,1.000000000000
state_senate_2022,ORANGEBURG - LIMESTONE 1,40,1.000000000000
state_senate_2022,ORANGEBURG - LIMESTONE 2,40,1.000000000000
state_senate_2022,CHEROKEE - LIMESTONE MILL,14,1.000000000000
state_senate_2022,DORCHESTER - LINCOLN,41,0.999588798553
state_senate_2022,DORCHESTER - LINCOLN,42,0.000411201447
state_senate_2022,RICHLAND - LINCOLNSHIRE,19,1.000000000000
state_senate_2022,CHARLESTON - LINCOLNVILLE,38,1.000000000000
state_senate_2022,LEXINGTON - LINCREEK,18,1.000000000000
state_senate_2022,NEWBERRY - LITTLE MOUNTAIN,18,1.000000000000
state_senate_2022,HORRY - LITTLE RIVER 1,28,1.000000000000
state_senate_2022,HORRY - LITTLE RIVER 2,28,1.000000000000
state_senate_2022,HORRY - LITTLE RIVER 3,28,1.000000000000
state_senate_2022,DILLON - LITTLE ROCK,30,1.000000000000
state_senate_2022,BAMBERG - LITTLE SWAMP,40,1.000000000000
state_senate_2022,CHEROKEE - LITTLEJOHNS AND SARRATTS,14,1.000000000000
state_senate_2022,BERKELEY - LIVE OAK,37,0.006936624265
state_senate_2022,BERKELEY - LIVE OAK,39,0.993063375735
state_senate_2022,HORRY - LIVE OAK,30,1.000000000000
state_senate_2022,GREENWOOD - LIVIS KNOLL,10,1.000000000000
state_senate_2022,GREENWOOD - LOBLOLLY PINES,10,1.000000000000
state_senate_2022,UNION - LOCKHART,14,0.997187507555
state_senate_2022,UNION - LOCKHART,17,0.002812492445
state_senate_2022,GREENVILLE - LOCUST HILL,5,1.000000000000
state_senate_2022,CALHOUN - LONE STAR,35,0.000000000067
state_senate_2022,CALHOUN - LONE STAR,36,0.999999999933
state_senate_2022,GREENVILLE - LONG CREEK,7,0.000652076078
state_senate_2022,GREENVILLE - LONG CREEK,9,0.999347923922
state_senate_2022,RICHLAND - LONGCREEK,19,0.000000617266
state_senate_2022,RICHLAND - LONGCREEK,22,0.999999382734
state_senate_2022,RICHLAND - LONGLEAF,19,0.999999860069
state_senate_2022,RICHLAND - LONGLEAF,22,0.000000139931
state_senate_2022,SUMTER - LORING,36,1.000000000000
state_senate_2022,GREENWOOD - LOWER LAKE,10,0.999999971766
state_senate_2022,GREENWOOD - LOWER LAKE,18,0.000000028234
state_senate_2022,ABBEVILLE - LOWNDESVILLE,4,1.000000000000
state_senate_2022,CHESTER - LOWRYS,15,0.002129171610
state_senate_2022,CHESTER - LOWRYS,17,0.997870828390
state_senate_2022,KERSHAW - LUGOFF NO. 1,27,1.000000000000
state_senate_2022,KERSHAW - LUGOFF NO. 2,27,0.999999991642
state_senate_2022,KERSHAW - LUGOFF NO. 2,35,0.000000008358
state_senate_2022,KERSHAW - LUGOFF NO. 3,27,1.000000000000
state_senate_2022,KERSHAW - LUGOFF NO. 4,27,1.000000000000
state_senate_2022,DARLINGTON - LYDIA,29,0.999999837125
state_senate_2022,DARLINGTON - LYDIA,35,0.000000162875
state_senate_2022,RICHLAND - LYKESLAND,21,1.000000000000
state_senate_2022,SPARTANBURG - LYMAN,12,1.000000000000
state_senate_2022,SPARTANBURG - LYMAN ELEMENTARY,5,1.000000000000
state_senate_2022,LEE - LYNCHBURG,29,0.999999980853
state_senate_2022,LEE - LYNCHBURG,31,0.000000019147
state_senate_2022,BERKELEY - MACEDONIA,37,1.000000000000
state_senate_2022,CHEROKEE - MACEDONIA,14,1.000000000000
state_senate_2022,BERKELEY - MACEDONIA 2,37,1.000000000000
state_senate_2022,LEXINGTON - MACK-EDISTO,23,0.999594870480
state_senate_2022,LEXINGTON - MACK-EDISTO,26,0.000000018753
state_senate_2022,LEXINGTON - MACK-EDISTO,40,0.000405110767
state_senate_2022,SUMTER - MAGNOLIA-HARMONY,35,0.000105573932
state_senate_2022,SUMTER - MAGNOLIA-HARMONY,36,0.999894426068
state_senate_2022,RICHLAND - MALLET HILL,22,0.999652990596
state_senate_2022,RICHLAND - MALLET HILL,35,0.000347009404
state_senate_2022,KERSHAW - MALVERN HILL,35,1.000000000000
state_senate_2022,YORK - MANCHESTER,17,1.000000000000
state_senate_2022,SUMTER - MANCHESTER FOREST,21,0.000005986353
state_senate_2022,SUMTER - MANCHESTER FOREST,35,0.999922585929
state_senate_2022,SUMTER - MANCHESTER FOREST,36,0.000071427719
state_senate_2022,DILLON - MANNING,30,1.000000000000
state_senate_2022,LEE - MANVILLE,29,0.993072890395
state_senate_2022,LEE - MANVILLE,35,0.006927109605
state_senate_2022,HORRY - MAPLE,28,0.999934719947
state_senate_2022,HORRY - MAPLE,33,0.000065280053
state_senate_2022,COLLETON - MAPLE CANE,39,0.000000000000
state_senate_2022,COLLETON - MAPLE CANE,41,1.000000000000
state_senate_2022,GREENVILLE - MAPLE CREEK,5,0.999049396349
state_senate_2022,GREENVILLE - MAPLE CREEK,12,0.000950603651
state_senate_2022,JASPER - MARGARITAVILLE,45,1.000000000000
state_senate_2022,GREENVILLE - MARIDELL,5,1.000000000000
state_senate_2022,MARION - MARION NO. 1,30,1.000000000000
state_senate_2022,MARION - MARION NO. 2,30,1.000000000000
state_senate_2022,MARION - MARION NORTH,30,1.000000000000
state_senate_2022,MARION - MARION SOUTH,30,1.000000000000
state_senate_2022,MARION - MARION WEST,30,0.999912903974
state_senate_2022,MARION - MARION WEST,31,0.000087096026
state_senate_2022,HORRY - MARLOWE 1,34,1.000000000000
state_senate_2022,HORRY - MARLOWE 2,34,1.000000000000
state_senate_2022,HORRY - MARLOWE 3,34,1.000000000000
state_senate_2022,FLORENCE - MARS BLUFF NO. 1,30,0.000065459074
state_senate_2022,FLORENCE - MARS BLUFF NO. 1,31,0.999934540926
state_senate_2022,FLORENCE - MARS BLUFF NO. 2,30,0.999982799440
state_senate_2022,FLORENCE - MARS BLUFF NO. 2,31,0.000017200560
state_senate_2022,GREENWOOD - MARSHALL OAKS,10,1.000000000000
state_senate_2022,ALLENDALE - MARTIN,40,1.000000000000
state_senate_2022,COLLETON - MASHAWVILLE,41,0.000000009309
state_senate_2022,COLLETON - MASHAWVILLE,45,0.999999990691
state_senate_2022,GREENVILLE - MAULDIN 1,7,1.000000000000
state_senate_2022,GREENVILLE - MAULDIN 2,7,0.000756926701
state_senate_2022,GREENVILLE - MAULDIN 2,8,0.999243073299
state_senate_2022,GREENVILLE - MAULDIN 3,7,1.000000000000
state_senate_2022,GREENVILLE - MAULDIN 4,7,0.002229571868
state_senate_2022,GREENVILLE - MAULDIN 4,8,0.997770428132
state_senate_2022,GREENVILLE - MAULDIN 5,8,1.000000000000
state_senate_2022,GREENVILLE - MAULDIN 6,8,1.000000000000
state_senate_2022,GREENVILLE - MAULDIN 7,8,1.000000000000
state_senate_2022,GREENWOOD - MAXWELLTON PIKE,10,1.000000000000
state_senate_2022,NEWBERRY - MAYBINTON,18,1.000000000000
state_senate_2022,SUMTER - MAYESVILLE,29,0.999982101045
state_senate_2022,SUMTER - MAYESVILLE,36,0.000017898955
state_senate_2022,SUMTER - MAYEWOOD,29,0.000008986198
state_senate_2022,SUMTER - MAYEWOOD,36,0.999991013802
state_senate_2022,SPARTANBURG - MAYO ELEMENTARY,14,1.000000000000
state_senate_2022,PICKENS - MCALISTER,2,1.000000000000
state_senate_2022,FLORENCE - MCALLISTER MILL,31,0.999945509506
state_senate_2022,FLORENCE - MCALLISTER MILL,32,0.000054490494
state_senate_2022,CHESTERFIELD - MCBEE,27,0.998598302136
state_senate_2022,CHESTERFIELD - MCBEE,29,0.000018028228
state_senate_2022,CHESTERFIELD - MCBEE,35,0.001383669636
state_senate_2022,BERKELEY - MCBETH,37,1.000000000000
state_senate_2022,CHARLESTON - MCCLELLANVILLE,32,0.999999992191
state_senate_2022,CHARLESTON - MCCLELLANVILLE,43,0.000000007809
state_senate_2022,MARLBORO - MCCOLL,29,1.000000000000
state_senate_2022,YORK - MCCONNELLS,15,0.999737630101
state_senate_2022,YORK - MCCONNELLS,17,0.000262369899
state_senate_2022,MCCORMICK - MCCORMICK NO. 1,10,0.001310203015
state_senate_2022,MCCORMICK - MCCORMICK NO. 1,25,0.998689796985
state_senate_2022,MCCORMICK - MCCORMICK NO. 2,25,1.000000000000
state_senate_2022,SPARTANBURG - MCCRACKEN MIDDLE SCHOOL,13,1.000000000000
state_senate_2022,SUMTER - MCCRAYS MILL 1,35,0.001900390044
state_senate_2022,SUMTER - MCCRAYS MILL 1,36,0.998099609956
state_senate_2022,SUMTER - MCCRAYS MILL 2,35,0.000791956374
state_senate_2022,SUMTER - MCCRAYS MILL 2,36,0.999208043626
state_senate_2022,RICHLAND - MCENTIRE,21,1.000000000000
state_senate_2022,PICKENS - MCKISSICK,2,1.000000000000
state_senate_2022,RICHLAND - MEADOWFIELD,21,0.999244493623
state_senate_2022,RICHLAND - MEADOWFIELD,35,0.000755506377
state_senate_2022,RICHLAND - MEADOWLAKE,19,1.000000000000
state_senate_2022,DARLINGTON - MECHANICSVILLE,29,0.999775297066
state_senate_2022,DARLINGTON - MECHANICSVILLE,30,0.000224702934
state_senate_2022,BERKELEY - MEDWAY,37,1.000000000000
state_senate_2022,ANDERSON - MELTON,3,1.000000000000
state_senate_2022,EDGEFIELD - MERRIWETHER NO. 2,24,0.000124090773
state_senate_2022,EDGEFIELD - MERRIWETHER NO. 2,25,0.999875909227
state_senate_2022,EDGEFIELD - MERRIWETHER NO. 1,24,0.002039663293
state_senate_2022,EDGEFIELD - MERRIWETHER NO. 1,25,0.997960336707
state_senate_2022,HORRY - METHODIST-MILL SWAMP,30,1.000000000000
state_senate_2022,CHESTERFIELD - MIDDENDORF,27,0.999992411308
state_senate_2022,CHESTERFIELD - MIDDENDORF,29,0.000007588692
state_senate_2022,SPARTANBURG - MIDDLE TYGER,12,1.000000000000
state_senate_2022,CALHOUN - MIDWAY,36,1.000000000000
state_senate_2022,LEXINGTON - MIDWAY,10,0.999999879622
state_senate_2022,LEXINGTON - MIDWAY,18,0.000000120378
state_senate_2022,RICHLAND - MIDWAY,21,0.000012934106
state_senate_2022,RICHLAND - MIDWAY,22,0.999987065894
state_senate_2022,DORCHESTER - MILESJAMISON,38,0.998410743848
state_senate_2022,DORCHESTER - MILESJAMISON,42,0.001589256152
state_senate_2022,FLORENCE - MILL BRANCH,30,0.000000010664
state_senate_2022,FLORENCE - MILL BRANCH,31,0.999999989336
state_senate_2022,RICHLAND - MILL CREEK,21,1.000000000000
state_senate_2022,YORK - MILL CREEK,14,1.000000000000
state_senate_2022,SUMTER - MILLWOOD,36,1.000000000000
state_senate_2022,GREENWOOD - MIMOSA CREST,10,1.000000000000
state_senate_2022,LEXINGTON - MIMS,23,0.000031794345
state_senate_2022,LEXINGTON - MIMS,25,0.998191920199
state_senate_2022,LEXINGTON - MIMS,40,0.001776285456
state_senate_2022,DILLON - MINTURN,30,1.000000000000
state_senate_2022,GREENVILLE - MISSION,6,0.000275892823
state_senate_2022,GREENVILLE - MISSION,8,0.999724107177
state_senate_2022,FAIRFIELD - MITFORD,17,0.999988586098
state_senate_2022,FAIRFIELD - MITFORD,27,0.000011413902
state_senate_2022,MCCORMICK - MODOC,25,1.000000000000
state_senate_2022,UNION - MONARCH BOX 1,9,0.133504033293
state_senate_2022,UNION - MONARCH BOX 1,13,0.000331981971
state_senate_2022,UNION - MONARCH BOX 1,14,0.866163984736
state_senate_2022,GREENVILLE - MONAVIEW,2,0.602451259022
state_senate_2022,GREENVILLE - MONAVIEW,6,0.000019875011
state_senate_2022,GREENVILLE - MONAVIEW,7,0.397528865967
state_senate_2022,BERKELEY - MONCKS CORNER 1,37,1.000000000000
state_senate_2022,BERKELEY - MONCKS CORNER 2,37,1.000000000000
state_senate_2022,BERKELEY - MONCKS CORNER 3,37,1.000000000000
state_senate_2022,BERKELEY - MONCKS CORNER 4,37,1.000000000000
state_senate_2022,FAIRFIELD - MONTICELLO,17,0.999999322902
state_senate_2022,FAIRFIELD - MONTICELLO,18,0.000000677098
state_senate_2022,MCCORMICK - MONTICELLO,25,1.000000000000
state_senate_2022,RICHLAND - MONTICELLO,17,0.000000000513
state_senate_2022,RICHLAND - MONTICELLO,18,0.000000005636
state_senate_2022,RICHLAND - MONTICELLO,19,0.999999979707
state_senate_2022,RICHLAND - MONTICELLO,22,0.000000014143
state_senate_2022,GREENVILLE - MOORE CREEK,7,0.000454041457
state_senate_2022,GREENVILLE - MOORE CREEK,8,0.000004347197
state_senate_2022,GREENVILLE - MOORE CREEK,9,0.999541611346
state_senate_2022,SPARTANBURG - MOORE DUNCAN,13,1.000000000000
state_senate_2022,CHEROKEE - MORGAN,14,1.000000000000
state_senate_2022,SPARTANBURG - MORNINGSIDE,13,1.000000000000
state_senate_2022,SUMTER - MORRIS COLLEGE,35,0.004121885510
state_senate_2022,SUMTER - MORRIS COLLEGE,36,0.995878114490
state_senate_2022,PICKENS - MORRISON,1,1.000000000000
state_senate_2022,WILLIAMSBURG - MORRISVILLE,32,1.000000000000
state_senate_2022,SPARTANBURG - MOTLOW CREEK BAPTIST,5,1.000000000000
state_senate_2022,BERKELEY - MOULTRIE,32,0.999028782566
state_senate_2022,BERKELEY - MOULTRIE,37,0.000971217434
state_senate_2022,LEXINGTON - MOUNT HOREB,10,1.000000000000
state_senate_2022,ANDERSON - MOUNT TABOR,3,1.000000000000
state_senate_2022,WILLIAMSBURG - MOUNT VERNON,32,1.000000000000
state_senate_2022,ANDERSON - MOUNTAIN CREEK,3,0.000010932588
state_senate_2022,ANDERSON - MOUNTAIN CREEK,4,0.999989067412
state_senate_2022,GREENVILLE - MOUNTAIN CREEK,6,1.000000000000
state_senate_2022,GREENWOOD - MOUNTAIN LAUREL,10,1.000000000000
state_senate_2022,GREENVILLE - MOUNTAIN VIEW,5,1.000000000000
state_senate_2022,PICKENS - MOUNTAIN VIEW,1,0.000437213258
state_senate_2022,PICKENS - MOUNTAIN VIEW,2,0.999562786742
state_senate_2022,YORK - MOUNTAIN VIEW,15,1.000000000000
state_senate_2022,SPARTANBURG - MT CALVARY PRESBYTERIAN,13,1.000000000000
state_senate_2022,HORRY - MT OLIVE,30,1.000000000000
state_senate_2022,GREENVILLE - MT PLEASANT,7,1.000000000000
state_senate_2022,HORRY - MT VERNON,28,1.000000000000
state_senate_2022,ANDERSON - MT. AIRY,3,1.000000000000
state_senate_2022,NEWBERRY - MT. BETHEL-GARMANY,18,1.000000000000
state_senate_2022,DILLON - MT. CALVARY,30,1.000000000000
state_senate_2022,MCCORMICK - MT. CARMEL,25,1.000000000000
state_senate_2022,LEE - MT. CLIO,29,1.000000000000
state_senate_2022,CHESTERFIELD - MT. CROGHAN,27,1.000000000000
state_senate_2022,YORK - MT. GALLANT,15,1.000000000000
state_senate_2022,LEXINGTON - MT. HEBRON,23,0.000002951692
state_senate_2022,LEXINGTON - MT. HEBRON,26,0.999997048308
state_senate_2022,YORK - MT. HOLLY,17,1.000000000000
state_senate_2022,SPARTANBURG - MT. MORIAH BAPTIST,11,1.000000000000
state_senate_2022,CHARLESTON - MT. PLEASANT 1,43,1.000000000000
state_senate_2022,CHARLESTON - MT. PLEASANT 10,43,0.999943538551
state_senate_2022,CHARLESTON - MT. PLEASANT 10,44,0.000056461449
state_senate_2022,CHARLESTON - MT. PLEASANT 11,43,1.000000000000
state_senate_2022,CHARLESTON - MT. PLEASANT 12,43,0.000491363037
state_senate_2022,CHARLESTON - MT. PLEASANT 12,44,0.999508636963
state_senate_2022,CHARLESTON - MT. PLEASANT 13,43,0.000583035765
state_senate_2022,CHARLESTON - MT. PLEASANT 13,44,0.999416964235
state_senate_2022,CHARLESTON - MT. PLEASANT 14,43,0.994691656612
state_senate_2022,CHARLESTON - MT. PLEASANT 14,44,0.005308343388
state_senate_2022,CHARLESTON - MT. PLEASANT 15,43,0.000000638623
state_senate_2022,CHARLESTON - MT. PLEASANT 15,44,0.999999361377
state_senate_2022,CHARLESTON - MT. PLEASANT 16,43,0.885058037526
state_senate_2022,CHARLESTON - MT. PLEASANT 16,44,0.114941962474
state_senate_2022,CHARLESTON - MT. PLEASANT 17,37,0.000000748487
state_senate_2022,CHARLESTON - MT. PLEASANT 17,43,0.000000251324
state_senate_2022,CHARLESTON - MT. PLEASANT 17,44,0.999999000189
state_senate_2022,CHARLESTON - MT. PLEASANT 18,44,1.000000000000
state_senate_2022,CHARLESTON - MT. PLEASANT 19,44,1.000000000000
state_senate_2022,CHARLESTON - MT. PLEASANT 2,43,1.000000000000
state_senate_2022,CHARLESTON - MT. PLEASANT 20,43,0.000763033860
state_senate_2022,CHARLESTON - MT. PLEASANT 20,44,0.999236966140
state_senate_2022,CHARLESTON - MT. PLEASANT 21,43,0.999999912421
state_senate_2022,CHARLESTON - MT. PLEASANT 21,44,0.000000087579
state_senate_2022,CHARLESTON - MT. PLEASANT 22,43,0.999998549236
state_senate_2022,CHARLESTON - MT. PLEASANT 22,44,0.000001450764
state_senate_2022,CHARLESTON - MT. PLEASANT 23,37,0.000001444482
state_senate_2022,CHARLESTON - MT. PLEASANT 23,43,0.000000063869
state_senate_2022,CHARLESTON - MT. PLEASANT 23,44,0.999998491650
state_senate_2022,CHARLESTON - MT. PLEASANT 24,37,0.000001489459
state_senate_2022,CHARLESTON - MT. PLEASANT 24,44,0.999998510541
state_senate_2022,CHARLESTON - MT. PLEASANT 25,37,0.000001782869
state_senate_2022,CHARLESTON - MT. PLEASANT 25,44,0.999998217131
state_senate_2022,CHARLESTON - MT. PLEASANT 26,37,0.019939624303
state_senate_2022,CHARLESTON - MT. PLEASANT 26,44,0.980060375697
state_senate_2022,CHARLESTON - MT. PLEASANT 27,37,0.970107611880
state_senate_2022,CHARLESTON - MT. PLEASANT 27,44,0.029892388120
state_senate_2022,CHARLESTON - MT. PLEASANT 28,37,0.999999837364
state_senate_2022,CHARLESTON - MT. PLEASANT 28,44,0.000000162636
state_senate_2022,CHARLESTON - MT. PLEASANT 29,37,0.999999984414
state_senate_2022,CHARLESTON - MT. PLEASANT 29,44,0.000000015586
state_senate_2022,CHARLESTON - MT. PLEASANT 3,42,0.000000427962
state_senate_2022,CHARLESTON - MT. PLEASANT 3,43,0.920078465900
state_senate_2022,CHARLESTON - MT. PLEASANT 3,44,0.079921106137
state_senate_2022,CHARLESTON - MT. PLEASANT 30,37,0.999999952245
state_senate_2022,CHARLESTON - MT. PLEASANT 30,44,0.000000047755
state_senate_2022,CHARLESTON - MT. PLEASANT 31,37,1.000000000000
state_senate_2022,CHARLESTON - MT. PLEASANT 32,37,1.000000000000
state_senate_2022,CHARLESTON - MT. PLEASANT 33,32,0.000001433800
state_senate_2022,CHARLESTON - MT. PLEASANT 33,37,0.999998566200
state_senate_2022,CHARLESTON - MT. PLEASANT 34,37,1.000000000000
state_senate_2022,CHARLESTON - MT. PLEASANT 35,37,0.998185097062
state_senate_2022,CHARLESTON - MT. PLEASANT 35,43,0.001718321193
state_senate_2022,CHARLESTON - MT. PLEASANT 35,44,0.000096581746
state_senate_2022,CHARLESTON - MT. PLEASANT 36,37,0.000001072551
state_senate_2022,CHARLESTON - MT. PLEASANT 36,43,0.000004591566
state_senate_2022,CHARLESTON - MT. PLEASANT 36,44,0.999994335883
state_senate_2022,CHARLESTON - MT. PLEASANT 37,32,0.000000008045
state_senate_2022,CHARLESTON - MT. PLEASANT 37,43,0.999999933435
state_senate_2022,CHARLESTON - MT. PLEASANT 37,44,0.000000058520
state_senate_2022,CHARLESTON - MT. PLEASANT 38,37,0.000000186106
state_senate_2022,CHARLESTON - MT. PLEASANT 38,43,0.999999567093
state_senate_2022,CHARLESTON - MT. PLEASANT 38,44,0.000000246801
state_senate_2022,CHARLESTON - MT. PLEASANT 39,32,0.000000740682
state_senate_2022,CHARLESTON - MT. PLEASANT 39,37,0.001187452351
state_senate_2022,CHARLESTON - MT. PLEASANT 39,43,0.998811806967
state_senate_2022,CHARLESTON - MT. PLEASANT 4,43,0.999999913861
state_senate_2022,CHARLESTON - MT. PLEASANT 4,44,0.000000086139
state_senate_2022,CHARLESTON - MT. PLEASANT 5,43,1.000000000000
state_senate_2022,CHARLESTON - MT. PLEASANT 6,43,0.999837953214
state_senate_2022,CHARLESTON - MT. PLEASANT 6,44,0.000162046786
state_senate_2022,CHARLESTON - MT. PLEASANT 7,43,1.000000000000
state_senate_2022,CHARLESTON - MT. PLEASANT 8,43,1.000000000000
state_senate_2022,CHARLESTON - MT. PLEASANT 9,43,1.000000000000
state_senate_2022,WILLIAMSBURG - MUDDY CREEK,31,0.000026329652
state_senate_2022,WILLIAMSBURG - MUDDY CREEK,32,0.999973670348
state_senate_2022,SUMTER - MULBERRY,35,0.001657196497
state_senate_2022,SUMTER - MULBERRY,36,0.998342803503
state_senate_2022,CALHOUN - MURPH MILL,26,1.000000000000
state_senate_2022,LEXINGTON - MURRAYWOOD,18,1.000000000000
state_senate_2022,GEORGETOWN - MURRELLS INLET NO. 1,34,1.000000000000
state_senate_2022,GEORGETOWN - MURRELLS INLET NO. 2,34,1.000000000000
state_senate_2022,GEORGETOWN - MURRELLS INLET NO. 3,32,0.000000002071
state_senate_2022,GEORGETOWN - MURRELLS INLET NO. 3,34,0.999999997929
state_senate_2022,GEORGETOWN - MURRELLS INLET NO. 4,34,1.000000000000
state_senate_2022,CHEROKEE - MUSGROVE MILL,14,1.000000000000
state_senate_2022,GEORGETOWN - MYERSVILLE,32,1.000000000000
state_senate_2022,HORRY - MYRTLE TRACE,33,1.000000000000
state_senate_2022,HORRY - MYRTLEWOOD 1,33,1.000000000000
state_senate_2022,HORRY - MYRTLEWOOD 2,33,1.000000000000
state_senate_2022,HORRY - MYRTLEWOOD 3,33,1.000000000000
state_senate_2022,MARLBORO - N BENNETTSVILLE,29,1.000000000000
state_senate_2022,MARION - N EAST MULLINS,30,1.000000000000
state_senate_2022,MARION - N WEST MULLINS,30,1.000000000000
state_senate_2022,YORK - NATION FORD,16,1.000000000000
state_senate_2022,ANDERSON - NEALS CREEK,4,1.000000000000
state_senate_2022,GREENVILLE - NEELY FARMS,9,1.000000000000
state_senate_2022,YORK - NEELYS CREEK,17,1.000000000000
state_senate_2022,ORANGEBURG - NEESES-LIVINGSTON,40,1.000000000000
state_senate_2022,WILLIAMSBURG - NESMITH,32,1.000000000000
state_senate_2022,GREENWOOD - NEW CASTLE,10,1.000000000000
state_senate_2022,DILLON - NEW HOLLY,30,1.000000000000
state_senate_2022,YORK - NEW HOME,15,1.000000000000
state_senate_2022,FAIRFIELD - NEW HOPE,17,1.000000000000
state_senate_2022,DARLINGTON - NEW MARKET,27,0.000012464763
state_senate_2022,DARLINGTON - NEW MARKET,29,0.999987535237
state_senate_2022,GREENWOOD - NEW MARKET,10,1.000000000000
state_senate_2022,SPARTANBURG - NEW PROSPECT,5,0.000000071109
state_senate_2022,SPARTANBURG - NEW PROSPECT,11,0.999999928891
state_senate_2022,NEWBERRY - NEWBERRY WARD 1,18,1.000000000000
state_senate_2022,NEWBERRY - NEWBERRY WARD 2,18,1.000000000000
state_senate_2022,NEWBERRY - NEWBERRY WARD 3,18,1.000000000000
state_senate_2022,NEWBERRY - NEWBERRY WARD 4,18,1.000000000000
state_senate_2022,NEWBERRY - NEWBERRY WARD 5,18,1.000000000000
state_senate_2022,NEWBERRY - NEWBERRY WARD 6,18,1.000000000000
state_senate_2022,DORCHESTER - NEWINGTON,38,1.000000000000
state_senate_2022,DORCHESTER - NEWINGTON 2,38,1.000000000000
state_senate_2022,YORK - NEWPORT,15,1.000000000000
state_senate_2022,BERKELEY - NEXTON,39,1.000000000000
state_senate_2022,MARION - NICHOLS,30,1.000000000000
state_senate_2022,PICKENS - NINE FORKS,2,0.996953425382
state_senate_2022,PICKENS - NINE FORKS,5,0.002711828481
state_senate_2022,PICKENS - NINE FORKS,6,0.000334746137
state_senate_2022,CHEROKEE - NINETY NINE AND CHEROKEE FALLS,14,1.000000000000
state_senate_2022,GREENWOOD - NINETY SIX,10,1.000000000000
state_senate_2022,GREENWOOD - NINETY SIX MILL,10,1.000000000000
state_senate_2022,ORANGEBURG - NIX,39,1.000000000000
state_senate_2022,HORRY - NIXONS X ROADS 1,28,1.000000000000
state_senate_2022,HORRY - NIXONS X ROADS 2,28,1.000000000000
state_senate_2022,HORRY - NIXONS X ROADS 3,28,1.000000000000
state_senate_2022,PICKENS - NORRIS,2,1.000000000000
state_senate_2022,ORANGEBURG - NORTH 1,40,1.000000000000
state_senate_2022,ORANGEBURG - NORTH 2,40,1.000000000000
state_senate_2022,BAMBERG - NORTH BAMBERG,39,0.000016025898
state_senate_2022,BAMBERG - NORTH BAMBERG,40,0.999983974102
state_senate_2022,PICKENS - NORTH CENTRAL,2,1.000000000000
state_senate_2022,CHARLESTON - NORTH CHARLESTON 1,42,1.000000000000
state_senate_2022,CHARLESTON - NORTH CHARLESTON 10,42,0.999763457066
state_senate_2022,CHARLESTON - NORTH CHARLESTON 10,44,0.000236542934
state_senate_2022,CHARLESTON - NORTH CHARLESTON 11,42,1.000000000000
state_senate_2022,CHARLESTON - NORTH CHARLESTON 12,42,1.000000000000
state_senate_2022,CHARLESTON - NORTH CHARLESTON 13,42,1.000000000000
state_senate_2022,CHARLESTON - NORTH CHARLESTON 14,42,0.999996900106
state_senate_2022,CHARLESTON - NORTH CHARLESTON 14,44,0.000003099894
state_senate_2022,CHARLESTON - NORTH CHARLESTON 15,42,1.000000000000
state_senate_2022,CHARLESTON - NORTH CHARLESTON 16,42,1.000000000000
state_senate_2022,CHARLESTON - NORTH CHARLESTON 17,42,1.000000000000
state_senate_2022,CHARLESTON - NORTH CHARLESTON 18,42,1.000000000000
state_senate_2022,CHARLESTON - NORTH CHARLESTON 19,42,1.000000000000
state_senate_2022,CHARLESTON - NORTH CHARLESTON 2,20,0.000847808946
state_senate_2022,CHARLESTON - NORTH CHARLESTON 2,41,0.004063895732
state_senate_2022,CHARLESTON - NORTH CHARLESTON 2,42,0.995088295322
state_senate_2022,CHARLESTON - NORTH CHARLESTON 20,41,0.021245661168
state_senate_2022,CHARLESTON - NORTH CHARLESTON 20,42,0.978754338832
state_senate_2022,CHARLESTON - NORTH CHARLESTON 21,41,0.003877648740
state_senate_2022,CHARLESTON - NORTH CHARLESTON 21,42,0.996122351260
state_senate_2022,CHARLESTON - NORTH CHARLESTON 22,41,0.002656694318
state_senate_2022,CHARLESTON - NORTH CHARLESTON 22,42,0.997343305682
state_senate_2022,CHARLESTON - NORTH CHARLESTON 23,41,0.001719490265
state_senate_2022,CHARLESTON - NORTH CHARLESTON 23,42,0.998280509735
state_senate_2022,CHARLESTON - NORTH CHARLESTON 24,42,1.000000000000
state_senate_2022,CHARLESTON - NORTH CHARLESTON 25,42,1.000000000000
state_senate_2022,CHARLESTON - NORTH CHARLESTON 26,42,0.998218458545
state_senate_2022,CHARLESTON - NORTH CHARLESTON 26,44,0.001781541455
state_senate_2022,CHARLESTON - NORTH CHARLESTON 27,42,0.992223516847
state_senate_2022,CHARLESTON - NORTH CHARLESTON 27,44,0.007776483153
state_senate_2022,CHARLESTON - NORTH CHARLESTON 28,42,0.984385858147
state_senate_2022,CHARLESTON - NORTH CHARLESTON 28,44,0.015614141853
state_senate_2022,CHARLESTON - NORTH CHARLESTON 29,42,1.000000000000
state_senate_2022,CHARLESTON - NORTH CHARLESTON 3,41,0.047662696589
state_senate_2022,CHARLESTON - NORTH CHARLESTON 3,42,0.952337303411
state_senate_2022,CHARLESTON - NORTH CHARLESTON 30,42,1.000000000000
state_senate_2022,CHARLESTON - NORTH CHARLESTON 4,42,1.000000000000
state_senate_2022,CHARLESTON - NORTH CHARLESTON 5,42,1.000000000000
state_senate_2022,CHARLESTON - NORTH CHARLESTON 6,42,1.000000000000
state_senate_2022,CHARLESTON - NORTH CHARLESTON 7,42,1.000000000000
state_senate_2022,CHARLESTON - NORTH CHARLESTON 8,42,0.999711132915
state_senate_2022,CHARLESTON - NORTH CHARLESTON 8,44,0.000288867085
state_senate_2022,CHARLESTON - NORTH CHARLESTON 9,37,0.004194069707
state_senate_2022,CHARLESTON - NORTH CHARLESTON 9,42,0.000000791771
state_senate_2022,CHARLESTON - NORTH CHARLESTON 9,44,0.995805138522
state_senate_2022,HORRY - NORTH CONWAY 1,32,0.000001397447
state_senate_2022,HORRY - NORTH CONWAY 1,33,0.999998602553
state_senate_2022,HORRY - NORTH CONWAY 2,33,1.000000000000
state_senate_2022,BERKELEY - NORTH CREEK,39,1.000000000000
state_senate_2022,RICHLAND - NORTH FOREST ACRES,21,0.000320903070
state_senate_2022,RICHLAND - NORTH FOREST ACRES,22,0.999679096930
state_senate_2022,PICKENS - NORTH LIBERTY,2,1.000000000000
state_senate_2022,PICKENS - NORTH PICKENS,2,1.000000000000
state_senate_2022,ANDERSON - NORTH POINTE,3,1.000000000000
state_senate_2022,EDGEFIELD - NORTH SIDE,10,0.000520799108
state_senate_2022,EDGEFIELD - NORTH SIDE,25,0.999479200892
state_senate_2022,RICHLAND - NORTH SPRINGS 1,22,1.000000000000
state_senate_2022,RICHLAND - NORTH SPRINGS 2,22,1.000000000000
state_senate_2022,RICHLAND - NORTH SPRINGS 3,22,1.000000000000
state_senate_2022,DORCHESTER - NORTH SUMMERVILLE,38,1.000000000000
state_senate_2022,DORCHESTER - NORTH SUMMERVILLE 2,38,1.000000000000
state_senate_2022,YORK - NORTHSIDE,15,1.000000000000
state_senate_2022,YORK - NORTHWESTERN,15,1.000000000000
state_senate_2022,GREENVILLE - NORTHWOOD,6,1.000000000000
state_senate_2022,ORANGEBURG - NORWAY,40,1.000000000000
state_senate_2022,NEWBERRY - ONEAL,10,0.000628965392
state_senate_2022,NEWBERRY - ONEAL,18,0.999371034608
state_senate_2022,DILLON - OAK GROVE,29,0.000000010979
state_senate_2022,DILLON - OAK GROVE,30,0.999999989021
state_senate_2022,FLORENCE - OAK GROVE-SARDIS,29,0.000000016467
state_senate_2022,FLORENCE - OAK GROVE-SARDIS,31,0.999999983533
state_senate_2022,RICHLAND - OAK POINTE 1,18,0.999758871525
state_senate_2022,RICHLAND - OAK POINTE 1,19,0.000241128475
state_senate_2022,RICHLAND - OAK POINTE 2,18,1.000000000000
state_senate_2022,RICHLAND - OAK POINTE 3,18,1.000000000000
state_senate_2022,DORCHESTER - OAKBROOK,41,0.985072399268
state_senate_2022,DORCHESTER - OAKBROOK,42,0.014927600732
state_senate_2022,DORCHESTER - OAKBROOK 2,41,1.000000000000
state_senate_2022,DILLON - OAKLAND,30,1.000000000000
state_senate_2022,NEWBERRY - OAKLAND,18,1.000000000000
state_senate_2022,SPARTANBURG - OAKLAND ELEMENTARY,11,1.000000000000
state_senate_2022,SUMTER - OAKLAND PLANT 1,35,1.000000000000
state_senate_2022,SUMTER - OAKLAND PLANT 2,35,1.000000000000
state_senate_2022,YORK - OAKRIDGE,15,1.000000000000
state_senate_2022,GREENVILLE - OAKVIEW,8,0.000768433895
state_senate_2022,GREENVILLE - OAKVIEW,12,0.999231566105
state_senate_2022,LEXINGTON - OAKWOOD,23,1.000000000000
state_senate_2022,RICHLAND - OAKWOOD,21,0.999999940910
state_senate_2022,RICHLAND - OAKWOOD,22,0.000000059090
state_senate_2022,YORK - OAKWOOD,15,1.000000000000
state_senate_2022,DARLINGTON - OATES,29,1.000000000000
state_senate_2022,HORRY - OCEAN DRIVE 1,28,1.000000000000
state_senate_2022,HORRY - OCEAN DRIVE 2,28,1.000000000000
state_senate_2022,HORRY - OCEAN DRIVE 3,28,1.000000000000
state_senate_2022,HORRY - OCEAN FOREST 1,33,1.000000000000
state_senate_2022,HORRY - OCEAN FOREST 2,33,1.000000000000
state_senate_2022,HORRY - OCEAN FOREST 3,33,1.000000000000
state_senate_2022,YORK - OGDEN,17,1.000000000000
state_senate_2022,JASPER - OKATIE 1,45,1.000000000000
state_senate_2022,JASPER - OKATIE 2,45,0.000000006483
state_senate_2022,JASPER - OKATIE 2,46,0.999999993517
state_senate_2022,FLORENCE - OLANTA,29,0.000000019150
state_senate_2022,FLORENCE - OLANTA,31,0.999999926655
state_senate_2022,FLORENCE - OLANTA,36,0.000000054195
state_senate_2022,BAMBERG - OLAR,40,1.000000000000
state_senate_2022,BERKELEY - OLD 52,37,1.000000000000
state_senate_2022,LEXINGTON - OLD BARNWELL RD,23,0.999997361598
state_senate_2022,LEXINGTON - OLD BARNWELL RD,26,0.000002638402
state_senate_2022,SPARTANBURG - OLD BRIDGE,11,1.000000000000
state_senate_2022,RICHLAND - OLD FRIARSGATE,18,0.000004359516
state_senate_2022,RICHLAND - OLD FRIARSGATE,19,0.999995640484
state_senate_2022,LEXINGTON - OLD LEXINGTON,18,1.000000000000
state_senate_2022,YORK - OLD POINTE,15,1.000000000000
state_senate_2022,RICHLAND - OLYMPIA,21,0.997731598265
state_senate_2022,RICHLAND - OLYMPIA,26,0.002268401735
state_senate_2022,GREENVILLE - ONEAL,5,1.000000000000
state_senate_2022,ORANGEBURG - ORANGEBURG WARD 1,40,1.000000000000
state_senate_2022,ORANGEBURG - ORANGEBURG WARD 10,40,1.000000000000
state_senate_2022,ORANGEBURG - ORANGEBURG WARD 2,39,1.000000000000
state_senate_2022,ORANGEBURG - ORANGEBURG WARD 3,39,1.000000000000
state_senate_2022,ORANGEBURG - ORANGEBURG WARD 4,39,1.000000000000
state_senate_2022,ORANGEBURG - ORANGEBURG WARD 5,40,1.000000000000
state_senate_2022,ORANGEBURG - ORANGEBURG WARD 6,40,1.000000000000
state_senate_2022,ORANGEBURG - ORANGEBURG WARD 7,40,1.000000000000
state_senate_2022,ORANGEBURG - ORANGEBURG WARD 8,40,1.000000000000
state_senate_2022,ORANGEBURG - ORANGEBURG WARD 9,40,1.000000000000
state_senate_2022,YORK - ORCHARD PARK,16,1.000000000000
state_senate_2022,SUMTER - OSWEGO,29,0.000000059902
state_senate_2022,SUMTER - OSWEGO,35,0.000846557572
state_senate_2022,SUMTER - OSWEGO,36,0.999153382527
state_senate_2022,CHESTERFIELD - OUSLEYDALE,27,0.999263259547
state_senate_2022,CHESTERFIELD - OUSLEYDALE,29,0.000736740453
state_senate_2022,SPARTANBURG - PACOLET ELEMENTARY SCHOOL,13,1.000000000000
state_senate_2022,CHESTERFIELD - PAGELAND NO. 1,27,1.000000000000
state_senate_2022,CHESTERFIELD - PAGELAND NO. 2,27,1.000000000000
state_senate_2022,DARLINGTON - PALMETTO,29,0.001133019418
state_senate_2022,DARLINGTON - PALMETTO,30,0.997107047551
state_senate_2022,DARLINGTON - PALMETTO,31,0.001759933031
state_senate_2022,GREENVILLE - PALMETTO,6,0.998461763738
state_senate_2022,GREENVILLE - PALMETTO,8,0.001393267188
state_senate_2022,GREENVILLE - PALMETTO,12,0.000144969074
state_senate_2022,SPARTANBURG - PALMETTO,14,1.000000000000
state_senate_2022,YORK - PALMETTO,16,1.000000000000
state_senate_2022,HORRY - PALMETTO BAYS,33,1.000000000000
state_senate_2022,SUMTER - PALMETTO PARK,35,0.999718093352
state_senate_2022,SUMTER - PALMETTO PARK,36,0.000281906648
state_senate_2022,FLORENCE - PAMPLICO NO. 1,31,1.000000000000
state_senate_2022,FLORENCE - PAMPLICO NO. 2,31,1.000000000000
state_senate_2022,GREENVILLE - PARIS MOUNTAIN,6,1.000000000000
state_senate_2022,LEXINGTON - PARK ROAD 1,10,0.999952792518
state_senate_2022,LEXINGTON - PARK ROAD 1,25,0.000047207482
state_senate_2022,LEXINGTON - PARK ROAD 2,10,1.000000000000
state_senate_2022,RICHLAND - PARKRIDGE 1,18,0.002263511768
state_senate_2022,RICHLAND - PARKRIDGE 1,19,0.997736488232
state_senate_2022,RICHLAND - PARKRIDGE 2,18,0.029323120292
state_senate_2022,RICHLAND - PARKRIDGE 2,19,0.970676874324
state_senate_2022,RICHLAND - PARKRIDGE 2,26,0.000000005384
state_senate_2022,MCCORMICK - PARKSVILLE,25,1.000000000000
state_senate_2022,RICHLAND - PARKWAY 1,19,0.000007297975
state_senate_2022,RICHLAND - PARKWAY 1,22,0.999992702025
state_senate_2022,RICHLAND - PARKWAY 2,22,0.999998112716
state_senate_2022,RICHLAND - PARKWAY 2,35,0.000001887284
state_senate_2022,RICHLAND - PARKWAY 3,22,1.000000000000
state_senate_2022,GREENWOOD - PARSONS MILL,10,1.000000000000
state_senate_2022,CHESTERFIELD - PATRICK,27,0.999484781944
state_senate_2022,CHESTERFIELD - PATRICK,29,0.000515218056
state_senate_2022,DORCHESTER - PATRIOT,41,0.003901157697
state_senate_2022,DORCHESTER - PATRIOT,42,0.996098842303
state_senate_2022,SPARTANBURG - PAULINE GLENN SPRINGS ELEMENTARY,13,1.000000000000
state_senate_2022,GEORGETOWN - PAWLEYS ISLAND NO. 1,34,1.000000000000
state_senate_2022,GEORGETOWN - PAWLEYS ISLAND NO. 2,34,1.000000000000
state_senate_2022,GEORGETOWN - PAWLEYS ISLAND NO. 3,34,1.000000000000
state_senate_2022,GEORGETOWN - PAWLEYS ISLAND NO. 4,32,0.000000021129
state_senate_2022,GEORGETOWN - PAWLEYS ISLAND NO. 4,34,0.999999978871
state_senate_2022,GEORGETOWN - PAWLEYS ISLAND NO. 5,32,0.000000563129
state_senate_2022,GEORGETOWN - PAWLEYS ISLAND NO. 5,34,0.999999436871
state_senate_2022,HORRY - PAWLEYS SWAMP,32,1.000000000000
state_senate_2022,SPARTANBURG - PEACH BLOSSOM,11,1.000000000000
state_senate_2022,NEWBERRY - PEAK,17,0.000000055637
state_senate_2022,NEWBERRY - PEAK,18,0.999999944363
state_senate_2022,GREENVILLE - PEBBLE CREEK,5,0.000010323457
state_senate_2022,GREENVILLE - PEBBLE CREEK,6,0.999989676543
state_senate_2022,GREENWOOD - PEBBLE STONE WAY,10,1.000000000000
state_senate_2022,CHESTERFIELD - PEE DEE,27,0.998012594380
state_senate_2022,CHESTERFIELD - PEE DEE,29,0.001987405620
state_senate_2022,GEORGETOWN - PEE DEE,32,1.000000000000
state_senate_2022,COLLETON - PEEPLES,41,0.999943360715
state_senate_2022,COLLETON - PEEPLES,45,0.000056639285
state_senate_2022,GREENVILLE - PELHAM FALLS,8,0.000336831478
state_senate_2022,GREENVILLE - PELHAM FALLS,12,0.999663168522
state_senate_2022,SPARTANBURG - PELHAM FIRE STATION,12,1.000000000000
state_senate_2022,LEXINGTON - PELION 2,23,0.999899211790
state_senate_2022,LEXINGTON - PELION 2,40,0.000100788210
state_senate_2022,LEXINGTON - PELION 1,23,1.000000000000
state_senate_2022,ANDERSON - PELZER,4,0.999618587792
state_senate_2022,ANDERSON - PELZER,9,0.000381412208
state_senate_2022,ANDERSON - PENDLETON,3,1.000000000000
state_senate_2022,PICKENS - PENDLETON,2,0.998481466610
state_senate_2022,PICKENS - PENDLETON,3,0.001518533390
state_senate_2022,COLLETON - PENIEL,45,1.000000000000
state_senate_2022,RICHLAND - PENNINGTON 1,21,1.000000000000
state_senate_2022,RICHLAND - PENNINGTON 2,21,1.000000000000
state_senate_2022,GEORGETOWN - PENNYROYAL,32,1.000000000000
state_senate_2022,WILLIAMSBURG - PERGAMOS,31,0.000000222985
state_senate_2022,WILLIAMSBURG - PERGAMOS,32,0.999999777015
state_senate_2022,COLLETON - PETITS,45,1.000000000000
state_senate_2022,PICKENS - PICKENSVILLE,2,1.000000000000
state_senate_2022,ANDERSON - PIEDMONT,4,0.990638296465
state_senate_2022,ANDERSON - PIEDMONT,9,0.009361703535
state_senate_2022,GREENVILLE - PIEDMONT,4,0.000721822231
state_senate_2022,GREENVILLE - PIEDMONT,7,0.003131080315
state_senate_2022,GREENVILLE - PIEDMONT,9,0.996147097454
state_senate_2022,ANDERSON - PIERCETOWN,3,1.000000000000
state_senate_2022,PICKENS - PIKE,1,1.000000000000
state_senate_2022,LEXINGTON - PILGRIM CHURCH,10,1.000000000000
state_senate_2022,BERKELEY - PIMLICO,37,1.000000000000
state_senate_2022,BERKELEY - PINE GROVE,37,1.000000000000
state_senate_2022,RICHLAND - PINE GROVE,19,0.979103506548
state_senate_2022,RICHLAND - PINE GROVE,26,0.020896493452
state_senate_2022,RICHLAND - PINE LAKES 1,21,1.000000000000
state_senate_2022,RICHLAND - PINE LAKES 2,21,0.999999673727
state_senate_2022,RICHLAND - PINE LAKES 2,35,0.000000326273
state_senate_2022,LEXINGTON - PINE RIDGE 1,23,0.002962553395
state_senate_2022,LEXINGTON - PINE RIDGE 1,26,0.997037446605
state_senate_2022,GREENWOOD - PINECREST,10,1.000000000000
state_senate_2022,ORANGEBURG - PINEHILL,40,1.000000000000
state_senate_2022,JASPER - PINELAND,45,1.000000000000
state_senate_2022,LEXINGTON - PINERIDGE 2,23,0.000013080573
state_senate_2022,LEXINGTON - PINERIDGE 2,26,0.999986919427
state_senate_2022,GREENVILLE - PINEVIEW,8,0.000029197411
state_senate_2022,GREENVILLE - PINEVIEW,9,0.999970802589
state_senate_2022,LEXINGTON - PINEVIEW,23,0.000001086130
state_senate_2022,LEXINGTON - PINEVIEW,26,0.999998913870
state_senate_2022,RICHLAND - PINEWOOD,21,1.000000000000
state_senate_2022,SUMTER - PINEWOOD,21,0.000038944616
state_senate_2022,SUMTER - PINEWOOD,35,0.999561300804
state_senate_2022,SUMTER - PINEWOOD,36,0.000399754580
state_senate_2022,WILLIAMSBURG - PINEY FOREST,32,1.000000000000
state_senate_2022,BERKELEY - PINOPOLIS,37,1.000000000000
state_senate_2022,GEORGETOWN - PLANTERSVILLE,32,1.000000000000
state_senate_2022,LEXINGTON - PLATT SPRINGS 1,23,1.000000000000
state_senate_2022,LEXINGTON - PLATT SPRINGS 2,23,1.000000000000
state_senate_2022,CHEROKEE - PLEASANT GROVE,14,1.000000000000
state_senate_2022,SALUDA - PLEASANT GROVE,10,0.999999979203
state_senate_2022,SALUDA - PLEASANT GROVE,25,0.000000020797
state_senate_2022,DILLON - PLEASANT HILL,30,1.000000000000
state_senate_2022,GEORGETOWN - PLEASANT HILL,32,1.000000000000
state_senate_2022,CHEROKEE - PLEASANT MEADOWS,14,1.000000000000
state_senate_2022,YORK - PLEASANT ROAD,16,1.000000000000
state_senate_2022,HORRY - PLEASANT VIEW,30,1.000000000000
state_senate_2022,MCCORMICK - PLUM BRANCH,25,1.000000000000
state_senate_2022,SUMTER - POCOTALIGO 1,36,1.000000000000
state_senate_2022,SUMTER - POCOTALIGO 2,35,0.000139179999
state_senate_2022,SUMTER - POCOTALIGO 2,36,0.999860820001
state_senate_2022,GREENVILLE - POINSETT,6,0.999853974270
state_senate_2022,GREENVILLE - POINSETT,7,0.000146025730
state_senate_2022,YORK - POLE BRANCH,15,1.000000000000
state_senate_2022,RICHLAND - POLO ROAD,22,1.000000000000
state_senate_2022,NEWBERRY - POMARIA,18,1.000000000000
state_senate_2022,BERKELEY - POMFLANT,37,0.999999848403
state_senate_2022,BERKELEY - POMFLANT,39,0.000000151597
state_senate_2022,LEXINGTON - POND BRANCH,23,0.999999947206
state_senate_2022,LEXINGTON - POND BRANCH,25,0.000000052794
state_senate_2022,RICHLAND - PONTIAC 1,21,0.000000008683
state_senate_2022,RICHLAND - PONTIAC 1,22,0.000063710016
state_senate_2022,RICHLAND - PONTIAC 1,35,0.999936281301
state_senate_2022,RICHLAND - PONTIAC 2,35,1.000000000000
state_senate_2022,PICKENS - POPE FIELD,2,1.000000000000
state_senate_2022,HORRY - POPLAR HILL,28,1.000000000000
state_senate_2022,SPARTANBURG - POPLAR SPRINGS FIRE STATION,12,0.999935166257
state_senate_2022,SPARTANBURG - POPLAR SPRINGS FIRE STATION,13,0.000064833743
state_senate_2022,HORRY - PORT HARRELSON,32,1.000000000000
state_senate_2022,GEORGETOWN - POTATO BED FERRY,32,1.000000000000
state_senate_2022,ANDERSON - POWDERSVILLE,2,0.000000044203
state_senate_2022,ANDERSON - POWDERSVILLE,3,0.999870090348
state_senate_2022,ANDERSON - POWDERSVILLE,4,0.000000001911
state_senate_2022,ANDERSON - POWDERSVILLE,7,0.000129863539
state_senate_2022,SPARTANBURG - POWELL SAXON UNA,11,1.000000000000
state_senate_2022,PICKENS - PRATERS CREEK,2,1.000000000000
state_senate_2022,SUMTER - PRIVATEER,35,0.000988928436
state_senate_2022,SUMTER - PRIVATEER,36,0.999011071564
state_senate_2022,FLORENCE - PROSPECT,31,1.000000000000
state_senate_2022,NEWBERRY - PROSPERITY CITY,18,1.000000000000
state_senate_2022,NEWBERRY - PROSPERITY OUTSIDE,18,1.000000000000
state_senate_2022,ORANGEBURG - PROVIDENCE,36,1.000000000000
state_senate_2022,LEXINGTON - PROVIDENCE CHURCH,10,1.000000000000
state_senate_2022,PICKENS - PUMPKINTOWN,2,0.997334250060
state_senate_2022,PICKENS - PUMPKINTOWN,5,0.002665749940
state_senate_2022,UNION - PUTNAM,13,1.000000000000
state_senate_2022,LEXINGTON - QUAIL HOLLOW,18,0.003596421029
state_senate_2022,LEXINGTON - QUAIL HOLLOW,23,0.000000088696
state_senate_2022,LEXINGTON - QUAIL HOLLOW,26,0.996403490276
state_senate_2022,LEXINGTON - QUAIL VALLEY,18,0.999999339726
state_senate_2022,LEXINGTON - QUAIL VALLEY,19,0.000000357268
state_senate_2022,LEXINGTON - QUAIL VALLEY,26,0.000000303005
state_senate_2022,MARLBORO - QUICKS X ROADS,29,1.000000000000
state_senate_2022,FLORENCE - QUINBY,30,1.000000000000
state_senate_2022,SPARTANBURG - R.D. ANDERSON VOCATIONAL,13,1.000000000000
state_senate_2022,KERSHAW - RABONS CROSSROADS,27,1.000000000000
state_senate_2022,HORRY - RACEPATH 1,32,0.000000665031
state_senate_2022,HORRY - RACEPATH 1,33,0.999999334969
state_senate_2022,HORRY - RACEPATH 2,33,1.000000000000
state_senate_2022,SPARTANBURG - RAINBOW,11,1.000000000000
state_senate_2022,MARION - RAINS,30,1.000000000000
state_senate_2022,GREENVILLE - RAINTREE,9,1.000000000000
state_senate_2022,GREENVILLE - RANCH CREEK,7,0.999896433569
state_senate_2022,GREENVILLE - RANCH CREEK,8,0.000028523344
state_senate_2022,GREENVILLE - RANCH CREEK,9,0.000075043086
state_senate_2022,LEE - RATTLESNAKE SPRINGS,35,1.000000000000
state_senate_2022,LEXINGTON - RED BANK,23,1.000000000000
state_senate_2022,LEXINGTON - RED BANK SOUTH 2,23,1.000000000000
state_senate_2022,LEXINGTON - RED BANK SOUTH 1,23,1.000000000000
state_senate_2022,HORRY - RED BLUFF,28,1.000000000000
state_senate_2022,MARLBORO - RED HILL,29,1.000000000000
state_senate_2022,HORRY - RED HILL 1,33,1.000000000000
state_senate_2022,HORRY - RED HILL 2,33,1.000000000000
state_senate_2022,GREENVILLE - REEDY FORK,7,0.998707042274
state_senate_2022,GREENVILLE - REEDY FORK,9,0.001292957726
state_senate_2022,DORCHESTER - REEVESVILLE,39,1.000000000000
state_senate_2022,SPARTANBURG - REIDVILLE ELEMENTARY,12,0.000000808303
state_senate_2022,SPARTANBURG - REIDVILLE ELEMENTARY,13,0.999999191697
state_senate_2022,SPARTANBURG - REIDVILLE FIRE STATION,12,1.000000000000
state_senate_2022,SUMTER - REMBERT,21,0.000033913641
state_senate_2022,SUMTER - REMBERT,35,0.999966086359
state_senate_2022,RICHLAND - RICE CREEK 1,19,1.000000000000
state_senate_2022,RICHLAND - RICE CREEK 2,19,0.999898258991
state_senate_2022,RICHLAND - RICE CREEK 2,22,0.000101741009
state_senate_2022,COLLETON - RICE PATCH,40,0.000000956973
state_senate_2022,COLLETON - RICE PATCH,45,0.999999043027
state_senate_2022,PICKENS - RICES CREEK,2,1.000000000000
state_senate_2022,CHESTER - RICHBURG,17,1.000000000000
state_senate_2022,SALUDA - RICHLAND,25,1.000000000000
state_senate_2022,LEXINGTON - RIDGE ROAD,10,0.343730579329
state_senate_2022,LEXINGTON - RIDGE ROAD,18,0.001385847943
state_senate_2022,LEXINGTON - RIDGE ROAD,25,0.654883572728
state_senate_2022,SALUDA - RIDGE SPRING-MONETTA,25,0.999035799973
state_senate_2022,SALUDA - RIDGE SPRING-MONETTA,40,0.000964200027
state_senate_2022,RICHLAND - RIDGE VIEW 1,19,0.000000096018
state_senate_2022,RICHLAND - RIDGE VIEW 1,22,0.999999903982
state_senate_2022,RICHLAND - RIDGE VIEW 2,22,0.999999532426
state_senate_2022,RICHLAND - RIDGE VIEW 2,35,0.000000467574
state_senate_2022,JASPER - RIDGELAND 1,45,1.000000000000
state_senate_2022,JASPER - RIDGELAND 2,45,1.000000000000
state_senate_2022,JASPER - RIDGELAND 3,45,1.000000000000
state_senate_2022,DORCHESTER - RIDGEVILLE,39,0.000000270763
state_senate_2022,DORCHESTER - RIDGEVILLE,41,0.999999729237
state_senate_2022,DORCHESTER - RIDGEVILLE 2,38,0.000000004760
state_senate_2022,DORCHESTER - RIDGEVILLE 2,39,0.000000001566
state_senate_2022,DORCHESTER - RIDGEVILLE 2,41,0.999999993674
state_senate_2022,FAIRFIELD - RIDGEWAY,17,0.999986948533
state_senate_2022,FAIRFIELD - RIDGEWAY,22,0.000013041365
state_senate_2022,FAIRFIELD - RIDGEWAY,27,0.000000010102
state_senate_2022,RICHLAND - RIDGEWOOD,19,1.000000000000
state_senate_2022,GREENWOOD - RILEY,10,1.000000000000
state_senate_2022,COLLETON - RITTER,45,1.000000000000
state_senate_2022,YORK - RIVERS EDGE,15,1.000000000000
state_senate_2022,LEXINGTON - RIVER BLUFF,10,0.000302924570
state_senate_2022,LEXINGTON - RIVER BLUFF,18,0.997710327912
state_senate_2022,LEXINGTON - RIVER BLUFF,23,0.000916509985
state_senate_2022,LEXINGTON - RIVER BLUFF,26,0.001070237532
state_senate_2022,YORK - RIVER HILLS,15,1.000000000000
state_senate_2022,HORRY - RIVER OAKS,33,1.000000000000
state_senate_2022,SPARTANBURG - RIVER RIDGE ELEMENTARY,12,1.000000000000
state_senate_2022,GREENVILLE - RIVER WALK,8,0.997273566426
state_senate_2022,GREENVILLE - RIVER WALK,13,0.002726433574
state_senate_2022,KERSHAW - RIVERDALE,27,0.000025090118
state_senate_2022,KERSHAW - RIVERDALE,35,0.999974909882
state_senate_2022,HAMPTON - RIVERS MILL,45,1.000000000000
state_senate_2022,GREENVILLE - RIVERSIDE,5,0.001906559245
state_senate_2022,GREENVILLE - RIVERSIDE,6,0.997112452472
state_senate_2022,GREENVILLE - RIVERSIDE,12,0.000980988283
state_senate_2022,RICHLAND - RIVERSIDE,19,0.999770349714
state_senate_2022,RICHLAND - RIVERSIDE,26,0.000229650286
state_senate_2022,RICHLAND - RIVERSPRINGS 1,18,1.000000000000
state_senate_2022,RICHLAND - RIVERSPRINGS 2,18,1.000000000000
state_senate_2022,RICHLAND - RIVERSPRINGS 3,18,1.000000000000
state_senate_2022,YORK - RIVERVIEW,16,1.000000000000
state_senate_2022,RICHLAND - RIVERWALK,18,0.000147215865
state_senate_2022,RICHLAND - RIVERWALK,19,0.999852784135
state_senate_2022,YORK - ROCK CREEK,14,1.000000000000
state_senate_2022,GREENVILLE - ROCK HILL,6,0.999562021777
state_senate_2022,GREENVILLE - ROCK HILL,8,0.000437978223
state_senate_2022,YORK - ROCK HILL NO. 2,17,1.000000000000
state_senate_2022,YORK - ROCK HILL NO. 3,17,1.000000000000
state_senate_2022,YORK - ROCK HILL NO. 4,17,1.000000000000
state_senate_2022,YORK - ROCK HILL NO. 5,15,0.999999955541
state_senate_2022,YORK - ROCK HILL NO. 5,17,0.000000044459
state_senate_2022,YORK - ROCK HILL NO. 6,17,1.000000000000
state_senate_2022,YORK - ROCK HILL NO. 7,15,1.000000000000
state_senate_2022,YORK - ROCK HILL NO. 8,17,1.000000000000
state_senate_2022,ANDERSON - ROCK MILL,3,1.000000000000
state_senate_2022,ANDERSON - ROCK SPRING,4,1.000000000000
state_senate_2022,PICKENS - ROCK SPRINGS,2,1.000000000000
state_senate_2022,GREENVILLE - ROCKY CREEK,8,1.000000000000
state_senate_2022,CHESTER - RODMAN,17,1.000000000000
state_senate_2022,SPARTANBURG - ROEBUCK BETHLEHEM,12,1.000000000000
state_senate_2022,SPARTANBURG - ROEBUCK ELEMENTARY,12,1.000000000000
state_senate_2022,GREENVILLE - ROLLING GREEN,8,0.000842412579
state_senate_2022,GREENVILLE - ROLLING GREEN,12,0.999157587421
state_senate_2022,YORK - ROOSEVELT,14,1.000000000000
state_senate_2022,YORK - ROSEWOOD,15,1.000000000000
state_senate_2022,DORCHESTER - ROSINVILLE,39,1.000000000000
state_senate_2022,DORCHESTER - ROSSES,39,1.000000000000
state_senate_2022,CHESTER - ROSSVILLE,17,1.000000000000
state_senate_2022,LEXINGTON - ROUND HILL,10,0.000000001581
state_senate_2022,LEXINGTON - ROUND HILL,23,0.000004277852
state_senate_2022,LEXINGTON - ROUND HILL,25,0.999995720567
state_senate_2022,COLLETON - ROUND O,41,0.999999980211
state_senate_2022,COLLETON - ROUND O,45,0.000000019789
state_senate_2022,RICHLAND - ROUND TOP,22,1.000000000000
state_senate_2022,ORANGEBURG - ROWESVILLE,39,1.000000000000
state_senate_2022,GREENVILLE - ROYAL OAKS,7,1.000000000000
state_senate_2022,BERKELEY - ROYLE,44,1.000000000000
state_senate_2022,CHESTERFIELD - RUBY,27,1.000000000000
state_senate_2022,COLLETON - RUFFIN,40,0.999999852946
state_senate_2022,COLLETON - RUFFIN,41,0.000000147054
state_senate_2022,BERKELEY - RUSSELLVILLE,32,1.000000000000
state_senate_2022,GREENWOOD - RUTHERFORD SHOALS,9,0.000000034969
state_senate_2022,GREENWOOD - RUTHERFORD SHOALS,10,0.999999965031
state_senate_2022,MARLBORO - S BENNETTSVILLE,29,1.000000000000
state_senate_2022,MARION - S EAST MULLINS,30,1.000000000000
state_senate_2022,MARION - S WEST MULLINS,30,1.000000000000
state_senate_2022,FLORENCE - SALEM,31,1.000000000000
state_senate_2022,HORRY - SALEM,28,0.999615131301
state_senate_2022,HORRY - SALEM,33,0.000384868699
state_senate_2022,SUMTER - SALEM,29,0.999985084647
state_senate_2022,SUMTER - SALEM,36,0.000014915353
state_senate_2022,KERSHAW - SALT POND,27,1.000000000000
state_senate_2022,WILLIAMSBURG - SALTERS,32,1.000000000000
state_senate_2022,SUMTER - SALTERSTOWN,36,1.000000000000
state_senate_2022,GREENVILLE - SALUDA,2,1.000000000000
state_senate_2022,PICKENS - SALUDA,2,0.999305897287
state_senate_2022,PICKENS - SALUDA,3,0.000544749203
state_senate_2022,PICKENS - SALUDA,7,0.000149353510
state_senate_2022,SALUDA - SALUDA NO. 1,10,0.000000029361
state_senate_2022,SALUDA - SALUDA NO. 1,25,0.999999970639
state_senate_2022,SALUDA - SALUDA NO. 2,10,0.000000004899
state_senate_2022,SALUDA - SALUDA NO. 2,25,0.999999995101
state_senate_2022,LEXINGTON - SALUDA RIVER,26,1.000000000000
state_senate_2022,GEORGETOWN - SAMPIT,32,1.000000000000
state_senate_2022,LEXINGTON - SANDHILL,23,1.000000000000
state_senate_2022,RICHLAND - SANDLAPPER,19,1.000000000000
state_senate_2022,GREENWOOD - SANDRIDGE,10,0.999999985339
state_senate_2022,GREENWOOD - SANDRIDGE,25,0.000000014661
state_senate_2022,WILLIAMSBURG - SANDY BAY,32,1.000000000000
state_senate_2022,GREENVILLE - SANDY FLAT,5,1.000000000000
state_senate_2022,CALHOUN - SANDY RUN,23,0.000000047259
state_senate_2022,CALHOUN - SANDY RUN,26,0.999999952741
state_senate_2022,LEXINGTON - SANDY RUN,26,1.000000000000
state_senate_2022,BERKELEY - SANGAREE 1,39,0.000073417814
state_senate_2022,BERKELEY - SANGAREE 1,44,0.999926582186
state_senate_2022,BERKELEY - SANGAREE 2,39,0.000022040194
state_senate_2022,BERKELEY - SANGAREE 2,44,0.999977959806
state_senate_2022,BERKELEY - SANGAREE 3,44,1.000000000000
state_senate_2022,GEORGETOWN - SANTEE,32,0.999999967238
state_senate_2022,GEORGETOWN - SANTEE,34,0.000000032762
state_senate_2022,ORANGEBURG - SANTEE 1,36,1.000000000000
state_senate_2022,ORANGEBURG - SANTEE 2,36,1.000000000000
state_senate_2022,UNION - SANTUCK,9,0.999488244648
state_senate_2022,UNION - SANTUCK,14,0.000000009714
state_senate_2022,UNION - SANTUCK,17,0.000511745638
state_senate_2022,SALUDA - SARDIS,25,1.000000000000
state_senate_2022,RICHLAND - SATCHELFORD,21,0.000001024462
state_senate_2022,RICHLAND - SATCHELFORD,22,0.999998975538
state_senate_2022,DORCHESTER - SAUL DAM,38,0.000000515633
state_senate_2022,DORCHESTER - SAUL DAM,41,0.999999484367
state_senate_2022,SUMTER - SAVAGE-GLOVER,36,1.000000000000
state_senate_2022,MCCORMICK - SAVANNAH,25,1.000000000000
state_senate_2022,FLORENCE - SAVANNAH GROVE,31,1.000000000000
state_senate_2022,DORCHESTER - SAWMILL BRANCH,38,1.000000000000
state_senate_2022,LEE - SCHROCKS MILLLUCKNOW,35,1.000000000000
state_senate_2022,HAMPTON - SCOTIA,45,1.000000000000
state_senate_2022,FLORENCE - SCRANTON,31,0.999878783579
state_senate_2022,FLORENCE - SCRANTON,32,0.000121216421
state_senate_2022,HORRY - SEA OATS 1,33,1.000000000000
state_senate_2022,HORRY - SEA OATS 2,33,1.000000000000
state_senate_2022,HORRY - SEA WINDS,34,1.000000000000
state_senate_2022,CHARLESTON - SEABROOK,43,0.996930859396
state_senate_2022,CHARLESTON - SEABROOK,45,0.003069140604
state_senate_2022,SUMTER - SECOND MILL,35,0.006396207545
state_senate_2022,SUMTER - SECOND MILL,36,0.993603792455
state_senate_2022,BERKELEY - SEDGEFIELD 1,37,0.018094731864
state_senate_2022,BERKELEY - SEDGEFIELD 1,39,0.000008189280
state_senate_2022,BERKELEY - SEDGEFIELD 1,44,0.981897078856
state_senate_2022,BERKELEY - SEDGEFIELD 2,37,0.998785186025
state_senate_2022,BERKELEY - SEDGEFIELD 2,39,0.000000014764
state_senate_2022,BERKELEY - SEDGEFIELD 2,44,0.001214799211
state_senate_2022,BERKELEY - SEDGEFIELD 3,37,0.000002901802
state_senate_2022,BERKELEY - SEDGEFIELD 3,39,0.999997098198
state_senate_2022,MARION - SELLERS,30,1.000000000000
state_senate_2022,LEXINGTON - SEVEN OAKS,18,0.999999988473
state_senate_2022,LEXINGTON - SEVEN OAKS,26,0.000000011527
state_senate_2022,BERKELEY - SEVENTY EIGHT,38,0.001490038016
state_senate_2022,BERKELEY - SEVENTY EIGHT,39,0.992360603168
state_senate_2022,BERKELEY - SEVENTY EIGHT,44,0.006149358816
state_senate_2022,GREENVILLE - SEVIER,6,1.000000000000
state_senate_2022,YORK - SHARON,14,1.000000000000
state_senate_2022,LEXINGTON - SHARPES HILL,23,0.999976329090
state_senate_2022,LEXINGTON - SHARPES HILL,26,0.000023670910
state_senate_2022,SUMTER - SHAW,35,1.000000000000
state_senate_2022,KERSHAW - SHAYLORS HILL,27,1.000000000000
state_senate_2022,PICKENS - SHEFFIELD,2,1.000000000000
state_senate_2022,HORRY - SHELL,28,1.000000000000
state_senate_2022,CHESTERFIELD - SHILOH,27,1.000000000000
state_senate_2022,ANDERSON - SHIRLEYS STORE,4,1.000000000000
state_senate_2022,SPARTANBURG - SHOALLY,11,1.000000000000
state_senate_2022,GREENWOOD - SHOALS JUNCTION,4,0.000000005513
state_senate_2022,GREENWOOD - SHOALS JUNCTION,10,0.999999994487
state_senate_2022,YORK - SHORELINE,16,1.000000000000
state_senate_2022,BERKELEY - SHULERVILLE,32,1.000000000000
state_senate_2022,COLLETON - SIDNEYS,41,1.000000000000
state_senate_2022,SPARTANBURG - SILVERHILL MEMORIAL UMC,11,1.000000000000
state_senate_2022,GREENVILLE - SILVERLEAF,5,0.010496221074
state_senate_2022,GREENVILLE - SILVERLEAF,6,0.989492627971
state_senate_2022,GREENVILLE - SILVERLEAF,12,0.000011150954
state_senate_2022,NEWBERRY - SILVERSTREET,18,1.000000000000
state_senate_2022,FAIRFIELD - SIMPSON,17,0.999220395194
state_senate_2022,FAIRFIELD - SIMPSON,22,0.000779604806
state_senate_2022,PICKENS - SIMPSON,2,1.000000000000
state_senate_2022,ANDERSON - SIMPSONVILLE,4,0.997510078703
state_senate_2022,ANDERSON - SIMPSONVILLE,7,0.000195175596
state_senate_2022,ANDERSON - SIMPSONVILLE,9,0.002294745701
state_senate_2022,GREENVILLE - SIMPSONVILLE 1,7,0.000017846111
state_senate_2022,GREENVILLE - SIMPSONVILLE 1,8,0.999982153889
state_senate_2022,GREENVILLE - SIMPSONVILLE 2,7,0.002218316841
state_senate_2022,GREENVILLE - SIMPSONVILLE 2,8,0.997421632529
state_senate_2022,GREENVILLE - SIMPSONVILLE 2,9,0.000360050630
state_senate_2022,GREENVILLE - SIMPSONVILLE 3,8,1.000000000000
state_senate_2022,GREENVILLE - SIMPSONVILLE 4,8,0.999791250160
state_senate_2022,GREENVILLE - SIMPSONVILLE 4,9,0.000208749840
state_senate_2022,GREENVILLE - SIMPSONVILLE 5,8,0.999755310736
state_senate_2022,GREENVILLE - SIMPSONVILLE 5,9,0.000244689264
state_senate_2022,GREENVILLE - SIMPSONVILLE 6,8,0.999076953344
state_senate_2022,GREENVILLE - SIMPSONVILLE 6,9,0.000923046656
state_senate_2022,WILLIAMSBURG - SINGLETARY,31,0.000000032409
state_senate_2022,WILLIAMSBURG - SINGLETARY,32,0.999999967591
state_senate_2022,PICKENS - SITTON,2,0.999054860672
state_senate_2022,PICKENS - SITTON,3,0.000945139328
state_senate_2022,PICKENS - SIX MILE,1,0.000000021257
state_senate_2022,PICKENS - SIX MILE,2,0.999999978743
state_senate_2022,YORK - SIX MILE,17,1.000000000000
state_senate_2022,PICKENS - SIX MILE MOUNTAIN,2,1.000000000000
state_senate_2022,PICKENS - SKELTON,2,1.000000000000
state_senate_2022,GREENVILLE - SKYLAND,5,1.000000000000
state_senate_2022,RICHLAND - SKYLAND,19,0.000754133425
state_senate_2022,RICHLAND - SKYLAND,26,0.999245866575
state_senate_2022,GREENVILLE - SLATER MARIETTA,2,0.000328301970
state_senate_2022,GREENVILLE - SLATER MARIETTA,5,0.999606654694
state_senate_2022,GREENVILLE - SLATER MARIETTA,6,0.000065043335
state_senate_2022,PICKENS - SMITH GROVE,2,1.000000000000
state_senate_2022,ABBEVILLE - SMITHVILLE,4,0.995498877784
state_senate_2022,ABBEVILLE - SMITHVILLE,10,0.004501122216
state_senate_2022,YORK - SMYRNA,14,1.000000000000
state_senate_2022,BARNWELL - SNELLING,40,1.000000000000
state_senate_2022,COLLETON - SNIDERS,40,0.000000018338
state_senate_2022,COLLETON - SNIDERS,41,0.000000040161
state_senate_2022,COLLETON - SNIDERS,45,0.999999941501
state_senate_2022,CHESTERFIELD - SNOW HILL-VAUGHN,27,0.997754327286
state_senate_2022,CHESTERFIELD - SNOW HILL-VAUGHN,29,0.002245672714
state_senate_2022,HORRY - SOCASTEE 1,34,1.000000000000
state_senate_2022,HORRY - SOCASTEE 2,34,1.000000000000
state_senate_2022,HORRY - SOCASTEE 3,34,1.000000000000
state_senate_2022,HORRY - SOCASTEE 4,33,0.000000139718
state_senate_2022,HORRY - SOCASTEE 4,34,0.999999860282
state_senate_2022,DARLINGTON - SOCIETY HILL,27,0.000466263485
state_senate_2022,DARLINGTON - SOCIETY HILL,29,0.999533736515
state_senate_2022,BAMBERG - SOUTH BAMBERG,40,1.000000000000
state_senate_2022,RICHLAND - SOUTH BELTLINE,21,0.999506482588
state_senate_2022,RICHLAND - SOUTH BELTLINE,22,0.000493517412
state_senate_2022,PICKENS - SOUTH CENTRAL,1,0.000000378130
state_senate_2022,PICKENS - SOUTH CENTRAL,2,0.999118474101
state_senate_2022,PICKENS - SOUTH CENTRAL,3,0.000881147769
state_senate_2022,DILLON - SOUTH DILLON,30,1.000000000000
state_senate_2022,ANDERSON - SOUTH FANT,4,1.000000000000
state_senate_2022,FLORENCE - SOUTH FLORENCE 1,31,1.000000000000
state_senate_2022,FLORENCE - SOUTH FLORENCE 2,31,1.000000000000
state_senate_2022,RICHLAND - SOUTH FOREST ACRES,21,0.001701157935
state_senate_2022,RICHLAND - SOUTH FOREST ACRES,22,0.998298842065
state_senate_2022,SUMTER - SOUTH LIBERTY,35,0.988415572930
state_senate_2022,SUMTER - SOUTH LIBERTY,36,0.011584427070
state_senate_2022,LEE - SOUTH LYNCHBURG,29,1.000000000000
state_senate_2022,PICKENS - SOUTH PICKENS,2,1.000000000000
state_senate_2022,SUMTER - SOUTH RED BAY,36,1.000000000000
state_senate_2022,FAIRFIELD - SOUTH WINNSBORO,17,1.000000000000
state_senate_2022,SPARTANBURG - SOUTHPORT,13,1.000000000000
state_senate_2022,GREENVILLE - SOUTHSIDE,7,0.999266021553
state_senate_2022,GREENVILLE - SOUTHSIDE,8,0.000733978447
state_senate_2022,DORCHESTER - SPANN,38,1.000000000000
state_senate_2022,GREENWOOD - SPARROWS GRACE,4,0.000000246539
state_senate_2022,GREENWOOD - SPARROWS GRACE,10,0.999999753461
state_senate_2022,GREENVILLE - SPARROWS POINT,8,0.000302627048
state_senate_2022,GREENVILLE - SPARROWS POINT,13,0.999697372952
state_senate_2022,SPARTANBURG - SPARTANGREEN,12,1.000000000000
state_senate_2022,FLORENCE - SPAULDING,30,1.000000000000
state_senate_2022,SUMTER - SPECTRUM,36,1.000000000000
state_senate_2022,GREENVILLE - SPRING FOREST,6,1.000000000000
state_senate_2022,GEORGETOWN - SPRING GULLEY,32,1.000000000000
state_senate_2022,LEE - SPRING HILL,35,1.000000000000
state_senate_2022,RICHLAND - SPRING HILL,17,0.000000268935
state_senate_2022,RICHLAND - SPRING HILL,18,0.999999731065
state_senate_2022,RICHLAND - SPRING VALLEY,19,0.000001090379
state_senate_2022,RICHLAND - SPRING VALLEY,21,0.000040066730
state_senate_2022,RICHLAND - SPRING VALLEY,22,0.999958842890
state_senate_2022,RICHLAND - SPRING VALLEY WEST,19,0.998938235610
state_senate_2022,RICHLAND - SPRING VALLEY WEST,21,0.000011890955
state_senate_2022,RICHLAND - SPRING VALLEY WEST,22,0.001049873434
state_senate_2022,KERSHAW - SPRINGDALE,27,0.999434839822
state_senate_2022,KERSHAW - SPRINGDALE,35,0.000565160178
state_senate_2022,LEXINGTON - SPRINGDALE,23,0.999666035467
state_senate_2022,LEXINGTON - SPRINGDALE,26,0.000333964533
state_senate_2022,YORK - SPRINGDALE,17,1.000000000000
state_senate_2022,LEXINGTON - SPRINGDALE SOUTH,23,0.999950172132
state_senate_2022,LEXINGTON - SPRINGDALE SOUTH,26,0.000049827868
state_senate_2022,ORANGEBURG - SPRINGFIELD,40,1.000000000000
state_senate_2022,YORK - SPRINGFIELD,16,1.000000000000
state_senate_2022,RICHLAND - SPRINGVILLE 1,18,1.000000000000
state_senate_2022,RICHLAND - SPRINGVILLE 2,18,1.000000000000
state_senate_2022,LEXINGTON - ST DAVIDS,23,1.000000000000
state_senate_2022,NEWBERRY - ST PHILLIPS-JOLLY STREET,18,1.000000000000
state_senate_2022,RICHLAND - ST. ANDREWS,19,0.000142233928
state_senate_2022,RICHLAND - ST. ANDREWS,26,0.999857766072
state_senate_2022,CHARLESTON - ST. ANDREWS 1,20,1.000000000000
state_senate_2022,CHARLESTON - ST. ANDREWS 10,20,1.000000000000
state_senate_2022,CHARLESTON - ST. ANDREWS 11,20,1.000000000000
state_senate_2022,CHARLESTON - ST. ANDREWS 12,20,0.994091732189
state_senate_2022,CHARLESTON - ST. ANDREWS 12,42,0.005908267811
state_senate_2022,CHARLESTON - ST. ANDREWS 13,20,0.953808241245
state_senate_2022,CHARLESTON - ST. ANDREWS 13,42,0.046191758755
state_senate_2022,CHARLESTON - ST. ANDREWS 14,20,1.000000000000
state_senate_2022,CHARLESTON - ST. ANDREWS 15,20,1.000000000000
state_senate_2022,CHARLESTON - ST. ANDREWS 16,20,1.000000000000
state_senate_2022,CHARLESTON - ST. ANDREWS 17,20,0.999999659668
state_senate_2022,CHARLESTON - ST. ANDREWS 17,41,0.000000340332
state_senate_2022,CHARLESTON - ST. ANDREWS 18,20,1.000000000000
state_senate_2022,CHARLESTON - ST. ANDREWS 19,20,1.000000000000
state_senate_2022,CHARLESTON - ST. ANDREWS 2,20,1.000000000000
state_senate_2022,CHARLESTON - ST. ANDREWS 20,20,0.999998883104
state_senate_2022,CHARLESTON - ST. ANDREWS 20,41,0.000001116896
state_senate_2022,CHARLESTON - ST. ANDREWS 21,20,0.941339128749
state_senate_2022,CHARLESTON - ST. ANDREWS 21,42,0.058660871251
state_senate_2022,CHARLESTON - ST. ANDREWS 22,20,0.000318208692
state_senate_2022,CHARLESTON - ST. ANDREWS 22,41,0.999074209457
state_senate_2022,CHARLESTON - ST. ANDREWS 22,42,0.000607581851
state_senate_2022,CHARLESTON - ST. ANDREWS 23,20,0.997144755889
state_senate_2022,CHARLESTON - ST. ANDREWS 23,41,0.002855244111
state_senate_2022,CHARLESTON - ST. ANDREWS 24,20,1.000000000000
state_senate_2022,CHARLESTON - ST. ANDREWS 25,20,1.000000000000
state_senate_2022,CHARLESTON - ST. ANDREWS 26,20,1.000000000000
state_senate_2022,CHARLESTON - ST. ANDREWS 27,20,0.999797161351
state_senate_2022,CHARLESTON - ST. ANDREWS 27,41,0.000202838649
state_senate_2022,CHARLESTON - ST. ANDREWS 28,20,0.000003314490
state_senate_2022,CHARLESTON - ST. ANDREWS 28,41,0.999996685510
state_senate_2022,CHARLESTON - ST. ANDREWS 29,20,0.999999515924
state_senate_2022,CHARLESTON - ST. ANDREWS 29,41,0.000000484076
state_senate_2022,CHARLESTON - ST. ANDREWS 3,20,1.000000000000
state_senate_2022,CHARLESTON - ST. ANDREWS 30,20,1.000000000000
state_senate_2022,CHARLESTON - ST. ANDREWS 31,20,0.999998987608
state_senate_2022,CHARLESTON - ST. ANDREWS 31,41,0.000001012392
state_senate_2022,CHARLESTON - ST. ANDREWS 32,20,0.000485109313
state_senate_2022,CHARLESTON - ST. ANDREWS 32,41,0.999514890687
state_senate_2022,CHARLESTON - ST. ANDREWS 33,41,1.000000000000
state_senate_2022,CHARLESTON - ST. ANDREWS 34,41,0.997847232196
state_senate_2022,CHARLESTON - ST. ANDREWS 34,42,0.002152767804
state_senate_2022,CHARLESTON - ST. ANDREWS 35,41,1.000000000000
state_senate_2022,CHARLESTON - ST. ANDREWS 36,41,0.998437796734
state_senate_2022,CHARLESTON - ST. ANDREWS 36,42,0.001562203266
state_senate_2022,CHARLESTON - ST. ANDREWS 37,41,1.000000000000
state_senate_2022,CHARLESTON - ST. ANDREWS 4,20,1.000000000000
state_senate_2022,CHARLESTON - ST. ANDREWS 5,20,1.000000000000
state_senate_2022,CHARLESTON - ST. ANDREWS 6,20,1.000000000000
state_senate_2022,CHARLESTON - ST. ANDREWS 7,20,1.000000000000
state_senate_2022,CHARLESTON - ST. ANDREWS 8,20,1.000000000000
state_senate_2022,CHARLESTON - ST. ANDREWS 9,20,1.000000000000
state_senate_2022,LEE - ST. CHARLES,29,0.999629622069
state_senate_2022,LEE - ST. CHARLES,35,0.000370377931
state_senate_2022,DORCHESTER - ST. GEORGE NO. 1,39,1.000000000000
state_senate_2022,DORCHESTER - ST. GEORGE NO. 2,39,1.000000000000
state_senate_2022,BERKELEY - ST. JAMES,44,1.000000000000
state_senate_2022,SUMTER - ST. JOHN,29,0.999998057843
state_senate_2022,SUMTER - ST. JOHN,31,0.000001900753
state_senate_2022,SUMTER - ST. JOHN,36,0.000000041404
state_senate_2022,SPARTANBURG - ST. JOHNS LUTHERAN,13,1.000000000000
state_senate_2022,CALHOUN - ST. MATTHEWS,26,0.000000114397
state_senate_2022,CALHOUN - ST. MATTHEWS,36,0.999999885603
state_senate_2022,LEE - ST. MATTHEWS,29,0.000465798007
state_senate_2022,LEE - ST. MATTHEWS,35,0.999534201993
state_senate_2022,LEXINGTON - ST. MICHAEL,10,0.000000009602
state_senate_2022,LEXINGTON - ST. MICHAEL,18,0.999999990398
state_senate_2022,SUMTER - ST. PAUL,35,0.998470394246
state_senate_2022,SUMTER - ST. PAUL,36,0.001529605754
state_senate_2022,CHARLESTON - ST. PAULS 1,45,1.000000000000
state_senate_2022,CHARLESTON - ST. PAULS 2A,41,0.000452579619
state_senate_2022,CHARLESTON - ST. PAULS 2A,45,0.999547420381
state_senate_2022,CHARLESTON - ST. PAULS 2B,41,0.000520753702
state_senate_2022,CHARLESTON - ST. PAULS 2B,45,0.999479246298
state_senate_2022,CHARLESTON - ST. PAULS 3,41,0.996288961257
state_senate_2022,CHARLESTON - ST. PAULS 3,45,0.003711038743
state_senate_2022,CHARLESTON - ST. PAULS 4,41,0.019132567685
state_senate_2022,CHARLESTON - ST. PAULS 4,45,0.980867432315
state_senate_2022,CHARLESTON - ST. PAULS 5,41,0.996889454596
state_senate_2022,CHARLESTON - ST. PAULS 5,45,0.003110545404
state_senate_2022,CHARLESTON - ST. PAULS 6,41,0.999999932575
state_senate_2022,CHARLESTON - ST. PAULS 6,45,0.000000067425
state_senate_2022,BERKELEY - ST. STEPHEN 1,32,1.000000000000
state_senate_2022,BERKELEY - ST. STEPHEN 2,32,1.000000000000
state_senate_2022,DORCHESTER - STALLSVILLE,38,1.000000000000
state_senate_2022,GREENVILLE - STANDING SPRINGS,7,0.000067819978
state_senate_2022,GREENVILLE - STANDING SPRINGS,8,0.999020756927
state_senate_2022,GREENVILLE - STANDING SPRINGS,9,0.000911423095
state_senate_2022,ANDERSON - STARR,4,1.000000000000
state_senate_2022,SPARTANBURG - STARTEX FIRE STATION,12,1.000000000000
state_senate_2022,YORK - STATELINE,16,1.000000000000
state_senate_2022,YORK - STEELE CREEK,16,1.000000000000
state_senate_2022,COLLETON - STOKES,40,0.000000008692
state_senate_2022,COLLETON - STOKES,41,0.999999991308
state_senate_2022,PICKENS - STONE CHURCH,1,0.996908219232
state_senate_2022,PICKENS - STONE CHURCH,3,0.003091780768
state_senate_2022,SUMTER - STONE HILL,36,1.000000000000
state_senate_2022,BERKELEY - STONE LAKE,39,0.000000656600
state_senate_2022,BERKELEY - STONE LAKE,44,0.999999343400
state_senate_2022,GREENVILLE - STONE VALLEY,5,0.999883891251
state_senate_2022,GREENVILLE - STONE VALLEY,6,0.000116108749
state_senate_2022,GREENVILLE - STONEHAVEN,8,1.000000000000
state_senate_2022,GREENWOOD - STONEWOOD,10,1.000000000000
state_senate_2022,NEWBERRY - STONEY HILL,18,1.000000000000
state_senate_2022,BERKELEY - STRATFORD 1,39,0.999999998852
state_senate_2022,BERKELEY - STRATFORD 1,44,0.000000001148
state_senate_2022,BERKELEY - STRATFORD 2,42,0.001842764664
state_senate_2022,BERKELEY - STRATFORD 2,44,0.998157235336
state_senate_2022,BERKELEY - STRATFORD 3,38,0.002732361589
state_senate_2022,BERKELEY - STRATFORD 3,39,0.000039514372
state_senate_2022,BERKELEY - STRATFORD 3,42,0.000185055569
state_senate_2022,BERKELEY - STRATFORD 3,44,0.997043068471
state_senate_2022,BERKELEY - STRATFORD 4,39,0.000465335213
state_senate_2022,BERKELEY - STRATFORD 4,44,0.999534664787
state_senate_2022,BERKELEY - STRATFORD 5,39,0.999996529722
state_senate_2022,BERKELEY - STRATFORD 5,44,0.000003470278
state_senate_2022,GREENVILLE - SUBER MILL,5,0.993897779513
state_senate_2022,GREENVILLE - SUBER MILL,6,0.006004648982
state_senate_2022,GREENVILLE - SUBER MILL,12,0.000097571504
state_senate_2022,ORANGEBURG - SUBURBAN 1,39,1.000000000000
state_senate_2022,ORANGEBURG - SUBURBAN 2,39,1.000000000000
state_senate_2022,ORANGEBURG - SUBURBAN 3,39,1.000000000000
state_senate_2022,ORANGEBURG - SUBURBAN 4,39,1.000000000000
state_senate_2022,ORANGEBURG - SUBURBAN 5,40,1.000000000000
state_senate_2022,ORANGEBURG - SUBURBAN 6,40,1.000000000000
state_senate_2022,ORANGEBURG - SUBURBAN 7,40,1.000000000000
state_senate_2022,ORANGEBURG - SUBURBAN 8,40,1.000000000000
state_senate_2022,ORANGEBURG - SUBURBAN 9,40,1.000000000000
state_senate_2022,GREENVILLE - SUGAR CREEK,6,0.998349225329
state_senate_2022,GREENVILLE - SUGAR CREEK,12,0.001650774671
state_senate_2022,CHARLESTON - SULLIVANS ISLAND,43,1.000000000000
state_senate_2022,GREENVILLE - SULPHUR SPRINGS,2,0.000577244304
state_senate_2022,GREENVILLE - SULPHUR SPRINGS,6,0.999422755696
state_senate_2022,LEXINGTON - SUMMIT,25,1.000000000000
state_senate_2022,SUMTER - SUMTER HIGH 1,36,1.000000000000
state_senate_2022,SUMTER - SUMTER HIGH 2,36,1.000000000000
state_senate_2022,JASPER - SUN CITY,46,1.000000000000
state_senate_2022,SUMTER - SUNSET,36,1.000000000000
state_senate_2022,HORRY - SURFSIDE 1,34,1.000000000000
state_senate_2022,HORRY - SURFSIDE 2,34,1.000000000000
state_senate_2022,HORRY - SURFSIDE 3,34,1.000000000000
state_senate_2022,HORRY - SURFSIDE 4,34,1.000000000000
state_senate_2022,WILLIAMSBURG - SUTTONS,32,0.999999988773
state_senate_2022,WILLIAMSBURG - SUTTONS,37,0.000000011227
state_senate_2022,SUMTER - SWAN LAKE,35,0.995797316143
state_senate_2022,SUMTER - SWAN LAKE,36,0.004202683857
state_senate_2022,LEXINGTON - SWANSEA 2,23,0.000010654627
state_senate_2022,LEXINGTON - SWANSEA 2,26,0.999989345373
state_senate_2022,LEXINGTON - SWANSEA 1,23,0.000507953708
state_senate_2022,LEXINGTON - SWANSEA 1,26,0.999492046292
state_senate_2022,HORRY - SWEET HOME,30,1.000000000000
state_senate_2022,DARLINGTON - SWIFT CREEK,29,1.000000000000
state_senate_2022,SPARTANBURG - SWOFFORD CAREER CENTER,11,1.000000000000
state_senate_2022,ALLENDALE - SYCAMORE,40,0.999999992182
state_senate_2022,ALLENDALE - SYCAMORE,45,0.000000007818
state_senate_2022,GREENVILLE - SYCAMORE,8,0.999964203667
state_senate_2022,GREENVILLE - SYCAMORE,13,0.000035796333
state_senate_2022,GREENVILLE - TANGLEWOOD,2,0.000314654058
state_senate_2022,GREENVILLE - TANGLEWOOD,3,0.000941328915
state_senate_2022,GREENVILLE - TANGLEWOOD,7,0.998744017027
state_senate_2022,FLORENCE - TANS BAY,31,1.000000000000
state_senate_2022,MARLBORO - TATUM,29,1.000000000000
state_senate_2022,GREENVILLE - TAYLORS,5,0.998993545746
state_senate_2022,GREENVILLE - TAYLORS,6,0.001006454254
state_senate_2022,YORK - TEGA CAY,16,1.000000000000
state_senate_2022,MARION - TEMPERANCE,30,1.000000000000
state_senate_2022,BERKELEY - THE VILLAGE,37,0.999999999902
state_senate_2022,BERKELEY - THE VILLAGE,44,0.000000000098
state_senate_2022,SUMTER - THOMAS SUMTER,35,0.999895166643
state_senate_2022,SUMTER - THOMAS SUMTER,36,0.000104833357
state_senate_2022,GREENVILLE - THORNBLADE,6,0.004823962480
state_senate_2022,GREENVILLE - THORNBLADE,12,0.995176037520
state_senate_2022,ANDERSON - THREE AND TWENTY,3,1.000000000000
state_senate_2022,GREENVILLE - TIGERVILLE,5,1.000000000000
state_senate_2022,JASPER - TILLMAN,45,1.000000000000
state_senate_2022,HORRY - TILLY SWAMP,28,0.999788557576
state_senate_2022,HORRY - TILLY SWAMP,33,0.000211442424
state_senate_2022,CHEROKEE - TIMBER RIDGE,14,1.000000000000
state_senate_2022,GREENVILLE - TIMBERLAKE,6,0.999999851113
state_senate_2022,GREENVILLE - TIMBERLAKE,7,0.000000148887
state_senate_2022,FLORENCE - TIMMONSVILLE 1,31,1.000000000000
state_senate_2022,FLORENCE - TIMMONSVILLE 2,31,1.000000000000
state_senate_2022,YORK - TIRZAH,15,1.000000000000
state_senate_2022,HORRY - TODDVILLE,33,1.000000000000
state_senate_2022,ANDERSON - TONEY CREEK,4,0.999711674647
state_senate_2022,ANDERSON - TONEY CREEK,9,0.000288325353
state_senate_2022,YORK - TOOLS FORK,15,1.000000000000
state_senate_2022,ANDERSON - TOWN CREEK,3,1.000000000000
state_senate_2022,ANDERSON - TOWNVILLE,3,1.000000000000
state_senate_2022,GREENVILLE - TRADE,5,0.999943047103
state_senate_2022,GREENVILLE - TRADE,12,0.000056952897
state_senate_2022,BERKELEY - TRAMWAY,39,1.000000000000
state_senate_2022,DORCHESTER - TRANQUIL,38,0.999774966164
state_senate_2022,DORCHESTER - TRANQUIL,41,0.000225033836
state_senate_2022,DORCHESTER - TRANQUIL 2,38,0.010583373992
state_senate_2022,DORCHESTER - TRANQUIL 2,41,0.976386097602
state_senate_2022,DORCHESTER - TRANQUIL 2,42,0.013030528405
state_senate_2022,DORCHESTER - TRANQUIL 3,38,0.960170474611
state_senate_2022,DORCHESTER - TRANQUIL 3,41,0.000763170058
state_senate_2022,DORCHESTER - TRANQUIL 3,42,0.039066355331
state_senate_2022,GREENVILLE - TRAVELERS REST 1,5,0.000830628942
state_senate_2022,GREENVILLE - TRAVELERS REST 1,6,0.999169371058
state_senate_2022,GREENVILLE - TRAVELERS REST 2,6,1.000000000000
state_senate_2022,SPARTANBURG - TRAVELERS REST BAPTIST,12,1.000000000000
state_senate_2022,RICHLAND - TRENHOLM ROAD,21,0.000488138913
state_senate_2022,RICHLAND - TRENHOLM ROAD,22,0.999511861087
state_senate_2022,EDGEFIELD - TRENTON,25,1.000000000000
state_senate_2022,EDGEFIELD - TRENTON 2,25,1.000000000000
state_senate_2022,PICKENS - TRI COUNTY,2,0.996899722112
state_senate_2022,PICKENS - TRI COUNTY,3,0.003100277888
state_senate_2022,RICHLAND - TRINITY,21,1.000000000000
state_senate_2022,SPARTANBURG - TRINITY METHODIST,13,1.000000000000
state_senate_2022,SPARTANBURG - TRINITY PRESBYTERIAN,12,1.000000000000
state_senate_2022,WILLIAMSBURG - TRIO,32,1.000000000000
state_senate_2022,DORCHESTER - TROLLEY,38,1.000000000000
state_senate_2022,GREENWOOD - TROY,10,0.999999868049
state_senate_2022,GREENWOOD - TROY,25,0.000000131951
state_senate_2022,GREENVILLE - TUBBS MOUNTAIN,5,0.999352233083
state_senate_2022,GREENVILLE - TUBBS MOUNTAIN,6,0.000647766917
state_senate_2022,DORCHESTER - TUPPERWAY,38,1.000000000000
state_senate_2022,DORCHESTER - TUPPERWAY 2,38,1.000000000000
state_senate_2022,LEE - TURKEY CREEK,29,0.000010557918
state_senate_2022,LEE - TURKEY CREEK,35,0.999989442082
state_senate_2022,SUMTER - TURKEY CREEK,29,0.000004300942
state_senate_2022,SUMTER - TURKEY CREEK,36,0.999995699058
state_senate_2022,SPARTANBURG - TWO MILE CREEK,13,1.000000000000
state_senate_2022,GREENVILLE - TYGER RIVER,5,0.999999943757
state_senate_2022,GREENVILLE - TYGER RIVER,12,0.000000056243
state_senate_2022,SPARTANBURG - TYGER RIVER,12,0.999999999740
state_senate_2022,SPARTANBURG - TYGER RIVER,13,0.000000000260
state_senate_2022,ALLENDALE - ULMER,40,1.000000000000
state_senate_2022,UNION - UNION WARD 1 BOX 1,9,0.000097975790
state_senate_2022,UNION - UNION WARD 1 BOX 1,13,0.996822091481
state_senate_2022,UNION - UNION WARD 1 BOX 1,14,0.003079932730
state_senate_2022,UNION - UNION WARD 1 BOX 2,13,0.999974787630
state_senate_2022,UNION - UNION WARD 1 BOX 2,14,0.000025212370
state_senate_2022,UNION - UNION WARD 2,9,0.999999745399
state_senate_2022,UNION - UNION WARD 2,13,0.000000254601
state_senate_2022,UNION - UNION WARD 3,9,1.000000000000
state_senate_2022,UNION - UNION WARD 4 BOX 1,13,1.000000000000
state_senate_2022,UNION - UNION WARD 4 BOX 2,13,1.000000000000
state_senate_2022,PICKENS - UNIVERSITY,1,1.000000000000
state_senate_2022,YORK - UNIVERSITY,15,1.000000000000
state_senate_2022,RICHLAND - VALHALLA,22,0.999997335104
state_senate_2022,RICHLAND - VALHALLA,35,0.000002664896
state_senate_2022,SPARTANBURG - VALLEY FALLS,11,1.000000000000
state_senate_2022,RICHLAND - VALLEY STATE PARK,19,1.000000000000
state_senate_2022,ORANGEBURG - VANCE,36,1.000000000000
state_senate_2022,ANDERSON - VARENNES,4,1.000000000000
state_senate_2022,HAMPTON - VARNVILLE,45,1.000000000000
state_senate_2022,GREENWOOD - VERDERY,4,0.000000571270
state_senate_2022,GREENWOOD - VERDERY,10,0.999999428730
state_senate_2022,GREENVILLE - VERDMONT,7,0.000165868375
state_senate_2022,GREENVILLE - VERDMONT,9,0.999834131625
state_senate_2022,SPARTANBURG - VICTOR MILL METHODIST,5,0.000000021045
state_senate_2022,SPARTANBURG - VICTOR MILL METHODIST,12,0.999999978955
state_senate_2022,PICKENS - VINLAND,2,1.000000000000
state_senate_2022,FLORENCE - VOX,31,0.999999159189
state_senate_2022,FLORENCE - VOX,32,0.000000840811
state_senate_2022,MARLBORO - W BENNETTSVILLE,29,1.000000000000
state_senate_2022,HORRY - WACCAMAW,33,1.000000000000
state_senate_2022,GREENVILLE - WADE HAMPTON,6,1.000000000000
state_senate_2022,SPARTANBURG - WADE HAMPTON,12,1.000000000000
state_senate_2022,CHARLESTON - WADMALAW ISLAND 1,45,1.000000000000
state_senate_2022,CHARLESTON - WADMALAW ISLAND 2,45,1.000000000000
state_senate_2022,RICHLAND - WALDEN,19,1.000000000000
state_senate_2022,MARLBORO - WALLACE,29,1.000000000000
state_senate_2022,GREENVILLE - WALNUT SPRINGS,8,0.001224257400
state_senate_2022,GREENVILLE - WALNUT SPRINGS,9,0.000000830953
state_senate_2022,GREENVILLE - WALNUT SPRINGS,12,0.000000003281
state_senate_2022,GREENVILLE - WALNUT SPRINGS,13,0.998774908366
state_senate_2022,COLLETON - WALTERBORO NO. 1,45,1.000000000000
state_senate_2022,COLLETON - WALTERBORO NO. 2,41,0.000315682485
state_senate_2022,COLLETON - WALTERBORO NO. 2,45,0.999684317515
state_senate_2022,COLLETON - WALTERBORO NO. 3,45,1.000000000000
state_senate_2022,COLLETON - WALTERBORO NO. 4,41,0.000000014366
state_senate_2022,COLLETON - WALTERBORO NO. 4,45,0.999999985634
state_senate_2022,COLLETON - WALTERBORO NO. 5,41,0.999507549995
state_senate_2022,COLLETON - WALTERBORO NO. 5,45,0.000492450005
state_senate_2022,COLLETON - WALTERBORO NO. 6,41,0.000019507850
state_senate_2022,COLLETON - WALTERBORO NO. 6,45,0.999980492150
state_senate_2022,HORRY - WAMPEE,28,1.000000000000
state_senate_2022,SALUDA - WARD,25,1.000000000000
state_senate_2022,RICHLAND - WARD 1,21,0.000000140710
state_senate_2022,RICHLAND - WARD 1,26,0.999999859290
state_senate_2022,RICHLAND - WARD 10,21,0.000026446483
state_senate_2022,RICHLAND - WARD 10,26,0.999973553517
state_senate_2022,RICHLAND - WARD 11,21,0.999793634536
state_senate_2022,RICHLAND - WARD 11,26,0.000206365464
state_senate_2022,RICHLAND - WARD 12,21,0.999999894115
state_senate_2022,RICHLAND - WARD 12,26,0.000000105885
state_senate_2022,RICHLAND - WARD 13,21,1.000000000000
state_senate_2022,RICHLAND - WARD 14,21,1.000000000000
state_senate_2022,RICHLAND - WARD 15,21,1.000000000000
state_senate_2022,RICHLAND - WARD 16,21,0.000118157902
state_senate_2022,RICHLAND - WARD 16,22,0.999881842098
state_senate_2022,RICHLAND - WARD 17,21,0.000041759543
state_senate_2022,RICHLAND - WARD 17,22,0.999957907033
state_senate_2022,RICHLAND - WARD 17,35,0.000000333425
state_senate_2022,RICHLAND - WARD 18,21,1.000000000000
state_senate_2022,RICHLAND - WARD 19,21,0.999932830200
state_senate_2022,RICHLAND - WARD 19,26,0.000067169800
state_senate_2022,RICHLAND - WARD 2,21,0.000000313571
state_senate_2022,RICHLAND - WARD 2,26,0.999999686429
state_senate_2022,RICHLAND - WARD 20,19,0.999648749412
state_senate_2022,RICHLAND - WARD 20,21,0.000333200178
state_senate_2022,RICHLAND - WARD 20,26,0.000018050410
state_senate_2022,RICHLAND - WARD 21,19,0.000055580156
state_senate_2022,RICHLAND - WARD 21,21,0.999944419844
state_senate_2022,RICHLAND - WARD 22,19,1.000000000000
state_senate_2022,RICHLAND - WARD 23,21,0.999772054953
state_senate_2022,RICHLAND - WARD 23,22,0.000227945047
state_senate_2022,RICHLAND - WARD 24,22,1.000000000000
state_senate_2022,RICHLAND - WARD 25,22,0.999999393765
state_senate_2022,RICHLAND - WARD 25,35,0.000000606235
state_senate_2022,RICHLAND - WARD 26,21,0.000003689118
state_senate_2022,RICHLAND - WARD 26,22,0.000001392456
state_senate_2022,RICHLAND - WARD 26,35,0.999994918425
state_senate_2022,RICHLAND - WARD 29,19,0.999781136128
state_senate_2022,RICHLAND - WARD 29,21,0.000218863872
state_senate_2022,RICHLAND - WARD 3,19,0.000348012850
state_senate_2022,RICHLAND - WARD 3,26,0.999651987150
state_senate_2022,RICHLAND - WARD 30,26,1.000000000000
state_senate_2022,RICHLAND - WARD 31,19,0.000405775729
state_senate_2022,RICHLAND - WARD 31,21,0.999594224271
state_senate_2022,RICHLAND - WARD 32,21,0.996077701406
state_senate_2022,RICHLAND - WARD 32,26,0.003922298594
state_senate_2022,RICHLAND - WARD 33,21,1.000000000000
state_senate_2022,RICHLAND - WARD 34,21,0.999997065032
state_senate_2022,RICHLAND - WARD 34,22,0.000002934968
state_senate_2022,RICHLAND - WARD 4,19,0.000762627373
state_senate_2022,RICHLAND - WARD 4,21,0.000912569871
state_senate_2022,RICHLAND - WARD 4,26,0.998324802756
state_senate_2022,RICHLAND - WARD 5,21,0.000019691884
state_senate_2022,RICHLAND - WARD 5,26,0.999980308116
state_senate_2022,RICHLAND - WARD 6,21,0.994724828400
state_senate_2022,RICHLAND - WARD 6,22,0.005275171600
state_senate_2022,RICHLAND - WARD 7,21,0.999335505256
state_senate_2022,RICHLAND - WARD 7,26,0.000664494744
state_senate_2022,RICHLAND - WARD 8,21,1.000000000000
state_senate_2022,RICHLAND - WARD 9,21,1.000000000000
state_senate_2022,GREENVILLE - WARE PLACE,4,0.000224645129
state_senate_2022,GREENVILLE - WARE PLACE,7,0.000001913933
state_senate_2022,GREENVILLE - WARE PLACE,9,0.999773440938
state_senate_2022,GREENWOOD - WARE SHOALS,4,0.000002357485
state_senate_2022,GREENWOOD - WARE SHOALS,10,0.999997642515
state_senate_2022,BERKELEY - WASSAMASSAW 1,39,1.000000000000
state_senate_2022,BERKELEY - WASSAMASSAW 2,38,0.000000010050
state_senate_2022,BERKELEY - WASSAMASSAW 2,39,0.999999989950
state_senate_2022,YORK - WATERSTONE,16,1.000000000000
state_senate_2022,BERKELEY - WEATHERSTONE,38,0.000420087196
state_senate_2022,BERKELEY - WEATHERSTONE,39,0.999579912804
state_senate_2022,RICHLAND - WEBBER,21,0.999999914878
state_senate_2022,RICHLAND - WEBBER,35,0.000000085122
state_senate_2022,GREENVILLE - WELCOME,7,1.000000000000
state_senate_2022,SPARTANBURG - WELLFORD,12,1.000000000000
state_senate_2022,GREENVILLE - WELLINGTON,6,1.000000000000
state_senate_2022,PICKENS - WEST CENTRAL,1,1.000000000000
state_senate_2022,LEXINGTON - WEST COLUMBIA NO. 1,26,1.000000000000
state_senate_2022,LEXINGTON - WEST COLUMBIA NO. 2,26,1.000000000000
state_senate_2022,LEXINGTON - WEST COLUMBIA NO. 3,26,1.000000000000
state_senate_2022,LEXINGTON - WEST COLUMBIA NO. 4,26,1.000000000000
state_senate_2022,HORRY - WEST CONWAY,33,1.000000000000
state_senate_2022,BAMBERG - WEST DENMARK,40,1.000000000000
state_senate_2022,DILLON - WEST DILLON,30,1.000000000000
state_senate_2022,FLORENCE - WEST FLORENCE 1,30,0.000000042538
state_senate_2022,FLORENCE - WEST FLORENCE 1,31,0.999999957462
state_senate_2022,FLORENCE - WEST FLORENCE 2,30,0.000000258335
state_senate_2022,FLORENCE - WEST FLORENCE 2,31,0.999999741665
state_senate_2022,PICKENS - WEST LIBERTY,2,1.000000000000
state_senate_2022,HORRY - WEST LORIS,30,1.000000000000
state_senate_2022,ANDERSON - WEST PELZER,3,0.001681340294
state_senate_2022,ANDERSON - WEST PELZER,4,0.998316780736
state_senate_2022,ANDERSON - WEST PELZER,9,0.000001878970
state_senate_2022,PICKENS - WEST PICKENS,2,1.000000000000
state_senate_2022,ANDERSON - WEST SAVANNAH,4,1.000000000000
state_senate_2022,UNION - WEST SPRINGS,13,1.000000000000
state_senate_2022,SPARTANBURG - WEST VIEW ELEMENTARY,12,1.000000000000
state_senate_2022,GREENVILLE - WESTCLIFFE,2,0.567124371545
state_senate_2022,GREENVILLE - WESTCLIFFE,7,0.432875628455
state_senate_2022,RICHLAND - WESTMINSTER,19,0.999885577428
state_senate_2022,RICHLAND - WESTMINSTER,26,0.000114422572
state_senate_2022,LEXINGTON - WESTOVER,26,1.000000000000
state_senate_2022,EDGEFIELD - WESTSIDE,25,1.000000000000
state_senate_2022,GREENVILLE - WESTSIDE,2,0.850400666082
state_senate_2022,GREENVILLE - WESTSIDE,7,0.149599333918
state_senate_2022,BERKELEY - WESTVIEW 1,39,0.000000021027
state_senate_2022,BERKELEY - WESTVIEW 1,44,0.999999978973
state_senate_2022,BERKELEY - WESTVIEW 2,42,0.002233595697
state_senate_2022,BERKELEY - WESTVIEW 2,44,0.997766404303
state_senate_2022,BERKELEY - WESTVIEW 3,42,0.003814708112
state_senate_2022,BERKELEY - WESTVIEW 3,44,0.996185291888
state_senate_2022,BERKELEY - WESTVIEW 4,39,0.000000000150
state_senate_2022,BERKELEY - WESTVIEW 4,44,0.999999999850
state_senate_2022,KERSHAW - WESTVILLE,27,1.000000000000
state_senate_2022,NEWBERRY - WHEELAND,18,1.000000000000
state_senate_2022,KERSHAW - WHITES GARDENS,35,1.000000000000
state_senate_2022,LEXINGTON - WHITE KNOLL,23,1.000000000000
state_senate_2022,FAIRFIELD - WHITE OAK,17,1.000000000000
state_senate_2022,HORRY - WHITE OAK,28,0.999866175493
state_senate_2022,HORRY - WHITE OAK,30,0.000133824507
state_senate_2022,ANDERSON - WHITE PLAINS,3,0.999947994621
state_senate_2022,ANDERSON - WHITE PLAINS,4,0.000052005379
state_senate_2022,CHEROKEE - WHITE PLAINS,14,1.000000000000
state_senate_2022,LEXINGTON - WHITEHALL,26,1.000000000000
state_senate_2022,BERKELEY - WHITESVILLE 1,37,1.000000000000
state_senate_2022,BERKELEY - WHITESVILLE 2,37,0.999844811036
state_senate_2022,BERKELEY - WHITESVILLE 2,39,0.000155188964
state_senate_2022,RICHLAND - WHITEWELL,19,0.991431259720
state_senate_2022,RICHLAND - WHITEWELL,26,0.008568740280
state_senate_2022,SPARTANBURG - WHITLOCK JR. HIGH,11,1.000000000000
state_senate_2022,NEWBERRY - WHITMIRE CITY,18,1.000000000000
state_senate_2022,NEWBERRY - WHITMIRE OUTSIDE,9,0.000000075087
state_senate_2022,NEWBERRY - WHITMIRE OUTSIDE,18,0.999999924913
state_senate_2022,ORANGEBURG - WHITTAKER,39,1.000000000000
state_senate_2022,HORRY - WILD WING,28,0.000000005564
state_senate_2022,HORRY - WILD WING,33,0.999999994436
state_senate_2022,BERKELEY - WILDCAT TRAIL,39,1.000000000000
state_senate_2022,SUMTER - WILDER,36,1.000000000000
state_senate_2022,RICHLAND - WILDEWOOD,22,1.000000000000
state_senate_2022,CHEROKEE - WILKINSVILLE AND METCALF,14,1.000000000000
state_senate_2022,CHESTER - WILKSBURG,14,0.000019864305
state_senate_2022,CHESTER - WILKSBURG,15,0.000459761789
state_senate_2022,CHESTER - WILKSBURG,17,0.999520373906
state_senate_2022,COLLETON - WILLIAMS,40,1.000000000000
state_senate_2022,ANDERSON - WILLIAMSTON,3,0.000028819092
state_senate_2022,ANDERSON - WILLIAMSTON,4,0.998652081112
state_senate_2022,ANDERSON - WILLIAMSTON,9,0.001319099797
state_senate_2022,ANDERSON - WILLIAMSTON MILL,3,0.000265646636
state_senate_2022,ANDERSON - WILLIAMSTON MILL,4,0.999734353364
state_senate_2022,MCCORMICK - WILLINGTON,25,1.000000000000
state_senate_2022,BARNWELL - WILLISTON 1,40,1.000000000000
state_senate_2022,BARNWELL - WILLISTON 2,40,1.000000000000
state_senate_2022,BARNWELL - WILLISTON 3,40,1.000000000000
state_senate_2022,SPARTANBURG - WILLOW CREEK,12,0.000000343942
state_senate_2022,SPARTANBURG - WILLOW CREEK,13,0.999999656058
state_senate_2022,SUMTER - WILSON HALL,35,0.001460249885
state_senate_2022,SUMTER - WILSON HALL,36,0.998539750115
state_senate_2022,YORK - WINDJAMMER,16,1.000000000000
state_senate_2022,DORCHESTER - WINDSOR,41,0.001928214646
state_senate_2022,DORCHESTER - WINDSOR,42,0.998071785354
state_senate_2022,DORCHESTER - WINDSOR 2,42,1.000000000000
state_senate_2022,HORRY - WINDY HILL 1,28,1.000000000000
state_senate_2022,HORRY - WINDY HILL 2,28,0.999999712318
state_senate_2022,HORRY - WINDY HILL 2,33,0.000000287682
state_senate_2022,FAIRFIELD - WINNSBORO MILLS,17,1.000000000000
state_senate_2022,FAIRFIELD - WINNSBORO NO. 1,17,1.000000000000
state_senate_2022,FAIRFIELD - WINNSBORO NO. 2,17,1.000000000000
state_senate_2022,GEORGETOWN - WINYAH BAY,32,0.999999988807
state_senate_2022,GEORGETOWN - WINYAH BAY,34,0.000000011193
state_senate_2022,COLLETON - WOLFE CREEK,40,0.000047575976
state_senate_2022,COLLETON - WOLFE CREEK,41,0.997388152084
state_senate_2022,COLLETON - WOLFE CREEK,45,0.002564271940
state_senate_2022,CHEROKEE - WOODS,14,1.000000000000
state_senate_2022,RICHLAND - WOODFIELD,22,0.999795450792
state_senate_2022,RICHLAND - WOODFIELD,35,0.000204549208
state_senate_2022,SPARTANBURG - WOODLAND HEIGHTS RECREATION CENTER,12,1.000000000000
state_senate_2022,LEXINGTON - WOODLAND HILLS,26,1.000000000000
state_senate_2022,RICHLAND - WOODLANDS,21,0.999994722691
state_senate_2022,RICHLAND - WOODLANDS,35,0.000005277309
state_senate_2022,GREENVILLE - WOODMONT,7,0.999579923657
state_senate_2022,GREENVILLE - WOODMONT,9,0.000420076343
state_senate_2022,LEE - WOODROW,35,0.999999955173
state_senate_2022,LEE - WOODROW,36,0.000000044827
state_senate_2022,GREENVILLE - WOODRUFF LAKES,8,1.000000000000
state_senate_2022,SPARTANBURG - WOODRUFF LEISURE CENTER,13,1.000000000000
state_senate_2022,ALLENDALE - WOODS,40,1.000000000000
state_senate_2022,PICKENS - WOODSIDE,2,1.000000000000
state_senate_2022,FAIRFIELD - WOODWARD,17,1.000000000000
state_senate_2022,ANDERSON - WRIGHTS SCHOOL,4,1.000000000000
state_senate_2022,YORK - WYLIE,15,1.000000000000
state_senate_2022,BERKELEY - YEAMANS CLUB,37,0.002374964339
state_senate_2022,BERKELEY - YEAMANS CLUB,44,0.997625035661
state_senate_2022,BERKELEY - YELLOW HOUSE,37,0.999527448815
state_senate_2022,BERKELEY - YELLOW HOUSE,44,0.000472551185
state_senate_2022,HAMPTON - YEMASSEE,45,1.000000000000
state_senate_2022,YORK - YORK NO. 1,14,0.000000528217
state_senate_2022,YORK - YORK NO. 1,15,0.999999471783
state_senate_2022,YORK - YORK NO. 2,15,1.000000000000
state_senate_2022,MARION - ZION,30,1.000000000000
state_senate_2022,PICKENS - ZION,2,0.998778054036
state_senate_2022,PICKENS - ZION,3,0.001221945964
state_senate_2022,AIKEN - N. AUGUSTA NO. 55,24,1.000000000000
state_senate_2022,AIKEN - SIX POINTS NO. 35,24,1.000000000000
state_senate_2022,AIKEN - VAUCLUSE,25,1.000000000000
state_senate_2022,AIKEN - AIKEN NO. 2,24,1.000000000000
state_senate_2022,AIKEN - SIX POINTS NO. 46,24,0.999999987010
state_senate_2022,AIKEN - SIX POINTS NO. 46,25,0.000000012990
state_senate_2022,AIKEN - AIKEN NO. 5,24,1.000000000000
state_senate_2022,AIKEN - HOLLOW CREEK,24,1.000000000000
state_senate_2022,AIKEN - SANDSTONE NO. 70,24,1.000000000000
state_senate_2022,AIKEN - AIKEN NO. 4,24,1.000000000000
state_senate_2022,AIKEN - COUCHTON,24,1.000000000000
state_senate_2022,AIKEN - GEM LAKES NO. 60,24,1.000000000000
state_senate_2022,AIKEN - SOUTH AIKEN NO. 75,24,1.000000000000
state_senate_2022,AIKEN - HITCHCOCK NO. 66,24,1.000000000000
state_senate_2022,AIKEN - LEVELS NO. 72,24,1.000000000000
state_senate_2022,AIKEN - WARD,25,0.000000008032
state_senate_2022,AIKEN - WARD,40,0.999999991968
state_senate_2022,AIKEN - SHAWS FORK,24,1.000000000000
state_senate_2022,AIKEN - BEECH ISLAND,24,1.000000000000
state_senate_2022,AIKEN - JACKSON,24,1.000000000000
state_senate_2022,AIKEN - PINE FOREST,24,1.000000000000
state_senate_2022,AIKEN - CAROLINA HEIGHTS,24,1.000000000000
state_senate_2022,AIKEN - WHITE POND,40,1.000000000000
state_senate_2022,AIKEN - MONTMORENCI NO. 78,24,1.000000000000
state_senate_2022,AIKEN - TALATHA,24,1.000000000000
state_senate_2022,AIKEN - SLEEPY HOLLOW NO. 65,24,1.000000000000
state_senate_2022,AIKEN - NEW HOLLAND,23,0.000098558026
state_senate_2022,AIKEN - NEW HOLLAND,40,0.999901441974
state_senate_2022,AIKEN - MONETTA,25,0.001328831071
state_senate_2022,AIKEN - MONETTA,40,0.998671168929
state_senate_2022,AIKEN - TABERNACLE,40,1.000000000000
state_senate_2022,AIKEN - PERRY,23,0.000463620934
state_senate_2022,AIKEN - PERRY,40,0.999536379066
state_senate_2022,AIKEN - MISTY LAKES,25,1.000000000000
state_senate_2022,AIKEN - MIDLAND VALLEY NO. 71,25,1.000000000000
state_senate_2022,AIKEN - N. AUGUSTA NO. 80,24,1.000000000000
state_senate_2022,AIKEN - N. AUGUSTA NO. 29,24,1.000000000000
state_senate_2022,AIKEN - BELVEDERE NO. 74,25,1.000000000000
state_senate_2022,AIKEN - BELVEDERE NO. 9,24,1.000000000000
state_senate_2022,AIKEN - N. AUGUSTA NO. 25,24,1.000000000000
state_senate_2022,AIKEN - FOX CREEK NO. 73,24,1.000000000000
state_senate_2022,AIKEN - N. AUGUSTA NO. 54,24,1.000000000000
state_senate_2022,AIKEN - BELVEDERE NO. 44,25,1.000000000000
state_senate_2022,AIKEN - N. AUGUSTA NO. 26,24,1.000000000000
state_senate_2022,AIKEN - CLEARWATER,25,1.000000000000
state_senate_2022,AIKEN - WILLOW SPRINGS,25,1.000000000000
state_senate_2022,AIKEN - GLOVERVILLE,24,0.999999934715
state_senate_2022,AIKEN - GLOVERVILLE,25,0.000000065285
state_senate_2022,AIKEN - LANGLEY,24,0.000000063004
state_senate_2022,AIKEN - LANGLEY,25,0.999999936996
state_senate_2022,AIKEN - LYNWOOD,25,1.000000000000
state_senate_2022,AIKEN - FOX CREEK NO. 58,24,1.000000000000
state_senate_2022,AIKEN - N. AUGUSTA NO. 68,24,1.000000000000
state_senate_2022,AIKEN - ASCAUGA LAKE NO. 84,25,1.000000000000
state_senate_2022,AIKEN - ASCAUGA LAKE,25,1.000000000000
state_senate_2022,AIKEN - GRANITEVILLE,25,1.000000000000
state_senate_2022,AIKEN - EUREKA,25,1.000000000000
state_senate_2022,AIKEN - CHINA SPRINGS,25,1.000000000000
state_senate_2022,AIKEN - WARRENVILLE,24,0.999999993171
state_senate_2022,AIKEN - WARRENVILLE,25,0.000000006829
state_senate_2022,AIKEN - AIKEN NO. 1,24,1.000000000000
state_senate_2022,AIKEN - AIKEN NO. 47,24,1.000000000000
state_senate_2022,AIKEN - AIKEN NO. 3,24,1.000000000000
state_senate_2022,AIKEN - MILLBROOK,24,1.000000000000
state_senate_2022,AIKEN - LEVELS NO. 83,24,1.000000000000
state_senate_2022,AIKEN - GEM LAKES NO. 77,24,1.000000000000
state_senate_2022,AIKEN - REDDS BRANCH,24,1.000000000000
state_senate_2022,AIKEN - COLLEGE ACRES,24,1.000000000000
state_senate_2022,AIKEN - AIKEN NO. 6,24,1.000000000000
state_senate_2022,AIKEN - MONTMORENCI NO. 22,24,1.000000000000
state_senate_2022,AIKEN - ANDERSON POND NO. 69,24,1.000000000000
state_senate_2022,AIKEN - LEVELS NO. 52,24,1.000000000000
state_senate_2022,AIKEN - SANDSTONE NO. 79,24,1.000000000000
state_senate_2022,AIKEN - SHILOH,24,1.000000000000
state_senate_2022,AIKEN - HAMMOND NO. 81,24,1.000000000000
state_senate_2022,AIKEN - SILVER BLUFF,24,1.000000000000
state_senate_2022,AIKEN - HAMMOND,24,1.000000000000
state_senate_2022,AIKEN - WINDSOR,40,1.000000000000
state_senate_2022,AIKEN - WINDSOR NO. 82,40,1.000000000000
state_senate_2022,AIKEN - BATH,25,1.000000000000
state_senate_2022,AIKEN - CEDAR CREEK NO. 64,24,1.000000000000
state_senate_2022,AIKEN - OAK GROVE,23,0.000309633767
state_senate_2022,AIKEN - OAK GROVE,25,0.000849369722
state_senate_2022,AIKEN - OAK GROVE,40,0.998840996512
state_senate_2022,AIKEN - NEW ELLENTON,24,1.000000000000
state_senate_2022,AIKEN - N. AUGUSTA NO. 27,24,1.000000000000
state_senate_2022,AIKEN - SALLEY,40,1.000000000000
state_senate_2022,AIKEN - WAGENER,23,0.000211594819
state_senate_2022,AIKEN - WAGENER,40,0.999788405181
state_senate_2022,AIKEN - BELVEDERE NO. 62,24,1.000000000000
state_senate_2022,AIKEN - N. AUGUSTA NO. 28,24,1.000000000000
state_senate_2022,AIKEN - N. AUGUSTA NO. 67,24,1.000000000000
state_senate_2022,AIKEN - SOUTH AIKEN NO. 76,24,1.000000000000
state_senate_2022,AIKEN - MIDLAND VALLEY NO. 51,24,0.000000007198
state_senate_2022,AIKEN - MIDLAND VALLEY NO. 51,25,0.999999992802
state_senate_2022,AIKEN - BREEZY HILL,25,1.000000000000
state_senate_2022,AIKEN - SOUTH CREEK NO. 89,24,1.000000000000
state_senate_2022,AIKEN - MIDLANDS NO. 88,24,0.000000103234
state_senate_2022,AIKEN - MIDLANDS NO. 88,25,0.999999896766
state_senate_2022,AIKEN - COMMUNITY NO. 86,25,1.000000000000
state_senate_2022,AIKEN - BREEZY NO. 87,25,1.000000000000
state_senate_2022,AIKEN - CREEK NO. 85,24,0.999998980922
state_senate_2022,AIKEN - CREEK NO. 85,25,0.000001019078
state_senate_2022,OCONEE - WALHALLA 2,1,1.000000000000
state_senate_2022,OCONEE - LONG CREE,1,1.000000000000
state_senate_2022,OCONEE - WESTMINSTER 2,1,1.000000000000
state_senate_2022,OCONEE - MOUNTAIN REST,1,1.000000000000
state_senate_2022,OCONEE - WALHALLA 1,1,1.000000000000
state_senate_2022,OCONEE - WESTMINSTER 1,1,1.000000000000
state_senate_2022,OCONEE - OAKWAY,1,1.000000000000
state_senate_2022,OCONEE - TOKEENA-PROVIDENCE,1,1.000000000000
state_senate_2022,OCONEE - SOUTH UNION,1,1.000000000000
state_senate_2022,OCONEE - RETURN,1,1.000000000000
state_senate_2022,OCONEE - FAIR PLAY,1,1.000000000000
state_senate_2022,OCONEE - EARLES GROVE,1,1.000000000000
state_senate_2022,OCONEE - RICHLAND,1,1.000000000000
state_senate_2022,OCONEE - SALEM,1,0.999943727703
state_senate_2022,OCONEE - SALEM,2,0.000056272297
state_senate_2022,OCONEE - KEOWEE,1,1.000000000000
state_senate_2022,OCONEE - WEST UNION,1,1.000000000000
state_senate_2022,OCONEE - NEW HOPE,1,1.000000000000
state_senate_2022,OCONEE - STAMP CREEK,1,1.000000000000
state_senate_2022,OCONEE - BOUNTYLAND,1,1.000000000000
state_senate_2022,OCONEE - SENECA 1,1,1.000000000000
state_senate_2022,OCONEE - FRIENDSHIP,1,1.000000000000
state_senate_2022,OCONEE - SHILOH,1,1.000000000000
state_senate_2022,OCONEE - RAVENEL,1,1.000000000000
state_senate_2022,OCONEE - SENECA 2,1,1.000000000000
state_senate_2022,OCONEE - SENECA 4,1,1.000000000000
state_senate_2022,OCONEE - NEWRY-CORINTH,1,1.000000000000
state_senate_2022,OCONEE - SENECA 3,1,1.000000000000
state_senate_2022,OCONEE - UTICA,1,1.000000000000
state_senate_2022,OCONEE - TAMASSEE,1,1.000000000000
state_senate_2022,OCONEE - MADISON,1,1.000000000000
state_senate_2022,OCONEE - HOLLY SPRINGS,1,1.000000000000
state_senate_2022,LAURENS - CLINTON MILL,9,1.000000000000
state_senate_2022,LAURENS - CLINTON 1,9,1.000000000000
state_senate_2022,LAURENS - CLINTON 2,9,1.000000000000
state_senate_2022,LAURENS - LYDIA MILL,9,1.000000000000
state_senate_2022,LAURENS - JOANNA,9,1.000000000000
state_senate_2022,LAURENS - LONG BRANCH,9,1.000000000000
state_senate_2022,LAURENS - CLINTON 3,9,1.000000000000
state_senate_2022,LAURENS - BAILEY,9,1.000000000000
state_senate_2022,LAURENS - MOUNTVILLE,9,1.000000000000
state_senate_2022,LAURENS - CROSS HILL,9,1.000000000000
state_senate_2022,LAURENS - WATERLOO,9,1.000000000000
state_senate_2022,LAURENS - COOKS,8,0.000000009497
state_senate_2022,LAURENS - COOKS,9,0.999999990503
state_senate_2022,LAURENS - JONES,8,0.000000004237
state_senate_2022,LAURENS - JONES,9,0.999999995763
state_senate_2022,LAURENS - GRAY COURT,9,1.000000000000
state_senate_2022,LAURENS - EKOM,9,1.000000000000
state_senate_2022,LAURENS - BARKSDALE-NARINE,9,1.000000000000
state_senate_2022,LAURENS - ORA-LANFORD,9,1.000000000000
state_senate_2022,LAURENS - GREENPOND,9,1.000000000000
state_senate_2022,LAURENS - WATTSVILLE,9,1.000000000000
state_senate_2022,LAURENS - LAURENS 6,9,1.000000000000
state_senate_2022,LAURENS - MARTINS-POPLAR SPRINGS,9,1.000000000000
state_senate_2022,LAURENS - MOUNT OLIVE,9,1.000000000000
state_senate_2022,LAURENS - LAURENS 4,9,1.000000000000
state_senate_2022,LAURENS - LAURENS 3,9,1.000000000000
state_senate_2022,LAURENS - MADDENS,9,1.000000000000
state_senate_2022,LAURENS - HICKORY TAVERN,9,1.000000000000
state_senate_2022,LAURENS - BREWERTON - PRINCETON,9,1.000000000000
state_senate_2022,LAURENS - LAURENS 2,9,1.000000000000
state_senate_2022,LAURENS - TRINITY RIDGE,9,1.000000000000
state_senate_2022,LAURENS - LAURENS 5,9,1.000000000000
state_senate_2022,LAURENS - LAURENS 1,9,1.000000000000
state_senate_2022,LAURENS - YOUNGS,9,1.000000000000
state_senate_2022,BEAUFORT - BEAUFORT 1,45,1.000000000000
state_senate_2022,BEAUFORT - BEAUFORT 2,45,1.000000000000
state_senate_2022,BEAUFORT - BEAUFORT 3,43,1.000000000000
state_senate_2022,BEAUFORT - BELFAIR 1,46,1.000000000000
state_senate_2022,BEAUFORT - BELFAIR 2,46,1.000000000000
state_senate_2022,BEAUFORT - BLUFFTON 1A,46,1.000000000000
state_senate_2022,BEAUFORT - BLUFFTON 1B,46,1.000000000000
state_senate_2022,BEAUFORT - BLUFFTON 1C,46,1.000000000000
state_senate_2022,BEAUFORT - BLUFFTON 1D,46,1.000000000000
state_senate_2022,BEAUFORT - BLUFFTON 2A,46,1.000000000000
state_senate_2022,BEAUFORT - BLUFFTON 2B,46,1.000000000000
state_senate_2022,BEAUFORT - BLUFFTON 2F,46,1.000000000000
state_senate_2022,BEAUFORT - BLUFFTON 2D,46,1.000000000000
state_senate_2022,BEAUFORT - BLUFFTON 2E,46,1.000000000000
state_senate_2022,BEAUFORT - BLUFFTON 3,46,1.000000000000
state_senate_2022,BEAUFORT - BLUFFTON 4B,46,1.000000000000
state_senate_2022,BEAUFORT - BLUFFTON 4C,46,1.000000000000
state_senate_2022,BEAUFORT - BLUFFTON 4D,46,1.000000000000
state_senate_2022,BEAUFORT - BLUFFTON 4E,46,1.000000000000
state_senate_2022,BEAUFORT - BLUFFTON 5A,46,1.000000000000
state_senate_2022,BEAUFORT - BLUFFTON 5B,46,1.000000000000
state_senate_2022,BEAUFORT - BLUFFTON 5C,46,1.000000000000
state_senate_2022,BEAUFORT - BLUFFTON 5D,46,1.000000000000
state_senate_2022,BEAUFORT - BLUFFTON 5E,46,1.000000000000
state_senate_2022,BEAUFORT - BLUFFTON 6A,46,1.000000000000
state_senate_2022,BEAUFORT - BLUFFTON 6B,46,1.000000000000
state_senate_2022,BEAUFORT - BLUFFTON 7B,45,0.003022838099
state_senate_2022,BEAUFORT - BLUFFTON 7B,46,0.996977161901
state_senate_2022,BEAUFORT - BUCKWALTER 1,46,1.000000000000
state_senate_2022,BEAUFORT - BUCKWALTER 2,46,1.000000000000
state_senate_2022,BEAUFORT - BURTON 1A,45,1.000000000000
state_senate_2022,BEAUFORT - BURTON 1B,45,1.000000000000
state_senate_2022,BEAUFORT - BURTON 1C,45,1.000000000000
state_senate_2022,BEAUFORT - BURTON 1D,45,1.000000000000
state_senate_2022,BEAUFORT - BURTON 2A,43,1.000000000000
state_senate_2022,BEAUFORT - BURTON 2B,43,1.000000000000
state_senate_2022,BEAUFORT - BURTON 2C,43,1.000000000000
state_senate_2022,BEAUFORT - BURTON 2D,43,1.000000000000
state_senate_2022,BEAUFORT - BURTON 3A,45,1.000000000000
state_senate_2022,BEAUFORT - BURTON 3B,43,0.000000010685
state_senate_2022,BEAUFORT - BURTON 3B,45,0.999999989315
state_senate_2022,BEAUFORT - BURTON 4,45,1.000000000000
state_senate_2022,BEAUFORT - BURTON 5A,43,1.000000000000
state_senate_2022,BEAUFORT - BURTON 5B,43,1.000000000000
state_senate_2022,BEAUFORT - CHECHESSEE 1,43,1.000000000000
state_senate_2022,BEAUFORT - CHECHESSEE 2,46,1.000000000000
state_senate_2022,BEAUFORT - CHECHESSEE 3,43,1.000000000000
state_senate_2022,BEAUFORT - DALE LOBECO,45,1.000000000000
state_senate_2022,BEAUFORT - DAUFUSKIE,46,1.000000000000
state_senate_2022,BEAUFORT - HILTON HEAD 10,46,1.000000000000
state_senate_2022,BEAUFORT - HILTON HEAD 11,46,1.000000000000
state_senate_2022,BEAUFORT - HILTON HEAD 12,46,1.000000000000
state_senate_2022,BEAUFORT - HILTON HEAD 13,46,1.000000000000
state_senate_2022,BEAUFORT - HILTON HEAD 14,46,1.000000000000
state_senate_2022,BEAUFORT - HILTON HEAD 15A,46,1.000000000000
state_senate_2022,BEAUFORT - HILTON HEAD 15B,46,1.000000000000
state_senate_2022,BEAUFORT - HILTON HEAD 1A,46,1.000000000000
state_senate_2022,BEAUFORT - HILTON HEAD 1B,46,1.000000000000
state_senate_2022,BEAUFORT - HILTON HEAD 2A,46,1.000000000000
state_senate_2022,BEAUFORT - HILTON HEAD 2B,46,1.000000000000
state_senate_2022,BEAUFORT - HILTON HEAD 2C,46,1.000000000000
state_senate_2022,BEAUFORT - HILTON HEAD 2D,46,1.000000000000
state_senate_2022,BEAUFORT - HILTON HEAD 2E,46,1.000000000000
state_senate_2022,BEAUFORT - HILTON HEAD 3,46,1.000000000000
state_senate_2022,BEAUFORT - HILTON HEAD 4A,46,1.000000000000
state_senate_2022,BEAUFORT - HILTON HEAD 4B,46,1.000000000000
state_senate_2022,BEAUFORT - HILTON HEAD 4C,46,1.000000000000
state_senate_2022,BEAUFORT - HILTON HEAD 4D,46,1.000000000000
state_senate_2022,BEAUFORT - HILTON HEAD 5A,46,1.000000000000
state_senate_2022,BEAUFORT - HILTON HEAD 5B,46,1.000000000000
state_senate_2022,BEAUFORT - HILTON HEAD 5C,46,1.000000000000
state_senate_2022,BEAUFORT - HILTON HEAD 6,46,1.000000000000
state_senate_2022,BEAUFORT - HILTON HEAD 7A,46,1.000000000000
state_senate_2022,BEAUFORT - HILTON HEAD 7B,46,1.000000000000
state_senate_2022,BEAUFORT - HILTON HEAD 7C,46,1.000000000000
state_senate_2022,BEAUFORT - HILTON HEAD 8,46,1.000000000000
state_senate_2022,BEAUFORT - HILTON HEAD 9A,46,1.000000000000
state_senate_2022,BEAUFORT - HILTON HEAD 9B,46,1.000000000000
state_senate_2022,BEAUFORT - HILTON HEAD 9C,46,1.000000000000
state_senate_2022,BEAUFORT - HILTON HEAD 9D,46,1.000000000000
state_senate_2022,BEAUFORT - LADYS ISLAND 1A,43,1.000000000000
state_senate_2022,BEAUFORT - LADYS ISLAND 1B,43,1.000000000000
state_senate_2022,BEAUFORT - LADYS ISLAND 2A,43,1.000000000000
state_senate_2022,BEAUFORT - LADYS ISLAND 2B,43,1.000000000000
state_senate_2022,BEAUFORT - LADYS ISLAND 2C,43,1.000000000000
state_senate_2022,BEAUFORT - LADYS ISLAND 3A,43,1.000000000000
state_senate_2022,BEAUFORT - LADYS ISLAND 3B,43,1.000000000000
state_senate_2022,BEAUFORT - LADYS ISLAND 3C,43,1.000000000000
state_senate_2022,BEAUFORT - LADYS ISLAND 4A,43,1.000000000000
state_senate_2022,BEAUFORT - LADYS ISLAND 4B,43,1.000000000000
state_senate_2022,BEAUFORT - LADYS ISLAND 4C,43,1.000000000000
state_senate_2022,BEAUFORT - MOSS CREEK 2,46,1.000000000000
state_senate_2022,BEAUFORT - MOSSY OAKS 1A,43,1.000000000000
state_senate_2022,BEAUFORT - MOSSY OAKS 1B,43,1.000000000000
state_senate_2022,BEAUFORT - MOSSY OAKS 2,43,1.000000000000
state_senate_2022,BEAUFORT - NEW RIVER 1,46,1.000000000000
state_senate_2022,BEAUFORT - NEW RIVER 2,45,0.000065396566
state_senate_2022,BEAUFORT - NEW RIVER 2,46,0.999934603434
state_senate_2022,BEAUFORT - PALMETTO BLUFF,45,0.002339442476
state_senate_2022,BEAUFORT - PALMETTO BLUFF,46,0.997660557524
state_senate_2022,BEAUFORT - PORT ROYAL 1,43,1.000000000000
state_senate_2022,BEAUFORT - PORT ROYAL 2,43,1.000000000000
state_senate_2022,BEAUFORT - PRITCHARDVILLE 1,46,1.000000000000
state_senate_2022,BEAUFORT - RIVERBEND 1,46,1.000000000000
state_senate_2022,BEAUFORT - ROSE HILL 1,46,1.000000000000
state_senate_2022,BEAUFORT - ROSE HILL 2,46,1.000000000000
state_senate_2022,BEAUFORT - SANDY POINTE,46,1.000000000000
state_senate_2022,BEAUFORT - SEABROOK 1,45,1.000000000000
state_senate_2022,BEAUFORT - SEABROOK 2,45,1.000000000000
state_senate_2022,BEAUFORT - SEABROOK 3,45,1.000000000000
state_senate_2022,BEAUFORT - SHELDON 1,45,1.000000000000
state_senate_2022,BEAUFORT - SHELDON 2,45,1.000000000000
state_senate_2022,BEAUFORT - SPANISH WELLS,46,1.000000000000
state_senate_2022,BEAUFORT - ST. HELENA 1A,43,1.000000000000
state_senate_2022,BEAUFORT - ST. HELENA 1B,43,1.000000000000
state_senate_2022,BEAUFORT - ST. HELENA 1C,43,1.000000000000
state_senate_2022,BEAUFORT - ST. HELENA 2A,43,1.000000000000
state_senate_2022,BEAUFORT - ST. HELENA 2B,43,1.000000000000
state_senate_2022,BEAUFORT - ST. HELENA 2C,43,1.000000000000
state_senate_2022,BEAUFORT - SUN CITY 1,46,1.000000000000
state_senate_2022,BEAUFORT - SUN CITY 10,46,1.000000000000
state_senate_2022,BEAUFORT - SUN CITY 2,46,1.000000000000
state_senate_2022,BEAUFORT - SUN CITY 3,46,1.000000000000
state_senate_2022,BEAUFORT - SUN CITY 4,46,1.000000000000
state_senate_2022,BEAUFORT - SUN CITY 5,46,1.000000000000
state_senate_2022,BEAUFORT - SUN CITY 6,46,1.000000000000
state_senate_2022,BEAUFORT - SUN CITY 7,46,1.000000000000
state_senate_2022,BEAUFORT - SUN CITY 8,46,1.000000000000
state_senate_2022,BEAUFORT - SUN CITY 9,46,1.000000000000
state_senate_2022,BEAUFORT - NEW RIVER 3,46,1.000000000000
state_senate_2022,BEAUFORT - BLUFFTON 2C,46,1.000000000000
state_senate_2022,BEAUFORT - BLUFFTON 7A,45,0.000000237484
state_senate_2022,BEAUFORT - BLUFFTON 7A,46,0.999999762516
state_senate_2022,BEAUFORT - MOSS CREEK 1,46,1.000000000000
state_senate_2022,BEAUFORT - LADYS ISLAND 2D,43,1.000000000000
state_senate_2022,BEAUFORT - BLUFFTON 4F,46,1.000000000000
state_senate_2022,BEAUFORT - RIVERBEND 2,46,1.000000000000
state_senate_2022,BEAUFORT - ST. HELENA 1D,43,1.000000000000
state_senate_2022,BEAUFORT - BLUFFTON 4A,46,1.000000000000
state_senate_2022,CLARENDON - ALCOLU,36,1.000000000000
state_senate_2022,CLARENDON - BARRINEAU,31,0.000000418230
state_senate_2022,CLARENDON - BARRINEAU,32,0.000000052032
state_senate_2022,CLARENDON - BARRINEAU,36,0.999999529738
state_senate_2022,CLARENDON - BARROWS MILL,36,1.000000000000
state_senate_2022,CLARENDON - BLOOMVILLE,36,1.000000000000
state_senate_2022,CLARENDON - CALVARY,35,0.000000044468
state_senate_2022,CLARENDON - CALVARY,36,0.999999955532
state_senate_2022,CLARENDON - DAVIS STATION,36,1.000000000000
state_senate_2022,CLARENDON - HARMONY,36,1.000000000000
state_senate_2022,CLARENDON - HICKS,31,0.000000246857
state_senate_2022,CLARENDON - HICKS,36,0.999999753143
state_senate_2022,CLARENDON - HOME BRANCH,36,1.000000000000
state_senate_2022,CLARENDON - JORDAN,36,1.000000000000
state_senate_2022,CLARENDON - MANNING NO. 1,36,1.000000000000
state_senate_2022,CLARENDON - MANNING NO. 2,36,1.000000000000
state_senate_2022,CLARENDON - MANNING NO. 3,36,1.000000000000
state_senate_2022,CLARENDON - MANNING NO. 4,36,1.000000000000
state_senate_2022,CLARENDON - MANNING NO. 5,36,1.000000000000
state_senate_2022,CLARENDON - NEW ZION,29,0.000000000023
state_senate_2022,CLARENDON - NEW ZION,36,0.999999999977
state_senate_2022,CLARENDON - OAKDALE,36,1.000000000000
state_senate_2022,CLARENDON - PANOLA,36,1.000000000000
state_senate_2022,CLARENDON - PAXVILLE,36,1.000000000000
state_senate_2022,CLARENDON - SARDINIA-GABLE,36,1.000000000000
state_senate_2022,CLARENDON - SUMMERTON NO. 2,36,1.000000000000
state_senate_2022,CLARENDON - SUMMERTON NO. 3,36,1.000000000000
state_senate_2022,CLARENDON - TURBEVILLE,29,0.000000041330
state_senate_2022,CLARENDON - TURBEVILLE,36,0.999999958670
state_senate_2022,CLARENDON - WILSON-FORESTON,32,0.000000753787
state_senate_2022,CLARENDON - WILSON-FORESTON,36,0.999999246213
state_senate_2022,CLARENDON - SUMMERTON NO. 1,36,1.000000000000
state_senate_2022,CLARENDON - SUMMERTON NO. 4,36,1.000000000000
state_senate_2022,LANCASTER - 521 NORTH,17,0.000000021949
state_senate_2022,LANCASTER - 521 NORTH,27,0.999999978051
state_senate_2022,LANCASTER - ANTIOCH,27,1.000000000000
state_senate_2022,LANCASTER - BLACK HORSE RUN,16,1.000000000000
state_senate_2022,LANCASTER - BUFORD,27,1.000000000000
state_senate_2022,LANCASTER - CAMP CREEK,27,1.000000000000
state_senate_2022,LANCASTER - CHESTERFIELD AVE,27,1.000000000000
state_senate_2022,LANCASTER - COLLEGE PARK,27,1.000000000000
state_senate_2022,LANCASTER - DOUGLAS,27,1.000000000000
state_senate_2022,LANCASTER - ELGIN,27,1.000000000000
state_senate_2022,LANCASTER - ERWIN FARM,27,1.000000000000
state_senate_2022,LANCASTER - FLAT CREEK,27,1.000000000000
state_senate_2022,LANCASTER - GOLD HILL,16,0.999570136930
state_senate_2022,LANCASTER - GOLD HILL,17,0.000429863070
state_senate_2022,LANCASTER - HARRISBURG,16,1.000000000000
state_senate_2022,LANCASTER - HYDE PARK,27,1.000000000000
state_senate_2022,LANCASTER - JIM WILSON,16,0.000000061799
state_senate_2022,LANCASTER - JIM WILSON,17,0.999999938201
state_senate_2022,LANCASTER - KERSHAW,27,1.000000000000
state_senate_2022,LANCASTER - SUN CITY-CAROLINA LAKES,16,0.999999501791
state_senate_2022,LANCASTER - SUN CITY-CAROLINA LAKES,17,0.000000498209
state_senate_2022,LANCASTER - MCLLWAIN,27,1.000000000000
state_senate_2022,LANCASTER - OSCEOLA,16,0.002980403305
state_senate_2022,LANCASTER - OSCEOLA,17,0.997019596695
state_senate_2022,LANCASTER - PLEASANT HILL,27,1.000000000000
state_senate_2022,LANCASTER - PLEASANT VALLEY,16,1.000000000000
state_senate_2022,LANCASTER - POSSUM HOLLOW,16,1.000000000000
state_senate_2022,LANCASTER - RICH HILL,27,1.000000000000
state_senate_2022,LANCASTER - RIVER ROAD,16,1.000000000000
state_senate_2022,LANCASTER - RIVERSIDE,17,0.000000302461
state_senate_2022,LANCASTER - RIVERSIDE,27,0.999999697539
state_senate_2022,LANCASTER - SIX MILE CREEK,16,1.000000000000
state_senate_2022,LANCASTER - SPRINGDALE,27,1.000000000000
state_senate_2022,LANCASTER - TRADESVILLE,27,1.000000000000
state_senate_2022,LANCASTER - UNITY,27,1.000000000000
state_senate_2022,LANCASTER - VAN WYCK,16,0.000731694093
state_senate_2022,LANCASTER - VAN WYCK,17,0.999268296213
state_senate_2022,LANCASTER - VAN WYCK,27,0.000000009694
state_senate_2022,LANCASTER - HEATH SPRINGS,17,0.000000000550
state_senate_2022,LANCASTER - HEATH SPRINGS,27,0.999999999450
