source_county_fips,source_county_name,source_name,source_id,source_key_display,source_key_norm,source_area_m2,target_county_name,target_county_fips,target_precinct,target_key_display,target_key_norm,overlap_area_m2,share_of_source,share_rank
001,Abbeville,VTD 1,450011,Abbeville - VTD 1,ABBEVILLE - VTD 1,39252418.920111,Abbeville,001,Broadmouth,Abbeville - Broadmouth,ABBEVILLE - BROADMOUTH,38777288.878887,0.987896,1
001,Abbeville,VTD 1,450011,Abbeville - VTD 1,ABBEVILLE - VTD 1,39252418.920111,Abbeville,001,Donalds,Abbeville - Donalds,ABBEVILLE - DONALDS,475129.836366,0.012104,2
001,Abbeville,VTD 2,450012,Abbeville - VTD 2,ABBEVILLE - VTD 2,32190213.922290,Abbeville,001,Hall's Store,Abbeville - Hall's Store,ABBEVILLE - HALLS STORE,29165956.735618,0.906050,1
001,Abbeville,VTD 2,450012,Abbeville - VTD 2,ABBEVILLE - VTD 2,32190213.922290,Abbeville,001,Donalds,Abbeville - Donalds,ABBEVILLE - DONALDS,3023084.302921,0.093913,2
001,Abbeville,VTD 4,450014,Abbeville - VTD 4,ABBEVILLE - VTD 4,37579758.915267,Abbeville,001,Donalds,Abbeville - Donalds,ABBEVILLE - DONALDS,37394436.892496,0.995069,1
001,Abbeville,VTD 4,450014,Abbeville - VTD 4,ABBEVILLE - VTD 4,37579758.915267,Abbeville,001,Keowee,Abbeville - Keowee,ABBEVILLE - KEOWEE,185321.624705,0.004931,2
001,Abbeville,VTD 5,450015,Abbeville - VTD 5,ABBEVILLE - VTD 5,93553413.730636,Abbeville,001,Due West,Abbeville - Due West,ABBEVILLE - DUE WEST,92064399.171134,0.984084,1
001,Abbeville,VTD 5,450015,Abbeville - VTD 5,ABBEVILLE - VTD 5,93553413.730636,Abbeville,001,Keowee,Abbeville - Keowee,ABBEVILLE - KEOWEE,1489014.559502,0.015916,2
001,Abbeville,VTD 3,450013,Abbeville - VTD 3,ABBEVILLE - VTD 3,100523357.388116,Abbeville,001,Keowee,Abbeville - Keowee,ABBEVILLE - KEOWEE,100521556.128027,0.999982,1
001,Abbeville,VTD 6,450016,Abbeville - VTD 6,ABBEVILLE - VTD 6,98324046.163233,Abbeville,001,Antreville,Abbeville - Antreville,ABBEVILLE - ANTREVILLE,97762284.532818,0.994287,1
001,Abbeville,VTD 6,450016,Abbeville - VTD 6,ABBEVILLE - VTD 6,98324046.163233,Abbeville,001,Keowee,Abbeville - Keowee,ABBEVILLE - KEOWEE,486559.373881,0.004949,2
001,Abbeville,VTD 6,450016,Abbeville - VTD 6,ABBEVILLE - VTD 6,98324046.163233,Abbeville,001,Lowndesville,Abbeville - Lowndesville,ABBEVILLE - LOWNDESVILLE,75160.687840,0.000764,3
001,Abbeville,VTD 8,450018,Abbeville - VTD 8,ABBEVILLE - VTD 8,125460332.069083,Abbeville,001,Lowndesville,Abbeville - Lowndesville,ABBEVILLE - LOWNDESVILLE,125460021.193106,0.999998,1
001,Abbeville,VTD 7,450017,Abbeville - VTD 7,ABBEVILLE - VTD 7,98074554.965068,Abbeville,001,Cold Springs,Abbeville - Cold Springs,ABBEVILLE - COLD SPRINGS,98070869.737667,0.999962,1
001,Abbeville,VTD 17,4500117,Abbeville - VTD 17,ABBEVILLE - VTD 17,48628915.657071,Abbeville,001,Abbeville No. 2,Abbeville - Abbeville No. 2,ABBEVILLE - ABBEVILLE NO. 2,48628915.657071,1.000000,1
001,Abbeville,VTD 14,4500114,Abbeville - VTD 14,ABBEVILLE - VTD 14,53980442.386751,Abbeville,001,Abbeville No. 2,Abbeville - Abbeville No. 2,ABBEVILLE - ABBEVILLE NO. 2,53977080.283605,0.999938,1
001,Abbeville,VTD 13,4500113,Abbeville - VTD 13,ABBEVILLE - VTD 13,73362720.349079,Abbeville,001,Abbeville No. 3,Abbeville - Abbeville No. 3,ABBEVILLE - ABBEVILLE NO. 3,73351519.937086,0.999847,1
001,Abbeville,VTD 16,4500116,Abbeville - VTD 16,ABBEVILLE - VTD 16,59235956.995998,Abbeville,001,Lebanon,Abbeville - Lebanon,ABBEVILLE - LEBANON,59234730.584975,0.999979,1
001,Abbeville,VTD 12,4500112,Abbeville - VTD 12,ABBEVILLE - VTD 12,71965178.885151,Abbeville,001,Lebanon,Abbeville - Lebanon,ABBEVILLE - LEBANON,71828659.528859,0.998103,1
001,Abbeville,VTD 12,4500112,Abbeville - VTD 12,ABBEVILLE - VTD 12,71965178.885151,Abbeville,001,Abbeville No. 4,Abbeville - Abbeville No. 4,ABBEVILLE - ABBEVILLE NO. 4,125365.748928,0.001742,2
001,Abbeville,VTD 18,4500118,Abbeville - VTD 18,ABBEVILLE - VTD 18,67357703.682297,Abbeville,001,Calhoun Falls,Abbeville - Calhoun Falls,ABBEVILLE - CALHOUN FALLS,67357700.797703,1.000000,1
001,Abbeville,VTD 15,4500115,Abbeville - VTD 15,ABBEVILLE - VTD 15,62600822.198361,Abbeville,001,Calhoun Falls,Abbeville - Calhoun Falls,ABBEVILLE - CALHOUN FALLS,56913139.366093,0.909144,1
001,Abbeville,VTD 15,4500115,Abbeville - VTD 15,ABBEVILLE - VTD 15,62600822.198361,Abbeville,001,Lowndesville,Abbeville - Lowndesville,ABBEVILLE - LOWNDESVILLE,5687679.711981,0.090856,2
001,Abbeville,VTD 11,4500111,Abbeville - VTD 11,ABBEVILLE - VTD 11,134336768.055563,Abbeville,001,Lowndesville,Abbeville - Lowndesville,ABBEVILLE - LOWNDESVILLE,123393385.868752,0.918538,1
001,Abbeville,VTD 11,4500111,Abbeville - VTD 11,ABBEVILLE - VTD 11,134336768.055563,Abbeville,001,Calhoun Falls,Abbeville - Calhoun Falls,ABBEVILLE - CALHOUN FALLS,10943352.626835,0.081462,2
001,Abbeville,VTD 9,450019,Abbeville - VTD 9,ABBEVILLE - VTD 9,55301557.300168,Abbeville,001,Abbeville No. 4,Abbeville - Abbeville No. 4,ABBEVILLE - ABBEVILLE NO. 4,54731615.793123,0.989694,1
001,Abbeville,VTD 9,450019,Abbeville - VTD 9,ABBEVILLE - VTD 9,55301557.300168,Abbeville,001,Cold Springs,Abbeville - Cold Springs,ABBEVILLE - COLD SPRINGS,405893.643612,0.007340,2
001,Abbeville,VTD 9,450019,Abbeville - VTD 9,ABBEVILLE - VTD 9,55301557.300168,Abbeville,001,Antreville,Abbeville - Antreville,ABBEVILLE - ANTREVILLE,143877.065843,0.002602,3
001,Abbeville,VTD 10,4500110,Abbeville - VTD 10,ABBEVILLE - VTD 10,71736822.653671,Abbeville,001,Abbeville No. 1,Abbeville - Abbeville No. 1,ABBEVILLE - ABBEVILLE NO. 1,71729612.796525,0.999899,1
003,Aiken,VTD 1,450031,Aiken - VTD 1,AIKEN - VTD 1,90785213.621408,Aiken,003,Monetta,Aiken - Monetta,AIKEN - MONETTA,90730512.392499,0.999397,1
003,Aiken,VTD 3,450033,Aiken - VTD 3,AIKEN - VTD 3,53368719.426995,Aiken,003,Ward,Aiken - Ward,AIKEN - WARD,53368719.426995,1.000000,1
003,Aiken,VTD 4,450034,Aiken - VTD 4,AIKEN - VTD 4,55573741.324987,Aiken,003,Oak Grove,Aiken - Oak Grove,AIKEN - OAK GROVE,55573741.324987,1.000000,1
003,Aiken,VTD 5,450035,Aiken - VTD 5,AIKEN - VTD 5,97513049.110884,Aiken,003,Oak Grove,Aiken - Oak Grove,AIKEN - OAK GROVE,96829759.158502,0.992993,1
003,Aiken,VTD 5,450035,Aiken - VTD 5,AIKEN - VTD 5,97513049.110884,Aiken,003,New Holland,Aiken - New Holland,AIKEN - NEW HOLLAND,683289.848507,0.007007,2
003,Aiken,VTD 9,450039,Aiken - VTD 9,AIKEN - VTD 9,59825008.037788,Aiken,003,New Holland,Aiken - New Holland,AIKEN - NEW HOLLAND,59825008.037788,1.000000,1
003,Aiken,VTD 8,450038,Aiken - VTD 8,AIKEN - VTD 8,70329907.326232,Aiken,003,New Holland,Aiken - New Holland,AIKEN - NEW HOLLAND,70329907.326231,1.000000,1
003,Aiken,VTD 10,4500310,Aiken - VTD 10,AIKEN - VTD 10,56651283.239647,Aiken,003,Wagner,Aiken - Wagner,AIKEN - WAGNER,56651283.239647,1.000000,1
003,Aiken,VTD 16,4500316,Aiken - VTD 16,AIKEN - VTD 16,49524553.331477,Aiken,003,Tabernacle,Aiken - Tabernacle,AIKEN - TABERNACLE,49524544.973923,1.000000,1
003,Aiken,VTD 17,4500317,Aiken - VTD 17,AIKEN - VTD 17,72436374.837165,Aiken,003,Tabernacle,Aiken - Tabernacle,AIKEN - TABERNACLE,70468247.925802,0.972830,1
003,Aiken,VTD 17,4500317,Aiken - VTD 17,AIKEN - VTD 17,72436374.837165,Aiken,003,Salley,Aiken - Salley,AIKEN - SALLEY,1968126.911363,0.027170,2
003,Aiken,VTD 18,4500318,Aiken - VTD 18,AIKEN - VTD 18,75656744.059980,Aiken,003,Salley,Aiken - Salley,AIKEN - SALLEY,75655596.744658,0.999985,1
003,Aiken,VTD 14,4500314,Aiken - VTD 14,AIKEN - VTD 14,34683395.792753,Aiken,003,Shiloh,Aiken - Shiloh,AIKEN - SHILOH,34683395.792753,1.000000,1
003,Aiken,VTD 15,4500315,Aiken - VTD 15,AIKEN - VTD 15,69138666.343804,Aiken,003,Shaws Fork,Aiken - Shaws Fork,AIKEN - SHAWS FORK,69138666.343804,1.000000,1
003,Aiken,VTD 38,4500338,Aiken - VTD 38,AIKEN - VTD 38,2634649.191297,Aiken,003,Aiken #4,Aiken - Aiken #4,AIKEN - AIKEN 4,2418499.630406,0.917959,1
003,Aiken,VTD 38,4500338,Aiken - VTD 38,AIKEN - VTD 38,2634649.191297,Aiken,003,Redds Branch,Aiken - Redds Branch,AIKEN - REDDS BRANCH,154655.977205,0.058701,2
003,Aiken,VTD 38,4500338,Aiken - VTD 38,AIKEN - VTD 38,2634649.191297,Aiken,003,Aiken #5,Aiken - Aiken #5,AIKEN - AIKEN 5,61337.411915,0.023281,3
003,Aiken,VTD 27,4500327,Aiken - VTD 27,AIKEN - VTD 27,20130490.958671,Aiken,003,Redds Branch,Aiken - Redds Branch,AIKEN - REDDS BRANCH,20064307.777775,0.996712,1
003,Aiken,VTD 27,4500327,Aiken - VTD 27,AIKEN - VTD 27,20130490.958671,Aiken,003,Aiken #3,Aiken - Aiken #3,AIKEN - AIKEN 3,54528.001660,0.002709,2
003,Aiken,VTD 40,4500340,Aiken - VTD 40,AIKEN - VTD 40,4060309.061081,Aiken,003,Aiken #5,Aiken - Aiken #5,AIKEN - AIKEN 5,2743252.612250,0.675627,1
003,Aiken,VTD 40,4500340,Aiken - VTD 40,AIKEN - VTD 40,4060309.061081,Aiken,003,Levels #72,Aiken - Levels #72,AIKEN - LEVELS 72,1317056.448831,0.324373,2
003,Aiken,VTD 41,4500341,Aiken - VTD 41,AIKEN - VTD 41,5364721.090684,Aiken,003,Levels,Aiken - Levels,AIKEN - LEVELS,3249189.869578,0.605659,1
003,Aiken,VTD 41,4500341,Aiken - VTD 41,AIKEN - VTD 41,5364721.090684,Aiken,003,Levels #72,Aiken - Levels #72,AIKEN - LEVELS 72,2115119.897039,0.394265,2
003,Aiken,VTD 39,4500339,Aiken - VTD 39,AIKEN - VTD 39,5241731.831602,Aiken,003,Aiken #6,Aiken - Aiken #6,AIKEN - AIKEN 6,5238525.909439,0.999388,1
003,Aiken,VTD 39,4500339,Aiken - VTD 39,AIKEN - VTD 39,5241731.831602,Aiken,003,Aiken #47,Aiken - Aiken #47,AIKEN - AIKEN 47,3204.770978,0.000611,2
003,Aiken,VTD 36,4500336,Aiken - VTD 36,AIKEN - VTD 36,13091538.947015,Aiken,003,Aiken #47,Aiken - Aiken #47,AIKEN - AIKEN 47,6689004.844766,0.510941,1
003,Aiken,VTD 36,4500336,Aiken - VTD 36,AIKEN - VTD 36,13091538.947015,Aiken,003,Hitchcock #66,Aiken - Hitchcock #66,AIKEN - HITCHCOCK 66,6402529.548931,0.489059,2
003,Aiken,VTD 64,4500364,Aiken - VTD 64,AIKEN - VTD 64,16163119.616054,Aiken,003,South Aiken #75,Aiken - South Aiken #75,AIKEN - SOUTH AIKEN 75,9255414.047577,0.572625,1
003,Aiken,VTD 64,4500364,Aiken - VTD 64,AIKEN - VTD 64,16163119.616054,Aiken,003,College Acres,Aiken - College Acres,AIKEN - COLLEGE ACRES,6783322.474912,0.419679,2
003,Aiken,VTD 64,4500364,Aiken - VTD 64,AIKEN - VTD 64,16163119.616054,Aiken,003,Levels,Aiken - Levels,AIKEN - LEVELS,124378.205958,0.007695,3
003,Aiken,VTD 70,4500370,Aiken - VTD 70,AIKEN - VTD 70,10950585.795023,Aiken,003,New Ellenton,Aiken - New Ellenton,AIKEN - NEW ELLENTON,10923186.442223,0.997498,1
003,Aiken,VTD 70,4500370,Aiken - VTD 70,AIKEN - VTD 70,10950585.795023,Aiken,003,Cedar Creek #64,Aiken - Cedar Creek #64,AIKEN - CEDAR CREEK 64,20429.955135,0.001866,2
003,Aiken,VTD 70,4500370,Aiken - VTD 70,AIKEN - VTD 70,10950585.795023,Aiken,003,Talatha,Aiken - Talatha,AIKEN - TALATHA,6969.397665,0.000636,3
003,Aiken,VTD 68,4500368,Aiken - VTD 68,AIKEN - VTD 68,63265801.498117,Aiken,003,Silver Bluff,Aiken - Silver Bluff,AIKEN - SILVER BLUFF,63032346.008703,0.996310,1
003,Aiken,VTD 68,4500368,Aiken - VTD 68,AIKEN - VTD 68,63265801.498117,Aiken,003,SRS,Aiken - SRS,AIKEN - SRS,233455.489414,0.003690,2
003,Aiken,VTD 63,4500363,Aiken - VTD 63,AIKEN - VTD 63,26357207.814799,Aiken,003,South Aiken #76,Aiken - South Aiken #76,AIKEN - SOUTH AIKEN 76,11450224.043065,0.434425,1
003,Aiken,VTD 63,4500363,Aiken - VTD 63,AIKEN - VTD 63,26357207.814799,Aiken,003,Anderson Pond #69,Aiken - Anderson Pond #69,AIKEN - ANDERSON POND 69,8936962.355121,0.339071,2
003,Aiken,VTD 63,4500363,Aiken - VTD 63,AIKEN - VTD 63,26357207.814799,Aiken,003,Hollow Creek,Aiken - Hollow Creek,AIKEN - HOLLOW CREEK,3129006.953243,0.118715,3
003,Aiken,VTD 63,4500363,Aiken - VTD 63,AIKEN - VTD 63,26357207.814799,Aiken,003,Sandstone #70,Aiken - Sandstone #70,AIKEN - SANDSTONE 70,2832978.876875,0.107484,4
003,Aiken,VTD 12,4500312,Aiken - VTD 12,AIKEN - VTD 12,102951918.349170,Aiken,003,Perry,Aiken - Perry,AIKEN - PERRY,102461680.918134,0.995238,1
003,Aiken,VTD 12,4500312,Aiken - VTD 12,AIKEN - VTD 12,102951918.349170,Aiken,003,Wagner,Aiken - Wagner,AIKEN - WAGNER,489419.137901,0.004754,2
003,Aiken,VTD 34,4500334,Aiken - VTD 34,AIKEN - VTD 34,14602914.554695,Aiken,003,Warrenville,Aiken - Warrenville,AIKEN - WARRENVILLE,14410924.847178,0.986853,1
003,Aiken,VTD 34,4500334,Aiken - VTD 34,AIKEN - VTD 34,14602914.554695,Aiken,003,Millbrook,Aiken - Millbrook,AIKEN - MILLBROOK,191772.944743,0.013133,2
003,Aiken,VTD 62,4500362,Aiken - VTD 62,AIKEN - VTD 62,4039974.918441,Aiken,003,Millbrook,Aiken - Millbrook,AIKEN - MILLBROOK,4039970.841491,0.999999,1
003,Aiken,VTD 61,4500361,Aiken - VTD 61,AIKEN - VTD 61,8737103.260573,Aiken,003,Gem Lakes,Aiken - Gem Lakes,AIKEN - GEM LAKES,8737063.005876,0.999995,1
003,Aiken,VTD 59,4500359,Aiken - VTD 59,AIKEN - VTD 59,7488788.206614,Aiken,003,Gloverville,Aiken - Gloverville,AIKEN - GLOVERVILLE,6662148.036638,0.889616,1
003,Aiken,VTD 59,4500359,Aiken - VTD 59,AIKEN - VTD 59,7488788.206614,Aiken,003,Warrenville,Aiken - Warrenville,AIKEN - WARRENVILLE,644286.932120,0.086034,2
003,Aiken,VTD 59,4500359,Aiken - VTD 59,AIKEN - VTD 59,7488788.206614,Aiken,003,Langley,Aiken - Langley,AIKEN - LANGLEY,165788.964669,0.022138,3
003,Aiken,VTD 59,4500359,Aiken - VTD 59,AIKEN - VTD 59,7488788.206614,Aiken,003,Midland Valley #51,Aiken - Midland Valley #51,AIKEN - MIDLAND VALLEY 51,16564.273187,0.002212,4
003,Aiken,VTD 58,4500358,Aiken - VTD 58,AIKEN - VTD 58,11005925.915900,Aiken,003,Langley,Aiken - Langley,AIKEN - LANGLEY,10649278.426963,0.967595,1
003,Aiken,VTD 58,4500358,Aiken - VTD 58,AIKEN - VTD 58,11005925.915900,Aiken,003,Gloverville,Aiken - Gloverville,AIKEN - GLOVERVILLE,356647.488936,0.032405,2
003,Aiken,VTD 35,4500335,Aiken - VTD 35,AIKEN - VTD 35,4338772.487836,Aiken,003,Aiken #1,Aiken - Aiken #1,AIKEN - AIKEN 1,4338767.975596,0.999999,1
003,Aiken,VTD 37,4500337,Aiken - VTD 37,AIKEN - VTD 37,2128177.006219,Aiken,003,Aiken #2,Aiken - Aiken #2,AIKEN - AIKEN 2,2128176.458715,1.000000,1
003,Aiken,VTD 28,4500328,Aiken - VTD 28,AIKEN - VTD 28,47108235.359454,Aiken,003,Couchton,Aiken - Couchton,AIKEN - COUCHTON,47105005.363133,0.999931,1
003,Aiken,VTD 29,4500329,Aiken - VTD 29,AIKEN - VTD 29,113137608.135112,Aiken,003,Windsor,Aiken - Windsor,AIKEN - WINDSOR,113137606.341541,1.000000,1
003,Aiken,VTD 22,4500322,Aiken - VTD 22,AIKEN - VTD 22,38845413.506333,Aiken,003,Misty Lakes,Aiken - Misty Lakes,AIKEN - MISTY LAKES,38834813.501077,0.999727,1
003,Aiken,VTD 7,450037,Aiken - VTD 7,AIKEN - VTD 7,43630558.222609,Aiken,003,Shiloh,Aiken - Shiloh,AIKEN - SHILOH,43630558.222609,1.000000,1
003,Aiken,VTD 44,4500344,Aiken - VTD 44,AIKEN - VTD 44,7508684.523352,Aiken,003,North Augusta #67,Aiken - North Augusta #67,AIKEN - NORTH AUGUSTA 67,6024445.391932,0.802330,1
003,Aiken,VTD 44,4500344,Aiken - VTD 44,AIKEN - VTD 44,7508684.523352,Aiken,003,North Augusta #28,Aiken - North Augusta #28,AIKEN - NORTH AUGUSTA 28,1476331.126910,0.196616,2
003,Aiken,VTD 46,4500346,Aiken - VTD 46,AIKEN - VTD 46,3896351.221955,Aiken,003,North Augusta #29,Aiken - North Augusta #29,AIKEN - NORTH AUGUSTA 29,2600819.713415,0.667501,1
003,Aiken,VTD 46,4500346,Aiken - VTD 46,AIKEN - VTD 46,3896351.221955,Aiken,003,North Augusta #67,Aiken - North Augusta #67,AIKEN - NORTH AUGUSTA 67,1257097.215922,0.322634,2
003,Aiken,VTD 46,4500346,Aiken - VTD 46,AIKEN - VTD 46,3896351.221955,Aiken,003,North Augusta #55,Aiken - North Augusta #55,AIKEN - NORTH AUGUSTA 55,38404.790466,0.009857,3
003,Aiken,VTD 47,4500347,Aiken - VTD 47,AIKEN - VTD 47,1284964.985887,Aiken,003,North Augusta #55,Aiken - North Augusta #55,AIKEN - NORTH AUGUSTA 55,1284964.985887,1.000000,1
003,Aiken,VTD 45,4500345,Aiken - VTD 45,AIKEN - VTD 45,2200867.510518,Aiken,003,North Augusta #27,Aiken - North Augusta #27,AIKEN - NORTH AUGUSTA 27,2152056.608913,0.977822,1
003,Aiken,VTD 45,4500345,Aiken - VTD 45,AIKEN - VTD 45,2200867.510518,Aiken,003,Belvedere #62,Aiken - Belvedere #62,AIKEN - BELVEDERE 62,48809.583328,0.022177,2
003,Aiken,VTD 48,4500348,Aiken - VTD 48,AIKEN - VTD 48,4187811.788804,Aiken,003,North Augusta #26,Aiken - North Augusta #26,AIKEN - NORTH AUGUSTA 26,3154968.441031,0.753369,1
003,Aiken,VTD 48,4500348,Aiken - VTD 48,AIKEN - VTD 48,4187811.788804,Aiken,003,North Augusta #27,Aiken - North Augusta #27,AIKEN - NORTH AUGUSTA 27,1027823.707338,0.245432,2
003,Aiken,VTD 48,4500348,Aiken - VTD 48,AIKEN - VTD 48,4187811.788804,Aiken,003,North Augusta #25,Aiken - North Augusta #25,AIKEN - NORTH AUGUSTA 25,5019.144433,0.001199,3
003,Aiken,VTD 30,4500330,Aiken - VTD 30,AIKEN - VTD 30,11351835.039153,Aiken,003,North Augusta #68,Aiken - North Augusta #68,AIKEN - NORTH AUGUSTA 68,6272187.170294,0.552526,1
003,Aiken,VTD 30,4500330,Aiken - VTD 30,AIKEN - VTD 30,11351835.039153,Aiken,003,Fox Creek #73,Aiken - Fox Creek #73,AIKEN - FOX CREEK 73,3087279.576082,0.271963,2
003,Aiken,VTD 30,4500330,Aiken - VTD 30,AIKEN - VTD 30,11351835.039153,Aiken,003,Fox Creek #58,Aiken - Fox Creek #58,AIKEN - FOX CREEK 58,1917679.654006,0.168931,3
003,Aiken,VTD 30,4500330,Aiken - VTD 30,AIKEN - VTD 30,11351835.039153,Aiken,003,Belvedere #62,Aiken - Belvedere #62,AIKEN - BELVEDERE 62,74686.231647,0.006579,4
003,Aiken,VTD 31,4500331,Aiken - VTD 31,AIKEN - VTD 31,6781546.658931,Aiken,003,Belvedere #62,Aiken - Belvedere #62,AIKEN - BELVEDERE 62,6751112.529086,0.995512,1
003,Aiken,VTD 31,4500331,Aiken - VTD 31,AIKEN - VTD 31,6781546.658931,Aiken,003,North Augusta #27,Aiken - North Augusta #27,AIKEN - NORTH AUGUSTA 27,30425.050493,0.004486,2
003,Aiken,VTD 49,4500349,Aiken - VTD 49,AIKEN - VTD 49,3712462.548425,Aiken,003,Belvedere #9,Aiken - Belvedere #9,AIKEN - BELVEDERE 9,3220600.971014,0.867511,1
003,Aiken,VTD 49,4500349,Aiken - VTD 49,AIKEN - VTD 49,3712462.548425,Aiken,003,Belvedere #74,Aiken - Belvedere #74,AIKEN - BELVEDERE 74,433917.924970,0.116881,2
003,Aiken,VTD 49,4500349,Aiken - VTD 49,AIKEN - VTD 49,3712462.548425,Aiken,003,Belvedere #44,Aiken - Belvedere #44,AIKEN - BELVEDERE 44,57938.574861,0.015607,3
003,Aiken,VTD 53,4500353,Aiken - VTD 53,AIKEN - VTD 53,2951974.333300,Aiken,003,Belvedere #44,Aiken - Belvedere #44,AIKEN - BELVEDERE 44,2928734.664328,0.992127,1
003,Aiken,VTD 53,4500353,Aiken - VTD 53,AIKEN - VTD 53,2951974.333300,Aiken,003,Belvedere #9,Aiken - Belvedere #9,AIKEN - BELVEDERE 9,22949.743103,0.007774,2
003,Aiken,VTD 54,4500354,Aiken - VTD 54,AIKEN - VTD 54,6635791.270636,Aiken,003,Willow Springs,Aiken - Willow Springs,AIKEN - WILLOW SPRINGS,6596599.514421,0.994094,1
003,Aiken,VTD 54,4500354,Aiken - VTD 54,AIKEN - VTD 54,6635791.270636,Aiken,003,Belvedere #44,Aiken - Belvedere #44,AIKEN - BELVEDERE 44,39191.756215,0.005906,2
003,Aiken,VTD 32,4500332,Aiken - VTD 32,AIKEN - VTD 32,14238380.869486,Aiken,003,Ascauga Lake,Aiken - Ascauga Lake,AIKEN - ASCAUGA LAKE,10550874.512142,0.741016,1
003,Aiken,VTD 32,4500332,Aiken - VTD 32,AIKEN - VTD 32,14238380.869486,Aiken,003,Belvedere #74,Aiken - Belvedere #74,AIKEN - BELVEDERE 74,3686139.931544,0.258888,2
003,Aiken,VTD 33,4500333,Aiken - VTD 33,AIKEN - VTD 33,33240879.171602,Aiken,003,Midland Valley #51,Aiken - Midland Valley #51,AIKEN - MIDLAND VALLEY 51,17620433.658353,0.530083,1
003,Aiken,VTD 33,4500333,Aiken - VTD 33,AIKEN - VTD 33,33240879.171602,Aiken,003,Midland Valley #71,Aiken - Midland Valley #71,AIKEN - MIDLAND VALLEY 71,15587399.922545,0.468923,2
003,Aiken,VTD 33,4500333,Aiken - VTD 33,AIKEN - VTD 33,33240879.171602,Aiken,003,Warrenville,Aiken - Warrenville,AIKEN - WARRENVILLE,25055.638019,0.000754,3
003,Aiken,VTD 57,4500357,Aiken - VTD 57,AIKEN - VTD 57,7779355.924642,Aiken,003,Lynwood,Aiken - Lynwood,AIKEN - LYNWOOD,7779355.924642,1.000000,1
003,Aiken,VTD 56,4500356,Aiken - VTD 56,AIKEN - VTD 56,14789035.728314,Aiken,003,Bath,Aiken - Bath,AIKEN - BATH,14789035.068587,1.000000,1
003,Aiken,VTD 50,4500350,Aiken - VTD 50,AIKEN - VTD 50,4335623.718644,Aiken,003,North Augusta #25,Aiken - North Augusta #25,AIKEN - NORTH AUGUSTA 25,4335210.153233,0.999905,1
003,Aiken,VTD 51,4500351,Aiken - VTD 51,AIKEN - VTD 51,2489584.713066,Aiken,003,North Augusta #54,Aiken - North Augusta #54,AIKEN - NORTH AUGUSTA 54,2458555.889832,0.987537,1
003,Aiken,VTD 51,4500351,Aiken - VTD 51,AIKEN - VTD 51,2489584.713066,Aiken,003,Carolina Heights,Aiken - Carolina Heights,AIKEN - CAROLINA HEIGHTS,30045.654255,0.012069,2
003,Aiken,VTD 52,4500352,Aiken - VTD 52,AIKEN - VTD 52,13461756.046719,Aiken,003,Carolina Heights,Aiken - Carolina Heights,AIKEN - CAROLINA HEIGHTS,12798491.724940,0.950730,1
003,Aiken,VTD 52,4500352,Aiken - VTD 52,AIKEN - VTD 52,13461756.046719,Aiken,003,North Augusta #54,Aiken - North Augusta #54,AIKEN - NORTH AUGUSTA 54,663256.331379,0.049270,2
003,Aiken,VTD 55,4500355,Aiken - VTD 55,AIKEN - VTD 55,4882388.690199,Aiken,003,Clearwater,Aiken - Clearwater,AIKEN - CLEARWATER,4882378.604275,0.999998,1
003,Aiken,VTD 24,4500324,Aiken - VTD 24,AIKEN - VTD 24,4514013.610438,Aiken,003,Six Points #35,Aiken - Six Points #35,AIKEN - SIX POINTS 35,4514011.338572,0.999999,1
003,Aiken,VTD 42,4500342,Aiken - VTD 42,AIKEN - VTD 42,79032621.072003,Aiken,003,Montmorenci,Aiken - Montmorenci,AIKEN - MONTMORENCI,76979206.847414,0.974018,1
003,Aiken,VTD 42,4500342,Aiken - VTD 42,AIKEN - VTD 42,79032621.072003,Aiken,003,Talatha,Aiken - Talatha,AIKEN - TALATHA,2053410.863925,0.025982,2
003,Aiken,VTD 65,4500365,Aiken - VTD 65,AIKEN - VTD 65,76161965.078645,Aiken,003,Windsor,Aiken - Windsor,AIKEN - WINDSOR,76013215.405805,0.998047,1
003,Aiken,VTD 65,4500365,Aiken - VTD 65,AIKEN - VTD 65,76161965.078645,Aiken,003,SRS,Aiken - SRS,AIKEN - SRS,148749.672840,0.001953,2
003,Aiken,VTD 66,4500366,Aiken - VTD 66,AIKEN - VTD 66,43368571.045748,Aiken,003,Beech Island,Aiken - Beech Island,AIKEN - BEECH ISLAND,42992756.588710,0.991334,1
003,Aiken,VTD 67,4500367,Aiken - VTD 67,AIKEN - VTD 67,47151518.407968,Aiken,003,Hammond,Aiken - Hammond,AIKEN - HAMMOND,47151504.761531,1.000000,1
003,Aiken,VTD 60,4500360,Aiken - VTD 60,AIKEN - VTD 60,50428764.107001,Aiken,003,Pine Forest,Aiken - Pine Forest,AIKEN - PINE FOREST,34440045.852537,0.682944,1
003,Aiken,VTD 60,4500360,Aiken - VTD 60,AIKEN - VTD 60,50428764.107001,Aiken,003,Sleepy Hollow #65,Aiken - Sleepy Hollow #65,AIKEN - SLEEPY HOLLOW 65,15988709.322676,0.317055,2
003,Aiken,VTD 71,4500371,Aiken - VTD 71,AIKEN - VTD 71,37185690.750871,Aiken,003,Hammond,Aiken - Hammond,AIKEN - HAMMOND,37185527.798217,0.999996,1
003,Aiken,VTD 72,4500372,Aiken - VTD 72,AIKEN - VTD 72,52270605.850280,Aiken,003,Jackson,Aiken - Jackson,AIKEN - JACKSON,52270535.730610,0.999999,1
003,Aiken,VTD 73,4500373,Aiken - VTD 73,AIKEN - VTD 73,46185420.553777,Aiken,003,Jackson,Aiken - Jackson,AIKEN - JACKSON,46185009.331723,0.999991,1
003,Aiken,VTD 74,4500374,Aiken - VTD 74,AIKEN - VTD 74,180832944.228904,Aiken,003,SRS,Aiken - SRS,AIKEN - SRS,177766419.759472,0.983042,1
003,Aiken,VTD 74,4500374,Aiken - VTD 74,AIKEN - VTD 74,180832944.228904,Aiken,003,Silver Bluff,Aiken - Silver Bluff,AIKEN - SILVER BLUFF,1644696.109162,0.009095,2
003,Aiken,VTD 74,4500374,Aiken - VTD 74,AIKEN - VTD 74,180832944.228904,Aiken,003,Jackson,Aiken - Jackson,AIKEN - JACKSON,1421813.515093,0.007863,3
003,Aiken,VTD 75,4500375,Aiken - VTD 75,AIKEN - VTD 75,114804336.337441,Aiken,003,SRS,Aiken - SRS,AIKEN - SRS,114774434.317530,0.999740,1
003,Aiken,VTD 2,450032,Aiken - VTD 2,AIKEN - VTD 2,71955811.034781,Aiken,003,Ward,Aiken - Ward,AIKEN - WARD,71955792.827078,1.000000,1
003,Aiken,VTD 6,450036,Aiken - VTD 6,AIKEN - VTD 6,64257454.204469,Aiken,003,Eureka,Aiken - Eureka,AIKEN - EUREKA,64056684.905211,0.996876,1
003,Aiken,VTD 6,450036,Aiken - VTD 6,AIKEN - VTD 6,64257454.204469,Aiken,003,China Springs,Aiken - China Springs,AIKEN - CHINA SPRINGS,56228.143856,0.000875,2
003,Aiken,VTD 13,4500313,Aiken - VTD 13,AIKEN - VTD 13,37075968.352292,Aiken,003,Eureka,Aiken - Eureka,AIKEN - EUREKA,37021640.248751,0.998535,1
003,Aiken,VTD 13,4500313,Aiken - VTD 13,AIKEN - VTD 13,37075968.352292,Aiken,003,China Springs,Aiken - China Springs,AIKEN - CHINA SPRINGS,54294.045252,0.001464,2
003,Aiken,VTD 20,4500320,Aiken - VTD 20,AIKEN - VTD 20,55450401.814964,Aiken,003,Vaucluse,Aiken - Vaucluse,AIKEN - VAUCLUSE,55359945.495127,0.998369,1
003,Aiken,VTD 20,4500320,Aiken - VTD 20,AIKEN - VTD 20,55450401.814964,Aiken,003,Breezy Hill,Aiken - Breezy Hill,AIKEN - BREEZY HILL,84491.456382,0.001524,2
003,Aiken,VTD 21,4500321,Aiken - VTD 21,AIKEN - VTD 21,32095887.122218,Aiken,003,China Springs,Aiken - China Springs,AIKEN - CHINA SPRINGS,32095873.863475,1.000000,1
003,Aiken,VTD 25,4500325,Aiken - VTD 25,AIKEN - VTD 25,6346956.993967,Aiken,003,Six Points #46,Aiken - Six Points #46,AIKEN - SIX POINTS 46,6346945.395223,0.999998,1
003,Aiken,VTD 26,4500326,Aiken - VTD 26,AIKEN - VTD 26,3951043.656697,Aiken,003,Aiken #3,Aiken - Aiken #3,AIKEN - AIKEN 3,3951040.371892,0.999999,1
003,Aiken,VTD 69,4500369,Aiken - VTD 69,AIKEN - VTD 69,96335533.555215,Aiken,003,Talatha,Aiken - Talatha,AIKEN - TALATHA,45340927.439305,0.470656,1
003,Aiken,VTD 69,4500369,Aiken - VTD 69,AIKEN - VTD 69,96335533.555215,Aiken,003,Silver Bluff,Aiken - Silver Bluff,AIKEN - SILVER BLUFF,22636015.580072,0.234971,2
003,Aiken,VTD 69,4500369,Aiken - VTD 69,AIKEN - VTD 69,96335533.555215,Aiken,003,Cedar Creek #64,Aiken - Cedar Creek #64,AIKEN - CEDAR CREEK 64,16216908.813125,0.168338,3
003,Aiken,VTD 69,4500369,Aiken - VTD 69,AIKEN - VTD 69,96335533.555215,Aiken,003,Sleepy Hollow #65,Aiken - Sleepy Hollow #65,AIKEN - SLEEPY HOLLOW 65,11120401.240692,0.115434,4
003,Aiken,VTD 69,4500369,Aiken - VTD 69,AIKEN - VTD 69,96335533.555215,Aiken,003,Montmorenci,Aiken - Montmorenci,AIKEN - MONTMORENCI,711963.686406,0.007390,5
003,Aiken,VTD 69,4500369,Aiken - VTD 69,AIKEN - VTD 69,96335533.555215,Aiken,003,SRS,Aiken - SRS,AIKEN - SRS,271939.094448,0.002823,6
003,Aiken,VTD 11,4500311,Aiken - VTD 11,AIKEN - VTD 11,70475425.766784,Aiken,003,Wagner,Aiken - Wagner,AIKEN - WAGNER,70475425.766784,1.000000,1
003,Aiken,VTD 19,4500319,Aiken - VTD 19,AIKEN - VTD 19,40576203.122270,Aiken,003,Breezy Hill,Aiken - Breezy Hill,AIKEN - BREEZY HILL,40548413.249140,0.999315,1
003,Aiken,VTD 19,4500319,Aiken - VTD 19,AIKEN - VTD 19,40576203.122270,Aiken,003,Graniteville,Aiken - Graniteville,AIKEN - GRANITEVILLE,27785.108353,0.000685,2
003,Aiken,VTD 23,4500323,Aiken - VTD 23,AIKEN - VTD 23,10874914.875853,Aiken,003,Graniteville,Aiken - Graniteville,AIKEN - GRANITEVILLE,9127459.932053,0.839313,1
003,Aiken,VTD 23,4500323,Aiken - VTD 23,AIKEN - VTD 23,10874914.875853,Aiken,003,Six Points #35,Aiken - Six Points #35,AIKEN - SIX POINTS 35,1747454.037534,0.160687,2
003,Aiken,VTD 43,4500343,Aiken - VTD 43,AIKEN - VTD 43,81344067.266889,Aiken,003,White Pond,Aiken - White Pond,AIKEN - WHITE POND,81226078.074312,0.998550,1
003,Aiken,VTD 43,4500343,Aiken - VTD 43,AIKEN - VTD 43,81344067.266889,Aiken,003,SRS,Aiken - SRS,AIKEN - SRS,117986.116085,0.001450,2
005,Allendale,VTD 8,450058,Allendale - VTD 8,ALLENDALE - VTD 8,53355906.362548,Allendale,005,Woods,Allendale - Woods,ALLENDALE - WOODS,53353772.760483,0.999960,1
005,Allendale,VTD 10,4500510,Allendale - VTD 10,ALLENDALE - VTD 10,154526430.006233,Allendale,005,Woods,Allendale - Woods,ALLENDALE - WOODS,110900699.122034,0.717681,1
005,Allendale,VTD 10,4500510,Allendale - VTD 10,ALLENDALE - VTD 10,154526430.006233,Allendale,005,Fairfax No. 2,Allendale - Fairfax No. 2,ALLENDALE - FAIRFAX NO. 2,43625729.764087,0.282319,2
005,Allendale,VTD 11,4500511,Allendale - VTD 11,ALLENDALE - VTD 11,232876903.173764,Allendale,005,Fairfax No. 2,Allendale - Fairfax No. 2,ALLENDALE - FAIRFAX NO. 2,214022472.503488,0.919037,1
005,Allendale,VTD 11,4500511,Allendale - VTD 11,ALLENDALE - VTD 11,232876903.173764,Allendale,005,Woods,Allendale - Woods,ALLENDALE - WOODS,18854427.622369,0.080963,2
005,Allendale,VTD 3,450053,Allendale - VTD 3,ALLENDALE - VTD 3,37520978.201723,Allendale,005,Fairfax No. 1,Allendale - Fairfax No. 1,ALLENDALE - FAIRFAX NO. 1,32892666.667526,0.876647,1
005,Allendale,VTD 3,450053,Allendale - VTD 3,ALLENDALE - VTD 3,37520978.201723,Allendale,005,Sycamore,Allendale - Sycamore,ALLENDALE - SYCAMORE,3565666.812014,0.095031,2
005,Allendale,VTD 3,450053,Allendale - VTD 3,ALLENDALE - VTD 3,37520978.201723,Allendale,005,Fairfax No. 2,Allendale - Fairfax No. 2,ALLENDALE - FAIRFAX NO. 2,1062644.722183,0.028321,3
005,Allendale,VTD 4,450054,Allendale - VTD 4,ALLENDALE - VTD 4,85321826.940738,Allendale,005,Fairfax No. 2,Allendale - Fairfax No. 2,ALLENDALE - FAIRFAX NO. 2,41209092.930575,0.482984,1
005,Allendale,VTD 4,450054,Allendale - VTD 4,ALLENDALE - VTD 4,85321826.940738,Allendale,005,Woods,Allendale - Woods,ALLENDALE - WOODS,27288462.593971,0.319830,2
005,Allendale,VTD 4,450054,Allendale - VTD 4,ALLENDALE - VTD 4,85321826.940738,Allendale,005,Fairfax No. 1,Allendale - Fairfax No. 1,ALLENDALE - FAIRFAX NO. 1,16794160.495585,0.196833,3
005,Allendale,VTD 2,450052,Allendale - VTD 2,ALLENDALE - VTD 2,3168583.490047,Allendale,005,Allendale No. 2,Allendale - Allendale No. 2,ALLENDALE - ALLENDALE NO. 2,3161970.130410,0.997913,1
005,Allendale,VTD 2,450052,Allendale - VTD 2,ALLENDALE - VTD 2,3168583.490047,Allendale,005,Allendale No. 1,Allendale - Allendale No. 1,ALLENDALE - ALLENDALE NO. 1,6613.169764,0.002087,2
005,Allendale,VTD 1,450051,Allendale - VTD 1,ALLENDALE - VTD 1,24981344.418137,Allendale,005,Allendale No. 1,Allendale - Allendale No. 1,ALLENDALE - ALLENDALE NO. 1,22336425.168058,0.894124,1
005,Allendale,VTD 1,450051,Allendale - VTD 1,ALLENDALE - VTD 1,24981344.418137,Allendale,005,Sycamore,Allendale - Sycamore,ALLENDALE - SYCAMORE,2618995.878962,0.104838,2
005,Allendale,VTD 1,450051,Allendale - VTD 1,ALLENDALE - VTD 1,24981344.418137,Allendale,005,Allendale No. 2,Allendale - Allendale No. 2,ALLENDALE - ALLENDALE NO. 2,25923.371117,0.001038,3
005,Allendale,VTD 6,450056,Allendale - VTD 6,ALLENDALE - VTD 6,104000864.073042,Allendale,005,Sycamore,Allendale - Sycamore,ALLENDALE - SYCAMORE,104000861.780587,1.000000,1
005,Allendale,VTD 7,450057,Allendale - VTD 7,ALLENDALE - VTD 7,84567790.867066,Allendale,005,Ulmer,Allendale - Ulmer,ALLENDALE - ULMER,67934738.323005,0.803317,1
005,Allendale,VTD 7,450057,Allendale - VTD 7,ALLENDALE - VTD 7,84567790.867066,Allendale,005,Woods,Allendale - Woods,ALLENDALE - WOODS,16438465.019685,0.194382,2
005,Allendale,VTD 7,450057,Allendale - VTD 7,ALLENDALE - VTD 7,84567790.867066,Allendale,005,Sycamore,Allendale - Sycamore,ALLENDALE - SYCAMORE,194586.028559,0.002301,3
005,Allendale,VTD 5,450055,Allendale - VTD 5,ALLENDALE - VTD 5,154593327.072027,Allendale,005,Martin,Allendale - Martin,ALLENDALE - MARTIN,154551399.322520,0.999729,1
005,Allendale,VTD 9,450059,Allendale - VTD 9,ALLENDALE - VTD 9,133242788.689337,Allendale,005,Martin,Allendale - Martin,ALLENDALE - MARTIN,133242788.689337,1.000000,1
007,Anderson,VTD 32,4500732,Anderson - VTD 32,ANDERSON - VTD 32,13050168.833229,Anderson,007,Edgewood Station A,Anderson - Edgewood Station A,ANDERSON - EDGEWOOD STATION A,12153126.656080,0.931262,1
007,Anderson,VTD 32,4500732,Anderson - VTD 32,ANDERSON - VTD 32,13050168.833229,Anderson,007,Anderson 1/1,Anderson - Anderson 1/1,ANDERSON - ANDERSON 11,796949.591242,0.061068,2
007,Anderson,VTD 32,4500732,Anderson - VTD 32,ANDERSON - VTD 32,13050168.833229,Anderson,007,Denver-Sandy Springs,Anderson - Denver-Sandy Springs,ANDERSON - DENVER-SANDY SPRINGS,58892.539536,0.004513,3
007,Anderson,VTD 32,4500732,Anderson - VTD 32,ANDERSON - VTD 32,13050168.833229,Anderson,007,Edgewood Station B,Anderson - Edgewood Station B,ANDERSON - EDGEWOOD STATION B,41194.889502,0.003157,4
007,Anderson,VTD 28,4500728,Anderson - VTD 28,ANDERSON - VTD 28,26711685.965615,Anderson,007,Townville,Anderson - Townville,ANDERSON - TOWNVILLE,26592951.067238,0.995555,1
007,Anderson,VTD 28,4500728,Anderson - VTD 28,ANDERSON - VTD 28,26711685.965615,Anderson,007,Mount Tabor,Anderson - Mount Tabor,ANDERSON - MOUNT TABOR,113134.826825,0.004235,2
007,Anderson,VTD 76,4500776,Anderson - VTD 76,ANDERSON - VTD 76,23720223.158866,Anderson,007,Iva,Anderson - Iva,ANDERSON - IVA,23580927.406012,0.994128,1
007,Anderson,VTD 76,4500776,Anderson - VTD 76,ANDERSON - VTD 76,23720223.158866,Anderson,007,Jackson Mill,Anderson - Jackson Mill,ANDERSON - JACKSON MILL,139295.308118,0.005872,2
007,Anderson,VTD 68,4500768,Anderson - VTD 68,ANDERSON - VTD 68,47200696.175067,Anderson,007,Grove School,Anderson - Grove School,ANDERSON - GROVE SCHOOL,47200693.947815,1.000000,1
007,Anderson,VTD 79,4500779,Anderson - VTD 79,ANDERSON - VTD 79,33074694.642337,Anderson,007,Wrights School,Anderson - Wrights School,ANDERSON - WRIGHTS SCHOOL,33074469.293247,0.999993,1
007,Anderson,VTD 78,4500778,Anderson - VTD 78,ANDERSON - VTD 78,27303460.940350,Anderson,007,Wrights School,Anderson - Wrights School,ANDERSON - WRIGHTS SCHOOL,27272013.228221,0.998848,1
007,Anderson,VTD 78,4500778,Anderson - VTD 78,ANDERSON - VTD 78,27303460.940350,Anderson,007,Shirleys Store,Anderson - Shirleys Store,ANDERSON - SHIRLEYS STORE,27706.069411,0.001015,2
007,Anderson,VTD 71,4500771,Anderson - VTD 71,ANDERSON - VTD 71,29367353.942455,Anderson,007,Hall,Anderson - Hall,ANDERSON - HALL,29324953.497004,0.998556,1
007,Anderson,VTD 71,4500771,Anderson - VTD 71,ANDERSON - VTD 71,29367353.942455,Anderson,007,Shirleys Store,Anderson - Shirleys Store,ANDERSON - SHIRLEYS STORE,31198.648241,0.001062,2
007,Anderson,VTD 70,4500770,Anderson - VTD 70,ANDERSON - VTD 70,36599301.459433,Anderson,007,Hall,Anderson - Hall,ANDERSON - HALL,36565184.264935,0.999068,1
007,Anderson,VTD 70,4500770,Anderson - VTD 70,ANDERSON - VTD 70,36599301.459433,Anderson,007,Starr,Anderson - Starr,ANDERSON - STARR,34117.194498,0.000932,2
007,Anderson,VTD 77,4500777,Anderson - VTD 77,ANDERSON - VTD 77,36733060.156092,Anderson,007,Iva,Anderson - Iva,ANDERSON - IVA,36733054.369875,1.000000,1
007,Anderson,VTD 69,4500769,Anderson - VTD 69,ANDERSON - VTD 69,23948124.601439,Anderson,007,Jackson Mill,Anderson - Jackson Mill,ANDERSON - JACKSON MILL,23943252.494632,0.999797,1
007,Anderson,VTD 65,4500765,Anderson - VTD 65,ANDERSON - VTD 65,26913238.758932,Anderson,007,Starr,Anderson - Starr,ANDERSON - STARR,26911704.832344,0.999943,1
007,Anderson,VTD 63,4500763,Anderson - VTD 63,ANDERSON - VTD 63,45976684.725902,Anderson,007,Grove School,Anderson - Grove School,ANDERSON - GROVE SCHOOL,45974556.100832,0.999954,1
007,Anderson,VTD 73,4500773,Anderson - VTD 73,ANDERSON - VTD 73,40627252.345329,Anderson,007,Craytonville,Anderson - Craytonville,ANDERSON - CRAYTONVILLE,40626984.998498,0.999993,1
007,Anderson,VTD 72,4500772,Anderson - VTD 72,ANDERSON - VTD 72,35979407.193491,Anderson,007,Shirleys Store,Anderson - Shirleys Store,ANDERSON - SHIRLEYS STORE,35944582.720115,0.999032,1
007,Anderson,VTD 72,4500772,Anderson - VTD 72,ANDERSON - VTD 72,35979407.193491,Anderson,007,Hall,Anderson - Hall,ANDERSON - HALL,34824.426712,0.000968,2
007,Anderson,VTD 60,4500760,Anderson - VTD 60,ANDERSON - VTD 60,36726999.221596,Anderson,007,Neals Creek,Anderson - Neals Creek,ANDERSON - NEALS CREEK,36701243.013131,0.999299,1
007,Anderson,VTD 60,4500760,Anderson - VTD 60,ANDERSON - VTD 60,36726999.221596,Anderson,007,Broadview,Anderson - Broadview,ANDERSON - BROADVIEW,25754.711085,0.000701,2
007,Anderson,VTD 64,4500764,Anderson - VTD 64,ANDERSON - VTD 64,32740395.449182,Anderson,007,Starr,Anderson - Starr,ANDERSON - STARR,32537599.265341,0.993806,1
007,Anderson,VTD 64,4500764,Anderson - VTD 64,ANDERSON - VTD 64,32740395.449182,Anderson,007,Mountain Creek,Anderson - Mountain Creek,ANDERSON - MOUNTAIN CREEK,202796.183841,0.006194,2
007,Anderson,VTD 54,4500754,Anderson - VTD 54,ANDERSON - VTD 54,43815960.729134,Anderson,007,West Savannah,Anderson - West Savannah,ANDERSON - WEST SAVANNAH,41666592.292198,0.950946,1
007,Anderson,VTD 54,4500754,Anderson - VTD 54,ANDERSON - VTD 54,43815960.729134,Anderson,007,Rock Mill,Anderson - Rock Mill,ANDERSON - ROCK MILL,2125925.183679,0.048519,2
007,Anderson,VTD 80,4500780,Anderson - VTD 80,ANDERSON - VTD 80,20728778.819630,Anderson,007,Barker's Creek,Anderson - Barker's Creek,ANDERSON - BARKERS CREEK,20190316.910831,0.974023,1
007,Anderson,VTD 80,4500780,Anderson - VTD 80,ANDERSON - VTD 80,20728778.819630,Anderson,007,Craytonville,Anderson - Craytonville,ANDERSON - CRAYTONVILLE,301145.658354,0.014528,2
007,Anderson,VTD 80,4500780,Anderson - VTD 80,ANDERSON - VTD 80,20728778.819630,Anderson,007,Honea Path,Anderson - Honea Path,ANDERSON - HONEA PATH,237314.992699,0.011449,3
007,Anderson,VTD 83,4500783,Anderson - VTD 83,ANDERSON - VTD 83,5560796.212381,Anderson,007,Honea Path,Anderson - Honea Path,ANDERSON - HONEA PATH,4320202.522671,0.776904,1
007,Anderson,VTD 83,4500783,Anderson - VTD 83,ANDERSON - VTD 83,5560796.212381,Anderson,007,Chiquola Mill,Anderson - Chiquola Mill,ANDERSON - CHIQUOLA MILL,1184943.102875,0.213089,2
007,Anderson,VTD 83,4500783,Anderson - VTD 83,ANDERSON - VTD 83,5560796.212381,Anderson,007,Barker's Creek,Anderson - Barker's Creek,ANDERSON - BARKERS CREEK,46129.556180,0.008295,3
007,Anderson,VTD 83,4500783,Anderson - VTD 83,ANDERSON - VTD 83,5560796.212381,Anderson,007,Friendship,Anderson - Friendship,ANDERSON - FRIENDSHIP,9520.230305,0.001712,4
007,Anderson,VTD 81,4500781,Anderson - VTD 81,ANDERSON - VTD 81,3109180.007596,Anderson,007,Chiquola Mill,Anderson - Chiquola Mill,ANDERSON - CHIQUOLA MILL,3109175.375096,0.999999,1
007,Anderson,VTD 75,4500775,Anderson - VTD 75,ANDERSON - VTD 75,31801583.858762,Anderson,007,Friendship,Anderson - Friendship,ANDERSON - FRIENDSHIP,31764880.973628,0.998846,1
007,Anderson,VTD 75,4500775,Anderson - VTD 75,ANDERSON - VTD 75,31801583.858762,Anderson,007,High Point,Anderson - High Point,ANDERSON - HIGH POINT,36698.540113,0.001154,2
007,Anderson,VTD 74,4500774,Anderson - VTD 74,ANDERSON - VTD 74,30016085.241860,Anderson,007,High Point,Anderson - High Point,ANDERSON - HIGH POINT,30016085.241860,1.000000,1
007,Anderson,VTD 62,4500762,Anderson - VTD 62,ANDERSON - VTD 62,32282991.640297,Anderson,007,Friendship,Anderson - Friendship,ANDERSON - FRIENDSHIP,32282981.922201,1.000000,1
007,Anderson,VTD 61,4500761,Anderson - VTD 61,ANDERSON - VTD 61,17541694.854998,Anderson,007,Rock Spring,Anderson - Rock Spring,ANDERSON - ROCK SPRING,17541169.877422,0.999970,1
007,Anderson,VTD 40,4500740,Anderson - VTD 40,ANDERSON - VTD 40,2909942.896429,Anderson,007,Anderson 6/1,Anderson - Anderson 6/1,ANDERSON - ANDERSON 61,2858582.929012,0.982350,1
007,Anderson,VTD 40,4500740,Anderson - VTD 40,ANDERSON - VTD 40,2909942.896429,Anderson,007,Edgewood Station A,Anderson - Edgewood Station A,ANDERSON - EDGEWOOD STATION A,51359.967417,0.017650,2
007,Anderson,VTD 44,4500744,Anderson - VTD 44,ANDERSON - VTD 44,1385156.259926,Anderson,007,Anderson 6/2,Anderson - Anderson 6/2,ANDERSON - ANDERSON 62,1188100.769489,0.857738,1
007,Anderson,VTD 44,4500744,Anderson - VTD 44,ANDERSON - VTD 44,1385156.259926,Anderson,007,Anderson 5/A,Anderson - Anderson 5/A,ANDERSON - ANDERSON 5A,192210.764488,0.138765,2
007,Anderson,VTD 44,4500744,Anderson - VTD 44,ANDERSON - VTD 44,1385156.259926,Anderson,007,Appleton-Equinox,Anderson - Appleton-Equinox,ANDERSON - APPLETON-EQUINOX,4844.725948,0.003498,3
007,Anderson,VTD 42,4500742,Anderson - VTD 42,ANDERSON - VTD 42,5741821.522664,Anderson,007,Anderson 2/2,Anderson - Anderson 2/2,ANDERSON - ANDERSON 22,4061667.067322,0.707383,1
007,Anderson,VTD 42,4500742,Anderson - VTD 42,ANDERSON - VTD 42,5741821.522664,Anderson,007,Hammond Annex,Anderson - Hammond Annex,ANDERSON - HAMMOND ANNEX,819167.274765,0.142667,2
007,Anderson,VTD 42,4500742,Anderson - VTD 42,ANDERSON - VTD 42,5741821.522664,Anderson,007,Cox Creek,Anderson - Cox Creek,ANDERSON - COX CREEK,734074.908170,0.127847,3
007,Anderson,VTD 42,4500742,Anderson - VTD 42,ANDERSON - VTD 42,5741821.522664,Anderson,007,Anderson 2/1,Anderson - Anderson 2/1,ANDERSON - ANDERSON 21,126476.761050,0.022027,4
007,Anderson,VTD 43,4500743,Anderson - VTD 43,ANDERSON - VTD 43,2330882.904008,Anderson,007,Anderson 2/1,Anderson - Anderson 2/1,ANDERSON - ANDERSON 21,2167599.451745,0.929948,1
007,Anderson,VTD 43,4500743,Anderson - VTD 43,ANDERSON - VTD 43,2330882.904008,Anderson,007,Anderson 1/2,Anderson - Anderson 1/2,ANDERSON - ANDERSON 12,163283.452263,0.070052,2
007,Anderson,VTD 49,4500749,Anderson - VTD 49,ANDERSON - VTD 49,2272210.774869,Anderson,007,Anderson 3/1,Anderson - Anderson 3/1,ANDERSON - ANDERSON 31,2272207.687326,0.999999,1
007,Anderson,VTD 48,4500748,Anderson - VTD 48,ANDERSON - VTD 48,1418486.707759,Anderson,007,Anderson 4/1,Anderson - Anderson 4/1,ANDERSON - ANDERSON 41,1339116.049254,0.944046,1
007,Anderson,VTD 48,4500748,Anderson - VTD 48,ANDERSON - VTD 48,1418486.707759,Anderson,007,Anderson 3/1,Anderson - Anderson 3/1,ANDERSON - ANDERSON 31,79370.658505,0.055954,2
007,Anderson,VTD 50,4500750,Anderson - VTD 50,ANDERSON - VTD 50,1553769.610050,Anderson,007,Anderson 4/2,Anderson - Anderson 4/2,ANDERSON - ANDERSON 42,1553763.099301,0.999996,1
007,Anderson,VTD 52,4500752,Anderson - VTD 52,ANDERSON - VTD 52,22442210.862827,Anderson,007,Broadway,Anderson - Broadway,ANDERSON - BROADWAY,21320454.365326,0.950016,1
007,Anderson,VTD 52,4500752,Anderson - VTD 52,ANDERSON - VTD 52,22442210.862827,Anderson,007,Anderson 3/2,Anderson - Anderson 3/2,ANDERSON - ANDERSON 32,1121756.497501,0.049984,2
007,Anderson,VTD 51,4500751,Anderson - VTD 51,ANDERSON - VTD 51,15882265.372094,Anderson,007,Anderson 3/2,Anderson - Anderson 3/2,ANDERSON - ANDERSON 32,13745832.455282,0.865483,1
007,Anderson,VTD 51,4500751,Anderson - VTD 51,ANDERSON - VTD 51,15882265.372094,Anderson,007,Anderson 4/2,Anderson - Anderson 4/2,ANDERSON - ANDERSON 42,1920137.806009,0.120898,2
007,Anderson,VTD 51,4500751,Anderson - VTD 51,ANDERSON - VTD 51,15882265.372094,Anderson,007,Anderson 4/1,Anderson - Anderson 4/1,ANDERSON - ANDERSON 41,101253.668185,0.006375,3
007,Anderson,VTD 51,4500751,Anderson - VTD 51,ANDERSON - VTD 51,15882265.372094,Anderson,007,Anderson 3/1,Anderson - Anderson 3/1,ANDERSON - ANDERSON 31,76018.372340,0.004786,4
007,Anderson,VTD 51,4500751,Anderson - VTD 51,ANDERSON - VTD 51,15882265.372094,Anderson,007,Hammond School,Anderson - Hammond School,ANDERSON - HAMMOND SCHOOL,33762.465467,0.002126,5
007,Anderson,VTD 41,4500741,Anderson - VTD 41,ANDERSON - VTD 41,3413138.082900,Anderson,007,Anderson 1/2,Anderson - Anderson 1/2,ANDERSON - ANDERSON 12,2106970.091829,0.617312,1
007,Anderson,VTD 41,4500741,Anderson - VTD 41,ANDERSON - VTD 41,3413138.082900,Anderson,007,Cox Creek,Anderson - Cox Creek,ANDERSON - COX CREEK,980089.694527,0.287152,2
007,Anderson,VTD 41,4500741,Anderson - VTD 41,ANDERSON - VTD 41,3413138.082900,Anderson,007,Anderson 2/1,Anderson - Anderson 2/1,ANDERSON - ANDERSON 21,326076.416770,0.095536,3
007,Anderson,VTD 47,4500747,Anderson - VTD 47,ANDERSON - VTD 47,2407909.787425,Anderson,007,Anderson 5/B,Anderson - Anderson 5/B,ANDERSON - ANDERSON 5B,2124815.980241,0.882432,1
007,Anderson,VTD 47,4500747,Anderson - VTD 47,ANDERSON - VTD 47,2407909.787425,Anderson,007,Anderson 5/A,Anderson - Anderson 5/A,ANDERSON - ANDERSON 5A,283092.190123,0.117568,2
007,Anderson,VTD 46,4500746,Anderson - VTD 46,ANDERSON - VTD 46,3620490.970816,Anderson,007,Anderson 5/B,Anderson - Anderson 5/B,ANDERSON - ANDERSON 5B,3159780.806560,0.872749,1
007,Anderson,VTD 46,4500746,Anderson - VTD 46,ANDERSON - VTD 46,3620490.970816,Anderson,007,Homeland Park,Anderson - Homeland Park,ANDERSON - HOMELAND PARK,455367.324807,0.125775,2
007,Anderson,VTD 46,4500746,Anderson - VTD 46,ANDERSON - VTD 46,3620490.970816,Anderson,007,Anderson 4/2,Anderson - Anderson 4/2,ANDERSON - ANDERSON 42,5266.903359,0.001455,3
007,Anderson,VTD 45,4500745,Anderson - VTD 45,ANDERSON - VTD 45,1922044.624967,Anderson,007,Anderson 5/A,Anderson - Anderson 5/A,ANDERSON - ANDERSON 5A,1905743.475602,0.991519,1
007,Anderson,VTD 45,4500745,Anderson - VTD 45,ANDERSON - VTD 45,1922044.624967,Anderson,007,Appleton-Equinox,Anderson - Appleton-Equinox,ANDERSON - APPLETON-EQUINOX,12705.176190,0.006610,2
007,Anderson,VTD 45,4500745,Anderson - VTD 45,ANDERSON - VTD 45,1922044.624967,Anderson,007,Anderson 5/B,Anderson - Anderson 5/B,ANDERSON - ANDERSON 5B,3595.973175,0.001871,3
007,Anderson,VTD 58,4500758,Anderson - VTD 58,ANDERSON - VTD 58,15461219.197270,Anderson,007,Homeland Park,Anderson - Homeland Park,ANDERSON - HOMELAND PARK,14140877.577087,0.914603,1
007,Anderson,VTD 58,4500758,Anderson - VTD 58,ANDERSON - VTD 58,15461219.197270,Anderson,007,Gluck Mill,Anderson - Gluck Mill,ANDERSON - GLUCK MILL,751955.987562,0.048635,2
007,Anderson,VTD 58,4500758,Anderson - VTD 58,ANDERSON - VTD 58,15461219.197270,Anderson,007,Broadview,Anderson - Broadview,ANDERSON - BROADVIEW,361573.642982,0.023386,3
007,Anderson,VTD 58,4500758,Anderson - VTD 58,ANDERSON - VTD 58,15461219.197270,Anderson,007,Anderson 4/2,Anderson - Anderson 4/2,ANDERSON - ANDERSON 42,203259.654022,0.013146,4
007,Anderson,VTD 59,4500759,Anderson - VTD 59,ANDERSON - VTD 59,7164558.467401,Anderson,007,Broadview,Anderson - Broadview,ANDERSON - BROADVIEW,7156715.748606,0.998905,1
007,Anderson,VTD 59,4500759,Anderson - VTD 59,ANDERSON - VTD 59,7164558.467401,Anderson,007,Neals Creek,Anderson - Neals Creek,ANDERSON - NEALS CREEK,7838.784202,0.001094,2
007,Anderson,VTD 67,4500767,Anderson - VTD 67,ANDERSON - VTD 67,4704872.996282,Anderson,007,Homeland Park,Anderson - Homeland Park,ANDERSON - HOMELAND PARK,4704872.415077,1.000000,1
007,Anderson,VTD 66,4500766,Anderson - VTD 66,ANDERSON - VTD 66,24504283.579902,Anderson,007,Flat Rock,Anderson - Flat Rock,ANDERSON - FLAT ROCK,24192688.232351,0.987284,1
007,Anderson,VTD 66,4500766,Anderson - VTD 66,ANDERSON - VTD 66,24504283.579902,Anderson,007,Mountain Creek,Anderson - Mountain Creek,ANDERSON - MOUNTAIN CREEK,311584.362101,0.012716,2
007,Anderson,VTD 57,4500757,Anderson - VTD 57,ANDERSON - VTD 57,1071094.237483,Anderson,007,Gluck Mill,Anderson - Gluck Mill,ANDERSON - GLUCK MILL,1064688.322265,0.994019,1
007,Anderson,VTD 57,4500757,Anderson - VTD 57,ANDERSON - VTD 57,1071094.237483,Anderson,007,Mountain Creek,Anderson - Mountain Creek,ANDERSON - MOUNTAIN CREEK,6405.915219,0.005981,2
007,Anderson,VTD 56,4500756,Anderson - VTD 56,ANDERSON - VTD 56,11110484.256084,Anderson,007,Varennes,Anderson - Varennes,ANDERSON - VARENNES,9564410.844016,0.860846,1
007,Anderson,VTD 56,4500756,Anderson - VTD 56,ANDERSON - VTD 56,11110484.256084,Anderson,007,Mountain Creek,Anderson - Mountain Creek,ANDERSON - MOUNTAIN CREEK,1546073.213142,0.139154,2
007,Anderson,VTD 39,4500739,Anderson - VTD 39,ANDERSON - VTD 39,3178489.154342,Anderson,007,Appleton-Equinox,Anderson - Appleton-Equinox,ANDERSON - APPLETON-EQUINOX,3094841.433688,0.973683,1
007,Anderson,VTD 39,4500739,Anderson - VTD 39,ANDERSON - VTD 39,3178489.154342,Anderson,007,Anderson 6/1,Anderson - Anderson 6/1,ANDERSON - ANDERSON 61,39438.417648,0.012408,2
007,Anderson,VTD 39,4500739,Anderson - VTD 39,ANDERSON - VTD 39,3178489.154342,Anderson,007,Anderson 6/2,Anderson - Anderson 6/2,ANDERSON - ANDERSON 62,29814.176308,0.009380,3
007,Anderson,VTD 39,4500739,Anderson - VTD 39,ANDERSON - VTD 39,3178489.154342,Anderson,007,Anderson 5/A,Anderson - Anderson 5/A,ANDERSON - ANDERSON 5A,14393.023323,0.004528,4
007,Anderson,VTD 82,4500782,Anderson - VTD 82,ANDERSON - VTD 82,10468131.757097,Anderson,007,Fork No. 1,Anderson - Fork No. 1,ANDERSON - FORK NO. 1,9989307.935550,0.954259,1
007,Anderson,VTD 82,4500782,Anderson - VTD 82,ANDERSON - VTD 82,10468131.757097,Anderson,007,Denver-Sandy Springs,Anderson - Denver-Sandy Springs,ANDERSON - DENVER-SANDY SPRINGS,427744.945259,0.040862,2
007,Anderson,VTD 82,4500782,Anderson - VTD 82,ANDERSON - VTD 82,10468131.757097,Anderson,007,Green Pond Station A,Anderson - Green Pond Station A,ANDERSON - GREEN POND STATION A,51078.876288,0.004879,3
007,Anderson,VTD 37,4500737,Anderson - VTD 37,ANDERSON - VTD 37,6416772.302799,Anderson,007,Centerville Station B,Anderson - Centerville Station B,ANDERSON - CENTERVILLE STATION B,6416758.528474,0.999998,1
007,Anderson,VTD 30,4500730,Anderson - VTD 30,ANDERSON - VTD 30,35787315.733651,Anderson,007,Green Pond Station A,Anderson - Green Pond Station A,ANDERSON - GREEN POND STATION A,19603696.959318,0.547783,1
007,Anderson,VTD 30,4500730,Anderson - VTD 30,ANDERSON - VTD 30,35787315.733651,Anderson,007,Center Rock,Anderson - Center Rock,ANDERSON - CENTER ROCK,16153777.826057,0.451383,2
007,Anderson,VTD 30,4500730,Anderson - VTD 30,ANDERSON - VTD 30,35787315.733651,Anderson,007,Denver-Sandy Springs,Anderson - Denver-Sandy Springs,ANDERSON - DENVER-SANDY SPRINGS,26313.332065,0.000735,3
007,Anderson,VTD 38,4500738,Anderson - VTD 38,ANDERSON - VTD 38,19737937.995059,Anderson,007,Lakeside,Anderson - Lakeside,ANDERSON - LAKESIDE,19737937.572479,1.000000,1
007,Anderson,VTD 55,4500755,Anderson - VTD 55,ANDERSON - VTD 55,51659127.925559,Anderson,007,Mountain Creek,Anderson - Mountain Creek,ANDERSON - MOUNTAIN CREEK,51518953.980985,0.997287,1
007,Anderson,VTD 55,4500755,Anderson - VTD 55,ANDERSON - VTD 55,51659127.925559,Anderson,007,Starr,Anderson - Starr,ANDERSON - STARR,138715.112561,0.002685,2
007,Anderson,VTD 36,4500736,Anderson - VTD 36,ANDERSON - VTD 36,67462167.224036,Anderson,007,Center Rock,Anderson - Center Rock,ANDERSON - CENTER ROCK,35773861.347445,0.530280,1
007,Anderson,VTD 36,4500736,Anderson - VTD 36,ANDERSON - VTD 36,67462167.224036,Anderson,007,Rock Mill,Anderson - Rock Mill,ANDERSON - ROCK MILL,30302653.991258,0.449180,2
007,Anderson,VTD 36,4500736,Anderson - VTD 36,ANDERSON - VTD 36,67462167.224036,Anderson,007,West Savannah,Anderson - West Savannah,ANDERSON - WEST SAVANNAH,629624.322388,0.009333,3
007,Anderson,VTD 36,4500736,Anderson - VTD 36,ANDERSON - VTD 36,67462167.224036,Anderson,007,Fork No. 2,Anderson - Fork No. 2,ANDERSON - FORK NO. 2,599922.410308,0.008893,4
007,Anderson,VTD 36,4500736,Anderson - VTD 36,ANDERSON - VTD 36,67462167.224036,Anderson,007,Fork No. 1,Anderson - Fork No. 1,ANDERSON - FORK NO. 1,156105.152636,0.002314,5
007,Anderson,VTD 35,4500735,Anderson - VTD 35,ANDERSON - VTD 35,73062124.239566,Anderson,007,Fork No. 2,Anderson - Fork No. 2,ANDERSON - FORK NO. 2,73007244.162171,0.999249,1
007,Anderson,VTD 35,4500735,Anderson - VTD 35,ANDERSON - VTD 35,73062124.239566,Anderson,007,Fork No. 1,Anderson - Fork No. 1,ANDERSON - FORK NO. 1,53374.872479,0.000731,2
007,Anderson,VTD 27,4500727,Anderson - VTD 27,ANDERSON - VTD 27,31388027.714007,Anderson,007,Toney Creek,Anderson - Toney Creek,ANDERSON - TONEY CREEK,31385831.470944,0.999930,1
007,Anderson,VTD 19,4500719,Anderson - VTD 19,ANDERSON - VTD 19,20711713.119495,Anderson,007,Williamston Mill,Anderson - Williamston Mill,ANDERSON - WILLIAMSTON MILL,19318086.556674,0.932713,1
007,Anderson,VTD 19,4500719,Anderson - VTD 19,ANDERSON - VTD 19,20711713.119495,Anderson,007,Cedar Grove,Anderson - Cedar Grove,ANDERSON - CEDAR GROVE,1359311.094631,0.065630,2
007,Anderson,VTD 19,4500719,Anderson - VTD 19,ANDERSON - VTD 19,20711713.119495,Anderson,007,Williamston,Anderson - Williamston,ANDERSON - WILLIAMSTON,34315.468191,0.001657,3
007,Anderson,VTD 20,4500720,Anderson - VTD 20,ANDERSON - VTD 20,19916634.055658,Anderson,007,Williamston,Anderson - Williamston,ANDERSON - WILLIAMSTON,19889439.227622,0.998635,1
007,Anderson,VTD 20,4500720,Anderson - VTD 20,ANDERSON - VTD 20,19916634.055658,Anderson,007,Williamston Mill,Anderson - Williamston Mill,ANDERSON - WILLIAMSTON MILL,22837.285039,0.001147,2
007,Anderson,VTD 13,4500713,Anderson - VTD 13,ANDERSON - VTD 13,3479555.838797,Anderson,007,Pelzer,Anderson - Pelzer,ANDERSON - PELZER,3479531.668995,0.999993,1
007,Anderson,VTD 26,4500726,Anderson - VTD 26,ANDERSON - VTD 26,34000460.186117,Anderson,007,Cedar Grove,Anderson - Cedar Grove,ANDERSON - CEDAR GROVE,33685514.282911,0.990737,1
007,Anderson,VTD 26,4500726,Anderson - VTD 26,ANDERSON - VTD 26,34000460.186117,Anderson,007,Williamston Mill,Anderson - Williamston Mill,ANDERSON - WILLIAMSTON MILL,314945.725348,0.009263,2
007,Anderson,VTD 53,4500753,Anderson - VTD 53,ANDERSON - VTD 53,39625984.802203,Anderson,007,Belton,Anderson - Belton,ANDERSON - BELTON,39615971.329171,0.999747,1
007,Anderson,VTD 25,4500725,Anderson - VTD 25,ANDERSON - VTD 25,19076375.219082,Anderson,007,Bowling Green,Anderson - Bowling Green,ANDERSON - BOWLING GREEN,19076373.641112,1.000000,1
007,Anderson,VTD 34,4500734,Anderson - VTD 34,ANDERSON - VTD 34,4991048.641333,Anderson,007,Anderson 1/1,Anderson - Anderson 1/1,ANDERSON - ANDERSON 11,3900737.572834,0.781547,1
007,Anderson,VTD 34,4500734,Anderson - VTD 34,ANDERSON - VTD 34,4991048.641333,Anderson,007,Edgewood Station B,Anderson - Edgewood Station B,ANDERSON - EDGEWOOD STATION B,1084056.348966,0.217200,2
007,Anderson,VTD 34,4500734,Anderson - VTD 34,ANDERSON - VTD 34,4991048.641333,Anderson,007,Edgewood Station A,Anderson - Edgewood Station A,ANDERSON - EDGEWOOD STATION A,6254.466155,0.001253,3
007,Anderson,VTD 18,4500718,Anderson - VTD 18,ANDERSON - VTD 18,15842562.095794,Anderson,007,Piercetown,Anderson - Piercetown,ANDERSON - PIERCETOWN,15842561.434430,1.000000,1
007,Anderson,VTD 17,4500717,Anderson - VTD 17,ANDERSON - VTD 17,39302814.505432,Anderson,007,Hopewell,Anderson - Hopewell,ANDERSON - HOPEWELL,39051842.058738,0.993614,1
007,Anderson,VTD 17,4500717,Anderson - VTD 17,ANDERSON - VTD 17,39302814.505432,Anderson,007,Hammond School,Anderson - Hammond School,ANDERSON - HAMMOND SCHOOL,223474.394517,0.005686,2
007,Anderson,VTD 17,4500717,Anderson - VTD 17,ANDERSON - VTD 17,39302814.505432,Anderson,007,Five Forks,Anderson - Five Forks,ANDERSON - FIVE FORKS,25507.145214,0.000649,3
007,Anderson,VTD 16,4500716,Anderson - VTD 16,ANDERSON - VTD 16,20454636.681511,Anderson,007,Five Forks,Anderson - Five Forks,ANDERSON - FIVE FORKS,20411147.513997,0.997874,1
007,Anderson,VTD 16,4500716,Anderson - VTD 16,ANDERSON - VTD 16,20454636.681511,Anderson,007,Edgewood Station B,Anderson - Edgewood Station B,ANDERSON - EDGEWOOD STATION B,35607.836224,0.001741,2
007,Anderson,VTD 24,4500724,Anderson - VTD 24,ANDERSON - VTD 24,28586175.841473,Anderson,007,Hammond School,Anderson - Hammond School,ANDERSON - HAMMOND SCHOOL,22588911.163525,0.790204,1
007,Anderson,VTD 24,4500724,Anderson - VTD 24,ANDERSON - VTD 24,28586175.841473,Anderson,007,Hammond Annex,Anderson - Hammond Annex,ANDERSON - HAMMOND ANNEX,4824593.735963,0.168774,2
007,Anderson,VTD 24,4500724,Anderson - VTD 24,ANDERSON - VTD 24,28586175.841473,Anderson,007,Anderson 2/2,Anderson - Anderson 2/2,ANDERSON - ANDERSON 22,1161707.911759,0.040639,3
007,Anderson,VTD 33,4500733,Anderson - VTD 33,ANDERSON - VTD 33,7208878.436026,Anderson,007,Edgewood Station B,Anderson - Edgewood Station B,ANDERSON - EDGEWOOD STATION B,7025990.646771,0.974630,1
007,Anderson,VTD 33,4500733,Anderson - VTD 33,ANDERSON - VTD 33,7208878.436026,Anderson,007,Anderson 1/1,Anderson - Anderson 1/1,ANDERSON - ANDERSON 11,173860.930751,0.024118,2
007,Anderson,VTD 33,4500733,Anderson - VTD 33,ANDERSON - VTD 33,7208878.436026,Anderson,007,Hopewell,Anderson - Hopewell,ANDERSON - HOPEWELL,8576.235532,0.001190,3
007,Anderson,VTD 15,4500715,Anderson - VTD 15,ANDERSON - VTD 15,19452114.635254,Anderson,007,Five Forks,Anderson - Five Forks,ANDERSON - FIVE FORKS,19449030.863658,0.999841,1
007,Anderson,VTD 22,4500722,Anderson - VTD 22,ANDERSON - VTD 22,18257632.601442,Anderson,007,La France,Anderson - La France,ANDERSON - LA FRANCE,18242461.677164,0.999169,1
007,Anderson,VTD 22,4500722,Anderson - VTD 22,ANDERSON - VTD 22,18257632.601442,Anderson,007,Mount Tabor,Anderson - Mount Tabor,ANDERSON - MOUNT TABOR,15170.924278,0.000831,2
007,Anderson,VTD 31,4500731,Anderson - VTD 31,ANDERSON - VTD 31,12587750.363037,Anderson,007,Centerville Station A,Anderson - Centerville Station A,ANDERSON - CENTERVILLE STATION A,12587750.363037,1.000000,1
007,Anderson,VTD 23,4500723,Anderson - VTD 23,ANDERSON - VTD 23,27611985.964603,Anderson,007,Denver-Sandy Springs,Anderson - Denver-Sandy Springs,ANDERSON - DENVER-SANDY SPRINGS,27576190.519027,0.998704,1
007,Anderson,VTD 29,4500729,Anderson - VTD 29,ANDERSON - VTD 29,30314960.524626,Anderson,007,Fork No. 1,Anderson - Fork No. 1,ANDERSON - FORK NO. 1,30156526.138955,0.994774,1
007,Anderson,VTD 29,4500729,Anderson - VTD 29,ANDERSON - VTD 29,30314960.524626,Anderson,007,Mount Tabor,Anderson - Mount Tabor,ANDERSON - MOUNT TABOR,80108.062169,0.002643,2
007,Anderson,VTD 29,4500729,Anderson - VTD 29,ANDERSON - VTD 29,30314960.524626,Anderson,007,Fork No. 2,Anderson - Fork No. 2,ANDERSON - FORK NO. 2,61739.989469,0.002037,3
007,Anderson,VTD 21,4500721,Anderson - VTD 21,ANDERSON - VTD 21,47635879.028557,Anderson,007,Mount Tabor,Anderson - Mount Tabor,ANDERSON - MOUNT TABOR,47066458.145002,0.988046,1
007,Anderson,VTD 21,4500721,Anderson - VTD 21,ANDERSON - VTD 21,47635879.028557,Anderson,007,Fork No. 1,Anderson - Fork No. 1,ANDERSON - FORK NO. 1,384428.498461,0.008070,2
007,Anderson,VTD 21,4500721,Anderson - VTD 21,ANDERSON - VTD 21,47635879.028557,Anderson,007,Townville,Anderson - Townville,ANDERSON - TOWNVILLE,101653.946909,0.002134,3
007,Anderson,VTD 21,4500721,Anderson - VTD 21,ANDERSON - VTD 21,47635879.028557,Anderson,007,Denver-Sandy Springs,Anderson - Denver-Sandy Springs,ANDERSON - DENVER-SANDY SPRINGS,83338.438185,0.001749,4
007,Anderson,VTD 7,450077,Anderson - VTD 7,ANDERSON - VTD 7,5221705.570508,Anderson,007,Piedmont,Anderson - Piedmont,ANDERSON - PIEDMONT,5221050.154581,0.999874,1
007,Anderson,VTD 12,4500712,Anderson - VTD 12,ANDERSON - VTD 12,18436524.174622,Anderson,007,West Pelzer,Anderson - West Pelzer,ANDERSON - WEST PELZER,18418498.724668,0.999022,1
007,Anderson,VTD 12,4500712,Anderson - VTD 12,ANDERSON - VTD 12,18436524.174622,Anderson,007,White Plains,Anderson - White Plains,ANDERSON - WHITE PLAINS,17522.510247,0.000950,2
007,Anderson,VTD 11,4500711,Anderson - VTD 11,ANDERSON - VTD 11,46155077.111225,Anderson,007,White Plains,Anderson - White Plains,ANDERSON - WHITE PLAINS,46153023.904114,0.999956,1
007,Anderson,VTD 6,450076,Anderson - VTD 6,ANDERSON - VTD 6,26867452.879923,Anderson,007,Three and Twenty,Anderson - Three and Twenty,ANDERSON - THREE AND TWENTY,25814352.702820,0.960804,1
007,Anderson,VTD 6,450076,Anderson - VTD 6,ANDERSON - VTD 6,26867452.879923,Anderson,007,Hunt Meadows,Anderson - Hunt Meadows,ANDERSON - HUNT MEADOWS,1044136.312355,0.038862,2
007,Anderson,VTD 10,4500710,Anderson - VTD 10,ANDERSON - VTD 10,28656263.370674,Anderson,007,Piercetown,Anderson - Piercetown,ANDERSON - PIERCETOWN,28656263.370674,1.000000,1
007,Anderson,VTD 9,450079,Anderson - VTD 9,ANDERSON - VTD 9,29207919.000064,Anderson,007,Melton,Anderson - Melton,ANDERSON - MELTON,28303987.890719,0.969052,1
007,Anderson,VTD 9,450079,Anderson - VTD 9,ANDERSON - VTD 9,29207919.000064,Anderson,007,Three and Twenty,Anderson - Three and Twenty,ANDERSON - THREE AND TWENTY,903930.191637,0.030948,2
007,Anderson,VTD 5,450075,Anderson - VTD 5,ANDERSON - VTD 5,40547664.961078,Anderson,007,Bishop's Branch,Anderson - Bishop's Branch,ANDERSON - BISHOPS BRANCH,40547387.650779,0.999993,1
007,Anderson,VTD 8,450078,Anderson - VTD 8,ANDERSON - VTD 8,41770642.430407,Anderson,007,Bishop's Branch,Anderson - Bishop's Branch,ANDERSON - BISHOPS BRANCH,41764454.127999,0.999852,1
007,Anderson,VTD 14,4500714,Anderson - VTD 14,ANDERSON - VTD 14,38918436.244376,Anderson,007,Pendleton,Anderson - Pendleton,ANDERSON - PENDLETON,38870016.449526,0.998756,1
007,Anderson,VTD 14,4500714,Anderson - VTD 14,ANDERSON - VTD 14,38918436.244376,Anderson,007,Bishop's Branch,Anderson - Bishop's Branch,ANDERSON - BISHOPS BRANCH,29183.533221,0.000750,2
007,Anderson,VTD 4,450074,Anderson - VTD 4,ANDERSON - VTD 4,24836309.818461,Anderson,007,Simpsonville,Anderson - Simpsonville,ANDERSON - SIMPSONVILLE,24835476.904118,0.999966,1
007,Anderson,VTD 3,450073,Anderson - VTD 3,ANDERSON - VTD 3,45015510.811198,Anderson,007,Brushy Creek,Anderson - Brushy Creek,ANDERSON - BRUSHY CREEK,23602785.426064,0.524326,1
007,Anderson,VTD 3,450073,Anderson - VTD 3,ANDERSON - VTD 3,45015510.811198,Anderson,007,Mt. Airy,Anderson - Mt. Airy,ANDERSON - MT. AIRY,21223706.975706,0.471475,2
007,Anderson,VTD 3,450073,Anderson - VTD 3,ANDERSON - VTD 3,45015510.811198,Anderson,007,Simpsonville,Anderson - Simpsonville,ANDERSON - SIMPSONVILLE,156411.505332,0.003475,3
007,Anderson,VTD 3,450073,Anderson - VTD 3,ANDERSON - VTD 3,45015510.811198,Anderson,007,Hunt Meadows,Anderson - Hunt Meadows,ANDERSON - HUNT MEADOWS,24725.743882,0.000549,4
007,Anderson,VTD 1,450071,Anderson - VTD 1,ANDERSON - VTD 1,34986958.043872,Anderson,007,Powdersville,Anderson - Powdersville,ANDERSON - POWDERSVILLE,19575875.259423,0.559519,1
007,Anderson,VTD 1,450071,Anderson - VTD 1,ANDERSON - VTD 1,34986958.043872,Anderson,007,Concrete,Anderson - Concrete,ANDERSON - CONCRETE,15353927.014308,0.438847,2
007,Anderson,VTD 1,450071,Anderson - VTD 1,ANDERSON - VTD 1,34986958.043872,Anderson,007,Simpsonville,Anderson - Simpsonville,ANDERSON - SIMPSONVILLE,52790.259037,0.001509,3
007,Anderson,VTD 2,450072,Anderson - VTD 2,ANDERSON - VTD 2,40014842.697566,Anderson,007,Hunt Meadows,Anderson - Hunt Meadows,ANDERSON - HUNT MEADOWS,21383877.509450,0.534399,1
007,Anderson,VTD 2,450072,Anderson - VTD 2,ANDERSON - VTD 2,40014842.697566,Anderson,007,Three and Twenty,Anderson - Three and Twenty,ANDERSON - THREE AND TWENTY,18500273.024253,0.462335,2
007,Anderson,VTD 2,450072,Anderson - VTD 2,ANDERSON - VTD 2,40014842.697566,Anderson,007,Powdersville,Anderson - Powdersville,ANDERSON - POWDERSVILLE,82950.438049,0.002073,3
007,Anderson,VTD 2,450072,Anderson - VTD 2,ANDERSON - VTD 2,40014842.697566,Anderson,007,Concrete,Anderson - Concrete,ANDERSON - CONCRETE,47730.826199,0.001193,4
009,Bamberg,VTD 5,450095,Bamberg - VTD 5,BAMBERG - VTD 5,105115066.459585,Bamberg,009,Edisto,Bamberg - Edisto,BAMBERG - EDISTO,105114825.992670,0.999998,1
009,Bamberg,VTD 10,4500910,Bamberg - VTD 10,BAMBERG - VTD 10,69794686.046805,Bamberg,009,Colston,Bamberg - Colston,BAMBERG - COLSTON,69794671.795227,1.000000,1
009,Bamberg,VTD 11,4500911,Bamberg - VTD 11,BAMBERG - VTD 11,48306301.548096,Bamberg,009,Kearse,Bamberg - Kearse,BAMBERG - KEARSE,48279957.890988,0.999455,1
009,Bamberg,VTD 11,4500911,Bamberg - VTD 11,BAMBERG - VTD 11,48306301.548096,Bamberg,009,Erhardt,Bamberg - Erhardt,BAMBERG - ERHARDT,26343.243199,0.000545,2
009,Bamberg,VTD 13,4500913,Bamberg - VTD 13,BAMBERG - VTD 13,28679766.116894,Bamberg,009,Little Swamp,Bamberg - Little Swamp,BAMBERG - LITTLE SWAMP,28677209.673864,0.999911,1
009,Bamberg,VTD 8,450098,Bamberg - VTD 8,BAMBERG - VTD 8,44113771.425526,Bamberg,009,Hunter's Chapel,Bamberg - Hunter's Chapel,BAMBERG - HUNTERS CHAPEL,44113736.007626,0.999999,1
009,Bamberg,VTD 12,4500912,Bamberg - VTD 12,BAMBERG - VTD 12,122858897.442526,Bamberg,009,Erhardt,Bamberg - Erhardt,BAMBERG - ERHARDT,122858783.385245,0.999999,1
009,Bamberg,VTD 4,450094,Bamberg - VTD 4,BAMBERG - VTD 4,178939503.219989,Bamberg,009,South Bamberg,Bamberg - South Bamberg,BAMBERG - SOUTH BAMBERG,178241823.773705,0.996101,1
009,Bamberg,VTD 4,450094,Bamberg - VTD 4,BAMBERG - VTD 4,178939503.219989,Bamberg,009,North Bamberg,Bamberg - North Bamberg,BAMBERG - NORTH BAMBERG,697678.086662,0.003899,2
009,Bamberg,VTD 3,450093,Bamberg - VTD 3,BAMBERG - VTD 3,78376618.280613,Bamberg,009,North Bamberg,Bamberg - North Bamberg,BAMBERG - NORTH BAMBERG,77439355.254740,0.988042,1
009,Bamberg,VTD 3,450093,Bamberg - VTD 3,BAMBERG - VTD 3,78376618.280613,Bamberg,009,South Bamberg,Bamberg - South Bamberg,BAMBERG - SOUTH BAMBERG,931019.551644,0.011879,2
009,Bamberg,VTD 2,450092,Bamberg - VTD 2,BAMBERG - VTD 2,77391619.280273,Bamberg,009,East Denmark,Bamberg - East Denmark,BAMBERG - EAST DENMARK,76646088.292204,0.990367,1
009,Bamberg,VTD 2,450092,Bamberg - VTD 2,BAMBERG - VTD 2,77391619.280273,Bamberg,009,South Bamberg,Bamberg - South Bamberg,BAMBERG - SOUTH BAMBERG,745528.072424,0.009633,2
009,Bamberg,VTD 9,450099,Bamberg - VTD 9,BAMBERG - VTD 9,90174505.038632,Bamberg,009,Olar,Bamberg - Olar,BAMBERG - OLAR,90174502.751198,1.000000,1
009,Bamberg,VTD 7,450097,Bamberg - VTD 7,BAMBERG - VTD 7,61336297.997190,Bamberg,009,Govan,Bamberg - Govan,BAMBERG - GOVAN,61202603.689894,0.997820,1
009,Bamberg,VTD 7,450097,Bamberg - VTD 7,BAMBERG - VTD 7,61336297.997190,Bamberg,009,Colston,Bamberg - Colston,BAMBERG - COLSTON,127296.463132,0.002075,2
009,Bamberg,VTD 6,450096,Bamberg - VTD 6,BAMBERG - VTD 6,21773828.410176,Bamberg,009,Hightowers Mill,Bamberg - Hightowers Mill,BAMBERG - HIGHTOWERS MILL,21773824.689877,1.000000,1
009,Bamberg,VTD 1,450091,Bamberg - VTD 1,BAMBERG - VTD 1,97641691.715913,Bamberg,009,West Denmark,Bamberg - West Denmark,BAMBERG - WEST DENMARK,95959815.942865,0.982775,1
009,Bamberg,VTD 1,450091,Bamberg - VTD 1,BAMBERG - VTD 1,97641691.715913,Bamberg,009,East Denmark,Bamberg - East Denmark,BAMBERG - EAST DENMARK,1681873.188069,0.017225,2
011,Barnwell,VTD 5,450115,Barnwell - VTD 5,BARNWELL - VTD 5,66750478.202816,Barnwell,011,Blackville No. 1,Barnwell - Blackville No. 1,BARNWELL - BLACKVILLE NO. 1,66750467.817409,1.000000,1
011,Barnwell,VTD 6,450116,Barnwell - VTD 6,BARNWELL - VTD 6,28630716.116520,Barnwell,011,Blackville No. 2,Barnwell - Blackville No. 2,BARNWELL - BLACKVILLE NO. 2,28630713.579987,1.000000,1
011,Barnwell,VTD 10,4501110,Barnwell - VTD 10,BARNWELL - VTD 10,94961069.543312,Barnwell,011,Healing Springs,Barnwell - Healing Springs,BARNWELL - HEALING SPRINGS,94961017.587932,0.999999,1
011,Barnwell,VTD 15,4501115,Barnwell - VTD 15,BARNWELL - VTD 15,40264141.418553,Barnwell,011,Williston No. 3,Barnwell - Williston No. 3,BARNWELL - WILLISTON NO. 3,40264138.000835,1.000000,1
011,Barnwell,VTD 14,4501114,Barnwell - VTD 14,BARNWELL - VTD 14,38326258.075039,Barnwell,011,Williston No. 2,Barnwell - Williston No. 2,BARNWELL - WILLISTON NO. 2,38326249.099739,1.000000,1
011,Barnwell,VTD 8,450118,Barnwell - VTD 8,BARNWELL - VTD 8,47197939.599833,Barnwell,011,Friendship,Barnwell - Friendship,BARNWELL - FRIENDSHIP,47197939.599833,1.000000,1
011,Barnwell,VTD 11,4501111,Barnwell - VTD 11,BARNWELL - VTD 11,73033135.437083,Barnwell,011,Hilda,Barnwell - Hilda,BARNWELL - HILDA,67746421.848326,0.927612,1
011,Barnwell,VTD 11,4501111,Barnwell - VTD 11,BARNWELL - VTD 11,73033135.437083,Barnwell,011,Friendship,Barnwell - Friendship,BARNWELL - FRIENDSHIP,5286689.432937,0.072388,2
011,Barnwell,VTD 9,450119,Barnwell - VTD 9,BARNWELL - VTD 9,142457661.650945,Barnwell,011,Kline,Barnwell - Kline,BARNWELL - KLINE,142457658.168218,1.000000,1
011,Barnwell,VTD 3,450113,Barnwell - VTD 3,BARNWELL - VTD 3,35715303.007331,Barnwell,011,Barnwell No. 3,Barnwell - Barnwell No. 3,BARNWELL - BARNWELL NO. 3,35715302.457941,1.000000,1
011,Barnwell,VTD 4,450114,Barnwell - VTD 4,BARNWELL - VTD 4,32480736.358323,Barnwell,011,Barnwell No. 4,Barnwell - Barnwell No. 4,BARNWELL - BARNWELL NO. 4,32480736.358323,1.000000,1
011,Barnwell,VTD 12,4501112,Barnwell - VTD 12,BARNWELL - VTD 12,615217844.190111,Barnwell,011,SRS,Barnwell - SRS,BARNWELL - SRS,487648528.727392,0.792644,1
011,Barnwell,VTD 12,4501112,Barnwell - VTD 12,BARNWELL - VTD 12,615217844.190111,Barnwell,011,Snelling,Barnwell - Snelling,BARNWELL - SNELLING,127569313.092909,0.207356,2
011,Barnwell,VTD 1,450111,Barnwell - VTD 1,BARNWELL - VTD 1,46517971.515020,Barnwell,011,Barnwell No. 1,Barnwell - Barnwell No. 1,BARNWELL - BARNWELL NO. 1,46517970.864372,1.000000,1
011,Barnwell,VTD 2,450112,Barnwell - VTD 2,BARNWELL - VTD 2,45791493.439747,Barnwell,011,Barnwell No. 2,Barnwell - Barnwell No. 2,BARNWELL - BARNWELL NO. 2,45791493.439747,1.000000,1
011,Barnwell,VTD 7,450117,Barnwell - VTD 7,BARNWELL - VTD 7,59443983.813526,Barnwell,011,Elko,Barnwell - Elko,BARNWELL - ELKO,59443978.309366,1.000000,1
011,Barnwell,VTD 13,4501113,Barnwell - VTD 13,BARNWELL - VTD 13,76514386.883883,Barnwell,011,Williston No. 1,Barnwell - Williston No. 1,BARNWELL - WILLISTON NO. 1,76514386.883883,1.000000,1
013,Beaufort,VTD 68,4501368,Beaufort - VTD 68,BEAUFORT - VTD 68,15013264.514604,Beaufort,013,Hilton Head 6B,Beaufort - Hilton Head 6B,BEAUFORT - HILTON HEAD 6B,11323693.568132,0.754246,1
013,Beaufort,VTD 68,4501368,Beaufort - VTD 68,BEAUFORT - VTD 68,15013264.514604,Beaufort,013,Hilton Head 2B,Beaufort - Hilton Head 2B,BEAUFORT - HILTON HEAD 2B,3200279.797484,0.213163,2
013,Beaufort,VTD 68,4501368,Beaufort - VTD 68,BEAUFORT - VTD 68,15013264.514604,Beaufort,013,Hilton Head 7A,Beaufort - Hilton Head 7A,BEAUFORT - HILTON HEAD 7A,332671.660952,0.022159,3
013,Beaufort,VTD 68,4501368,Beaufort - VTD 68,BEAUFORT - VTD 68,15013264.514604,Beaufort,013,Hilton Head 2A,Beaufort - Hilton Head 2A,BEAUFORT - HILTON HEAD 2A,121855.985079,0.008117,4
013,Beaufort,VTD 68,4501368,Beaufort - VTD 68,BEAUFORT - VTD 68,15013264.514604,Beaufort,013,Hilton Head 7B,Beaufort - Hilton Head 7B,BEAUFORT - HILTON HEAD 7B,21612.049600,0.001440,5
013,Beaufort,VTD 68,4501368,Beaufort - VTD 68,BEAUFORT - VTD 68,15013264.514604,Beaufort,013,Hilton Head 6A,Beaufort - Hilton Head 6A,BEAUFORT - HILTON HEAD 6A,13150.481221,0.000876,6
013,Beaufort,VTD 73,4501373,Beaufort - VTD 73,BEAUFORT - VTD 73,12581059.252950,Beaufort,013,Hilton Head 2B,Beaufort - Hilton Head 2B,BEAUFORT - HILTON HEAD 2B,9452361.076439,0.751317,1
013,Beaufort,VTD 73,4501373,Beaufort - VTD 73,BEAUFORT - VTD 73,12581059.252950,Beaufort,013,Hilton Head 3,Beaufort - Hilton Head 3,BEAUFORT - HILTON HEAD 3,3013337.340822,0.239514,2
013,Beaufort,VTD 73,4501373,Beaufort - VTD 73,BEAUFORT - VTD 73,12581059.252950,Beaufort,013,Hilton Head 6A,Beaufort - Hilton Head 6A,BEAUFORT - HILTON HEAD 6A,36709.257366,0.002918,3
013,Beaufort,VTD 73,4501373,Beaufort - VTD 73,BEAUFORT - VTD 73,12581059.252950,Beaufort,013,Hilton Head 5A,Beaufort - Hilton Head 5A,BEAUFORT - HILTON HEAD 5A,28379.549655,0.002256,4
013,Beaufort,VTD 73,4501373,Beaufort - VTD 73,BEAUFORT - VTD 73,12581059.252950,Beaufort,013,Hilton Head 5C,Beaufort - Hilton Head 5C,BEAUFORT - HILTON HEAD 5C,27443.674858,0.002181,5
013,Beaufort,VTD 73,4501373,Beaufort - VTD 73,BEAUFORT - VTD 73,12581059.252950,Beaufort,013,Hilton Head 5B,Beaufort - Hilton Head 5B,BEAUFORT - HILTON HEAD 5B,13822.748486,0.001099,6
013,Beaufort,VTD 73,4501373,Beaufort - VTD 73,BEAUFORT - VTD 73,12581059.252950,Beaufort,013,Hilton Head 1A,Beaufort - Hilton Head 1A,BEAUFORT - HILTON HEAD 1A,7815.456934,0.000621,7
013,Beaufort,VTD 72,4501372,Beaufort - VTD 72,BEAUFORT - VTD 72,2895348.096921,Beaufort,013,Hilton Head 5C,Beaufort - Hilton Head 5C,BEAUFORT - HILTON HEAD 5C,1952762.086042,0.674448,1
013,Beaufort,VTD 72,4501372,Beaufort - VTD 72,BEAUFORT - VTD 72,2895348.096921,Beaufort,013,Hilton Head 4D,Beaufort - Hilton Head 4D,BEAUFORT - HILTON HEAD 4D,858376.285607,0.296467,2
013,Beaufort,VTD 72,4501372,Beaufort - VTD 72,BEAUFORT - VTD 72,2895348.096921,Beaufort,013,Hilton Head 3,Beaufort - Hilton Head 3,BEAUFORT - HILTON HEAD 3,48448.157707,0.016733,3
013,Beaufort,VTD 72,4501372,Beaufort - VTD 72,BEAUFORT - VTD 72,2895348.096921,Beaufort,013,Hilton Head 2B,Beaufort - Hilton Head 2B,BEAUFORT - HILTON HEAD 2B,35761.129752,0.012351,4
013,Beaufort,VTD 77,4501377,Beaufort - VTD 77,BEAUFORT - VTD 77,1977787.639957,Beaufort,013,Hilton Head 5B,Beaufort - Hilton Head 5B,BEAUFORT - HILTON HEAD 5B,1910063.107896,0.965757,1
013,Beaufort,VTD 77,4501377,Beaufort - VTD 77,BEAUFORT - VTD 77,1977787.639957,Beaufort,013,Hilton Head 5C,Beaufort - Hilton Head 5C,BEAUFORT - HILTON HEAD 5C,25551.879123,0.012919,2
013,Beaufort,VTD 77,4501377,Beaufort - VTD 77,BEAUFORT - VTD 77,1977787.639957,Beaufort,013,Hilton Head 2B,Beaufort - Hilton Head 2B,BEAUFORT - HILTON HEAD 2B,25249.478442,0.012767,3
013,Beaufort,VTD 77,4501377,Beaufort - VTD 77,BEAUFORT - VTD 77,1977787.639957,Beaufort,013,Hilton Head 5A,Beaufort - Hilton Head 5A,BEAUFORT - HILTON HEAD 5A,16923.174496,0.008557,4
013,Beaufort,VTD 75,4501375,Beaufort - VTD 75,BEAUFORT - VTD 75,4856796.482128,Beaufort,013,Hilton Head 4A,Beaufort - Hilton Head 4A,BEAUFORT - HILTON HEAD 4A,2444823.758409,0.503382,1
013,Beaufort,VTD 75,4501375,Beaufort - VTD 75,BEAUFORT - VTD 75,4856796.482128,Beaufort,013,Hilton Head 4B,Beaufort - Hilton Head 4B,BEAUFORT - HILTON HEAD 4B,1283795.837326,0.264330,2
013,Beaufort,VTD 75,4501375,Beaufort - VTD 75,BEAUFORT - VTD 75,4856796.482128,Beaufort,013,Bluffton 3B,Beaufort - Bluffton 3B,BEAUFORT - BLUFFTON 3B,1128157.839371,0.232284,3
013,Beaufort,VTD 76,4501376,Beaufort - VTD 76,BEAUFORT - VTD 76,1769882.976448,Beaufort,013,Hilton Head 5A,Beaufort - Hilton Head 5A,BEAUFORT - HILTON HEAD 5A,750989.097647,0.424316,1
013,Beaufort,VTD 76,4501376,Beaufort - VTD 76,BEAUFORT - VTD 76,1769882.976448,Beaufort,013,Hilton Head 4C,Beaufort - Hilton Head 4C,BEAUFORT - HILTON HEAD 4C,624128.172512,0.352638,2
013,Beaufort,VTD 76,4501376,Beaufort - VTD 76,BEAUFORT - VTD 76,1769882.976448,Beaufort,013,Hilton Head 4A,Beaufort - Hilton Head 4A,BEAUFORT - HILTON HEAD 4A,393210.222702,0.222167,3
013,Beaufort,VTD 76,4501376,Beaufort - VTD 76,BEAUFORT - VTD 76,1769882.976448,Beaufort,013,Hilton Head 4D,Beaufort - Hilton Head 4D,BEAUFORT - HILTON HEAD 4D,1555.483587,0.000879,4
013,Beaufort,VTD 74,4501374,Beaufort - VTD 74,BEAUFORT - VTD 74,40570641.944640,Beaufort,013,Hilton Head 6A,Beaufort - Hilton Head 6A,BEAUFORT - HILTON HEAD 6A,40403247.588393,0.995874,1
013,Beaufort,VTD 74,4501374,Beaufort - VTD 74,BEAUFORT - VTD 74,40570641.944640,Beaufort,013,Hilton Head 2B,Beaufort - Hilton Head 2B,BEAUFORT - HILTON HEAD 2B,167373.062786,0.004125,2
013,Beaufort,VTD 71,4501371,Beaufort - VTD 71,BEAUFORT - VTD 71,6926431.948790,Beaufort,013,Hilton Head 4D,Beaufort - Hilton Head 4D,BEAUFORT - HILTON HEAD 4D,2620490.723481,0.378332,1
013,Beaufort,VTD 71,4501371,Beaufort - VTD 71,BEAUFORT - VTD 71,6926431.948790,Beaufort,013,Hilton Head 1A,Beaufort - Hilton Head 1A,BEAUFORT - HILTON HEAD 1A,1741046.352750,0.251363,2
013,Beaufort,VTD 71,4501371,Beaufort - VTD 71,BEAUFORT - VTD 71,6926431.948790,Beaufort,013,Hilton Head 4B,Beaufort - Hilton Head 4B,BEAUFORT - HILTON HEAD 4B,1182579.618640,0.170734,3
013,Beaufort,VTD 71,4501371,Beaufort - VTD 71,BEAUFORT - VTD 71,6926431.948790,Beaufort,013,Hilton Head 4C,Beaufort - Hilton Head 4C,BEAUFORT - HILTON HEAD 4C,1017670.120586,0.146926,4
013,Beaufort,VTD 71,4501371,Beaufort - VTD 71,BEAUFORT - VTD 71,6926431.948790,Beaufort,013,Bluffton 3B,Beaufort - Bluffton 3B,BEAUFORT - BLUFFTON 3B,233909.278174,0.033771,5
013,Beaufort,VTD 71,4501371,Beaufort - VTD 71,BEAUFORT - VTD 71,6926431.948790,Beaufort,013,Hilton Head 1B,Beaufort - Hilton Head 1B,BEAUFORT - HILTON HEAD 1B,129712.061974,0.018727,6
013,Beaufort,VTD 70,4501370,Beaufort - VTD 70,BEAUFORT - VTD 70,8854971.587179,Beaufort,013,Hilton Head 1B,Beaufort - Hilton Head 1B,BEAUFORT - HILTON HEAD 1B,6647895.473632,0.750753,1
013,Beaufort,VTD 70,4501370,Beaufort - VTD 70,BEAUFORT - VTD 70,8854971.587179,Beaufort,013,Hilton Head 1A,Beaufort - Hilton Head 1A,BEAUFORT - HILTON HEAD 1A,1140725.980722,0.128823,2
013,Beaufort,VTD 70,4501370,Beaufort - VTD 70,BEAUFORT - VTD 70,8854971.587179,Beaufort,013,Bluffton 3B,Beaufort - Bluffton 3B,BEAUFORT - BLUFFTON 3B,933013.773612,0.105366,3
013,Beaufort,VTD 70,4501370,Beaufort - VTD 70,BEAUFORT - VTD 70,8854971.587179,Beaufort,013,Hilton Head 10,Beaufort - Hilton Head 10,BEAUFORT - HILTON HEAD 10,116844.645907,0.013195,4
013,Beaufort,VTD 70,4501370,Beaufort - VTD 70,BEAUFORT - VTD 70,8854971.587179,Beaufort,013,Hilton Head 4B,Beaufort - Hilton Head 4B,BEAUFORT - HILTON HEAD 4B,16491.713306,0.001862,5
013,Beaufort,VTD 69,4501369,Beaufort - VTD 69,BEAUFORT - VTD 69,10959359.451971,Beaufort,013,Hilton Head 6B,Beaufort - Hilton Head 6B,BEAUFORT - HILTON HEAD 6B,9506814.575023,0.867461,1
013,Beaufort,VTD 69,4501369,Beaufort - VTD 69,BEAUFORT - VTD 69,10959359.451971,Beaufort,013,Hilton Head 6A,Beaufort - Hilton Head 6A,BEAUFORT - HILTON HEAD 6A,1452544.318990,0.132539,2
013,Beaufort,VTD 53,4501353,Beaufort - VTD 53,BEAUFORT - VTD 53,53255943.214534,Beaufort,013,Dafuskie,Beaufort - Dafuskie,BEAUFORT - DAFUSKIE,53250277.078212,0.999894,1
013,Beaufort,VTD 47,4501347,Beaufort - VTD 47,BEAUFORT - VTD 47,29704123.677766,Beaufort,013,Bluffton 2C,Beaufort - Bluffton 2C,BEAUFORT - BLUFFTON 2C,8298008.980445,0.279355,1
013,Beaufort,VTD 47,4501347,Beaufort - VTD 47,BEAUFORT - VTD 47,29704123.677766,Beaufort,013,Sun City 4B,Beaufort - Sun City 4B,BEAUFORT - SUN CITY 4B,4599512.758487,0.154844,2
013,Beaufort,VTD 47,4501347,Beaufort - VTD 47,BEAUFORT - VTD 47,29704123.677766,Beaufort,013,Sun City 1A,Beaufort - Sun City 1A,BEAUFORT - SUN CITY 1A,3679003.166089,0.123855,3
013,Beaufort,VTD 47,4501347,Beaufort - VTD 47,BEAUFORT - VTD 47,29704123.677766,Beaufort,013,Sun City 1B,Beaufort - Sun City 1B,BEAUFORT - SUN CITY 1B,3062925.322875,0.103114,4
013,Beaufort,VTD 47,4501347,Beaufort - VTD 47,BEAUFORT - VTD 47,29704123.677766,Beaufort,013,Sun City 4A,Beaufort - Sun City 4A,BEAUFORT - SUN CITY 4A,2978467.288807,0.100271,5
013,Beaufort,VTD 47,4501347,Beaufort - VTD 47,BEAUFORT - VTD 47,29704123.677766,Beaufort,013,Sun City 3A,Beaufort - Sun City 3A,BEAUFORT - SUN CITY 3A,2916412.111909,0.098182,6
013,Beaufort,VTD 47,4501347,Beaufort - VTD 47,BEAUFORT - VTD 47,29704123.677766,Beaufort,013,Sun City 2,Beaufort - Sun City 2,BEAUFORT - SUN CITY 2,2067409.890279,0.069600,7
013,Beaufort,VTD 47,4501347,Beaufort - VTD 47,BEAUFORT - VTD 47,29704123.677766,Beaufort,013,Sun City 3B,Beaufort - Sun City 3B,BEAUFORT - SUN CITY 3B,1896156.718250,0.063835,8
013,Beaufort,VTD 52,4501352,Beaufort - VTD 52,BEAUFORT - VTD 52,33567245.717567,Beaufort,013,Bluffton 1C,Beaufort - Bluffton 1C,BEAUFORT - BLUFFTON 1C,33496680.743310,0.997898,1
013,Beaufort,VTD 52,4501352,Beaufort - VTD 52,BEAUFORT - VTD 52,33567245.717567,Beaufort,013,Bluffton 2C,Beaufort - Bluffton 2C,BEAUFORT - BLUFFTON 2C,70564.974257,0.002102,2
013,Beaufort,VTD 46,4501346,Beaufort - VTD 46,BEAUFORT - VTD 46,54557191.160259,Beaufort,013,Bluffton 3B,Beaufort - Bluffton 3B,BEAUFORT - BLUFFTON 3B,47537944.056387,0.871341,1
013,Beaufort,VTD 46,4501346,Beaufort - VTD 46,BEAUFORT - VTD 46,54557191.160259,Beaufort,013,Bluffton 3A,Beaufort - Bluffton 3A,BEAUFORT - BLUFFTON 3A,7019143.474913,0.128657,2
013,Beaufort,VTD 51,4501351,Beaufort - VTD 51,BEAUFORT - VTD 51,29341916.167672,Beaufort,013,Bluffton 1C,Beaufort - Bluffton 1C,BEAUFORT - BLUFFTON 1C,25207623.570708,0.859099,1
013,Beaufort,VTD 51,4501351,Beaufort - VTD 51,BEAUFORT - VTD 51,29341916.167672,Beaufort,013,Bluffton 1B,Beaufort - Bluffton 1B,BEAUFORT - BLUFFTON 1B,4134241.253895,0.140899,2
013,Beaufort,VTD 49,4501349,Beaufort - VTD 49,BEAUFORT - VTD 49,119962413.950053,Beaufort,013,Bluffton 2C,Beaufort - Bluffton 2C,BEAUFORT - BLUFFTON 2C,119597453.134389,0.996958,1
013,Beaufort,VTD 49,4501349,Beaufort - VTD 49,BEAUFORT - VTD 49,119962413.950053,Beaufort,013,Bluffton 1C,Beaufort - Bluffton 1C,BEAUFORT - BLUFFTON 1C,252402.574074,0.002104,2
013,Beaufort,VTD 49,4501349,Beaufort - VTD 49,BEAUFORT - VTD 49,119962413.950053,Beaufort,013,Bluffton 1A,Beaufort - Bluffton 1A,BEAUFORT - BLUFFTON 1A,89138.385503,0.000743,3
013,Beaufort,VTD 48,4501348,Beaufort - VTD 48,BEAUFORT - VTD 48,49190589.305353,Beaufort,013,Bluffton 2C,Beaufort - Bluffton 2C,BEAUFORT - BLUFFTON 2C,15334765.320525,0.311742,1
013,Beaufort,VTD 48,4501348,Beaufort - VTD 48,BEAUFORT - VTD 48,49190589.305353,Beaufort,013,Bluffton 5,Beaufort - Bluffton 5,BEAUFORT - BLUFFTON 5,12265760.694102,0.249352,2
013,Beaufort,VTD 48,4501348,Beaufort - VTD 48,BEAUFORT - VTD 48,49190589.305353,Beaufort,013,Bluffton 4C,Beaufort - Bluffton 4C,BEAUFORT - BLUFFTON 4C,12219052.773752,0.248402,3
013,Beaufort,VTD 48,4501348,Beaufort - VTD 48,BEAUFORT - VTD 48,49190589.305353,Beaufort,013,Bluffton 2B,Beaufort - Bluffton 2B,BEAUFORT - BLUFFTON 2B,5779229.074172,0.117486,4
013,Beaufort,VTD 48,4501348,Beaufort - VTD 48,BEAUFORT - VTD 48,49190589.305353,Beaufort,013,Bluffton 2A,Beaufort - Bluffton 2A,BEAUFORT - BLUFFTON 2A,3102839.116341,0.063078,5
013,Beaufort,VTD 48,4501348,Beaufort - VTD 48,BEAUFORT - VTD 48,49190589.305353,Beaufort,013,Bluffton 4B,Beaufort - Bluffton 4B,BEAUFORT - BLUFFTON 4B,402455.006488,0.008182,6
013,Beaufort,VTD 48,4501348,Beaufort - VTD 48,BEAUFORT - VTD 48,49190589.305353,Beaufort,013,Bluffton 4A,Beaufort - Bluffton 4A,BEAUFORT - BLUFFTON 4A,80111.990019,0.001629,7
013,Beaufort,VTD 50,4501350,Beaufort - VTD 50,BEAUFORT - VTD 50,12672667.631444,Beaufort,013,Bluffton 1A,Beaufort - Bluffton 1A,BEAUFORT - BLUFFTON 1A,6451137.231157,0.509059,1
013,Beaufort,VTD 50,4501350,Beaufort - VTD 50,BEAUFORT - VTD 50,12672667.631444,Beaufort,013,Bluffton 1D,Beaufort - Bluffton 1D,BEAUFORT - BLUFFTON 1D,5857730.231148,0.462233,2
013,Beaufort,VTD 50,4501350,Beaufort - VTD 50,BEAUFORT - VTD 50,12672667.631444,Beaufort,013,Bluffton 1C,Beaufort - Bluffton 1C,BEAUFORT - BLUFFTON 1C,252657.075385,0.019937,3
013,Beaufort,VTD 50,4501350,Beaufort - VTD 50,BEAUFORT - VTD 50,12672667.631444,Beaufort,013,Bluffton 2C,Beaufort - Bluffton 2C,BEAUFORT - BLUFFTON 2C,107485.259379,0.008482,4
013,Beaufort,VTD 37,4501337,Beaufort - VTD 37,BEAUFORT - VTD 37,358764355.907483,Beaufort,013,St. Helena 2C,Beaufort - St. Helena 2C,BEAUFORT - ST. HELENA 2C,358092094.131076,0.998126,1
013,Beaufort,VTD 37,4501337,Beaufort - VTD 37,BEAUFORT - VTD 37,358764355.907483,Beaufort,013,St. Helena 1A,Beaufort - St. Helena 1A,BEAUFORT - ST. HELENA 1A,614186.783263,0.001712,2
013,Beaufort,VTD 1,450131,Beaufort - VTD 1,BEAUFORT - VTD 1,35080736.481837,Beaufort,013,Sheldon 1,Beaufort - Sheldon 1,BEAUFORT - SHELDON 1,35057184.286821,0.999329,1
013,Beaufort,VTD 36,4501336,Beaufort - VTD 36,BEAUFORT - VTD 36,92358507.698453,Beaufort,013,St. Helena 2B,Beaufort - St. Helena 2B,BEAUFORT - ST. HELENA 2B,54390636.470138,0.588908,1
013,Beaufort,VTD 36,4501336,Beaufort - VTD 36,BEAUFORT - VTD 36,92358507.698453,Beaufort,013,St. Helena 2A,Beaufort - St. Helena 2A,BEAUFORT - ST. HELENA 2A,12181351.986780,0.131892,2
013,Beaufort,VTD 36,4501336,Beaufort - VTD 36,BEAUFORT - VTD 36,92358507.698453,Beaufort,013,Lady's Island 2B,Beaufort - Lady's Island 2B,BEAUFORT - LADYS ISLAND 2B,11896562.040343,0.128809,3
013,Beaufort,VTD 36,4501336,Beaufort - VTD 36,BEAUFORT - VTD 36,92358507.698453,Beaufort,013,St. Helena 2C,Beaufort - St. Helena 2C,BEAUFORT - ST. HELENA 2C,11491836.305803,0.124426,4
013,Beaufort,VTD 36,4501336,Beaufort - VTD 36,BEAUFORT - VTD 36,92358507.698453,Beaufort,013,St. Helena 1A,Beaufort - St. Helena 1A,BEAUFORT - ST. HELENA 1A,2398085.253766,0.025965,5
013,Beaufort,VTD 26,4501326,Beaufort - VTD 26,BEAUFORT - VTD 26,6706976.319608,Beaufort,013,Burton 2B,Beaufort - Burton 2B,BEAUFORT - BURTON 2B,6706883.209777,0.999986,1
013,Beaufort,VTD 25,4501325,Beaufort - VTD 25,BEAUFORT - VTD 25,22832468.667419,Beaufort,013,St. Helena 2A,Beaufort - St. Helena 2A,BEAUFORT - ST. HELENA 2A,22832359.779061,0.999995,1
013,Beaufort,VTD 24,4501324,Beaufort - VTD 24,BEAUFORT - VTD 24,22853995.596627,Beaufort,013,St. Helena 1C,Beaufort - St. Helena 1C,BEAUFORT - ST. HELENA 1C,22296106.711482,0.975589,1
013,Beaufort,VTD 24,4501324,Beaufort - VTD 24,BEAUFORT - VTD 24,22853995.596627,Beaufort,013,Lady's Island 2B,Beaufort - Lady's Island 2B,BEAUFORT - LADYS ISLAND 2B,372036.374424,0.016279,2
013,Beaufort,VTD 24,4501324,Beaufort - VTD 24,BEAUFORT - VTD 24,22853995.596627,Beaufort,013,St. Helena 1A,Beaufort - St. Helena 1A,BEAUFORT - ST. HELENA 1A,161650.383334,0.007073,3
013,Beaufort,VTD 24,4501324,Beaufort - VTD 24,BEAUFORT - VTD 24,22853995.596627,Beaufort,013,St. Helena 2A,Beaufort - St. Helena 2A,BEAUFORT - ST. HELENA 2A,24201.125420,0.001059,4
013,Beaufort,VTD 23,4501323,Beaufort - VTD 23,BEAUFORT - VTD 23,11820041.948611,Beaufort,013,St. Helena 1A,Beaufort - St. Helena 1A,BEAUFORT - ST. HELENA 1A,11082534.065269,0.937605,1
013,Beaufort,VTD 23,4501323,Beaufort - VTD 23,BEAUFORT - VTD 23,11820041.948611,Beaufort,013,St. Helena 1C,Beaufort - St. Helena 1C,BEAUFORT - ST. HELENA 1C,504173.425126,0.042654,2
013,Beaufort,VTD 23,4501323,Beaufort - VTD 23,BEAUFORT - VTD 23,11820041.948611,Beaufort,013,Lady's Island 1A,Beaufort - Lady's Island 1A,BEAUFORT - LADYS ISLAND 1A,181815.624116,0.015382,3
013,Beaufort,VTD 23,4501323,Beaufort - VTD 23,BEAUFORT - VTD 23,11820041.948611,Beaufort,013,Lady's Island 1B,Beaufort - Lady's Island 1B,BEAUFORT - LADYS ISLAND 1B,51518.834100,0.004359,4
013,Beaufort,VTD 38,4501338,Beaufort - VTD 38,BEAUFORT - VTD 38,18749584.592604,Beaufort,013,Burton 2A,Beaufort - Burton 2A,BEAUFORT - BURTON 2A,18698702.993026,0.997286,1
013,Beaufort,VTD 38,4501338,Beaufort - VTD 38,BEAUFORT - VTD 38,18749584.592604,Beaufort,013,Burton 2B,Beaufort - Burton 2B,BEAUFORT - BURTON 2B,50874.076909,0.002713,2
013,Beaufort,VTD 41,4501341,Beaufort - VTD 41,BEAUFORT - VTD 41,41500186.953974,Beaufort,013,Chechessee,Beaufort - Chechessee,BEAUFORT - CHECHESSEE,41211538.143628,0.993045,1
013,Beaufort,VTD 41,4501341,Beaufort - VTD 41,BEAUFORT - VTD 41,41500186.953974,Beaufort,013,Burton 1C,Beaufort - Burton 1C,BEAUFORT - BURTON 1C,287861.972258,0.006936,2
013,Beaufort,VTD 35,4501335,Beaufort - VTD 35,BEAUFORT - VTD 35,9080684.041123,Beaufort,013,St. Helena 1A,Beaufort - St. Helena 1A,BEAUFORT - ST. HELENA 1A,8943055.515008,0.984844,1
013,Beaufort,VTD 35,4501335,Beaufort - VTD 35,BEAUFORT - VTD 35,9080684.041123,Beaufort,013,St. Helena 2C,Beaufort - St. Helena 2C,BEAUFORT - ST. HELENA 2C,118358.135387,0.013034,2
013,Beaufort,VTD 35,4501335,Beaufort - VTD 35,BEAUFORT - VTD 35,9080684.041123,Beaufort,013,St. Helena 1B,Beaufort - St. Helena 1B,BEAUFORT - ST. HELENA 1B,19270.390728,0.002122,3
013,Beaufort,VTD 27,4501327,Beaufort - VTD 27,BEAUFORT - VTD 27,18814809.171025,Beaufort,013,Burton 2C,Beaufort - Burton 2C,BEAUFORT - BURTON 2C,11104640.815125,0.590207,1
013,Beaufort,VTD 27,4501327,Beaufort - VTD 27,BEAUFORT - VTD 27,18814809.171025,Beaufort,013,Burton 2B,Beaufort - Burton 2B,BEAUFORT - BURTON 2B,7486302.538416,0.397894,2
013,Beaufort,VTD 27,4501327,Beaufort - VTD 27,BEAUFORT - VTD 27,18814809.171025,Beaufort,013,Port Royal 1,Beaufort - Port Royal 1,BEAUFORT - PORT ROYAL 1,94689.698794,0.005033,3
013,Beaufort,VTD 27,4501327,Beaufort - VTD 27,BEAUFORT - VTD 27,18814809.171025,Beaufort,013,Beaufort 3,Beaufort - Beaufort 3,BEAUFORT - BEAUFORT 3,56474.402478,0.003002,4
013,Beaufort,VTD 27,4501327,Beaufort - VTD 27,BEAUFORT - VTD 27,18814809.171025,Beaufort,013,MO 1B,Beaufort - MO 1B,BEAUFORT - MO 1B,43723.523461,0.002324,5
013,Beaufort,VTD 27,4501327,Beaufort - VTD 27,BEAUFORT - VTD 27,18814809.171025,Beaufort,013,Burton 2A,Beaufort - Burton 2A,BEAUFORT - BURTON 2A,28977.347993,0.001540,6
013,Beaufort,VTD 39,4501339,Beaufort - VTD 39,BEAUFORT - VTD 39,50662026.431037,Beaufort,013,Burton 2A,Beaufort - Burton 2A,BEAUFORT - BURTON 2A,50655196.480834,0.999865,1
013,Beaufort,VTD 40,4501340,Beaufort - VTD 40,BEAUFORT - VTD 40,135983354.735989,Beaufort,013,St. Helena 1B,Beaufort - St. Helena 1B,BEAUFORT - ST. HELENA 1B,130546979.431288,0.960022,1
013,Beaufort,VTD 40,4501340,Beaufort - VTD 40,BEAUFORT - VTD 40,135983354.735989,Beaufort,013,St. Helena 1A,Beaufort - St. Helena 1A,BEAUFORT - ST. HELENA 1A,5152167.671633,0.037888,2
013,Beaufort,VTD 40,4501340,Beaufort - VTD 40,BEAUFORT - VTD 40,135983354.735989,Beaufort,013,Lady's Island 1B,Beaufort - Lady's Island 1B,BEAUFORT - LADYS ISLAND 1B,168638.438932,0.001240,3
013,Beaufort,VTD 40,4501340,Beaufort - VTD 40,BEAUFORT - VTD 40,135983354.735989,Beaufort,013,St. Helena 2C,Beaufort - St. Helena 2C,BEAUFORT - ST. HELENA 2C,115548.724721,0.000850,4
013,Beaufort,VTD 33,4501333,Beaufort - VTD 33,BEAUFORT - VTD 33,30183634.138677,Beaufort,013,Lady's Island 1B,Beaufort - Lady's Island 1B,BEAUFORT - LADYS ISLAND 1B,29606977.077762,0.980895,1
013,Beaufort,VTD 33,4501333,Beaufort - VTD 33,BEAUFORT - VTD 33,30183634.138677,Beaufort,013,St. Helena 1B,Beaufort - St. Helena 1B,BEAUFORT - ST. HELENA 1B,156133.500729,0.005173,2
013,Beaufort,VTD 33,4501333,Beaufort - VTD 33,BEAUFORT - VTD 33,30183634.138677,Beaufort,013,MO 1A,Beaufort - MO 1A,BEAUFORT - MO 1A,137260.770961,0.004548,3
013,Beaufort,VTD 33,4501333,Beaufort - VTD 33,BEAUFORT - VTD 33,30183634.138677,Beaufort,013,St. Helena 1A,Beaufort - St. Helena 1A,BEAUFORT - ST. HELENA 1A,85704.319487,0.002839,4
013,Beaufort,VTD 33,4501333,Beaufort - VTD 33,BEAUFORT - VTD 33,30183634.138677,Beaufort,013,Port Royal 2,Beaufort - Port Royal 2,BEAUFORT - PORT ROYAL 2,70711.088717,0.002343,5
013,Beaufort,VTD 33,4501333,Beaufort - VTD 33,BEAUFORT - VTD 33,30183634.138677,Beaufort,013,Port Royal 1,Beaufort - Port Royal 1,BEAUFORT - PORT ROYAL 1,67253.894662,0.002228,6
013,Beaufort,VTD 33,4501333,Beaufort - VTD 33,BEAUFORT - VTD 33,30183634.138677,Beaufort,013,Beaufort 3,Beaufort - Beaufort 3,BEAUFORT - BEAUFORT 3,59581.684966,0.001974,7
013,Beaufort,VTD 32,4501332,Beaufort - VTD 32,BEAUFORT - VTD 32,6471201.344653,Beaufort,013,Port Royal 1,Beaufort - Port Royal 1,BEAUFORT - PORT ROYAL 1,5587989.868057,0.863517,1
013,Beaufort,VTD 32,4501332,Beaufort - VTD 32,BEAUFORT - VTD 32,6471201.344653,Beaufort,013,Port Royal 2,Beaufort - Port Royal 2,BEAUFORT - PORT ROYAL 2,708942.810310,0.109554,2
013,Beaufort,VTD 32,4501332,Beaufort - VTD 32,BEAUFORT - VTD 32,6471201.344653,Beaufort,013,MO 1A,Beaufort - MO 1A,BEAUFORT - MO 1A,174268.666286,0.026930,3
013,Beaufort,VTD 31,4501331,Beaufort - VTD 31,BEAUFORT - VTD 31,2552321.550926,Beaufort,013,Port Royal 2,Beaufort - Port Royal 2,BEAUFORT - PORT ROYAL 2,2552299.728498,0.999991,1
013,Beaufort,VTD 28,4501328,Beaufort - VTD 28,BEAUFORT - VTD 28,3483108.914604,Beaufort,013,MO 1A,Beaufort - MO 1A,BEAUFORT - MO 1A,1916484.330513,0.550222,1
013,Beaufort,VTD 28,4501328,Beaufort - VTD 28,BEAUFORT - VTD 28,3483108.914604,Beaufort,013,MO 1B,Beaufort - MO 1B,BEAUFORT - MO 1B,1357038.789231,0.389606,2
013,Beaufort,VTD 28,4501328,Beaufort - VTD 28,BEAUFORT - VTD 28,3483108.914604,Beaufort,013,Lady's Island 1B,Beaufort - Lady's Island 1B,BEAUFORT - LADYS ISLAND 1B,144648.912133,0.041529,3
013,Beaufort,VTD 28,4501328,Beaufort - VTD 28,BEAUFORT - VTD 28,3483108.914604,Beaufort,013,Burton 2C,Beaufort - Burton 2C,BEAUFORT - BURTON 2C,45051.876871,0.012934,4
013,Beaufort,VTD 28,4501328,Beaufort - VTD 28,BEAUFORT - VTD 28,3483108.914604,Beaufort,013,Beaufort 3,Beaufort - Beaufort 3,BEAUFORT - BEAUFORT 3,19662.003477,0.005645,5
013,Beaufort,VTD 30,4501330,Beaufort - VTD 30,BEAUFORT - VTD 30,1976027.856863,Beaufort,013,MO 2,Beaufort - MO 2,BEAUFORT - MO 2,1737040.478740,0.879057,1
013,Beaufort,VTD 30,4501330,Beaufort - VTD 30,BEAUFORT - VTD 30,1976027.856863,Beaufort,013,MO 1B,Beaufort - MO 1B,BEAUFORT - MO 1B,234530.147416,0.118688,2
013,Beaufort,VTD 30,4501330,Beaufort - VTD 30,BEAUFORT - VTD 30,1976027.856863,Beaufort,013,Burton 2B,Beaufort - Burton 2B,BEAUFORT - BURTON 2B,4456.404004,0.002255,3
013,Beaufort,VTD 29,4501329,Beaufort - VTD 29,BEAUFORT - VTD 29,1147644.427555,Beaufort,013,MO 1B,Beaufort - MO 1B,BEAUFORT - MO 1B,1147636.724674,0.999993,1
013,Beaufort,VTD 34,4501334,Beaufort - VTD 34,BEAUFORT - VTD 34,9199629.140739,Beaufort,013,St. Helena 1A,Beaufort - St. Helena 1A,BEAUFORT - ST. HELENA 1A,9149934.853948,0.994598,1
013,Beaufort,VTD 34,4501334,Beaufort - VTD 34,BEAUFORT - VTD 34,9199629.140739,Beaufort,013,Lady's Island 1B,Beaufort - Lady's Island 1B,BEAUFORT - LADYS ISLAND 1B,29281.955521,0.003183,2
013,Beaufort,VTD 34,4501334,Beaufort - VTD 34,BEAUFORT - VTD 34,9199629.140739,Beaufort,013,St. Helena 1B,Beaufort - St. Helena 1B,BEAUFORT - ST. HELENA 1B,20411.580075,0.002219,3
013,Beaufort,VTD 22,4501322,Beaufort - VTD 22,BEAUFORT - VTD 22,10563667.055866,Beaufort,013,Lady's Island 3B,Beaufort - Lady's Island 3B,BEAUFORT - LADYS ISLAND 3B,6029742.838841,0.570800,1
013,Beaufort,VTD 22,4501322,Beaufort - VTD 22,BEAUFORT - VTD 22,10563667.055866,Beaufort,013,Lady's Island 3A,Beaufort - Lady's Island 3A,BEAUFORT - LADYS ISLAND 3A,3129307.981325,0.296233,2
013,Beaufort,VTD 22,4501322,Beaufort - VTD 22,BEAUFORT - VTD 22,10563667.055866,Beaufort,013,Lady's Island 2A,Beaufort - Lady's Island 2A,BEAUFORT - LADYS ISLAND 2A,1263992.173769,0.119655,3
013,Beaufort,VTD 22,4501322,Beaufort - VTD 22,BEAUFORT - VTD 22,10563667.055866,Beaufort,013,Beaufort 2,Beaufort - Beaufort 2,BEAUFORT - BEAUFORT 2,92991.665339,0.008803,4
013,Beaufort,VTD 22,4501322,Beaufort - VTD 22,BEAUFORT - VTD 22,10563667.055866,Beaufort,013,Lady's Island 1A,Beaufort - Lady's Island 1A,BEAUFORT - LADYS ISLAND 1A,47626.142957,0.004508,5
013,Beaufort,VTD 20,4501320,Beaufort - VTD 20,BEAUFORT - VTD 20,1342442.623163,Beaufort,013,Beaufort 1,Beaufort - Beaufort 1,BEAUFORT - BEAUFORT 1,685084.092911,0.510327,1
013,Beaufort,VTD 20,4501320,Beaufort - VTD 20,BEAUFORT - VTD 20,1342442.623163,Beaufort,013,Beaufort 3,Beaufort - Beaufort 3,BEAUFORT - BEAUFORT 3,637346.519137,0.474766,2
013,Beaufort,VTD 20,4501320,Beaufort - VTD 20,BEAUFORT - VTD 20,1342442.623163,Beaufort,013,Lady's Island 1B,Beaufort - Lady's Island 1B,BEAUFORT - LADYS ISLAND 1B,20011.937961,0.014907,3
013,Beaufort,VTD 21,4501321,Beaufort - VTD 21,BEAUFORT - VTD 21,1045186.153132,Beaufort,013,Beaufort 2,Beaufort - Beaufort 2,BEAUFORT - BEAUFORT 2,1043143.196827,0.998045,1
013,Beaufort,VTD 21,4501321,Beaufort - VTD 21,BEAUFORT - VTD 21,1045186.153132,Beaufort,013,Lady's Island 3B,Beaufort - Lady's Island 3B,BEAUFORT - LADYS ISLAND 3B,2042.956304,0.001955,2
013,Beaufort,VTD 19,4501319,Beaufort - VTD 19,BEAUFORT - VTD 19,3158268.387200,Beaufort,013,Beaufort 2,Beaufort - Beaufort 2,BEAUFORT - BEAUFORT 2,2435882.380490,0.771271,1
013,Beaufort,VTD 19,4501319,Beaufort - VTD 19,BEAUFORT - VTD 19,3158268.387200,Beaufort,013,Beaufort 1,Beaufort - Beaufort 1,BEAUFORT - BEAUFORT 1,628178.429086,0.198900,2
013,Beaufort,VTD 19,4501319,Beaufort - VTD 19,BEAUFORT - VTD 19,3158268.387200,Beaufort,013,Lady's Island 3A,Beaufort - Lady's Island 3A,BEAUFORT - LADYS ISLAND 3A,94207.478554,0.029829,3
013,Beaufort,VTD 44,4501344,Beaufort - VTD 44,BEAUFORT - VTD 44,31294122.933200,Beaufort,013,Bluffton 4A,Beaufort - Bluffton 4A,BEAUFORT - BLUFFTON 4A,22190063.217227,0.709081,1
013,Beaufort,VTD 44,4501344,Beaufort - VTD 44,BEAUFORT - VTD 44,31294122.933200,Beaufort,013,Bluffton 4B,Beaufort - Bluffton 4B,BEAUFORT - BLUFFTON 4B,5432517.258234,0.173595,2
013,Beaufort,VTD 44,4501344,Beaufort - VTD 44,BEAUFORT - VTD 44,31294122.933200,Beaufort,013,Belfair,Beaufort - Belfair,BEAUFORT - BELFAIR,2086687.934176,0.066680,3
013,Beaufort,VTD 44,4501344,Beaufort - VTD 44,BEAUFORT - VTD 44,31294122.933200,Beaufort,013,Chechessee,Beaufort - Chechessee,BEAUFORT - CHECHESSEE,1064294.477646,0.034009,4
013,Beaufort,VTD 44,4501344,Beaufort - VTD 44,BEAUFORT - VTD 44,31294122.933200,Beaufort,013,Bluffton 2B,Beaufort - Bluffton 2B,BEAUFORT - BLUFFTON 2B,461549.479673,0.014749,5
013,Beaufort,VTD 44,4501344,Beaufort - VTD 44,BEAUFORT - VTD 44,31294122.933200,Beaufort,013,Bluffton 5,Beaufort - Bluffton 5,BEAUFORT - BLUFFTON 5,58093.599102,0.001856,6
013,Beaufort,VTD 45,4501345,Beaufort - VTD 45,BEAUFORT - VTD 45,23754947.672321,Beaufort,013,Bluffton 3B,Beaufort - Bluffton 3B,BEAUFORT - BLUFFTON 3B,17342242.014492,0.730048,1
013,Beaufort,VTD 45,4501345,Beaufort - VTD 45,BEAUFORT - VTD 45,23754947.672321,Beaufort,013,Belfair,Beaufort - Belfair,BEAUFORT - BELFAIR,6412648.812295,0.269950,2
013,Beaufort,VTD 43,4501343,Beaufort - VTD 43,BEAUFORT - VTD 43,14075174.617753,Beaufort,013,Chechessee,Beaufort - Chechessee,BEAUFORT - CHECHESSEE,11102586.271289,0.788806,1
013,Beaufort,VTD 43,4501343,Beaufort - VTD 43,BEAUFORT - VTD 43,14075174.617753,Beaufort,013,Bluffton 4A,Beaufort - Bluffton 4A,BEAUFORT - BLUFFTON 4A,2042359.197715,0.145104,2
013,Beaufort,VTD 43,4501343,Beaufort - VTD 43,BEAUFORT - VTD 43,14075174.617753,Beaufort,013,Sun City 1A,Beaufort - Sun City 1A,BEAUFORT - SUN CITY 1A,923898.238022,0.065640,3
013,Beaufort,VTD 42,4501342,Beaufort - VTD 42,BEAUFORT - VTD 42,107355159.009506,Beaufort,013,Chechessee,Beaufort - Chechessee,BEAUFORT - CHECHESSEE,107327451.141909,0.999742,1
013,Beaufort,VTD 15,4501315,Beaufort - VTD 15,BEAUFORT - VTD 15,21518009.984743,Beaufort,013,Burton 1C,Beaufort - Burton 1C,BEAUFORT - BURTON 1C,13011392.162990,0.604675,1
013,Beaufort,VTD 15,4501315,Beaufort - VTD 15,BEAUFORT - VTD 15,21518009.984743,Beaufort,013,Burton 1A,Beaufort - Burton 1A,BEAUFORT - BURTON 1A,8506613.428109,0.395325,2
013,Beaufort,VTD 14,4501314,Beaufort - VTD 14,BEAUFORT - VTD 14,56702448.757049,Beaufort,013,Lady's Island 2B,Beaufort - Lady's Island 2B,BEAUFORT - LADYS ISLAND 2B,56659393.147877,0.999241,1
013,Beaufort,VTD 14,4501314,Beaufort - VTD 14,BEAUFORT - VTD 14,56702448.757049,Beaufort,013,St. Helena 1C,Beaufort - St. Helena 1C,BEAUFORT - ST. HELENA 1C,43042.691892,0.000759,2
013,Beaufort,VTD 13,4501313,Beaufort - VTD 13,BEAUFORT - VTD 13,21840696.746924,Beaufort,013,Lady's Island 1A,Beaufort - Lady's Island 1A,BEAUFORT - LADYS ISLAND 1A,15341456.979934,0.702425,1
013,Beaufort,VTD 13,4501313,Beaufort - VTD 13,BEAUFORT - VTD 13,21840696.746924,Beaufort,013,Lady's Island 1B,Beaufort - Lady's Island 1B,BEAUFORT - LADYS ISLAND 1B,3472317.865747,0.158984,2
013,Beaufort,VTD 13,4501313,Beaufort - VTD 13,BEAUFORT - VTD 13,21840696.746924,Beaufort,013,Lady's Island 2B,Beaufort - Lady's Island 2B,BEAUFORT - LADYS ISLAND 2B,2971018.305937,0.136031,3
013,Beaufort,VTD 13,4501313,Beaufort - VTD 13,BEAUFORT - VTD 13,21840696.746924,Beaufort,013,St. Helena 1A,Beaufort - St. Helena 1A,BEAUFORT - ST. HELENA 1A,55892.048583,0.002559,4
013,Beaufort,VTD 16,4501316,Beaufort - VTD 16,BEAUFORT - VTD 16,10111011.388699,Beaufort,013,Burton 1C,Beaufort - Burton 1C,BEAUFORT - BURTON 1C,5366502.519224,0.530758,1
013,Beaufort,VTD 16,4501316,Beaufort - VTD 16,BEAUFORT - VTD 16,10111011.388699,Beaufort,013,Burton 1B,Beaufort - Burton 1B,BEAUFORT - BURTON 1B,3316715.954025,0.328030,2
013,Beaufort,VTD 16,4501316,Beaufort - VTD 16,BEAUFORT - VTD 16,10111011.388699,Beaufort,013,Burton 1A,Beaufort - Burton 1A,BEAUFORT - BURTON 1A,1427792.915451,0.141212,3
013,Beaufort,VTD 17,4501317,Beaufort - VTD 17,BEAUFORT - VTD 17,8961393.281710,Beaufort,013,Burton 1B,Beaufort - Burton 1B,BEAUFORT - BURTON 1B,5337690.475746,0.595632,1
013,Beaufort,VTD 17,4501317,Beaufort - VTD 17,BEAUFORT - VTD 17,8961393.281710,Beaufort,013,Burton 3,Beaufort - Burton 3,BEAUFORT - BURTON 3,1901948.213155,0.212238,2
013,Beaufort,VTD 17,4501317,Beaufort - VTD 17,BEAUFORT - VTD 17,8961393.281710,Beaufort,013,Burton 1C,Beaufort - Burton 1C,BEAUFORT - BURTON 1C,1721753.077161,0.192130,3
013,Beaufort,VTD 18,4501318,Beaufort - VTD 18,BEAUFORT - VTD 18,7315966.754577,Beaufort,013,Beaufort 3,Beaufort - Beaufort 3,BEAUFORT - BEAUFORT 3,4150784.973666,0.567360,1
013,Beaufort,VTD 18,4501318,Beaufort - VTD 18,BEAUFORT - VTD 18,7315966.754577,Beaufort,013,Beaufort 1,Beaufort - Beaufort 1,BEAUFORT - BEAUFORT 1,2520510.463966,0.344522,2
013,Beaufort,VTD 18,4501318,Beaufort - VTD 18,BEAUFORT - VTD 18,7315966.754577,Beaufort,013,MO 1A,Beaufort - MO 1A,BEAUFORT - MO 1A,593288.103537,0.081095,3
013,Beaufort,VTD 18,4501318,Beaufort - VTD 18,BEAUFORT - VTD 18,7315966.754577,Beaufort,013,MO 1B,Beaufort - MO 1B,BEAUFORT - MO 1B,30871.053311,0.004220,4
013,Beaufort,VTD 18,4501318,Beaufort - VTD 18,BEAUFORT - VTD 18,7315966.754577,Beaufort,013,Burton 2C,Beaufort - Burton 2C,BEAUFORT - BURTON 2C,13099.210295,0.001790,5
013,Beaufort,VTD 18,4501318,Beaufort - VTD 18,BEAUFORT - VTD 18,7315966.754577,Beaufort,013,Burton 3,Beaufort - Burton 3,BEAUFORT - BURTON 3,4952.806264,0.000677,6
013,Beaufort,VTD 12,4501312,Beaufort - VTD 12,BEAUFORT - VTD 12,20936036.480170,Beaufort,013,Lady's Island 2B,Beaufort - Lady's Island 2B,BEAUFORT - LADYS ISLAND 2B,16516772.042422,0.788916,1
013,Beaufort,VTD 12,4501312,Beaufort - VTD 12,BEAUFORT - VTD 12,20936036.480170,Beaufort,013,Lady's Island 2A,Beaufort - Lady's Island 2A,BEAUFORT - LADYS ISLAND 2A,4149450.479624,0.198197,2
013,Beaufort,VTD 12,4501312,Beaufort - VTD 12,BEAUFORT - VTD 12,20936036.480170,Beaufort,013,Dale Lobeco,Beaufort - Dale Lobeco,BEAUFORT - DALE LOBECO,269812.675743,0.012887,3
013,Beaufort,VTD 11,4501311,Beaufort - VTD 11,BEAUFORT - VTD 11,16664795.996688,Beaufort,013,Lady's Island 3A,Beaufort - Lady's Island 3A,BEAUFORT - LADYS ISLAND 3A,16304329.278933,0.978370,1
013,Beaufort,VTD 11,4501311,Beaufort - VTD 11,BEAUFORT - VTD 11,16664795.996688,Beaufort,013,Lady's Island 3B,Beaufort - Lady's Island 3B,BEAUFORT - LADYS ISLAND 3B,158535.495132,0.009513,2
013,Beaufort,VTD 11,4501311,Beaufort - VTD 11,BEAUFORT - VTD 11,16664795.996688,Beaufort,013,Beaufort 1,Beaufort - Beaufort 1,BEAUFORT - BEAUFORT 1,107658.491752,0.006460,3
013,Beaufort,VTD 11,4501311,Beaufort - VTD 11,BEAUFORT - VTD 11,16664795.996688,Beaufort,013,Beaufort 2,Beaufort - Beaufort 2,BEAUFORT - BEAUFORT 2,61596.548966,0.003696,4
013,Beaufort,VTD 11,4501311,Beaufort - VTD 11,BEAUFORT - VTD 11,16664795.996688,Beaufort,013,Seabrook 3,Beaufort - Seabrook 3,BEAUFORT - SEABROOK 3,32673.013268,0.001961,5
013,Beaufort,VTD 9,450139,Beaufort - VTD 9,BEAUFORT - VTD 9,14725867.317892,Beaufort,013,Seabrook 3,Beaufort - Seabrook 3,BEAUFORT - SEABROOK 3,14589962.667270,0.990771,1
013,Beaufort,VTD 9,450139,Beaufort - VTD 9,BEAUFORT - VTD 9,14725867.317892,Beaufort,013,Seabrook 2,Beaufort - Seabrook 2,BEAUFORT - SEABROOK 2,101562.896190,0.006897,2
013,Beaufort,VTD 9,450139,Beaufort - VTD 9,BEAUFORT - VTD 9,14725867.317892,Beaufort,013,Lady's Island 3A,Beaufort - Lady's Island 3A,BEAUFORT - LADYS ISLAND 3A,29419.954751,0.001998,3
013,Beaufort,VTD 10,4501310,Beaufort - VTD 10,BEAUFORT - VTD 10,27728598.003523,Beaufort,013,Burton 3,Beaufort - Burton 3,BEAUFORT - BURTON 3,26251977.331487,0.946747,1
013,Beaufort,VTD 10,4501310,Beaufort - VTD 10,BEAUFORT - VTD 10,27728598.003523,Beaufort,013,Beaufort 1,Beaufort - Beaufort 1,BEAUFORT - BEAUFORT 1,1208106.508002,0.043569,2
013,Beaufort,VTD 10,4501310,Beaufort - VTD 10,BEAUFORT - VTD 10,27728598.003523,Beaufort,013,Seabrook 1,Beaufort - Seabrook 1,BEAUFORT - SEABROOK 1,106478.153136,0.003840,3
013,Beaufort,VTD 10,4501310,Beaufort - VTD 10,BEAUFORT - VTD 10,27728598.003523,Beaufort,013,Beaufort 2,Beaufort - Beaufort 2,BEAUFORT - BEAUFORT 2,79197.528061,0.002856,4
013,Beaufort,VTD 10,4501310,Beaufort - VTD 10,BEAUFORT - VTD 10,27728598.003523,Beaufort,013,Seabrook 3,Beaufort - Seabrook 3,BEAUFORT - SEABROOK 3,74646.344417,0.002692,5
013,Beaufort,VTD 8,450138,Beaufort - VTD 8,BEAUFORT - VTD 8,35389526.126627,Beaufort,013,Seabrook 3,Beaufort - Seabrook 3,BEAUFORT - SEABROOK 3,17516458.334461,0.494962,1
013,Beaufort,VTD 8,450138,Beaufort - VTD 8,BEAUFORT - VTD 8,35389526.126627,Beaufort,013,Seabrook 1,Beaufort - Seabrook 1,BEAUFORT - SEABROOK 1,11485657.437729,0.324550,2
013,Beaufort,VTD 8,450138,Beaufort - VTD 8,BEAUFORT - VTD 8,35389526.126627,Beaufort,013,Burton 1C,Beaufort - Burton 1C,BEAUFORT - BURTON 1C,5956546.148137,0.168314,3
013,Beaufort,VTD 8,450138,Beaufort - VTD 8,BEAUFORT - VTD 8,35389526.126627,Beaufort,013,Sheldon 1,Beaufort - Sheldon 1,BEAUFORT - SHELDON 1,407918.895741,0.011527,4
013,Beaufort,VTD 8,450138,Beaufort - VTD 8,BEAUFORT - VTD 8,35389526.126627,Beaufort,013,Seabrook 2,Beaufort - Seabrook 2,BEAUFORT - SEABROOK 2,22942.703815,0.000648,5
013,Beaufort,VTD 4,450134,Beaufort - VTD 4,BEAUFORT - VTD 4,35700955.338286,Beaufort,013,Sheldon 2,Beaufort - Sheldon 2,BEAUFORT - SHELDON 2,34607805.904383,0.969380,1
013,Beaufort,VTD 4,450134,Beaufort - VTD 4,BEAUFORT - VTD 4,35700955.338286,Beaufort,013,Dale Lobeco,Beaufort - Dale Lobeco,BEAUFORT - DALE LOBECO,1068640.301440,0.029933,2
013,Beaufort,VTD 7,450137,Beaufort - VTD 7,BEAUFORT - VTD 7,21043848.740131,Beaufort,013,Seabrook 2,Beaufort - Seabrook 2,BEAUFORT - SEABROOK 2,20739353.576112,0.985530,1
013,Beaufort,VTD 7,450137,Beaufort - VTD 7,BEAUFORT - VTD 7,21043848.740131,Beaufort,013,Seabrook 3,Beaufort - Seabrook 3,BEAUFORT - SEABROOK 3,228845.599690,0.010875,2
013,Beaufort,VTD 7,450137,Beaufort - VTD 7,BEAUFORT - VTD 7,21043848.740131,Beaufort,013,Dale Lobeco,Beaufort - Dale Lobeco,BEAUFORT - DALE LOBECO,75639.614208,0.003594,3
013,Beaufort,VTD 6,450136,Beaufort - VTD 6,BEAUFORT - VTD 6,132613004.942378,Beaufort,013,Dale Lobeco,Beaufort - Dale Lobeco,BEAUFORT - DALE LOBECO,132348623.562828,0.998006,1
013,Beaufort,VTD 6,450136,Beaufort - VTD 6,BEAUFORT - VTD 6,132613004.942378,Beaufort,013,Sheldon 2,Beaufort - Sheldon 2,BEAUFORT - SHELDON 2,208356.685154,0.001571,2
013,Beaufort,VTD 5,450135,Beaufort - VTD 5,BEAUFORT - VTD 5,40719173.999681,Beaufort,013,Dale Lobeco,Beaufort - Dale Lobeco,BEAUFORT - DALE LOBECO,40669928.267302,0.998791,1
013,Beaufort,VTD 5,450135,Beaufort - VTD 5,BEAUFORT - VTD 5,40719173.999681,Beaufort,013,Sheldon 1,Beaufort - Sheldon 1,BEAUFORT - SHELDON 1,49225.930638,0.001209,2
013,Beaufort,VTD 2,450132,Beaufort - VTD 2,BEAUFORT - VTD 2,78858217.910657,Beaufort,013,Sheldon 2,Beaufort - Sheldon 2,BEAUFORT - SHELDON 2,78699494.803888,0.997987,1
013,Beaufort,VTD 2,450132,Beaufort - VTD 2,BEAUFORT - VTD 2,78858217.910657,Beaufort,013,Sheldon 1,Beaufort - Sheldon 1,BEAUFORT - SHELDON 1,63814.052172,0.000809,2
013,Beaufort,VTD 3,450133,Beaufort - VTD 3,BEAUFORT - VTD 3,86504337.907835,Beaufort,013,Sheldon 1,Beaufort - Sheldon 1,BEAUFORT - SHELDON 1,86485221.859676,0.999779,1
013,Beaufort,VTD 78,4501378,Beaufort - VTD 78,BEAUFORT - VTD 78,21134898.466657,Beaufort,013,Hilton Head 5A,Beaufort - Hilton Head 5A,BEAUFORT - HILTON HEAD 5A,13218415.500555,0.625431,1
013,Beaufort,VTD 78,4501378,Beaufort - VTD 78,BEAUFORT - VTD 78,21134898.466657,Beaufort,013,Hilton Head 2B,Beaufort - Hilton Head 2B,BEAUFORT - HILTON HEAD 2B,4319607.253984,0.204383,2
013,Beaufort,VTD 78,4501378,Beaufort - VTD 78,BEAUFORT - VTD 78,21134898.466657,Beaufort,013,Hilton Head 4A,Beaufort - Hilton Head 4A,BEAUFORT - HILTON HEAD 4A,3596873.841609,0.170186,3
013,Beaufort,VTD 55,4501355,Beaufort - VTD 55,BEAUFORT - VTD 55,2239519.272549,Beaufort,013,Hilton Head 15A,Beaufort - Hilton Head 15A,BEAUFORT - HILTON HEAD 15A,2239516.373816,0.999999,1
013,Beaufort,VTD 54,4501354,Beaufort - VTD 54,BEAUFORT - VTD 54,39872421.901093,Beaufort,013,Hilton Head 14,Beaufort - Hilton Head 14,BEAUFORT - HILTON HEAD 14,39866866.579232,0.999861,1
013,Beaufort,VTD 58,4501358,Beaufort - VTD 58,BEAUFORT - VTD 58,3929513.040442,Beaufort,013,Hilton Head 11,Beaufort - Hilton Head 11,BEAUFORT - HILTON HEAD 11,2906438.409602,0.739643,1
013,Beaufort,VTD 58,4501358,Beaufort - VTD 58,BEAUFORT - VTD 58,3929513.040442,Beaufort,013,Hilton Head 15B,Beaufort - Hilton Head 15B,BEAUFORT - HILTON HEAD 15B,746046.143205,0.189857,2
013,Beaufort,VTD 58,4501358,Beaufort - VTD 58,BEAUFORT - VTD 58,3929513.040442,Beaufort,013,Hilton Head 9A,Beaufort - Hilton Head 9A,BEAUFORT - HILTON HEAD 9A,196149.788661,0.049917,3
013,Beaufort,VTD 58,4501358,Beaufort - VTD 58,BEAUFORT - VTD 58,3929513.040442,Beaufort,013,Hilton Head 12,Beaufort - Hilton Head 12,BEAUFORT - HILTON HEAD 12,69522.686406,0.017692,4
013,Beaufort,VTD 58,4501358,Beaufort - VTD 58,BEAUFORT - VTD 58,3929513.040442,Beaufort,013,Hilton Head 8B,Beaufort - Hilton Head 8B,BEAUFORT - HILTON HEAD 8B,7410.862797,0.001886,5
013,Beaufort,VTD 58,4501358,Beaufort - VTD 58,BEAUFORT - VTD 58,3929513.040442,Beaufort,013,Hilton Head 9B,Beaufort - Hilton Head 9B,BEAUFORT - HILTON HEAD 9B,3945.149772,0.001004,6
013,Beaufort,VTD 60,4501360,Beaufort - VTD 60,BEAUFORT - VTD 60,8378354.940416,Beaufort,013,Hilton Head 10,Beaufort - Hilton Head 10,BEAUFORT - HILTON HEAD 10,8364859.837975,0.998389,1
013,Beaufort,VTD 60,4501360,Beaufort - VTD 60,BEAUFORT - VTD 60,8378354.940416,Beaufort,013,Hilton Head 2A,Beaufort - Hilton Head 2A,BEAUFORT - HILTON HEAD 2A,12364.978967,0.001476,2
013,Beaufort,VTD 57,4501357,Beaufort - VTD 57,BEAUFORT - VTD 57,5882589.975232,Beaufort,013,Hilton Head 12,Beaufort - Hilton Head 12,BEAUFORT - HILTON HEAD 12,4882183.938575,0.829938,1
013,Beaufort,VTD 57,4501357,Beaufort - VTD 57,BEAUFORT - VTD 57,5882589.975232,Beaufort,013,Hilton Head 15B,Beaufort - Hilton Head 15B,BEAUFORT - HILTON HEAD 15B,693488.618807,0.117888,2
013,Beaufort,VTD 57,4501357,Beaufort - VTD 57,BEAUFORT - VTD 57,5882589.975232,Beaufort,013,Hilton Head 11,Beaufort - Hilton Head 11,BEAUFORT - HILTON HEAD 11,303654.389653,0.051619,3
013,Beaufort,VTD 56,4501356,Beaufort - VTD 56,BEAUFORT - VTD 56,4481810.037585,Beaufort,013,Hilton Head 15B,Beaufort - Hilton Head 15B,BEAUFORT - HILTON HEAD 15B,4470311.697634,0.997434,1
013,Beaufort,VTD 56,4501356,Beaufort - VTD 56,BEAUFORT - VTD 56,4481810.037585,Beaufort,013,Hilton Head 14,Beaufort - Hilton Head 14,BEAUFORT - HILTON HEAD 14,11483.308778,0.002562,2
013,Beaufort,VTD 62,4501362,Beaufort - VTD 62,BEAUFORT - VTD 62,3424895.370756,Beaufort,013,Hilton Head 8B,Beaufort - Hilton Head 8B,BEAUFORT - HILTON HEAD 8B,3418581.667320,0.998157,1
013,Beaufort,VTD 62,4501362,Beaufort - VTD 62,BEAUFORT - VTD 62,3424895.370756,Beaufort,013,Hilton Head 7B,Beaufort - Hilton Head 7B,BEAUFORT - HILTON HEAD 7B,6306.333826,0.001841,2
013,Beaufort,VTD 61,4501361,Beaufort - VTD 61,BEAUFORT - VTD 61,7250857.926174,Beaufort,013,Hilton Head 9B,Beaufort - Hilton Head 9B,BEAUFORT - HILTON HEAD 9B,6494921.144920,0.895745,1
013,Beaufort,VTD 61,4501361,Beaufort - VTD 61,BEAUFORT - VTD 61,7250857.926174,Beaufort,013,Hilton Head 7B,Beaufort - Hilton Head 7B,BEAUFORT - HILTON HEAD 7B,736656.326266,0.101596,2
013,Beaufort,VTD 61,4501361,Beaufort - VTD 61,BEAUFORT - VTD 61,7250857.926174,Beaufort,013,Hilton Head 2A,Beaufort - Hilton Head 2A,BEAUFORT - HILTON HEAD 2A,19279.686159,0.002659,3
013,Beaufort,VTD 63,4501363,Beaufort - VTD 63,BEAUFORT - VTD 63,17916212.638696,Beaufort,013,Hilton Head 13,Beaufort - Hilton Head 13,BEAUFORT - HILTON HEAD 13,17916189.329353,0.999999,1
013,Beaufort,VTD 64,4501364,Beaufort - VTD 64,BEAUFORT - VTD 64,16832698.123381,Beaufort,013,Hilton Head 8A,Beaufort - Hilton Head 8A,BEAUFORT - HILTON HEAD 8A,16823514.738813,0.999454,1
013,Beaufort,VTD 65,4501365,Beaufort - VTD 65,BEAUFORT - VTD 65,13970319.408611,Beaufort,013,Hilton Head 7B,Beaufort - Hilton Head 7B,BEAUFORT - HILTON HEAD 7B,13898873.830476,0.994886,1
013,Beaufort,VTD 65,4501365,Beaufort - VTD 65,BEAUFORT - VTD 65,13970319.408611,Beaufort,013,Hilton Head 7A,Beaufort - Hilton Head 7A,BEAUFORT - HILTON HEAD 7A,43510.499066,0.003114,2
013,Beaufort,VTD 65,4501365,Beaufort - VTD 65,BEAUFORT - VTD 65,13970319.408611,Beaufort,013,Hilton Head 8B,Beaufort - Hilton Head 8B,BEAUFORT - HILTON HEAD 8B,27753.806289,0.001987,3
013,Beaufort,VTD 59,4501359,Beaufort - VTD 59,BEAUFORT - VTD 59,5878150.000819,Beaufort,013,Hilton Head 9A,Beaufort - Hilton Head 9A,BEAUFORT - HILTON HEAD 9A,3619397.214657,0.615737,1
013,Beaufort,VTD 59,4501359,Beaufort - VTD 59,BEAUFORT - VTD 59,5878150.000819,Beaufort,013,Hilton Head 9B,Beaufort - Hilton Head 9B,BEAUFORT - HILTON HEAD 9B,1288245.618458,0.219158,2
013,Beaufort,VTD 59,4501359,Beaufort - VTD 59,BEAUFORT - VTD 59,5878150.000819,Beaufort,013,Hilton Head 15B,Beaufort - Hilton Head 15B,BEAUFORT - HILTON HEAD 15B,909937.644277,0.154800,3
013,Beaufort,VTD 59,4501359,Beaufort - VTD 59,BEAUFORT - VTD 59,5878150.000819,Beaufort,013,Hilton Head 10,Beaufort - Hilton Head 10,BEAUFORT - HILTON HEAD 10,53535.013719,0.009107,4
013,Beaufort,VTD 59,4501359,Beaufort - VTD 59,BEAUFORT - VTD 59,5878150.000819,Beaufort,013,Hilton Head 2A,Beaufort - Hilton Head 2A,BEAUFORT - HILTON HEAD 2A,7034.441714,0.001197,5
013,Beaufort,VTD 66,4501366,Beaufort - VTD 66,BEAUFORT - VTD 66,25895225.217432,Beaufort,013,Hilton Head 7A,Beaufort - Hilton Head 7A,BEAUFORT - HILTON HEAD 7A,25076590.505376,0.968387,1
013,Beaufort,VTD 66,4501366,Beaufort - VTD 66,BEAUFORT - VTD 66,25895225.217432,Beaufort,013,Hilton Head 7B,Beaufort - Hilton Head 7B,BEAUFORT - HILTON HEAD 7B,779055.243032,0.030085,2
013,Beaufort,VTD 66,4501366,Beaufort - VTD 66,BEAUFORT - VTD 66,25895225.217432,Beaufort,013,Hilton Head 6B,Beaufort - Hilton Head 6B,BEAUFORT - HILTON HEAD 6B,39579.469025,0.001528,3
013,Beaufort,VTD 67,4501367,Beaufort - VTD 67,BEAUFORT - VTD 67,14661823.445587,Beaufort,013,Hilton Head 2C,Beaufort - Hilton Head 2C,BEAUFORT - HILTON HEAD 2C,6597790.850409,0.449998,1
013,Beaufort,VTD 67,4501367,Beaufort - VTD 67,BEAUFORT - VTD 67,14661823.445587,Beaufort,013,Hilton Head 2A,Beaufort - Hilton Head 2A,BEAUFORT - HILTON HEAD 2A,5348371.036351,0.364782,2
013,Beaufort,VTD 67,4501367,Beaufort - VTD 67,BEAUFORT - VTD 67,14661823.445587,Beaufort,013,Hilton Head 10,Beaufort - Hilton Head 10,BEAUFORT - HILTON HEAD 10,1285587.849700,0.087683,3
013,Beaufort,VTD 67,4501367,Beaufort - VTD 67,BEAUFORT - VTD 67,14661823.445587,Beaufort,013,Hilton Head 7B,Beaufort - Hilton Head 7B,BEAUFORT - HILTON HEAD 7B,835377.503021,0.056976,4
013,Beaufort,VTD 67,4501367,Beaufort - VTD 67,BEAUFORT - VTD 67,14661823.445587,Beaufort,013,Hilton Head 9B,Beaufort - Hilton Head 9B,BEAUFORT - HILTON HEAD 9B,331387.512845,0.022602,5
013,Beaufort,VTD 67,4501367,Beaufort - VTD 67,BEAUFORT - VTD 67,14661823.445587,Beaufort,013,Hilton Head 2B,Beaufort - Hilton Head 2B,BEAUFORT - HILTON HEAD 2B,263303.372923,0.017958,6
015,Berkeley,VTD 2,450152,Berkeley - VTD 2,BERKELEY - VTD 2,119635322.454557,Berkeley,015,Eadytown,Berkeley - Eadytown,BERKELEY - EADYTOWN,119452109.172094,0.998469,1
015,Berkeley,VTD 2,450152,Berkeley - VTD 2,BERKELEY - VTD 2,119635322.454557,Berkeley,015,Cross,Berkeley - Cross,BERKELEY - CROSS,183076.978623,0.001530,2
015,Berkeley,VTD 5,450155,Berkeley - VTD 5,BERKELEY - VTD 5,116595020.768273,Berkeley,015,St. Stephen No. 1,Berkeley - St. Stephen No. 1,BERKELEY - ST. STEPHEN NO. 1,65347885.757829,0.560469,1
015,Berkeley,VTD 5,450155,Berkeley - VTD 5,BERKELEY - VTD 5,116595020.768273,Berkeley,015,St. Stephen No. 2,Berkeley - St. Stephen No. 2,BERKELEY - ST. STEPHEN NO. 2,50415390.635144,0.432397,2
015,Berkeley,VTD 5,450155,Berkeley - VTD 5,BERKELEY - VTD 5,116595020.768273,Berkeley,015,Russelville,Berkeley - Russelville,BERKELEY - RUSSELVILLE,695363.747550,0.005964,3
015,Berkeley,VTD 5,450155,Berkeley - VTD 5,BERKELEY - VTD 5,116595020.768273,Berkeley,015,Bonneau,Berkeley - Bonneau,BERKELEY - BONNEAU,86465.876043,0.000742,4
015,Berkeley,VTD 6,450156,Berkeley - VTD 6,BERKELEY - VTD 6,100240171.776643,Berkeley,015,Alvin,Berkeley - Alvin,BERKELEY - ALVIN,93603249.503307,0.933790,1
015,Berkeley,VTD 6,450156,Berkeley - VTD 6,BERKELEY - VTD 6,100240171.776643,Berkeley,015,St. Stephen No. 1,Berkeley - St. Stephen No. 1,BERKELEY - ST. STEPHEN NO. 1,6508574.174033,0.064930,2
015,Berkeley,VTD 6,450156,Berkeley - VTD 6,BERKELEY - VTD 6,100240171.776643,Berkeley,015,St. Stephen No. 2,Berkeley - St. Stephen No. 2,BERKELEY - ST. STEPHEN NO. 2,124096.462720,0.001238,3
015,Berkeley,VTD 7,450157,Berkeley - VTD 7,BERKELEY - VTD 7,148348752.287290,Berkeley,015,Macedonia,Berkeley - Macedonia,BERKELEY - MACEDONIA,148031158.193223,0.997859,1
015,Berkeley,VTD 7,450157,Berkeley - VTD 7,BERKELEY - VTD 7,148348752.287290,Berkeley,015,Bonneau,Berkeley - Bonneau,BERKELEY - BONNEAU,317569.070897,0.002141,2
015,Berkeley,VTD 22,4501522,Berkeley - VTD 22,BERKELEY - VTD 22,71745821.584615,Berkeley,015,Whitesville-Berkeley,Berkeley - Whitesville-Berkeley,BERKELEY - WHITESVILLE-BERKELEY,59841297.980682,0.834074,1
015,Berkeley,VTD 22,4501522,Berkeley - VTD 22,BERKELEY - VTD 22,71745821.584615,Berkeley,015,Moncks Corner No. 4,Berkeley - Moncks Corner No. 4,BERKELEY - MONCKS CORNER NO. 4,6923505.474133,0.096500,2
015,Berkeley,VTD 22,4501522,Berkeley - VTD 22,BERKELEY - VTD 22,71745821.584615,Berkeley,015,Carnes Crossroads No. 1,Berkeley - Carnes Crossroads No. 1,BERKELEY - CARNES CROSSROADS NO. 1,4937777.802448,0.068823,3
015,Berkeley,VTD 3,450153,Berkeley - VTD 3,BERKELEY - VTD 3,199551696.316786,Berkeley,015,Russelville,Berkeley - Russelville,BERKELEY - RUSSELVILLE,159900613.937062,0.801299,1
015,Berkeley,VTD 3,450153,Berkeley - VTD 3,BERKELEY - VTD 3,199551696.316786,Berkeley,015,Eadytown,Berkeley - Eadytown,BERKELEY - EADYTOWN,37536915.889139,0.188106,2
015,Berkeley,VTD 3,450153,Berkeley - VTD 3,BERKELEY - VTD 3,199551696.316786,Berkeley,015,Bonneau Beach,Berkeley - Bonneau Beach,BERKELEY - BONNEAU BEACH,2035912.370248,0.010202,3
015,Berkeley,VTD 4,450154,Berkeley - VTD 4,BERKELEY - VTD 4,86098340.553496,Berkeley,015,Bonneau,Berkeley - Bonneau,BERKELEY - BONNEAU,49492389.025660,0.574836,1
015,Berkeley,VTD 4,450154,Berkeley - VTD 4,BERKELEY - VTD 4,86098340.553496,Berkeley,015,Bonneau Beach,Berkeley - Bonneau Beach,BERKELEY - BONNEAU BEACH,32049163.947368,0.372239,2
015,Berkeley,VTD 4,450154,Berkeley - VTD 4,BERKELEY - VTD 4,86098340.553496,Berkeley,015,Macbeth,Berkeley - Macbeth,BERKELEY - MACBETH,4552808.280599,0.052879,3
015,Berkeley,VTD 13,4501513,Berkeley - VTD 13,BERKELEY - VTD 13,69598394.661998,Berkeley,015,Lebanon,Berkeley - Lebanon,BERKELEY - LEBANON,69194154.132524,0.994192,1
015,Berkeley,VTD 13,4501513,Berkeley - VTD 13,BERKELEY - VTD 13,69598394.661998,Berkeley,015,Hilton Cross Roads,Berkeley - Hilton Cross Roads,BERKELEY - HILTON CROSS ROADS,404239.027140,0.005808,2
015,Berkeley,VTD 8,450158,Berkeley - VTD 8,BERKELEY - VTD 8,144529576.160064,Berkeley,015,Jamestown,Berkeley - Jamestown,BERKELEY - JAMESTOWN,138963974.889540,0.961492,1
015,Berkeley,VTD 8,450158,Berkeley - VTD 8,BERKELEY - VTD 8,144529576.160064,Berkeley,015,Shulerville,Berkeley - Shulerville,BERKELEY - SHULERVILLE,5565579.418265,0.038508,2
015,Berkeley,VTD 10,4501510,Berkeley - VTD 10,BERKELEY - VTD 10,147755879.543782,Berkeley,015,Pinopolis,Berkeley - Pinopolis,BERKELEY - PINOPOLIS,135151658.006316,0.914696,1
015,Berkeley,VTD 10,4501510,Berkeley - VTD 10,BERKELEY - VTD 10,147755879.543782,Berkeley,015,Cross,Berkeley - Cross,BERKELEY - CROSS,12206170.176685,0.082610,2
015,Berkeley,VTD 10,4501510,Berkeley - VTD 10,BERKELEY - VTD 10,147755879.543782,Berkeley,015,Whitesville-Berkeley,Berkeley - Whitesville-Berkeley,BERKELEY - WHITESVILLE-BERKELEY,284269.853376,0.001924,3
015,Berkeley,VTD 10,4501510,Berkeley - VTD 10,BERKELEY - VTD 10,147755879.543782,Berkeley,015,Wassamassaw No. 1,Berkeley - Wassamassaw No. 1,BERKELEY - WASSAMASSAW NO. 1,113776.190198,0.000770,4
015,Berkeley,VTD 14,4501514,Berkeley - VTD 14,BERKELEY - VTD 14,136974618.589972,Berkeley,015,Wassamassaw No. 2,Berkeley - Wassamassaw No. 2,BERKELEY - WASSAMASSAW NO. 2,74918573.100544,0.546952,1
015,Berkeley,VTD 14,4501514,Berkeley - VTD 14,BERKELEY - VTD 14,136974618.589972,Berkeley,015,Wassamassaw No. 1,Berkeley - Wassamassaw No. 1,BERKELEY - WASSAMASSAW NO. 1,60469108.339020,0.441462,2
015,Berkeley,VTD 14,4501514,Berkeley - VTD 14,BERKELEY - VTD 14,136974618.589972,Berkeley,015,Carnes Crossroads No. 2,Berkeley - Carnes Crossroads No. 2,BERKELEY - CARNES CROSSROADS NO. 2,1493033.722292,0.010900,3
015,Berkeley,VTD 14,4501514,Berkeley - VTD 14,BERKELEY - VTD 14,136974618.589972,Berkeley,015,Pinopolis,Berkeley - Pinopolis,BERKELEY - PINOPOLIS,93438.588765,0.000682,4
015,Berkeley,VTD 11,4501511,Berkeley - VTD 11,BERKELEY - VTD 11,30438367.922413,Berkeley,015,Moncks Corner No. 1,Berkeley - Moncks Corner No. 1,BERKELEY - MONCKS CORNER NO. 1,24217364.912568,0.795620,1
015,Berkeley,VTD 11,4501511,Berkeley - VTD 11,BERKELEY - VTD 11,30438367.922413,Berkeley,015,Pinopolis,Berkeley - Pinopolis,BERKELEY - PINOPOLIS,6198543.220498,0.203642,2
015,Berkeley,VTD 11,4501511,Berkeley - VTD 11,BERKELEY - VTD 11,30438367.922413,Berkeley,015,Moncks Corner No. 4,Berkeley - Moncks Corner No. 4,BERKELEY - MONCKS CORNER NO. 4,21031.016646,0.000691,3
015,Berkeley,VTD 15,4501515,Berkeley - VTD 15,BERKELEY - VTD 15,10079921.642439,Berkeley,015,Moncks Corner No. 2,Berkeley - Moncks Corner No. 2,BERKELEY - MONCKS CORNER NO. 2,10078826.168514,0.999891,1
015,Berkeley,VTD 12,4501512,Berkeley - VTD 12,BERKELEY - VTD 12,36142238.599926,Berkeley,015,Macbeth,Berkeley - Macbeth,BERKELEY - MACBETH,32933975.397932,0.911232,1
015,Berkeley,VTD 12,4501512,Berkeley - VTD 12,BERKELEY - VTD 12,36142238.599926,Berkeley,015,Bonneau Beach,Berkeley - Bonneau Beach,BERKELEY - BONNEAU BEACH,3208212.811346,0.088766,2
015,Berkeley,VTD 9,450159,Berkeley - VTD 9,BERKELEY - VTD 9,158729046.269276,Berkeley,015,Hilton Cross Roads,Berkeley - Hilton Cross Roads,BERKELEY - HILTON CROSS ROADS,158112662.594242,0.996117,1
015,Berkeley,VTD 9,450159,Berkeley - VTD 9,BERKELEY - VTD 9,158729046.269276,Berkeley,015,Cross,Berkeley - Cross,BERKELEY - CROSS,611472.124253,0.003852,2
015,Berkeley,VTD 21,4501521,Berkeley - VTD 21,BERKELEY - VTD 21,57727514.740294,Berkeley,015,Carnes Crossroads No. 1,Berkeley - Carnes Crossroads No. 1,BERKELEY - CARNES CROSSROADS NO. 1,33160167.276163,0.574426,1
015,Berkeley,VTD 21,4501521,Berkeley - VTD 21,BERKELEY - VTD 21,57727514.740294,Berkeley,015,Carnes Crossroads No. 2,Berkeley - Carnes Crossroads No. 2,BERKELEY - CARNES CROSSROADS NO. 2,21872223.355517,0.378887,2
015,Berkeley,VTD 21,4501521,Berkeley - VTD 21,BERKELEY - VTD 21,57727514.740294,Berkeley,015,Whitesville-Berkeley,Berkeley - Whitesville-Berkeley,BERKELEY - WHITESVILLE-BERKELEY,2438592.923985,0.042243,3
015,Berkeley,VTD 21,4501521,Berkeley - VTD 21,BERKELEY - VTD 21,57727514.740294,Berkeley,015,Wassamassaw No. 2,Berkeley - Wassamassaw No. 2,BERKELEY - WASSAMASSAW NO. 2,110934.021602,0.001922,4
015,Berkeley,VTD 21,4501521,Berkeley - VTD 21,BERKELEY - VTD 21,57727514.740294,Berkeley,015,Devon Forest No. 1,Berkeley - Devon Forest No. 1,BERKELEY - DEVON FOREST NO. 1,62198.751220,0.001077,5
015,Berkeley,VTD 21,4501521,Berkeley - VTD 21,BERKELEY - VTD 21,57727514.740294,Berkeley,015,Boulder Bluff No. 2,Berkeley - Boulder Bluff No. 2,BERKELEY - BOULDER BLUFF NO. 2,39755.961669,0.000689,6
015,Berkeley,VTD 21,4501521,Berkeley - VTD 21,BERKELEY - VTD 21,57727514.740294,Berkeley,015,Boulder Bluff No. 1,Berkeley - Boulder Bluff No. 1,BERKELEY - BOULDER BLUFF NO. 1,31542.772955,0.000546,7
015,Berkeley,VTD 20,4501520,Berkeley - VTD 20,BERKELEY - VTD 20,187400455.032010,Berkeley,015,Shulerville,Berkeley - Shulerville,BERKELEY - SHULERVILLE,186198208.384455,0.993585,1
015,Berkeley,VTD 20,4501520,Berkeley - VTD 20,BERKELEY - VTD 20,187400455.032010,Berkeley,015,Huger,Berkeley - Huger,BERKELEY - HUGER,1176705.348389,0.006279,2
015,Berkeley,VTD 23,4501523,Berkeley - VTD 23,BERKELEY - VTD 23,79931619.219122,Berkeley,015,Pimlico,Berkeley - Pimlico,BERKELEY - PIMLICO,78411404.389168,0.980981,1
015,Berkeley,VTD 23,4501523,Berkeley - VTD 23,BERKELEY - VTD 23,79931619.219122,Berkeley,015,Whitesville-Berkeley,Berkeley - Whitesville-Berkeley,BERKELEY - WHITESVILLE-BERKELEY,795859.733052,0.009957,2
015,Berkeley,VTD 23,4501523,Berkeley - VTD 23,BERKELEY - VTD 23,79931619.219122,Berkeley,015,Boulder Bluff No. 2,Berkeley - Boulder Bluff No. 2,BERKELEY - BOULDER BLUFF NO. 2,724355.096902,0.009062,3
015,Berkeley,VTD 24,4501524,Berkeley - VTD 24,BERKELEY - VTD 24,245544557.311968,Berkeley,015,Huger,Berkeley - Huger,BERKELEY - HUGER,245524169.826802,0.999917,1
015,Berkeley,VTD 19,4501519,Berkeley - VTD 19,BERKELEY - VTD 19,136225564.118427,Berkeley,015,Bethera,Berkeley - Bethera,BERKELEY - BETHERA,134284627.790030,0.985752,1
015,Berkeley,VTD 19,4501519,Berkeley - VTD 19,BERKELEY - VTD 19,136225564.118427,Berkeley,015,Macedonia,Berkeley - Macedonia,BERKELEY - MACEDONIA,1915837.627599,0.014064,2
015,Berkeley,VTD 25,4501525,Berkeley - VTD 25,BERKELEY - VTD 25,2901540.280767,Berkeley,015,Sangree No. 3,Berkeley - Sangree No. 3,BERKELEY - SANGREE NO. 3,2778780.269136,0.957691,1
015,Berkeley,VTD 25,4501525,Berkeley - VTD 25,BERKELEY - VTD 25,2901540.280767,Berkeley,015,Sangree No. 2,Berkeley - Sangree No. 2,BERKELEY - SANGREE NO. 2,122718.331937,0.042294,2
015,Berkeley,VTD 18,4501518,Berkeley - VTD 18,BERKELEY - VTD 18,175987584.695252,Berkeley,015,Cordesville,Berkeley - Cordesville,BERKELEY - CORDESVILLE,175236076.111850,0.995730,1
015,Berkeley,VTD 18,4501518,Berkeley - VTD 18,BERKELEY - VTD 18,175987584.695252,Berkeley,015,Pimlico,Berkeley - Pimlico,BERKELEY - PIMLICO,529725.187391,0.003010,2
015,Berkeley,VTD 18,4501518,Berkeley - VTD 18,BERKELEY - VTD 18,175987584.695252,Berkeley,015,Macbeth,Berkeley - Macbeth,BERKELEY - MACBETH,218343.930609,0.001241,3
015,Berkeley,VTD 17,4501517,Berkeley - VTD 17,BERKELEY - VTD 17,14369839.464962,Berkeley,015,Moncks Corner No. 4,Berkeley - Moncks Corner No. 4,BERKELEY - MONCKS CORNER NO. 4,14365194.917489,0.999677,1
015,Berkeley,VTD 16,4501516,Berkeley - VTD 16,BERKELEY - VTD 16,6561957.813129,Berkeley,015,Moncks Corner No. 3,Berkeley - Moncks Corner No. 3,BERKELEY - MONCKS CORNER NO. 3,6477022.130385,0.987056,1
015,Berkeley,VTD 16,4501516,Berkeley - VTD 16,BERKELEY - VTD 16,6561957.813129,Berkeley,015,Whitesville-Berkeley,Berkeley - Whitesville-Berkeley,BERKELEY - WHITESVILLE-BERKELEY,81064.541419,0.012354,2
015,Berkeley,VTD 26,4501526,Berkeley - VTD 26,BERKELEY - VTD 26,2589981.243827,Berkeley,015,Sangree No. 2,Berkeley - Sangree No. 2,BERKELEY - SANGREE NO. 2,2589972.079004,0.999996,1
015,Berkeley,VTD 31,4501531,Berkeley - VTD 31,BERKELEY - VTD 31,3933372.729027,Berkeley,015,Stratford No. 1,Berkeley - Stratford No. 1,BERKELEY - STRATFORD NO. 1,2640270.563297,0.671249,1
015,Berkeley,VTD 31,4501531,Berkeley - VTD 31,BERKELEY - VTD 31,3933372.729027,Berkeley,015,Sangree No. 1,Berkeley - Sangree No. 1,BERKELEY - SANGREE NO. 1,1293084.844187,0.328747,2
015,Berkeley,VTD 27,4501527,Berkeley - VTD 27,BERKELEY - VTD 27,6799611.931727,Berkeley,015,Sangree No. 1,Berkeley - Sangree No. 1,BERKELEY - SANGREE NO. 1,6222339.994957,0.915102,1
015,Berkeley,VTD 27,4501527,Berkeley - VTD 27,BERKELEY - VTD 27,6799611.931727,Berkeley,015,Stratford No. 4,Berkeley - Stratford No. 4,BERKELEY - STRATFORD NO. 4,455168.443674,0.066940,2
015,Berkeley,VTD 27,4501527,Berkeley - VTD 27,BERKELEY - VTD 27,6799611.931727,Berkeley,015,Sangree No. 3,Berkeley - Sangree No. 3,BERKELEY - SANGREE NO. 3,69138.274442,0.010168,3
015,Berkeley,VTD 27,4501527,Berkeley - VTD 27,BERKELEY - VTD 27,6799611.931727,Berkeley,015,Sangree No. 2,Berkeley - Sangree No. 2,BERKELEY - SANGREE NO. 2,32498.090106,0.004779,4
015,Berkeley,VTD 29,4501529,Berkeley - VTD 29,BERKELEY - VTD 29,262003594.141524,Berkeley,015,Cainhoy,Berkeley - Cainhoy,BERKELEY - CAINHOY,191311191.846325,0.730185,1
015,Berkeley,VTD 29,4501529,Berkeley - VTD 29,BERKELEY - VTD 29,262003594.141524,Berkeley,015,Daniel Island No. 1,Berkeley - Daniel Island No. 1,BERKELEY - DANIEL ISLAND NO. 1,44912710.089403,0.171420,2
015,Berkeley,VTD 29,4501529,Berkeley - VTD 29,BERKELEY - VTD 29,262003594.141524,Berkeley,015,Daniel Island No. 2,Berkeley - Daniel Island No. 2,BERKELEY - DANIEL ISLAND NO. 2,25666531.177085,0.097963,3
015,Berkeley,VTD 32,4501532,Berkeley - VTD 32,BERKELEY - VTD 32,2321070.682120,Berkeley,015,Westview No. 1,Berkeley - Westview No. 1,BERKELEY - WESTVIEW NO. 1,2035301.893094,0.876881,1
015,Berkeley,VTD 32,4501532,Berkeley - VTD 32,BERKELEY - VTD 32,2321070.682120,Berkeley,015,Devon Forest No. 2,Berkeley - Devon Forest No. 2,BERKELEY - DEVON FOREST NO. 2,285768.167441,0.123119,2
015,Berkeley,VTD 30,4501530,Berkeley - VTD 30,BERKELEY - VTD 30,5383811.315204,Berkeley,015,Stratford No. 4,Berkeley - Stratford No. 4,BERKELEY - STRATFORD NO. 4,3179979.357004,0.590656,1
015,Berkeley,VTD 30,4501530,Berkeley - VTD 30,BERKELEY - VTD 30,5383811.315204,Berkeley,015,Stratford No. 3,Berkeley - Stratford No. 3,BERKELEY - STRATFORD NO. 3,2118913.295216,0.393571,2
015,Berkeley,VTD 30,4501530,Berkeley - VTD 30,BERKELEY - VTD 30,5383811.315204,Berkeley,015,Stratford No. 1,Berkeley - Stratford No. 1,BERKELEY - STRATFORD NO. 1,84539.067931,0.015702,3
015,Berkeley,VTD 35,4501535,Berkeley - VTD 35,BERKELEY - VTD 35,3191058.240317,Berkeley,015,Westview No. 2,Berkeley - Westview No. 2,BERKELEY - WESTVIEW NO. 2,2890240.225500,0.905731,1
015,Berkeley,VTD 35,4501535,Berkeley - VTD 35,BERKELEY - VTD 35,3191058.240317,Berkeley,015,Westview No. 3,Berkeley - Westview No. 3,BERKELEY - WESTVIEW NO. 3,249294.519147,0.078123,2
015,Berkeley,VTD 35,4501535,Berkeley - VTD 35,BERKELEY - VTD 35,3191058.240317,Berkeley,015,Stratford No. 2,Berkeley - Stratford No. 2,BERKELEY - STRATFORD NO. 2,44979.566240,0.014096,3
015,Berkeley,VTD 40,4501540,Berkeley - VTD 40,BERKELEY - VTD 40,2917640.371345,Berkeley,015,Goose Creek No. 1,Berkeley - Goose Creek No. 1,BERKELEY - GOOSE CREEK NO. 1,2917505.627648,0.999954,1
015,Berkeley,VTD 38,4501538,Berkeley - VTD 38,BERKELEY - VTD 38,6876540.957136,Berkeley,015,Howe Hall,Berkeley - Howe Hall,BERKELEY - HOWE HALL,6750961.480073,0.981738,1
015,Berkeley,VTD 38,4501538,Berkeley - VTD 38,BERKELEY - VTD 38,6876540.957136,Berkeley,015,Westview No. 3,Berkeley - Westview No. 3,BERKELEY - WESTVIEW NO. 3,101987.255976,0.014831,2
015,Berkeley,VTD 38,4501538,Berkeley - VTD 38,BERKELEY - VTD 38,6876540.957136,Berkeley,015,Goose Creek No. 1,Berkeley - Goose Creek No. 1,BERKELEY - GOOSE CREEK NO. 1,12578.892158,0.001829,3
015,Berkeley,VTD 38,4501538,Berkeley - VTD 38,BERKELEY - VTD 38,6876540.957136,Berkeley,015,Hanahan No. 1,Berkeley - Hanahan No. 1,BERKELEY - HANAHAN NO. 1,5771.026216,0.000839,4
015,Berkeley,VTD 38,4501538,Berkeley - VTD 38,BERKELEY - VTD 38,6876540.957136,Berkeley,015,Goose Creek No. 2,Berkeley - Goose Creek No. 2,BERKELEY - GOOSE CREEK NO. 2,4132.607051,0.000601,5
015,Berkeley,VTD 44,4501544,Berkeley - VTD 44,BERKELEY - VTD 44,4422547.742442,Berkeley,015,Hanahan No. 2,Berkeley - Hanahan No. 2,BERKELEY - HANAHAN NO. 2,3707024.015795,0.838210,1
015,Berkeley,VTD 44,4501544,Berkeley - VTD 44,BERKELEY - VTD 44,4422547.742442,Berkeley,015,Hanahan No. 1,Berkeley - Hanahan No. 1,BERKELEY - HANAHAN NO. 1,668231.838136,0.151097,2
015,Berkeley,VTD 44,4501544,Berkeley - VTD 44,BERKELEY - VTD 44,4422547.742442,Berkeley,015,Foster Creek,Berkeley - Foster Creek,BERKELEY - FOSTER CREEK,24108.952407,0.005451,3
015,Berkeley,VTD 44,4501544,Berkeley - VTD 44,BERKELEY - VTD 44,4422547.742442,Berkeley,015,Hanahan No. 3,Berkeley - Hanahan No. 3,BERKELEY - HANAHAN NO. 3,18620.631918,0.004210,4
015,Berkeley,VTD 46,4501546,Berkeley - VTD 46,BERKELEY - VTD 46,10885273.093277,Berkeley,015,Hanahan No. 4,Berkeley - Hanahan No. 4,BERKELEY - HANAHAN NO. 4,10885119.684754,0.999986,1
015,Berkeley,VTD 43,4501543,Berkeley - VTD 43,BERKELEY - VTD 43,40939707.688488,Berkeley,015,Goose Creek No. 1,Berkeley - Goose Creek No. 1,BERKELEY - GOOSE CREEK NO. 1,40939639.141563,0.999998,1
015,Berkeley,VTD 45,4501545,Berkeley - VTD 45,BERKELEY - VTD 45,2881060.605730,Berkeley,015,Hanahan No. 3,Berkeley - Hanahan No. 3,BERKELEY - HANAHAN NO. 3,2843456.590553,0.986948,1
015,Berkeley,VTD 45,4501545,Berkeley - VTD 45,BERKELEY - VTD 45,2881060.605730,Berkeley,015,Hanahan No. 2,Berkeley - Hanahan No. 2,BERKELEY - HANAHAN NO. 2,37469.589478,0.013005,2
015,Berkeley,VTD 42,4501542,Berkeley - VTD 42,BERKELEY - VTD 42,14265424.411760,Berkeley,015,Foster Creek,Berkeley - Foster Creek,BERKELEY - FOSTER CREEK,11134172.525376,0.780501,1
015,Berkeley,VTD 42,4501542,Berkeley - VTD 42,BERKELEY - VTD 42,14265424.411760,Berkeley,015,Goose Creek No. 2,Berkeley - Goose Creek No. 2,BERKELEY - GOOSE CREEK NO. 2,2886187.234578,0.202320,2
015,Berkeley,VTD 42,4501542,Berkeley - VTD 42,BERKELEY - VTD 42,14265424.411760,Berkeley,015,Goose Creek No. 1,Berkeley - Goose Creek No. 1,BERKELEY - GOOSE CREEK NO. 1,141826.858456,0.009942,3
015,Berkeley,VTD 42,4501542,Berkeley - VTD 42,BERKELEY - VTD 42,14265424.411760,Berkeley,015,Hanahan No. 1,Berkeley - Hanahan No. 1,BERKELEY - HANAHAN NO. 1,89287.420516,0.006259,4
015,Berkeley,VTD 42,4501542,Berkeley - VTD 42,BERKELEY - VTD 42,14265424.411760,Berkeley,015,Hanahan No. 2,Berkeley - Hanahan No. 2,BERKELEY - HANAHAN NO. 2,13950.372835,0.000978,5
015,Berkeley,VTD 41,4501541,Berkeley - VTD 41,BERKELEY - VTD 41,2908786.567695,Berkeley,015,Hanahan No. 1,Berkeley - Hanahan No. 1,BERKELEY - HANAHAN NO. 1,2820538.616931,0.969662,1
015,Berkeley,VTD 41,4501541,Berkeley - VTD 41,BERKELEY - VTD 41,2908786.567695,Berkeley,015,Foster Creek,Berkeley - Foster Creek,BERKELEY - FOSTER CREEK,76265.668669,0.026219,2
015,Berkeley,VTD 41,4501541,Berkeley - VTD 41,BERKELEY - VTD 41,2908786.567695,Berkeley,015,Howe Hall,Berkeley - Howe Hall,BERKELEY - HOWE HALL,11982.261357,0.004119,3
015,Berkeley,VTD 39,4501539,Berkeley - VTD 39,BERKELEY - VTD 39,3910072.788145,Berkeley,015,Stratford No. 3,Berkeley - Stratford No. 3,BERKELEY - STRATFORD NO. 3,3772274.108736,0.964758,1
015,Berkeley,VTD 39,4501539,Berkeley - VTD 39,BERKELEY - VTD 39,3910072.788145,Berkeley,015,Sangree No. 1,Berkeley - Sangree No. 1,BERKELEY - SANGREE NO. 1,5606.528181,0.001434,2
015,Berkeley,VTD 37,4501537,Berkeley - VTD 37,BERKELEY - VTD 37,65027323.093620,Berkeley,015,Boulder Bluff No. 2,Berkeley - Boulder Bluff No. 2,BERKELEY - BOULDER BLUFF NO. 2,65027100.952956,0.999997,1
015,Berkeley,VTD 36,4501536,Berkeley - VTD 36,BERKELEY - VTD 36,1914424.658285,Berkeley,015,Westview No. 3,Berkeley - Westview No. 3,BERKELEY - WESTVIEW NO. 3,1840236.346557,0.961248,1
015,Berkeley,VTD 34,4501534,Berkeley - VTD 34,BERKELEY - VTD 34,5035695.235902,Berkeley,015,Stratford No. 2,Berkeley - Stratford No. 2,BERKELEY - STRATFORD NO. 2,4896644.704611,0.972387,1
015,Berkeley,VTD 34,4501534,Berkeley - VTD 34,BERKELEY - VTD 34,5035695.235902,Berkeley,015,Westview No. 2,Berkeley - Westview No. 2,BERKELEY - WESTVIEW NO. 2,108526.385039,0.021551,2
015,Berkeley,VTD 34,4501534,Berkeley - VTD 34,BERKELEY - VTD 34,5035695.235902,Berkeley,015,Stratford No. 3,Berkeley - Stratford No. 3,BERKELEY - STRATFORD NO. 3,4828.408429,0.000959,3
015,Berkeley,VTD 34,4501534,Berkeley - VTD 34,BERKELEY - VTD 34,5035695.235902,Berkeley,015,Stratford No. 1,Berkeley - Stratford No. 1,BERKELEY - STRATFORD NO. 1,4101.474754,0.000814,4
015,Berkeley,VTD 33,4501533,Berkeley - VTD 33,BERKELEY - VTD 33,4840928.168745,Berkeley,015,Boulder Bluff No. 1,Berkeley - Boulder Bluff No. 1,BERKELEY - BOULDER BLUFF NO. 1,4746860.897653,0.980568,1
015,Berkeley,VTD 33,4501533,Berkeley - VTD 33,BERKELEY - VTD 33,4840928.168745,Berkeley,015,Boulder Bluff No. 2,Berkeley - Boulder Bluff No. 2,BERKELEY - BOULDER BLUFF NO. 2,63003.683420,0.013015,2
015,Berkeley,VTD 33,4501533,Berkeley - VTD 33,BERKELEY - VTD 33,4840928.168745,Berkeley,015,Carnes Crossroads No. 1,Berkeley - Carnes Crossroads No. 1,BERKELEY - CARNES CROSSROADS NO. 1,31060.477547,0.006416,3
015,Berkeley,VTD 1,450151,Berkeley - VTD 1,BERKELEY - VTD 1,237515637.574921,Berkeley,015,Cross,Berkeley - Cross,BERKELEY - CROSS,234681140.821966,0.988066,1
015,Berkeley,VTD 1,450151,Berkeley - VTD 1,BERKELEY - VTD 1,237515637.574921,Berkeley,015,Hilton Cross Roads,Berkeley - Hilton Cross Roads,BERKELEY - HILTON CROSS ROADS,2831857.104553,0.011923,2
015,Berkeley,VTD 28,4501528,Berkeley - VTD 28,BERKELEY - VTD 28,7259439.665969,Berkeley,015,Devon Forest No. 2,Berkeley - Devon Forest No. 2,BERKELEY - DEVON FOREST NO. 2,3056188.802870,0.420995,1
015,Berkeley,VTD 28,4501528,Berkeley - VTD 28,BERKELEY - VTD 28,7259439.665969,Berkeley,015,Stratford No. 1,Berkeley - Stratford No. 1,BERKELEY - STRATFORD NO. 1,2233240.014923,0.307633,2
015,Berkeley,VTD 28,4501528,Berkeley - VTD 28,BERKELEY - VTD 28,7259439.665969,Berkeley,015,Devon Forest No. 1,Berkeley - Devon Forest No. 1,BERKELEY - DEVON FOREST NO. 1,1970008.971543,0.271372,3
017,Calhoun,VTD 4,450174,Calhoun - VTD 4,CALHOUN - VTD 4,54899650.446442,Calhoun,017,Creston,Calhoun - Creston,CALHOUN - CRESTON,54402378.412735,0.990942,1
017,Calhoun,VTD 4,450174,Calhoun - VTD 4,CALHOUN - VTD 4,54899650.446442,Calhoun,017,Cameron,Calhoun - Cameron,CALHOUN - CAMERON,349629.966360,0.006369,2
017,Calhoun,VTD 4,450174,Calhoun - VTD 4,CALHOUN - VTD 4,54899650.446442,Calhoun,017,Lone Star,Calhoun - Lone Star,CALHOUN - LONE STAR,147622.012204,0.002689,3
017,Calhoun,VTD 8,450178,Calhoun - VTD 8,CALHOUN - VTD 8,150558807.902002,Calhoun,017,Lone Star,Calhoun - Lone Star,CALHOUN - LONE STAR,150361450.963818,0.998689,1
017,Calhoun,VTD 8,450178,Calhoun - VTD 8,CALHOUN - VTD 8,150558807.902002,Calhoun,017,Creston,Calhoun - Creston,CALHOUN - CRESTON,124079.529357,0.000824,2
017,Calhoun,VTD 1,450171,Calhoun - VTD 1,CALHOUN - VTD 1,108163181.380642,Calhoun,017,Bethel,Calhoun - Bethel,CALHOUN - BETHEL,106883473.398801,0.988169,1
017,Calhoun,VTD 1,450171,Calhoun - VTD 1,CALHOUN - VTD 1,108163181.380642,Calhoun,017,Center Hill,Calhoun - Center Hill,CALHOUN - CENTER HILL,1147334.076123,0.010607,2
017,Calhoun,VTD 1,450171,Calhoun - VTD 1,CALHOUN - VTD 1,108163181.380642,Calhoun,017,Dixie,Calhoun - Dixie,CALHOUN - DIXIE,94106.953543,0.000870,3
017,Calhoun,VTD 9,450179,Calhoun - VTD 9,CALHOUN - VTD 9,47129835.485019,Calhoun,017,Midway,Calhoun - Midway,CALHOUN - MIDWAY,47120578.498514,0.999804,1
017,Calhoun,VTD 3,450173,Calhoun - VTD 3,CALHOUN - VTD 3,90985033.823304,Calhoun,017,Center Hill,Calhoun - Center Hill,CALHOUN - CENTER HILL,88002310.749718,0.967217,1
017,Calhoun,VTD 3,450173,Calhoun - VTD 3,CALHOUN - VTD 3,90985033.823304,Calhoun,017,Murph Hill,Calhoun - Murph Hill,CALHOUN - MURPH HILL,2981059.196965,0.032764,2
017,Calhoun,VTD 7,450177,Calhoun - VTD 7,CALHOUN - VTD 7,90231536.382822,Calhoun,017,Fort Motte,Calhoun - Fort Motte,CALHOUN - FORT MOTTE,89190149.433015,0.988459,1
017,Calhoun,VTD 7,450177,Calhoun - VTD 7,CALHOUN - VTD 7,90231536.382822,Calhoun,017,Lone Star,Calhoun - Lone Star,CALHOUN - LONE STAR,753097.439589,0.008346,2
017,Calhoun,VTD 7,450177,Calhoun - VTD 7,CALHOUN - VTD 7,90231536.382822,Calhoun,017,Dixie,Calhoun - Dixie,CALHOUN - DIXIE,283043.287349,0.003137,3
017,Calhoun,VTD 2,450172,Calhoun - VTD 2,CALHOUN - VTD 2,81712661.285522,Calhoun,017,Cameron,Calhoun - Cameron,CALHOUN - CAMERON,79802964.970213,0.976629,1
017,Calhoun,VTD 2,450172,Calhoun - VTD 2,CALHOUN - VTD 2,81712661.285522,Calhoun,017,Midway,Calhoun - Midway,CALHOUN - MIDWAY,1785063.373562,0.021846,2
017,Calhoun,VTD 2,450172,Calhoun - VTD 2,CALHOUN - VTD 2,81712661.285522,Calhoun,017,Creston,Calhoun - Creston,CALHOUN - CRESTON,119594.353525,0.001464,3
017,Calhoun,VTD 5,450175,Calhoun - VTD 5,CALHOUN - VTD 5,111505362.838180,Calhoun,017,Dixie,Calhoun - Dixie,CALHOUN - DIXIE,111196559.686085,0.997231,1
017,Calhoun,VTD 5,450175,Calhoun - VTD 5,CALHOUN - VTD 5,111505362.838180,Calhoun,017,Bethel,Calhoun - Bethel,CALHOUN - BETHEL,168935.429917,0.001515,2
017,Calhoun,VTD 5,450175,Calhoun - VTD 5,CALHOUN - VTD 5,111505362.838180,Calhoun,017,Murph Hill,Calhoun - Murph Hill,CALHOUN - MURPH HILL,130822.922654,0.001173,3
017,Calhoun,VTD 11,4501711,Calhoun - VTD 11,CALHOUN - VTD 11,141401045.822566,Calhoun,017,Sandy Run,Calhoun - Sandy Run,CALHOUN - SANDY RUN,141391121.509396,0.999930,1
017,Calhoun,VTD 10,4501710,Calhoun - VTD 10,CALHOUN - VTD 10,26842305.015549,Calhoun,017,Murph Hill,Calhoun - Murph Hill,CALHOUN - MURPH HILL,26726553.659552,0.995688,1
017,Calhoun,VTD 10,4501710,Calhoun - VTD 10,CALHOUN - VTD 10,26842305.015549,Calhoun,017,Center Hill,Calhoun - Center Hill,CALHOUN - CENTER HILL,115654.303994,0.004309,2
017,Calhoun,VTD 12,4501712,Calhoun - VTD 12,CALHOUN - VTD 12,82628214.953254,Calhoun,017,St. Matthews,Calhoun - St. Matthews,CALHOUN - ST. MATTHEWS,82129534.197208,0.993965,1
017,Calhoun,VTD 12,4501712,Calhoun - VTD 12,CALHOUN - VTD 12,82628214.953254,Calhoun,017,Dixie,Calhoun - Dixie,CALHOUN - DIXIE,362185.394333,0.004383,2
017,Calhoun,VTD 12,4501712,Calhoun - VTD 12,CALHOUN - VTD 12,82628214.953254,Calhoun,017,Lone Star,Calhoun - Lone Star,CALHOUN - LONE STAR,96826.886706,0.001172,3
017,Calhoun,VTD 6,450176,Calhoun - VTD 6,CALHOUN - VTD 6,30426242.879840,Calhoun,017,Fall Branch,Calhoun - Fall Branch,CALHOUN - FALL BRANCH,30424575.504467,0.999945,1
019,Charleston,VTD 88,4501988,Charleston - VTD 88,CHARLESTON - VTD 88,8856059.975129,Charleston,019,Deer Park 1B,Charleston - Deer Park 1B,CHARLESTON - DEER PARK 1B,8694128.785275,0.981715,1
019,Charleston,VTD 146,45019146,Charleston - VTD 146,CHARLESTON - VTD 146,1485962.206006,Charleston,019,James Island 19,Charleston - James Island 19,CHARLESTON - JAMES ISLAND 19,1485955.773984,0.999996,1
019,Charleston,VTD 156,45019156,Charleston - VTD 156,CHARLESTON - VTD 156,1750853.099343,Charleston,019,James Island 10,Charleston - James Island 10,CHARLESTON - JAMES ISLAND 10,1558172.395626,0.889950,1
019,Charleston,VTD 156,45019156,Charleston - VTD 156,CHARLESTON - VTD 156,1750853.099343,Charleston,019,James Island 14,Charleston - James Island 14,CHARLESTON - JAMES ISLAND 14,181048.076134,0.103406,2
019,Charleston,VTD 156,45019156,Charleston - VTD 156,CHARLESTON - VTD 156,1750853.099343,Charleston,019,James Island 15,Charleston - James Island 15,CHARLESTON - JAMES ISLAND 15,11622.902831,0.006638,3
019,Charleston,VTD 23,4501923,Charleston - VTD 23,CHARLESTON - VTD 23,918636.188888,Charleston,019,Mt. Pleasant 11,Charleston - Mt. Pleasant 11,CHARLESTON - MT. PLEASANT 11,864343.430725,0.940899,1
019,Charleston,VTD 23,4501923,Charleston - VTD 23,CHARLESTON - VTD 23,918636.188888,Charleston,019,Mt. Pleasant 10,Charleston - Mt. Pleasant 10,CHARLESTON - MT. PLEASANT 10,54283.736800,0.059092,2
019,Charleston,VTD 27,4501927,Charleston - VTD 27,CHARLESTON - VTD 27,344366.211573,Charleston,019,Mt. Pleasant 13,Charleston - Mt. Pleasant 13,CHARLESTON - MT. PLEASANT 13,227585.121467,0.660881,1
019,Charleston,VTD 27,4501927,Charleston - VTD 27,CHARLESTON - VTD 27,344366.211573,Charleston,019,Mt. Pleasant 14,Charleston - Mt. Pleasant 14,CHARLESTON - MT. PLEASANT 14,116762.597316,0.339065,2
019,Charleston,VTD 11,4501911,Charleston - VTD 11,CHARLESTON - VTD 11,288308.799773,Charleston,019,Mt. Pleasant 24,Charleston - Mt. Pleasant 24,CHARLESTON - MT. PLEASANT 24,287087.943971,0.995765,1
019,Charleston,VTD 11,4501911,Charleston - VTD 11,CHARLESTON - VTD 11,288308.799773,Charleston,019,Mt. Pleasant 19,Charleston - Mt. Pleasant 19,CHARLESTON - MT. PLEASANT 19,1216.302282,0.004219,2
019,Charleston,VTD 7,450197,Charleston - VTD 7,CHARLESTON - VTD 7,5558582.191205,Charleston,019,Mt. Pleasant 30,Charleston - Mt. Pleasant 30,CHARLESTON - MT. PLEASANT 30,2800869.467184,0.503882,1
019,Charleston,VTD 7,450197,Charleston - VTD 7,CHARLESTON - VTD 7,5558582.191205,Charleston,019,Mt. Pleasant 29,Charleston - Mt. Pleasant 29,CHARLESTON - MT. PLEASANT 29,2738230.031362,0.492613,2
019,Charleston,VTD 7,450197,Charleston - VTD 7,CHARLESTON - VTD 7,5558582.191205,Charleston,019,Mt. Pleasant 31,Charleston - Mt. Pleasant 31,CHARLESTON - MT. PLEASANT 31,18263.231776,0.003286,3
019,Charleston,VTD 22,4501922,Charleston - VTD 22,CHARLESTON - VTD 22,841570.062321,Charleston,019,Mt. Pleasant 7,Charleston - Mt. Pleasant 7,CHARLESTON - MT. PLEASANT 7,841547.862602,0.999974,1
019,Charleston,VTD 186,45019186,Charleston - VTD 186,CHARLESTON - VTD 186,161211.746997,Charleston,019,Mt. Pleasant 5,Charleston - Mt. Pleasant 5,CHARLESTON - MT. PLEASANT 5,151897.183642,0.942222,1
019,Charleston,VTD 186,45019186,Charleston - VTD 186,CHARLESTON - VTD 186,161211.746997,Charleston,019,Mt. Pleasant 14,Charleston - Mt. Pleasant 14,CHARLESTON - MT. PLEASANT 14,9314.563355,0.057778,2
019,Charleston,VTD 28,4501928,Charleston - VTD 28,CHARLESTON - VTD 28,907636.464406,Charleston,019,Mt. Pleasant 4,Charleston - Mt. Pleasant 4,CHARLESTON - MT. PLEASANT 4,600939.557169,0.662093,1
019,Charleston,VTD 28,4501928,Charleston - VTD 28,CHARLESTON - VTD 28,907636.464406,Charleston,019,Mt. Pleasant 5,Charleston - Mt. Pleasant 5,CHARLESTON - MT. PLEASANT 5,306283.927878,0.337452,2
019,Charleston,VTD 151,45019151,Charleston - VTD 151,CHARLESTON - VTD 151,4423138.363460,Charleston,019,James Island 12,Charleston - James Island 12,CHARLESTON - JAMES ISLAND 12,4409453.778341,0.996906,1
019,Charleston,VTD 151,45019151,Charleston - VTD 151,CHARLESTON - VTD 151,4423138.363460,Charleston,019,James Island 5A,Charleston - James Island 5A,CHARLESTON - JAMES ISLAND 5A,13372.508105,0.003023,2
019,Charleston,VTD 38,4501938,Charleston - VTD 38,CHARLESTON - VTD 38,294281.984682,Charleston,019,Charleston 3,Charleston - Charleston 3,CHARLESTON - CHARLESTON 3,294281.984682,1.000000,1
019,Charleston,VTD 30,4501930,Charleston - VTD 30,CHARLESTON - VTD 30,7094219.670819,Charleston,019,Mt. Pleasant 2,Charleston - Mt. Pleasant 2,CHARLESTON - MT. PLEASANT 2,7003958.945670,0.987277,1
019,Charleston,VTD 30,4501930,Charleston - VTD 30,CHARLESTON - VTD 30,7094219.670819,Charleston,019,Mt. Pleasant 3,Charleston - Mt. Pleasant 3,CHARLESTON - MT. PLEASANT 3,90246.875384,0.012721,2
019,Charleston,VTD 40,4501940,Charleston - VTD 40,CHARLESTON - VTD 40,304553.127203,Charleston,019,Charleston 4,Charleston - Charleston 4,CHARLESTON - CHARLESTON 4,295575.637893,0.970522,1
019,Charleston,VTD 40,4501940,Charleston - VTD 40,CHARLESTON - VTD 40,304553.127203,Charleston,019,Charleston 5,Charleston - Charleston 5,CHARLESTON - CHARLESTON 5,8966.697798,0.029442,2
019,Charleston,VTD 42,4501942,Charleston - VTD 42,CHARLESTON - VTD 42,256136.541956,Charleston,019,Charleston 7,Charleston - Charleston 7,CHARLESTON - CHARLESTON 7,142878.666429,0.557822,1
019,Charleston,VTD 42,4501942,Charleston - VTD 42,CHARLESTON - VTD 42,256136.541956,Charleston,019,Charleston 5,Charleston - Charleston 5,CHARLESTON - CHARLESTON 5,113257.875527,0.442178,2
019,Charleston,VTD 46,4501946,Charleston - VTD 46,CHARLESTON - VTD 46,334812.197073,Charleston,019,Charleston 10,Charleston - Charleston 10,CHARLESTON - CHARLESTON 10,262145.454373,0.782963,1
019,Charleston,VTD 46,4501946,Charleston - VTD 46,CHARLESTON - VTD 46,334812.197073,Charleston,019,Charleston 11,Charleston - Charleston 11,CHARLESTON - CHARLESTON 11,72657.581703,0.217010,2
019,Charleston,VTD 44,4501944,Charleston - VTD 44,CHARLESTON - VTD 44,2209862.973686,Charleston,019,Charleston 8,Charleston - Charleston 8,CHARLESTON - CHARLESTON 8,2209856.967082,0.999997,1
019,Charleston,VTD 45,4501945,Charleston - VTD 45,CHARLESTON - VTD 45,567698.166879,Charleston,019,Charleston 9,Charleston - Charleston 9,CHARLESTON - CHARLESTON 9,567686.030616,0.999979,1
019,Charleston,VTD 36,4501936,Charleston - VTD 36,CHARLESTON - VTD 36,2857219.980356,Charleston,019,Charleston 1,Charleston - Charleston 1,CHARLESTON - CHARLESTON 1,2674005.550961,0.935877,1
019,Charleston,VTD 36,4501936,Charleston - VTD 36,CHARLESTON - VTD 36,2857219.980356,Charleston,019,Charleston 2,Charleston - Charleston 2,CHARLESTON - CHARLESTON 2,183212.129496,0.064123,2
019,Charleston,VTD 41,4501941,Charleston - VTD 41,CHARLESTON - VTD 41,791785.185027,Charleston,019,Charleston 5,Charleston - Charleston 5,CHARLESTON - CHARLESTON 5,755586.154346,0.954282,1
019,Charleston,VTD 41,4501941,Charleston - VTD 41,CHARLESTON - VTD 41,791785.185027,Charleston,019,Charleston 4,Charleston - Charleston 4,CHARLESTON - CHARLESTON 4,36184.342573,0.045700,2
019,Charleston,VTD 52,4501952,Charleston - VTD 52,CHARLESTON - VTD 52,1053822.216838,Charleston,019,Charleston 15,Charleston - Charleston 15,CHARLESTON - CHARLESTON 15,998187.046925,0.947206,1
019,Charleston,VTD 52,4501952,Charleston - VTD 52,CHARLESTON - VTD 52,1053822.216838,Charleston,019,Charleston 16,Charleston - Charleston 16,CHARLESTON - CHARLESTON 16,53880.366397,0.051129,2
019,Charleston,VTD 52,4501952,Charleston - VTD 52,CHARLESTON - VTD 52,1053822.216838,Charleston,019,Charleston 18,Charleston - Charleston 18,CHARLESTON - CHARLESTON 18,1721.097294,0.001633,3
019,Charleston,VTD 47,4501947,Charleston - VTD 47,CHARLESTON - VTD 47,990850.794304,Charleston,019,Charleston 11,Charleston - Charleston 11,CHARLESTON - CHARLESTON 11,989975.249742,0.999116,1
019,Charleston,VTD 47,4501947,Charleston - VTD 47,CHARLESTON - VTD 47,990850.794304,Charleston,019,Charleston 5,Charleston - Charleston 5,CHARLESTON - CHARLESTON 5,860.250743,0.000868,2
019,Charleston,VTD 51,4501951,Charleston - VTD 51,CHARLESTON - VTD 51,318369.526487,Charleston,019,Charleston 16,Charleston - Charleston 16,CHARLESTON - CHARLESTON 16,302145.403174,0.949040,1
019,Charleston,VTD 51,4501951,Charleston - VTD 51,CHARLESTON - VTD 51,318369.526487,Charleston,019,Charleston 14,Charleston - Charleston 14,CHARLESTON - CHARLESTON 14,16222.429734,0.050955,2
019,Charleston,VTD 49,4501949,Charleston - VTD 49,CHARLESTON - VTD 49,301089.135076,Charleston,019,Charleston 13,Charleston - Charleston 13,CHARLESTON - CHARLESTON 13,300124.321892,0.996796,1
019,Charleston,VTD 49,4501949,Charleston - VTD 49,CHARLESTON - VTD 49,301089.135076,Charleston,019,Charleston 12,Charleston - Charleston 12,CHARLESTON - CHARLESTON 12,963.385618,0.003200,2
019,Charleston,VTD 56,4501956,Charleston - VTD 56,CHARLESTON - VTD 56,291538.905721,Charleston,019,Charleston 19,Charleston - Charleston 19,CHARLESTON - CHARLESTON 19,274372.239268,0.941117,1
019,Charleston,VTD 56,4501956,Charleston - VTD 56,CHARLESTON - VTD 56,291538.905721,Charleston,019,Charleston 18,Charleston - Charleston 18,CHARLESTON - CHARLESTON 18,17166.666454,0.058883,2
019,Charleston,VTD 54,4501954,Charleston - VTD 54,CHARLESTON - VTD 54,673074.763328,Charleston,019,Charleston 17,Charleston - Charleston 17,CHARLESTON - CHARLESTON 17,673073.257148,0.999998,1
019,Charleston,VTD 53,4501953,Charleston - VTD 53,CHARLESTON - VTD 53,940561.512262,Charleston,019,Charleston 18,Charleston - Charleston 18,CHARLESTON - CHARLESTON 18,934288.752341,0.993331,1
019,Charleston,VTD 53,4501953,Charleston - VTD 53,CHARLESTON - VTD 53,940561.512262,Charleston,019,Charleston 19,Charleston - Charleston 19,CHARLESTON - CHARLESTON 19,5093.112800,0.005415,2
019,Charleston,VTD 53,4501953,Charleston - VTD 53,CHARLESTON - VTD 53,940561.512262,Charleston,019,Charleston 15,Charleston - Charleston 15,CHARLESTON - CHARLESTON 15,971.829877,0.001033,3
019,Charleston,VTD 31,4501931,Charleston - VTD 31,CHARLESTON - VTD 31,1811628.614146,Charleston,019,Mt. Pleasant 18,Charleston - Mt. Pleasant 18,CHARLESTON - MT. PLEASANT 18,1522257.023927,0.840270,1
019,Charleston,VTD 31,4501931,Charleston - VTD 31,CHARLESTON - VTD 31,1811628.614146,Charleston,019,Mt. Pleasant 15,Charleston - Mt. Pleasant 15,CHARLESTON - MT. PLEASANT 15,242406.696560,0.133806,2
019,Charleston,VTD 31,4501931,Charleston - VTD 31,CHARLESTON - VTD 31,1811628.614146,Charleston,019,Mt. Pleasant 17,Charleston - Mt. Pleasant 17,CHARLESTON - MT. PLEASANT 17,46519.205317,0.025678,3
019,Charleston,VTD 33,4501933,Charleston - VTD 33,CHARLESTON - VTD 33,1380423.026788,Charleston,019,Mt. Pleasant 14,Charleston - Mt. Pleasant 14,CHARLESTON - MT. PLEASANT 14,592096.673326,0.428924,1
019,Charleston,VTD 33,4501933,Charleston - VTD 33,CHARLESTON - VTD 33,1380423.026788,Charleston,019,Mt. Pleasant 4,Charleston - Mt. Pleasant 4,CHARLESTON - MT. PLEASANT 4,427811.748048,0.309914,2
019,Charleston,VTD 33,4501933,Charleston - VTD 33,CHARLESTON - VTD 33,1380423.026788,Charleston,019,Mt. Pleasant 13,Charleston - Mt. Pleasant 13,CHARLESTON - MT. PLEASANT 13,337437.428930,0.244445,3
019,Charleston,VTD 33,4501933,Charleston - VTD 33,CHARLESTON - VTD 33,1380423.026788,Charleston,019,Mt. Pleasant 5,Charleston - Mt. Pleasant 5,CHARLESTON - MT. PLEASANT 5,23073.861082,0.016715,4
019,Charleston,VTD 48,4501948,Charleston - VTD 48,CHARLESTON - VTD 48,2802579.150123,Charleston,019,Charleston 12,Charleston - Charleston 12,CHARLESTON - CHARLESTON 12,2788670.452017,0.995037,1
019,Charleston,VTD 48,4501948,Charleston - VTD 48,CHARLESTON - VTD 48,2802579.150123,Charleston,019,Charleston 11,Charleston - Charleston 11,CHARLESTON - CHARLESTON 11,13903.526388,0.004961,2
019,Charleston,VTD 138,45019138,Charleston - VTD 138,CHARLESTON - VTD 138,1817285.825051,Charleston,019,St. Andrews 6,Charleston - St. Andrews 6,CHARLESTON - ST. ANDREWS 6,1779906.725265,0.979431,1
019,Charleston,VTD 138,45019138,Charleston - VTD 138,CHARLESTON - VTD 138,1817285.825051,Charleston,019,St. Andrews 7,Charleston - St. Andrews 7,CHARLESTON - ST. ANDREWS 7,36345.695151,0.020000,2
019,Charleston,VTD 138,45019138,Charleston - VTD 138,CHARLESTON - VTD 138,1817285.825051,Charleston,019,St. Andrews 5,Charleston - St. Andrews 5,CHARLESTON - ST. ANDREWS 5,1032.344943,0.000568,3
019,Charleston,VTD 134,45019134,Charleston - VTD 134,CHARLESTON - VTD 134,1222214.470715,Charleston,019,St. Andrews 3,Charleston - St. Andrews 3,CHARLESTON - ST. ANDREWS 3,688187.836051,0.563066,1
019,Charleston,VTD 134,45019134,Charleston - VTD 134,CHARLESTON - VTD 134,1222214.470715,Charleston,019,St. Andrews 2,Charleston - St. Andrews 2,CHARLESTON - ST. ANDREWS 2,534026.634664,0.436934,2
019,Charleston,VTD 133,45019133,Charleston - VTD 133,CHARLESTON - VTD 133,1109660.082250,Charleston,019,St. Andrews 8,Charleston - St. Andrews 8,CHARLESTON - ST. ANDREWS 8,628456.886244,0.566351,1
019,Charleston,VTD 133,45019133,Charleston - VTD 133,CHARLESTON - VTD 133,1109660.082250,Charleston,019,St. Andrews 6,Charleston - St. Andrews 6,CHARLESTON - ST. ANDREWS 6,324466.385528,0.292402,2
019,Charleston,VTD 133,45019133,Charleston - VTD 133,CHARLESTON - VTD 133,1109660.082250,Charleston,019,St. Andrews 7,Charleston - St. Andrews 7,CHARLESTON - ST. ANDREWS 7,85666.389269,0.077201,3
019,Charleston,VTD 133,45019133,Charleston - VTD 133,CHARLESTON - VTD 133,1109660.082250,Charleston,019,St. Andrews 18,Charleston - St. Andrews 18,CHARLESTON - ST. ANDREWS 18,71070.421209,0.064047,4
019,Charleston,VTD 129,45019129,Charleston - VTD 129,CHARLESTON - VTD 129,1024844.698056,Charleston,019,St. Andrews 9,Charleston - St. Andrews 9,CHARLESTON - ST. ANDREWS 9,704210.300391,0.687139,1
019,Charleston,VTD 129,45019129,Charleston - VTD 129,CHARLESTON - VTD 129,1024844.698056,Charleston,019,St. Andrews 8,Charleston - St. Andrews 8,CHARLESTON - ST. ANDREWS 8,320630.320669,0.312857,2
019,Charleston,VTD 127,45019127,Charleston - VTD 127,CHARLESTON - VTD 127,1701605.891222,Charleston,019,St. Andrews 10,Charleston - St. Andrews 10,CHARLESTON - ST. ANDREWS 10,922926.665752,0.542386,1
019,Charleston,VTD 127,45019127,Charleston - VTD 127,CHARLESTON - VTD 127,1701605.891222,Charleston,019,St. Andrews 11,Charleston - St. Andrews 11,CHARLESTON - ST. ANDREWS 11,680834.546755,0.400113,2
019,Charleston,VTD 127,45019127,Charleston - VTD 127,CHARLESTON - VTD 127,1701605.891222,Charleston,019,St. Andrews 14,Charleston - St. Andrews 14,CHARLESTON - ST. ANDREWS 14,91289.880589,0.053649,3
019,Charleston,VTD 127,45019127,Charleston - VTD 127,CHARLESTON - VTD 127,1701605.891222,Charleston,019,St. Andrews 3,Charleston - St. Andrews 3,CHARLESTON - ST. ANDREWS 3,6554.798125,0.003852,4
019,Charleston,VTD 130,45019130,Charleston - VTD 130,CHARLESTON - VTD 130,1041758.778158,Charleston,019,St. Andrews 18,Charleston - St. Andrews 18,CHARLESTON - ST. ANDREWS 18,1041758.575604,1.000000,1
019,Charleston,VTD 55,4501955,Charleston - VTD 55,CHARLESTON - VTD 55,1141833.279213,Charleston,019,Charleston 20,Charleston - Charleston 20,CHARLESTON - CHARLESTON 20,1141829.482702,0.999997,1
019,Charleston,VTD 126,45019126,Charleston - VTD 126,CHARLESTON - VTD 126,2541355.555477,Charleston,019,St. Andrews 11,Charleston - St. Andrews 11,CHARLESTON - ST. ANDREWS 11,2513038.445602,0.988857,1
019,Charleston,VTD 126,45019126,Charleston - VTD 126,CHARLESTON - VTD 126,2541355.555477,Charleston,019,St. Andrews 12,Charleston - St. Andrews 12,CHARLESTON - ST. ANDREWS 12,26440.516016,0.010404,2
019,Charleston,VTD 126,45019126,Charleston - VTD 126,CHARLESTON - VTD 126,2541355.555477,Charleston,019,St. Andrews 3,Charleston - St. Andrews 3,CHARLESTON - ST. ANDREWS 3,1876.593860,0.000738,3
019,Charleston,VTD 124,45019124,Charleston - VTD 124,CHARLESTON - VTD 124,1337544.924826,Charleston,019,St. Andrews 14,Charleston - St. Andrews 14,CHARLESTON - ST. ANDREWS 14,1337542.369753,0.999998,1
019,Charleston,VTD 125,45019125,Charleston - VTD 125,CHARLESTON - VTD 125,5816837.538620,Charleston,019,St. Andrews 12,Charleston - St. Andrews 12,CHARLESTON - ST. ANDREWS 12,5815880.629820,0.999835,1
019,Charleston,VTD 62,4501962,Charleston - VTD 62,CHARLESTON - VTD 62,1502283.115502,Charleston,019,North Charleston 6,Charleston - North Charleston 6,CHARLESTON - NORTH CHARLESTON 6,1088595.730188,0.724628,1
019,Charleston,VTD 62,4501962,Charleston - VTD 62,CHARLESTON - VTD 62,1502283.115502,Charleston,019,North Charleston 2,Charleston - North Charleston 2,CHARLESTON - NORTH CHARLESTON 2,381805.449010,0.254150,2
019,Charleston,VTD 62,4501962,Charleston - VTD 62,CHARLESTON - VTD 62,1502283.115502,Charleston,019,North Charleston 1,Charleston - North Charleston 1,CHARLESTON - NORTH CHARLESTON 1,31778.748202,0.021154,3
019,Charleston,VTD 59,4501959,Charleston - VTD 59,CHARLESTON - VTD 59,844238.461867,Charleston,019,North Charleston 7,Charleston - North Charleston 7,CHARLESTON - NORTH CHARLESTON 7,636191.251914,0.753568,1
019,Charleston,VTD 59,4501959,Charleston - VTD 59,CHARLESTON - VTD 59,844238.461867,Charleston,019,North Charleston 6,Charleston - North Charleston 6,CHARLESTON - NORTH CHARLESTON 6,207761.277807,0.246093,2
019,Charleston,VTD 123,45019123,Charleston - VTD 123,CHARLESTON - VTD 123,431493.767017,Charleston,019,St. Andrews 13,Charleston - St. Andrews 13,CHARLESTON - ST. ANDREWS 13,431493.302607,0.999999,1
019,Charleston,VTD 141,45019141,Charleston - VTD 141,CHARLESTON - VTD 141,637048.533804,Charleston,019,St. Andrews 7,Charleston - St. Andrews 7,CHARLESTON - ST. ANDREWS 7,637040.607620,0.999988,1
019,Charleston,VTD 131,45019131,Charleston - VTD 131,CHARLESTON - VTD 131,1354383.648334,Charleston,019,St. Andrews 15,Charleston - St. Andrews 15,CHARLESTON - ST. ANDREWS 15,898463.895355,0.663375,1
019,Charleston,VTD 131,45019131,Charleston - VTD 131,CHARLESTON - VTD 131,1354383.648334,Charleston,019,St. Andrews 18,Charleston - St. Andrews 18,CHARLESTON - ST. ANDREWS 18,455919.701055,0.336625,2
019,Charleston,VTD 116,45019116,Charleston - VTD 116,CHARLESTON - VTD 116,397398.708156,Charleston,019,St. Andrews 23,Charleston - St. Andrews 23,CHARLESTON - ST. ANDREWS 23,397383.763020,0.999962,1
019,Charleston,VTD 26,4501926,Charleston - VTD 26,CHARLESTON - VTD 26,2062909.274622,Charleston,019,Mt. Pleasant 6,Charleston - Mt. Pleasant 6,CHARLESTON - MT. PLEASANT 6,1982545.985671,0.961044,1
019,Charleston,VTD 26,4501926,Charleston - VTD 26,CHARLESTON - VTD 26,2062909.274622,Charleston,019,Mt. Pleasant 14,Charleston - Mt. Pleasant 14,CHARLESTON - MT. PLEASANT 14,34640.764687,0.016792,2
019,Charleston,VTD 26,4501926,Charleston - VTD 26,CHARLESTON - VTD 26,2062909.274622,Charleston,019,Mt. Pleasant 5,Charleston - Mt. Pleasant 5,CHARLESTON - MT. PLEASANT 5,32649.060433,0.015827,3
019,Charleston,VTD 26,4501926,Charleston - VTD 26,CHARLESTON - VTD 26,2062909.274622,Charleston,019,Mt. Pleasant 4,Charleston - Mt. Pleasant 4,CHARLESTON - MT. PLEASANT 4,11840.242013,0.005740,4
019,Charleston,VTD 26,4501926,Charleston - VTD 26,CHARLESTON - VTD 26,2062909.274622,Charleston,019,Mt. Pleasant 13,Charleston - Mt. Pleasant 13,CHARLESTON - MT. PLEASANT 13,1151.044786,0.000558,5
019,Charleston,VTD 43,4501943,Charleston - VTD 43,CHARLESTON - VTD 43,1071086.214536,Charleston,019,Charleston 7,Charleston - Charleston 7,CHARLESTON - CHARLESTON 7,940364.473362,0.877954,1
019,Charleston,VTD 43,4501943,Charleston - VTD 43,CHARLESTON - VTD 43,1071086.214536,Charleston,019,Charleston 8,Charleston - Charleston 8,CHARLESTON - CHARLESTON 8,130721.741173,0.122046,2
019,Charleston,VTD 128,45019128,Charleston - VTD 128,CHARLESTON - VTD 128,1380370.624199,Charleston,019,St. Andrews 3,Charleston - St. Andrews 3,CHARLESTON - ST. ANDREWS 3,1370831.664195,0.993090,1
019,Charleston,VTD 128,45019128,Charleston - VTD 128,CHARLESTON - VTD 128,1380370.624199,Charleston,019,St. Andrews 11,Charleston - St. Andrews 11,CHARLESTON - ST. ANDREWS 11,9532.693206,0.006906,2
019,Charleston,VTD 117,45019117,Charleston - VTD 117,CHARLESTON - VTD 117,1439386.183103,Charleston,019,St. Andrews 20,Charleston - St. Andrews 20,CHARLESTON - ST. ANDREWS 20,1437183.781419,0.998470,1
019,Charleston,VTD 117,45019117,Charleston - VTD 117,CHARLESTON - VTD 117,1439386.183103,Charleston,019,St. Andrews 22,Charleston - St. Andrews 22,CHARLESTON - ST. ANDREWS 22,1672.275844,0.001162,2
019,Charleston,VTD 66,4501966,Charleston - VTD 66,CHARLESTON - VTD 66,4440844.670775,Charleston,019,North Charleston 3,Charleston - North Charleston 3,CHARLESTON - NORTH CHARLESTON 3,4440528.267124,0.999929,1
019,Charleston,VTD 107,45019107,Charleston - VTD 107,CHARLESTON - VTD 107,1116516.879007,Charleston,019,North Charleston 20,Charleston - North Charleston 20,CHARLESTON - NORTH CHARLESTON 20,1116513.042530,0.999997,1
019,Charleston,VTD 158,45019158,Charleston - VTD 158,CHARLESTON - VTD 158,873758.981612,Charleston,019,James Island 3,Charleston - James Island 3,CHARLESTON - JAMES ISLAND 3,873740.953552,0.999979,1
019,Charleston,VTD 112,45019112,Charleston - VTD 112,CHARLESTON - VTD 112,1941838.735569,Charleston,019,St. Andrews 34,Charleston - St. Andrews 34,CHARLESTON - ST. ANDREWS 34,1288603.001758,0.663599,1
019,Charleston,VTD 112,45019112,Charleston - VTD 112,CHARLESTON - VTD 112,1941838.735569,Charleston,019,St. Andrews 35,Charleston - St. Andrews 35,CHARLESTON - ST. ANDREWS 35,653234.422342,0.336400,2
019,Charleston,VTD 70,4501970,Charleston - VTD 70,CHARLESTON - VTD 70,873837.458137,Charleston,019,North Charleston 8,Charleston - North Charleston 8,CHARLESTON - NORTH CHARLESTON 8,872693.228841,0.998691,1
019,Charleston,VTD 70,4501970,Charleston - VTD 70,CHARLESTON - VTD 70,873837.458137,Charleston,019,North Charleston 9,Charleston - North Charleston 9,CHARLESTON - NORTH CHARLESTON 9,750.611904,0.000859,2
019,Charleston,VTD 73,4501973,Charleston - VTD 73,CHARLESTON - VTD 73,572466.082780,Charleston,019,North Charleston 14,Charleston - North Charleston 14,CHARLESTON - NORTH CHARLESTON 14,571798.951022,0.998835,1
019,Charleston,VTD 73,4501973,Charleston - VTD 73,CHARLESTON - VTD 73,572466.082780,Charleston,019,North Charleston 17,Charleston - North Charleston 17,CHARLESTON - NORTH CHARLESTON 17,635.006857,0.001109,2
019,Charleston,VTD 68,4501968,Charleston - VTD 68,CHARLESTON - VTD 68,1588668.712109,Charleston,019,North Charleston 16,Charleston - North Charleston 16,CHARLESTON - NORTH CHARLESTON 16,1588193.212519,0.999701,1
019,Charleston,VTD 74,4501974,Charleston - VTD 74,CHARLESTON - VTD 74,2078216.718414,Charleston,019,North Charleston 17,Charleston - North Charleston 17,CHARLESTON - NORTH CHARLESTON 17,2077324.226917,0.999571,1
019,Charleston,VTD 71,4501971,Charleston - VTD 71,CHARLESTON - VTD 71,8426473.822858,Charleston,019,North Charleston 9,Charleston - North Charleston 9,CHARLESTON - NORTH CHARLESTON 9,8253925.304488,0.979523,1
019,Charleston,VTD 71,4501971,Charleston - VTD 71,CHARLESTON - VTD 71,8426473.822858,Charleston,019,North Charleston 11,Charleston - North Charleston 11,CHARLESTON - NORTH CHARLESTON 11,131672.655038,0.015626,2
019,Charleston,VTD 71,4501971,Charleston - VTD 71,CHARLESTON - VTD 71,8426473.822858,Charleston,019,North Charleston 10,Charleston - North Charleston 10,CHARLESTON - NORTH CHARLESTON 10,29073.749439,0.003450,3
019,Charleston,VTD 77,4501977,Charleston - VTD 77,CHARLESTON - VTD 77,1169123.923034,Charleston,019,North Charleston 10,Charleston - North Charleston 10,CHARLESTON - NORTH CHARLESTON 10,1168192.961048,0.999204,1
019,Charleston,VTD 72,4501972,Charleston - VTD 72,CHARLESTON - VTD 72,1024984.961088,Charleston,019,North Charleston 11,Charleston - North Charleston 11,CHARLESTON - NORTH CHARLESTON 11,1024653.010958,0.999676,1
019,Charleston,VTD 76,4501976,Charleston - VTD 76,CHARLESTON - VTD 76,851655.512416,Charleston,019,North Charleston 12,Charleston - North Charleston 12,CHARLESTON - NORTH CHARLESTON 12,851626.907768,0.999966,1
019,Charleston,VTD 79,4501979,Charleston - VTD 79,CHARLESTON - VTD 79,868316.163453,Charleston,019,North Charleston 26,Charleston - North Charleston 26,CHARLESTON - NORTH CHARLESTON 26,853888.169791,0.983384,1
019,Charleston,VTD 79,4501979,Charleston - VTD 79,CHARLESTON - VTD 79,868316.163453,Charleston,019,North Charleston 27,Charleston - North Charleston 27,CHARLESTON - NORTH CHARLESTON 27,14424.454053,0.016612,2
019,Charleston,VTD 106,45019106,Charleston - VTD 106,CHARLESTON - VTD 106,872157.602979,Charleston,019,North Charleston 21,Charleston - North Charleston 21,CHARLESTON - NORTH CHARLESTON 21,862625.217741,0.989070,1
019,Charleston,VTD 106,45019106,Charleston - VTD 106,CHARLESTON - VTD 106,872157.602979,Charleston,019,North Charleston 22,Charleston - North Charleston 22,CHARLESTON - NORTH CHARLESTON 22,9516.256833,0.010911,2
019,Charleston,VTD 102,45019102,Charleston - VTD 102,CHARLESTON - VTD 102,219824.926916,Charleston,019,North Charleston 24,Charleston - North Charleston 24,CHARLESTON - NORTH CHARLESTON 24,219824.926916,1.000000,1
019,Charleston,VTD 97,4501997,Charleston - VTD 97,CHARLESTON - VTD 97,341691.794860,Charleston,019,North Charleston 24,Charleston - North Charleston 24,CHARLESTON - NORTH CHARLESTON 24,341691.794860,1.000000,1
019,Charleston,VTD 99,4501999,Charleston - VTD 99,CHARLESTON - VTD 99,336517.941678,Charleston,019,North Charleston 24,Charleston - North Charleston 24,CHARLESTON - NORTH CHARLESTON 24,336187.200378,0.999017,1
019,Charleston,VTD 99,4501999,Charleston - VTD 99,CHARLESTON - VTD 99,336517.941678,Charleston,019,North Charleston 23,Charleston - North Charleston 23,CHARLESTON - NORTH CHARLESTON 23,330.741300,0.000983,2
019,Charleston,VTD 108,45019108,Charleston - VTD 108,CHARLESTON - VTD 108,12323224.663998,Charleston,019,North Charleston 18,Charleston - North Charleston 18,CHARLESTON - NORTH CHARLESTON 18,10585757.189078,0.859009,1
019,Charleston,VTD 108,45019108,Charleston - VTD 108,CHARLESTON - VTD 108,12323224.663998,Charleston,019,North Charleston 17,Charleston - North Charleston 17,CHARLESTON - NORTH CHARLESTON 17,1132414.302252,0.091893,2
019,Charleston,VTD 108,45019108,Charleston - VTD 108,CHARLESTON - VTD 108,12323224.663998,Charleston,019,North Charleston 25,Charleston - North Charleston 25,CHARLESTON - NORTH CHARLESTON 25,321982.808580,0.026128,3
019,Charleston,VTD 108,45019108,Charleston - VTD 108,CHARLESTON - VTD 108,12323224.663998,Charleston,019,North Charleston 21,Charleston - North Charleston 21,CHARLESTON - NORTH CHARLESTON 21,242431.957791,0.019673,4
019,Charleston,VTD 108,45019108,Charleston - VTD 108,CHARLESTON - VTD 108,12323224.663998,Charleston,019,North Charleston 19,Charleston - North Charleston 19,CHARLESTON - NORTH CHARLESTON 19,20402.187650,0.001656,5
019,Charleston,VTD 108,45019108,Charleston - VTD 108,CHARLESTON - VTD 108,12323224.663998,Charleston,019,North Charleston 24,Charleston - North Charleston 24,CHARLESTON - NORTH CHARLESTON 24,11925.574776,0.000968,6
019,Charleston,VTD 108,45019108,Charleston - VTD 108,CHARLESTON - VTD 108,12323224.663998,Charleston,019,North Charleston 20,Charleston - North Charleston 20,CHARLESTON - NORTH CHARLESTON 20,8054.372249,0.000654,7
019,Charleston,VTD 67,4501967,Charleston - VTD 67,CHARLESTON - VTD 67,1639866.213842,Charleston,019,North Charleston 4,Charleston - North Charleston 4,CHARLESTON - NORTH CHARLESTON 4,1639755.786410,0.999933,1
019,Charleston,VTD 63,4501963,Charleston - VTD 63,CHARLESTON - VTD 63,1005953.632591,Charleston,019,North Charleston 6,Charleston - North Charleston 6,CHARLESTON - NORTH CHARLESTON 6,557650.067624,0.554350,1
019,Charleston,VTD 63,4501963,Charleston - VTD 63,CHARLESTON - VTD 63,1005953.632591,Charleston,019,North Charleston 7,Charleston - North Charleston 7,CHARLESTON - NORTH CHARLESTON 7,448303.440383,0.445650,2
019,Charleston,VTD 157,45019157,Charleston - VTD 157,CHARLESTON - VTD 157,2944502.327802,Charleston,019,James Island 7,Charleston - James Island 7,CHARLESTON - JAMES ISLAND 7,2929321.864057,0.994844,1
019,Charleston,VTD 157,45019157,Charleston - VTD 157,CHARLESTON - VTD 157,2944502.327802,Charleston,019,James Island 6,Charleston - James Island 6,CHARLESTON - JAMES ISLAND 6,14174.926039,0.004814,2
019,Charleston,VTD 118,45019118,Charleston - VTD 118,CHARLESTON - VTD 118,807485.862363,Charleston,019,St. Andrews 24,Charleston - St. Andrews 24,CHARLESTON - ST. ANDREWS 24,807483.008356,0.999996,1
019,Charleston,VTD 34,4501934,Charleston - VTD 34,CHARLESTON - VTD 34,1791743.530117,Charleston,019,Mt. Pleasant 16,Charleston - Mt. Pleasant 16,CHARLESTON - MT. PLEASANT 16,1707756.066680,0.953125,1
019,Charleston,VTD 34,4501934,Charleston - VTD 34,CHARLESTON - VTD 34,1791743.530117,Charleston,019,Mt. Pleasant 3,Charleston - Mt. Pleasant 3,CHARLESTON - MT. PLEASANT 3,83236.258330,0.046455,2
019,Charleston,VTD 137,45019137,Charleston - VTD 137,CHARLESTON - VTD 137,2051612.084693,Charleston,019,St. Andrews 5,Charleston - St. Andrews 5,CHARLESTON - ST. ANDREWS 5,2050189.765613,0.999307,1
019,Charleston,VTD 137,45019137,Charleston - VTD 137,CHARLESTON - VTD 137,2051612.084693,Charleston,019,St. Andrews 4,Charleston - St. Andrews 4,CHARLESTON - ST. ANDREWS 4,1414.721591,0.000690,2
019,Charleston,VTD 82,4501982,Charleston - VTD 82,CHARLESTON - VTD 82,1624655.899176,Charleston,019,North Charleston 29,Charleston - North Charleston 29,CHARLESTON - NORTH CHARLESTON 29,1600115.877724,0.984895,1
019,Charleston,VTD 82,4501982,Charleston - VTD 82,CHARLESTON - VTD 82,1624655.899176,Charleston,019,North Charleston 28,Charleston - North Charleston 28,CHARLESTON - NORTH CHARLESTON 28,24538.346930,0.015104,2
019,Charleston,VTD 121,45019121,Charleston - VTD 121,CHARLESTON - VTD 121,341123.596988,Charleston,019,St. Andrews 19,Charleston - St. Andrews 19,CHARLESTON - ST. ANDREWS 19,333909.510405,0.978852,1
019,Charleston,VTD 121,45019121,Charleston - VTD 121,CHARLESTON - VTD 121,341123.596988,Charleston,019,St. Andrews 20,Charleston - St. Andrews 20,CHARLESTON - ST. ANDREWS 20,7214.086583,0.021148,2
019,Charleston,VTD 83,4501983,Charleston - VTD 83,CHARLESTON - VTD 83,1276942.632470,Charleston,019,Deer Park 2B,Charleston - Deer Park 2B,CHARLESTON - DEER PARK 2B,1200250.655390,0.939941,1
019,Charleston,VTD 83,4501983,Charleston - VTD 83,CHARLESTON - VTD 83,1276942.632470,Charleston,019,Deer Park 2A,Charleston - Deer Park 2A,CHARLESTON - DEER PARK 2A,75996.457819,0.059514,2
019,Charleston,VTD 98,4501998,Charleston - VTD 98,CHARLESTON - VTD 98,528981.430108,Charleston,019,North Charleston 24,Charleston - North Charleston 24,CHARLESTON - NORTH CHARLESTON 24,528981.430108,1.000000,1
019,Charleston,VTD 155,45019155,Charleston - VTD 155,CHARLESTON - VTD 155,2612328.850120,Charleston,019,James Island 6,Charleston - James Island 6,CHARLESTON - JAMES ISLAND 6,2563850.349223,0.981442,1
019,Charleston,VTD 155,45019155,Charleston - VTD 155,CHARLESTON - VTD 155,2612328.850120,Charleston,019,James Island 5B,Charleston - James Island 5B,CHARLESTON - JAMES ISLAND 5B,48468.171962,0.018554,2
019,Charleston,VTD 115,45019115,Charleston - VTD 115,CHARLESTON - VTD 115,1274327.403604,Charleston,019,St. Andrews 30,Charleston - St. Andrews 30,CHARLESTON - ST. ANDREWS 30,753599.503900,0.591370,1
019,Charleston,VTD 115,45019115,Charleston - VTD 115,CHARLESTON - VTD 115,1274327.403604,Charleston,019,St. Andrews 31,Charleston - St. Andrews 31,CHARLESTON - ST. ANDREWS 31,520727.852961,0.408630,2
019,Charleston,VTD 86,4501986,Charleston - VTD 86,CHARLESTON - VTD 86,2152254.361118,Charleston,019,Deer Park 2B,Charleston - Deer Park 2B,CHARLESTON - DEER PARK 2B,1533581.788403,0.712547,1
019,Charleston,VTD 86,4501986,Charleston - VTD 86,CHARLESTON - VTD 86,2152254.361118,Charleston,019,Deer Park 2C,Charleston - Deer Park 2C,CHARLESTON - DEER PARK 2C,618663.116388,0.287449,2
019,Charleston,VTD 85,4501985,Charleston - VTD 85,CHARLESTON - VTD 85,382297.771019,Charleston,019,Deer Park 2C,Charleston - Deer Park 2C,CHARLESTON - DEER PARK 2C,382296.803793,0.999997,1
019,Charleston,VTD 24,4501924,Charleston - VTD 24,CHARLESTON - VTD 24,3133752.275571,Charleston,019,Mt. Pleasant 12,Charleston - Mt. Pleasant 12,CHARLESTON - MT. PLEASANT 12,2858044.284353,0.912020,1
019,Charleston,VTD 24,4501924,Charleston - VTD 24,CHARLESTON - VTD 24,3133752.275571,Charleston,019,Mt. Pleasant 6,Charleston - Mt. Pleasant 6,CHARLESTON - MT. PLEASANT 6,275691.399353,0.087975,2
019,Charleston,VTD 87,4501987,Charleston - VTD 87,CHARLESTON - VTD 87,1487074.141290,Charleston,019,Deer Park 1A,Charleston - Deer Park 1A,CHARLESTON - DEER PARK 1A,994171.972593,0.668542,1
019,Charleston,VTD 87,4501987,Charleston - VTD 87,CHARLESTON - VTD 87,1487074.141290,Charleston,019,Deer Park 1B,Charleston - Deer Park 1B,CHARLESTON - DEER PARK 1B,492659.571976,0.331295,2
019,Charleston,VTD 20,4501920,Charleston - VTD 20,CHARLESTON - VTD 20,5371807.159642,Charleston,019,Mt. Pleasant 1,Charleston - Mt. Pleasant 1,CHARLESTON - MT. PLEASANT 1,5244533.114358,0.976307,1
019,Charleston,VTD 20,4501920,Charleston - VTD 20,CHARLESTON - VTD 20,5371807.159642,Charleston,019,Mt. Pleasant 9,Charleston - Mt. Pleasant 9,CHARLESTON - MT. PLEASANT 9,124815.383564,0.023235,2
019,Charleston,VTD 168,45019168,Charleston - VTD 168,CHARLESTON - VTD 168,19044952.047182,Charleston,019,Johns Island 1B,Charleston - Johns Island 1B,CHARLESTON - JOHNS ISLAND 1B,18694696.940710,0.981609,1
019,Charleston,VTD 168,45019168,Charleston - VTD 168,CHARLESTON - VTD 168,19044952.047182,Charleston,019,James Island 2,Charleston - James Island 2,CHARLESTON - JAMES ISLAND 2,347415.996951,0.018242,2
019,Charleston,VTD 147,45019147,Charleston - VTD 147,CHARLESTON - VTD 147,10129297.743218,Charleston,019,James Island 8A,Charleston - James Island 8A,CHARLESTON - JAMES ISLAND 8A,5972158.114538,0.589593,1
019,Charleston,VTD 147,45019147,Charleston - VTD 147,CHARLESTON - VTD 147,10129297.743218,Charleston,019,James Island 8B,Charleston - James Island 8B,CHARLESTON - JAMES ISLAND 8B,4152828.992933,0.409982,2
019,Charleston,VTD 149,45019149,Charleston - VTD 149,CHARLESTON - VTD 149,1110825.803783,Charleston,019,James Island 14,Charleston - James Island 14,CHARLESTON - JAMES ISLAND 14,1070161.916004,0.963393,1
019,Charleston,VTD 149,45019149,Charleston - VTD 149,CHARLESTON - VTD 149,1110825.803783,Charleston,019,James Island 11,Charleston - James Island 11,CHARLESTON - JAMES ISLAND 11,40651.217177,0.036595,2
019,Charleston,VTD 154,45019154,Charleston - VTD 154,CHARLESTON - VTD 154,2128994.967838,Charleston,019,James Island 11,Charleston - James Island 11,CHARLESTON - JAMES ISLAND 11,2128991.577812,0.999998,1
019,Charleston,VTD 101,45019101,Charleston - VTD 101,CHARLESTON - VTD 101,257810.413818,Charleston,019,North Charleston 24,Charleston - North Charleston 24,CHARLESTON - NORTH CHARLESTON 24,257810.413818,1.000000,1
019,Charleston,VTD 105,45019105,Charleston - VTD 105,CHARLESTON - VTD 105,2396743.295331,Charleston,019,North Charleston 22,Charleston - North Charleston 22,CHARLESTON - NORTH CHARLESTON 22,1862244.573956,0.776990,1
019,Charleston,VTD 105,45019105,Charleston - VTD 105,CHARLESTON - VTD 105,2396743.295331,Charleston,019,North Charleston 21,Charleston - North Charleston 21,CHARLESTON - NORTH CHARLESTON 21,533247.983547,0.222489,2
019,Charleston,VTD 135,45019135,Charleston - VTD 135,CHARLESTON - VTD 135,1821979.619263,Charleston,019,St. Andrews 1,Charleston - St. Andrews 1,CHARLESTON - ST. ANDREWS 1,1547782.416266,0.849506,1
019,Charleston,VTD 135,45019135,Charleston - VTD 135,CHARLESTON - VTD 135,1821979.619263,Charleston,019,St. Andrews 2,Charleston - St. Andrews 2,CHARLESTON - ST. ANDREWS 2,247625.443156,0.135910,2
019,Charleston,VTD 135,45019135,Charleston - VTD 135,CHARLESTON - VTD 135,1821979.619263,Charleston,019,St. Andrews 3,Charleston - St. Andrews 3,CHARLESTON - ST. ANDREWS 3,26564.477459,0.014580,3
019,Charleston,VTD 95,4501995,Charleston - VTD 95,CHARLESTON - VTD 95,5091840.073611,Charleston,019,North Charleston 24,Charleston - North Charleston 24,CHARLESTON - NORTH CHARLESTON 24,5091076.469307,0.999850,1
019,Charleston,VTD 140,45019140,Charleston - VTD 140,CHARLESTON - VTD 140,3343735.516477,Charleston,019,St. Andrews 16,Charleston - St. Andrews 16,CHARLESTON - ST. ANDREWS 16,3228459.048322,0.965525,1
019,Charleston,VTD 140,45019140,Charleston - VTD 140,CHARLESTON - VTD 140,3343735.516477,Charleston,019,St. Andrews 17,Charleston - St. Andrews 17,CHARLESTON - ST. ANDREWS 17,115273.953561,0.034475,2
019,Charleston,VTD 94,4501994,Charleston - VTD 94,CHARLESTON - VTD 94,1443601.835788,Charleston,019,North Charleston 24,Charleston - North Charleston 24,CHARLESTON - NORTH CHARLESTON 24,1443601.234178,1.000000,1
019,Charleston,VTD 109,45019109,Charleston - VTD 109,CHARLESTON - VTD 109,2197937.341717,Charleston,019,North Charleston 19,Charleston - North Charleston 19,CHARLESTON - NORTH CHARLESTON 19,2123216.304674,0.966004,1
019,Charleston,VTD 109,45019109,Charleston - VTD 109,CHARLESTON - VTD 109,2197937.341717,Charleston,019,North Charleston 18,Charleston - North Charleston 18,CHARLESTON - NORTH CHARLESTON 18,74690.893002,0.033982,2
019,Charleston,VTD 84,4501984,Charleston - VTD 84,CHARLESTON - VTD 84,3387984.290417,Charleston,019,Deer Park 2A,Charleston - Deer Park 2A,CHARLESTON - DEER PARK 2A,2969936.513212,0.876609,1
019,Charleston,VTD 84,4501984,Charleston - VTD 84,CHARLESTON - VTD 84,3387984.290417,Charleston,019,Deer Park 2B,Charleston - Deer Park 2B,CHARLESTON - DEER PARK 2B,379235.218183,0.111935,2
019,Charleston,VTD 84,4501984,Charleston - VTD 84,CHARLESTON - VTD 84,3387984.290417,Charleston,019,Deer Park 3,Charleston - Deer Park 3,CHARLESTON - DEER PARK 3,38812.559022,0.011456,3
019,Charleston,VTD 93,4501993,Charleston - VTD 93,CHARLESTON - VTD 93,6337783.035689,Charleston,019,Deer Park 3,Charleston - Deer Park 3,CHARLESTON - DEER PARK 3,6222211.317794,0.981765,1
019,Charleston,VTD 93,4501993,Charleston - VTD 93,CHARLESTON - VTD 93,6337783.035689,Charleston,019,Deer Park 1B,Charleston - Deer Park 1B,CHARLESTON - DEER PARK 1B,62418.827179,0.009849,2
019,Charleston,VTD 93,4501993,Charleston - VTD 93,CHARLESTON - VTD 93,6337783.035689,Charleston,019,Deer Park 2B,Charleston - Deer Park 2B,CHARLESTON - DEER PARK 2B,48038.896727,0.007580,3
019,Charleston,VTD 93,4501993,Charleston - VTD 93,CHARLESTON - VTD 93,6337783.035689,Charleston,019,Deer Park 2A,Charleston - Deer Park 2A,CHARLESTON - DEER PARK 2A,5058.636201,0.000798,4
019,Charleston,VTD 91,4501991,Charleston - VTD 91,CHARLESTON - VTD 91,16666439.982320,Charleston,019,Deer Park 1B,Charleston - Deer Park 1B,CHARLESTON - DEER PARK 1B,15301390.019770,0.918096,1
019,Charleston,VTD 91,4501991,Charleston - VTD 91,CHARLESTON - VTD 91,16666439.982320,Charleston,019,North Charleston 30,Charleston - North Charleston 30,CHARLESTON - NORTH CHARLESTON 30,1281799.202083,0.076909,2
019,Charleston,VTD 119,45019119,Charleston - VTD 119,CHARLESTON - VTD 119,3590305.938457,Charleston,019,St. Andrews 25,Charleston - St. Andrews 25,CHARLESTON - ST. ANDREWS 25,2123355.266956,0.591413,1
019,Charleston,VTD 119,45019119,Charleston - VTD 119,CHARLESTON - VTD 119,3590305.938457,Charleston,019,St. Andrews 30,Charleston - St. Andrews 30,CHARLESTON - ST. ANDREWS 30,1306661.736568,0.363942,2
019,Charleston,VTD 119,45019119,Charleston - VTD 119,CHARLESTON - VTD 119,3590305.938457,Charleston,019,St. Andrews 26,Charleston - St. Andrews 26,CHARLESTON - ST. ANDREWS 26,155630.761773,0.043347,3
019,Charleston,VTD 119,45019119,Charleston - VTD 119,CHARLESTON - VTD 119,3590305.938457,Charleston,019,St. Andrews 29,Charleston - St. Andrews 29,CHARLESTON - ST. ANDREWS 29,4652.714603,0.001296,4
019,Charleston,VTD 169,45019169,Charleston - VTD 169,CHARLESTON - VTD 169,20598306.359369,Charleston,019,St. Andrews 27,Charleston - St. Andrews 27,CHARLESTON - ST. ANDREWS 27,13447619.591051,0.652851,1
019,Charleston,VTD 169,45019169,Charleston - VTD 169,CHARLESTON - VTD 169,20598306.359369,Charleston,019,St. Andrews 29,Charleston - St. Andrews 29,CHARLESTON - ST. ANDREWS 29,6363510.724883,0.308934,2
019,Charleston,VTD 169,45019169,Charleston - VTD 169,CHARLESTON - VTD 169,20598306.359369,Charleston,019,St. Andrews 33,Charleston - St. Andrews 33,CHARLESTON - ST. ANDREWS 33,721820.388978,0.035043,3
019,Charleston,VTD 169,45019169,Charleston - VTD 169,CHARLESTON - VTD 169,20598306.359369,Charleston,019,St. Andrews 30,Charleston - St. Andrews 30,CHARLESTON - ST. ANDREWS 30,45865.733052,0.002227,4
019,Charleston,VTD 169,45019169,Charleston - VTD 169,CHARLESTON - VTD 169,20598306.359369,Charleston,019,St. Andrews 25,Charleston - St. Andrews 25,CHARLESTON - ST. ANDREWS 25,14556.741659,0.000707,5
019,Charleston,VTD 96,4501996,Charleston - VTD 96,CHARLESTON - VTD 96,2102391.089524,Charleston,019,North Charleston 24,Charleston - North Charleston 24,CHARLESTON - NORTH CHARLESTON 24,2102264.275750,0.999940,1
019,Charleston,VTD 139,45019139,Charleston - VTD 139,CHARLESTON - VTD 139,3184284.156625,Charleston,019,St. Andrews 17,Charleston - St. Andrews 17,CHARLESTON - ST. ANDREWS 17,3181327.198271,0.999071,1
019,Charleston,VTD 139,45019139,Charleston - VTD 139,CHARLESTON - VTD 139,3184284.156625,Charleston,019,St. Andrews 27,Charleston - St. Andrews 27,CHARLESTON - ST. ANDREWS 27,2952.624852,0.000927,2
019,Charleston,VTD 104,45019104,Charleston - VTD 104,CHARLESTON - VTD 104,1882221.891221,Charleston,019,North Charleston 23,Charleston - North Charleston 23,CHARLESTON - NORTH CHARLESTON 23,1872498.653020,0.994834,1
019,Charleston,VTD 104,45019104,Charleston - VTD 104,CHARLESTON - VTD 104,1882221.891221,Charleston,019,North Charleston 24,Charleston - North Charleston 24,CHARLESTON - NORTH CHARLESTON 24,9719.123473,0.005164,2
019,Charleston,VTD 16,4501916,Charleston - VTD 16,CHARLESTON - VTD 16,2087245.967722,Charleston,019,Isle of Palms 1B,Charleston - Isle of Palms 1B,CHARLESTON - ISLE OF PALMS 1B,2064921.423238,0.989304,1
019,Charleston,VTD 16,4501916,Charleston - VTD 16,CHARLESTON - VTD 16,2087245.967722,Charleston,019,Isle of Palms 1C,Charleston - Isle of Palms 1C,CHARLESTON - ISLE OF PALMS 1C,22315.936767,0.010692,2
019,Charleston,VTD 17,4501917,Charleston - VTD 17,CHARLESTON - VTD 17,15755145.567937,Charleston,019,Isle Of Palms 1A,Charleston - Isle Of Palms 1A,CHARLESTON - ISLE OF PALMS 1A,14679157.456343,0.931706,1
019,Charleston,VTD 17,4501917,Charleston - VTD 17,CHARLESTON - VTD 17,15755145.567937,Charleston,019,Isle of Palms 1C,Charleston - Isle of Palms 1C,CHARLESTON - ISLE OF PALMS 1C,1075986.902094,0.068294,2
019,Charleston,VTD 142,45019142,Charleston - VTD 142,CHARLESTON - VTD 142,2608425.040959,Charleston,019,St. Andrews 7,Charleston - St. Andrews 7,CHARLESTON - ST. ANDREWS 7,2528928.510017,0.969523,1
019,Charleston,VTD 142,45019142,Charleston - VTD 142,CHARLESTON - VTD 142,2608425.040959,Charleston,019,James Island 22,Charleston - James Island 22,CHARLESTON - JAMES ISLAND 22,70334.968631,0.026965,2
019,Charleston,VTD 142,45019142,Charleston - VTD 142,CHARLESTON - VTD 142,2608425.040959,Charleston,019,St. Andrews 6,Charleston - St. Andrews 6,CHARLESTON - ST. ANDREWS 6,9161.562310,0.003512,3
019,Charleston,VTD 144,45019144,Charleston - VTD 144,CHARLESTON - VTD 144,7745119.605887,Charleston,019,James Island 17,Charleston - James Island 17,CHARLESTON - JAMES ISLAND 17,7698953.453452,0.994039,1
019,Charleston,VTD 144,45019144,Charleston - VTD 144,CHARLESTON - VTD 144,7745119.605887,Charleston,019,James Island 8A,Charleston - James Island 8A,CHARLESTON - JAMES ISLAND 8A,37677.339520,0.004865,2
019,Charleston,VTD 144,45019144,Charleston - VTD 144,CHARLESTON - VTD 144,7745119.605887,Charleston,019,James Island 8B,Charleston - James Island 8B,CHARLESTON - JAMES ISLAND 8B,6982.981425,0.000902,3
019,Charleston,VTD 25,4501925,Charleston - VTD 25,CHARLESTON - VTD 25,1953672.623831,Charleston,019,Mt. Pleasant 13,Charleston - Mt. Pleasant 13,CHARLESTON - MT. PLEASANT 13,1694789.295606,0.867489,1
019,Charleston,VTD 25,4501925,Charleston - VTD 25,CHARLESTON - VTD 25,1953672.623831,Charleston,019,Mt. Pleasant 6,Charleston - Mt. Pleasant 6,CHARLESTON - MT. PLEASANT 6,241794.854724,0.123764,2
019,Charleston,VTD 25,4501925,Charleston - VTD 25,CHARLESTON - VTD 25,1953672.623831,Charleston,019,Mt. Pleasant 12,Charleston - Mt. Pleasant 12,CHARLESTON - MT. PLEASANT 12,16915.619389,0.008658,3
019,Charleston,VTD 153,45019153,Charleston - VTD 153,CHARLESTON - VTD 153,6797966.529459,Charleston,019,James Island 5B,Charleston - James Island 5B,CHARLESTON - JAMES ISLAND 5B,4686252.471504,0.689361,1
019,Charleston,VTD 153,45019153,Charleston - VTD 153,CHARLESTON - VTD 153,6797966.529459,Charleston,019,Folly Beach 2,Charleston - Folly Beach 2,CHARLESTON - FOLLY BEACH 2,2041116.057881,0.300254,2
019,Charleston,VTD 153,45019153,Charleston - VTD 153,CHARLESTON - VTD 153,6797966.529459,Charleston,019,James Island 6,Charleston - James Island 6,CHARLESTON - JAMES ISLAND 6,70597.699097,0.010385,3
019,Charleston,VTD 120,45019120,Charleston - VTD 120,CHARLESTON - VTD 120,1576886.694252,Charleston,019,St. Andrews 20,Charleston - St. Andrews 20,CHARLESTON - ST. ANDREWS 20,1351193.389701,0.856874,1
019,Charleston,VTD 120,45019120,Charleston - VTD 120,CHARLESTON - VTD 120,1576886.694252,Charleston,019,St. Andrews 18,Charleston - St. Andrews 18,CHARLESTON - ST. ANDREWS 18,225690.119772,0.143124,2
019,Charleston,VTD 58,4501958,Charleston - VTD 58,CHARLESTON - VTD 58,8055974.975170,Charleston,019,Charleston 15,Charleston - Charleston 15,CHARLESTON - CHARLESTON 15,7964355.528815,0.988627,1
019,Charleston,VTD 58,4501958,Charleston - VTD 58,CHARLESTON - VTD 58,8055974.975170,Charleston,019,Mt. Pleasant 3,Charleston - Mt. Pleasant 3,CHARLESTON - MT. PLEASANT 3,91608.068869,0.011371,2
019,Charleston,VTD 185,45019185,Charleston - VTD 185,CHARLESTON - VTD 185,3107467.003746,Charleston,019,St. Andrews 22,Charleston - St. Andrews 22,CHARLESTON - ST. ANDREWS 22,2467925.304440,0.794192,1
019,Charleston,VTD 185,45019185,Charleston - VTD 185,CHARLESTON - VTD 185,3107467.003746,Charleston,019,St. Andrews 23,Charleston - St. Andrews 23,CHARLESTON - ST. ANDREWS 23,639483.702611,0.205789,2
019,Charleston,VTD 32,4501932,Charleston - VTD 32,CHARLESTON - VTD 32,3274448.266199,Charleston,019,Mt. Pleasant 15,Charleston - Mt. Pleasant 15,CHARLESTON - MT. PLEASANT 15,2602041.178355,0.794650,1
019,Charleston,VTD 32,4501932,Charleston - VTD 32,CHARLESTON - VTD 32,3274448.266199,Charleston,019,Mt. Pleasant 4,Charleston - Mt. Pleasant 4,CHARLESTON - MT. PLEASANT 4,422109.535203,0.128910,2
019,Charleston,VTD 32,4501932,Charleston - VTD 32,CHARLESTON - VTD 32,3274448.266199,Charleston,019,Mt. Pleasant 16,Charleston - Mt. Pleasant 16,CHARLESTON - MT. PLEASANT 16,235565.828678,0.071941,3
019,Charleston,VTD 32,4501932,Charleston - VTD 32,CHARLESTON - VTD 32,3274448.266199,Charleston,019,Mt. Pleasant 17,Charleston - Mt. Pleasant 17,CHARLESTON - MT. PLEASANT 17,13063.224900,0.003989,4
019,Charleston,VTD 32,4501932,Charleston - VTD 32,CHARLESTON - VTD 32,3274448.266199,Charleston,019,Mt. Pleasant 14,Charleston - Mt. Pleasant 14,CHARLESTON - MT. PLEASANT 14,1667.029347,0.000509,5
019,Charleston,VTD 50,4501950,Charleston - VTD 50,CHARLESTON - VTD 50,460170.908995,Charleston,019,Charleston 14,Charleston - Charleston 14,CHARLESTON - CHARLESTON 14,354340.111599,0.770018,1
019,Charleston,VTD 50,4501950,Charleston - VTD 50,CHARLESTON - VTD 50,460170.908995,Charleston,019,Charleston 11,Charleston - Charleston 11,CHARLESTON - CHARLESTON 11,105821.048339,0.229960,2
019,Charleston,VTD 114,45019114,Charleston - VTD 114,CHARLESTON - VTD 114,2590803.778027,Charleston,019,St. Andrews 32,Charleston - St. Andrews 32,CHARLESTON - ST. ANDREWS 32,1515062.926389,0.584785,1
019,Charleston,VTD 114,45019114,Charleston - VTD 114,CHARLESTON - VTD 114,2590803.778027,Charleston,019,St. Andrews 31,Charleston - St. Andrews 31,CHARLESTON - ST. ANDREWS 31,1038323.882760,0.400773,2
019,Charleston,VTD 114,45019114,Charleston - VTD 114,CHARLESTON - VTD 114,2590803.778027,Charleston,019,St. Andrews 30,Charleston - St. Andrews 30,CHARLESTON - ST. ANDREWS 30,37350.098138,0.014416,3
019,Charleston,VTD 65,4501965,Charleston - VTD 65,CHARLESTON - VTD 65,6625071.058263,Charleston,019,North Charleston 2,Charleston - North Charleston 2,CHARLESTON - NORTH CHARLESTON 2,6624922.858836,0.999978,1
019,Charleston,VTD 183,45019183,Charleston - VTD 183,CHARLESTON - VTD 183,2221430.502641,Charleston,019,St. Andrews 33,Charleston - St. Andrews 33,CHARLESTON - ST. ANDREWS 33,1969509.196357,0.886595,1
019,Charleston,VTD 183,45019183,Charleston - VTD 183,CHARLESTON - VTD 183,2221430.502641,Charleston,019,St. Andrews 28,Charleston - St. Andrews 28,CHARLESTON - ST. ANDREWS 28,229826.619069,0.103459,2
019,Charleston,VTD 183,45019183,Charleston - VTD 183,CHARLESTON - VTD 183,2221430.502641,Charleston,019,St. Andrews 35,Charleston - St. Andrews 35,CHARLESTON - ST. ANDREWS 35,15969.505094,0.007189,3
019,Charleston,VTD 183,45019183,Charleston - VTD 183,CHARLESTON - VTD 183,2221430.502641,Charleston,019,St. Andrews 37,Charleston - St. Andrews 37,CHARLESTON - ST. ANDREWS 37,6125.125019,0.002757,4
019,Charleston,VTD 113,45019113,Charleston - VTD 113,CHARLESTON - VTD 113,1421135.713161,Charleston,019,St. Andrews 22,Charleston - St. Andrews 22,CHARLESTON - ST. ANDREWS 22,1421134.478197,0.999999,1
019,Charleston,VTD 29,4501929,Charleston - VTD 29,CHARLESTON - VTD 29,1714888.563066,Charleston,019,Mt. Pleasant 5,Charleston - Mt. Pleasant 5,CHARLESTON - MT. PLEASANT 5,896553.679197,0.522806,1
019,Charleston,VTD 29,4501929,Charleston - VTD 29,CHARLESTON - VTD 29,1714888.563066,Charleston,019,Mt. Pleasant 14,Charleston - Mt. Pleasant 14,CHARLESTON - MT. PLEASANT 14,655657.088833,0.382332,2
019,Charleston,VTD 29,4501929,Charleston - VTD 29,CHARLESTON - VTD 29,1714888.563066,Charleston,019,Mt. Pleasant 4,Charleston - Mt. Pleasant 4,CHARLESTON - MT. PLEASANT 4,147370.008505,0.085936,3
019,Charleston,VTD 29,4501929,Charleston - VTD 29,CHARLESTON - VTD 29,1714888.563066,Charleston,019,Mt. Pleasant 6,Charleston - Mt. Pleasant 6,CHARLESTON - MT. PLEASANT 6,13485.595726,0.007864,4
019,Charleston,VTD 29,4501929,Charleston - VTD 29,CHARLESTON - VTD 29,1714888.563066,Charleston,019,Mt. Pleasant 13,Charleston - Mt. Pleasant 13,CHARLESTON - MT. PLEASANT 13,1822.190805,0.001063,5
019,Charleston,VTD 148,45019148,Charleston - VTD 148,CHARLESTON - VTD 148,2100895.129581,Charleston,019,James Island 15,Charleston - James Island 15,CHARLESTON - JAMES ISLAND 15,2095706.604926,0.997530,1
019,Charleston,VTD 148,45019148,Charleston - VTD 148,CHARLESTON - VTD 148,2100895.129581,Charleston,019,James Island 10,Charleston - James Island 10,CHARLESTON - JAMES ISLAND 10,5067.604610,0.002412,2
019,Charleston,VTD 184,45019184,Charleston - VTD 184,CHARLESTON - VTD 184,1388268.329366,Charleston,019,St. Andrews 26,Charleston - St. Andrews 26,CHARLESTON - ST. ANDREWS 26,1078363.217126,0.776769,1
019,Charleston,VTD 184,45019184,Charleston - VTD 184,CHARLESTON - VTD 184,1388268.329366,Charleston,019,St. Andrews 25,Charleston - St. Andrews 25,CHARLESTON - ST. ANDREWS 25,193751.614930,0.139564,2
019,Charleston,VTD 184,45019184,Charleston - VTD 184,CHARLESTON - VTD 184,1388268.329366,Charleston,019,St. Andrews 29,Charleston - St. Andrews 29,CHARLESTON - ST. ANDREWS 29,116152.876704,0.083667,3
019,Charleston,VTD 111,45019111,Charleston - VTD 111,CHARLESTON - VTD 111,2493804.041383,Charleston,019,St. Andrews 34,Charleston - St. Andrews 34,CHARLESTON - ST. ANDREWS 34,2481807.793523,0.995190,1
019,Charleston,VTD 111,45019111,Charleston - VTD 111,CHARLESTON - VTD 111,2493804.041383,Charleston,019,St. Andrews 36,Charleston - St. Andrews 36,CHARLESTON - ST. ANDREWS 36,11990.540364,0.004808,2
019,Charleston,VTD 132,45019132,Charleston - VTD 132,CHARLESTON - VTD 132,2525413.838803,Charleston,019,St. Andrews 15,Charleston - St. Andrews 15,CHARLESTON - ST. ANDREWS 15,1778248.183322,0.704141,1
019,Charleston,VTD 132,45019132,Charleston - VTD 132,CHARLESTON - VTD 132,2525413.838803,Charleston,019,St. Andrews 18,Charleston - St. Andrews 18,CHARLESTON - ST. ANDREWS 18,747155.379527,0.295855,2
019,Charleston,VTD 21,4501921,Charleston - VTD 21,CHARLESTON - VTD 21,752866.079986,Charleston,019,Mt. Pleasant 8,Charleston - Mt. Pleasant 8,CHARLESTON - MT. PLEASANT 8,752852.386823,0.999982,1
019,Charleston,VTD 164,45019164,Charleston - VTD 164,CHARLESTON - VTD 164,71277305.229388,Charleston,019,Johns Island 4,Charleston - Johns Island 4,CHARLESTON - JOHNS ISLAND 4,44726540.026185,0.627500,1
019,Charleston,VTD 164,45019164,Charleston - VTD 164,CHARLESTON - VTD 164,71277305.229388,Charleston,019,Johns Island 3B,Charleston - Johns Island 3B,CHARLESTON - JOHNS ISLAND 3B,25605187.632762,0.359233,2
019,Charleston,VTD 164,45019164,Charleston - VTD 164,CHARLESTON - VTD 164,71277305.229388,Charleston,019,Johns Island 3A,Charleston - Johns Island 3A,CHARLESTON - JOHNS ISLAND 3A,584170.478987,0.008196,3
019,Charleston,VTD 164,45019164,Charleston - VTD 164,CHARLESTON - VTD 164,71277305.229388,Charleston,019,Town of Seabrook,Charleston - Town of Seabrook,CHARLESTON - TOWN OF SEABROOK,344127.348223,0.004828,4
019,Charleston,VTD 81,4501981,Charleston - VTD 81,CHARLESTON - VTD 81,3687293.148808,Charleston,019,North Charleston 28,Charleston - North Charleston 28,CHARLESTON - NORTH CHARLESTON 28,3686148.877498,0.999690,1
019,Charleston,VTD 145,45019145,Charleston - VTD 145,CHARLESTON - VTD 145,5573361.371975,Charleston,019,James Island 20,Charleston - James Island 20,CHARLESTON - JAMES ISLAND 20,5573328.815612,0.999994,1
019,Charleston,VTD 35,4501935,Charleston - VTD 35,CHARLESTON - VTD 35,4182626.241313,Charleston,019,Mt. Pleasant 3,Charleston - Mt. Pleasant 3,CHARLESTON - MT. PLEASANT 3,4176561.165387,0.998550,1
019,Charleston,VTD 35,4501935,Charleston - VTD 35,CHARLESTON - VTD 35,4182626.241313,Charleston,019,Mt. Pleasant 16,Charleston - Mt. Pleasant 16,CHARLESTON - MT. PLEASANT 16,5490.715183,0.001313,2
019,Charleston,VTD 92,4501992,Charleston - VTD 92,CHARLESTON - VTD 92,4464942.267156,Charleston,019,North Charleston 30,Charleston - North Charleston 30,CHARLESTON - NORTH CHARLESTON 30,4464075.041485,0.999806,1
019,Charleston,VTD 110,45019110,Charleston - VTD 110,CHARLESTON - VTD 110,7748176.382408,Charleston,019,St. Andrews 36,Charleston - St. Andrews 36,CHARLESTON - ST. ANDREWS 36,3540665.929565,0.456968,1
019,Charleston,VTD 110,45019110,Charleston - VTD 110,CHARLESTON - VTD 110,7748176.382408,Charleston,019,St. Andrews 37,Charleston - St. Andrews 37,CHARLESTON - ST. ANDREWS 37,2166546.168619,0.279620,2
019,Charleston,VTD 110,45019110,Charleston - VTD 110,CHARLESTON - VTD 110,7748176.382408,Charleston,019,St. Andrews 35,Charleston - St. Andrews 35,CHARLESTON - ST. ANDREWS 35,2016593.308864,0.260267,3
019,Charleston,VTD 110,45019110,Charleston - VTD 110,CHARLESTON - VTD 110,7748176.382408,Charleston,019,St. Andrews 33,Charleston - St. Andrews 33,CHARLESTON - ST. ANDREWS 33,23193.222792,0.002993,4
019,Charleston,VTD 152,45019152,Charleston - VTD 152,CHARLESTON - VTD 152,16350057.093126,Charleston,019,Mt. Pleasant 1,Charleston - Mt. Pleasant 1,CHARLESTON - MT. PLEASANT 1,9790354.116495,0.598796,1
019,Charleston,VTD 152,45019152,Charleston - VTD 152,CHARLESTON - VTD 152,16350057.093126,Charleston,019,James Island 5A,Charleston - James Island 5A,CHARLESTON - JAMES ISLAND 5A,6547986.816096,0.400487,2
019,Charleston,VTD 152,45019152,Charleston - VTD 152,CHARLESTON - VTD 152,16350057.093126,Charleston,019,James Island 12,Charleston - James Island 12,CHARLESTON - JAMES ISLAND 12,8727.903244,0.000534,3
019,Charleston,VTD 37,4501937,Charleston - VTD 37,CHARLESTON - VTD 37,1962344.185210,Charleston,019,Charleston 2,Charleston - Charleston 2,CHARLESTON - CHARLESTON 2,1027478.556884,0.523598,1
019,Charleston,VTD 37,4501937,Charleston - VTD 37,CHARLESTON - VTD 37,1962344.185210,Charleston,019,Charleston 6,Charleston - Charleston 6,CHARLESTON - CHARLESTON 6,934865.628327,0.476402,2
019,Charleston,VTD 64,4501964,Charleston - VTD 64,CHARLESTON - VTD 64,1900299.613855,Charleston,019,North Charleston 5,Charleston - North Charleston 5,CHARLESTON - NORTH CHARLESTON 5,1708167.711810,0.898894,1
019,Charleston,VTD 64,4501964,Charleston - VTD 64,CHARLESTON - VTD 64,1900299.613855,Charleston,019,North Charleston 4,Charleston - North Charleston 4,CHARLESTON - NORTH CHARLESTON 4,190759.011074,0.100384,2
019,Charleston,VTD 64,4501964,Charleston - VTD 64,CHARLESTON - VTD 64,1900299.613855,Charleston,019,North Charleston 17,Charleston - North Charleston 17,CHARLESTON - NORTH CHARLESTON 17,1152.737920,0.000607,3
019,Charleston,VTD 100,45019100,Charleston - VTD 100,CHARLESTON - VTD 100,8931846.162314,Charleston,019,North Charleston 24,Charleston - North Charleston 24,CHARLESTON - NORTH CHARLESTON 24,8807113.530195,0.986035,1
019,Charleston,VTD 100,45019100,Charleston - VTD 100,CHARLESTON - VTD 100,8931846.162314,Charleston,019,North Charleston 18,Charleston - North Charleston 18,CHARLESTON - NORTH CHARLESTON 18,124711.914726,0.013963,2
019,Charleston,VTD 173,45019173,Charleston - VTD 173,CHARLESTON - VTD 173,69354146.753144,Charleston,019,Wadmalaw Island 1,Charleston - Wadmalaw Island 1,CHARLESTON - WADMALAW ISLAND 1,69354138.784072,1.000000,1
019,Charleston,VTD 10,4501910,Charleston - VTD 10,CHARLESTON - VTD 10,2398450.764110,Charleston,019,Mt. Pleasant 25,Charleston - Mt. Pleasant 25,CHARLESTON - MT. PLEASANT 25,1851946.630779,0.772143,1
019,Charleston,VTD 10,4501910,Charleston - VTD 10,CHARLESTON - VTD 10,2398450.764110,Charleston,019,Mt. Pleasant 24,Charleston - Mt. Pleasant 24,CHARLESTON - MT. PLEASANT 24,406682.121649,0.169560,2
019,Charleston,VTD 10,4501910,Charleston - VTD 10,CHARLESTON - VTD 10,2398450.764110,Charleston,019,Mt. Pleasant 29,Charleston - Mt. Pleasant 29,CHARLESTON - MT. PLEASANT 29,137254.338705,0.057226,3
019,Charleston,VTD 10,4501910,Charleston - VTD 10,CHARLESTON - VTD 10,2398450.764110,Charleston,019,Mt. Pleasant 19,Charleston - Mt. Pleasant 19,CHARLESTON - MT. PLEASANT 19,2558.977271,0.001067,4
019,Charleston,VTD 13,4501913,Charleston - VTD 13,CHARLESTON - VTD 13,8260480.231966,Charleston,019,Mt. Pleasant 23,Charleston - Mt. Pleasant 23,CHARLESTON - MT. PLEASANT 23,4240074.814873,0.513296,1
019,Charleston,VTD 13,4501913,Charleston - VTD 13,CHARLESTON - VTD 13,8260480.231966,Charleston,019,Mt. Pleasant 20,Charleston - Mt. Pleasant 20,CHARLESTON - MT. PLEASANT 20,2181721.663842,0.264116,2
019,Charleston,VTD 13,4501913,Charleston - VTD 13,CHARLESTON - VTD 13,8260480.231966,Charleston,019,Mt. Pleasant 36,Charleston - Mt. Pleasant 36,CHARLESTON - MT. PLEASANT 36,1838083.419196,0.222515,3
019,Charleston,VTD 167,45019167,Charleston - VTD 167,CHARLESTON - VTD 167,21780476.480250,Charleston,019,James Island 2,Charleston - James Island 2,CHARLESTON - JAMES ISLAND 2,20668561.659417,0.948949,1
019,Charleston,VTD 167,45019167,Charleston - VTD 167,CHARLESTON - VTD 167,21780476.480250,Charleston,019,Johns Island 1B,Charleston - Johns Island 1B,CHARLESTON - JOHNS ISLAND 1B,1111882.237664,0.051049,2
019,Charleston,VTD 12,4501912,Charleston - VTD 12,CHARLESTON - VTD 12,1749712.311181,Charleston,019,Mt. Pleasant 19,Charleston - Mt. Pleasant 19,CHARLESTON - MT. PLEASANT 19,1746483.750579,0.998155,1
019,Charleston,VTD 12,4501912,Charleston - VTD 12,CHARLESTON - VTD 12,1749712.311181,Charleston,019,Mt. Pleasant 13,Charleston - Mt. Pleasant 13,CHARLESTON - MT. PLEASANT 13,2168.163718,0.001239,2
019,Charleston,VTD 61,4501961,Charleston - VTD 61,CHARLESTON - VTD 61,984373.512225,Charleston,019,North Charleston 1,Charleston - North Charleston 1,CHARLESTON - NORTH CHARLESTON 1,818543.103943,0.831537,1
019,Charleston,VTD 61,4501961,Charleston - VTD 61,CHARLESTON - VTD 61,984373.512225,Charleston,019,North Charleston 7,Charleston - North Charleston 7,CHARLESTON - NORTH CHARLESTON 7,156526.600895,0.159011,2
019,Charleston,VTD 61,4501961,Charleston - VTD 61,CHARLESTON - VTD 61,984373.512225,Charleston,019,Charleston 15,Charleston - Charleston 15,CHARLESTON - CHARLESTON 15,9303.698376,0.009451,3
019,Charleston,VTD 8,450198,Charleston - VTD 8,CHARLESTON - VTD 8,10571511.668641,Charleston,019,Mt. Pleasant 28,Charleston - Mt. Pleasant 28,CHARLESTON - MT. PLEASANT 28,6462522.753663,0.611315,1
019,Charleston,VTD 8,450198,Charleston - VTD 8,CHARLESTON - VTD 8,10571511.668641,Charleston,019,Mt. Pleasant 26,Charleston - Mt. Pleasant 26,CHARLESTON - MT. PLEASANT 26,2851405.174338,0.269725,2
019,Charleston,VTD 8,450198,Charleston - VTD 8,CHARLESTON - VTD 8,10571511.668641,Charleston,019,Mt. Pleasant 29,Charleston - Mt. Pleasant 29,CHARLESTON - MT. PLEASANT 29,1256177.689011,0.118827,3
019,Charleston,VTD 150,45019150,Charleston - VTD 150,CHARLESTON - VTD 150,4159012.180898,Charleston,019,James Island 13,Charleston - James Island 13,CHARLESTON - JAMES ISLAND 13,3801655.845263,0.914077,1
019,Charleston,VTD 150,45019150,Charleston - VTD 150,CHARLESTON - VTD 150,4159012.180898,Charleston,019,James Island 12,Charleston - James Island 12,CHARLESTON - JAMES ISLAND 12,356794.811979,0.085788,2
019,Charleston,VTD 172,45019172,Charleston - VTD 172,CHARLESTON - VTD 172,35692471.404678,Charleston,019,Johns Island 1A,Charleston - Johns Island 1A,CHARLESTON - JOHNS ISLAND 1A,35692469.767817,1.000000,1
019,Charleston,VTD 174,45019174,Charleston - VTD 174,CHARLESTON - VTD 174,61730838.936039,Charleston,019,Wadmalaw Island 2,Charleston - Wadmalaw Island 2,CHARLESTON - WADMALAW ISLAND 2,61722106.709328,0.999859,1
019,Charleston,VTD 170,45019170,Charleston - VTD 170,CHARLESTON - VTD 170,16891733.755989,Charleston,019,St. Andrews 28,Charleston - St. Andrews 28,CHARLESTON - ST. ANDREWS 28,16745994.245932,0.991372,1
019,Charleston,VTD 170,45019170,Charleston - VTD 170,CHARLESTON - VTD 170,16891733.755989,Charleston,019,St. Andrews 37,Charleston - St. Andrews 37,CHARLESTON - ST. ANDREWS 37,145708.094268,0.008626,2
019,Charleston,VTD 187,45019187,Charleston - VTD 187,CHARLESTON - VTD 187,54967663.105315,Charleston,019,St. Andrews 37,Charleston - St. Andrews 37,CHARLESTON - ST. ANDREWS 37,45492682.736216,0.827626,1
019,Charleston,VTD 187,45019187,Charleston - VTD 187,CHARLESTON - VTD 187,54967663.105315,Charleston,019,St. Andrews 36,Charleston - St. Andrews 36,CHARLESTON - ST. ANDREWS 36,7372540.695421,0.134125,2
019,Charleston,VTD 187,45019187,Charleston - VTD 187,CHARLESTON - VTD 187,54967663.105315,Charleston,019,St. Andrews 28,Charleston - St. Andrews 28,CHARLESTON - ST. ANDREWS 28,1546824.023588,0.028141,3
019,Charleston,VTD 187,45019187,Charleston - VTD 187,CHARLESTON - VTD 187,54967663.105315,Charleston,019,St. Andrews 34,Charleston - St. Andrews 34,CHARLESTON - ST. ANDREWS 34,274690.992334,0.004997,4
019,Charleston,VTD 179,45019179,Charleston - VTD 179,CHARLESTON - VTD 179,41332314.504545,Charleston,019,St. Pauls 4,Charleston - St. Pauls 4,CHARLESTON - ST. PAULS 4,35981234.904753,0.870535,1
019,Charleston,VTD 179,45019179,Charleston - VTD 179,CHARLESTON - VTD 179,41332314.504545,Charleston,019,St. Pauls 3,Charleston - St. Pauls 3,CHARLESTON - ST. PAULS 3,5281624.231058,0.127784,2
019,Charleston,VTD 179,45019179,Charleston - VTD 179,CHARLESTON - VTD 179,41332314.504545,Charleston,019,St. Pauls 5,Charleston - St. Pauls 5,CHARLESTON - ST. PAULS 5,64796.788748,0.001568,3
019,Charleston,VTD 180,45019180,Charleston - VTD 180,CHARLESTON - VTD 180,22254370.655682,Charleston,019,St. Pauls 5,Charleston - St. Pauls 5,CHARLESTON - ST. PAULS 5,22254071.754427,0.999987,1
019,Charleston,VTD 177,45019177,Charleston - VTD 177,CHARLESTON - VTD 177,130607305.266128,Charleston,019,St. Pauls 1,Charleston - St. Pauls 1,CHARLESTON - ST. PAULS 1,116972264.778796,0.895603,1
019,Charleston,VTD 177,45019177,Charleston - VTD 177,CHARLESTON - VTD 177,130607305.266128,Charleston,019,St. Pauls 2A,Charleston - St. Pauls 2A,CHARLESTON - ST. PAULS 2A,13070549.373814,0.100075,2
019,Charleston,VTD 177,45019177,Charleston - VTD 177,CHARLESTON - VTD 177,130607305.266128,Charleston,019,St. Pauls 2B,Charleston - St. Pauls 2B,CHARLESTON - ST. PAULS 2B,564441.146605,0.004322,3
019,Charleston,VTD 182,45019182,Charleston - VTD 182,CHARLESTON - VTD 182,143728940.099499,Charleston,019,St. Pauls 2A,Charleston - St. Pauls 2A,CHARLESTON - ST. PAULS 2A,143718985.135182,0.999931,1
019,Charleston,VTD 19,4501919,Charleston - VTD 19,CHARLESTON - VTD 19,5123563.524113,Charleston,019,Mt. Pleasant 9,Charleston - Mt. Pleasant 9,CHARLESTON - MT. PLEASANT 9,5109317.708287,0.997220,1
019,Charleston,VTD 19,4501919,Charleston - VTD 19,CHARLESTON - VTD 19,5123563.524113,Charleston,019,Mt. Pleasant 10,Charleston - Mt. Pleasant 10,CHARLESTON - MT. PLEASANT 10,9869.680643,0.001926,2
019,Charleston,VTD 19,4501919,Charleston - VTD 19,CHARLESTON - VTD 19,5123563.524113,Charleston,019,Sullivans Island,Charleston - Sullivans Island,CHARLESTON - SULLIVANS ISLAND,4043.367304,0.000789,3
019,Charleston,VTD 162,45019162,Charleston - VTD 162,CHARLESTON - VTD 162,36820063.059521,Charleston,019,Folly Beach 1,Charleston - Folly Beach 1,CHARLESTON - FOLLY BEACH 1,36820063.059521,1.000000,1
019,Charleston,VTD 80,4501980,Charleston - VTD 80,CHARLESTON - VTD 80,3850113.968277,Charleston,019,North Charleston 27,Charleston - North Charleston 27,CHARLESTON - NORTH CHARLESTON 27,2481811.562426,0.644607,1
019,Charleston,VTD 80,4501980,Charleston - VTD 80,CHARLESTON - VTD 80,3850113.968277,Charleston,019,North Charleston 26,Charleston - North Charleston 26,CHARLESTON - NORTH CHARLESTON 26,1364682.245892,0.354452,2
019,Charleston,VTD 80,4501980,Charleston - VTD 80,CHARLESTON - VTD 80,3850113.968277,Charleston,019,North Charleston 28,Charleston - North Charleston 28,CHARLESTON - NORTH CHARLESTON 28,2785.208351,0.000723,3
019,Charleston,VTD 165,45019165,Charleston - VTD 165,CHARLESTON - VTD 165,40804163.246264,Charleston,019,Johns Island 3B,Charleston - Johns Island 3B,CHARLESTON - JOHNS ISLAND 3B,23286189.706710,0.570682,1
019,Charleston,VTD 165,45019165,Charleston - VTD 165,CHARLESTON - VTD 165,40804163.246264,Charleston,019,Johns Island 4,Charleston - Johns Island 4,CHARLESTON - JOHNS ISLAND 4,17517968.740276,0.429318,2
019,Charleston,VTD 166,45019166,Charleston - VTD 166,CHARLESTON - VTD 166,21586200.845770,Charleston,019,Johns Island 3A,Charleston - Johns Island 3A,CHARLESTON - JOHNS ISLAND 3A,19989147.227594,0.926015,1
019,Charleston,VTD 166,45019166,Charleston - VTD 166,CHARLESTON - VTD 166,21586200.845770,Charleston,019,Johns Island 1B,Charleston - Johns Island 1B,CHARLESTON - JOHNS ISLAND 1B,1597017.982751,0.073983,2
019,Charleston,VTD 163,45019163,Charleston - VTD 163,CHARLESTON - VTD 163,160706985.071856,Charleston,019,Kiawah Island,Charleston - Kiawah Island,CHARLESTON - KIAWAH ISLAND,160702820.400921,0.999974,1
019,Charleston,VTD 89,4501989,Charleston - VTD 89,CHARLESTON - VTD 89,6937281.728249,Charleston,019,Ladson,Charleston - Ladson,CHARLESTON - LADSON,6583374.306921,0.948985,1
019,Charleston,VTD 178,45019178,Charleston - VTD 178,CHARLESTON - VTD 178,60883873.034028,Charleston,019,St. Pauls 3,Charleston - St. Pauls 3,CHARLESTON - ST. PAULS 3,54847486.960778,0.900854,1
019,Charleston,VTD 178,45019178,Charleston - VTD 178,CHARLESTON - VTD 178,60883873.034028,Charleston,019,St. Pauls 2B,Charleston - St. Pauls 2B,CHARLESTON - ST. PAULS 2B,6027441.954498,0.098999,2
019,Charleston,VTD 175,45019175,Charleston - VTD 175,CHARLESTON - VTD 175,24785502.270688,Charleston,019,Town of Seabrook,Charleston - Town of Seabrook,CHARLESTON - TOWN OF SEABROOK,22851407.661600,0.921967,1
019,Charleston,VTD 175,45019175,Charleston - VTD 175,CHARLESTON - VTD 175,24785502.270688,Charleston,019,Johns Island 4,Charleston - Johns Island 4,CHARLESTON - JOHNS ISLAND 4,1897907.825523,0.076573,2
019,Charleston,VTD 175,45019175,Charleston - VTD 175,CHARLESTON - VTD 175,24785502.270688,Charleston,019,Wadmalaw Island 2,Charleston - Wadmalaw Island 2,CHARLESTON - WADMALAW ISLAND 2,31901.640156,0.001287,3
019,Charleston,VTD 159,45019159,Charleston - VTD 159,CHARLESTON - VTD 159,1587911.103969,Charleston,019,James Island 9,Charleston - James Island 9,CHARLESTON - JAMES ISLAND 9,1587905.956346,0.999997,1
019,Charleston,VTD 122,45019122,Charleston - VTD 122,CHARLESTON - VTD 122,3890340.996896,Charleston,019,St. Andrews 13,Charleston - St. Andrews 13,CHARLESTON - ST. ANDREWS 13,2156568.755554,0.554339,1
019,Charleston,VTD 122,45019122,Charleston - VTD 122,CHARLESTON - VTD 122,3890340.996896,Charleston,019,St. Andrews 21,Charleston - St. Andrews 21,CHARLESTON - ST. ANDREWS 21,1649388.306702,0.423970,2
019,Charleston,VTD 122,45019122,Charleston - VTD 122,CHARLESTON - VTD 122,3890340.996896,Charleston,019,St. Andrews 20,Charleston - St. Andrews 20,CHARLESTON - ST. ANDREWS 20,43519.286217,0.011186,3
019,Charleston,VTD 122,45019122,Charleston - VTD 122,CHARLESTON - VTD 122,3890340.996896,Charleston,019,St. Andrews 22,Charleston - St. Andrews 22,CHARLESTON - ST. ANDREWS 22,39888.269983,0.010253,4
019,Charleston,VTD 39,4501939,Charleston - VTD 39,CHARLESTON - VTD 39,699931.456147,Charleston,019,Charleston 6,Charleston - Charleston 6,CHARLESTON - CHARLESTON 6,699931.456147,1.000000,1
019,Charleston,VTD 136,45019136,Charleston - VTD 136,CHARLESTON - VTD 136,4122332.241939,Charleston,019,St. Andrews 4,Charleston - St. Andrews 4,CHARLESTON - ST. ANDREWS 4,3234510.185056,0.784631,1
019,Charleston,VTD 136,45019136,Charleston - VTD 136,CHARLESTON - VTD 136,4122332.241939,Charleston,019,St. Andrews 1,Charleston - St. Andrews 1,CHARLESTON - ST. ANDREWS 1,887814.363934,0.215367,2
019,Charleston,VTD 90,4501990,Charleston - VTD 90,CHARLESTON - VTD 90,6851762.676416,Charleston,019,Licolnville,Charleston - Licolnville,CHARLESTON - LICOLNVILLE,6224434.561725,0.908443,1
019,Charleston,VTD 15,4501915,Charleston - VTD 15,CHARLESTON - VTD 15,68166907.825848,Charleston,019,Isle of Palms 1C,Charleston - Isle of Palms 1C,CHARLESTON - ISLE OF PALMS 1C,65285999.868562,0.957737,1
019,Charleston,VTD 15,4501915,Charleston - VTD 15,CHARLESTON - VTD 15,68166907.825848,Charleston,019,Isle Of Palms 1A,Charleston - Isle Of Palms 1A,CHARLESTON - ISLE OF PALMS 1A,2880906.802265,0.042263,2
019,Charleston,VTD 69,4501969,Charleston - VTD 69,CHARLESTON - VTD 69,1414415.686541,Charleston,019,North Charleston 15,Charleston - North Charleston 15,CHARLESTON - NORTH CHARLESTON 15,1414386.099370,0.999979,1
019,Charleston,VTD 14,4501914,Charleston - VTD 14,CHARLESTON - VTD 14,36670249.253305,Charleston,019,Mt. Pleasant 22,Charleston - Mt. Pleasant 22,CHARLESTON - MT. PLEASANT 22,21018412.064572,0.573173,1
019,Charleston,VTD 14,4501914,Charleston - VTD 14,CHARLESTON - VTD 14,36670249.253305,Charleston,019,Mt. Pleasant 21,Charleston - Mt. Pleasant 21,CHARLESTON - MT. PLEASANT 21,10828118.565842,0.295283,2
019,Charleston,VTD 14,4501914,Charleston - VTD 14,CHARLESTON - VTD 14,36670249.253305,Charleston,019,Mt. Pleasant 10,Charleston - Mt. Pleasant 10,CHARLESTON - MT. PLEASANT 10,4792787.789423,0.130700,3
019,Charleston,VTD 14,4501914,Charleston - VTD 14,CHARLESTON - VTD 14,36670249.253305,Charleston,019,Mt. Pleasant 11,Charleston - Mt. Pleasant 11,CHARLESTON - MT. PLEASANT 11,22742.367391,0.000620,4
019,Charleston,VTD 78,4501978,Charleston - VTD 78,CHARLESTON - VTD 78,1744484.426573,Charleston,019,North Charleston 25,Charleston - North Charleston 25,CHARLESTON - NORTH CHARLESTON 25,1586325.810117,0.909338,1
019,Charleston,VTD 78,4501978,Charleston - VTD 78,CHARLESTON - VTD 78,1744484.426573,Charleston,019,North Charleston 17,Charleston - North Charleston 17,CHARLESTON - NORTH CHARLESTON 17,90246.703974,0.051733,2
019,Charleston,VTD 78,4501978,Charleston - VTD 78,CHARLESTON - VTD 78,1744484.426573,Charleston,019,North Charleston 18,Charleston - North Charleston 18,CHARLESTON - NORTH CHARLESTON 18,67773.360585,0.038850,3
019,Charleston,VTD 75,4501975,Charleston - VTD 75,CHARLESTON - VTD 75,1339739.866023,Charleston,019,North Charleston 13,Charleston - North Charleston 13,CHARLESTON - NORTH CHARLESTON 13,1339716.161194,0.999982,1
019,Charleston,VTD 176,45019176,Charleston - VTD 176,CHARLESTON - VTD 176,271878436.200884,Charleston,019,Edisto Island,Charleston - Edisto Island,CHARLESTON - EDISTO ISLAND,239312002.112044,0.880217,1
019,Charleston,VTD 176,45019176,Charleston - VTD 176,CHARLESTON - VTD 176,271878436.200884,Charleston,019,Town of Seabrook,Charleston - Town of Seabrook,CHARLESTON - TOWN OF SEABROOK,32314491.341010,0.118856,2
019,Charleston,VTD 1,450191,Charleston - VTD 1,CHARLESTON - VTD 1,548120236.695326,Charleston,019,McClellanville,Charleston - McClellanville,CHARLESTON - MCCLELLANVILLE,548117093.013952,0.999994,1
019,Charleston,VTD 143,45019143,Charleston - VTD 143,CHARLESTON - VTD 143,2601452.464875,Charleston,019,James Island 22,Charleston - James Island 22,CHARLESTON - JAMES ISLAND 22,2601443.607208,0.999997,1
019,Charleston,VTD 57,4501957,Charleston - VTD 57,CHARLESTON - VTD 57,6647014.807476,Charleston,019,Charleston 21,Charleston - Charleston 21,CHARLESTON - CHARLESTON 21,5016579.306878,0.754712,1
019,Charleston,VTD 57,4501957,Charleston - VTD 57,CHARLESTON - VTD 57,6647014.807476,Charleston,019,North Charleston 1,Charleston - North Charleston 1,CHARLESTON - NORTH CHARLESTON 1,1613105.173894,0.242681,2
019,Charleston,VTD 57,4501957,Charleston - VTD 57,CHARLESTON - VTD 57,6647014.807476,Charleston,019,North Charleston 2,Charleston - North Charleston 2,CHARLESTON - NORTH CHARLESTON 2,12915.586372,0.001943,3
019,Charleston,VTD 57,4501957,Charleston - VTD 57,CHARLESTON - VTD 57,6647014.807476,Charleston,019,St. Andrews 12,Charleston - St. Andrews 12,CHARLESTON - ST. ANDREWS 12,4349.319110,0.000654,4
019,Charleston,VTD 103,45019103,Charleston - VTD 103,CHARLESTON - VTD 103,2307598.757267,Charleston,019,North Charleston 23,Charleston - North Charleston 23,CHARLESTON - NORTH CHARLESTON 23,2289297.707859,0.992069,1
019,Charleston,VTD 103,45019103,Charleston - VTD 103,CHARLESTON - VTD 103,2307598.757267,Charleston,019,North Charleston 24,Charleston - North Charleston 24,CHARLESTON - NORTH CHARLESTON 24,18273.950271,0.007919,2
019,Charleston,VTD 181,45019181,Charleston - VTD 181,CHARLESTON - VTD 181,45761946.051236,Charleston,019,St. Pauls 2B,Charleston - St. Pauls 2B,CHARLESTON - ST. PAULS 2B,45760741.905809,0.999974,1
019,Charleston,VTD 160,45019160,Charleston - VTD 160,CHARLESTON - VTD 160,44203879.320681,Charleston,019,James Island 1B,Charleston - James Island 1B,CHARLESTON - JAMES ISLAND 1B,32083569.249105,0.725809,1
019,Charleston,VTD 160,45019160,Charleston - VTD 160,CHARLESTON - VTD 160,44203879.320681,Charleston,019,James Island 1A,Charleston - James Island 1A,CHARLESTON - JAMES ISLAND 1A,10779885.814541,0.243867,2
019,Charleston,VTD 160,45019160,Charleston - VTD 160,CHARLESTON - VTD 160,44203879.320681,Charleston,019,Folly Beach 1,Charleston - Folly Beach 1,CHARLESTON - FOLLY BEACH 1,813068.771771,0.018394,3
019,Charleston,VTD 160,45019160,Charleston - VTD 160,CHARLESTON - VTD 160,44203879.320681,Charleston,019,Kiawah Island,Charleston - Kiawah Island,CHARLESTON - KIAWAH ISLAND,363067.498751,0.008213,4
019,Charleston,VTD 160,45019160,Charleston - VTD 160,CHARLESTON - VTD 160,44203879.320681,Charleston,019,James Island 6,Charleston - James Island 6,CHARLESTON - JAMES ISLAND 6,120282.005703,0.002721,5
019,Charleston,VTD 160,45019160,Charleston - VTD 160,CHARLESTON - VTD 160,44203879.320681,Charleston,019,Folly Beach 2,Charleston - Folly Beach 2,CHARLESTON - FOLLY BEACH 2,40548.508840,0.000917,6
019,Charleston,VTD 9,450199,Charleston - VTD 9,CHARLESTON - VTD 9,17562032.105754,Charleston,019,Mt. Pleasant 17,Charleston - Mt. Pleasant 17,CHARLESTON - MT. PLEASANT 17,9812398.359888,0.558728,1
019,Charleston,VTD 9,450199,Charleston - VTD 9,CHARLESTON - VTD 9,17562032.105754,Charleston,019,Mt. Pleasant 27,Charleston - Mt. Pleasant 27,CHARLESTON - MT. PLEASANT 27,7749363.902527,0.441257,2
019,Charleston,VTD 3,450193,Charleston - VTD 3,CHARLESTON - VTD 3,322415635.453299,Charleston,019,Awendaw,Charleston - Awendaw,CHARLESTON - AWENDAW,322414303.528284,0.999996,1
019,Charleston,VTD 6,450196,Charleston - VTD 6,CHARLESTON - VTD 6,12601662.890972,Charleston,019,Mt. Pleasant 31,Charleston - Mt. Pleasant 31,CHARLESTON - MT. PLEASANT 31,6950956.382323,0.551590,1
019,Charleston,VTD 6,450196,Charleston - VTD 6,CHARLESTON - VTD 6,12601662.890972,Charleston,019,Mt. Pleasant 32,Charleston - Mt. Pleasant 32,CHARLESTON - MT. PLEASANT 32,5641658.554391,0.447692,2
019,Charleston,VTD 5,450195,Charleston - VTD 5,CHARLESTON - VTD 5,119740176.820051,Charleston,019,Mt. Pleasant 37,Charleston - Mt. Pleasant 37,CHARLESTON - MT. PLEASANT 37,96125166.016139,0.802781,1
019,Charleston,VTD 5,450195,Charleston - VTD 5,CHARLESTON - VTD 5,119740176.820051,Charleston,019,Isle of Palms 1C,Charleston - Isle of Palms 1C,CHARLESTON - ISLE OF PALMS 1C,19807907.344496,0.165424,2
019,Charleston,VTD 5,450195,Charleston - VTD 5,CHARLESTON - VTD 5,119740176.820051,Charleston,019,Mt. Pleasant 38,Charleston - Mt. Pleasant 38,CHARLESTON - MT. PLEASANT 38,3702257.682509,0.030919,3
019,Charleston,VTD 5,450195,Charleston - VTD 5,CHARLESTON - VTD 5,119740176.820051,Charleston,019,Awendaw,Charleston - Awendaw,CHARLESTON - AWENDAW,103266.790133,0.000862,4
019,Charleston,VTD 4,450194,Charleston - VTD 4,CHARLESTON - VTD 4,44072067.613596,Charleston,019,Mt. Pleasant 39,Charleston - Mt. Pleasant 39,CHARLESTON - MT. PLEASANT 39,15007425.953455,0.340520,1
019,Charleston,VTD 4,450194,Charleston - VTD 4,CHARLESTON - VTD 4,44072067.613596,Charleston,019,Mt. Pleasant 35,Charleston - Mt. Pleasant 35,CHARLESTON - MT. PLEASANT 35,12966434.821804,0.294210,2
019,Charleston,VTD 4,450194,Charleston - VTD 4,CHARLESTON - VTD 4,44072067.613596,Charleston,019,Mt. Pleasant 33,Charleston - Mt. Pleasant 33,CHARLESTON - MT. PLEASANT 33,11742605.929180,0.266441,3
019,Charleston,VTD 4,450194,Charleston - VTD 4,CHARLESTON - VTD 4,44072067.613596,Charleston,019,Mt. Pleasant 34,Charleston - Mt. Pleasant 34,CHARLESTON - MT. PLEASANT 34,1916366.438303,0.043483,4
019,Charleston,VTD 4,450194,Charleston - VTD 4,CHARLESTON - VTD 4,44072067.613596,Charleston,019,Mt. Pleasant 36,Charleston - Mt. Pleasant 36,CHARLESTON - MT. PLEASANT 36,1496566.686791,0.033957,5
019,Charleston,VTD 4,450194,Charleston - VTD 4,CHARLESTON - VTD 4,44072067.613596,Charleston,019,Mt. Pleasant 31,Charleston - Mt. Pleasant 31,CHARLESTON - MT. PLEASANT 31,841884.363953,0.019102,6
019,Charleston,VTD 60,4501960,Charleston - VTD 60,CHARLESTON - VTD 60,8618548.982210,Charleston,019,Charleston 15,Charleston - Charleston 15,CHARLESTON - CHARLESTON 15,5005147.484613,0.580741,1
019,Charleston,VTD 60,4501960,Charleston - VTD 60,CHARLESTON - VTD 60,8618548.982210,Charleston,019,North Charleston 8,Charleston - North Charleston 8,CHARLESTON - NORTH CHARLESTON 8,2041149.104069,0.236832,2
019,Charleston,VTD 60,4501960,Charleston - VTD 60,CHARLESTON - VTD 60,8618548.982210,Charleston,019,North Charleston 7,Charleston - North Charleston 7,CHARLESTON - NORTH CHARLESTON 7,1571889.098116,0.182384,3
019,Charleston,VTD 2,450192,Charleston - VTD 2,CHARLESTON - VTD 2,254011543.827945,Charleston,019,Christ Church,Charleston - Christ Church,CHARLESTON - CHRIST CHURCH,253697020.524675,0.998762,1
019,Charleston,VTD 171,45019171,Charleston - VTD 171,CHARLESTON - VTD 171,73569919.059671,Charleston,019,St. Pauls 6,Charleston - St. Pauls 6,CHARLESTON - ST. PAULS 6,73555223.297520,0.999800,1
019,Charleston,VTD 161,45019161,Charleston - VTD 161,CHARLESTON - VTD 161,118673448.552721,Charleston,019,Folly Beach 2,Charleston - Folly Beach 2,CHARLESTON - FOLLY BEACH 2,118592467.756527,0.999318,1
019,Charleston,VTD 161,45019161,Charleston - VTD 161,CHARLESTON - VTD 161,118673448.552721,Charleston,019,Folly Beach 1,Charleston - Folly Beach 1,CHARLESTON - FOLLY BEACH 1,61154.337022,0.000515,2
019,Charleston,VTD 18,4501918,Charleston - VTD 18,CHARLESTON - VTD 18,49279385.248269,Charleston,019,Sullivans Island,Charleston - Sullivans Island,CHARLESTON - SULLIVANS ISLAND,48502078.503427,0.984227,1
019,Charleston,VTD 18,4501918,Charleston - VTD 18,CHARLESTON - VTD 18,49279385.248269,Charleston,019,Folly Beach 2,Charleston - Folly Beach 2,CHARLESTON - FOLLY BEACH 2,647965.038208,0.013149,2
019,Charleston,VTD 18,4501918,Charleston - VTD 18,CHARLESTON - VTD 18,49279385.248269,Charleston,019,James Island 5A,Charleston - James Island 5A,CHARLESTON - JAMES ISLAND 5A,108356.615933,0.002199,3
021,Cherokee,VTD 14,4502114,Cherokee - VTD 14,CHEROKEE - VTD 14,26269332.210235,Cherokee,021,Alma Mill,Cherokee - Alma Mill,CHEROKEE - ALMA MILL,24482589.265529,0.931984,1
021,Cherokee,VTD 14,4502114,Cherokee - VTD 14,CHEROKEE - VTD 14,26269332.210235,Cherokee,021,Draytonville,Cherokee - Draytonville,CHEROKEE - DRAYTONVILLE,1606402.936146,0.061151,2
021,Cherokee,VTD 14,4502114,Cherokee - VTD 14,CHEROKEE - VTD 14,26269332.210235,Cherokee,021,Gaffney Ward No. 3,Cherokee - Gaffney Ward No. 3,CHEROKEE - GAFFNEY WARD NO. 3,86032.275294,0.003275,3
021,Cherokee,VTD 14,4502114,Cherokee - VTD 14,CHEROKEE - VTD 14,26269332.210235,Cherokee,021,Limestone Mill,Cherokee - Limestone Mill,CHEROKEE - LIMESTONE MILL,82907.219504,0.003156,4
021,Cherokee,VTD 40,4502140,Cherokee - VTD 40,CHEROKEE - VTD 40,1428330.031164,Cherokee,021,Gaffney Ward No. 1,Cherokee - Gaffney Ward No. 1,CHEROKEE - GAFFNEY WARD NO. 1,1418404.701068,0.993051,1
021,Cherokee,VTD 40,4502140,Cherokee - VTD 40,CHEROKEE - VTD 40,1428330.031164,Cherokee,021,Alma Mill,Cherokee - Alma Mill,CHEROKEE - ALMA MILL,7739.510399,0.005419,2
021,Cherokee,VTD 40,4502140,Cherokee - VTD 40,CHEROKEE - VTD 40,1428330.031164,Cherokee,021,Limestone Mill,Cherokee - Limestone Mill,CHEROKEE - LIMESTONE MILL,2185.819697,0.001530,3
021,Cherokee,VTD 37,4502137,Cherokee - VTD 37,CHEROKEE - VTD 37,3814079.860678,Cherokee,021,Limestone Mill,Cherokee - Limestone Mill,CHEROKEE - LIMESTONE MILL,3692315.537988,0.968075,1
021,Cherokee,VTD 37,4502137,Cherokee - VTD 37,CHEROKEE - VTD 37,3814079.860678,Cherokee,021,Alma Mill,Cherokee - Alma Mill,CHEROKEE - ALMA MILL,112877.339467,0.029595,2
021,Cherokee,VTD 37,4502137,Cherokee - VTD 37,CHEROKEE - VTD 37,3814079.860678,Cherokee,021,Gaffney Ward No. 1,Cherokee - Gaffney Ward No. 1,CHEROKEE - GAFFNEY WARD NO. 1,8886.983223,0.002330,3
021,Cherokee,VTD 38,4502138,Cherokee - VTD 38,CHEROKEE - VTD 38,3133026.017113,Cherokee,021,Gaffney Ward No. 6,Cherokee - Gaffney Ward No. 6,CHEROKEE - GAFFNEY WARD NO. 6,3079071.037599,0.982779,1
021,Cherokee,VTD 38,4502138,Cherokee - VTD 38,CHEROKEE - VTD 38,3133026.017113,Cherokee,021,Musgrove Mill,Cherokee - Musgrove Mill,CHEROKEE - MUSGROVE MILL,53954.979513,0.017221,2
021,Cherokee,VTD 41,4502141,Cherokee - VTD 41,CHEROKEE - VTD 41,2571211.681393,Cherokee,021,Gaffney Ward No. 3,Cherokee - Gaffney Ward No. 3,CHEROKEE - GAFFNEY WARD NO. 3,2507003.336835,0.975028,1
021,Cherokee,VTD 41,4502141,Cherokee - VTD 41,CHEROKEE - VTD 41,2571211.681393,Cherokee,021,Alma Mill,Cherokee - Alma Mill,CHEROKEE - ALMA MILL,64208.283855,0.024972,2
021,Cherokee,VTD 21,4502121,Cherokee - VTD 21,CHEROKEE - VTD 21,1371874.374833,Cherokee,021,Central,Cherokee - Central,CHEROKEE - CENTRAL,1287533.465824,0.938521,1
021,Cherokee,VTD 21,4502121,Cherokee - VTD 21,CHEROKEE - VTD 21,1371874.374833,Cherokee,021,Gaffney Ward No. 5,Cherokee - Gaffney Ward No. 5,CHEROKEE - GAFFNEY WARD NO. 5,44339.235631,0.032320,2
021,Cherokee,VTD 21,4502121,Cherokee - VTD 21,CHEROKEE - VTD 21,1371874.374833,Cherokee,021,Gaffney Ward No. 6,Cherokee - Gaffney Ward No. 6,CHEROKEE - GAFFNEY WARD NO. 6,40001.673377,0.029158,3
021,Cherokee,VTD 39,4502139,Cherokee - VTD 39,CHEROKEE - VTD 39,1190571.969289,Cherokee,021,Gaffney Ward No. 5,Cherokee - Gaffney Ward No. 5,CHEROKEE - GAFFNEY WARD NO. 5,1051998.794491,0.883608,1
021,Cherokee,VTD 39,4502139,Cherokee - VTD 39,CHEROKEE - VTD 39,1190571.969289,Cherokee,021,Gaffney Ward No. 6,Cherokee - Gaffney Ward No. 6,CHEROKEE - GAFFNEY WARD NO. 6,138573.174797,0.116392,2
021,Cherokee,VTD 13,4502113,Cherokee - VTD 13,CHEROKEE - VTD 13,52927596.359791,Cherokee,021,Macedonia,Cherokee - Macedonia,CHEROKEE - MACEDONIA,52030240.300027,0.983046,1
021,Cherokee,VTD 13,4502113,Cherokee - VTD 13,CHEROKEE - VTD 13,52927596.359791,Cherokee,021,Ezells-Butler,Cherokee - Ezells-Butler,CHEROKEE - EZELLS-BUTLER,630788.290780,0.011918,2
021,Cherokee,VTD 13,4502113,Cherokee - VTD 13,CHEROKEE - VTD 13,52927596.359791,Cherokee,021,Gaffney Ward No. 4,Cherokee - Gaffney Ward No. 4,CHEROKEE - GAFFNEY WARD NO. 4,168644.663174,0.003186,3
021,Cherokee,VTD 13,4502113,Cherokee - VTD 13,CHEROKEE - VTD 13,52927596.359791,Cherokee,021,Pleasant Meadows,Cherokee - Pleasant Meadows,CHEROKEE - PLEASANT MEADOWS,97923.105810,0.001850,4
021,Cherokee,VTD 34,4502134,Cherokee - VTD 34,CHEROKEE - VTD 34,4094188.062564,Cherokee,021,Gaffney Ward No. 4,Cherokee - Gaffney Ward No. 4,CHEROKEE - GAFFNEY WARD NO. 4,3913933.587133,0.955973,1
021,Cherokee,VTD 34,4502134,Cherokee - VTD 34,CHEROKEE - VTD 34,4094188.062564,Cherokee,021,Musgrove Mill,Cherokee - Musgrove Mill,CHEROKEE - MUSGROVE MILL,163859.435968,0.040022,2
021,Cherokee,VTD 34,4502134,Cherokee - VTD 34,CHEROKEE - VTD 34,4094188.062564,Cherokee,021,Macedonia,Cherokee - Macedonia,CHEROKEE - MACEDONIA,16394.943246,0.004004,3
021,Cherokee,VTD 35,4502135,Cherokee - VTD 35,CHEROKEE - VTD 35,2664949.847986,Cherokee,021,Pleasant Meadows,Cherokee - Pleasant Meadows,CHEROKEE - PLEASANT MEADOWS,2641411.070427,0.991167,1
021,Cherokee,VTD 35,4502135,Cherokee - VTD 35,CHEROKEE - VTD 35,2664949.847986,Cherokee,021,Gaffney Ward No. 4,Cherokee - Gaffney Ward No. 4,CHEROKEE - GAFFNEY WARD NO. 4,22681.844879,0.008511,2
021,Cherokee,VTD 36,4502136,Cherokee - VTD 36,CHEROKEE - VTD 36,2732628.860764,Cherokee,021,Gaffney Ward No. 2,Cherokee - Gaffney Ward No. 2,CHEROKEE - GAFFNEY WARD NO. 2,2640832.375237,0.966407,1
021,Cherokee,VTD 36,4502136,Cherokee - VTD 36,CHEROKEE - VTD 36,2732628.860764,Cherokee,021,Alma Mill,Cherokee - Alma Mill,CHEROKEE - ALMA MILL,51434.348728,0.018822,2
021,Cherokee,VTD 36,4502136,Cherokee - VTD 36,CHEROKEE - VTD 36,2732628.860764,Cherokee,021,Grassy Pond,Cherokee - Grassy Pond,CHEROKEE - GRASSY POND,40362.136799,0.014770,3
021,Cherokee,VTD 9,450219,Cherokee - VTD 9,CHEROKEE - VTD 9,25343992.554023,Cherokee,021,Pleasant Grove,Cherokee - Pleasant Grove,CHEROKEE - PLEASANT GROVE,25343992.554023,1.000000,1
021,Cherokee,VTD 12,4502112,Cherokee - VTD 12,CHEROKEE - VTD 12,18652990.301608,Cherokee,021,Ezells-Butler,Cherokee - Ezells-Butler,CHEROKEE - EZELLS-BUTLER,18652984.795927,1.000000,1
021,Cherokee,VTD 8,450218,Cherokee - VTD 8,CHEROKEE - VTD 8,26832239.670880,Cherokee,021,Ezells-Butler,Cherokee - Ezells-Butler,CHEROKEE - EZELLS-BUTLER,24758430.154539,0.922712,1
021,Cherokee,VTD 8,450218,Cherokee - VTD 8,CHEROKEE - VTD 8,26832239.670880,Cherokee,021,Ashworth,Cherokee - Ashworth,CHEROKEE - ASHWORTH,2073809.465164,0.077288,2
021,Cherokee,VTD 20,4502120,Cherokee - VTD 20,CHEROKEE - VTD 20,38485848.233406,Cherokee,021,Musgrove Mill,Cherokee - Musgrove Mill,CHEROKEE - MUSGROVE MILL,34946640.875009,0.908039,1
021,Cherokee,VTD 20,4502120,Cherokee - VTD 20,CHEROKEE - VTD 20,38485848.233406,Cherokee,021,Allens,Cherokee - Allens,CHEROKEE - ALLENS,3437248.635127,0.089312,2
021,Cherokee,VTD 20,4502120,Cherokee - VTD 20,CHEROKEE - VTD 20,38485848.233406,Cherokee,021,Macedonia,Cherokee - Macedonia,CHEROKEE - MACEDONIA,85464.684895,0.002221,3
021,Cherokee,VTD 19,4502119,Cherokee - VTD 19,CHEROKEE - VTD 19,25013151.617323,Cherokee,021,Goucher and Thicketty,Cherokee - Goucher and Thicketty,CHEROKEE - GOUCHER AND THICKETTY,25013151.617323,1.000000,1
021,Cherokee,VTD 26,4502126,Cherokee - VTD 26,CHEROKEE - VTD 26,49304742.513531,Cherokee,021,Draytonville,Cherokee - Draytonville,CHEROKEE - DRAYTONVILLE,49304742.513531,1.000000,1
021,Cherokee,VTD 30,4502130,Cherokee - VTD 30,CHEROKEE - VTD 30,48252277.206823,Cherokee,021,Timber Ridge,Cherokee - Timber Ridge,CHEROKEE - TIMBER RIDGE,48252277.206823,1.000000,1
021,Cherokee,VTD 25,4502125,Cherokee - VTD 25,CHEROKEE - VTD 25,22767867.857536,Cherokee,021,Allens,Cherokee - Allens,CHEROKEE - ALLENS,22720406.068687,0.997915,1
021,Cherokee,VTD 25,4502125,Cherokee - VTD 25,CHEROKEE - VTD 25,22767867.857536,Cherokee,021,Goucher and Thicketty,Cherokee - Goucher and Thicketty,CHEROKEE - GOUCHER AND THICKETTY,47461.788849,0.002085,2
021,Cherokee,VTD 24,4502124,Cherokee - VTD 24,CHEROKEE - VTD 24,31878787.331036,Cherokee,021,Goucher and Thicketty,Cherokee - Goucher and Thicketty,CHEROKEE - GOUCHER AND THICKETTY,31865540.898068,0.999584,1
021,Cherokee,VTD 23,4502123,Cherokee - VTD 23,CHEROKEE - VTD 23,28450322.939256,Cherokee,021,White Plains,Cherokee - White Plains,CHEROKEE - WHITE PLAINS,27172819.048466,0.955097,1
021,Cherokee,VTD 23,4502123,Cherokee - VTD 23,CHEROKEE - VTD 23,28450322.939256,Cherokee,021,Goucher and Thicketty,Cherokee - Goucher and Thicketty,CHEROKEE - GOUCHER AND THICKETTY,1277503.890784,0.044903,2
021,Cherokee,VTD 28,4502128,Cherokee - VTD 28,CHEROKEE - VTD 28,10388780.913781,Cherokee,021,Ravenna and Brown's Mill,Cherokee - Ravenna and Brown's Mill,CHEROKEE - RAVENNA AND BROWNS MILL,10388779.039130,1.000000,1
021,Cherokee,VTD 29,4502129,Cherokee - VTD 29,CHEROKEE - VTD 29,47529973.036829,Cherokee,021,Ravenna and Brown's Mill,Cherokee - Ravenna and Brown's Mill,CHEROKEE - RAVENNA AND BROWNS MILL,35262444.858106,0.741899,1
021,Cherokee,VTD 29,4502129,Cherokee - VTD 29,CHEROKEE - VTD 29,47529973.036829,Cherokee,021,Little John and Sarratt's,Cherokee - Little John and Sarratt's,CHEROKEE - LITTLE JOHN AND SARRATTS,12267527.494728,0.258101,2
021,Cherokee,VTD 32,4502132,Cherokee - VTD 32,CHEROKEE - VTD 32,32885482.393670,Cherokee,021,Little John and Sarratt's,Cherokee - Little John and Sarratt's,CHEROKEE - LITTLE JOHN AND SARRATTS,32885482.393670,1.000000,1
021,Cherokee,VTD 33,4502133,Cherokee - VTD 33,CHEROKEE - VTD 33,58833181.493241,Cherokee,021,Little John and Sarratt's,Cherokee - Little John and Sarratt's,CHEROKEE - LITTLE JOHN AND SARRATTS,58154383.763014,0.988462,1
021,Cherokee,VTD 33,4502133,Cherokee - VTD 33,CHEROKEE - VTD 33,58833181.493241,Cherokee,021,Wilkinsville and Metcalf,Cherokee - Wilkinsville and Metcalf,CHEROKEE - WILKINSVILLE AND METCALF,678796.868091,0.011538,2
021,Cherokee,VTD 31,4502131,Cherokee - VTD 31,CHEROKEE - VTD 31,69991067.118418,Cherokee,021,Wilkinsville and Metcalf,Cherokee - Wilkinsville and Metcalf,CHEROKEE - WILKINSVILLE AND METCALF,67072641.834915,0.958303,1
021,Cherokee,VTD 31,4502131,Cherokee - VTD 31,CHEROKEE - VTD 31,69991067.118418,Cherokee,021,Little John and Sarratt's,Cherokee - Little John and Sarratt's,CHEROKEE - LITTLE JOHN AND SARRATTS,2918425.283504,0.041697,2
021,Cherokee,VTD 27,4502127,Cherokee - VTD 27,CHEROKEE - VTD 27,35382695.673740,Cherokee,021,Wilkinsville and Metcalf,Cherokee - Wilkinsville and Metcalf,CHEROKEE - WILKINSVILLE AND METCALF,29018660.696966,0.820137,1
021,Cherokee,VTD 27,4502127,Cherokee - VTD 27,CHEROKEE - VTD 27,35382695.673740,Cherokee,021,Draytonville,Cherokee - Draytonville,CHEROKEE - DRAYTONVILLE,6364026.584985,0.179863,2
021,Cherokee,VTD 22,4502122,Cherokee - VTD 22,CHEROKEE - VTD 22,19874378.664449,Cherokee,021,Ninety Nine and Cherokee Falls,Cherokee - Ninety Nine and Cherokee Falls,CHEROKEE - NINETY NINE AND CHEROKEE FALLS,19874376.605413,1.000000,1
021,Cherokee,VTD 18,4502118,Cherokee - VTD 18,CHEROKEE - VTD 18,42570549.763111,Cherokee,021,Antioch and King's Creek,Cherokee - Antioch and King's Creek,CHEROKEE - ANTIOCH AND KINGS CREEK,41158820.992912,0.966838,1
021,Cherokee,VTD 18,4502118,Cherokee - VTD 18,CHEROKEE - VTD 18,42570549.763111,Cherokee,021,Ninety Nine and Cherokee Falls,Cherokee - Ninety Nine and Cherokee Falls,CHEROKEE - NINETY NINE AND CHEROKEE FALLS,1411727.852865,0.033162,2
021,Cherokee,VTD 17,4502117,Cherokee - VTD 17,CHEROKEE - VTD 17,18672757.773637,Cherokee,021,Blacksburg Ward No. 1,Cherokee - Blacksburg Ward No. 1,CHEROKEE - BLACKSBURG WARD NO. 1,18571053.048839,0.994553,1
021,Cherokee,VTD 17,4502117,Cherokee - VTD 17,CHEROKEE - VTD 17,18672757.773637,Cherokee,021,Blacksburg Ward No. 4,Cherokee - Blacksburg Ward No. 4,CHEROKEE - BLACKSBURG WARD NO. 4,101704.724798,0.005447,2
021,Cherokee,VTD 7,450217,Cherokee - VTD 7,CHEROKEE - VTD 7,40992095.658189,Cherokee,021,Antioch and King's Creek,Cherokee - Antioch and King's Creek,CHEROKEE - ANTIOCH AND KINGS CREEK,40992095.658189,1.000000,1
021,Cherokee,VTD 11,4502111,Cherokee - VTD 11,CHEROKEE - VTD 11,7282385.801339,Cherokee,021,Blacksburg Ward No. 2,Cherokee - Blacksburg Ward No. 2,CHEROKEE - BLACKSBURG WARD NO. 2,7259717.347508,0.996887,1
021,Cherokee,VTD 11,4502111,Cherokee - VTD 11,CHEROKEE - VTD 11,7282385.801339,Cherokee,021,Antioch and King's Creek,Cherokee - Antioch and King's Creek,CHEROKEE - ANTIOCH AND KINGS CREEK,22668.453831,0.003113,2
021,Cherokee,VTD 10,4502110,Cherokee - VTD 10,CHEROKEE - VTD 10,14428179.228306,Cherokee,021,Blacksburg Ward No. 3,Cherokee - Blacksburg Ward No. 3,CHEROKEE - BLACKSBURG WARD NO. 3,14327768.478032,0.993041,1
021,Cherokee,VTD 10,4502110,Cherokee - VTD 10,CHEROKEE - VTD 10,14428179.228306,Cherokee,021,Blacksburg Ward No. 2,Cherokee - Blacksburg Ward No. 2,CHEROKEE - BLACKSBURG WARD NO. 2,100410.750274,0.006959,2
021,Cherokee,VTD 16,4502116,Cherokee - VTD 16,CHEROKEE - VTD 16,9494894.110674,Cherokee,021,Blacksburg Ward No. 4,Cherokee - Blacksburg Ward No. 4,CHEROKEE - BLACKSBURG WARD NO. 4,9494894.110674,1.000000,1
021,Cherokee,VTD 15,4502115,Cherokee - VTD 15,CHEROKEE - VTD 15,19163683.556774,Cherokee,021,Ninety Nine and Cherokee Falls,Cherokee - Ninety Nine and Cherokee Falls,CHEROKEE - NINETY NINE AND CHEROKEE FALLS,19163683.556774,1.000000,1
021,Cherokee,VTD 6,450216,Cherokee - VTD 6,CHEROKEE - VTD 6,20376194.715381,Cherokee,021,Holly Grove and Buffalo,Cherokee - Holly Grove and Buffalo,CHEROKEE - HOLLY GROVE AND BUFFALO,20376182.008117,0.999999,1
021,Cherokee,VTD 5,450215,Cherokee - VTD 5,CHEROKEE - VTD 5,31239296.789047,Cherokee,021,Holly Grove and Buffalo,Cherokee - Holly Grove and Buffalo,CHEROKEE - HOLLY GROVE AND BUFFALO,31207389.419080,0.998979,1
021,Cherokee,VTD 5,450215,Cherokee - VTD 5,CHEROKEE - VTD 5,31239296.789047,Cherokee,021,Pleasant Grove,Cherokee - Pleasant Grove,CHEROKEE - PLEASANT GROVE,31907.369968,0.001021,2
021,Cherokee,VTD 4,450214,Cherokee - VTD 4,CHEROKEE - VTD 4,46291528.631276,Cherokee,021,Grassy Pond,Cherokee - Grassy Pond,CHEROKEE - GRASSY POND,45295401.731364,0.978481,1
021,Cherokee,VTD 4,450214,Cherokee - VTD 4,CHEROKEE - VTD 4,46291528.631276,Cherokee,021,Pleasant Grove,Cherokee - Pleasant Grove,CHEROKEE - PLEASANT GROVE,996125.108439,0.021519,2
021,Cherokee,VTD 3,450213,Cherokee - VTD 3,CHEROKEE - VTD 3,19483316.631754,Cherokee,021,Wood's,Cherokee - Wood's,CHEROKEE - WOODS,19483316.631754,1.000000,1
021,Cherokee,VTD 2,450212,Cherokee - VTD 2,CHEROKEE - VTD 2,32616200.036823,Cherokee,021,Ashworth,Cherokee - Ashworth,CHEROKEE - ASHWORTH,32615693.563942,0.999984,1
021,Cherokee,VTD 1,450211,Cherokee - VTD 1,CHEROKEE - VTD 1,34010045.997950,Cherokee,021,Morgan,Cherokee - Morgan,CHEROKEE - MORGAN,34010038.831955,1.000000,1
023,Chester,VTD 8,450238,Chester - VTD 8,CHESTER - VTD 8,64913383.785550,Chester,023,Baton Rouge,Chester - Baton Rouge,CHESTER - BATON ROUGE,64229485.027505,0.989464,1
023,Chester,VTD 8,450238,Chester - VTD 8,CHESTER - VTD 8,64913383.785550,Chester,023,Baldwin Mill,Chester - Baldwin Mill,CHESTER - BALDWIN MILL,682366.017537,0.010512,2
023,Chester,VTD 14,4502314,Chester - VTD 14,CHESTER - VTD 14,70364547.002722,Chester,023,Halsellville,Chester - Halsellville,CHESTER - HALSELLVILLE,66839838.934939,0.949908,1
023,Chester,VTD 14,4502314,Chester - VTD 14,CHESTER - VTD 14,70364547.002722,Chester,023,Wilksburg,Chester - Wilksburg,CHESTER - WILKSBURG,3524566.473764,0.050090,2
023,Chester,VTD 1,450231,Chester - VTD 1,CHESTER - VTD 1,94955372.642022,Chester,023,Wilksburg,Chester - Wilksburg,CHESTER - WILKSBURG,94901196.461563,0.999429,1
023,Chester,VTD 21,4502321,Chester - VTD 21,CHESTER - VTD 21,49150233.194753,Chester,023,Blackstock,Chester - Blackstock,CHESTER - BLACKSTOCK,49150233.082800,1.000000,1
023,Chester,VTD 3,450233,Chester - VTD 3,CHESTER - VTD 3,92701466.518954,Chester,023,Lowrys,Chester - Lowrys,CHESTER - LOWRYS,89415030.003662,0.964548,1
023,Chester,VTD 3,450233,Chester - VTD 3,CHESTER - VTD 3,92701466.518954,Chester,023,Rodman,Chester - Rodman,CHESTER - RODMAN,3286419.724549,0.035452,2
023,Chester,VTD 2,450232,Chester - VTD 2,CHESTER - VTD 2,41920922.134092,Chester,023,Baton Rouge,Chester - Baton Rouge,CHESTER - BATON ROUGE,40102754.371657,0.956629,1
023,Chester,VTD 2,450232,Chester - VTD 2,CHESTER - VTD 2,41920922.134092,Chester,023,Wilksburg,Chester - Wilksburg,CHESTER - WILKSBURG,1818166.655572,0.043371,2
023,Chester,VTD 19,4502319,Chester - VTD 19,CHESTER - VTD 19,72014241.589417,Chester,023,Halsellville,Chester - Halsellville,CHESTER - HALSELLVILLE,66271972.023560,0.920262,1
023,Chester,VTD 19,4502319,Chester - VTD 19,CHESTER - VTD 19,72014241.589417,Chester,023,Blackstock,Chester - Blackstock,CHESTER - BLACKSTOCK,5732320.098251,0.079600,2
023,Chester,VTD 20,4502320,Chester - VTD 20,CHESTER - VTD 20,71520351.096024,Chester,023,Blackstock,Chester - Blackstock,CHESTER - BLACKSTOCK,71519213.605693,0.999984,1
023,Chester,VTD 10,4502310,Chester - VTD 10,CHESTER - VTD 10,25062325.194376,Chester,023,Chester Ward 1,Chester - Chester Ward 1,CHESTER - CHESTER WARD 1,25060982.093490,0.999946,1
023,Chester,VTD 18,4502318,Chester - VTD 18,CHESTER - VTD 18,72405432.800414,Chester,023,Fort Lawn,Chester - Fort Lawn,CHESTER - FORT LAWN,67412380.340169,0.931040,1
023,Chester,VTD 18,4502318,Chester - VTD 18,CHESTER - VTD 18,72405432.800414,Chester,023,Richburg,Chester - Richburg,CHESTER - RICHBURG,2981673.830079,0.041180,2
023,Chester,VTD 18,4502318,Chester - VTD 18,CHESTER - VTD 18,72405432.800414,Chester,023,Beckhamville,Chester - Beckhamville,CHESTER - BECKHAMVILLE,2011378.566226,0.027779,3
023,Chester,VTD 24,4502324,Chester - VTD 24,CHESTER - VTD 24,79644820.165522,Chester,023,Rossville,Chester - Rossville,CHESTER - ROSSVILLE,77339049.647428,0.971049,1
023,Chester,VTD 24,4502324,Chester - VTD 24,CHESTER - VTD 24,79644820.165522,Chester,023,Richburg,Chester - Richburg,CHESTER - RICHBURG,2305703.076695,0.028950,2
023,Chester,VTD 11,4502311,Chester - VTD 11,CHESTER - VTD 11,18191051.733117,Chester,023,Eureka Mill,Chester - Eureka Mill,CHESTER - EUREKA MILL,18190674.780024,0.999979,1
023,Chester,VTD 15,4502315,Chester - VTD 15,CHESTER - VTD 15,8283985.947565,Chester,023,Chester Ward 4,Chester - Chester Ward 4,CHESTER - CHESTER WARD 4,8283887.106730,0.999988,1
023,Chester,VTD 23,4502323,Chester - VTD 23,CHESTER - VTD 23,66571360.150823,Chester,023,Hazelwood,Chester - Hazelwood,CHESTER - HAZELWOOD,66571359.977734,1.000000,1
023,Chester,VTD 16,4502316,Chester - VTD 16,CHESTER - VTD 16,84005914.496601,Chester,023,Chester Ward 1,Chester - Chester Ward 1,CHESTER - CHESTER WARD 1,84004486.005626,0.999983,1
023,Chester,VTD 9,450239,Chester - VTD 9,CHESTER - VTD 9,45920187.453598,Chester,023,Baldwin Mill,Chester - Baldwin Mill,CHESTER - BALDWIN MILL,45909775.507222,0.999773,1
023,Chester,VTD 7,450237,Chester - VTD 7,CHESTER - VTD 7,55621988.934702,Chester,023,Wilksburg,Chester - Wilksburg,CHESTER - WILKSBURG,55621986.799799,1.000000,1
023,Chester,VTD 17,4502317,Chester - VTD 17,CHESTER - VTD 17,104433883.462501,Chester,023,Richburg,Chester - Richburg,CHESTER - RICHBURG,100624594.435946,0.963524,1
023,Chester,VTD 17,4502317,Chester - VTD 17,CHESTER - VTD 17,104433883.462501,Chester,023,Beckhamville,Chester - Beckhamville,CHESTER - BECKHAMVILLE,3743727.213564,0.035848,2
023,Chester,VTD 17,4502317,Chester - VTD 17,CHESTER - VTD 17,104433883.462501,Chester,023,Hazelwood,Chester - Hazelwood,CHESTER - HAZELWOOD,54338.793084,0.000520,3
023,Chester,VTD 12,4502312,Chester - VTD 12,CHESTER - VTD 12,56326733.141440,Chester,023,Rodman,Chester - Rodman,CHESTER - RODMAN,56126794.742181,0.996450,1
023,Chester,VTD 12,4502312,Chester - VTD 12,CHESTER - VTD 12,56326733.141440,Chester,023,Richburg,Chester - Richburg,CHESTER - RICHBURG,164096.595336,0.002913,2
023,Chester,VTD 12,4502312,Chester - VTD 12,CHESTER - VTD 12,56326733.141440,Chester,023,Lando,Chester - Lando,CHESTER - LANDO,35035.081816,0.000622,3
023,Chester,VTD 4,450234,Chester - VTD 4,CHESTER - VTD 4,63215785.169209,Chester,023,Rodman,Chester - Rodman,CHESTER - RODMAN,63102271.931194,0.998204,1
023,Chester,VTD 4,450234,Chester - VTD 4,CHESTER - VTD 4,63215785.169209,Chester,023,Lando,Chester - Lando,CHESTER - LANDO,79704.163746,0.001261,2
023,Chester,VTD 26,4502326,Chester - VTD 26,CHESTER - VTD 26,14217859.110582,Chester,023,Great Falls Nos. 1 and 2,Chester - Great Falls Nos. 1 and 2,CHESTER - GREAT FALLS NOS. 1 AND 2,14217843.619013,0.999999,1
023,Chester,VTD 29,4502329,Chester - VTD 29,CHESTER - VTD 29,5673277.330952,Chester,023,Chester Ward 2,Chester - Chester Ward 2,CHESTER - CHESTER WARD 2,5597629.004501,0.986666,1
023,Chester,VTD 29,4502329,Chester - VTD 29,CHESTER - VTD 29,5673277.330952,Chester,023,Baldwin Mill,Chester - Baldwin Mill,CHESTER - BALDWIN MILL,75454.631390,0.013300,2
023,Chester,VTD 25,4502325,Chester - VTD 25,CHESTER - VTD 25,46067972.634064,Chester,023,Beckhamville,Chester - Beckhamville,CHESTER - BECKHAMVILLE,44292169.776956,0.961453,1
023,Chester,VTD 25,4502325,Chester - VTD 25,CHESTER - VTD 25,46067972.634064,Chester,023,Richburg,Chester - Richburg,CHESTER - RICHBURG,1763737.188688,0.038286,2
023,Chester,VTD 27,4502327,Chester - VTD 27,CHESTER - VTD 27,10954901.316844,Chester,023,Great Falls No. 3,Chester - Great Falls No. 3,CHESTER - GREAT FALLS NO. 3,10611446.356107,0.968648,1
023,Chester,VTD 27,4502327,Chester - VTD 27,CHESTER - VTD 27,10954901.316844,Chester,023,Great Falls Nos. 1 and 2,Chester - Great Falls Nos. 1 and 2,CHESTER - GREAT FALLS NOS. 1 AND 2,343446.997783,0.031351,2
023,Chester,VTD 5,450235,Chester - VTD 5,CHESTER - VTD 5,43761917.794714,Chester,023,Edgemoor,Chester - Edgemoor,CHESTER - EDGEMOOR,43642336.196427,0.997267,1
023,Chester,VTD 5,450235,Chester - VTD 5,CHESTER - VTD 5,43761917.794714,Chester,023,Lansford,Chester - Lansford,CHESTER - LANSFORD,102937.363843,0.002352,2
023,Chester,VTD 13,4502313,Chester - VTD 13,CHESTER - VTD 13,18631940.223614,Chester,023,Lando,Chester - Lando,CHESTER - LANDO,16571732.015254,0.889426,1
023,Chester,VTD 13,4502313,Chester - VTD 13,CHESTER - VTD 13,18631940.223614,Chester,023,Richburg,Chester - Richburg,CHESTER - RICHBURG,2060207.208028,0.110574,2
023,Chester,VTD 22,4502322,Chester - VTD 22,CHESTER - VTD 22,79328250.762645,Chester,023,Hazelwood,Chester - Hazelwood,CHESTER - HAZELWOOD,78081394.115747,0.984282,1
023,Chester,VTD 22,4502322,Chester - VTD 22,CHESTER - VTD 22,79328250.762645,Chester,023,Chester Ward 1,Chester - Chester Ward 1,CHESTER - CHESTER WARD 1,1071654.880191,0.013509,2
023,Chester,VTD 22,4502322,Chester - VTD 22,CHESTER - VTD 22,79328250.762645,Chester,023,Blackstock,Chester - Blackstock,CHESTER - BLACKSTOCK,109737.297730,0.001383,3
023,Chester,VTD 22,4502322,Chester - VTD 22,CHESTER - VTD 22,79328250.762645,Chester,023,Richburg,Chester - Richburg,CHESTER - RICHBURG,60804.803624,0.000766,4
023,Chester,VTD 6,450236,Chester - VTD 6,CHESTER - VTD 6,62294746.282838,Chester,023,Lansford,Chester - Lansford,CHESTER - LANSFORD,62203214.197195,0.998531,1
023,Chester,VTD 6,450236,Chester - VTD 6,CHESTER - VTD 6,62294746.282838,Chester,023,Fort Lawn,Chester - Fort Lawn,CHESTER - FORT LAWN,91192.972782,0.001464,2
025,Chesterfield,VTD 25,4502525,Chesterfield - VTD 25,CHESTERFIELD - VTD 25,58570747.298801,Chesterfield,025,Shiloh,Chesterfield - Shiloh,CHESTERFIELD - SHILOH,56998335.590538,0.973154,1
025,Chesterfield,VTD 25,4502525,Chesterfield - VTD 25,CHESTERFIELD - VTD 25,58570747.298801,Chesterfield,025,Bay Springs,Chesterfield - Bay Springs,CHESTERFIELD - BAY SPRINGS,1572011.737862,0.026840,2
025,Chesterfield,VTD 15,4502515,Chesterfield - VTD 15,CHESTERFIELD - VTD 15,79723825.430201,Chesterfield,025,Grants Mill,Chesterfield - Grants Mill,CHESTERFIELD - GRANTS MILL,79621654.612705,0.998718,1
025,Chesterfield,VTD 15,4502515,Chesterfield - VTD 15,CHESTERFIELD - VTD 15,79723825.430201,Chesterfield,025,Cheraw No. 4,Chesterfield - Cheraw No. 4,CHESTERFIELD - CHERAW NO. 4,79078.164067,0.000992,2
025,Chesterfield,VTD 13,4502513,Chesterfield - VTD 13,CHESTERFIELD - VTD 13,29119388.184828,Chesterfield,025,Mt. Croghan,Chesterfield - Mt. Croghan,CHESTERFIELD - MT. CROGHAN,14812207.075640,0.508672,1
025,Chesterfield,VTD 13,4502513,Chesterfield - VTD 13,CHESTERFIELD - VTD 13,29119388.184828,Chesterfield,025,Center Grove-Winzo,Chesterfield - Center Grove-Winzo,CHESTERFIELD - CENTER GROVE-WINZO,10110176.190191,0.347197,2
025,Chesterfield,VTD 13,4502513,Chesterfield - VTD 13,CHESTERFIELD - VTD 13,29119388.184828,Chesterfield,025,Black Creek,Chesterfield - Black Creek,CHESTERFIELD - BLACK CREEK,4196990.538829,0.144130,3
025,Chesterfield,VTD 32,4502532,Chesterfield - VTD 32,CHESTERFIELD - VTD 32,152817376.644434,Chesterfield,025,Mcbee,Chesterfield - Mcbee,CHESTERFIELD - MCBEE,152587936.504378,0.998499,1
025,Chesterfield,VTD 32,4502532,Chesterfield - VTD 32,CHESTERFIELD - VTD 32,152817376.644434,Chesterfield,025,Middendorf,Chesterfield - Middendorf,CHESTERFIELD - MIDDENDORF,228867.892007,0.001498,2
025,Chesterfield,VTD 29,4502529,Chesterfield - VTD 29,CHESTERFIELD - VTD 29,86797235.616626,Chesterfield,025,Bay Springs,Chesterfield - Bay Springs,CHESTERFIELD - BAY SPRINGS,62200214.739989,0.716615,1
025,Chesterfield,VTD 29,4502529,Chesterfield - VTD 29,CHESTERFIELD - VTD 29,86797235.616626,Chesterfield,025,Angelus-Cararrh,Chesterfield - Angelus-Cararrh,CHESTERFIELD - ANGELUS-CARARRH,6972429.496357,0.080330,2
025,Chesterfield,VTD 29,4502529,Chesterfield - VTD 29,CHESTERFIELD - VTD 29,86797235.616626,Chesterfield,025,Ruby,Chesterfield - Ruby,CHESTERFIELD - RUBY,6843259.911732,0.078842,3
025,Chesterfield,VTD 29,4502529,Chesterfield - VTD 29,CHESTERFIELD - VTD 29,86797235.616626,Chesterfield,025,Black Creek,Chesterfield - Black Creek,CHESTERFIELD - BLACK CREEK,5780728.618960,0.066600,4
025,Chesterfield,VTD 29,4502529,Chesterfield - VTD 29,CHESTERFIELD - VTD 29,86797235.616626,Chesterfield,025,Courthouse,Chesterfield - Courthouse,CHESTERFIELD - COURTHOUSE,5000599.835712,0.057612,5
025,Chesterfield,VTD 3,450253,Chesterfield - VTD 3,CHESTERFIELD - VTD 3,48406582.994113,Chesterfield,025,Black Creek,Chesterfield - Black Creek,CHESTERFIELD - BLACK CREEK,47935500.398757,0.990268,1
025,Chesterfield,VTD 3,450253,Chesterfield - VTD 3,CHESTERFIELD - VTD 3,48406582.994113,Chesterfield,025,Center Grove-Winzo,Chesterfield - Center Grove-Winzo,CHESTERFIELD - CENTER GROVE-WINZO,471079.944975,0.009732,2
025,Chesterfield,VTD 11,4502511,Chesterfield - VTD 11,CHESTERFIELD - VTD 11,10630626.570667,Chesterfield,025,Cheraw No. 3,Chesterfield - Cheraw No. 3,CHESTERFIELD - CHERAW NO. 3,10567931.379920,0.994102,1
025,Chesterfield,VTD 11,4502511,Chesterfield - VTD 11,CHESTERFIELD - VTD 11,10630626.570667,Chesterfield,025,Cash,Chesterfield - Cash,CHESTERFIELD - CASH,30941.479986,0.002911,2
025,Chesterfield,VTD 11,4502511,Chesterfield - VTD 11,CHESTERFIELD - VTD 11,10630626.570667,Chesterfield,025,Cheraw No. 2,Chesterfield - Cheraw No. 2,CHESTERFIELD - CHERAW NO. 2,26295.865638,0.002474,3
025,Chesterfield,VTD 11,4502511,Chesterfield - VTD 11,CHESTERFIELD - VTD 11,10630626.570667,Chesterfield,025,Cheraw No. 4,Chesterfield - Cheraw No. 4,CHESTERFIELD - CHERAW NO. 4,5454.266570,0.000513,4
025,Chesterfield,VTD 7,450257,Chesterfield - VTD 7,CHESTERFIELD - VTD 7,44458137.018505,Chesterfield,025,Center Grove-Winzo,Chesterfield - Center Grove-Winzo,CHESTERFIELD - CENTER GROVE-WINZO,23390568.328543,0.526126,1
025,Chesterfield,VTD 7,450257,Chesterfield - VTD 7,CHESTERFIELD - VTD 7,44458137.018505,Chesterfield,025,Jefferson,Chesterfield - Jefferson,CHESTERFIELD - JEFFERSON,21055807.214613,0.473610,2
025,Chesterfield,VTD 6,450256,Chesterfield - VTD 6,CHESTERFIELD - VTD 6,40950831.486509,Chesterfield,025,Ousleydale,Chesterfield - Ousleydale,CHESTERFIELD - OUSLEYDALE,38541298.754829,0.941160,1
025,Chesterfield,VTD 6,450256,Chesterfield - VTD 6,CHESTERFIELD - VTD 6,40950831.486509,Chesterfield,025,Patrick,Chesterfield - Patrick,CHESTERFIELD - PATRICK,2409532.731680,0.058840,2
025,Chesterfield,VTD 20,4502520,Chesterfield - VTD 20,CHESTERFIELD - VTD 20,63734828.417193,Chesterfield,025,Ousleydale,Chesterfield - Ousleydale,CHESTERFIELD - OUSLEYDALE,31619992.060072,0.496118,1
025,Chesterfield,VTD 20,4502520,Chesterfield - VTD 20,CHESTERFIELD - VTD 20,63734828.417193,Chesterfield,025,Patrick,Chesterfield - Patrick,CHESTERFIELD - PATRICK,23939659.152700,0.375613,2
025,Chesterfield,VTD 20,4502520,Chesterfield - VTD 20,CHESTERFIELD - VTD 20,63734828.417193,Chesterfield,025,Middendorf,Chesterfield - Middendorf,CHESTERFIELD - MIDDENDORF,8167406.993415,0.128147,3
025,Chesterfield,VTD 18,4502518,Chesterfield - VTD 18,CHESTERFIELD - VTD 18,63149952.461085,Chesterfield,025,Middendorf,Chesterfield - Middendorf,CHESTERFIELD - MIDDENDORF,61599192.212554,0.975443,1
025,Chesterfield,VTD 18,4502518,Chesterfield - VTD 18,CHESTERFIELD - VTD 18,63149952.461085,Chesterfield,025,Bay Springs,Chesterfield - Bay Springs,CHESTERFIELD - BAY SPRINGS,1466447.629604,0.023222,2
025,Chesterfield,VTD 18,4502518,Chesterfield - VTD 18,CHESTERFIELD - VTD 18,63149952.461085,Chesterfield,025,Mcbee,Chesterfield - Mcbee,CHESTERFIELD - MCBEE,84148.074122,0.001333,3
025,Chesterfield,VTD 22,4502522,Chesterfield - VTD 22,CHESTERFIELD - VTD 22,119137977.165258,Chesterfield,025,Patrick,Chesterfield - Patrick,CHESTERFIELD - PATRICK,118412160.102009,0.993908,1
025,Chesterfield,VTD 22,4502522,Chesterfield - VTD 22,CHESTERFIELD - VTD 22,119137977.165258,Chesterfield,025,Ousleydale,Chesterfield - Ousleydale,CHESTERFIELD - OUSLEYDALE,698160.066809,0.005860,2
025,Chesterfield,VTD 2,450252,Chesterfield - VTD 2,CHESTERFIELD - VTD 2,43793483.348683,Chesterfield,025,Bay Springs,Chesterfield - Bay Springs,CHESTERFIELD - BAY SPRINGS,43793432.558300,0.999999,1
025,Chesterfield,VTD 23,4502523,Chesterfield - VTD 23,CHESTERFIELD - VTD 23,95948824.371366,Chesterfield,025,Pee Dee,Chesterfield - Pee Dee,CHESTERFIELD - PEE DEE,93214575.591046,0.971503,1
025,Chesterfield,VTD 23,4502523,Chesterfield - VTD 23,CHESTERFIELD - VTD 23,95948824.371366,Chesterfield,025,Ousleydale,Chesterfield - Ousleydale,CHESTERFIELD - OUSLEYDALE,2734139.403407,0.028496,2
025,Chesterfield,VTD 5,450255,Chesterfield - VTD 5,CHESTERFIELD - VTD 5,127597261.436127,Chesterfield,025,Cash,Chesterfield - Cash,CHESTERFIELD - CASH,127534162.257726,0.999505,1
025,Chesterfield,VTD 10,4502510,Chesterfield - VTD 10,CHESTERFIELD - VTD 10,55954738.182418,Chesterfield,025,Cheraw No. 4,Chesterfield - Cheraw No. 4,CHESTERFIELD - CHERAW NO. 4,19984105.996217,0.357148,1
025,Chesterfield,VTD 10,4502510,Chesterfield - VTD 10,CHESTERFIELD - VTD 10,55954738.182418,Chesterfield,025,Cash,Chesterfield - Cash,CHESTERFIELD - CASH,12170621.589335,0.217508,2
025,Chesterfield,VTD 10,4502510,Chesterfield - VTD 10,CHESTERFIELD - VTD 10,55954738.182418,Chesterfield,025,Cheraw No. 3,Chesterfield - Cheraw No. 3,CHESTERFIELD - CHERAW NO. 3,12132983.261303,0.216836,3
025,Chesterfield,VTD 10,4502510,Chesterfield - VTD 10,CHESTERFIELD - VTD 10,55954738.182418,Chesterfield,025,Cheraw No. 2,Chesterfield - Cheraw No. 2,CHESTERFIELD - CHERAW NO. 2,10684354.542572,0.190946,4
025,Chesterfield,VTD 10,4502510,Chesterfield - VTD 10,CHESTERFIELD - VTD 10,55954738.182418,Chesterfield,025,Cheraw No. 1,Chesterfield - Cheraw No. 1,CHESTERFIELD - CHERAW NO. 1,964220.947920,0.017232,5
025,Chesterfield,VTD 33,4502533,Chesterfield - VTD 33,CHESTERFIELD - VTD 33,45371177.584722,Chesterfield,025,Courthouse,Chesterfield - Courthouse,CHESTERFIELD - COURTHOUSE,37407151.881079,0.824469,1
025,Chesterfield,VTD 33,4502533,Chesterfield - VTD 33,CHESTERFIELD - VTD 33,45371177.584722,Chesterfield,025,Snow Hill-Vaughn,Chesterfield - Snow Hill-Vaughn,CHESTERFIELD - SNOW HILL-VAUGHN,7960611.763053,0.175455,2
025,Chesterfield,VTD 9,450259,Chesterfield - VTD 9,CHESTERFIELD - VTD 9,17672187.483177,Chesterfield,025,Cheraw No. 1,Chesterfield - Cheraw No. 1,CHESTERFIELD - CHERAW NO. 1,17661969.611978,0.999422,1
025,Chesterfield,VTD 9,450259,Chesterfield - VTD 9,CHESTERFIELD - VTD 9,17672187.483177,Chesterfield,025,Brocks Mill,Chesterfield - Brocks Mill,CHESTERFIELD - BROCKS MILL,10210.301895,0.000578,2
025,Chesterfield,VTD 4,450254,Chesterfield - VTD 4,CHESTERFIELD - VTD 4,109977245.229660,Chesterfield,025,Brocks Mill,Chesterfield - Brocks Mill,CHESTERFIELD - BROCKS MILL,109543217.422976,0.996053,1
025,Chesterfield,VTD 4,450254,Chesterfield - VTD 4,CHESTERFIELD - VTD 4,109977245.229660,Chesterfield,025,Cheraw No. 1,Chesterfield - Cheraw No. 1,CHESTERFIELD - CHERAW NO. 1,429365.889542,0.003904,2
025,Chesterfield,VTD 26,4502526,Chesterfield - VTD 26,CHESTERFIELD - VTD 26,14176065.928773,Chesterfield,025,Snow Hill-Vaughn,Chesterfield - Snow Hill-Vaughn,CHESTERFIELD - SNOW HILL-VAUGHN,14173974.914055,0.999852,1
025,Chesterfield,VTD 27,4502527,Chesterfield - VTD 27,CHESTERFIELD - VTD 27,20464070.185842,Chesterfield,025,Snow Hill-Vaughn,Chesterfield - Snow Hill-Vaughn,CHESTERFIELD - SNOW HILL-VAUGHN,20463385.367841,0.999967,1
025,Chesterfield,VTD 12,4502512,Chesterfield - VTD 12,CHESTERFIELD - VTD 12,32294690.331863,Chesterfield,025,Courthouse,Chesterfield - Courthouse,CHESTERFIELD - COURTHOUSE,29481838.187500,0.912900,1
025,Chesterfield,VTD 12,4502512,Chesterfield - VTD 12,CHESTERFIELD - VTD 12,32294690.331863,Chesterfield,025,Snow Hill-Vaughn,Chesterfield - Snow Hill-Vaughn,CHESTERFIELD - SNOW HILL-VAUGHN,2812847.473694,0.087099,2
025,Chesterfield,VTD 8,450258,Chesterfield - VTD 8,CHESTERFIELD - VTD 8,8320195.148813,Chesterfield,025,Ruby,Chesterfield - Ruby,CHESTERFIELD - RUBY,5756932.349913,0.691923,1
025,Chesterfield,VTD 8,450258,Chesterfield - VTD 8,CHESTERFIELD - VTD 8,8320195.148813,Chesterfield,025,Courthouse,Chesterfield - Courthouse,CHESTERFIELD - COURTHOUSE,2563262.798900,0.308077,2
025,Chesterfield,VTD 24,4502524,Chesterfield - VTD 24,CHESTERFIELD - VTD 24,50213881.213526,Chesterfield,025,Ruby,Chesterfield - Ruby,CHESTERFIELD - RUBY,37790519.167970,0.752591,1
025,Chesterfield,VTD 24,4502524,Chesterfield - VTD 24,CHESTERFIELD - VTD 24,50213881.213526,Chesterfield,025,Black Creek,Chesterfield - Black Creek,CHESTERFIELD - BLACK CREEK,6840800.329980,0.136233,2
025,Chesterfield,VTD 24,4502524,Chesterfield - VTD 24,CHESTERFIELD - VTD 24,50213881.213526,Chesterfield,025,Mt. Croghan,Chesterfield - Mt. Croghan,CHESTERFIELD - MT. CROGHAN,5582561.512379,0.111176,3
025,Chesterfield,VTD 28,4502528,Chesterfield - VTD 28,CHESTERFIELD - VTD 28,35839580.964198,Chesterfield,025,Ruby,Chesterfield - Ruby,CHESTERFIELD - RUBY,22994107.558155,0.641584,1
025,Chesterfield,VTD 28,4502528,Chesterfield - VTD 28,CHESTERFIELD - VTD 28,35839580.964198,Chesterfield,025,Snow Hill-Vaughn,Chesterfield - Snow Hill-Vaughn,CHESTERFIELD - SNOW HILL-VAUGHN,7277408.518885,0.203055,2
025,Chesterfield,VTD 28,4502528,Chesterfield - VTD 28,CHESTERFIELD - VTD 28,35839580.964198,Chesterfield,025,Mt. Croghan,Chesterfield - Mt. Croghan,CHESTERFIELD - MT. CROGHAN,5568059.447300,0.155361,3
025,Chesterfield,VTD 19,4502519,Chesterfield - VTD 19,CHESTERFIELD - VTD 19,35898354.987116,Chesterfield,025,Mt. Croghan,Chesterfield - Mt. Croghan,CHESTERFIELD - MT. CROGHAN,35898307.868727,0.999999,1
025,Chesterfield,VTD 31,4502531,Chesterfield - VTD 31,CHESTERFIELD - VTD 31,170520137.486854,Chesterfield,025,Mcbee,Chesterfield - Mcbee,CHESTERFIELD - MCBEE,99196168.787845,0.581727,1
025,Chesterfield,VTD 31,4502531,Chesterfield - VTD 31,CHESTERFIELD - VTD 31,170520137.486854,Chesterfield,025,Angelus-Cararrh,Chesterfield - Angelus-Cararrh,CHESTERFIELD - ANGELUS-CARARRH,41382350.899259,0.242683,2
025,Chesterfield,VTD 31,4502531,Chesterfield - VTD 31,CHESTERFIELD - VTD 31,170520137.486854,Chesterfield,025,Bay Springs,Chesterfield - Bay Springs,CHESTERFIELD - BAY SPRINGS,29941617.453494,0.175590,3
025,Chesterfield,VTD 30,4502530,Chesterfield - VTD 30,CHESTERFIELD - VTD 30,57727814.952611,Chesterfield,025,Center Grove-Winzo,Chesterfield - Center Grove-Winzo,CHESTERFIELD - CENTER GROVE-WINZO,57727520.979292,0.999995,1
025,Chesterfield,VTD 1,450251,Chesterfield - VTD 1,CHESTERFIELD - VTD 1,48731468.176129,Chesterfield,025,Angelus-Cararrh,Chesterfield - Angelus-Cararrh,CHESTERFIELD - ANGELUS-CARARRH,48727556.270840,0.999920,1
025,Chesterfield,VTD 16,4502516,Chesterfield - VTD 16,CHESTERFIELD - VTD 16,129466640.944350,Chesterfield,025,Jefferson,Chesterfield - Jefferson,CHESTERFIELD - JEFFERSON,100388931.117809,0.775404,1
025,Chesterfield,VTD 16,4502516,Chesterfield - VTD 16,CHESTERFIELD - VTD 16,129466640.944350,Chesterfield,025,Angelus-Cararrh,Chesterfield - Angelus-Cararrh,CHESTERFIELD - ANGELUS-CARARRH,29074005.023762,0.224568,2
025,Chesterfield,VTD 17,4502517,Chesterfield - VTD 17,CHESTERFIELD - VTD 17,17135444.779328,Chesterfield,025,Dudley-Mangum,Chesterfield - Dudley-Mangum,CHESTERFIELD - DUDLEY-MANGUM,15894681.902020,0.927591,1
025,Chesterfield,VTD 17,4502517,Chesterfield - VTD 17,CHESTERFIELD - VTD 17,17135444.779328,Chesterfield,025,Pageland No. 2,Chesterfield - Pageland No. 2,CHESTERFIELD - PAGELAND NO. 2,1115696.897424,0.065110,2
025,Chesterfield,VTD 17,4502517,Chesterfield - VTD 17,CHESTERFIELD - VTD 17,17135444.779328,Chesterfield,025,Pageland No. 1,Chesterfield - Pageland No. 1,CHESTERFIELD - PAGELAND NO. 1,125065.979884,0.007299,3
025,Chesterfield,VTD 21,4502521,Chesterfield - VTD 21,CHESTERFIELD - VTD 21,122131448.390959,Chesterfield,025,Pageland No. 1,Chesterfield - Pageland No. 1,CHESTERFIELD - PAGELAND NO. 1,73161921.138028,0.599042,1
025,Chesterfield,VTD 21,4502521,Chesterfield - VTD 21,CHESTERFIELD - VTD 21,122131448.390959,Chesterfield,025,Pageland No. 2,Chesterfield - Pageland No. 2,CHESTERFIELD - PAGELAND NO. 2,48966889.256434,0.400936,2
025,Chesterfield,VTD 14,4502514,Chesterfield - VTD 14,CHESTERFIELD - VTD 14,50146491.402509,Chesterfield,025,Dudley-Mangum,Chesterfield - Dudley-Mangum,CHESTERFIELD - DUDLEY-MANGUM,50146485.858397,1.000000,1
027,Clarendon,VTD 7,450277,Clarendon - VTD 7,CLARENDON - VTD 7,97421224.069717,Clarendon,027,Alcolu,Clarendon - Alcolu,CLARENDON - ALCOLU,97415714.592780,0.999943,1
027,Clarendon,VTD 31,4502731,Clarendon - VTD 31,CLARENDON - VTD 31,46637329.068493,Clarendon,027,Bloomville,Clarendon - Bloomville,CLARENDON - BLOOMVILLE,46636590.517777,0.999984,1
027,Clarendon,VTD 24,4502724,Clarendon - VTD 24,CLARENDON - VTD 24,38222340.055822,Clarendon,027,Summerton No. 1,Clarendon - Summerton No. 1,CLARENDON - SUMMERTON NO. 1,35568092.817956,0.930558,1
027,Clarendon,VTD 24,4502724,Clarendon - VTD 24,CLARENDON - VTD 24,38222340.055822,Clarendon,027,Davis Station,Clarendon - Davis Station,CLARENDON - DAVIS STATION,2654180.434658,0.069441,2
027,Clarendon,VTD 25,4502725,Clarendon - VTD 25,CLARENDON - VTD 25,60740906.518914,Clarendon,027,Davis Station,Clarendon - Davis Station,CLARENDON - DAVIS STATION,55065383.979909,0.906562,1
027,Clarendon,VTD 25,4502725,Clarendon - VTD 25,CLARENDON - VTD 25,60740906.518914,Clarendon,027,Jordan,Clarendon - Jordan,CLARENDON - JORDAN,2961284.936029,0.048753,2
027,Clarendon,VTD 25,4502725,Clarendon - VTD 25,CLARENDON - VTD 25,60740906.518914,Clarendon,027,Manning No. 3,Clarendon - Manning No. 3,CLARENDON - MANNING NO. 3,2519904.739612,0.041486,3
027,Clarendon,VTD 25,4502725,Clarendon - VTD 25,CLARENDON - VTD 25,60740906.518914,Clarendon,027,Summerton No. 1,Clarendon - Summerton No. 1,CLARENDON - SUMMERTON NO. 1,194264.532755,0.003198,4
027,Clarendon,VTD 26,4502726,Clarendon - VTD 26,CLARENDON - VTD 26,40909851.844698,Clarendon,027,Jordan,Clarendon - Jordan,CLARENDON - JORDAN,38997895.020382,0.953264,1
027,Clarendon,VTD 26,4502726,Clarendon - VTD 26,CLARENDON - VTD 26,40909851.844698,Clarendon,027,Davis Station,Clarendon - Davis Station,CLARENDON - DAVIS STATION,1911956.356048,0.046736,2
027,Clarendon,VTD 30,4502730,Clarendon - VTD 30,CLARENDON - VTD 30,71742911.845273,Clarendon,027,Jordan,Clarendon - Jordan,CLARENDON - JORDAN,71563086.227574,0.997493,1
027,Clarendon,VTD 30,4502730,Clarendon - VTD 30,CLARENDON - VTD 30,71742911.845273,Clarendon,027,Davis Station,Clarendon - Davis Station,CLARENDON - DAVIS STATION,179818.477188,0.002506,2
027,Clarendon,VTD 29,4502729,Clarendon - VTD 29,CLARENDON - VTD 29,92687109.715101,Clarendon,027,Davis Station,Clarendon - Davis Station,CLARENDON - DAVIS STATION,87226242.223145,0.941083,1
027,Clarendon,VTD 29,4502729,Clarendon - VTD 29,CLARENDON - VTD 29,92687109.715101,Clarendon,027,Jordan,Clarendon - Jordan,CLARENDON - JORDAN,5074901.300698,0.054753,2
027,Clarendon,VTD 29,4502729,Clarendon - VTD 29,CLARENDON - VTD 29,92687109.715101,Clarendon,027,Summerton No. 1,Clarendon - Summerton No. 1,CLARENDON - SUMMERTON NO. 1,385966.191257,0.004164,3
027,Clarendon,VTD 28,4502728,Clarendon - VTD 28,CLARENDON - VTD 28,185448828.927374,Clarendon,027,Summerton No. 1,Clarendon - Summerton No. 1,CLARENDON - SUMMERTON NO. 1,185448822.866969,1.000000,1
027,Clarendon,VTD 27,4502727,Clarendon - VTD 27,CLARENDON - VTD 27,32694454.131147,Clarendon,027,Bloomville,Clarendon - Bloomville,CLARENDON - BLOOMVILLE,32694453.483008,1.000000,1
027,Clarendon,VTD 19,4502719,Clarendon - VTD 19,CLARENDON - VTD 19,80490592.066244,Clarendon,027,Wilson Foreston,Clarendon - Wilson Foreston,CLARENDON - WILSON FORESTON,80001880.702227,0.993928,1
027,Clarendon,VTD 19,4502719,Clarendon - VTD 19,CLARENDON - VTD 19,80490592.066244,Clarendon,027,Bloomville,Clarendon - Bloomville,CLARENDON - BLOOMVILLE,488711.364018,0.006072,2
027,Clarendon,VTD 32,4502732,Clarendon - VTD 32,CLARENDON - VTD 32,35033354.903596,Clarendon,027,Summerton No. 3,Clarendon - Summerton No. 3,CLARENDON - SUMMERTON NO. 3,34437419.288613,0.982989,1
027,Clarendon,VTD 32,4502732,Clarendon - VTD 32,CLARENDON - VTD 32,35033354.903596,Clarendon,027,Manning No. 4,Clarendon - Manning No. 4,CLARENDON - MANNING NO. 4,579481.160828,0.016541,2
027,Clarendon,VTD 22,4502722,Clarendon - VTD 22,CLARENDON - VTD 22,32620564.792720,Clarendon,027,Summerton No. 3,Clarendon - Summerton No. 3,CLARENDON - SUMMERTON NO. 3,26013010.704192,0.797442,1
027,Clarendon,VTD 22,4502722,Clarendon - VTD 22,CLARENDON - VTD 22,32620564.792720,Clarendon,027,Calvary,Clarendon - Calvary,CLARENDON - CALVARY,4203147.914723,0.128850,2
027,Clarendon,VTD 22,4502722,Clarendon - VTD 22,CLARENDON - VTD 22,32620564.792720,Clarendon,027,Paxville,Clarendon - Paxville,CLARENDON - PAXVILLE,2404404.576484,0.073708,3
027,Clarendon,VTD 17,4502717,Clarendon - VTD 17,CLARENDON - VTD 17,14420264.669389,Clarendon,027,Manning No. 2,Clarendon - Manning No. 2,CLARENDON - MANNING NO. 2,14420259.379473,1.000000,1
027,Clarendon,VTD 5,450275,Clarendon - VTD 5,CLARENDON - VTD 5,53602549.745409,Clarendon,027,Sardina-Gable,Clarendon - Sardina-Gable,CLARENDON - SARDINA-GABLE,53602545.467200,1.000000,1
027,Clarendon,VTD 16,4502716,Clarendon - VTD 16,CLARENDON - VTD 16,22403425.938344,Clarendon,027,Manning No. 3,Clarendon - Manning No. 3,CLARENDON - MANNING NO. 3,22403386.399617,0.999998,1
027,Clarendon,VTD 15,4502715,Clarendon - VTD 15,CLARENDON - VTD 15,32094285.111679,Clarendon,027,Manning No. 4,Clarendon - Manning No. 4,CLARENDON - MANNING NO. 4,29159636.521929,0.908562,1
027,Clarendon,VTD 15,4502715,Clarendon - VTD 15,CLARENDON - VTD 15,32094285.111679,Clarendon,027,Summerton No. 3,Clarendon - Summerton No. 3,CLARENDON - SUMMERTON NO. 3,2931734.625485,0.091348,2
027,Clarendon,VTD 12,4502712,Clarendon - VTD 12,CLARENDON - VTD 12,41260545.158630,Clarendon,027,Manning No. 5,Clarendon - Manning No. 5,CLARENDON - MANNING NO. 5,41228491.335681,0.999223,1
027,Clarendon,VTD 12,4502712,Clarendon - VTD 12,CLARENDON - VTD 12,41260545.158630,Clarendon,027,Alcolu,Clarendon - Alcolu,CLARENDON - ALCOLU,32053.150844,0.000777,2
027,Clarendon,VTD 9,450279,Clarendon - VTD 9,CLARENDON - VTD 9,78241477.058723,Clarendon,027,Harmony,Clarendon - Harmony,CLARENDON - HARMONY,78241474.650850,1.000000,1
027,Clarendon,VTD 8,450278,Clarendon - VTD 8,CLARENDON - VTD 8,53104802.221511,Clarendon,027,Harmony,Clarendon - Harmony,CLARENDON - HARMONY,53101446.719327,0.999937,1
027,Clarendon,VTD 14,4502714,Clarendon - VTD 14,CLARENDON - VTD 14,70064335.541147,Clarendon,027,Paxville,Clarendon - Paxville,CLARENDON - PAXVILLE,66171832.230668,0.944444,1
027,Clarendon,VTD 14,4502714,Clarendon - VTD 14,CLARENDON - VTD 14,70064335.541147,Clarendon,027,Summerton No. 3,Clarendon - Summerton No. 3,CLARENDON - SUMMERTON NO. 3,3844823.345659,0.054876,2
027,Clarendon,VTD 14,4502714,Clarendon - VTD 14,CLARENDON - VTD 14,70064335.541147,Clarendon,027,Calvary,Clarendon - Calvary,CLARENDON - CALVARY,45915.866724,0.000655,3
027,Clarendon,VTD 11,4502711,Clarendon - VTD 11,CLARENDON - VTD 11,24184878.004703,Clarendon,027,Home Branch,Clarendon - Home Branch,CLARENDON - HOME BRANCH,24184811.547412,0.999997,1
027,Clarendon,VTD 10,4502710,Clarendon - VTD 10,CLARENDON - VTD 10,50094958.066443,Clarendon,027,Oakdale,Clarendon - Oakdale,CLARENDON - OAKDALE,49940556.923687,0.996918,1
027,Clarendon,VTD 10,4502710,Clarendon - VTD 10,CLARENDON - VTD 10,50094958.066443,Clarendon,027,Barrows Mill,Clarendon - Barrows Mill,CLARENDON - BARROWS MILL,154401.142756,0.003082,2
027,Clarendon,VTD 23,4502723,Clarendon - VTD 23,CLARENDON - VTD 23,74123966.173145,Clarendon,027,Summerton No. 2,Clarendon - Summerton No. 2,CLARENDON - SUMMERTON NO. 2,74118411.547399,0.999925,1
027,Clarendon,VTD 13,4502713,Clarendon - VTD 13,CLARENDON - VTD 13,89789692.005224,Clarendon,027,Wilson Foreston,Clarendon - Wilson Foreston,CLARENDON - WILSON FORESTON,89686612.984708,0.998852,1
027,Clarendon,VTD 13,4502713,Clarendon - VTD 13,CLARENDON - VTD 13,89789692.005224,Clarendon,027,Oakdale,Clarendon - Oakdale,CLARENDON - OAKDALE,103079.020516,0.001148,2
027,Clarendon,VTD 21,4502721,Clarendon - VTD 21,CLARENDON - VTD 21,37813446.509016,Clarendon,027,Panola,Clarendon - Panola,CLARENDON - PANOLA,37431146.788126,0.989890,1
027,Clarendon,VTD 21,4502721,Clarendon - VTD 21,CLARENDON - VTD 21,37813446.509016,Clarendon,027,Summerton No. 3,Clarendon - Summerton No. 3,CLARENDON - SUMMERTON NO. 3,361346.183408,0.009556,2
027,Clarendon,VTD 21,4502721,Clarendon - VTD 21,CLARENDON - VTD 21,37813446.509016,Clarendon,027,Calvary,Clarendon - Calvary,CLARENDON - CALVARY,20952.509429,0.000554,3
027,Clarendon,VTD 20,4502720,Clarendon - VTD 20,CLARENDON - VTD 20,115182771.982345,Clarendon,027,Calvary,Clarendon - Calvary,CLARENDON - CALVARY,114868758.239322,0.997274,1
027,Clarendon,VTD 20,4502720,Clarendon - VTD 20,CLARENDON - VTD 20,115182771.982345,Clarendon,027,Paxville,Clarendon - Paxville,CLARENDON - PAXVILLE,314001.128203,0.002726,2
027,Clarendon,VTD 18,4502718,Clarendon - VTD 18,CLARENDON - VTD 18,16403998.092387,Clarendon,027,Manning No. 1,Clarendon - Manning No. 1,CLARENDON - MANNING NO. 1,16398838.259676,0.999685,1
027,Clarendon,VTD 2,450272,Clarendon - VTD 2,CLARENDON - VTD 2,34064000.152255,Clarendon,027,Hicks,Clarendon - Hicks,CLARENDON - HICKS,34063969.980764,0.999999,1
027,Clarendon,VTD 1,450271,Clarendon - VTD 1,CLARENDON - VTD 1,51612944.886458,Clarendon,027,Turbeville,Clarendon - Turbeville,CLARENDON - TURBEVILLE,51612368.470553,0.999989,1
027,Clarendon,VTD 3,450273,Clarendon - VTD 3,CLARENDON - VTD 3,52121771.367468,Clarendon,027,Barrineau,Clarendon - Barrineau,CLARENDON - BARRINEAU,52121745.342496,1.000000,1
027,Clarendon,VTD 4,450274,Clarendon - VTD 4,CLARENDON - VTD 4,53084397.202634,Clarendon,027,New Zion,Clarendon - New Zion,CLARENDON - NEW ZION,53067835.973657,0.999688,1
027,Clarendon,VTD 6,450276,Clarendon - VTD 6,CLARENDON - VTD 6,23436309.314550,Clarendon,027,Barrows Mill,Clarendon - Barrows Mill,CLARENDON - BARROWS MILL,23436307.814196,1.000000,1
029,Colleton,VTD 28,4502928,Colleton - VTD 28,COLLETON - VTD 28,81611780.569385,Colleton,029,Ritter,Colleton - Ritter,COLLETON - RITTER,81611595.663046,0.999998,1
029,Colleton,VTD 30,4502930,Colleton - VTD 30,COLLETON - VTD 30,473498253.485200,Colleton,029,Jacksonboro,Colleton - Jacksonboro,COLLETON - JACKSONBORO,337618989.752658,0.713031,1
029,Colleton,VTD 30,4502930,Colleton - VTD 30,COLLETON - VTD 30,473498253.485200,Colleton,029,Edisto Beach,Colleton - Edisto Beach,COLLETON - EDISTO BEACH,134427508.078882,0.283903,2
029,Colleton,VTD 30,4502930,Colleton - VTD 30,COLLETON - VTD 30,473498253.485200,Colleton,029,Green Pond,Colleton - Green Pond,COLLETON - GREEN POND,1315434.521720,0.002778,3
029,Colleton,VTD 29,4502929,Colleton - VTD 29,COLLETON - VTD 29,394718441.251965,Colleton,029,Green Pond,Colleton - Green Pond,COLLETON - GREEN POND,394701179.401309,0.999956,1
029,Colleton,VTD 17,4502917,Colleton - VTD 17,COLLETON - VTD 17,26916727.573474,Colleton,029,Walterboro No. 4,Colleton - Walterboro No. 4,COLLETON - WALTERBORO NO. 4,25642560.719837,0.952663,1
029,Colleton,VTD 17,4502917,Colleton - VTD 17,COLLETON - VTD 17,26916727.573474,Colleton,029,Walterboro No. 2,Colleton - Walterboro No. 2,COLLETON - WALTERBORO NO. 2,1046212.469817,0.038868,2
029,Colleton,VTD 17,4502917,Colleton - VTD 17,COLLETON - VTD 17,26916727.573474,Colleton,029,Wolfe Creek,Colleton - Wolfe Creek,COLLETON - WOLFE CREEK,154395.195333,0.005736,3
029,Colleton,VTD 17,4502917,Colleton - VTD 17,COLLETON - VTD 17,26916727.573474,Colleton,029,Stokes,Colleton - Stokes,COLLETON - STOKES,73559.188486,0.002733,4
029,Colleton,VTD 26,4502926,Colleton - VTD 26,COLLETON - VTD 26,169862746.367383,Colleton,029,Cottageville,Colleton - Cottageville,COLLETON - COTTAGEVILLE,169783562.183222,0.999534,1
029,Colleton,VTD 8,450298,Colleton - VTD 8,COLLETON - VTD 8,116176793.227366,Colleton,029,Edisto,Colleton - Edisto,COLLETON - EDISTO,116176781.102640,1.000000,1
029,Colleton,VTD 11,4502911,Colleton - VTD 11,COLLETON - VTD 11,71134878.685048,Colleton,029,Sniders,Colleton - Sniders,COLLETON - SNIDERS,65935340.583589,0.926906,1
029,Colleton,VTD 11,4502911,Colleton - VTD 11,COLLETON - VTD 11,71134878.685048,Colleton,029,Peniel,Colleton - Peniel,COLLETON - PENIEL,5149854.257934,0.072396,2
029,Colleton,VTD 11,4502911,Colleton - VTD 11,COLLETON - VTD 11,71134878.685048,Colleton,029,Petits,Colleton - Petits,COLLETON - PETITS,49666.661202,0.000698,3
029,Colleton,VTD 12,4502912,Colleton - VTD 12,COLLETON - VTD 12,94430128.583646,Colleton,029,Petits,Colleton - Petits,COLLETON - PETITS,90043850.391415,0.953550,1
029,Colleton,VTD 12,4502912,Colleton - VTD 12,COLLETON - VTD 12,94430128.583646,Colleton,029,Rice Patch,Colleton - Rice Patch,COLLETON - RICE PATCH,4335447.710211,0.045912,2
029,Colleton,VTD 7,450297,Colleton - VTD 7,COLLETON - VTD 7,39876670.466238,Colleton,029,Ruffin,Colleton - Ruffin,COLLETON - RUFFIN,39826242.296427,0.998735,1
029,Colleton,VTD 7,450297,Colleton - VTD 7,COLLETON - VTD 7,39876670.466238,Colleton,029,Stokes,Colleton - Stokes,COLLETON - STOKES,50419.763613,0.001264,2
029,Colleton,VTD 13,4502913,Colleton - VTD 13,COLLETON - VTD 13,44803762.183091,Colleton,029,Wolfe Creek,Colleton - Wolfe Creek,COLLETON - WOLFE CREEK,44803715.266853,0.999999,1
029,Colleton,VTD 6,450296,Colleton - VTD 6,COLLETON - VTD 6,43448574.273000,Colleton,029,Bells,Colleton - Bells,COLLETON - BELLS,42804652.014157,0.985180,1
029,Colleton,VTD 6,450296,Colleton - VTD 6,COLLETON - VTD 6,43448574.273000,Colleton,029,Sniders,Colleton - Sniders,COLLETON - SNIDERS,643915.389218,0.014820,2
029,Colleton,VTD 2,450292,Colleton - VTD 2,COLLETON - VTD 2,130933278.768700,Colleton,029,Lodge,Colleton - Lodge,COLLETON - LODGE,129124069.613875,0.986182,1
029,Colleton,VTD 2,450292,Colleton - VTD 2,COLLETON - VTD 2,130933278.768700,Colleton,029,Bells,Colleton - Bells,COLLETON - BELLS,1470454.560308,0.011231,2
029,Colleton,VTD 2,450292,Colleton - VTD 2,COLLETON - VTD 2,130933278.768700,Colleton,029,Williams,Colleton - Williams,COLLETON - WILLIAMS,338714.144551,0.002587,3
029,Colleton,VTD 3,450293,Colleton - VTD 3,COLLETON - VTD 3,69200438.264283,Colleton,029,Williams,Colleton - Williams,COLLETON - WILLIAMS,51688428.853807,0.746938,1
029,Colleton,VTD 3,450293,Colleton - VTD 3,COLLETON - VTD 3,69200438.264283,Colleton,029,Berea,Colleton - Berea,COLLETON - BEREA,17508996.682356,0.253019,2
029,Colleton,VTD 27,4502927,Colleton - VTD 27,COLLETON - VTD 27,108996792.605780,Colleton,029,Mashawville,Colleton - Mashawville,COLLETON - MASHAWVILLE,106854973.696074,0.980350,1
029,Colleton,VTD 27,4502927,Colleton - VTD 27,COLLETON - VTD 27,108996792.605780,Colleton,029,Ritter,Colleton - Ritter,COLLETON - RITTER,2117242.717819,0.019425,2
029,Colleton,VTD 23,4502923,Colleton - VTD 23,COLLETON - VTD 23,29864037.369476,Colleton,029,Walterboro No. 3,Colleton - Walterboro No. 3,COLLETON - WALTERBORO NO. 3,27720552.073606,0.928225,1
029,Colleton,VTD 23,4502923,Colleton - VTD 23,COLLETON - VTD 23,29864037.369476,Colleton,029,Walterboro No. 1,Colleton - Walterboro No. 1,COLLETON - WALTERBORO NO. 1,1087402.760077,0.036412,2
029,Colleton,VTD 23,4502923,Colleton - VTD 23,COLLETON - VTD 23,29864037.369476,Colleton,029,Mashawville,Colleton - Mashawville,COLLETON - MASHAWVILLE,841800.288546,0.028188,3
029,Colleton,VTD 23,4502923,Colleton - VTD 23,COLLETON - VTD 23,29864037.369476,Colleton,029,Walterboro No. 2,Colleton - Walterboro No. 2,COLLETON - WALTERBORO NO. 2,214279.325572,0.007175,4
029,Colleton,VTD 24,4502924,Colleton - VTD 24,COLLETON - VTD 24,36049444.492243,Colleton,029,Walterboro No. 1,Colleton - Walterboro No. 1,COLLETON - WALTERBORO NO. 1,34993379.468761,0.970705,1
029,Colleton,VTD 24,4502924,Colleton - VTD 24,COLLETON - VTD 24,36049444.492243,Colleton,029,Peniel,Colleton - Peniel,COLLETON - PENIEL,535416.210412,0.014852,2
029,Colleton,VTD 24,4502924,Colleton - VTD 24,COLLETON - VTD 24,36049444.492243,Colleton,029,Walterboro No. 4,Colleton - Walterboro No. 4,COLLETON - WALTERBORO NO. 4,516853.895218,0.014337,3
029,Colleton,VTD 25,4502925,Colleton - VTD 25,COLLETON - VTD 25,215093810.754115,Colleton,029,Hendersonville,Colleton - Hendersonville,COLLETON - HENDERSONVILLE,214462076.103953,0.997063,1
029,Colleton,VTD 25,4502925,Colleton - VTD 25,COLLETON - VTD 25,215093810.754115,Colleton,029,Petits,Colleton - Petits,COLLETON - PETITS,281213.321807,0.001307,2
029,Colleton,VTD 10,4502910,Colleton - VTD 10,COLLETON - VTD 10,47068280.590548,Colleton,029,Hudson Mill,Colleton - Hudson Mill,COLLETON - HUDSON MILL,47068163.181004,0.999998,1
029,Colleton,VTD 14,4502914,Colleton - VTD 14,COLLETON - VTD 14,37768871.700391,Colleton,029,Horse Pen,Colleton - Horse Pen,COLLETON - HORSE PEN,37715686.155240,0.998592,1
029,Colleton,VTD 14,4502914,Colleton - VTD 14,COLLETON - VTD 14,37768871.700391,Colleton,029,Canady's,Colleton - Canady's,COLLETON - CANADYS,51900.515305,0.001374,2
029,Colleton,VTD 19,4502919,Colleton - VTD 19,COLLETON - VTD 19,32861895.174181,Colleton,029,Peeples,Colleton - Peeples,COLLETON - PEEPLES,32861894.774213,1.000000,1
029,Colleton,VTD 18,4502918,Colleton - VTD 18,COLLETON - VTD 18,32645998.343495,Colleton,029,Walterboro No. 2,Colleton - Walterboro No. 2,COLLETON - WALTERBORO NO. 2,31205819.562727,0.955885,1
029,Colleton,VTD 18,4502918,Colleton - VTD 18,COLLETON - VTD 18,32645998.343495,Colleton,029,Walterboro No. 3,Colleton - Walterboro No. 3,COLLETON - WALTERBORO NO. 3,845405.739133,0.025896,2
029,Colleton,VTD 18,4502918,Colleton - VTD 18,COLLETON - VTD 18,32645998.343495,Colleton,029,Walterboro No. 1,Colleton - Walterboro No. 1,COLLETON - WALTERBORO NO. 1,594767.533970,0.018219,3
029,Colleton,VTD 20,4502920,Colleton - VTD 20,COLLETON - VTD 20,91028448.728998,Colleton,029,Maple Cane,Colleton - Maple Cane,COLLETON - MAPLE CANE,54980223.444627,0.603989,1
029,Colleton,VTD 20,4502920,Colleton - VTD 20,COLLETON - VTD 20,91028448.728998,Colleton,029,Sidneys,Colleton - Sidneys,COLLETON - SIDNEYS,36027887.846704,0.395787,2
029,Colleton,VTD 22,4502922,Colleton - VTD 22,COLLETON - VTD 22,75053682.995819,Colleton,029,Round O,Colleton - Round O,COLLETON - ROUND O,73511118.022170,0.979447,1
029,Colleton,VTD 22,4502922,Colleton - VTD 22,COLLETON - VTD 22,75053682.995819,Colleton,029,Mashawville,Colleton - Mashawville,COLLETON - MASHAWVILLE,1542437.288863,0.020551,2
029,Colleton,VTD 15,4502915,Colleton - VTD 15,COLLETON - VTD 15,39268792.260395,Colleton,029,Canady's,Colleton - Canady's,COLLETON - CANADYS,39191620.342627,0.998035,1
029,Colleton,VTD 15,4502915,Colleton - VTD 15,COLLETON - VTD 15,39268792.260395,Colleton,029,Edisto,Colleton - Edisto,COLLETON - EDISTO,76134.722102,0.001939,2
029,Colleton,VTD 16,4502916,Colleton - VTD 16,COLLETON - VTD 16,42647291.170983,Colleton,029,Peniel,Colleton - Peniel,COLLETON - PENIEL,42647277.757468,1.000000,1
029,Colleton,VTD 9,450299,Colleton - VTD 9,COLLETON - VTD 9,68198297.150739,Colleton,029,Stokes,Colleton - Stokes,COLLETON - STOKES,67892519.237207,0.995516,1
029,Colleton,VTD 9,450299,Colleton - VTD 9,COLLETON - VTD 9,68198297.150739,Colleton,029,Hudson Mill,Colleton - Hudson Mill,COLLETON - HUDSON MILL,291612.416739,0.004276,2
029,Colleton,VTD 5,450295,Colleton - VTD 5,COLLETON - VTD 5,133392144.287108,Colleton,029,Rice Patch,Colleton - Rice Patch,COLLETON - RICE PATCH,132271532.817715,0.991599,1
029,Colleton,VTD 5,450295,Colleton - VTD 5,COLLETON - VTD 5,133392144.287108,Colleton,029,Bells,Colleton - Bells,COLLETON - BELLS,691934.434749,0.005187,2
029,Colleton,VTD 5,450295,Colleton - VTD 5,COLLETON - VTD 5,133392144.287108,Colleton,029,Sniders,Colleton - Sniders,COLLETON - SNIDERS,423372.745524,0.003174,3
029,Colleton,VTD 4,450294,Colleton - VTD 4,COLLETON - VTD 4,125254310.321368,Colleton,029,Smoaks,Colleton - Smoaks,COLLETON - SMOAKS,119151417.499349,0.951276,1
029,Colleton,VTD 4,450294,Colleton - VTD 4,COLLETON - VTD 4,125254310.321368,Colleton,029,Edisto,Colleton - Edisto,COLLETON - EDISTO,6102873.015570,0.048724,2
029,Colleton,VTD 1,450291,Colleton - VTD 1,COLLETON - VTD 1,63475675.108436,Colleton,029,Lodge,Colleton - Lodge,COLLETON - LODGE,63475103.320541,0.999991,1
031,Darlington,VTD 35,4503135,Darlington - VTD 35,DARLINGTON - VTD 35,139572996.514714,Darlington,031,Mechanicsville,Darlington - Mechanicsville,DARLINGTON - MECHANICSVILLE,139572996.514714,1.000000,1
031,Darlington,VTD 6,450316,Darlington - VTD 6,DARLINGTON - VTD 6,3051691.261161,Darlington,031,Hartsville No. 1,Darlington - Hartsville No. 1,DARLINGTON - HARTSVILLE NO. 1,2987500.729601,0.978966,1
031,Darlington,VTD 6,450316,Darlington - VTD 6,DARLINGTON - VTD 6,3051691.261161,Darlington,031,Hartsville No. 8,Darlington - Hartsville No. 8,DARLINGTON - HARTSVILLE NO. 8,32974.607882,0.010805,2
031,Darlington,VTD 6,450316,Darlington - VTD 6,DARLINGTON - VTD 6,3051691.261161,Darlington,031,Kellytown,Darlington - Kellytown,DARLINGTON - KELLYTOWN,31215.923678,0.010229,3
031,Darlington,VTD 13,4503113,Darlington - VTD 13,DARLINGTON - VTD 13,34736831.033255,Darlington,031,Lydia,Darlington - Lydia,DARLINGTON - LYDIA,34736827.096021,1.000000,1
031,Darlington,VTD 19,4503119,Darlington - VTD 19,DARLINGTON - VTD 19,61224742.574018,Darlington,031,Lake Swamp,Darlington - Lake Swamp,DARLINGTON - LAKE SWAMP,61224690.709951,0.999999,1
031,Darlington,VTD 25,4503125,Darlington - VTD 25,DARLINGTON - VTD 25,18403013.831269,Darlington,031,Darlington No. 3,Darlington - Darlington No. 3,DARLINGTON - DARLINGTON NO. 3,18403011.722905,1.000000,1
031,Darlington,VTD 27,4503127,Darlington - VTD 27,DARLINGTON - VTD 27,27576000.689305,Darlington,031,Darlington No. 4,Darlington - Darlington No. 4,DARLINGTON - DARLINGTON NO. 4,27575997.782211,1.000000,1
031,Darlington,VTD 23,4503123,Darlington - VTD 23,DARLINGTON - VTD 23,10260276.650370,Darlington,031,Darlington No. 2,Darlington - Darlington No. 2,DARLINGTON - DARLINGTON NO. 2,10254499.428148,0.999437,1
031,Darlington,VTD 15,4503115,Darlington - VTD 15,DARLINGTON - VTD 15,65066389.558048,Darlington,031,Swift Creek,Darlington - Swift Creek,DARLINGTON - SWIFT CREEK,65046829.044779,0.999699,1
031,Darlington,VTD 24,4503124,Darlington - VTD 24,DARLINGTON - VTD 24,13080377.704331,Darlington,031,Darlington No. 5,Darlington - Darlington No. 5,DARLINGTON - DARLINGTON NO. 5,13080377.520492,1.000000,1
031,Darlington,VTD 26,4503126,Darlington - VTD 26,DARLINGTON - VTD 26,761246.822064,Darlington,031,Darlington No. 1,Darlington - Darlington No. 1,DARLINGTON - DARLINGTON NO. 1,761245.519551,0.999998,1
031,Darlington,VTD 20,4503120,Darlington - VTD 20,DARLINGTON - VTD 20,76083901.717557,Darlington,031,High Hill,Darlington - High Hill,DARLINGTON - HIGH HILL,76083901.339286,1.000000,1
031,Darlington,VTD 21,4503121,Darlington - VTD 21,DARLINGTON - VTD 21,22373287.121764,Darlington,031,Indian Branch,Darlington - Indian Branch,DARLINGTON - INDIAN BRANCH,22373258.768436,0.999999,1
031,Darlington,VTD 12,4503112,Darlington - VTD 12,DARLINGTON - VTD 12,31752039.748193,Darlington,031,Burnt Branch,Darlington - Burnt Branch,DARLINGTON - BURNT BRANCH,31751978.137132,0.999998,1
031,Darlington,VTD 18,4503118,Darlington - VTD 18,DARLINGTON - VTD 18,58225560.770981,Darlington,031,Lamar No. 2,Darlington - Lamar No. 2,DARLINGTON - LAMAR NO. 2,58225554.798533,1.000000,1
031,Darlington,VTD 22,4503122,Darlington - VTD 22,DARLINGTON - VTD 22,14427515.600652,Darlington,031,Darlington No. 6,Darlington - Darlington No. 6,DARLINGTON - DARLINGTON NO. 6,14415931.461703,0.999197,1
031,Darlington,VTD 22,4503122,Darlington - VTD 22,DARLINGTON - VTD 22,14427515.600652,Darlington,031,Dovesville,Darlington - Dovesville,DARLINGTON - DOVESVILLE,10461.162873,0.000725,2
031,Darlington,VTD 17,4503117,Darlington - VTD 17,DARLINGTON - VTD 17,75071027.909142,Darlington,031,Lamar No. 1,Darlington - Lamar No. 1,DARLINGTON - LAMAR NO. 1,75071027.909142,1.000000,1
031,Darlington,VTD 16,4503116,Darlington - VTD 16,DARLINGTON - VTD 16,67711957.378282,Darlington,031,Oates,Darlington - Oates,DARLINGTON - OATES,67711957.378282,1.000000,1
031,Darlington,VTD 11,4503111,Darlington - VTD 11,DARLINGTON - VTD 11,8257213.040521,Darlington,031,Hartsville No. 5,Darlington - Hartsville No. 5,DARLINGTON - HARTSVILLE NO. 5,8226153.308001,0.996238,1
031,Darlington,VTD 11,4503111,Darlington - VTD 11,DARLINGTON - VTD 11,8257213.040521,Darlington,031,Kellytown,Darlington - Kellytown,DARLINGTON - KELLYTOWN,24064.603859,0.002914,2
031,Darlington,VTD 11,4503111,Darlington - VTD 11,DARLINGTON - VTD 11,8257213.040521,Darlington,031,Burnt Branch,Darlington - Burnt Branch,DARLINGTON - BURNT BRANCH,6990.169302,0.000847,3
031,Darlington,VTD 28,4503128,Darlington - VTD 28,DARLINGTON - VTD 28,36196569.447004,Darlington,031,Palmetto,Darlington - Palmetto,DARLINGTON - PALMETTO,36196563.961419,1.000000,1
031,Darlington,VTD 34,4503134,Darlington - VTD 34,DARLINGTON - VTD 34,116421939.303515,Darlington,031,Society Hill,Darlington - Society Hill,DARLINGTON - SOCIETY HILL,116421935.468456,1.000000,1
031,Darlington,VTD 32,4503132,Darlington - VTD 32,DARLINGTON - VTD 32,116832742.504670,Darlington,031,Antioch,Darlington - Antioch,DARLINGTON - ANTIOCH,116832024.208072,0.999994,1
031,Darlington,VTD 31,4503131,Darlington - VTD 31,DARLINGTON - VTD 31,43590563.213311,Darlington,031,Auburn,Darlington - Auburn,DARLINGTON - AUBURN,43590563.213311,1.000000,1
031,Darlington,VTD 7,450317,Darlington - VTD 7,DARLINGTON - VTD 7,4081471.082049,Darlington,031,Hartsville No. 7,Darlington - Hartsville No. 7,DARLINGTON - HARTSVILLE NO. 7,3253206.271631,0.797067,1
031,Darlington,VTD 7,450317,Darlington - VTD 7,DARLINGTON - VTD 7,4081471.082049,Darlington,031,Hartsville No. 1,Darlington - Hartsville No. 1,DARLINGTON - HARTSVILLE NO. 1,821201.302053,0.201202,2
031,Darlington,VTD 7,450317,Darlington - VTD 7,DARLINGTON - VTD 7,4081471.082049,Darlington,031,Hartsville No. 9,Darlington - Hartsville No. 9,DARLINGTON - HARTSVILLE NO. 9,7063.508365,0.001731,3
031,Darlington,VTD 14,4503114,Darlington - VTD 14,DARLINGTON - VTD 14,37295080.720560,Darlington,031,Bethel,Darlington - Bethel,DARLINGTON - BETHEL,37244061.762825,0.998632,1
031,Darlington,VTD 14,4503114,Darlington - VTD 14,DARLINGTON - VTD 14,37295080.720560,Darlington,031,Burnt Branch,Darlington - Burnt Branch,DARLINGTON - BURNT BRANCH,48939.439190,0.001312,2
031,Darlington,VTD 10,4503110,Darlington - VTD 10,DARLINGTON - VTD 10,3902550.597080,Darlington,031,Hartsville No. 6,Darlington - Hartsville No. 6,DARLINGTON - HARTSVILLE NO. 6,3853297.550300,0.987379,1
031,Darlington,VTD 10,4503110,Darlington - VTD 10,DARLINGTON - VTD 10,3902550.597080,Darlington,031,Hartsville No. 5,Darlington - Hartsville No. 5,DARLINGTON - HARTSVILLE NO. 5,42839.120827,0.010977,2
031,Darlington,VTD 10,4503110,Darlington - VTD 10,DARLINGTON - VTD 10,3902550.597080,Darlington,031,Bethel,Darlington - Bethel,DARLINGTON - BETHEL,6358.158876,0.001629,3
031,Darlington,VTD 4,450314,Darlington - VTD 4,DARLINGTON - VTD 4,23524008.377945,Darlington,031,Hartsville No. 8,Darlington - Hartsville No. 8,DARLINGTON - HARTSVILLE NO. 8,23514172.103752,0.999582,1
031,Darlington,VTD 9,450319,Darlington - VTD 9,DARLINGTON - VTD 9,18945954.863806,Darlington,031,Hartsville No. 4,Darlington - Hartsville No. 4,DARLINGTON - HARTSVILLE NO. 4,18945948.699113,1.000000,1
031,Darlington,VTD 2,450312,Darlington - VTD 2,DARLINGTON - VTD 2,34749026.578563,Darlington,031,New Market,Darlington - New Market,DARLINGTON - NEW MARKET,34742617.373151,0.999816,1
031,Darlington,VTD 30,4503130,Darlington - VTD 30,DARLINGTON - VTD 30,44469980.186680,Darlington,031,Dovesville,Darlington - Dovesville,DARLINGTON - DOVESVILLE,44469785.244497,0.999996,1
031,Darlington,VTD 33,4503133,Darlington - VTD 33,DARLINGTON - VTD 33,66829554.561324,Darlington,031,Dovesville,Darlington - Dovesville,DARLINGTON - DOVESVILLE,66403478.500005,0.993624,1
031,Darlington,VTD 33,4503133,Darlington - VTD 33,DARLINGTON - VTD 33,66829554.561324,Darlington,031,Society Hill,Darlington - Society Hill,DARLINGTON - SOCIETY HILL,426030.505498,0.006375,2
031,Darlington,VTD 8,450318,Darlington - VTD 8,DARLINGTON - VTD 8,6297950.664552,Darlington,031,Hartsville No. 7,Darlington - Hartsville No. 7,DARLINGTON - HARTSVILLE NO. 7,6297949.405986,1.000000,1
031,Darlington,VTD 3,450313,Darlington - VTD 3,DARLINGTON - VTD 3,26647856.956418,Darlington,031,Kellytown,Darlington - Kellytown,DARLINGTON - KELLYTOWN,26646445.117939,0.999947,1
031,Darlington,VTD 5,450315,Darlington - VTD 5,DARLINGTON - VTD 5,26008298.334311,Darlington,031,Hartsville No. 9,Darlington - Hartsville No. 9,DARLINGTON - HARTSVILLE NO. 9,26001738.021579,0.999748,1
031,Darlington,VTD 1,450311,Darlington - VTD 1,DARLINGTON - VTD 1,70342512.777848,Darlington,031,Black Creek-Clyde,Darlington - Black Creek-Clyde,DARLINGTON - BLACK CREEK-CLYDE,70341862.273812,0.999991,1
031,Darlington,VTD 29,4503129,Darlington - VTD 29,DARLINGTON - VTD 29,64230082.224182,Darlington,031,Mechanicsville,Darlington - Mechanicsville,DARLINGTON - MECHANICSVILLE,64230070.621198,1.000000,1
033,Dillon,VTD 20,4503320,Dillon - VTD 20,DILLON - VTD 20,51836603.853022,Dillon,033,Fork,Dillon - Fork,DILLON - FORK,51836539.585002,0.999999,1
033,Dillon,VTD 6,450336,Dillon - VTD 6,DILLON - VTD 6,96686144.824700,Dillon,033,Lake View,Dillon - Lake View,DILLON - LAKE VIEW,96686144.824700,1.000000,1
033,Dillon,VTD 7,450337,Dillon - VTD 7,DILLON - VTD 7,33001521.148618,Dillon,033,Kemper,Dillon - Kemper,DILLON - KEMPER,33001521.148618,1.000000,1
033,Dillon,VTD 10,4503310,Dillon - VTD 10,DILLON - VTD 10,45593009.696142,Dillon,033,Bermuda,Dillon - Bermuda,DILLON - BERMUDA,45593009.696142,1.000000,1
033,Dillon,VTD 8,450338,Dillon - VTD 8,DILLON - VTD 8,40524131.094134,Dillon,033,Gaddy's Mill,Dillon - Gaddy's Mill,DILLON - GADDYS MILL,38945163.919146,0.961036,1
033,Dillon,VTD 8,450338,Dillon - VTD 8,DILLON - VTD 8,40524131.094134,Dillon,033,Lake View,Dillon - Lake View,DILLON - LAKE VIEW,1214750.821911,0.029976,2
033,Dillon,VTD 8,450338,Dillon - VTD 8,DILLON - VTD 8,40524131.094134,Dillon,033,Pleasant Hill,Dillon - Pleasant Hill,DILLON - PLEASANT HILL,355020.299619,0.008761,3
033,Dillon,VTD 11,4503311,Dillon - VTD 11,DILLON - VTD 11,35261405.164355,Dillon,033,Pleasant Hill,Dillon - Pleasant Hill,DILLON - PLEASANT HILL,35261405.164355,1.000000,1
033,Dillon,VTD 12,4503312,Dillon - VTD 12,DILLON - VTD 12,32637748.574802,Dillon,033,Hamer,Dillon - Hamer,DILLON - HAMER,32637719.560867,0.999999,1
033,Dillon,VTD 15,4503315,Dillon - VTD 15,DILLON - VTD 15,50350246.830706,Dillon,033,Little Rock,Dillon - Little Rock,DILLON - LITTLE ROCK,49392203.533785,0.980972,1
033,Dillon,VTD 15,4503315,Dillon - VTD 15,DILLON - VTD 15,50350246.830706,Dillon,033,West Dillon,Dillon - West Dillon,DILLON - WEST DILLON,958041.687179,0.019028,2
033,Dillon,VTD 2,450332,Dillon - VTD 2,DILLON - VTD 2,64387306.536368,Dillon,033,West Dillon,Dillon - West Dillon,DILLON - WEST DILLON,61977018.435329,0.962566,1
033,Dillon,VTD 2,450332,Dillon - VTD 2,DILLON - VTD 2,64387306.536368,Dillon,033,Little Rock,Dillon - Little Rock,DILLON - LITTLE ROCK,2410288.101039,0.037434,2
033,Dillon,VTD 1,450331,Dillon - VTD 1,DILLON - VTD 1,8998517.151231,Dillon,033,East Dillon,Dillon - East Dillon,DILLON - EAST DILLON,8998517.151231,1.000000,1
033,Dillon,VTD 3,450333,Dillon - VTD 3,DILLON - VTD 3,10447430.329112,Dillon,033,South Dillon,Dillon - South Dillon,DILLON - SOUTH DILLON,10447430.329112,1.000000,1
033,Dillon,VTD 18,4503318,Dillon - VTD 18,DILLON - VTD 18,20222001.737435,Dillon,033,Manning,Dillon - Manning,DILLON - MANNING,20184093.613392,0.998125,1
033,Dillon,VTD 18,4503318,Dillon - VTD 18,DILLON - VTD 18,20222001.737435,Dillon,033,South Dillon,Dillon - South Dillon,DILLON - SOUTH DILLON,37898.207734,0.001874,2
033,Dillon,VTD 9,450339,Dillon - VTD 9,DILLON - VTD 9,52334515.625071,Dillon,033,Mt. Calvary,Dillon - Mt. Calvary,DILLON - MT. CALVARY,52265230.835579,0.998676,1
033,Dillon,VTD 9,450339,Dillon - VTD 9,DILLON - VTD 9,52334515.625071,Dillon,033,Hamer,Dillon - Hamer,DILLON - HAMER,69284.789492,0.001324,2
033,Dillon,VTD 19,4503319,Dillon - VTD 19,DILLON - VTD 19,42332076.880357,Dillon,033,Floydale,Dillon - Floydale,DILLON - FLOYDALE,41618810.922389,0.983151,1
033,Dillon,VTD 19,4503319,Dillon - VTD 19,DILLON - VTD 19,42332076.880357,Dillon,033,Manning,Dillon - Manning,DILLON - MANNING,660522.914382,0.015603,2
033,Dillon,VTD 19,4503319,Dillon - VTD 19,DILLON - VTD 19,42332076.880357,Dillon,033,Fork,Dillon - Fork,DILLON - FORK,52743.043586,0.001246,3
033,Dillon,VTD 4,450334,Dillon - VTD 4,DILLON - VTD 4,57984618.676278,Dillon,033,Latta,Dillon - Latta,DILLON - LATTA,57705183.077013,0.995181,1
033,Dillon,VTD 4,450334,Dillon - VTD 4,DILLON - VTD 4,57984618.676278,Dillon,033,West Dillon,Dillon - West Dillon,DILLON - WEST DILLON,279425.350421,0.004819,2
033,Dillon,VTD 17,4503317,Dillon - VTD 17,DILLON - VTD 17,147111750.323881,Dillon,033,Oak Grove,Dillon - Oak Grove,DILLON - OAK GROVE,147110980.321825,0.999995,1
033,Dillon,VTD 5,450335,Dillon - VTD 5,DILLON - VTD 5,107945617.886599,Dillon,033,New Holly,Dillon - New Holly,DILLON - NEW HOLLY,107945617.886599,1.000000,1
033,Dillon,VTD 13,4503313,Dillon - VTD 13,DILLON - VTD 13,39061004.019361,Dillon,033,Oakland,Dillon - Oakland,DILLON - OAKLAND,39005245.598979,0.998573,1
033,Dillon,VTD 13,4503313,Dillon - VTD 13,DILLON - VTD 13,39061004.019361,Dillon,033,Carolina,Dillon - Carolina,DILLON - CAROLINA,55758.313953,0.001427,2
033,Dillon,VTD 16,4503316,Dillon - VTD 16,DILLON - VTD 16,52426609.210038,Dillon,033,Minturn,Dillon - Minturn,DILLON - MINTURN,52426609.210038,1.000000,1
033,Dillon,VTD 14,4503314,Dillon - VTD 14,DILLON - VTD 14,63927573.560723,Dillon,033,Carolina,Dillon - Carolina,DILLON - CAROLINA,63927573.530195,1.000000,1
035,Dorchester,VTD 36,4503536,Dorchester - VTD 36,DORCHESTER - VTD 36,2795978.184816,Dorchester,035,Ashborough West 2,Dorchester - Ashborough West 2,DORCHESTER - ASHBOROUGH WEST 2,1638874.002427,0.586154,1
035,Dorchester,VTD 36,4503536,Dorchester - VTD 36,DORCHESTER - VTD 36,2795978.184816,Dorchester,035,Ashborough West,Dorchester - Ashborough West,DORCHESTER - ASHBOROUGH WEST,1156764.161251,0.413724,2
035,Dorchester,VTD 46,4503546,Dorchester - VTD 46,DORCHESTER - VTD 46,3509481.481411,Dorchester,035,Windsor,Dorchester - Windsor,DORCHESTER - WINDSOR,1556139.689467,0.443410,1
035,Dorchester,VTD 46,4503546,Dorchester - VTD 46,DORCHESTER - VTD 46,3509481.481411,Dorchester,035,Patriot,Dorchester - Patriot,DORCHESTER - PATRIOT,1254870.513631,0.357566,2
035,Dorchester,VTD 46,4503546,Dorchester - VTD 46,DORCHESTER - VTD 46,3509481.481411,Dorchester,035,Lincoln,Dorchester - Lincoln,DORCHESTER - LINCOLN,622192.312015,0.177289,3
035,Dorchester,VTD 42,4503542,Dorchester - VTD 42,DORCHESTER - VTD 42,43758362.923114,Dorchester,035,Delemars,Dorchester - Delemars,DORCHESTER - DELEMARS,43454611.210544,0.993058,1
035,Dorchester,VTD 42,4503542,Dorchester - VTD 42,DORCHESTER - VTD 42,43758362.923114,Dorchester,035,Saul Dam,Dorchester - Saul Dam,DORCHESTER - SAUL DAM,302772.193955,0.006919,2
035,Dorchester,VTD 34,4503534,Dorchester - VTD 34,DORCHESTER - VTD 34,50447685.691530,Dorchester,035,Delemars,Dorchester - Delemars,DORCHESTER - DELEMARS,49443548.234865,0.980095,1
035,Dorchester,VTD 34,4503534,Dorchester - VTD 34,DORCHESTER - VTD 34,50447685.691530,Dorchester,035,Bacons Bridge,Dorchester - Bacons Bridge,DORCHESTER - BACONS BRIDGE,986978.307760,0.019564,2
035,Dorchester,VTD 43,4503543,Dorchester - VTD 43,DORCHESTER - VTD 43,75619086.495641,Dorchester,035,Saul Dam,Dorchester - Saul Dam,DORCHESTER - SAUL DAM,55855180.310163,0.738639,1
035,Dorchester,VTD 43,4503543,Dorchester - VTD 43,DORCHESTER - VTD 43,75619086.495641,Dorchester,035,Delemars,Dorchester - Delemars,DORCHESTER - DELEMARS,19320285.516523,0.255495,2
035,Dorchester,VTD 43,4503543,Dorchester - VTD 43,DORCHESTER - VTD 43,75619086.495641,Dorchester,035,Beech Hill 2,Dorchester - Beech Hill 2,DORCHESTER - BEECH HILL 2,412341.706942,0.005453,3
035,Dorchester,VTD 16,4503516,Dorchester - VTD 16,DORCHESTER - VTD 16,69770791.011463,Dorchester,035,Rosses,Dorchester - Rosses,DORCHESTER - ROSSES,69770754.582137,0.999999,1
035,Dorchester,VTD 12,4503512,Dorchester - VTD 12,DORCHESTER - VTD 12,69688460.415674,Dorchester,035,Four Hole,Dorchester - Four Hole,DORCHESTER - FOUR HOLE,69687382.022536,0.999985,1
035,Dorchester,VTD 2,450352,Dorchester - VTD 2,DORCHESTER - VTD 2,63351792.173422,Dorchester,035,Reevesville,Dorchester - Reevesville,DORCHESTER - REEVESVILLE,63159262.242649,0.996961,1
035,Dorchester,VTD 2,450352,Dorchester - VTD 2,DORCHESTER - VTD 2,63351792.173422,Dorchester,035,Grover,Dorchester - Grover,DORCHESTER - GROVER,192529.839362,0.003039,2
035,Dorchester,VTD 1,450351,Dorchester - VTD 1,DORCHESTER - VTD 1,61084345.377969,Dorchester,035,Reevesville,Dorchester - Reevesville,DORCHESTER - REEVESVILLE,61084286.498832,0.999999,1
035,Dorchester,VTD 23,4503523,Dorchester - VTD 23,DORCHESTER - VTD 23,10164028.119948,Dorchester,035,Flowertown,Dorchester - Flowertown,DORCHESTER - FLOWERTOWN,6057392.257391,0.595964,1
035,Dorchester,VTD 23,4503523,Dorchester - VTD 23,DORCHESTER - VTD 23,10164028.119948,Dorchester,035,Flowertown 2,Dorchester - Flowertown 2,DORCHESTER - FLOWERTOWN 2,3724360.047879,0.366426,2
035,Dorchester,VTD 23,4503523,Dorchester - VTD 23,DORCHESTER - VTD 23,10164028.119948,Dorchester,035,Tupperway 2,Dorchester - Tupperway 2,DORCHESTER - TUPPERWAY 2,370772.657526,0.036479,3
035,Dorchester,VTD 23,4503523,Dorchester - VTD 23,DORCHESTER - VTD 23,10164028.119948,Dorchester,035,Givhans 2,Dorchester - Givhans 2,DORCHESTER - GIVHANS 2,11487.911685,0.001130,4
035,Dorchester,VTD 22,4503522,Dorchester - VTD 22,DORCHESTER - VTD 22,24828575.741470,Dorchester,035,Clemson 3,Dorchester - Clemson 3,DORCHESTER - CLEMSON 3,11210814.363568,0.451529,1
035,Dorchester,VTD 22,4503522,Dorchester - VTD 22,DORCHESTER - VTD 22,24828575.741470,Dorchester,035,Butternut,Dorchester - Butternut,DORCHESTER - BUTTERNUT,6076245.697683,0.244728,2
035,Dorchester,VTD 22,4503522,Dorchester - VTD 22,DORCHESTER - VTD 22,24828575.741470,Dorchester,035,Clemson 2,Dorchester - Clemson 2,DORCHESTER - CLEMSON 2,3679572.054213,0.148199,3
035,Dorchester,VTD 22,4503522,Dorchester - VTD 22,DORCHESTER - VTD 22,24828575.741470,Dorchester,035,Clemson,Dorchester - Clemson,DORCHESTER - CLEMSON,3169458.513913,0.127654,4
035,Dorchester,VTD 22,4503522,Dorchester - VTD 22,DORCHESTER - VTD 22,24828575.741470,Dorchester,035,Central,Dorchester - Central,DORCHESTER - CENTRAL,692407.167523,0.027888,5
035,Dorchester,VTD 13,4503513,Dorchester - VTD 13,DORCHESTER - VTD 13,47164067.917883,Dorchester,035,Grover,Dorchester - Grover,DORCHESTER - GROVER,47163630.673517,0.999991,1
035,Dorchester,VTD 10,4503510,Dorchester - VTD 10,DORCHESTER - VTD 10,40026395.992740,Dorchester,035,St. George No. 1,Dorchester - St. George No. 1,DORCHESTER - ST. GEORGE NO. 1,40017497.387162,0.999778,1
035,Dorchester,VTD 4,450354,Dorchester - VTD 4,DORCHESTER - VTD 4,61360787.474498,Dorchester,035,Rosinville,Dorchester - Rosinville,DORCHESTER - ROSINVILLE,61360773.977118,1.000000,1
035,Dorchester,VTD 31,4503531,Dorchester - VTD 31,DORCHESTER - VTD 31,2232324.361515,Dorchester,035,North Summerville,Dorchester - North Summerville,DORCHESTER - NORTH SUMMERVILLE,1235622.820848,0.553514,1
035,Dorchester,VTD 31,4503531,Dorchester - VTD 31,DORCHESTER - VTD 31,2232324.361515,Dorchester,035,Spann,Dorchester - Spann,DORCHESTER - SPANN,995365.044551,0.445887,2
035,Dorchester,VTD 31,4503531,Dorchester - VTD 31,DORCHESTER - VTD 31,2232324.361515,Dorchester,035,Stallsville,Dorchester - Stallsville,DORCHESTER - STALLSVILLE,1324.392105,0.000593,3
035,Dorchester,VTD 24,4503524,Dorchester - VTD 24,DORCHESTER - VTD 24,5075595.763234,Dorchester,035,Central 2,Dorchester - Central 2,DORCHESTER - CENTRAL 2,1454031.974203,0.286475,1
035,Dorchester,VTD 24,4503524,Dorchester - VTD 24,DORCHESTER - VTD 24,5075595.763234,Dorchester,035,Tupperway 2,Dorchester - Tupperway 2,DORCHESTER - TUPPERWAY 2,1429385.673628,0.281619,2
035,Dorchester,VTD 24,4503524,Dorchester - VTD 24,DORCHESTER - VTD 24,5075595.763234,Dorchester,035,Central,Dorchester - Central,DORCHESTER - CENTRAL,1259786.925242,0.248205,3
035,Dorchester,VTD 24,4503524,Dorchester - VTD 24,DORCHESTER - VTD 24,5075595.763234,Dorchester,035,Tupperway,Dorchester - Tupperway,DORCHESTER - TUPPERWAY,878697.021857,0.173122,4
035,Dorchester,VTD 24,4503524,Dorchester - VTD 24,DORCHESTER - VTD 24,5075595.763234,Dorchester,035,Germantown,Dorchester - Germantown,DORCHESTER - GERMANTOWN,53688.103148,0.010578,5
035,Dorchester,VTD 17,4503517,Dorchester - VTD 17,DORCHESTER - VTD 17,54311778.217817,Dorchester,035,Ridgeville,Dorchester - Ridgeville,DORCHESTER - RIDGEVILLE,51758699.015685,0.952992,1
035,Dorchester,VTD 17,4503517,Dorchester - VTD 17,DORCHESTER - VTD 17,54311778.217817,Dorchester,035,Givhans 2,Dorchester - Givhans 2,DORCHESTER - GIVHANS 2,579315.093509,0.010666,2
035,Dorchester,VTD 47,4503547,Dorchester - VTD 47,DORCHESTER - VTD 47,6620182.769768,Dorchester,035,Patriot,Dorchester - Patriot,DORCHESTER - PATRIOT,2995849.394146,0.452533,1
035,Dorchester,VTD 47,4503547,Dorchester - VTD 47,DORCHESTER - VTD 47,6620182.769768,Dorchester,035,Archdale 2,Dorchester - Archdale 2,DORCHESTER - ARCHDALE 2,1821776.754072,0.275185,2
035,Dorchester,VTD 47,4503547,Dorchester - VTD 47,DORCHESTER - VTD 47,6620182.769768,Dorchester,035,Archdale,Dorchester - Archdale,DORCHESTER - ARCHDALE,1144157.583860,0.172829,3
035,Dorchester,VTD 47,4503547,Dorchester - VTD 47,DORCHESTER - VTD 47,6620182.769768,Dorchester,035,Ashley River,Dorchester - Ashley River,DORCHESTER - ASHLEY RIVER,359351.123217,0.054281,4
035,Dorchester,VTD 32,4503532,Dorchester - VTD 32,DORCHESTER - VTD 32,1705196.189769,Dorchester,035,Stallsville,Dorchester - Stallsville,DORCHESTER - STALLSVILLE,1705191.915780,0.999997,1
035,Dorchester,VTD 19,4503519,Dorchester - VTD 19,DORCHESTER - VTD 19,84056959.742750,Dorchester,035,Givhans,Dorchester - Givhans,DORCHESTER - GIVHANS,66597325.262658,0.792288,1
035,Dorchester,VTD 19,4503519,Dorchester - VTD 19,DORCHESTER - VTD 19,84056959.742750,Dorchester,035,Givhans 2,Dorchester - Givhans 2,DORCHESTER - GIVHANS 2,17458573.081145,0.207699,2
035,Dorchester,VTD 29,4503529,Dorchester - VTD 29,DORCHESTER - VTD 29,6548680.251827,Dorchester,035,Bacons Bridge,Dorchester - Bacons Bridge,DORCHESTER - BACONS BRIDGE,3423746.331889,0.522815,1
035,Dorchester,VTD 29,4503529,Dorchester - VTD 29,DORCHESTER - VTD 29,6548680.251827,Dorchester,035,Greenwave,Dorchester - Greenwave,DORCHESTER - GREENWAVE,3119513.565585,0.476358,2
035,Dorchester,VTD 33,4503533,Dorchester - VTD 33,DORCHESTER - VTD 33,1776658.665064,Dorchester,035,Greenhurst,Dorchester - Greenhurst,DORCHESTER - GREENHURST,1038070.865233,0.584283,1
035,Dorchester,VTD 33,4503533,Dorchester - VTD 33,DORCHESTER - VTD 33,1776658.665064,Dorchester,035,Briarwood,Dorchester - Briarwood,DORCHESTER - BRIARWOOD,405169.280614,0.228051,2
035,Dorchester,VTD 33,4503533,Dorchester - VTD 33,DORCHESTER - VTD 33,1776658.665064,Dorchester,035,Spann,Dorchester - Spann,DORCHESTER - SPANN,333418.063567,0.187666,3
035,Dorchester,VTD 39,4503539,Dorchester - VTD 39,DORCHESTER - VTD 39,5698527.482642,Dorchester,035,Trolley,Dorchester - Trolley,DORCHESTER - TROLLEY,1666666.130057,0.292473,1
035,Dorchester,VTD 39,4503539,Dorchester - VTD 39,DORCHESTER - VTD 39,5698527.482642,Dorchester,035,Briarwood 2,Dorchester - Briarwood 2,DORCHESTER - BRIARWOOD 2,1163535.477839,0.204182,2
035,Dorchester,VTD 39,4503539,Dorchester - VTD 39,DORCHESTER - VTD 39,5698527.482642,Dorchester,035,Coastal Center,Dorchester - Coastal Center,DORCHESTER - COASTAL CENTER,924054.334545,0.162157,3
035,Dorchester,VTD 39,4503539,Dorchester - VTD 39,DORCHESTER - VTD 39,5698527.482642,Dorchester,035,Briarwood 3,Dorchester - Briarwood 3,DORCHESTER - BRIARWOOD 3,685387.610815,0.120275,4
035,Dorchester,VTD 39,4503539,Dorchester - VTD 39,DORCHESTER - VTD 39,5698527.482642,Dorchester,035,Coastal 2,Dorchester - Coastal 2,DORCHESTER - COASTAL 2,597817.036642,0.104907,5
035,Dorchester,VTD 39,4503539,Dorchester - VTD 39,DORCHESTER - VTD 39,5698527.482642,Dorchester,035,Briarwood,Dorchester - Briarwood,DORCHESTER - BRIARWOOD,587786.141793,0.103147,6
035,Dorchester,VTD 39,4503539,Dorchester - VTD 39,DORCHESTER - VTD 39,5698527.482642,Dorchester,035,Spann,Dorchester - Spann,DORCHESTER - SPANN,61251.325708,0.010749,7
035,Dorchester,VTD 39,4503539,Dorchester - VTD 39,DORCHESTER - VTD 39,5698527.482642,Dorchester,035,Coastal,Dorchester - Coastal,DORCHESTER - COASTAL,11323.375051,0.001987,8
035,Dorchester,VTD 26,4503526,Dorchester - VTD 26,DORCHESTER - VTD 26,4286463.834150,Dorchester,035,Dorchester,Dorchester - Dorchester,DORCHESTER - DORCHESTER,2403881.775512,0.560808,1
035,Dorchester,VTD 26,4503526,Dorchester - VTD 26,DORCHESTER - VTD 26,4286463.834150,Dorchester,035,Dorchester 2,Dorchester - Dorchester 2,DORCHESTER - DORCHESTER 2,1882572.832170,0.439190,2
035,Dorchester,VTD 11,4503511,Dorchester - VTD 11,DORCHESTER - VTD 11,49924136.558778,Dorchester,035,Harleyville,Dorchester - Harleyville,DORCHESTER - HARLEYVILLE,49816539.624449,0.997845,1
035,Dorchester,VTD 11,4503511,Dorchester - VTD 11,DORCHESTER - VTD 11,49924136.558778,Dorchester,035,Four Hole,Dorchester - Four Hole,DORCHESTER - FOUR HOLE,102639.761202,0.002056,2
035,Dorchester,VTD 15,4503515,Dorchester - VTD 15,DORCHESTER - VTD 15,45129275.968919,Dorchester,035,Four Hole,Dorchester - Four Hole,DORCHESTER - FOUR HOLE,40248813.421009,0.891856,1
035,Dorchester,VTD 15,4503515,Dorchester - VTD 15,DORCHESTER - VTD 15,45129275.968919,Dorchester,035,Rosses,Dorchester - Rosses,DORCHESTER - ROSSES,4568148.292726,0.101224,2
035,Dorchester,VTD 3,450353,Dorchester - VTD 3,DORCHESTER - VTD 3,39647398.386317,Dorchester,035,Indian Field,Dorchester - Indian Field,DORCHESTER - INDIAN FIELD,39534953.894765,0.997164,1
035,Dorchester,VTD 3,450353,Dorchester - VTD 3,DORCHESTER - VTD 3,39647398.386317,Dorchester,035,Indian Field 2,Dorchester - Indian Field 2,DORCHESTER - INDIAN FIELD 2,112126.073835,0.002828,2
035,Dorchester,VTD 48,4503548,Dorchester - VTD 48,DORCHESTER - VTD 48,4872211.654266,Dorchester,035,Tranquil 2,Dorchester - Tranquil 2,DORCHESTER - TRANQUIL 2,2553268.123181,0.524047,1
035,Dorchester,VTD 48,4503548,Dorchester - VTD 48,DORCHESTER - VTD 48,4872211.654266,Dorchester,035,Oakbrook,Dorchester - Oakbrook,DORCHESTER - OAKBROOK,1281354.065593,0.262992,2
035,Dorchester,VTD 48,4503548,Dorchester - VTD 48,DORCHESTER - VTD 48,4872211.654266,Dorchester,035,Tranquil,Dorchester - Tranquil,DORCHESTER - TRANQUIL,909169.770418,0.186603,3
035,Dorchester,VTD 48,4503548,Dorchester - VTD 48,DORCHESTER - VTD 48,4872211.654266,Dorchester,035,Ashborough West,Dorchester - Ashborough West,DORCHESTER - ASHBOROUGH WEST,3291.853356,0.000676,4
035,Dorchester,VTD 48,4503548,Dorchester - VTD 48,DORCHESTER - VTD 48,4872211.654266,Dorchester,035,Coastal,Dorchester - Coastal,DORCHESTER - COASTAL,3042.474426,0.000624,5
035,Dorchester,VTD 45,4503545,Dorchester - VTD 45,DORCHESTER - VTD 45,26138984.532349,Dorchester,035,Coosaw 2,Dorchester - Coosaw 2,DORCHESTER - COOSAW 2,4920060.509726,0.188227,1
035,Dorchester,VTD 45,4503545,Dorchester - VTD 45,DORCHESTER - VTD 45,26138984.532349,Dorchester,035,Oakbrook,Dorchester - Oakbrook,DORCHESTER - OAKBROOK,4871010.175112,0.186350,2
035,Dorchester,VTD 45,4503545,Dorchester - VTD 45,DORCHESTER - VTD 45,26138984.532349,Dorchester,035,Kings Grant 2,Dorchester - Kings Grant 2,DORCHESTER - KINGS GRANT 2,4279816.753697,0.163733,3
035,Dorchester,VTD 45,4503545,Dorchester - VTD 45,DORCHESTER - VTD 45,26138984.532349,Dorchester,035,Coosaw,Dorchester - Coosaw,DORCHESTER - COOSAW,3912241.003305,0.149671,4
035,Dorchester,VTD 45,4503545,Dorchester - VTD 45,DORCHESTER - VTD 45,26138984.532349,Dorchester,035,Ashley River,Dorchester - Ashley River,DORCHESTER - ASHLEY RIVER,3016130.828708,0.115388,5
035,Dorchester,VTD 45,4503545,Dorchester - VTD 45,DORCHESTER - VTD 45,26138984.532349,Dorchester,035,Kings Grant,Dorchester - Kings Grant,DORCHESTER - KINGS GRANT,2548303.807027,0.097491,6
035,Dorchester,VTD 45,4503545,Dorchester - VTD 45,DORCHESTER - VTD 45,26138984.532349,Dorchester,035,Lincoln,Dorchester - Lincoln,DORCHESTER - LINCOLN,2093684.241660,0.080098,7
035,Dorchester,VTD 45,4503545,Dorchester - VTD 45,DORCHESTER - VTD 45,26138984.532349,Dorchester,035,Windsor,Dorchester - Windsor,DORCHESTER - WINDSOR,271646.842644,0.010392,8
035,Dorchester,VTD 25,4503525,Dorchester - VTD 25,DORCHESTER - VTD 25,1769800.801090,Dorchester,035,Germantown,Dorchester - Germantown,DORCHESTER - GERMANTOWN,1769791.998271,0.999995,1
035,Dorchester,VTD 18,4503518,Dorchester - VTD 18,DORCHESTER - VTD 18,38178595.072135,Dorchester,035,Ridgeville 2,Dorchester - Ridgeville 2,DORCHESTER - RIDGEVILLE 2,30247424.829346,0.792261,1
035,Dorchester,VTD 18,4503518,Dorchester - VTD 18,DORCHESTER - VTD 18,38178595.072135,Dorchester,035,Cypress,Dorchester - Cypress,DORCHESTER - CYPRESS,7716530.928108,0.202117,2
035,Dorchester,VTD 18,4503518,Dorchester - VTD 18,DORCHESTER - VTD 18,38178595.072135,Dorchester,035,Ridgeville,Dorchester - Ridgeville,DORCHESTER - RIDGEVILLE,96995.598498,0.002541,3
035,Dorchester,VTD 30,4503530,Dorchester - VTD 30,DORCHESTER - VTD 30,5486365.794314,Dorchester,035,Sawmill Branch,Dorchester - Sawmill Branch,DORCHESTER - SAWMILL BRANCH,2939629.678507,0.535806,1
035,Dorchester,VTD 30,4503530,Dorchester - VTD 30,DORCHESTER - VTD 30,5486365.794314,Dorchester,035,Newington 2,Dorchester - Newington 2,DORCHESTER - NEWINGTON 2,1286066.503965,0.234411,2
035,Dorchester,VTD 30,4503530,Dorchester - VTD 30,DORCHESTER - VTD 30,5486365.794314,Dorchester,035,Newington,Dorchester - Newington,DORCHESTER - NEWINGTON,1224207.068819,0.223136,3
035,Dorchester,VTD 30,4503530,Dorchester - VTD 30,DORCHESTER - VTD 30,5486365.794314,Dorchester,035,Greenwave,Dorchester - Greenwave,DORCHESTER - GREENWAVE,20206.204441,0.003683,4
035,Dorchester,VTD 30,4503530,Dorchester - VTD 30,DORCHESTER - VTD 30,5486365.794314,Dorchester,035,Stallsville,Dorchester - Stallsville,DORCHESTER - STALLSVILLE,8492.802688,0.001548,5
035,Dorchester,VTD 30,4503530,Dorchester - VTD 30,DORCHESTER - VTD 30,5486365.794314,Dorchester,035,Irongate 2,Dorchester - Irongate 2,DORCHESTER - IRONGATE 2,5437.859240,0.000991,6
035,Dorchester,VTD 21,4503521,Dorchester - VTD 21,DORCHESTER - VTD 21,50984440.400286,Dorchester,035,Cypress,Dorchester - Cypress,DORCHESTER - CYPRESS,23283470.773709,0.456678,1
035,Dorchester,VTD 21,4503521,Dorchester - VTD 21,DORCHESTER - VTD 21,50984440.400286,Dorchester,035,Knightsville,Dorchester - Knightsville,DORCHESTER - KNIGHTSVILLE,10486091.623597,0.205672,2
035,Dorchester,VTD 21,4503521,Dorchester - VTD 21,DORCHESTER - VTD 21,50984440.400286,Dorchester,035,Flowertown,Dorchester - Flowertown,DORCHESTER - FLOWERTOWN,9683988.673249,0.189940,3
035,Dorchester,VTD 21,4503521,Dorchester - VTD 21,DORCHESTER - VTD 21,50984440.400286,Dorchester,035,Clemson 3,Dorchester - Clemson 3,DORCHESTER - CLEMSON 3,4625621.305641,0.090726,4
035,Dorchester,VTD 21,4503521,Dorchester - VTD 21,DORCHESTER - VTD 21,50984440.400286,Dorchester,035,Clemson 2,Dorchester - Clemson 2,DORCHESTER - CLEMSON 2,2898341.819510,0.056848,5
035,Dorchester,VTD 40,4503540,Dorchester - VTD 40,DORCHESTER - VTD 40,6684548.530429,Dorchester,035,Miles/Jamison,Dorchester - Miles/Jamison,DORCHESTER - MILESJAMISON,3280194.790444,0.490713,1
035,Dorchester,VTD 40,4503540,Dorchester - VTD 40,DORCHESTER - VTD 40,6684548.530429,Dorchester,035,Coastal Center,Dorchester - Coastal Center,DORCHESTER - COASTAL CENTER,1530500.288479,0.228961,2
035,Dorchester,VTD 40,4503540,Dorchester - VTD 40,DORCHESTER - VTD 40,6684548.530429,Dorchester,035,Coastal,Dorchester - Coastal,DORCHESTER - COASTAL,841255.077255,0.125851,3
035,Dorchester,VTD 40,4503540,Dorchester - VTD 40,DORCHESTER - VTD 40,6684548.530429,Dorchester,035,Coastal 2,Dorchester - Coastal 2,DORCHESTER - COASTAL 2,751544.613730,0.112430,4
035,Dorchester,VTD 40,4503540,Dorchester - VTD 40,DORCHESTER - VTD 40,6684548.530429,Dorchester,035,Greenhurst,Dorchester - Greenhurst,DORCHESTER - GREENHURST,209887.494223,0.031399,5
035,Dorchester,VTD 5,450355,Dorchester - VTD 5,DORCHESTER - VTD 5,48339580.121672,Dorchester,035,Indian Field 2,Dorchester - Indian Field 2,DORCHESTER - INDIAN FIELD 2,48050052.488184,0.994011,1
035,Dorchester,VTD 5,450355,Dorchester - VTD 5,DORCHESTER - VTD 5,48339580.121672,Dorchester,035,St. George No. 2,Dorchester - St. George No. 2,DORCHESTER - ST. GEORGE NO. 2,289277.203934,0.005984,2
035,Dorchester,VTD 8,450358,Dorchester - VTD 8,DORCHESTER - VTD 8,29280065.985497,Dorchester,035,St. George No. 1,Dorchester - St. George No. 1,DORCHESTER - ST. GEORGE NO. 1,25769392.935274,0.880100,1
035,Dorchester,VTD 8,450358,Dorchester - VTD 8,DORCHESTER - VTD 8,29280065.985497,Dorchester,035,St. George No. 2,Dorchester - St. George No. 2,DORCHESTER - ST. GEORGE NO. 2,2018646.832715,0.068943,2
035,Dorchester,VTD 8,450358,Dorchester - VTD 8,DORCHESTER - VTD 8,29280065.985497,Dorchester,035,Reevesville,Dorchester - Reevesville,DORCHESTER - REEVESVILLE,1476448.583401,0.050425,3
035,Dorchester,VTD 6,450356,Dorchester - VTD 6,DORCHESTER - VTD 6,62750270.085345,Dorchester,035,Rosinville,Dorchester - Rosinville,DORCHESTER - ROSINVILLE,62445575.420506,0.995144,1
035,Dorchester,VTD 6,450356,Dorchester - VTD 6,DORCHESTER - VTD 6,62750270.085345,Dorchester,035,Harleyville,Dorchester - Harleyville,DORCHESTER - HARLEYVILLE,304609.648599,0.004854,2
035,Dorchester,VTD 44,4503544,Dorchester - VTD 44,DORCHESTER - VTD 44,48756887.988489,Dorchester,035,Saul Dam,Dorchester - Saul Dam,DORCHESTER - SAUL DAM,48378508.703814,0.992239,1
035,Dorchester,VTD 44,4503544,Dorchester - VTD 44,DORCHESTER - VTD 44,48756887.988489,Dorchester,035,Kings Grant 2,Dorchester - Kings Grant 2,DORCHESTER - KINGS GRANT 2,220992.768169,0.004533,2
035,Dorchester,VTD 44,4503544,Dorchester - VTD 44,DORCHESTER - VTD 44,48756887.988489,Dorchester,035,Kings Grant,Dorchester - Kings Grant,DORCHESTER - KINGS GRANT,103367.122441,0.002120,3
035,Dorchester,VTD 49,4503549,Dorchester - VTD 49,DORCHESTER - VTD 49,4085018.387165,Dorchester,035,Brandymill 2,Dorchester - Brandymill 2,DORCHESTER - BRANDYMILL 2,1453374.170018,0.355782,1
035,Dorchester,VTD 49,4503549,Dorchester - VTD 49,DORCHESTER - VTD 49,4085018.387165,Dorchester,035,Irongate,Dorchester - Irongate,DORCHESTER - IRONGATE,919152.961022,0.225006,2
035,Dorchester,VTD 49,4503549,Dorchester - VTD 49,DORCHESTER - VTD 49,4085018.387165,Dorchester,035,Irongate 3,Dorchester - Irongate 3,DORCHESTER - IRONGATE 3,688510.705847,0.168545,3
035,Dorchester,VTD 49,4503549,Dorchester - VTD 49,DORCHESTER - VTD 49,4085018.387165,Dorchester,035,Brandymill,Dorchester - Brandymill,DORCHESTER - BRANDYMILL,593575.100885,0.145305,4
035,Dorchester,VTD 49,4503549,Dorchester - VTD 49,DORCHESTER - VTD 49,4085018.387165,Dorchester,035,Irongate 2,Dorchester - Irongate 2,DORCHESTER - IRONGATE 2,430333.512883,0.105344,5
035,Dorchester,VTD 20,4503520,Dorchester - VTD 20,DORCHESTER - VTD 20,55689792.586935,Dorchester,035,Givhans 2,Dorchester - Givhans 2,DORCHESTER - GIVHANS 2,35999881.891671,0.646436,1
035,Dorchester,VTD 20,4503520,Dorchester - VTD 20,DORCHESTER - VTD 20,55689792.586935,Dorchester,035,Givhans,Dorchester - Givhans,DORCHESTER - GIVHANS,19689910.296184,0.353564,2
035,Dorchester,VTD 14,4503514,Dorchester - VTD 14,DORCHESTER - VTD 14,57655729.094382,Dorchester,035,Rosses,Dorchester - Rosses,DORCHESTER - ROSSES,57628786.015974,0.999533,1
035,Dorchester,VTD 37,4503537,Dorchester - VTD 37,DORCHESTER - VTD 37,3597156.303744,Dorchester,035,Ashborough East,Dorchester - Ashborough East,DORCHESTER - ASHBOROUGH EAST,1807575.563164,0.502501,1
035,Dorchester,VTD 37,4503537,Dorchester - VTD 37,DORCHESTER - VTD 37,3597156.303744,Dorchester,035,Ashborough East 2,Dorchester - Ashborough East 2,DORCHESTER - ASHBOROUGH EAST 2,1207125.201246,0.335578,2
035,Dorchester,VTD 37,4503537,Dorchester - VTD 37,DORCHESTER - VTD 37,3597156.303744,Dorchester,035,Ashborough West,Dorchester - Ashborough West,DORCHESTER - ASHBOROUGH WEST,579646.070709,0.161140,3
035,Dorchester,VTD 7,450357,Dorchester - VTD 7,DORCHESTER - VTD 7,46740069.060533,Dorchester,035,Grover,Dorchester - Grover,DORCHESTER - GROVER,46740043.066156,0.999999,1
035,Dorchester,VTD 27,4503527,Dorchester - VTD 27,DORCHESTER - VTD 27,2509773.064786,Dorchester,035,Carolina,Dorchester - Carolina,DORCHESTER - CAROLINA,1583361.048406,0.630878,1
035,Dorchester,VTD 27,4503527,Dorchester - VTD 27,DORCHESTER - VTD 27,2509773.064786,Dorchester,035,North Summerville 2,Dorchester - North Summerville 2,DORCHESTER - NORTH SUMMERVILLE 2,926329.297038,0.369089,2
035,Dorchester,VTD 9,450359,Dorchester - VTD 9,DORCHESTER - VTD 9,2319067.462055,Dorchester,035,St. George No. 2,Dorchester - St. George No. 2,DORCHESTER - ST. GEORGE NO. 2,2129416.461586,0.918221,1
035,Dorchester,VTD 9,450359,Dorchester - VTD 9,DORCHESTER - VTD 9,2319067.462055,Dorchester,035,Indian Field 2,Dorchester - Indian Field 2,DORCHESTER - INDIAN FIELD 2,189651.000469,0.081779,2
035,Dorchester,VTD 35,4503535,Dorchester - VTD 35,DORCHESTER - VTD 35,63167959.623755,Dorchester,035,Saul Dam,Dorchester - Saul Dam,DORCHESTER - SAUL DAM,23661562.581332,0.374582,1
035,Dorchester,VTD 35,4503535,Dorchester - VTD 35,DORCHESTER - VTD 35,63167959.623755,Dorchester,035,Beech Hill 2,Dorchester - Beech Hill 2,DORCHESTER - BEECH HILL 2,19729169.149942,0.312329,2
035,Dorchester,VTD 35,4503535,Dorchester - VTD 35,DORCHESTER - VTD 35,63167959.623755,Dorchester,035,Bacons Bridge,Dorchester - Bacons Bridge,DORCHESTER - BACONS BRIDGE,13629212.167081,0.215761,3
035,Dorchester,VTD 35,4503535,Dorchester - VTD 35,DORCHESTER - VTD 35,63167959.623755,Dorchester,035,Beech Hill,Dorchester - Beech Hill,DORCHESTER - BEECH HILL,4129972.243738,0.065381,4
035,Dorchester,VTD 35,4503535,Dorchester - VTD 35,DORCHESTER - VTD 35,63167959.623755,Dorchester,035,Delemars,Dorchester - Delemars,DORCHESTER - DELEMARS,2010792.907562,0.031832,5
035,Dorchester,VTD 28,4503528,Dorchester - VTD 28,DORCHESTER - VTD 28,3699220.185330,Dorchester,035,North Summerville,Dorchester - North Summerville,DORCHESTER - NORTH SUMMERVILLE,2309876.918432,0.624423,1
035,Dorchester,VTD 28,4503528,Dorchester - VTD 28,DORCHESTER - VTD 28,3699220.185330,Dorchester,035,North Summerville 2,Dorchester - North Summerville 2,DORCHESTER - NORTH SUMMERVILLE 2,1162626.893210,0.314290,2
035,Dorchester,VTD 28,4503528,Dorchester - VTD 28,DORCHESTER - VTD 28,3699220.185330,Dorchester,035,Carolina,Dorchester - Carolina,DORCHESTER - CAROLINA,210148.289735,0.056809,3
037,Edgefield,VTD 7,450377,Edgefield - VTD 7,EDGEFIELD - VTD 7,93171868.859001,Edgefield,037,Edgefield No. 2,Edgefield - Edgefield No. 2,EDGEFIELD - EDGEFIELD NO. 2,93171867.580215,1.000000,1
037,Edgefield,VTD 10,4503710,Edgefield - VTD 10,EDGEFIELD - VTD 10,68839294.029057,Edgefield,037,Johnston No. 1,Edgefield - Johnston No. 1,EDGEFIELD - JOHNSTON NO. 1,68711624.109263,0.998145,1
037,Edgefield,VTD 10,4503710,Edgefield - VTD 10,EDGEFIELD - VTD 10,68839294.029057,Edgefield,037,Harmony,Edgefield - Harmony,EDGEFIELD - HARMONY,109878.191450,0.001596,2
037,Edgefield,VTD 12,4503712,Edgefield - VTD 12,EDGEFIELD - VTD 12,98527762.779987,Edgefield,037,Harmony,Edgefield - Harmony,EDGEFIELD - HARMONY,98527762.748947,1.000000,1
037,Edgefield,VTD 13,4503713,Edgefield - VTD 13,EDGEFIELD - VTD 13,73780388.274457,Edgefield,037,Trenton,Edgefield - Trenton,EDGEFIELD - TRENTON,71107494.234119,0.963772,1
037,Edgefield,VTD 13,4503713,Edgefield - VTD 13,EDGEFIELD - VTD 13,73780388.274457,Edgefield,037,Kendall,Edgefield - Kendall,EDGEFIELD - KENDALL,2672894.040338,0.036228,2
037,Edgefield,VTD 11,4503711,Edgefield - VTD 11,EDGEFIELD - VTD 11,17128232.901154,Edgefield,037,Kendall,Edgefield - Kendall,EDGEFIELD - KENDALL,17128232.901153,1.000000,1
037,Edgefield,VTD 14,4503714,Edgefield - VTD 14,EDGEFIELD - VTD 14,73610393.283763,Edgefield,037,Trenton,Edgefield - Trenton,EDGEFIELD - TRENTON,73526310.190768,0.998858,1
037,Edgefield,VTD 16,4503716,Edgefield - VTD 16,EDGEFIELD - VTD 16,98261779.173548,Edgefield,037,Merriweather No. 2,Edgefield - Merriweather No. 2,EDGEFIELD - MERRIWEATHER NO. 2,98261759.338509,1.000000,1
037,Edgefield,VTD 15,4503715,Edgefield - VTD 15,EDGEFIELD - VTD 15,89321234.731720,Edgefield,037,Merriweather No. 1,Edgefield - Merriweather No. 1,EDGEFIELD - MERRIWEATHER NO. 1,89321107.065826,0.999999,1
037,Edgefield,VTD 5,450375,Edgefield - VTD 5,EDGEFIELD - VTD 5,144886316.722279,Edgefield,037,West Side,Edgefield - West Side,EDGEFIELD - WEST SIDE,144886062.297159,0.999998,1
037,Edgefield,VTD 6,450376,Edgefield - VTD 6,EDGEFIELD - VTD 6,99938741.850862,Edgefield,037,West Side,Edgefield - West Side,EDGEFIELD - WEST SIDE,99938741.850862,1.000000,1
037,Edgefield,VTD 9,450379,Edgefield - VTD 9,EDGEFIELD - VTD 9,41750389.448741,Edgefield,037,Johnston No. 2,Edgefield - Johnston No. 2,EDGEFIELD - JOHNSTON NO. 2,41700103.826261,0.998796,1
037,Edgefield,VTD 9,450379,Edgefield - VTD 9,EDGEFIELD - VTD 9,41750389.448741,Edgefield,037,Edgefield No. 1,Edgefield - Edgefield No. 1,EDGEFIELD - EDGEFIELD NO. 1,50278.624792,0.001204,2
037,Edgefield,VTD 8,450378,Edgefield - VTD 8,EDGEFIELD - VTD 8,50753789.955468,Edgefield,037,Edgefield No. 1,Edgefield - Edgefield No. 1,EDGEFIELD - EDGEFIELD NO. 1,46720413.560565,0.920531,1
037,Edgefield,VTD 8,450378,Edgefield - VTD 8,EDGEFIELD - VTD 8,50753789.955468,Edgefield,037,North Side,Edgefield - North Side,EDGEFIELD - NORTH SIDE,2857662.082712,0.056304,2
037,Edgefield,VTD 8,450378,Edgefield - VTD 8,EDGEFIELD - VTD 8,50753789.955468,Edgefield,037,Trenton,Edgefield - Trenton,EDGEFIELD - TRENTON,1175708.674399,0.023165,3
037,Edgefield,VTD 3,450373,Edgefield - VTD 3,EDGEFIELD - VTD 3,98859700.360741,Edgefield,037,Brunson,Edgefield - Brunson,EDGEFIELD - BRUNSON,98859687.731185,1.000000,1
037,Edgefield,VTD 4,450374,Edgefield - VTD 4,EDGEFIELD - VTD 4,113256979.703397,Edgefield,037,North Side,Edgefield - North Side,EDGEFIELD - NORTH SIDE,113256979.703397,1.000000,1
037,Edgefield,VTD 2,450372,Edgefield - VTD 2,EDGEFIELD - VTD 2,74079582.347737,Edgefield,037,North Side,Edgefield - North Side,EDGEFIELD - NORTH SIDE,74079558.172918,1.000000,1
037,Edgefield,VTD 1,450371,Edgefield - VTD 1,EDGEFIELD - VTD 1,76114940.580890,Edgefield,037,Brunson,Edgefield - Brunson,EDGEFIELD - BRUNSON,76114842.038725,0.999999,1
039,Fairfield,VTD 17,4503917,Fairfield - VTD 17,FAIRFIELD - VTD 17,57845976.070866,Fairfield,039,Horeb-Glenn,Fairfield - Horeb-Glenn,FAIRFIELD - HOREB-GLENN,57844901.761488,0.999981,1
039,Fairfield,VTD 9,450399,Fairfield - VTD 9,FAIRFIELD - VTD 9,117528666.859732,Fairfield,039,Monticello,Fairfield - Monticello,FAIRFIELD - MONTICELLO,112281519.383784,0.955354,1
039,Fairfield,VTD 9,450399,Fairfield - VTD 9,FAIRFIELD - VTD 9,117528666.859732,Fairfield,039,Jekinsville,Fairfield - Jekinsville,FAIRFIELD - JEKINSVILLE,5244835.937535,0.044626,2
039,Fairfield,VTD 2,450392,Fairfield - VTD 2,FAIRFIELD - VTD 2,69812774.791774,Fairfield,039,New Hope,Fairfield - New Hope,FAIRFIELD - NEW HOPE,69810330.644017,0.999965,1
039,Fairfield,VTD 15,4503915,Fairfield - VTD 15,FAIRFIELD - VTD 15,26448004.690861,Fairfield,039,Centerville,Fairfield - Centerville,FAIRFIELD - CENTERVILLE,26242475.368275,0.992229,1
039,Fairfield,VTD 15,4503915,Fairfield - VTD 15,FAIRFIELD - VTD 15,26448004.690861,Fairfield,039,Ridgeway,Fairfield - Ridgeway,FAIRFIELD - RIDGEWAY,205211.026998,0.007759,2
039,Fairfield,VTD 10,4503910,Fairfield - VTD 10,FAIRFIELD - VTD 10,84062796.374920,Fairfield,039,Lebanon,Fairfield - Lebanon,FAIRFIELD - LEBANON,83073138.549626,0.988227,1
039,Fairfield,VTD 10,4503910,Fairfield - VTD 10,FAIRFIELD - VTD 10,84062796.374920,Fairfield,039,White Oak,Fairfield - White Oak,FAIRFIELD - WHITE OAK,989453.658901,0.011770,2
039,Fairfield,VTD 7,450397,Fairfield - VTD 7,FAIRFIELD - VTD 7,94918734.774873,Fairfield,039,Blairs,Fairfield - Blairs,FAIRFIELD - BLAIRS,94837182.795814,0.999141,1
039,Fairfield,VTD 22,4503922,Fairfield - VTD 22,FAIRFIELD - VTD 22,106976511.189918,Fairfield,039,Greenbrier,Fairfield - Greenbrier,FAIRFIELD - GREENBRIER,106226444.503719,0.992988,1
039,Fairfield,VTD 22,4503922,Fairfield - VTD 22,FAIRFIELD - VTD 22,106976511.189918,Fairfield,039,Hickory Ridge,Fairfield - Hickory Ridge,FAIRFIELD - HICKORY RIDGE,748812.236783,0.007000,2
039,Fairfield,VTD 12,4503912,Fairfield - VTD 12,FAIRFIELD - VTD 12,73039197.441505,Fairfield,039,Ridgeway,Fairfield - Ridgeway,FAIRFIELD - RIDGEWAY,73038423.064608,0.999989,1
039,Fairfield,VTD 5,450395,Fairfield - VTD 5,FAIRFIELD - VTD 5,47033164.400219,Fairfield,039,Garden Grove,Fairfield - Garden Grove,FAIRFIELD - GARDEN GROVE,46831593.255451,0.995714,1
039,Fairfield,VTD 5,450395,Fairfield - VTD 5,FAIRFIELD - VTD 5,47033164.400219,Fairfield,039,Blackstock,Fairfield - Blackstock,FAIRFIELD - BLACKSTOCK,201568.752832,0.004286,2
039,Fairfield,VTD 18,4503918,Fairfield - VTD 18,FAIRFIELD - VTD 18,91318694.594405,Fairfield,039,Hickory Ridge,Fairfield - Hickory Ridge,FAIRFIELD - HICKORY RIDGE,90308797.972157,0.988941,1
039,Fairfield,VTD 18,4503918,Fairfield - VTD 18,FAIRFIELD - VTD 18,91318694.594405,Fairfield,039,Lebanon,Fairfield - Lebanon,FAIRFIELD - LEBANON,1009890.825604,0.011059,2
039,Fairfield,VTD 20,4503920,Fairfield - VTD 20,FAIRFIELD - VTD 20,3628699.950005,Fairfield,039,Winnsboro Mills,Fairfield - Winnsboro Mills,FAIRFIELD - WINNSBORO MILLS,3627871.022423,0.999772,1
039,Fairfield,VTD 13,4503913,Fairfield - VTD 13,FAIRFIELD - VTD 13,144645255.488208,Fairfield,039,Dutchmans Creek,Fairfield - Dutchmans Creek,FAIRFIELD - DUTCHMANS CREEK,144631812.642420,0.999907,1
039,Fairfield,VTD 1,450391,Fairfield - VTD 1,FAIRFIELD - VTD 1,152479703.735350,Fairfield,039,Feasterville,Fairfield - Feasterville,FAIRFIELD - FEASTERVILLE,147057794.680485,0.964442,1
039,Fairfield,VTD 1,450391,Fairfield - VTD 1,FAIRFIELD - VTD 1,152479703.735350,Fairfield,039,New Hope,Fairfield - New Hope,FAIRFIELD - NEW HOPE,3273673.810387,0.021470,2
039,Fairfield,VTD 1,450391,Fairfield - VTD 1,FAIRFIELD - VTD 1,152479703.735350,Fairfield,039,Blairs,Fairfield - Blairs,FAIRFIELD - BLAIRS,2138963.779941,0.014028,3
039,Fairfield,VTD 3,450393,Fairfield - VTD 3,FAIRFIELD - VTD 3,24926213.811715,Fairfield,039,Blackstock,Fairfield - Blackstock,FAIRFIELD - BLACKSTOCK,19538575.356961,0.783857,1
039,Fairfield,VTD 3,450393,Fairfield - VTD 3,FAIRFIELD - VTD 3,24926213.811715,Fairfield,039,Woodard,Fairfield - Woodard,FAIRFIELD - WOODARD,3507616.769957,0.140720,2
039,Fairfield,VTD 3,450393,Fairfield - VTD 3,FAIRFIELD - VTD 3,24926213.811715,Fairfield,039,New Hope,Fairfield - New Hope,FAIRFIELD - NEW HOPE,1771880.711216,0.071085,3
039,Fairfield,VTD 3,450393,Fairfield - VTD 3,FAIRFIELD - VTD 3,24926213.811715,Fairfield,039,Garden Grove,Fairfield - Garden Grove,FAIRFIELD - GARDEN GROVE,108133.340227,0.004338,4
039,Fairfield,VTD 23,4503923,Fairfield - VTD 23,FAIRFIELD - VTD 23,96693682.170133,Fairfield,039,Simpson,Fairfield - Simpson,FAIRFIELD - SIMPSON,96325878.271200,0.996196,1
039,Fairfield,VTD 23,4503923,Fairfield - VTD 23,FAIRFIELD - VTD 23,96693682.170133,Fairfield,039,South Winnsboro,Fairfield - South Winnsboro,FAIRFIELD - SOUTH WINNSBORO,357450.249005,0.003697,2
039,Fairfield,VTD 14,4503914,Fairfield - VTD 14,FAIRFIELD - VTD 14,106898944.882788,Fairfield,039,Ridgeway,Fairfield - Ridgeway,FAIRFIELD - RIDGEWAY,105205282.975402,0.984156,1
039,Fairfield,VTD 14,4503914,Fairfield - VTD 14,FAIRFIELD - VTD 14,106898944.882788,Fairfield,039,Centerville,Fairfield - Centerville,FAIRFIELD - CENTERVILLE,1691013.825428,0.015819,2
039,Fairfield,VTD 19,4503919,Fairfield - VTD 19,FAIRFIELD - VTD 19,4432852.479986,Fairfield,039,Winnsboro No. 1,Fairfield - Winnsboro No. 1,FAIRFIELD - WINNSBORO NO. 1,4419724.520800,0.997038,1
039,Fairfield,VTD 19,4503919,Fairfield - VTD 19,FAIRFIELD - VTD 19,4432852.479986,Fairfield,039,Winnsboro Mills,Fairfield - Winnsboro Mills,FAIRFIELD - WINNSBORO MILLS,11395.261306,0.002571,2
039,Fairfield,VTD 4,450394,Fairfield - VTD 4,FAIRFIELD - VTD 4,99897216.020205,Fairfield,039,Woodard,Fairfield - Woodard,FAIRFIELD - WOODARD,97312942.146302,0.974131,1
039,Fairfield,VTD 4,450394,Fairfield - VTD 4,FAIRFIELD - VTD 4,99897216.020205,Fairfield,039,Blackstock,Fairfield - Blackstock,FAIRFIELD - BLACKSTOCK,2584270.868311,0.025869,2
039,Fairfield,VTD 21,4503921,Fairfield - VTD 21,FAIRFIELD - VTD 21,23687564.980071,Fairfield,039,South Winnsboro,Fairfield - South Winnsboro,FAIRFIELD - SOUTH WINNSBORO,23660634.052344,0.998863,1
039,Fairfield,VTD 21,4503921,Fairfield - VTD 21,FAIRFIELD - VTD 21,23687564.980071,Fairfield,039,Winnsboro No. 2,Fairfield - Winnsboro No. 2,FAIRFIELD - WINNSBORO NO. 2,25747.483391,0.001087,2
039,Fairfield,VTD 8,450398,Fairfield - VTD 8,FAIRFIELD - VTD 8,92897996.403793,Fairfield,039,White Oak,Fairfield - White Oak,FAIRFIELD - WHITE OAK,92680501.282433,0.997659,1
039,Fairfield,VTD 8,450398,Fairfield - VTD 8,FAIRFIELD - VTD 8,92897996.403793,Fairfield,039,Garden Grove,Fairfield - Garden Grove,FAIRFIELD - GARDEN GROVE,164618.832331,0.001772,2
039,Fairfield,VTD 8,450398,Fairfield - VTD 8,FAIRFIELD - VTD 8,92897996.403793,Fairfield,039,Woodard,Fairfield - Woodard,FAIRFIELD - WOODARD,52870.582294,0.000569,3
039,Fairfield,VTD 11,4503911,Fairfield - VTD 11,FAIRFIELD - VTD 11,68103978.583765,Fairfield,039,Winnsboro No. 2,Fairfield - Winnsboro No. 2,FAIRFIELD - WINNSBORO NO. 2,68090496.618152,0.999802,1
039,Fairfield,VTD 6,450396,Fairfield - VTD 6,FAIRFIELD - VTD 6,133706492.656154,Fairfield,039,Mitford,Fairfield - Mitford,FAIRFIELD - MITFORD,103489111.445656,0.774002,1
039,Fairfield,VTD 6,450396,Fairfield - VTD 6,FAIRFIELD - VTD 6,133706492.656154,Fairfield,039,Dutchmans Creek,Fairfield - Dutchmans Creek,FAIRFIELD - DUTCHMANS CREEK,30215124.375338,0.225981,2
039,Fairfield,VTD 16,4503916,Fairfield - VTD 16,FAIRFIELD - VTD 16,117619571.854969,Fairfield,039,Jekinsville,Fairfield - Jekinsville,FAIRFIELD - JEKINSVILLE,113035432.138107,0.961026,1
039,Fairfield,VTD 16,4503916,Fairfield - VTD 16,FAIRFIELD - VTD 16,117619571.854969,Fairfield,039,Monticello,Fairfield - Monticello,FAIRFIELD - MONTICELLO,4581992.108621,0.038956,2
041,Florence,VTD 26,4504126,Florence - VTD 26,FLORENCE - VTD 26,43077855.643201,Florence,041,High Hill,Florence - High Hill,FLORENCE - HIGH HILL,41925366.385344,0.973246,1
041,Florence,VTD 26,4504126,Florence - VTD 26,FLORENCE - VTD 26,43077855.643201,Florence,041,Leo,Florence - Leo,FLORENCE - LEO,971487.819959,0.022552,2
041,Florence,VTD 26,4504126,Florence - VTD 26,FLORENCE - VTD 26,43077855.643201,Florence,041,Cowards No. 1,Florence - Cowards No. 1,FLORENCE - COWARDS NO. 1,180996.124750,0.004202,3
041,Florence,VTD 43,4504143,Florence - VTD 43,FLORENCE - VTD 43,30677773.413971,Florence,041,Scranton,Florence - Scranton,FLORENCE - SCRANTON,30677773.413971,1.000000,1
041,Florence,VTD 8,450418,Florence - VTD 8,FLORENCE - VTD 8,56092415.109367,Florence,041,Cowards No. 1,Florence - Cowards No. 1,FLORENCE - COWARDS NO. 1,55879367.322108,0.996202,1
041,Florence,VTD 8,450418,Florence - VTD 8,FLORENCE - VTD 8,56092415.109367,Florence,041,High Hill,Florence - High Hill,FLORENCE - HIGH HILL,213047.787258,0.003798,2
041,Florence,VTD 7,450417,Florence - VTD 7,FLORENCE - VTD 7,62345008.271106,Florence,041,Cowards No. 2,Florence - Cowards No. 2,FLORENCE - COWARDS NO. 2,62345008.137827,1.000000,1
041,Florence,VTD 70,4504170,Florence - VTD 70,FLORENCE - VTD 70,35851957.747960,Florence,041,Oak Grove-Sardis,Florence - Oak Grove-Sardis,FLORENCE - OAK GROVE-SARDIS,35849165.798187,0.999922,1
041,Florence,VTD 69,4504169,Florence - VTD 69,FLORENCE - VTD 69,1649791.124456,Florence,041,Florence Ward 9,Florence - Florence Ward 9,FLORENCE - FLORENCE WARD 9,1649783.540215,0.999995,1
041,Florence,VTD 6,450416,Florence - VTD 6,FLORENCE - VTD 6,41464208.293074,Florence,041,Vox,Florence - Vox,FLORENCE - VOX,41464197.151717,1.000000,1
041,Florence,VTD 28,4504128,Florence - VTD 28,FLORENCE - VTD 28,66824830.960959,Florence,041,Johnsonville,Florence - Johnsonville,FLORENCE - JOHNSONVILLE,66824825.781548,1.000000,1
041,Florence,VTD 29,4504129,Florence - VTD 29,FLORENCE - VTD 29,66580103.447868,Florence,041,Kingsburg-Stone,Florence - Kingsburg-Stone,FLORENCE - KINGSBURG-STONE,66566965.298982,0.999803,1
041,Florence,VTD 44,4504144,Florence - VTD 44,FLORENCE - VTD 44,45188124.953992,Florence,041,Kingsburg-Stone,Florence - Kingsburg-Stone,FLORENCE - KINGSBURG-STONE,45188124.953992,1.000000,1
041,Florence,VTD 25,4504125,Florence - VTD 25,FLORENCE - VTD 25,73014026.886510,Florence,041,Hannah,Florence - Hannah,FLORENCE - HANNAH,73014026.886510,1.000000,1
041,Florence,VTD 40,4504140,Florence - VTD 40,FLORENCE - VTD 40,39015261.121593,Florence,041,Prospect,Florence - Prospect,FLORENCE - PROSPECT,37752337.634781,0.967630,1
041,Florence,VTD 40,4504140,Florence - VTD 40,FLORENCE - VTD 40,39015261.121593,Florence,041,Leo,Florence - Leo,FLORENCE - LEO,871358.029878,0.022334,2
041,Florence,VTD 40,4504140,Florence - VTD 40,FLORENCE - VTD 40,39015261.121593,Florence,041,Vox,Florence - Vox,FLORENCE - VOX,307444.667704,0.007880,3
041,Florence,VTD 40,4504140,Florence - VTD 40,FLORENCE - VTD 40,39015261.121593,Florence,041,Kingsburg-Stone,Florence - Kingsburg-Stone,FLORENCE - KINGSBURG-STONE,84120.789230,0.002156,4
041,Florence,VTD 34,4504134,Florence - VTD 34,FLORENCE - VTD 34,47634401.907860,Florence,041,Leo,Florence - Leo,FLORENCE - LEO,46651417.843990,0.979364,1
041,Florence,VTD 34,4504134,Florence - VTD 34,FLORENCE - VTD 34,47634401.907860,Florence,041,Vox,Florence - Vox,FLORENCE - VOX,982984.063870,0.020636,2
041,Florence,VTD 32,4504132,Florence - VTD 32,FLORENCE - VTD 32,17976438.438981,Florence,041,Lake City No. 3,Florence - Lake City No. 3,FLORENCE - LAKE CITY NO. 3,17976416.171205,0.999999,1
041,Florence,VTD 33,4504133,Florence - VTD 33,FLORENCE - VTD 33,15861077.706507,Florence,041,Lake City No. 4,Florence - Lake City No. 4,FLORENCE - LAKE CITY NO. 4,15861077.706507,1.000000,1
041,Florence,VTD 30,4504130,Florence - VTD 30,FLORENCE - VTD 30,22958992.378561,Florence,041,Lake City No. 1,Florence - Lake City No. 1,FLORENCE - LAKE CITY NO. 1,22958992.378561,1.000000,1
041,Florence,VTD 31,4504131,Florence - VTD 31,FLORENCE - VTD 31,35072528.762667,Florence,041,Lake City No. 2,Florence - Lake City No. 2,FLORENCE - LAKE CITY NO. 2,34580968.070447,0.985984,1
041,Florence,VTD 31,4504131,Florence - VTD 31,FLORENCE - VTD 31,35072528.762667,Florence,041,Leo,Florence - Leo,FLORENCE - LEO,491543.796783,0.014015,2
041,Florence,VTD 36,4504136,Florence - VTD 36,FLORENCE - VTD 36,36214826.864123,Florence,041,McAllister Mill,Florence - McAllister Mill,FLORENCE - MCALLISTER MILL,36204678.379545,0.999720,1
041,Florence,VTD 38,4504138,Florence - VTD 38,FLORENCE - VTD 38,86935999.033445,Florence,041,Olanta,Florence - Olanta,FLORENCE - OLANTA,86935994.189902,1.000000,1
041,Florence,VTD 58,4504158,Florence - VTD 58,FLORENCE - VTD 58,58334909.188654,Florence,041,Mill Branch,Florence - Mill Branch,FLORENCE - MILL BRANCH,58093733.579703,0.995866,1
041,Florence,VTD 58,4504158,Florence - VTD 58,FLORENCE - VTD 58,58334909.188654,Florence,041,Pamplico No. 2,Florence - Pamplico No. 2,FLORENCE - PAMPLICO NO. 2,235552.142399,0.004038,2
041,Florence,VTD 47,4504147,Florence - VTD 47,FLORENCE - VTD 47,53481306.072331,Florence,041,Pamplico No. 2,Florence - Pamplico No. 2,FLORENCE - PAMPLICO NO. 2,53481283.634527,1.000000,1
041,Florence,VTD 39,4504139,Florence - VTD 39,FLORENCE - VTD 39,60125199.794316,Florence,041,Pamplico No. 1,Florence - Pamplico No. 1,FLORENCE - PAMPLICO NO. 1,60056326.814441,0.998855,1
041,Florence,VTD 39,4504139,Florence - VTD 39,FLORENCE - VTD 39,60125199.794316,Florence,041,Claussen,Florence - Claussen,FLORENCE - CLAUSSEN,60330.668498,0.001003,2
041,Florence,VTD 22,4504122,Florence - VTD 22,FLORENCE - VTD 22,84632548.979128,Florence,041,Friendfield,Florence - Friendfield,FLORENCE - FRIENDFIELD,80425841.765132,0.950294,1
041,Florence,VTD 22,4504122,Florence - VTD 22,FLORENCE - VTD 22,84632548.979128,Florence,041,Pamplico No. 1,Florence - Pamplico No. 1,FLORENCE - PAMPLICO NO. 1,3848705.435991,0.045475,2
041,Florence,VTD 22,4504122,Florence - VTD 22,FLORENCE - VTD 22,84632548.979128,Florence,041,Cowards No. 1,Florence - Cowards No. 1,FLORENCE - COWARDS NO. 1,293409.305227,0.003467,3
041,Florence,VTD 22,4504122,Florence - VTD 22,FLORENCE - VTD 22,84632548.979128,Florence,041,Hannah,Florence - Hannah,FLORENCE - HANNAH,64592.472778,0.000763,4
041,Florence,VTD 10,4504110,Florence - VTD 10,FLORENCE - VTD 10,27834849.969717,Florence,041,Effingham,Florence - Effingham,FLORENCE - EFFINGHAM,22598714.487890,0.811886,1
041,Florence,VTD 10,4504110,Florence - VTD 10,FLORENCE - VTD 10,27834849.969717,Florence,041,South Florence 2,Florence - South Florence 2,FLORENCE - SOUTH FLORENCE 2,5097885.444754,0.183148,2
041,Florence,VTD 10,4504110,Florence - VTD 10,FLORENCE - VTD 10,27834849.969717,Florence,041,Greenwood,Florence - Greenwood,FLORENCE - GREENWOOD,138250.037073,0.004967,3
041,Florence,VTD 12,4504112,Florence - VTD 12,FLORENCE - VTD 12,42015949.698565,Florence,041,Evergreen,Florence - Evergreen,FLORENCE - EVERGREEN,42015945.759931,1.000000,1
041,Florence,VTD 42,4504142,Florence - VTD 42,FLORENCE - VTD 42,37240420.470948,Florence,041,Salem,Florence - Salem,FLORENCE - SALEM,37240008.032529,0.999989,1
041,Florence,VTD 27,4504127,Florence - VTD 27,FLORENCE - VTD 27,40616215.488261,Florence,041,Oak Grove-Sardis,Florence - Oak Grove-Sardis,FLORENCE - OAK GROVE-SARDIS,38179779.856854,0.940013,1
041,Florence,VTD 27,4504127,Florence - VTD 27,FLORENCE - VTD 27,40616215.488261,Florence,041,Olanta,Florence - Olanta,FLORENCE - OLANTA,2436435.631407,0.059987,2
041,Florence,VTD 11,4504111,Florence - VTD 11,FLORENCE - VTD 11,79354563.352231,Florence,041,Elim-Glenwood,Florence - Elim-Glenwood,FLORENCE - ELIM-GLENWOOD,78760198.279072,0.992510,1
041,Florence,VTD 11,4504111,Florence - VTD 11,FLORENCE - VTD 11,79354563.352231,Florence,041,Effingham,Florence - Effingham,FLORENCE - EFFINGHAM,594365.073159,0.007490,2
041,Florence,VTD 66,4504166,Florence - VTD 66,FLORENCE - VTD 66,40093450.957412,Florence,041,Tans Bay,Florence - Tans Bay,FLORENCE - TANS BAY,34335763.299207,0.856393,1
041,Florence,VTD 66,4504166,Florence - VTD 66,FLORENCE - VTD 66,40093450.957412,Florence,041,South Florence 2,Florence - South Florence 2,FLORENCE - SOUTH FLORENCE 2,5752923.382384,0.143488,2
041,Florence,VTD 24,4504124,Florence - VTD 24,FLORENCE - VTD 24,16538781.455607,Florence,041,Greenwood,Florence - Greenwood,FLORENCE - GREENWOOD,15469599.491022,0.935353,1
041,Florence,VTD 24,4504124,Florence - VTD 24,FLORENCE - VTD 24,16538781.455607,Florence,041,South Florence 2,Florence - South Florence 2,FLORENCE - SOUTH FLORENCE 2,1066421.428380,0.064480,2
041,Florence,VTD 4,450414,Florence - VTD 4,FLORENCE - VTD 4,94105086.800605,Florence,041,Claussen,Florence - Claussen,FLORENCE - CLAUSSEN,93612138.653515,0.994762,1
041,Florence,VTD 4,450414,Florence - VTD 4,FLORENCE - VTD 4,94105086.800605,Florence,041,Mars Bluff No. 1,Florence - Mars Bluff No. 1,FLORENCE - MARS BLUFF NO. 1,406240.364066,0.004317,2
041,Florence,VTD 4,450414,Florence - VTD 4,FLORENCE - VTD 4,94105086.800605,Florence,041,Greenwood,Florence - Greenwood,FLORENCE - GREENWOOD,86707.783024,0.000921,3
041,Florence,VTD 5,450415,Florence - VTD 5,FLORENCE - VTD 5,6327839.913063,Florence,041,Coles Crossroads,Florence - Coles Crossroads,FLORENCE - COLES CROSSROADS,6327776.047604,0.999990,1
041,Florence,VTD 56,4504156,Florence - VTD 56,FLORENCE - VTD 56,3053586.487606,Florence,041,Florence Ward 14,Florence - Florence Ward 14,FLORENCE - FLORENCE WARD 14,3053579.728083,0.999998,1
041,Florence,VTD 68,4504168,Florence - VTD 68,FLORENCE - VTD 68,13026419.541335,Florence,041,Quinby,Florence - Quinby,FLORENCE - QUINBY,13013043.597010,0.998973,1
041,Florence,VTD 68,4504168,Florence - VTD 68,FLORENCE - VTD 68,13026419.541335,Florence,041,Spaulding,Florence - Spaulding,FLORENCE - SPAULDING,7001.082526,0.000537,2
041,Florence,VTD 20,4504120,Florence - VTD 20,FLORENCE - VTD 20,3924073.157317,Florence,041,Florence Ward 8,Florence - Florence Ward 8,FLORENCE - FLORENCE WARD 8,3924073.157317,1.000000,1
041,Florence,VTD 52,4504152,Florence - VTD 52,FLORENCE - VTD 52,2820009.788861,Florence,041,Florence Ward 13,Florence - Florence Ward 13,FLORENCE - FLORENCE WARD 13,2820000.114924,0.999997,1
041,Florence,VTD 65,4504165,Florence - VTD 65,FLORENCE - VTD 65,5081164.131839,Florence,041,South Florence 1,Florence - South Florence 1,FLORENCE - SOUTH FLORENCE 1,4865127.877775,0.957483,1
041,Florence,VTD 65,4504165,Florence - VTD 65,FLORENCE - VTD 65,5081164.131839,Florence,041,Florence Ward 13,Florence - Florence Ward 13,FLORENCE - FLORENCE WARD 13,216036.254064,0.042517,2
041,Florence,VTD 59,4504159,Florence - VTD 59,FLORENCE - VTD 59,52029801.808995,Florence,041,Savannah Grove,Florence - Savannah Grove,FLORENCE - SAVANNAH GROVE,35607391.728846,0.684365,1
041,Florence,VTD 59,4504159,Florence - VTD 59,FLORENCE - VTD 59,52029801.808995,Florence,041,Timmonsville 2,Florence - Timmonsville 2,FLORENCE - TIMMONSVILLE 2,10531471.543043,0.202412,2
041,Florence,VTD 59,4504159,Florence - VTD 59,FLORENCE - VTD 59,52029801.808995,Florence,041,Elim-Glenwood,Florence - Elim-Glenwood,FLORENCE - ELIM-GLENWOOD,5766252.525721,0.110826,3
041,Florence,VTD 59,4504159,Florence - VTD 59,FLORENCE - VTD 59,52029801.808995,Florence,041,South Florence 1,Florence - South Florence 1,FLORENCE - SOUTH FLORENCE 1,123345.769370,0.002371,4
041,Florence,VTD 51,4504151,Florence - VTD 51,FLORENCE - VTD 51,3635539.733906,Florence,041,Florence Ward 12,Florence - Florence Ward 12,FLORENCE - FLORENCE WARD 12,3443971.447963,0.947307,1
041,Florence,VTD 51,4504151,Florence - VTD 51,FLORENCE - VTD 51,3635539.733906,Florence,041,South Florence 1,Florence - South Florence 1,FLORENCE - SOUTH FLORENCE 1,191536.478589,0.052684,2
041,Florence,VTD 64,4504164,Florence - VTD 64,FLORENCE - VTD 64,4857930.420449,Florence,041,Delmae No. 2,Florence - Delmae No. 2,FLORENCE - DELMAE NO. 2,4362654.785753,0.898048,1
041,Florence,VTD 64,4504164,Florence - VTD 64,FLORENCE - VTD 64,4857930.420449,Florence,041,Florence Ward 12,Florence - Florence Ward 12,FLORENCE - FLORENCE WARD 12,494696.568172,0.101833,2
041,Florence,VTD 53,4504153,Florence - VTD 53,FLORENCE - VTD 53,3507229.367925,Florence,041,Delmae No. 1,Florence - Delmae No. 1,FLORENCE - DELMAE NO. 1,3507201.896278,0.999992,1
041,Florence,VTD 63,4504163,Florence - VTD 63,FLORENCE - VTD 63,8632854.056632,Florence,041,Ebenezer No. 3,Florence - Ebenezer No. 3,FLORENCE - EBENEZER NO. 3,8632837.542056,0.999998,1
041,Florence,VTD 61,4504161,Florence - VTD 61,FLORENCE - VTD 61,7604153.996871,Florence,041,West Florence 2,Florence - West Florence 2,FLORENCE - WEST FLORENCE 2,7518686.201356,0.988760,1
041,Florence,VTD 61,4504161,Florence - VTD 61,FLORENCE - VTD 61,7604153.996871,Florence,041,West Florence 1,Florence - West Florence 1,FLORENCE - WEST FLORENCE 1,85467.795516,0.011240,2
041,Florence,VTD 14,4504114,Florence - VTD 14,FLORENCE - VTD 14,2600680.094058,Florence,041,Florence Ward 2,Florence - Florence Ward 2,FLORENCE - FLORENCE WARD 2,2600391.553087,0.999889,1
041,Florence,VTD 16,4504116,Florence - VTD 16,FLORENCE - VTD 16,1228963.049027,Florence,041,Florence Ward 4,Florence - Florence Ward 4,FLORENCE - FLORENCE WARD 4,1228963.049027,1.000000,1
041,Florence,VTD 50,4504150,Florence - VTD 50,FLORENCE - VTD 50,1120730.885739,Florence,041,Florence Ward 11,Florence - Florence Ward 11,FLORENCE - FLORENCE WARD 11,1119273.981507,0.998700,1
041,Florence,VTD 50,4504150,Florence - VTD 50,FLORENCE - VTD 50,1120730.885739,Florence,041,Florence Ward 8,Florence - Florence Ward 8,FLORENCE - FLORENCE WARD 8,1456.904232,0.001300,2
041,Florence,VTD 18,4504118,Florence - VTD 18,FLORENCE - VTD 18,1102904.146903,Florence,041,Florence Ward 6,Florence - Florence Ward 6,FLORENCE - FLORENCE WARD 6,1102904.146903,1.000000,1
041,Florence,VTD 17,4504117,Florence - VTD 17,FLORENCE - VTD 17,2327707.244762,Florence,041,Florence Ward 5,Florence - Florence Ward 5,FLORENCE - FLORENCE WARD 5,2327697.199093,0.999996,1
041,Florence,VTD 15,4504115,Florence - VTD 15,FLORENCE - VTD 15,3647320.836292,Florence,041,Florence Ward 3,Florence - Florence Ward 3,FLORENCE - FLORENCE WARD 3,3647317.851313,0.999999,1
041,Florence,VTD 49,4504149,Florence - VTD 49,FLORENCE - VTD 49,2903756.085111,Florence,041,Florence Ward 10,Florence - Florence Ward 10,FLORENCE - FLORENCE WARD 10,2367665.678446,0.815380,1
041,Florence,VTD 49,4504149,Florence - VTD 49,FLORENCE - VTD 49,2903756.085111,Florence,041,Florence Ward 4,Florence - Florence Ward 4,FLORENCE - FLORENCE WARD 4,299460.945709,0.103129,2
041,Florence,VTD 49,4504149,Florence - VTD 49,FLORENCE - VTD 49,2903756.085111,Florence,041,Florence Ward 2,Florence - Florence Ward 2,FLORENCE - FLORENCE WARD 2,236604.886464,0.081482,3
041,Florence,VTD 54,4504154,Florence - VTD 54,FLORENCE - VTD 54,5368041.730729,Florence,041,Spaulding,Florence - Spaulding,FLORENCE - SPAULDING,5364187.600695,0.999282,1
041,Florence,VTD 54,4504154,Florence - VTD 54,FLORENCE - VTD 54,5368041.730729,Florence,041,Quinby,Florence - Quinby,FLORENCE - QUINBY,3679.579709,0.000685,2
041,Florence,VTD 13,4504113,Florence - VTD 13,FLORENCE - VTD 13,6210235.756053,Florence,041,Florence Ward 1,Florence - Florence Ward 1,FLORENCE - FLORENCE WARD 1,6019038.173498,0.969213,1
041,Florence,VTD 13,4504113,Florence - VTD 13,FLORENCE - VTD 13,6210235.756053,Florence,041,Gilbert,Florence - Gilbert,FLORENCE - GILBERT,191193.034232,0.030787,2
041,Florence,VTD 35,4504135,Florence - VTD 35,FLORENCE - VTD 35,110034923.800403,Florence,041,Mars Bluff No. 1,Florence - Mars Bluff No. 1,FLORENCE - MARS BLUFF NO. 1,110034917.011881,1.000000,1
041,Florence,VTD 55,4504155,Florence - VTD 55,FLORENCE - VTD 55,27626552.475079,Florence,041,Gilbert,Florence - Gilbert,FLORENCE - GILBERT,27584350.457462,0.998472,1
041,Florence,VTD 55,4504155,Florence - VTD 55,FLORENCE - VTD 55,27626552.475079,Florence,041,Mars Bluff No. 1,Florence - Mars Bluff No. 1,FLORENCE - MARS BLUFF NO. 1,42188.560522,0.001527,2
041,Florence,VTD 60,4504160,Florence - VTD 60,FLORENCE - VTD 60,24967020.596449,Florence,041,West Florence 1,Florence - West Florence 1,FLORENCE - WEST FLORENCE 1,24631372.920690,0.986556,1
041,Florence,VTD 60,4504160,Florence - VTD 60,FLORENCE - VTD 60,24967020.596449,Florence,041,West Florence 2,Florence - West Florence 2,FLORENCE - WEST FLORENCE 2,328261.147565,0.013148,2
041,Florence,VTD 67,4504167,Florence - VTD 67,FLORENCE - VTD 67,42886784.770618,Florence,041,Timmonsville 2,Florence - Timmonsville 2,FLORENCE - TIMMONSVILLE 2,42641879.194504,0.994289,1
041,Florence,VTD 67,4504167,Florence - VTD 67,FLORENCE - VTD 67,42886784.770618,Florence,041,Cartersville,Florence - Cartersville,FLORENCE - CARTERSVILLE,238959.958937,0.005572,2
041,Florence,VTD 9,450419,Florence - VTD 9,FLORENCE - VTD 9,6964966.704250,Florence,041,Ebenezer No. 1,Florence - Ebenezer No. 1,FLORENCE - EBENEZER NO. 1,6956879.666562,0.998839,1
041,Florence,VTD 62,4504162,Florence - VTD 62,FLORENCE - VTD 62,14266209.599789,Florence,041,Ebenezer No. 2,Florence - Ebenezer No. 2,FLORENCE - EBENEZER NO. 2,14086093.239697,0.987375,1
041,Florence,VTD 62,4504162,Florence - VTD 62,FLORENCE - VTD 62,14266209.599789,Florence,041,Timmonsville 1,Florence - Timmonsville 1,FLORENCE - TIMMONSVILLE 1,180104.180998,0.012625,2
041,Florence,VTD 46,4504146,Florence - VTD 46,FLORENCE - VTD 46,19810178.244131,Florence,041,Timmonsville 1,Florence - Timmonsville 1,FLORENCE - TIMMONSVILLE 1,19810177.697314,1.000000,1
041,Florence,VTD 3,450413,Florence - VTD 3,FLORENCE - VTD 3,69445903.238427,Florence,041,Cartersville,Florence - Cartersville,FLORENCE - CARTERSVILLE,69424857.563153,0.999697,1
041,Florence,VTD 57,4504157,Florence - VTD 57,FLORENCE - VTD 57,104921902.924687,Florence,041,Mars Bluff No. 2,Florence - Mars Bluff No. 2,FLORENCE - MARS BLUFF NO. 2,94403313.414650,0.899748,1
041,Florence,VTD 57,4504157,Florence - VTD 57,FLORENCE - VTD 57,104921902.924687,Florence,041,Mars Bluff No. 1,Florence - Mars Bluff No. 1,FLORENCE - MARS BLUFF NO. 1,10504923.516982,0.100121,2
041,Florence,VTD 2,450412,Florence - VTD 2,FLORENCE - VTD 2,13973685.856268,Florence,041,Brookgreen,Florence - Brookgreen,FLORENCE - BROOKGREEN,13740283.672516,0.983297,1
041,Florence,VTD 2,450412,Florence - VTD 2,FLORENCE - VTD 2,13973685.856268,Florence,041,Spaulding,Florence - Spaulding,FLORENCE - SPAULDING,233401.928298,0.016703,2
041,Florence,VTD 1,450411,Florence - VTD 1,FLORENCE - VTD 1,43080857.244936,Florence,041,Back Swamp,Florence - Back Swamp,FLORENCE - BACK SWAMP,43069140.730517,0.999728,1
041,Florence,VTD 19,4504119,Florence - VTD 19,FLORENCE - VTD 19,3848789.611953,Florence,041,Florence Ward 7,Florence - Florence Ward 7,FLORENCE - FLORENCE WARD 7,3848778.732188,0.999997,1
043,Georgetown,VTD 35,4504335,Georgetown - VTD 35,GEORGETOWN - VTD 35,373516441.436149,Georgetown,043,Santee,Georgetown - Santee,GEORGETOWN - SANTEE,372977657.553764,0.998558,1
043,Georgetown,VTD 17,4504317,Georgetown - VTD 17,GEORGETOWN - VTD 17,333117702.471158,Georgetown,043,Pawley's Island No. 4,Georgetown - Pawley's Island No. 4,GEORGETOWN - PAWLEYS ISLAND NO. 4,333117339.091334,0.999999,1
043,Georgetown,VTD 27,4504327,Georgetown - VTD 27,GEORGETOWN - VTD 27,1457462.465628,Georgetown,043,Georgetown No. 3,Georgetown - Georgetown No. 3,GEORGETOWN - GEORGETOWN NO. 3,1419211.006101,0.973755,1
043,Georgetown,VTD 27,4504327,Georgetown - VTD 27,GEORGETOWN - VTD 27,1457462.465628,Georgetown,043,Kensington,Georgetown - Kensington,GEORGETOWN - KENSINGTON,38241.059493,0.026238,2
043,Georgetown,VTD 30,4504330,Georgetown - VTD 30,GEORGETOWN - VTD 30,8235358.031131,Georgetown,043,Georgetown No. 4,Georgetown - Georgetown No. 4,GEORGETOWN - GEORGETOWN NO. 4,7052343.511295,0.856349,1
043,Georgetown,VTD 30,4504330,Georgetown - VTD 30,GEORGETOWN - VTD 30,8235358.031131,Georgetown,043,Winyah Bay,Georgetown - Winyah Bay,GEORGETOWN - WINYAH BAY,1035942.745737,0.125792,2
043,Georgetown,VTD 30,4504330,Georgetown - VTD 30,GEORGETOWN - VTD 30,8235358.031131,Georgetown,043,Penny Royal,Georgetown - Penny Royal,GEORGETOWN - PENNY ROYAL,147071.052521,0.017858,3
043,Georgetown,VTD 29,4504329,Georgetown - VTD 29,GEORGETOWN - VTD 29,3838078.815343,Georgetown,043,Georgetown No. 1,Georgetown - Georgetown No. 1,GEORGETOWN - GEORGETOWN NO. 1,3551379.062568,0.925301,1
043,Georgetown,VTD 29,4504329,Georgetown - VTD 29,GEORGETOWN - VTD 29,3838078.815343,Georgetown,043,Kensington,Georgetown - Kensington,GEORGETOWN - KENSINGTON,283467.804403,0.073857,2
043,Georgetown,VTD 29,4504329,Georgetown - VTD 29,GEORGETOWN - VTD 29,3838078.815343,Georgetown,043,Spring Gully,Georgetown - Spring Gully,GEORGETOWN - SPRING GULLY,3224.443576,0.000840,3
043,Georgetown,VTD 18,4504318,Georgetown - VTD 18,GEORGETOWN - VTD 18,24298971.493202,Georgetown,043,Kensington,Georgetown - Kensington,GEORGETOWN - KENSINGTON,18904027.496206,0.777976,1
043,Georgetown,VTD 18,4504318,Georgetown - VTD 18,GEORGETOWN - VTD 18,24298971.493202,Georgetown,043,Black River,Georgetown - Black River,GEORGETOWN - BLACK RIVER,5289281.511196,0.217675,2
043,Georgetown,VTD 18,4504318,Georgetown - VTD 18,GEORGETOWN - VTD 18,24298971.493202,Georgetown,043,Spring Gully,Georgetown - Spring Gully,GEORGETOWN - SPRING GULLY,39558.253574,0.001628,3
043,Georgetown,VTD 18,4504318,Georgetown - VTD 18,GEORGETOWN - VTD 18,24298971.493202,Georgetown,043,Georgetown No. 1,Georgetown - Georgetown No. 1,GEORGETOWN - GEORGETOWN NO. 1,30141.772854,0.001240,4
043,Georgetown,VTD 18,4504318,Georgetown - VTD 18,GEORGETOWN - VTD 18,24298971.493202,Georgetown,043,Georgetown No. 3,Georgetown - Georgetown No. 3,GEORGETOWN - GEORGETOWN NO. 3,26950.810157,0.001109,5
043,Georgetown,VTD 28,4504328,Georgetown - VTD 28,GEORGETOWN - VTD 28,3552929.847470,Georgetown,043,Dreamkeepers,Georgetown - Dreamkeepers,GEORGETOWN - DREAMKEEPERS,3136159.306445,0.882697,1
043,Georgetown,VTD 28,4504328,Georgetown - VTD 28,GEORGETOWN - VTD 28,3552929.847470,Georgetown,043,Spring Gully,Georgetown - Spring Gully,GEORGETOWN - SPRING GULLY,414484.927500,0.116660,2
043,Georgetown,VTD 28,4504328,Georgetown - VTD 28,GEORGETOWN - VTD 28,3552929.847470,Georgetown,043,Georgetown No. 1,Georgetown - Georgetown No. 1,GEORGETOWN - GEORGETOWN NO. 1,2285.613524,0.000643,3
043,Georgetown,VTD 26,4504326,Georgetown - VTD 26,GEORGETOWN - VTD 26,3930902.945728,Georgetown,043,Georgetown No. 2,Georgetown - Georgetown No. 2,GEORGETOWN - GEORGETOWN NO. 2,3757735.526998,0.955947,1
043,Georgetown,VTD 26,4504326,Georgetown - VTD 26,GEORGETOWN - VTD 26,3930902.945728,Georgetown,043,Kensington,Georgetown - Kensington,GEORGETOWN - KENSINGTON,170167.365168,0.043290,2
043,Georgetown,VTD 26,4504326,Georgetown - VTD 26,GEORGETOWN - VTD 26,3930902.945728,Georgetown,043,Dreamkeepers,Georgetown - Dreamkeepers,GEORGETOWN - DREAMKEEPERS,2995.776858,0.000762,3
043,Georgetown,VTD 36,4504336,Georgetown - VTD 36,GEORGETOWN - VTD 36,49755069.325796,Georgetown,043,Penny Royal,Georgetown - Penny Royal,GEORGETOWN - PENNY ROYAL,49681693.283427,0.998525,1
043,Georgetown,VTD 36,4504336,Georgetown - VTD 36,GEORGETOWN - VTD 36,49755069.325796,Georgetown,043,Winyah Bay,Georgetown - Winyah Bay,GEORGETOWN - WINYAH BAY,58743.188157,0.001181,2
043,Georgetown,VTD 31,4504331,Georgetown - VTD 31,GEORGETOWN - VTD 31,32555821.113354,Georgetown,043,Winyah Bay,Georgetown - Winyah Bay,GEORGETOWN - WINYAH BAY,32216560.846773,0.989579,1
043,Georgetown,VTD 31,4504331,Georgetown - VTD 31,GEORGETOWN - VTD 31,32555821.113354,Georgetown,043,Georgetown No. 4,Georgetown - Georgetown No. 4,GEORGETOWN - GEORGETOWN NO. 4,339255.519535,0.010421,2
043,Georgetown,VTD 32,4504332,Georgetown - VTD 32,GEORGETOWN - VTD 32,87525499.980557,Georgetown,043,Sampit,Georgetown - Sampit,GEORGETOWN - SAMPIT,87520761.658307,0.999946,1
043,Georgetown,VTD 34,4504334,Georgetown - VTD 34,GEORGETOWN - VTD 34,127919401.557411,Georgetown,043,Santee,Georgetown - Santee,GEORGETOWN - SANTEE,127562609.530754,0.997211,1
043,Georgetown,VTD 34,4504334,Georgetown - VTD 34,GEORGETOWN - VTD 34,127919401.557411,Georgetown,043,Cedar Creek,Georgetown - Cedar Creek,GEORGETOWN - CEDAR CREEK,356560.763263,0.002787,2
043,Georgetown,VTD 33,4504333,Georgetown - VTD 33,GEORGETOWN - VTD 33,195540941.516688,Georgetown,043,Cedar Creek,Georgetown - Cedar Creek,GEORGETOWN - CEDAR CREEK,195071796.273428,0.997601,1
043,Georgetown,VTD 33,4504333,Georgetown - VTD 33,GEORGETOWN - VTD 33,195540941.516688,Georgetown,043,Santee,Georgetown - Santee,GEORGETOWN - SANTEE,469088.849941,0.002399,2
043,Georgetown,VTD 16,4504316,Georgetown - VTD 16,GEORGETOWN - VTD 16,61976818.928198,Georgetown,043,Pawley's Island No. 3,Georgetown - Pawley's Island No. 3,GEORGETOWN - PAWLEYS ISLAND NO. 3,61951246.577177,0.999587,1
043,Georgetown,VTD 15,4504315,Georgetown - VTD 15,GEORGETOWN - VTD 15,11571969.090158,Georgetown,043,Pawley's Island No. 2,Georgetown - Pawley's Island No. 2,GEORGETOWN - PAWLEYS ISLAND NO. 2,11562758.947068,0.999204,1
043,Georgetown,VTD 15,4504315,Georgetown - VTD 15,GEORGETOWN - VTD 15,11571969.090158,Georgetown,043,Pawley's Island No. 3,Georgetown - Pawley's Island No. 3,GEORGETOWN - PAWLEYS ISLAND NO. 3,8194.124990,0.000708,2
043,Georgetown,VTD 13,4504313,Georgetown - VTD 13,GEORGETOWN - VTD 13,20387258.924563,Georgetown,043,Pawley's Island No. 5,Georgetown - Pawley's Island No. 5,GEORGETOWN - PAWLEYS ISLAND NO. 5,17379265.274613,0.852457,1
043,Georgetown,VTD 13,4504313,Georgetown - VTD 13,GEORGETOWN - VTD 13,20387258.924563,Georgetown,043,Pawley's Island No. 1,Georgetown - Pawley's Island No. 1,GEORGETOWN - PAWLEYS ISLAND NO. 1,3007983.860205,0.147542,2
043,Georgetown,VTD 14,4504314,Georgetown - VTD 14,GEORGETOWN - VTD 14,22882526.121483,Georgetown,043,Pawley's Island No. 1,Georgetown - Pawley's Island No. 1,GEORGETOWN - PAWLEYS ISLAND NO. 1,12670123.545443,0.553703,1
043,Georgetown,VTD 14,4504314,Georgetown - VTD 14,GEORGETOWN - VTD 14,22882526.121483,Georgetown,043,Pawley's Island No. 3,Georgetown - Pawley's Island No. 3,GEORGETOWN - PAWLEYS ISLAND NO. 3,6228078.779159,0.272176,2
043,Georgetown,VTD 14,4504314,Georgetown - VTD 14,GEORGETOWN - VTD 14,22882526.121483,Georgetown,043,Murrell's Inlet No. 3,Georgetown - Murrell's Inlet No. 3,GEORGETOWN - MURRELLS INLET NO. 3,3984323.796881,0.174121,3
043,Georgetown,VTD 12,4504312,Georgetown - VTD 12,GEORGETOWN - VTD 12,58899199.833580,Georgetown,043,Murrell's Inlet No. 3,Georgetown - Murrell's Inlet No. 3,GEORGETOWN - MURRELLS INLET NO. 3,57965668.964421,0.984150,1
043,Georgetown,VTD 12,4504312,Georgetown - VTD 12,GEORGETOWN - VTD 12,58899199.833580,Georgetown,043,Murrell's Inlet No. 2,Georgetown - Murrell's Inlet No. 2,GEORGETOWN - MURRELLS INLET NO. 2,760550.742582,0.012913,2
043,Georgetown,VTD 12,4504312,Georgetown - VTD 12,GEORGETOWN - VTD 12,58899199.833580,Georgetown,043,Pawley's Island No. 1,Georgetown - Pawley's Island No. 1,GEORGETOWN - PAWLEYS ISLAND NO. 1,123402.799369,0.002095,3
043,Georgetown,VTD 12,4504312,Georgetown - VTD 12,GEORGETOWN - VTD 12,58899199.833580,Georgetown,043,Murrell's Inlet No. 4,Georgetown - Murrell's Inlet No. 4,GEORGETOWN - MURRELLS INLET NO. 4,49577.327208,0.000842,4
043,Georgetown,VTD 10,4504310,Georgetown - VTD 10,GEORGETOWN - VTD 10,55171713.483808,Georgetown,043,Murrell's Inlet No. 4,Georgetown - Murrell's Inlet No. 4,GEORGETOWN - MURRELLS INLET NO. 4,55023882.674623,0.997321,1
043,Georgetown,VTD 10,4504310,Georgetown - VTD 10,GEORGETOWN - VTD 10,55171713.483808,Georgetown,043,Murrell's Inlet No. 3,Georgetown - Murrell's Inlet No. 3,GEORGETOWN - MURRELLS INLET NO. 3,87187.094163,0.001580,2
043,Georgetown,VTD 11,4504311,Georgetown - VTD 11,GEORGETOWN - VTD 11,5963065.233166,Georgetown,043,Murrell's Inlet No. 2,Georgetown - Murrell's Inlet No. 2,GEORGETOWN - MURRELLS INLET NO. 2,5845011.738104,0.980203,1
043,Georgetown,VTD 11,4504311,Georgetown - VTD 11,GEORGETOWN - VTD 11,5963065.233166,Georgetown,043,Murrell's Inlet No. 3,Georgetown - Murrell's Inlet No. 3,GEORGETOWN - MURRELLS INLET NO. 3,118053.168157,0.019797,2
043,Georgetown,VTD 9,450439,Georgetown - VTD 9,GEORGETOWN - VTD 9,7871146.897039,Georgetown,043,Murrell's Inlet No. 1,Georgetown - Murrell's Inlet No. 1,GEORGETOWN - MURRELLS INLET NO. 1,7870468.364692,0.999914,1
043,Georgetown,VTD 19,4504319,Georgetown - VTD 19,GEORGETOWN - VTD 19,28082985.867277,Georgetown,043,Black River,Georgetown - Black River,GEORGETOWN - BLACK RIVER,28082764.783239,0.999992,1
043,Georgetown,VTD 8,450438,Georgetown - VTD 8,GEORGETOWN - VTD 8,156247662.769126,Georgetown,043,Plantersville,Georgetown - Plantersville,GEORGETOWN - PLANTERSVILLE,155937464.456583,0.998015,1
043,Georgetown,VTD 8,450438,Georgetown - VTD 8,GEORGETOWN - VTD 8,156247662.769126,Georgetown,043,Black River,Georgetown - Black River,GEORGETOWN - BLACK RIVER,310176.266311,0.001985,2
043,Georgetown,VTD 25,4504325,Georgetown - VTD 25,GEORGETOWN - VTD 25,72686832.707408,Georgetown,043,Spring Gully,Georgetown - Spring Gully,GEORGETOWN - SPRING GULLY,72644296.128293,0.999415,1
043,Georgetown,VTD 20,4504320,Georgetown - VTD 20,GEORGETOWN - VTD 20,142625280.287637,Georgetown,043,Brown's Ferry,Georgetown - Brown's Ferry,GEORGETOWN - BROWNS FERRY,140894216.755235,0.987863,1
043,Georgetown,VTD 20,4504320,Georgetown - VTD 20,GEORGETOWN - VTD 20,142625280.287637,Georgetown,043,Choppee,Georgetown - Choppee,GEORGETOWN - CHOPPEE,1718759.753180,0.012051,2
043,Georgetown,VTD 24,4504324,Georgetown - VTD 24,GEORGETOWN - VTD 24,105423594.363531,Georgetown,043,Bethel,Georgetown - Bethel,GEORGETOWN - BETHEL,103992862.491841,0.986429,1
043,Georgetown,VTD 24,4504324,Georgetown - VTD 24,GEORGETOWN - VTD 24,105423594.363531,Georgetown,043,Spring Gully,Georgetown - Spring Gully,GEORGETOWN - SPRING GULLY,1217187.235679,0.011546,2
043,Georgetown,VTD 24,4504324,Georgetown - VTD 24,GEORGETOWN - VTD 24,105423594.363531,Georgetown,043,Potato Bed Ferry,Georgetown - Potato Bed Ferry,GEORGETOWN - POTATO BED FERRY,210663.983362,0.001998,3
043,Georgetown,VTD 22,4504322,Georgetown - VTD 22,GEORGETOWN - VTD 22,29256871.630048,Georgetown,043,Andrews Outside,Georgetown - Andrews Outside,GEORGETOWN - ANDREWS OUTSIDE,25799259.241508,0.881819,1
043,Georgetown,VTD 22,4504322,Georgetown - VTD 22,GEORGETOWN - VTD 22,29256871.630048,Georgetown,043,Bethel,Georgetown - Bethel,GEORGETOWN - BETHEL,3416591.201863,0.116779,2
043,Georgetown,VTD 22,4504322,Georgetown - VTD 22,GEORGETOWN - VTD 22,29256871.630048,Georgetown,043,Andrews,Georgetown - Andrews,GEORGETOWN - ANDREWS,41017.120331,0.001402,3
043,Georgetown,VTD 23,4504323,Georgetown - VTD 23,GEORGETOWN - VTD 23,5342561.726426,Georgetown,043,Andrews,Georgetown - Andrews,GEORGETOWN - ANDREWS,5171295.072543,0.967943,1
043,Georgetown,VTD 23,4504323,Georgetown - VTD 23,GEORGETOWN - VTD 23,5342561.726426,Georgetown,043,Andrews Outside,Georgetown - Andrews Outside,GEORGETOWN - ANDREWS OUTSIDE,171266.422137,0.032057,2
043,Georgetown,VTD 21,4504321,Georgetown - VTD 21,GEORGETOWN - VTD 21,70837908.810736,Georgetown,043,Potato Bed Ferry,Georgetown - Potato Bed Ferry,GEORGETOWN - POTATO BED FERRY,68224669.172122,0.963110,1
043,Georgetown,VTD 21,4504321,Georgetown - VTD 21,GEORGETOWN - VTD 21,70837908.810736,Georgetown,043,Pleasant Hill,Georgetown - Pleasant Hill,GEORGETOWN - PLEASANT HILL,2249505.932170,0.031756,2
043,Georgetown,VTD 21,4504321,Georgetown - VTD 21,GEORGETOWN - VTD 21,70837908.810736,Georgetown,043,Brown's Ferry,Georgetown - Brown's Ferry,GEORGETOWN - BROWNS FERRY,358860.094116,0.005066,3
043,Georgetown,VTD 7,450437,Georgetown - VTD 7,GEORGETOWN - VTD 7,73765758.532074,Georgetown,043,Murrell's Inlet No. 3,Georgetown - Murrell's Inlet No. 3,GEORGETOWN - MURRELLS INLET NO. 3,73765758.532074,1.000000,1
043,Georgetown,VTD 6,450436,Georgetown - VTD 6,GEORGETOWN - VTD 6,37234473.313610,Georgetown,043,Myersville,Georgetown - Myersville,GEORGETOWN - MYERSVILLE,36790679.668643,0.988081,1
043,Georgetown,VTD 6,450436,Georgetown - VTD 6,GEORGETOWN - VTD 6,37234473.313610,Georgetown,043,Plantersville,Georgetown - Plantersville,GEORGETOWN - PLANTERSVILLE,443781.017012,0.011919,2
043,Georgetown,VTD 2,450432,Georgetown - VTD 2,GEORGETOWN - VTD 2,75460618.518626,Georgetown,043,Pee Dee,Georgetown - Pee Dee,GEORGETOWN - PEE DEE,72618496.704892,0.962336,1
043,Georgetown,VTD 2,450432,Georgetown - VTD 2,GEORGETOWN - VTD 2,75460618.518626,Georgetown,043,Carver's Ferry,Georgetown - Carver's Ferry,GEORGETOWN - CARVERS FERRY,2753773.209261,0.036493,2
043,Georgetown,VTD 2,450432,Georgetown - VTD 2,GEORGETOWN - VTD 2,75460618.518626,Georgetown,043,Folly Grove,Georgetown - Folly Grove,GEORGETOWN - FOLLY GROVE,88348.604472,0.001171,3
043,Georgetown,VTD 5,450435,Georgetown - VTD 5,GEORGETOWN - VTD 5,100058081.118955,Georgetown,043,Carver's Ferry,Georgetown - Carver's Ferry,GEORGETOWN - CARVERS FERRY,100056244.928291,0.999982,1
043,Georgetown,VTD 4,450434,Georgetown - VTD 4,GEORGETOWN - VTD 4,134221900.852356,Georgetown,043,Choppee,Georgetown - Choppee,GEORGETOWN - CHOPPEE,134216474.063269,0.999960,1
043,Georgetown,VTD 3,450433,Georgetown - VTD 3,GEORGETOWN - VTD 3,77041417.116416,Georgetown,043,Pleasant Hill,Georgetown - Pleasant Hill,GEORGETOWN - PLEASANT HILL,75860580.022373,0.984673,1
043,Georgetown,VTD 3,450433,Georgetown - VTD 3,GEORGETOWN - VTD 3,77041417.116416,Georgetown,043,Choppee,Georgetown - Choppee,GEORGETOWN - CHOPPEE,1162711.279701,0.015092,2
043,Georgetown,VTD 1,450431,Georgetown - VTD 1,GEORGETOWN - VTD 1,82068387.597464,Georgetown,043,Folly Grove,Georgetown - Folly Grove,GEORGETOWN - FOLLY GROVE,82068375.048435,1.000000,1
045,Greenville,VTD 103,45045103,Greenville - VTD 103,GREENVILLE - VTD 103,2253307.004947,Greenville,045,Brookglenn,Greenville - Brookglenn,GREENVILLE - BROOKGLENN,2243192.392375,0.995511,1
045,Greenville,VTD 103,45045103,Greenville - VTD 103,GREENVILLE - VTD 103,2253307.004947,Greenville,045,Edwards Forest,Greenville - Edwards Forest,GREENVILLE - EDWARDS FOREST,10114.612572,0.004489,2
045,Greenville,VTD 130,45045130,Greenville - VTD 130,GREENVILLE - VTD 130,1798014.778482,Greenville,045,Palmetto,Greenville - Palmetto,GREENVILLE - PALMETTO,744341.783459,0.413980,1
045,Greenville,VTD 130,45045130,Greenville - VTD 130,GREENVILLE - VTD 130,1798014.778482,Greenville,045,Mission,Greenville - Mission,GREENVILLE - MISSION,527016.674771,0.293110,2
045,Greenville,VTD 130,45045130,Greenville - VTD 130,GREENVILLE - VTD 130,1798014.778482,Greenville,045,Devenger,Greenville - Devenger,GREENVILLE - DEVENGER,526656.320252,0.292910,3
045,Greenville,VTD 113,45045113,Greenville - VTD 113,GREENVILLE - VTD 113,2995407.787366,Greenville,045,Westside,Greenville - Westside,GREENVILLE - WESTSIDE,2995407.787366,1.000000,1
045,Greenville,VTD 112,45045112,Greenville - VTD 112,GREENVILLE - VTD 112,3842958.849737,Greenville,045,Westcliffe,Greenville - Westcliffe,GREENVILLE - WESTCLIFFE,3842958.849737,1.000000,1
045,Greenville,VTD 96,4504596,Greenville - VTD 96,GREENVILLE - VTD 96,6916588.793215,Greenville,045,Saluda,Greenville - Saluda,GREENVILLE - SALUDA,6893629.747244,0.996681,1
045,Greenville,VTD 37,4504537,Greenville - VTD 37,GREENVILLE - VTD 37,3453891.685577,Greenville,045,Mauldin 1,Greenville - Mauldin 1,GREENVILLE - MAULDIN 1,3453891.685577,1.000000,1
045,Greenville,VTD 21,4504521,Greenville - VTD 21,GREENVILLE - VTD 21,4791363.036428,Greenville,045,Sugar Creek,Greenville - Sugar Creek,GREENVILLE - SUGAR CREEK,2604938.447207,0.543674,1
045,Greenville,VTD 21,4504521,Greenville - VTD 21,GREENVILLE - VTD 21,4791363.036428,Greenville,045,Thornblade,Greenville - Thornblade,GREENVILLE - THORNBLADE,1579691.881169,0.329696,2
045,Greenville,VTD 21,4504521,Greenville - VTD 21,GREENVILLE - VTD 21,4791363.036428,Greenville,045,Boiling Springs,Greenville - Boiling Springs,GREENVILLE - BOILING SPRINGS,592494.777112,0.123659,3
045,Greenville,VTD 21,4504521,Greenville - VTD 21,GREENVILLE - VTD 21,4791363.036428,Greenville,045,Pelham Falls,Greenville - Pelham Falls,GREENVILLE - PELHAM FALLS,14236.627793,0.002971,4
045,Greenville,VTD 51,4504551,Greenville - VTD 51,GREENVILLE - VTD 51,31620312.811050,Greenville,045,Fork Shoals,Greenville - Fork Shoals,GREENVILLE - FORK SHOALS,26550646.384081,0.839671,1
045,Greenville,VTD 51,4504551,Greenville - VTD 51,GREENVILLE - VTD 51,31620312.811050,Greenville,045,Reedy Fork,Greenville - Reedy Fork,GREENVILLE - REEDY FORK,5069657.534841,0.160329,2
045,Greenville,VTD 104,45045104,Greenville - VTD 104,GREENVILLE - VTD 104,1467132.169518,Greenville,045,Eastside,Greenville - Eastside,GREENVILLE - EASTSIDE,1426576.982300,0.972358,1
045,Greenville,VTD 104,45045104,Greenville - VTD 104,GREENVILLE - VTD 104,1467132.169518,Greenville,045,Avon,Greenville - Avon,GREENVILLE - AVON,40555.136451,0.027642,2
045,Greenville,VTD 111,45045111,Greenville - VTD 111,GREENVILLE - VTD 111,1015741.593103,Greenville,045,Eastside,Greenville - Eastside,GREENVILLE - EASTSIDE,1015741.593103,1.000000,1
045,Greenville,VTD 77,4504577,Greenville - VTD 77,GREENVILLE - VTD 77,1314455.282035,Greenville,045,Greenville 18,Greenville - Greenville 18,GREENVILLE - GREENVILLE 18,1314455.282035,1.000000,1
045,Greenville,VTD 120,45045120,Greenville - VTD 120,GREENVILLE - VTD 120,3149216.727253,Greenville,045,Del Norte,Greenville - Del Norte,GREENVILLE - DEL NORTE,2582727.426547,0.820117,1
045,Greenville,VTD 120,45045120,Greenville - VTD 120,GREENVILLE - VTD 120,3149216.727253,Greenville,045,Eastside,Greenville - Eastside,GREENVILLE - EASTSIDE,566489.300705,0.179883,2
045,Greenville,VTD 102,45045102,Greenville - VTD 102,GREENVILLE - VTD 102,1700999.655091,Greenville,045,Botany Woods,Greenville - Botany Woods,GREENVILLE - BOTANY WOODS,1668571.802206,0.980936,1
045,Greenville,VTD 102,45045102,Greenville - VTD 102,GREENVILLE - VTD 102,1700999.655091,Greenville,045,Wade Hampton,Greenville - Wade Hampton,GREENVILLE - WADE HAMPTON,32427.852885,0.019064,2
045,Greenville,VTD 119,45045119,Greenville - VTD 119,GREENVILLE - VTD 119,2313647.944358,Greenville,045,Northwood,Greenville - Northwood,GREENVILLE - NORTHWOOD,2282080.033545,0.986356,1
045,Greenville,VTD 119,45045119,Greenville - VTD 119,GREENVILLE - VTD 119,2313647.944358,Greenville,045,Wellington,Greenville - Wellington,GREENVILLE - WELLINGTON,31558.875344,0.013640,2
045,Greenville,VTD 8,450458,Greenville - VTD 8,GREENVILLE - VTD 8,42804194.097412,Greenville,045,Mountain View,Greenville - Mountain View,GREENVILLE - MOUNTAIN VIEW,40301269.329805,0.941526,1
045,Greenville,VTD 8,450458,Greenville - VTD 8,GREENVILLE - VTD 8,42804194.097412,Greenville,045,Maridell,Greenville - Maridell,GREENVILLE - MARIDELL,1796992.260894,0.041982,2
045,Greenville,VTD 8,450458,Greenville - VTD 8,GREENVILLE - VTD 8,42804194.097412,Greenville,045,Tigerville,Greenville - Tigerville,GREENVILLE - TIGERVILLE,677621.997532,0.015831,3
045,Greenville,VTD 8,450458,Greenville - VTD 8,GREENVILLE - VTD 8,42804194.097412,Greenville,045,Sandy Flat,Greenville - Sandy Flat,GREENVILLE - SANDY FLAT,28310.398432,0.000661,4
045,Greenville,VTD 29,4504529,Greenville - VTD 29,GREENVILLE - VTD 29,3782864.335459,Greenville,045,Belmont,Greenville - Belmont,GREENVILLE - BELMONT,3690772.327111,0.975655,1
045,Greenville,VTD 29,4504529,Greenville - VTD 29,GREENVILLE - VTD 29,3782864.335459,Greenville,045,Conestee,Greenville - Conestee,GREENVILLE - CONESTEE,91945.148825,0.024306,2
045,Greenville,VTD 20,4504520,Greenville - VTD 20,GREENVILLE - VTD 20,5740411.632045,Greenville,045,Silverleaf,Greenville - Silverleaf,GREENVILLE - SILVERLEAF,3114965.612789,0.542638,1
045,Greenville,VTD 20,4504520,Greenville - VTD 20,GREENVILLE - VTD 20,5740411.632045,Greenville,045,Riverside 1,Greenville - Riverside 1,GREENVILLE - RIVERSIDE 1,2625446.019256,0.457362,2
045,Greenville,VTD 136,45045136,Greenville - VTD 136,GREENVILLE - VTD 136,4630548.527899,Greenville,045,Dove Tree,Greenville - Dove Tree,GREENVILLE - DOVE TREE,2464766.775223,0.532284,1
045,Greenville,VTD 136,45045136,Greenville - VTD 136,GREENVILLE - VTD 136,4630548.527899,Greenville,045,Palmetto,Greenville - Palmetto,GREENVILLE - PALMETTO,2165781.752675,0.467716,2
045,Greenville,VTD 129,45045129,Greenville - VTD 129,GREENVILLE - VTD 129,3846116.066710,Greenville,045,Thornblade,Greenville - Thornblade,GREENVILLE - THORNBLADE,3205363.024803,0.833403,1
045,Greenville,VTD 129,45045129,Greenville - VTD 129,GREENVILLE - VTD 129,3846116.066710,Greenville,045,Palmetto,Greenville - Palmetto,GREENVILLE - PALMETTO,621352.245808,0.161553,2
045,Greenville,VTD 129,45045129,Greenville - VTD 129,GREENVILLE - VTD 129,3846116.066710,Greenville,045,Pelham Falls,Greenville - Pelham Falls,GREENVILLE - PELHAM FALLS,19400.796099,0.005044,3
045,Greenville,VTD 6,450456,Greenville - VTD 6,GREENVILLE - VTD 6,136326396.506573,Greenville,045,Tigerville,Greenville - Tigerville,GREENVILLE - TIGERVILLE,71413513.825501,0.523842,1
045,Greenville,VTD 6,450456,Greenville - VTD 6,GREENVILLE - VTD 6,136326396.506573,Greenville,045,Gowensville,Greenville - Gowensville,GREENVILLE - GOWENSVILLE,64912837.235478,0.476158,2
045,Greenville,VTD 54,4504554,Greenville - VTD 54,GREENVILLE - VTD 54,61367424.390844,Greenville,045,Fork Shoals,Greenville - Fork Shoals,GREENVILLE - FORK SHOALS,32343575.486070,0.527048,1
045,Greenville,VTD 54,4504554,Greenville - VTD 54,GREENVILLE - VTD 54,61367424.390844,Greenville,045,Long Creek 1,Greenville - Long Creek 1,GREENVILLE - LONG CREEK 1,15222439.271605,0.248054,2
045,Greenville,VTD 54,4504554,Greenville - VTD 54,GREENVILLE - VTD 54,61367424.390844,Greenville,045,Dunklin,Greenville - Dunklin,GREENVILLE - DUNKLIN,7134581.004543,0.116260,3
045,Greenville,VTD 54,4504554,Greenville - VTD 54,GREENVILLE - VTD 54,61367424.390844,Greenville,045,Long Creek 2,Greenville - Long Creek 2,GREENVILLE - LONG CREEK 2,3390483.350164,0.055249,4
045,Greenville,VTD 54,4504554,Greenville - VTD 54,GREENVILLE - VTD 54,61367424.390844,Greenville,045,Raintree,Greenville - Raintree,GREENVILLE - RAINTREE,3276316.819040,0.053389,5
045,Greenville,VTD 92,4504592,Greenville - VTD 92,GREENVILLE - VTD 92,24870981.305629,Greenville,045,Altamont Forest,Greenville - Altamont Forest,GREENVILLE - ALTAMONT FOREST,14393950.689886,0.578745,1
045,Greenville,VTD 92,4504592,Greenville - VTD 92,GREENVILLE - VTD 92,24870981.305629,Greenville,045,Paris Mountain,Greenville - Paris Mountain,GREENVILLE - PARIS MOUNTAIN,8460494.689114,0.340175,2
045,Greenville,VTD 92,4504592,Greenville - VTD 92,GREENVILLE - VTD 92,24870981.305629,Greenville,045,Mountain Creek,Greenville - Mountain Creek,GREENVILLE - MOUNTAIN CREEK,1861723.148269,0.074855,3
045,Greenville,VTD 92,4504592,Greenville - VTD 92,GREENVILLE - VTD 92,24870981.305629,Greenville,045,Travelers Rest 1,Greenville - Travelers Rest 1,GREENVILLE - TRAVELERS REST 1,154812.535079,0.006225,4
045,Greenville,VTD 87,4504587,Greenville - VTD 87,GREENVILLE - VTD 87,35778309.520582,Greenville,045,Slater Marietta,Greenville - Slater Marietta,GREENVILLE - SLATER MARIETTA,29121262.528521,0.813936,1
045,Greenville,VTD 87,4504587,Greenville - VTD 87,GREENVILLE - VTD 87,35778309.520582,Greenville,045,Ebenezer,Greenville - Ebenezer,GREENVILLE - EBENEZER,3921362.960937,0.109602,2
045,Greenville,VTD 87,4504587,Greenville - VTD 87,GREENVILLE - VTD 87,35778309.520582,Greenville,045,Tubbs Mountain,Greenville - Tubbs Mountain,GREENVILLE - TUBBS MOUNTAIN,2612862.485529,0.073029,3
045,Greenville,VTD 87,4504587,Greenville - VTD 87,GREENVILLE - VTD 87,35778309.520582,Greenville,045,Jennings Mill,Greenville - Jennings Mill,GREENVILLE - JENNINGS MILL,122821.545595,0.003433,4
045,Greenville,VTD 121,45045121,Greenville - VTD 121,GREENVILLE - VTD 121,7456336.416924,Greenville,045,Westcliffe,Greenville - Westcliffe,GREENVILLE - WESTCLIFFE,7456336.416924,1.000000,1
045,Greenville,VTD 117,45045117,Greenville - VTD 117,GREENVILLE - VTD 117,2410901.650112,Greenville,045,Spring Forest,Greenville - Spring Forest,GREENVILLE - SPRING FOREST,1057489.187079,0.438628,1
045,Greenville,VTD 117,45045117,Greenville - VTD 117,GREENVILLE - VTD 117,2410901.650112,Greenville,045,Wellington,Greenville - Wellington,GREENVILLE - WELLINGTON,726138.883328,0.301190,2
045,Greenville,VTD 117,45045117,Greenville - VTD 117,GREENVILLE - VTD 117,2410901.650112,Greenville,045,Timberlake,Greenville - Timberlake,GREENVILLE - TIMBERLAKE,627273.579705,0.260182,3
045,Greenville,VTD 137,45045137,Greenville - VTD 137,GREENVILLE - VTD 137,8199568.094847,Greenville,045,Carolina,Greenville - Carolina,GREENVILLE - CAROLINA,8095454.749062,0.987303,1
045,Greenville,VTD 137,45045137,Greenville - VTD 137,GREENVILLE - VTD 137,8199568.094847,Greenville,045,Grove,Greenville - Grove,GREENVILLE - GROVE,104113.345786,0.012697,2
045,Greenville,VTD 109,45045109,Greenville - VTD 109,GREENVILLE - VTD 109,2174548.040785,Greenville,045,Timberlake,Greenville - Timberlake,GREENVILLE - TIMBERLAKE,1309322.363022,0.602112,1
045,Greenville,VTD 109,45045109,Greenville - VTD 109,GREENVILLE - VTD 109,2174548.040785,Greenville,045,Botany Woods,Greenville - Botany Woods,GREENVILLE - BOTANY WOODS,794135.331688,0.365196,2
045,Greenville,VTD 109,45045109,Greenville - VTD 109,GREENVILLE - VTD 109,2174548.040785,Greenville,045,Wade Hampton,Greenville - Wade Hampton,GREENVILLE - WADE HAMPTON,51162.565014,0.023528,3
045,Greenville,VTD 109,45045109,Greenville - VTD 109,GREENVILLE - VTD 109,2174548.040785,Greenville,045,Greenville 27,Greenville - Greenville 27,GREENVILLE - GREENVILLE 27,19927.781061,0.009164,4
045,Greenville,VTD 68,4504568,Greenville - VTD 68,GREENVILLE - VTD 68,1657988.092004,Greenville,045,Greenville 1,Greenville - Greenville 1,GREENVILLE - GREENVILLE 1,1657986.925478,0.999999,1
045,Greenville,VTD 126,45045126,Greenville - VTD 126,GREENVILLE - VTD 126,3094817.225053,Greenville,045,Rock Hill,Greenville - Rock Hill,GREENVILLE - ROCK HILL,3094073.161889,0.999760,1
045,Greenville,VTD 1,450451,Greenville - VTD 1,GREENVILLE - VTD 1,63289063.022071,Greenville,045,Jennings Mill,Greenville - Jennings Mill,GREENVILLE - JENNINGS MILL,63238870.333790,0.999207,1
045,Greenville,VTD 32,4504532,Greenville - VTD 32,GREENVILLE - VTD 32,12124340.839510,Greenville,045,Grove,Greenville - Grove,GREENVILLE - GROVE,7013071.810305,0.578429,1
045,Greenville,VTD 32,4504532,Greenville - VTD 32,GREENVILLE - VTD 32,12124340.839510,Greenville,045,Mt. Pleasant,Greenville - Mt. Pleasant,GREENVILLE - MT. PLEASANT,5111267.671140,0.421571,2
045,Greenville,VTD 63,4504563,Greenville - VTD 63,GREENVILLE - VTD 63,1087198.089872,Greenville,045,Greenville 10,Greenville - Greenville 10,GREENVILLE - GREENVILLE 10,1087198.089872,1.000000,1
045,Greenville,VTD 10,4504510,Greenville - VTD 10,GREENVILLE - VTD 10,31952984.465427,Greenville,045,Ebenezer,Greenville - Ebenezer,GREENVILLE - EBENEZER,29133780.051683,0.911770,1
045,Greenville,VTD 10,4504510,Greenville - VTD 10,GREENVILLE - VTD 10,31952984.465427,Greenville,045,Travelers Rest 2,Greenville - Travelers Rest 2,GREENVILLE - TRAVELERS REST 2,1878864.540360,0.058801,2
045,Greenville,VTD 10,4504510,Greenville - VTD 10,GREENVILLE - VTD 10,31952984.465427,Greenville,045,Travelers Rest 1,Greenville - Travelers Rest 1,GREENVILLE - TRAVELERS REST 1,940333.714462,0.029429,3
045,Greenville,VTD 143,45045143,Greenville - VTD 143,GREENVILLE - VTD 143,3670604.361487,Greenville,045,Greenville 23,Greenville - Greenville 23,GREENVILLE - GREENVILLE 23,1736396.137940,0.473055,1
045,Greenville,VTD 143,45045143,Greenville - VTD 143,GREENVILLE - VTD 143,3670604.361487,Greenville,045,Greenville 22,Greenville - Greenville 22,GREENVILLE - GREENVILLE 22,1519497.175862,0.413964,2
045,Greenville,VTD 143,45045143,Greenville - VTD 143,GREENVILLE - VTD 143,3670604.361487,Greenville,045,Greenville 14,Greenville - Greenville 14,GREENVILLE - GREENVILLE 14,411111.408376,0.112001,3
045,Greenville,VTD 143,45045143,Greenville - VTD 143,GREENVILLE - VTD 143,3670604.361487,Greenville,045,Greenville 21,Greenville - Greenville 21,GREENVILLE - GREENVILLE 21,3599.639308,0.000981,4
045,Greenville,VTD 75,4504575,Greenville - VTD 75,GREENVILLE - VTD 75,1637200.942301,Greenville,045,Greenville 14,Greenville - Greenville 14,GREENVILLE - GREENVILLE 14,1637200.942301,1.000000,1
045,Greenville,VTD 69,4504569,Greenville - VTD 69,GREENVILLE - VTD 69,1604592.284636,Greenville,045,Greenville 10,Greenville - Greenville 10,GREENVILLE - GREENVILLE 10,1166595.401468,0.727035,1
045,Greenville,VTD 69,4504569,Greenville - VTD 69,GREENVILLE - VTD 69,1604592.284636,Greenville,045,Greenville 14,Greenville - Greenville 14,GREENVILLE - GREENVILLE 14,437996.883169,0.272965,2
045,Greenville,VTD 118,45045118,Greenville - VTD 118,GREENVILLE - VTD 118,1729530.876116,Greenville,045,Wellington,Greenville - Wellington,GREENVILLE - WELLINGTON,1729530.876116,1.000000,1
045,Greenville,VTD 134,45045134,Greenville - VTD 134,GREENVILLE - VTD 134,986503.111886,Greenville,045,Greenville 10,Greenville - Greenville 10,GREENVILLE - GREENVILLE 10,986503.111886,1.000000,1
045,Greenville,VTD 14,4504514,Greenville - VTD 14,GREENVILLE - VTD 14,13878552.587735,Greenville,045,Tyger River 1,Greenville - Tyger River 1,GREENVILLE - TYGER RIVER 1,5036526.852665,0.362900,1
045,Greenville,VTD 14,4504514,Greenville - VTD 14,GREENVILLE - VTD 14,13878552.587735,Greenville,045,Frohawk,Greenville - Frohawk,GREENVILLE - FROHAWK,4795049.530930,0.345501,2
045,Greenville,VTD 14,4504514,Greenville - VTD 14,GREENVILLE - VTD 14,13878552.587735,Greenville,045,Frohawk 2,Greenville - Frohawk 2,GREENVILLE - FROHAWK 2,3645944.824640,0.262704,3
045,Greenville,VTD 14,4504514,Greenville - VTD 14,GREENVILLE - VTD 14,13878552.587735,Greenville,045,Tyger River 2,Greenville - Tyger River 2,GREENVILLE - TYGER RIVER 2,391354.129941,0.028198,4
045,Greenville,VTD 14,4504514,Greenville - VTD 14,GREENVILLE - VTD 14,13878552.587735,Greenville,045,Oneal 1,Greenville - Oneal 1,GREENVILLE - ONEAL 1,9671.491956,0.000697,5
045,Greenville,VTD 90,4504590,Greenville - VTD 90,GREENVILLE - VTD 90,11556778.739695,Greenville,045,Furman,Greenville - Furman,GREENVILLE - FURMAN,8303860.041514,0.718527,1
045,Greenville,VTD 90,4504590,Greenville - VTD 90,GREENVILLE - VTD 90,11556778.739695,Greenville,045,Enoree,Greenville - Enoree,GREENVILLE - ENOREE,1692375.622464,0.146440,2
045,Greenville,VTD 90,4504590,Greenville - VTD 90,GREENVILLE - VTD 90,11556778.739695,Greenville,045,Travelers Rest 1,Greenville - Travelers Rest 1,GREENVILLE - TRAVELERS REST 1,1240038.983252,0.107300,3
045,Greenville,VTD 90,4504590,Greenville - VTD 90,GREENVILLE - VTD 90,11556778.739695,Greenville,045,Sulphur Springs,Greenville - Sulphur Springs,GREENVILLE - SULPHUR SPRINGS,291491.042468,0.025223,4
045,Greenville,VTD 90,4504590,Greenville - VTD 90,GREENVILLE - VTD 90,11556778.739695,Greenville,045,Altamont Forest,Greenville - Altamont Forest,GREENVILLE - ALTAMONT FOREST,29013.049997,0.002510,5
045,Greenville,VTD 50,4504550,Greenville - VTD 50,GREENVILLE - VTD 50,38465551.340665,Greenville,045,Ware Place 1,Greenville - Ware Place 1,GREENVILLE - WARE PLACE 1,21422536.188059,0.556928,1
045,Greenville,VTD 50,4504550,Greenville - VTD 50,GREENVILLE - VTD 50,38465551.340665,Greenville,045,Ware Place 2,Greenville - Ware Place 2,GREENVILLE - WARE PLACE 2,17043015.152606,0.443072,2
045,Greenville,VTD 31,4504531,Greenville - VTD 31,GREENVILLE - VTD 31,3916896.373454,Greenville,045,Belle Meade,Greenville - Belle Meade,GREENVILLE - BELLE MEADE,3563792.901329,0.909851,1
045,Greenville,VTD 31,4504531,Greenville - VTD 31,GREENVILLE - VTD 31,3916896.373454,Greenville,045,Royal Oaks,Greenville - Royal Oaks,GREENVILLE - ROYAL OAKS,352735.322003,0.090055,2
045,Greenville,VTD 44,4504544,Greenville - VTD 44,GREENVILLE - VTD 44,22787098.215252,Greenville,045,Sycamore,Greenville - Sycamore,GREENVILLE - SYCAMORE,10419118.805278,0.457238,1
045,Greenville,VTD 44,4504544,Greenville - VTD 44,GREENVILLE - VTD 44,22787098.215252,Greenville,045,Hillcrest 1,Greenville - Hillcrest 1,GREENVILLE - HILLCREST 1,4761164.090767,0.208941,2
045,Greenville,VTD 44,4504544,Greenville - VTD 44,GREENVILLE - VTD 44,22787098.215252,Greenville,045,Simpsonville 1,Greenville - Simpsonville 1,GREENVILLE - SIMPSONVILLE 1,3927215.206094,0.172344,3
045,Greenville,VTD 44,4504544,Greenville - VTD 44,GREENVILLE - VTD 44,22787098.215252,Greenville,045,Gilder Creek 2,Greenville - Gilder Creek 2,GREENVILLE - GILDER CREEK 2,1796911.255263,0.078857,4
045,Greenville,VTD 44,4504544,Greenville - VTD 44,GREENVILLE - VTD 44,22787098.215252,Greenville,045,Hillcrest 2,Greenville - Hillcrest 2,GREENVILLE - HILLCREST 2,1191732.152939,0.052299,5
045,Greenville,VTD 44,4504544,Greenville - VTD 44,GREENVILLE - VTD 44,22787098.215252,Greenville,045,Simpsonville 3,Greenville - Simpsonville 3,GREENVILLE - SIMPSONVILLE 3,572261.564682,0.025113,6
045,Greenville,VTD 44,4504544,Greenville - VTD 44,GREENVILLE - VTD 44,22787098.215252,Greenville,045,Simpsonville 2,Greenville - Simpsonville 2,GREENVILLE - SIMPSONVILLE 2,70618.754496,0.003099,7
045,Greenville,VTD 44,4504544,Greenville - VTD 44,GREENVILLE - VTD 44,22787098.215252,Greenville,045,Mauldin 4,Greenville - Mauldin 4,GREENVILLE - MAULDIN 4,48076.385733,0.002110,8
045,Greenville,VTD 94,4504594,Greenville - VTD 94,GREENVILLE - VTD 94,5835437.800043,Greenville,045,Pebble Creek,Greenville - Pebble Creek,GREENVILLE - PEBBLE CREEK,3830451.451120,0.656412,1
045,Greenville,VTD 94,4504594,Greenville - VTD 94,GREENVILLE - VTD 94,5835437.800043,Greenville,045,Mountain Creek,Greenville - Mountain Creek,GREENVILLE - MOUNTAIN CREEK,2004986.348923,0.343588,2
045,Greenville,VTD 93,4504593,Greenville - VTD 93,GREENVILLE - VTD 93,16608837.548319,Greenville,045,Darby Ridge,Greenville - Darby Ridge,GREENVILLE - DARBY RIDGE,7733555.315839,0.465629,1
045,Greenville,VTD 93,4504593,Greenville - VTD 93,GREENVILLE - VTD 93,16608837.548319,Greenville,045,Mountain Creek,Greenville - Mountain Creek,GREENVILLE - MOUNTAIN CREEK,5569483.240126,0.335333,2
045,Greenville,VTD 93,4504593,Greenville - VTD 93,GREENVILLE - VTD 93,16608837.548319,Greenville,045,Sevier,Greenville - Sevier,GREENVILLE - SEVIER,2426561.979293,0.146101,3
045,Greenville,VTD 93,4504593,Greenville - VTD 93,GREENVILLE - VTD 93,16608837.548319,Greenville,045,Paris Mountain,Greenville - Paris Mountain,GREENVILLE - PARIS MOUNTAIN,831601.277014,0.050070,4
045,Greenville,VTD 93,4504593,Greenville - VTD 93,GREENVILLE - VTD 93,16608837.548319,Greenville,045,Altamont Forest,Greenville - Altamont Forest,GREENVILLE - ALTAMONT FOREST,47635.736047,0.002868,5
045,Greenville,VTD 128,45045128,Greenville - VTD 128,GREENVILLE - VTD 128,3042296.962088,Greenville,045,Boiling Springs,Greenville - Boiling Springs,GREENVILLE - BOILING SPRINGS,1753541.679162,0.576387,1
045,Greenville,VTD 128,45045128,Greenville - VTD 128,GREENVILLE - VTD 128,3042296.962088,Greenville,045,Devenger,Greenville - Devenger,GREENVILLE - DEVENGER,1288749.048034,0.423611,2
045,Greenville,VTD 58,4504558,Greenville - VTD 58,GREENVILLE - VTD 58,32712635.229391,Greenville,045,Ware Place 1,Greenville - Ware Place 1,GREENVILLE - WARE PLACE 1,24895207.730144,0.761027,1
045,Greenville,VTD 58,4504558,Greenville - VTD 58,GREENVILLE - VTD 58,32712635.229391,Greenville,045,Ware Place 2,Greenville - Ware Place 2,GREENVILLE - WARE PLACE 2,7817427.499247,0.238973,2
045,Greenville,VTD 55,4504555,Greenville - VTD 55,GREENVILLE - VTD 55,38435215.927775,Greenville,045,Pineview,Greenville - Pineview,GREENVILLE - PINEVIEW,20869509.148537,0.542979,1
045,Greenville,VTD 55,4504555,Greenville - VTD 55,GREENVILLE - VTD 55,38435215.927775,Greenville,045,Raintree,Greenville - Raintree,GREENVILLE - RAINTREE,11201924.649431,0.291450,2
045,Greenville,VTD 55,4504555,Greenville - VTD 55,GREENVILLE - VTD 55,38435215.927775,Greenville,045,Fountain Inn 2,Greenville - Fountain Inn 2,GREENVILLE - FOUNTAIN INN 2,5439811.866387,0.141532,3
045,Greenville,VTD 55,4504555,Greenville - VTD 55,GREENVILLE - VTD 55,38435215.927775,Greenville,045,Simpsonville 5,Greenville - Simpsonville 5,GREENVILLE - SIMPSONVILLE 5,923959.799822,0.024039,4
045,Greenville,VTD 23,4504523,Greenville - VTD 23,GREENVILLE - VTD 23,11906730.221220,Greenville,045,Pelham Falls,Greenville - Pelham Falls,GREENVILLE - PELHAM FALLS,4349635.976172,0.365309,1
045,Greenville,VTD 23,4504523,Greenville - VTD 23,GREENVILLE - VTD 23,11906730.221220,Greenville,045,Rolling Green,Greenville - Rolling Green,GREENVILLE - ROLLING GREEN,3861740.332704,0.324333,2
045,Greenville,VTD 23,4504523,Greenville - VTD 23,GREENVILLE - VTD 23,11906730.221220,Greenville,045,Feaster,Greenville - Feaster,GREENVILLE - FEASTER,2622237.556054,0.220232,3
045,Greenville,VTD 23,4504523,Greenville - VTD 23,GREENVILLE - VTD 23,11906730.221220,Greenville,045,Oakview,Greenville - Oakview,GREENVILLE - OAKVIEW,996248.100838,0.083671,4
045,Greenville,VTD 23,4504523,Greenville - VTD 23,GREENVILLE - VTD 23,11906730.221220,Greenville,045,Palmetto,Greenville - Palmetto,GREENVILLE - PALMETTO,41774.378805,0.003508,5
045,Greenville,VTD 23,4504523,Greenville - VTD 23,GREENVILLE - VTD 23,11906730.221220,Greenville,045,Dove Tree,Greenville - Dove Tree,GREENVILLE - DOVE TREE,35093.876647,0.002947,6
045,Greenville,VTD 73,4504573,Greenville - VTD 73,GREENVILLE - VTD 73,1885739.274153,Greenville,045,Greenville 16,Greenville - Greenville 16,GREENVILLE - GREENVILLE 16,1668309.906638,0.884698,1
045,Greenville,VTD 73,4504573,Greenville - VTD 73,GREENVILLE - VTD 73,1885739.274153,Greenville,045,Greenville 17,Greenville - Greenville 17,GREENVILLE - GREENVILLE 17,207501.899296,0.110037,2
045,Greenville,VTD 73,4504573,Greenville - VTD 73,GREENVILLE - VTD 73,1885739.274153,Greenville,045,Greenville 10,Greenville - Greenville 10,GREENVILLE - GREENVILLE 10,9927.468219,0.005264,3
045,Greenville,VTD 7,450457,Greenville - VTD 7,GREENVILLE - VTD 7,31705345.136116,Greenville,045,Skyland,Greenville - Skyland,GREENVILLE - SKYLAND,30589090.112611,0.964793,1
045,Greenville,VTD 7,450457,Greenville - VTD 7,GREENVILLE - VTD 7,31705345.136116,Greenville,045,ONeal 2,Greenville - ONeal 2,GREENVILLE - ONEAL 2,1116255.023505,0.035207,2
045,Greenville,VTD 59,4504559,Greenville - VTD 59,GREENVILLE - VTD 59,1036916.183248,Greenville,045,Greenville 3,Greenville - Greenville 3,GREENVILLE - GREENVILLE 3,591439.553336,0.570383,1
045,Greenville,VTD 59,4504559,Greenville - VTD 59,GREENVILLE - VTD 59,1036916.183248,Greenville,045,Greenville 4,Greenville - Greenville 4,GREENVILLE - GREENVILLE 4,445476.629912,0.429617,2
045,Greenville,VTD 91,4504591,Greenville - VTD 91,GREENVILLE - VTD 91,8731011.836009,Greenville,045,Leawood,Greenville - Leawood,GREENVILLE - LEAWOOD,2964492.463580,0.339536,1
045,Greenville,VTD 91,4504591,Greenville - VTD 91,GREENVILLE - VTD 91,8731011.836009,Greenville,045,Furman,Greenville - Furman,GREENVILLE - FURMAN,2509316.117366,0.287403,2
045,Greenville,VTD 91,4504591,Greenville - VTD 91,GREENVILLE - VTD 91,8731011.836009,Greenville,045,Poinsett,Greenville - Poinsett,GREENVILLE - POINSETT,2473922.024709,0.283349,3
045,Greenville,VTD 91,4504591,Greenville - VTD 91,GREENVILLE - VTD 91,8731011.836009,Greenville,045,Altamont Forest,Greenville - Altamont Forest,GREENVILLE - ALTAMONT FOREST,465937.666402,0.053366,4
045,Greenville,VTD 91,4504591,Greenville - VTD 91,GREENVILLE - VTD 91,8731011.836009,Greenville,045,Paris Mountain,Greenville - Paris Mountain,GREENVILLE - PARIS MOUNTAIN,317343.563952,0.036347,5
045,Greenville,VTD 24,4504524,Greenville - VTD 24,GREENVILLE - VTD 24,5485929.754697,Greenville,045,Woodruff Lakes,Greenville - Woodruff Lakes,GREENVILLE - WOODRUFF LAKES,3352548.433664,0.611118,1
045,Greenville,VTD 24,4504524,Greenville - VTD 24,GREENVILLE - VTD 24,5485929.754697,Greenville,045,Rocky Creek,Greenville - Rocky Creek,GREENVILLE - ROCKY CREEK,2133362.748014,0.388879,2
045,Greenville,VTD 99,4504599,Greenville - VTD 99,GREENVILLE - VTD 99,2894311.708811,Greenville,045,Poinsett,Greenville - Poinsett,GREENVILLE - POINSETT,2894309.098262,0.999999,1
045,Greenville,VTD 60,4504560,Greenville - VTD 60,GREENVILLE - VTD 60,1603396.481305,Greenville,045,Greenville 3,Greenville - Greenville 3,GREENVILLE - GREENVILLE 3,1603201.597354,0.999878,1
045,Greenville,VTD 41,4504541,Greenville - VTD 41,GREENVILLE - VTD 41,17894795.588577,Greenville,045,Bells Crossing,Greenville - Bells Crossing,GREENVILLE - BELLS CROSSING,5286394.763283,0.295415,1
045,Greenville,VTD 41,4504541,Greenville - VTD 41,GREENVILLE - VTD 41,17894795.588577,Greenville,045,Hillcrest 2,Greenville - Hillcrest 2,GREENVILLE - HILLCREST 2,3564939.267402,0.199217,2
045,Greenville,VTD 41,4504541,Greenville - VTD 41,GREENVILLE - VTD 41,17894795.588577,Greenville,045,Riverwalk,Greenville - Riverwalk,GREENVILLE - RIVERWALK,2940879.392694,0.164343,3
045,Greenville,VTD 41,4504541,Greenville - VTD 41,GREENVILLE - VTD 41,17894795.588577,Greenville,045,Gilder Creek 1,Greenville - Gilder Creek 1,GREENVILLE - GILDER CREEK 1,2659592.395672,0.148624,4
045,Greenville,VTD 41,4504541,Greenville - VTD 41,GREENVILLE - VTD 41,17894795.588577,Greenville,045,Gilder Creek 2,Greenville - Gilder Creek 2,GREENVILLE - GILDER CREEK 2,1949270.934466,0.108929,5
045,Greenville,VTD 41,4504541,Greenville - VTD 41,GREENVILLE - VTD 41,17894795.588577,Greenville,045,Sycamore,Greenville - Sycamore,GREENVILLE - SYCAMORE,766514.270478,0.042834,6
045,Greenville,VTD 41,4504541,Greenville - VTD 41,GREENVILLE - VTD 41,17894795.588577,Greenville,045,Stonehaven,Greenville - Stonehaven,GREENVILLE - STONEHAVEN,721344.461250,0.040310,7
045,Greenville,VTD 138,45045138,Greenville - VTD 138,GREENVILLE - VTD 138,3131715.031543,Greenville,045,Chestnut Hills,Greenville - Chestnut Hills,GREENVILLE - CHESTNUT HILLS,2690911.556640,0.859245,1
045,Greenville,VTD 138,45045138,Greenville - VTD 138,GREENVILLE - VTD 138,3131715.031543,Greenville,045,Southside,Greenville - Southside,GREENVILLE - SOUTHSIDE,306413.553460,0.097842,2
045,Greenville,VTD 138,45045138,Greenville - VTD 138,GREENVILLE - VTD 138,3131715.031543,Greenville,045,Welcome,Greenville - Welcome,GREENVILLE - WELCOME,134389.921443,0.042913,3
045,Greenville,VTD 3,450453,Greenville - VTD 3,GREENVILLE - VTD 3,51349322.673348,Greenville,045,Maridell,Greenville - Maridell,GREENVILLE - MARIDELL,45098038.380294,0.878260,1
045,Greenville,VTD 3,450453,Greenville - VTD 3,GREENVILLE - VTD 3,51349322.673348,Greenville,045,Tubbs Mountain,Greenville - Tubbs Mountain,GREENVILLE - TUBBS MOUNTAIN,6213183.032155,0.120998,2
045,Greenville,VTD 3,450453,Greenville - VTD 3,GREENVILLE - VTD 3,51349322.673348,Greenville,045,Slater Marietta,Greenville - Slater Marietta,GREENVILLE - SLATER MARIETTA,35513.779415,0.000692,3
045,Greenville,VTD 5,450455,Greenville - VTD 5,GREENVILLE - VTD 5,52538260.973916,Greenville,045,Tigerville,Greenville - Tigerville,GREENVILLE - TIGERVILLE,51643794.904247,0.982975,1
045,Greenville,VTD 5,450455,Greenville - VTD 5,GREENVILLE - VTD 5,52538260.973916,Greenville,045,Maridell,Greenville - Maridell,GREENVILLE - MARIDELL,813929.130813,0.015492,2
045,Greenville,VTD 5,450455,Greenville - VTD 5,GREENVILLE - VTD 5,52538260.973916,Greenville,045,Gowensville,Greenville - Gowensville,GREENVILLE - GOWENSVILLE,80536.938856,0.001533,3
045,Greenville,VTD 26,4504526,Greenville - VTD 26,GREENVILLE - VTD 26,7291597.787319,Greenville,045,Mauldin 2,Greenville - Mauldin 2,GREENVILLE - MAULDIN 2,6369445.407540,0.873532,1
045,Greenville,VTD 26,4504526,Greenville - VTD 26,GREENVILLE - VTD 26,7291597.787319,Greenville,045,Mauldin 4,Greenville - Mauldin 4,GREENVILLE - MAULDIN 4,695491.163046,0.095383,2
045,Greenville,VTD 26,4504526,Greenville - VTD 26,GREENVILLE - VTD 26,7291597.787319,Greenville,045,Mauldin 1,Greenville - Mauldin 1,GREENVILLE - MAULDIN 1,226661.055697,0.031085,3
045,Greenville,VTD 110,45045110,Greenville - VTD 110,GREENVILLE - VTD 110,2274940.497249,Greenville,045,Avon,Greenville - Avon,GREENVILLE - AVON,2274940.497249,1.000000,1
045,Greenville,VTD 98,4504598,Greenville - VTD 98,GREENVILLE - VTD 98,3917349.061632,Greenville,045,Enoree,Greenville - Enoree,GREENVILLE - ENOREE,3917349.061632,1.000000,1
045,Greenville,VTD 30,4504530,Greenville - VTD 30,GREENVILLE - VTD 30,2486507.534303,Greenville,045,Royal Oaks,Greenville - Royal Oaks,GREENVILLE - ROYAL OAKS,2486507.534303,1.000000,1
045,Greenville,VTD 56,4504556,Greenville - VTD 56,GREENVILLE - VTD 56,7203445.473254,Greenville,045,Simpsonville 6,Greenville - Simpsonville 6,GREENVILLE - SIMPSONVILLE 6,5218547.510756,0.724452,1
045,Greenville,VTD 56,4504556,Greenville - VTD 56,GREENVILLE - VTD 56,7203445.473254,Greenville,045,Neely Farms,Greenville - Neely Farms,GREENVILLE - NEELY FARMS,1984892.074769,0.275548,2
045,Greenville,VTD 34,4504534,Greenville - VTD 34,GREENVILLE - VTD 34,23606220.166368,Greenville,045,Piedmont,Greenville - Piedmont,GREENVILLE - PIEDMONT,6553514.636306,0.277618,1
045,Greenville,VTD 34,4504534,Greenville - VTD 34,GREENVILLE - VTD 34,23606220.166368,Greenville,045,Grove,Greenville - Grove,GREENVILLE - GROVE,5779539.001403,0.244831,2
045,Greenville,VTD 34,4504534,Greenville - VTD 34,GREENVILLE - VTD 34,23606220.166368,Greenville,045,Donaldson,Greenville - Donaldson,GREENVILLE - DONALDSON,5699918.603092,0.241458,3
045,Greenville,VTD 34,4504534,Greenville - VTD 34,GREENVILLE - VTD 34,23606220.166368,Greenville,045,Mt. Pleasant,Greenville - Mt. Pleasant,GREENVILLE - MT. PLEASANT,3006771.147481,0.127372,4
045,Greenville,VTD 34,4504534,Greenville - VTD 34,GREENVILLE - VTD 34,23606220.166368,Greenville,045,Woodmont,Greenville - Woodmont,GREENVILLE - WOODMONT,2566476.778086,0.108720,5
045,Greenville,VTD 105,45045105,Greenville - VTD 105,GREENVILLE - VTD 105,4200673.218089,Greenville,045,Berea,Greenville - Berea,GREENVILLE - BEREA,3836437.451474,0.913291,1
045,Greenville,VTD 105,45045105,Greenville - VTD 105,GREENVILLE - VTD 105,4200673.218089,Greenville,045,Sulphur Springs,Greenville - Sulphur Springs,GREENVILLE - SULPHUR SPRINGS,363920.506054,0.086634,2
045,Greenville,VTD 11,4504511,Greenville - VTD 11,GREENVILLE - VTD 11,26118066.909663,Greenville,045,Tubbs Mountain,Greenville - Tubbs Mountain,GREENVILLE - TUBBS MOUNTAIN,20888834.778863,0.799785,1
045,Greenville,VTD 11,4504511,Greenville - VTD 11,GREENVILLE - VTD 11,26118066.909663,Greenville,045,Ebenezer,Greenville - Ebenezer,GREENVILLE - EBENEZER,1888061.115218,0.072289,2
045,Greenville,VTD 11,4504511,Greenville - VTD 11,GREENVILLE - VTD 11,26118066.909663,Greenville,045,Altamont Forest,Greenville - Altamont Forest,GREENVILLE - ALTAMONT FOREST,1309032.896469,0.050120,3
045,Greenville,VTD 11,4504511,Greenville - VTD 11,GREENVILLE - VTD 11,26118066.909663,Greenville,045,Travelers Rest 2,Greenville - Travelers Rest 2,GREENVILLE - TRAVELERS REST 2,1267411.604191,0.048526,4
045,Greenville,VTD 11,4504511,Greenville - VTD 11,GREENVILLE - VTD 11,26118066.909663,Greenville,045,Travelers Rest 1,Greenville - Travelers Rest 1,GREENVILLE - TRAVELERS REST 1,764726.514923,0.029280,5
045,Greenville,VTD 16,4504516,Greenville - VTD 16,GREENVILLE - VTD 16,10142675.266593,Greenville,045,Travelers Rest 1,Greenville - Travelers Rest 1,GREENVILLE - TRAVELERS REST 1,5152264.761905,0.507979,1
045,Greenville,VTD 16,4504516,Greenville - VTD 16,GREENVILLE - VTD 16,10142675.266593,Greenville,045,Travelers Rest 2,Greenville - Travelers Rest 2,GREENVILLE - TRAVELERS REST 2,4952623.667638,0.488296,2
045,Greenville,VTD 16,4504516,Greenville - VTD 16,GREENVILLE - VTD 16,10142675.266593,Greenville,045,Tubbs Mountain,Greenville - Tubbs Mountain,GREENVILLE - TUBBS MOUNTAIN,37786.837050,0.003726,3
045,Greenville,VTD 45,4504545,Greenville - VTD 45,GREENVILLE - VTD 45,15286203.482349,Greenville,045,Simpsonville 1,Greenville - Simpsonville 1,GREENVILLE - SIMPSONVILLE 1,4132417.077577,0.270336,1
045,Greenville,VTD 45,4504545,Greenville - VTD 45,GREENVILLE - VTD 45,15286203.482349,Greenville,045,Simpsonville 3,Greenville - Simpsonville 3,GREENVILLE - SIMPSONVILLE 3,4068786.589605,0.266174,2
045,Greenville,VTD 45,4504545,Greenville - VTD 45,GREENVILLE - VTD 45,15286203.482349,Greenville,045,Simpsonville 2,Greenville - Simpsonville 2,GREENVILLE - SIMPSONVILLE 2,3385702.631795,0.221487,3
045,Greenville,VTD 45,4504545,Greenville - VTD 45,GREENVILLE - VTD 45,15286203.482349,Greenville,045,Simpsonville 4,Greenville - Simpsonville 4,GREENVILLE - SIMPSONVILLE 4,1894166.552516,0.123913,4
045,Greenville,VTD 45,4504545,Greenville - VTD 45,GREENVILLE - VTD 45,15286203.482349,Greenville,045,Simpsonville 5,Greenville - Simpsonville 5,GREENVILLE - SIMPSONVILLE 5,1805128.697465,0.118089,5
045,Greenville,VTD 9,450459,Greenville - VTD 9,GREENVILLE - VTD 9,70612488.987278,Greenville,045,Slater Marietta,Greenville - Slater Marietta,GREENVILLE - SLATER MARIETTA,70612201.431720,0.999996,1
045,Greenville,VTD 74,4504574,Greenville - VTD 74,GREENVILLE - VTD 74,1676038.494029,Greenville,045,Greenville 17,Greenville - Greenville 17,GREENVILLE - GREENVILLE 17,1666321.699075,0.994203,1
045,Greenville,VTD 74,4504574,Greenville - VTD 74,GREENVILLE - VTD 74,1676038.494029,Greenville,045,Greenville 14,Greenville - Greenville 14,GREENVILLE - GREENVILLE 14,9716.794954,0.005797,2
045,Greenville,VTD 132,45045132,Greenville - VTD 132,GREENVILLE - VTD 132,3968695.883204,Greenville,045,Welcome,Greenville - Welcome,GREENVILLE - WELCOME,3038697.691162,0.765667,1
045,Greenville,VTD 132,45045132,Greenville - VTD 132,GREENVILLE - VTD 132,3968695.883204,Greenville,045,Aiken,Greenville - Aiken,GREENVILLE - AIKEN,924345.028615,0.232909,2
045,Greenville,VTD 132,45045132,Greenville - VTD 132,GREENVILLE - VTD 132,3968695.883204,Greenville,045,Westcliffe,Greenville - Westcliffe,GREENVILLE - WESTCLIFFE,5653.163427,0.001424,3
045,Greenville,VTD 146,45045146,Greenville - VTD 146,GREENVILLE - VTD 146,7795341.790727,Greenville,045,Rocky Creek,Greenville - Rocky Creek,GREENVILLE - ROCKY CREEK,3430684.354918,0.440094,1
045,Greenville,VTD 146,45045146,Greenville - VTD 146,GREENVILLE - VTD 146,7795341.790727,Greenville,045,Mauldin 2,Greenville - Mauldin 2,GREENVILLE - MAULDIN 2,2949866.319876,0.378414,2
045,Greenville,VTD 146,45045146,Greenville - VTD 146,GREENVILLE - VTD 146,7795341.790727,Greenville,045,Mauldin 5,Greenville - Mauldin 5,GREENVILLE - MAULDIN 5,1413015.582091,0.181264,3
045,Greenville,VTD 25,4504525,Greenville - VTD 25,GREENVILLE - VTD 25,6515326.664088,Greenville,045,Mauldin 5,Greenville - Mauldin 5,GREENVILLE - MAULDIN 5,4206206.517947,0.645586,1
045,Greenville,VTD 25,4504525,Greenville - VTD 25,GREENVILLE - VTD 25,6515326.664088,Greenville,045,Mauldon 7,Greenville - Mauldon 7,GREENVILLE - MAULDON 7,2309117.203637,0.354413,2
045,Greenville,VTD 17,4504517,Greenville - VTD 17,GREENVILLE - VTD 17,10766012.836046,Greenville,045,Trade,Greenville - Trade,GREENVILLE - TRADE,4193151.389573,0.389480,1
045,Greenville,VTD 17,4504517,Greenville - VTD 17,GREENVILLE - VTD 17,10766012.836046,Greenville,045,Tyger River 2,Greenville - Tyger River 2,GREENVILLE - TYGER RIVER 2,2443469.103682,0.226961,2
045,Greenville,VTD 17,4504517,Greenville - VTD 17,GREENVILLE - VTD 17,10766012.836046,Greenville,045,Maple Creek,Greenville - Maple Creek,GREENVILLE - MAPLE CREEK,1550903.369266,0.144056,3
045,Greenville,VTD 17,4504517,Greenville - VTD 17,GREENVILLE - VTD 17,10766012.836046,Greenville,045,Frohawk 2,Greenville - Frohawk 2,GREENVILLE - FROHAWK 2,1510819.248338,0.140332,4
045,Greenville,VTD 17,4504517,Greenville - VTD 17,GREENVILLE - VTD 17,10766012.836046,Greenville,045,Tyger River 1,Greenville - Tyger River 1,GREENVILLE - TYGER RIVER 1,1067669.725186,0.099170,5
045,Greenville,VTD 115,45045115,Greenville - VTD 115,GREENVILLE - VTD 115,2408205.869376,Greenville,045,Greenville 4,Greenville - Greenville 4,GREENVILLE - GREENVILLE 4,1932331.698113,0.802395,1
045,Greenville,VTD 115,45045115,Greenville - VTD 115,GREENVILLE - VTD 115,2408205.869376,Greenville,045,Lakeview,Greenville - Lakeview,GREENVILLE - LAKEVIEW,475874.171263,0.197605,2
045,Greenville,VTD 123,45045123,Greenville - VTD 123,GREENVILLE - VTD 123,1352787.385882,Greenville,045,Monaview,Greenville - Monaview,GREENVILLE - MONAVIEW,645061.575535,0.476839,1
045,Greenville,VTD 123,45045123,Greenville - VTD 123,GREENVILLE - VTD 123,1352787.385882,Greenville,045,Greenville 6,Greenville - Greenville 6,GREENVILLE - GREENVILLE 6,501850.716915,0.370975,2
045,Greenville,VTD 123,45045123,Greenville - VTD 123,GREENVILLE - VTD 123,1352787.385882,Greenville,045,Westside,Greenville - Westside,GREENVILLE - WESTSIDE,205875.093432,0.152186,3
045,Greenville,VTD 61,4504561,Greenville - VTD 61,GREENVILLE - VTD 61,1509917.548362,Greenville,045,Greenville 4,Greenville - Greenville 4,GREENVILLE - GREENVILLE 4,1004835.376717,0.665490,1
045,Greenville,VTD 61,4504561,Greenville - VTD 61,GREENVILLE - VTD 61,1509917.548362,Greenville,045,Greenville 5,Greenville - Greenville 5,GREENVILLE - GREENVILLE 5,434622.452683,0.287845,2
045,Greenville,VTD 61,4504561,Greenville - VTD 61,GREENVILLE - VTD 61,1509917.548362,Greenville,045,Greenville 6,Greenville - Greenville 6,GREENVILLE - GREENVILLE 6,70459.718962,0.046665,3
045,Greenville,VTD 97,4504597,Greenville - VTD 97,GREENVILLE - VTD 97,2766277.709493,Greenville,045,Sulphur Springs,Greenville - Sulphur Springs,GREENVILLE - SULPHUR SPRINGS,2766277.709493,1.000000,1
045,Greenville,VTD 145,45045145,Greenville - VTD 145,GREENVILLE - VTD 145,5660114.462337,Greenville,045,Greenville 23,Greenville - Greenville 23,GREENVILLE - GREENVILLE 23,3990506.448167,0.705022,1
045,Greenville,VTD 145,45045145,Greenville - VTD 145,GREENVILLE - VTD 145,5660114.462337,Greenville,045,Greenville 24,Greenville - Greenville 24,GREENVILLE - GREENVILLE 24,1303473.735664,0.230291,2
045,Greenville,VTD 145,45045145,Greenville - VTD 145,GREENVILLE - VTD 145,5660114.462337,Greenville,045,Greenville 29,Greenville - Greenville 29,GREENVILLE - GREENVILLE 29,328170.248242,0.057979,3
045,Greenville,VTD 145,45045145,Greenville - VTD 145,GREENVILLE - VTD 145,5660114.462337,Greenville,045,Greenville 19,Greenville - Greenville 19,GREENVILLE - GREENVILLE 19,24778.403528,0.004378,4
045,Greenville,VTD 145,45045145,Greenville - VTD 145,GREENVILLE - VTD 145,5660114.462337,Greenville,045,Mauldin 2,Greenville - Mauldin 2,GREENVILLE - MAULDIN 2,13183.231547,0.002329,5
045,Greenville,VTD 89,4504589,Greenville - VTD 89,GREENVILLE - VTD 89,19783140.965122,Greenville,045,Sulphur Springs,Greenville - Sulphur Springs,GREENVILLE - SULPHUR SPRINGS,17837369.822728,0.901645,1
045,Greenville,VTD 89,4504589,Greenville - VTD 89,GREENVILLE - VTD 89,19783140.965122,Greenville,045,Furman,Greenville - Furman,GREENVILLE - FURMAN,1945771.142393,0.098355,2
045,Greenville,VTD 133,45045133,Greenville - VTD 133,GREENVILLE - VTD 133,1623542.894938,Greenville,045,Greenville 7,Greenville - Greenville 7,GREENVILLE - GREENVILLE 7,768727.231379,0.473487,1
045,Greenville,VTD 133,45045133,Greenville - VTD 133,GREENVILLE - VTD 133,1623542.894938,Greenville,045,Greenville 6,Greenville - Greenville 6,GREENVILLE - GREENVILLE 6,529836.765386,0.326346,2
045,Greenville,VTD 133,45045133,Greenville - VTD 133,GREENVILLE - VTD 133,1623542.894938,Greenville,045,Welcome,Greenville - Welcome,GREENVILLE - WELCOME,324978.898173,0.200166,3
045,Greenville,VTD 114,45045114,Greenville - VTD 114,GREENVILLE - VTD 114,4178207.818070,Greenville,045,Monaview,Greenville - Monaview,GREENVILLE - MONAVIEW,3009856.769798,0.720370,1
045,Greenville,VTD 114,45045114,Greenville - VTD 114,GREENVILLE - VTD 114,4178207.818070,Greenville,045,Lakeview,Greenville - Lakeview,GREENVILLE - LAKEVIEW,1128381.762722,0.270064,2
045,Greenville,VTD 114,45045114,Greenville - VTD 114,GREENVILLE - VTD 114,4178207.818070,Greenville,045,Berea,Greenville - Berea,GREENVILLE - BEREA,24165.343968,0.005784,3
045,Greenville,VTD 114,45045114,Greenville - VTD 114,GREENVILLE - VTD 114,4178207.818070,Greenville,045,Westside,Greenville - Westside,GREENVILLE - WESTSIDE,15803.941581,0.003782,4
045,Greenville,VTD 67,4504567,Greenville - VTD 67,GREENVILLE - VTD 67,2211122.465889,Greenville,045,Greenville 27,Greenville - Greenville 27,GREENVILLE - GREENVILLE 27,1980035.306865,0.895489,1
045,Greenville,VTD 67,4504567,Greenville - VTD 67,GREENVILLE - VTD 67,2211122.465889,Greenville,045,Greenville 28,Greenville - Greenville 28,GREENVILLE - GREENVILLE 28,231087.159024,0.104511,2
045,Greenville,VTD 13,4504513,Greenville - VTD 13,GREENVILLE - VTD 13,40654159.649566,Greenville,045,ONeal 2,Greenville - ONeal 2,GREENVILLE - ONEAL 2,19257910.198184,0.473701,1
045,Greenville,VTD 13,4504513,Greenville - VTD 13,GREENVILLE - VTD 13,40654159.649566,Greenville,045,Oneal 1,Greenville - Oneal 1,GREENVILLE - ONEAL 1,19181320.850341,0.471817,2
045,Greenville,VTD 13,4504513,Greenville - VTD 13,GREENVILLE - VTD 13,40654159.649566,Greenville,045,Frohawk,Greenville - Frohawk,GREENVILLE - FROHAWK,1329122.000687,0.032693,3
045,Greenville,VTD 13,4504513,Greenville - VTD 13,GREENVILLE - VTD 13,40654159.649566,Greenville,045,Frohawk 2,Greenville - Frohawk 2,GREENVILLE - FROHAWK 2,781908.882145,0.019233,4
045,Greenville,VTD 13,4504513,Greenville - VTD 13,GREENVILLE - VTD 13,40654159.649566,Greenville,045,Sandy Flat,Greenville - Sandy Flat,GREENVILLE - SANDY FLAT,94560.611038,0.002326,5
045,Greenville,VTD 15,4504515,Greenville - VTD 15,GREENVILLE - VTD 15,22727616.337913,Greenville,045,Laurel Ridge,Greenville - Laurel Ridge,GREENVILLE - LAUREL RIDGE,8491802.606223,0.373634,1
045,Greenville,VTD 15,4504515,Greenville - VTD 15,GREENVILLE - VTD 15,22727616.337913,Greenville,045,Clear Creek,Greenville - Clear Creek,GREENVILLE - CLEAR CREEK,8392287.583331,0.369255,2
045,Greenville,VTD 15,4504515,Greenville - VTD 15,GREENVILLE - VTD 15,22727616.337913,Greenville,045,Stone Valley,Greenville - Stone Valley,GREENVILLE - STONE VALLEY,5752166.347497,0.253091,3
045,Greenville,VTD 15,4504515,Greenville - VTD 15,GREENVILLE - VTD 15,22727616.337913,Greenville,045,Darby Ridge,Greenville - Darby Ridge,GREENVILLE - DARBY RIDGE,91344.832683,0.004019,4
045,Greenville,VTD 95,4504595,Greenville - VTD 95,GREENVILLE - VTD 95,3758910.114454,Greenville,045,Edwards Forest,Greenville - Edwards Forest,GREENVILLE - EDWARDS FOREST,3758908.885726,1.000000,1
045,Greenville,VTD 100,45045100,Greenville - VTD 100,GREENVILLE - VTD 100,7651659.182870,Greenville,045,Sevier,Greenville - Sevier,GREENVILLE - SEVIER,3564930.622959,0.465903,1
045,Greenville,VTD 100,45045100,Greenville - VTD 100,GREENVILLE - VTD 100,7651659.182870,Greenville,045,Leawood,Greenville - Leawood,GREENVILLE - LEAWOOD,2599464.387314,0.339726,2
045,Greenville,VTD 100,45045100,Greenville - VTD 100,GREENVILLE - VTD 100,7651659.182870,Greenville,045,Paris Mountain,Greenville - Paris Mountain,GREENVILLE - PARIS MOUNTAIN,1316750.435625,0.172087,3
045,Greenville,VTD 100,45045100,Greenville - VTD 100,GREENVILLE - VTD 100,7651659.182870,Greenville,045,Greenville 3,Greenville - Greenville 3,GREENVILLE - GREENVILLE 3,170513.736972,0.022285,4
045,Greenville,VTD 65,4504565,Greenville - VTD 65,GREENVILLE - VTD 65,2108006.345400,Greenville,045,Greenville,Greenville - Greenville,GREENVILLE - GREENVILLE,1269903.918520,0.602419,1
045,Greenville,VTD 65,4504565,Greenville - VTD 65,GREENVILLE - VTD 65,2108006.345400,Greenville,045,Greenville 28,Greenville - Greenville 28,GREENVILLE - GREENVILLE 28,838102.426880,0.397581,2
045,Greenville,VTD 64,4504564,Greenville - VTD 64,GREENVILLE - VTD 64,1963117.412005,Greenville,045,Greenville,Greenville - Greenville,GREENVILLE - GREENVILLE,1963117.412005,1.000000,1
045,Greenville,VTD 108,45045108,Greenville - VTD 108,GREENVILLE - VTD 108,2905923.226365,Greenville,045,Wade Hampton,Greenville - Wade Hampton,GREENVILLE - WADE HAMPTON,2905923.226365,1.000000,1
045,Greenville,VTD 62,4504562,Greenville - VTD 62,GREENVILLE - VTD 62,1625140.290611,Greenville,045,Greenville 5,Greenville - Greenville 5,GREENVILLE - GREENVILLE 5,1625126.976272,0.999992,1
045,Greenville,VTD 47,4504547,Greenville - VTD 47,GREENVILLE - VTD 47,11046044.087850,Greenville,045,Greenbriar 1,Greenville - Greenbriar 1,GREENVILLE - GREENBRIAR 1,9479642.754391,0.858193,1
045,Greenville,VTD 47,4504547,Greenville - VTD 47,GREENVILLE - VTD 47,11046044.087850,Greenville,045,Greenbriar 2,Greenville - Greenbriar 2,GREENVILLE - GREENBRIAR 2,1565516.572882,0.141726,2
045,Greenville,VTD 28,4504528,Greenville - VTD 28,GREENVILLE - VTD 28,3534907.204753,Greenville,045,Greenville 29,Greenville - Greenville 29,GREENVILLE - GREENVILLE 29,3533866.938043,0.999706,1
045,Greenville,VTD 125,45045125,Greenville - VTD 125,GREENVILLE - VTD 125,6332067.329706,Greenville,045,Greenville 24,Greenville - Greenville 24,GREENVILLE - GREENVILLE 24,5311295.861743,0.838793,1
045,Greenville,VTD 125,45045125,Greenville - VTD 125,GREENVILLE - VTD 125,6332067.329706,Greenville,045,Spring Forest,Greenville - Spring Forest,GREENVILLE - SPRING FOREST,730566.495840,0.115376,2
045,Greenville,VTD 125,45045125,Greenville - VTD 125,GREENVILLE - VTD 125,6332067.329706,Greenville,045,Greenville 25,Greenville - Greenville 25,GREENVILLE - GREENVILLE 25,290204.972123,0.045831,3
045,Greenville,VTD 86,4504586,Greenville - VTD 86,GREENVILLE - VTD 86,1324526.005720,Greenville,045,Greenville 25,Greenville - Greenville 25,GREENVILLE - GREENVILLE 25,1298391.269832,0.980269,1
045,Greenville,VTD 86,4504586,Greenville - VTD 86,GREENVILLE - VTD 86,1324526.005720,Greenville,045,Spring Forest,Greenville - Spring Forest,GREENVILLE - SPRING FOREST,25932.193202,0.019578,2
045,Greenville,VTD 72,4504572,Greenville - VTD 72,GREENVILLE - VTD 72,2348113.593130,Greenville,045,Greenville 8,Greenville - Greenville 8,GREENVILLE - GREENVILLE 8,1863504.131254,0.793618,1
045,Greenville,VTD 72,4504572,Greenville - VTD 72,GREENVILLE - VTD 72,2348113.593130,Greenville,045,Chestnut Hills,Greenville - Chestnut Hills,GREENVILLE - CHESTNUT HILLS,298790.991097,0.127247,2
045,Greenville,VTD 72,4504572,Greenville - VTD 72,GREENVILLE - VTD 72,2348113.593130,Greenville,045,Greenville 16,Greenville - Greenville 16,GREENVILLE - GREENVILLE 16,183053.955016,0.077958,3
045,Greenville,VTD 72,4504572,Greenville - VTD 72,GREENVILLE - VTD 72,2348113.593130,Greenville,045,Welcome,Greenville - Welcome,GREENVILLE - WELCOME,2764.515763,0.001177,4
045,Greenville,VTD 88,4504588,Greenville - VTD 88,GREENVILLE - VTD 88,35951173.445713,Greenville,045,Skyland,Greenville - Skyland,GREENVILLE - SKYLAND,25479318.922572,0.708720,1
045,Greenville,VTD 88,4504588,Greenville - VTD 88,GREENVILLE - VTD 88,35951173.445713,Greenville,045,Gowensville,Greenville - Gowensville,GREENVILLE - GOWENSVILLE,10309282.143640,0.286758,2
045,Greenville,VTD 88,4504588,Greenville - VTD 88,GREENVILLE - VTD 88,35951173.445713,Greenville,045,ONeal 2,Greenville - ONeal 2,GREENVILLE - ONEAL 2,161842.230653,0.004502,3
045,Greenville,VTD 131,45045131,Greenville - VTD 131,GREENVILLE - VTD 131,10154748.717098,Greenville,045,Tanglewood,Greenville - Tanglewood,GREENVILLE - TANGLEWOOD,10099823.657812,0.994591,1
045,Greenville,VTD 131,45045131,Greenville - VTD 131,GREENVILLE - VTD 131,10154748.717098,Greenville,045,Westcliffe,Greenville - Westcliffe,GREENVILLE - WESTCLIFFE,54924.714222,0.005409,2
045,Greenville,VTD 76,4504576,Greenville - VTD 76,GREENVILLE - VTD 76,2699772.980399,Greenville,045,Greenville 22,Greenville - Greenville 22,GREENVILLE - GREENVILLE 22,1712617.158726,0.634356,1
045,Greenville,VTD 76,4504576,Greenville - VTD 76,GREENVILLE - VTD 76,2699772.980399,Greenville,045,Greenville 24,Greenville - Greenville 24,GREENVILLE - GREENVILLE 24,878271.081467,0.325313,2
045,Greenville,VTD 76,4504576,Greenville - VTD 76,GREENVILLE - VTD 76,2699772.980399,Greenville,045,Greenville 14,Greenville - Greenville 14,GREENVILLE - GREENVILLE 14,108884.740206,0.040331,3
045,Greenville,VTD 140,45045140,Greenville - VTD 140,GREENVILLE - VTD 140,4582729.037552,Greenville,045,Southside,Greenville - Southside,GREENVILLE - SOUTHSIDE,4545917.044434,0.991967,1
045,Greenville,VTD 140,45045140,Greenville - VTD 140,GREENVILLE - VTD 140,4582729.037552,Greenville,045,Greenville 16,Greenville - Greenville 16,GREENVILLE - GREENVILLE 16,36811.993119,0.008033,2
045,Greenville,VTD 57,4504557,Greenville - VTD 57,GREENVILLE - VTD 57,10382980.627485,Greenville,045,Fountain Inn 1,Greenville - Fountain Inn 1,GREENVILLE - FOUNTAIN INN 1,5924687.265986,0.570615,1
045,Greenville,VTD 57,4504557,Greenville - VTD 57,GREENVILLE - VTD 57,10382980.627485,Greenville,045,Fountain Inn 2,Greenville - Fountain Inn 2,GREENVILLE - FOUNTAIN INN 2,4263619.893146,0.410635,2
045,Greenville,VTD 57,4504557,Greenville - VTD 57,GREENVILLE - VTD 57,10382980.627485,Greenville,045,Simpsonville 5,Greenville - Simpsonville 5,GREENVILLE - SIMPSONVILLE 5,171451.721883,0.016513,3
045,Greenville,VTD 57,4504557,Greenville - VTD 57,GREENVILLE - VTD 57,10382980.627485,Greenville,045,Raintree,Greenville - Raintree,GREENVILLE - RAINTREE,23221.746469,0.002237,4
045,Greenville,VTD 33,4504533,Greenville - VTD 33,GREENVILLE - VTD 33,29442286.187890,Greenville,045,Piedmont,Greenville - Piedmont,GREENVILLE - PIEDMONT,19950061.662859,0.677599,1
045,Greenville,VTD 33,4504533,Greenville - VTD 33,GREENVILLE - VTD 33,29442286.187890,Greenville,045,Grove,Greenville - Grove,GREENVILLE - GROVE,5402065.976394,0.183480,2
045,Greenville,VTD 33,4504533,Greenville - VTD 33,GREENVILLE - VTD 33,29442286.187890,Greenville,045,Ware Place 2,Greenville - Ware Place 2,GREENVILLE - WARE PLACE 2,4090158.263974,0.138921,3
045,Greenville,VTD 116,45045116,Greenville - VTD 116,GREENVILLE - VTD 116,1956682.865242,Greenville,045,Timberlake,Greenville - Timberlake,GREENVILLE - TIMBERLAKE,1956678.935519,0.999998,1
045,Greenville,VTD 78,4504578,Greenville - VTD 78,GREENVILLE - VTD 78,1499479.318180,Greenville,045,Greenville 21,Greenville - Greenville 21,GREENVILLE - GREENVILLE 21,1004592.517670,0.669961,1
045,Greenville,VTD 78,4504578,Greenville - VTD 78,GREENVILLE - VTD 78,1499479.318180,Greenville,045,Greenville 20,Greenville - Greenville 20,GREENVILLE - GREENVILLE 20,494886.799842,0.330039,2
045,Greenville,VTD 70,4504570,Greenville - VTD 70,GREENVILLE - VTD 70,4075580.358285,Greenville,045,Greenville 7,Greenville - Greenville 7,GREENVILLE - GREENVILLE 7,2119314.635951,0.520003,1
045,Greenville,VTD 70,4504570,Greenville - VTD 70,GREENVILLE - VTD 70,4075580.358285,Greenville,045,Greenville 8,Greenville - Greenville 8,GREENVILLE - GREENVILLE 8,1192333.351406,0.292555,2
045,Greenville,VTD 70,4504570,Greenville - VTD 70,GREENVILLE - VTD 70,4075580.358285,Greenville,045,Greenville 6,Greenville - Greenville 6,GREENVILLE - GREENVILLE 6,435741.652693,0.106915,3
045,Greenville,VTD 70,4504570,Greenville - VTD 70,GREENVILLE - VTD 70,4075580.358285,Greenville,045,Greenville 5,Greenville - Greenville 5,GREENVILLE - GREENVILLE 5,328005.648396,0.080481,4
045,Greenville,VTD 144,45045144,Greenville - VTD 144,GREENVILLE - VTD 144,1930238.271058,Greenville,045,Greenville 19,Greenville - Greenville 19,GREENVILLE - GREENVILLE 19,1929750.291226,0.999747,1
045,Greenville,VTD 141,45045141,Greenville - VTD 141,GREENVILLE - VTD 141,1618425.120868,Greenville,045,Greenville 19,Greenville - Greenville 19,GREENVILLE - GREENVILLE 19,1618425.120868,1.000000,1
045,Greenville,VTD 101,45045101,Greenville - VTD 101,GREENVILLE - VTD 101,3094832.143263,Greenville,045,Wade Hampton,Greenville - Wade Hampton,GREENVILLE - WADE HAMPTON,2672774.013183,0.863625,1
045,Greenville,VTD 101,45045101,Greenville - VTD 101,GREENVILLE - VTD 101,3094832.143263,Greenville,045,Edwards Forest,Greenville - Edwards Forest,GREENVILLE - EDWARDS FOREST,213561.870405,0.069006,2
045,Greenville,VTD 101,45045101,Greenville - VTD 101,GREENVILLE - VTD 101,3094832.143263,Greenville,045,Pebble Creek,Greenville - Pebble Creek,GREENVILLE - PEBBLE CREEK,196435.350225,0.063472,3
045,Greenville,VTD 101,45045101,Greenville - VTD 101,GREENVILLE - VTD 101,3094832.143263,Greenville,045,Sevier,Greenville - Sevier,GREENVILLE - SEVIER,12060.909451,0.003897,4
045,Greenville,VTD 2,450452,Greenville - VTD 2,GREENVILLE - VTD 2,135948364.188128,Greenville,045,Jennings Mill,Greenville - Jennings Mill,GREENVILLE - JENNINGS MILL,133161047.461365,0.979497,1
045,Greenville,VTD 2,450452,Greenville - VTD 2,GREENVILLE - VTD 2,135948364.188128,Greenville,045,Maridell,Greenville - Maridell,GREENVILLE - MARIDELL,2787299.988878,0.020503,2
045,Greenville,VTD 142,45045142,Greenville - VTD 142,GREENVILLE - VTD 142,1769124.949742,Greenville,045,Greenville 20,Greenville - Greenville 20,GREENVILLE - GREENVILLE 20,1514746.751974,0.856212,1
045,Greenville,VTD 142,45045142,Greenville - VTD 142,GREENVILLE - VTD 142,1769124.949742,Greenville,045,Greenville 18,Greenville - Greenville 18,GREENVILLE - GREENVILLE 18,154308.823180,0.087223,2
045,Greenville,VTD 142,45045142,Greenville - VTD 142,GREENVILLE - VTD 142,1769124.949742,Greenville,045,Greenville 19,Greenville - Greenville 19,GREENVILLE - GREENVILLE 19,100069.374587,0.056564,3
045,Greenville,VTD 46,4504546,Greenville - VTD 46,GREENVILLE - VTD 46,12483805.286958,Greenville,045,Standing Springs 1,Greenville - Standing Springs 1,GREENVILLE - STANDING SPRINGS 1,5077969.775894,0.406765,1
045,Greenville,VTD 46,4504546,Greenville - VTD 46,GREENVILLE - VTD 46,12483805.286958,Greenville,045,Standing Springs 2,Greenville - Standing Springs 2,GREENVILLE - STANDING SPRINGS 2,3813653.852752,0.305488,2
045,Greenville,VTD 46,4504546,Greenville - VTD 46,GREENVILLE - VTD 46,12483805.286958,Greenville,045,Simpsonville 2,Greenville - Simpsonville 2,GREENVILLE - SIMPSONVILLE 2,1799894.372116,0.144178,3
045,Greenville,VTD 46,4504546,Greenville - VTD 46,GREENVILLE - VTD 46,12483805.286958,Greenville,045,Neely Farms,Greenville - Neely Farms,GREENVILLE - NEELY FARMS,1792285.000223,0.143569,4
045,Greenville,VTD 122,45045122,Greenville - VTD 122,GREENVILLE - VTD 122,3480390.043674,Greenville,045,Westside,Greenville - Westside,GREENVILLE - WESTSIDE,1800576.769036,0.517349,1
045,Greenville,VTD 122,45045122,Greenville - VTD 122,GREENVILLE - VTD 122,3480390.043674,Greenville,045,Aiken,Greenville - Aiken,GREENVILLE - AIKEN,1396015.550581,0.401109,2
045,Greenville,VTD 122,45045122,Greenville - VTD 122,GREENVILLE - VTD 122,3480390.043674,Greenville,045,Greenville 6,Greenville - Greenville 6,GREENVILLE - GREENVILLE 6,283797.724056,0.081542,3
045,Greenville,VTD 40,4504540,Greenville - VTD 40,GREENVILLE - VTD 40,7931039.225121,Greenville,045,Mauldin 4,Greenville - Mauldin 4,GREENVILLE - MAULDIN 4,5312732.006215,0.669866,1
045,Greenville,VTD 40,4504540,Greenville - VTD 40,GREENVILLE - VTD 40,7931039.225121,Greenville,045,Greenbriar 2,Greenville - Greenbriar 2,GREENVILLE - GREENBRIAR 2,2433601.394578,0.306845,2
045,Greenville,VTD 40,4504540,Greenville - VTD 40,GREENVILLE - VTD 40,7931039.225121,Greenville,045,Mauldin 3,Greenville - Mauldin 3,GREENVILLE - MAULDIN 3,166667.504505,0.021015,3
045,Greenville,VTD 40,4504540,Greenville - VTD 40,GREENVILLE - VTD 40,7931039.225121,Greenville,045,Simpsonville 2,Greenville - Simpsonville 2,GREENVILLE - SIMPSONVILLE 2,18034.909831,0.002274,4
045,Greenville,VTD 42,4504542,Greenville - VTD 42,GREENVILLE - VTD 42,46635208.245635,Greenville,045,Circle Creek,Greenville - Circle Creek,GREENVILLE - CIRCLE CREEK,12451070.777565,0.266989,1
045,Greenville,VTD 42,4504542,Greenville - VTD 42,GREENVILLE - VTD 42,46635208.245635,Greenville,045,Walnut Springs,Greenville - Walnut Springs,GREENVILLE - WALNUT SPRINGS,10653462.187339,0.228442,2
045,Greenville,VTD 42,4504542,Greenville - VTD 42,GREENVILLE - VTD 42,46635208.245635,Greenville,045,Asheton Lakes,Greenville - Asheton Lakes,GREENVILLE - ASHETON LAKES,6448110.297362,0.138267,3
045,Greenville,VTD 42,4504542,Greenville - VTD 42,GREENVILLE - VTD 42,46635208.245635,Greenville,045,Oakview,Greenville - Oakview,GREENVILLE - OAKVIEW,5869485.758203,0.125860,4
045,Greenville,VTD 42,4504542,Greenville - VTD 42,GREENVILLE - VTD 42,46635208.245635,Greenville,045,Highland Creek 1,Greenville - Highland Creek 1,GREENVILLE - HIGHLAND CREEK 1,4253192.448948,0.091201,5
045,Greenville,VTD 42,4504542,Greenville - VTD 42,GREENVILLE - VTD 42,46635208.245635,Greenville,045,Highland Creek 2,Greenville - Highland Creek 2,GREENVILLE - HIGHLAND CREEK 2,3400341.199300,0.072914,6
045,Greenville,VTD 42,4504542,Greenville - VTD 42,GREENVILLE - VTD 42,46635208.245635,Greenville,045,Stonehaven,Greenville - Stonehaven,GREENVILLE - STONEHAVEN,2142463.718803,0.045941,7
045,Greenville,VTD 42,4504542,Greenville - VTD 42,GREENVILLE - VTD 42,46635208.245635,Greenville,045,Pelham Falls,Greenville - Pelham Falls,GREENVILLE - PELHAM FALLS,1417060.500186,0.030386,8
045,Greenville,VTD 48,4504548,Greenville - VTD 48,GREENVILLE - VTD 48,15588165.661894,Greenville,045,Reedy Fork,Greenville - Reedy Fork,GREENVILLE - REEDY FORK,7596109.700705,0.487300,1
045,Greenville,VTD 48,4504548,Greenville - VTD 48,GREENVILLE - VTD 48,15588165.661894,Greenville,045,Standing Springs 1,Greenville - Standing Springs 1,GREENVILLE - STANDING SPRINGS 1,4314990.435203,0.276812,2
045,Greenville,VTD 48,4504548,Greenville - VTD 48,GREENVILLE - VTD 48,15588165.661894,Greenville,045,Fork Shoals,Greenville - Fork Shoals,GREENVILLE - FORK SHOALS,2069726.966466,0.132776,3
045,Greenville,VTD 48,4504548,Greenville - VTD 48,GREENVILLE - VTD 48,15588165.661894,Greenville,045,Long Creek 2,Greenville - Long Creek 2,GREENVILLE - LONG CREEK 2,1607337.347392,0.103113,4
045,Greenville,VTD 107,45045107,Greenville - VTD 107,GREENVILLE - VTD 107,1711311.602603,Greenville,045,Greenville 3,Greenville - Greenville 3,GREENVILLE - GREENVILLE 3,992185.349522,0.579781,1
045,Greenville,VTD 107,45045107,Greenville - VTD 107,GREENVILLE - VTD 107,1711311.602603,Greenville,045,Greenville 1,Greenville - Greenville 1,GREENVILLE - GREENVILLE 1,679932.652413,0.397317,2
045,Greenville,VTD 107,45045107,Greenville - VTD 107,GREENVILLE - VTD 107,1711311.602603,Greenville,045,Wade Hampton,Greenville - Wade Hampton,GREENVILLE - WADE HAMPTON,30646.444687,0.017908,3
045,Greenville,VTD 107,45045107,Greenville - VTD 107,GREENVILLE - VTD 107,1711311.602603,Greenville,045,Sevier,Greenville - Sevier,GREENVILLE - SEVIER,6563.716880,0.003835,4
045,Greenville,VTD 107,45045107,Greenville - VTD 107,GREENVILLE - VTD 107,1711311.602603,Greenville,045,Leawood,Greenville - Leawood,GREENVILLE - LEAWOOD,1983.439101,0.001159,5
045,Greenville,VTD 71,4504571,Greenville - VTD 71,GREENVILLE - VTD 71,1419170.565816,Greenville,045,Greenville 8,Greenville - Greenville 8,GREENVILLE - GREENVILLE 8,1042772.152967,0.734776,1
045,Greenville,VTD 71,4504571,Greenville - VTD 71,GREENVILLE - VTD 71,1419170.565816,Greenville,045,Greenville 5,Greenville - Greenville 5,GREENVILLE - GREENVILLE 5,376398.412849,0.265224,2
045,Greenville,VTD 106,45045106,Greenville - VTD 106,GREENVILLE - VTD 106,5072011.087953,Greenville,045,Lakeview,Greenville - Lakeview,GREENVILLE - LAKEVIEW,3845193.993245,0.758120,1
045,Greenville,VTD 106,45045106,Greenville - VTD 106,GREENVILLE - VTD 106,5072011.087953,Greenville,045,Leawood,Greenville - Leawood,GREENVILLE - LEAWOOD,915670.546555,0.180534,2
045,Greenville,VTD 106,45045106,Greenville - VTD 106,GREENVILLE - VTD 106,5072011.087953,Greenville,045,Berea,Greenville - Berea,GREENVILLE - BEREA,118779.994063,0.023419,3
045,Greenville,VTD 106,45045106,Greenville - VTD 106,GREENVILLE - VTD 106,5072011.087953,Greenville,045,Poinsett,Greenville - Poinsett,GREENVILLE - POINSETT,109997.912415,0.021687,4
045,Greenville,VTD 106,45045106,Greenville - VTD 106,GREENVILLE - VTD 106,5072011.087953,Greenville,045,Monaview,Greenville - Monaview,GREENVILLE - MONAVIEW,81132.750769,0.015996,5
045,Greenville,VTD 124,45045124,Greenville - VTD 124,GREENVILLE - VTD 124,1022063.821492,Greenville,045,Monaview,Greenville - Monaview,GREENVILLE - MONAVIEW,555949.064781,0.543948,1
045,Greenville,VTD 124,45045124,Greenville - VTD 124,GREENVILLE - VTD 124,1022063.821492,Greenville,045,Greenville 6,Greenville - Greenville 6,GREENVILLE - GREENVILLE 6,265806.812139,0.260069,2
045,Greenville,VTD 124,45045124,Greenville - VTD 124,GREENVILLE - VTD 124,1022063.821492,Greenville,045,Greenville 4,Greenville - Greenville 4,GREENVILLE - GREENVILLE 4,200307.944572,0.195984,3
045,Greenville,VTD 39,4504539,Greenville - VTD 39,GREENVILLE - VTD 39,4806190.354703,Greenville,045,Mauldin 6,Greenville - Mauldin 6,GREENVILLE - MAULDIN 6,3597633.137369,0.748542,1
045,Greenville,VTD 39,4504539,Greenville - VTD 39,GREENVILLE - VTD 39,4806190.354703,Greenville,045,Mauldin 5,Greenville - Mauldin 5,GREENVILLE - MAULDIN 5,642346.444686,0.133650,2
045,Greenville,VTD 39,4504539,Greenville - VTD 39,GREENVILLE - VTD 39,4806190.354703,Greenville,045,Mauldin 4,Greenville - Mauldin 4,GREENVILLE - MAULDIN 4,566205.672413,0.117808,3
045,Greenville,VTD 43,4504543,Greenville - VTD 43,GREENVILLE - VTD 43,31353676.879589,Greenville,045,Walnut Springs,Greenville - Walnut Springs,GREENVILLE - WALNUT SPRINGS,18897339.027996,0.602715,1
045,Greenville,VTD 43,4504543,Greenville - VTD 43,GREENVILLE - VTD 43,31353676.879589,Greenville,045,Simpsonville 5,Greenville - Simpsonville 5,GREENVILLE - SIMPSONVILLE 5,6016684.565716,0.191897,2
045,Greenville,VTD 43,4504543,Greenville - VTD 43,GREENVILLE - VTD 43,31353676.879589,Greenville,045,Fountain Inn 1,Greenville - Fountain Inn 1,GREENVILLE - FOUNTAIN INN 1,4310056.183012,0.137466,3
045,Greenville,VTD 43,4504543,Greenville - VTD 43,GREENVILLE - VTD 43,31353676.879589,Greenville,045,Sycamore,Greenville - Sycamore,GREENVILLE - SYCAMORE,2129596.753743,0.067922,4
045,Greenville,VTD 36,4504536,Greenville - VTD 36,GREENVILLE - VTD 36,8930619.892615,Greenville,045,Conestee,Greenville - Conestee,GREENVILLE - CONESTEE,8671479.813713,0.970983,1
045,Greenville,VTD 36,4504536,Greenville - VTD 36,GREENVILLE - VTD 36,8930619.892615,Greenville,045,Greenville 29,Greenville - Greenville 29,GREENVILLE - GREENVILLE 29,257143.845057,0.028794,2
045,Greenville,VTD 135,45045135,Greenville - VTD 135,GREENVILLE - VTD 135,13562677.269512,Greenville,045,Greenville 24,Greenville - Greenville 24,GREENVILLE - GREENVILLE 24,6886342.715812,0.507742,1
045,Greenville,VTD 135,45045135,Greenville - VTD 135,GREENVILLE - VTD 135,13562677.269512,Greenville,045,Mission,Greenville - Mission,GREENVILLE - MISSION,3193303.815113,0.235448,2
045,Greenville,VTD 135,45045135,Greenville - VTD 135,GREENVILLE - VTD 135,13562677.269512,Greenville,045,Dove Tree,Greenville - Dove Tree,GREENVILLE - DOVE TREE,2748987.114055,0.202688,3
045,Greenville,VTD 135,45045135,Greenville - VTD 135,GREENVILLE - VTD 135,13562677.269512,Greenville,045,Rock Hill,Greenville - Rock Hill,GREENVILLE - ROCK HILL,651737.458377,0.048054,4
045,Greenville,VTD 135,45045135,Greenville - VTD 135,GREENVILLE - VTD 135,13562677.269512,Greenville,045,Mauldin 2,Greenville - Mauldin 2,GREENVILLE - MAULDIN 2,56421.600666,0.004160,5
045,Greenville,VTD 135,45045135,Greenville - VTD 135,GREENVILLE - VTD 135,13562677.269512,Greenville,045,Rocky Creek,Greenville - Rocky Creek,GREENVILLE - ROCKY CREEK,25884.565489,0.001909,6
045,Greenville,VTD 19,4504519,Greenville - VTD 19,GREENVILLE - VTD 19,21734127.355159,Greenville,045,Riverside 2,Greenville - Riverside 2,GREENVILLE - RIVERSIDE 2,10190171.445666,0.468856,1
045,Greenville,VTD 19,4504519,Greenville - VTD 19,GREENVILLE - VTD 19,21734127.355159,Greenville,045,Suber Mill,Greenville - Suber Mill,GREENVILLE - SUBER MILL,6723886.091239,0.309370,2
045,Greenville,VTD 19,4504519,Greenville - VTD 19,GREENVILLE - VTD 19,21734127.355159,Greenville,045,Maple Creek,Greenville - Maple Creek,GREENVILLE - MAPLE CREEK,2909628.642371,0.133874,3
045,Greenville,VTD 19,4504519,Greenville - VTD 19,GREENVILLE - VTD 19,21734127.355159,Greenville,045,Pelham Falls,Greenville - Pelham Falls,GREENVILLE - PELHAM FALLS,965707.418561,0.044433,4
045,Greenville,VTD 19,4504519,Greenville - VTD 19,GREENVILLE - VTD 19,21734127.355159,Greenville,045,Trade,Greenville - Trade,GREENVILLE - TRADE,790533.035844,0.036373,5
045,Greenville,VTD 19,4504519,Greenville - VTD 19,GREENVILLE - VTD 19,21734127.355159,Greenville,045,Riverside 1,Greenville - Riverside 1,GREENVILLE - RIVERSIDE 1,140595.115612,0.006469,6
045,Greenville,VTD 12,4504512,Greenville - VTD 12,GREENVILLE - VTD 12,40958492.294194,Greenville,045,Sandy Flat,Greenville - Sandy Flat,GREENVILLE - SANDY FLAT,28966224.636440,0.707209,1
045,Greenville,VTD 12,4504512,Greenville - VTD 12,GREENVILLE - VTD 12,40958492.294194,Greenville,045,Darby Ridge,Greenville - Darby Ridge,GREENVILLE - DARBY RIDGE,11983461.005041,0.292576,2
045,Greenville,VTD 27,4504527,Greenville - VTD 27,GREENVILLE - VTD 27,8020910.424545,Greenville,045,Greenville 29,Greenville - Greenville 29,GREENVILLE - GREENVILLE 29,6184668.529380,0.771068,1
045,Greenville,VTD 27,4504527,Greenville - VTD 27,GREENVILLE - VTD 27,8020910.424545,Greenville,045,Mauldin 1,Greenville - Mauldin 1,GREENVILLE - MAULDIN 1,1778008.877637,0.221672,2
045,Greenville,VTD 27,4504527,Greenville - VTD 27,GREENVILLE - VTD 27,8020910.424545,Greenville,045,Conestee,Greenville - Conestee,GREENVILLE - CONESTEE,41105.789767,0.005125,3
045,Greenville,VTD 27,4504527,Greenville - VTD 27,GREENVILLE - VTD 27,8020910.424545,Greenville,045,Belmont,Greenville - Belmont,GREENVILLE - BELMONT,17127.227762,0.002135,4
045,Greenville,VTD 139,45045139,Greenville - VTD 139,GREENVILLE - VTD 139,3647874.527973,Greenville,045,Southside,Greenville - Southside,GREENVILLE - SOUTHSIDE,1876367.478804,0.514373,1
045,Greenville,VTD 139,45045139,Greenville - VTD 139,GREENVILLE - VTD 139,3647874.527973,Greenville,045,Chestnut Hills,Greenville - Chestnut Hills,GREENVILLE - CHESTNUT HILLS,1186993.006440,0.325393,2
045,Greenville,VTD 139,45045139,Greenville - VTD 139,GREENVILLE - VTD 139,3647874.527973,Greenville,045,Greenville 16,Greenville - Greenville 16,GREENVILLE - GREENVILLE 16,584472.957595,0.160223,3
045,Greenville,VTD 35,4504535,Greenville - VTD 35,GREENVILLE - VTD 35,18310602.350253,Greenville,045,Donaldson,Greenville - Donaldson,GREENVILLE - DONALDSON,17958023.895178,0.980745,1
045,Greenville,VTD 35,4504535,Greenville - VTD 35,GREENVILLE - VTD 35,18310602.350253,Greenville,045,Woodmont,Greenville - Woodmont,GREENVILLE - WOODMONT,352574.741064,0.019255,2
045,Greenville,VTD 38,4504538,Greenville - VTD 38,GREENVILLE - VTD 38,3489399.563459,Greenville,045,Mauldin 3,Greenville - Mauldin 3,GREENVILLE - MAULDIN 3,3188018.978033,0.913630,1
045,Greenville,VTD 38,4504538,Greenville - VTD 38,GREENVILLE - VTD 38,3489399.563459,Greenville,045,Greenbriar 2,Greenville - Greenbriar 2,GREENVILLE - GREENBRIAR 2,212996.754091,0.061041,2
045,Greenville,VTD 38,4504538,Greenville - VTD 38,GREENVILLE - VTD 38,3489399.563459,Greenville,045,Greenbriar 1,Greenville - Greenbriar 1,GREENVILLE - GREENBRIAR 1,70092.705873,0.020087,3
045,Greenville,VTD 38,4504538,Greenville - VTD 38,GREENVILLE - VTD 38,3489399.563459,Greenville,045,Conestee,Greenville - Conestee,GREENVILLE - CONESTEE,18285.591515,0.005240,4
045,Greenville,VTD 53,4504553,Greenville - VTD 53,GREENVILLE - VTD 53,65282768.538808,Greenville,045,Dunklin,Greenville - Dunklin,GREENVILLE - DUNKLIN,64655546.832705,0.990392,1
045,Greenville,VTD 53,4504553,Greenville - VTD 53,GREENVILLE - VTD 53,65282768.538808,Greenville,045,Fork Shoals,Greenville - Fork Shoals,GREENVILLE - FORK SHOALS,627221.706103,0.009608,2
045,Greenville,VTD 49,4504549,Greenville - VTD 49,GREENVILLE - VTD 49,47604156.558937,Greenville,045,Woodmont,Greenville - Woodmont,GREENVILLE - WOODMONT,23015069.124979,0.483468,1
045,Greenville,VTD 49,4504549,Greenville - VTD 49,GREENVILLE - VTD 49,47604156.558937,Greenville,045,Reedy Fork,Greenville - Reedy Fork,GREENVILLE - REEDY FORK,22209516.200479,0.466546,2
045,Greenville,VTD 49,4504549,Greenville - VTD 49,GREENVILLE - VTD 49,47604156.558937,Greenville,045,Donaldson,Greenville - Donaldson,GREENVILLE - DONALDSON,1380793.900763,0.029006,3
045,Greenville,VTD 49,4504549,Greenville - VTD 49,GREENVILLE - VTD 49,47604156.558937,Greenville,045,Ware Place 2,Greenville - Ware Place 2,GREENVILLE - WARE PLACE 2,998777.332716,0.020981,4
045,Greenville,VTD 52,4504552,Greenville - VTD 52,GREENVILLE - VTD 52,87330181.335203,Greenville,045,Dunklin,Greenville - Dunklin,GREENVILLE - DUNKLIN,80077387.464034,0.916950,1
045,Greenville,VTD 52,4504552,Greenville - VTD 52,GREENVILLE - VTD 52,87330181.335203,Greenville,045,Ware Place 1,Greenville - Ware Place 1,GREENVILLE - WARE PLACE 1,7252456.988448,0.083046,2
045,Greenville,VTD 18,4504518,Greenville - VTD 18,GREENVILLE - VTD 18,9415399.934652,Greenville,045,Taylors,Greenville - Taylors,GREENVILLE - TAYLORS,6425165.146451,0.682410,1
045,Greenville,VTD 18,4504518,Greenville - VTD 18,GREENVILLE - VTD 18,9415399.934652,Greenville,045,Suber Mill,Greenville - Suber Mill,GREENVILLE - SUBER MILL,2316864.279518,0.246072,2
045,Greenville,VTD 18,4504518,Greenville - VTD 18,GREENVILLE - VTD 18,9415399.934652,Greenville,045,Silverleaf,Greenville - Silverleaf,GREENVILLE - SILVERLEAF,670089.851587,0.071170,3
045,Greenville,VTD 22,4504522,Greenville - VTD 22,GREENVILLE - VTD 22,4338981.690020,Greenville,045,Canebrake,Greenville - Canebrake,GREENVILLE - CANEBRAKE,3512339.815050,0.809485,1
045,Greenville,VTD 22,4504522,Greenville - VTD 22,GREENVILLE - VTD 22,4338981.690020,Greenville,045,Riverside 1,Greenville - Riverside 1,GREENVILLE - RIVERSIDE 1,797547.751989,0.183810,2
045,Greenville,VTD 22,4504522,Greenville - VTD 22,GREENVILLE - VTD 22,4338981.690020,Greenville,045,Riverside 2,Greenville - Riverside 2,GREENVILLE - RIVERSIDE 2,14638.534603,0.003374,3
045,Greenville,VTD 22,4504522,Greenville - VTD 22,GREENVILLE - VTD 22,4338981.690020,Greenville,045,Pelham Falls,Greenville - Pelham Falls,GREENVILLE - PELHAM FALLS,14450.555751,0.003330,4
045,Greenville,VTD 127,45045127,Greenville - VTD 127,GREENVILLE - VTD 127,1840670.698525,Greenville,045,Mission,Greenville - Mission,GREENVILLE - MISSION,1321549.912780,0.717972,1
045,Greenville,VTD 127,45045127,Greenville - VTD 127,GREENVILLE - VTD 127,1840670.698525,Greenville,045,Devenger,Greenville - Devenger,GREENVILLE - DEVENGER,519120.785744,0.282028,2
045,Greenville,VTD 4,450454,Greenville - VTD 4,GREENVILLE - VTD 4,86113874.752897,Greenville,045,Tigerville,Greenville - Tigerville,GREENVILLE - TIGERVILLE,47350049.626689,0.549854,1
045,Greenville,VTD 4,450454,Greenville - VTD 4,GREENVILLE - VTD 4,86113874.752897,Greenville,045,Jennings Mill,Greenville - Jennings Mill,GREENVILLE - JENNINGS MILL,35163518.571634,0.408337,2
045,Greenville,VTD 4,450454,Greenville - VTD 4,GREENVILLE - VTD 4,86113874.752897,Greenville,045,Maridell,Greenville - Maridell,GREENVILLE - MARIDELL,3600234.980627,0.041808,3
047,Greenwood,VTD 40,4504740,Greenwood - VTD 40,GREENWOOD - VTD 40,45028066.981178,Greenwood,047,Callison,Greenwood - Callison,GREENWOOD - CALLISON,45028066.570150,1.000000,1
047,Greenwood,VTD 29,4504729,Greenwood - VTD 29,GREENWOOD - VTD 29,5093499.716834,Greenwood,047,Greenwood No. 6,Greenwood - Greenwood No. 6,GREENWOOD - GREENWOOD NO. 6,4461944.000925,0.876008,1
047,Greenwood,VTD 29,4504729,Greenwood - VTD 29,GREENWOOD - VTD 29,5093499.716834,Greenwood,047,Marshall Oaks,Greenwood - Marshall Oaks,GREENWOOD - MARSHALL OAKS,631555.715909,0.123992,2
047,Greenwood,VTD 41,4504741,Greenwood - VTD 41,GREENWOOD - VTD 41,74827953.276386,Greenwood,047,Callison,Greenwood - Callison,GREENWOOD - CALLISON,74827777.774981,0.999998,1
047,Greenwood,VTD 42,4504742,Greenwood - VTD 42,GREENWOOD - VTD 42,89865848.411223,Greenwood,047,Sandridge,Greenwood - Sandridge,GREENWOOD - SANDRIDGE,89865848.245896,1.000000,1
047,Greenwood,VTD 31,4504731,Greenwood - VTD 31,GREENWOOD - VTD 31,35208919.447995,Greenwood,047,Ninety-Six Mill,Greenwood - Ninety-Six Mill,GREENWOOD - NINETY-SIX MILL,35173654.495743,0.998998,1
047,Greenwood,VTD 31,4504731,Greenwood - VTD 31,GREENWOOD - VTD 31,35208919.447995,Greenwood,047,Ninety-Six,Greenwood - Ninety-Six,GREENWOOD - NINETY-SIX,35264.952251,0.001002,2
047,Greenwood,VTD 32,4504732,Greenwood - VTD 32,GREENWOOD - VTD 32,38720403.143765,Greenwood,047,Ninety-Six Mill,Greenwood - Ninety-Six Mill,GREENWOOD - NINETY-SIX MILL,38720379.455386,0.999999,1
047,Greenwood,VTD 37,4504737,Greenwood - VTD 37,GREENWOOD - VTD 37,72136770.517908,Greenwood,047,Sandridge,Greenwood - Sandridge,GREENWOOD - SANDRIDGE,72136770.517908,1.000000,1
047,Greenwood,VTD 38,4504738,Greenwood - VTD 38,GREENWOOD - VTD 38,50946743.256633,Greenwood,047,Epworth,Greenwood - Epworth,GREENWOOD - EPWORTH,50939255.626550,0.999853,1
047,Greenwood,VTD 36,4504736,Greenwood - VTD 36,GREENWOOD - VTD 36,34220894.031784,Greenwood,047,Epworth,Greenwood - Epworth,GREENWOOD - EPWORTH,34219470.183608,0.999958,1
047,Greenwood,VTD 35,4504735,Greenwood - VTD 35,GREENWOOD - VTD 35,31413468.441026,Greenwood,047,Laco,Greenwood - Laco,GREENWOOD - LACO,31413466.675357,1.000000,1
047,Greenwood,VTD 30,4504730,Greenwood - VTD 30,GREENWOOD - VTD 30,33809323.225239,Greenwood,047,Laco,Greenwood - Laco,GREENWOOD - LACO,32722309.404395,0.967849,1
047,Greenwood,VTD 30,4504730,Greenwood - VTD 30,GREENWOOD - VTD 30,33809323.225239,Greenwood,047,Maxwellton Pike,Greenwood - Maxwellton Pike,GREENWOOD - MAXWELLTON PIKE,1082020.984979,0.032004,2
047,Greenwood,VTD 27,4504727,Greenwood - VTD 27,GREENWOOD - VTD 27,44495335.315522,Greenwood,047,Lower Lake,Greenwood - Lower Lake,GREENWOOD - LOWER LAKE,32731804.859533,0.735623,1
047,Greenwood,VTD 27,4504727,Greenwood - VTD 27,GREENWOOD - VTD 27,44495335.315522,Greenwood,047,Ninety-Six,Greenwood - Ninety-Six,GREENWOOD - NINETY-SIX,11763530.455990,0.264377,2
047,Greenwood,VTD 26,4504726,Greenwood - VTD 26,GREENWOOD - VTD 26,36394031.871522,Greenwood,047,New Market,Greenwood - New Market,GREENWOOD - NEW MARKET,19304488.905102,0.530430,1
047,Greenwood,VTD 26,4504726,Greenwood - VTD 26,GREENWOOD - VTD 26,36394031.871522,Greenwood,047,Liberty,Greenwood - Liberty,GREENWOOD - LIBERTY,15871527.768744,0.436102,2
047,Greenwood,VTD 26,4504726,Greenwood - VTD 26,GREENWOOD - VTD 26,36394031.871522,Greenwood,047,Emerald,Greenwood - Emerald,GREENWOOD - EMERALD,722689.031087,0.019857,3
047,Greenwood,VTD 26,4504726,Greenwood - VTD 26,GREENWOOD - VTD 26,36394031.871522,Greenwood,047,Laco,Greenwood - Laco,GREENWOOD - LACO,495317.804304,0.013610,4
047,Greenwood,VTD 25,4504725,Greenwood - VTD 25,GREENWOOD - VTD 25,7989431.325153,Greenwood,047,Greenwood No. 8,Greenwood - Greenwood No. 8,GREENWOOD - GREENWOOD NO. 8,4742738.102407,0.593626,1
047,Greenwood,VTD 25,4504725,Greenwood - VTD 25,GREENWOOD - VTD 25,7989431.325153,Greenwood,047,Marshall Oaks,Greenwood - Marshall Oaks,GREENWOOD - MARSHALL OAKS,3246603.459700,0.406362,2
047,Greenwood,VTD 23,4504723,Greenwood - VTD 23,GREENWOOD - VTD 23,2903526.572459,Greenwood,047,Greenwood No. 5,Greenwood - Greenwood No. 5,GREENWOOD - GREENWOOD NO. 5,2612747.762562,0.899853,1
047,Greenwood,VTD 23,4504723,Greenwood - VTD 23,GREENWOOD - VTD 23,2903526.572459,Greenwood,047,Laco,Greenwood - Laco,GREENWOOD - LACO,181801.972384,0.062614,2
047,Greenwood,VTD 23,4504723,Greenwood - VTD 23,GREENWOOD - VTD 23,2903526.572459,Greenwood,047,Greenwood No. 1,Greenwood - Greenwood No. 1,GREENWOOD - GREENWOOD NO. 1,67506.905841,0.023250,3
047,Greenwood,VTD 23,4504723,Greenwood - VTD 23,GREENWOOD - VTD 23,2903526.572459,Greenwood,047,Marshall Oaks,Greenwood - Marshall Oaks,GREENWOOD - MARSHALL OAKS,36544.201601,0.012586,4
047,Greenwood,VTD 23,4504723,Greenwood - VTD 23,GREENWOOD - VTD 23,2903526.572459,Greenwood,047,Greenwood Mill,Greenwood - Greenwood Mill,GREENWOOD - GREENWOOD MILL,4323.320851,0.001489,5
047,Greenwood,VTD 34,4504734,Greenwood - VTD 34,GREENWOOD - VTD 34,53091766.427643,Greenwood,047,Bradley,Greenwood - Bradley,GREENWOOD - BRADLEY,26729308.917555,0.503455,1
047,Greenwood,VTD 34,4504734,Greenwood - VTD 34,GREENWOOD - VTD 34,53091766.427643,Greenwood,047,Callison,Greenwood - Callison,GREENWOOD - CALLISON,26362457.510088,0.496545,2
047,Greenwood,VTD 39,4504739,Greenwood - VTD 39,GREENWOOD - VTD 39,40701648.908801,Greenwood,047,Troy,Greenwood - Troy,GREENWOOD - TROY,40701643.568443,1.000000,1
047,Greenwood,VTD 33,4504733,Greenwood - VTD 33,GREENWOOD - VTD 33,30297038.731592,Greenwood,047,Bradley,Greenwood - Bradley,GREENWOOD - BRADLEY,30297038.731592,1.000000,1
047,Greenwood,VTD 28,4504728,Greenwood - VTD 28,GREENWOOD - VTD 28,50160862.749800,Greenwood,047,Verdery,Greenwood - Verdery,GREENWOOD - VERDERY,50160862.749800,1.000000,1
047,Greenwood,VTD 20,4504720,Greenwood - VTD 20,GREENWOOD - VTD 20,8201885.585497,Greenwood,047,Glendale,Greenwood - Glendale,GREENWOOD - GLENDALE,8019009.094260,0.977703,1
047,Greenwood,VTD 20,4504720,Greenwood - VTD 20,GREENWOOD - VTD 20,8201885.585497,Greenwood,047,Maxwellton Pike,Greenwood - Maxwellton Pike,GREENWOOD - MAXWELLTON PIKE,182876.491237,0.022297,2
047,Greenwood,VTD 24,4504724,Greenwood - VTD 24,GREENWOOD - VTD 24,1614177.770527,Greenwood,047,Greenwood No. 1,Greenwood - Greenwood No. 1,GREENWOOD - GREENWOOD NO. 1,1614177.770527,1.000000,1
047,Greenwood,VTD 22,4504722,Greenwood - VTD 22,GREENWOOD - VTD 22,2109837.924573,Greenwood,047,Greenwood No. 2,Greenwood - Greenwood No. 2,GREENWOOD - GREENWOOD NO. 2,2108908.195223,0.999559,1
047,Greenwood,VTD 21,4504721,Greenwood - VTD 21,GREENWOOD - VTD 21,2167803.700071,Greenwood,047,Greenwood Mill,Greenwood - Greenwood Mill,GREENWOOD - GREENWOOD MILL,2094420.788917,0.966149,1
047,Greenwood,VTD 21,4504721,Greenwood - VTD 21,GREENWOOD - VTD 21,2167803.700071,Greenwood,047,Greenwood No. 5,Greenwood - Greenwood No. 5,GREENWOOD - GREENWOOD NO. 5,73379.230616,0.033850,2
047,Greenwood,VTD 19,4504719,Greenwood - VTD 19,GREENWOOD - VTD 19,2168648.982032,Greenwood,047,Greenwood No. 7,Greenwood - Greenwood No. 7,GREENWOOD - GREENWOOD NO. 7,2168648.015505,1.000000,1
047,Greenwood,VTD 18,4504718,Greenwood - VTD 18,GREENWOOD - VTD 18,4147151.522704,Greenwood,047,Greenwood No. 3,Greenwood - Greenwood No. 3,GREENWOOD - GREENWOOD NO. 3,3906725.131297,0.942026,1
047,Greenwood,VTD 18,4504718,Greenwood - VTD 18,GREENWOOD - VTD 18,4147151.522704,Greenwood,047,Merrywood,Greenwood - Merrywood,GREENWOOD - MERRYWOOD,153736.044523,0.037070,2
047,Greenwood,VTD 18,4504718,Greenwood - VTD 18,GREENWOOD - VTD 18,4147151.522704,Greenwood,047,Greenwood No. 7,Greenwood - Greenwood No. 7,GREENWOOD - GREENWOOD NO. 7,86685.403643,0.020902,3
047,Greenwood,VTD 17,4504717,Greenwood - VTD 17,GREENWOOD - VTD 17,36555206.646278,Greenwood,047,Ninety-Six,Greenwood - Ninety-Six,GREENWOOD - NINETY-SIX,19234785.295183,0.526185,1
047,Greenwood,VTD 17,4504717,Greenwood - VTD 17,GREENWOOD - VTD 17,36555206.646278,Greenwood,047,Stonewood,Greenwood - Stonewood,GREENWOOD - STONEWOOD,11393954.854521,0.311692,2
047,Greenwood,VTD 17,4504717,Greenwood - VTD 17,GREENWOOD - VTD 17,36555206.646278,Greenwood,047,Lower Lake,Greenwood - Lower Lake,GREENWOOD - LOWER LAKE,5926466.496574,0.162124,3
047,Greenwood,VTD 16,4504716,Greenwood - VTD 16,GREENWOOD - VTD 16,14039175.693603,Greenwood,047,Emerald,Greenwood - Emerald,GREENWOOD - EMERALD,13823663.923215,0.984649,1
047,Greenwood,VTD 16,4504716,Greenwood - VTD 16,GREENWOOD - VTD 16,14039175.693603,Greenwood,047,Stonewood,Greenwood - Stonewood,GREENWOOD - STONEWOOD,215511.770387,0.015351,2
047,Greenwood,VTD 15,4504715,Greenwood - VTD 15,GREENWOOD - VTD 15,2974865.387202,Greenwood,047,Greenwood No. 4,Greenwood - Greenwood No. 4,GREENWOOD - GREENWOOD NO. 4,2974863.946575,1.000000,1
047,Greenwood,VTD 13,4504713,Greenwood - VTD 13,GREENWOOD - VTD 13,9571875.627880,Greenwood,047,Harris,Greenwood - Harris,GREENWOOD - HARRIS,6345839.467834,0.662967,1
047,Greenwood,VTD 13,4504713,Greenwood - VTD 13,GREENWOOD - VTD 13,9571875.627880,Greenwood,047,Biltmore Pines,Greenwood - Biltmore Pines,GREENWOOD - BILTMORE PINES,3210058.640196,0.335364,2
047,Greenwood,VTD 13,4504713,Greenwood - VTD 13,GREENWOOD - VTD 13,9571875.627880,Greenwood,047,Greenwood No. 7,Greenwood - Greenwood No. 7,GREENWOOD - GREENWOOD NO. 7,15973.758237,0.001669,3
047,Greenwood,VTD 12,4504712,Greenwood - VTD 12,GREENWOOD - VTD 12,18791567.482117,Greenwood,047,Sparrows Grace,Greenwood - Sparrows Grace,GREENWOOD - SPARROWS GRACE,14062477.446628,0.748340,1
047,Greenwood,VTD 12,4504712,Greenwood - VTD 12,GREENWOOD - VTD 12,18791567.482117,Greenwood,047,Maxwellton Pike,Greenwood - Maxwellton Pike,GREENWOOD - MAXWELLTON PIKE,3085142.429185,0.164177,2
047,Greenwood,VTD 12,4504712,Greenwood - VTD 12,GREENWOOD - VTD 12,18791567.482117,Greenwood,047,Emerald High,Greenwood - Emerald High,GREENWOOD - EMERALD HIGH,1643543.425775,0.087462,3
047,Greenwood,VTD 11,4504711,Greenwood - VTD 11,GREENWOOD - VTD 11,24385363.854883,Greenwood,047,Stonewood,Greenwood - Stonewood,GREENWOOD - STONEWOOD,20022647.354690,0.821093,1
047,Greenwood,VTD 11,4504711,Greenwood - VTD 11,GREENWOOD - VTD 11,24385363.854883,Greenwood,047,Coronaca,Greenwood - Coronaca,GREENWOOD - CORONACA,4362716.500193,0.178907,2
047,Greenwood,VTD 10,4504710,Greenwood - VTD 10,GREENWOOD - VTD 10,23250884.349741,Greenwood,047,Civic Center,Greenwood - Civic Center,GREENWOOD - CIVIC CENTER,23046992.238349,0.991231,1
047,Greenwood,VTD 10,4504710,Greenwood - VTD 10,GREENWOOD - VTD 10,23250884.349741,Greenwood,047,Coronaca,Greenwood - Coronaca,GREENWOOD - CORONACA,105246.245864,0.004527,2
047,Greenwood,VTD 10,4504710,Greenwood - VTD 10,GREENWOOD - VTD 10,23250884.349741,Greenwood,047,Greenwood No. 4,Greenwood - Greenwood No. 4,GREENWOOD - GREENWOOD NO. 4,98645.543565,0.004243,3
047,Greenwood,VTD 9,450479,Greenwood - VTD 9,GREENWOOD - VTD 9,11125831.440121,Greenwood,047,Airport,Greenwood - Airport,GREENWOOD - AIRPORT,8115636.870491,0.729441,1
047,Greenwood,VTD 9,450479,Greenwood - VTD 9,GREENWOOD - VTD 9,11125831.440121,Greenwood,047,Merrywood,Greenwood - Merrywood,GREENWOOD - MERRYWOOD,3010193.189246,0.270559,2
047,Greenwood,VTD 14,4504714,Greenwood - VTD 14,GREENWOOD - VTD 14,6643958.588291,Greenwood,047,Greenwood High,Greenwood - Greenwood High,GREENWOOD - GREENWOOD HIGH,4352836.731628,0.655157,1
047,Greenwood,VTD 14,4504714,Greenwood - VTD 14,GREENWOOD - VTD 14,6643958.588291,Greenwood,047,Pinecrest,Greenwood - Pinecrest,GREENWOOD - PINECREST,2239429.847540,0.337063,2
047,Greenwood,VTD 14,4504714,Greenwood - VTD 14,GREENWOOD - VTD 14,6643958.588291,Greenwood,047,Biltmore Pines,Greenwood - Biltmore Pines,GREENWOOD - BILTMORE PINES,48099.841502,0.007240,3
047,Greenwood,VTD 14,4504714,Greenwood - VTD 14,GREENWOOD - VTD 14,6643958.588291,Greenwood,047,Greenwood No. 3,Greenwood - Greenwood No. 3,GREENWOOD - GREENWOOD NO. 3,3576.107713,0.000538,4
047,Greenwood,VTD 8,450478,Greenwood - VTD 8,GREENWOOD - VTD 8,10297746.303432,Greenwood,047,Newcastle,Greenwood - Newcastle,GREENWOOD - NEWCASTLE,6883709.362994,0.668468,1
047,Greenwood,VTD 8,450478,Greenwood - VTD 8,GREENWOOD - VTD 8,10297746.303432,Greenwood,047,Georgetown,Greenwood - Georgetown,GREENWOOD - GEORGETOWN,2312153.765224,0.224530,2
047,Greenwood,VTD 8,450478,Greenwood - VTD 8,GREENWOOD - VTD 8,10297746.303432,Greenwood,047,Airport,Greenwood - Airport,GREENWOOD - AIRPORT,1101882.514895,0.107002,3
047,Greenwood,VTD 7,450477,Greenwood - VTD 7,GREENWOOD - VTD 7,36229261.885991,Greenwood,047,Hodges,Greenwood - Hodges,GREENWOOD - HODGES,36229261.885991,1.000000,1
047,Greenwood,VTD 6,450476,Greenwood - VTD 6,GREENWOOD - VTD 6,43313465.984719,Greenwood,047,Coronaca,Greenwood - Coronaca,GREENWOOD - CORONACA,43313463.471249,1.000000,1
047,Greenwood,VTD 5,450475,Greenwood - VTD 5,GREENWOOD - VTD 5,41816940.433103,Greenwood,047,Cokesbury,Greenwood - Cokesbury,GREENWOOD - COKESBURY,41816940.433103,1.000000,1
047,Greenwood,VTD 4,450474,Greenwood - VTD 4,GREENWOOD - VTD 4,37883935.669494,Greenwood,047,Hodges,Greenwood - Hodges,GREENWOOD - HODGES,37883935.669494,1.000000,1
047,Greenwood,VTD 3,450473,Greenwood - VTD 3,GREENWOOD - VTD 3,23266861.897023,Greenwood,047,Riley,Greenwood - Riley,GREENWOOD - RILEY,23266861.897023,1.000000,1
047,Greenwood,VTD 2,450472,Greenwood - VTD 2,GREENWOOD - VTD 2,34445687.338183,Greenwood,047,Rutherford,Greenwood - Rutherford,GREENWOOD - RUTHERFORD,26191398.808390,0.760368,1
047,Greenwood,VTD 2,450472,Greenwood - VTD 2,GREENWOOD - VTD 2,34445687.338183,Greenwood,047,Ware Shoals,Greenwood - Ware Shoals,GREENWOOD - WARE SHOALS,8254257.194352,0.239631,2
047,Greenwood,VTD 1,450471,Greenwood - VTD 1,GREENWOOD - VTD 1,26664277.795317,Greenwood,047,Shoals Junction,Greenwood - Shoals Junction,GREENWOOD - SHOALS JUNCTION,26664277.795317,1.000000,1
049,Hampton,VTD 20,4504920,Hampton - VTD 20,HAMPTON - VTD 20,75409300.870045,Hampton,049,Furman,Hampton - Furman,HAMPTON - FURMAN,75409294.153815,1.000000,1
049,Hampton,VTD 19,4504919,Hampton - VTD 19,HAMPTON - VTD 19,91455807.284463,Hampton,049,Garnett,Hampton - Garnett,HAMPTON - GARNETT,90312246.527829,0.987496,1
049,Hampton,VTD 19,4504919,Hampton - VTD 19,HAMPTON - VTD 19,91455807.284463,Hampton,049,Scotia,Hampton - Scotia,HAMPTON - SCOTIA,1143559.170131,0.012504,2
049,Hampton,VTD 18,4504918,Hampton - VTD 18,HAMPTON - VTD 18,46673235.889948,Hampton,049,Scotia,Hampton - Scotia,HAMPTON - SCOTIA,33700493.370818,0.722052,1
049,Hampton,VTD 18,4504918,Hampton - VTD 18,HAMPTON - VTD 18,46673235.889948,Hampton,049,Garnett,Hampton - Garnett,HAMPTON - GARNETT,12262156.344798,0.262724,2
049,Hampton,VTD 18,4504918,Hampton - VTD 18,HAMPTON - VTD 18,46673235.889948,Hampton,049,Estill,Hampton - Estill,HAMPTON - ESTILL,710586.174332,0.015225,3
049,Hampton,VTD 21,4504921,Hampton - VTD 21,HAMPTON - VTD 21,85371536.076314,Hampton,049,Early Branch,Hampton - Early Branch,HAMPTON - EARLY BRANCH,84527252.188184,0.990110,1
049,Hampton,VTD 21,4504921,Hampton - VTD 21,HAMPTON - VTD 21,85371536.076314,Hampton,049,Cummings,Hampton - Cummings,HAMPTON - CUMMINGS,844275.407233,0.009889,2
049,Hampton,VTD 22,4504922,Hampton - VTD 22,HAMPTON - VTD 22,71887678.316773,Hampton,049,Yemassee,Hampton - Yemassee,HAMPTON - YEMASSEE,71654530.705915,0.996757,1
049,Hampton,VTD 22,4504922,Hampton - VTD 22,HAMPTON - VTD 22,71887678.316773,Hampton,049,Early Branch,Hampton - Early Branch,HAMPTON - EARLY BRANCH,231283.725007,0.003217,2
049,Hampton,VTD 17,4504917,Hampton - VTD 17,HAMPTON - VTD 17,30372245.072555,Hampton,049,Horse Gall,Hampton - Horse Gall,HAMPTON - HORSE GALL,26708761.654863,0.879381,1
049,Hampton,VTD 17,4504917,Hampton - VTD 17,HAMPTON - VTD 17,30372245.072555,Hampton,049,Cummings,Hampton - Cummings,HAMPTON - CUMMINGS,2423267.732383,0.079786,2
049,Hampton,VTD 17,4504917,Hampton - VTD 17,HAMPTON - VTD 17,30372245.072555,Hampton,049,Bonnett,Hampton - Bonnett,HAMPTON - BONNETT,1240211.246267,0.040834,3
049,Hampton,VTD 12,4504912,Hampton - VTD 12,HAMPTON - VTD 12,68180542.786622,Hampton,049,Cummings,Hampton - Cummings,HAMPTON - CUMMINGS,64568722.967409,0.947026,1
049,Hampton,VTD 12,4504912,Hampton - VTD 12,HAMPTON - VTD 12,68180542.786622,Hampton,049,Early Branch,Hampton - Early Branch,HAMPTON - EARLY BRANCH,3611817.524341,0.052974,2
049,Hampton,VTD 11,4504911,Hampton - VTD 11,HAMPTON - VTD 11,57965921.223862,Hampton,049,Cummings,Hampton - Cummings,HAMPTON - CUMMINGS,57752037.243070,0.996310,1
049,Hampton,VTD 11,4504911,Hampton - VTD 11,HAMPTON - VTD 11,57965921.223862,Hampton,049,Varnville,Hampton - Varnville,HAMPTON - VARNVILLE,213883.980792,0.003690,2
049,Hampton,VTD 10,4504910,Hampton - VTD 10,HAMPTON - VTD 10,25504193.731654,Hampton,049,Varnville,Hampton - Varnville,HAMPTON - VARNVILLE,25304004.109165,0.992151,1
049,Hampton,VTD 10,4504910,Hampton - VTD 10,HAMPTON - VTD 10,25504193.731654,Hampton,049,Hampton Cthse 2,Hampton - Hampton Cthse 2,HAMPTON - HAMPTON CTHSE 2,200189.622489,0.007849,2
049,Hampton,VTD 9,450499,Hampton - VTD 9,HAMPTON - VTD 9,45172304.646766,Hampton,049,Varnville,Hampton - Varnville,HAMPTON - VARNVILLE,45168825.518442,0.999923,1
049,Hampton,VTD 8,450498,Hampton - VTD 8,HAMPTON - VTD 8,34305898.145412,Hampton,049,Hampton No. 1,Hampton - Hampton No. 1,HAMPTON - HAMPTON NO. 1,34098807.175809,0.993963,1
049,Hampton,VTD 8,450498,Hampton - VTD 8,HAMPTON - VTD 8,34305898.145412,Hampton,049,Varnville,Hampton - Varnville,HAMPTON - VARNVILLE,142737.166950,0.004161,2
049,Hampton,VTD 8,450498,Hampton - VTD 8,HAMPTON - VTD 8,34305898.145412,Hampton,049,Crocket-Miley,Hampton - Crocket-Miley,HAMPTON - CROCKET-MILEY,64353.802653,0.001876,3
049,Hampton,VTD 7,450497,Hampton - VTD 7,HAMPTON - VTD 7,37344490.689798,Hampton,049,Hampton Cthse 2,Hampton - Hampton Cthse 2,HAMPTON - HAMPTON CTHSE 2,37344490.278730,1.000000,1
049,Hampton,VTD 5,450495,Hampton - VTD 5,HAMPTON - VTD 5,46150076.176228,Hampton,049,Gifford,Hampton - Gifford,HAMPTON - GIFFORD,46150076.176228,1.000000,1
049,Hampton,VTD 6,450496,Hampton - VTD 6,HAMPTON - VTD 6,37374233.016281,Hampton,049,Black Creek,Hampton - Black Creek,HAMPTON - BLACK CREEK,37374228.818986,1.000000,1
049,Hampton,VTD 15,4504915,Hampton - VTD 15,HAMPTON - VTD 15,64049736.179278,Hampton,049,Hopewell,Hampton - Hopewell,HAMPTON - HOPEWELL,61167316.397972,0.954997,1
049,Hampton,VTD 15,4504915,Hampton - VTD 15,HAMPTON - VTD 15,64049736.179278,Hampton,049,Horse Gall,Hampton - Horse Gall,HAMPTON - HORSE GALL,2882418.196147,0.045003,2
049,Hampton,VTD 16,4504916,Hampton - VTD 16,HAMPTON - VTD 16,71402375.454825,Hampton,049,Bonnett,Hampton - Bonnett,HAMPTON - BONNETT,71402375.454824,1.000000,1
049,Hampton,VTD 2,450492,Hampton - VTD 2,HAMPTON - VTD 2,80769252.642821,Hampton,049,Brunson,Hampton - Brunson,HAMPTON - BRUNSON,80769252.642821,1.000000,1
049,Hampton,VTD 1,450491,Hampton - VTD 1,HAMPTON - VTD 1,51276337.808314,Hampton,049,Rivers Mill,Hampton - Rivers Mill,HAMPTON - RIVERS MILL,51275242.031260,0.999979,1
049,Hampton,VTD 14,4504914,Hampton - VTD 14,HAMPTON - VTD 14,237142168.752927,Hampton,049,Estill,Hampton - Estill,HAMPTON - ESTILL,235309326.978024,0.992271,1
049,Hampton,VTD 14,4504914,Hampton - VTD 14,HAMPTON - VTD 14,237142168.752927,Hampton,049,Garnett,Hampton - Garnett,HAMPTON - GARNETT,1780689.015981,0.007509,2
049,Hampton,VTD 13,4504913,Hampton - VTD 13,HAMPTON - VTD 13,95959637.888707,Hampton,049,Estill,Hampton - Estill,HAMPTON - ESTILL,95886028.328389,0.999233,1
049,Hampton,VTD 13,4504913,Hampton - VTD 13,HAMPTON - VTD 13,95959637.888707,Hampton,049,Black Creek,Hampton - Black Creek,HAMPTON - BLACK CREEK,54428.783193,0.000567,2
049,Hampton,VTD 4,450494,Hampton - VTD 4,HAMPTON - VTD 4,53732879.419909,Hampton,049,Crocket-Miley,Hampton - Crocket-Miley,HAMPTON - CROCKET-MILEY,47473367.876509,0.883507,1
049,Hampton,VTD 4,450494,Hampton - VTD 4,HAMPTON - VTD 4,53732879.419909,Hampton,049,Cummings,Hampton - Cummings,HAMPTON - CUMMINGS,6174448.422680,0.114910,2
049,Hampton,VTD 4,450494,Hampton - VTD 4,HAMPTON - VTD 4,53732879.419909,Hampton,049,Varnville,Hampton - Varnville,HAMPTON - VARNVILLE,85036.167998,0.001583,3
049,Hampton,VTD 3,450493,Hampton - VTD 3,HAMPTON - VTD 3,49880321.905309,Hampton,049,Crocket-Miley,Hampton - Crocket-Miley,HAMPTON - CROCKET-MILEY,49115425.732138,0.984665,1
049,Hampton,VTD 3,450493,Hampton - VTD 3,HAMPTON - VTD 3,49880321.905309,Hampton,049,Hampton No. 1,Hampton - Hampton No. 1,HAMPTON - HAMPTON NO. 1,656943.775958,0.013170,2
049,Hampton,VTD 3,450493,Hampton - VTD 3,HAMPTON - VTD 3,49880321.905309,Hampton,049,Rivers Mill,Hampton - Rivers Mill,HAMPTON - RIVERS MILL,107935.698838,0.002164,3
051,Horry,VTD 65,4505165,Horry - VTD 65,HORRY - VTD 65,45497722.588266,Horry,051,Poplar Hill,Horry - Poplar Hill,HORRY - POPLAR HILL,45135731.613246,0.992044,1
051,Horry,VTD 65,4505165,Horry - VTD 65,HORRY - VTD 65,45497722.588266,Horry,051,Cool Springs,Horry - Cool Springs,HORRY - COOL SPRINGS,361817.885911,0.007952,2
051,Horry,VTD 67,4505167,Horry - VTD 67,HORRY - VTD 67,8386349.403938,Horry,051,Racepath #1,Horry - Racepath #1,HORRY - RACEPATH 1,8382551.598433,0.999547,1
051,Horry,VTD 74,4505174,Horry - VTD 74,HORRY - VTD 74,5910105.660377,Horry,051,Sea Oats 2,Horry - Sea Oats 2,HORRY - SEA OATS 2,5907671.738515,0.999588,1
051,Horry,VTD 68,4505168,Horry - VTD 68,HORRY - VTD 68,3435559.314070,Horry,051,Racepath #2,Horry - Racepath #2,HORRY - RACEPATH 2,3222403.500815,0.937956,1
051,Horry,VTD 68,4505168,Horry - VTD 68,HORRY - VTD 68,3435559.314070,Horry,051,Jamestown,Horry - Jamestown,HORRY - JAMESTOWN,213024.854748,0.062006,2
051,Horry,VTD 69,4505169,Horry - VTD 69,HORRY - VTD 69,24243883.611025,Horry,051,Red Bluff,Horry - Red Bluff,HORRY - RED BLUFF,22708504.701026,0.936669,1
051,Horry,VTD 69,4505169,Horry - VTD 69,HORRY - VTD 69,24243883.611025,Horry,051,Shell,Horry - Shell,HORRY - SHELL,1534618.864383,0.063299,2
051,Horry,VTD 66,4505166,Horry - VTD 66,HORRY - VTD 66,53429670.173331,Horry,051,Port Harrelson,Horry - Port Harrelson,HORRY - PORT HARRELSON,53428894.689596,0.999985,1
051,Horry,VTD 98,4505198,Horry - VTD 98,HORRY - VTD 98,20253599.214998,Horry,051,Jackson Bluff,Horry - Jackson Bluff,HORRY - JACKSON BLUFF,20249289.702736,0.999787,1
051,Horry,VTD 70,4505170,Horry - VTD 70,HORRY - VTD 70,28495546.014939,Horry,051,Red Hill 1,Horry - Red Hill 1,HORRY - RED HILL 1,14119693.613088,0.495505,1
051,Horry,VTD 70,4505170,Horry - VTD 70,HORRY - VTD 70,28495546.014939,Horry,051,Wild Wing,Horry - Wild Wing,HORRY - WILD WING,7967846.091127,0.279617,2
051,Horry,VTD 70,4505170,Horry - VTD 70,HORRY - VTD 70,28495546.014939,Horry,051,Coastal Carolina,Horry - Coastal Carolina,HORRY - COASTAL CAROLINA,4448298.391606,0.156105,3
051,Horry,VTD 70,4505170,Horry - VTD 70,HORRY - VTD 70,28495546.014939,Horry,051,Jackson Bluff,Horry - Jackson Bluff,HORRY - JACKSON BLUFF,1432051.574837,0.050255,4
051,Horry,VTD 70,4505170,Horry - VTD 70,HORRY - VTD 70,28495546.014939,Horry,051,Myrtle Trace,Horry - Myrtle Trace,HORRY - MYRTLE TRACE,463937.447856,0.016281,5
051,Horry,VTD 70,4505170,Horry - VTD 70,HORRY - VTD 70,28495546.014939,Horry,051,East Conway,Horry - East Conway,HORRY - EAST CONWAY,59913.903491,0.002103,6
051,Horry,VTD 73,4505173,Horry - VTD 73,HORRY - VTD 73,30511290.694395,Horry,051,Jet Port 1,Horry - Jet Port 1,HORRY - JET PORT 1,19401841.401010,0.635891,1
051,Horry,VTD 73,4505173,Horry - VTD 73,HORRY - VTD 73,30511290.694395,Horry,051,Sea Oats 1,Horry - Sea Oats 1,HORRY - SEA OATS 1,10622035.125837,0.348135,2
051,Horry,VTD 73,4505173,Horry - VTD 73,HORRY - VTD 73,30511290.694395,Horry,051,Sea Oats 2,Horry - Sea Oats 2,HORRY - SEA OATS 2,477007.985081,0.015634,3
051,Horry,VTD 77,4505177,Horry - VTD 77,HORRY - VTD 77,36653169.849153,Horry,051,Socastee 2,Horry - Socastee 2,HORRY - SOCASTEE 2,18020882.882527,0.491660,1
051,Horry,VTD 77,4505177,Horry - VTD 77,HORRY - VTD 77,36653169.849153,Horry,051,Socastee 3,Horry - Socastee 3,HORRY - SOCASTEE 3,10230031.134799,0.279104,2
051,Horry,VTD 77,4505177,Horry - VTD 77,HORRY - VTD 77,36653169.849153,Horry,051,Palmetto Bays,Horry - Palmetto Bays,HORRY - PALMETTO BAYS,8124852.536195,0.221668,3
051,Horry,VTD 77,4505177,Horry - VTD 77,HORRY - VTD 77,36653169.849153,Horry,051,Jackson Bluff,Horry - Jackson Bluff,HORRY - JACKSON BLUFF,277394.905547,0.007568,4
051,Horry,VTD 78,4505178,Horry - VTD 78,HORRY - VTD 78,23041649.531126,Horry,051,Socastee 4,Horry - Socastee 4,HORRY - SOCASTEE 4,9346357.141189,0.405629,1
051,Horry,VTD 78,4505178,Horry - VTD 78,HORRY - VTD 78,23041649.531126,Horry,051,Forestbrook,Horry - Forestbrook,HORRY - FORESTBROOK,5801738.312432,0.251794,2
051,Horry,VTD 78,4505178,Horry - VTD 78,HORRY - VTD 78,23041649.531126,Horry,051,Socastee 3,Horry - Socastee 3,HORRY - SOCASTEE 3,4074606.708194,0.176837,3
051,Horry,VTD 78,4505178,Horry - VTD 78,HORRY - VTD 78,23041649.531126,Horry,051,Palmetto Bays,Horry - Palmetto Bays,HORRY - PALMETTO BAYS,3728509.669683,0.161816,4
051,Horry,VTD 78,4505178,Horry - VTD 78,HORRY - VTD 78,23041649.531126,Horry,051,Emerald Forest 1,Horry - Emerald Forest 1,HORRY - EMERALD FOREST 1,58047.705027,0.002519,5
051,Horry,VTD 78,4505178,Horry - VTD 78,HORRY - VTD 78,23041649.531126,Horry,051,Emerald Forest 2,Horry - Emerald Forest 2,HORRY - EMERALD FOREST 2,32389.994601,0.001406,6
051,Horry,VTD 79,4505179,Horry - VTD 79,HORRY - VTD 79,59698136.808292,Horry,051,Spring Branch,Horry - Spring Branch,HORRY - SPRING BRANCH,59697873.073211,0.999996,1
051,Horry,VTD 80,4505180,Horry - VTD 80,HORRY - VTD 80,10390415.553172,Horry,051,Surfside 1,Horry - Surfside 1,HORRY - SURFSIDE 1,10371469.075704,0.998177,1
051,Horry,VTD 80,4505180,Horry - VTD 80,HORRY - VTD 80,10390415.553172,Horry,051,Glenns Bay,Horry - Glenns Bay,HORRY - GLENNS BAY,18937.451566,0.001823,2
051,Horry,VTD 81,4505181,Horry - VTD 81,HORRY - VTD 81,10289017.593967,Horry,051,Surfside 2,Horry - Surfside 2,HORRY - SURFSIDE 2,9556124.724027,0.928769,1
051,Horry,VTD 81,4505181,Horry - VTD 81,HORRY - VTD 81,10289017.593967,Horry,051,Surfside 1,Horry - Surfside 1,HORRY - SURFSIDE 1,710115.709870,0.069017,2
051,Horry,VTD 81,4505181,Horry - VTD 81,HORRY - VTD 81,10289017.593967,Horry,051,Surfside 3,Horry - Surfside 3,HORRY - SURFSIDE 3,21235.972797,0.002064,3
051,Horry,VTD 83,4505183,Horry - VTD 83,HORRY - VTD 83,41736077.489019,Horry,051,Surfside 4,Horry - Surfside 4,HORRY - SURFSIDE 4,36387606.897512,0.871850,1
051,Horry,VTD 83,4505183,Horry - VTD 83,HORRY - VTD 83,41736077.489019,Horry,051,Deerfield,Horry - Deerfield,HORRY - DEERFIELD,4835633.422813,0.115862,2
051,Horry,VTD 83,4505183,Horry - VTD 83,HORRY - VTD 83,41736077.489019,Horry,051,Jet Port 2,Horry - Jet Port 2,HORRY - JET PORT 2,503752.767470,0.012070,3
051,Horry,VTD 105,45051105,Horry - VTD 105,HORRY - VTD 105,44486422.917686,Horry,051,Taylorsville,Horry - Taylorsville,HORRY - TAYLORSVILLE,44486414.792965,1.000000,1
051,Horry,VTD 94,4505194,Horry - VTD 94,HORRY - VTD 94,52141171.407651,Horry,051,Tilly Swamp,Horry - Tilly Swamp,HORRY - TILLY SWAMP,38183385.600556,0.732308,1
051,Horry,VTD 94,4505194,Horry - VTD 94,HORRY - VTD 94,52141171.407651,Horry,051,Dunes 1,Horry - Dunes 1,HORRY - DUNES 1,7215046.853357,0.138375,2
051,Horry,VTD 94,4505194,Horry - VTD 94,HORRY - VTD 94,52141171.407651,Horry,051,Emerald Forest 3,Horry - Emerald Forest 3,HORRY - EMERALD FOREST 3,6721893.519817,0.128917,3
051,Horry,VTD 84,4505184,Horry - VTD 84,HORRY - VTD 84,58232019.637465,Horry,051,Sweet Home,Horry - Sweet Home,HORRY - SWEET HOME,58216558.120535,0.999734,1
051,Horry,VTD 91,4505191,Horry - VTD 91,HORRY - VTD 91,38370839.775029,Horry,051,White Oak,Horry - White Oak,HORRY - WHITE OAK,38370830.436971,1.000000,1
051,Horry,VTD 89,4505189,Horry - VTD 89,HORRY - VTD 89,2328873.117467,Horry,051,West Conway,Horry - West Conway,HORRY - WEST CONWAY,2322795.134731,0.997390,1
051,Horry,VTD 89,4505189,Horry - VTD 89,HORRY - VTD 89,2328873.117467,Horry,051,Jamestown,Horry - Jamestown,HORRY - JAMESTOWN,5171.115168,0.002220,2
051,Horry,VTD 87,4505187,Horry - VTD 87,HORRY - VTD 87,45739545.933404,Horry,051,Toddville,Horry - Toddville,HORRY - TODDVILLE,43927911.310879,0.960392,1
051,Horry,VTD 87,4505187,Horry - VTD 87,HORRY - VTD 87,45739545.933404,Horry,051,Jamestown,Horry - Jamestown,HORRY - JAMESTOWN,1635531.057009,0.035757,2
051,Horry,VTD 87,4505187,Horry - VTD 87,HORRY - VTD 87,45739545.933404,Horry,051,Red Hill 1,Horry - Red Hill 1,HORRY - RED HILL 1,138460.163179,0.003027,3
051,Horry,VTD 87,4505187,Horry - VTD 87,HORRY - VTD 87,45739545.933404,Horry,051,Jackson Bluff,Horry - Jackson Bluff,HORRY - JACKSON BLUFF,37042.090838,0.000810,4
051,Horry,VTD 1,450511,Horry - VTD 1,HORRY - VTD 1,25114005.849025,Horry,051,Adrian,Horry - Adrian,HORRY - ADRIAN,25046943.758632,0.997330,1
051,Horry,VTD 1,450511,Horry - VTD 1,HORRY - VTD 1,25114005.849025,Horry,051,Maple,Horry - Maple,HORRY - MAPLE,67061.982761,0.002670,2
051,Horry,VTD 21,4505121,Horry - VTD 21,HORRY - VTD 21,38913498.011678,Horry,051,East Lorris,Horry - East Lorris,HORRY - EAST LORRIS,38913126.099204,0.999990,1
051,Horry,VTD 5,450515,Horry - VTD 5,HORRY - VTD 5,34959609.409559,Horry,051,Bayboro,Horry - Bayboro,HORRY - BAYBORO,34950463.392050,0.999738,1
051,Horry,VTD 85,4505185,Horry - VTD 85,HORRY - VTD 85,49367901.741727,Horry,051,Taylorsville,Horry - Taylorsville,HORRY - TAYLORSVILLE,49367894.267399,1.000000,1
051,Horry,VTD 6,450516,Horry - VTD 6,HORRY - VTD 6,19140309.197546,Horry,051,Brooksville,Horry - Brooksville,HORRY - BROOKSVILLE,19139415.875626,0.999953,1
051,Horry,VTD 22,4505122,Horry - VTD 22,HORRY - VTD 22,22876351.685280,Horry,051,Ebenezer,Horry - Ebenezer,HORRY - EBENEZER,22860778.076553,0.999319,1
051,Horry,VTD 22,4505122,Horry - VTD 22,HORRY - VTD 22,22876351.685280,Horry,051,Leon,Horry - Leon,HORRY - LEON,15567.945987,0.000681,2
051,Horry,VTD 23,4505123,Horry - VTD 23,HORRY - VTD 23,49297533.557496,Horry,051,Floyds,Horry - Floyds,HORRY - FLOYDS,49295792.780750,0.999965,1
051,Horry,VTD 29,4505129,Horry - VTD 29,HORRY - VTD 29,61047391.593830,Horry,051,Green Sea,Horry - Green Sea,HORRY - GREEN SEA,58853784.353277,0.964067,1
051,Horry,VTD 29,4505129,Horry - VTD 29,HORRY - VTD 29,61047391.593830,Horry,051,Mt. Olive,Horry - Mt. Olive,HORRY - MT. OLIVE,2193516.193572,0.035931,2
051,Horry,VTD 108,45051108,Horry - VTD 108,HORRY - VTD 108,65309791.577837,Horry,051,Leon,Horry - Leon,HORRY - LEON,30203206.361192,0.462461,1
051,Horry,VTD 108,45051108,Horry - VTD 108,HORRY - VTD 108,65309791.577837,Horry,051,Dogwood,Horry - Dogwood,HORRY - DOGWOOD,21855432.490870,0.334643,2
051,Horry,VTD 108,45051108,Horry - VTD 108,HORRY - VTD 108,65309791.577837,Horry,051,Wampee,Horry - Wampee,HORRY - WAMPEE,9705524.481418,0.148607,3
051,Horry,VTD 108,45051108,Horry - VTD 108,HORRY - VTD 108,65309791.577837,Horry,051,Red Bluff,Horry - Red Bluff,HORRY - RED BLUFF,3545625.003195,0.054289,4
051,Horry,VTD 34,4505134,Horry - VTD 34,HORRY - VTD 34,35087822.315095,Horry,051,Horry,Horry - Horry,HORRY - HORRY,35084332.662060,0.999901,1
051,Horry,VTD 99,4505199,Horry - VTD 99,HORRY - VTD 99,41800071.884394,Horry,051,Enterprise,Horry - Enterprise,HORRY - ENTERPRISE,14777212.444916,0.353521,1
051,Horry,VTD 99,4505199,Horry - VTD 99,HORRY - VTD 99,41800071.884394,Horry,051,Burgess 1,Horry - Burgess 1,HORRY - BURGESS 1,8218550.145496,0.196616,2
051,Horry,VTD 99,4505199,Horry - VTD 99,HORRY - VTD 99,41800071.884394,Horry,051,Burgess 2,Horry - Burgess 2,HORRY - BURGESS 2,7793294.056854,0.186442,3
051,Horry,VTD 99,4505199,Horry - VTD 99,HORRY - VTD 99,41800071.884394,Horry,051,Burgess 3,Horry - Burgess 3,HORRY - BURGESS 3,7181089.449445,0.171796,4
051,Horry,VTD 99,4505199,Horry - VTD 99,HORRY - VTD 99,41800071.884394,Horry,051,Sea Winds,Horry - Sea Winds,HORRY - SEA WINDS,3804821.234122,0.091024,5
051,Horry,VTD 71,4505171,Horry - VTD 71,HORRY - VTD 71,22547389.253991,Horry,051,Palmetto Bays,Horry - Palmetto Bays,HORRY - PALMETTO BAYS,14108632.350187,0.625732,1
051,Horry,VTD 71,4505171,Horry - VTD 71,HORRY - VTD 71,22547389.253991,Horry,051,Red Hill 2,Horry - Red Hill 2,HORRY - RED HILL 2,3492546.631670,0.154898,2
051,Horry,VTD 71,4505171,Horry - VTD 71,HORRY - VTD 71,22547389.253991,Horry,051,Myrtle Trace,Horry - Myrtle Trace,HORRY - MYRTLE TRACE,2229014.562418,0.098859,3
051,Horry,VTD 71,4505171,Horry - VTD 71,HORRY - VTD 71,22547389.253991,Horry,051,Carolina Forest 2,Horry - Carolina Forest 2,HORRY - CAROLINA FOREST 2,1479899.755237,0.065635,4
051,Horry,VTD 71,4505171,Horry - VTD 71,HORRY - VTD 71,22547389.253991,Horry,051,Wild Wing,Horry - Wild Wing,HORRY - WILD WING,826544.636835,0.036658,5
051,Horry,VTD 71,4505171,Horry - VTD 71,HORRY - VTD 71,22547389.253991,Horry,051,Carolina Forest 1,Horry - Carolina Forest 1,HORRY - CAROLINA FOREST 1,404826.890339,0.017954,6
051,Horry,VTD 72,4505172,Horry - VTD 72,HORRY - VTD 72,26207493.102099,Horry,051,Wild Wing,Horry - Wild Wing,HORRY - WILD WING,13881736.498877,0.529686,1
051,Horry,VTD 72,4505172,Horry - VTD 72,HORRY - VTD 72,26207493.102099,Horry,051,Salem,Horry - Salem,HORRY - SALEM,12294446.141363,0.469120,2
051,Horry,VTD 72,4505172,Horry - VTD 72,HORRY - VTD 72,26207493.102099,Horry,051,Carolina Forest 2,Horry - Carolina Forest 2,HORRY - CAROLINA FOREST 2,31310.126264,0.001195,3
051,Horry,VTD 2,450512,Horry - VTD 2,HORRY - VTD 2,36337851.827001,Horry,051,Allsbrook,Horry - Allsbrook,HORRY - ALLSBROOK,34304070.286039,0.944031,1
051,Horry,VTD 2,450512,Horry - VTD 2,HORRY - VTD 2,36337851.827001,Horry,051,East Lorris,Horry - East Lorris,HORRY - EAST LORRIS,1837875.542710,0.050577,2
051,Horry,VTD 2,450512,Horry - VTD 2,HORRY - VTD 2,36337851.827001,Horry,051,Gurley,Horry - Gurley,HORRY - GURLEY,195885.308213,0.005391,3
051,Horry,VTD 42,4505142,Horry - VTD 42,HORRY - VTD 42,18660697.661536,Horry,051,Leon,Horry - Leon,HORRY - LEON,18633109.148793,0.998522,1
051,Horry,VTD 42,4505142,Horry - VTD 42,HORRY - VTD 42,18660697.661536,Horry,051,Ebenezer,Horry - Ebenezer,HORRY - EBENEZER,27587.800522,0.001478,2
051,Horry,VTD 92,4505192,Horry - VTD 92,HORRY - VTD 92,29962816.396580,Horry,051,Windy Hill 1,Horry - Windy Hill 1,HORRY - WINDY HILL 1,16283701.963613,0.543464,1
051,Horry,VTD 92,4505192,Horry - VTD 92,HORRY - VTD 92,29962816.396580,Horry,051,Cresent,Horry - Cresent,HORRY - CRESENT,7079765.409872,0.236285,2
051,Horry,VTD 92,4505192,Horry - VTD 92,HORRY - VTD 92,29962816.396580,Horry,051,Ocean Drive 1,Horry - Ocean Drive 1,HORRY - OCEAN DRIVE 1,4580299.799241,0.152866,3
051,Horry,VTD 92,4505192,Horry - VTD 92,HORRY - VTD 92,29962816.396580,Horry,051,Atlantic Beach,Horry - Atlantic Beach,HORRY - ATLANTIC BEACH,1773508.260576,0.059190,4
051,Horry,VTD 92,4505192,Horry - VTD 92,HORRY - VTD 92,29962816.396580,Horry,051,Dunes 3,Horry - Dunes 3,HORRY - DUNES 3,245540.963279,0.008195,5
051,Horry,VTD 31,4505131,Horry - VTD 31,HORRY - VTD 31,135363656.547890,Horry,051,Dogwood,Horry - Dogwood,HORRY - DOGWOOD,38811428.714764,0.286720,1
051,Horry,VTD 31,4505131,Horry - VTD 31,HORRY - VTD 31,135363656.547890,Horry,051,Tilly Swamp,Horry - Tilly Swamp,HORRY - TILLY SWAMP,34320160.135276,0.253540,2
051,Horry,VTD 31,4505131,Horry - VTD 31,HORRY - VTD 31,135363656.547890,Horry,051,Hickory Grove,Horry - Hickory Grove,HORRY - HICKORY GROVE,33690970.301191,0.248892,3
051,Horry,VTD 31,4505131,Horry - VTD 31,HORRY - VTD 31,135363656.547890,Horry,051,Shell,Horry - Shell,HORRY - SHELL,17973264.912150,0.132778,4
051,Horry,VTD 31,4505131,Horry - VTD 31,HORRY - VTD 31,135363656.547890,Horry,051,Wampee,Horry - Wampee,HORRY - WAMPEE,7315175.462357,0.054041,5
051,Horry,VTD 31,4505131,Horry - VTD 31,HORRY - VTD 31,135363656.547890,Horry,051,Red Bluff,Horry - Red Bluff,HORRY - RED BLUFF,2819465.914189,0.020829,6
051,Horry,VTD 31,4505131,Horry - VTD 31,HORRY - VTD 31,135363656.547890,Horry,051,East Conway,Horry - East Conway,HORRY - EAST CONWAY,201845.730612,0.001491,7
051,Horry,VTD 31,4505131,Horry - VTD 31,HORRY - VTD 31,135363656.547890,Horry,051,Windy Hill 2,Horry - Windy Hill 2,HORRY - WINDY HILL 2,191796.917604,0.001417,8
051,Horry,VTD 102,45051102,Horry - VTD 102,HORRY - VTD 102,40687332.070392,Horry,051,Bayboro,Horry - Bayboro,HORRY - BAYBORO,40114770.376290,0.985928,1
051,Horry,VTD 102,45051102,Horry - VTD 102,HORRY - VTD 102,40687332.070392,Horry,051,Joyner Swamp,Horry - Joyner Swamp,HORRY - JOYNER SWAMP,572561.694102,0.014072,2
051,Horry,VTD 107,45051107,Horry - VTD 107,HORRY - VTD 107,42192181.256023,Horry,051,Green Sea,Horry - Green Sea,HORRY - GREEN SEA,42121221.758486,0.998318,1
051,Horry,VTD 107,45051107,Horry - VTD 107,HORRY - VTD 107,42192181.256023,Horry,051,Jerigan's Crossroads,Horry - Jerigan's Crossroads,HORRY - JERIGANS CROSSROADS,70957.971901,0.001682,2
051,Horry,VTD 90,4505190,Horry - VTD 90,HORRY - VTD 90,8224043.752240,Horry,051,West Lorris,Horry - West Lorris,HORRY - WEST LORRIS,8223605.543885,0.999947,1
051,Horry,VTD 100,45051100,Horry - VTD 100,HORRY - VTD 100,27797261.444088,Horry,051,Adrian,Horry - Adrian,HORRY - ADRIAN,27797100.829123,0.999994,1
051,Horry,VTD 93,4505193,Horry - VTD 93,HORRY - VTD 93,49729979.507707,Horry,051,Carolina Forest 2,Horry - Carolina Forest 2,HORRY - CAROLINA FOREST 2,19069791.550777,0.383467,1
051,Horry,VTD 93,4505193,Horry - VTD 93,HORRY - VTD 93,49729979.507707,Horry,051,Salem,Horry - Salem,HORRY - SALEM,17349348.007749,0.348871,2
051,Horry,VTD 93,4505193,Horry - VTD 93,HORRY - VTD 93,49729979.507707,Horry,051,Carolina Forest 1,Horry - Carolina Forest 1,HORRY - CAROLINA FOREST 1,7545509.375218,0.151730,3
051,Horry,VTD 93,4505193,Horry - VTD 93,HORRY - VTD 93,49729979.507707,Horry,051,Emerald Forest 1,Horry - Emerald Forest 1,HORRY - EMERALD FOREST 1,3519506.463844,0.070772,4
051,Horry,VTD 93,4505193,Horry - VTD 93,HORRY - VTD 93,49729979.507707,Horry,051,Wild Wing,Horry - Wild Wing,HORRY - WILD WING,2193611.025758,0.044110,5
051,Horry,VTD 93,4505193,Horry - VTD 93,HORRY - VTD 93,49729979.507707,Horry,051,Tilly Swamp,Horry - Tilly Swamp,HORRY - TILLY SWAMP,52213.084360,0.001050,6
051,Horry,VTD 4,450514,Horry - VTD 4,HORRY - VTD 4,50008704.933377,Horry,051,Aynor,Horry - Aynor,HORRY - AYNOR,45940283.394719,0.918646,1
051,Horry,VTD 4,450514,Horry - VTD 4,HORRY - VTD 4,50008704.933377,Horry,051,Dog Bluff,Horry - Dog Bluff,HORRY - DOG BLUFF,3400543.281590,0.067999,2
051,Horry,VTD 4,450514,Horry - VTD 4,HORRY - VTD 4,50008704.933377,Horry,051,Mill Swamp,Horry - Mill Swamp,HORRY - MILL SWAMP,667869.281668,0.013355,3
051,Horry,VTD 7,450517,Horry - VTD 7,HORRY - VTD 7,46461037.191530,Horry,051,Brownway,Horry - Brownway,HORRY - BROWNWAY,46366922.734813,0.997974,1
051,Horry,VTD 7,450517,Horry - VTD 7,HORRY - VTD 7,46461037.191530,Horry,051,Jamestown,Horry - Jamestown,HORRY - JAMESTOWN,86183.014783,0.001855,2
051,Horry,VTD 54,4505154,Horry - VTD 54,HORRY - VTD 54,25056238.155820,Horry,051,Nixon's Cross Roads 1,Horry - Nixon's Cross Roads 1,HORRY - NIXONS CROSS ROADS 1,17528269.542859,0.699557,1
051,Horry,VTD 54,4505154,Horry - VTD 54,HORRY - VTD 54,25056238.155820,Horry,051,Nixon's Cross Roads 2,Horry - Nixon's Cross Roads 2,HORRY - NIXONS CROSS ROADS 2,7345546.379292,0.293162,2
051,Horry,VTD 54,4505154,Horry - VTD 54,HORRY - VTD 54,25056238.155820,Horry,051,Ocean Drive 2,Horry - Ocean Drive 2,HORRY - OCEAN DRIVE 2,113935.400131,0.004547,3
051,Horry,VTD 54,4505154,Horry - VTD 54,HORRY - VTD 54,25056238.155820,Horry,051,Little River 3,Horry - Little River 3,HORRY - LITTLE RIVER 3,36357.812959,0.001451,4
051,Horry,VTD 54,4505154,Horry - VTD 54,HORRY - VTD 54,25056238.155820,Horry,051,Ocean Drive 1,Horry - Ocean Drive 1,HORRY - OCEAN DRIVE 1,25912.180806,0.001034,5
051,Horry,VTD 96,4505196,Horry - VTD 96,HORRY - VTD 96,21141631.315712,Horry,051,Brooksville,Horry - Brooksville,HORRY - BROOKSVILLE,17771786.028854,0.840606,1
051,Horry,VTD 96,4505196,Horry - VTD 96,HORRY - VTD 96,21141631.315712,Horry,051,Nixon's Cross Roads 1,Horry - Nixon's Cross Roads 1,HORRY - NIXONS CROSS ROADS 1,3182308.602790,0.150523,2
051,Horry,VTD 96,4505196,Horry - VTD 96,HORRY - VTD 96,21141631.315712,Horry,051,Little River 3,Horry - Little River 3,HORRY - LITTLE RIVER 3,179663.903265,0.008498,3
051,Horry,VTD 75,4505175,Horry - VTD 75,HORRY - VTD 75,29737553.762990,Horry,051,Shell,Horry - Shell,HORRY - SHELL,26462871.448665,0.889881,1
051,Horry,VTD 75,4505175,Horry - VTD 75,HORRY - VTD 75,29737553.762990,Horry,051,Hickory Grove,Horry - Hickory Grove,HORRY - HICKORY GROVE,3080853.625732,0.103601,2
051,Horry,VTD 75,4505175,Horry - VTD 75,HORRY - VTD 75,29737553.762990,Horry,051,Red Bluff,Horry - Red Bluff,HORRY - RED BLUFF,106199.773397,0.003571,3
051,Horry,VTD 75,4505175,Horry - VTD 75,HORRY - VTD 75,29737553.762990,Horry,051,White Oak,Horry - White Oak,HORRY - WHITE OAK,87628.915196,0.002947,4
051,Horry,VTD 8,450518,Horry - VTD 8,HORRY - VTD 8,63860265.315186,Horry,051,Cedar Grove,Horry - Cedar Grove,HORRY - CEDAR GROVE,63583109.829139,0.995660,1
051,Horry,VTD 8,450518,Horry - VTD 8,HORRY - VTD 8,63860265.315186,Horry,051,Juniper Bay,Horry - Juniper Bay,HORRY - JUNIPER BAY,275765.242378,0.004318,2
051,Horry,VTD 9,450519,Horry - VTD 9,HORRY - VTD 9,90236215.424432,Horry,051,Cherry Grove 1,Horry - Cherry Grove 1,HORRY - CHERRY GROVE 1,76463251.591058,0.847368,1
051,Horry,VTD 9,450519,Horry - VTD 9,HORRY - VTD 9,90236215.424432,Horry,051,Cherry Grove 2,Horry - Cherry Grove 2,HORRY - CHERRY GROVE 2,13771227.003964,0.152613,2
051,Horry,VTD 10,4505110,Horry - VTD 10,HORRY - VTD 10,9883662.157659,Horry,051,Coastal Lane 1,Horry - Coastal Lane 1,HORRY - COASTAL LANE 1,9883635.690055,0.999997,1
051,Horry,VTD 11,4505111,Horry - VTD 11,HORRY - VTD 11,42952187.198223,Horry,051,Emerald Forest 2,Horry - Emerald Forest 2,HORRY - EMERALD FOREST 2,11433786.566405,0.266198,1
051,Horry,VTD 11,4505111,Horry - VTD 11,HORRY - VTD 11,42952187.198223,Horry,051,Emerald Forest 3,Horry - Emerald Forest 3,HORRY - EMERALD FOREST 3,10724093.950518,0.249675,2
051,Horry,VTD 11,4505111,Horry - VTD 11,HORRY - VTD 11,42952187.198223,Horry,051,Emerald Forest 1,Horry - Emerald Forest 1,HORRY - EMERALD FOREST 1,8625249.674768,0.200810,3
051,Horry,VTD 11,4505111,Horry - VTD 11,HORRY - VTD 11,42952187.198223,Horry,051,Coastal Lane 2,Horry - Coastal Lane 2,HORRY - COASTAL LANE 2,7386296.702346,0.171966,4
051,Horry,VTD 11,4505111,Horry - VTD 11,HORRY - VTD 11,42952187.198223,Horry,051,Myrtlewood 3,Horry - Myrtlewood 3,HORRY - MYRTLEWOOD 3,2537727.908252,0.059083,5
051,Horry,VTD 11,4505111,Horry - VTD 11,HORRY - VTD 11,42952187.198223,Horry,051,Carolina Forest 1,Horry - Carolina Forest 1,HORRY - CAROLINA FOREST 1,2244718.697629,0.052261,6
051,Horry,VTD 3,450513,Horry - VTD 3,HORRY - VTD 3,1151729.667239,Horry,051,Atlantic Beach,Horry - Atlantic Beach,HORRY - ATLANTIC BEACH,1088617.470513,0.945202,1
051,Horry,VTD 3,450513,Horry - VTD 3,HORRY - VTD 3,1151729.667239,Horry,051,Cresent,Horry - Cresent,HORRY - CRESENT,63085.343519,0.054774,2
051,Horry,VTD 12,4505112,Horry - VTD 12,HORRY - VTD 12,24086559.428728,Horry,051,Cool Springs,Horry - Cool Springs,HORRY - COOL SPRINGS,23098652.077668,0.958985,1
051,Horry,VTD 12,4505112,Horry - VTD 12,HORRY - VTD 12,24086559.428728,Horry,051,Aynor,Horry - Aynor,HORRY - AYNOR,983782.504378,0.040844,2
051,Horry,VTD 52,4505152,Horry - VTD 52,HORRY - VTD 52,8763166.969772,Horry,051,Myrtlewood 2,Horry - Myrtlewood 2,HORRY - MYRTLEWOOD 2,8753168.728885,0.998859,1
051,Horry,VTD 52,4505152,Horry - VTD 52,HORRY - VTD 52,8763166.969772,Horry,051,Myrtlewood 3,Horry - Myrtlewood 3,HORRY - MYRTLEWOOD 3,9988.938008,0.001140,2
051,Horry,VTD 13,4505113,Horry - VTD 13,HORRY - VTD 13,8661593.738473,Horry,051,Cresent,Horry - Cresent,HORRY - CRESENT,8212356.504561,0.948135,1
051,Horry,VTD 13,4505113,Horry - VTD 13,HORRY - VTD 13,8661593.738473,Horry,051,Windy Hill 1,Horry - Windy Hill 1,HORRY - WINDY HILL 1,397937.002203,0.045943,2
051,Horry,VTD 13,4505113,Horry - VTD 13,HORRY - VTD 13,8661593.738473,Horry,051,Ocean Drive 1,Horry - Ocean Drive 1,HORRY - OCEAN DRIVE 1,31156.682953,0.003597,3
051,Horry,VTD 13,4505113,Horry - VTD 13,HORRY - VTD 13,8661593.738473,Horry,051,Atlantic Beach,Horry - Atlantic Beach,HORRY - ATLANTIC BEACH,20143.548755,0.002326,4
051,Horry,VTD 26,4505126,Horry - VTD 26,HORRY - VTD 26,8639690.663139,Horry,051,Garden City 1,Horry - Garden City 1,HORRY - GARDEN CITY 1,8343326.941745,0.965697,1
051,Horry,VTD 26,4505126,Horry - VTD 26,HORRY - VTD 26,8639690.663139,Horry,051,Garden City 2,Horry - Garden City 2,HORRY - GARDEN CITY 2,283530.058675,0.032817,2
051,Horry,VTD 26,4505126,Horry - VTD 26,HORRY - VTD 26,8639690.663139,Horry,051,Garden City 3,Horry - Garden City 3,HORRY - GARDEN CITY 3,12833.353832,0.001485,3
051,Horry,VTD 59,4505159,Horry - VTD 59,HORRY - VTD 59,19751446.083450,Horry,051,Ocean Drive 2,Horry - Ocean Drive 2,HORRY - OCEAN DRIVE 2,19484546.805423,0.986487,1
051,Horry,VTD 59,4505159,Horry - VTD 59,HORRY - VTD 59,19751446.083450,Horry,051,Cherry Grove 1,Horry - Cherry Grove 1,HORRY - CHERRY GROVE 1,266898.095928,0.013513,2
051,Horry,VTD 17,4505117,Horry - VTD 17,HORRY - VTD 17,26487302.047530,Horry,051,Dunes 1,Horry - Dunes 1,HORRY - DUNES 1,19609657.021235,0.740342,1
051,Horry,VTD 17,4505117,Horry - VTD 17,HORRY - VTD 17,26487302.047530,Horry,051,Ocean Forest 2,Horry - Ocean Forest 2,HORRY - OCEAN FOREST 2,6201284.543115,0.234123,2
051,Horry,VTD 17,4505117,Horry - VTD 17,HORRY - VTD 17,26487302.047530,Horry,051,Dunes 2,Horry - Dunes 2,HORRY - DUNES 2,672204.794520,0.025378,3
051,Horry,VTD 82,4505182,Horry - VTD 82,HORRY - VTD 82,3365178.713782,Horry,051,Surfside 3,Horry - Surfside 3,HORRY - SURFSIDE 3,3326228.212465,0.988425,1
051,Horry,VTD 82,4505182,Horry - VTD 82,HORRY - VTD 82,3365178.713782,Horry,051,Deerfield,Horry - Deerfield,HORRY - DEERFIELD,38909.493482,0.011562,2
051,Horry,VTD 14,4505114,Horry - VTD 14,HORRY - VTD 14,49647684.103826,Horry,051,Daisy,Horry - Daisy,HORRY - DAISY,49436979.216182,0.995756,1
051,Horry,VTD 14,4505114,Horry - VTD 14,HORRY - VTD 14,49647684.103826,Horry,051,Mt. Vernon,Horry - Mt. Vernon,HORRY - MT. VERNON,209937.846484,0.004229,2
051,Horry,VTD 104,45051104,Horry - VTD 104,HORRY - VTD 104,40140466.560401,Horry,051,Dog Bluff,Horry - Dog Bluff,HORRY - DOG BLUFF,40052312.164529,0.997804,1
051,Horry,VTD 104,45051104,Horry - VTD 104,HORRY - VTD 104,40140466.560401,Horry,051,Cool Springs,Horry - Cool Springs,HORRY - COOL SPRINGS,88153.008771,0.002196,2
051,Horry,VTD 19,4505119,Horry - VTD 19,HORRY - VTD 19,6212122.703690,Horry,051,Dunes 3,Horry - Dunes 3,HORRY - DUNES 3,5396597.524166,0.868720,1
051,Horry,VTD 19,4505119,Horry - VTD 19,HORRY - VTD 19,6212122.703690,Horry,051,Windy Hill 1,Horry - Windy Hill 1,HORRY - WINDY HILL 1,445857.111645,0.071772,2
051,Horry,VTD 19,4505119,Horry - VTD 19,HORRY - VTD 19,6212122.703690,Horry,051,Dunes 2,Horry - Dunes 2,HORRY - DUNES 2,359449.118131,0.057863,3
051,Horry,VTD 19,4505119,Horry - VTD 19,HORRY - VTD 19,6212122.703690,Horry,051,Windy Hill 2,Horry - Windy Hill 2,HORRY - WINDY HILL 2,10218.949748,0.001645,4
051,Horry,VTD 20,4505120,Horry - VTD 20,HORRY - VTD 20,23395668.026023,Horry,051,East Conway,Horry - East Conway,HORRY - EAST CONWAY,21932633.251323,0.937466,1
051,Horry,VTD 20,4505120,Horry - VTD 20,HORRY - VTD 20,23395668.026023,Horry,051,Hickory Grove,Horry - Hickory Grove,HORRY - HICKORY GROVE,1444982.102325,0.061763,2
051,Horry,VTD 20,4505120,Horry - VTD 20,HORRY - VTD 20,23395668.026023,Horry,051,North Conway 2,Horry - North Conway 2,HORRY - NORTH CONWAY 2,16511.177252,0.000706,3
051,Horry,VTD 103,45051103,Horry - VTD 103,HORRY - VTD 103,17348770.484969,Horry,051,Horry,Horry - Horry,HORRY - HORRY,17348760.538977,0.999999,1
051,Horry,VTD 18,4505118,Horry - VTD 18,HORRY - VTD 18,36914875.666235,Horry,051,Dunes 2,Horry - Dunes 2,HORRY - DUNES 2,36914649.925948,0.999994,1
051,Horry,VTD 101,45051101,Horry - VTD 101,HORRY - VTD 101,23577755.529637,Horry,051,East Lorris,Horry - East Lorris,HORRY - EAST LORRIS,23577746.828446,1.000000,1
051,Horry,VTD 97,4505197,Horry - VTD 97,HORRY - VTD 97,46351512.236234,Horry,051,Ebenezer,Horry - Ebenezer,HORRY - EBENEZER,46343600.778885,0.999829,1
051,Horry,VTD 106,45051106,Horry - VTD 106,HORRY - VTD 106,42635363.685175,Horry,051,Floyds,Horry - Floyds,HORRY - FLOYDS,42588501.507449,0.998901,1
051,Horry,VTD 106,45051106,Horry - VTD 106,HORRY - VTD 106,42635363.685175,Horry,051,Spring Branch,Horry - Spring Branch,HORRY - SPRING BRANCH,42985.600254,0.001008,2
051,Horry,VTD 76,4505176,Horry - VTD 76,HORRY - VTD 76,27573263.757992,Horry,051,Sea Winds,Horry - Sea Winds,HORRY - SEA WINDS,9999139.725604,0.362639,1
051,Horry,VTD 76,4505176,Horry - VTD 76,HORRY - VTD 76,27573263.757992,Horry,051,Lake Park,Horry - Lake Park,HORRY - LAKE PARK,8938640.046892,0.324178,2
051,Horry,VTD 76,4505176,Horry - VTD 76,HORRY - VTD 76,27573263.757992,Horry,051,Socastee 1,Horry - Socastee 1,HORRY - SOCASTEE 1,5933755.466964,0.215200,3
051,Horry,VTD 76,4505176,Horry - VTD 76,HORRY - VTD 76,27573263.757992,Horry,051,Enterprise,Horry - Enterprise,HORRY - ENTERPRISE,2609595.752642,0.094642,4
051,Horry,VTD 76,4505176,Horry - VTD 76,HORRY - VTD 76,27573263.757992,Horry,051,Surfside 4,Horry - Surfside 4,HORRY - SURFSIDE 4,34199.843018,0.001240,5
051,Horry,VTD 76,4505176,Horry - VTD 76,HORRY - VTD 76,27573263.757992,Horry,051,Deerfield,Horry - Deerfield,HORRY - DEERFIELD,24336.363074,0.000883,6
051,Horry,VTD 76,4505176,Horry - VTD 76,HORRY - VTD 76,27573263.757992,Horry,051,Surfside 3,Horry - Surfside 3,HORRY - SURFSIDE 3,22865.052873,0.000829,7
051,Horry,VTD 25,4505125,Horry - VTD 25,HORRY - VTD 25,36626901.041526,Horry,051,Galivants Ferry,Horry - Galivants Ferry,HORRY - GALIVANTS FERRY,35830040.575190,0.978244,1
051,Horry,VTD 25,4505125,Horry - VTD 25,HORRY - VTD 25,36626901.041526,Horry,051,Aynor,Horry - Aynor,HORRY - AYNOR,796221.899250,0.021739,2
051,Horry,VTD 27,4505127,Horry - VTD 27,HORRY - VTD 27,2524031.531718,Horry,051,Garden City 2,Horry - Garden City 2,HORRY - GARDEN CITY 2,2518598.331849,0.997847,1
051,Horry,VTD 27,4505127,Horry - VTD 27,HORRY - VTD 27,2524031.531718,Horry,051,Garden City 4,Horry - Garden City 4,HORRY - GARDEN CITY 4,5249.963888,0.002080,2
051,Horry,VTD 28,4505128,Horry - VTD 28,HORRY - VTD 28,9245851.038607,Horry,051,Garden City 3,Horry - Garden City 3,HORRY - GARDEN CITY 3,4194774.193082,0.453693,1
051,Horry,VTD 28,4505128,Horry - VTD 28,HORRY - VTD 28,9245851.038607,Horry,051,Glenns Bay,Horry - Glenns Bay,HORRY - GLENNS BAY,3057296.532472,0.330667,2
051,Horry,VTD 28,4505128,Horry - VTD 28,HORRY - VTD 28,9245851.038607,Horry,051,Garden City 4,Horry - Garden City 4,HORRY - GARDEN CITY 4,1981663.289016,0.214330,3
051,Horry,VTD 28,4505128,Horry - VTD 28,HORRY - VTD 28,9245851.038607,Horry,051,Garden City 2,Horry - Garden City 2,HORRY - GARDEN CITY 2,10092.484662,0.001092,4
051,Horry,VTD 30,4505130,Horry - VTD 30,HORRY - VTD 30,14458669.161533,Horry,051,Gurley,Horry - Gurley,HORRY - GURLEY,14457779.056943,0.999938,1
051,Horry,VTD 32,4505132,Horry - VTD 32,HORRY - VTD 32,18649969.119547,Horry,051,Hickory Hill,Horry - Hickory Hill,HORRY - HICKORY HILL,18649967.112127,1.000000,1
051,Horry,VTD 15,4505115,Horry - VTD 15,HORRY - VTD 15,80458807.689698,Horry,051,Dog Bluff,Horry - Dog Bluff,HORRY - DOG BLUFF,80415442.890737,0.999461,1
051,Horry,VTD 15,4505115,Horry - VTD 15,HORRY - VTD 15,80458807.689698,Horry,051,Jordanville,Horry - Jordanville,HORRY - JORDANVILLE,43357.620752,0.000539,2
051,Horry,VTD 33,4505133,Horry - VTD 33,HORRY - VTD 33,21501541.574581,Horry,051,Homewood,Horry - Homewood,HORRY - HOMEWOOD,21500804.558444,0.999966,1
051,Horry,VTD 35,4505135,Horry - VTD 35,HORRY - VTD 35,29709586.403362,Horry,051,Inland,Horry - Inland,HORRY - INLAND,29709144.412819,0.999985,1
051,Horry,VTD 36,4505136,Horry - VTD 36,HORRY - VTD 36,26799664.471449,Horry,051,Jamestown,Horry - Jamestown,HORRY - JAMESTOWN,26669358.604996,0.995138,1
051,Horry,VTD 36,4505136,Horry - VTD 36,HORRY - VTD 36,26799664.471449,Horry,051,Juniper Bay,Horry - Juniper Bay,HORRY - JUNIPER BAY,96308.861489,0.003594,2
051,Horry,VTD 36,4505136,Horry - VTD 36,HORRY - VTD 36,26799664.471449,Horry,051,Red Hill 1,Horry - Red Hill 1,HORRY - RED HILL 1,23322.107500,0.000870,3
051,Horry,VTD 24,4505124,Horry - VTD 24,HORRY - VTD 24,23667757.599302,Horry,051,Four Mile,Horry - Four Mile,HORRY - FOUR MILE,23429620.304634,0.989938,1
051,Horry,VTD 24,4505124,Horry - VTD 24,HORRY - VTD 24,23667757.599302,Horry,051,Homewood,Horry - Homewood,HORRY - HOMEWOOD,217604.771049,0.009194,2
051,Horry,VTD 24,4505124,Horry - VTD 24,HORRY - VTD 24,23667757.599302,Horry,051,Horry,Horry - Horry,HORRY - HORRY,19936.783813,0.000842,3
051,Horry,VTD 37,4505137,Horry - VTD 37,HORRY - VTD 37,48486691.342821,Horry,051,Jerigan's Crossroads,Horry - Jerigan's Crossroads,HORRY - JERIGANS CROSSROADS,48367803.250177,0.997548,1
051,Horry,VTD 37,4505137,Horry - VTD 37,HORRY - VTD 37,48486691.342821,Horry,051,West Lorris,Horry - West Lorris,HORRY - WEST LORRIS,101772.095170,0.002099,2
051,Horry,VTD 38,4505138,Horry - VTD 38,HORRY - VTD 38,31686132.558354,Horry,051,Jet Port 2,Horry - Jet Port 2,HORRY - JET PORT 2,18699656.810976,0.590153,1
051,Horry,VTD 38,4505138,Horry - VTD 38,HORRY - VTD 38,31686132.558354,Horry,051,Jet Port 1,Horry - Jet Port 1,HORRY - JET PORT 1,12810920.561494,0.404307,2
051,Horry,VTD 38,4505138,Horry - VTD 38,HORRY - VTD 38,31686132.558354,Horry,051,Lake Park,Horry - Lake Park,HORRY - LAKE PARK,103852.037642,0.003278,3
051,Horry,VTD 38,4505138,Horry - VTD 38,HORRY - VTD 38,31686132.558354,Horry,051,Socastee 1,Horry - Socastee 1,HORRY - SOCASTEE 1,68528.859401,0.002163,4
051,Horry,VTD 39,4505139,Horry - VTD 39,HORRY - VTD 39,47273637.893084,Horry,051,Jordanville,Horry - Jordanville,HORRY - JORDANVILLE,42507918.037793,0.899189,1
051,Horry,VTD 39,4505139,Horry - VTD 39,HORRY - VTD 39,47273637.893084,Horry,051,Cedar Grove,Horry - Cedar Grove,HORRY - CEDAR GROVE,4758314.385869,0.100655,2
051,Horry,VTD 49,4505149,Horry - VTD 49,HORRY - VTD 49,40344777.796183,Horry,051,Mt. Olive,Horry - Mt. Olive,HORRY - MT. OLIVE,39669405.596682,0.983260,1
051,Horry,VTD 49,4505149,Horry - VTD 49,HORRY - VTD 49,40344777.796183,Horry,051,Floyds,Horry - Floyds,HORRY - FLOYDS,674900.422120,0.016728,2
051,Horry,VTD 40,4505140,Horry - VTD 40,HORRY - VTD 40,40463218.954541,Horry,051,Joyner Swamp,Horry - Joyner Swamp,HORRY - JOYNER SWAMP,37092780.905313,0.916704,1
051,Horry,VTD 40,4505140,Horry - VTD 40,HORRY - VTD 40,40463218.954541,Horry,051,Bayboro,Horry - Bayboro,HORRY - BAYBORO,1849939.402068,0.045719,2
051,Horry,VTD 40,4505140,Horry - VTD 40,HORRY - VTD 40,40463218.954541,Horry,051,Mill Swamp,Horry - Mill Swamp,HORRY - MILL SWAMP,1514818.389305,0.037437,3
051,Horry,VTD 41,4505141,Horry - VTD 41,HORRY - VTD 41,31418921.857609,Horry,051,Juniper Bay,Horry - Juniper Bay,HORRY - JUNIPER BAY,31124843.298528,0.990640,1
051,Horry,VTD 41,4505141,Horry - VTD 41,HORRY - VTD 41,31418921.857609,Horry,051,Brownway,Horry - Brownway,HORRY - BROWNWAY,201411.841706,0.006411,2
051,Horry,VTD 41,4505141,Horry - VTD 41,HORRY - VTD 41,31418921.857609,Horry,051,Four Mile,Horry - Four Mile,HORRY - FOUR MILE,54288.114433,0.001728,3
051,Horry,VTD 41,4505141,Horry - VTD 41,HORRY - VTD 41,31418921.857609,Horry,051,Jordanville,Horry - Jordanville,HORRY - JORDANVILLE,37409.417441,0.001191,4
051,Horry,VTD 43,4505143,Horry - VTD 43,HORRY - VTD 43,20945950.788137,Horry,051,Little River 1,Horry - Little River 1,HORRY - LITTLE RIVER 1,11367874.898277,0.542724,1
051,Horry,VTD 43,4505143,Horry - VTD 43,HORRY - VTD 43,20945950.788137,Horry,051,Little River 2,Horry - Little River 2,HORRY - LITTLE RIVER 2,5026412.264270,0.239971,2
051,Horry,VTD 43,4505143,Horry - VTD 43,HORRY - VTD 43,20945950.788137,Horry,051,Little River 3,Horry - Little River 3,HORRY - LITTLE RIVER 3,4550153.742110,0.217233,3
051,Horry,VTD 95,4505195,Horry - VTD 95,HORRY - VTD 95,10062164.115862,Horry,051,Wampee,Horry - Wampee,HORRY - WAMPEE,10062138.087006,0.999997,1
051,Horry,VTD 57,4505157,Horry - VTD 57,HORRY - VTD 57,23335487.885637,Horry,051,Norton,Horry - Norton,HORRY - NORTON,22676899.877768,0.971777,1
051,Horry,VTD 57,4505157,Horry - VTD 57,HORRY - VTD 57,23335487.885637,Horry,051,Mt. Olive,Horry - Mt. Olive,HORRY - MT. OLIVE,658552.855630,0.028221,2
051,Horry,VTD 44,4505144,Horry - VTD 44,HORRY - VTD 44,20305177.473805,Horry,051,Live Oak,Horry - Live Oak,HORRY - LIVE OAK,20305149.550358,0.999999,1
051,Horry,VTD 45,4505145,Horry - VTD 45,HORRY - VTD 45,33823383.363330,Horry,051,Maple,Horry - Maple,HORRY - MAPLE,28340586.259614,0.837899,1
051,Horry,VTD 45,4505145,Horry - VTD 45,HORRY - VTD 45,33823383.363330,Horry,051,Hickory Grove,Horry - Hickory Grove,HORRY - HICKORY GROVE,5477945.308549,0.161957,2
051,Horry,VTD 47,4505147,Horry - VTD 47,HORRY - VTD 47,35914400.815806,Horry,051,Methodist Rehobeth,Horry - Methodist Rehobeth,HORRY - METHODIST REHOBETH,35911014.646375,0.999906,1
051,Horry,VTD 46,4505146,Horry - VTD 46,HORRY - VTD 46,40313554.680975,Horry,051,Marlowe 2,Horry - Marlowe 2,HORRY - MARLOWE 2,23216897.295760,0.575908,1
051,Horry,VTD 46,4505146,Horry - VTD 46,HORRY - VTD 46,40313554.680975,Horry,051,Marlowe,Horry - Marlowe,HORRY - MARLOWE,16760733.235258,0.415759,2
051,Horry,VTD 46,4505146,Horry - VTD 46,HORRY - VTD 46,40313554.680975,Horry,051,Burgess 3,Horry - Burgess 3,HORRY - BURGESS 3,335409.464230,0.008320,3
051,Horry,VTD 48,4505148,Horry - VTD 48,HORRY - VTD 48,16264642.579033,Horry,051,Mill Swamp,Horry - Mill Swamp,HORRY - MILL SWAMP,16055917.319107,0.987167,1
051,Horry,VTD 48,4505148,Horry - VTD 48,HORRY - VTD 48,16264642.579033,Horry,051,Aynor,Horry - Aynor,HORRY - AYNOR,208719.736168,0.012833,2
051,Horry,VTD 50,4505150,Horry - VTD 50,HORRY - VTD 50,31430540.544031,Horry,051,Mt. Vernon,Horry - Mt. Vernon,HORRY - MT. VERNON,31430540.544031,1.000000,1
051,Horry,VTD 51,4505151,Horry - VTD 51,HORRY - VTD 51,14237739.560164,Horry,051,Myrtlewood 1,Horry - Myrtlewood 1,HORRY - MYRTLEWOOD 1,14170995.739758,0.995312,1
051,Horry,VTD 51,4505151,Horry - VTD 51,HORRY - VTD 51,14237739.560164,Horry,051,Coastal Lane 1,Horry - Coastal Lane 1,HORRY - COASTAL LANE 1,66735.892896,0.004687,2
051,Horry,VTD 53,4505153,Horry - VTD 53,HORRY - VTD 53,1658933.361658,Horry,051,Myrtlewood 3,Horry - Myrtlewood 3,HORRY - MYRTLEWOOD 3,1314412.885929,0.792324,1
051,Horry,VTD 53,4505153,Horry - VTD 53,HORRY - VTD 53,1658933.361658,Horry,051,Ocean Forest 2,Horry - Ocean Forest 2,HORRY - OCEAN FOREST 2,344512.028854,0.207671,2
051,Horry,VTD 55,4505155,Horry - VTD 55,HORRY - VTD 55,6373640.024393,Horry,051,North Conway 1,Horry - North Conway 1,HORRY - NORTH CONWAY 1,6369600.490793,0.999366,1
051,Horry,VTD 56,4505156,Horry - VTD 56,HORRY - VTD 56,3203657.503319,Horry,051,North Conway 2,Horry - North Conway 2,HORRY - NORTH CONWAY 2,3101041.889999,0.967969,1
051,Horry,VTD 56,4505156,Horry - VTD 56,HORRY - VTD 56,3203657.503319,Horry,051,Homewood,Horry - Homewood,HORRY - HOMEWOOD,65557.892260,0.020463,2
051,Horry,VTD 56,4505156,Horry - VTD 56,HORRY - VTD 56,3203657.503319,Horry,051,East Conway,Horry - East Conway,HORRY - EAST CONWAY,19838.400509,0.006192,3
051,Horry,VTD 56,4505156,Horry - VTD 56,HORRY - VTD 56,3203657.503319,Horry,051,North Conway 1,Horry - North Conway 1,HORRY - NORTH CONWAY 1,17218.968857,0.005375,4
051,Horry,VTD 88,4505188,Horry - VTD 88,HORRY - VTD 88,40129687.468168,Horry,051,Wampee,Horry - Wampee,HORRY - WAMPEE,26049824.379367,0.649141,1
051,Horry,VTD 88,4505188,Horry - VTD 88,HORRY - VTD 88,40129687.468168,Horry,051,Windy Hill 2,Horry - Windy Hill 2,HORRY - WINDY HILL 2,13087005.780219,0.326118,2
051,Horry,VTD 88,4505188,Horry - VTD 88,HORRY - VTD 88,40129687.468168,Horry,051,Nixon's Cross Roads 1,Horry - Nixon's Cross Roads 1,HORRY - NIXONS CROSS ROADS 1,453536.887834,0.011302,3
051,Horry,VTD 88,4505188,Horry - VTD 88,HORRY - VTD 88,40129687.468168,Horry,051,Nixon's Cross Roads 2,Horry - Nixon's Cross Roads 2,HORRY - NIXONS CROSS ROADS 2,158469.607988,0.003949,4
051,Horry,VTD 88,4505188,Horry - VTD 88,HORRY - VTD 88,40129687.468168,Horry,051,Windy Hill 1,Horry - Windy Hill 1,HORRY - WINDY HILL 1,143980.396843,0.003588,5
051,Horry,VTD 88,4505188,Horry - VTD 88,HORRY - VTD 88,40129687.468168,Horry,051,Cresent,Horry - Cresent,HORRY - CRESENT,120638.313338,0.003006,6
051,Horry,VTD 88,4505188,Horry - VTD 88,HORRY - VTD 88,40129687.468168,Horry,051,Ocean Drive 1,Horry - Ocean Drive 1,HORRY - OCEAN DRIVE 1,91274.472483,0.002274,7
051,Horry,VTD 88,4505188,Horry - VTD 88,HORRY - VTD 88,40129687.468168,Horry,051,Dunes 1,Horry - Dunes 1,HORRY - DUNES 1,24948.342378,0.000622,8
051,Horry,VTD 58,4505158,Horry - VTD 58,HORRY - VTD 58,13692680.083598,Horry,051,Ocean Drive 1,Horry - Ocean Drive 1,HORRY - OCEAN DRIVE 1,13305961.654126,0.971757,1
051,Horry,VTD 58,4505158,Horry - VTD 58,HORRY - VTD 58,13692680.083598,Horry,051,Cresent,Horry - Cresent,HORRY - CRESENT,381063.879342,0.027830,2
051,Horry,VTD 60,4505160,Horry - VTD 60,HORRY - VTD 60,21787340.874158,Horry,051,Ocean Forest 1,Horry - Ocean Forest 1,HORRY - OCEAN FOREST 1,21787290.233271,0.999998,1
051,Horry,VTD 62,4505162,Horry - VTD 62,HORRY - VTD 62,1905788.948881,Horry,051,Ocean Forest 3,Horry - Ocean Forest 3,HORRY - OCEAN FOREST 3,1905657.943036,0.999931,1
051,Horry,VTD 63,4505163,Horry - VTD 63,HORRY - VTD 63,51989950.057883,Horry,051,Pawley's Swamp,Horry - Pawley's Swamp,HORRY - PAWLEYS SWAMP,51989776.024371,0.999997,1
051,Horry,VTD 64,4505164,Horry - VTD 64,HORRY - VTD 64,41757602.695762,Horry,051,Pleasant View,Horry - Pleasant View,HORRY - PLEASANT VIEW,41757587.136514,1.000000,1
053,Jasper,VTD 2,450532,Jasper - VTD 2,JASPER - VTD 2,97100109.177167,Jasper,053,Pineland,Jasper - Pineland,JASPER - PINELAND,95228802.949773,0.980728,1
053,Jasper,VTD 2,450532,Jasper - VTD 2,JASPER - VTD 2,97100109.177167,Jasper,053,Tillman,Jasper - Tillman,JASPER - TILLMAN,1871306.216982,0.019272,2
053,Jasper,VTD 5,450535,Jasper - VTD 5,JASPER - VTD 5,61203270.568228,Jasper,053,Coosawatchie,Jasper - Coosawatchie,JASPER - COOSAWATCHIE,61203263.919880,1.000000,1
053,Jasper,VTD 6,450536,Jasper - VTD 6,JASPER - VTD 6,82807146.873866,Jasper,053,Coosawatchie,Jasper - Coosawatchie,JASPER - COOSAWATCHIE,82648402.959328,0.998083,1
053,Jasper,VTD 14,4505314,Jasper - VTD 14,JASPER - VTD 14,54540474.990440,Jasper,053,Grahamville 1,Jasper - Grahamville 1,JASPER - GRAHAMVILLE 1,52392404.189376,0.960615,1
053,Jasper,VTD 14,4505314,Jasper - VTD 14,JASPER - VTD 14,54540474.990440,Jasper,053,Okatie,Jasper - Okatie,JASPER - OKATIE,2148070.801064,0.039385,2
053,Jasper,VTD 3,450533,Jasper - VTD 3,JASPER - VTD 3,91196411.475435,Jasper,053,Pineland,Jasper - Pineland,JASPER - PINELAND,90604901.371374,0.993514,1
053,Jasper,VTD 3,450533,Jasper - VTD 3,JASPER - VTD 3,91196411.475435,Jasper,053,Ridgeland 3,Jasper - Ridgeland 3,JASPER - RIDGELAND 3,591509.821419,0.006486,2
053,Jasper,VTD 8,450538,Jasper - VTD 8,JASPER - VTD 8,18795313.206559,Jasper,053,Ridgeland 1,Jasper - Ridgeland 1,JASPER - RIDGELAND 1,18795308.942603,1.000000,1
053,Jasper,VTD 10,4505310,Jasper - VTD 10,JASPER - VTD 10,157466271.767022,Jasper,053,Tillman,Jasper - Tillman,JASPER - TILLMAN,154585822.920740,0.981708,1
053,Jasper,VTD 10,4505310,Jasper - VTD 10,JASPER - VTD 10,157466271.767022,Jasper,053,Pineland,Jasper - Pineland,JASPER - PINELAND,2879108.762637,0.018284,2
053,Jasper,VTD 16,4505316,Jasper - VTD 16,JASPER - VTD 16,81657315.167552,Jasper,053,Hardeeville 2,Jasper - Hardeeville 2,JASPER - HARDEEVILLE 2,81203797.218985,0.994446,1
053,Jasper,VTD 16,4505316,Jasper - VTD 16,JASPER - VTD 16,81657315.167552,Jasper,053,Hardeeville 1,Jasper - Hardeeville 1,JASPER - HARDEEVILLE 1,453513.624011,0.005554,2
053,Jasper,VTD 1,450531,Jasper - VTD 1,JASPER - VTD 1,151585897.305100,Jasper,053,Grays,Jasper - Grays,JASPER - GRAYS,151585870.913485,1.000000,1
053,Jasper,VTD 18,4505318,Jasper - VTD 18,JASPER - VTD 18,371026620.174732,Jasper,053,Levy,Jasper - Levy,JASPER - LEVY,370856985.376956,0.999543,1
053,Jasper,VTD 11,4505311,Jasper - VTD 11,JASPER - VTD 11,101437179.184415,Jasper,053,Tillman,Jasper - Tillman,JASPER - TILLMAN,96566178.175996,0.951980,1
053,Jasper,VTD 11,4505311,Jasper - VTD 11,JASPER - VTD 11,101437179.184415,Jasper,053,Ridgeland 3,Jasper - Ridgeland 3,JASPER - RIDGELAND 3,4857039.431200,0.047882,2
053,Jasper,VTD 4,450534,Jasper - VTD 4,JASPER - VTD 4,80035453.851068,Jasper,053,Gillisonville,Jasper - Gillisonville,JASPER - GILLISONVILLE,80035371.998904,0.999999,1
053,Jasper,VTD 13,4505313,Jasper - VTD 13,JASPER - VTD 13,98240672.653595,Jasper,053,Grahamville 1,Jasper - Grahamville 1,JASPER - GRAHAMVILLE 1,91752284.927145,0.933954,1
053,Jasper,VTD 13,4505313,Jasper - VTD 13,JASPER - VTD 13,98240672.653595,Jasper,053,Grahamville 2,Jasper - Grahamville 2,JASPER - GRAHAMVILLE 2,6266598.553771,0.063788,2
053,Jasper,VTD 13,4505313,Jasper - VTD 13,JASPER - VTD 13,98240672.653595,Jasper,053,Coosawatchie,Jasper - Coosawatchie,JASPER - COOSAWATCHIE,212955.403067,0.002168,3
053,Jasper,VTD 9,450539,Jasper - VTD 9,JASPER - VTD 9,71637535.597506,Jasper,053,Grahamville 2,Jasper - Grahamville 2,JASPER - GRAHAMVILLE 2,71277469.002126,0.994974,1
053,Jasper,VTD 9,450539,Jasper - VTD 9,JASPER - VTD 9,71637535.597506,Jasper,053,Grahamville 1,Jasper - Grahamville 1,JASPER - GRAHAMVILLE 1,360066.595380,0.005026,2
053,Jasper,VTD 17,4505317,Jasper - VTD 17,JASPER - VTD 17,80237300.804690,Jasper,053,Hardeeville 1,Jasper - Hardeeville 1,JASPER - HARDEEVILLE 1,79963642.578407,0.996589,1
053,Jasper,VTD 17,4505317,Jasper - VTD 17,JASPER - VTD 17,80237300.804690,Jasper,053,Levy,Jasper - Levy,JASPER - LEVY,95587.394976,0.001191,2
053,Jasper,VTD 7,450537,Jasper - VTD 7,JASPER - VTD 7,77694125.050663,Jasper,053,Ridgeland 3,Jasper - Ridgeland 3,JASPER - RIDGELAND 3,77347096.204760,0.995533,1
053,Jasper,VTD 7,450537,Jasper - VTD 7,JASPER - VTD 7,77694125.050663,Jasper,053,Tillman,Jasper - Tillman,JASPER - TILLMAN,347008.368408,0.004466,2
053,Jasper,VTD 12,4505312,Jasper - VTD 12,JASPER - VTD 12,26181294.938542,Jasper,053,Ridgeland 2,Jasper - Ridgeland 2,JASPER - RIDGELAND 2,26181278.425702,0.999999,1
053,Jasper,VTD 15,4505315,Jasper - VTD 15,JASPER - VTD 15,109338401.645371,Jasper,053,Okatie,Jasper - Okatie,JASPER - OKATIE,104447432.222542,0.955268,1
053,Jasper,VTD 15,4505315,Jasper - VTD 15,JASPER - VTD 15,109338401.645371,Jasper,053,Grahamville 1,Jasper - Grahamville 1,JASPER - GRAHAMVILLE 1,4149451.462940,0.037951,2
055,Kershaw,VTD 20,4505520,Kershaw - VTD 20,KERSHAW - VTD 20,14553832.976978,Kershaw,055,Lugoff No. 1,Kershaw - Lugoff No. 1,KERSHAW - LUGOFF NO. 1,14553832.976978,1.000000,1
055,Kershaw,VTD 31,4505531,Kershaw - VTD 31,KERSHAW - VTD 31,57322760.529485,Kershaw,055,Elgin No. 5,Kershaw - Elgin No. 5,KERSHAW - ELGIN NO. 5,25265508.406571,0.440759,1
055,Kershaw,VTD 31,4505531,Kershaw - VTD 31,KERSHAW - VTD 31,57322760.529485,Kershaw,055,Elgin No. 4,Kershaw - Elgin No. 4,KERSHAW - ELGIN NO. 4,20386550.679462,0.355645,2
055,Kershaw,VTD 31,4505531,Kershaw - VTD 31,KERSHAW - VTD 31,57322760.529485,Kershaw,055,Elgin No. 2,Kershaw - Elgin No. 2,KERSHAW - ELGIN NO. 2,11600366.008382,0.202369,3
055,Kershaw,VTD 31,4505531,Kershaw - VTD 31,KERSHAW - VTD 31,57322760.529485,Kershaw,055,Salt Pond,Kershaw - Salt Pond,KERSHAW - SALT POND,66431.727792,0.001159,4
055,Kershaw,VTD 2,450552,Kershaw - VTD 2,KERSHAW - VTD 2,47766002.249009,Kershaw,055,Antioch,Kershaw - Antioch,KERSHAW - ANTIOCH,46027096.316973,0.963595,1
055,Kershaw,VTD 2,450552,Kershaw - VTD 2,KERSHAW - VTD 2,47766002.249009,Kershaw,055,Cassatt,Kershaw - Cassatt,KERSHAW - CASSATT,1738905.932036,0.036405,2
055,Kershaw,VTD 27,4505527,Kershaw - VTD 27,KERSHAW - VTD 27,62784093.106290,Kershaw,055,Springdale,Kershaw - Springdale,KERSHAW - SPRINGDALE,62402004.437792,0.993914,1
055,Kershaw,VTD 27,4505527,Kershaw - VTD 27,KERSHAW - VTD 27,62784093.106290,Kershaw,055,Riverdale,Kershaw - Riverdale,KERSHAW - RIVERDALE,192262.847097,0.003062,2
055,Kershaw,VTD 27,4505527,Kershaw - VTD 27,KERSHAW - VTD 27,62784093.106290,Kershaw,055,Camden No. 5,Kershaw - Camden No. 5,KERSHAW - CAMDEN NO. 5,134566.020048,0.002143,3
055,Kershaw,VTD 27,4505527,Kershaw - VTD 27,KERSHAW - VTD 27,62784093.106290,Kershaw,055,Camden No. 5-A,Kershaw - Camden No. 5-A,KERSHAW - CAMDEN NO. 5-A,55257.192440,0.000880,4
055,Kershaw,VTD 26,4505526,Kershaw - VTD 26,KERSHAW - VTD 26,109966169.149368,Kershaw,055,Shaylor's Hill,Kershaw - Shaylor's Hill,KERSHAW - SHAYLORS HILL,66862755.383668,0.608030,1
055,Kershaw,VTD 26,4505526,Kershaw - VTD 26,KERSHAW - VTD 26,109966169.149368,Kershaw,055,Westville,Kershaw - Westville,KERSHAW - WESTVILLE,42148742.254795,0.383288,2
055,Kershaw,VTD 26,4505526,Kershaw - VTD 26,KERSHAW - VTD 26,109966169.149368,Kershaw,055,Cassatt,Kershaw - Cassatt,KERSHAW - CASSATT,947500.932612,0.008616,3
055,Kershaw,VTD 7,450557,Kershaw - VTD 7,KERSHAW - VTD 7,1086525.829716,Kershaw,055,Camden No. 3,Kershaw - Camden No. 3,KERSHAW - CAMDEN NO. 3,1027298.401570,0.945489,1
055,Kershaw,VTD 7,450557,Kershaw - VTD 7,KERSHAW - VTD 7,1086525.829716,Kershaw,055,Camden No. 6,Kershaw - Camden No. 6,KERSHAW - CAMDEN NO. 6,59226.830460,0.054510,2
055,Kershaw,VTD 6,450556,Kershaw - VTD 6,KERSHAW - VTD 6,1393244.312706,Kershaw,055,Camden No. 2,Kershaw - Camden No. 2,KERSHAW - CAMDEN NO. 2,1029595.223876,0.738991,1
055,Kershaw,VTD 6,450556,Kershaw - VTD 6,KERSHAW - VTD 6,1393244.312706,Kershaw,055,Camden No. 6,Kershaw - Camden No. 6,KERSHAW - CAMDEN NO. 6,266672.575625,0.191404,2
055,Kershaw,VTD 6,450556,Kershaw - VTD 6,KERSHAW - VTD 6,1393244.312706,Kershaw,055,Camden No. 3,Kershaw - Camden No. 3,KERSHAW - CAMDEN NO. 3,96976.513205,0.069605,3
055,Kershaw,VTD 5,450555,Kershaw - VTD 5,KERSHAW - VTD 5,4099334.629985,Kershaw,055,Camden No. 1,Kershaw - Camden No. 1,KERSHAW - CAMDEN NO. 1,3872771.894597,0.944732,1
055,Kershaw,VTD 5,450555,Kershaw - VTD 5,KERSHAW - VTD 5,4099334.629985,Kershaw,055,Riverdale,Kershaw - Riverdale,KERSHAW - RIVERDALE,226560.507335,0.055268,2
055,Kershaw,VTD 24,4505524,Kershaw - VTD 24,KERSHAW - VTD 24,10936453.873109,Kershaw,055,Riverdale,Kershaw - Riverdale,KERSHAW - RIVERDALE,10800214.829058,0.987543,1
055,Kershaw,VTD 24,4505524,Kershaw - VTD 24,KERSHAW - VTD 24,10936453.873109,Kershaw,055,Camden No. 2,Kershaw - Camden No. 2,KERSHAW - CAMDEN NO. 2,62574.974652,0.005722,2
055,Kershaw,VTD 24,4505524,Kershaw - VTD 24,KERSHAW - VTD 24,10936453.873109,Kershaw,055,Camden No. 3,Kershaw - Camden No. 3,KERSHAW - CAMDEN NO. 3,50185.668791,0.004589,3
055,Kershaw,VTD 24,4505524,Kershaw - VTD 24,KERSHAW - VTD 24,10936453.873109,Kershaw,055,Camden No. 1,Kershaw - Camden No. 1,KERSHAW - CAMDEN NO. 1,23477.979478,0.002147,4
055,Kershaw,VTD 15,4505515,Kershaw - VTD 15,KERSHAW - VTD 15,4720108.009323,Kershaw,055,East Camden-Hermitage,Kershaw - East Camden-Hermitage,KERSHAW - EAST CAMDEN-HERMITAGE,4038093.520912,0.855509,1
055,Kershaw,VTD 15,4505515,Kershaw - VTD 15,KERSHAW - VTD 15,4720108.009323,Kershaw,055,Camden No. 1,Kershaw - Camden No. 1,KERSHAW - CAMDEN NO. 1,682014.488410,0.144491,2
055,Kershaw,VTD 13,4505513,Kershaw - VTD 13,KERSHAW - VTD 13,163691013.027727,Kershaw,055,Cherlotte Thompson,Kershaw - Cherlotte Thompson,KERSHAW - CHERLOTTE THOMPSON,157966137.795534,0.965026,1
055,Kershaw,VTD 13,4505513,Kershaw - VTD 13,KERSHAW - VTD 13,163691013.027727,Kershaw,055,Camden No. 1,Kershaw - Camden No. 1,KERSHAW - CAMDEN NO. 1,5566217.393074,0.034004,2
055,Kershaw,VTD 13,4505513,Kershaw - VTD 13,KERSHAW - VTD 13,163691013.027727,Kershaw,055,East Camden-Hermitage,Kershaw - East Camden-Hermitage,KERSHAW - EAST CAMDEN-HERMITAGE,158645.683817,0.000969,3
055,Kershaw,VTD 30,4505530,Kershaw - VTD 30,KERSHAW - VTD 30,9159531.434930,Kershaw,055,Lugoff No. 3,Kershaw - Lugoff No. 3,KERSHAW - LUGOFF NO. 3,9159527.575553,1.000000,1
055,Kershaw,VTD 21,4505521,Kershaw - VTD 21,KERSHAW - VTD 21,37606236.671305,Kershaw,055,Lugoff No. 4,Kershaw - Lugoff No. 4,KERSHAW - LUGOFF NO. 4,19114094.084512,0.508269,1
055,Kershaw,VTD 21,4505521,Kershaw - VTD 21,KERSHAW - VTD 21,37606236.671305,Kershaw,055,Lugoff No. 2,Kershaw - Lugoff No. 2,KERSHAW - LUGOFF NO. 2,17562633.404631,0.467014,2
055,Kershaw,VTD 21,4505521,Kershaw - VTD 21,KERSHAW - VTD 21,37606236.671305,Kershaw,055,Doby's Mill,Kershaw - Doby's Mill,KERSHAW - DOBYS MILL,929508.931686,0.024717,3
055,Kershaw,VTD 14,4505514,Kershaw - VTD 14,KERSHAW - VTD 14,130786115.241573,Kershaw,055,Doby's Mill,Kershaw - Doby's Mill,KERSHAW - DOBYS MILL,130785713.745979,0.999997,1
055,Kershaw,VTD 16,4505516,Kershaw - VTD 16,KERSHAW - VTD 16,47437935.967148,Kershaw,055,Elgin No. 3,Kershaw - Elgin No. 3,KERSHAW - ELGIN NO. 3,21295849.203320,0.448920,1
055,Kershaw,VTD 16,4505516,Kershaw - VTD 16,KERSHAW - VTD 16,47437935.967148,Kershaw,055,Elgin No. 1,Kershaw - Elgin No. 1,KERSHAW - ELGIN NO. 1,18265935.267717,0.385049,2
055,Kershaw,VTD 16,4505516,Kershaw - VTD 16,KERSHAW - VTD 16,47437935.967148,Kershaw,055,Doby's Mill,Kershaw - Doby's Mill,KERSHAW - DOBYS MILL,7714401.425888,0.162621,3
055,Kershaw,VTD 16,4505516,Kershaw - VTD 16,KERSHAW - VTD 16,47437935.967148,Kershaw,055,Lugoff No. 4,Kershaw - Lugoff No. 4,KERSHAW - LUGOFF NO. 4,161662.919258,0.003408,4
055,Kershaw,VTD 8,450558,Kershaw - VTD 8,KERSHAW - VTD 8,3904532.855720,Kershaw,055,Camden No. 4,Kershaw - Camden No. 4,KERSHAW - CAMDEN NO. 4,2716301.926183,0.695679,1
055,Kershaw,VTD 8,450558,Kershaw - VTD 8,KERSHAW - VTD 8,3904532.855720,Kershaw,055,Camden No. 6,Kershaw - Camden No. 6,KERSHAW - CAMDEN NO. 6,1117782.848618,0.286278,2
055,Kershaw,VTD 8,450558,Kershaw - VTD 8,KERSHAW - VTD 8,3904532.855720,Kershaw,055,Airport,Kershaw - Airport,KERSHAW - AIRPORT,43291.933771,0.011088,3
055,Kershaw,VTD 8,450558,Kershaw - VTD 8,KERSHAW - VTD 8,3904532.855720,Kershaw,055,Camden No. 3,Kershaw - Camden No. 3,KERSHAW - CAMDEN NO. 3,27156.147148,0.006955,4
055,Kershaw,VTD 9,450559,Kershaw - VTD 9,KERSHAW - VTD 9,9138735.225497,Kershaw,055,Camden No. 5,Kershaw - Camden No. 5,KERSHAW - CAMDEN NO. 5,7342495.483510,0.803448,1
055,Kershaw,VTD 9,450559,Kershaw - VTD 9,KERSHAW - VTD 9,9138735.225497,Kershaw,055,Camden No. 5-A,Kershaw - Camden No. 5-A,KERSHAW - CAMDEN NO. 5-A,1548951.317276,0.169493,2
055,Kershaw,VTD 9,450559,Kershaw - VTD 9,KERSHAW - VTD 9,9138735.225497,Kershaw,055,Springdale,Kershaw - Springdale,KERSHAW - SPRINGDALE,200324.393082,0.021920,3
055,Kershaw,VTD 9,450559,Kershaw - VTD 9,KERSHAW - VTD 9,9138735.225497,Kershaw,055,Riverdale,Kershaw - Riverdale,KERSHAW - RIVERDALE,46964.031629,0.005139,4
055,Kershaw,VTD 29,4505529,Kershaw - VTD 29,KERSHAW - VTD 29,34481526.334560,Kershaw,055,White's Gardens,Kershaw - White's Gardens,KERSHAW - WHITES GARDENS,33163784.647032,0.961784,1
055,Kershaw,VTD 29,4505529,Kershaw - VTD 29,KERSHAW - VTD 29,34481526.334560,Kershaw,055,Malvern Hill,Kershaw - Malvern Hill,KERSHAW - MALVERN HILL,1317741.687528,0.038216,2
055,Kershaw,VTD 22,4505522,Kershaw - VTD 22,KERSHAW - VTD 22,29719226.706594,Kershaw,055,Malvern Hill,Kershaw - Malvern Hill,KERSHAW - MALVERN HILL,29713394.018268,0.999804,1
055,Kershaw,VTD 1,450551,Kershaw - VTD 1,KERSHAW - VTD 1,13512487.442227,Kershaw,055,Airport,Kershaw - Airport,KERSHAW - AIRPORT,13258819.287955,0.981227,1
055,Kershaw,VTD 1,450551,Kershaw - VTD 1,KERSHAW - VTD 1,13512487.442227,Kershaw,055,Camden No. 6,Kershaw - Camden No. 6,KERSHAW - CAMDEN NO. 6,250218.228692,0.018518,2
055,Kershaw,VTD 23,4505523,Kershaw - VTD 23,KERSHAW - VTD 23,96430759.885058,Kershaw,055,Rabon's Crossroads,Kershaw - Rabon's Crossroads,KERSHAW - RABONS CROSSROADS,90081855.260219,0.934161,1
055,Kershaw,VTD 23,4505523,Kershaw - VTD 23,KERSHAW - VTD 23,96430759.885058,Kershaw,055,Lugoff No. 1,Kershaw - Lugoff No. 1,KERSHAW - LUGOFF NO. 1,6347704.020907,0.065827,2
055,Kershaw,VTD 25,4505525,Kershaw - VTD 25,KERSHAW - VTD 25,77498976.492317,Kershaw,055,Salt Pond,Kershaw - Salt Pond,KERSHAW - SALT POND,73023589.415936,0.942252,1
055,Kershaw,VTD 25,4505525,Kershaw - VTD 25,KERSHAW - VTD 25,77498976.492317,Kershaw,055,Rabon's Crossroads,Kershaw - Rabon's Crossroads,KERSHAW - RABONS CROSSROADS,4284363.024105,0.055283,2
055,Kershaw,VTD 25,4505525,Kershaw - VTD 25,KERSHAW - VTD 25,77498976.492317,Kershaw,055,Lugoff No. 3,Kershaw - Lugoff No. 3,KERSHAW - LUGOFF NO. 3,167529.058318,0.002162,3
055,Kershaw,VTD 3,450553,Kershaw - VTD 3,KERSHAW - VTD 3,180045021.305471,Kershaw,055,Bethune,Kershaw - Bethune,KERSHAW - BETHUNE,180044992.225600,1.000000,1
055,Kershaw,VTD 12,4505512,Kershaw - VTD 12,KERSHAW - VTD 12,146659808.359168,Kershaw,055,Cassatt,Kershaw - Cassatt,KERSHAW - CASSATT,143831039.167293,0.980712,1
055,Kershaw,VTD 12,4505512,Kershaw - VTD 12,KERSHAW - VTD 12,146659808.359168,Kershaw,055,Malvern Hill,Kershaw - Malvern Hill,KERSHAW - MALVERN HILL,1835365.887164,0.012514,2
055,Kershaw,VTD 12,4505512,Kershaw - VTD 12,KERSHAW - VTD 12,146659808.359168,Kershaw,055,Springdale,Kershaw - Springdale,KERSHAW - SPRINGDALE,727450.180787,0.004960,3
055,Kershaw,VTD 12,4505512,Kershaw - VTD 12,KERSHAW - VTD 12,146659808.359168,Kershaw,055,Airport,Kershaw - Airport,KERSHAW - AIRPORT,242569.669601,0.001654,4
055,Kershaw,VTD 17,4505517,Kershaw - VTD 17,KERSHAW - VTD 17,69051709.763657,Kershaw,055,Gates Ford,Kershaw - Gates Ford,KERSHAW - GATES FORD,69051708.887662,1.000000,1
055,Kershaw,VTD 28,4505528,Kershaw - VTD 28,KERSHAW - VTD 28,79630563.697421,Kershaw,055,Westville,Kershaw - Westville,KERSHAW - WESTVILLE,79630563.697421,1.000000,1
055,Kershaw,VTD 33,4505533,Kershaw - VTD 33,KERSHAW - VTD 33,96240492.044202,Kershaw,055,Shaylor's Hill,Kershaw - Shaylor's Hill,KERSHAW - SHAYLORS HILL,94841638.833897,0.985465,1
055,Kershaw,VTD 33,4505533,Kershaw - VTD 33,KERSHAW - VTD 33,96240492.044202,Kershaw,055,Liberty Hill,Kershaw - Liberty Hill,KERSHAW - LIBERTY HILL,1398852.279168,0.014535,2
055,Kershaw,VTD 32,4505532,Kershaw - VTD 32,KERSHAW - VTD 32,95108558.439993,Kershaw,055,Westville,Kershaw - Westville,KERSHAW - WESTVILLE,95108483.792280,0.999999,1
055,Kershaw,VTD 19,4505519,Kershaw - VTD 19,KERSHAW - VTD 19,135304090.325183,Kershaw,055,Liberty Hill,Kershaw - Liberty Hill,KERSHAW - LIBERTY HILL,135304088.598032,1.000000,1
055,Kershaw,VTD 4,450554,Kershaw - VTD 4,KERSHAW - VTD 4,147543189.213606,Kershaw,055,Buffalo,Kershaw - Buffalo,KERSHAW - BUFFALO,147542025.210339,0.999992,1
057,Lancaster,VTD 25,4505725,Lancaster - VTD 25,LANCASTER - VTD 25,55471559.440117,Lancaster,057,Pleasant Hill,Lancaster - Pleasant Hill,LANCASTER - PLEASANT HILL,55471554.360165,1.000000,1
057,Lancaster,VTD 23,4505723,Lancaster - VTD 23,LANCASTER - VTD 23,22937408.229307,Lancaster,057,Elgin,Lancaster - Elgin,LANCASTER - ELGIN,22937403.387418,1.000000,1
057,Lancaster,VTD 22,4505722,Lancaster - VTD 22,LANCASTER - VTD 22,12632952.462455,Lancaster,057,Lynwood Drive,Lancaster - Lynwood Drive,LANCASTER - LYNWOOD DRIVE,12626724.555861,0.999507,1
057,Lancaster,VTD 15,4505715,Lancaster - VTD 15,LANCASTER - VTD 15,13152635.597580,Lancaster,057,Gooch's Cross Road,Lancaster - Gooch's Cross Road,LANCASTER - GOOCHS CROSS ROAD,13150807.444100,0.999861,1
057,Lancaster,VTD 26,4505726,Lancaster - VTD 26,LANCASTER - VTD 26,104672807.638475,Lancaster,057,Carmel,Lancaster - Carmel,LANCASTER - CARMEL,104665390.024189,0.999929,1
057,Lancaster,VTD 27,4505727,Lancaster - VTD 27,LANCASTER - VTD 27,64199239.273731,Lancaster,057,Carmel,Lancaster - Carmel,LANCASTER - CARMEL,64199228.728778,1.000000,1
057,Lancaster,VTD 29,4505729,Lancaster - VTD 29,LANCASTER - VTD 29,65023198.861985,Lancaster,057,Heath Springs,Lancaster - Heath Springs,LANCASTER - HEATH SPRINGS,65023057.321555,0.999998,1
057,Lancaster,VTD 32,4505732,Lancaster - VTD 32,LANCASTER - VTD 32,73512603.229429,Lancaster,057,Kershaw South,Lancaster - Kershaw South,LANCASTER - KERSHAW SOUTH,73511277.763441,0.999982,1
057,Lancaster,VTD 24,4505724,Lancaster - VTD 24,LANCASTER - VTD 24,63884019.376305,Lancaster,057,Rich Hill,Lancaster - Rich Hill,LANCASTER - RICH HILL,61619327.915058,0.964550,1
057,Lancaster,VTD 24,4505724,Lancaster - VTD 24,LANCASTER - VTD 24,63884019.376305,Lancaster,057,Pleasant Hill,Lancaster - Pleasant Hill,LANCASTER - PLEASANT HILL,1245965.997011,0.019504,2
057,Lancaster,VTD 24,4505724,Lancaster - VTD 24,LANCASTER - VTD 24,63884019.376305,Lancaster,057,Elgin,Lancaster - Elgin,LANCASTER - ELGIN,1018725.118442,0.015946,3
057,Lancaster,VTD 12,4505712,Lancaster - VTD 12,LANCASTER - VTD 12,23502407.351672,Lancaster,057,Camp Creek,Lancaster - Camp Creek,LANCASTER - CAMP CREEK,23502402.054574,1.000000,1
057,Lancaster,VTD 6,450576,Lancaster - VTD 6,LANCASTER - VTD 6,39118829.880688,Lancaster,057,Unity,Lancaster - Unity,LANCASTER - UNITY,39118708.135909,0.999997,1
057,Lancaster,VTD 17,4505717,Lancaster - VTD 17,LANCASTER - VTD 17,21765052.990588,Lancaster,057,Hyde Park,Lancaster - Hyde Park,LANCASTER - HYDE PARK,21765018.852037,0.999998,1
057,Lancaster,VTD 28,4505728,Lancaster - VTD 28,LANCASTER - VTD 28,36857456.742179,Lancaster,057,Heath Springs,Lancaster - Heath Springs,LANCASTER - HEATH SPRINGS,35088024.538435,0.951993,1
057,Lancaster,VTD 28,4505728,Lancaster - VTD 28,LANCASTER - VTD 28,36857456.742179,Lancaster,057,Rich Hill,Lancaster - Rich Hill,LANCASTER - RICH HILL,1769427.730751,0.048007,2
057,Lancaster,VTD 30,4505730,Lancaster - VTD 30,LANCASTER - VTD 30,40146529.303155,Lancaster,057,Kershaw North,Lancaster - Kershaw North,LANCASTER - KERSHAW NORTH,40146527.593193,1.000000,1
057,Lancaster,VTD 31,4505731,Lancaster - VTD 31,LANCASTER - VTD 31,71883913.424992,Lancaster,057,Midway,Lancaster - Midway,LANCASTER - MIDWAY,70374556.693444,0.979003,1
057,Lancaster,VTD 31,4505731,Lancaster - VTD 31,LANCASTER - VTD 31,71883913.424992,Lancaster,057,Rich Hill,Lancaster - Rich Hill,LANCASTER - RICH HILL,1509356.731548,0.020997,2
057,Lancaster,VTD 20,4505720,Lancaster - VTD 20,LANCASTER - VTD 20,84904426.839539,Lancaster,057,Midway,Lancaster - Midway,LANCASTER - MIDWAY,84901567.296903,0.999966,1
057,Lancaster,VTD 7,450577,Lancaster - VTD 7,LANCASTER - VTD 7,69221228.265851,Lancaster,057,Spring Hill,Lancaster - Spring Hill,LANCASTER - SPRING HILL,69221227.874966,1.000000,1
057,Lancaster,VTD 18,4505718,Lancaster - VTD 18,LANCASTER - VTD 18,20168721.743294,Lancaster,057,Antioch,Lancaster - Antioch,LANCASTER - ANTIOCH,20168706.710724,0.999999,1
057,Lancaster,VTD 13,4505713,Lancaster - VTD 13,LANCASTER - VTD 13,35254612.406512,Lancaster,057,Dwight,Lancaster - Dwight,LANCASTER - DWIGHT,35250627.457237,0.999887,1
057,Lancaster,VTD 14,4505714,Lancaster - VTD 14,LANCASTER - VTD 14,53737018.603138,Lancaster,057,Spring Hill,Lancaster - Spring Hill,LANCASTER - SPRING HILL,53736859.986939,0.999997,1
057,Lancaster,VTD 10,4505710,Lancaster - VTD 10,LANCASTER - VTD 10,4449696.148540,Lancaster,057,Lancaster West,Lancaster - Lancaster West,LANCASTER - LANCASTER WEST,4447241.352226,0.999448,1
057,Lancaster,VTD 16,4505716,Lancaster - VTD 16,LANCASTER - VTD 16,3695475.435251,Lancaster,057,Chesterfield Ave,Lancaster - Chesterfield Ave,LANCASTER - CHESTERFIELD AVE,3692613.750651,0.999226,1
057,Lancaster,VTD 16,4505716,Lancaster - VTD 16,LANCASTER - VTD 16,3695475.435251,Lancaster,057,Gooch's Cross Road,Lancaster - Gooch's Cross Road,LANCASTER - GOOCHS CROSS ROAD,1973.145771,0.000534,2
057,Lancaster,VTD 21,4505721,Lancaster - VTD 21,LANCASTER - VTD 21,100440399.195848,Lancaster,057,Douglas,Lancaster - Douglas,LANCASTER - DOUGLAS,100440368.874748,1.000000,1
057,Lancaster,VTD 8,450578,Lancaster - VTD 8,LANCASTER - VTD 8,19402746.097200,Lancaster,057,Erwin Farm,Lancaster - Erwin Farm,LANCASTER - ERWIN FARM,19328894.593583,0.996194,1
057,Lancaster,VTD 8,450578,Lancaster - VTD 8,LANCASTER - VTD 8,19402746.097200,Lancaster,057,Riverside,Lancaster - Riverside,LANCASTER - RIVERSIDE,73847.373330,0.003806,2
057,Lancaster,VTD 9,450579,Lancaster - VTD 9,LANCASTER - VTD 9,7059936.467375,Lancaster,057,Wylie Park,Lancaster - Wylie Park,LANCASTER - WYLIE PARK,7059930.879734,0.999999,1
057,Lancaster,VTD 19,4505719,Lancaster - VTD 19,LANCASTER - VTD 19,29815399.014384,Lancaster,057,Dwight,Lancaster - Dwight,LANCASTER - DWIGHT,29814957.009662,0.999985,1
057,Lancaster,VTD 11,4505711,Lancaster - VTD 11,LANCASTER - VTD 11,15998171.098775,Lancaster,057,Lancaster East,Lancaster - Lancaster East,LANCASTER - LANCASTER EAST,15997489.322066,0.999957,1
057,Lancaster,VTD 3,450573,Lancaster - VTD 3,LANCASTER - VTD 3,66600520.113183,Lancaster,057,Van Wyck,Lancaster - Van Wyck,LANCASTER - VAN WYCK,66580818.976780,0.999704,1
057,Lancaster,VTD 2,450572,Lancaster - VTD 2,LANCASTER - VTD 2,58882581.139276,Lancaster,057,Belair,Lancaster - Belair,LANCASTER - BELAIR,37459736.484884,0.636177,1
057,Lancaster,VTD 2,450572,Lancaster - VTD 2,LANCASTER - VTD 2,58882581.139276,Lancaster,057,Belair No. 2,Lancaster - Belair No. 2,LANCASTER - BELAIR NO. 2,21337987.384492,0.362382,2
057,Lancaster,VTD 2,450572,Lancaster - VTD 2,LANCASTER - VTD 2,58882581.139276,Lancaster,057,Pleasant Valley No. 2,Lancaster - Pleasant Valley No. 2,LANCASTER - PLEASANT VALLEY NO. 2,48121.018114,0.000817,3
057,Lancaster,VTD 2,450572,Lancaster - VTD 2,LANCASTER - VTD 2,58882581.139276,Lancaster,057,Van Wyck,Lancaster - Van Wyck,LANCASTER - VAN WYCK,30759.356397,0.000522,4
057,Lancaster,VTD 1,450571,Lancaster - VTD 1,LANCASTER - VTD 1,47098688.316391,Lancaster,057,Pleasant Valley No. 2,Lancaster - Pleasant Valley No. 2,LANCASTER - PLEASANT VALLEY NO. 2,26228699.570374,0.556888,1
057,Lancaster,VTD 1,450571,Lancaster - VTD 1,LANCASTER - VTD 1,47098688.316391,Lancaster,057,Pleasant Valley,Lancaster - Pleasant Valley,LANCASTER - PLEASANT VALLEY,20808683.094026,0.441810,2
057,Lancaster,VTD 5,450575,Lancaster - VTD 5,LANCASTER - VTD 5,31836573.257949,Lancaster,057,Jacksonham,Lancaster - Jacksonham,LANCASTER - JACKSONHAM,31836532.997111,0.999999,1
057,Lancaster,VTD 4,450574,Lancaster - VTD 4,LANCASTER - VTD 4,80502926.819980,Lancaster,057,Riverside,Lancaster - Riverside,LANCASTER - RIVERSIDE,80433899.991676,0.999143,1
057,Lancaster,VTD 4,450574,Lancaster - VTD 4,LANCASTER - VTD 4,80502926.819980,Lancaster,057,Jacksonham,Lancaster - Jacksonham,LANCASTER - JACKSONHAM,58370.274907,0.000725,2
059,Laurens,VTD 21,4505921,Laurens - VTD 21,LAURENS - VTD 21,69219689.719645,Laurens,059,Ekom,Laurens - Ekom,LAURENS - EKOM,68719589.753831,0.992775,1
059,Laurens,VTD 21,4505921,Laurens - VTD 21,LAURENS - VTD 21,69219689.719645,Laurens,059,Martins-Poplar Spring,Laurens - Martins-Poplar Spring,LAURENS - MARTINS-POPLAR SPRING,500095.274366,0.007225,2
059,Laurens,VTD 22,4505922,Laurens - VTD 22,LAURENS - VTD 22,65772025.394491,Laurens,059,Madden,Laurens - Madden,LAURENS - MADDEN,63917602.833128,0.971805,1
059,Laurens,VTD 22,4505922,Laurens - VTD 22,LAURENS - VTD 22,65772025.394491,Laurens,059,Ekom,Laurens - Ekom,LAURENS - EKOM,904262.398060,0.013748,2
059,Laurens,VTD 22,4505922,Laurens - VTD 22,LAURENS - VTD 22,65772025.394491,Laurens,059,Mountville,Laurens - Mountville,LAURENS - MOUNTVILLE,593390.590647,0.009022,3
059,Laurens,VTD 22,4505922,Laurens - VTD 22,LAURENS - VTD 22,65772025.394491,Laurens,059,Bailey,Laurens - Bailey,LAURENS - BAILEY,295680.087078,0.004496,4
059,Laurens,VTD 22,4505922,Laurens - VTD 22,LAURENS - VTD 22,65772025.394491,Laurens,059,Trinity Ridge,Laurens - Trinity Ridge,LAURENS - TRINITY RIDGE,61089.485578,0.000929,5
059,Laurens,VTD 26,4505926,Laurens - VTD 26,LAURENS - VTD 26,51596593.947474,Laurens,059,Bailey,Laurens - Bailey,LAURENS - BAILEY,51443316.786301,0.997029,1
059,Laurens,VTD 26,4505926,Laurens - VTD 26,LAURENS - VTD 26,51596593.947474,Laurens,059,Ward 4,Laurens - Ward 4,LAURENS - WARD 4,130282.006477,0.002525,2
059,Laurens,VTD 13,4505913,Laurens - VTD 13,LAURENS - VTD 13,70317077.577011,Laurens,059,Clinton No. 1,Laurens - Clinton No. 1,LAURENS - CLINTON NO. 1,69904719.244315,0.994136,1
059,Laurens,VTD 13,4505913,Laurens - VTD 13,LAURENS - VTD 13,70317077.577011,Laurens,059,Clinton Mill,Laurens - Clinton Mill,LAURENS - CLINTON MILL,239532.643095,0.003406,2
059,Laurens,VTD 13,4505913,Laurens - VTD 13,LAURENS - VTD 13,70317077.577011,Laurens,059,Clinton No. 2,Laurens - Clinton No. 2,LAURENS - CLINTON NO. 2,169174.521165,0.002406,3
059,Laurens,VTD 16,4505916,Laurens - VTD 16,LAURENS - VTD 16,7954780.154858,Laurens,059,Ward 6,Laurens - Ward 6,LAURENS - WARD 6,6945901.729832,0.873173,1
059,Laurens,VTD 16,4505916,Laurens - VTD 16,LAURENS - VTD 16,7954780.154858,Laurens,059,Trinity Ridge,Laurens - Trinity Ridge,LAURENS - TRINITY RIDGE,725448.041730,0.091196,2
059,Laurens,VTD 16,4505916,Laurens - VTD 16,LAURENS - VTD 16,7954780.154858,Laurens,059,Barksdale-Narnie,Laurens - Barksdale-Narnie,LAURENS - BARKSDALE-NARNIE,125909.768098,0.015828,3
059,Laurens,VTD 16,4505916,Laurens - VTD 16,LAURENS - VTD 16,7954780.154858,Laurens,059,Ward 2,Laurens - Ward 2,LAURENS - WARD 2,66136.123748,0.008314,4
059,Laurens,VTD 16,4505916,Laurens - VTD 16,LAURENS - VTD 16,7954780.154858,Laurens,059,Wattsville,Laurens - Wattsville,LAURENS - WATTSVILLE,36757.835576,0.004621,5
059,Laurens,VTD 16,4505916,Laurens - VTD 16,LAURENS - VTD 16,7954780.154858,Laurens,059,Ward 1,Laurens - Ward 1,LAURENS - WARD 1,29622.174392,0.003724,6
059,Laurens,VTD 16,4505916,Laurens - VTD 16,LAURENS - VTD 16,7954780.154858,Laurens,059,Madden,Laurens - Madden,LAURENS - MADDEN,25004.481482,0.003143,7
059,Laurens,VTD 18,4505918,Laurens - VTD 18,LAURENS - VTD 18,4478471.297021,Laurens,059,Ward 3,Laurens - Ward 3,LAURENS - WARD 3,3554118.723888,0.793601,1
059,Laurens,VTD 18,4505918,Laurens - VTD 18,LAURENS - VTD 18,4478471.297021,Laurens,059,Ward 4,Laurens - Ward 4,LAURENS - WARD 4,473959.295570,0.105831,2
059,Laurens,VTD 18,4505918,Laurens - VTD 18,LAURENS - VTD 18,4478471.297021,Laurens,059,Bailey,Laurens - Bailey,LAURENS - BAILEY,358997.418280,0.080161,3
059,Laurens,VTD 18,4505918,Laurens - VTD 18,LAURENS - VTD 18,4478471.297021,Laurens,059,Ward 1,Laurens - Ward 1,LAURENS - WARD 1,59413.506097,0.013266,4
059,Laurens,VTD 18,4505918,Laurens - VTD 18,LAURENS - VTD 18,4478471.297021,Laurens,059,Ward 2,Laurens - Ward 2,LAURENS - WARD 2,23720.792098,0.005297,5
059,Laurens,VTD 18,4505918,Laurens - VTD 18,LAURENS - VTD 18,4478471.297021,Laurens,059,Wattsville,Laurens - Wattsville,LAURENS - WATTSVILLE,8261.561089,0.001845,6
059,Laurens,VTD 28,4505928,Laurens - VTD 28,LAURENS - VTD 28,37733317.580730,Laurens,059,Clinton No. 3,Laurens - Clinton No. 3,LAURENS - CLINTON NO. 3,37581643.581999,0.995980,1
059,Laurens,VTD 28,4505928,Laurens - VTD 28,LAURENS - VTD 28,37733317.580730,Laurens,059,Lydia Mill,Laurens - Lydia Mill,LAURENS - LYDIA MILL,77404.356424,0.002051,2
059,Laurens,VTD 28,4505928,Laurens - VTD 28,LAURENS - VTD 28,37733317.580730,Laurens,059,Clinton No. 2,Laurens - Clinton No. 2,LAURENS - CLINTON NO. 2,74269.642306,0.001968,3
059,Laurens,VTD 36,4505936,Laurens - VTD 36,LAURENS - VTD 36,6893035.454506,Laurens,059,Clinton No. 2,Laurens - Clinton No. 2,LAURENS - CLINTON NO. 2,5368476.685684,0.778826,1
059,Laurens,VTD 36,4505936,Laurens - VTD 36,LAURENS - VTD 36,6893035.454506,Laurens,059,Lydia Mill,Laurens - Lydia Mill,LAURENS - LYDIA MILL,1492042.736342,0.216457,2
059,Laurens,VTD 36,4505936,Laurens - VTD 36,LAURENS - VTD 36,6893035.454506,Laurens,059,Clinton No. 3,Laurens - Clinton No. 3,LAURENS - CLINTON NO. 3,32516.032479,0.004717,3
059,Laurens,VTD 27,4505927,Laurens - VTD 27,LAURENS - VTD 27,18078683.316133,Laurens,059,Lydia Mill,Laurens - Lydia Mill,LAURENS - LYDIA MILL,17699013.998726,0.978999,1
059,Laurens,VTD 27,4505927,Laurens - VTD 27,LAURENS - VTD 27,18078683.316133,Laurens,059,Bailey,Laurens - Bailey,LAURENS - BAILEY,353746.913964,0.019567,2
059,Laurens,VTD 27,4505927,Laurens - VTD 27,LAURENS - VTD 27,18078683.316133,Laurens,059,Clinton No. 2,Laurens - Clinton No. 2,LAURENS - CLINTON NO. 2,25916.457343,0.001434,3
059,Laurens,VTD 23,4505923,Laurens - VTD 23,LAURENS - VTD 23,4714005.947320,Laurens,059,Ward 5,Laurens - Ward 5,LAURENS - WARD 5,4714005.058751,1.000000,1
059,Laurens,VTD 25,4505925,Laurens - VTD 25,LAURENS - VTD 25,2058329.577584,Laurens,059,Ward 4,Laurens - Ward 4,LAURENS - WARD 4,1943559.806718,0.944241,1
059,Laurens,VTD 25,4505925,Laurens - VTD 25,LAURENS - VTD 25,2058329.577584,Laurens,059,Ward 1,Laurens - Ward 1,LAURENS - WARD 1,114768.366107,0.055758,2
059,Laurens,VTD 24,4505924,Laurens - VTD 24,LAURENS - VTD 24,2636142.292292,Laurens,059,Ward 1,Laurens - Ward 1,LAURENS - WARD 1,2530162.516086,0.959797,1
059,Laurens,VTD 24,4505924,Laurens - VTD 24,LAURENS - VTD 24,2636142.292292,Laurens,059,Ward 6,Laurens - Ward 6,LAURENS - WARD 6,37445.555397,0.014205,2
059,Laurens,VTD 24,4505924,Laurens - VTD 24,LAURENS - VTD 24,2636142.292292,Laurens,059,Ward 2,Laurens - Ward 2,LAURENS - WARD 2,34383.172381,0.013043,3
059,Laurens,VTD 24,4505924,Laurens - VTD 24,LAURENS - VTD 24,2636142.292292,Laurens,059,Ward 3,Laurens - Ward 3,LAURENS - WARD 3,31092.650528,0.011795,4
059,Laurens,VTD 24,4505924,Laurens - VTD 24,LAURENS - VTD 24,2636142.292292,Laurens,059,Ward 4,Laurens - Ward 4,LAURENS - WARD 4,3058.397901,0.001160,5
059,Laurens,VTD 17,4505917,Laurens - VTD 17,LAURENS - VTD 17,3090759.188998,Laurens,059,Ward 2,Laurens - Ward 2,LAURENS - WARD 2,2949695.403250,0.954360,1
059,Laurens,VTD 17,4505917,Laurens - VTD 17,LAURENS - VTD 17,3090759.188998,Laurens,059,Wattsville,Laurens - Wattsville,LAURENS - WATTSVILLE,87422.450070,0.028285,2
059,Laurens,VTD 17,4505917,Laurens - VTD 17,LAURENS - VTD 17,3090759.188998,Laurens,059,Ward 6,Laurens - Ward 6,LAURENS - WARD 6,51392.861772,0.016628,3
059,Laurens,VTD 17,4505917,Laurens - VTD 17,LAURENS - VTD 17,3090759.188998,Laurens,059,Ward 3,Laurens - Ward 3,LAURENS - WARD 3,2248.473905,0.000727,4
059,Laurens,VTD 12,4505912,Laurens - VTD 12,LAURENS - VTD 12,30797712.007293,Laurens,059,Wattsville,Laurens - Wattsville,LAURENS - WATTSVILLE,30524420.302802,0.991126,1
059,Laurens,VTD 12,4505912,Laurens - VTD 12,LAURENS - VTD 12,30797712.007293,Laurens,059,Ward 2,Laurens - Ward 2,LAURENS - WARD 2,174712.295160,0.005673,2
059,Laurens,VTD 12,4505912,Laurens - VTD 12,LAURENS - VTD 12,30797712.007293,Laurens,059,Barksdale-Narnie,Laurens - Barksdale-Narnie,LAURENS - BARKSDALE-NARNIE,58663.482067,0.001905,3
059,Laurens,VTD 12,4505912,Laurens - VTD 12,LAURENS - VTD 12,30797712.007293,Laurens,059,Ward 6,Laurens - Ward 6,LAURENS - WARD 6,37157.550304,0.001207,4
059,Laurens,VTD 11,4505911,Laurens - VTD 11,LAURENS - VTD 11,48555476.599665,Laurens,059,Barksdale-Narnie,Laurens - Barksdale-Narnie,LAURENS - BARKSDALE-NARNIE,48555468.052546,1.000000,1
059,Laurens,VTD 3,450593,Laurens - VTD 3,LAURENS - VTD 3,23908619.851761,Laurens,059,Jones,Laurens - Jones,LAURENS - JONES,23712035.530988,0.991778,1
059,Laurens,VTD 3,450593,Laurens - VTD 3,LAURENS - VTD 3,23908619.851761,Laurens,059,Owings,Laurens - Owings,LAURENS - OWINGS,162830.191614,0.006811,2
059,Laurens,VTD 3,450593,Laurens - VTD 3,LAURENS - VTD 3,23908619.851761,Laurens,059,Cooks,Laurens - Cooks,LAURENS - COOKS,33754.129160,0.001412,3
059,Laurens,VTD 4,450594,Laurens - VTD 4,LAURENS - VTD 4,38327140.181371,Laurens,059,Owings,Laurens - Owings,LAURENS - OWINGS,37499720.581937,0.978412,1
059,Laurens,VTD 4,450594,Laurens - VTD 4,LAURENS - VTD 4,38327140.181371,Laurens,059,Gray Court,Laurens - Gray Court,LAURENS - GRAY COURT,685246.346505,0.017879,2
059,Laurens,VTD 4,450594,Laurens - VTD 4,LAURENS - VTD 4,38327140.181371,Laurens,059,Jones,Laurens - Jones,LAURENS - JONES,142173.252930,0.003709,3
059,Laurens,VTD 7,450597,Laurens - VTD 7,LAURENS - VTD 7,54673966.669442,Laurens,059,Gray Court,Laurens - Gray Court,LAURENS - GRAY COURT,54496975.190598,0.996763,1
059,Laurens,VTD 7,450597,Laurens - VTD 7,LAURENS - VTD 7,54673966.669442,Laurens,059,Owings,Laurens - Owings,LAURENS - OWINGS,160779.866887,0.002941,2
059,Laurens,VTD 15,4505915,Laurens - VTD 15,LAURENS - VTD 15,54556607.392074,Laurens,059,Trinity Ridge,Laurens - Trinity Ridge,LAURENS - TRINITY RIDGE,53715790.066786,0.984588,1
059,Laurens,VTD 15,4505915,Laurens - VTD 15,LAURENS - VTD 15,54556607.392074,Laurens,059,Madden,Laurens - Madden,LAURENS - MADDEN,701936.881201,0.012866,2
059,Laurens,VTD 15,4505915,Laurens - VTD 15,LAURENS - VTD 15,54556607.392074,Laurens,059,Ward 6,Laurens - Ward 6,LAURENS - WARD 6,55594.187743,0.001019,3
059,Laurens,VTD 15,4505915,Laurens - VTD 15,LAURENS - VTD 15,54556607.392074,Laurens,059,Barksdale-Narnie,Laurens - Barksdale-Narnie,LAURENS - BARKSDALE-NARNIE,44984.957765,0.000825,4
059,Laurens,VTD 15,4505915,Laurens - VTD 15,LAURENS - VTD 15,54556607.392074,Laurens,059,Hickory Tavern,Laurens - Hickory Tavern,LAURENS - HICKORY TAVERN,38301.298579,0.000702,5
059,Laurens,VTD 6,450596,Laurens - VTD 6,LAURENS - VTD 6,48111132.066276,Laurens,059,Greenpond,Laurens - Greenpond,LAURENS - GREENPOND,48018775.817607,0.998080,1
059,Laurens,VTD 6,450596,Laurens - VTD 6,LAURENS - VTD 6,48111132.066276,Laurens,059,Jones,Laurens - Jones,LAURENS - JONES,92353.991287,0.001920,2
059,Laurens,VTD 10,4505910,Laurens - VTD 10,LAURENS - VTD 10,93695180.973640,Laurens,059,Hickory Tavern,Laurens - Hickory Tavern,LAURENS - HICKORY TAVERN,93436689.470502,0.997241,1
059,Laurens,VTD 10,4505910,Laurens - VTD 10,LAURENS - VTD 10,93695180.973640,Laurens,059,Greenpond,Laurens - Greenpond,LAURENS - GREENPOND,251213.466569,0.002681,2
059,Laurens,VTD 35,4505935,Laurens - VTD 35,LAURENS - VTD 35,45871708.239274,Laurens,059,Martins-Poplar Spring,Laurens - Martins-Poplar Spring,LAURENS - MARTINS-POPLAR SPRING,45869608.302118,0.999954,1
059,Laurens,VTD 20,4505920,Laurens - VTD 20,LAURENS - VTD 20,35580809.824682,Laurens,059,Brewerton,Laurens - Brewerton,LAURENS - BREWERTON,30968581.917791,0.870373,1
059,Laurens,VTD 20,4505920,Laurens - VTD 20,LAURENS - VTD 20,35580809.824682,Laurens,059,Princeton,Laurens - Princeton,LAURENS - PRINCETON,4225494.009164,0.118758,2
059,Laurens,VTD 20,4505920,Laurens - VTD 20,LAURENS - VTD 20,35580809.824682,Laurens,059,Martins-Poplar Spring,Laurens - Martins-Poplar Spring,LAURENS - MARTINS-POPLAR SPRING,386733.897726,0.010869,3
059,Laurens,VTD 14,4505914,Laurens - VTD 14,LAURENS - VTD 14,35291890.019425,Laurens,059,Princeton,Laurens - Princeton,LAURENS - PRINCETON,31119206.419291,0.881767,1
059,Laurens,VTD 14,4505914,Laurens - VTD 14,LAURENS - VTD 14,35291890.019425,Laurens,059,Brewerton,Laurens - Brewerton,LAURENS - BREWERTON,4172683.600134,0.118233,2
059,Laurens,VTD 31,4505931,Laurens - VTD 31,LAURENS - VTD 31,107818918.837693,Laurens,059,Mountville,Laurens - Mountville,LAURENS - MOUNTVILLE,104694311.178741,0.971020,1
059,Laurens,VTD 31,4505931,Laurens - VTD 31,LAURENS - VTD 31,107818918.837693,Laurens,059,Waterloo,Laurens - Waterloo,LAURENS - WATERLOO,2332647.708636,0.021635,2
059,Laurens,VTD 31,4505931,Laurens - VTD 31,LAURENS - VTD 31,107818918.837693,Laurens,059,Bailey,Laurens - Bailey,LAURENS - BAILEY,727644.329564,0.006749,3
059,Laurens,VTD 30,4505930,Laurens - VTD 30,LAURENS - VTD 30,69600785.905379,Laurens,059,Waterloo,Laurens - Waterloo,LAURENS - WATERLOO,69600785.905379,1.000000,1
059,Laurens,VTD 29,4505929,Laurens - VTD 29,LAURENS - VTD 29,59718840.724346,Laurens,059,Mt. Olive,Laurens - Mt. Olive,LAURENS - MT. OLIVE,59718840.724346,1.000000,1
059,Laurens,VTD 32,4505932,Laurens - VTD 32,LAURENS - VTD 32,145870778.203547,Laurens,059,Cross Hill,Laurens - Cross Hill,LAURENS - CROSS HILL,145870776.197786,1.000000,1
059,Laurens,VTD 33,4505933,Laurens - VTD 33,LAURENS - VTD 33,90515589.648267,Laurens,059,Joanna,Laurens - Joanna,LAURENS - JOANNA,90496852.029538,0.999793,1
059,Laurens,VTD 34,4505934,Laurens - VTD 34,LAURENS - VTD 34,87085249.372654,Laurens,059,Joanna,Laurens - Joanna,LAURENS - JOANNA,87085249.372654,1.000000,1
059,Laurens,VTD 9,450599,Laurens - VTD 9,LAURENS - VTD 9,94945644.378801,Laurens,059,Clinton No. 1,Laurens - Clinton No. 1,LAURENS - CLINTON NO. 1,94945619.968852,1.000000,1
059,Laurens,VTD 19,4505919,Laurens - VTD 19,LAURENS - VTD 19,10805592.064391,Laurens,059,Clinton Mill,Laurens - Clinton Mill,LAURENS - CLINTON MILL,10652057.737972,0.985791,1
059,Laurens,VTD 19,4505919,Laurens - VTD 19,LAURENS - VTD 19,10805592.064391,Laurens,059,Long Branch,Laurens - Long Branch,LAURENS - LONG BRANCH,135619.286650,0.012551,2
059,Laurens,VTD 19,4505919,Laurens - VTD 19,LAURENS - VTD 19,10805592.064391,Laurens,059,Lydia Mill,Laurens - Lydia Mill,LAURENS - LYDIA MILL,15803.174872,0.001462,3
059,Laurens,VTD 8,450598,Laurens - VTD 8,LAURENS - VTD 8,130048251.507940,Laurens,059,Long Branch,Laurens - Long Branch,LAURENS - LONG BRANCH,128394777.043907,0.987286,1
059,Laurens,VTD 8,450598,Laurens - VTD 8,LAURENS - VTD 8,130048251.507940,Laurens,059,Ora-Lanford,Laurens - Ora-Lanford,LAURENS - ORA-LANFORD,1648429.520724,0.012676,2
059,Laurens,VTD 5,450595,Laurens - VTD 5,LAURENS - VTD 5,108206364.227587,Laurens,059,Ora-Lanford,Laurens - Ora-Lanford,LAURENS - ORA-LANFORD,108206363.963186,1.000000,1
059,Laurens,VTD 2,450592,Laurens - VTD 2,LAURENS - VTD 2,61768888.532529,Laurens,059,Youngs,Laurens - Youngs,LAURENS - YOUNGS,61757013.631700,0.999808,1
059,Laurens,VTD 1,450591,Laurens - VTD 1,LAURENS - VTD 1,54434728.237196,Laurens,059,Cooks,Laurens - Cooks,LAURENS - COOKS,53971387.582562,0.991488,1
059,Laurens,VTD 1,450591,Laurens - VTD 1,LAURENS - VTD 1,54434728.237196,Laurens,059,Jones,Laurens - Jones,LAURENS - JONES,319424.303099,0.005868,2
059,Laurens,VTD 1,450591,Laurens - VTD 1,LAURENS - VTD 1,54434728.237196,Laurens,059,Youngs,Laurens - Youngs,LAURENS - YOUNGS,142709.686684,0.002622,3
061,Lee,VTD 7,450617,Lee - VTD 7,LEE - VTD 7,77409517.823128,Lee,061,Cypress,Lee - Cypress,LEE - CYPRESS,77388167.282406,0.999724,1
061,Lee,VTD 31,4506131,Lee - VTD 31,LEE - VTD 31,52538954.497847,Lee,061,St. Charles,Lee - St. Charles,LEE - ST. CHARLES,52538954.497848,1.000000,1
061,Lee,VTD 30,4506130,Lee - VTD 30,LEE - VTD 30,93921698.913810,Lee,061,S Lynchburg,Lee - S Lynchburg,LEE - S LYNCHBURG,93921662.482282,1.000000,1
061,Lee,VTD 28,4506128,Lee - VTD 28,LEE - VTD 28,32849766.187213,Lee,061,Elliott,Lee - Elliott,LEE - ELLIOTT,32849765.593764,1.000000,1
061,Lee,VTD 24,4506124,Lee - VTD 24,LEE - VTD 24,60663938.420484,Lee,061,Ashwood,Lee - Ashwood,LEE - ASHWOOD,60628200.973349,0.999411,1
061,Lee,VTD 24,4506124,Lee - VTD 24,LEE - VTD 24,60663938.420484,Lee,061,St. Charles,Lee - St. Charles,LEE - ST. CHARLES,35519.894084,0.000586,2
061,Lee,VTD 25,4506125,Lee - VTD 25,LEE - VTD 25,69435218.745030,Lee,061,St. Charles,Lee - St. Charles,LEE - ST. CHARLES,68697072.020447,0.989369,1
061,Lee,VTD 25,4506125,Lee - VTD 25,LEE - VTD 25,69435218.745030,Lee,061,Mt. Clio,Lee - Mt. Clio,LEE - MT. CLIO,604154.706346,0.008701,2
061,Lee,VTD 25,4506125,Lee - VTD 25,LEE - VTD 25,69435218.745030,Lee,061,Manville,Lee - Manville,LEE - MANVILLE,133990.933073,0.001930,3
061,Lee,VTD 27,4506127,Lee - VTD 27,LEE - VTD 27,20332286.414380,Lee,061,Mt. Clio,Lee - Mt. Clio,LEE - MT. CLIO,20318699.211512,0.999332,1
061,Lee,VTD 27,4506127,Lee - VTD 27,LEE - VTD 27,20332286.414380,Lee,061,Cypress,Lee - Cypress,LEE - CYPRESS,13587.202869,0.000668,2
061,Lee,VTD 26,4506126,Lee - VTD 26,LEE - VTD 26,28710691.571390,Lee,061,Mt. Clio,Lee - Mt. Clio,LEE - MT. CLIO,25337135.464485,0.882498,1
061,Lee,VTD 26,4506126,Lee - VTD 26,LEE - VTD 26,28710691.571390,Lee,061,Bishopville No. 1,Lee - Bishopville No. 1,LEE - BISHOPVILLE NO. 1,1490841.920966,0.051926,2
061,Lee,VTD 26,4506126,Lee - VTD 26,LEE - VTD 26,28710691.571390,Lee,061,St. Charles,Lee - St. Charles,LEE - ST. CHARLES,1325346.869467,0.046162,3
061,Lee,VTD 26,4506126,Lee - VTD 26,LEE - VTD 26,28710691.571390,Lee,061,Manville,Lee - Manville,LEE - MANVILLE,557367.316473,0.019413,4
061,Lee,VTD 13,4506113,Lee - VTD 13,LEE - VTD 13,10576789.644303,Lee,061,Bishopville No. 1,Lee - Bishopville No. 1,LEE - BISHOPVILLE NO. 1,10576789.644303,1.000000,1
061,Lee,VTD 14,4506114,Lee - VTD 14,LEE - VTD 14,4853486.059564,Lee,061,Bishopville No. 3,Lee - Bishopville No. 3,LEE - BISHOPVILLE NO. 3,4853486.059564,1.000000,1
061,Lee,VTD 12,4506112,Lee - VTD 12,LEE - VTD 12,7525016.538137,Lee,061,Bishopville No. 1,Lee - Bishopville No. 1,LEE - BISHOPVILLE NO. 1,6571576.849915,0.873297,1
061,Lee,VTD 12,4506112,Lee - VTD 12,LEE - VTD 12,7525016.538137,Lee,061,Mt. Clio,Lee - Mt. Clio,LEE - MT. CLIO,659000.900807,0.087575,2
061,Lee,VTD 12,4506112,Lee - VTD 12,LEE - VTD 12,7525016.538137,Lee,061,Manville,Lee - Manville,LEE - MANVILLE,294438.787415,0.039128,3
061,Lee,VTD 21,4506121,Lee - VTD 21,LEE - VTD 21,31888486.915249,Lee,061,Rattlesnake Springs,Lee - Rattlesnake Springs,LEE - RATTLESNAKE SPRINGS,28527023.121411,0.894587,1
061,Lee,VTD 21,4506121,Lee - VTD 21,LEE - VTD 21,31888486.915249,Lee,061,Spring Hill,Lee - Spring Hill,LEE - SPRING HILL,3352703.928993,0.105138,2
061,Lee,VTD 22,4506122,Lee - VTD 22,LEE - VTD 22,58939176.316889,Lee,061,Spring Hill,Lee - Spring Hill,LEE - SPRING HILL,58125946.870416,0.986202,1
061,Lee,VTD 22,4506122,Lee - VTD 22,LEE - VTD 22,58939176.316889,Lee,061,Woodrow,Lee - Woodrow,LEE - WOODROW,813227.801566,0.013798,2
061,Lee,VTD 23,4506123,Lee - VTD 23,LEE - VTD 23,25271200.291691,Lee,061,Woodrow,Lee - Woodrow,LEE - WOODROW,25232849.349688,0.998482,1
061,Lee,VTD 23,4506123,Lee - VTD 23,LEE - VTD 23,25271200.291691,Lee,061,Spring Hill,Lee - Spring Hill,LEE - SPRING HILL,38350.942003,0.001518,2
061,Lee,VTD 20,4506120,Lee - VTD 20,LEE - VTD 20,21626597.280315,Lee,061,Ionia,Lee - Ionia,LEE - IONIA,21510932.406314,0.994652,1
061,Lee,VTD 20,4506120,Lee - VTD 20,LEE - VTD 20,21626597.280315,Lee,061,Spring Hill,Lee - Spring Hill,LEE - SPRING HILL,108183.895513,0.005002,2
061,Lee,VTD 19,4506119,Lee - VTD 19,LEE - VTD 19,32237886.022425,Lee,061,Ionia,Lee - Ionia,LEE - IONIA,31354585.178132,0.972601,1
061,Lee,VTD 19,4506119,Lee - VTD 19,LEE - VTD 19,32237886.022425,Lee,061,Schrocks Mill/Lucknow,Lee - Schrocks Mill/Lucknow,LEE - SCHROCKS MILLLUCKNOW,880847.019514,0.027323,2
061,Lee,VTD 18,4506118,Lee - VTD 18,LEE - VTD 18,28282072.045044,Lee,061,Hickory Hill,Lee - Hickory Hill,LEE - HICKORY HILL,28231279.846401,0.998204,1
061,Lee,VTD 18,4506118,Lee - VTD 18,LEE - VTD 18,28282072.045044,Lee,061,Ashwood,Lee - Ashwood,LEE - ASHWOOD,50792.198644,0.001796,2
061,Lee,VTD 6,450616,Lee - VTD 6,LEE - VTD 6,52256011.700248,Lee,061,Ashland/Stokes Bridge,Lee - Ashland/Stokes Bridge,LEE - ASHLANDSTOKES BRIDGE,52255057.501015,0.999982,1
061,Lee,VTD 5,450615,Lee - VTD 5,LEE - VTD 5,14803093.940387,Lee,061,Ashland/Stokes Bridge,Lee - Ashland/Stokes Bridge,LEE - ASHLANDSTOKES BRIDGE,14803093.879161,1.000000,1
061,Lee,VTD 8,450618,Lee - VTD 8,LEE - VTD 8,27890173.692092,Lee,061,Bishopville No. 4,Lee - Bishopville No. 4,LEE - BISHOPVILLE NO. 4,27888802.866452,0.999951,1
061,Lee,VTD 11,4506111,Lee - VTD 11,LEE - VTD 11,1173709.121357,Lee,061,Bishopville No. 2,Lee - Bishopville No. 2,LEE - BISHOPVILLE NO. 2,1173709.121357,1.000000,1
061,Lee,VTD 9,450619,Lee - VTD 9,LEE - VTD 9,1671745.841151,Lee,061,Bishopville No. 4,Lee - Bishopville No. 4,LEE - BISHOPVILLE NO. 4,1671745.841151,1.000000,1
061,Lee,VTD 10,4506110,Lee - VTD 10,LEE - VTD 10,17403997.542195,Lee,061,Bishopville No. 2,Lee - Bishopville No. 2,LEE - BISHOPVILLE NO. 2,17403979.823429,0.999999,1
061,Lee,VTD 15,4506115,Lee - VTD 15,LEE - VTD 15,27764584.404768,Lee,061,Cedar Creek,Lee - Cedar Creek,LEE - CEDAR CREEK,27764423.167013,0.999994,1
061,Lee,VTD 17,4506117,Lee - VTD 17,LEE - VTD 17,34831602.997592,Lee,061,Manville,Lee - Manville,LEE - MANVILLE,34211561.529282,0.982199,1
061,Lee,VTD 17,4506117,Lee - VTD 17,LEE - VTD 17,34831602.997592,Lee,061,Mt. Clio,Lee - Mt. Clio,LEE - MT. CLIO,620041.468310,0.017801,2
061,Lee,VTD 4,450614,Lee - VTD 4,LEE - VTD 4,22533788.959535,Lee,061,St. Matthews,Lee - St. Matthews,LEE - ST. MATTHEWS,22401353.492575,0.994123,1
061,Lee,VTD 4,450614,Lee - VTD 4,LEE - VTD 4,22533788.959535,Lee,061,Schrocks Mill/Lucknow,Lee - Schrocks Mill/Lucknow,LEE - SCHROCKS MILLLUCKNOW,132435.466960,0.005877,2
061,Lee,VTD 3,450613,Lee - VTD 3,LEE - VTD 3,33922758.547056,Lee,061,Turkey Creek,Lee - Turkey Creek,LEE - TURKEY CREEK,33922758.547056,1.000000,1
061,Lee,VTD 29,4506129,Lee - VTD 29,LEE - VTD 29,79449388.943719,Lee,061,Lynchburg,Lee - Lynchburg,LEE - LYNCHBURG,74291073.611388,0.935074,1
061,Lee,VTD 29,4506129,Lee - VTD 29,LEE - VTD 29,79449388.943719,Lee,061,S Lynchburg,Lee - S Lynchburg,LEE - S LYNCHBURG,5158315.332331,0.064926,2
061,Lee,VTD 1,450611,Lee - VTD 1,LEE - VTD 1,23526394.181802,Lee,061,Schrocks Mill/Lucknow,Lee - Schrocks Mill/Lucknow,LEE - SCHROCKS MILLLUCKNOW,23526394.120534,1.000000,1
061,Lee,VTD 2,450612,Lee - VTD 2,LEE - VTD 2,58148470.113164,Lee,061,Schrocks Mill/Lucknow,Lee - Schrocks Mill/Lucknow,LEE - SCHROCKS MILLLUCKNOW,57782236.905647,0.993702,1
061,Lee,VTD 2,450612,Lee - VTD 2,LEE - VTD 2,58148470.113164,Lee,061,St. Matthews,Lee - St. Matthews,LEE - ST. MATTHEWS,259702.296158,0.004466,2
061,Lee,VTD 2,450612,Lee - VTD 2,LEE - VTD 2,58148470.113164,Lee,061,Turkey Creek,Lee - Turkey Creek,LEE - TURKEY CREEK,106530.911360,0.001832,3
061,Lee,VTD 16,4506116,Lee - VTD 16,LEE - VTD 16,12659251.815574,Lee,061,Bishopville No. 3,Lee - Bishopville No. 3,LEE - BISHOPVILLE NO. 3,12659113.185741,0.999989,1
063,Lexington,VTD 72,4506372,Lexington - VTD 72,LEXINGTON - VTD 72,57378832.261983,Lexington,063,025,Lexington - 025,LEXINGTON - 025,57368928.508525,0.999827,1
063,Lexington,VTD 67,4506367,Lexington - VTD 67,LEXINGTON - VTD 67,63570012.439878,Lexington,063,020,Lexington - 020,LEXINGTON - 020,63570012.439878,1.000000,1
063,Lexington,VTD 62,4506362,Lexington - VTD 62,LEXINGTON - VTD 62,49016710.382955,Lexington,063,069,Lexington - 069,LEXINGTON - 069,48880139.097505,0.997214,1
063,Lexington,VTD 62,4506362,Lexington - VTD 62,LEXINGTON - VTD 62,49016710.382955,Lexington,063,008,Lexington - 008,LEXINGTON - 008,136571.285450,0.002786,2
063,Lexington,VTD 43,4506343,Lexington - VTD 43,LEXINGTON - VTD 43,91475333.085122,Lexington,063,008,Lexington - 008,LEXINGTON - 008,91474551.580082,0.999991,1
063,Lexington,VTD 3,450633,Lexington - VTD 3,LEXINGTON - VTD 3,47714409.893810,Lexington,063,063,Lexington - 063,LEXINGTON - 063,26597751.822554,0.557436,1
063,Lexington,VTD 3,450633,Lexington - VTD 3,LEXINGTON - VTD 3,47714409.893810,Lexington,063,085,Lexington - 085,LEXINGTON - 085,21115865.226995,0.442547,2
063,Lexington,VTD 75,4506375,Lexington - VTD 75,LEXINGTON - VTD 75,61306233.729974,Lexington,063,082,Lexington - 082,LEXINGTON - 082,61306154.062904,0.999999,1
063,Lexington,VTD 29,4506329,Lexington - VTD 29,LEXINGTON - VTD 29,24061964.649742,Lexington,063,011,Lexington - 011,LEXINGTON - 011,24061963.635293,1.000000,1
063,Lexington,VTD 22,4506322,Lexington - VTD 22,LEXINGTON - VTD 22,47616592.795489,Lexington,063,010,Lexington - 010,LEXINGTON - 010,47616510.375215,0.999998,1
063,Lexington,VTD 31,4506331,Lexington - VTD 31,LEXINGTON - VTD 31,35842605.384235,Lexington,063,019,Lexington - 019,LEXINGTON - 019,35725280.033849,0.996727,1
063,Lexington,VTD 31,4506331,Lexington - VTD 31,LEXINGTON - VTD 31,35842605.384235,Lexington,063,016,Lexington - 016,LEXINGTON - 016,117325.073192,0.003273,2
063,Lexington,VTD 53,4506353,Lexington - VTD 53,LEXINGTON - VTD 53,2360145.507782,Lexington,063,035,Lexington - 035,LEXINGTON - 035,2358923.623019,0.999482,1
063,Lexington,VTD 53,4506353,Lexington - VTD 53,LEXINGTON - VTD 53,2360145.507782,Lexington,063,044,Lexington - 044,LEXINGTON - 044,1212.386034,0.000514,2
063,Lexington,VTD 44,4506344,Lexington - VTD 44,LEXINGTON - VTD 44,50384848.961407,Lexington,063,016,Lexington - 016,LEXINGTON - 016,41278347.566727,0.819261,1
063,Lexington,VTD 44,4506344,Lexington - VTD 44,LEXINGTON - VTD 44,50384848.961407,Lexington,063,069,Lexington - 069,LEXINGTON - 069,9021587.131755,0.179054,2
063,Lexington,VTD 44,4506344,Lexington - VTD 44,LEXINGTON - VTD 44,50384848.961407,Lexington,063,008,Lexington - 008,LEXINGTON - 008,64266.387044,0.001276,3
063,Lexington,VTD 52,4506352,Lexington - VTD 52,LEXINGTON - VTD 52,1243785.182951,Lexington,063,037,Lexington - 037,LEXINGTON - 037,1192046.646704,0.958402,1
063,Lexington,VTD 52,4506352,Lexington - VTD 52,LEXINGTON - VTD 52,1243785.182951,Lexington,063,047,Lexington - 047,LEXINGTON - 047,34386.489538,0.027647,2
063,Lexington,VTD 52,4506352,Lexington - VTD 52,LEXINGTON - VTD 52,1243785.182951,Lexington,063,055,Lexington - 055,LEXINGTON - 055,17352.046709,0.013951,3
063,Lexington,VTD 51,4506351,Lexington - VTD 51,LEXINGTON - VTD 51,830512.027832,Lexington,063,046,Lexington - 046,LEXINGTON - 046,830472.851167,0.999953,1
063,Lexington,VTD 68,4506368,Lexington - VTD 68,LEXINGTON - VTD 68,69728281.023570,Lexington,063,083,Lexington - 083,LEXINGTON - 083,47454762.428213,0.680567,1
063,Lexington,VTD 68,4506368,Lexington - VTD 68,LEXINGTON - VTD 68,69728281.023570,Lexington,063,022,Lexington - 022,LEXINGTON - 022,22273518.595357,0.319433,2
063,Lexington,VTD 7,450637,Lexington - VTD 7,LEXINGTON - VTD 7,64746423.040142,Lexington,063,010,Lexington - 010,LEXINGTON - 010,64746356.143038,0.999999,1
063,Lexington,VTD 10,4506310,Lexington - VTD 10,LEXINGTON - VTD 10,19821580.173297,Lexington,063,068,Lexington - 068,LEXINGTON - 068,19821573.145456,1.000000,1
063,Lexington,VTD 70,4506370,Lexington - VTD 70,LEXINGTON - VTD 70,35212780.906308,Lexington,063,027,Lexington - 027,LEXINGTON - 027,35212772.539931,1.000000,1
063,Lexington,VTD 30,4506330,Lexington - VTD 30,LEXINGTON - VTD 30,47706636.633756,Lexington,063,007,Lexington - 007,LEXINGTON - 007,47458991.085732,0.994809,1
063,Lexington,VTD 30,4506330,Lexington - VTD 30,LEXINGTON - VTD 30,47706636.633756,Lexington,063,011,Lexington - 011,LEXINGTON - 011,133016.803636,0.002788,2
063,Lexington,VTD 30,4506330,Lexington - VTD 30,LEXINGTON - VTD 30,47706636.633756,Lexington,063,016,Lexington - 016,LEXINGTON - 016,114626.143868,0.002403,3
063,Lexington,VTD 23,4506323,Lexington - VTD 23,LEXINGTON - VTD 23,48936379.258174,Lexington,063,015,Lexington - 015,LEXINGTON - 015,48936379.258174,1.000000,1
063,Lexington,VTD 73,4506373,Lexington - VTD 73,LEXINGTON - VTD 73,57320319.704349,Lexington,063,023,Lexington - 023,LEXINGTON - 023,57319947.811284,0.999994,1
063,Lexington,VTD 65,4506365,Lexington - VTD 65,LEXINGTON - VTD 65,52199039.590861,Lexington,063,080,Lexington - 080,LEXINGTON - 080,27717617.492145,0.530999,1
063,Lexington,VTD 65,4506365,Lexington - VTD 65,LEXINGTON - VTD 65,52199039.590861,Lexington,063,075,Lexington - 075,LEXINGTON - 075,24481422.098715,0.469001,2
063,Lexington,VTD 57,4506357,Lexington - VTD 57,LEXINGTON - VTD 57,24423951.864979,Lexington,063,013,Lexington - 013,LEXINGTON - 013,24413261.389348,0.999562,1
063,Lexington,VTD 36,4506336,Lexington - VTD 36,LEXINGTON - VTD 36,4709381.408332,Lexington,063,079,Lexington - 079,LEXINGTON - 079,3000047.159404,0.637036,1
063,Lexington,VTD 36,4506336,Lexington - VTD 36,LEXINGTON - VTD 36,4709381.408332,Lexington,063,029,Lexington - 029,LEXINGTON - 029,1709333.787866,0.362964,2
063,Lexington,VTD 66,4506366,Lexington - VTD 66,LEXINGTON - VTD 66,43372100.369254,Lexington,063,026,Lexington - 026,LEXINGTON - 026,35883889.450957,0.827350,1
063,Lexington,VTD 66,4506366,Lexington - VTD 66,LEXINGTON - VTD 66,43372100.369254,Lexington,063,075,Lexington - 075,LEXINGTON - 075,7484866.213760,0.172573,2
063,Lexington,VTD 48,4506348,Lexington - VTD 48,LEXINGTON - VTD 48,12116041.647591,Lexington,063,005,Lexington - 005,LEXINGTON - 005,9059250.428306,0.747707,1
063,Lexington,VTD 48,4506348,Lexington - VTD 48,LEXINGTON - VTD 48,12116041.647591,Lexington,063,078,Lexington - 078,LEXINGTON - 078,3056773.823014,0.252291,2
063,Lexington,VTD 59,4506359,Lexington - VTD 59,LEXINGTON - VTD 59,20439335.796259,Lexington,063,039,Lexington - 039,LEXINGTON - 039,12798320.898447,0.626161,1
063,Lexington,VTD 59,4506359,Lexington - VTD 59,LEXINGTON - VTD 59,20439335.796259,Lexington,063,077,Lexington - 077,LEXINGTON - 077,7619050.301526,0.372764,2
063,Lexington,VTD 59,4506359,Lexington - VTD 59,LEXINGTON - VTD 59,20439335.796259,Lexington,063,043,Lexington - 043,LEXINGTON - 043,21964.596286,0.001075,3
063,Lexington,VTD 26,4506326,Lexington - VTD 26,LEXINGTON - VTD 26,3638695.088537,Lexington,063,030,Lexington - 030,LEXINGTON - 030,3601169.168524,0.989687,1
063,Lexington,VTD 26,4506326,Lexington - VTD 26,LEXINGTON - VTD 26,3638695.088537,Lexington,063,021,Lexington - 021,LEXINGTON - 021,35542.437662,0.009768,2
063,Lexington,VTD 58,4506358,Lexington - VTD 58,LEXINGTON - VTD 58,11073129.008145,Lexington,063,014,Lexington - 014,LEXINGTON - 014,10393093.060069,0.938587,1
063,Lexington,VTD 58,4506358,Lexington - VTD 58,LEXINGTON - VTD 58,11073129.008145,Lexington,063,077,Lexington - 077,LEXINGTON - 077,679155.542329,0.061334,2
063,Lexington,VTD 69,4506369,Lexington - VTD 69,LEXINGTON - VTD 69,64712036.802799,Lexington,063,083,Lexington - 083,LEXINGTON - 083,37161335.197613,0.574257,1
063,Lexington,VTD 69,4506369,Lexington - VTD 69,LEXINGTON - VTD 69,64712036.802799,Lexington,063,022,Lexington - 022,LEXINGTON - 022,27550697.139304,0.425743,2
063,Lexington,VTD 74,4506374,Lexington - VTD 74,LEXINGTON - VTD 74,61667630.718831,Lexington,063,008,Lexington - 008,LEXINGTON - 008,61667030.220717,0.999990,1
063,Lexington,VTD 71,4506371,Lexington - VTD 71,LEXINGTON - VTD 71,35750453.522400,Lexington,063,024,Lexington - 024,LEXINGTON - 024,35750409.639547,0.999999,1
063,Lexington,VTD 17,4506317,Lexington - VTD 17,LEXINGTON - VTD 17,20135947.666685,Lexington,063,072,Lexington - 072,LEXINGTON - 072,13056042.366459,0.648395,1
063,Lexington,VTD 17,4506317,Lexington - VTD 17,LEXINGTON - VTD 17,20135947.666685,Lexington,063,070,Lexington - 070,LEXINGTON - 070,3674806.101996,0.182500,2
063,Lexington,VTD 17,4506317,Lexington - VTD 17,LEXINGTON - VTD 17,20135947.666685,Lexington,063,064,Lexington - 064,LEXINGTON - 064,3405077.096444,0.169104,3
063,Lexington,VTD 9,450639,Lexington - VTD 9,LEXINGTON - VTD 9,44674984.393386,Lexington,063,003,Lexington - 003,LEXINGTON - 003,25318602.574778,0.566729,1
063,Lexington,VTD 9,450639,Lexington - VTD 9,LEXINGTON - VTD 9,44674984.393386,Lexington,063,076,Lexington - 076,LEXINGTON - 076,19356369.381106,0.433271,2
063,Lexington,VTD 21,4506321,Lexington - VTD 21,LEXINGTON - VTD 21,3619513.134265,Lexington,063,052,Lexington - 052,LEXINGTON - 052,3619509.673114,0.999999,1
063,Lexington,VTD 12,4506312,Lexington - VTD 12,LEXINGTON - VTD 12,2940533.522853,Lexington,063,057,Lexington - 057,LEXINGTON - 057,2940532.596696,1.000000,1
063,Lexington,VTD 46,4506346,Lexington - VTD 46,LEXINGTON - VTD 46,14928260.590346,Lexington,063,065,Lexington - 065,LEXINGTON - 065,8711226.862684,0.583539,1
063,Lexington,VTD 46,4506346,Lexington - VTD 46,LEXINGTON - VTD 46,14928260.590346,Lexington,063,087,Lexington - 087,LEXINGTON - 087,6217033.408151,0.416461,2
063,Lexington,VTD 56,4506356,Lexington - VTD 56,LEXINGTON - VTD 56,8765351.473658,Lexington,063,031,Lexington - 031,LEXINGTON - 031,8741636.004724,0.997294,1
063,Lexington,VTD 56,4506356,Lexington - VTD 56,LEXINGTON - VTD 56,8765351.473658,Lexington,063,043,Lexington - 043,LEXINGTON - 043,23706.429883,0.002705,2
063,Lexington,VTD 50,4506350,Lexington - VTD 50,LEXINGTON - VTD 50,3928628.958221,Lexington,063,047,Lexington - 047,LEXINGTON - 047,3876956.037865,0.986847,1
063,Lexington,VTD 50,4506350,Lexington - VTD 50,LEXINGTON - VTD 50,3928628.958221,Lexington,063,042,Lexington - 042,LEXINGTON - 042,28124.784447,0.007159,2
063,Lexington,VTD 50,4506350,Lexington - VTD 50,LEXINGTON - VTD 50,3928628.958221,Lexington,063,074,Lexington - 074,LEXINGTON - 074,20736.411268,0.005278,3
063,Lexington,VTD 50,4506350,Lexington - VTD 50,LEXINGTON - VTD 50,3928628.958221,Lexington,063,055,Lexington - 055,LEXINGTON - 055,2811.724641,0.000716,4
063,Lexington,VTD 19,4506319,Lexington - VTD 19,LEXINGTON - VTD 19,2459405.342086,Lexington,063,051,Lexington - 051,LEXINGTON - 051,2443669.818124,0.993602,1
063,Lexington,VTD 19,4506319,Lexington - VTD 19,LEXINGTON - VTD 19,2459405.342086,Lexington,063,052,Lexington - 052,LEXINGTON - 052,15735.523962,0.006398,2
063,Lexington,VTD 37,4506337,Lexington - VTD 37,LEXINGTON - VTD 37,3939401.951196,Lexington,063,041,Lexington - 041,LEXINGTON - 041,3729035.558900,0.946599,1
063,Lexington,VTD 37,4506337,Lexington - VTD 37,LEXINGTON - VTD 37,3939401.951196,Lexington,063,044,Lexington - 044,LEXINGTON - 044,194238.744547,0.049307,2
063,Lexington,VTD 63,4506363,Lexington - VTD 63,LEXINGTON - VTD 63,33581360.525244,Lexington,063,017,Lexington - 017,LEXINGTON - 017,20922763.052281,0.623047,1
063,Lexington,VTD 63,4506363,Lexington - VTD 63,LEXINGTON - VTD 63,33581360.525244,Lexington,063,081,Lexington - 081,LEXINGTON - 081,12638203.675709,0.376346,2
063,Lexington,VTD 63,4506363,Lexington - VTD 63,LEXINGTON - VTD 63,33581360.525244,Lexington,063,013,Lexington - 013,LEXINGTON - 013,20392.884197,0.000607,3
063,Lexington,VTD 61,4506361,Lexington - VTD 61,LEXINGTON - VTD 61,46043189.402720,Lexington,063,038,Lexington - 038,LEXINGTON - 038,44920742.699516,0.975622,1
063,Lexington,VTD 61,4506361,Lexington - VTD 61,LEXINGTON - VTD 61,46043189.402720,Lexington,063,036,Lexington - 036,LEXINGTON - 036,1088051.735128,0.023631,2
063,Lexington,VTD 61,4506361,Lexington - VTD 61,LEXINGTON - VTD 61,46043189.402720,Lexington,063,031,Lexington - 031,LEXINGTON - 031,34375.091931,0.000747,3
063,Lexington,VTD 13,4506313,Lexington - VTD 13,LEXINGTON - VTD 13,2961796.373709,Lexington,063,060,Lexington - 060,LEXINGTON - 060,2961796.373709,1.000000,1
063,Lexington,VTD 40,4506340,Lexington - VTD 40,LEXINGTON - VTD 40,1421013.533442,Lexington,063,045,Lexington - 045,LEXINGTON - 045,1421012.572425,0.999999,1
063,Lexington,VTD 25,4506325,Lexington - VTD 25,LEXINGTON - VTD 25,5807117.760265,Lexington,063,021,Lexington - 021,LEXINGTON - 021,5807107.569633,0.999998,1
063,Lexington,VTD 16,4506316,Lexington - VTD 16,LEXINGTON - VTD 16,6305868.345668,Lexington,063,050,Lexington - 050,LEXINGTON - 050,6305868.345668,1.000000,1
063,Lexington,VTD 14,4506314,Lexington - VTD 14,LEXINGTON - VTD 14,3606711.231022,Lexington,063,009,Lexington - 009,LEXINGTON - 009,3606710.077807,1.000000,1
063,Lexington,VTD 2,450632,Lexington - VTD 2,LEXINGTON - VTD 2,45264605.960031,Lexington,063,061,Lexington - 061,LEXINGTON - 061,31004522.335473,0.684962,1
063,Lexington,VTD 2,450632,Lexington - VTD 2,LEXINGTON - VTD 2,45264605.960031,Lexington,063,084,Lexington - 084,LEXINGTON - 084,14259782.612966,0.315032,2
063,Lexington,VTD 60,4506360,Lexington - VTD 60,LEXINGTON - VTD 60,28893469.802031,Lexington,063,043,Lexington - 043,LEXINGTON - 043,28890942.412390,0.999913,1
063,Lexington,VTD 45,4506345,Lexington - VTD 45,LEXINGTON - VTD 45,24217887.744215,Lexington,063,018,Lexington - 018,LEXINGTON - 018,24217887.744215,1.000000,1
063,Lexington,VTD 34,4506334,Lexington - VTD 34,LEXINGTON - VTD 34,17127120.821544,Lexington,063,071,Lexington - 071,LEXINGTON - 071,9532751.866824,0.556588,1
063,Lexington,VTD 34,4506334,Lexington - VTD 34,LEXINGTON - VTD 34,17127120.821544,Lexington,063,033,Lexington - 033,LEXINGTON - 033,5365649.248027,0.313284,2
063,Lexington,VTD 34,4506334,Lexington - VTD 34,LEXINGTON - VTD 34,17127120.821544,Lexington,063,064,Lexington - 064,LEXINGTON - 064,2114060.243793,0.123433,3
063,Lexington,VTD 34,4506334,Lexington - VTD 34,LEXINGTON - VTD 34,17127120.821544,Lexington,063,088,Lexington - 088,LEXINGTON - 088,47425.614378,0.002769,4
063,Lexington,VTD 34,4506334,Lexington - VTD 34,LEXINGTON - VTD 34,17127120.821544,Lexington,063,087,Lexington - 087,LEXINGTON - 087,46228.929123,0.002699,5
063,Lexington,VTD 34,4506334,Lexington - VTD 34,LEXINGTON - VTD 34,17127120.821544,Lexington,063,067,Lexington - 067,LEXINGTON - 067,20995.285991,0.001226,6
063,Lexington,VTD 8,450638,Lexington - VTD 8,LEXINGTON - VTD 8,42973000.021813,Lexington,063,006,Lexington - 006,LEXINGTON - 006,42972946.904497,0.999999,1
063,Lexington,VTD 1,450631,Lexington - VTD 1,LEXINGTON - VTD 1,49728888.528148,Lexington,063,028,Lexington - 028,LEXINGTON - 028,41626162.355597,0.837062,1
063,Lexington,VTD 1,450631,Lexington - VTD 1,LEXINGTON - VTD 1,49728888.528148,Lexington,063,084,Lexington - 084,LEXINGTON - 084,8088881.991316,0.162660,2
063,Lexington,VTD 41,4506341,Lexington - VTD 41,LEXINGTON - VTD 41,1542329.926136,Lexington,063,044,Lexington - 044,LEXINGTON - 044,1335160.063006,0.865677,1
063,Lexington,VTD 41,4506341,Lexington - VTD 41,LEXINGTON - VTD 41,1542329.926136,Lexington,063,046,Lexington - 046,LEXINGTON - 046,207159.592056,0.134316,2
063,Lexington,VTD 49,4506349,Lexington - VTD 49,LEXINGTON - VTD 49,15750781.596279,Lexington,063,074,Lexington - 074,LEXINGTON - 074,9786523.220052,0.621336,1
063,Lexington,VTD 49,4506349,Lexington - VTD 49,LEXINGTON - VTD 49,15750781.596279,Lexington,063,042,Lexington - 042,LEXINGTON - 042,5863601.038916,0.372274,2
063,Lexington,VTD 49,4506349,Lexington - VTD 49,LEXINGTON - VTD 49,15750781.596279,Lexington,063,055,Lexington - 055,LEXINGTON - 055,88871.842476,0.005642,3
063,Lexington,VTD 49,4506349,Lexington - VTD 49,LEXINGTON - VTD 49,15750781.596279,Lexington,063,014,Lexington - 014,LEXINGTON - 014,11778.840289,0.000748,4
063,Lexington,VTD 18,4506318,Lexington - VTD 18,LEXINGTON - VTD 18,22146827.392907,Lexington,063,066,Lexington - 066,LEXINGTON - 066,22026607.203978,0.994572,1
063,Lexington,VTD 18,4506318,Lexington - VTD 18,LEXINGTON - VTD 18,22146827.392907,Lexington,063,021,Lexington - 021,LEXINGTON - 021,48226.581785,0.002178,2
063,Lexington,VTD 18,4506318,Lexington - VTD 18,LEXINGTON - VTD 18,22146827.392907,Lexington,063,088,Lexington - 088,LEXINGTON - 088,38811.412051,0.001752,3
063,Lexington,VTD 18,4506318,Lexington - VTD 18,LEXINGTON - VTD 18,22146827.392907,Lexington,063,032,Lexington - 032,LEXINGTON - 032,33172.205030,0.001498,4
063,Lexington,VTD 15,4506315,Lexington - VTD 15,LEXINGTON - VTD 15,3176498.766931,Lexington,063,049,Lexington - 049,LEXINGTON - 049,3176484.749956,0.999996,1
063,Lexington,VTD 64,4506364,Lexington - VTD 64,LEXINGTON - VTD 64,42584920.553044,Lexington,063,081,Lexington - 081,LEXINGTON - 081,30222657.569045,0.709703,1
063,Lexington,VTD 64,4506364,Lexington - VTD 64,LEXINGTON - VTD 64,42584920.553044,Lexington,063,017,Lexington - 017,LEXINGTON - 017,12362262.983999,0.290297,2
063,Lexington,VTD 4,450634,Lexington - VTD 4,LEXINGTON - VTD 4,31428217.181072,Lexington,063,059,Lexington - 059,LEXINGTON - 059,30544387.359400,0.971878,1
063,Lexington,VTD 4,450634,Lexington - VTD 4,LEXINGTON - VTD 4,31428217.181072,Lexington,063,086,Lexington - 086,LEXINGTON - 086,883058.093743,0.028098,2
063,Lexington,VTD 5,450635,Lexington - VTD 5,LEXINGTON - VTD 5,8063756.986781,Lexington,063,086,Lexington - 086,LEXINGTON - 086,4200930.842801,0.520964,1
063,Lexington,VTD 5,450635,Lexington - VTD 5,LEXINGTON - VTD 5,8063756.986781,Lexington,063,048,Lexington - 048,LEXINGTON - 048,3862726.691329,0.479023,2
063,Lexington,VTD 20,4506320,Lexington - VTD 20,LEXINGTON - VTD 20,3285794.285362,Lexington,063,058,Lexington - 058,LEXINGTON - 058,2537932.551335,0.772395,1
063,Lexington,VTD 20,4506320,Lexington - VTD 20,LEXINGTON - VTD 20,3285794.285362,Lexington,063,051,Lexington - 051,LEXINGTON - 051,747851.625363,0.227601,2
063,Lexington,VTD 11,4506311,Lexington - VTD 11,LEXINGTON - VTD 11,5943874.623965,Lexington,063,062,Lexington - 062,LEXINGTON - 062,5943874.623965,1.000000,1
063,Lexington,VTD 42,4506342,Lexington - VTD 42,LEXINGTON - VTD 42,44989403.868653,Lexington,063,002,Lexington - 002,LEXINGTON - 002,44989233.220930,0.999996,1
063,Lexington,VTD 55,4506355,Lexington - VTD 55,LEXINGTON - VTD 55,10680357.170851,Lexington,063,036,Lexington - 036,LEXINGTON - 036,10680353.886313,1.000000,1
063,Lexington,VTD 24,4506324,Lexington - VTD 24,LEXINGTON - VTD 24,14796880.836310,Lexington,063,004,Lexington - 004,LEXINGTON - 004,6842716.824826,0.462443,1
063,Lexington,VTD 24,4506324,Lexington - VTD 24,LEXINGTON - VTD 24,14796880.836310,Lexington,063,073,Lexington - 073,LEXINGTON - 073,5475448.217822,0.370041,2
063,Lexington,VTD 24,4506324,Lexington - VTD 24,LEXINGTON - VTD 24,14796880.836310,Lexington,063,070,Lexington - 070,LEXINGTON - 070,2478699.952175,0.167515,3
063,Lexington,VTD 38,4506338,Lexington - VTD 38,LEXINGTON - VTD 38,7901998.414215,Lexington,063,053,Lexington - 053,LEXINGTON - 053,5681112.336272,0.718946,1
063,Lexington,VTD 38,4506338,Lexington - VTD 38,LEXINGTON - VTD 38,7901998.414215,Lexington,063,029,Lexington - 029,LEXINGTON - 029,2220883.815373,0.281053,2
063,Lexington,VTD 32,4506332,Lexington - VTD 32,LEXINGTON - VTD 32,20558438.754756,Lexington,063,056,Lexington - 056,LEXINGTON - 056,18671431.742292,0.908213,1
063,Lexington,VTD 32,4506332,Lexington - VTD 32,LEXINGTON - VTD 32,20558438.754756,Lexington,063,073,Lexington - 073,LEXINGTON - 073,1808813.250218,0.087984,2
063,Lexington,VTD 32,4506332,Lexington - VTD 32,LEXINGTON - VTD 32,20558438.754756,Lexington,063,018,Lexington - 018,LEXINGTON - 018,78172.846983,0.003802,3
063,Lexington,VTD 6,450636,Lexington - VTD 6,LEXINGTON - VTD 6,4042056.489557,Lexington,063,054,Lexington - 054,LEXINGTON - 054,4014957.921636,0.993296,1
063,Lexington,VTD 6,450636,Lexington - VTD 6,LEXINGTON - VTD 6,4042056.489557,Lexington,063,048,Lexington - 048,LEXINGTON - 048,17633.140049,0.004362,2
063,Lexington,VTD 6,450636,Lexington - VTD 6,LEXINGTON - VTD 6,4042056.489557,Lexington,063,060,Lexington - 060,LEXINGTON - 060,9456.677717,0.002340,3
063,Lexington,VTD 39,4506339,Lexington - VTD 39,LEXINGTON - VTD 39,6406099.188494,Lexington,063,040,Lexington - 040,LEXINGTON - 040,6156404.198247,0.961022,1
063,Lexington,VTD 39,4506339,Lexington - VTD 39,LEXINGTON - VTD 39,6406099.188494,Lexington,063,047,Lexington - 047,LEXINGTON - 047,192886.513551,0.030110,2
063,Lexington,VTD 39,4506339,Lexington - VTD 39,LEXINGTON - VTD 39,6406099.188494,Lexington,063,029,Lexington - 029,LEXINGTON - 029,48060.817658,0.007502,3
063,Lexington,VTD 39,4506339,Lexington - VTD 39,LEXINGTON - VTD 39,6406099.188494,Lexington,063,042,Lexington - 042,LEXINGTON - 042,8738.489933,0.001364,4
063,Lexington,VTD 27,4506327,Lexington - VTD 27,LEXINGTON - VTD 27,12024545.794355,Lexington,063,001,Lexington - 001,LEXINGTON - 001,11936937.808461,0.992714,1
063,Lexington,VTD 27,4506327,Lexington - VTD 27,LEXINGTON - VTD 27,12024545.794355,Lexington,063,002,Lexington - 002,LEXINGTON - 002,87599.218373,0.007285,2
063,Lexington,VTD 35,4506335,Lexington - VTD 35,LEXINGTON - VTD 35,12230924.277754,Lexington,063,088,Lexington - 088,LEXINGTON - 088,7977775.067460,0.652263,1
063,Lexington,VTD 35,4506335,Lexington - VTD 35,LEXINGTON - VTD 35,12230924.277754,Lexington,063,032,Lexington - 032,LEXINGTON - 032,4253149.210294,0.347737,2
063,Lexington,VTD 33,4506333,Lexington - VTD 33,LEXINGTON - VTD 33,12355846.626519,Lexington,063,034,Lexington - 034,LEXINGTON - 034,9186998.616938,0.743535,1
063,Lexington,VTD 33,4506333,Lexington - VTD 33,LEXINGTON - VTD 33,12355846.626519,Lexington,063,070,Lexington - 070,LEXINGTON - 070,1678455.628344,0.135843,2
063,Lexington,VTD 33,4506333,Lexington - VTD 33,LEXINGTON - VTD 33,12355846.626519,Lexington,063,073,Lexington - 073,LEXINGTON - 073,1408843.019555,0.114022,3
063,Lexington,VTD 33,4506333,Lexington - VTD 33,LEXINGTON - VTD 33,12355846.626519,Lexington,063,018,Lexington - 018,LEXINGTON - 018,78576.009597,0.006359,4
063,Lexington,VTD 54,4506354,Lexington - VTD 54,LEXINGTON - VTD 54,3973797.890418,Lexington,063,055,Lexington - 055,LEXINGTON - 055,3971931.400579,0.999530,1
063,Lexington,VTD 28,4506328,Lexington - VTD 28,LEXINGTON - VTD 28,48195646.578421,Lexington,063,012,Lexington - 012,LEXINGTON - 012,47745236.627336,0.990655,1
063,Lexington,VTD 28,4506328,Lexington - VTD 28,LEXINGTON - VTD 28,48195646.578421,Lexington,063,001,Lexington - 001,LEXINGTON - 001,239264.983811,0.004964,2
063,Lexington,VTD 28,4506328,Lexington - VTD 28,LEXINGTON - VTD 28,48195646.578421,Lexington,063,007,Lexington - 007,LEXINGTON - 007,211144.967274,0.004381,3
063,Lexington,VTD 47,4506347,Lexington - VTD 47,LEXINGTON - VTD 47,6456362.439838,Lexington,063,067,Lexington - 067,LEXINGTON - 067,4757441.682763,0.736861,1
063,Lexington,VTD 47,4506347,Lexington - VTD 47,LEXINGTON - VTD 47,6456362.439838,Lexington,063,078,Lexington - 078,LEXINGTON - 078,1698917.949156,0.263139,2
065,McCormick,VTD 12,4506512,McCormick - VTD 12,MCCORMICK - VTD 12,95002827.594410,McCormick,065,Plum Branch,McCormick - Plum Branch,MCCORMICK - PLUM BRANCH,93508648.739978,0.984272,1
065,McCormick,VTD 12,4506512,McCormick - VTD 12,MCCORMICK - VTD 12,95002827.594410,McCormick,065,Parksville,McCormick - Parksville,MCCORMICK - PARKSVILLE,1494169.725402,0.015728,2
065,McCormick,VTD 14,4506514,McCormick - VTD 14,MCCORMICK - VTD 14,44300548.292343,McCormick,065,Parksville,McCormick - Parksville,MCCORMICK - PARKSVILLE,38392617.167953,0.866640,1
065,McCormick,VTD 14,4506514,McCormick - VTD 14,MCCORMICK - VTD 14,44300548.292343,McCormick,065,Modoc,McCormick - Modoc,MCCORMICK - MODOC,5907930.205692,0.133360,2
065,McCormick,VTD 16,4506516,McCormick - VTD 16,MCCORMICK - VTD 16,88450294.564280,McCormick,065,Clarks Hill,McCormick - Clarks Hill,MCCORMICK - CLARKS HILL,86578931.965121,0.978843,1
065,McCormick,VTD 16,4506516,McCormick - VTD 16,MCCORMICK - VTD 16,88450294.564280,McCormick,065,Modoc,McCormick - Modoc,MCCORMICK - MODOC,1776521.416961,0.020085,2
065,McCormick,VTD 15,4506515,McCormick - VTD 15,MCCORMICK - VTD 15,16764803.090869,McCormick,065,Modoc,McCormick - Modoc,MCCORMICK - MODOC,16708866.008598,0.996663,1
065,McCormick,VTD 15,4506515,McCormick - VTD 15,MCCORMICK - VTD 15,16764803.090869,McCormick,065,Clarks Hill,McCormick - Clarks Hill,MCCORMICK - CLARKS HILL,55935.038467,0.003336,2
065,McCormick,VTD 13,4506513,McCormick - VTD 13,MCCORMICK - VTD 13,39855225.726659,McCormick,065,Parksville,McCormick - Parksville,MCCORMICK - PARKSVILLE,32703120.306186,0.820548,1
065,McCormick,VTD 13,4506513,McCormick - VTD 13,MCCORMICK - VTD 13,39855225.726659,McCormick,065,Modoc,McCormick - Modoc,MCCORMICK - MODOC,3657818.761181,0.091778,2
065,McCormick,VTD 13,4506513,McCormick - VTD 13,MCCORMICK - VTD 13,39855225.726659,McCormick,065,Plum Branch,McCormick - Plum Branch,MCCORMICK - PLUM BRANCH,3494286.659292,0.087674,3
065,McCormick,VTD 11,4506511,McCormick - VTD 11,MCCORMICK - VTD 11,51787190.865850,McCormick,065,Plum Branch,McCormick - Plum Branch,MCCORMICK - PLUM BRANCH,51726020.805062,0.998819,1
065,McCormick,VTD 11,4506511,McCormick - VTD 11,MCCORMICK - VTD 11,51787190.865850,McCormick,065,McCormick No. 2,McCormick - McCormick No. 2,MCCORMICK - MCCORMICK NO. 2,61170.060788,0.001181,2
065,McCormick,VTD 8,450658,McCormick - VTD 8,MCCORMICK - VTD 8,55586533.289240,McCormick,065,McCormick No. 2,McCormick - McCormick No. 2,MCCORMICK - MCCORMICK NO. 2,55471651.195963,0.997933,1
065,McCormick,VTD 8,450658,McCormick - VTD 8,MCCORMICK - VTD 8,55586533.289240,McCormick,065,Plum Branch,McCormick - Plum Branch,MCCORMICK - PLUM BRANCH,114654.403871,0.002063,2
065,McCormick,VTD 7,450657,McCormick - VTD 7,MCCORMICK - VTD 7,73122117.017156,McCormick,065,McCormick No. 1,McCormick - McCormick No. 1,MCCORMICK - MCCORMICK NO. 1,73122106.543656,1.000000,1
065,McCormick,VTD 9,450659,McCormick - VTD 9,MCCORMICK - VTD 9,63931713.671439,McCormick,065,Bethany,McCormick - Bethany,MCCORMICK - BETHANY,63930555.718998,0.999982,1
065,McCormick,VTD 10,4506510,McCormick - VTD 10,MCCORMICK - VTD 10,38614716.142375,McCormick,065,Bethany,McCormick - Bethany,MCCORMICK - BETHANY,38614675.468970,0.999999,1
065,McCormick,VTD 6,450656,McCormick - VTD 6,MCCORMICK - VTD 6,115448620.324779,McCormick,065,McCormick No. 1,McCormick - McCormick No. 1,MCCORMICK - MCCORMICK NO. 1,114194650.848556,0.989138,1
065,McCormick,VTD 6,450656,McCormick - VTD 6,MCCORMICK - VTD 6,115448620.324779,McCormick,065,Willington,McCormick - Willington,MCCORMICK - WILLINGTON,1253963.218793,0.010862,2
065,McCormick,VTD 4,450654,McCormick - VTD 4,MCCORMICK - VTD 4,63773942.066673,McCormick,065,Willington,McCormick - Willington,MCCORMICK - WILLINGTON,63147217.949674,0.990173,1
065,McCormick,VTD 4,450654,McCormick - VTD 4,MCCORMICK - VTD 4,63773942.066673,McCormick,065,McCormick No. 1,McCormick - McCormick No. 1,MCCORMICK - MCCORMICK NO. 1,585456.081573,0.009180,2
065,McCormick,VTD 4,450654,McCormick - VTD 4,MCCORMICK - VTD 4,63773942.066673,McCormick,065,Mt. Carmel,McCormick - Mt. Carmel,MCCORMICK - MT. CARMEL,41268.035425,0.000647,3
065,McCormick,VTD 2,450652,McCormick - VTD 2,MCCORMICK - VTD 2,79483011.150829,McCormick,065,Mt. Carmel,McCormick - Mt. Carmel,MCCORMICK - MT. CARMEL,79482991.812714,1.000000,1
065,McCormick,VTD 5,450655,McCormick - VTD 5,MCCORMICK - VTD 5,72478122.300231,McCormick,065,Savannah,McCormick - Savannah,MCCORMICK - SAVANNAH,72448093.472377,0.999586,1
065,McCormick,VTD 3,450653,McCormick - VTD 3,MCCORMICK - VTD 3,56998061.447348,McCormick,065,Willington,McCormick - Willington,MCCORMICK - WILLINGTON,51847381.332125,0.909634,1
065,McCormick,VTD 3,450653,McCormick - VTD 3,MCCORMICK - VTD 3,56998061.447348,McCormick,065,Savannah,McCormick - Savannah,MCCORMICK - SAVANNAH,4704477.650412,0.082538,2
065,McCormick,VTD 3,450653,McCormick - VTD 3,MCCORMICK - VTD 3,56998061.447348,McCormick,065,Mt. Carmel,McCormick - Mt. Carmel,MCCORMICK - MT. CARMEL,446184.690696,0.007828,3
065,McCormick,VTD 1,450651,McCormick - VTD 1,MCCORMICK - VTD 1,64621750.014218,McCormick,065,Mt. Carmel,McCormick - Mt. Carmel,MCCORMICK - MT. CARMEL,64621750.014218,1.000000,1
067,Marion,VTD 18,4506718,Marion - VTD 18,MARION - VTD 18,166242437.365738,Marion,067,Marion West,Marion - Marion West,MARION - MARION WEST,166157622.010434,0.999490,1
067,Marion,VTD 9,450679,Marion - VTD 9,MARION - VTD 9,80349746.401878,Marion,067,Marion West,Marion - Marion West,MARION - MARION WEST,80332626.607389,0.999787,1
067,Marion,VTD 10,4506710,Marion - VTD 10,MARION - VTD 10,33726230.796621,Marion,067,Sellers,Marion - Sellers,MARION - SELLERS,33726220.837074,1.000000,1
067,Marion,VTD 11,4506711,Marion - VTD 11,MARION - VTD 11,49454549.334343,Marion,067,Temperance,Marion - Temperance,MARION - TEMPERANCE,49453010.767263,0.999969,1
067,Marion,VTD 12,4506712,Marion - VTD 12,MARION - VTD 12,37052518.636408,Marion,067,Zion,Marion - Zion,MARION - ZION,35656152.060608,0.962314,1
067,Marion,VTD 12,4506712,Marion - VTD 12,MARION - VTD 12,37052518.636408,Marion,067,Northwest Mullins,Marion - Northwest Mullins,MARION - NORTHWEST MULLINS,1396363.909583,0.037686,2
067,Marion,VTD 15,4506715,Marion - VTD 15,MARION - VTD 15,39506518.324228,Marion,067,Northeast Mullins,Marion - Northeast Mullins,MARION - NORTHEAST MULLINS,39505010.501240,0.999962,1
067,Marion,VTD 17,4506717,Marion - VTD 17,MARION - VTD 17,46492020.005614,Marion,067,Nichols,Marion - Nichols,MARION - NICHOLS,46474442.917591,0.999622,1
067,Marion,VTD 16,4506716,Marion - VTD 16,MARION - VTD 16,60060772.895282,Marion,067,Southeast Mullins,Marion - Southeast Mullins,MARION - SOUTHEAST MULLINS,50899385.415487,0.847465,1
067,Marion,VTD 16,4506716,Marion - VTD 16,MARION - VTD 16,60060772.895282,Marion,067,Rains,Marion - Rains,MARION - RAINS,9104135.472248,0.151582,2
067,Marion,VTD 16,4506716,Marion - VTD 16,MARION - VTD 16,60060772.895282,Marion,067,Nichols,Marion - Nichols,MARION - NICHOLS,50771.342554,0.000845,3
067,Marion,VTD 7,450677,Marion - VTD 7,MARION - VTD 7,38555227.650190,Marion,067,Marion North,Marion - Marion North,MARION - MARION NORTH,38540550.993843,0.999619,1
067,Marion,VTD 5,450675,Marion - VTD 5,MARION - VTD 5,3198680.268480,Marion,067,Marion No. 1,Marion - Marion No. 1,MARION - MARION NO. 1,2593087.107517,0.810674,1
067,Marion,VTD 5,450675,Marion - VTD 5,MARION - VTD 5,3198680.268480,Marion,067,Marion North,Marion - Marion North,MARION - MARION NORTH,595584.774958,0.186197,2
067,Marion,VTD 5,450675,Marion - VTD 5,MARION - VTD 5,3198680.268480,Marion,067,Marion South,Marion - Marion South,MARION - MARION SOUTH,10008.386004,0.003129,3
067,Marion,VTD 6,450676,Marion - VTD 6,MARION - VTD 6,3318359.667361,Marion,067,Marion No. 2,Marion - Marion No. 2,MARION - MARION NO. 2,3318357.979947,0.999999,1
067,Marion,VTD 13,4506713,Marion - VTD 13,MARION - VTD 13,33748640.505597,Marion,067,Northwest Mullins,Marion - Northwest Mullins,MARION - NORTHWEST MULLINS,31579155.522318,0.935716,1
067,Marion,VTD 13,4506713,Marion - VTD 13,MARION - VTD 13,33748640.505597,Marion,067,Marion North,Marion - Marion North,MARION - MARION NORTH,2169390.607853,0.064281,2
067,Marion,VTD 14,4506714,Marion - VTD 14,MARION - VTD 14,62454853.884715,Marion,067,Southwest Mullins,Marion - Southwest Mullins,MARION - SOUTHWEST MULLINS,62370334.410600,0.998647,1
067,Marion,VTD 14,4506714,Marion - VTD 14,MARION - VTD 14,62454853.884715,Marion,067,Marion South,Marion - Marion South,MARION - MARION SOUTH,84436.615955,0.001352,2
067,Marion,VTD 8,450678,Marion - VTD 8,MARION - VTD 8,30132726.854655,Marion,067,Marion South,Marion - Marion South,MARION - MARION SOUTH,29652973.471892,0.984079,1
067,Marion,VTD 8,450678,Marion - VTD 8,MARION - VTD 8,30132726.854655,Marion,067,Centenary,Marion - Centenary,MARION - CENTENARY,470242.917080,0.015606,2
067,Marion,VTD 3,450673,Marion - VTD 3,MARION - VTD 3,92054553.433287,Marion,067,Centenary,Marion - Centenary,MARION - CENTENARY,90701221.341724,0.985299,1
067,Marion,VTD 3,450673,Marion - VTD 3,MARION - VTD 3,92054553.433287,Marion,067,Marion South,Marion - Marion South,MARION - MARION SOUTH,1275771.352825,0.013859,2
067,Marion,VTD 3,450673,Marion - VTD 3,MARION - VTD 3,92054553.433287,Marion,067,Friendship,Marion - Friendship,MARION - FRIENDSHIP,77552.324687,0.000842,3
067,Marion,VTD 2,450672,Marion - VTD 2,MARION - VTD 2,81290441.573526,Marion,067,Friendship,Marion - Friendship,MARION - FRIENDSHIP,81286439.558031,0.999951,1
067,Marion,VTD 20,4506720,Marion - VTD 20,MARION - VTD 20,62118053.072739,Marion,067,Centenary,Marion - Centenary,MARION - CENTENARY,62102831.914529,0.999755,1
067,Marion,VTD 1,450671,Marion - VTD 1,MARION - VTD 1,168784469.029760,Marion,067,Britton's Neck,Marion - Britton's Neck,MARION - BRITTONS NECK,167491344.094771,0.992339,1
067,Marion,VTD 1,450671,Marion - VTD 1,MARION - VTD 1,168784469.029760,Marion,067,Marion West,Marion - Marion West,MARION - MARION WEST,739852.750099,0.004383,2
067,Marion,VTD 1,450671,Marion - VTD 1,MARION - VTD 1,168784469.029760,Marion,067,Friendship,Marion - Friendship,MARION - FRIENDSHIP,553232.539296,0.003278,3
067,Marion,VTD 19,4506719,Marion - VTD 19,MARION - VTD 19,141637534.915215,Marion,067,Britton's Neck,Marion - Britton's Neck,MARION - BRITTONS NECK,141609491.942909,0.999802,1
067,Marion,VTD 4,450674,Marion - VTD 4,MARION - VTD 4,49618594.813701,Marion,067,Rains,Marion - Rains,MARION - RAINS,49572956.125523,0.999080,1
067,Marion,VTD 4,450674,Marion - VTD 4,MARION - VTD 4,49618594.813701,Marion,067,Centenary,Marion - Centenary,MARION - CENTENARY,45635.908947,0.000920,2
069,Marlboro,VTD 2,450692,Marlboro - VTD 2,MARLBORO - VTD 2,41814416.479935,Marlboro,069,Wallace,Marlboro - Wallace,MARLBORO - WALLACE,41814416.479935,1.000000,1
069,Marlboro,VTD 3,450693,Marlboro - VTD 3,MARLBORO - VTD 3,74345870.717300,Marlboro,069,Quicks X Roads,Marlboro - Quicks X Roads,MARLBORO - QUICKS X ROADS,73301086.501309,0.985947,1
069,Marlboro,VTD 3,450693,Marlboro - VTD 3,MARLBORO - VTD 3,74345870.717300,Marlboro,069,Wallace,Marlboro - Wallace,MARLBORO - WALLACE,685299.760809,0.009218,2
069,Marlboro,VTD 3,450693,Marlboro - VTD 3,MARLBORO - VTD 3,74345870.717300,Marlboro,069,Brightsville,Marlboro - Brightsville,MARLBORO - BRIGHTSVILLE,359484.455182,0.004835,3
069,Marlboro,VTD 7,450697,Marlboro - VTD 7,MARLBORO - VTD 7,12006163.919821,Marlboro,069,North Bennettsville,Marlboro - North Bennettsville,MARLBORO - NORTH BENNETTSVILLE,12006163.919821,1.000000,1
069,Marlboro,VTD 4,450694,Marlboro - VTD 4,MARLBORO - VTD 4,70460106.437161,Marlboro,069,Brightsville,Marlboro - Brightsville,MARLBORO - BRIGHTSVILLE,70460104.936743,1.000000,1
069,Marlboro,VTD 5,450695,Marlboro - VTD 5,MARLBORO - VTD 5,73526815.188101,Marlboro,069,Adamsville,Marlboro - Adamsville,MARLBORO - ADAMSVILLE,73526815.188101,1.000000,1
069,Marlboro,VTD 6,450696,Marlboro - VTD 6,MARLBORO - VTD 6,63607680.047975,Marlboro,069,Quicks X Roads,Marlboro - Quicks X Roads,MARLBORO - QUICKS X ROADS,63451167.835882,0.997539,1
069,Marlboro,VTD 6,450696,Marlboro - VTD 6,MARLBORO - VTD 6,63607680.047975,Marlboro,069,Wallace,Marlboro - Wallace,MARLBORO - WALLACE,156504.674867,0.002460,2
069,Marlboro,VTD 10,4506910,Marlboro - VTD 10,MARLBORO - VTD 10,48100334.607272,Marlboro,069,Tatum,Marlboro - Tatum,MARLBORO - TATUM,43668767.150784,0.907868,1
069,Marlboro,VTD 10,4506910,Marlboro - VTD 10,MARLBORO - VTD 10,48100334.607272,Marlboro,069,North Bennettsville,Marlboro - North Bennettsville,MARLBORO - NORTH BENNETTSVILLE,4431565.747329,0.092132,2
069,Marlboro,VTD 8,450698,Marlboro - VTD 8,MARLBORO - VTD 8,10592945.556567,Marlboro,069,North Bennettsville,Marlboro - North Bennettsville,MARLBORO - NORTH BENNETTSVILLE,10592945.556567,1.000000,1
069,Marlboro,VTD 16,4506916,Marlboro - VTD 16,MARLBORO - VTD 16,2962790.681702,Marlboro,069,North Bennettsville,Marlboro - North Bennettsville,MARLBORO - NORTH BENNETTSVILLE,2962790.681702,1.000000,1
069,Marlboro,VTD 1,450691,Marlboro - VTD 1,MARLBORO - VTD 1,95359879.067263,Marlboro,069,Wallace,Marlboro - Wallace,MARLBORO - WALLACE,95359874.881314,1.000000,1
069,Marlboro,VTD 9,450699,Marlboro - VTD 9,MARLBORO - VTD 9,8208873.226711,Marlboro,069,North Bennettsville,Marlboro - North Bennettsville,MARLBORO - NORTH BENNETTSVILLE,8204641.528704,0.999484,1
069,Marlboro,VTD 9,450699,Marlboro - VTD 9,MARLBORO - VTD 9,8208873.226711,Marlboro,069,Adamsville,Marlboro - Adamsville,MARLBORO - ADAMSVILLE,4231.698006,0.000516,2
069,Marlboro,VTD 12,4506912,Marlboro - VTD 12,MARLBORO - VTD 12,20835331.678369,Marlboro,069,McColl,Marlboro - McColl,MARLBORO - MCCOLL,20835331.678369,1.000000,1
069,Marlboro,VTD 13,4506913,Marlboro - VTD 13,MARLBORO - VTD 13,21473553.123632,Marlboro,069,McColl,Marlboro - McColl,MARLBORO - MCCOLL,18989688.997203,0.884329,1
069,Marlboro,VTD 13,4506913,Marlboro - VTD 13,MARLBORO - VTD 13,21473553.123632,Marlboro,069,East McColl,Marlboro - East McColl,MARLBORO - EAST MCCOLL,1664489.315943,0.077513,2
069,Marlboro,VTD 13,4506913,Marlboro - VTD 13,MARLBORO - VTD 13,21473553.123632,Marlboro,069,Clio,Marlboro - Clio,MARLBORO - CLIO,819374.810487,0.038157,3
069,Marlboro,VTD 14,4506914,Marlboro - VTD 14,MARLBORO - VTD 14,19244388.030121,Marlboro,069,West Bennettsville,Marlboro - West Bennettsville,MARLBORO - WEST BENNETTSVILLE,19244388.030121,1.000000,1
069,Marlboro,VTD 25,4506925,Marlboro - VTD 25,MARLBORO - VTD 25,40146503.438273,Marlboro,069,Clio,Marlboro - Clio,MARLBORO - CLIO,40138825.126828,0.999809,1
069,Marlboro,VTD 24,4506924,Marlboro - VTD 24,MARLBORO - VTD 24,22971554.677645,Marlboro,069,East Bennettsville,Marlboro - East Bennettsville,MARLBORO - EAST BENNETTSVILLE,22960374.957051,0.999513,1
069,Marlboro,VTD 29,4506929,Marlboro - VTD 29,MARLBORO - VTD 29,81783838.982070,Marlboro,069,Blenheim,Marlboro - Blenheim,MARLBORO - BLENHEIM,80825699.753331,0.988284,1
069,Marlboro,VTD 29,4506929,Marlboro - VTD 29,MARLBORO - VTD 29,81783838.982070,Marlboro,069,Redhill,Marlboro - Redhill,MARLBORO - REDHILL,958137.545625,0.011715,2
069,Marlboro,VTD 28,4506928,Marlboro - VTD 28,MARLBORO - VTD 28,41462357.205110,Marlboro,069,Redhill,Marlboro - Redhill,MARLBORO - REDHILL,41409877.203220,0.998734,1
069,Marlboro,VTD 28,4506928,Marlboro - VTD 28,MARLBORO - VTD 28,41462357.205110,Marlboro,069,South Bennettsville,Marlboro - South Bennettsville,MARLBORO - SOUTH BENNETTSVILLE,52479.863700,0.001266,2
069,Marlboro,VTD 30,4506930,Marlboro - VTD 30,MARLBORO - VTD 30,70427396.341794,Marlboro,069,Clio,Marlboro - Clio,MARLBORO - CLIO,65422029.315617,0.928929,1
069,Marlboro,VTD 30,4506930,Marlboro - VTD 30,MARLBORO - VTD 30,70427396.341794,Marlboro,069,Blenheim,Marlboro - Blenheim,MARLBORO - BLENHEIM,5005367.026176,0.071071,2
069,Marlboro,VTD 26,4506926,Marlboro - VTD 26,MARLBORO - VTD 26,56225746.384303,Marlboro,069,Clio,Marlboro - Clio,MARLBORO - CLIO,56225743.937378,1.000000,1
069,Marlboro,VTD 27,4506927,Marlboro - VTD 27,MARLBORO - VTD 27,111584528.692605,Marlboro,069,Redhill,Marlboro - Redhill,MARLBORO - REDHILL,110056394.335488,0.986305,1
069,Marlboro,VTD 27,4506927,Marlboro - VTD 27,MARLBORO - VTD 27,111584528.692605,Marlboro,069,Blenheim,Marlboro - Blenheim,MARLBORO - BLENHEIM,1528134.357117,0.013695,2
069,Marlboro,VTD 22,4506922,Marlboro - VTD 22,MARLBORO - VTD 22,1482561.517124,Marlboro,069,East Bennettsville,Marlboro - East Bennettsville,MARLBORO - EAST BENNETTSVILLE,1482561.517124,1.000000,1
069,Marlboro,VTD 20,4506920,Marlboro - VTD 20,MARLBORO - VTD 20,9674812.931802,Marlboro,069,West Bennettsville,Marlboro - West Bennettsville,MARLBORO - WEST BENNETTSVILLE,9674569.914411,0.999975,1
069,Marlboro,VTD 21,4506921,Marlboro - VTD 21,MARLBORO - VTD 21,1290099.267089,Marlboro,069,South Bennettsville,Marlboro - South Bennettsville,MARLBORO - SOUTH BENNETTSVILLE,1149271.590977,0.890840,1
069,Marlboro,VTD 21,4506921,Marlboro - VTD 21,MARLBORO - VTD 21,1290099.267089,Marlboro,069,West Bennettsville,Marlboro - West Bennettsville,MARLBORO - WEST BENNETTSVILLE,140827.676112,0.109160,2
069,Marlboro,VTD 17,4506917,Marlboro - VTD 17,MARLBORO - VTD 17,7121978.938434,Marlboro,069,North Bennettsville,Marlboro - North Bennettsville,MARLBORO - NORTH BENNETTSVILLE,7119009.707472,0.999583,1
069,Marlboro,VTD 23,4506923,Marlboro - VTD 23,MARLBORO - VTD 23,986280.181068,Marlboro,069,South Bennettsville,Marlboro - South Bennettsville,MARLBORO - SOUTH BENNETTSVILLE,986280.068194,1.000000,1
069,Marlboro,VTD 18,4506918,Marlboro - VTD 18,MARLBORO - VTD 18,2326351.864959,Marlboro,069,East Bennettsville,Marlboro - East Bennettsville,MARLBORO - EAST BENNETTSVILLE,2326351.864959,1.000000,1
069,Marlboro,VTD 19,4506919,Marlboro - VTD 19,MARLBORO - VTD 19,57116891.464713,Marlboro,069,West Bennettsville,Marlboro - West Bennettsville,MARLBORO - WEST BENNETTSVILLE,57116888.954614,1.000000,1
069,Marlboro,VTD 15,4506915,Marlboro - VTD 15,MARLBORO - VTD 15,2972401.310680,Marlboro,069,North Bennettsville,Marlboro - North Bennettsville,MARLBORO - NORTH BENNETTSVILLE,2972401.310680,1.000000,1
069,Marlboro,VTD 31,4506931,Marlboro - VTD 31,MARLBORO - VTD 31,166370419.073986,Marlboro,069,Brownsville,Marlboro - Brownsville,MARLBORO - BROWNSVILLE,166370419.073986,1.000000,1
069,Marlboro,VTD 32,4506932,Marlboro - VTD 32,MARLBORO - VTD 32,20371559.477815,Marlboro,069,McColl,Marlboro - McColl,MARLBORO - MCCOLL,20371423.682660,0.999993,1
071,Newberry,VTD 1,450711,Newberry - VTD 1,NEWBERRY - VTD 1,13293815.262514,Newberry,071,Whitmire Outside,Newberry - Whitmire Outside,NEWBERRY - WHITMIRE OUTSIDE,11896210.556887,0.894868,1
071,Newberry,VTD 1,450711,Newberry - VTD 1,NEWBERRY - VTD 1,13293815.262514,Newberry,071,Whitmire City,Newberry - Whitmire City,NEWBERRY - WHITMIRE CITY,1397604.705627,0.105132,2
071,Newberry,VTD 6,450716,Newberry - VTD 6,NEWBERRY - VTD 6,42781246.563082,Newberry,071,Beth - Eden,Newberry - Beth - Eden,NEWBERRY - BETH - EDEN,42781239.004860,1.000000,1
071,Newberry,VTD 7,450717,Newberry - VTD 7,NEWBERRY - VTD 7,21771440.778548,Newberry,071,Beth - Eden,Newberry - Beth - Eden,NEWBERRY - BETH - EDEN,21744313.206612,0.998754,1
071,Newberry,VTD 7,450717,Newberry - VTD 7,NEWBERRY - VTD 7,21771440.778548,Newberry,071,Oakland,Newberry - Oakland,NEWBERRY - OAKLAND,25060.146621,0.001151,2
071,Newberry,VTD 8,450718,Newberry - VTD 8,NEWBERRY - VTD 8,40282855.296321,Newberry,071,Mt. Bethel-Garmany,Newberry - Mt. Bethel-Garmany,NEWBERRY - MT. BETHEL-GARMANY,40282804.974233,0.999999,1
071,Newberry,VTD 9,450719,Newberry - VTD 9,NEWBERRY - VTD 9,18733825.208526,Newberry,071,Mt. Bethel-Garmany,Newberry - Mt. Bethel-Garmany,NEWBERRY - MT. BETHEL-GARMANY,17992542.512717,0.960431,1
071,Newberry,VTD 9,450719,Newberry - VTD 9,NEWBERRY - VTD 9,18733825.208526,Newberry,071,Newberry Ward 6,Newberry - Newberry Ward 6,NEWBERRY - NEWBERRY WARD 6,610267.547356,0.032576,2
071,Newberry,VTD 9,450719,Newberry - VTD 9,NEWBERRY - VTD 9,18733825.208526,Newberry,071,Newberry Ward 2,Newberry - Newberry Ward 2,NEWBERRY - NEWBERRY WARD 2,131006.059820,0.006993,3
071,Newberry,VTD 14,4507114,Newberry - VTD 14,NEWBERRY - VTD 14,162184174.200007,Newberry,071,Chappells,Newberry - Chappells,NEWBERRY - CHAPPELLS,162184170.098377,1.000000,1
071,Newberry,VTD 2,450712,Newberry - VTD 2,NEWBERRY - VTD 2,152575167.436850,Newberry,071,Whitmire Outside,Newberry - Whitmire Outside,NEWBERRY - WHITMIRE OUTSIDE,151277749.368240,0.991497,1
071,Newberry,VTD 2,450712,Newberry - VTD 2,NEWBERRY - VTD 2,152575167.436850,Newberry,071,Whitmire City,Newberry - Whitmire City,NEWBERRY - WHITMIRE CITY,1297407.119775,0.008503,2
071,Newberry,VTD 3,450713,Newberry - VTD 3,NEWBERRY - VTD 3,71386383.847851,Newberry,071,Maybinton,Newberry - Maybinton,NEWBERRY - MAYBINTON,71382655.516299,0.999948,1
071,Newberry,VTD 5,450715,Newberry - VTD 5,NEWBERRY - VTD 5,26943998.662668,Newberry,071,Whitmire Outside,Newberry - Whitmire Outside,NEWBERRY - WHITMIRE OUTSIDE,26940652.574923,0.999876,1
071,Newberry,VTD 10,4507110,Newberry - VTD 10,NEWBERRY - VTD 10,62505276.017371,Newberry,071,St. Phillips-Jolly Street,Newberry - St. Phillips-Jolly Street,NEWBERRY - ST. PHILLIPS-JOLLY STREET,62504678.711092,0.999990,1
071,Newberry,VTD 12,4507112,Newberry - VTD 12,NEWBERRY - VTD 12,61367689.563306,Newberry,071,Consolidated Number 5,Newberry - Consolidated Number 5,NEWBERRY - CONSOLIDATED NUMBER 5,61367678.372797,1.000000,1
071,Newberry,VTD 4,450714,Newberry - VTD 4,NEWBERRY - VTD 4,106712648.165160,Newberry,071,Kinards-Jalapa,Newberry - Kinards-Jalapa,NEWBERRY - KINARDS-JALAPA,106710858.947702,0.999983,1
071,Newberry,VTD 15,4507115,Newberry - VTD 15,NEWBERRY - VTD 15,93241365.453418,Newberry,071,Silverstreet,Newberry - Silverstreet,NEWBERRY - SILVERSTREET,76534799.227185,0.820825,1
071,Newberry,VTD 15,4507115,Newberry - VTD 15,NEWBERRY - VTD 15,93241365.453418,Newberry,071,Hartford,Newberry - Hartford,NEWBERRY - HARTFORD,16706551.479736,0.179175,2
071,Newberry,VTD 16,4507116,Newberry - VTD 16,NEWBERRY - VTD 16,35724114.182977,Newberry,071,Silverstreet,Newberry - Silverstreet,NEWBERRY - SILVERSTREET,35724113.150836,1.000000,1
071,Newberry,VTD 20,4507120,Newberry - VTD 20,NEWBERRY - VTD 20,1568626.545858,Newberry,071,Oakland,Newberry - Oakland,NEWBERRY - OAKLAND,903588.891795,0.576038,1
071,Newberry,VTD 20,4507120,Newberry - VTD 20,NEWBERRY - VTD 20,1568626.545858,Newberry,071,Newberry Ward 1,Newberry - Newberry Ward 1,NEWBERRY - NEWBERRY WARD 1,346354.801520,0.220801,2
071,Newberry,VTD 20,4507120,Newberry - VTD 20,NEWBERRY - VTD 20,1568626.545858,Newberry,071,Helena,Newberry - Helena,NEWBERRY - HELENA,217723.278460,0.138799,3
071,Newberry,VTD 20,4507120,Newberry - VTD 20,NEWBERRY - VTD 20,1568626.545858,Newberry,071,Beth - Eden,Newberry - Beth - Eden,NEWBERRY - BETH - EDEN,100937.789602,0.064348,4
071,Newberry,VTD 24,4507124,Newberry - VTD 24,NEWBERRY - VTD 24,1152326.962481,Newberry,071,Newberry Ward 2,Newberry - Newberry Ward 2,NEWBERRY - NEWBERRY WARD 2,1152326.921147,1.000000,1
071,Newberry,VTD 11,4507111,Newberry - VTD 11,NEWBERRY - VTD 11,123122378.349575,Newberry,071,Consolidated Number 5,Newberry - Consolidated Number 5,NEWBERRY - CONSOLIDATED NUMBER 5,122948283.565118,0.998586,1
071,Newberry,VTD 11,4507111,Newberry - VTD 11,NEWBERRY - VTD 11,123122378.349575,Newberry,071,Whitmire Outside,Newberry - Whitmire Outside,NEWBERRY - WHITMIRE OUTSIDE,173918.299277,0.001413,2
071,Newberry,VTD 13,4507113,Newberry - VTD 13,NEWBERRY - VTD 13,116114782.769891,Newberry,071,Bush River,Newberry - Bush River,NEWBERRY - BUSH RIVER,116114777.280914,1.000000,1
071,Newberry,VTD 28,4507128,Newberry - VTD 28,NEWBERRY - VTD 28,1985158.224978,Newberry,071,Newberry Ward 4,Newberry - Newberry Ward 4,NEWBERRY - NEWBERRY WARD 4,1737637.987335,0.875315,1
071,Newberry,VTD 28,4507128,Newberry - VTD 28,NEWBERRY - VTD 28,1985158.224978,Newberry,071,Newberry Ward 5,Newberry - Newberry Ward 5,NEWBERRY - NEWBERRY WARD 5,200701.466943,0.101101,2
071,Newberry,VTD 28,4507128,Newberry - VTD 28,NEWBERRY - VTD 28,1985158.224978,Newberry,071,Helena,Newberry - Helena,NEWBERRY - HELENA,41828.709511,0.021071,3
071,Newberry,VTD 28,4507128,Newberry - VTD 28,NEWBERRY - VTD 28,1985158.224978,Newberry,071,Newberry Ward 1,Newberry - Newberry Ward 1,NEWBERRY - NEWBERRY WARD 1,4694.093044,0.002365,4
071,Newberry,VTD 19,4507119,Newberry - VTD 19,NEWBERRY - VTD 19,2379283.059017,Newberry,071,Helena,Newberry - Helena,NEWBERRY - HELENA,2379282.925171,1.000000,1
071,Newberry,VTD 21,4507121,Newberry - VTD 21,NEWBERRY - VTD 21,1968800.184923,Newberry,071,Newberry Ward 5,Newberry - Newberry Ward 5,NEWBERRY - NEWBERRY WARD 5,1326056.387777,0.673535,1
071,Newberry,VTD 21,4507121,Newberry - VTD 21,NEWBERRY - VTD 21,1968800.184923,Newberry,071,Helena,Newberry - Helena,NEWBERRY - HELENA,600305.017543,0.304909,2
071,Newberry,VTD 21,4507121,Newberry - VTD 21,NEWBERRY - VTD 21,1968800.184923,Newberry,071,Newberry Ward 1,Newberry - Newberry Ward 1,NEWBERRY - NEWBERRY WARD 1,38112.823173,0.019358,3
071,Newberry,VTD 21,4507121,Newberry - VTD 21,NEWBERRY - VTD 21,1968800.184923,Newberry,071,Newberry Ward 4,Newberry - Newberry Ward 4,NEWBERRY - NEWBERRY WARD 4,4312.196945,0.002190,4
071,Newberry,VTD 22,4507122,Newberry - VTD 22,NEWBERRY - VTD 22,844824.123413,Newberry,071,Newberry Ward 1,Newberry - Newberry Ward 1,NEWBERRY - NEWBERRY WARD 1,826827.152739,0.978697,1
071,Newberry,VTD 22,4507122,Newberry - VTD 22,NEWBERRY - VTD 22,844824.123413,Newberry,071,Newberry Ward 2,Newberry - Newberry Ward 2,NEWBERRY - NEWBERRY WARD 2,15573.874311,0.018434,2
071,Newberry,VTD 22,4507122,Newberry - VTD 22,NEWBERRY - VTD 22,844824.123413,Newberry,071,Newberry Ward 5,Newberry - Newberry Ward 5,NEWBERRY - NEWBERRY WARD 5,2423.096362,0.002868,3
071,Newberry,VTD 26,4507126,Newberry - VTD 26,NEWBERRY - VTD 26,572413.319678,Newberry,071,Newberry Ward 2,Newberry - Newberry Ward 2,NEWBERRY - NEWBERRY WARD 2,319990.237375,0.559020,1
071,Newberry,VTD 26,4507126,Newberry - VTD 26,NEWBERRY - VTD 26,572413.319678,Newberry,071,Newberry Ward 6,Newberry - Newberry Ward 6,NEWBERRY - NEWBERRY WARD 6,252416.942400,0.440970,2
071,Newberry,VTD 23,4507123,Newberry - VTD 23,NEWBERRY - VTD 23,3261452.123518,Newberry,071,Beth - Eden,Newberry - Beth - Eden,NEWBERRY - BETH - EDEN,2570390.992116,0.788112,1
071,Newberry,VTD 23,4507123,Newberry - VTD 23,NEWBERRY - VTD 23,3261452.123518,Newberry,071,Oakland,Newberry - Oakland,NEWBERRY - OAKLAND,691057.460061,0.211886,2
071,Newberry,VTD 25,4507125,Newberry - VTD 25,NEWBERRY - VTD 25,2279553.931413,Newberry,071,Newberry Ward 2,Newberry - Newberry Ward 2,NEWBERRY - NEWBERRY WARD 2,1550672.582528,0.680253,1
071,Newberry,VTD 25,4507125,Newberry - VTD 25,NEWBERRY - VTD 25,2279553.931413,Newberry,071,Mt. Bethel-Garmany,Newberry - Mt. Bethel-Garmany,NEWBERRY - MT. BETHEL-GARMANY,728873.812147,0.319744,2
071,Newberry,VTD 17,4507117,Newberry - VTD 17,NEWBERRY - VTD 17,12527741.030781,Newberry,071,Hartford,Newberry - Hartford,NEWBERRY - HARTFORD,12485131.320737,0.996599,1
071,Newberry,VTD 17,4507117,Newberry - VTD 17,NEWBERRY - VTD 17,12527741.030781,Newberry,071,Newberry Ward 4,Newberry - Newberry Ward 4,NEWBERRY - NEWBERRY WARD 4,33681.980598,0.002689,2
071,Newberry,VTD 17,4507117,Newberry - VTD 17,NEWBERRY - VTD 17,12527741.030781,Newberry,071,Newberry Ward 3,Newberry - Newberry Ward 3,NEWBERRY - NEWBERRY WARD 3,8927.596640,0.000713,3
071,Newberry,VTD 46,4507146,Newberry - VTD 46,NEWBERRY - VTD 46,4744051.919325,Newberry,071,Helena,Newberry - Helena,NEWBERRY - HELENA,4744051.919325,1.000000,1
071,Newberry,VTD 33,4507133,Newberry - VTD 33,NEWBERRY - VTD 33,23362200.134103,Newberry,071,Johnstone,Newberry - Johnstone,NEWBERRY - JOHNSTONE,23362198.731240,1.000000,1
071,Newberry,VTD 18,4507118,Newberry - VTD 18,NEWBERRY - VTD 18,4737904.558614,Newberry,071,Helena,Newberry - Helena,NEWBERRY - HELENA,4728945.410927,0.998109,1
071,Newberry,VTD 18,4507118,Newberry - VTD 18,NEWBERRY - VTD 18,4737904.558614,Newberry,071,Newberry Ward 5,Newberry - Newberry Ward 5,NEWBERRY - NEWBERRY WARD 5,8959.147687,0.001891,2
071,Newberry,VTD 45,4507145,Newberry - VTD 45,NEWBERRY - VTD 45,40336745.356600,Newberry,071,Hartford,Newberry - Hartford,NEWBERRY - HARTFORD,40336744.493287,1.000000,1
071,Newberry,VTD 41,4507141,Newberry - VTD 41,NEWBERRY - VTD 41,19236169.404223,Newberry,071,Wheeland,Newberry - Wheeland,NEWBERRY - WHEELAND,19185037.600999,0.997342,1
071,Newberry,VTD 41,4507141,Newberry - VTD 41,NEWBERRY - VTD 41,19236169.404223,Newberry,071,Fairview,Newberry - Fairview,NEWBERRY - FAIRVIEW,19359.794433,0.001006,2
071,Newberry,VTD 35,4507135,Newberry - VTD 35,NEWBERRY - VTD 35,26735092.405228,Newberry,071,Prosperity,Newberry - Prosperity,NEWBERRY - PROSPERITY,26735092.384385,1.000000,1
071,Newberry,VTD 36,4507136,Newberry - VTD 36,NEWBERRY - VTD 36,57469696.150946,Newberry,071,Pomaria,Newberry - Pomaria,NEWBERRY - POMARIA,57469341.526615,0.999994,1
071,Newberry,VTD 34,4507134,Newberry - VTD 34,NEWBERRY - VTD 34,38875010.461810,Newberry,071,Prosperity,Newberry - Prosperity,NEWBERRY - PROSPERITY,38828300.418371,0.998798,1
071,Newberry,VTD 34,4507134,Newberry - VTD 34,NEWBERRY - VTD 34,38875010.461810,Newberry,071,Johnstone,Newberry - Johnstone,NEWBERRY - JOHNSTONE,46709.511869,0.001202,2
071,Newberry,VTD 32,4507132,Newberry - VTD 32,NEWBERRY - VTD 32,25434523.233069,Newberry,071,Hartford,Newberry - Hartford,NEWBERRY - HARTFORD,24988097.760197,0.982448,1
071,Newberry,VTD 32,4507132,Newberry - VTD 32,NEWBERRY - VTD 32,25434523.233069,Newberry,071,Newberry Ward 3,Newberry - Newberry Ward 3,NEWBERRY - NEWBERRY WARD 3,415095.398037,0.016320,2
071,Newberry,VTD 32,4507132,Newberry - VTD 32,NEWBERRY - VTD 32,25434523.233069,Newberry,071,Johnstone,Newberry - Johnstone,NEWBERRY - JOHNSTONE,31330.074835,0.001232,3
071,Newberry,VTD 30,4507130,Newberry - VTD 30,NEWBERRY - VTD 30,1952793.805960,Newberry,071,Newberry Ward 3,Newberry - Newberry Ward 3,NEWBERRY - NEWBERRY WARD 3,578393.775611,0.296188,1
071,Newberry,VTD 30,4507130,Newberry - VTD 30,NEWBERRY - VTD 30,1952793.805960,Newberry,071,Johnstone,Newberry - Johnstone,NEWBERRY - JOHNSTONE,562237.646087,0.287914,2
071,Newberry,VTD 30,4507130,Newberry - VTD 30,NEWBERRY - VTD 30,1952793.805960,Newberry,071,Newberry Ward 6,Newberry - Newberry Ward 6,NEWBERRY - NEWBERRY WARD 6,552502.590747,0.282929,3
071,Newberry,VTD 30,4507130,Newberry - VTD 30,NEWBERRY - VTD 30,1952793.805960,Newberry,071,Hartford,Newberry - Hartford,NEWBERRY - HARTFORD,259659.793516,0.132968,4
071,Newberry,VTD 31,4507131,Newberry - VTD 31,NEWBERRY - VTD 31,11875678.474838,Newberry,071,Johnstone,Newberry - Johnstone,NEWBERRY - JOHNSTONE,9352053.360389,0.787496,1
071,Newberry,VTD 31,4507131,Newberry - VTD 31,NEWBERRY - VTD 31,11875678.474838,Newberry,071,Newberry Ward 6,Newberry - Newberry Ward 6,NEWBERRY - NEWBERRY WARD 6,2523576.061173,0.212500,2
071,Newberry,VTD 29,4507129,Newberry - VTD 29,NEWBERRY - VTD 29,1404680.035022,Newberry,071,Newberry Ward 3,Newberry - Newberry Ward 3,NEWBERRY - NEWBERRY WARD 3,1404676.202776,0.999997,1
071,Newberry,VTD 27,4507127,Newberry - VTD 27,NEWBERRY - VTD 27,1159188.482301,Newberry,071,Newberry Ward 6,Newberry - Newberry Ward 6,NEWBERRY - NEWBERRY WARD 6,1159188.039707,1.000000,1
071,Newberry,VTD 42,4507142,Newberry - VTD 42,NEWBERRY - VTD 42,46901323.687340,Newberry,071,Fairview,Newberry - Fairview,NEWBERRY - FAIRVIEW,45334821.297307,0.966600,1
071,Newberry,VTD 42,4507142,Newberry - VTD 42,NEWBERRY - VTD 42,46901323.687340,Newberry,071,O'Neal,Newberry - O'Neal,NEWBERRY - ONEAL,1490865.395710,0.031787,2
071,Newberry,VTD 42,4507142,Newberry - VTD 42,NEWBERRY - VTD 42,46901323.687340,Newberry,071,Wheeland,Newberry - Wheeland,NEWBERRY - WHEELAND,74385.817334,0.001586,3
071,Newberry,VTD 40,4507140,Newberry - VTD 40,NEWBERRY - VTD 40,28639601.951725,Newberry,071,Midway,Newberry - Midway,NEWBERRY - MIDWAY,16137007.351994,0.563451,1
071,Newberry,VTD 40,4507140,Newberry - VTD 40,NEWBERRY - VTD 40,28639601.951725,Newberry,071,Fairview,Newberry - Fairview,NEWBERRY - FAIRVIEW,12502578.052818,0.436549,2
071,Newberry,VTD 39,4507139,Newberry - VTD 39,NEWBERRY - VTD 39,31686758.707316,Newberry,071,Little Mountain,Newberry - Little Mountain,NEWBERRY - LITTLE MOUNTAIN,31685541.001894,0.999962,1
071,Newberry,VTD 38,4507138,Newberry - VTD 38,NEWBERRY - VTD 38,18255155.151337,Newberry,071,Little Mountain,Newberry - Little Mountain,NEWBERRY - LITTLE MOUNTAIN,18255153.188751,1.000000,1
071,Newberry,VTD 37,4507137,Newberry - VTD 37,NEWBERRY - VTD 37,11137587.080462,Newberry,071,Peak,Newberry - Peak,NEWBERRY - PEAK,11137543.802580,0.999996,1
071,Newberry,VTD 43,4507143,Newberry - VTD 43,NEWBERRY - VTD 43,56774966.728152,Newberry,071,O'Neal,Newberry - O'Neal,NEWBERRY - ONEAL,53732533.959627,0.946412,1
071,Newberry,VTD 43,4507143,Newberry - VTD 43,NEWBERRY - VTD 43,56774966.728152,Newberry,071,Fairview,Newberry - Fairview,NEWBERRY - FAIRVIEW,3040181.005263,0.053548,2
071,Newberry,VTD 44,4507144,Newberry - VTD 44,NEWBERRY - VTD 44,48486840.889312,Newberry,071,Stoney Hill,Newberry - Stoney Hill,NEWBERRY - STONEY HILL,48486840.449396,1.000000,1
073,Oconee,VTD 1,450731,Oconee - VTD 1,OCONEE - VTD 1,99293967.665007,Oconee,073,Mountain Rest,Oconee - Mountain Rest,OCONEE - MOUNTAIN REST,97634040.246885,0.983283,1
073,Oconee,VTD 1,450731,Oconee - VTD 1,OCONEE - VTD 1,99293967.665007,Oconee,073,Tamasee,Oconee - Tamasee,OCONEE - TAMASEE,1380652.858697,0.013905,2
073,Oconee,VTD 1,450731,Oconee - VTD 1,OCONEE - VTD 1,99293967.665007,Oconee,073,"Walhalla No. 1, Walhalla No. 2","Oconee - Walhalla No. 1, Walhalla No. 2",OCONEE - WALHALLA NO. 1 WALHALLA NO. 2,279274.559425,0.002813,3
073,Oconee,VTD 2,450732,Oconee - VTD 2,OCONEE - VTD 2,46805388.004740,Oconee,073,Tamasee,Oconee - Tamasee,OCONEE - TAMASEE,46437961.352677,0.992150,1
073,Oconee,VTD 2,450732,Oconee - VTD 2,OCONEE - VTD 2,46805388.004740,Oconee,073,Mountain Rest,Oconee - Mountain Rest,OCONEE - MOUNTAIN REST,367426.272038,0.007850,2
073,Oconee,VTD 3,450733,Oconee - VTD 3,OCONEE - VTD 3,145510830.620353,Oconee,073,Salem,Oconee - Salem,OCONEE - SALEM,145456146.854775,0.999624,1
073,Oconee,VTD 6,450736,Oconee - VTD 6,OCONEE - VTD 6,63759027.109410,Oconee,073,Salem,Oconee - Salem,OCONEE - SALEM,63618018.768774,0.997788,1
073,Oconee,VTD 6,450736,Oconee - VTD 6,OCONEE - VTD 6,63759027.109410,Oconee,073,Tamasee,Oconee - Tamasee,OCONEE - TAMASEE,70165.882327,0.001100,2
073,Oconee,VTD 6,450736,Oconee - VTD 6,OCONEE - VTD 6,63759027.109410,Oconee,073,Stamp Creek,Oconee - Stamp Creek,OCONEE - STAMP CREEK,57776.491158,0.000906,3
073,Oconee,VTD 33,4507333,Oconee - VTD 33,OCONEE - VTD 33,22169150.134928,Oconee,073,Stamp Creek,Oconee - Stamp Creek,OCONEE - STAMP CREEK,21250038.588465,0.958541,1
073,Oconee,VTD 33,4507333,Oconee - VTD 33,OCONEE - VTD 33,22169150.134928,Oconee,073,Salem,Oconee - Salem,OCONEE - SALEM,518214.844614,0.023375,2
073,Oconee,VTD 33,4507333,Oconee - VTD 33,OCONEE - VTD 33,22169150.134928,Oconee,073,Keowee,Oconee - Keowee,OCONEE - KEOWEE,399608.652784,0.018025,3
073,Oconee,VTD 9,450739,Oconee - VTD 9,OCONEE - VTD 9,51314350.266904,Oconee,073,Keowee,Oconee - Keowee,OCONEE - KEOWEE,50185128.355855,0.977994,1
073,Oconee,VTD 9,450739,Oconee - VTD 9,OCONEE - VTD 9,51314350.266904,Oconee,073,Stamp Creek,Oconee - Stamp Creek,OCONEE - STAMP CREEK,1129212.404272,0.022006,2
073,Oconee,VTD 14,4507314,Oconee - VTD 14,OCONEE - VTD 14,35935842.574954,Oconee,073,West Union,Oconee - West Union,OCONEE - WEST UNION,35899481.488795,0.998988,1
073,Oconee,VTD 14,4507314,Oconee - VTD 14,OCONEE - VTD 14,35935842.574954,Oconee,073,"Walhalla No. 1, Walhalla No. 2","Oconee - Walhalla No. 1, Walhalla No. 2",OCONEE - WALHALLA NO. 1 WALHALLA NO. 2,34440.176356,0.000958,2
073,Oconee,VTD 15,4507315,Oconee - VTD 15,OCONEE - VTD 15,46437992.799194,Oconee,073,Keowee,Oconee - Keowee,OCONEE - KEOWEE,46437692.570702,0.999994,1
073,Oconee,VTD 4,450734,Oconee - VTD 4,OCONEE - VTD 4,54270999.200011,Oconee,073,Mountain Rest,Oconee - Mountain Rest,OCONEE - MOUNTAIN REST,54270998.860256,1.000000,1
073,Oconee,VTD 31,4507331,Oconee - VTD 31,OCONEE - VTD 31,26018042.440600,Oconee,073,"Walhalla No. 1, Walhalla No. 2","Oconee - Walhalla No. 1, Walhalla No. 2",OCONEE - WALHALLA NO. 1 WALHALLA NO. 2,26018040.856946,1.000000,1
073,Oconee,VTD 12,4507312,Oconee - VTD 12,OCONEE - VTD 12,72250773.608335,Oconee,073,"Walhalla No. 1, Walhalla No. 2","Oconee - Walhalla No. 1, Walhalla No. 2",OCONEE - WALHALLA NO. 1 WALHALLA NO. 2,36728801.518102,0.508352,1
073,Oconee,VTD 12,4507312,Oconee - VTD 12,OCONEE - VTD 12,72250773.608335,Oconee,073,"Westminster No. 1, Westminster No. 2","Oconee - Westminster No. 1, Westminster No. 2",OCONEE - WESTMINSTER NO. 1 WESTMINSTER NO. 2,35456835.678453,0.490747,2
073,Oconee,VTD 12,4507312,Oconee - VTD 12,OCONEE - VTD 12,72250773.608335,Oconee,073,Holly Springs,Oconee - Holly Springs,OCONEE - HOLLY SPRINGS,65132.783783,0.000901,3
073,Oconee,VTD 7,450737,Oconee - VTD 7,OCONEE - VTD 7,58497626.351155,Oconee,073,Longs Creek,Oconee - Longs Creek,OCONEE - LONGS CREEK,55909891.003628,0.955763,1
073,Oconee,VTD 7,450737,Oconee - VTD 7,OCONEE - VTD 7,58497626.351155,Oconee,073,Mountain Rest,Oconee - Mountain Rest,OCONEE - MOUNTAIN REST,2587732.835500,0.044237,2
073,Oconee,VTD 10,4507310,Oconee - VTD 10,OCONEE - VTD 10,101338922.612627,Oconee,073,Longs Creek,Oconee - Longs Creek,OCONEE - LONGS CREEK,97235049.120313,0.959503,1
073,Oconee,VTD 10,4507310,Oconee - VTD 10,OCONEE - VTD 10,101338922.612627,Oconee,073,Madison,Oconee - Madison,OCONEE - MADISON,2293395.885474,0.022631,2
073,Oconee,VTD 10,4507310,Oconee - VTD 10,OCONEE - VTD 10,101338922.612627,Oconee,073,Holly Springs,Oconee - Holly Springs,OCONEE - HOLLY SPRINGS,1810477.606840,0.017866,3
073,Oconee,VTD 16,4507316,Oconee - VTD 16,OCONEE - VTD 16,86584016.535169,Oconee,073,Madison,Oconee - Madison,OCONEE - MADISON,79232701.015068,0.915096,1
073,Oconee,VTD 16,4507316,Oconee - VTD 16,OCONEE - VTD 16,86584016.535169,Oconee,073,Longs Creek,Oconee - Longs Creek,OCONEE - LONGS CREEK,7185079.767660,0.082984,2
073,Oconee,VTD 16,4507316,Oconee - VTD 16,OCONEE - VTD 16,86584016.535169,Oconee,073,"Westminster No. 1, Westminster No. 2","Oconee - Westminster No. 1, Westminster No. 2",OCONEE - WESTMINSTER NO. 1 WESTMINSTER NO. 2,166235.386342,0.001920,3
073,Oconee,VTD 11,4507311,Oconee - VTD 11,OCONEE - VTD 11,45456001.189834,Oconee,073,Holly Springs,Oconee - Holly Springs,OCONEE - HOLLY SPRINGS,45452689.712297,0.999927,1
073,Oconee,VTD 32,4507332,Oconee - VTD 32,OCONEE - VTD 32,45788745.726456,Oconee,073,"Westminster No. 1, Westminster No. 2","Oconee - Westminster No. 1, Westminster No. 2",OCONEE - WESTMINSTER NO. 1 WESTMINSTER NO. 2,45721762.097623,0.998537,1
073,Oconee,VTD 32,4507332,Oconee - VTD 32,OCONEE - VTD 32,45788745.726456,Oconee,073,Holly Springs,Oconee - Holly Springs,OCONEE - HOLLY SPRINGS,66983.628833,0.001463,2
073,Oconee,VTD 23,4507323,Oconee - VTD 23,OCONEE - VTD 23,22451769.094596,Oconee,073,Return,Oconee - Return,OCONEE - RETURN,22175384.650012,0.987690,1
073,Oconee,VTD 23,4507323,Oconee - VTD 23,OCONEE - VTD 23,22451769.094596,Oconee,073,Oakway,Oconee - Oakway,OCONEE - OAKWAY,276244.222987,0.012304,2
073,Oconee,VTD 27,4507327,Oconee - VTD 27,OCONEE - VTD 27,32893414.640790,Oconee,073,Oakway,Oconee - Oakway,OCONEE - OAKWAY,32885264.497066,0.999752,1
073,Oconee,VTD 29,4507329,Oconee - VTD 29,OCONEE - VTD 29,42942193.550915,Oconee,073,Earles Grove,Oconee - Earles Grove,OCONEE - EARLES GROVE,42942193.550915,1.000000,1
073,Oconee,VTD 28,4507328,Oconee - VTD 28,OCONEE - VTD 28,47517101.098154,Oconee,073,Tokeena/Providence,Oconee - Tokeena/Providence,OCONEE - TOKEENAPROVIDENCE,47277150.648327,0.994950,1
073,Oconee,VTD 28,4507328,Oconee - VTD 28,OCONEE - VTD 28,47517101.098154,Oconee,073,Earles Grove,Oconee - Earles Grove,OCONEE - EARLES GROVE,185140.603202,0.003896,2
073,Oconee,VTD 28,4507328,Oconee - VTD 28,OCONEE - VTD 28,47517101.098154,Oconee,073,Friendship,Oconee - Friendship,OCONEE - FRIENDSHIP,54809.846624,0.001153,3
073,Oconee,VTD 30,4507330,Oconee - VTD 30,OCONEE - VTD 30,39279192.709238,Oconee,073,Fair Play,Oconee - Fair Play,OCONEE - FAIR PLAY,39216430.316105,0.998402,1
073,Oconee,VTD 26,4507326,Oconee - VTD 26,OCONEE - VTD 26,48859108.355673,Oconee,073,South Union,Oconee - South Union,OCONEE - SOUTH UNION,48835118.314855,0.999509,1
073,Oconee,VTD 17,4507317,Oconee - VTD 17,OCONEE - VTD 17,105771815.913390,Oconee,073,"Westminster No. 1, Westminster No. 2","Oconee - Westminster No. 1, Westminster No. 2",OCONEE - WESTMINSTER NO. 1 WESTMINSTER NO. 2,102559987.886525,0.969634,1
073,Oconee,VTD 17,4507317,Oconee - VTD 17,OCONEE - VTD 17,105771815.913390,Oconee,073,Madison,Oconee - Madison,OCONEE - MADISON,2224011.236430,0.021027,2
073,Oconee,VTD 17,4507317,Oconee - VTD 17,OCONEE - VTD 17,105771815.913390,Oconee,073,Holly Springs,Oconee - Holly Springs,OCONEE - HOLLY SPRINGS,987816.790435,0.009339,3
073,Oconee,VTD 25,4507325,Oconee - VTD 25,OCONEE - VTD 25,51405565.032790,Oconee,073,Friendship,Oconee - Friendship,OCONEE - FRIENDSHIP,51401512.374193,0.999921,1
073,Oconee,VTD 34,4507334,Oconee - VTD 34,OCONEE - VTD 34,2527250.412187,Oconee,073,Utica,Oconee - Utica,OCONEE - UTICA,2527249.981179,1.000000,1
073,Oconee,VTD 22,4507322,Oconee - VTD 22,OCONEE - VTD 22,32348289.846743,Oconee,073,"Seneca No. 1, Seneca No. 2, Seneca No. 3, Seneca No. 4","Oconee - Seneca No. 1, Seneca No. 2, Seneca No. 3, Seneca No. 4",OCONEE - SENECA NO. 1 SENECA NO. 2 SENECA NO. 3 SENECA NO. 4,31267464.489775,0.966588,1
073,Oconee,VTD 22,4507322,Oconee - VTD 22,OCONEE - VTD 22,32348289.846743,Oconee,073,Utica,Oconee - Utica,OCONEE - UTICA,1080825.356968,0.033412,2
073,Oconee,VTD 13,4507313,Oconee - VTD 13,OCONEE - VTD 13,52035111.712103,Oconee,073,"Walhalla No. 1, Walhalla No. 2","Oconee - Walhalla No. 1, Walhalla No. 2",OCONEE - WALHALLA NO. 1 WALHALLA NO. 2,52035111.712103,1.000000,1
073,Oconee,VTD 8,450738,Oconee - VTD 8,OCONEE - VTD 8,74654397.725969,Oconee,073,"Walhalla No. 1, Walhalla No. 2","Oconee - Walhalla No. 1, Walhalla No. 2",OCONEE - WALHALLA NO. 1 WALHALLA NO. 2,60716422.190350,0.813300,1
073,Oconee,VTD 8,450738,Oconee - VTD 8,OCONEE - VTD 8,74654397.725969,Oconee,073,Mountain Rest,Oconee - Mountain Rest,OCONEE - MOUNTAIN REST,13937972.948551,0.186700,2
073,Oconee,VTD 5,450735,Oconee - VTD 5,OCONEE - VTD 5,57457211.281114,Oconee,073,Tamasee,Oconee - Tamasee,OCONEE - TAMASEE,57297933.642394,0.997228,1
073,Oconee,VTD 5,450735,Oconee - VTD 5,OCONEE - VTD 5,57457211.281114,Oconee,073,Mountain Rest,Oconee - Mountain Rest,OCONEE - MOUNTAIN REST,159276.594205,0.002772,2
073,Oconee,VTD 18,4507318,Oconee - VTD 18,OCONEE - VTD 18,30420118.263205,Oconee,073,Richland,Oconee - Richland,OCONEE - RICHLAND,28278730.807674,0.929606,1
073,Oconee,VTD 18,4507318,Oconee - VTD 18,OCONEE - VTD 18,30420118.263205,Oconee,073,"Walhalla No. 1, Walhalla No. 2","Oconee - Walhalla No. 1, Walhalla No. 2",OCONEE - WALHALLA NO. 1 WALHALLA NO. 2,2141386.209744,0.070394,2
073,Oconee,VTD 19,4507319,Oconee - VTD 19,OCONEE - VTD 19,44988595.818582,Oconee,073,"Seneca No. 1, Seneca No. 2, Seneca No. 3, Seneca No. 4","Oconee - Seneca No. 1, Seneca No. 2, Seneca No. 3, Seneca No. 4",OCONEE - SENECA NO. 1 SENECA NO. 2 SENECA NO. 3 SENECA NO. 4,29602314.304211,0.657996,1
073,Oconee,VTD 19,4507319,Oconee - VTD 19,OCONEE - VTD 19,44988595.818582,Oconee,073,Bountyland,Oconee - Bountyland,OCONEE - BOUNTYLAND,15378058.545101,0.341821,2
073,Oconee,VTD 20,4507320,Oconee - VTD 20,OCONEE - VTD 20,6674837.585092,Oconee,073,Newry-Cornith,Oconee - Newry-Cornith,OCONEE - NEWRY-CORNITH,6674824.739292,0.999998,1
073,Oconee,VTD 21,4507321,Oconee - VTD 21,OCONEE - VTD 21,18538681.078079,Oconee,073,Ravenel,Oconee - Ravenel,OCONEE - RAVENEL,18538678.722466,1.000000,1
073,Oconee,VTD 24,4507324,Oconee - VTD 24,OCONEE - VTD 24,32265313.809097,Oconee,073,Shiloh,Oconee - Shiloh,OCONEE - SHILOH,32031037.801789,0.992739,1
073,Oconee,VTD 24,4507324,Oconee - VTD 24,OCONEE - VTD 24,32265313.809097,Oconee,073,Ravenel,Oconee - Ravenel,OCONEE - RAVENEL,221880.665427,0.006877,2
075,Orangeburg,VTD 26,4507526,Orangeburg - VTD 26,ORANGEBURG - VTD 26,68644121.908276,Orangeburg,075,Eutawville 1,Orangeburg - Eutawville 1,ORANGEBURG - EUTAWVILLE 1,68643528.082292,0.999991,1
075,Orangeburg,VTD 19,4507519,Orangeburg - VTD 19,ORANGEBURG - VTD 19,159220976.990612,Orangeburg,075,Bowman 2,Orangeburg - Bowman 2,ORANGEBURG - BOWMAN 2,159218802.793797,0.999986,1
075,Orangeburg,VTD 38,4507538,Orangeburg - VTD 38,ORANGEBURG - VTD 38,119528808.993707,Orangeburg,075,Providence,Orangeburg - Providence,ORANGEBURG - PROVIDENCE,119528656.960533,0.999999,1
075,Orangeburg,VTD 10,4507510,Orangeburg - VTD 10,ORANGEBURG - VTD 10,1294933.381444,Orangeburg,075,Suburban 1,Orangeburg - Suburban 1,ORANGEBURG - SUBURBAN 1,1266738.323136,0.978227,1
075,Orangeburg,VTD 10,4507510,Orangeburg - VTD 10,ORANGEBURG - VTD 10,1294933.381444,Orangeburg,075,Orangeburg Ward 4,Orangeburg - Orangeburg Ward 4,ORANGEBURG - ORANGEBURG WARD 4,14921.704106,0.011523,2
075,Orangeburg,VTD 10,4507510,Orangeburg - VTD 10,ORANGEBURG - VTD 10,1294933.381444,Orangeburg,075,Suburban 9,Orangeburg - Suburban 9,ORANGEBURG - SUBURBAN 9,13273.354202,0.010250,3
075,Orangeburg,VTD 49,4507549,Orangeburg - VTD 49,ORANGEBURG - VTD 49,3461273.258044,Orangeburg,075,Nix,Orangeburg - Nix,ORANGEBURG - NIX,3296238.428609,0.952320,1
075,Orangeburg,VTD 49,4507549,Orangeburg - VTD 49,ORANGEBURG - VTD 49,3461273.258044,Orangeburg,075,Suburban 1,Orangeburg - Suburban 1,ORANGEBURG - SUBURBAN 1,133106.865001,0.038456,2
075,Orangeburg,VTD 49,4507549,Orangeburg - VTD 49,ORANGEBURG - VTD 49,3461273.258044,Orangeburg,075,Brookdale,Orangeburg - Brookdale,ORANGEBURG - BROOKDALE,25774.075357,0.007446,3
075,Orangeburg,VTD 49,4507549,Orangeburg - VTD 49,ORANGEBURG - VTD 49,3461273.258044,Orangeburg,075,Suburban 9,Orangeburg - Suburban 9,ORANGEBURG - SUBURBAN 9,6153.889077,0.001778,4
075,Orangeburg,VTD 48,4507548,Orangeburg - VTD 48,ORANGEBURG - VTD 48,14605214.058627,Orangeburg,075,Brookdale,Orangeburg - Brookdale,ORANGEBURG - BROOKDALE,13559849.925364,0.928425,1
075,Orangeburg,VTD 48,4507548,Orangeburg - VTD 48,ORANGEBURG - VTD 48,14605214.058627,Orangeburg,075,Nix,Orangeburg - Nix,ORANGEBURG - NIX,1009012.943375,0.069086,2
075,Orangeburg,VTD 48,4507548,Orangeburg - VTD 48,ORANGEBURG - VTD 48,14605214.058627,Orangeburg,075,Whittaker,Orangeburg - Whittaker,ORANGEBURG - WHITTAKER,35489.915692,0.002430,3
075,Orangeburg,VTD 30,4507530,Orangeburg - VTD 30,ORANGEBURG - VTD 30,114108725.969532,Orangeburg,075,Holly Hill 1,Orangeburg - Holly Hill 1,ORANGEBURG - HOLLY HILL 1,105157740.002926,0.921557,1
075,Orangeburg,VTD 30,4507530,Orangeburg - VTD 30,ORANGEBURG - VTD 30,114108725.969532,Orangeburg,075,Eutawville 1,Orangeburg - Eutawville 1,ORANGEBURG - EUTAWVILLE 1,8950963.334278,0.078442,2
075,Orangeburg,VTD 29,4507529,Orangeburg - VTD 29,ORANGEBURG - VTD 29,115973779.431458,Orangeburg,075,Holly Hill 2,Orangeburg - Holly Hill 2,ORANGEBURG - HOLLY HILL 2,115972930.452245,0.999993,1
075,Orangeburg,VTD 27,4507527,Orangeburg - VTD 27,ORANGEBURG - VTD 27,80423070.250109,Orangeburg,075,Eutawville 2,Orangeburg - Eutawville 2,ORANGEBURG - EUTAWVILLE 2,80376713.761546,0.999424,1
075,Orangeburg,VTD 31,4507531,Orangeburg - VTD 31,ORANGEBURG - VTD 31,77420323.589205,Orangeburg,075,Jamison,Orangeburg - Jamison,ORANGEBURG - JAMISON,77297849.883763,0.998418,1
075,Orangeburg,VTD 31,4507531,Orangeburg - VTD 31,ORANGEBURG - VTD 31,77420323.589205,Orangeburg,075,Brookdale,Orangeburg - Brookdale,ORANGEBURG - BROOKDALE,121377.347155,0.001568,2
075,Orangeburg,VTD 43,4507543,Orangeburg - VTD 43,ORANGEBURG - VTD 43,67821859.720476,Orangeburg,075,Vance,Orangeburg - Vance,ORANGEBURG - VANCE,67821793.231057,0.999999,1
075,Orangeburg,VTD 40,4507540,Orangeburg - VTD 40,ORANGEBURG - VTD 40,93740675.070097,Orangeburg,075,Santee 1,Orangeburg - Santee 1,ORANGEBURG - SANTEE 1,52790384.978748,0.563153,1
075,Orangeburg,VTD 40,4507540,Orangeburg - VTD 40,ORANGEBURG - VTD 40,93740675.070097,Orangeburg,075,Santee 2,Orangeburg - Santee 2,ORANGEBURG - SANTEE 2,40949395.239668,0.436837,2
075,Orangeburg,VTD 25,4507525,Orangeburg - VTD 25,ORANGEBURG - VTD 25,95240432.899929,Orangeburg,075,Elloree 2,Orangeburg - Elloree 2,ORANGEBURG - ELLOREE 2,59709028.397711,0.626929,1
075,Orangeburg,VTD 25,4507525,Orangeburg - VTD 25,ORANGEBURG - VTD 25,95240432.899929,Orangeburg,075,Elloree 1,Orangeburg - Elloree 1,ORANGEBURG - ELLOREE 1,34001853.435774,0.357011,2
075,Orangeburg,VTD 25,4507525,Orangeburg - VTD 25,ORANGEBURG - VTD 25,95240432.899929,Orangeburg,075,Santee 1,Orangeburg - Santee 1,ORANGEBURG - SANTEE 1,1526976.630340,0.016033,3
075,Orangeburg,VTD 28,4507528,Orangeburg - VTD 28,ORANGEBURG - VTD 28,76681721.797594,Orangeburg,075,Four Holes,Orangeburg - Four Holes,ORANGEBURG - FOUR HOLES,76624921.938542,0.999259,1
075,Orangeburg,VTD 28,4507528,Orangeburg - VTD 28,ORANGEBURG - VTD 28,76681721.797594,Orangeburg,075,Whittaker,Orangeburg - Whittaker,ORANGEBURG - WHITTAKER,41475.834035,0.000541,2
075,Orangeburg,VTD 11,4507511,Orangeburg - VTD 11,ORANGEBURG - VTD 11,3104464.160509,Orangeburg,075,Suburban 2,Orangeburg - Suburban 2,ORANGEBURG - SUBURBAN 2,3024673.588939,0.974298,1
075,Orangeburg,VTD 11,4507511,Orangeburg - VTD 11,ORANGEBURG - VTD 11,3104464.160509,Orangeburg,075,Orangeburg Ward 4,Orangeburg - Orangeburg Ward 4,ORANGEBURG - ORANGEBURG WARD 4,42914.980044,0.013824,2
075,Orangeburg,VTD 11,4507511,Orangeburg - VTD 11,ORANGEBURG - VTD 11,3104464.160509,Orangeburg,075,Suburban 3,Orangeburg - Suburban 3,ORANGEBURG - SUBURBAN 3,21010.483023,0.006768,3
075,Orangeburg,VTD 11,4507511,Orangeburg - VTD 11,ORANGEBURG - VTD 11,3104464.160509,Orangeburg,075,Whittaker,Orangeburg - Whittaker,ORANGEBURG - WHITTAKER,12065.054310,0.003886,4
075,Orangeburg,VTD 11,4507511,Orangeburg - VTD 11,ORANGEBURG - VTD 11,3104464.160509,Orangeburg,075,Brookdale,Orangeburg - Brookdale,ORANGEBURG - BROOKDALE,3800.054193,0.001224,5
075,Orangeburg,VTD 50,4507550,Orangeburg - VTD 50,ORANGEBURG - VTD 50,22211760.283841,Orangeburg,075,Whittaker,Orangeburg - Whittaker,ORANGEBURG - WHITTAKER,22167545.544057,0.998009,1
075,Orangeburg,VTD 50,4507550,Orangeburg - VTD 50,ORANGEBURG - VTD 50,22211760.283841,Orangeburg,075,Suburban 2,Orangeburg - Suburban 2,ORANGEBURG - SUBURBAN 2,44195.933435,0.001990,2
075,Orangeburg,VTD 18,4507518,Orangeburg - VTD 18,ORANGEBURG - VTD 18,98012182.583777,Orangeburg,075,Bowman 1,Orangeburg - Bowman 1,ORANGEBURG - BOWMAN 1,98000741.472582,0.999883,1
075,Orangeburg,VTD 21,4507521,Orangeburg - VTD 21,ORANGEBURG - VTD 21,62650099.123255,Orangeburg,075,Branchville 2,Orangeburg - Branchville 2,ORANGEBURG - BRANCHVILLE 2,62649609.551217,0.999992,1
075,Orangeburg,VTD 20,4507520,Orangeburg - VTD 20,ORANGEBURG - VTD 20,144765497.103376,Orangeburg,075,Branchville 1,Orangeburg - Branchville 1,ORANGEBURG - BRANCHVILLE 1,127434000.205533,0.880279,1
075,Orangeburg,VTD 20,4507520,Orangeburg - VTD 20,ORANGEBURG - VTD 20,144765497.103376,Orangeburg,075,Rowesville,Orangeburg - Rowesville,ORANGEBURG - ROWESVILLE,17330431.482897,0.119714,2
075,Orangeburg,VTD 39,4507539,Orangeburg - VTD 39,ORANGEBURG - VTD 39,96819611.489430,Orangeburg,075,Rowesville,Orangeburg - Rowesville,ORANGEBURG - ROWESVILLE,93593127.444050,0.966675,1
075,Orangeburg,VTD 39,4507539,Orangeburg - VTD 39,ORANGEBURG - VTD 39,96819611.489430,Orangeburg,075,Suburban 4,Orangeburg - Suburban 4,ORANGEBURG - SUBURBAN 4,1421275.020673,0.014680,2
075,Orangeburg,VTD 39,4507539,Orangeburg - VTD 39,ORANGEBURG - VTD 39,96819611.489430,Orangeburg,075,Bethel,Orangeburg - Bethel,ORANGEBURG - BETHEL,1419228.932232,0.014658,3
075,Orangeburg,VTD 39,4507539,Orangeburg - VTD 39,ORANGEBURG - VTD 39,96819611.489430,Orangeburg,075,Branchville 1,Orangeburg - Branchville 1,ORANGEBURG - BRANCHVILLE 1,385977.149724,0.003987,4
075,Orangeburg,VTD 22,4507522,Orangeburg - VTD 22,ORANGEBURG - VTD 22,110021769.857679,Orangeburg,075,Cope,Orangeburg - Cope,ORANGEBURG - COPE,110021760.932634,1.000000,1
075,Orangeburg,VTD 4,450754,Orangeburg - VTD 4,ORANGEBURG - VTD 4,1737751.179659,Orangeburg,075,Orangeburg Ward 4,Orangeburg - Orangeburg Ward 4,ORANGEBURG - ORANGEBURG WARD 4,1728206.747599,0.994508,1
075,Orangeburg,VTD 4,450754,Orangeburg - VTD 4,ORANGEBURG - VTD 4,1737751.179659,Orangeburg,075,Suburban 3,Orangeburg - Suburban 3,ORANGEBURG - SUBURBAN 3,6133.243741,0.003529,2
075,Orangeburg,VTD 4,450754,Orangeburg - VTD 4,ORANGEBURG - VTD 4,1737751.179659,Orangeburg,075,Orangeburg Ward 3,Orangeburg - Orangeburg Ward 3,ORANGEBURG - ORANGEBURG WARD 3,3410.632283,0.001963,3
075,Orangeburg,VTD 47,4507547,Orangeburg - VTD 47,ORANGEBURG - VTD 47,6192120.835784,Orangeburg,075,Suburban 9,Orangeburg - Suburban 9,ORANGEBURG - SUBURBAN 9,6172428.135762,0.996820,1
075,Orangeburg,VTD 47,4507547,Orangeburg - VTD 47,ORANGEBURG - VTD 47,6192120.835784,Orangeburg,075,Orangeburg Ward 9,Orangeburg - Orangeburg Ward 9,ORANGEBURG - ORANGEBURG WARD 9,18012.632109,0.002909,2
075,Orangeburg,VTD 46,4507546,Orangeburg - VTD 46,ORANGEBURG - VTD 46,4925948.216716,Orangeburg,075,Suburban 8,Orangeburg - Suburban 8,ORANGEBURG - SUBURBAN 8,4441136.693255,0.901580,1
075,Orangeburg,VTD 46,4507546,Orangeburg - VTD 46,ORANGEBURG - VTD 46,4925948.216716,Orangeburg,075,Jamison,Orangeburg - Jamison,ORANGEBURG - JAMISON,457672.703874,0.092911,2
075,Orangeburg,VTD 46,4507546,Orangeburg - VTD 46,ORANGEBURG - VTD 46,4925948.216716,Orangeburg,075,Limestone 2,Orangeburg - Limestone 2,ORANGEBURG - LIMESTONE 2,27106.862688,0.005503,3
075,Orangeburg,VTD 7,450757,Orangeburg - VTD 7,ORANGEBURG - VTD 7,2374202.186250,Orangeburg,075,Orangeburg Ward 7,Orangeburg - Orangeburg Ward 7,ORANGEBURG - ORANGEBURG WARD 7,2347163.749185,0.988612,1
075,Orangeburg,VTD 7,450757,Orangeburg - VTD 7,ORANGEBURG - VTD 7,2374202.186250,Orangeburg,075,Suburban 7,Orangeburg - Suburban 7,ORANGEBURG - SUBURBAN 7,27019.416058,0.011380,2
075,Orangeburg,VTD 16,4507516,Orangeburg - VTD 16,ORANGEBURG - VTD 16,13485332.259199,Orangeburg,075,Suburban 7,Orangeburg - Suburban 7,ORANGEBURG - SUBURBAN 7,11268724.636379,0.835628,1
075,Orangeburg,VTD 16,4507516,Orangeburg - VTD 16,ORANGEBURG - VTD 16,13485332.259199,Orangeburg,075,Limestone 2,Orangeburg - Limestone 2,ORANGEBURG - LIMESTONE 2,2106561.921465,0.156211,2
075,Orangeburg,VTD 16,4507516,Orangeburg - VTD 16,ORANGEBURG - VTD 16,13485332.259199,Orangeburg,075,Orangeburg Ward 7,Orangeburg - Orangeburg Ward 7,ORANGEBURG - ORANGEBURG WARD 7,99299.089758,0.007363,3
075,Orangeburg,VTD 16,4507516,Orangeburg - VTD 16,ORANGEBURG - VTD 16,13485332.259199,Orangeburg,075,Suburban 6,Orangeburg - Suburban 6,ORANGEBURG - SUBURBAN 6,10746.493089,0.000797,4
075,Orangeburg,VTD 45,4507545,Orangeburg - VTD 45,ORANGEBURG - VTD 45,1998307.767966,Orangeburg,075,Orangeburg Ward 10,Orangeburg - Orangeburg Ward 10,ORANGEBURG - ORANGEBURG WARD 10,1881520.066997,0.941557,1
075,Orangeburg,VTD 45,4507545,Orangeburg - VTD 45,ORANGEBURG - VTD 45,1998307.767966,Orangeburg,075,Suburban 8,Orangeburg - Suburban 8,ORANGEBURG - SUBURBAN 8,116783.050180,0.058441,2
075,Orangeburg,VTD 8,450758,Orangeburg - VTD 8,ORANGEBURG - VTD 8,1327525.497919,Orangeburg,075,Orangeburg Ward 8,Orangeburg - Orangeburg Ward 8,ORANGEBURG - ORANGEBURG WARD 8,1301045.709011,0.980053,1
075,Orangeburg,VTD 8,450758,Orangeburg - VTD 8,ORANGEBURG - VTD 8,1327525.497919,Orangeburg,075,Orangeburg Ward 7,Orangeburg - Orangeburg Ward 7,ORANGEBURG - ORANGEBURG WARD 7,26188.777958,0.019728,2
075,Orangeburg,VTD 9,450759,Orangeburg - VTD 9,ORANGEBURG - VTD 9,1321371.132261,Orangeburg,075,Orangeburg Ward 9,Orangeburg - Orangeburg Ward 9,ORANGEBURG - ORANGEBURG WARD 9,1300860.212893,0.984478,1
075,Orangeburg,VTD 9,450759,Orangeburg - VTD 9,ORANGEBURG - VTD 9,1321371.132261,Orangeburg,075,Suburban 9,Orangeburg - Suburban 9,ORANGEBURG - SUBURBAN 9,20509.435605,0.015521,2
075,Orangeburg,VTD 5,450755,Orangeburg - VTD 5,ORANGEBURG - VTD 5,1094866.970297,Orangeburg,075,Orangeburg Ward 5,Orangeburg - Orangeburg Ward 5,ORANGEBURG - ORANGEBURG WARD 5,1057663.816230,0.966020,1
075,Orangeburg,VTD 5,450755,Orangeburg - VTD 5,ORANGEBURG - VTD 5,1094866.970297,Orangeburg,075,Suburban 9,Orangeburg - Suburban 9,ORANGEBURG - SUBURBAN 9,37202.282257,0.033979,2
075,Orangeburg,VTD 6,450756,Orangeburg - VTD 6,ORANGEBURG - VTD 6,1167614.404150,Orangeburg,075,Orangeburg Ward 6,Orangeburg - Orangeburg Ward 6,ORANGEBURG - ORANGEBURG WARD 6,1167613.888727,1.000000,1
075,Orangeburg,VTD 13,4507513,Orangeburg - VTD 13,ORANGEBURG - VTD 13,23869585.365078,Orangeburg,075,Suburban 4,Orangeburg - Suburban 4,ORANGEBURG - SUBURBAN 4,23553672.053302,0.986765,1
075,Orangeburg,VTD 13,4507513,Orangeburg - VTD 13,ORANGEBURG - VTD 13,23869585.365078,Orangeburg,075,Orangeburg Ward 3,Orangeburg - Orangeburg Ward 3,ORANGEBURG - ORANGEBURG WARD 3,315899.108623,0.013234,2
075,Orangeburg,VTD 17,4507517,Orangeburg - VTD 17,ORANGEBURG - VTD 17,105877236.243655,Orangeburg,075,Bethel,Orangeburg - Bethel,ORANGEBURG - BETHEL,105737610.300475,0.998681,1
075,Orangeburg,VTD 17,4507517,Orangeburg - VTD 17,ORANGEBURG - VTD 17,105877236.243655,Orangeburg,075,Four Holes,Orangeburg - Four Holes,ORANGEBURG - FOUR HOLES,139625.943180,0.001319,2
075,Orangeburg,VTD 12,4507512,Orangeburg - VTD 12,ORANGEBURG - VTD 12,27181245.497555,Orangeburg,075,Suburban 3,Orangeburg - Suburban 3,ORANGEBURG - SUBURBAN 3,27171183.883702,0.999630,1
075,Orangeburg,VTD 3,450753,Orangeburg - VTD 3,ORANGEBURG - VTD 3,2374694.862054,Orangeburg,075,Orangeburg Ward 3,Orangeburg - Orangeburg Ward 3,ORANGEBURG - ORANGEBURG WARD 3,1954394.684807,0.823009,1
075,Orangeburg,VTD 3,450753,Orangeburg - VTD 3,ORANGEBURG - VTD 3,2374694.862054,Orangeburg,075,Suburban 3,Orangeburg - Suburban 3,ORANGEBURG - SUBURBAN 3,266484.008903,0.112218,2
075,Orangeburg,VTD 3,450753,Orangeburg - VTD 3,ORANGEBURG - VTD 3,2374694.862054,Orangeburg,075,Suburban 4,Orangeburg - Suburban 4,ORANGEBURG - SUBURBAN 4,153812.801225,0.064772,3
075,Orangeburg,VTD 1,450751,Orangeburg - VTD 1,ORANGEBURG - VTD 1,1645109.534979,Orangeburg,075,Orangeburg Ward 1,Orangeburg - Orangeburg Ward 1,ORANGEBURG - ORANGEBURG WARD 1,1645109.534979,1.000000,1
075,Orangeburg,VTD 24,4507524,Orangeburg - VTD 24,ORANGEBURG - VTD 24,109103060.208372,Orangeburg,075,Edisto,Orangeburg - Edisto,ORANGEBURG - EDISTO,109082585.997674,0.999812,1
075,Orangeburg,VTD 23,4507523,Orangeburg - VTD 23,ORANGEBURG - VTD 23,69832772.790143,Orangeburg,075,Cordova 1,Orangeburg - Cordova 1,ORANGEBURG - CORDOVA 1,45327275.913114,0.649083,1
075,Orangeburg,VTD 23,4507523,Orangeburg - VTD 23,ORANGEBURG - VTD 23,69832772.790143,Orangeburg,075,Cordova 2,Orangeburg - Cordova 2,ORANGEBURG - CORDOVA 2,24132351.362668,0.345573,2
075,Orangeburg,VTD 23,4507523,Orangeburg - VTD 23,ORANGEBURG - VTD 23,69832772.790143,Orangeburg,075,Edisto,Orangeburg - Edisto,ORANGEBURG - EDISTO,373081.364745,0.005342,3
075,Orangeburg,VTD 2,450752,Orangeburg - VTD 2,ORANGEBURG - VTD 2,2082299.010923,Orangeburg,075,Orangeburg Ward 2,Orangeburg - Orangeburg Ward 2,ORANGEBURG - ORANGEBURG WARD 2,2067677.310528,0.992978,1
075,Orangeburg,VTD 2,450752,Orangeburg - VTD 2,ORANGEBURG - VTD 2,2082299.010923,Orangeburg,075,Orangeburg Ward 4,Orangeburg - Orangeburg Ward 4,ORANGEBURG - ORANGEBURG WARD 4,14621.494403,0.007022,2
075,Orangeburg,VTD 14,4507514,Orangeburg - VTD 14,ORANGEBURG - VTD 14,16290200.113313,Orangeburg,075,Suburban 5,Orangeburg - Suburban 5,ORANGEBURG - SUBURBAN 5,16231523.230388,0.996398,1
075,Orangeburg,VTD 14,4507514,Orangeburg - VTD 14,ORANGEBURG - VTD 14,16290200.113313,Orangeburg,075,Cordova 1,Orangeburg - Cordova 1,ORANGEBURG - CORDOVA 1,58674.511521,0.003602,2
075,Orangeburg,VTD 15,4507515,Orangeburg - VTD 15,ORANGEBURG - VTD 15,29239379.662287,Orangeburg,075,Suburban 6,Orangeburg - Suburban 6,ORANGEBURG - SUBURBAN 6,29236775.373705,0.999911,1
075,Orangeburg,VTD 37,4507537,Orangeburg - VTD 37,ORANGEBURG - VTD 37,111985157.806725,Orangeburg,075,Pine Hill,Orangeburg - Pine Hill,ORANGEBURG - PINE HILL,74648571.486979,0.666593,1
075,Orangeburg,VTD 37,4507537,Orangeburg - VTD 37,ORANGEBURG - VTD 37,111985157.806725,Orangeburg,075,Bolentown,Orangeburg - Bolentown,ORANGEBURG - BOLENTOWN,37335991.841626,0.333401,2
075,Orangeburg,VTD 36,4507536,Orangeburg - VTD 36,ORANGEBURG - VTD 36,146584004.721856,Orangeburg,075,Norway,Orangeburg - Norway,ORANGEBURG - NORWAY,146583848.908218,0.999999,1
075,Orangeburg,VTD 33,4507533,Orangeburg - VTD 33,ORANGEBURG - VTD 33,101392788.053929,Orangeburg,075,Neeses-Livingston,Orangeburg - Neeses-Livingston,ORANGEBURG - NEESES-LIVINGSTON,99154792.944374,0.977927,1
075,Orangeburg,VTD 33,4507533,Orangeburg - VTD 33,ORANGEBURG - VTD 33,101392788.053929,Orangeburg,075,Springfield,Orangeburg - Springfield,ORANGEBURG - SPRINGFIELD,1778824.326089,0.017544,2
075,Orangeburg,VTD 33,4507533,Orangeburg - VTD 33,ORANGEBURG - VTD 33,101392788.053929,Orangeburg,075,Pine Hill,Orangeburg - Pine Hill,ORANGEBURG - PINE HILL,454014.731486,0.004478,3
075,Orangeburg,VTD 41,4507541,Orangeburg - VTD 41,ORANGEBURG - VTD 41,94286446.347894,Orangeburg,075,Springfield,Orangeburg - Springfield,ORANGEBURG - SPRINGFIELD,94286444.457760,1.000000,1
075,Orangeburg,VTD 42,4507542,Orangeburg - VTD 42,ORANGEBURG - VTD 42,71723097.349572,Orangeburg,075,Springfield,Orangeburg - Springfield,ORANGEBURG - SPRINGFIELD,71723061.490798,1.000000,1
075,Orangeburg,VTD 35,4507535,Orangeburg - VTD 35,ORANGEBURG - VTD 35,111446032.890902,Orangeburg,075,North 1,Orangeburg - North 1,ORANGEBURG - NORTH 1,111370148.850845,0.999319,1
075,Orangeburg,VTD 32,4507532,Orangeburg - VTD 32,ORANGEBURG - VTD 32,110640736.767200,Orangeburg,075,Limestone 2,Orangeburg - Limestone 2,ORANGEBURG - LIMESTONE 2,73919215.641835,0.668101,1
075,Orangeburg,VTD 32,4507532,Orangeburg - VTD 32,ORANGEBURG - VTD 32,110640736.767200,Orangeburg,075,Limestone 1,Orangeburg - Limestone 1,ORANGEBURG - LIMESTONE 1,36387050.659211,0.328876,2
075,Orangeburg,VTD 32,4507532,Orangeburg - VTD 32,ORANGEBURG - VTD 32,110640736.767200,Orangeburg,075,Pine Hill,Orangeburg - Pine Hill,ORANGEBURG - PINE HILL,294190.322987,0.002659,3
075,Orangeburg,VTD 34,4507534,Orangeburg - VTD 34,ORANGEBURG - VTD 34,124396286.041433,Orangeburg,075,North 2,Orangeburg - North 2,ORANGEBURG - NORTH 2,124373238.905285,0.999815,1
077,Pickens,VTD 38,4507738,Pickens - VTD 38,PICKENS - VTD 38,19129078.204356,Pickens,077,Central 2,Pickens - Central 2,PICKENS - CENTRAL 2,18878669.023761,0.986910,1
077,Pickens,VTD 38,4507738,Pickens - VTD 38,PICKENS - VTD 38,19129078.204356,Pickens,077,Flat Rock,Pickens - Flat Rock,PICKENS - FLAT ROCK,250277.625045,0.013084,2
077,Pickens,VTD 37,4507737,Pickens - VTD 37,PICKENS - VTD 37,19871008.683692,Pickens,077,Central 1,Pickens - Central 1,PICKENS - CENTRAL 1,12995621.149275,0.653999,1
077,Pickens,VTD 37,4507737,Pickens - VTD 37,PICKENS - VTD 37,19871008.683692,Pickens,077,Central 2,Pickens - Central 2,PICKENS - CENTRAL 2,3456572.715224,0.173951,2
077,Pickens,VTD 37,4507737,Pickens - VTD 37,PICKENS - VTD 37,19871008.683692,Pickens,077,Pike,Pickens - Pike,PICKENS - PIKE,3402457.930022,0.171227,3
077,Pickens,VTD 47,4507747,Pickens - VTD 47,PICKENS - VTD 47,4129013.376122,Pickens,077,Clemson 1,Pickens - Clemson 1,PICKENS - CLEMSON 1,2057804.895583,0.498377,1
077,Pickens,VTD 47,4507747,Pickens - VTD 47,PICKENS - VTD 47,4129013.376122,Pickens,077,Clemson 2,Pickens - Clemson 2,PICKENS - CLEMSON 2,2050230.273894,0.496542,2
077,Pickens,VTD 47,4507747,Pickens - VTD 47,PICKENS - VTD 47,4129013.376122,Pickens,077,Stone Church,Pickens - Stone Church,PICKENS - STONE CHURCH,20664.349637,0.005005,3
077,Pickens,VTD 49,4507749,Pickens - VTD 49,PICKENS - VTD 49,13559547.359126,Pickens,077,Stone Church,Pickens - Stone Church,PICKENS - STONE CHURCH,13543679.628382,0.998830,1
077,Pickens,VTD 49,4507749,Pickens - VTD 49,PICKENS - VTD 49,13559547.359126,Pickens,077,University,Pickens - University,PICKENS - UNIVERSITY,15749.636670,0.001162,2
077,Pickens,VTD 48,4507748,Pickens - VTD 48,PICKENS - VTD 48,3334841.586338,Pickens,077,Morrison,Pickens - Morrison,PICKENS - MORRISON,3334835.563362,0.999998,1
077,Pickens,VTD 45,4507745,Pickens - VTD 45,PICKENS - VTD 45,8408152.496181,Pickens,077,University,Pickens - University,PICKENS - UNIVERSITY,5946265.420280,0.707202,1
077,Pickens,VTD 45,4507745,Pickens - VTD 45,PICKENS - VTD 45,8408152.496181,Pickens,077,Pike,Pickens - Pike,PICKENS - PIKE,938073.027848,0.111567,2
077,Pickens,VTD 45,4507745,Pickens - VTD 45,PICKENS - VTD 45,8408152.496181,Pickens,077,Calhoun,Pickens - Calhoun,PICKENS - CALHOUN,802368.990546,0.095428,3
077,Pickens,VTD 45,4507745,Pickens - VTD 45,PICKENS - VTD 45,8408152.496181,Pickens,077,Morrison,Pickens - Morrison,PICKENS - MORRISON,368408.621968,0.043816,4
077,Pickens,VTD 45,4507745,Pickens - VTD 45,PICKENS - VTD 45,8408152.496181,Pickens,077,Stone Church,Pickens - Stone Church,PICKENS - STONE CHURCH,348453.960521,0.041442,5
077,Pickens,VTD 46,4507746,Pickens - VTD 46,PICKENS - VTD 46,5914747.069807,Pickens,077,Calhoun,Pickens - Calhoun,PICKENS - CALHOUN,3233103.294384,0.546617,1
077,Pickens,VTD 46,4507746,Pickens - VTD 46,PICKENS - VTD 46,5914747.069807,Pickens,077,Abel,Pickens - Abel,PICKENS - ABEL,2540689.780429,0.429552,2
077,Pickens,VTD 46,4507746,Pickens - VTD 46,PICKENS - VTD 46,5914747.069807,Pickens,077,Clemson 1,Pickens - Clemson 1,PICKENS - CLEMSON 1,111347.435305,0.018825,3
077,Pickens,VTD 46,4507746,Pickens - VTD 46,PICKENS - VTD 46,5914747.069807,Pickens,077,Pike,Pickens - Pike,PICKENS - PIKE,20860.917695,0.003527,4
077,Pickens,VTD 46,4507746,Pickens - VTD 46,PICKENS - VTD 46,5914747.069807,Pickens,077,Morrison,Pickens - Morrison,PICKENS - MORRISON,8745.641994,0.001479,5
077,Pickens,VTD 36,4507736,Pickens - VTD 36,PICKENS - VTD 36,14597262.045866,Pickens,077,Pike,Pickens - Pike,PICKENS - PIKE,14314676.747115,0.980641,1
077,Pickens,VTD 36,4507736,Pickens - VTD 36,PICKENS - VTD 36,14597262.045866,Pickens,077,Calhoun,Pickens - Calhoun,PICKENS - CALHOUN,282585.069286,0.019359,2
077,Pickens,VTD 43,4507743,Pickens - VTD 43,PICKENS - VTD 43,7155210.160971,Pickens,077,Powdersville 2,Pickens - Powdersville 2,PICKENS - POWDERSVILLE 2,3945451.565722,0.551410,1
077,Pickens,VTD 43,4507743,Pickens - VTD 43,PICKENS - VTD 43,7155210.160971,Pickens,077,Rock Springs,Pickens - Rock Springs,PICKENS - ROCK SPRINGS,3209752.657853,0.448590,2
077,Pickens,VTD 44,4507744,Pickens - VTD 44,PICKENS - VTD 44,8836264.718219,Pickens,077,Saluda,Pickens - Saluda,PICKENS - SALUDA,7368693.008444,0.833915,1
077,Pickens,VTD 44,4507744,Pickens - VTD 44,PICKENS - VTD 44,8836264.718219,Pickens,077,Rock Springs,Pickens - Rock Springs,PICKENS - ROCK SPRINGS,1467571.709776,0.166085,2
077,Pickens,VTD 24,4507724,Pickens - VTD 24,PICKENS - VTD 24,29202344.284511,Pickens,077,Crosswell 1,Pickens - Crosswell 1,PICKENS - CROSSWELL 1,17777688.061027,0.608776,1
077,Pickens,VTD 24,4507724,Pickens - VTD 24,PICKENS - VTD 24,29202344.284511,Pickens,077,Crosswell 2,Pickens - Crosswell 2,PICKENS - CROSSWELL 2,11424655.878506,0.391224,2
077,Pickens,VTD 28,4507728,Pickens - VTD 28,PICKENS - VTD 28,15601312.953092,Pickens,077,Liberty 2,Pickens - Liberty 2,PICKENS - LIBERTY 2,15548608.645331,0.996622,1
077,Pickens,VTD 28,4507728,Pickens - VTD 28,PICKENS - VTD 28,15601312.953092,Pickens,077,Flat Rock,Pickens - Flat Rock,PICKENS - FLAT ROCK,52704.266648,0.003378,2
077,Pickens,VTD 29,4507729,Pickens - VTD 29,PICKENS - VTD 29,14525565.713330,Pickens,077,Smith Grove,Pickens - Smith Grove,PICKENS - SMITH GROVE,11237332.892153,0.773624,1
077,Pickens,VTD 29,4507729,Pickens - VTD 29,PICKENS - VTD 29,14525565.713330,Pickens,077,Woodside,Pickens - Woodside,PICKENS - WOODSIDE,3288232.821177,0.226376,2
077,Pickens,VTD 39,4507739,Pickens - VTD 39,PICKENS - VTD 39,40095500.996415,Pickens,077,Flat Rock,Pickens - Flat Rock,PICKENS - FLAT ROCK,38470431.219366,0.959470,1
077,Pickens,VTD 39,4507739,Pickens - VTD 39,PICKENS - VTD 39,40095500.996415,Pickens,077,Smith Grove,Pickens - Smith Grove,PICKENS - SMITH GROVE,1625069.777049,0.040530,2
077,Pickens,VTD 40,4507740,Pickens - VTD 40,PICKENS - VTD 40,17985317.059687,Pickens,077,Zion,Pickens - Zion,PICKENS - ZION,16356199.466544,0.909420,1
077,Pickens,VTD 40,4507740,Pickens - VTD 40,PICKENS - VTD 40,17985317.059687,Pickens,077,Brushy Creek,Pickens - Brushy Creek,PICKENS - BRUSHY CREEK,1610129.846827,0.089525,2
077,Pickens,VTD 40,4507740,Pickens - VTD 40,PICKENS - VTD 40,17985317.059687,Pickens,077,Woodside,Pickens - Woodside,PICKENS - WOODSIDE,18965.242456,0.001054,3
077,Pickens,VTD 41,4507741,Pickens - VTD 41,PICKENS - VTD 41,7710189.766550,Pickens,077,Brushy Creek,Pickens - Brushy Creek,PICKENS - BRUSHY CREEK,7710182.787981,0.999999,1
077,Pickens,VTD 42,4507742,Pickens - VTD 42,PICKENS - VTD 42,5980921.326338,Pickens,077,Powdersville 1,Pickens - Powdersville 1,PICKENS - POWDERSVILLE 1,4438118.571969,0.742046,1
077,Pickens,VTD 42,4507742,Pickens - VTD 42,PICKENS - VTD 42,5980921.326338,Pickens,077,Powdersville 2,Pickens - Powdersville 2,PICKENS - POWDERSVILLE 2,1021851.142728,0.170852,2
077,Pickens,VTD 42,4507742,Pickens - VTD 42,PICKENS - VTD 42,5980921.326338,Pickens,077,Rock Springs,Pickens - Rock Springs,PICKENS - ROCK SPRINGS,520951.065306,0.087102,3
077,Pickens,VTD 35,4507735,Pickens - VTD 35,PICKENS - VTD 35,5886367.991668,Pickens,077,Forest Acres,Pickens - Forest Acres,PICKENS - FOREST ACRES,3437611.346438,0.583995,1
077,Pickens,VTD 35,4507735,Pickens - VTD 35,PICKENS - VTD 35,5886367.991668,Pickens,077,Easley,Pickens - Easley,PICKENS - EASLEY,1887090.055774,0.320586,2
077,Pickens,VTD 35,4507735,Pickens - VTD 35,PICKENS - VTD 35,5886367.991668,Pickens,077,Pickensville,Pickens - Pickensville,PICKENS - PICKENSVILLE,561666.589456,0.095418,3
077,Pickens,VTD 33,4507733,Pickens - VTD 33,PICKENS - VTD 33,3707121.416636,Pickens,077,Easley,Pickens - Easley,PICKENS - EASLEY,2419814.425255,0.652748,1
077,Pickens,VTD 33,4507733,Pickens - VTD 33,PICKENS - VTD 33,3707121.416636,Pickens,077,Pickensville,Pickens - Pickensville,PICKENS - PICKENSVILLE,1265756.268611,0.341439,2
077,Pickens,VTD 33,4507733,Pickens - VTD 33,PICKENS - VTD 33,3707121.416636,Pickens,077,Simpson,Pickens - Simpson,PICKENS - SIMPSON,21550.722770,0.005813,3
077,Pickens,VTD 34,4507734,Pickens - VTD 34,PICKENS - VTD 34,2746067.061569,Pickens,077,Pickensville,Pickens - Pickensville,PICKENS - PICKENSVILLE,2322505.401663,0.845757,1
077,Pickens,VTD 34,4507734,Pickens - VTD 34,PICKENS - VTD 34,2746067.061569,Pickens,077,Woodside,Pickens - Woodside,PICKENS - WOODSIDE,278511.808007,0.101422,2
077,Pickens,VTD 34,4507734,Pickens - VTD 34,PICKENS - VTD 34,2746067.061569,Pickens,077,Forest Acres,Pickens - Forest Acres,PICKENS - FOREST ACRES,145049.851900,0.052821,3
077,Pickens,VTD 32,4507732,Pickens - VTD 32,PICKENS - VTD 32,834542.923665,Pickens,077,Woodside,Pickens - Woodside,PICKENS - WOODSIDE,834542.923665,1.000000,1
077,Pickens,VTD 31,4507731,Pickens - VTD 31,PICKENS - VTD 31,1929835.698867,Pickens,077,Simpson,Pickens - Simpson,PICKENS - SIMPSON,1929835.698867,1.000000,1
077,Pickens,VTD 30,4507730,Pickens - VTD 30,PICKENS - VTD 30,2743089.402640,Pickens,077,Park Street,Pickens - Park Street,PICKENS - PARK STREET,2688979.773807,0.980274,1
077,Pickens,VTD 30,4507730,Pickens - VTD 30,PICKENS - VTD 30,2743089.402640,Pickens,077,Simpson,Pickens - Simpson,PICKENS - SIMPSON,54109.628833,0.019726,2
077,Pickens,VTD 21,4507721,Pickens - VTD 21,PICKENS - VTD 21,4334046.625263,Pickens,077,Arial Mill,Pickens - Arial Mill,PICKENS - ARIAL MILL,4334046.625263,1.000000,1
077,Pickens,VTD 20,4507720,Pickens - VTD 20,PICKENS - VTD 20,10631369.194552,Pickens,077,Skelton,Pickens - Skelton,PICKENS - SKELTON,5258618.509739,0.494632,1
077,Pickens,VTD 20,4507720,Pickens - VTD 20,PICKENS - VTD 20,10631369.194552,Pickens,077,Arial Mill,Pickens - Arial Mill,PICKENS - ARIAL MILL,5082029.873298,0.478022,2
077,Pickens,VTD 20,4507720,Pickens - VTD 20,PICKENS - VTD 20,10631369.194552,Pickens,077,Pickens 4,Pickens - Pickens 4,PICKENS - PICKENS 4,191297.021756,0.017994,3
077,Pickens,VTD 20,4507720,Pickens - VTD 20,PICKENS - VTD 20,10631369.194552,Pickens,077,Pickens 3,Pickens - Pickens 3,PICKENS - PICKENS 3,99423.789759,0.009352,4
077,Pickens,VTD 13,4507713,Pickens - VTD 13,PICKENS - VTD 13,15964030.714240,Pickens,077,Pickens 3,Pickens - Pickens 3,PICKENS - PICKENS 3,8052731.644929,0.504430,1
077,Pickens,VTD 13,4507713,Pickens - VTD 13,PICKENS - VTD 13,15964030.714240,Pickens,077,Pickens 4,Pickens - Pickens 4,PICKENS - PICKENS 4,7911299.069310,0.495570,2
077,Pickens,VTD 15,4507715,Pickens - VTD 15,PICKENS - VTD 15,19835218.189551,Pickens,077,Cedar Rock,Pickens - Cedar Rock,PICKENS - CEDAR ROCK,19834690.295335,0.999973,1
077,Pickens,VTD 22,4507722,Pickens - VTD 22,PICKENS - VTD 22,16232858.448677,Pickens,077,McKissick,Pickens - McKissick,PICKENS - MCKISSICK,10510765.703201,0.647499,1
077,Pickens,VTD 22,4507722,Pickens - VTD 22,PICKENS - VTD 22,16232858.448677,Pickens,077,Cedar Rock,Pickens - Cedar Rock,PICKENS - CEDAR ROCK,5722092.745476,0.352501,2
077,Pickens,VTD 23,4507723,Pickens - VTD 23,PICKENS - VTD 23,24387092.492676,Pickens,077,Georges Creek,Pickens - Georges Creek,PICKENS - GEORGES CREEK,23998957.780007,0.984084,1
077,Pickens,VTD 23,4507723,Pickens - VTD 23,PICKENS - VTD 23,24387092.492676,Pickens,077,Crosswell 1,Pickens - Crosswell 1,PICKENS - CROSSWELL 1,339857.749896,0.013936,2
077,Pickens,VTD 23,4507723,Pickens - VTD 23,PICKENS - VTD 23,24387092.492676,Pickens,077,Forest Acres,Pickens - Forest Acres,PICKENS - FOREST ACRES,48276.962772,0.001980,3
077,Pickens,VTD 14,4507714,Pickens - VTD 14,PICKENS - VTD 14,15069078.880673,Pickens,077,Glassy Mountain,Pickens - Glassy Mountain,PICKENS - GLASSY MOUNTAIN,15069078.092208,1.000000,1
077,Pickens,VTD 7,450777,Pickens - VTD 7,PICKENS - VTD 7,23056736.434739,Pickens,077,Griffin,Pickens - Griffin,PICKENS - GRIFFIN,23056736.434739,1.000000,1
077,Pickens,VTD 27,4507727,Pickens - VTD 27,PICKENS - VTD 27,24491872.238869,Pickens,077,Liberty 1,Pickens - Liberty 1,PICKENS - LIBERTY 1,16706547.789343,0.682126,1
077,Pickens,VTD 27,4507727,Pickens - VTD 27,PICKENS - VTD 27,24491872.238869,Pickens,077,Rices Creek,Pickens - Rices Creek,PICKENS - RICES CREEK,4181389.429563,0.170726,2
077,Pickens,VTD 27,4507727,Pickens - VTD 27,PICKENS - VTD 27,24491872.238869,Pickens,077,Liberty 2,Pickens - Liberty 2,PICKENS - LIBERTY 2,3413920.492369,0.139390,3
077,Pickens,VTD 27,4507727,Pickens - VTD 27,PICKENS - VTD 27,24491872.238869,Pickens,077,Flat Rock,Pickens - Flat Rock,PICKENS - FLAT ROCK,162150.078022,0.006621,4
077,Pickens,VTD 27,4507727,Pickens - VTD 27,PICKENS - VTD 27,24491872.238869,Pickens,077,Norris,Pickens - Norris,PICKENS - NORRIS,27864.449572,0.001138,5
077,Pickens,VTD 19,4507719,Pickens - VTD 19,PICKENS - VTD 19,20075089.689642,Pickens,077,Skelton,Pickens - Skelton,PICKENS - SKELTON,9827252.488662,0.489525,1
077,Pickens,VTD 19,4507719,Pickens - VTD 19,PICKENS - VTD 19,20075089.689642,Pickens,077,Rices Creek,Pickens - Rices Creek,PICKENS - RICES CREEK,9455935.534857,0.471028,2
077,Pickens,VTD 19,4507719,Pickens - VTD 19,PICKENS - VTD 19,20075089.689642,Pickens,077,Pickens 3,Pickens - Pickens 3,PICKENS - PICKENS 3,791901.310929,0.039447,3
077,Pickens,VTD 12,4507712,Pickens - VTD 12,PICKENS - VTD 12,26874510.680025,Pickens,077,Pickens 2,Pickens - Pickens 2,PICKENS - PICKENS 2,15668872.750115,0.583038,1
077,Pickens,VTD 12,4507712,Pickens - VTD 12,PICKENS - VTD 12,26874510.680025,Pickens,077,Praters Creek 1,Pickens - Praters Creek 1,PICKENS - PRATERS CREEK 1,8989303.529047,0.334492,2
077,Pickens,VTD 12,4507712,Pickens - VTD 12,PICKENS - VTD 12,26874510.680025,Pickens,077,Pickens 3,Pickens - Pickens 3,PICKENS - PICKENS 3,2213296.311870,0.082357,3
077,Pickens,VTD 11,4507711,Pickens - VTD 11,PICKENS - VTD 11,13691043.385146,Pickens,077,Praters Creek 1,Pickens - Praters Creek 1,PICKENS - PRATERS CREEK 1,13691043.385146,1.000000,1
077,Pickens,VTD 26,4507726,Pickens - VTD 26,PICKENS - VTD 26,32418238.533903,Pickens,077,Norris,Pickens - Norris,PICKENS - NORRIS,30361479.007749,0.936555,1
077,Pickens,VTD 26,4507726,Pickens - VTD 26,PICKENS - VTD 26,32418238.533903,Pickens,077,Rices Creek,Pickens - Rices Creek,PICKENS - RICES CREEK,1982184.784136,0.061144,2
077,Pickens,VTD 26,4507726,Pickens - VTD 26,PICKENS - VTD 26,32418238.533903,Pickens,077,Praters Creek 2,Pickens - Praters Creek 2,PICKENS - PRATERS CREEK 2,68878.428309,0.002125,3
077,Pickens,VTD 18,4507718,Pickens - VTD 18,PICKENS - VTD 18,28299900.828498,Pickens,077,Praters Creek 2,Pickens - Praters Creek 2,PICKENS - PRATERS CREEK 2,27826165.061383,0.983260,1
077,Pickens,VTD 18,4507718,Pickens - VTD 18,PICKENS - VTD 18,28299900.828498,Pickens,077,Praters Creek 1,Pickens - Praters Creek 1,PICKENS - PRATERS CREEK 1,473735.767115,0.016740,2
077,Pickens,VTD 17,4507717,Pickens - VTD 17,PICKENS - VTD 17,50224322.910838,Pickens,077,Six Mile,Pickens - Six Mile,PICKENS - SIX MILE,34215037.172331,0.681244,1
077,Pickens,VTD 17,4507717,Pickens - VTD 17,PICKENS - VTD 17,50224322.910838,Pickens,077,Praters Creek 2,Pickens - Praters Creek 2,PICKENS - PRATERS CREEK 2,8025152.218923,0.159786,2
077,Pickens,VTD 17,4507717,Pickens - VTD 17,PICKENS - VTD 17,50224322.910838,Pickens,077,Lawrence Chapel,Pickens - Lawrence Chapel,PICKENS - LAWRENCE CHAPEL,7984132.786358,0.158969,3
077,Pickens,VTD 25,4507725,Pickens - VTD 25,PICKENS - VTD 25,42829674.035034,Pickens,077,Lawrence Chapel,Pickens - Lawrence Chapel,PICKENS - LAWRENCE CHAPEL,36885523.343178,0.861214,1
077,Pickens,VTD 25,4507725,Pickens - VTD 25,PICKENS - VTD 25,42829674.035034,Pickens,077,Pike,Pickens - Pike,PICKENS - PIKE,5944149.694301,0.138786,2
077,Pickens,VTD 10,4507710,Pickens - VTD 10,PICKENS - VTD 10,49664501.157878,Pickens,077,Mountain View,Pickens - Mountain View,PICKENS - MOUNTAIN VIEW,49656941.354683,0.999848,1
077,Pickens,VTD 16,4507716,Pickens - VTD 16,PICKENS - VTD 16,50180422.188439,Pickens,077,Dacusville 1,Pickens - Dacusville 1,PICKENS - DACUSVILLE 1,26613472.273284,0.530356,1
077,Pickens,VTD 16,4507716,Pickens - VTD 16,PICKENS - VTD 16,50180422.188439,Pickens,077,Crossroads,Pickens - Crossroads,PICKENS - CROSSROADS,23566949.915155,0.469644,2
077,Pickens,VTD 8,450778,Pickens - VTD 8,PICKENS - VTD 8,41633140.244041,Pickens,077,Griffin,Pickens - Griffin,PICKENS - GRIFFIN,24801313.615135,0.595711,1
077,Pickens,VTD 8,450778,Pickens - VTD 8,PICKENS - VTD 8,41633140.244041,Pickens,077,Pumpkintown,Pickens - Pumpkintown,PICKENS - PUMPKINTOWN,6860251.455207,0.164779,2
077,Pickens,VTD 8,450778,Pickens - VTD 8,PICKENS - VTD 8,41633140.244041,Pickens,077,Glassy Mountain,Pickens - Glassy Mountain,PICKENS - GLASSY MOUNTAIN,5617445.923018,0.134927,3
077,Pickens,VTD 8,450778,Pickens - VTD 8,PICKENS - VTD 8,41633140.244041,Pickens,077,Crossroads,Pickens - Crossroads,PICKENS - CROSSROADS,4354129.250681,0.104583,4
077,Pickens,VTD 9,450779,Pickens - VTD 9,PICKENS - VTD 9,57522553.450810,Pickens,077,Dacusville 2,Pickens - Dacusville 2,PICKENS - DACUSVILLE 2,55140343.818490,0.958587,1
077,Pickens,VTD 9,450779,Pickens - VTD 9,PICKENS - VTD 9,57522553.450810,Pickens,077,Pumpkintown,Pickens - Pumpkintown,PICKENS - PUMPKINTOWN,2382209.632320,0.041413,2
077,Pickens,VTD 4,450774,Pickens - VTD 4,PICKENS - VTD 4,43001056.479553,Pickens,077,Pumpkintown,Pickens - Pumpkintown,PICKENS - PUMPKINTOWN,43001054.930889,1.000000,1
077,Pickens,VTD 5,450775,Pickens - VTD 5,PICKENS - VTD 5,114057786.118269,Pickens,077,Albert R. Lewis,Pickens - Albert R. Lewis,PICKENS - ALBERT R. LEWIS,85538004.949661,0.749953,1
077,Pickens,VTD 5,450775,Pickens - VTD 5,PICKENS - VTD 5,114057786.118269,Pickens,077,Mountain View,Pickens - Mountain View,PICKENS - MOUNTAIN VIEW,21180286.239394,0.185698,2
077,Pickens,VTD 5,450775,Pickens - VTD 5,PICKENS - VTD 5,114057786.118269,Pickens,077,Pickens 2,Pickens - Pickens 2,PICKENS - PICKENS 2,7339394.331949,0.064348,3
077,Pickens,VTD 6,450776,Pickens - VTD 6,PICKENS - VTD 6,24813376.048884,Pickens,077,Pickens 1,Pickens - Pickens 1,PICKENS - PICKENS 1,24813376.048884,1.000000,1
077,Pickens,VTD 3,450773,Pickens - VTD 3,PICKENS - VTD 3,69431759.010627,Pickens,077,Pumpkintown,Pickens - Pumpkintown,PICKENS - PUMPKINTOWN,54838810.988279,0.789823,1
077,Pickens,VTD 3,450773,Pickens - VTD 3,PICKENS - VTD 3,69431759.010627,Pickens,077,Holly Springs,Pickens - Holly Springs,PICKENS - HOLLY SPRINGS,14592948.022347,0.210177,2
077,Pickens,VTD 2,450772,Pickens - VTD 2,PICKENS - VTD 2,141692480.567289,Pickens,077,Holly Springs,Pickens - Holly Springs,PICKENS - HOLLY SPRINGS,133351455.917490,0.941133,1
077,Pickens,VTD 2,450772,Pickens - VTD 2,PICKENS - VTD 2,141692480.567289,Pickens,077,Pickens 1,Pickens - Pickens 1,PICKENS - PICKENS 1,6459268.308237,0.045587,2
077,Pickens,VTD 2,450772,Pickens - VTD 2,PICKENS - VTD 2,141692480.567289,Pickens,077,Griffin,Pickens - Griffin,PICKENS - GRIFFIN,1874468.661569,0.013229,3
077,Pickens,VTD 1,450771,Pickens - VTD 1,PICKENS - VTD 1,111821509.524156,Pickens,077,Holly Springs,Pickens - Holly Springs,PICKENS - HOLLY SPRINGS,111821476.088940,1.000000,1
079,Richland,VTD 125,45079125,Richland - VTD 125,RICHLAND - VTD 125,194423065.433250,Richland,079,Eastover,Richland - Eastover,RICHLAND - EASTOVER,194423054.279374,1.000000,1
079,Richland,VTD 126,45079126,Richland - VTD 126,RICHLAND - VTD 126,179835663.730913,Richland,079,Gadsden,Richland - Gadsden,RICHLAND - GADSDEN,179835644.155521,1.000000,1
079,Richland,VTD 118,45079118,Richland - VTD 118,RICHLAND - VTD 118,6257972.526763,Richland,079,Caughman Road,Richland - Caughman Road,RICHLAND - CAUGHMAN ROAD,6255822.140466,0.999656,1
079,Richland,VTD 119,45079119,Richland - VTD 119,RICHLAND - VTD 119,4870785.131867,Richland,079,Pine Lakes,Richland - Pine Lakes,RICHLAND - PINE LAKES,4870779.595239,0.999999,1
079,Richland,VTD 120,45079120,Richland - VTD 120,RICHLAND - VTD 120,9327563.271757,Richland,079,Pinewood,Richland - Pinewood,RICHLAND - PINEWOOD,9327512.694560,0.999995,1
079,Richland,VTD 122,45079122,Richland - VTD 122,RICHLAND - VTD 122,57601039.637417,Richland,079,Horrell Hill,Richland - Horrell Hill,RICHLAND - HORRELL HILL,57601029.090896,1.000000,1
079,Richland,VTD 123,45079123,Richland - VTD 123,RICHLAND - VTD 123,34590851.018468,Richland,079,McEntire,Richland - McEntire,RICHLAND - MCENTIRE,34464150.651099,0.996337,1
079,Richland,VTD 123,45079123,Richland - VTD 123,RICHLAND - VTD 123,34590851.018468,Richland,079,Hopkins,Richland - Hopkins,RICHLAND - HOPKINS,66536.789008,0.001924,2
079,Richland,VTD 123,45079123,Richland - VTD 123,RICHLAND - VTD 123,34590851.018468,Richland,079,Gadsden,Richland - Gadsden,RICHLAND - GADSDEN,60149.807024,0.001739,3
079,Richland,VTD 47,4507947,Richland - VTD 47,RICHLAND - VTD 47,1354724.394603,Richland,079,Ward 26,Richland - Ward 26,RICHLAND - WARD 26,1354724.394603,1.000000,1
079,Richland,VTD 45,4507945,Richland - VTD 45,RICHLAND - VTD 45,8338629.121200,Richland,079,Ward 26,Richland - Ward 26,RICHLAND - WARD 26,8332659.431146,0.999284,1
079,Richland,VTD 45,4507945,Richland - VTD 45,RICHLAND - VTD 45,8338629.121200,Richland,079,Pennington,Richland - Pennington,RICHLAND - PENNINGTON,5969.602995,0.000716,2
079,Richland,VTD 117,45079117,Richland - VTD 117,RICHLAND - VTD 117,3620943.195820,Richland,079,Lykesland,Richland - Lykesland,RICHLAND - LYKESLAND,3618690.176674,0.999378,1
079,Richland,VTD 117,45079117,Richland - VTD 117,RICHLAND - VTD 117,3620943.195820,Richland,079,Ward 26,Richland - Ward 26,RICHLAND - WARD 26,2249.152777,0.000621,2
079,Richland,VTD 110,45079110,Richland - VTD 110,RICHLAND - VTD 110,2927830.554603,Richland,079,Pennington,Richland - Pennington,RICHLAND - PENNINGTON,2927824.605796,0.999998,1
079,Richland,VTD 113,45079113,Richland - VTD 113,RICHLAND - VTD 113,6217502.401864,Richland,079,Brandon,Richland - Brandon,RICHLAND - BRANDON,6190744.695046,0.995696,1
079,Richland,VTD 113,45079113,Richland - VTD 113,RICHLAND - VTD 113,6217502.401864,Richland,079,Pennington,Richland - Pennington,RICHLAND - PENNINGTON,22503.168674,0.003619,2
079,Richland,VTD 113,45079113,Richland - VTD 113,RICHLAND - VTD 113,6217502.401864,Richland,079,Ward 26,Richland - Ward 26,RICHLAND - WARD 26,3647.351988,0.000587,3
079,Richland,VTD 121,45079121,Richland - VTD 121,RICHLAND - VTD 121,11909224.640283,Richland,079,Hunting Creek,Richland - Hunting Creek,RICHLAND - HUNTING CREEK,11714460.032023,0.983646,1
079,Richland,VTD 121,45079121,Richland - VTD 121,RICHLAND - VTD 121,11909224.640283,Richland,079,Hopkins,Richland - Hopkins,RICHLAND - HOPKINS,194759.122219,0.016354,2
079,Richland,VTD 116,45079116,Richland - VTD 116,RICHLAND - VTD 116,7180608.609486,Richland,079,Mill Creek,Richland - Mill Creek,RICHLAND - MILL CREEK,7180590.345368,0.999997,1
079,Richland,VTD 114,45079114,Richland - VTD 114,RICHLAND - VTD 114,21006030.219905,Richland,079,Bluff,Richland - Bluff,RICHLAND - BLUFF,21006007.504466,0.999999,1
079,Richland,VTD 115,45079115,Richland - VTD 115,RICHLAND - VTD 115,170116989.179175,Richland,079,Hopkins,Richland - Hopkins,RICHLAND - HOPKINS,170076805.573848,0.999764,1
079,Richland,VTD 48,4507948,Richland - VTD 48,RICHLAND - VTD 48,703740.408331,Richland,079,Ward 26,Richland - Ward 26,RICHLAND - WARD 26,703738.440623,0.999997,1
079,Richland,VTD 103,45079103,Richland - VTD 103,RICHLAND - VTD 103,1905694.629866,Richland,079,Ward 17,Richland - Ward 17,RICHLAND - WARD 17,1905691.818264,0.999999,1
079,Richland,VTD 109,45079109,Richland - VTD 109,RICHLAND - VTD 109,2696115.995962,Richland,079,Ward 26,Richland - Ward 26,RICHLAND - WARD 26,2168137.832061,0.804171,1
079,Richland,VTD 109,45079109,Richland - VTD 109,RICHLAND - VTD 109,2696115.995962,Richland,079,Pennington,Richland - Pennington,RICHLAND - PENNINGTON,527977.628154,0.195829,2
079,Richland,VTD 112,45079112,Richland - VTD 112,RICHLAND - VTD 112,2464371.548443,Richland,079,Meadowfield,Richland - Meadowfield,RICHLAND - MEADOWFIELD,2336631.951994,0.948165,1
079,Richland,VTD 112,45079112,Richland - VTD 112,RICHLAND - VTD 112,2464371.548443,Richland,079,Brandon,Richland - Brandon,RICHLAND - BRANDON,94871.341267,0.038497,2
079,Richland,VTD 112,45079112,Richland - VTD 112,RICHLAND - VTD 112,2464371.548443,Richland,079,Woodlands,Richland - Woodlands,RICHLAND - WOODLANDS,32867.834429,0.013337,3
079,Richland,VTD 111,45079111,Richland - VTD 111,RICHLAND - VTD 111,3016304.176577,Richland,079,Woodlands,Richland - Woodlands,RICHLAND - WOODLANDS,2661788.754726,0.882467,1
079,Richland,VTD 111,45079111,Richland - VTD 111,RICHLAND - VTD 111,3016304.176577,Richland,079,South Beltline,Richland - South Beltline,RICHLAND - SOUTH BELTLINE,354511.837211,0.117532,2
079,Richland,VTD 108,45079108,Richland - VTD 108,RICHLAND - VTD 108,2182229.381976,Richland,079,South Beltline,Richland - South Beltline,RICHLAND - SOUTH BELTLINE,2179552.659793,0.998773,1
079,Richland,VTD 108,45079108,Richland - VTD 108,RICHLAND - VTD 108,2182229.381976,Richland,079,Woodlands,Richland - Woodlands,RICHLAND - WOODLANDS,2668.361431,0.001223,2
079,Richland,VTD 104,45079104,Richland - VTD 104,RICHLAND - VTD 104,1726046.841329,Richland,079,Ward 13,Richland - Ward 13,RICHLAND - WARD 13,1726028.304577,0.999989,1
079,Richland,VTD 107,45079107,Richland - VTD 107,RICHLAND - VTD 107,1632044.716561,Richland,079,Hampton,Richland - Hampton,RICHLAND - HAMPTON,1527226.423639,0.935775,1
079,Richland,VTD 107,45079107,Richland - VTD 107,RICHLAND - VTD 107,1632044.716561,Richland,079,South Beltline,Richland - South Beltline,RICHLAND - SOUTH BELTLINE,76412.460711,0.046820,2
079,Richland,VTD 107,45079107,Richland - VTD 107,RICHLAND - VTD 107,1632044.716561,Richland,079,Ward 11,Richland - Ward 11,RICHLAND - WARD 11,20935.679477,0.012828,3
079,Richland,VTD 107,45079107,Richland - VTD 107,RICHLAND - VTD 107,1632044.716561,Richland,079,Olympia,Richland - Olympia,RICHLAND - OLYMPIA,3593.340589,0.002202,4
079,Richland,VTD 107,45079107,Richland - VTD 107,RICHLAND - VTD 107,1632044.716561,Richland,079,Ward 13,Richland - Ward 13,RICHLAND - WARD 13,3578.883812,0.002193,5
079,Richland,VTD 105,45079105,Richland - VTD 105,RICHLAND - VTD 105,2472456.879925,Richland,079,Ward 11,Richland - Ward 11,RICHLAND - WARD 11,2346895.981815,0.949216,1
079,Richland,VTD 105,45079105,Richland - VTD 105,RICHLAND - VTD 105,2472456.879925,Richland,079,Hampton,Richland - Hampton,RICHLAND - HAMPTON,76642.698741,0.030999,2
079,Richland,VTD 105,45079105,Richland - VTD 105,RICHLAND - VTD 105,2472456.879925,Richland,079,Olympia,Richland - Olympia,RICHLAND - OLYMPIA,48918.199370,0.019785,3
079,Richland,VTD 101,45079101,Richland - VTD 101,RICHLAND - VTD 101,1116111.337428,Richland,079,Ward 12,Richland - Ward 12,RICHLAND - WARD 12,1116103.127581,0.999993,1
079,Richland,VTD 102,45079102,Richland - VTD 102,RICHLAND - VTD 102,1224525.515675,Richland,079,Ward 14,Richland - Ward 14,RICHLAND - WARD 14,1224319.940976,0.999832,1
079,Richland,VTD 100,45079100,Richland - VTD 100,RICHLAND - VTD 100,1245721.899285,Richland,079,Ward 10,Richland - Ward 10,RICHLAND - WARD 10,1245522.492342,0.999840,1
079,Richland,VTD 106,45079106,Richland - VTD 106,RICHLAND - VTD 106,29752320.908376,Richland,079,Olympia,Richland - Olympia,RICHLAND - OLYMPIA,29734280.126494,0.999394,1
079,Richland,VTD 106,45079106,Richland - VTD 106,RICHLAND - VTD 106,29752320.908376,Richland,079,Ward 5,Richland - Ward 5,RICHLAND - WARD 5,16202.736546,0.000545,2
079,Richland,VTD 96,4507996,Richland - VTD 96,RICHLAND - VTD 96,3595297.348808,Richland,079,Ward 5,Richland - Ward 5,RICHLAND - WARD 5,3595265.393853,0.999991,1
079,Richland,VTD 97,4507997,Richland - VTD 97,RICHLAND - VTD 97,1563275.479447,Richland,079,Ward 1,Richland - Ward 1,RICHLAND - WARD 1,1563261.471512,0.999991,1
079,Richland,VTD 124,45079124,Richland - VTD 124,RICHLAND - VTD 124,119531957.160870,Richland,079,Garners,Richland - Garners,RICHLAND - GARNERS,119531894.072686,0.999999,1
079,Richland,VTD 41,4507941,Richland - VTD 41,RICHLAND - VTD 41,91378294.583856,Richland,079,Ward 26,Richland - Ward 26,RICHLAND - WARD 26,91377931.098909,0.999996,1
079,Richland,VTD 40,4507940,Richland - VTD 40,RICHLAND - VTD 40,48812521.162869,Richland,079,Ward 26,Richland - Ward 26,RICHLAND - WARD 26,48812517.716790,1.000000,1
079,Richland,VTD 44,4507944,Richland - VTD 44,RICHLAND - VTD 44,15252110.730185,Richland,079,Ward 26,Richland - Ward 26,RICHLAND - WARD 26,15252110.730185,1.000000,1
079,Richland,VTD 46,4507946,Richland - VTD 46,RICHLAND - VTD 46,2313750.050869,Richland,079,Ward 26,Richland - Ward 26,RICHLAND - WARD 26,2313750.050869,1.000000,1
079,Richland,VTD 50,4507950,Richland - VTD 50,RICHLAND - VTD 50,716938.949090,Richland,079,Ward 26,Richland - Ward 26,RICHLAND - WARD 26,716938.949090,1.000000,1
079,Richland,VTD 49,4507949,Richland - VTD 49,RICHLAND - VTD 49,719974.883085,Richland,079,Ward 26,Richland - Ward 26,RICHLAND - WARD 26,719974.883085,1.000000,1
079,Richland,VTD 52,4507952,Richland - VTD 52,RICHLAND - VTD 52,614596.067536,Richland,079,Ward 26,Richland - Ward 26,RICHLAND - WARD 26,614596.067536,1.000000,1
079,Richland,VTD 51,4507951,Richland - VTD 51,RICHLAND - VTD 51,596934.441431,Richland,079,Ward 26,Richland - Ward 26,RICHLAND - WARD 26,596934.441431,1.000000,1
079,Richland,VTD 53,4507953,Richland - VTD 53,RICHLAND - VTD 53,1517466.806492,Richland,079,Ward 26,Richland - Ward 26,RICHLAND - WARD 26,1517466.806492,1.000000,1
079,Richland,VTD 54,4507954,Richland - VTD 54,RICHLAND - VTD 54,405055.459396,Richland,079,Ward 26,Richland - Ward 26,RICHLAND - WARD 26,405055.459396,1.000000,1
079,Richland,VTD 55,4507955,Richland - VTD 55,RICHLAND - VTD 55,1171275.862680,Richland,079,Ward 26,Richland - Ward 26,RICHLAND - WARD 26,1076664.219344,0.919223,1
079,Richland,VTD 55,4507955,Richland - VTD 55,RICHLAND - VTD 55,1171275.862680,Richland,079,Gregg Park,Richland - Gregg Park,RICHLAND - GREGG PARK,94611.643336,0.080777,2
079,Richland,VTD 43,4507943,Richland - VTD 43,RICHLAND - VTD 43,17723697.929192,Richland,079,Ward 26,Richland - Ward 26,RICHLAND - WARD 26,17723697.929192,1.000000,1
079,Richland,VTD 42,4507942,Richland - VTD 42,RICHLAND - VTD 42,19848463.883159,Richland,079,Ward 26,Richland - Ward 26,RICHLAND - WARD 26,19845947.844674,0.999873,1
079,Richland,VTD 61,4507961,Richland - VTD 61,RICHLAND - VTD 61,2243630.538343,Richland,079,Cooper,Richland - Cooper,RICHLAND - COOPER,2242944.829459,0.999694,1
079,Richland,VTD 56,4507956,Richland - VTD 56,RICHLAND - VTD 56,3788957.525267,Richland,079,Woodfield,Richland - Woodfield,RICHLAND - WOODFIELD,3788745.088526,0.999944,1
079,Richland,VTD 57,4507957,Richland - VTD 57,RICHLAND - VTD 57,5426714.790749,Richland,079,Midway,Richland - Midway,RICHLAND - MIDWAY,5316665.689770,0.979721,1
079,Richland,VTD 57,4507957,Richland - VTD 57,RICHLAND - VTD 57,5426714.790749,Richland,079,Briarwood,Richland - Briarwood,RICHLAND - BRIARWOOD,57479.170086,0.010592,2
079,Richland,VTD 57,4507957,Richland - VTD 57,RICHLAND - VTD 57,5426714.790749,Richland,079,Woodfield,Richland - Woodfield,RICHLAND - WOODFIELD,51834.451080,0.009552,3
079,Richland,VTD 60,4507960,Richland - VTD 60,RICHLAND - VTD 60,2485262.210958,Richland,079,Arcadia,Richland - Arcadia,RICHLAND - ARCADIA,2223617.843876,0.894722,1
079,Richland,VTD 60,4507960,Richland - VTD 60,RICHLAND - VTD 60,2485262.210958,Richland,079,Trenhom Road,Richland - Trenhom Road,RICHLAND - TRENHOM ROAD,261306.942712,0.105143,2
079,Richland,VTD 59,4507959,Richland - VTD 59,RICHLAND - VTD 59,1780198.328629,Richland,079,Trenhom Road,Richland - Trenhom Road,RICHLAND - TRENHOM ROAD,1744689.958401,0.980054,1
079,Richland,VTD 59,4507959,Richland - VTD 59,RICHLAND - VTD 59,1780198.328629,Richland,079,Oakwood,Richland - Oakwood,RICHLAND - OAKWOOD,35427.939477,0.019901,2
079,Richland,VTD 63,4507963,Richland - VTD 63,RICHLAND - VTD 63,1553083.140368,Richland,079,Oakwood,Richland - Oakwood,RICHLAND - OAKWOOD,1524425.377006,0.981548,1
079,Richland,VTD 63,4507963,Richland - VTD 63,RICHLAND - VTD 63,1553083.140368,Richland,079,Trenhom Road,Richland - Trenhom Road,RICHLAND - TRENHOM ROAD,28647.052462,0.018445,2
079,Richland,VTD 58,4507958,Richland - VTD 58,RICHLAND - VTD 58,5247176.271921,Richland,079,Dentsville,Richland - Dentsville,RICHLAND - DENTSVILLE,5229998.392075,0.996726,1
079,Richland,VTD 58,4507958,Richland - VTD 58,RICHLAND - VTD 58,5247176.271921,Richland,079,Fairwold,Richland - Fairwold,RICHLAND - FAIRWOLD,17002.412835,0.003240,2
079,Richland,VTD 64,4507964,Richland - VTD 64,RICHLAND - VTD 64,3639950.149934,Richland,079,Keenan,Richland - Keenan,RICHLAND - KEENAN,3624132.850549,0.995655,1
079,Richland,VTD 64,4507964,Richland - VTD 64,RICHLAND - VTD 64,3639950.149934,Richland,079,Ward 6,Richland - Ward 6,RICHLAND - WARD 6,15237.001821,0.004186,2
079,Richland,VTD 76,4507976,Richland - VTD 76,RICHLAND - VTD 76,3068890.626340,Richland,079,Edgewood,Richland - Edgewood,RICHLAND - EDGEWOOD,2183160.461844,0.711384,1
079,Richland,VTD 76,4507976,Richland - VTD 76,RICHLAND - VTD 76,3068890.626340,Richland,079,Ward 21,Richland - Ward 21,RICHLAND - WARD 21,885017.650092,0.288384,2
079,Richland,VTD 62,4507962,Richland - VTD 62,RICHLAND - VTD 62,1909987.152721,Richland,079,Satchel Ford,Richland - Satchel Ford,RICHLAND - SATCHEL FORD,1909966.109599,0.999989,1
079,Richland,VTD 79,4507979,Richland - VTD 79,RICHLAND - VTD 79,1596698.393741,Richland,079,Ward 6,Richland - Ward 6,RICHLAND - WARD 6,1560506.867378,0.977334,1
079,Richland,VTD 79,4507979,Richland - VTD 79,RICHLAND - VTD 79,1596698.393741,Richland,079,N Forest Acres,Richland - N Forest Acres,RICHLAND - N FOREST ACRES,36144.535449,0.022637,2
079,Richland,VTD 80,4507980,Richland - VTD 80,RICHLAND - VTD 80,1426716.505986,Richland,079,N Forest Acres,Richland - N Forest Acres,RICHLAND - N FOREST ACRES,1415674.083297,0.992260,1
079,Richland,VTD 80,4507980,Richland - VTD 80,RICHLAND - VTD 80,1426716.505986,Richland,079,Ward 6,Richland - Ward 6,RICHLAND - WARD 6,9686.789616,0.006790,2
079,Richland,VTD 80,4507980,Richland - VTD 80,RICHLAND - VTD 80,1426716.505986,Richland,079,S Forest Acres,Richland - S Forest Acres,RICHLAND - S FOREST ACRES,1032.319542,0.000724,3
079,Richland,VTD 81,4507981,Richland - VTD 81,RICHLAND - VTD 81,2751991.328857,Richland,079,E Forest Acres,Richland - E Forest Acres,RICHLAND - E FOREST ACRES,2680977.379507,0.974195,1
079,Richland,VTD 81,4507981,Richland - VTD 81,RICHLAND - VTD 81,2751991.328857,Richland,079,Cooper,Richland - Cooper,RICHLAND - COOPER,70887.692779,0.025759,2
079,Richland,VTD 85,4507985,Richland - VTD 85,RICHLAND - VTD 85,1210042.743682,Richland,079,Ward 24,Richland - Ward 24,RICHLAND - WARD 24,1209898.193418,0.999881,1
079,Richland,VTD 77,4507977,Richland - VTD 77,RICHLAND - VTD 77,1907179.208974,Richland,079,Ward 7,Richland - Ward 7,RICHLAND - WARD 7,1877033.438010,0.984194,1
079,Richland,VTD 77,4507977,Richland - VTD 77,RICHLAND - VTD 77,1907179.208974,Richland,079,Ward 32,Richland - Ward 32,RICHLAND - WARD 32,28454.010373,0.014919,2
079,Richland,VTD 77,4507977,Richland - VTD 77,RICHLAND - VTD 77,1907179.208974,Richland,079,Ward 19,Richland - Ward 19,RICHLAND - WARD 19,1567.568200,0.000822,3
079,Richland,VTD 82,4507982,Richland - VTD 82,RICHLAND - VTD 82,2770839.429226,Richland,079,Gregg Park,Richland - Gregg Park,RICHLAND - GREGG PARK,2674868.229581,0.965364,1
079,Richland,VTD 82,4507982,Richland - VTD 82,RICHLAND - VTD 82,2770839.429226,Richland,079,E Forest Acres,Richland - E Forest Acres,RICHLAND - E FOREST ACRES,76910.804252,0.027757,2
079,Richland,VTD 82,4507982,Richland - VTD 82,RICHLAND - VTD 82,2770839.429226,Richland,079,Ward 26,Richland - Ward 26,RICHLAND - WARD 26,16323.395008,0.005891,3
079,Richland,VTD 82,4507982,Richland - VTD 82,RICHLAND - VTD 82,2770839.429226,Richland,079,Ward 25,Richland - Ward 25,RICHLAND - WARD 25,2723.149564,0.000983,4
079,Richland,VTD 25,4507925,Richland - VTD 25,RICHLAND - VTD 25,18041523.306699,Richland,079,Estates,Richland - Estates,RICHLAND - ESTATES,15739324.158730,0.872394,1
079,Richland,VTD 25,4507925,Richland - VTD 25,RICHLAND - VTD 25,18041523.306699,Richland,079,Ridgeview,Richland - Ridgeview,RICHLAND - RIDGEVIEW,2281223.002450,0.126443,2
079,Richland,VTD 25,4507925,Richland - VTD 25,RICHLAND - VTD 25,18041523.306699,Richland,079,Parkway #2,Richland - Parkway #2,RICHLAND - PARKWAY 2,20762.749207,0.001151,3
079,Richland,VTD 31,4507931,Richland - VTD 31,RICHLAND - VTD 31,12650748.694917,Richland,079,Valley State Park,Richland - Valley State Park,RICHLAND - VALLEY STATE PARK,8290074.087661,0.655303,1
079,Richland,VTD 31,4507931,Richland - VTD 31,RICHLAND - VTD 31,12650748.694917,Richland,079,Spring Valley West,Richland - Spring Valley West,RICHLAND - SPRING VALLEY WEST,4360638.961227,0.344694,2
079,Richland,VTD 24,4507924,Richland - VTD 24,RICHLAND - VTD 24,8990195.954099,Richland,079,Parkway #1,Richland - Parkway #1,RICHLAND - PARKWAY 1,4737964.553422,0.527015,1
079,Richland,VTD 24,4507924,Richland - VTD 24,RICHLAND - VTD 24,8990195.954099,Richland,079,Parkway #2,Richland - Parkway #2,RICHLAND - PARKWAY 2,3213078.412898,0.357398,2
079,Richland,VTD 24,4507924,Richland - VTD 24,RICHLAND - VTD 24,8990195.954099,Richland,079,Ridgeview,Richland - Ridgeview,RICHLAND - RIDGEVIEW,737814.891116,0.082069,3
079,Richland,VTD 24,4507924,Richland - VTD 24,RICHLAND - VTD 24,8990195.954099,Richland,079,Estates,Richland - Estates,RICHLAND - ESTATES,301278.857263,0.033512,4
079,Richland,VTD 22,4507922,Richland - VTD 22,RICHLAND - VTD 22,23568971.354717,Richland,079,Killian,Richland - Killian,RICHLAND - KILLIAN,15799028.479752,0.670332,1
079,Richland,VTD 22,4507922,Richland - VTD 22,RICHLAND - VTD 22,23568971.354717,Richland,079,Sandlapper,Richland - Sandlapper,RICHLAND - SANDLAPPER,7769901.402153,0.329667,2
079,Richland,VTD 2,450792,Richland - VTD 2,RICHLAND - VTD 2,45390139.844071,Richland,079,Dutch Fork #1,Richland - Dutch Fork #1,RICHLAND - DUTCH FORK 1,34431129.700197,0.758560,1
079,Richland,VTD 2,450792,Richland - VTD 2,RICHLAND - VTD 2,45390139.844071,Richland,079,Dutch Fork #2,Richland - Dutch Fork #2,RICHLAND - DUTCH FORK 2,10952089.779508,0.241288,2
079,Richland,VTD 7,450797,Richland - VTD 7,RICHLAND - VTD 7,20763061.794417,Richland,079,River Springs,Richland - River Springs,RICHLAND - RIVER SPRINGS,11106122.192835,0.534898,1
079,Richland,VTD 7,450797,Richland - VTD 7,RICHLAND - VTD 7,20763061.794417,Richland,079,Oak Point,Richland - Oak Point,RICHLAND - OAK POINT,9640814.422590,0.464325,2
079,Richland,VTD 7,450797,Richland - VTD 7,RICHLAND - VTD 7,20763061.794417,Richland,079,Riverwalk,Richland - Riverwalk,RICHLAND - RIVERWALK,16122.814068,0.000777,3
079,Richland,VTD 8,450798,Richland - VTD 8,RICHLAND - VTD 8,12104306.425985,Richland,079,Riverwalk,Richland - Riverwalk,RICHLAND - RIVERWALK,8544646.294086,0.705918,1
079,Richland,VTD 8,450798,Richland - VTD 8,RICHLAND - VTD 8,12104306.425985,Richland,079,Parkridge,Richland - Parkridge,RICHLAND - PARKRIDGE,2943627.126786,0.243188,2
079,Richland,VTD 8,450798,Richland - VTD 8,RICHLAND - VTD 8,12104306.425985,Richland,079,Oak Point,Richland - Oak Point,RICHLAND - OAK POINT,335535.018907,0.027720,3
079,Richland,VTD 8,450798,Richland - VTD 8,RICHLAND - VTD 8,12104306.425985,Richland,079,Harbison #1,Richland - Harbison #1,RICHLAND - HARBISON 1,279153.709680,0.023062,4
079,Richland,VTD 6,450796,Richland - VTD 6,RICHLAND - VTD 6,3845747.973583,Richland,079,Old Friarsgate,Richland - Old Friarsgate,RICHLAND - OLD FRIARSGATE,3842445.472126,0.999141,1
079,Richland,VTD 6,450796,Richland - VTD 6,RICHLAND - VTD 6,3845747.973583,Richland,079,Parkridge,Richland - Parkridge,RICHLAND - PARKRIDGE,3011.477414,0.000783,2
079,Richland,VTD 5,450795,Richland - VTD 5,RICHLAND - VTD 5,2553152.297512,Richland,079,Friarsgate #1,Richland - Friarsgate #1,RICHLAND - FRIARSGATE 1,2553145.853230,0.999997,1
079,Richland,VTD 3,450793,Richland - VTD 3,RICHLAND - VTD 3,19535155.022397,Richland,079,Ballentine,Richland - Ballentine,RICHLAND - BALLENTINE,19445663.931105,0.995419,1
079,Richland,VTD 3,450793,Richland - VTD 3,RICHLAND - VTD 3,19535155.022397,Richland,079,Springville,Richland - Springville,RICHLAND - SPRINGVILLE,89415.166476,0.004577,2
079,Richland,VTD 20,4507920,Richland - VTD 20,RICHLAND - VTD 20,83385370.185153,Richland,079,Blythewood #2,Richland - Blythewood #2,RICHLAND - BLYTHEWOOD 2,37778341.166095,0.453057,1
079,Richland,VTD 20,4507920,Richland - VTD 20,RICHLAND - VTD 20,83385370.185153,Richland,079,Kelley Mill,Richland - Kelley Mill,RICHLAND - KELLEY MILL,31764398.402535,0.380935,2
079,Richland,VTD 20,4507920,Richland - VTD 20,RICHLAND - VTD 20,83385370.185153,Richland,079,Round Top,Richland - Round Top,RICHLAND - ROUND TOP,8479630.157211,0.101692,3
079,Richland,VTD 20,4507920,Richland - VTD 20,RICHLAND - VTD 20,83385370.185153,Richland,079,Blythewood #3,Richland - Blythewood #3,RICHLAND - BLYTHEWOOD 3,5362506.916082,0.064310,4
079,Richland,VTD 1,450791,Richland - VTD 1,RICHLAND - VTD 1,78254288.037993,Richland,079,Spring Hill,Richland - Spring Hill,RICHLAND - SPRING HILL,51154729.890763,0.653699,1
079,Richland,VTD 1,450791,Richland - VTD 1,RICHLAND - VTD 1,78254288.037993,Richland,079,Springville,Richland - Springville,RICHLAND - SPRINGVILLE,26942818.245164,0.344298,2
079,Richland,VTD 1,450791,Richland - VTD 1,RICHLAND - VTD 1,78254288.037993,Richland,079,Ballentine,Richland - Ballentine,RICHLAND - BALLENTINE,152836.205529,0.001953,3
079,Richland,VTD 83,4507983,Richland - VTD 83,RICHLAND - VTD 83,2714355.421934,Richland,079,S Forest Acres,Richland - S Forest Acres,RICHLAND - S FOREST ACRES,2704280.027505,0.996288,1
079,Richland,VTD 83,4507983,Richland - VTD 83,RICHLAND - VTD 83,2714355.421934,Richland,079,Ward 24,Richland - Ward 24,RICHLAND - WARD 24,9390.259862,0.003459,2
079,Richland,VTD 86,4507986,Richland - VTD 86,RICHLAND - VTD 86,1648105.402686,Richland,079,Ward 16,Richland - Ward 16,RICHLAND - WARD 16,1594652.757458,0.967567,1
079,Richland,VTD 86,4507986,Richland - VTD 86,RICHLAND - VTD 86,1648105.402686,Richland,079,Ward 23,Richland - Ward 23,RICHLAND - WARD 23,40376.855487,0.024499,2
079,Richland,VTD 86,4507986,Richland - VTD 86,RICHLAND - VTD 86,1648105.402686,Richland,079,Ward 24,Richland - Ward 24,RICHLAND - WARD 24,12847.998721,0.007796,3
079,Richland,VTD 84,4507984,Richland - VTD 84,RICHLAND - VTD 84,2807207.915256,Richland,079,Ward 25,Richland - Ward 25,RICHLAND - WARD 25,2574390.503943,0.917064,1
079,Richland,VTD 84,4507984,Richland - VTD 84,RICHLAND - VTD 84,2807207.915256,Richland,079,Ward 26,Richland - Ward 26,RICHLAND - WARD 26,232709.444781,0.082897,2
079,Richland,VTD 78,4507978,Richland - VTD 78,RICHLAND - VTD 78,2026003.894850,Richland,079,Ward 18,Richland - Ward 18,RICHLAND - WARD 18,2025695.519847,0.999848,1
079,Richland,VTD 88,4507988,Richland - VTD 88,RICHLAND - VTD 88,1238372.890666,Richland,079,Ward 34,Richland - Ward 34,RICHLAND - WARD 34,1238368.100115,0.999996,1
079,Richland,VTD 87,4507987,Richland - VTD 87,RICHLAND - VTD 87,951371.547652,Richland,079,Ward 15,Richland - Ward 15,RICHLAND - WARD 15,922927.545746,0.970102,1
079,Richland,VTD 87,4507987,Richland - VTD 87,RICHLAND - VTD 87,951371.547652,Richland,079,Ward 23,Richland - Ward 23,RICHLAND - WARD 23,20104.895372,0.021133,2
079,Richland,VTD 87,4507987,Richland - VTD 87,RICHLAND - VTD 87,951371.547652,Richland,079,Ward 16,Richland - Ward 16,RICHLAND - WARD 16,5613.023161,0.005900,3
079,Richland,VTD 87,4507987,Richland - VTD 87,RICHLAND - VTD 87,951371.547652,Richland,079,S Forest Acres,Richland - S Forest Acres,RICHLAND - S FOREST ACRES,2302.060178,0.002420,4
079,Richland,VTD 99,4507999,Richland - VTD 99,RICHLAND - VTD 99,864185.593229,Richland,079,Ward 23,Richland - Ward 23,RICHLAND - WARD 23,864144.939503,0.999953,1
079,Richland,VTD 98,4507998,Richland - VTD 98,RICHLAND - VTD 98,1051823.462882,Richland,079,Ward 33,Richland - Ward 33,RICHLAND - WARD 33,959113.969142,0.911858,1
079,Richland,VTD 98,4507998,Richland - VTD 98,RICHLAND - VTD 98,1051823.462882,Richland,079,Ward 9,Richland - Ward 9,RICHLAND - WARD 9,92533.302273,0.087974,2
079,Richland,VTD 89,4507989,Richland - VTD 89,RICHLAND - VTD 89,868832.607468,Richland,079,Ward 9,Richland - Ward 9,RICHLAND - WARD 9,868695.082651,0.999842,1
079,Richland,VTD 91,4507991,Richland - VTD 91,RICHLAND - VTD 91,520441.615944,Richland,079,Ward 32,Richland - Ward 32,RICHLAND - WARD 32,520439.219925,0.999995,1
079,Richland,VTD 90,4507990,Richland - VTD 90,RICHLAND - VTD 90,516473.590765,Richland,079,Ward 8,Richland - Ward 8,RICHLAND - WARD 8,414707.430123,0.802960,1
079,Richland,VTD 90,4507990,Richland - VTD 90,RICHLAND - VTD 90,516473.590765,Richland,079,Ward 32,Richland - Ward 32,RICHLAND - WARD 32,101712.094305,0.196936,2
079,Richland,VTD 75,4507975,Richland - VTD 75,RICHLAND - VTD 75,1435508.272669,Richland,079,Ward 21,Richland - Ward 21,RICHLAND - WARD 21,1433447.567821,0.998564,1
079,Richland,VTD 75,4507975,Richland - VTD 75,RICHLAND - VTD 75,1435508.272669,Richland,079,Fairwold,Richland - Fairwold,RICHLAND - FAIRWOLD,2060.704848,0.001436,2
079,Richland,VTD 65,4507965,Richland - VTD 65,RICHLAND - VTD 65,1505609.120429,Richland,079,Fairwold,Richland - Fairwold,RICHLAND - FAIRWOLD,1504042.656523,0.998960,1
079,Richland,VTD 65,4507965,Richland - VTD 65,RICHLAND - VTD 65,1505609.120429,Richland,079,Greenview,Richland - Greenview,RICHLAND - GREENVIEW,1558.944437,0.001035,2
079,Richland,VTD 66,4507966,Richland - VTD 66,RICHLAND - VTD 66,2032037.796052,Richland,079,Greenview,Richland - Greenview,RICHLAND - GREENVIEW,2031731.951429,0.999849,1
079,Richland,VTD 37,4507937,Richland - VTD 37,RICHLAND - VTD 37,5200369.004665,Richland,079,Briarwood,Richland - Briarwood,RICHLAND - BRIARWOOD,4975499.229278,0.956759,1
079,Richland,VTD 37,4507937,Richland - VTD 37,RICHLAND - VTD 37,5200369.004665,Richland,079,Midway,Richland - Midway,RICHLAND - MIDWAY,164375.660093,0.031608,2
079,Richland,VTD 37,4507937,Richland - VTD 37,RICHLAND - VTD 37,5200369.004665,Richland,079,Polo Road,Richland - Polo Road,RICHLAND - POLO ROAD,39032.064346,0.007506,3
079,Richland,VTD 37,4507937,Richland - VTD 37,RICHLAND - VTD 37,5200369.004665,Richland,079,Keels,Richland - Keels,RICHLAND - KEELS,21462.050949,0.004127,4
079,Richland,VTD 38,4507938,Richland - VTD 38,RICHLAND - VTD 38,13983474.439616,Richland,079,Polo Road,Richland - Polo Road,RICHLAND - POLO ROAD,13913618.890694,0.995004,1
079,Richland,VTD 38,4507938,Richland - VTD 38,RICHLAND - VTD 38,13983474.439616,Richland,079,Wildewood,Richland - Wildewood,RICHLAND - WILDEWOOD,65391.053070,0.004676,2
079,Richland,VTD 36,4507936,Richland - VTD 36,RICHLAND - VTD 36,9304659.557842,Richland,079,Keels,Richland - Keels,RICHLAND - KEELS,9298270.209118,0.999313,1
079,Richland,VTD 35,4507935,Richland - VTD 35,RICHLAND - VTD 35,10392369.229673,Richland,079,Meadowlake,Richland - Meadowlake,RICHLAND - MEADOWLAKE,10326084.295323,0.993622,1
079,Richland,VTD 35,4507935,Richland - VTD 35,RICHLAND - VTD 35,10392369.229673,Richland,079,Fairlawn,Richland - Fairlawn,RICHLAND - FAIRLAWN,66195.823378,0.006370,2
079,Richland,VTD 74,4507974,Richland - VTD 74,RICHLAND - VTD 74,1570065.252593,Richland,079,Ward 31,Richland - Ward 31,RICHLAND - WARD 31,1363449.297123,0.868403,1
079,Richland,VTD 74,4507974,Richland - VTD 74,RICHLAND - VTD 74,1570065.252593,Richland,079,Ward 21,Richland - Ward 21,RICHLAND - WARD 21,205719.543310,0.131026,2
079,Richland,VTD 74,4507974,Richland - VTD 74,RICHLAND - VTD 74,1570065.252593,Richland,079,Ward 20,Richland - Ward 20,RICHLAND - WARD 20,841.846824,0.000536,3
079,Richland,VTD 95,4507995,Richland - VTD 95,RICHLAND - VTD 95,2088005.707597,Richland,079,Ward 2,Richland - Ward 2,RICHLAND - WARD 2,2087983.705625,0.999989,1
079,Richland,VTD 15,4507915,Richland - VTD 15,RICHLAND - VTD 15,2198225.680666,Richland,079,Westminster,Richland - Westminster,RICHLAND - WESTMINSTER,2149839.673799,0.977989,1
079,Richland,VTD 15,4507915,Richland - VTD 15,RICHLAND - VTD 15,2198225.680666,Richland,079,Riverside,Richland - Riverside,RICHLAND - RIVERSIDE,48385.264107,0.022011,2
079,Richland,VTD 16,4507916,Richland - VTD 16,RICHLAND - VTD 16,1300371.110178,Richland,079,Riverside,Richland - Riverside,RICHLAND - RIVERSIDE,1242105.828004,0.955193,1
079,Richland,VTD 16,4507916,Richland - VTD 16,RICHLAND - VTD 16,1300371.110178,Richland,079,Skyland,Richland - Skyland,RICHLAND - SKYLAND,36446.522297,0.028028,2
079,Richland,VTD 16,4507916,Richland - VTD 16,RICHLAND - VTD 16,1300371.110178,Richland,079,Westminster,Richland - Westminster,RICHLAND - WESTMINSTER,21817.745693,0.016778,3
079,Richland,VTD 29,4507929,Richland - VTD 29,RICHLAND - VTD 29,6382938.729315,Richland,079,North Springs #1,Richland - North Springs #1,RICHLAND - NORTH SPRINGS 1,5529104.936212,0.866232,1
079,Richland,VTD 29,4507929,Richland - VTD 29,RICHLAND - VTD 29,6382938.729315,Richland,079,North springs #2,Richland - North springs #2,RICHLAND - NORTH SPRINGS 2,848800.833687,0.132980,2
079,Richland,VTD 29,4507929,Richland - VTD 29,RICHLAND - VTD 29,6382938.729315,Richland,079,Spring Valley West,Richland - Spring Valley West,RICHLAND - SPRING VALLEY WEST,5027.258417,0.000788,3
079,Richland,VTD 11,4507911,Richland - VTD 11,RICHLAND - VTD 11,2519146.019635,Richland,079,Pine Grove,Richland - Pine Grove,RICHLAND - PINE GROVE,1511519.756018,0.600013,1
079,Richland,VTD 11,4507911,Richland - VTD 11,RICHLAND - VTD 11,2519146.019635,Richland,079,Beatty Road,Richland - Beatty Road,RICHLAND - BEATTY ROAD,1007523.888613,0.399947,2
079,Richland,VTD 10,4507910,Richland - VTD 10,RICHLAND - VTD 10,13560649.996291,Richland,079,Walden,Richland - Walden,RICHLAND - WALDEN,9561763.514654,0.705111,1
079,Richland,VTD 10,4507910,Richland - VTD 10,RICHLAND - VTD 10,13560649.996291,Richland,079,Kingswood,Richland - Kingswood,RICHLAND - KINGSWOOD,1893141.223129,0.139605,2
079,Richland,VTD 10,4507910,Richland - VTD 10,RICHLAND - VTD 10,13560649.996291,Richland,079,Pine Grove,Richland - Pine Grove,RICHLAND - PINE GROVE,1080726.855294,0.079696,3
079,Richland,VTD 10,4507910,Richland - VTD 10,RICHLAND - VTD 10,13560649.996291,Richland,079,Harbison #2,Richland - Harbison #2,RICHLAND - HARBISON 2,757661.589305,0.055872,4
079,Richland,VTD 10,4507910,Richland - VTD 10,RICHLAND - VTD 10,13560649.996291,Richland,079,Harbison #1,Richland - Harbison #1,RICHLAND - HARBISON 1,267353.216114,0.019715,5
079,Richland,VTD 4,450794,Richland - VTD 4,RICHLAND - VTD 4,2393437.110498,Richland,079,Friarsgate #2,Richland - Friarsgate #2,RICHLAND - FRIARSGATE 2,2393376.783786,0.999975,1
079,Richland,VTD 17,4507917,Richland - VTD 17,RICHLAND - VTD 17,1864909.630251,Richland,079,Skyland,Richland - Skyland,RICHLAND - SKYLAND,1860968.276019,0.997887,1
079,Richland,VTD 17,4507917,Richland - VTD 17,RICHLAND - VTD 17,1864909.630251,Richland,079,St. Andrews,Richland - St. Andrews,RICHLAND - ST. ANDREWS,3935.666039,0.002110,2
079,Richland,VTD 67,4507967,Richland - VTD 67,RICHLAND - VTD 67,2989907.246242,Richland,079,College Place,Richland - College Place,RICHLAND - COLLEGE PLACE,2989433.584643,0.999842,1
079,Richland,VTD 13,4507913,Richland - VTD 13,RICHLAND - VTD 13,6232034.963577,Richland,079,St. Andrews,Richland - St. Andrews,RICHLAND - ST. ANDREWS,6155997.691131,0.987799,1
079,Richland,VTD 94,4507994,Richland - VTD 94,RICHLAND - VTD 94,2754495.729006,Richland,079,Ward 30,Richland - Ward 30,RICHLAND - WARD 30,2606029.681152,0.946100,1
079,Richland,VTD 94,4507994,Richland - VTD 94,RICHLAND - VTD 94,2754495.729006,Richland,079,Ward 3,Richland - Ward 3,RICHLAND - WARD 3,3217.374323,0.001168,2
079,Richland,VTD 92,4507992,Richland - VTD 92,RICHLAND - VTD 92,4103667.967399,Richland,079,Ward 4,Richland - Ward 4,RICHLAND - WARD 4,3409190.174475,0.830767,1
079,Richland,VTD 92,4507992,Richland - VTD 92,RICHLAND - VTD 92,4103667.967399,Richland,079,Ward 3,Richland - Ward 3,RICHLAND - WARD 3,671152.190359,0.163549,2
079,Richland,VTD 92,4507992,Richland - VTD 92,RICHLAND - VTD 92,4103667.967399,Richland,079,Ward 7,Richland - Ward 7,RICHLAND - WARD 7,23280.202961,0.005673,3
079,Richland,VTD 93,4507993,Richland - VTD 93,RICHLAND - VTD 93,2269885.669308,Richland,079,Ward 3,Richland - Ward 3,RICHLAND - WARD 3,2067185.720452,0.910700,1
079,Richland,VTD 93,4507993,Richland - VTD 93,RICHLAND - VTD 93,2269885.669308,Richland,079,Skyland,Richland - Skyland,RICHLAND - SKYLAND,201366.427524,0.088712,2
079,Richland,VTD 93,4507993,Richland - VTD 93,RICHLAND - VTD 93,2269885.669308,Richland,079,Ward 4,Richland - Ward 4,RICHLAND - WARD 4,1329.874163,0.000586,3
079,Richland,VTD 73,4507973,Richland - VTD 73,RICHLAND - VTD 73,1592075.470776,Richland,079,Ward 19,Richland - Ward 19,RICHLAND - WARD 19,1590016.967012,0.998707,1
079,Richland,VTD 73,4507973,Richland - VTD 73,RICHLAND - VTD 73,1592075.470776,Richland,079,Ward 4,Richland - Ward 4,RICHLAND - WARD 4,2049.315897,0.001287,2
079,Richland,VTD 72,4507972,Richland - VTD 72,RICHLAND - VTD 72,2487671.667689,Richland,079,Ward 20,Richland - Ward 20,RICHLAND - WARD 20,2477859.511399,0.996056,1
079,Richland,VTD 72,4507972,Richland - VTD 72,RICHLAND - VTD 72,2487671.667689,Richland,079,Ardincaple,Richland - Ardincaple,RICHLAND - ARDINCAPLE,6506.612612,0.002616,2
079,Richland,VTD 72,4507972,Richland - VTD 72,RICHLAND - VTD 72,2487671.667689,Richland,079,Ward 4,Richland - Ward 4,RICHLAND - WARD 4,2096.190865,0.000843,3
079,Richland,VTD 71,4507971,Richland - VTD 71,RICHLAND - VTD 71,1151824.449269,Richland,079,Ardincaple,Richland - Ardincaple,RICHLAND - ARDINCAPLE,1146166.144287,0.995088,1
079,Richland,VTD 71,4507971,Richland - VTD 71,RICHLAND - VTD 71,1151824.449269,Richland,079,Ward 22,Richland - Ward 22,RICHLAND - WARD 22,5358.016392,0.004652,2
079,Richland,VTD 70,4507970,Richland - VTD 70,RICHLAND - VTD 70,3615035.737327,Richland,079,Ward 22,Richland - Ward 22,RICHLAND - WARD 22,3559503.457937,0.984639,1
079,Richland,VTD 70,4507970,Richland - VTD 70,RICHLAND - VTD 70,3615035.737327,Richland,079,Ardincaple,Richland - Ardincaple,RICHLAND - ARDINCAPLE,55529.255716,0.015361,2
079,Richland,VTD 69,4507969,Richland - VTD 69,RICHLAND - VTD 69,2230866.420339,Richland,079,Ridgewood,Richland - Ridgewood,RICHLAND - RIDGEWOOD,2195377.392103,0.984092,1
079,Richland,VTD 69,4507969,Richland - VTD 69,RICHLAND - VTD 69,2230866.420339,Richland,079,Ward 29,Richland - Ward 29,RICHLAND - WARD 29,22292.318839,0.009993,2
079,Richland,VTD 69,4507969,Richland - VTD 69,RICHLAND - VTD 69,2230866.420339,Richland,079,Ward 22,Richland - Ward 22,RICHLAND - WARD 22,13196.709397,0.005916,3
079,Richland,VTD 68,4507968,Richland - VTD 68,RICHLAND - VTD 68,2873508.531692,Richland,079,Ward 29,Richland - Ward 29,RICHLAND - WARD 29,2765677.869956,0.962474,1
079,Richland,VTD 68,4507968,Richland - VTD 68,RICHLAND - VTD 68,2873508.531692,Richland,079,Dennyside,Richland - Dennyside,RICHLAND - DENNYSIDE,85015.083760,0.029586,2
079,Richland,VTD 68,4507968,Richland - VTD 68,RICHLAND - VTD 68,2873508.531692,Richland,079,Ridgewood,Richland - Ridgewood,RICHLAND - RIDGEWOOD,22572.484946,0.007855,3
079,Richland,VTD 34,4507934,Richland - VTD 34,RICHLAND - VTD 34,4080982.377878,Richland,079,Dennyside,Richland - Dennyside,RICHLAND - DENNYSIDE,4055675.722376,0.993799,1
079,Richland,VTD 34,4507934,Richland - VTD 34,RICHLAND - VTD 34,4080982.377878,Richland,079,Licolnshire,Richland - Licolnshire,RICHLAND - LICOLNSHIRE,24565.073783,0.006019,2
079,Richland,VTD 12,4507912,Richland - VTD 12,RICHLAND - VTD 12,3176719.678571,Richland,079,Kingswood,Richland - Kingswood,RICHLAND - KINGSWOOD,3176650.502274,0.999978,1
079,Richland,VTD 14,4507914,Richland - VTD 14,RICHLAND - VTD 14,1663253.109788,Richland,079,Whitewell,Richland - Whitewell,RICHLAND - WHITEWELL,1662593.385358,0.999603,1
079,Richland,VTD 28,4507928,Richland - VTD 28,RICHLAND - VTD 28,4821373.563712,Richland,079,North springs #2,Richland - North springs #2,RICHLAND - NORTH SPRINGS 2,4664439.494290,0.967450,1
079,Richland,VTD 28,4507928,Richland - VTD 28,RICHLAND - VTD 28,4821373.563712,Richland,079,North Springs #1,Richland - North Springs #1,RICHLAND - NORTH SPRINGS 1,94244.161905,0.019547,2
079,Richland,VTD 28,4507928,Richland - VTD 28,RICHLAND - VTD 28,4821373.563712,Richland,079,Estates,Richland - Estates,RICHLAND - ESTATES,60363.067673,0.012520,3
079,Richland,VTD 39,4507939,Richland - VTD 39,RICHLAND - VTD 39,5921391.165754,Richland,079,Wildewood,Richland - Wildewood,RICHLAND - WILDEWOOD,5836127.580328,0.985601,1
079,Richland,VTD 39,4507939,Richland - VTD 39,RICHLAND - VTD 39,5921391.165754,Richland,079,Polo Road,Richland - Polo Road,RICHLAND - POLO ROAD,47297.854530,0.007988,2
079,Richland,VTD 39,4507939,Richland - VTD 39,RICHLAND - VTD 39,5921391.165754,Richland,079,Valhalla,Richland - Valhalla,RICHLAND - VALHALLA,37780.186077,0.006380,3
079,Richland,VTD 9,450799,Richland - VTD 9,RICHLAND - VTD 9,11876530.916460,Richland,079,Harbison #2,Richland - Harbison #2,RICHLAND - HARBISON 2,8958811.085879,0.754329,1
079,Richland,VTD 9,450799,Richland - VTD 9,RICHLAND - VTD 9,11876530.916460,Richland,079,Harbison #1,Richland - Harbison #1,RICHLAND - HARBISON 1,2878134.503516,0.242338,2
079,Richland,VTD 9,450799,Richland - VTD 9,RICHLAND - VTD 9,11876530.916460,Richland,079,Parkridge,Richland - Parkridge,RICHLAND - PARKRIDGE,39577.854005,0.003332,3
079,Richland,VTD 27,4507927,Richland - VTD 27,RICHLAND - VTD 27,5020395.607594,Richland,079,Valhalla,Richland - Valhalla,RICHLAND - VALHALLA,5020390.595896,0.999999,1
079,Richland,VTD 26,4507926,Richland - VTD 26,RICHLAND - VTD 26,64593669.347222,Richland,079,Pontiac,Richland - Pontiac,RICHLAND - PONTIAC,64586329.052119,0.999886,1
079,Richland,VTD 21,4507921,Richland - VTD 21,RICHLAND - VTD 21,32882857.699322,Richland,079,Longcreek,Richland - Longcreek,RICHLAND - LONGCREEK,13952529.148497,0.424310,1
079,Richland,VTD 21,4507921,Richland - VTD 21,RICHLAND - VTD 21,32882857.699322,Richland,079,Lake Carolina,Richland - Lake Carolina,RICHLAND - LAKE CAROLINA,9560117.662142,0.290733,2
079,Richland,VTD 21,4507921,Richland - VTD 21,RICHLAND - VTD 21,32882857.699322,Richland,079,Round Top,Richland - Round Top,RICHLAND - ROUND TOP,4997140.531347,0.151968,3
079,Richland,VTD 21,4507921,Richland - VTD 21,RICHLAND - VTD 21,32882857.699322,Richland,079,Kelley Mill,Richland - Kelley Mill,RICHLAND - KELLEY MILL,3879754.851385,0.117987,4
079,Richland,VTD 21,4507921,Richland - VTD 21,RICHLAND - VTD 21,32882857.699322,Richland,079,Sandlapper,Richland - Sandlapper,RICHLAND - SANDLAPPER,381988.978562,0.011617,5
079,Richland,VTD 21,4507921,Richland - VTD 21,RICHLAND - VTD 21,32882857.699322,Richland,079,Ridgeview,Richland - Ridgeview,RICHLAND - RIDGEVIEW,80552.314786,0.002450,6
079,Richland,VTD 21,4507921,Richland - VTD 21,RICHLAND - VTD 21,32882857.699322,Richland,079,Estates,Richland - Estates,RICHLAND - ESTATES,29335.563457,0.000892,7
079,Richland,VTD 23,4507923,Richland - VTD 23,RICHLAND - VTD 23,10474934.565850,Richland,079,Rice Creek,Richland - Rice Creek,RICHLAND - RICE CREEK,6948371.253345,0.663333,1
079,Richland,VTD 23,4507923,Richland - VTD 23,RICHLAND - VTD 23,10474934.565850,Richland,079,Ridgeview,Richland - Ridgeview,RICHLAND - RIDGEVIEW,3324488.666479,0.317376,2
079,Richland,VTD 23,4507923,Richland - VTD 23,RICHLAND - VTD 23,10474934.565850,Richland,079,Parkway #1,Richland - Parkway #1,RICHLAND - PARKWAY 1,200236.578754,0.019116,3
079,Richland,VTD 30,4507930,Richland - VTD 30,RICHLAND - VTD 30,5769209.796049,Richland,079,Spring Valley,Richland - Spring Valley,RICHLAND - SPRING VALLEY,5769045.788112,0.999972,1
079,Richland,VTD 32,4507932,Richland - VTD 32,RICHLAND - VTD 32,34990752.460328,Richland,079,Fairlawn,Richland - Fairlawn,RICHLAND - FAIRLAWN,33497115.385128,0.957313,1
079,Richland,VTD 32,4507932,Richland - VTD 32,RICHLAND - VTD 32,34990752.460328,Richland,079,Spring Valley West,Richland - Spring Valley West,RICHLAND - SPRING VALLEY WEST,1484897.938783,0.042437,2
079,Richland,VTD 33,4507933,Richland - VTD 33,RICHLAND - VTD 33,17708301.056868,Richland,079,Licolnshire,Richland - Licolnshire,RICHLAND - LICOLNSHIRE,17659089.306854,0.997221,1
079,Richland,VTD 33,4507933,Richland - VTD 33,RICHLAND - VTD 33,17708301.056868,Richland,079,Dennyside,Richland - Dennyside,RICHLAND - DENNYSIDE,49076.495657,0.002771,2
079,Richland,VTD 19,4507919,Richland - VTD 19,RICHLAND - VTD 19,66377011.707277,Richland,079,Blythewood #1,Richland - Blythewood #1,RICHLAND - BLYTHEWOOD 1,35385685.454952,0.533102,1
079,Richland,VTD 19,4507919,Richland - VTD 19,RICHLAND - VTD 19,66377011.707277,Richland,079,Blythewood #3,Richland - Blythewood #3,RICHLAND - BLYTHEWOOD 3,30699438.323154,0.462501,2
079,Richland,VTD 19,4507919,Richland - VTD 19,RICHLAND - VTD 19,66377011.707277,Richland,079,Killian,Richland - Killian,RICHLAND - KILLIAN,291826.884850,0.004397,3
079,Richland,VTD 18,4507918,Richland - VTD 18,RICHLAND - VTD 18,134991509.090026,Richland,079,Monticello,Richland - Monticello,RICHLAND - MONTICELLO,134902197.511478,0.999338,1
079,Richland,VTD 18,4507918,Richland - VTD 18,RICHLAND - VTD 18,134991509.090026,Richland,079,Walden,Richland - Walden,RICHLAND - WALDEN,69438.973261,0.000514,2
081,Saluda,VTD 1,450811,Saluda - VTD 1,SALUDA - VTD 1,52510397.669253,Saluda,081,Centennial,Saluda - Centennial,SALUDA - CENTENNIAL,52510388.645642,1.000000,1
081,Saluda,VTD 7,450817,Saluda - VTD 7,SALUDA - VTD 7,47054853.206085,Saluda,081,Mayson,Saluda - Mayson,SALUDA - MAYSON,47051956.145135,0.999938,1
081,Saluda,VTD 8,450818,Saluda - VTD 8,SALUDA - VTD 8,43772095.103450,Saluda,081,Mayson,Saluda - Mayson,SALUDA - MAYSON,43764572.849362,0.999828,1
081,Saluda,VTD 9,450819,Saluda - VTD 9,SALUDA - VTD 9,37261237.641584,Saluda,081,Fruit Hill,Saluda - Fruit Hill,SALUDA - FRUIT HILL,37214835.652752,0.998755,1
081,Saluda,VTD 9,450819,Saluda - VTD 9,SALUDA - VTD 9,37261237.641584,Saluda,081,Mayson,Saluda - Mayson,SALUDA - MAYSON,46401.988832,0.001245,2
081,Saluda,VTD 3,450813,Saluda - VTD 3,SALUDA - VTD 3,58691135.856150,Saluda,081,Higgins/Zoar,Saluda - Higgins/Zoar,SALUDA - HIGGINSZOAR,58690691.106351,0.999992,1
081,Saluda,VTD 4,450814,Saluda - VTD 4,SALUDA - VTD 4,83433646.256230,Saluda,081,Hollywood,Saluda - Hollywood,SALUDA - HOLLYWOOD,83322898.639430,0.998673,1
081,Saluda,VTD 4,450814,Saluda - VTD 4,SALUDA - VTD 4,83433646.256230,Saluda,081,Pleasant Grove,Saluda - Pleasant Grove,SALUDA - PLEASANT GROVE,110496.781338,0.001324,2
081,Saluda,VTD 2,450812,Saluda - VTD 2,SALUDA - VTD 2,62526586.229283,Saluda,081,Centennial,Saluda - Centennial,SALUDA - CENTENNIAL,62526581.186273,1.000000,1
081,Saluda,VTD 6,450816,Saluda - VTD 6,SALUDA - VTD 6,49256221.008220,Saluda,081,Hollywood,Saluda - Hollywood,SALUDA - HOLLYWOOD,49175079.351105,0.998353,1
081,Saluda,VTD 6,450816,Saluda - VTD 6,SALUDA - VTD 6,49256221.008220,Saluda,081,Pleasant Grove,Saluda - Pleasant Grove,SALUDA - PLEASANT GROVE,81132.582812,0.001647,2
081,Saluda,VTD 11,4508111,Saluda - VTD 11,SALUDA - VTD 11,22023080.790341,Saluda,081,Saluda No. 1,Saluda - Saluda No. 1,SALUDA - SALUDA NO. 1,22021547.620558,0.999930,1
081,Saluda,VTD 10,4508110,Saluda - VTD 10,SALUDA - VTD 10,23877724.554633,Saluda,081,Saluda No. 2,Saluda - Saluda No. 2,SALUDA - SALUDA NO. 2,23523935.208924,0.985183,1
081,Saluda,VTD 10,4508110,Saluda - VTD 10,SALUDA - VTD 10,23877724.554633,Saluda,081,Fruit Hill,Saluda - Fruit Hill,SALUDA - FRUIT HILL,353778.238130,0.014816,2
081,Saluda,VTD 19,4508119,Saluda - VTD 19,SALUDA - VTD 19,21440584.474831,Saluda,081,Saluda No. 2,Saluda - Saluda No. 2,SALUDA - SALUDA NO. 2,21440577.174334,1.000000,1
081,Saluda,VTD 20,4508120,Saluda - VTD 20,SALUDA - VTD 20,41023398.956578,Saluda,081,Saluda No. 1,Saluda - Saluda No. 1,SALUDA - SALUDA NO. 1,34833502.901324,0.849113,1
081,Saluda,VTD 20,4508120,Saluda - VTD 20,SALUDA - VTD 20,41023398.956578,Saluda,081,Richland,Saluda - Richland,SALUDA - RICHLAND,3166869.162324,0.077197,2
081,Saluda,VTD 20,4508120,Saluda - VTD 20,SALUDA - VTD 20,41023398.956578,Saluda,081,Ward,Saluda - Ward,SALUDA - WARD,3023020.229713,0.073690,3
081,Saluda,VTD 12,4508112,Saluda - VTD 12,SALUDA - VTD 12,20843705.333090,Saluda,081,Mt. Willing,Saluda - Mt. Willing,SALUDA - MT. WILLING,20837854.989005,0.999719,1
081,Saluda,VTD 21,4508121,Saluda - VTD 21,SALUDA - VTD 21,35855020.901314,Saluda,081,Richland,Saluda - Richland,SALUDA - RICHLAND,35855018.691355,1.000000,1
081,Saluda,VTD 22,4508122,Saluda - VTD 22,SALUDA - VTD 22,38169426.080070,Saluda,081,Clyde,Saluda - Clyde,SALUDA - CLYDE,31758200.288400,0.832032,1
081,Saluda,VTD 22,4508122,Saluda - VTD 22,SALUDA - VTD 22,38169426.080070,Saluda,081,Richland,Saluda - Richland,SALUDA - RICHLAND,6411222.727134,0.167967,2
081,Saluda,VTD 23,4508123,Saluda - VTD 23,SALUDA - VTD 23,31616777.462651,Saluda,081,Holstons,Saluda - Holstons,SALUDA - HOLSTONS,31616611.878236,0.999995,1
081,Saluda,VTD 17,4508117,Saluda - VTD 17,SALUDA - VTD 17,43838014.709582,Saluda,081,Delmar,Saluda - Delmar,SALUDA - DELMAR,42078177.811409,0.959856,1
081,Saluda,VTD 17,4508117,Saluda - VTD 17,SALUDA - VTD 17,43838014.709582,Saluda,081,Holstons,Saluda - Holstons,SALUDA - HOLSTONS,1744098.560716,0.039785,2
081,Saluda,VTD 14,4508114,Saluda - VTD 14,SALUDA - VTD 14,25278148.640542,Saluda,081,Holly,Saluda - Holly,SALUDA - HOLLY,25277913.511617,0.999991,1
081,Saluda,VTD 13,4508113,Saluda - VTD 13,SALUDA - VTD 13,44948284.213587,Saluda,081,Pleasant Grove,Saluda - Pleasant Grove,SALUDA - PLEASANT GROVE,44626182.319247,0.992834,1
081,Saluda,VTD 13,4508113,Saluda - VTD 13,SALUDA - VTD 13,44948284.213587,Saluda,081,Hollywood,Saluda - Hollywood,SALUDA - HOLLYWOOD,221783.732993,0.004934,2
081,Saluda,VTD 13,4508113,Saluda - VTD 13,SALUDA - VTD 13,44948284.213587,Saluda,081,Sardis,Saluda - Sardis,SALUDA - SARDIS,84860.951828,0.001888,3
081,Saluda,VTD 16,4508116,Saluda - VTD 16,SALUDA - VTD 16,30657031.681687,Saluda,081,Sardis,Saluda - Sardis,SALUDA - SARDIS,30619300.381305,0.998769,1
081,Saluda,VTD 16,4508116,Saluda - VTD 16,SALUDA - VTD 16,30657031.681687,Saluda,081,Delmar,Saluda - Delmar,SALUDA - DELMAR,37729.322273,0.001231,2
081,Saluda,VTD 15,4508115,Saluda - VTD 15,SALUDA - VTD 15,31971872.161343,Saluda,081,Sardis,Saluda - Sardis,SALUDA - SARDIS,31966525.344645,0.999833,1
081,Saluda,VTD 18,4508118,Saluda - VTD 18,SALUDA - VTD 18,45222324.512268,Saluda,081,Fruit Hill,Saluda - Fruit Hill,SALUDA - FRUIT HILL,45222318.260707,1.000000,1
081,Saluda,VTD 24,4508124,Saluda - VTD 24,SALUDA - VTD 24,35266369.227139,Saluda,081,Pleasant Cross,Saluda - Pleasant Cross,SALUDA - PLEASANT CROSS,32290406.464420,0.915615,1
081,Saluda,VTD 24,4508124,Saluda - VTD 24,SALUDA - VTD 24,35266369.227139,Saluda,081,Ward,Saluda - Ward,SALUDA - WARD,2975962.446410,0.084385,2
081,Saluda,VTD 27,4508127,Saluda - VTD 27,SALUDA - VTD 27,28990685.595425,Saluda,081,Ward,Saluda - Ward,SALUDA - WARD,28990685.595425,1.000000,1
081,Saluda,VTD 29,4508129,Saluda - VTD 29,SALUDA - VTD 29,31534154.616301,Saluda,081,Ridge Spring/Monetta,Saluda - Ridge Spring/Monetta,SALUDA - RIDGE SPRINGMONETTA,31480572.675992,0.998301,1
081,Saluda,VTD 29,4508129,Saluda - VTD 29,SALUDA - VTD 29,31534154.616301,Saluda,081,Ward,Saluda - Ward,SALUDA - WARD,53575.131095,0.001699,2
081,Saluda,VTD 30,4508130,Saluda - VTD 30,SALUDA - VTD 30,42907570.705914,Saluda,081,Ridge Spring/Monetta,Saluda - Ridge Spring/Monetta,SALUDA - RIDGE SPRINGMONETTA,36964584.478408,0.861493,1
081,Saluda,VTD 30,4508130,Saluda - VTD 30,SALUDA - VTD 30,42907570.705914,Saluda,081,Holstons,Saluda - Holstons,SALUDA - HOLSTONS,5939837.957830,0.138433,2
081,Saluda,VTD 25,4508125,Saluda - VTD 25,SALUDA - VTD 25,34256215.669998,Saluda,081,Richland,Saluda - Richland,SALUDA - RICHLAND,34256215.039174,1.000000,1
081,Saluda,VTD 5,450815,Saluda - VTD 5,SALUDA - VTD 5,59679290.975966,Saluda,081,Higgins/Zoar,Saluda - Higgins/Zoar,SALUDA - HIGGINSZOAR,57276776.754431,0.959743,1
081,Saluda,VTD 5,450815,Saluda - VTD 5,SALUDA - VTD 5,59679290.975966,Saluda,081,Centennial,Saluda - Centennial,SALUDA - CENTENNIAL,2402506.046528,0.040257,2
081,Saluda,VTD 28,4508128,Saluda - VTD 28,SALUDA - VTD 28,32046116.882271,Saluda,081,Ward,Saluda - Ward,SALUDA - WARD,32046115.416048,1.000000,1
081,Saluda,VTD 26,4508126,Saluda - VTD 26,SALUDA - VTD 26,40142425.512162,Saluda,081,Holstons,Saluda - Holstons,SALUDA - HOLSTONS,38015748.726509,0.947022,1
081,Saluda,VTD 26,4508126,Saluda - VTD 26,SALUDA - VTD 26,40142425.512162,Saluda,081,Ridge Spring/Monetta,Saluda - Ridge Spring/Monetta,SALUDA - RIDGE SPRINGMONETTA,2101495.320441,0.052351,2
083,Spartanburg,VTD 59,4508359,Spartanburg - VTD 59,SPARTANBURG - VTD 59,67944035.809774,Spartanburg,083,Cross Anchor Fire Station,Spartanburg - Cross Anchor Fire Station,SPARTANBURG - CROSS ANCHOR FIRE STATION,67943881.153828,0.999998,1
083,Spartanburg,VTD 89,4508389,Spartanburg - VTD 89,SPARTANBURG - VTD 89,76354979.893745,Spartanburg,083,Enoree First Baptist,Spartanburg - Enoree First Baptist,SPARTANBURG - ENOREE FIRST BAPTIST,76354975.387687,1.000000,1
083,Spartanburg,VTD 87,4508387,Spartanburg - VTD 87,SPARTANBURG - VTD 87,74976691.460446,Spartanburg,083,Mt. Calvary Presbyterian,Spartanburg - Mt. Calvary Presbyterian,SPARTANBURG - MT. CALVARY PRESBYTERIAN,74976045.113482,0.999991,1
083,Spartanburg,VTD 86,4508386,Spartanburg - VTD 86,SPARTANBURG - VTD 86,60674886.984176,Spartanburg,083,Cavins Hobbysville,Spartanburg - Cavins Hobbysville,SPARTANBURG - CAVINS HOBBYSVILLE,59497052.782173,0.980588,1
083,Spartanburg,VTD 86,4508386,Spartanburg - VTD 86,SPARTANBURG - VTD 86,60674886.984176,Spartanburg,083,Woodruff Armory Drive Fire Stations,Spartanburg - Woodruff Armory Drive Fire Stations,SPARTANBURG - WOODRUFF ARMORY DRIVE FIRE STATIONS,1177834.084657,0.019412,2
083,Spartanburg,VTD 88,4508388,Spartanburg - VTD 88,SPARTANBURG - VTD 88,37431361.312595,Spartanburg,083,Woodruff Town Hall,Spartanburg - Woodruff Town Hall,SPARTANBURG - WOODRUFF TOWN HALL,37431361.134664,1.000000,1
083,Spartanburg,VTD 85,4508385,Spartanburg - VTD 85,SPARTANBURG - VTD 85,14143810.965382,Spartanburg,083,Woodruff Armory Drive Fire Stations,Spartanburg - Woodruff Armory Drive Fire Stations,SPARTANBURG - WOODRUFF ARMORY DRIVE FIRE STATIONS,14143809.511827,1.000000,1
083,Spartanburg,VTD 84,4508384,Spartanburg - VTD 84,SPARTANBURG - VTD 84,18998567.797937,Spartanburg,083,Woodruff American Legion,Spartanburg - Woodruff American Legion,SPARTANBURG - WOODRUFF AMERICAN LEGION,17353386.826586,0.913405,1
083,Spartanburg,VTD 84,4508384,Spartanburg - VTD 84,SPARTANBURG - VTD 84,18998567.797937,Spartanburg,083,Woodruff Fire Station,Spartanburg - Woodruff Fire Station,SPARTANBURG - WOODRUFF FIRE STATION,1645178.725366,0.086595,2
083,Spartanburg,VTD 80,4508380,Spartanburg - VTD 80,SPARTANBURG - VTD 80,57533410.465061,Spartanburg,083,Woodruff Fire Station,Spartanburg - Woodruff Fire Station,SPARTANBURG - WOODRUFF FIRE STATION,50579913.885469,0.879140,1
083,Spartanburg,VTD 80,4508380,Spartanburg - VTD 80,SPARTANBURG - VTD 80,57533410.465061,Spartanburg,083,Bethany Wesleyan,Spartanburg - Bethany Wesleyan,SPARTANBURG - BETHANY WESLEYAN,6953472.915500,0.120860,2
083,Spartanburg,VTD 76,4508376,Spartanburg - VTD 76,SPARTANBURG - VTD 76,29224077.627705,Spartanburg,083,T.W. Edwards Recreation Center,Spartanburg - T.W. Edwards Recreation Center,SPARTANBURG - T.W. EDWARDS RECREATION CENTER,29155165.344765,0.997642,1
083,Spartanburg,VTD 76,4508376,Spartanburg - VTD 76,SPARTANBURG - VTD 76,29224077.627705,Spartanburg,083,Pacolet Town Hall,Spartanburg - Pacolet Town Hall,SPARTANBURG - PACOLET TOWN HALL,68847.870351,0.002356,2
083,Spartanburg,VTD 56,4508356,Spartanburg - VTD 56,SPARTANBURG - VTD 56,2149717.496488,Spartanburg,083,Cornerstone Baptist,Spartanburg - Cornerstone Baptist,SPARTANBURG - CORNERSTONE BAPTIST,2088579.283323,0.971560,1
083,Spartanburg,VTD 56,4508356,Spartanburg - VTD 56,SPARTANBURG - VTD 56,2149717.496488,Spartanburg,083,Mt. Moriah Baptist,Spartanburg - Mt. Moriah Baptist,SPARTANBURG - MT. MORIAH BAPTIST,61138.213166,0.028440,2
083,Spartanburg,VTD 55,4508355,Spartanburg - VTD 55,SPARTANBURG - VTD 55,4114836.546856,Spartanburg,083,C.C. Woodson Recreation Center,Spartanburg - C.C. Woodson Recreation Center,SPARTANBURG - C.C. WOODSON RECREATION CENTER,3998733.190921,0.971784,1
083,Spartanburg,VTD 55,4508355,Spartanburg - VTD 55,SPARTANBURG - VTD 55,4114836.546856,Spartanburg,083,Southside Baptist,Spartanburg - Southside Baptist,SPARTANBURG - SOUTHSIDE BAPTIST,65320.079296,0.015874,2
083,Spartanburg,VTD 55,4508355,Spartanburg - VTD 55,SPARTANBURG - VTD 55,4114836.546856,Spartanburg,083,Park Hills Elementary,Spartanburg - Park Hills Elementary,SPARTANBURG - PARK HILLS ELEMENTARY,50777.431718,0.012340,3
083,Spartanburg,VTD 58,4508358,Spartanburg - VTD 58,SPARTANBURG - VTD 58,1397568.731688,Spartanburg,083,Cornerstone Baptist,Spartanburg - Cornerstone Baptist,SPARTANBURG - CORNERSTONE BAPTIST,825191.043037,0.590448,1
083,Spartanburg,VTD 58,4508358,Spartanburg - VTD 58,SPARTANBURG - VTD 58,1397568.731688,Spartanburg,083,E.P. Todd Elementary,Spartanburg - E.P. Todd Elementary,SPARTANBURG - E.P. TODD ELEMENTARY,572377.688651,0.409552,2
083,Spartanburg,VTD 73,4508373,Spartanburg - VTD 73,SPARTANBURG - VTD 73,13440951.225767,Spartanburg,083,E.P. Todd Elementary,Spartanburg - E.P. Todd Elementary,SPARTANBURG - E.P. TODD ELEMENTARY,12801785.911105,0.952446,1
083,Spartanburg,VTD 73,4508373,Spartanburg - VTD 73,SPARTANBURG - VTD 73,13440951.225767,Spartanburg,083,Cornerstone Baptist,Spartanburg - Cornerstone Baptist,SPARTANBURG - CORNERSTONE BAPTIST,545294.968131,0.040570,2
083,Spartanburg,VTD 73,4508373,Spartanburg - VTD 73,SPARTANBURG - VTD 73,13440951.225767,Spartanburg,083,White Stone Methodist,Spartanburg - White Stone Methodist,SPARTANBURG - WHITE STONE METHODIST,93869.271791,0.006984,3
083,Spartanburg,VTD 74,4508374,Spartanburg - VTD 74,SPARTANBURG - VTD 74,6885597.940116,Spartanburg,083,Croft Baptist,Spartanburg - Croft Baptist,SPARTANBURG - CROFT BAPTIST,6885597.940116,1.000000,1
083,Spartanburg,VTD 75,4508375,Spartanburg - VTD 75,SPARTANBURG - VTD 75,55083248.670653,Spartanburg,083,White Stone Methodist,Spartanburg - White Stone Methodist,SPARTANBURG - WHITE STONE METHODIST,55081914.038482,0.999976,1
083,Spartanburg,VTD 83,4508383,Spartanburg - VTD 83,SPARTANBURG - VTD 83,57606255.474888,Spartanburg,083,Pauline Gleen Springs Elementary,Spartanburg - Pauline Gleen Springs Elementary,SPARTANBURG - PAULINE GLEEN SPRINGS ELEMENTARY,57606071.406568,0.999997,1
083,Spartanburg,VTD 82,4508382,Spartanburg - VTD 82,SPARTANBURG - VTD 82,61804687.088977,Spartanburg,083,Mt. Calvary Presbyterian,Spartanburg - Mt. Calvary Presbyterian,SPARTANBURG - MT. CALVARY PRESBYTERIAN,61804687.088977,1.000000,1
083,Spartanburg,VTD 48,4508348,Spartanburg - VTD 48,SPARTANBURG - VTD 48,1505135.274211,Spartanburg,083,Silverhill Methodist Church,Spartanburg - Silverhill Methodist Church,SPARTANBURG - SILVERHILL METHODIST CHURCH,1504242.501817,0.999407,1
083,Spartanburg,VTD 48,4508348,Spartanburg - VTD 48,SPARTANBURG - VTD 48,1505135.274211,Spartanburg,083,Jesse Boyd Elementary,Spartanburg - Jesse Boyd Elementary,SPARTANBURG - JESSE BOYD ELEMENTARY,892.498733,0.000593,2
083,Spartanburg,VTD 54,4508354,Spartanburg - VTD 54,SPARTANBURG - VTD 54,2122315.093190,Spartanburg,083,Park Hills Elementary,Spartanburg - Park Hills Elementary,SPARTANBURG - PARK HILLS ELEMENTARY,1784866.652247,0.841000,1
083,Spartanburg,VTD 54,4508354,Spartanburg - VTD 54,SPARTANBURG - VTD 54,2122315.093190,Spartanburg,083,Woodland Heights Recreation Center,Spartanburg - Woodland Heights Recreation Center,SPARTANBURG - WOODLAND HEIGHTS RECREATION CENTER,337441.505646,0.158997,2
083,Spartanburg,VTD 57,4508357,Spartanburg - VTD 57,SPARTANBURG - VTD 57,3661561.637385,Spartanburg,083,Mt. Zion Full Gospel Baptist,Spartanburg - Mt. Zion Full Gospel Baptist,SPARTANBURG - MT. ZION FULL GOSPEL BAPTIST,3320430.644328,0.906835,1
083,Spartanburg,VTD 57,4508357,Spartanburg - VTD 57,SPARTANBURG - VTD 57,3661561.637385,Spartanburg,083,C.C. Woodson Recreation Center,Spartanburg - C.C. Woodson Recreation Center,SPARTANBURG - C.C. WOODSON RECREATION CENTER,274812.987471,0.075053,2
083,Spartanburg,VTD 57,4508357,Spartanburg - VTD 57,SPARTANBURG - VTD 57,3661561.637385,Spartanburg,083,Park Hills Elementary,Spartanburg - Park Hills Elementary,SPARTANBURG - PARK HILLS ELEMENTARY,38234.550028,0.010442,3
083,Spartanburg,VTD 57,4508357,Spartanburg - VTD 57,SPARTANBURG - VTD 57,3661561.637385,Spartanburg,083,Woodland Heights Recreation Center,Spartanburg - Woodland Heights Recreation Center,SPARTANBURG - WOODLAND HEIGHTS RECREATION CENTER,28083.455558,0.007670,4
083,Spartanburg,VTD 47,4508347,Spartanburg - VTD 47,SPARTANBURG - VTD 47,5275223.780012,Spartanburg,083,Woodland Heights Recreation Center,Spartanburg - Woodland Heights Recreation Center,SPARTANBURG - WOODLAND HEIGHTS RECREATION CENTER,4507848.327809,0.854532,1
083,Spartanburg,VTD 47,4508347,Spartanburg - VTD 47,SPARTANBURG - VTD 47,5275223.780012,Spartanburg,083,Roebuck Bethlehem,Spartanburg - Roebuck Bethlehem,SPARTANBURG - ROEBUCK BETHLEHEM,634355.419281,0.120252,2
083,Spartanburg,VTD 47,4508347,Spartanburg - VTD 47,SPARTANBURG - VTD 47,5275223.780012,Spartanburg,083,Jesse Boyd Elementary,Spartanburg - Jesse Boyd Elementary,SPARTANBURG - JESSE BOYD ELEMENTARY,82563.235410,0.015651,3
083,Spartanburg,VTD 47,4508347,Spartanburg - VTD 47,SPARTANBURG - VTD 47,5275223.780012,Spartanburg,083,Mt. Zion Full Gospel Baptist,Spartanburg - Mt. Zion Full Gospel Baptist,SPARTANBURG - MT. ZION FULL GOSPEL BAPTIST,43364.864044,0.008220,4
083,Spartanburg,VTD 47,4508347,Spartanburg - VTD 47,SPARTANBURG - VTD 47,5275223.780012,Spartanburg,083,Roebuck Elementary,Spartanburg - Roebuck Elementary,SPARTANBURG - ROEBUCK ELEMENTARY,7091.837118,0.001344,5
083,Spartanburg,VTD 77,4508377,Spartanburg - VTD 77,SPARTANBURG - VTD 77,10671564.149180,Spartanburg,083,Pelham Fire Station,Spartanburg - Pelham Fire Station,SPARTANBURG - PELHAM FIRE STATION,10669426.976222,0.999800,1
083,Spartanburg,VTD 72,4508372,Spartanburg - VTD 72,SPARTANBURG - VTD 72,12124295.839419,Spartanburg,083,Canaan Baptist,Spartanburg - Canaan Baptist,SPARTANBURG - CANAAN BAPTIST,7705135.269117,0.635512,1
083,Spartanburg,VTD 72,4508372,Spartanburg - VTD 72,SPARTANBURG - VTD 72,12124295.839419,Spartanburg,083,E.P. Todd Elementary,Spartanburg - E.P. Todd Elementary,SPARTANBURG - E.P. TODD ELEMENTARY,2972341.390781,0.245156,2
083,Spartanburg,VTD 72,4508372,Spartanburg - VTD 72,SPARTANBURG - VTD 72,12124295.839419,Spartanburg,083,Roebuck Elementary,Spartanburg - Roebuck Elementary,SPARTANBURG - ROEBUCK ELEMENTARY,1446819.179520,0.119332,3
083,Spartanburg,VTD 81,4508381,Spartanburg - VTD 81,SPARTANBURG - VTD 81,63782367.054943,Spartanburg,083,R.D. Anderson Vocational,Spartanburg - R.D. Anderson Vocational,SPARTANBURG - R.D. ANDERSON VOCATIONAL,59365479.902652,0.930751,1
083,Spartanburg,VTD 81,4508381,Spartanburg - VTD 81,SPARTANBURG - VTD 81,63782367.054943,Spartanburg,083,Poplar Springs Fire Station,Spartanburg - Poplar Springs Fire Station,SPARTANBURG - POPLAR SPRINGS FIRE STATION,2436560.578718,0.038201,2
083,Spartanburg,VTD 81,4508381,Spartanburg - VTD 81,SPARTANBURG - VTD 81,63782367.054943,Spartanburg,083,Woodruff Fire Station,Spartanburg - Woodruff Fire Station,SPARTANBURG - WOODRUFF FIRE STATION,1980323.893183,0.031048,3
083,Spartanburg,VTD 79,4508379,Spartanburg - VTD 79,SPARTANBURG - VTD 79,43820118.518939,Spartanburg,083,Gable Middle School,Spartanburg - Gable Middle School,SPARTANBURG - GABLE MIDDLE SCHOOL,43701301.710725,0.997289,1
083,Spartanburg,VTD 79,4508379,Spartanburg - VTD 79,SPARTANBURG - VTD 79,43820118.518939,Spartanburg,083,Canaan Baptist,Spartanburg - Canaan Baptist,SPARTANBURG - CANAAN BAPTIST,118810.896355,0.002711,2
083,Spartanburg,VTD 67,4508367,Spartanburg - VTD 67,SPARTANBURG - VTD 67,21827222.738880,Spartanburg,083,Anderson Mill Elementary,Spartanburg - Anderson Mill Elementary,SPARTANBURG - ANDERSON MILL ELEMENTARY,10748528.983122,0.492437,1
083,Spartanburg,VTD 67,4508367,Spartanburg - VTD 67,SPARTANBURG - VTD 67,21827222.738880,Spartanburg,083,West View Elementary,Spartanburg - West View Elementary,SPARTANBURG - WEST VIEW ELEMENTARY,10043003.677039,0.460114,2
083,Spartanburg,VTD 67,4508367,Spartanburg - VTD 67,SPARTANBURG - VTD 67,21827222.738880,Spartanburg,083,West Side Baptist,Spartanburg - West Side Baptist,SPARTANBURG - WEST SIDE BAPTIST,1035689.565510,0.047449,3
083,Spartanburg,VTD 66,4508366,Spartanburg - VTD 66,SPARTANBURG - VTD 66,26685505.288242,Spartanburg,083,Travelers Rest Baptist,Spartanburg - Travelers Rest Baptist,SPARTANBURG - TRAVELERS REST BAPTIST,26685493.005727,1.000000,1
083,Spartanburg,VTD 65,4508365,Spartanburg - VTD 65,SPARTANBURG - VTD 65,4967444.373226,Spartanburg,083,Startex Fire Station,Spartanburg - Startex Fire Station,SPARTANBURG - STARTEX FIRE STATION,4967435.830079,0.999998,1
083,Spartanburg,VTD 70,4508370,Spartanburg - VTD 70,SPARTANBURG - VTD 70,44186257.385415,Spartanburg,083,Bethany Wesleyan,Spartanburg - Bethany Wesleyan,SPARTANBURG - BETHANY WESLEYAN,26258689.776618,0.594273,1
083,Spartanburg,VTD 70,4508370,Spartanburg - VTD 70,SPARTANBURG - VTD 70,44186257.385415,Spartanburg,083,Poplar Springs Fire Station,Spartanburg - Poplar Springs Fire Station,SPARTANBURG - POPLAR SPRINGS FIRE STATION,16413659.799306,0.371465,2
083,Spartanburg,VTD 70,4508370,Spartanburg - VTD 70,SPARTANBURG - VTD 70,44186257.385415,Spartanburg,083,Anderson Mill Elementary,Spartanburg - Anderson Mill Elementary,SPARTANBURG - ANDERSON MILL ELEMENTARY,1513907.809492,0.034262,3
083,Spartanburg,VTD 69,4508369,Spartanburg - VTD 69,SPARTANBURG - VTD 69,76964183.292302,Spartanburg,083,Reidville Elementary,Spartanburg - Reidville Elementary,SPARTANBURG - REIDVILLE ELEMENTARY,48712424.117752,0.632923,1
083,Spartanburg,VTD 69,4508369,Spartanburg - VTD 69,SPARTANBURG - VTD 69,76964183.292302,Spartanburg,083,Reidville Fire Station,Spartanburg - Reidville Fire Station,SPARTANBURG - REIDVILLE FIRE STATION,28251701.934941,0.367076,2
083,Spartanburg,VTD 78,4508378,Spartanburg - VTD 78,SPARTANBURG - VTD 78,24629923.784859,Spartanburg,083,Abner Creek Baptist,Spartanburg - Abner Creek Baptist,SPARTANBURG - ABNER CREEK BAPTIST,24629909.535771,0.999999,1
083,Spartanburg,VTD 71,4508371,Spartanburg - VTD 71,SPARTANBURG - VTD 71,18896274.199051,Spartanburg,083,Roebuck Elementary,Spartanburg - Roebuck Elementary,SPARTANBURG - ROEBUCK ELEMENTARY,13341160.111252,0.706021,1
083,Spartanburg,VTD 71,4508371,Spartanburg - VTD 71,SPARTANBURG - VTD 71,18896274.199051,Spartanburg,083,Roebuck Bethlehem,Spartanburg - Roebuck Bethlehem,SPARTANBURG - ROEBUCK BETHLEHEM,3250352.890645,0.172010,2
083,Spartanburg,VTD 71,4508371,Spartanburg - VTD 71,SPARTANBURG - VTD 71,18896274.199051,Spartanburg,083,West Side Baptist,Spartanburg - West Side Baptist,SPARTANBURG - WEST SIDE BAPTIST,1920877.408136,0.101654,3
083,Spartanburg,VTD 71,4508371,Spartanburg - VTD 71,SPARTANBURG - VTD 71,18896274.199051,Spartanburg,083,Woodland Heights Recreation Center,Spartanburg - Woodland Heights Recreation Center,SPARTANBURG - WOODLAND HEIGHTS RECREATION CENTER,383883.789018,0.020315,4
083,Spartanburg,VTD 68,4508368,Spartanburg - VTD 68,SPARTANBURG - VTD 68,28189295.978169,Spartanburg,083,Victor Mill Methodist,Spartanburg - Victor Mill Methodist,SPARTANBURG - VICTOR MILL METHODIST,28189256.609416,0.999999,1
083,Spartanburg,VTD 62,4508362,Spartanburg - VTD 62,SPARTANBURG - VTD 62,3812462.979039,Spartanburg,083,Victor Mill Methodist,Spartanburg - Victor Mill Methodist,SPARTANBURG - VICTOR MILL METHODIST,3079826.280264,0.807831,1
083,Spartanburg,VTD 62,4508362,Spartanburg - VTD 62,SPARTANBURG - VTD 62,3812462.979039,Spartanburg,083,Cedar Grove Baptist,Spartanburg - Cedar Grove Baptist,SPARTANBURG - CEDAR GROVE BAPTIST,732636.698776,0.192169,2
083,Spartanburg,VTD 61,4508361,Spartanburg - VTD 61,SPARTANBURG - VTD 61,22597316.070944,Spartanburg,083,Glendale Fire Station,Spartanburg - Glendale Fire Station,SPARTANBURG - GLENDALE FIRE STATION,12160388.869482,0.538134,1
083,Spartanburg,VTD 61,4508361,Spartanburg - VTD 61,SPARTANBURG - VTD 61,22597316.070944,Spartanburg,083,Pacolet Town Hall,Spartanburg - Pacolet Town Hall,SPARTANBURG - PACOLET TOWN HALL,9621198.077876,0.425767,2
083,Spartanburg,VTD 61,4508361,Spartanburg - VTD 61,SPARTANBURG - VTD 61,22597316.070944,Spartanburg,083,Cowpens Depot Museum,Spartanburg - Cowpens Depot Museum,SPARTANBURG - COWPENS DEPOT MUSEUM,777667.875290,0.034414,3
083,Spartanburg,VTD 61,4508361,Spartanburg - VTD 61,SPARTANBURG - VTD 61,22597316.070944,Spartanburg,083,T.W. Edwards Recreation Center,Spartanburg - T.W. Edwards Recreation Center,SPARTANBURG - T.W. EDWARDS RECREATION CENTER,38021.759615,0.001683,4
083,Spartanburg,VTD 25,4508325,Spartanburg - VTD 25,SPARTANBURG - VTD 25,7193093.357610,Spartanburg,083,Clifdale Elementary,Spartanburg - Clifdale Elementary,SPARTANBURG - CLIFDALE ELEMENTARY,7193059.309136,0.999995,1
083,Spartanburg,VTD 24,4508324,Spartanburg - VTD 24,SPARTANBURG - VTD 24,8169926.182400,Spartanburg,083,Eastside Baptist,Spartanburg - Eastside Baptist,SPARTANBURG - EASTSIDE BAPTIST,4540489.645703,0.555757,1
083,Spartanburg,VTD 24,4508324,Spartanburg - VTD 24,SPARTANBURG - VTD 24,8169926.182400,Spartanburg,083,Daniel Morgan Technology Center,Spartanburg - Daniel Morgan Technology Center,SPARTANBURG - DANIEL MORGAN TECHNOLOGY CENTER,2939080.368425,0.359744,2
083,Spartanburg,VTD 24,4508324,Spartanburg - VTD 24,SPARTANBURG - VTD 24,8169926.182400,Spartanburg,083,Drayton Fire Station,Spartanburg - Drayton Fire Station,SPARTANBURG - DRAYTON FIRE STATION,678332.976793,0.083028,3
083,Spartanburg,VTD 24,4508324,Spartanburg - VTD 24,SPARTANBURG - VTD 24,8169926.182400,Spartanburg,083,Jesse Boyd Elementary,Spartanburg - Jesse Boyd Elementary,SPARTANBURG - JESSE BOYD ELEMENTARY,12016.618437,0.001471,4
083,Spartanburg,VTD 60,4508360,Spartanburg - VTD 60,SPARTANBURG - VTD 60,31824920.892751,Spartanburg,083,Glendale Fire Station,Spartanburg - Glendale Fire Station,SPARTANBURG - GLENDALE FIRE STATION,31824911.249012,1.000000,1
083,Spartanburg,VTD 53,4508353,Spartanburg - VTD 53,SPARTANBURG - VTD 53,12149913.482715,Spartanburg,083,Ben Avon Methodist,Spartanburg - Ben Avon Methodist,SPARTANBURG - BEN AVON METHODIST,12115755.067772,0.997189,1
083,Spartanburg,VTD 53,4508353,Spartanburg - VTD 53,SPARTANBURG - VTD 53,12149913.482715,Spartanburg,083,Pine Street Elementary,Spartanburg - Pine Street Elementary,SPARTANBURG - PINE STREET ELEMENTARY,34155.540885,0.002811,2
083,Spartanburg,VTD 42,4508342,Spartanburg - VTD 42,SPARTANBURG - VTD 42,8349947.526253,Spartanburg,083,Spartanburg High School,Spartanburg - Spartanburg High School,SPARTANBURG - SPARTANBURG HIGH SCHOOL,4765008.175428,0.570663,1
083,Spartanburg,VTD 42,4508342,Spartanburg - VTD 42,SPARTANBURG - VTD 42,8349947.526253,Spartanburg,083,Jesse Boyd Elementary,Spartanburg - Jesse Boyd Elementary,SPARTANBURG - JESSE BOYD ELEMENTARY,3362239.186174,0.402666,2
083,Spartanburg,VTD 42,4508342,Spartanburg - VTD 42,SPARTANBURG - VTD 42,8349947.526253,Spartanburg,083,Drayton Fire Station,Spartanburg - Drayton Fire Station,SPARTANBURG - DRAYTON FIRE STATION,100011.278671,0.011977,3
083,Spartanburg,VTD 42,4508342,Spartanburg - VTD 42,SPARTANBURG - VTD 42,8349947.526253,Spartanburg,083,Beaumont Methodist,Spartanburg - Beaumont Methodist,SPARTANBURG - BEAUMONT METHODIST,64415.263003,0.007714,4
083,Spartanburg,VTD 42,4508342,Spartanburg - VTD 42,SPARTANBURG - VTD 42,8349947.526253,Spartanburg,083,Eastside Baptist,Spartanburg - Eastside Baptist,SPARTANBURG - EASTSIDE BAPTIST,58273.622977,0.006979,5
083,Spartanburg,VTD 46,4508346,Spartanburg - VTD 46,SPARTANBURG - VTD 46,2531010.844526,Spartanburg,083,Trinity Methodist,Spartanburg - Trinity Methodist,SPARTANBURG - TRINITY METHODIST,2476018.406162,0.978273,1
083,Spartanburg,VTD 46,4508346,Spartanburg - VTD 46,SPARTANBURG - VTD 46,2531010.844526,Spartanburg,083,Beaumont Methodist,Spartanburg - Beaumont Methodist,SPARTANBURG - BEAUMONT METHODIST,54992.438364,0.021727,2
083,Spartanburg,VTD 52,4508352,Spartanburg - VTD 52,SPARTANBURG - VTD 52,4259636.729970,Spartanburg,083,Pine Street Elementary,Spartanburg - Pine Street Elementary,SPARTANBURG - PINE STREET ELEMENTARY,4067990.123174,0.955009,1
083,Spartanburg,VTD 52,4508352,Spartanburg - VTD 52,SPARTANBURG - VTD 52,4259636.729970,Spartanburg,083,Ben Avon Methodist,Spartanburg - Ben Avon Methodist,SPARTANBURG - BEN AVON METHODIST,153685.107088,0.036079,2
083,Spartanburg,VTD 52,4508352,Spartanburg - VTD 52,SPARTANBURG - VTD 52,4259636.729970,Spartanburg,083,Mt. Moriah Baptist,Spartanburg - Mt. Moriah Baptist,SPARTANBURG - MT. MORIAH BAPTIST,24422.573426,0.005733,3
083,Spartanburg,VTD 52,4508352,Spartanburg - VTD 52,SPARTANBURG - VTD 52,4259636.729970,Spartanburg,083,White Stone Methodist,Spartanburg - White Stone Methodist,SPARTANBURG - WHITE STONE METHODIST,13538.926282,0.003178,4
083,Spartanburg,VTD 51,4508351,Spartanburg - VTD 51,SPARTANBURG - VTD 51,1237472.596003,Spartanburg,083,Mt. Moriah Baptist,Spartanburg - Mt. Moriah Baptist,SPARTANBURG - MT. MORIAH BAPTIST,1237459.820702,0.999990,1
083,Spartanburg,VTD 50,4508350,Spartanburg - VTD 50,SPARTANBURG - VTD 50,1176568.168624,Spartanburg,083,Mt. Moriah Baptist,Spartanburg - Mt. Moriah Baptist,SPARTANBURG - MT. MORIAH BAPTIST,1176568.168624,1.000000,1
083,Spartanburg,VTD 49,4508349,Spartanburg - VTD 49,SPARTANBURG - VTD 49,1806905.307898,Spartanburg,083,Southside Baptist,Spartanburg - Southside Baptist,SPARTANBURG - SOUTHSIDE BAPTIST,1806905.307898,1.000000,1
083,Spartanburg,VTD 41,4508341,Spartanburg - VTD 41,SPARTANBURG - VTD 41,2174883.419006,Spartanburg,083,Beaumont Methodist,Spartanburg - Beaumont Methodist,SPARTANBURG - BEAUMONT METHODIST,2157621.302365,0.992063,1
083,Spartanburg,VTD 41,4508341,Spartanburg - VTD 41,SPARTANBURG - VTD 41,2174883.419006,Spartanburg,083,Cudd Memorial,Spartanburg - Cudd Memorial,SPARTANBURG - CUDD MEMORIAL,11862.866401,0.005454,2
083,Spartanburg,VTD 41,4508341,Spartanburg - VTD 41,SPARTANBURG - VTD 41,2174883.419006,Spartanburg,083,Cleveland Elementary,Spartanburg - Cleveland Elementary,SPARTANBURG - CLEVELAND ELEMENTARY,5399.250240,0.002483,3
083,Spartanburg,VTD 35,4508335,Spartanburg - VTD 35,SPARTANBURG - VTD 35,3980334.561048,Spartanburg,083,Drayton Fire Station,Spartanburg - Drayton Fire Station,SPARTANBURG - DRAYTON FIRE STATION,3980334.561048,1.000000,1
083,Spartanburg,VTD 23,4508323,Spartanburg - VTD 23,SPARTANBURG - VTD 23,9024213.827740,Spartanburg,083,Converse Fire Station,Spartanburg - Converse Fire Station,SPARTANBURG - CONVERSE FIRE STATION,9024213.827740,1.000000,1
083,Spartanburg,VTD 22,4508322,Spartanburg - VTD 22,SPARTANBURG - VTD 22,17802536.038620,Spartanburg,083,Cannons Elementary,Spartanburg - Cannons Elementary,SPARTANBURG - CANNONS ELEMENTARY,17802533.704991,1.000000,1
083,Spartanburg,VTD 28,4508328,Spartanburg - VTD 28,SPARTANBURG - VTD 28,9462344.733654,Spartanburg,083,Wellford Fire Station,Spartanburg - Wellford Fire Station,SPARTANBURG - WELLFORD FIRE STATION,9462338.194015,0.999999,1
083,Spartanburg,VTD 20,4508320,Spartanburg - VTD 20,SPARTANBURG - VTD 20,14442428.714846,Spartanburg,083,Wellford Fire Station,Spartanburg - Wellford Fire Station,SPARTANBURG - WELLFORD FIRE STATION,14442417.444776,0.999999,1
083,Spartanburg,VTD 27,4508327,Spartanburg - VTD 27,SPARTANBURG - VTD 27,17854658.229636,Spartanburg,083,Lyman Town Hall,Spartanburg - Lyman Town Hall,SPARTANBURG - LYMAN TOWN HALL,16580754.107702,0.928651,1
083,Spartanburg,VTD 27,4508327,Spartanburg - VTD 27,SPARTANBURG - VTD 27,17854658.229636,Spartanburg,083,Startex Fire Station,Spartanburg - Startex Fire Station,SPARTANBURG - STARTEX FIRE STATION,1137856.866204,0.063729,2
083,Spartanburg,VTD 27,4508327,Spartanburg - VTD 27,SPARTANBURG - VTD 27,17854658.229636,Spartanburg,083,Wellford Fire Station,Spartanburg - Wellford Fire Station,SPARTANBURG - WELLFORD FIRE STATION,89180.698504,0.004995,3
083,Spartanburg,VTD 27,4508327,Spartanburg - VTD 27,SPARTANBURG - VTD 27,17854658.229636,Spartanburg,083,Friendship Baptist,Spartanburg - Friendship Baptist,SPARTANBURG - FRIENDSHIP BAPTIST,46849.489243,0.002624,4
083,Spartanburg,VTD 19,4508319,Spartanburg - VTD 19,SPARTANBURG - VTD 19,40028416.805495,Spartanburg,083,Friendship Baptist,Spartanburg - Friendship Baptist,SPARTANBURG - FRIENDSHIP BAPTIST,39397038.935490,0.984227,1
083,Spartanburg,VTD 19,4508319,Spartanburg - VTD 19,SPARTANBURG - VTD 19,40028416.805495,Spartanburg,083,Wellford Fire Station,Spartanburg - Wellford Fire Station,SPARTANBURG - WELLFORD FIRE STATION,378784.383725,0.009463,2
083,Spartanburg,VTD 19,4508319,Spartanburg - VTD 19,SPARTANBURG - VTD 19,40028416.805495,Spartanburg,083,Holly Springs Baptist,Spartanburg - Holly Springs Baptist,SPARTANBURG - HOLLY SPRINGS BAPTIST,247001.689567,0.006171,3
083,Spartanburg,VTD 17,4508317,Spartanburg - VTD 17,SPARTANBURG - VTD 17,21088781.086591,Spartanburg,083,Whitlock Jr. High,Spartanburg - Whitlock Jr. High,SPARTANBURG - WHITLOCK JR. HIGH,14235163.583710,0.675011,1
083,Spartanburg,VTD 17,4508317,Spartanburg - VTD 17,SPARTANBURG - VTD 17,21088781.086591,Spartanburg,083,Chapman Elementary,Spartanburg - Chapman Elementary,SPARTANBURG - CHAPMAN ELEMENTARY,4900182.366744,0.232360,2
083,Spartanburg,VTD 17,4508317,Spartanburg - VTD 17,SPARTANBURG - VTD 17,21088781.086591,Spartanburg,083,Drayton Fire Station,Spartanburg - Drayton Fire Station,SPARTANBURG - DRAYTON FIRE STATION,1944314.023578,0.092197,3
083,Spartanburg,VTD 33,4508333,Spartanburg - VTD 33,SPARTANBURG - VTD 33,4826072.499365,Spartanburg,083,Cudd Memorial,Spartanburg - Cudd Memorial,SPARTANBURG - CUDD MEMORIAL,4611781.792091,0.955597,1
083,Spartanburg,VTD 33,4508333,Spartanburg - VTD 33,SPARTANBURG - VTD 33,4826072.499365,Spartanburg,083,Cleveland Elementary,Spartanburg - Cleveland Elementary,SPARTANBURG - CLEVELAND ELEMENTARY,125506.411062,0.026006,2
083,Spartanburg,VTD 33,4508333,Spartanburg - VTD 33,SPARTANBURG - VTD 33,4826072.499365,Spartanburg,083,Beaumont Methodist,Spartanburg - Beaumont Methodist,SPARTANBURG - BEAUMONT METHODIST,88784.296213,0.018397,3
083,Spartanburg,VTD 40,4508340,Spartanburg - VTD 40,SPARTANBURG - VTD 40,2680435.566478,Spartanburg,083,Cleveland Elementary,Spartanburg - Cleveland Elementary,SPARTANBURG - CLEVELAND ELEMENTARY,1856191.479148,0.692496,1
083,Spartanburg,VTD 40,4508340,Spartanburg - VTD 40,SPARTANBURG - VTD 40,2680435.566478,Spartanburg,083,Mt. Moriah Baptist,Spartanburg - Mt. Moriah Baptist,SPARTANBURG - MT. MORIAH BAPTIST,726032.381342,0.270864,2
083,Spartanburg,VTD 40,4508340,Spartanburg - VTD 40,SPARTANBURG - VTD 40,2680435.566478,Spartanburg,083,Southside Baptist,Spartanburg - Southside Baptist,SPARTANBURG - SOUTHSIDE BAPTIST,98211.705988,0.036640,3
083,Spartanburg,VTD 45,4508345,Spartanburg - VTD 45,SPARTANBURG - VTD 45,1846836.513278,Spartanburg,083,Ebenezer Baptist,Spartanburg - Ebenezer Baptist,SPARTANBURG - EBENEZER BAPTIST,1846836.513278,1.000000,1
083,Spartanburg,VTD 39,4508339,Spartanburg - VTD 39,SPARTANBURG - VTD 39,3126039.363393,Spartanburg,083,Cleveland Elementary,Spartanburg - Cleveland Elementary,SPARTANBURG - CLEVELAND ELEMENTARY,3108342.399965,0.994339,1
083,Spartanburg,VTD 39,4508339,Spartanburg - VTD 39,SPARTANBURG - VTD 39,3126039.363393,Spartanburg,083,Bethany Baptist,Spartanburg - Bethany Baptist,SPARTANBURG - BETHANY BAPTIST,12784.304463,0.004090,2
083,Spartanburg,VTD 39,4508339,Spartanburg - VTD 39,SPARTANBURG - VTD 39,3126039.363393,Spartanburg,083,Powell Saxon Una Fire Station,Spartanburg - Powell Saxon Una Fire Station,SPARTANBURG - POWELL SAXON UNA FIRE STATION,4912.643795,0.001572,3
083,Spartanburg,VTD 38,4508338,Spartanburg - VTD 38,SPARTANBURG - VTD 38,2281838.608654,Spartanburg,083,Bethany Baptist,Spartanburg - Bethany Baptist,SPARTANBURG - BETHANY BAPTIST,2273123.884313,0.996181,1
083,Spartanburg,VTD 38,4508338,Spartanburg - VTD 38,SPARTANBURG - VTD 38,2281838.608654,Spartanburg,083,Cleveland Elementary,Spartanburg - Cleveland Elementary,SPARTANBURG - CLEVELAND ELEMENTARY,8714.724341,0.003819,2
083,Spartanburg,VTD 32,4508332,Spartanburg - VTD 32,SPARTANBURG - VTD 32,4457276.572398,Spartanburg,083,Bethany Baptist,Spartanburg - Bethany Baptist,SPARTANBURG - BETHANY BAPTIST,4457253.737301,0.999995,1
083,Spartanburg,VTD 31,4508331,Spartanburg - VTD 31,SPARTANBURG - VTD 31,2657100.186155,Spartanburg,083,Una Fire Station,Spartanburg - Una Fire Station,SPARTANBURG - UNA FIRE STATION,2657083.355312,0.999994,1
083,Spartanburg,VTD 43,4508343,Spartanburg - VTD 43,SPARTANBURG - VTD 43,4675284.900314,Spartanburg,083,Jesse Boyd Elementary,Spartanburg - Jesse Boyd Elementary,SPARTANBURG - JESSE BOYD ELEMENTARY,2437927.732736,0.521450,1
083,Spartanburg,VTD 43,4508343,Spartanburg - VTD 43,SPARTANBURG - VTD 43,4675284.900314,Spartanburg,083,West Side Baptist,Spartanburg - West Side Baptist,SPARTANBURG - WEST SIDE BAPTIST,1978282.546500,0.423136,2
083,Spartanburg,VTD 43,4508343,Spartanburg - VTD 43,SPARTANBURG - VTD 43,4675284.900314,Spartanburg,083,Woodland Heights Recreation Center,Spartanburg - Woodland Heights Recreation Center,SPARTANBURG - WOODLAND HEIGHTS RECREATION CENTER,224270.843640,0.047969,3
083,Spartanburg,VTD 43,4508343,Spartanburg - VTD 43,SPARTANBURG - VTD 43,4675284.900314,Spartanburg,083,Powell Saxon Una Fire Station,Spartanburg - Powell Saxon Una Fire Station,SPARTANBURG - POWELL SAXON UNA FIRE STATION,34803.777437,0.007444,4
083,Spartanburg,VTD 44,4508344,Spartanburg - VTD 44,SPARTANBURG - VTD 44,1080844.720517,Spartanburg,083,Jesse Boyd Elementary,Spartanburg - Jesse Boyd Elementary,SPARTANBURG - JESSE BOYD ELEMENTARY,1058556.761004,0.979379,1
083,Spartanburg,VTD 44,4508344,Spartanburg - VTD 44,SPARTANBURG - VTD 44,1080844.720517,Spartanburg,083,Powell Saxon Una Fire Station,Spartanburg - Powell Saxon Una Fire Station,SPARTANBURG - POWELL SAXON UNA FIRE STATION,22287.959512,0.020621,2
083,Spartanburg,VTD 37,4508337,Spartanburg - VTD 37,SPARTANBURG - VTD 37,3939516.840793,Spartanburg,083,Powell Saxon Una Fire Station,Spartanburg - Powell Saxon Una Fire Station,SPARTANBURG - POWELL SAXON UNA FIRE STATION,3929527.388994,0.997464,1
083,Spartanburg,VTD 37,4508337,Spartanburg - VTD 37,SPARTANBURG - VTD 37,3939516.840793,Spartanburg,083,Cleveland Elementary,Spartanburg - Cleveland Elementary,SPARTANBURG - CLEVELAND ELEMENTARY,9492.346873,0.002410,2
083,Spartanburg,VTD 36,4508336,Spartanburg - VTD 36,SPARTANBURG - VTD 36,2338046.740200,Spartanburg,083,Arcadia Elementary,Spartanburg - Arcadia Elementary,SPARTANBURG - ARCADIA ELEMENTARY,1941416.076555,0.830358,1
083,Spartanburg,VTD 36,4508336,Spartanburg - VTD 36,SPARTANBURG - VTD 36,2338046.740200,Spartanburg,083,Jesse Boyd Elementary,Spartanburg - Jesse Boyd Elementary,SPARTANBURG - JESSE BOYD ELEMENTARY,396630.663645,0.169642,2
083,Spartanburg,VTD 30,4508330,Spartanburg - VTD 30,SPARTANBURG - VTD 30,3273541.164999,Spartanburg,083,Arcadia Elementary,Spartanburg - Arcadia Elementary,SPARTANBURG - ARCADIA ELEMENTARY,3273541.164999,1.000000,1
083,Spartanburg,VTD 21,4508321,Spartanburg - VTD 21,SPARTANBURG - VTD 21,8207571.884207,Spartanburg,083,Hayne Baptist,Spartanburg - Hayne Baptist,SPARTANBURG - HAYNE BAPTIST,8033206.402355,0.978756,1
083,Spartanburg,VTD 21,4508321,Spartanburg - VTD 21,SPARTANBURG - VTD 21,8207571.884207,Spartanburg,083,Hendrix Elementary,Spartanburg - Hendrix Elementary,SPARTANBURG - HENDRIX ELEMENTARY,174361.168538,0.021244,2
083,Spartanburg,VTD 29,4508329,Spartanburg - VTD 29,SPARTANBURG - VTD 29,20856995.349834,Spartanburg,083,Fairforest Middle School,Spartanburg - Fairforest Middle School,SPARTANBURG - FAIRFOREST MIDDLE SCHOOL,20856994.021513,1.000000,1
083,Spartanburg,VTD 16,4508316,Spartanburg - VTD 16,SPARTANBURG - VTD 16,52552917.284170,Spartanburg,083,Boiling Springs Intermediate,Spartanburg - Boiling Springs Intermediate,SPARTANBURG - BOILING SPRINGS INTERMEDIATE,21859370.895139,0.415950,1
083,Spartanburg,VTD 16,4508316,Spartanburg - VTD 16,SPARTANBURG - VTD 16,52552917.284170,Spartanburg,083,Hendrix Elementary,Spartanburg - Hendrix Elementary,SPARTANBURG - HENDRIX ELEMENTARY,17136005.528707,0.326071,2
083,Spartanburg,VTD 16,4508316,Spartanburg - VTD 16,SPARTANBURG - VTD 16,52552917.284170,Spartanburg,083,Hayne Baptist,Spartanburg - Hayne Baptist,SPARTANBURG - HAYNE BAPTIST,5650630.870875,0.107523,3
083,Spartanburg,VTD 16,4508316,Spartanburg - VTD 16,SPARTANBURG - VTD 16,52552917.284170,Spartanburg,083,Boining Springs Intermediate,Spartanburg - Boining Springs Intermediate,SPARTANBURG - BOINING SPRINGS INTERMEDIATE,4284130.156238,0.081520,4
083,Spartanburg,VTD 16,4508316,Spartanburg - VTD 16,SPARTANBURG - VTD 16,52552917.284170,Spartanburg,083,Chapman High School,Spartanburg - Chapman High School,SPARTANBURG - CHAPMAN HIGH SCHOOL,3354226.134798,0.063826,5
083,Spartanburg,VTD 16,4508316,Spartanburg - VTD 16,SPARTANBURG - VTD 16,52552917.284170,Spartanburg,083,Chapman Elementary,Spartanburg - Chapman Elementary,SPARTANBURG - CHAPMAN ELEMENTARY,268545.306497,0.005110,6
083,Spartanburg,VTD 64,4508364,Spartanburg - VTD 64,SPARTANBURG - VTD 64,31388705.022578,Spartanburg,083,Grace Baptist,Spartanburg - Grace Baptist,SPARTANBURG - GRACE BAPTIST,18663619.912458,0.594597,1
083,Spartanburg,VTD 64,4508364,Spartanburg - VTD 64,SPARTANBURG - VTD 64,31388705.022578,Spartanburg,083,Beech Springs Intermediate,Spartanburg - Beech Springs Intermediate,SPARTANBURG - BEECH SPRINGS INTERMEDIATE,11261788.173764,0.358785,2
083,Spartanburg,VTD 64,4508364,Spartanburg - VTD 64,SPARTANBURG - VTD 64,31388705.022578,Spartanburg,083,Startex Fire Station,Spartanburg - Startex Fire Station,SPARTANBURG - STARTEX FIRE STATION,1329449.056834,0.042354,3
083,Spartanburg,VTD 64,4508364,Spartanburg - VTD 64,SPARTANBURG - VTD 64,31388705.022578,Spartanburg,083,Lyman Town Hall,Spartanburg - Lyman Town Hall,SPARTANBURG - LYMAN TOWN HALL,133527.944038,0.004254,4
083,Spartanburg,VTD 63,4508363,Spartanburg - VTD 63,SPARTANBURG - VTD 63,2260466.653622,Spartanburg,083,Cedar Grove Baptist,Spartanburg - Cedar Grove Baptist,SPARTANBURG - CEDAR GROVE BAPTIST,2260180.583036,0.999873,1
083,Spartanburg,VTD 26,4508326,Spartanburg - VTD 26,SPARTANBURG - VTD 26,12666636.808357,Spartanburg,083,Rebirth Missionary Baptist,Spartanburg - Rebirth Missionary Baptist,SPARTANBURG - REBIRTH MISSIONARY BAPTIST,12665978.765538,0.999948,1
083,Spartanburg,VTD 13,4508313,Spartanburg - VTD 13,SPARTANBURG - VTD 13,36753866.017157,Spartanburg,083,Mayo Elementary,Spartanburg - Mayo Elementary,SPARTANBURG - MAYO ELEMENTARY,32104926.475269,0.873512,1
083,Spartanburg,VTD 13,4508313,Spartanburg - VTD 13,SPARTANBURG - VTD 13,36753866.017157,Spartanburg,083,Cherokee Springs Fire Station,Spartanburg - Cherokee Springs Fire Station,SPARTANBURG - CHEROKEE SPRINGS FIRE STATION,4648939.541888,0.126488,2
083,Spartanburg,VTD 18,4508318,Spartanburg - VTD 18,SPARTANBURG - VTD 18,37955687.103633,Spartanburg,083,Cowpens Fire Station,Spartanburg - Cowpens Fire Station,SPARTANBURG - COWPENS FIRE STATION,22600517.130647,0.595445,1
083,Spartanburg,VTD 18,4508318,Spartanburg - VTD 18,SPARTANBURG - VTD 18,37955687.103633,Spartanburg,083,Cowpens Depot Museum,Spartanburg - Cowpens Depot Museum,SPARTANBURG - COWPENS DEPOT MUSEUM,15355169.957799,0.404555,2
083,Spartanburg,VTD 12,4508312,Spartanburg - VTD 12,SPARTANBURG - VTD 12,54145243.707190,Spartanburg,083,Cherokee Springs Fire Station,Spartanburg - Cherokee Springs Fire Station,SPARTANBURG - CHEROKEE SPRINGS FIRE STATION,23950700.149091,0.442342,1
083,Spartanburg,VTD 12,4508312,Spartanburg - VTD 12,SPARTANBURG - VTD 12,54145243.707190,Spartanburg,083,Carlisle Fosters Home,Spartanburg - Carlisle Fosters Home,SPARTANBURG - CARLISLE FOSTERS HOME,19664921.551708,0.363188,2
083,Spartanburg,VTD 12,4508312,Spartanburg - VTD 12,SPARTANBURG - VTD 12,54145243.707190,Spartanburg,083,Mountain View Baptist,Spartanburg - Mountain View Baptist,SPARTANBURG - MOUNTAIN VIEW BAPTIST,10529611.772628,0.194470,3
083,Spartanburg,VTD 11,4508311,Spartanburg - VTD 11,SPARTANBURG - VTD 11,52461650.951933,Spartanburg,083,Oakland Elementary,Spartanburg - Oakland Elementary,SPARTANBURG - OAKLAND ELEMENTARY,13821651.261936,0.263462,1
083,Spartanburg,VTD 11,4508311,Spartanburg - VTD 11,SPARTANBURG - VTD 11,52461650.951933,Spartanburg,083,Boining Springs Intermediate,Spartanburg - Boining Springs Intermediate,SPARTANBURG - BOINING SPRINGS INTERMEDIATE,9547671.505453,0.181993,2
083,Spartanburg,VTD 11,4508311,Spartanburg - VTD 11,SPARTANBURG - VTD 11,52461650.951933,Spartanburg,083,Boiling Springs Jr. High,Spartanburg - Boiling Springs Jr. High,SPARTANBURG - BOILING SPRINGS JR. HIGH,7851044.045756,0.149653,3
083,Spartanburg,VTD 11,4508311,Spartanburg - VTD 11,SPARTANBURG - VTD 11,52461650.951933,Spartanburg,083,Boiling Springs High School,Spartanburg - Boiling Springs High School,SPARTANBURG - BOILING SPRINGS HIGH SCHOOL,6823815.662024,0.130072,4
083,Spartanburg,VTD 11,4508311,Spartanburg - VTD 11,SPARTANBURG - VTD 11,52461650.951933,Spartanburg,083,Boiling Springs 9th Grade,Spartanburg - Boiling Springs 9th Grade,SPARTANBURG - BOILING SPRINGS 9TH GRADE,6201937.522958,0.118218,5
083,Spartanburg,VTD 11,4508311,Spartanburg - VTD 11,SPARTANBURG - VTD 11,52461650.951933,Spartanburg,083,Mountain View Baptist,Spartanburg - Mountain View Baptist,SPARTANBURG - MOUNTAIN VIEW BAPTIST,4303452.949418,0.082030,6
083,Spartanburg,VTD 11,4508311,Spartanburg - VTD 11,SPARTANBURG - VTD 11,52461650.951933,Spartanburg,083,Chapman Elementary,Spartanburg - Chapman Elementary,SPARTANBURG - CHAPMAN ELEMENTARY,3116991.467158,0.059415,7
083,Spartanburg,VTD 11,4508311,Spartanburg - VTD 11,SPARTANBURG - VTD 11,52461650.951933,Spartanburg,083,Whitlock Jr. High,Spartanburg - Whitlock Jr. High,SPARTANBURG - WHITLOCK JR. HIGH,766200.430518,0.014605,8
083,Spartanburg,VTD 10,4508310,Spartanburg - VTD 10,SPARTANBURG - VTD 10,37744569.465590,Spartanburg,083,Lake Bowen Baptist,Spartanburg - Lake Bowen Baptist,SPARTANBURG - LAKE BOWEN BAPTIST,37744560.405037,1.000000,1
083,Spartanburg,VTD 9,450839,Spartanburg - VTD 9,SPARTANBURG - VTD 9,29352934.046760,Spartanburg,083,Chapman High School,Spartanburg - Chapman High School,SPARTANBURG - CHAPMAN HIGH SCHOOL,21509632.077010,0.732793,1
083,Spartanburg,VTD 9,450839,Spartanburg - VTD 9,SPARTANBURG - VTD 9,29352934.046760,Spartanburg,083,Inman Mills Baptist,Spartanburg - Inman Mills Baptist,SPARTANBURG - INMAN MILLS BAPTIST,6448663.334382,0.219694,2
083,Spartanburg,VTD 9,450839,Spartanburg - VTD 9,SPARTANBURG - VTD 9,29352934.046760,Spartanburg,083,Boiling Springs Intermediate,Spartanburg - Boiling Springs Intermediate,SPARTANBURG - BOILING SPRINGS INTERMEDIATE,1394638.635368,0.047513,3
083,Spartanburg,VTD 15,4508315,Spartanburg - VTD 15,SPARTANBURG - VTD 15,36487254.808823,Spartanburg,083,North Spartanburg Fire Station,Spartanburg - North Spartanburg Fire Station,SPARTANBURG - NORTH SPARTANBURG FIRE STATION,31567245.453082,0.865158,1
083,Spartanburg,VTD 15,4508315,Spartanburg - VTD 15,SPARTANBURG - VTD 15,36487254.808823,Spartanburg,083,Inman Mills Baptist,Spartanburg - Inman Mills Baptist,SPARTANBURG - INMAN MILLS BAPTIST,3566296.447553,0.097741,2
083,Spartanburg,VTD 15,4508315,Spartanburg - VTD 15,SPARTANBURG - VTD 15,36487254.808823,Spartanburg,083,Friendship Baptist,Spartanburg - Friendship Baptist,SPARTANBURG - FRIENDSHIP BAPTIST,815812.045582,0.022359,3
083,Spartanburg,VTD 15,4508315,Spartanburg - VTD 15,SPARTANBURG - VTD 15,36487254.808823,Spartanburg,083,Holly Springs Baptist,Spartanburg - Holly Springs Baptist,SPARTANBURG - HOLLY SPRINGS BAPTIST,537896.698573,0.014742,4
083,Spartanburg,VTD 8,450838,Spartanburg - VTD 8,SPARTANBURG - VTD 8,25017044.319865,Spartanburg,083,Gramling Methodist,Spartanburg - Gramling Methodist,SPARTANBURG - GRAMLING METHODIST,24238896.396247,0.968895,1
083,Spartanburg,VTD 8,450838,Spartanburg - VTD 8,SPARTANBURG - VTD 8,25017044.319865,Spartanburg,083,Motlow Creek Baptist,Spartanburg - Motlow Creek Baptist,SPARTANBURG - MOTLOW CREEK BAPTIST,724991.179720,0.028980,2
083,Spartanburg,VTD 8,450838,Spartanburg - VTD 8,SPARTANBURG - VTD 8,25017044.319865,Spartanburg,083,Landrum High School,Spartanburg - Landrum High School,SPARTANBURG - LANDRUM HIGH SCHOOL,53155.843203,0.002125,3
083,Spartanburg,VTD 14,4508314,Spartanburg - VTD 14,SPARTANBURG - VTD 14,41827225.310518,Spartanburg,083,Holly Springs Baptist,Spartanburg - Holly Springs Baptist,SPARTANBURG - HOLLY SPRINGS BAPTIST,40263491.495596,0.962614,1
083,Spartanburg,VTD 14,4508314,Spartanburg - VTD 14,SPARTANBURG - VTD 14,41827225.310518,Spartanburg,083,Friendship Baptist,Spartanburg - Friendship Baptist,SPARTANBURG - FRIENDSHIP BAPTIST,1329833.751296,0.031793,2
083,Spartanburg,VTD 14,4508314,Spartanburg - VTD 14,SPARTANBURG - VTD 14,41827225.310518,Spartanburg,083,Motlow Creek Baptist,Spartanburg - Motlow Creek Baptist,SPARTANBURG - MOTLOW CREEK BAPTIST,233900.063627,0.005592,3
083,Spartanburg,VTD 1,450831,Spartanburg - VTD 1,SPARTANBURG - VTD 1,52253630.848806,Spartanburg,083,Landrum United Methodist,Spartanburg - Landrum United Methodist,SPARTANBURG - LANDRUM UNITED METHODIST,52253617.396955,1.000000,1
083,Spartanburg,VTD 7,450837,Spartanburg - VTD 7,SPARTANBURG - VTD 7,19710316.399989,Spartanburg,083,Motlow Creek Baptist,Spartanburg - Motlow Creek Baptist,SPARTANBURG - MOTLOW CREEK BAPTIST,19710316.399989,1.000000,1
083,Spartanburg,VTD 6,450836,Spartanburg - VTD 6,SPARTANBURG - VTD 6,25823702.938461,Spartanburg,083,Chesnee Senior Center,Spartanburg - Chesnee Senior Center,SPARTANBURG - CHESNEE SENIOR CENTER,25823699.965490,1.000000,1
083,Spartanburg,VTD 4,450834,Spartanburg - VTD 4,SPARTANBURG - VTD 4,12766029.756650,Spartanburg,083,Arrowood Baptist,Spartanburg - Arrowood Baptist,SPARTANBURG - ARROWOOD BAPTIST,12636370.866451,0.989843,1
083,Spartanburg,VTD 4,450834,Spartanburg - VTD 4,SPARTANBURG - VTD 4,12766029.756650,Spartanburg,083,Colley Springs Baptist,Spartanburg - Colley Springs Baptist,SPARTANBURG - COLLEY SPRINGS BAPTIST,129649.907439,0.010156,2
083,Spartanburg,VTD 3,450833,Spartanburg - VTD 3,SPARTANBURG - VTD 3,91887120.333825,Spartanburg,083,Colley Springs Baptist,Spartanburg - Colley Springs Baptist,SPARTANBURG - COLLEY SPRINGS BAPTIST,79061959.629157,0.860425,1
083,Spartanburg,VTD 3,450833,Spartanburg - VTD 3,SPARTANBURG - VTD 3,91887120.333825,Spartanburg,083,Carlisle Fosters Home,Spartanburg - Carlisle Fosters Home,SPARTANBURG - CARLISLE FOSTERS HOME,6435839.250574,0.070041,2
083,Spartanburg,VTD 3,450833,Spartanburg - VTD 3,SPARTANBURG - VTD 3,91887120.333825,Spartanburg,083,Chesnee Senior Center,Spartanburg - Chesnee Senior Center,SPARTANBURG - CHESNEE SENIOR CENTER,5582283.607353,0.060752,3
083,Spartanburg,VTD 3,450833,Spartanburg - VTD 3,SPARTANBURG - VTD 3,91887120.333825,Spartanburg,083,Swofford Career Center,Spartanburg - Swofford Career Center,SPARTANBURG - SWOFFORD CAREER CENTER,807034.077470,0.008783,4
083,Spartanburg,VTD 2,450832,Spartanburg - VTD 2,SPARTANBURG - VTD 2,70073566.596356,Spartanburg,083,Swofford Career Center,Spartanburg - Swofford Career Center,SPARTANBURG - SWOFFORD CAREER CENTER,70073555.419600,1.000000,1
083,Spartanburg,VTD 5,450835,Spartanburg - VTD 5,SPARTANBURG - VTD 5,62389201.592235,Spartanburg,083,Landrum High School,Spartanburg - Landrum High School,SPARTANBURG - LANDRUM HIGH SCHOOL,62379709.900777,0.999848,1
085,Sumter,VTD 57,4508557,Sumter - VTD 57,SUMTER - VTD 57,36011296.285318,Sumter,085,Pocotaligo #2,Sumter - Pocotaligo #2,SUMTER - POCOTALIGO 2,36011296.285318,1.000000,1
085,Sumter,VTD 19,4508519,Sumter - VTD 19,SUMTER - VTD 19,26930383.950855,Sumter,085,Furman,Sumter - Furman,SUMTER - FURMAN,22152823.863076,0.822596,1
085,Sumter,VTD 19,4508519,Sumter - VTD 19,SUMTER - VTD 19,26930383.950855,Sumter,085,Pinewood,Sumter - Pinewood,SUMTER - PINEWOOD,4777560.087779,0.177404,2
085,Sumter,VTD 56,4508556,Sumter - VTD 56,SUMTER - VTD 56,93781994.279564,Sumter,085,Pinewood,Sumter - Pinewood,SUMTER - PINEWOOD,93781993.230770,1.000000,1
085,Sumter,VTD 11,4508511,Sumter - VTD 11,SUMTER - VTD 11,25323173.932095,Sumter,085,Salterstown,Sumter - Salterstown,SUMTER - SALTERSTOWN,25323173.932095,1.000000,1
085,Sumter,VTD 52,4508552,Sumter - VTD 52,SUMTER - VTD 52,943825.481859,Sumter,085,Magnolia-Harmony,Sumter - Magnolia-Harmony,SUMTER - MAGNOLIA-HARMONY,942430.818677,0.998522,1
085,Sumter,VTD 52,4508552,Sumter - VTD 52,SUMTER - VTD 52,943825.481859,Sumter,085,Savage-Glover,Sumter - Savage-Glover,SUMTER - SAVAGE-GLOVER,1394.663183,0.001478,2
085,Sumter,VTD 38,4508538,Sumter - VTD 38,SUMTER - VTD 38,1734528.915879,Sumter,085,Morris College,Sumter - Morris College,SUMTER - MORRIS COLLEGE,1734528.915879,1.000000,1
085,Sumter,VTD 16,4508516,Sumter - VTD 16,SUMTER - VTD 16,69585909.603472,Sumter,085,Mayewood,Sumter - Mayewood,SUMTER - MAYEWOOD,69585909.603473,1.000000,1
085,Sumter,VTD 15,4508515,Sumter - VTD 15,SUMTER - VTD 15,46695074.778737,Sumter,085,Turkey Creek,Sumter - Turkey Creek,SUMTER - TURKEY CREEK,46695074.778737,1.000000,1
085,Sumter,VTD 17,4508517,Sumter - VTD 17,SUMTER - VTD 17,30445862.307041,Sumter,085,Pocotaligo #1,Sumter - Pocotaligo #1,SUMTER - POCOTALIGO 1,30346170.186361,0.996726,1
085,Sumter,VTD 17,4508517,Sumter - VTD 17,SUMTER - VTD 17,30445862.307041,Sumter,085,Privateer,Sumter - Privateer,SUMTER - PRIVATEER,99692.120680,0.003274,2
085,Sumter,VTD 25,4508525,Sumter - VTD 25,SUMTER - VTD 25,9767168.488960,Sumter,085,Green Swamp #1,Sumter - Green Swamp #1,SUMTER - GREEN SWAMP 1,6807258.218638,0.696953,1
085,Sumter,VTD 25,4508525,Sumter - VTD 25,SUMTER - VTD 25,9767168.488960,Sumter,085,Green Swamp #2,Sumter - Green Swamp #2,SUMTER - GREEN SWAMP 2,2644650.272905,0.270769,2
085,Sumter,VTD 25,4508525,Sumter - VTD 25,SUMTER - VTD 25,9767168.488960,Sumter,085,Second Mill,Sumter - Second Mill,SUMTER - SECOND MILL,315258.110522,0.032277,3
085,Sumter,VTD 24,4508524,Sumter - VTD 24,SUMTER - VTD 24,2283491.415107,Sumter,085,Cherryvale,Sumter - Cherryvale,SUMTER - CHERRYVALE,2251810.584450,0.986126,1
085,Sumter,VTD 24,4508524,Sumter - VTD 24,SUMTER - VTD 24,2283491.415107,Sumter,085,Shaw,Sumter - Shaw,SUMTER - SHAW,28368.540936,0.012423,2
085,Sumter,VTD 24,4508524,Sumter - VTD 24,SUMTER - VTD 24,2283491.415107,Sumter,085,Green Swamp #1,Sumter - Green Swamp #1,SUMTER - GREEN SWAMP 1,3312.289721,0.001451,3
085,Sumter,VTD 23,4508523,Sumter - VTD 23,SUMTER - VTD 23,16765368.081102,Sumter,085,St. Paul,Sumter - St. Paul,SUMTER - ST. PAUL,14485903.762196,0.864037,1
085,Sumter,VTD 23,4508523,Sumter - VTD 23,SUMTER - VTD 23,16765368.081102,Sumter,085,Causeway Branch #1,Sumter - Causeway Branch #1,SUMTER - CAUSEWAY BRANCH 1,2266095.989185,0.135165,2
085,Sumter,VTD 23,4508523,Sumter - VTD 23,SUMTER - VTD 23,16765368.081102,Sumter,085,Shaw,Sumter - Shaw,SUMTER - SHAW,13368.329721,0.000797,3
085,Sumter,VTD 27,4508527,Sumter - VTD 27,SUMTER - VTD 27,8707619.090825,Sumter,085,Causeway Branch #1,Sumter - Causeway Branch #1,SUMTER - CAUSEWAY BRANCH 1,4424218.557260,0.508086,1
085,Sumter,VTD 27,4508527,Sumter - VTD 27,SUMTER - VTD 27,8707619.090825,Sumter,085,Causeway Branch #2,Sumter - Causeway Branch #2,SUMTER - CAUSEWAY BRANCH 2,3977785.252556,0.456817,2
085,Sumter,VTD 27,4508527,Sumter - VTD 27,SUMTER - VTD 27,8707619.090825,Sumter,085,St. Paul,Sumter - St. Paul,SUMTER - ST. PAUL,305615.281009,0.035097,3
085,Sumter,VTD 28,4508528,Sumter - VTD 28,SUMTER - VTD 28,12407917.423445,Sumter,085,McCray's Mill #1,Sumter - McCray's Mill #1,SUMTER - MCCRAYS MILL 1,6859056.759839,0.552797,1
085,Sumter,VTD 28,4508528,Sumter - VTD 28,SUMTER - VTD 28,12407917.423445,Sumter,085,McCray's Mill #2,Sumter - McCray's Mill #2,SUMTER - MCCRAYS MILL 2,5548009.050876,0.447135,2
085,Sumter,VTD 18,4508518,Sumter - VTD 18,SUMTER - VTD 18,35168745.635265,Sumter,085,Privateer,Sumter - Privateer,SUMTER - PRIVATEER,27726216.191595,0.788377,1
085,Sumter,VTD 18,4508518,Sumter - VTD 18,SUMTER - VTD 18,35168745.635265,Sumter,085,Furman,Sumter - Furman,SUMTER - FURMAN,7442529.443543,0.211623,2
085,Sumter,VTD 54,4508554,Sumter - VTD 54,SUMTER - VTD 54,36512401.713441,Sumter,085,Delaine,Sumter - Delaine,SUMTER - DELAINE,35718417.477580,0.978254,1
085,Sumter,VTD 54,4508554,Sumter - VTD 54,SUMTER - VTD 54,36512401.713441,Sumter,085,St. Paul,Sumter - St. Paul,SUMTER - ST. PAUL,709582.131518,0.019434,2
085,Sumter,VTD 54,4508554,Sumter - VTD 54,SUMTER - VTD 54,36512401.713441,Sumter,085,Oakland Plantation #2,Sumter - Oakland Plantation #2,SUMTER - OAKLAND PLANTATION 2,59228.892504,0.001622,3
085,Sumter,VTD 54,4508554,Sumter - VTD 54,SUMTER - VTD 54,36512401.713441,Sumter,085,Shaw,Sumter - Shaw,SUMTER - SHAW,25173.211838,0.000689,4
085,Sumter,VTD 55,4508555,Sumter - VTD 55,SUMTER - VTD 55,48560344.427152,Sumter,085,Manchester Forest,Sumter - Manchester Forest,SUMTER - MANCHESTER FOREST,48560344.148605,1.000000,1
085,Sumter,VTD 21,4508521,Sumter - VTD 21,SUMTER - VTD 21,68284894.558163,Sumter,085,Manchester Forest,Sumter - Manchester Forest,SUMTER - MANCHESTER FOREST,68284893.449555,1.000000,1
085,Sumter,VTD 22,4508522,Sumter - VTD 22,SUMTER - VTD 22,74458467.397829,Sumter,085,Delaine,Sumter - Delaine,SUMTER - DELAINE,74385813.113052,0.999024,1
085,Sumter,VTD 22,4508522,Sumter - VTD 22,SUMTER - VTD 22,74458467.397829,Sumter,085,Horatio,Sumter - Horatio,SUMTER - HORATIO,72646.837358,0.000976,2
085,Sumter,VTD 60,4508560,Sumter - VTD 60,SUMTER - VTD 60,80342122.918577,Sumter,085,St. John,Sumter - St. John,SUMTER - ST. JOHN,80342061.860152,0.999999,1
085,Sumter,VTD 14,4508514,Sumter - VTD 14,SUMTER - VTD 14,71097052.658268,Sumter,085,St. John,Sumter - St. John,SUMTER - ST. JOHN,71097052.514662,1.000000,1
085,Sumter,VTD 12,4508512,Sumter - VTD 12,SUMTER - VTD 12,38779779.779864,Sumter,085,Mayesville,Sumter - Mayesville,SUMTER - MAYESVILLE,38622296.480934,0.995939,1
085,Sumter,VTD 12,4508512,Sumter - VTD 12,SUMTER - VTD 12,38779779.779864,Sumter,085,Salem,Sumter - Salem,SUMTER - SALEM,100325.583250,0.002587,2
085,Sumter,VTD 12,4508512,Sumter - VTD 12,SUMTER - VTD 12,38779779.779864,Sumter,085,Oswego,Sumter - Oswego,SUMTER - OSWEGO,57157.715680,0.001474,3
085,Sumter,VTD 63,4508563,Sumter - VTD 63,SUMTER - VTD 63,20133589.664754,Sumter,085,Ebenezer #2,Sumter - Ebenezer #2,SUMTER - EBENEZER 2,20133382.720001,0.999990,1
085,Sumter,VTD 61,4508561,Sumter - VTD 61,SUMTER - VTD 61,46587455.833916,Sumter,085,Oswego,Sumter - Oswego,SUMTER - OSWEGO,46587455.833916,1.000000,1
085,Sumter,VTD 10,4508510,Sumter - VTD 10,SUMTER - VTD 10,54380881.221588,Sumter,085,Oswego,Sumter - Oswego,SUMTER - OSWEGO,54380879.141093,1.000000,1
085,Sumter,VTD 6,450856,Sumter - VTD 6,SUMTER - VTD 6,13025576.288942,Sumter,085,Shaw,Sumter - Shaw,SUMTER - SHAW,12362214.874292,0.949072,1
085,Sumter,VTD 6,450856,Sumter - VTD 6,SUMTER - VTD 6,13025576.288942,Sumter,085,Green Swamp #1,Sumter - Green Swamp #1,SUMTER - GREEN SWAMP 1,584331.185344,0.044860,2
085,Sumter,VTD 6,450856,Sumter - VTD 6,SUMTER - VTD 6,13025576.288942,Sumter,085,Dalzel #1,Sumter - Dalzel #1,SUMTER - DALZEL 1,74711.650509,0.005736,3
085,Sumter,VTD 3,450853,Sumter - VTD 3,SUMTER - VTD 3,25830282.265173,Sumter,085,Hillcrest,Sumter - Hillcrest,SUMTER - HILLCREST,25751568.189485,0.996953,1
085,Sumter,VTD 3,450853,Sumter - VTD 3,SUMTER - VTD 3,25830282.265173,Sumter,085,Dalzel #1,Sumter - Dalzel #1,SUMTER - DALZEL 1,78709.156188,0.003047,2
085,Sumter,VTD 4,450854,Sumter - VTD 4,SUMTER - VTD 4,23172656.112330,Sumter,085,Oakland Plantation #2,Sumter - Oakland Plantation #2,SUMTER - OAKLAND PLANTATION 2,15011117.387556,0.647794,1
085,Sumter,VTD 4,450854,Sumter - VTD 4,SUMTER - VTD 4,23172656.112330,Sumter,085,Oakland Plantation #1,Sumter - Oakland Plantation #1,SUMTER - OAKLAND PLANTATION 1,8160128.163373,0.352145,2
085,Sumter,VTD 5,450855,Sumter - VTD 5,SUMTER - VTD 5,28548459.758771,Sumter,085,Dalzel #1,Sumter - Dalzel #1,SUMTER - DALZEL 1,19266215.826365,0.674860,1
085,Sumter,VTD 5,450855,Sumter - VTD 5,SUMTER - VTD 5,28548459.758771,Sumter,085,Dalzel #2,Sumter - Dalzel #2,SUMTER - DALZEL 2,9225856.321279,0.323165,2
085,Sumter,VTD 5,450855,Sumter - VTD 5,SUMTER - VTD 5,28548459.758771,Sumter,085,Shaw,Sumter - Shaw,SUMTER - SHAW,56387.611127,0.001975,3
085,Sumter,VTD 7,450857,Sumter - VTD 7,SUMTER - VTD 7,11345918.262126,Sumter,085,Green Swamp #1,Sumter - Green Swamp #1,SUMTER - GREEN SWAMP 1,10655761.911877,0.939171,1
085,Sumter,VTD 7,450857,Sumter - VTD 7,SUMTER - VTD 7,11345918.262126,Sumter,085,Green Swamp #2,Sumter - Green Swamp #2,SUMTER - GREEN SWAMP 2,689607.247458,0.060780,2
085,Sumter,VTD 8,450858,Sumter - VTD 8,SUMTER - VTD 8,24229658.121586,Sumter,085,Ebenezer #1,Sumter - Ebenezer #1,SUMTER - EBENEZER 1,24229653.970562,1.000000,1
085,Sumter,VTD 9,450859,Sumter - VTD 9,SUMTER - VTD 9,34965772.307289,Sumter,085,Thomas Sumpter,Sumter - Thomas Sumpter,SUMTER - THOMAS SUMPTER,34809839.381631,0.995540,1
085,Sumter,VTD 9,450859,Sumter - VTD 9,SUMTER - VTD 9,34965772.307289,Sumter,085,Ebenezer #1,Sumter - Ebenezer #1,SUMTER - EBENEZER 1,155932.925658,0.004460,2
085,Sumter,VTD 62,4508562,Sumter - VTD 62,SUMTER - VTD 62,30839688.778659,Sumter,085,Thomas Sumpter,Sumter - Thomas Sumpter,SUMTER - THOMAS SUMPTER,30839685.873514,1.000000,1
085,Sumter,VTD 2,450852,Sumter - VTD 2,SUMTER - VTD 2,81081207.535819,Sumter,085,Horatio,Sumter - Horatio,SUMTER - HORATIO,81079812.736729,0.999983,1
085,Sumter,VTD 53,4508553,Sumter - VTD 53,SUMTER - VTD 53,72742022.528866,Sumter,085,Rembert,Sumter - Rembert,SUMTER - REMBERT,72639408.985756,0.998589,1
085,Sumter,VTD 53,4508553,Sumter - VTD 53,SUMTER - VTD 53,72742022.528866,Sumter,085,Hillcrest,Sumter - Hillcrest,SUMTER - HILLCREST,102612.022615,0.001411,2
085,Sumter,VTD 49,4508549,Sumter - VTD 49,SUMTER - VTD 49,12879197.430885,Sumter,085,Lemira,Sumter - Lemira,SUMTER - LEMIRA,8564847.132497,0.665014,1
085,Sumter,VTD 49,4508549,Sumter - VTD 49,SUMTER - VTD 49,12879197.430885,Sumter,085,Magnolia-Harmony,Sumter - Magnolia-Harmony,SUMTER - MAGNOLIA-HARMONY,3382700.920826,0.262648,2
085,Sumter,VTD 49,4508549,Sumter - VTD 49,SUMTER - VTD 49,12879197.430885,Sumter,085,Turkey Creek,Sumter - Turkey Creek,SUMTER - TURKEY CREEK,869666.856678,0.067525,3
085,Sumter,VTD 49,4508549,Sumter - VTD 49,SUMTER - VTD 49,12879197.430885,Sumter,085,South Red Bay,Sumter - South Red Bay,SUMTER - SOUTH RED BAY,33565.632974,0.002606,4
085,Sumter,VTD 49,4508549,Sumter - VTD 49,SUMTER - VTD 49,12879197.430885,Sumter,085,Salterstown,Sumter - Salterstown,SUMTER - SALTERSTOWN,28416.887910,0.002206,5
085,Sumter,VTD 51,4508551,Sumter - VTD 51,SUMTER - VTD 51,858688.760857,Sumter,085,Savage-Glover,Sumter - Savage-Glover,SUMTER - SAVAGE-GLOVER,826563.198152,0.962588,1
085,Sumter,VTD 51,4508551,Sumter - VTD 51,SUMTER - VTD 51,858688.760857,Sumter,085,Bates,Sumter - Bates,SUMTER - BATES,32125.562705,0.037412,2
085,Sumter,VTD 50,4508550,Sumter - VTD 50,SUMTER - VTD 50,1718167.507429,Sumter,085,Magnolia-Harmony,Sumter - Magnolia-Harmony,SUMTER - MAGNOLIA-HARMONY,1384503.155726,0.805802,1
085,Sumter,VTD 50,4508550,Sumter - VTD 50,SUMTER - VTD 50,1718167.507429,Sumter,085,Stone Hill,Sumter - Stone Hill,SUMTER - STONE HILL,190944.194439,0.111132,2
085,Sumter,VTD 50,4508550,Sumter - VTD 50,SUMTER - VTD 50,1718167.507429,Sumter,085,Savage-Glover,Sumter - Savage-Glover,SUMTER - SAVAGE-GLOVER,108082.735614,0.062906,3
085,Sumter,VTD 50,4508550,Sumter - VTD 50,SUMTER - VTD 50,1718167.507429,Sumter,085,Lemira,Sumter - Lemira,SUMTER - LEMIRA,34637.421651,0.020160,4
085,Sumter,VTD 48,4508548,Sumter - VTD 48,SUMTER - VTD 48,1064170.227127,Sumter,085,Stone Hill,Sumter - Stone Hill,SUMTER - STONE HILL,1011021.855486,0.950057,1
085,Sumter,VTD 48,4508548,Sumter - VTD 48,SUMTER - VTD 48,1064170.227127,Sumter,085,Savage-Glover,Sumter - Savage-Glover,SUMTER - SAVAGE-GLOVER,53148.371641,0.049943,2
085,Sumter,VTD 45,4508545,Sumter - VTD 45,SUMTER - VTD 45,1061685.208172,Sumter,085,Bates,Sumter - Bates,SUMTER - BATES,1035124.666984,0.974983,1
085,Sumter,VTD 45,4508545,Sumter - VTD 45,SUMTER - VTD 45,1061685.208172,Sumter,085,Wilder,Sumter - Wilder,SUMTER - WILDER,24006.208689,0.022611,2
085,Sumter,VTD 45,4508545,Sumter - VTD 45,SUMTER - VTD 45,1061685.208172,Sumter,085,Savage-Glover,Sumter - Savage-Glover,SUMTER - SAVAGE-GLOVER,2554.332499,0.002406,3
085,Sumter,VTD 43,4508543,Sumter - VTD 43,SUMTER - VTD 43,1384700.407857,Sumter,085,South Liberty,Sumter - South Liberty,SUMTER - SOUTH LIBERTY,1300747.453082,0.939371,1
085,Sumter,VTD 43,4508543,Sumter - VTD 43,SUMTER - VTD 43,1384700.407857,Sumter,085,Birnie,Sumter - Birnie,SUMTER - BIRNIE,83952.954775,0.060629,2
085,Sumter,VTD 42,4508542,Sumter - VTD 42,SUMTER - VTD 42,1813623.589338,Sumter,085,Swan Lake,Sumter - Swan Lake,SUMTER - SWAN LAKE,1726467.208761,0.951944,1
085,Sumter,VTD 42,4508542,Sumter - VTD 42,SUMTER - VTD 42,1813623.589338,Sumter,085,Burns-Downs,Sumter - Burns-Downs,SUMTER - BURNS-DOWNS,87156.380577,0.048056,2
085,Sumter,VTD 41,4508541,Sumter - VTD 41,SUMTER - VTD 41,1187983.445944,Sumter,085,Hampton Park,Sumter - Hampton Park,SUMTER - HAMPTON PARK,1187308.105873,0.999432,1
085,Sumter,VTD 41,4508541,Sumter - VTD 41,SUMTER - VTD 41,1187983.445944,Sumter,085,Morris College,Sumter - Morris College,SUMTER - MORRIS COLLEGE,660.281814,0.000556,2
085,Sumter,VTD 34,4508534,Sumter - VTD 34,SUMTER - VTD 34,1371193.282815,Sumter,085,Burns-Downs,Sumter - Burns-Downs,SUMTER - BURNS-DOWNS,1366870.512013,0.996847,1
085,Sumter,VTD 34,4508534,Sumter - VTD 34,SUMTER - VTD 34,1371193.282815,Sumter,085,Swan Lake,Sumter - Swan Lake,SUMTER - SWAN LAKE,4322.770801,0.003153,2
085,Sumter,VTD 20,4508520,Sumter - VTD 20,SUMTER - VTD 20,184003464.179308,Sumter,085,Pinewood,Sumter - Pinewood,SUMTER - PINEWOOD,184003305.835736,0.999999,1
085,Sumter,VTD 58,4508558,Sumter - VTD 58,SUMTER - VTD 58,50616693.947200,Sumter,085,Mayewood,Sumter - Mayewood,SUMTER - MAYEWOOD,50616693.803487,1.000000,1
085,Sumter,VTD 59,4508559,Sumter - VTD 59,SUMTER - VTD 59,51091652.951492,Sumter,085,Salem,Sumter - Salem,SUMTER - SALEM,51091652.606510,1.000000,1
085,Sumter,VTD 13,4508513,Sumter - VTD 13,SUMTER - VTD 13,37724626.161902,Sumter,085,Salem,Sumter - Salem,SUMTER - SALEM,37724626.161902,1.000000,1
085,Sumter,VTD 33,4508533,Sumter - VTD 33,SUMTER - VTD 33,2672703.070455,Sumter,085,Second Mill,Sumter - Second Mill,SUMTER - SECOND MILL,2438342.496906,0.912313,1
085,Sumter,VTD 33,4508533,Sumter - VTD 33,SUMTER - VTD 33,2672703.070455,Sumter,085,Causeway Branch #2,Sumter - Causeway Branch #2,SUMTER - CAUSEWAY BRANCH 2,174374.135007,0.065243,2
085,Sumter,VTD 33,4508533,Sumter - VTD 33,SUMTER - VTD 33,2672703.070455,Sumter,085,Wilson Hall,Sumter - Wilson Hall,SUMTER - WILSON HALL,34867.406584,0.013046,3
085,Sumter,VTD 33,4508533,Sumter - VTD 33,SUMTER - VTD 33,2672703.070455,Sumter,085,South Liberty,Sumter - South Liberty,SUMTER - SOUTH LIBERTY,25119.031957,0.009398,4
085,Sumter,VTD 32,4508532,Sumter - VTD 32,SUMTER - VTD 32,1555296.919916,Sumter,085,Millwood,Sumter - Millwood,SUMTER - MILLWOOD,1040291.372059,0.668870,1
085,Sumter,VTD 32,4508532,Sumter - VTD 32,SUMTER - VTD 32,1555296.919916,Sumter,085,Spectrum,Sumter - Spectrum,SUMTER - SPECTRUM,515005.511950,0.331130,2
085,Sumter,VTD 31,4508531,Sumter - VTD 31,SUMTER - VTD 31,2724774.753222,Sumter,085,Spectrum,Sumter - Spectrum,SUMTER - SPECTRUM,2724379.230136,0.999855,1
085,Sumter,VTD 47,4508547,Sumter - VTD 47,SUMTER - VTD 47,2478402.242773,Sumter,085,South Red Bay,Sumter - South Red Bay,SUMTER - SOUTH RED BAY,2283211.179433,0.921243,1
085,Sumter,VTD 47,4508547,Sumter - VTD 47,SUMTER - VTD 47,2478402.242773,Sumter,085,Turkey Creek,Sumter - Turkey Creek,SUMTER - TURKEY CREEK,195179.918868,0.078752,2
085,Sumter,VTD 46,4508546,Sumter - VTD 46,SUMTER - VTD 46,4248240.270753,Sumter,085,Wilder,Sumter - Wilder,SUMTER - WILDER,4245575.240144,0.999373,1
085,Sumter,VTD 46,4508546,Sumter - VTD 46,SUMTER - VTD 46,4248240.270753,Sumter,085,Birnie,Sumter - Birnie,SUMTER - BIRNIE,2665.030608,0.000627,2
085,Sumter,VTD 44,4508544,Sumter - VTD 44,SUMTER - VTD 44,4165735.593489,Sumter,085,Birnie,Sumter - Birnie,SUMTER - BIRNIE,4087737.865175,0.981276,1
085,Sumter,VTD 44,4508544,Sumter - VTD 44,SUMTER - VTD 44,4165735.593489,Sumter,085,Savage-Glover,Sumter - Savage-Glover,SUMTER - SAVAGE-GLOVER,53834.587575,0.012923,2
085,Sumter,VTD 44,4508544,Sumter - VTD 44,SUMTER - VTD 44,4165735.593489,Sumter,085,Bates,Sumter - Bates,SUMTER - BATES,22784.066411,0.005469,3
085,Sumter,VTD 40,4508540,Sumter - VTD 40,SUMTER - VTD 40,2118903.213284,Sumter,085,Loring,Sumter - Loring,SUMTER - LORING,2118903.182515,1.000000,1
085,Sumter,VTD 39,4508539,Sumter - VTD 39,SUMTER - VTD 39,2641862.034845,Sumter,085,Crosswell,Sumter - Crosswell,SUMTER - CROSSWELL,2628258.121018,0.994851,1
085,Sumter,VTD 39,4508539,Sumter - VTD 39,SUMTER - VTD 39,2641862.034845,Sumter,085,Loring,Sumter - Loring,SUMTER - LORING,13603.913826,0.005149,2
085,Sumter,VTD 37,4508537,Sumter - VTD 37,SUMTER - VTD 37,13647056.210707,Sumter,085,Mullberry,Sumter - Mullberry,SUMTER - MULLBERRY,13647056.210707,1.000000,1
085,Sumter,VTD 36,4508536,Sumter - VTD 36,SUMTER - VTD 36,4910620.839494,Sumter,085,Folsom Park,Sumter - Folsom Park,SUMTER - FOLSOM PARK,4910607.936658,0.999997,1
085,Sumter,VTD 35,4508535,Sumter - VTD 35,SUMTER - VTD 35,3455537.249331,Sumter,085,Palmetto Park,Sumter - Palmetto Park,SUMTER - PALMETTO PARK,2822000.857430,0.816661,1
085,Sumter,VTD 35,4508535,Sumter - VTD 35,SUMTER - VTD 35,3455537.249331,Sumter,085,Burns-Downs,Sumter - Burns-Downs,SUMTER - BURNS-DOWNS,633536.391901,0.183339,2
085,Sumter,VTD 30,4508530,Sumter - VTD 30,SUMTER - VTD 30,4771127.998537,Sumter,085,Sunset,Sumter - Sunset,SUMTER - SUNSET,4735946.147824,0.992626,1
085,Sumter,VTD 30,4508530,Sumter - VTD 30,SUMTER - VTD 30,4771127.998537,Sumter,085,Spectrum,Sumter - Spectrum,SUMTER - SPECTRUM,35181.850713,0.007374,2
085,Sumter,VTD 29,4508529,Sumter - VTD 29,SUMTER - VTD 29,4956959.895729,Sumter,085,Sumter High #2,Sumter - Sumter High #2,SUMTER - SUMTER HIGH 2,3258517.447765,0.657362,1
085,Sumter,VTD 29,4508529,Sumter - VTD 29,SUMTER - VTD 29,4956959.895729,Sumter,085,Sumter High #1,Sumter - Sumter High #1,SUMTER - SUMTER HIGH 1,1697632.690407,0.342475,2
085,Sumter,VTD 1,450851,Sumter - VTD 1,SUMTER - VTD 1,58722162.321012,Sumter,085,Rembert,Sumter - Rembert,SUMTER - REMBERT,58722162.080535,1.000000,1
085,Sumter,VTD 26,4508526,Sumter - VTD 26,SUMTER - VTD 26,5277543.307520,Sumter,085,Wilson Hall,Sumter - Wilson Hall,SUMTER - WILSON HALL,5273309.568639,0.999198,1
085,Sumter,VTD 26,4508526,Sumter - VTD 26,SUMTER - VTD 26,5277543.307520,Sumter,085,Green Swamp #2,Sumter - Green Swamp #2,SUMTER - GREEN SWAMP 2,4233.503069,0.000802,2
087,Union,VTD 17,4508717,Union - VTD 17,UNION - VTD 17,21405507.388664,Union,087,Monarch Box 1,Union - Monarch Box 1,UNION - MONARCH BOX 1,19339439.976524,0.903480,1
087,Union,VTD 17,4508717,Union - VTD 17,UNION - VTD 17,21405507.388664,Union,087,Union Ward 1 Box 2,Union - Union Ward 1 Box 2,UNION - UNION WARD 1 BOX 2,1143878.706023,0.053439,2
087,Union,VTD 17,4508717,Union - VTD 17,UNION - VTD 17,21405507.388664,Union,087,Bonham,Union - Bonham,UNION - BONHAM,678755.895315,0.031709,3
087,Union,VTD 17,4508717,Union - VTD 17,UNION - VTD 17,21405507.388664,Union,087,Union Ward 1 Box 1,Union - Union Ward 1 Box 1,UNION - UNION WARD 1 BOX 1,242645.458659,0.011336,4
087,Union,VTD 9,450879,Union - VTD 9,UNION - VTD 9,17190248.166352,Union,087,Adamsburg,Union - Adamsburg,UNION - ADAMSBURG,17190184.164320,0.999996,1
087,Union,VTD 1,450871,Union - VTD 1,UNION - VTD 1,10393749.619814,Union,087,Jonesville Box 2,Union - Jonesville Box 2,UNION - JONESVILLE BOX 2,10392808.585040,0.999909,1
087,Union,VTD 23,4508723,Union - VTD 23,UNION - VTD 23,3310004.908344,Union,087,Union Ward 1 Box 2,Union - Union Ward 1 Box 2,UNION - UNION WARD 1 BOX 2,3305066.748701,0.998508,1
087,Union,VTD 23,4508723,Union - VTD 23,UNION - VTD 23,3310004.908344,Union,087,Union Ward 4 Box 1,Union - Union Ward 4 Box 1,UNION - UNION WARD 4 BOX 1,2512.057421,0.000759,2
087,Union,VTD 23,4508723,Union - VTD 23,UNION - VTD 23,3310004.908344,Union,087,Union Ward 1 Box 1,Union - Union Ward 1 Box 1,UNION - UNION WARD 1 BOX 1,2426.102222,0.000733,3
087,Union,VTD 40,4508740,Union - VTD 40,UNION - VTD 40,131447257.781660,Union,087,Santuck,Union - Santuck,UNION - SANTUCK,131410899.272426,0.999723,1
087,Union,VTD 41,4508741,Union - VTD 41,UNION - VTD 41,144494809.618436,Union,087,Black Rock,Union - Black Rock,UNION - BLACK ROCK,144448157.657066,0.999677,1
087,Union,VTD 24,4508724,Union - VTD 24,UNION - VTD 24,3196583.994998,Union,087,Union Ward 1 Box 1,Union - Union Ward 1 Box 1,UNION - UNION WARD 1 BOX 1,1593141.777272,0.498389,1
087,Union,VTD 24,4508724,Union - VTD 24,UNION - VTD 24,3196583.994998,Union,087,Monarch Box 1,Union - Monarch Box 1,UNION - MONARCH BOX 1,1480711.135180,0.463217,2
087,Union,VTD 24,4508724,Union - VTD 24,UNION - VTD 24,3196583.994998,Union,087,Monarch Box 2,Union - Monarch Box 2,UNION - MONARCH BOX 2,122588.096943,0.038350,3
087,Union,VTD 18,4508718,Union - VTD 18,UNION - VTD 18,8417280.632190,Union,087,Buffalo Box 1,Union - Buffalo Box 1,UNION - BUFFALO BOX 1,8417280.632190,1.000000,1
087,Union,VTD 42,4508742,Union - VTD 42,UNION - VTD 42,140951353.684657,Union,087,Carlisle,Union - Carlisle,UNION - CARLISLE,140742297.348905,0.998517,1
087,Union,VTD 42,4508742,Union - VTD 42,UNION - VTD 42,140951353.684657,Union,087,Santuck,Union - Santuck,UNION - SANTUCK,209046.332605,0.001483,2
087,Union,VTD 25,4508725,Union - VTD 25,UNION - VTD 25,2312929.397359,Union,087,Monarch Box 1,Union - Monarch Box 1,UNION - MONARCH BOX 1,2312929.397359,1.000000,1
087,Union,VTD 26,4508726,Union - VTD 26,UNION - VTD 26,6220408.026625,Union,087,Monarch Box 1,Union - Monarch Box 1,UNION - MONARCH BOX 1,6018292.253089,0.967508,1
087,Union,VTD 26,4508726,Union - VTD 26,UNION - VTD 26,6220408.026625,Union,087,Monarch Box 2,Union - Monarch Box 2,UNION - MONARCH BOX 2,202113.827840,0.032492,2
087,Union,VTD 29,4508729,Union - VTD 29,UNION - VTD 29,224038.492844,Union,087,Union Ward 4 Box 1,Union - Union Ward 4 Box 1,UNION - UNION WARD 4 BOX 1,223242.014485,0.996445,1
087,Union,VTD 29,4508729,Union - VTD 29,UNION - VTD 29,224038.492844,Union,087,Union Ward 3,Union - Union Ward 3,UNION - UNION WARD 3,557.776214,0.002490,2
087,Union,VTD 29,4508729,Union - VTD 29,UNION - VTD 29,224038.492844,Union,087,Union Ward 1 Box 2,Union - Union Ward 1 Box 2,UNION - UNION WARD 1 BOX 2,238.702145,0.001065,3
087,Union,VTD 30,4508730,Union - VTD 30,UNION - VTD 30,632706.750785,Union,087,Union Ward 1 Box 2,Union - Union Ward 1 Box 2,UNION - UNION WARD 1 BOX 2,629801.171748,0.995408,1
087,Union,VTD 30,4508730,Union - VTD 30,UNION - VTD 30,632706.750785,Union,087,Union Ward 4 Box 1,Union - Union Ward 4 Box 1,UNION - UNION WARD 4 BOX 1,2335.233190,0.003691,2
087,Union,VTD 30,4508730,Union - VTD 30,UNION - VTD 30,632706.750785,Union,087,Union Ward 2,Union - Union Ward 2,UNION - UNION WARD 2,570.345846,0.000901,3
087,Union,VTD 33,4508733,Union - VTD 33,UNION - VTD 33,760974.599564,Union,087,Union Ward 3,Union - Union Ward 3,UNION - UNION WARD 3,760202.821503,0.998986,1
087,Union,VTD 33,4508733,Union - VTD 33,UNION - VTD 33,760974.599564,Union,087,Union Ward 2,Union - Union Ward 2,UNION - UNION WARD 2,637.154389,0.000837,2
087,Union,VTD 32,4508732,Union - VTD 32,UNION - VTD 32,758566.367065,Union,087,Union Ward 3,Union - Union Ward 3,UNION - UNION WARD 3,695211.977134,0.916481,1
087,Union,VTD 32,4508732,Union - VTD 32,UNION - VTD 32,758566.367065,Union,087,Excelsior,Union - Excelsior,UNION - EXCELSIOR,63136.130393,0.083231,2
087,Union,VTD 34,4508734,Union - VTD 34,UNION - VTD 34,1029629.459673,Union,087,Union Ward 2,Union - Union Ward 2,UNION - UNION WARD 2,1028362.520858,0.998770,1
087,Union,VTD 35,4508735,Union - VTD 35,UNION - VTD 35,3316827.040714,Union,087,Monarch Box 2,Union - Monarch Box 2,UNION - MONARCH BOX 2,1694329.395636,0.510828,1
087,Union,VTD 35,4508735,Union - VTD 35,UNION - VTD 35,3316827.040714,Union,087,Union Ward 2,Union - Union Ward 2,UNION - UNION WARD 2,1600681.039220,0.482594,2
087,Union,VTD 35,4508735,Union - VTD 35,UNION - VTD 35,3316827.040714,Union,087,Excelsior,Union - Excelsior,UNION - EXCELSIOR,21144.096250,0.006375,3
087,Union,VTD 28,4508728,Union - VTD 28,UNION - VTD 28,972132.216241,Union,087,Union Ward 4 Box 2,Union - Union Ward 4 Box 2,UNION - UNION WARD 4 BOX 2,829955.485233,0.853748,1
087,Union,VTD 28,4508728,Union - VTD 28,UNION - VTD 28,972132.216241,Union,087,Union Ward 4 Box 1,Union - Union Ward 4 Box 1,UNION - UNION WARD 4 BOX 1,141506.295887,0.145563,2
087,Union,VTD 28,4508728,Union - VTD 28,UNION - VTD 28,972132.216241,Union,087,Union Ward 3,Union - Union Ward 3,UNION - UNION WARD 3,670.435121,0.000690,3
087,Union,VTD 31,4508731,Union - VTD 31,UNION - VTD 31,540118.890631,Union,087,Union Ward 1 Box 1,Union - Union Ward 1 Box 1,UNION - UNION WARD 1 BOX 1,539796.238038,0.999403,1
087,Union,VTD 31,4508731,Union - VTD 31,UNION - VTD 31,540118.890631,Union,087,Union Ward 2,Union - Union Ward 2,UNION - UNION WARD 2,322.638855,0.000597,2
087,Union,VTD 27,4508727,Union - VTD 27,UNION - VTD 27,62671311.291715,Union,087,Adamsburg,Union - Adamsburg,UNION - ADAMSBURG,30576884.069804,0.487893,1
087,Union,VTD 27,4508727,Union - VTD 27,UNION - VTD 27,62671311.291715,Union,087,Excelsior,Union - Excelsior,UNION - EXCELSIOR,12342715.343505,0.196944,2
087,Union,VTD 27,4508727,Union - VTD 27,UNION - VTD 27,62671311.291715,Union,087,Monarch Box 1,Union - Monarch Box 1,UNION - MONARCH BOX 1,10591394.513654,0.168999,3
087,Union,VTD 27,4508727,Union - VTD 27,UNION - VTD 27,62671311.291715,Union,087,Santuck,Union - Santuck,UNION - SANTUCK,5056118.147673,0.080677,4
087,Union,VTD 27,4508727,Union - VTD 27,UNION - VTD 27,62671311.291715,Union,087,Monarch Box 2,Union - Monarch Box 2,UNION - MONARCH BOX 2,4104197.137227,0.065488,5
087,Union,VTD 37,4508737,Union - VTD 37,UNION - VTD 37,189281109.929829,Union,087,Cross Keys,Union - Cross Keys,UNION - CROSS KEYS,189280917.003196,0.999999,1
087,Union,VTD 38,4508738,Union - VTD 38,UNION - VTD 38,15668122.405883,Union,087,Excelsior,Union - Excelsior,UNION - EXCELSIOR,15666815.196554,0.999917,1
087,Union,VTD 22,4508722,Union - VTD 22,UNION - VTD 22,3988338.444875,Union,087,Union Ward 4 Box 1,Union - Union Ward 4 Box 1,UNION - UNION WARD 4 BOX 1,3549296.334544,0.889919,1
087,Union,VTD 22,4508722,Union - VTD 22,UNION - VTD 22,3988338.444875,Union,087,Bonham,Union - Bonham,UNION - BONHAM,435471.661289,0.109186,2
087,Union,VTD 22,4508722,Union - VTD 22,UNION - VTD 22,3988338.444875,Union,087,Union Ward 4 Box 2,Union - Union Ward 4 Box 2,UNION - UNION WARD 4 BOX 2,3321.406362,0.000833,3
087,Union,VTD 39,4508739,Union - VTD 39,UNION - VTD 39,65099763.480285,Union,087,Excelsior,Union - Excelsior,UNION - EXCELSIOR,65053206.928852,0.999285,1
087,Union,VTD 21,4508721,Union - VTD 21,UNION - VTD 21,939180.637792,Union,087,Union Ward 4 Box 1,Union - Union Ward 4 Box 1,UNION - UNION WARD 4 BOX 1,353276.473215,0.376154,1
087,Union,VTD 21,4508721,Union - VTD 21,UNION - VTD 21,939180.637792,Union,087,Union Ward 4 Box 2,Union - Union Ward 4 Box 2,UNION - UNION WARD 4 BOX 2,312458.355102,0.332693,2
087,Union,VTD 21,4508721,Union - VTD 21,UNION - VTD 21,939180.637792,Union,087,East Buffalo,Union - East Buffalo,UNION - EAST BUFFALO,270233.246503,0.287733,3
087,Union,VTD 21,4508721,Union - VTD 21,UNION - VTD 21,939180.637792,Union,087,Union Ward 3,Union - Union Ward 3,UNION - UNION WARD 3,3212.562972,0.003421,4
087,Union,VTD 15,4508715,Union - VTD 15,UNION - VTD 15,9887860.762803,Union,087,Bonham,Union - Bonham,UNION - BONHAM,9887860.732363,1.000000,1
087,Union,VTD 36,4508736,Union - VTD 36,UNION - VTD 36,3600920.884468,Union,087,Excelsior,Union - Excelsior,UNION - EXCELSIOR,3522837.370096,0.978316,1
087,Union,VTD 36,4508736,Union - VTD 36,UNION - VTD 36,3600920.884468,Union,087,Union Ward 3,Union - Union Ward 3,UNION - UNION WARD 3,77947.426133,0.021647,2
087,Union,VTD 11,4508711,Union - VTD 11,UNION - VTD 11,12446632.456984,Union,087,Lockhart,Union - Lockhart,UNION - LOCKHART,12442352.369254,0.999656,1
087,Union,VTD 10,4508710,Union - VTD 10,UNION - VTD 10,23575853.526104,Union,087,Adamsburg,Union - Adamsburg,UNION - ADAMSBURG,23575090.633016,0.999968,1
087,Union,VTD 14,4508714,Union - VTD 14,UNION - VTD 14,15290669.723426,Union,087,Buffalo Box 1,Union - Buffalo Box 1,UNION - BUFFALO BOX 1,15224939.355811,0.995701,1
087,Union,VTD 14,4508714,Union - VTD 14,UNION - VTD 14,15290669.723426,Union,087,Putnam,Union - Putnam,UNION - PUTNAM,65729.082794,0.004299,2
087,Union,VTD 12,4508712,Union - VTD 12,UNION - VTD 12,22961980.367207,Union,087,Lockhart,Union - Lockhart,UNION - LOCKHART,22960063.208069,0.999917,1
087,Union,VTD 20,4508720,Union - VTD 20,UNION - VTD 20,455368.730811,Union,087,Union Ward 4 Box 1,Union - Union Ward 4 Box 1,UNION - UNION WARD 4 BOX 1,333700.334482,0.732813,1
087,Union,VTD 20,4508720,Union - VTD 20,UNION - VTD 20,455368.730811,Union,087,East Buffalo,Union - East Buffalo,UNION - EAST BUFFALO,121668.396329,0.267187,2
087,Union,VTD 13,4508713,Union - VTD 13,UNION - VTD 13,80897031.135416,Union,087,Putnam,Union - Putnam,UNION - PUTNAM,80896259.317979,0.999990,1
087,Union,VTD 19,4508719,Union - VTD 19,UNION - VTD 19,14047634.420339,Union,087,East Buffalo,Union - East Buffalo,UNION - EAST BUFFALO,13833458.248812,0.984754,1
087,Union,VTD 19,4508719,Union - VTD 19,UNION - VTD 19,14047634.420339,Union,087,Union Ward 4 Box 2,Union - Union Ward 4 Box 2,UNION - UNION WARD 4 BOX 2,112547.881426,0.008012,2
087,Union,VTD 19,4508719,Union - VTD 19,UNION - VTD 19,14047634.420339,Union,087,Union Ward 4 Box 1,Union - Union Ward 4 Box 1,UNION - UNION WARD 4 BOX 1,91610.443500,0.006521,3
087,Union,VTD 19,4508719,Union - VTD 19,UNION - VTD 19,14047634.420339,Union,087,Excelsior,Union - Excelsior,UNION - EXCELSIOR,7907.094327,0.000563,4
087,Union,VTD 16,4508716,Union - VTD 16,UNION - VTD 16,31034348.171248,Union,087,Bonham,Union - Bonham,UNION - BONHAM,26797910.995979,0.863492,1
087,Union,VTD 16,4508716,Union - VTD 16,UNION - VTD 16,31034348.171248,Union,087,Kelton,Union - Kelton,UNION - KELTON,3354849.568031,0.108101,2
087,Union,VTD 16,4508716,Union - VTD 16,UNION - VTD 16,31034348.171248,Union,087,Union Ward 1 Box 2,Union - Union Ward 1 Box 2,UNION - UNION WARD 1 BOX 2,840265.949457,0.027075,3
087,Union,VTD 16,4508716,Union - VTD 16,UNION - VTD 16,31034348.171248,Union,087,Monarch Box 1,Union - Monarch Box 1,UNION - MONARCH BOX 1,39792.861209,0.001282,4
087,Union,VTD 6,450876,Union - VTD 6,UNION - VTD 6,53686093.408030,Union,087,Jonesville Box 2,Union - Jonesville Box 2,UNION - JONESVILLE BOX 2,53686066.754565,1.000000,1
087,Union,VTD 8,450878,Union - VTD 8,UNION - VTD 8,24610117.248233,Union,087,Kelton,Union - Kelton,UNION - KELTON,24609160.635472,0.999961,1
087,Union,VTD 7,450877,Union - VTD 7,UNION - VTD 7,7158032.946409,Union,087,Jonesville Box 2,Union - Jonesville Box 2,UNION - JONESVILLE BOX 2,7155971.158054,0.999712,1
087,Union,VTD 5,450875,Union - VTD 5,UNION - VTD 5,36881745.917889,Union,087,West Springs,Union - West Springs,UNION - WEST SPRINGS,36881257.681196,0.999987,1
087,Union,VTD 3,450873,Union - VTD 3,UNION - VTD 3,34322995.580250,Union,087,Jonesville Box 1,Union - Jonesville Box 1,UNION - JONESVILLE BOX 1,33967404.818972,0.989640,1
087,Union,VTD 3,450873,Union - VTD 3,UNION - VTD 3,34322995.580250,Union,087,Kelton,Union - Kelton,UNION - KELTON,351086.112846,0.010229,2
087,Union,VTD 2,450872,Union - VTD 2,UNION - VTD 2,45493059.754431,Union,087,Jonesville Box 1,Union - Jonesville Box 1,UNION - JONESVILLE BOX 1,45492756.698486,0.999993,1
087,Union,VTD 4,450874,Union - VTD 4,UNION - VTD 4,84929237.589088,Union,087,Kelton,Union - Kelton,UNION - KELTON,84929225.700965,1.000000,1
089,Williamsburg,VTD 27,4508927,Williamsburg - VTD 27,WILLIAMSBURG - VTD 27,64609054.312654,Williamsburg,089,Trio,Williamsburg - Trio,WILLIAMSBURG - TRIO,63941867.401649,0.989673,1
089,Williamsburg,VTD 27,4508927,Williamsburg - VTD 27,WILLIAMSBURG - VTD 27,64609054.312654,Williamsburg,089,Salters,Williamsburg - Salters,WILLIAMSBURG - SALTERS,667186.911004,0.010327,2
089,Williamsburg,VTD 25,4508925,Williamsburg - VTD 25,WILLIAMSBURG - VTD 25,73045610.315429,Williamsburg,089,Salters,Williamsburg - Salters,WILLIAMSBURG - SALTERS,72966050.413427,0.998911,1
089,Williamsburg,VTD 25,4508925,Williamsburg - VTD 25,WILLIAMSBURG - VTD 25,73045610.315429,Williamsburg,089,Central,Williamsburg - Central,WILLIAMSBURG - CENTRAL,79559.902001,0.001089,2
089,Williamsburg,VTD 20,4508920,Williamsburg - VTD 20,WILLIAMSBURG - VTD 20,36300149.132770,Williamsburg,089,Central,Williamsburg - Central,WILLIAMSBURG - CENTRAL,36300149.132770,1.000000,1
089,Williamsburg,VTD 21,4508921,Williamsburg - VTD 21,WILLIAMSBURG - VTD 21,43863375.211924,Williamsburg,089,Central,Williamsburg - Central,WILLIAMSBURG - CENTRAL,43863375.211924,1.000000,1
089,Williamsburg,VTD 22,4508922,Williamsburg - VTD 22,WILLIAMSBURG - VTD 22,144496729.675000,Williamsburg,089,Bloomingvale,Williamsburg - Bloomingvale,WILLIAMSBURG - BLOOMINGVALE,144106478.692927,0.997299,1
089,Williamsburg,VTD 22,4508922,Williamsburg - VTD 22,WILLIAMSBURG - VTD 22,144496729.675000,Williamsburg,089,Central,Williamsburg - Central,WILLIAMSBURG - CENTRAL,390250.982073,0.002701,2
089,Williamsburg,VTD 23,4508923,Williamsburg - VTD 23,WILLIAMSBURG - VTD 23,63576984.719394,Williamsburg,089,Morrisville,Williamsburg - Morrisville,WILLIAMSBURG - MORRISVILLE,63159190.256015,0.993429,1
089,Williamsburg,VTD 23,4508923,Williamsburg - VTD 23,WILLIAMSBURG - VTD 23,63576984.719394,Williamsburg,089,Piney Forest,Williamsburg - Piney Forest,WILLIAMSBURG - PINEY FOREST,394333.975207,0.006202,2
089,Williamsburg,VTD 26,4508926,Williamsburg - VTD 26,WILLIAMSBURG - VTD 26,36088926.983912,Williamsburg,089,Piney Forest,Williamsburg - Piney Forest,WILLIAMSBURG - PINEY FOREST,26021737.066619,0.721045,1
089,Williamsburg,VTD 26,4508926,Williamsburg - VTD 26,WILLIAMSBURG - VTD 26,36088926.983912,Williamsburg,089,Bloomingvale,Williamsburg - Bloomingvale,WILLIAMSBURG - BLOOMINGVALE,9935834.098517,0.275315,2
089,Williamsburg,VTD 26,4508926,Williamsburg - VTD 26,WILLIAMSBURG - VTD 26,36088926.983912,Williamsburg,089,Morrisville,Williamsburg - Morrisville,WILLIAMSBURG - MORRISVILLE,107502.866938,0.002979,3
089,Williamsburg,VTD 26,4508926,Williamsburg - VTD 26,WILLIAMSBURG - VTD 26,36088926.983912,Williamsburg,089,Harmony,Williamsburg - Harmony,WILLIAMSBURG - HARMONY,23847.703196,0.000661,4
089,Williamsburg,VTD 28,4508928,Williamsburg - VTD 28,WILLIAMSBURG - VTD 28,81362319.080017,Williamsburg,089,Trio,Williamsburg - Trio,WILLIAMSBURG - TRIO,81362319.080017,1.000000,1
089,Williamsburg,VTD 29,4508929,Williamsburg - VTD 29,WILLIAMSBURG - VTD 29,46206057.056554,Williamsburg,089,Harmony,Williamsburg - Harmony,WILLIAMSBURG - HARMONY,46082750.994067,0.997331,1
089,Williamsburg,VTD 29,4508929,Williamsburg - VTD 29,WILLIAMSBURG - VTD 29,46206057.056554,Williamsburg,089,Bloomingvale,Williamsburg - Bloomingvale,WILLIAMSBURG - BLOOMINGVALE,123306.010941,0.002669,2
089,Williamsburg,VTD 33,4508933,Williamsburg - VTD 33,WILLIAMSBURG - VTD 33,30257878.445044,Williamsburg,089,Earles,Williamsburg - Earles,WILLIAMSBURG - EARLES,30228876.401590,0.999042,1
089,Williamsburg,VTD 33,4508933,Williamsburg - VTD 33,WILLIAMSBURG - VTD 33,30257878.445044,Williamsburg,089,Harmony,Williamsburg - Harmony,WILLIAMSBURG - HARMONY,28998.743994,0.000958,2
089,Williamsburg,VTD 32,4508932,Williamsburg - VTD 32,WILLIAMSBURG - VTD 32,45299346.567736,Williamsburg,089,Earles,Williamsburg - Earles,WILLIAMSBURG - EARLES,43952988.599334,0.970279,1
089,Williamsburg,VTD 32,4508932,Williamsburg - VTD 32,WILLIAMSBURG - VTD 32,45299346.567736,Williamsburg,089,Trio,Williamsburg - Trio,WILLIAMSBURG - TRIO,1346353.368553,0.029721,2
089,Williamsburg,VTD 31,4508931,Williamsburg - VTD 31,WILLIAMSBURG - VTD 31,48421765.438104,Williamsburg,089,Suttons,Williamsburg - Suttons,WILLIAMSBURG - SUTTONS,48421736.938383,0.999999,1
089,Williamsburg,VTD 30,4508930,Williamsburg - VTD 30,WILLIAMSBURG - VTD 30,129504537.608504,Williamsburg,089,Suttons,Williamsburg - Suttons,WILLIAMSBURG - SUTTONS,129346421.362778,0.998779,1
089,Williamsburg,VTD 30,4508930,Williamsburg - VTD 30,WILLIAMSBURG - VTD 30,129504537.608504,Williamsburg,089,Lane,Williamsburg - Lane,WILLIAMSBURG - LANE,158102.020360,0.001221,2
089,Williamsburg,VTD 24,4508924,Williamsburg - VTD 24,WILLIAMSBURG - VTD 24,147862815.667293,Williamsburg,089,Lane,Williamsburg - Lane,WILLIAMSBURG - LANE,147655018.401170,0.998595,1
089,Williamsburg,VTD 24,4508924,Williamsburg - VTD 24,WILLIAMSBURG - VTD 24,147862815.667293,Williamsburg,089,Suttons,Williamsburg - Suttons,WILLIAMSBURG - SUTTONS,207796.131864,0.001405,2
089,Williamsburg,VTD 19,4508919,Williamsburg - VTD 19,WILLIAMSBURG - VTD 19,57678771.781098,Williamsburg,089,Salters,Williamsburg - Salters,WILLIAMSBURG - SALTERS,57678732.162593,0.999999,1
089,Williamsburg,VTD 18,4508918,Williamsburg - VTD 18,WILLIAMSBURG - VTD 18,173957431.386921,Williamsburg,089,Greeleyville,Williamsburg - Greeleyville,WILLIAMSBURG - GREELEYVILLE,172102667.263612,0.989338,1
089,Williamsburg,VTD 18,4508918,Williamsburg - VTD 18,WILLIAMSBURG - VTD 18,173957431.386921,Williamsburg,089,Mount Vernon,Williamsburg - Mount Vernon,WILLIAMSBURG - MOUNT VERNON,1715560.926299,0.009862,2
089,Williamsburg,VTD 18,4508918,Williamsburg - VTD 18,WILLIAMSBURG - VTD 18,173957431.386921,Williamsburg,089,Lane,Williamsburg - Lane,WILLIAMSBURG - LANE,139039.071529,0.000799,3
089,Williamsburg,VTD 14,4508914,Williamsburg - VTD 14,WILLIAMSBURG - VTD 14,3726230.153837,Williamsburg,089,Kingstree No. 2,Williamsburg - Kingstree No. 2,WILLIAMSBURG - KINGSTREE NO. 2,3726230.153837,1.000000,1
089,Williamsburg,VTD 15,4508915,Williamsburg - VTD 15,WILLIAMSBURG - VTD 15,144483074.804407,Williamsburg,089,Kingstree No. 3,Williamsburg - Kingstree No. 3,WILLIAMSBURG - KINGSTREE NO. 3,79842273.565390,0.552606,1
089,Williamsburg,VTD 15,4508915,Williamsburg - VTD 15,WILLIAMSBURG - VTD 15,144483074.804407,Williamsburg,089,Kingstree No. 4,Williamsburg - Kingstree No. 4,WILLIAMSBURG - KINGSTREE NO. 4,64628242.861527,0.447307,2
089,Williamsburg,VTD 34,4508934,Williamsburg - VTD 34,WILLIAMSBURG - VTD 34,80700300.239128,Williamsburg,089,Cedar Swamp,Williamsburg - Cedar Swamp,WILLIAMSBURG - CEDAR SWAMP,80700300.239128,1.000000,1
089,Williamsburg,VTD 17,4508917,Williamsburg - VTD 17,WILLIAMSBURG - VTD 17,83198154.126954,Williamsburg,089,Henry Poplar Hl,Williamsburg - Henry Poplar Hl,WILLIAMSBURG - HENRY POPLAR HL,76695142.964696,0.921837,1
089,Williamsburg,VTD 17,4508917,Williamsburg - VTD 17,WILLIAMSBURG - VTD 17,83198154.126954,Williamsburg,089,Muddy Creek,Williamsburg - Muddy Creek,WILLIAMSBURG - MUDDY CREEK,6426571.786306,0.077244,2
089,Williamsburg,VTD 17,4508917,Williamsburg - VTD 17,WILLIAMSBURG - VTD 17,83198154.126954,Williamsburg,089,Hemmingway,Williamsburg - Hemmingway,WILLIAMSBURG - HEMMINGWAY,76438.990092,0.000919,3
089,Williamsburg,VTD 11,4508911,Williamsburg - VTD 11,WILLIAMSBURG - VTD 11,63923468.595864,Williamsburg,089,Muddy Creek,Williamsburg - Muddy Creek,WILLIAMSBURG - MUDDY CREEK,63923467.295089,1.000000,1
089,Williamsburg,VTD 10,4508910,Williamsburg - VTD 10,WILLIAMSBURG - VTD 10,5317088.447212,Williamsburg,089,Muddy Creek,Williamsburg - Muddy Creek,WILLIAMSBURG - MUDDY CREEK,5317084.797671,0.999999,1
089,Williamsburg,VTD 35,4508935,Williamsburg - VTD 35,WILLIAMSBURG - VTD 35,79673399.147540,Williamsburg,089,Nesmith,Williamsburg - Nesmith,WILLIAMSBURG - NESMITH,79635694.877520,0.999527,1
089,Williamsburg,VTD 9,450899,Williamsburg - VTD 9,WILLIAMSBURG - VTD 9,22454718.694154,Williamsburg,089,Hemmingway,Williamsburg - Hemmingway,WILLIAMSBURG - HEMMINGWAY,21538737.812572,0.959208,1
089,Williamsburg,VTD 9,450899,Williamsburg - VTD 9,WILLIAMSBURG - VTD 9,22454718.694154,Williamsburg,089,Muddy Creek,Williamsburg - Muddy Creek,WILLIAMSBURG - MUDDY CREEK,915972.775813,0.040792,2
089,Williamsburg,VTD 16,4508916,Williamsburg - VTD 16,WILLIAMSBURG - VTD 16,138500350.206159,Williamsburg,089,Indiantown,Williamsburg - Indiantown,WILLIAMSBURG - INDIANTOWN,134946173.092175,0.974338,1
089,Williamsburg,VTD 16,4508916,Williamsburg - VTD 16,WILLIAMSBURG - VTD 16,138500350.206159,Williamsburg,089,Kingstree No. 3,Williamsburg - Kingstree No. 3,WILLIAMSBURG - KINGSTREE NO. 3,3554177.113984,0.025662,2
089,Williamsburg,VTD 8,450898,Williamsburg - VTD 8,WILLIAMSBURG - VTD 8,29578301.023245,Williamsburg,089,Hemmingway,Williamsburg - Hemmingway,WILLIAMSBURG - HEMMINGWAY,29578301.002700,1.000000,1
089,Williamsburg,VTD 7,450897,Williamsburg - VTD 7,WILLIAMSBURG - VTD 7,61385854.728383,Williamsburg,089,031,Williamsburg - 031,WILLIAMSBURG - 031,61385852.322240,1.000000,1
089,Williamsburg,VTD 6,450896,Williamsburg - VTD 6,WILLIAMSBURG - VTD 6,102381940.955817,Williamsburg,089,Cades,Williamsburg - Cades,WILLIAMSBURG - CADES,83944143.372668,0.819912,1
089,Williamsburg,VTD 6,450896,Williamsburg - VTD 6,WILLIAMSBURG - VTD 6,102381940.955817,Williamsburg,089,031,Williamsburg - 031,WILLIAMSBURG - 031,12857279.023684,0.125582,2
089,Williamsburg,VTD 6,450896,Williamsburg - VTD 6,WILLIAMSBURG - VTD 6,102381940.955817,Williamsburg,089,Sandy Bay,Williamsburg - Sandy Bay,WILLIAMSBURG - SANDY BAY,3469169.453727,0.033885,3
089,Williamsburg,VTD 6,450896,Williamsburg - VTD 6,WILLIAMSBURG - VTD 6,102381940.955817,Williamsburg,089,Kingstree No. 3,Williamsburg - Kingstree No. 3,WILLIAMSBURG - KINGSTREE NO. 3,2111349.105738,0.020622,4
089,Williamsburg,VTD 5,450895,Williamsburg - VTD 5,WILLIAMSBURG - VTD 5,56468009.263737,Williamsburg,089,Sandy Bay,Williamsburg - Sandy Bay,WILLIAMSBURG - SANDY BAY,55870752.075680,0.989423,1
089,Williamsburg,VTD 5,450895,Williamsburg - VTD 5,WILLIAMSBURG - VTD 5,56468009.263737,Williamsburg,089,Cades,Williamsburg - Cades,WILLIAMSBURG - CADES,402448.403170,0.007127,2
089,Williamsburg,VTD 5,450895,Williamsburg - VTD 5,WILLIAMSBURG - VTD 5,56468009.263737,Williamsburg,089,Hebron,Williamsburg - Hebron,WILLIAMSBURG - HEBRON,194808.784887,0.003450,3
089,Williamsburg,VTD 13,4508913,Williamsburg - VTD 13,WILLIAMSBURG - VTD 13,111671954.531852,Williamsburg,089,Kingstree No. 1,Williamsburg - Kingstree No. 1,WILLIAMSBURG - KINGSTREE NO. 1,111596761.912343,0.999327,1
089,Williamsburg,VTD 12,4508912,Williamsburg - VTD 12,WILLIAMSBURG - VTD 12,78013946.931571,Williamsburg,089,Mount Vernon,Williamsburg - Mount Vernon,WILLIAMSBURG - MOUNT VERNON,77861240.334715,0.998043,1
089,Williamsburg,VTD 12,4508912,Williamsburg - VTD 12,WILLIAMSBURG - VTD 12,78013946.931571,Williamsburg,089,Kingstree No. 1,Williamsburg - Kingstree No. 1,WILLIAMSBURG - KINGSTREE NO. 1,152706.596857,0.001957,2
089,Williamsburg,VTD 3,450893,Williamsburg - VTD 3,WILLIAMSBURG - VTD 3,26476329.515559,Williamsburg,089,Black River,Williamsburg - Black River,WILLIAMSBURG - BLACK RIVER,26476301.983253,0.999999,1
089,Williamsburg,VTD 4,450894,Williamsburg - VTD 4,WILLIAMSBURG - VTD 4,35194994.279636,Williamsburg,089,Black River,Williamsburg - Black River,WILLIAMSBURG - BLACK RIVER,35073285.935746,0.996542,1
089,Williamsburg,VTD 4,450894,Williamsburg - VTD 4,WILLIAMSBURG - VTD 4,35194994.279636,Williamsburg,089,Kingstree No. 1,Williamsburg - Kingstree No. 1,WILLIAMSBURG - KINGSTREE NO. 1,121708.343890,0.003458,2
089,Williamsburg,VTD 2,450892,Williamsburg - VTD 2,WILLIAMSBURG - VTD 2,23950031.629176,Williamsburg,089,Pergamos,Williamsburg - Pergamos,WILLIAMSBURG - PERGAMOS,23950031.618916,1.000000,1
089,Williamsburg,VTD 1,450891,Williamsburg - VTD 1,WILLIAMSBURG - VTD 1,57295294.606446,Williamsburg,089,Hebron,Williamsburg - Hebron,WILLIAMSBURG - HEBRON,57281775.832157,0.999764,1
091,York,VTD 51,4509151,York - VTD 51,YORK - VTD 51,24349270.704922,York,091,Oak Ridge,York - Oak Ridge,YORK - OAK RIDGE,24303021.397400,0.998101,1
091,York,VTD 51,4509151,York - VTD 51,YORK - VTD 51,24349270.704922,York,091,Rock Hill No. 3,York - Rock Hill No. 3,YORK - ROCK HILL NO. 3,42804.727469,0.001758,2
091,York,VTD 49,4509149,York - VTD 49,YORK - VTD 49,36071845.535310,York,091,Oak Ridge,York - Oak Ridge,YORK - OAK RIDGE,36071517.233080,0.999991,1
091,York,VTD 46,4509146,York - VTD 46,YORK - VTD 46,55353690.079195,York,091,Bullocks Creek,York - Bullocks Creek,YORK - BULLOCKS CREEK,55353678.828288,1.000000,1
091,York,VTD 45,4509145,York - VTD 45,YORK - VTD 45,40955511.805890,York,091,Bullocks Creek,York - Bullocks Creek,YORK - BULLOCKS CREEK,40955511.805890,1.000000,1
091,York,VTD 31,4509131,York - VTD 31,YORK - VTD 31,54834224.316830,York,091,Sharon,York - Sharon,YORK - SHARON,54834224.316830,1.000000,1
091,York,VTD 29,4509129,York - VTD 29,YORK - VTD 29,66861946.039445,York,091,Hickory Grove,York - Hickory Grove,YORK - HICKORY GROVE,66861939.636980,1.000000,1
091,York,VTD 52,4509152,York - VTD 52,YORK - VTD 52,20970267.612127,York,091,Tools Fork,York - Tools Fork,YORK - TOOLS FORK,14383265.703833,0.685889,1
091,York,VTD 52,4509152,York - VTD 52,YORK - VTD 52,20970267.612127,York,091,Northernwestern,York - Northernwestern,YORK - NORTHERNWESTERN,6586979.176294,0.314110,2
091,York,VTD 37,4509137,York - VTD 37,YORK - VTD 37,25561774.698414,York,091,Mt. Gallant,York - Mt. Gallant,YORK - MT. GALLANT,8932408.411038,0.349444,1
091,York,VTD 37,4509137,York - VTD 37,YORK - VTD 37,25561774.698414,York,091,Airport,York - Airport,YORK - AIRPORT,6161607.511911,0.241048,2
091,York,VTD 37,4509137,York - VTD 37,YORK - VTD 37,25561774.698414,York,091,Lakewood,York - Lakewood,YORK - LAKEWOOD,5890588.624331,0.230445,3
091,York,VTD 37,4509137,York - VTD 37,YORK - VTD 37,25561774.698414,York,091,Laurel Creek,York - Laurel Creek,YORK - LAUREL CREEK,3328282.413996,0.130205,4
091,York,VTD 37,4509137,York - VTD 37,YORK - VTD 37,25561774.698414,York,091,Allison Creek,York - Allison Creek,YORK - ALLISON CREEK,1153152.961092,0.045112,5
091,York,VTD 37,4509137,York - VTD 37,YORK - VTD 37,25561774.698414,York,091,Newport,York - Newport,YORK - NEWPORT,79500.334041,0.003110,6
091,York,VTD 37,4509137,York - VTD 37,YORK - VTD 37,25561774.698414,York,091,India Hook,York - India Hook,YORK - INDIA HOOK,14862.810527,0.000581,7
091,York,VTD 18,4509118,York - VTD 18,YORK - VTD 18,36121737.566922,York,091,New Home,York - New Home,YORK - NEW HOME,35898365.760106,0.993816,1
091,York,VTD 18,4509118,York - VTD 18,YORK - VTD 18,36121737.566922,York,091,Allison Creek,York - Allison Creek,YORK - ALLISON CREEK,223371.532932,0.006184,2
091,York,VTD 11,4509111,York - VTD 11,YORK - VTD 11,40636485.180680,York,091,Smyrna,York - Smyrna,YORK - SMYRNA,28260672.076788,0.695451,1
091,York,VTD 11,4509111,York - VTD 11,YORK - VTD 11,40636485.180680,York,091,Hickory Grove,York - Hickory Grove,YORK - HICKORY GROVE,12375813.103892,0.304549,2
091,York,VTD 19,4509119,York - VTD 19,YORK - VTD 19,27267562.115696,York,091,Allison Creek,York - Allison Creek,YORK - ALLISON CREEK,27267562.115696,1.000000,1
091,York,VTD 26,4509126,York - VTD 26,YORK - VTD 26,13622887.444203,York,091,Orchard Park,York - Orchard Park,YORK - ORCHARD PARK,13622877.873483,0.999999,1
091,York,VTD 23,4509123,York - VTD 23,YORK - VTD 23,9809506.475091,York,091,Carolina,York - Carolina,YORK - CAROLINA,8980863.453505,0.915527,1
091,York,VTD 23,4509123,York - VTD 23,YORK - VTD 23,9809506.475091,York,091,Fort Mill No. 5,York - Fort Mill No. 5,YORK - FORT MILL NO. 5,828640.335274,0.084473,2
091,York,VTD 9,450919,York - VTD 9,YORK - VTD 9,3119519.539807,York,091,Bethel No. 2,York - Bethel No. 2,YORK - BETHEL NO. 2,3119512.363590,0.999998,1
091,York,VTD 8,450918,York - VTD 8,YORK - VTD 8,31812305.411138,York,091,Lakeshore,York - Lakeshore,YORK - LAKESHORE,28736308.058359,0.903308,1
091,York,VTD 8,450918,York - VTD 8,YORK - VTD 8,31812305.411138,York,091,Bethel No. 2,York - Bethel No. 2,YORK - BETHEL NO. 2,2348992.208423,0.073839,2
091,York,VTD 8,450918,York - VTD 8,YORK - VTD 8,31812305.411138,York,091,Pole Branch,York - Pole Branch,YORK - POLE BRANCH,726971.949063,0.022852,3
091,York,VTD 4,450914,York - VTD 4,YORK - VTD 4,33345909.788163,York,091,Mill Creek,York - Mill Creek,YORK - MILL CREEK,12454352.211291,0.373490,1
091,York,VTD 4,450914,York - VTD 4,YORK - VTD 4,33345909.788163,York,091,Bethel No. 1,York - Bethel No. 1,YORK - BETHEL NO. 1,8981158.310258,0.269333,2
091,York,VTD 4,450914,York - VTD 4,YORK - VTD 4,33345909.788163,York,091,Pole Branch,York - Pole Branch,YORK - POLE BRANCH,6380344.640890,0.191338,3
091,York,VTD 4,450914,York - VTD 4,YORK - VTD 4,33345909.788163,York,091,Wylie,York - Wylie,YORK - WYLIE,5519642.690596,0.165527,4
091,York,VTD 3,450913,York - VTD 3,YORK - VTD 3,32323374.598308,York,091,Bowling Green,York - Bowling Green,YORK - BOWLING GREEN,32310421.357327,0.999599,1
091,York,VTD 2,450912,York - VTD 2,YORK - VTD 2,71478885.813477,York,091,Bethany,York - Bethany,YORK - BETHANY,71478879.544287,1.000000,1
091,York,VTD 10,4509110,York - VTD 10,YORK - VTD 10,29055383.321370,York,091,Smyrna,York - Smyrna,YORK - SMYRNA,29055357.400292,0.999999,1
091,York,VTD 1,450911,York - VTD 1,YORK - VTD 1,40402539.762085,York,091,Bethany,York - Bethany,YORK - BETHANY,40402521.848856,1.000000,1
091,York,VTD 36,4509136,York - VTD 36,YORK - VTD 36,26113288.979474,York,091,Newport,York - Newport,YORK - NEWPORT,8928052.225926,0.341897,1
091,York,VTD 36,4509136,York - VTD 36,YORK - VTD 36,26113288.979474,York,091,Harvest,York - Harvest,YORK - HARVEST,5920955.726675,0.226741,2
091,York,VTD 36,4509136,York - VTD 36,YORK - VTD 36,26113288.979474,York,091,Adnah,York - Adnah,YORK - ADNAH,5051376.373899,0.193441,3
091,York,VTD 36,4509136,York - VTD 36,YORK - VTD 36,26113288.979474,York,091,Old Pointe,York - Old Pointe,YORK - OLD POINTE,4393284.626176,0.168239,4
091,York,VTD 36,4509136,York - VTD 36,YORK - VTD 36,26113288.979474,York,091,Tirzah,York - Tirzah,YORK - TIRZAH,1806223.712119,0.069169,5
091,York,VTD 35,4509135,York - VTD 35,YORK - VTD 35,23472475.760301,York,091,Tirzah,York - Tirzah,YORK - TIRZAH,21127378.189616,0.900092,1
091,York,VTD 35,4509135,York - VTD 35,YORK - VTD 35,23472475.760301,York,091,Adnah,York - Adnah,YORK - ADNAH,1540800.963749,0.065643,2
091,York,VTD 35,4509135,York - VTD 35,YORK - VTD 35,23472475.760301,York,091,Harvest,York - Harvest,YORK - HARVEST,522760.718601,0.022271,3
091,York,VTD 35,4509135,York - VTD 35,YORK - VTD 35,23472475.760301,York,091,Tools Fork,York - Tools Fork,YORK - TOOLS FORK,281528.803680,0.011994,4
091,York,VTD 33,4509133,York - VTD 33,YORK - VTD 33,17360097.069074,York,091,York No. 2,York - York No. 2,YORK - YORK NO. 2,17360097.069074,1.000000,1
091,York,VTD 32,4509132,York - VTD 32,YORK - VTD 32,52887476.160740,York,091,Delphia,York - Delphia,YORK - DELPHIA,47912246.730216,0.905928,1
091,York,VTD 32,4509132,York - VTD 32,YORK - VTD 32,52887476.160740,York,091,York No. 1,York - York No. 1,YORK - YORK NO. 1,4975221.921863,0.094072,2
091,York,VTD 34,4509134,York - VTD 34,YORK - VTD 34,34574234.066137,York,091,Delphia,York - Delphia,YORK - DELPHIA,34572443.639331,0.999948,1
091,York,VTD 59,4509159,York - VTD 59,YORK - VTD 59,5426787.098322,York,091,Rock Hill No. 3,York - Rock Hill No. 3,YORK - ROCK HILL NO. 3,5425996.448732,0.999854,1
091,York,VTD 67,4509167,York - VTD 67,YORK - VTD 67,10105123.972166,York,091,Rock Hill No. 8,York - Rock Hill No. 8,YORK - ROCK HILL NO. 8,9952704.282976,0.984917,1
091,York,VTD 67,4509167,York - VTD 67,YORK - VTD 67,10105123.972166,York,091,Edgewood,York - Edgewood,YORK - EDGEWOOD,81245.273353,0.008040,2
091,York,VTD 67,4509167,York - VTD 67,YORK - VTD 67,10105123.972166,York,091,Rock Hill No. 6,York - Rock Hill No. 6,YORK - ROCK HILL NO. 6,71173.092876,0.007043,3
091,York,VTD 73,4509173,York - VTD 73,YORK - VTD 73,15735185.895368,York,091,Catawba,York - Catawba,YORK - CATAWBA,14786781.601653,0.939727,1
091,York,VTD 73,4509173,York - VTD 73,YORK - VTD 73,15735185.895368,York,091,Lesslie,York - Lesslie,YORK - LESSLIE,853325.087222,0.054230,2
091,York,VTD 73,4509173,York - VTD 73,YORK - VTD 73,15735185.895368,York,091,Neelys Creek,York - Neelys Creek,YORK - NEELYS CREEK,95078.829076,0.006042,3
091,York,VTD 72,4509172,York - VTD 72,YORK - VTD 72,23437591.547218,York,091,Catawba,York - Catawba,YORK - CATAWBA,23432949.549225,0.999802,1
091,York,VTD 66,4509166,York - VTD 66,YORK - VTD 66,32001099.250473,York,091,Mt. Holly,York - Mt. Holly,YORK - MT. HOLLY,31915626.831638,0.997329,1
091,York,VTD 66,4509166,York - VTD 66,YORK - VTD 66,32001099.250473,York,091,Rock Hill No. 8,York - Rock Hill No. 8,YORK - ROCK HILL NO. 8,71870.546652,0.002246,2
091,York,VTD 60,4509160,York - VTD 60,YORK - VTD 60,6457133.056255,York,091,Edgewood,York - Edgewood,YORK - EDGEWOOD,5927824.910091,0.918027,1
091,York,VTD 60,4509160,York - VTD 60,YORK - VTD 60,6457133.056255,York,091,Ogden,York - Ogden,YORK - OGDEN,335294.864060,0.051926,2
091,York,VTD 60,4509160,York - VTD 60,YORK - VTD 60,6457133.056255,York,091,Rock Hill No. 3,York - Rock Hill No. 3,YORK - ROCK HILL NO. 3,181034.060992,0.028036,3
091,York,VTD 60,4509160,York - VTD 60,YORK - VTD 60,6457133.056255,York,091,Rock Hill No. 8,York - Rock Hill No. 8,YORK - ROCK HILL NO. 8,12971.896250,0.002009,4
091,York,VTD 65,4509165,York - VTD 65,YORK - VTD 65,27059683.777282,York,091,Ogden,York - Ogden,YORK - OGDEN,27035658.365914,0.999112,1
091,York,VTD 69,4509169,York - VTD 69,YORK - VTD 69,23438638.807268,York,091,Independence,York - Independence,YORK - INDEPENDENCE,17326015.779038,0.739207,1
091,York,VTD 69,4509169,York - VTD 69,YORK - VTD 69,23438638.807268,York,091,Neelys Creek,York - Neelys Creek,YORK - NEELYS CREEK,5103790.398677,0.217751,2
091,York,VTD 69,4509169,York - VTD 69,YORK - VTD 69,23438638.807268,York,091,Lesslie,York - Lesslie,YORK - LESSLIE,1007276.494664,0.042975,3
091,York,VTD 71,4509171,York - VTD 71,YORK - VTD 71,51837428.464496,York,091,Ferry Branch,York - Ferry Branch,YORK - FERRY BRANCH,20600872.395110,0.397413,1
091,York,VTD 71,4509171,York - VTD 71,YORK - VTD 71,51837428.464496,York,091,Catawba,York - Catawba,YORK - CATAWBA,13173968.551054,0.254140,2
091,York,VTD 71,4509171,York - VTD 71,YORK - VTD 71,51837428.464496,York,091,Six Mile,York - Six Mile,YORK - SIX MILE,10677524.956537,0.205981,3
091,York,VTD 71,4509171,York - VTD 71,YORK - VTD 71,51837428.464496,York,091,Lesslie,York - Lesslie,YORK - LESSLIE,7385010.897018,0.142465,4
091,York,VTD 50,4509150,York - VTD 50,YORK - VTD 50,35143357.210788,York,091,Ogden,York - Ogden,YORK - OGDEN,35143357.210788,1.000000,1
091,York,VTD 48,4509148,York - VTD 48,YORK - VTD 48,53475772.042914,York,091,McConnells,York - McConnells,YORK - MCCONNELLS,53475772.042914,1.000000,1
091,York,VTD 47,4509147,York - VTD 47,YORK - VTD 47,74375296.141356,York,091,McConnells,York - McConnells,YORK - MCCONNELLS,74375296.141356,1.000000,1
091,York,VTD 30,4509130,York - VTD 30,YORK - VTD 30,42777496.040452,York,091,Sharon,York - Sharon,YORK - SHARON,32365538.579081,0.756602,1
091,York,VTD 30,4509130,York - VTD 30,YORK - VTD 30,42777496.040452,York,091,Bullocks Creek,York - Bullocks Creek,YORK - BULLOCKS CREEK,10411957.461371,0.243398,2
091,York,VTD 53,4509153,York - VTD 53,YORK - VTD 53,5759965.288411,York,091,Ebenezer,York - Ebenezer,YORK - EBENEZER,3068166.228564,0.532671,1
091,York,VTD 53,4509153,York - VTD 53,YORK - VTD 53,5759965.288411,York,091,Hollis Lakes,York - Hollis Lakes,YORK - HOLLIS LAKES,2691789.305106,0.467327,2
091,York,VTD 54,4509154,York - VTD 54,YORK - VTD 54,6879172.750656,York,091,Fairgrounds,York - Fairgrounds,YORK - FAIRGROUNDS,4095897.837743,0.595406,1
091,York,VTD 54,4509154,York - VTD 54,YORK - VTD 54,6879172.750656,York,091,Rock Hill No. 4,York - Rock Hill No. 4,YORK - ROCK HILL NO. 4,2690950.192035,0.391174,2
091,York,VTD 54,4509154,York - VTD 54,YORK - VTD 54,6879172.750656,York,091,Rock Hill No. 5,York - Rock Hill No. 5,YORK - ROCK HILL NO. 5,92314.748252,0.013419,3
091,York,VTD 44,4509144,York - VTD 44,YORK - VTD 44,38953735.743363,York,091,Fort Mill No. 2,York - Fort Mill No. 2,YORK - FORT MILL NO. 2,19528158.069980,0.501317,1
091,York,VTD 44,4509144,York - VTD 44,YORK - VTD 44,38953735.743363,York,091,Dobys Bridge,York - Dobys Bridge,YORK - DOBYS BRIDGE,12704877.387335,0.326153,2
091,York,VTD 44,4509144,York - VTD 44,YORK - VTD 44,38953735.743363,York,091,Fort Mill No. 1,York - Fort Mill No. 1,YORK - FORT MILL NO. 1,6718933.289350,0.172485,3
091,York,VTD 43,4509143,York - VTD 43,YORK - VTD 43,10935285.894888,York,091,Anderson Road,York - Anderson Road,YORK - ANDERSON ROAD,10935282.292315,1.000000,1
091,York,VTD 38,4509138,York - VTD 38,YORK - VTD 38,7642772.399575,York,091,India Hook,York - India Hook,YORK - INDIA HOOK,7642195.044010,0.999924,1
091,York,VTD 41,4509141,York - VTD 41,YORK - VTD 41,4214656.643353,York,091,Rosewood,York - Rosewood,YORK - ROSEWOOD,4208346.305750,0.998503,1
091,York,VTD 41,4509141,York - VTD 41,YORK - VTD 41,4214656.643353,York,091,India Hook,York - India Hook,YORK - INDIA HOOK,6298.297734,0.001494,2
091,York,VTD 70,4509170,York - VTD 70,YORK - VTD 70,28453306.105639,York,091,Friendship,York - Friendship,YORK - FRIENDSHIP,12820384.641261,0.450576,1
091,York,VTD 70,4509170,York - VTD 70,YORK - VTD 70,28453306.105639,York,091,Ferry Branch,York - Ferry Branch,YORK - FERRY BRANCH,6210949.701127,0.218286,2
091,York,VTD 70,4509170,York - VTD 70,YORK - VTD 70,28453306.105639,York,091,Six Mile,York - Six Mile,YORK - SIX MILE,3944002.057632,0.138613,3
091,York,VTD 70,4509170,York - VTD 70,YORK - VTD 70,28453306.105639,York,091,Neelys Creek,York - Neelys Creek,YORK - NEELYS CREEK,3052716.977821,0.107289,4
091,York,VTD 70,4509170,York - VTD 70,YORK - VTD 70,28453306.105639,York,091,Lesslie,York - Lesslie,YORK - LESSLIE,2425250.533193,0.085236,5
091,York,VTD 68,4509168,York - VTD 68,YORK - VTD 68,19771724.081607,York,091,Hopewell,York - Hopewell,YORK - HOPEWELL,10901356.226416,0.551361,1
091,York,VTD 68,4509168,York - VTD 68,YORK - VTD 68,19771724.081607,York,091,Springdale,York - Springdale,YORK - SPRINGDALE,3731660.921951,0.188737,2
091,York,VTD 68,4509168,York - VTD 68,YORK - VTD 68,19771724.081607,York,091,Manchester,York - Manchester,YORK - MANCHESTER,3384417.582060,0.171175,3
091,York,VTD 68,4509168,York - VTD 68,YORK - VTD 68,19771724.081607,York,091,Friendship,York - Friendship,YORK - FRIENDSHIP,1634270.766500,0.082657,4
091,York,VTD 68,4509168,York - VTD 68,YORK - VTD 68,19771724.081607,York,091,Anderson Road,York - Anderson Road,YORK - ANDERSON ROAD,119499.533248,0.006044,5
091,York,VTD 42,4509142,York - VTD 42,YORK - VTD 42,8354140.400855,York,091,Anderson Road,York - Anderson Road,YORK - ANDERSON ROAD,8329128.548398,0.997006,1
091,York,VTD 42,4509142,York - VTD 42,YORK - VTD 42,8354140.400855,York,091,Manchester,York - Manchester,YORK - MANCHESTER,24998.441344,0.002992,2
091,York,VTD 39,4509139,York - VTD 39,YORK - VTD 39,4506129.495020,York,091,Ebinport,York - Ebinport,YORK - EBINPORT,4504195.307060,0.999571,1
091,York,VTD 40,4509140,York - VTD 40,YORK - VTD 40,2830014.731463,York,091,Oakwood,York - Oakwood,YORK - OAKWOOD,2829980.474829,0.999988,1
091,York,VTD 55,4509155,York - VTD 55,YORK - VTD 55,1903026.756555,York,091,Fewell Park,York - Fewell Park,YORK - FEWELL PARK,1903026.733080,1.000000,1
091,York,VTD 56,4509156,York - VTD 56,YORK - VTD 56,2929611.542013,York,091,Rock Hill No. 7,York - Rock Hill No. 7,YORK - ROCK HILL NO. 7,2866994.320926,0.978626,1
091,York,VTD 56,4509156,York - VTD 56,YORK - VTD 56,2929611.542013,York,091,Rock Hill No. 5,York - Rock Hill No. 5,YORK - ROCK HILL NO. 5,49173.588645,0.016785,2
091,York,VTD 56,4509156,York - VTD 56,YORK - VTD 56,2929611.542013,York,091,Ebinport,York - Ebinport,YORK - EBINPORT,13442.715357,0.004589,3
091,York,VTD 57,4509157,York - VTD 57,YORK - VTD 57,3902104.835485,York,091,University,York - University,YORK - UNIVERSITY,3897963.116971,0.998939,1
091,York,VTD 57,4509157,York - VTD 57,YORK - VTD 57,3902104.835485,York,091,Anderson Road,York - Anderson Road,YORK - ANDERSON ROAD,4052.136510,0.001038,2
091,York,VTD 58,4509158,York - VTD 58,YORK - VTD 58,2341041.152316,York,091,Rock Hill No. 5,York - Rock Hill No. 5,YORK - ROCK HILL NO. 5,2340684.642967,0.999848,1
091,York,VTD 63,4509163,York - VTD 63,YORK - VTD 63,3806390.552083,York,091,Northside,York - Northside,YORK - NORTHSIDE,3786411.848778,0.994751,1
091,York,VTD 63,4509163,York - VTD 63,YORK - VTD 63,3806390.552083,York,091,Rock Hill No. 5,York - Rock Hill No. 5,YORK - ROCK HILL NO. 5,14106.356610,0.003706,2
091,York,VTD 63,4509163,York - VTD 63,YORK - VTD 63,3806390.552083,York,091,Rock Hill No. 3,York - Rock Hill No. 3,YORK - ROCK HILL NO. 3,5872.346695,0.001543,3
091,York,VTD 64,4509164,York - VTD 64,YORK - VTD 64,1987202.228489,York,091,Highland Park,York - Highland Park,YORK - HIGHLAND PARK,1987200.951066,0.999999,1
091,York,VTD 61,4509161,York - VTD 61,YORK - VTD 61,2368879.432510,York,091,Rock Hill No. 2,York - Rock Hill No. 2,YORK - ROCK HILL NO. 2,2135302.012192,0.901398,1
091,York,VTD 61,4509161,York - VTD 61,YORK - VTD 61,2368879.432510,York,091,Edgewood,York - Edgewood,YORK - EDGEWOOD,217422.321208,0.091783,2
091,York,VTD 61,4509161,York - VTD 61,YORK - VTD 61,2368879.432510,York,091,Rock Hill No. 3,York - Rock Hill No. 3,YORK - ROCK HILL NO. 3,16155.099111,0.006820,3
091,York,VTD 62,4509162,York - VTD 62,YORK - VTD 62,1474124.092157,York,091,Rock Hill No. 6,York - Rock Hill No. 6,YORK - ROCK HILL NO. 6,1447605.266187,0.982010,1
091,York,VTD 62,4509162,York - VTD 62,YORK - VTD 62,1474124.092157,York,091,Rock Hill No. 8,York - Rock Hill No. 8,YORK - ROCK HILL NO. 8,26518.825970,0.017990,2
091,York,VTD 17,4509117,York - VTD 17,YORK - VTD 17,25578026.418972,York,091,Cannon Mill,York - Cannon Mill,YORK - CANNON MILL,19490428.200855,0.761999,1
091,York,VTD 17,4509117,York - VTD 17,YORK - VTD 17,25578026.418972,York,091,York No. 2,York - York No. 2,YORK - YORK NO. 2,5030170.383926,0.196660,2
091,York,VTD 17,4509117,York - VTD 17,YORK - VTD 17,25578026.418972,York,091,Tirzah,York - Tirzah,YORK - TIRZAH,1057427.834192,0.041341,3
091,York,VTD 16,4509116,York - VTD 16,YORK - VTD 16,18378846.367642,York,091,York No. 1,York - York No. 1,YORK - YORK NO. 1,18376504.531774,0.999873,1
091,York,VTD 15,4509115,York - VTD 15,YORK - VTD 15,36947350.575184,York,091,Filbert,York - Filbert,YORK - FILBERT,36943685.984805,0.999901,1
091,York,VTD 14,4509114,York - VTD 14,YORK - VTD 14,43792928.583754,York,091,Cotton Belt,York - Cotton Belt,YORK - COTTON BELT,43792928.583754,1.000000,1
091,York,VTD 13,4509113,York - VTD 13,YORK - VTD 13,38685001.527751,York,091,Cotton Belt,York - Cotton Belt,YORK - COTTON BELT,31582312.687254,0.816397,1
091,York,VTD 13,4509113,York - VTD 13,YORK - VTD 13,38685001.527751,York,091,Hickory Grove,York - Hickory Grove,YORK - HICKORY GROVE,7102681.410566,0.183603,2
091,York,VTD 12,4509112,York - VTD 12,YORK - VTD 12,38126630.348037,York,091,Hickory Grove,York - Hickory Grove,YORK - HICKORY GROVE,38126630.348037,1.000000,1
091,York,VTD 28,4509128,York - VTD 28,YORK - VTD 28,14669392.583560,York,091,Springfield,York - Springfield,YORK - SPRINGFIELD,6674507.523596,0.454995,1
091,York,VTD 28,4509128,York - VTD 28,YORK - VTD 28,14669392.583560,York,091,Fort Mill No. 4,York - Fort Mill No. 4,YORK - FORT MILL NO. 4,5340840.926852,0.364081,2
091,York,VTD 28,4509128,York - VTD 28,YORK - VTD 28,14669392.583560,York,091,Nation Ford,York - Nation Ford,YORK - NATION FORD,2653234.038149,0.180869,3
091,York,VTD 27,4509127,York - VTD 27,YORK - VTD 27,19173120.236173,York,091,Riverview,York - Riverview,YORK - RIVERVIEW,10626835.880267,0.554257,1
091,York,VTD 27,4509127,York - VTD 27,YORK - VTD 27,19173120.236173,York,091,Fort Mill No. 3,York - Fort Mill No. 3,YORK - FORT MILL NO. 3,8524017.052617,0.444582,2
091,York,VTD 27,4509127,York - VTD 27,YORK - VTD 27,19173120.236173,York,091,Carolina,York - Carolina,YORK - CAROLINA,22264.654933,0.001161,3
091,York,VTD 24,4509124,York - VTD 24,YORK - VTD 24,10004359.685910,York,091,Stateline,York - Stateline,YORK - STATELINE,4027078.001019,0.402532,1
091,York,VTD 24,4509124,York - VTD 24,YORK - VTD 24,10004359.685910,York,091,Fort Mill No. 5,York - Fort Mill No. 5,YORK - FORT MILL NO. 5,3023527.187291,0.302221,2
091,York,VTD 24,4509124,York - VTD 24,YORK - VTD 24,10004359.685910,York,091,Carolina,York - Carolina,YORK - CAROLINA,2337850.003512,0.233683,3
091,York,VTD 24,4509124,York - VTD 24,YORK - VTD 24,10004359.685910,York,091,Nation Ford,York - Nation Ford,YORK - NATION FORD,615892.273127,0.061562,4
091,York,VTD 22,4509122,York - VTD 22,YORK - VTD 22,8492815.513369,York,091,Steele Creek,York - Steele Creek,YORK - STEELE CREEK,7284835.723671,0.857765,1
091,York,VTD 22,4509122,York - VTD 22,YORK - VTD 22,8492815.513369,York,091,Fort Mill No. 6,York - Fort Mill No. 6,YORK - FORT MILL NO. 6,1194793.536399,0.140683,2
091,York,VTD 22,4509122,York - VTD 22,YORK - VTD 22,8492815.513369,York,091,Gold Hill,York - Gold Hill,YORK - GOLD HILL,13186.253298,0.001553,3
091,York,VTD 21,4509121,York - VTD 21,YORK - VTD 21,12222074.970480,York,091,Pleasant Road,York - Pleasant Road,YORK - PLEASANT ROAD,5880256.944701,0.481118,1
091,York,VTD 21,4509121,York - VTD 21,YORK - VTD 21,12222074.970480,York,091,Gold Hill,York - Gold Hill,YORK - GOLD HILL,3185328.042670,0.260621,2
091,York,VTD 21,4509121,York - VTD 21,YORK - VTD 21,12222074.970480,York,091,Fort Mill No. 6,York - Fort Mill No. 6,YORK - FORT MILL NO. 6,1397062.645894,0.114307,3
091,York,VTD 21,4509121,York - VTD 21,YORK - VTD 21,12222074.970480,York,091,Waterstone,York - Waterstone,YORK - WATERSTONE,1353748.177583,0.110763,4
091,York,VTD 21,4509121,York - VTD 21,YORK - VTD 21,12222074.970480,York,091,Steele Creek,York - Steele Creek,YORK - STEELE CREEK,405671.325661,0.033192,5
091,York,VTD 25,4509125,York - VTD 25,YORK - VTD 25,11537165.868076,York,091,Palmetto,York - Palmetto,YORK - PALMETTO,6470029.755859,0.560799,1
091,York,VTD 25,4509125,York - VTD 25,YORK - VTD 25,11537165.868076,York,091,Shoreline,York - Shoreline,YORK - SHORELINE,2764507.906755,0.239618,2
091,York,VTD 25,4509125,York - VTD 25,YORK - VTD 25,11537165.868076,York,091,Tega Cay,York - Tega Cay,YORK - TEGA CAY,2262760.853770,0.196128,3
091,York,VTD 25,4509125,York - VTD 25,YORK - VTD 25,11537165.868076,York,091,Windjammer,York - Windjammer,YORK - WINDJAMMER,38038.808459,0.003297,4
091,York,VTD 20,4509120,York - VTD 20,YORK - VTD 20,6526945.486886,York,091,Gold Hill,York - Gold Hill,YORK - GOLD HILL,3955526.909214,0.606030,1
091,York,VTD 20,4509120,York - VTD 20,YORK - VTD 20,6526945.486886,York,091,Windjammer,York - Windjammer,YORK - WINDJAMMER,2571377.755404,0.393963,2
091,York,VTD 7,450917,York - VTD 7,YORK - VTD 7,46905914.937599,York,091,Bethel School,York - Bethel School,YORK - BETHEL SCHOOL,46899996.825262,0.999874,1
091,York,VTD 6,450916,York - VTD 6,YORK - VTD 6,34818291.066778,York,091,Clover No. 1,York - Clover No. 1,YORK - CLOVER NO. 1,34818278.252272,1.000000,1
091,York,VTD 5,450915,York - VTD 5,YORK - VTD 5,27563606.193525,York,091,Clover No. 2,York - Clover No. 2,YORK - CLOVER NO. 2,27448787.006482,0.995834,1
091,York,VTD 5,450915,York - VTD 5,YORK - VTD 5,27563606.193525,York,091,Bethany,York - Bethany,YORK - BETHANY,114811.956043,0.004165,2
