source_county_fips,source_county_name,source_name,source_id,source_key_display,source_key_norm,source_area_m2,target_county_name,target_county_fips,target_precinct,target_key_display,target_key_norm,overlap_area_m2,share_of_source,share_rank
001,Abbeville,VTD 2,450012,Abbeville - VTD 2,ABBEVILLE - VTD 2,32190214.259998,Abbeville,001,Hall's Store,Abbeville - Hall's Store,ABBEVILLE - HALLS STORE,29165956.796805,0.906050,1
001,Abbeville,VTD 2,450012,Abbeville - VTD 2,ABBEVILLE - VTD 2,32190214.259998,Abbeville,001,Donalds,Abbeville - Donalds,ABBEVILLE - DONALDS,3023084.302921,0.093913,2
001,Abbeville,VTD 1,450011,Abbeville - VTD 1,ABBEVILLE - VTD 1,39252418.873136,Abbeville,001,Broadmouth,Abbeville - Broadmouth,ABBEVILLE - BROADMOUTH,38777288.878887,0.987896,1
001,Abbeville,VTD 1,450011,Abbeville - VTD 1,ABBEVILLE - VTD 1,39252418.873136,Abbeville,001,Donalds,Abbeville - Donalds,ABBEVILLE - DONALDS,475129.836366,0.012104,2
001,Abbeville,VTD 4,450014,Abbeville - VTD 4,ABBEVILLE - VTD 4,37579758.915267,Abbeville,001,Donalds,Abbeville - Donalds,ABBEVILLE - DONALDS,37394436.892496,0.995069,1
001,Abbeville,VTD 4,450014,Abbeville - VTD 4,ABBEVILLE - VTD 4,37579758.915267,Abbeville,001,Keowee,Abbeville - Keowee,ABBEVILLE - KEOWEE,185321.624705,0.004931,2
001,Abbeville,VTD 5,450015,Abbeville - VTD 5,ABBEVILLE - VTD 5,93553407.184116,Abbeville,001,Due West,Abbeville - Due West,ABBEVILLE - DUE WEST,92064399.171134,0.984084,1
001,Abbeville,VTD 5,450015,Abbeville - VTD 5,ABBEVILLE - VTD 5,93553407.184116,Abbeville,001,Keowee,Abbeville - Keowee,ABBEVILLE - KEOWEE,1489008.012982,0.015916,2
001,Abbeville,VTD 3,450013,Abbeville - VTD 3,ABBEVILLE - VTD 3,100523363.934636,Abbeville,001,Keowee,Abbeville - Keowee,ABBEVILLE - KEOWEE,100521562.674547,0.999982,1
001,Abbeville,VTD 6,450016,Abbeville - VTD 6,ABBEVILLE - VTD 6,98324022.378104,Abbeville,001,Antreville,Abbeville - Antreville,ABBEVILLE - ANTREVILLE,97762285.455838,0.994287,1
001,Abbeville,VTD 6,450016,Abbeville - VTD 6,ABBEVILLE - VTD 6,98324022.378104,Abbeville,001,Keowee,Abbeville - Keowee,ABBEVILLE - KEOWEE,486559.373881,0.004949,2
001,Abbeville,VTD 6,450016,Abbeville - VTD 6,ABBEVILLE - VTD 6,98324022.378104,Abbeville,001,Lowndesville,Abbeville - Lowndesville,ABBEVILLE - LOWNDESVILLE,75161.045572,0.000764,3
001,Abbeville,VTD 8,450018,Abbeville - VTD 8,ABBEVILLE - VTD 8,125460332.643084,Abbeville,001,Lowndesville,Abbeville - Lowndesville,ABBEVILLE - LOWNDESVILLE,125460022.690127,0.999998,1
001,Abbeville,VTD 7,450017,Abbeville - VTD 7,ABBEVILLE - VTD 7,98074554.965068,Abbeville,001,Cold Springs,Abbeville - Cold Springs,ABBEVILLE - COLD SPRINGS,98070869.737667,0.999962,1
001,Abbeville,VTD 17,4500117,Abbeville - VTD 17,ABBEVILLE - VTD 17,48628915.657071,Abbeville,001,Abbeville No. 2,Abbeville - Abbeville No. 2,ABBEVILLE - ABBEVILLE NO. 2,48628915.657071,1.000000,1
001,Abbeville,VTD 14,4500114,Abbeville - VTD 14,ABBEVILLE - VTD 14,53980437.656437,Abbeville,001,Abbeville No. 2,Abbeville - Abbeville No. 2,ABBEVILLE - ABBEVILLE NO. 2,53977080.000859,0.999938,1
001,Abbeville,VTD 13,4500113,Abbeville - VTD 13,ABBEVILLE - VTD 13,73362720.349079,Abbeville,001,Abbeville No. 3,Abbeville - Abbeville No. 3,ABBEVILLE - ABBEVILLE NO. 3,73351519.937086,0.999847,1
001,Abbeville,VTD 16,4500116,Abbeville - VTD 16,ABBEVILLE - VTD 16,59235956.995998,Abbeville,001,Lebanon,Abbeville - Lebanon,ABBEVILLE - LEBANON,59234730.584975,0.999979,1
001,Abbeville,VTD 12,4500112,Abbeville - VTD 12,ABBEVILLE - VTD 12,71966278.143695,Abbeville,001,Lebanon,Abbeville - Lebanon,ABBEVILLE - LEBANON,71829771.563411,0.998103,1
001,Abbeville,VTD 12,4500112,Abbeville - VTD 12,ABBEVILLE - VTD 12,71966278.143695,Abbeville,001,Abbeville No. 4,Abbeville - Abbeville No. 4,ABBEVILLE - ABBEVILLE NO. 4,125352.972920,0.001742,2
001,Abbeville,VTD 12,4500112,Abbeville - VTD 12,ABBEVILLE - VTD 12,71966278.143695,Abbeville,001,Lowndesville,Abbeville - Lowndesville,ABBEVILLE - LOWNDESVILLE,10732.272896,0.000149,3
001,Abbeville,VTD 18,4500118,Abbeville - VTD 18,ABBEVILLE - VTD 18,67034193.135104,Abbeville,001,Calhoun Falls,Abbeville - Calhoun Falls,ABBEVILLE - CALHOUN FALLS,67034192.337674,1.000000,1
001,Abbeville,VTD 15,4500115,Abbeville - VTD 15,ABBEVILLE - VTD 15,62924327.906308,Abbeville,001,Calhoun Falls,Abbeville - Calhoun Falls,ABBEVILLE - CALHOUN FALLS,57236648.189941,0.909611,1
001,Abbeville,VTD 15,4500115,Abbeville - VTD 15,ABBEVILLE - VTD 15,62924327.906308,Abbeville,001,Lowndesville,Abbeville - Lowndesville,ABBEVILLE - LOWNDESVILLE,5687679.716367,0.090389,2
001,Abbeville,VTD 11,4500111,Abbeville - VTD 11,ABBEVILLE - VTD 11,134336737.152704,Abbeville,001,Lowndesville,Abbeville - Lowndesville,ABBEVILLE - LOWNDESVILLE,123393384.009612,0.918538,1
001,Abbeville,VTD 11,4500111,Abbeville - VTD 11,ABBEVILLE - VTD 11,134336737.152704,Abbeville,001,Calhoun Falls,Abbeville - Calhoun Falls,ABBEVILLE - CALHOUN FALLS,10943352.263015,0.081462,2
001,Abbeville,VTD 9,450019,Abbeville - VTD 9,ABBEVILLE - VTD 9,55300458.041625,Abbeville,001,Abbeville No. 4,Abbeville - Abbeville No. 4,ABBEVILLE - ABBEVILLE NO. 4,54731628.569131,0.989714,1
001,Abbeville,VTD 9,450019,Abbeville - VTD 9,ABBEVILLE - VTD 9,55300458.041625,Abbeville,001,Cold Springs,Abbeville - Cold Springs,ABBEVILLE - COLD SPRINGS,405893.643612,0.007340,2
001,Abbeville,VTD 9,450019,Abbeville - VTD 9,ABBEVILLE - VTD 9,55300458.041625,Abbeville,001,Antreville,Abbeville - Antreville,ABBEVILLE - ANTREVILLE,143877.065843,0.002602,3
001,Abbeville,VTD 9,450019,Abbeville - VTD 9,ABBEVILLE - VTD 9,55300458.041625,Abbeville,001,Abbeville No. 1,Abbeville - Abbeville No. 1,ABBEVILLE - ABBEVILLE NO. 1,13274.952914,0.000240,4
001,Abbeville,VTD 9,450019,Abbeville - VTD 9,ABBEVILLE - VTD 9,55300458.041625,Abbeville,001,Lebanon,Abbeville - Lebanon,ABBEVILLE - LEBANON,5675.015473,0.000103,5
001,Abbeville,VTD 10,4500110,Abbeville - VTD 10,ABBEVILLE - VTD 10,71736839.182341,Abbeville,001,Abbeville No. 1,Abbeville - Abbeville No. 1,ABBEVILLE - ABBEVILLE NO. 1,71729629.042450,0.999899,1
003,Aiken,VTD 66,4500366,Aiken - VTD 66,AIKEN - VTD 66,43368857.769031,Aiken,003,Beech Island,Aiken - Beech Island,AIKEN - BEECH ISLAND,42994777.239490,0.991374,1
003,Aiken,VTD 1,450031,Aiken - VTD 1,AIKEN - VTD 1,90753958.013303,Aiken,003,Monetta,Aiken - Monetta,AIKEN - MONETTA,90730512.825914,0.999742,1
003,Aiken,VTD 3,450033,Aiken - VTD 3,AIKEN - VTD 3,53368715.840543,Aiken,003,Ward,Aiken - Ward,AIKEN - WARD,53368715.840543,1.000000,1
003,Aiken,VTD 4,450034,Aiken - VTD 4,AIKEN - VTD 4,55573741.324987,Aiken,003,Oak Grove,Aiken - Oak Grove,AIKEN - OAK GROVE,55573741.324987,1.000000,1
003,Aiken,VTD 5,450035,Aiken - VTD 5,AIKEN - VTD 5,97513041.749292,Aiken,003,Oak Grove,Aiken - Oak Grove,AIKEN - OAK GROVE,96829758.964290,0.992993,1
003,Aiken,VTD 5,450035,Aiken - VTD 5,AIKEN - VTD 5,97513041.749292,Aiken,003,New Holland,Aiken - New Holland,AIKEN - NEW HOLLAND,683282.785003,0.007007,2
003,Aiken,VTD 9,450039,Aiken - VTD 9,AIKEN - VTD 9,59825014.602211,Aiken,003,New Holland,Aiken - New Holland,AIKEN - NEW HOLLAND,59825014.602211,1.000000,1
003,Aiken,VTD 8,450038,Aiken - VTD 8,AIKEN - VTD 8,70329916.182867,Aiken,003,New Holland,Aiken - New Holland,AIKEN - NEW HOLLAND,70329916.182867,1.000000,1
003,Aiken,VTD 10,4500310,Aiken - VTD 10,AIKEN - VTD 10,56651279.627587,Aiken,003,Wagner,Aiken - Wagner,AIKEN - WAGNER,56651279.627587,1.000000,1
003,Aiken,VTD 16,4500316,Aiken - VTD 16,AIKEN - VTD 16,49524544.973923,Aiken,003,Tabernacle,Aiken - Tabernacle,AIKEN - TABERNACLE,49524544.973923,1.000000,1
003,Aiken,VTD 17,4500317,Aiken - VTD 17,AIKEN - VTD 17,72436374.837165,Aiken,003,Tabernacle,Aiken - Tabernacle,AIKEN - TABERNACLE,70468247.925802,0.972830,1
003,Aiken,VTD 17,4500317,Aiken - VTD 17,AIKEN - VTD 17,72436374.837165,Aiken,003,Salley,Aiken - Salley,AIKEN - SALLEY,1968126.911363,0.027170,2
003,Aiken,VTD 18,4500318,Aiken - VTD 18,AIKEN - VTD 18,75655631.392138,Aiken,003,Salley,Aiken - Salley,AIKEN - SALLEY,75655631.392138,1.000000,1
003,Aiken,VTD 14,4500314,Aiken - VTD 14,AIKEN - VTD 14,34683395.792753,Aiken,003,Shiloh,Aiken - Shiloh,AIKEN - SHILOH,34683395.792753,1.000000,1
003,Aiken,VTD 15,4500315,Aiken - VTD 15,AIKEN - VTD 15,69138666.343804,Aiken,003,Shaws Fork,Aiken - Shaws Fork,AIKEN - SHAWS FORK,69138666.343804,1.000000,1
003,Aiken,VTD 38,4500338,Aiken - VTD 38,AIKEN - VTD 38,2608869.425652,Aiken,003,Aiken #4,Aiken - Aiken #4,AIKEN - AIKEN 4,2414298.641166,0.925420,1
003,Aiken,VTD 38,4500338,Aiken - VTD 38,AIKEN - VTD 38,2608869.425652,Aiken,003,Redds Branch,Aiken - Redds Branch,AIKEN - REDDS BRANCH,133073.906317,0.051008,2
003,Aiken,VTD 38,4500338,Aiken - VTD 38,AIKEN - VTD 38,2608869.425652,Aiken,003,Aiken #5,Aiken - Aiken #5,AIKEN - AIKEN 5,61342.485375,0.023513,3
003,Aiken,VTD 27,4500327,Aiken - VTD 27,AIKEN - VTD 27,20156272.668026,Aiken,003,Redds Branch,Aiken - Redds Branch,AIKEN - REDDS BRANCH,20085893.901535,0.996508,1
003,Aiken,VTD 27,4500327,Aiken - VTD 27,AIKEN - VTD 27,20156272.668026,Aiken,003,Aiken #3,Aiken - Aiken #3,AIKEN - AIKEN 3,54527.991367,0.002705,2
003,Aiken,VTD 27,4500327,Aiken - VTD 27,AIKEN - VTD 27,20156272.668026,Aiken,003,Aiken #5,Aiken - Aiken #5,AIKEN - AIKEN 5,9206.168602,0.000457,3
003,Aiken,VTD 27,4500327,Aiken - VTD 27,AIKEN - VTD 27,20156272.668026,Aiken,003,Aiken #4,Aiken - Aiken #4,AIKEN - AIKEN 4,6644.606522,0.000330,4
003,Aiken,VTD 40,4500340,Aiken - VTD 40,AIKEN - VTD 40,4060304.142405,Aiken,003,Aiken #5,Aiken - Aiken #5,AIKEN - AIKEN 5,2743247.538789,0.675626,1
003,Aiken,VTD 40,4500340,Aiken - VTD 40,AIKEN - VTD 40,4060304.142405,Aiken,003,Levels #72,Aiken - Levels #72,AIKEN - LEVELS 72,1317056.603616,0.324374,2
003,Aiken,VTD 41,4500341,Aiken - VTD 41,AIKEN - VTD 41,5364715.150935,Aiken,003,Levels,Aiken - Levels,AIKEN - LEVELS,3249194.777329,0.605660,1
003,Aiken,VTD 41,4500341,Aiken - VTD 41,AIKEN - VTD 41,5364715.150935,Aiken,003,Levels #72,Aiken - Levels #72,AIKEN - LEVELS 72,2115119.917243,0.394265,2
003,Aiken,VTD 39,4500339,Aiken - VTD 39,AIKEN - VTD 39,5238529.454835,Aiken,003,Aiken #6,Aiken - Aiken #6,AIKEN - AIKEN 6,5238529.454835,1.000000,1
003,Aiken,VTD 36,4500336,Aiken - VTD 36,AIKEN - VTD 36,13094752.900492,Aiken,003,Aiken #47,Aiken - Aiken #47,AIKEN - AIKEN 47,6692219.206658,0.511061,1
003,Aiken,VTD 36,4500336,Aiken - VTD 36,AIKEN - VTD 36,13094752.900492,Aiken,003,Hitchcock #66,Aiken - Hitchcock #66,AIKEN - HITCHCOCK 66,6402532.804488,0.488939,2
003,Aiken,VTD 64,4500364,Aiken - VTD 64,AIKEN - VTD 64,16163128.789626,Aiken,003,South Aiken #75,Aiken - South Aiken #75,AIKEN - SOUTH AIKEN 75,9255421.209397,0.572626,1
003,Aiken,VTD 64,4500364,Aiken - VTD 64,AIKEN - VTD 64,16163128.789626,Aiken,003,College Acres,Aiken - College Acres,AIKEN - COLLEGE ACRES,6783330.695234,0.419679,2
003,Aiken,VTD 64,4500364,Aiken - VTD 64,AIKEN - VTD 64,16163128.789626,Aiken,003,Levels,Aiken - Levels,AIKEN - LEVELS,124376.884995,0.007695,3
003,Aiken,VTD 70,4500370,Aiken - VTD 70,AIKEN - VTD 70,10950548.623095,Aiken,003,New Ellenton,Aiken - New Ellenton,AIKEN - NEW ELLENTON,10923177.257071,0.997500,1
003,Aiken,VTD 70,4500370,Aiken - VTD 70,AIKEN - VTD 70,10950548.623095,Aiken,003,Cedar Creek #64,Aiken - Cedar Creek #64,AIKEN - CEDAR CREEK 64,20429.915344,0.001866,2
003,Aiken,VTD 70,4500370,Aiken - VTD 70,AIKEN - VTD 70,10950548.623095,Aiken,003,Talatha,Aiken - Talatha,AIKEN - TALATHA,6941.450680,0.000634,3
003,Aiken,VTD 68,4500368,Aiken - VTD 68,AIKEN - VTD 68,63265829.282974,Aiken,003,Silver Bluff,Aiken - Silver Bluff,AIKEN - SILVER BLUFF,63032373.793560,0.996310,1
003,Aiken,VTD 68,4500368,Aiken - VTD 68,AIKEN - VTD 68,63265829.282974,Aiken,003,SRS,Aiken - SRS,AIKEN - SRS,233455.489414,0.003690,2
003,Aiken,VTD 63,4500363,Aiken - VTD 63,AIKEN - VTD 63,26357178.059994,Aiken,003,South Aiken #76,Aiken - South Aiken #76,AIKEN - SOUTH AIKEN 76,11450229.265921,0.434425,1
003,Aiken,VTD 63,4500363,Aiken - VTD 63,AIKEN - VTD 63,26357178.059994,Aiken,003,Anderson Pond #69,Aiken - Anderson Pond #69,AIKEN - ANDERSON POND 69,8936962.355121,0.339071,2
003,Aiken,VTD 63,4500363,Aiken - VTD 63,AIKEN - VTD 63,26357178.059994,Aiken,003,Hollow Creek,Aiken - Hollow Creek,AIKEN - HOLLOW CREEK,3129006.953243,0.118716,3
003,Aiken,VTD 63,4500363,Aiken - VTD 63,AIKEN - VTD 63,26357178.059994,Aiken,003,Sandstone #70,Aiken - Sandstone #70,AIKEN - SANDSTONE 70,2832978.876875,0.107484,4
003,Aiken,VTD 63,4500363,Aiken - VTD 63,AIKEN - VTD 63,26357178.059994,Aiken,003,College Acres,Aiken - College Acres,AIKEN - COLLEGE ACRES,7995.860492,0.000303,5
003,Aiken,VTD 12,4500312,Aiken - VTD 12,AIKEN - VTD 12,103027208.478273,Aiken,003,Perry,Aiken - Perry,AIKEN - PERRY,102537503.929727,0.995247,1
003,Aiken,VTD 12,4500312,Aiken - VTD 12,AIKEN - VTD 12,103027208.478273,Aiken,003,Wagner,Aiken - Wagner,AIKEN - WAGNER,489403.490864,0.004750,2
003,Aiken,VTD 34,4500334,Aiken - VTD 34,AIKEN - VTD 34,14602932.514841,Aiken,003,Warrenville,Aiken - Warrenville,AIKEN - WARRENVILLE,14410943.415763,0.986853,1
003,Aiken,VTD 34,4500334,Aiken - VTD 34,AIKEN - VTD 34,14602932.514841,Aiken,003,Millbrook,Aiken - Millbrook,AIKEN - MILLBROOK,191775.716591,0.013133,2
003,Aiken,VTD 62,4500362,Aiken - VTD 62,AIKEN - VTD 62,4039982.137552,Aiken,003,Millbrook,Aiken - Millbrook,AIKEN - MILLBROOK,4039982.137552,1.000000,1
003,Aiken,VTD 61,4500361,Aiken - VTD 61,AIKEN - VTD 61,8737083.360834,Aiken,003,Gem Lakes,Aiken - Gem Lakes,AIKEN - GEM LAKES,8737083.293771,1.000000,1
003,Aiken,VTD 59,4500359,Aiken - VTD 59,AIKEN - VTD 59,7488802.098753,Aiken,003,Gloverville,Aiken - Gloverville,AIKEN - GLOVERVILLE,6662161.995406,0.889617,1
003,Aiken,VTD 59,4500359,Aiken - VTD 59,AIKEN - VTD 59,7488802.098753,Aiken,003,Warrenville,Aiken - Warrenville,AIKEN - WARRENVILLE,644286.932120,0.086033,2
003,Aiken,VTD 59,4500359,Aiken - VTD 59,AIKEN - VTD 59,7488802.098753,Aiken,003,Langley,Aiken - Langley,AIKEN - LANGLEY,165788.898040,0.022138,3
003,Aiken,VTD 59,4500359,Aiken - VTD 59,AIKEN - VTD 59,7488802.098753,Aiken,003,Midland Valley #51,Aiken - Midland Valley #51,AIKEN - MIDLAND VALLEY 51,16564.273187,0.002212,4
003,Aiken,VTD 58,4500358,Aiken - VTD 58,AIKEN - VTD 58,11005921.501924,Aiken,003,Langley,Aiken - Langley,AIKEN - LANGLEY,10649278.493592,0.967595,1
003,Aiken,VTD 58,4500358,Aiken - VTD 58,AIKEN - VTD 58,11005921.501924,Aiken,003,Gloverville,Aiken - Gloverville,AIKEN - GLOVERVILLE,356643.008331,0.032405,2
003,Aiken,VTD 35,4500335,Aiken - VTD 35,AIKEN - VTD 35,4338768.094173,Aiken,003,Aiken #1,Aiken - Aiken #1,AIKEN - AIKEN 1,4338768.094173,1.000000,1
003,Aiken,VTD 37,4500337,Aiken - VTD 37,AIKEN - VTD 37,2128180.055104,Aiken,003,Aiken #2,Aiken - Aiken #2,AIKEN - AIKEN 2,2128180.055104,1.000000,1
003,Aiken,VTD 28,4500328,Aiken - VTD 28,AIKEN - VTD 28,47108233.100153,Aiken,003,Couchton,Aiken - Couchton,AIKEN - COUCHTON,47105007.156704,0.999932,1
003,Aiken,VTD 29,4500329,Aiken - VTD 29,AIKEN - VTD 29,113137606.051079,Aiken,003,Windsor,Aiken - Windsor,AIKEN - WINDSOR,113137606.051079,1.000000,1
003,Aiken,VTD 7,450037,Aiken - VTD 7,AIKEN - VTD 7,43630558.222609,Aiken,003,Shiloh,Aiken - Shiloh,AIKEN - SHILOH,43630558.222609,1.000000,1
003,Aiken,VTD 44,4500344,Aiken - VTD 44,AIKEN - VTD 44,7501352.562786,Aiken,003,North Augusta #67,Aiken - North Augusta #67,AIKEN - NORTH AUGUSTA 67,6025020.772591,0.803191,1
003,Aiken,VTD 44,4500344,Aiken - VTD 44,AIKEN - VTD 44,7501352.562786,Aiken,003,North Augusta #28,Aiken - North Augusta #28,AIKEN - NORTH AUGUSTA 28,1476331.415046,0.196809,2
003,Aiken,VTD 46,4500346,Aiken - VTD 46,AIKEN - VTD 46,3895756.458377,Aiken,003,North Augusta #29,Aiken - North Augusta #29,AIKEN - NORTH AUGUSTA 29,2600824.309080,0.667604,1
003,Aiken,VTD 46,4500346,Aiken - VTD 46,AIKEN - VTD 46,3895756.458377,Aiken,003,North Augusta #67,Aiken - North Augusta #67,AIKEN - NORTH AUGUSTA 67,1256525.802745,0.322537,2
003,Aiken,VTD 46,4500346,Aiken - VTD 46,AIKEN - VTD 46,3895756.458377,Aiken,003,North Augusta #55,Aiken - North Augusta #55,AIKEN - NORTH AUGUSTA 55,38404.790466,0.009858,3
003,Aiken,VTD 47,4500347,Aiken - VTD 47,AIKEN - VTD 47,1284965.058255,Aiken,003,North Augusta #55,Aiken - North Augusta #55,AIKEN - NORTH AUGUSTA 55,1284965.058255,1.000000,1
003,Aiken,VTD 22,4500322,Aiken - VTD 22,AIKEN - VTD 22,38929498.042754,Aiken,003,Misty Lakes,Aiken - Misty Lakes,AIKEN - MISTY LAKES,38918898.889119,0.999728,1
003,Aiken,VTD 20,4500320,Aiken - VTD 20,AIKEN - VTD 20,55450405.537993,Aiken,003,Vaucluse,Aiken - Vaucluse,AIKEN - VAUCLUSE,55359950.792246,0.998369,1
003,Aiken,VTD 20,4500320,Aiken - VTD 20,AIKEN - VTD 20,55450405.537993,Aiken,003,Breezy Hill,Aiken - Breezy Hill,AIKEN - BREEZY HILL,84491.456382,0.001524,2
003,Aiken,VTD 45,4500345,Aiken - VTD 45,AIKEN - VTD 45,2205264.208275,Aiken,003,North Augusta #27,Aiken - North Augusta #27,AIKEN - NORTH AUGUSTA 27,2154736.485969,0.977088,1
003,Aiken,VTD 45,4500345,Aiken - VTD 45,AIKEN - VTD 45,2205264.208275,Aiken,003,Belvedere #62,Aiken - Belvedere #62,AIKEN - BELVEDERE 62,50526.404029,0.022912,2
003,Aiken,VTD 48,4500348,Aiken - VTD 48,AIKEN - VTD 48,4187812.137530,Aiken,003,North Augusta #26,Aiken - North Augusta #26,AIKEN - NORTH AUGUSTA 26,3154969.059088,0.753369,1
003,Aiken,VTD 48,4500348,Aiken - VTD 48,AIKEN - VTD 48,4187812.137530,Aiken,003,North Augusta #27,Aiken - North Augusta #27,AIKEN - NORTH AUGUSTA 27,1027823.707338,0.245432,2
003,Aiken,VTD 48,4500348,Aiken - VTD 48,AIKEN - VTD 48,4187812.137530,Aiken,003,North Augusta #25,Aiken - North Augusta #25,AIKEN - NORTH AUGUSTA 25,5019.144433,0.001199,3
003,Aiken,VTD 30,4500330,Aiken - VTD 30,AIKEN - VTD 30,11351842.429201,Aiken,003,North Augusta #68,Aiken - North Augusta #68,AIKEN - NORTH AUGUSTA 68,6272194.433295,0.552527,1
003,Aiken,VTD 30,4500330,Aiken - VTD 30,AIKEN - VTD 30,11351842.429201,Aiken,003,Fox Creek #73,Aiken - Fox Creek #73,AIKEN - FOX CREEK 73,3087279.576082,0.271963,2
003,Aiken,VTD 30,4500330,Aiken - VTD 30,AIKEN - VTD 30,11351842.429201,Aiken,003,Fox Creek #58,Aiken - Fox Creek #58,AIKEN - FOX CREEK 58,1917679.654006,0.168931,3
003,Aiken,VTD 30,4500330,Aiken - VTD 30,AIKEN - VTD 30,11351842.429201,Aiken,003,Belvedere #62,Aiken - Belvedere #62,AIKEN - BELVEDERE 62,74686.358694,0.006579,4
003,Aiken,VTD 31,4500331,Aiken - VTD 31,AIKEN - VTD 31,6777150.866983,Aiken,003,Belvedere #62,Aiken - Belvedere #62,AIKEN - BELVEDERE 62,6749401.714945,0.995905,1
003,Aiken,VTD 31,4500331,Aiken - VTD 31,AIKEN - VTD 31,6777150.866983,Aiken,003,North Augusta #27,Aiken - North Augusta #27,AIKEN - NORTH AUGUSTA 27,27746.121924,0.004094,2
003,Aiken,VTD 49,4500349,Aiken - VTD 49,AIKEN - VTD 49,3712459.715917,Aiken,003,Belvedere #9,Aiken - Belvedere #9,AIKEN - BELVEDERE 9,3220601.167976,0.867511,1
003,Aiken,VTD 49,4500349,Aiken - VTD 49,AIKEN - VTD 49,3712459.715917,Aiken,003,Belvedere #74,Aiken - Belvedere #74,AIKEN - BELVEDERE 74,433917.924970,0.116882,2
003,Aiken,VTD 49,4500349,Aiken - VTD 49,AIKEN - VTD 49,3712459.715917,Aiken,003,Belvedere #44,Aiken - Belvedere #44,AIKEN - BELVEDERE 44,57938.574861,0.015607,3
003,Aiken,VTD 53,4500353,Aiken - VTD 53,AIKEN - VTD 53,2951975.970649,Aiken,003,Belvedere #44,Aiken - Belvedere #44,AIKEN - BELVEDERE 44,2928736.408933,0.992127,1
003,Aiken,VTD 53,4500353,Aiken - VTD 53,AIKEN - VTD 53,2951975.970649,Aiken,003,Belvedere #9,Aiken - Belvedere #9,AIKEN - BELVEDERE 9,22949.743103,0.007774,2
003,Aiken,VTD 54,4500354,Aiken - VTD 54,AIKEN - VTD 54,6635791.379039,Aiken,003,Willow Springs,Aiken - Willow Springs,AIKEN - WILLOW SPRINGS,6596599.622824,0.994094,1
003,Aiken,VTD 54,4500354,Aiken - VTD 54,AIKEN - VTD 54,6635791.379039,Aiken,003,Belvedere #44,Aiken - Belvedere #44,AIKEN - BELVEDERE 44,39191.756215,0.005906,2
003,Aiken,VTD 32,4500332,Aiken - VTD 32,AIKEN - VTD 32,14238373.595641,Aiken,003,Ascauga Lake,Aiken - Ascauga Lake,AIKEN - ASCAUGA LAKE,10550875.001289,0.741017,1
003,Aiken,VTD 32,4500332,Aiken - VTD 32,AIKEN - VTD 32,14238373.595641,Aiken,003,Belvedere #74,Aiken - Belvedere #74,AIKEN - BELVEDERE 74,3686139.930397,0.258888,2
003,Aiken,VTD 33,4500333,Aiken - VTD 33,AIKEN - VTD 33,33240879.171602,Aiken,003,Midland Valley #51,Aiken - Midland Valley #51,AIKEN - MIDLAND VALLEY 51,17620433.658353,0.530083,1
003,Aiken,VTD 33,4500333,Aiken - VTD 33,AIKEN - VTD 33,33240879.171602,Aiken,003,Midland Valley #71,Aiken - Midland Valley #71,AIKEN - MIDLAND VALLEY 71,15587399.922545,0.468923,2
003,Aiken,VTD 33,4500333,Aiken - VTD 33,AIKEN - VTD 33,33240879.171602,Aiken,003,Warrenville,Aiken - Warrenville,AIKEN - WARRENVILLE,25055.638019,0.000754,3
003,Aiken,VTD 33,4500333,Aiken - VTD 33,AIKEN - VTD 33,33240879.171602,Aiken,003,Graniteville,Aiken - Graniteville,AIKEN - GRANITEVILLE,6108.008198,0.000184,4
003,Aiken,VTD 57,4500357,Aiken - VTD 57,AIKEN - VTD 57,7779356.502005,Aiken,003,Lynwood,Aiken - Lynwood,AIKEN - LYNWOOD,7779356.502005,1.000000,1
003,Aiken,VTD 56,4500356,Aiken - VTD 56,AIKEN - VTD 56,14789035.347035,Aiken,003,Bath,Aiken - Bath,AIKEN - BATH,14789035.347035,1.000000,1
003,Aiken,VTD 50,4500350,Aiken - VTD 50,AIKEN - VTD 50,4335376.240307,Aiken,003,North Augusta #25,Aiken - North Augusta #25,AIKEN - NORTH AUGUSTA 25,4335200.881111,0.999960,1
003,Aiken,VTD 51,4500351,Aiken - VTD 51,AIKEN - VTD 51,2489584.713066,Aiken,003,North Augusta #54,Aiken - North Augusta #54,AIKEN - NORTH AUGUSTA 54,2458555.889832,0.987537,1
003,Aiken,VTD 51,4500351,Aiken - VTD 51,AIKEN - VTD 51,2489584.713066,Aiken,003,Carolina Heights,Aiken - Carolina Heights,AIKEN - CAROLINA HEIGHTS,30045.654255,0.012069,2
003,Aiken,VTD 51,4500351,Aiken - VTD 51,AIKEN - VTD 51,2489584.713066,Aiken,003,North Augusta #26,Aiken - North Augusta #26,AIKEN - NORTH AUGUSTA 26,983.168978,0.000395,3
003,Aiken,VTD 52,4500352,Aiken - VTD 52,AIKEN - VTD 52,13461818.926150,Aiken,003,Carolina Heights,Aiken - Carolina Heights,AIKEN - CAROLINA HEIGHTS,12798562.069054,0.950731,1
003,Aiken,VTD 52,4500352,Aiken - VTD 52,AIKEN - VTD 52,13461818.926150,Aiken,003,North Augusta #54,Aiken - North Augusta #54,AIKEN - NORTH AUGUSTA 54,663256.331379,0.049269,2
003,Aiken,VTD 55,4500355,Aiken - VTD 55,AIKEN - VTD 55,4882388.690199,Aiken,003,Clearwater,Aiken - Clearwater,AIKEN - CLEARWATER,4882378.604275,0.999998,1
003,Aiken,VTD 24,4500324,Aiken - VTD 24,AIKEN - VTD 24,4514001.774456,Aiken,003,Six Points #35,Aiken - Six Points #35,AIKEN - SIX POINTS 35,4514001.774456,1.000000,1
003,Aiken,VTD 42,4500342,Aiken - VTD 42,AIKEN - VTD 42,79032621.373432,Aiken,003,Montmorenci,Aiken - Montmorenci,AIKEN - MONTMORENCI,76979210.509508,0.974018,1
003,Aiken,VTD 42,4500342,Aiken - VTD 42,AIKEN - VTD 42,79032621.373432,Aiken,003,Talatha,Aiken - Talatha,AIKEN - TALATHA,2053410.863925,0.025982,2
003,Aiken,VTD 65,4500365,Aiken - VTD 65,AIKEN - VTD 65,76161968.445599,Aiken,003,Windsor,Aiken - Windsor,AIKEN - WINDSOR,76013218.772759,0.998047,1
003,Aiken,VTD 65,4500365,Aiken - VTD 65,AIKEN - VTD 65,76161968.445599,Aiken,003,SRS,Aiken - SRS,AIKEN - SRS,148749.672840,0.001953,2
003,Aiken,VTD 67,4500367,Aiken - VTD 67,AIKEN - VTD 67,47151523.880377,Aiken,003,Hammond,Aiken - Hammond,AIKEN - HAMMOND,47151510.852694,1.000000,1
003,Aiken,VTD 60,4500360,Aiken - VTD 60,AIKEN - VTD 60,50428770.908699,Aiken,003,Pine Forest,Aiken - Pine Forest,AIKEN - PINE FOREST,34440054.376710,0.682945,1
003,Aiken,VTD 60,4500360,Aiken - VTD 60,AIKEN - VTD 60,50428770.908699,Aiken,003,Sleepy Hollow #65,Aiken - Sleepy Hollow #65,AIKEN - SLEEPY HOLLOW 65,15988716.531989,0.317055,2
003,Aiken,VTD 71,4500371,Aiken - VTD 71,AIKEN - VTD 71,37185914.628573,Aiken,003,Hammond,Aiken - Hammond,AIKEN - HAMMOND,37185889.525912,0.999999,1
003,Aiken,VTD 72,4500372,Aiken - VTD 72,AIKEN - VTD 72,52270652.895002,Aiken,003,Jackson,Aiken - Jackson,AIKEN - JACKSON,52270638.748979,1.000000,1
003,Aiken,VTD 73,4500373,Aiken - VTD 73,AIKEN - VTD 73,46185418.570711,Aiken,003,Jackson,Aiken - Jackson,AIKEN - JACKSON,46185013.372962,0.999991,1
003,Aiken,VTD 74,4500374,Aiken - VTD 74,AIKEN - VTD 74,180832940.418532,Aiken,003,SRS,Aiken - SRS,AIKEN - SRS,177766419.759472,0.983042,1
003,Aiken,VTD 74,4500374,Aiken - VTD 74,AIKEN - VTD 74,180832940.418532,Aiken,003,Silver Bluff,Aiken - Silver Bluff,AIKEN - SILVER BLUFF,1644696.340029,0.009095,2
003,Aiken,VTD 74,4500374,Aiken - VTD 74,AIKEN - VTD 74,180832940.418532,Aiken,003,Jackson,Aiken - Jackson,AIKEN - JACKSON,1421809.473855,0.007863,3
003,Aiken,VTD 75,4500375,Aiken - VTD 75,AIKEN - VTD 75,114804336.337441,Aiken,003,SRS,Aiken - SRS,AIKEN - SRS,114774434.317530,0.999740,1
003,Aiken,VTD 75,4500375,Aiken - VTD 75,AIKEN - VTD 75,114804336.337441,Aiken,003,Talatha,Aiken - Talatha,AIKEN - TALATHA,29902.019911,0.000260,2
003,Aiken,VTD 2,450032,Aiken - VTD 2,AIKEN - VTD 2,71955817.788677,Aiken,003,Ward,Aiken - Ward,AIKEN - WARD,71955799.580974,1.000000,1
003,Aiken,VTD 6,450036,Aiken - VTD 6,AIKEN - VTD 6,64112903.391929,Aiken,003,Eureka,Aiken - Eureka,AIKEN - EUREKA,64056675.248074,0.999123,1
003,Aiken,VTD 6,450036,Aiken - VTD 6,AIKEN - VTD 6,64112903.391929,Aiken,003,China Springs,Aiken - China Springs,AIKEN - CHINA SPRINGS,56228.143856,0.000877,2
003,Aiken,VTD 13,4500313,Aiken - VTD 13,AIKEN - VTD 13,37075943.951141,Aiken,003,Eureka,Aiken - Eureka,AIKEN - EUREKA,37021649.905889,0.998536,1
003,Aiken,VTD 13,4500313,Aiken - VTD 13,AIKEN - VTD 13,37075943.951141,Aiken,003,China Springs,Aiken - China Springs,AIKEN - CHINA SPRINGS,54294.045252,0.001464,2
003,Aiken,VTD 21,4500321,Aiken - VTD 21,AIKEN - VTD 21,32095892.879470,Aiken,003,China Springs,Aiken - China Springs,AIKEN - CHINA SPRINGS,32095892.879470,1.000000,1
003,Aiken,VTD 25,4500325,Aiken - VTD 25,AIKEN - VTD 25,6346948.553926,Aiken,003,Six Points #46,Aiken - Six Points #46,AIKEN - SIX POINTS 46,6346948.553926,1.000000,1
003,Aiken,VTD 26,4500326,Aiken - VTD 26,AIKEN - VTD 26,3951049.616022,Aiken,003,Aiken #3,Aiken - Aiken #3,AIKEN - AIKEN 3,3951049.616022,1.000000,1
003,Aiken,VTD 69,4500369,Aiken - VTD 69,AIKEN - VTD 69,96335535.989501,Aiken,003,Talatha,Aiken - Talatha,AIKEN - TALATHA,45340956.405305,0.470657,1
003,Aiken,VTD 69,4500369,Aiken - VTD 69,AIKEN - VTD 69,96335535.989501,Aiken,003,Silver Bluff,Aiken - Silver Bluff,AIKEN - SILVER BLUFF,22635987.564347,0.234970,2
003,Aiken,VTD 69,4500369,Aiken - VTD 69,AIKEN - VTD 69,96335535.989501,Aiken,003,Cedar Creek #64,Aiken - Cedar Creek #64,AIKEN - CEDAR CREEK 64,16216910.960203,0.168338,3
003,Aiken,VTD 69,4500369,Aiken - VTD 69,AIKEN - VTD 69,96335535.989501,Aiken,003,Sleepy Hollow #65,Aiken - Sleepy Hollow #65,AIKEN - SLEEPY HOLLOW 65,11120401.473246,0.115434,4
003,Aiken,VTD 69,4500369,Aiken - VTD 69,AIKEN - VTD 69,96335535.989501,Aiken,003,Montmorenci,Aiken - Montmorenci,AIKEN - MONTMORENCI,711963.186179,0.007390,5
003,Aiken,VTD 69,4500369,Aiken - VTD 69,AIKEN - VTD 69,96335535.989501,Aiken,003,SRS,Aiken - SRS,AIKEN - SRS,271939.094448,0.002823,6
003,Aiken,VTD 69,4500369,Aiken - VTD 69,AIKEN - VTD 69,96335535.989501,Aiken,003,New Ellenton,Aiken - New Ellenton,AIKEN - NEW ELLENTON,37377.305773,0.000388,7
003,Aiken,VTD 11,4500311,Aiken - VTD 11,AIKEN - VTD 11,70475445.025881,Aiken,003,Wagner,Aiken - Wagner,AIKEN - WAGNER,70475445.025881,1.000000,1
003,Aiken,VTD 19,4500319,Aiken - VTD 19,AIKEN - VTD 19,40576199.407619,Aiken,003,Breezy Hill,Aiken - Breezy Hill,AIKEN - BREEZY HILL,40548413.640476,0.999315,1
003,Aiken,VTD 19,4500319,Aiken - VTD 19,AIKEN - VTD 19,40576199.407619,Aiken,003,Graniteville,Aiken - Graniteville,AIKEN - GRANITEVILLE,27785.108353,0.000685,2
003,Aiken,VTD 23,4500323,Aiken - VTD 23,AIKEN - VTD 23,10874925.579538,Aiken,003,Graniteville,Aiken - Graniteville,AIKEN - GRANITEVILLE,9127460.117640,0.839312,1
003,Aiken,VTD 23,4500323,Aiken - VTD 23,AIKEN - VTD 23,10874925.579538,Aiken,003,Six Points #35,Aiken - Six Points #35,AIKEN - SIX POINTS 35,1747465.461898,0.160688,2
003,Aiken,VTD 43,4500343,Aiken - VTD 43,AIKEN - VTD 43,81344064.190397,Aiken,003,White Pond,Aiken - White Pond,AIKEN - WHITE POND,81226078.074312,0.998550,1
003,Aiken,VTD 43,4500343,Aiken - VTD 43,AIKEN - VTD 43,81344064.190397,Aiken,003,SRS,Aiken - SRS,AIKEN - SRS,117986.116085,0.001450,2
005,Allendale,VTD 9,450059,Allendale - VTD 9,ALLENDALE - VTD 9,133242788.689337,Allendale,005,Martin,Allendale - Martin,ALLENDALE - MARTIN,133242788.689337,1.000000,1
005,Allendale,VTD 5,450055,Allendale - VTD 5,ALLENDALE - VTD 5,154593327.072027,Allendale,005,Martin,Allendale - Martin,ALLENDALE - MARTIN,154551399.322520,0.999729,1
005,Allendale,VTD 5,450055,Allendale - VTD 5,ALLENDALE - VTD 5,154593327.072027,Allendale,005,Woods,Allendale - Woods,ALLENDALE - WOODS,41927.635663,0.000271,2
005,Allendale,VTD 7,450057,Allendale - VTD 7,ALLENDALE - VTD 7,84567793.159522,Allendale,005,Ulmer,Allendale - Ulmer,ALLENDALE - ULMER,67934740.615460,0.803317,1
005,Allendale,VTD 7,450057,Allendale - VTD 7,ALLENDALE - VTD 7,84567793.159522,Allendale,005,Woods,Allendale - Woods,ALLENDALE - WOODS,16438465.019685,0.194382,2
005,Allendale,VTD 7,450057,Allendale - VTD 7,ALLENDALE - VTD 7,84567793.159522,Allendale,005,Sycamore,Allendale - Sycamore,ALLENDALE - SYCAMORE,194586.028559,0.002301,3
005,Allendale,VTD 6,450056,Allendale - VTD 6,ALLENDALE - VTD 6,104000861.780587,Allendale,005,Sycamore,Allendale - Sycamore,ALLENDALE - SYCAMORE,104000861.780587,1.000000,1
005,Allendale,VTD 1,450051,Allendale - VTD 1,ALLENDALE - VTD 1,24981345.048283,Allendale,005,Allendale No. 1,Allendale - Allendale No. 1,ALLENDALE - ALLENDALE NO. 1,22336425.798204,0.894124,1
005,Allendale,VTD 1,450051,Allendale - VTD 1,ALLENDALE - VTD 1,24981345.048283,Allendale,005,Sycamore,Allendale - Sycamore,ALLENDALE - SYCAMORE,2618995.878962,0.104838,2
005,Allendale,VTD 1,450051,Allendale - VTD 1,ALLENDALE - VTD 1,24981345.048283,Allendale,005,Allendale No. 2,Allendale - Allendale No. 2,ALLENDALE - ALLENDALE NO. 2,25923.371117,0.001038,3
005,Allendale,VTD 2,450052,Allendale - VTD 2,ALLENDALE - VTD 2,3168585.934439,Allendale,005,Allendale No. 2,Allendale - Allendale No. 2,ALLENDALE - ALLENDALE NO. 2,3161972.764675,0.997913,1
005,Allendale,VTD 2,450052,Allendale - VTD 2,ALLENDALE - VTD 2,3168585.934439,Allendale,005,Allendale No. 1,Allendale - Allendale No. 1,ALLENDALE - ALLENDALE NO. 1,6613.169764,0.002087,2
005,Allendale,VTD 4,450054,Allendale - VTD 4,ALLENDALE - VTD 4,85321824.496346,Allendale,005,Fairfax No. 2,Allendale - Fairfax No. 2,ALLENDALE - FAIRFAX NO. 2,41209092.930575,0.482984,1
005,Allendale,VTD 4,450054,Allendale - VTD 4,ALLENDALE - VTD 4,85321824.496346,Allendale,005,Woods,Allendale - Woods,ALLENDALE - WOODS,27288462.593971,0.319830,2
005,Allendale,VTD 4,450054,Allendale - VTD 4,ALLENDALE - VTD 4,85321824.496346,Allendale,005,Fairfax No. 1,Allendale - Fairfax No. 1,ALLENDALE - FAIRFAX NO. 1,16794160.685457,0.196833,3
005,Allendale,VTD 4,450054,Allendale - VTD 4,ALLENDALE - VTD 4,85321824.496346,Allendale,005,Allendale No. 2,Allendale - Allendale No. 2,ALLENDALE - ALLENDALE NO. 2,30108.286343,0.000353,4
005,Allendale,VTD 3,450053,Allendale - VTD 3,ALLENDALE - VTD 3,37520978.201723,Allendale,005,Fairfax No. 1,Allendale - Fairfax No. 1,ALLENDALE - FAIRFAX NO. 1,32892666.667526,0.876647,1
005,Allendale,VTD 3,450053,Allendale - VTD 3,ALLENDALE - VTD 3,37520978.201723,Allendale,005,Sycamore,Allendale - Sycamore,ALLENDALE - SYCAMORE,3565666.812014,0.095031,2
005,Allendale,VTD 3,450053,Allendale - VTD 3,ALLENDALE - VTD 3,37520978.201723,Allendale,005,Fairfax No. 2,Allendale - Fairfax No. 2,ALLENDALE - FAIRFAX NO. 2,1062644.722183,0.028321,3
005,Allendale,VTD 11,4500511,Allendale - VTD 11,ALLENDALE - VTD 11,232876889.643838,Allendale,005,Fairfax No. 2,Allendale - Fairfax No. 2,ALLENDALE - FAIRFAX NO. 2,214022462.021469,0.919037,1
005,Allendale,VTD 11,4500511,Allendale - VTD 11,ALLENDALE - VTD 11,232876889.643838,Allendale,005,Woods,Allendale - Woods,ALLENDALE - WOODS,18854427.622369,0.080963,2
005,Allendale,VTD 10,4500510,Allendale - VTD 10,ALLENDALE - VTD 10,154526440.488253,Allendale,005,Woods,Allendale - Woods,ALLENDALE - WOODS,110900699.122033,0.717681,1
005,Allendale,VTD 10,4500510,Allendale - VTD 10,ALLENDALE - VTD 10,154526440.488253,Allendale,005,Fairfax No. 2,Allendale - Fairfax No. 2,ALLENDALE - FAIRFAX NO. 2,43625740.246106,0.282319,2
005,Allendale,VTD 8,450058,Allendale - VTD 8,ALLENDALE - VTD 8,53355905.732403,Allendale,005,Woods,Allendale - Woods,ALLENDALE - WOODS,53353772.760483,0.999960,1
007,Anderson,VTD 2,450072,Anderson - VTD 2,ANDERSON - VTD 2,40014825.346197,Anderson,007,Hunt Meadows,Anderson - Hunt Meadows,ANDERSON - HUNT MEADOWS,21383872.394443,0.534399,1
007,Anderson,VTD 2,450072,Anderson - VTD 2,ANDERSON - VTD 2,40014825.346197,Anderson,007,Three and Twenty,Anderson - Three and Twenty,ANDERSON - THREE AND TWENTY,18500273.024253,0.462335,2
007,Anderson,VTD 2,450072,Anderson - VTD 2,ANDERSON - VTD 2,40014825.346197,Anderson,007,Powdersville,Anderson - Powdersville,ANDERSON - POWDERSVILLE,82948.933989,0.002073,3
007,Anderson,VTD 2,450072,Anderson - VTD 2,ANDERSON - VTD 2,40014825.346197,Anderson,007,Concrete,Anderson - Concrete,ANDERSON - CONCRETE,47730.826199,0.001193,4
007,Anderson,VTD 1,450071,Anderson - VTD 1,ANDERSON - VTD 1,34982823.868659,Anderson,007,Powdersville,Anderson - Powdersville,ANDERSON - POWDERSVILLE,19575876.763483,0.559585,1
007,Anderson,VTD 1,450071,Anderson - VTD 1,ANDERSON - VTD 1,34982823.868659,Anderson,007,Concrete,Anderson - Concrete,ANDERSON - CONCRETE,15353927.014308,0.438899,2
007,Anderson,VTD 1,450071,Anderson - VTD 1,ANDERSON - VTD 1,34982823.868659,Anderson,007,Simpsonville,Anderson - Simpsonville,ANDERSON - SIMPSONVILLE,52790.259037,0.001509,3
007,Anderson,VTD 3,450073,Anderson - VTD 3,ANDERSON - VTD 3,45015498.163812,Anderson,007,Brushy Creek,Anderson - Brushy Creek,ANDERSON - BRUSHY CREEK,23602785.426064,0.524326,1
007,Anderson,VTD 3,450073,Anderson - VTD 3,ANDERSON - VTD 3,45015498.163812,Anderson,007,Mt. Airy,Anderson - Mt. Airy,ANDERSON - MT. AIRY,21223706.975706,0.471476,2
007,Anderson,VTD 3,450073,Anderson - VTD 3,ANDERSON - VTD 3,45015498.163812,Anderson,007,Simpsonville,Anderson - Simpsonville,ANDERSON - SIMPSONVILLE,156411.505332,0.003475,3
007,Anderson,VTD 3,450073,Anderson - VTD 3,ANDERSON - VTD 3,45015498.163812,Anderson,007,Hunt Meadows,Anderson - Hunt Meadows,ANDERSON - HUNT MEADOWS,24725.743882,0.000549,4
007,Anderson,VTD 3,450073,Anderson - VTD 3,ANDERSON - VTD 3,45015498.163812,Anderson,007,Concrete,Anderson - Concrete,ANDERSON - CONCRETE,7868.512828,0.000175,5
007,Anderson,VTD 4,450074,Anderson - VTD 4,ANDERSON - VTD 4,24836313.242922,Anderson,007,Simpsonville,Anderson - Simpsonville,ANDERSON - SIMPSONVILLE,24835480.328579,0.999966,1
007,Anderson,VTD 14,4500714,Anderson - VTD 14,ANDERSON - VTD 14,38918436.244376,Anderson,007,Pendleton,Anderson - Pendleton,ANDERSON - PENDLETON,38870016.449526,0.998756,1
007,Anderson,VTD 14,4500714,Anderson - VTD 14,ANDERSON - VTD 14,38918436.244376,Anderson,007,Bishop's Branch,Anderson - Bishop's Branch,ANDERSON - BISHOPS BRANCH,29183.533221,0.000750,2
007,Anderson,VTD 14,4500714,Anderson - VTD 14,ANDERSON - VTD 14,38918436.244376,Anderson,007,Mount Tabor,Anderson - Mount Tabor,ANDERSON - MOUNT TABOR,9878.214485,0.000254,3
007,Anderson,VTD 14,4500714,Anderson - VTD 14,ANDERSON - VTD 14,38918436.244376,Anderson,007,La France,Anderson - La France,ANDERSON - LA FRANCE,9358.010573,0.000240,4
007,Anderson,VTD 8,450078,Anderson - VTD 8,ANDERSON - VTD 8,41770639.829610,Anderson,007,Bishop's Branch,Anderson - Bishop's Branch,ANDERSON - BISHOPS BRANCH,41764454.692029,0.999852,1
007,Anderson,VTD 8,450078,Anderson - VTD 8,ANDERSON - VTD 8,41770639.829610,Anderson,007,Pendleton,Anderson - Pendleton,ANDERSON - PENDLETON,5298.161205,0.000127,2
007,Anderson,VTD 5,450075,Anderson - VTD 5,ANDERSON - VTD 5,40547664.397048,Anderson,007,Bishop's Branch,Anderson - Bishop's Branch,ANDERSON - BISHOPS BRANCH,40547387.086749,0.999993,1
007,Anderson,VTD 9,450079,Anderson - VTD 9,ANDERSON - VTD 9,29207918.082356,Anderson,007,Melton,Anderson - Melton,ANDERSON - MELTON,28303987.890719,0.969052,1
007,Anderson,VTD 9,450079,Anderson - VTD 9,ANDERSON - VTD 9,29207918.082356,Anderson,007,Three and Twenty,Anderson - Three and Twenty,ANDERSON - THREE AND TWENTY,903930.191637,0.030948,2
007,Anderson,VTD 10,4500710,Anderson - VTD 10,ANDERSON - VTD 10,28656264.601723,Anderson,007,Piercetown,Anderson - Piercetown,ANDERSON - PIERCETOWN,28656264.601723,1.000000,1
007,Anderson,VTD 6,450076,Anderson - VTD 6,ANDERSON - VTD 6,26867465.527308,Anderson,007,Three and Twenty,Anderson - Three and Twenty,ANDERSON - THREE AND TWENTY,25814365.350205,0.960804,1
007,Anderson,VTD 6,450076,Anderson - VTD 6,ANDERSON - VTD 6,26867465.527308,Anderson,007,Hunt Meadows,Anderson - Hunt Meadows,ANDERSON - HUNT MEADOWS,1044136.312355,0.038862,2
007,Anderson,VTD 6,450076,Anderson - VTD 6,ANDERSON - VTD 6,26867465.527308,Anderson,007,Melton,Anderson - Melton,ANDERSON - MELTON,8962.115856,0.000334,3
007,Anderson,VTD 11,4500711,Anderson - VTD 11,ANDERSON - VTD 11,46155077.111225,Anderson,007,White Plains,Anderson - White Plains,ANDERSON - WHITE PLAINS,46153023.904114,0.999956,1
007,Anderson,VTD 12,4500712,Anderson - VTD 12,ANDERSON - VTD 12,18436528.891404,Anderson,007,West Pelzer,Anderson - West Pelzer,ANDERSON - WEST PELZER,18418503.441451,0.999022,1
007,Anderson,VTD 12,4500712,Anderson - VTD 12,ANDERSON - VTD 12,18436528.891404,Anderson,007,White Plains,Anderson - White Plains,ANDERSON - WHITE PLAINS,17522.510247,0.000950,2
007,Anderson,VTD 7,450077,Anderson - VTD 7,ANDERSON - VTD 7,5221702.146048,Anderson,007,Piedmont,Anderson - Piedmont,ANDERSON - PIEDMONT,5221050.154581,0.999875,1
007,Anderson,VTD 7,450077,Anderson - VTD 7,ANDERSON - VTD 7,5221702.146048,Anderson,007,Simpsonville,Anderson - Simpsonville,ANDERSON - SIMPSONVILLE,651.991467,0.000125,2
007,Anderson,VTD 21,4500721,Anderson - VTD 21,ANDERSON - VTD 21,47635879.028557,Anderson,007,Mount Tabor,Anderson - Mount Tabor,ANDERSON - MOUNT TABOR,47066458.145002,0.988046,1
007,Anderson,VTD 21,4500721,Anderson - VTD 21,ANDERSON - VTD 21,47635879.028557,Anderson,007,Fork No. 1,Anderson - Fork No. 1,ANDERSON - FORK NO. 1,384428.498461,0.008070,2
007,Anderson,VTD 21,4500721,Anderson - VTD 21,ANDERSON - VTD 21,47635879.028557,Anderson,007,Townville,Anderson - Townville,ANDERSON - TOWNVILLE,101653.946909,0.002134,3
007,Anderson,VTD 21,4500721,Anderson - VTD 21,ANDERSON - VTD 21,47635879.028557,Anderson,007,Denver-Sandy Springs,Anderson - Denver-Sandy Springs,ANDERSON - DENVER-SANDY SPRINGS,83338.438185,0.001749,4
007,Anderson,VTD 29,4500729,Anderson - VTD 29,ANDERSON - VTD 29,30311399.415194,Anderson,007,Fork No. 1,Anderson - Fork No. 1,ANDERSON - FORK NO. 1,30152965.029524,0.994773,1
007,Anderson,VTD 29,4500729,Anderson - VTD 29,ANDERSON - VTD 29,30311399.415194,Anderson,007,Mount Tabor,Anderson - Mount Tabor,ANDERSON - MOUNT TABOR,80108.062169,0.002643,2
007,Anderson,VTD 29,4500729,Anderson - VTD 29,ANDERSON - VTD 29,30311399.415194,Anderson,007,Fork No. 2,Anderson - Fork No. 2,ANDERSON - FORK NO. 2,61739.989469,0.002037,3
007,Anderson,VTD 29,4500729,Anderson - VTD 29,ANDERSON - VTD 29,30311399.415194,Anderson,007,Center Rock,Anderson - Center Rock,ANDERSON - CENTER ROCK,9979.561157,0.000329,4
007,Anderson,VTD 29,4500729,Anderson - VTD 29,ANDERSON - VTD 29,30311399.415194,Anderson,007,Townville,Anderson - Townville,ANDERSON - TOWNVILLE,6606.772876,0.000218,5
007,Anderson,VTD 23,4500723,Anderson - VTD 23,ANDERSON - VTD 23,27604488.409735,Anderson,007,Denver-Sandy Springs,Anderson - Denver-Sandy Springs,ANDERSON - DENVER-SANDY SPRINGS,27576190.519027,0.998975,1
007,Anderson,VTD 23,4500723,Anderson - VTD 23,ANDERSON - VTD 23,27604488.409735,Anderson,007,Edgewood Station A,Anderson - Edgewood Station A,ANDERSON - EDGEWOOD STATION A,11685.634293,0.000423,2
007,Anderson,VTD 23,4500723,Anderson - VTD 23,ANDERSON - VTD 23,27604488.409735,Anderson,007,Green Pond Station A,Anderson - Green Pond Station A,ANDERSON - GREEN POND STATION A,8358.828211,0.000303,3
007,Anderson,VTD 23,4500723,Anderson - VTD 23,ANDERSON - VTD 23,27604488.409735,Anderson,007,Five Forks,Anderson - Five Forks,ANDERSON - FIVE FORKS,7148.000149,0.000259,4
007,Anderson,VTD 31,4500731,Anderson - VTD 31,ANDERSON - VTD 31,12595253.556868,Anderson,007,Centerville Station A,Anderson - Centerville Station A,ANDERSON - CENTERVILLE STATION A,12595253.556868,1.000000,1
007,Anderson,VTD 22,4500722,Anderson - VTD 22,ANDERSON - VTD 22,18257632.601442,Anderson,007,La France,Anderson - La France,ANDERSON - LA FRANCE,18242461.677164,0.999169,1
007,Anderson,VTD 22,4500722,Anderson - VTD 22,ANDERSON - VTD 22,18257632.601442,Anderson,007,Mount Tabor,Anderson - Mount Tabor,ANDERSON - MOUNT TABOR,15170.924278,0.000831,2
007,Anderson,VTD 15,4500715,Anderson - VTD 15,ANDERSON - VTD 15,19452114.258595,Anderson,007,Five Forks,Anderson - Five Forks,ANDERSON - FIVE FORKS,19449030.486999,0.999841,1
007,Anderson,VTD 15,4500715,Anderson - VTD 15,ANDERSON - VTD 15,19452114.258595,Anderson,007,Bishop's Branch,Anderson - Bishop's Branch,ANDERSON - BISHOPS BRANCH,3083.771596,0.000159,2
007,Anderson,VTD 33,4500733,Anderson - VTD 33,ANDERSON - VTD 33,7208883.268861,Anderson,007,Edgewood Station B,Anderson - Edgewood Station B,ANDERSON - EDGEWOOD STATION B,7026000.320130,0.974631,1
007,Anderson,VTD 33,4500733,Anderson - VTD 33,ANDERSON - VTD 33,7208883.268861,Anderson,007,Anderson 1/1,Anderson - Anderson 1/1,ANDERSON - ANDERSON 11,173857.550252,0.024117,2
007,Anderson,VTD 33,4500733,Anderson - VTD 33,ANDERSON - VTD 33,7208883.268861,Anderson,007,Hopewell,Anderson - Hopewell,ANDERSON - HOPEWELL,8576.235532,0.001190,3
007,Anderson,VTD 24,4500724,Anderson - VTD 24,ANDERSON - VTD 24,28586169.486648,Anderson,007,Hammond School,Anderson - Hammond School,ANDERSON - HAMMOND SCHOOL,22588912.283125,0.790204,1
007,Anderson,VTD 24,4500724,Anderson - VTD 24,ANDERSON - VTD 24,28586169.486648,Anderson,007,Hammond Annex,Anderson - Hammond Annex,ANDERSON - HAMMOND ANNEX,4824595.242235,0.168774,2
007,Anderson,VTD 24,4500724,Anderson - VTD 24,ANDERSON - VTD 24,28586169.486648,Anderson,007,Anderson 2/2,Anderson - Anderson 2/2,ANDERSON - ANDERSON 22,1161703.912152,0.040639,3
007,Anderson,VTD 24,4500724,Anderson - VTD 24,ANDERSON - VTD 24,28586169.486648,Anderson,007,Anderson 3/2,Anderson - Anderson 3/2,ANDERSON - ANDERSON 32,10940.058072,0.000383,4
007,Anderson,VTD 16,4500716,Anderson - VTD 16,ANDERSON - VTD 16,20454637.975879,Anderson,007,Five Forks,Anderson - Five Forks,ANDERSON - FIVE FORKS,20411148.808365,0.997874,1
007,Anderson,VTD 16,4500716,Anderson - VTD 16,ANDERSON - VTD 16,20454637.975879,Anderson,007,Edgewood Station B,Anderson - Edgewood Station B,ANDERSON - EDGEWOOD STATION B,35607.836224,0.001741,2
007,Anderson,VTD 16,4500716,Anderson - VTD 16,ANDERSON - VTD 16,20454637.975879,Anderson,007,Hopewell,Anderson - Hopewell,ANDERSON - HOPEWELL,7881.331290,0.000385,3
007,Anderson,VTD 17,4500717,Anderson - VTD 17,ANDERSON - VTD 17,39302808.440867,Anderson,007,Hopewell,Anderson - Hopewell,ANDERSON - HOPEWELL,39051842.058738,0.993615,1
007,Anderson,VTD 17,4500717,Anderson - VTD 17,ANDERSON - VTD 17,39302808.440867,Anderson,007,Hammond School,Anderson - Hammond School,ANDERSON - HAMMOND SCHOOL,223474.394517,0.005686,2
007,Anderson,VTD 17,4500717,Anderson - VTD 17,ANDERSON - VTD 17,39302808.440867,Anderson,007,Five Forks,Anderson - Five Forks,ANDERSON - FIVE FORKS,25507.145214,0.000649,3
007,Anderson,VTD 18,4500718,Anderson - VTD 18,ANDERSON - VTD 18,15842568.215253,Anderson,007,Piercetown,Anderson - Piercetown,ANDERSON - PIERCETOWN,15842567.553889,1.000000,1
007,Anderson,VTD 34,4500734,Anderson - VTD 34,ANDERSON - VTD 34,4991046.145574,Anderson,007,Anderson 1/1,Anderson - Anderson 1/1,ANDERSON - ANDERSON 11,3900741.421968,0.781548,1
007,Anderson,VTD 34,4500734,Anderson - VTD 34,ANDERSON - VTD 34,4991046.145574,Anderson,007,Edgewood Station B,Anderson - Edgewood Station B,ANDERSON - EDGEWOOD STATION B,1084050.004074,0.217199,2
007,Anderson,VTD 34,4500734,Anderson - VTD 34,ANDERSON - VTD 34,4991046.145574,Anderson,007,Edgewood Station A,Anderson - Edgewood Station A,ANDERSON - EDGEWOOD STATION A,6254.466155,0.001253,3
007,Anderson,VTD 25,4500725,Anderson - VTD 25,ANDERSON - VTD 25,19076375.585763,Anderson,007,Bowling Green,Anderson - Bowling Green,ANDERSON - BOWLING GREEN,19076374.007793,1.000000,1
007,Anderson,VTD 53,4500753,Anderson - VTD 53,ANDERSON - VTD 53,39625984.802204,Anderson,007,Belton,Anderson - Belton,ANDERSON - BELTON,39615971.329171,0.999747,1
007,Anderson,VTD 53,4500753,Anderson - VTD 53,ANDERSON - VTD 53,39625984.802204,Anderson,007,Toney Creek,Anderson - Toney Creek,ANDERSON - TONEY CREEK,10013.473033,0.000253,2
007,Anderson,VTD 26,4500726,Anderson - VTD 26,ANDERSON - VTD 26,34000460.451872,Anderson,007,Cedar Grove,Anderson - Cedar Grove,ANDERSON - CEDAR GROVE,33685514.548665,0.990737,1
007,Anderson,VTD 26,4500726,Anderson - VTD 26,ANDERSON - VTD 26,34000460.451872,Anderson,007,Williamston Mill,Anderson - Williamston Mill,ANDERSON - WILLIAMSTON MILL,314945.725348,0.009263,2
007,Anderson,VTD 13,4500713,Anderson - VTD 13,ANDERSON - VTD 13,3479551.122014,Anderson,007,Pelzer,Anderson - Pelzer,ANDERSON - PELZER,3479531.668995,0.999994,1
007,Anderson,VTD 20,4500720,Anderson - VTD 20,ANDERSON - VTD 20,19916634.274403,Anderson,007,Williamston,Anderson - Williamston,ANDERSON - WILLIAMSTON,19889439.446366,0.998635,1
007,Anderson,VTD 20,4500720,Anderson - VTD 20,ANDERSON - VTD 20,19916634.274403,Anderson,007,Williamston Mill,Anderson - Williamston Mill,ANDERSON - WILLIAMSTON MILL,22837.285039,0.001147,2
007,Anderson,VTD 20,4500720,Anderson - VTD 20,ANDERSON - VTD 20,19916634.274403,Anderson,007,Pelzer,Anderson - Pelzer,ANDERSON - PELZER,4355.320704,0.000219,3
007,Anderson,VTD 19,4500719,Anderson - VTD 19,ANDERSON - VTD 19,20711712.900751,Anderson,007,Williamston Mill,Anderson - Williamston Mill,ANDERSON - WILLIAMSTON MILL,19318086.556674,0.932713,1
007,Anderson,VTD 19,4500719,Anderson - VTD 19,ANDERSON - VTD 19,20711712.900751,Anderson,007,Cedar Grove,Anderson - Cedar Grove,ANDERSON - CEDAR GROVE,1359311.094631,0.065630,2
007,Anderson,VTD 19,4500719,Anderson - VTD 19,ANDERSON - VTD 19,20711712.900751,Anderson,007,Williamston,Anderson - Williamston,ANDERSON - WILLIAMSTON,34315.249447,0.001657,3
007,Anderson,VTD 27,4500727,Anderson - VTD 27,ANDERSON - VTD 27,31388363.379263,Anderson,007,Toney Creek,Anderson - Toney Creek,ANDERSON - TONEY CREEK,31386167.401954,0.999930,1
007,Anderson,VTD 35,4500735,Anderson - VTD 35,ANDERSON - VTD 35,73060640.535674,Anderson,007,Fork No. 2,Anderson - Fork No. 2,ANDERSON - FORK NO. 2,73007264.338486,0.999269,1
007,Anderson,VTD 35,4500735,Anderson - VTD 35,ANDERSON - VTD 35,73060640.535674,Anderson,007,Fork No. 1,Anderson - Fork No. 1,ANDERSON - FORK NO. 1,53374.872479,0.000731,2
007,Anderson,VTD 36,4500736,Anderson - VTD 36,ANDERSON - VTD 36,67462167.224036,Anderson,007,Center Rock,Anderson - Center Rock,ANDERSON - CENTER ROCK,35773861.347445,0.530280,1
007,Anderson,VTD 36,4500736,Anderson - VTD 36,ANDERSON - VTD 36,67462167.224036,Anderson,007,Rock Mill,Anderson - Rock Mill,ANDERSON - ROCK MILL,30302653.991258,0.449180,2
007,Anderson,VTD 36,4500736,Anderson - VTD 36,ANDERSON - VTD 36,67462167.224036,Anderson,007,West Savannah,Anderson - West Savannah,ANDERSON - WEST SAVANNAH,629624.322388,0.009333,3
007,Anderson,VTD 36,4500736,Anderson - VTD 36,ANDERSON - VTD 36,67462167.224036,Anderson,007,Fork No. 2,Anderson - Fork No. 2,ANDERSON - FORK NO. 2,599922.410308,0.008893,4
007,Anderson,VTD 36,4500736,Anderson - VTD 36,ANDERSON - VTD 36,67462167.224036,Anderson,007,Fork No. 1,Anderson - Fork No. 1,ANDERSON - FORK NO. 1,156105.152636,0.002314,5
007,Anderson,VTD 55,4500755,Anderson - VTD 55,ANDERSON - VTD 55,51659127.925559,Anderson,007,Mountain Creek,Anderson - Mountain Creek,ANDERSON - MOUNTAIN CREEK,51518953.980985,0.997287,1
007,Anderson,VTD 55,4500755,Anderson - VTD 55,ANDERSON - VTD 55,51659127.925559,Anderson,007,Starr,Anderson - Starr,ANDERSON - STARR,138715.112561,0.002685,2
007,Anderson,VTD 38,4500738,Anderson - VTD 38,ANDERSON - VTD 38,19737937.995059,Anderson,007,Lakeside,Anderson - Lakeside,ANDERSON - LAKESIDE,19737937.572479,1.000000,1
007,Anderson,VTD 30,4500730,Anderson - VTD 30,ANDERSON - VTD 30,35787315.733651,Anderson,007,Green Pond Station A,Anderson - Green Pond Station A,ANDERSON - GREEN POND STATION A,19603696.959318,0.547783,1
007,Anderson,VTD 30,4500730,Anderson - VTD 30,ANDERSON - VTD 30,35787315.733651,Anderson,007,Center Rock,Anderson - Center Rock,ANDERSON - CENTER ROCK,16153777.826057,0.451383,2
007,Anderson,VTD 30,4500730,Anderson - VTD 30,ANDERSON - VTD 30,35787315.733651,Anderson,007,Denver-Sandy Springs,Anderson - Denver-Sandy Springs,ANDERSON - DENVER-SANDY SPRINGS,26313.332065,0.000735,3
007,Anderson,VTD 37,4500737,Anderson - VTD 37,ANDERSON - VTD 37,6416770.967701,Anderson,007,Centerville Station B,Anderson - Centerville Station B,ANDERSON - CENTERVILLE STATION B,6416758.528474,0.999998,1
007,Anderson,VTD 82,4500782,Anderson - VTD 82,ANDERSON - VTD 82,10471692.866529,Anderson,007,Fork No. 1,Anderson - Fork No. 1,ANDERSON - FORK NO. 1,9992869.044982,0.954274,1
007,Anderson,VTD 82,4500782,Anderson - VTD 82,ANDERSON - VTD 82,10471692.866529,Anderson,007,Denver-Sandy Springs,Anderson - Denver-Sandy Springs,ANDERSON - DENVER-SANDY SPRINGS,427744.945259,0.040848,2
007,Anderson,VTD 82,4500782,Anderson - VTD 82,ANDERSON - VTD 82,10471692.866529,Anderson,007,Green Pond Station A,Anderson - Green Pond Station A,ANDERSON - GREEN POND STATION A,51078.876288,0.004878,3
007,Anderson,VTD 39,4500739,Anderson - VTD 39,ANDERSON - VTD 39,3178489.154342,Anderson,007,Appleton-Equinox,Anderson - Appleton-Equinox,ANDERSON - APPLETON-EQUINOX,3094841.433688,0.973683,1
007,Anderson,VTD 39,4500739,Anderson - VTD 39,ANDERSON - VTD 39,3178489.154342,Anderson,007,Anderson 6/1,Anderson - Anderson 6/1,ANDERSON - ANDERSON 61,39438.417648,0.012408,2
007,Anderson,VTD 39,4500739,Anderson - VTD 39,ANDERSON - VTD 39,3178489.154342,Anderson,007,Anderson 6/2,Anderson - Anderson 6/2,ANDERSON - ANDERSON 62,29814.176308,0.009380,3
007,Anderson,VTD 39,4500739,Anderson - VTD 39,ANDERSON - VTD 39,3178489.154342,Anderson,007,Anderson 5/A,Anderson - Anderson 5/A,ANDERSON - ANDERSON 5A,14393.023323,0.004528,4
007,Anderson,VTD 56,4500756,Anderson - VTD 56,ANDERSON - VTD 56,11110484.057158,Anderson,007,Varennes,Anderson - Varennes,ANDERSON - VARENNES,9564410.844016,0.860846,1
007,Anderson,VTD 56,4500756,Anderson - VTD 56,ANDERSON - VTD 56,11110484.057158,Anderson,007,Mountain Creek,Anderson - Mountain Creek,ANDERSON - MOUNTAIN CREEK,1546073.213142,0.139154,2
007,Anderson,VTD 57,4500757,Anderson - VTD 57,ANDERSON - VTD 57,1071094.237483,Anderson,007,Gluck Mill,Anderson - Gluck Mill,ANDERSON - GLUCK MILL,1064688.322265,0.994019,1
007,Anderson,VTD 57,4500757,Anderson - VTD 57,ANDERSON - VTD 57,1071094.237483,Anderson,007,Mountain Creek,Anderson - Mountain Creek,ANDERSON - MOUNTAIN CREEK,6405.915219,0.005981,2
007,Anderson,VTD 66,4500766,Anderson - VTD 66,ANDERSON - VTD 66,24504273.175656,Anderson,007,Flat Rock,Anderson - Flat Rock,ANDERSON - FLAT ROCK,24192688.813555,0.987284,1
007,Anderson,VTD 66,4500766,Anderson - VTD 66,ANDERSON - VTD 66,24504273.175656,Anderson,007,Mountain Creek,Anderson - Mountain Creek,ANDERSON - MOUNTAIN CREEK,311584.362101,0.012716,2
007,Anderson,VTD 67,4500767,Anderson - VTD 67,ANDERSON - VTD 67,4704883.400528,Anderson,007,Homeland Park,Anderson - Homeland Park,ANDERSON - HOMELAND PARK,4704883.400528,1.000000,1
007,Anderson,VTD 59,4500759,Anderson - VTD 59,ANDERSON - VTD 59,7164558.467401,Anderson,007,Broadview,Anderson - Broadview,ANDERSON - BROADVIEW,7156715.748606,0.998905,1
007,Anderson,VTD 59,4500759,Anderson - VTD 59,ANDERSON - VTD 59,7164558.467401,Anderson,007,Neals Creek,Anderson - Neals Creek,ANDERSON - NEALS CREEK,7838.784202,0.001094,2
007,Anderson,VTD 58,4500758,Anderson - VTD 58,ANDERSON - VTD 58,15461212.261976,Anderson,007,Homeland Park,Anderson - Homeland Park,ANDERSON - HOMELAND PARK,14140877.577087,0.914603,1
007,Anderson,VTD 58,4500758,Anderson - VTD 58,ANDERSON - VTD 58,15461212.261976,Anderson,007,Gluck Mill,Anderson - Gluck Mill,ANDERSON - GLUCK MILL,751955.987562,0.048635,2
007,Anderson,VTD 58,4500758,Anderson - VTD 58,ANDERSON - VTD 58,15461212.261976,Anderson,007,Broadview,Anderson - Broadview,ANDERSON - BROADVIEW,361573.642982,0.023386,3
007,Anderson,VTD 58,4500758,Anderson - VTD 58,ANDERSON - VTD 58,15461212.261976,Anderson,007,Anderson 4/2,Anderson - Anderson 4/2,ANDERSON - ANDERSON 42,203252.718729,0.013146,4
007,Anderson,VTD 58,4500758,Anderson - VTD 58,ANDERSON - VTD 58,15461212.261976,Anderson,007,Flat Rock,Anderson - Flat Rock,ANDERSON - FLAT ROCK,3552.335617,0.000230,5
007,Anderson,VTD 45,4500745,Anderson - VTD 45,ANDERSON - VTD 45,1922047.683271,Anderson,007,Anderson 5/A,Anderson - Anderson 5/A,ANDERSON - ANDERSON 5A,1905746.533906,0.991519,1
007,Anderson,VTD 45,4500745,Anderson - VTD 45,ANDERSON - VTD 45,1922047.683271,Anderson,007,Appleton-Equinox,Anderson - Appleton-Equinox,ANDERSON - APPLETON-EQUINOX,12705.176190,0.006610,2
007,Anderson,VTD 45,4500745,Anderson - VTD 45,ANDERSON - VTD 45,1922047.683271,Anderson,007,Anderson 5/B,Anderson - Anderson 5/B,ANDERSON - ANDERSON 5B,3595.973175,0.001871,3
007,Anderson,VTD 46,4500746,Anderson - VTD 46,ANDERSON - VTD 46,3620488.111438,Anderson,007,Anderson 5/B,Anderson - Anderson 5/B,ANDERSON - ANDERSON 5B,3159781.005486,0.872750,1
007,Anderson,VTD 46,4500746,Anderson - VTD 46,ANDERSON - VTD 46,3620488.111438,Anderson,007,Homeland Park,Anderson - Homeland Park,ANDERSON - HOMELAND PARK,455367.324807,0.125775,2
007,Anderson,VTD 46,4500746,Anderson - VTD 46,ANDERSON - VTD 46,3620488.111438,Anderson,007,Anderson 4/2,Anderson - Anderson 4/2,ANDERSON - ANDERSON 42,5266.903359,0.001455,3
007,Anderson,VTD 47,4500747,Anderson - VTD 47,ANDERSON - VTD 47,2407909.787425,Anderson,007,Anderson 5/B,Anderson - Anderson 5/B,ANDERSON - ANDERSON 5B,2124815.980241,0.882432,1
007,Anderson,VTD 47,4500747,Anderson - VTD 47,ANDERSON - VTD 47,2407909.787425,Anderson,007,Anderson 5/A,Anderson - Anderson 5/A,ANDERSON - ANDERSON 5A,283092.190123,0.117568,2
007,Anderson,VTD 41,4500741,Anderson - VTD 41,ANDERSON - VTD 41,3413175.409812,Anderson,007,Anderson 1/2,Anderson - Anderson 1/2,ANDERSON - ANDERSON 12,2106970.091829,0.617305,1
007,Anderson,VTD 41,4500741,Anderson - VTD 41,ANDERSON - VTD 41,3413175.409812,Anderson,007,Cox Creek,Anderson - Cox Creek,ANDERSON - COX CREEK,980128.370531,0.287160,2
007,Anderson,VTD 41,4500741,Anderson - VTD 41,ANDERSON - VTD 41,3413175.409812,Anderson,007,Anderson 2/1,Anderson - Anderson 2/1,ANDERSON - ANDERSON 21,326075.113925,0.095534,3
007,Anderson,VTD 51,4500751,Anderson - VTD 51,ANDERSON - VTD 51,15882268.930069,Anderson,007,Anderson 3/2,Anderson - Anderson 3/2,ANDERSON - ANDERSON 32,13745830.197564,0.865483,1
007,Anderson,VTD 51,4500751,Anderson - VTD 51,ANDERSON - VTD 51,15882268.930069,Anderson,007,Anderson 4/2,Anderson - Anderson 4/2,ANDERSON - ANDERSON 42,1920144.741302,0.120899,2
007,Anderson,VTD 51,4500751,Anderson - VTD 51,ANDERSON - VTD 51,15882268.930069,Anderson,007,Anderson 4/1,Anderson - Anderson 4/1,ANDERSON - ANDERSON 41,101253.668185,0.006375,3
007,Anderson,VTD 51,4500751,Anderson - VTD 51,ANDERSON - VTD 51,15882268.930069,Anderson,007,Anderson 3/1,Anderson - Anderson 3/1,ANDERSON - ANDERSON 31,76018.372340,0.004786,4
007,Anderson,VTD 51,4500751,Anderson - VTD 51,ANDERSON - VTD 51,15882268.930069,Anderson,007,Hammond School,Anderson - Hammond School,ANDERSON - HAMMOND SCHOOL,33761.345867,0.002126,5
007,Anderson,VTD 51,4500751,Anderson - VTD 51,ANDERSON - VTD 51,15882268.930069,Anderson,007,Broadview,Anderson - Broadview,ANDERSON - BROADVIEW,5257.594030,0.000331,6
007,Anderson,VTD 52,4500752,Anderson - VTD 52,ANDERSON - VTD 52,22442214.561275,Anderson,007,Broadway,Anderson - Broadway,ANDERSON - BROADWAY,21320455.806056,0.950016,1
007,Anderson,VTD 52,4500752,Anderson - VTD 52,ANDERSON - VTD 52,22442214.561275,Anderson,007,Anderson 3/2,Anderson - Anderson 3/2,ANDERSON - ANDERSON 32,1121758.755219,0.049984,2
007,Anderson,VTD 50,4500750,Anderson - VTD 50,ANDERSON - VTD 50,1553769.610050,Anderson,007,Anderson 4/2,Anderson - Anderson 4/2,ANDERSON - ANDERSON 42,1553763.099301,0.999996,1
007,Anderson,VTD 48,4500748,Anderson - VTD 48,ANDERSON - VTD 48,1418486.707759,Anderson,007,Anderson 4/1,Anderson - Anderson 4/1,ANDERSON - ANDERSON 41,1339116.049254,0.944046,1
007,Anderson,VTD 48,4500748,Anderson - VTD 48,ANDERSON - VTD 48,1418486.707759,Anderson,007,Anderson 3/1,Anderson - Anderson 3/1,ANDERSON - ANDERSON 31,79370.658505,0.055954,2
007,Anderson,VTD 49,4500749,Anderson - VTD 49,ANDERSON - VTD 49,2272208.670642,Anderson,007,Anderson 3/1,Anderson - Anderson 3/1,ANDERSON - ANDERSON 31,2272207.687326,1.000000,1
007,Anderson,VTD 43,4500743,Anderson - VTD 43,ANDERSON - VTD 43,2330884.206853,Anderson,007,Anderson 2/1,Anderson - Anderson 2/1,ANDERSON - ANDERSON 21,2167600.754590,0.929948,1
007,Anderson,VTD 43,4500743,Anderson - VTD 43,ANDERSON - VTD 43,2330884.206853,Anderson,007,Anderson 1/2,Anderson - Anderson 1/2,ANDERSON - ANDERSON 12,163283.452263,0.070052,2
007,Anderson,VTD 42,4500742,Anderson - VTD 42,ANDERSON - VTD 42,5741788.950495,Anderson,007,Anderson 2/2,Anderson - Anderson 2/2,ANDERSON - ANDERSON 22,4061673.171157,0.707388,1
007,Anderson,VTD 42,4500742,Anderson - VTD 42,ANDERSON - VTD 42,5741788.950495,Anderson,007,Hammond Annex,Anderson - Hammond Annex,ANDERSON - HAMMOND ANNEX,819167.274765,0.142668,2
007,Anderson,VTD 42,4500742,Anderson - VTD 42,ANDERSON - VTD 42,5741788.950495,Anderson,007,Cox Creek,Anderson - Cox Creek,ANDERSON - COX CREEK,734036.232166,0.127841,3
007,Anderson,VTD 42,4500742,Anderson - VTD 42,ANDERSON - VTD 42,5741788.950495,Anderson,007,Anderson 2/1,Anderson - Anderson 2/1,ANDERSON - ANDERSON 21,126476.761050,0.022027,4
007,Anderson,VTD 44,4500744,Anderson - VTD 44,ANDERSON - VTD 44,1385156.259926,Anderson,007,Anderson 6/2,Anderson - Anderson 6/2,ANDERSON - ANDERSON 62,1188100.769489,0.857738,1
007,Anderson,VTD 44,4500744,Anderson - VTD 44,ANDERSON - VTD 44,1385156.259926,Anderson,007,Anderson 5/A,Anderson - Anderson 5/A,ANDERSON - ANDERSON 5A,192210.764488,0.138765,2
007,Anderson,VTD 44,4500744,Anderson - VTD 44,ANDERSON - VTD 44,1385156.259926,Anderson,007,Appleton-Equinox,Anderson - Appleton-Equinox,ANDERSON - APPLETON-EQUINOX,4844.725948,0.003498,3
007,Anderson,VTD 40,4500740,Anderson - VTD 40,ANDERSON - VTD 40,2909942.896429,Anderson,007,Anderson 6/1,Anderson - Anderson 6/1,ANDERSON - ANDERSON 61,2858582.929012,0.982350,1
007,Anderson,VTD 40,4500740,Anderson - VTD 40,ANDERSON - VTD 40,2909942.896429,Anderson,007,Edgewood Station A,Anderson - Edgewood Station A,ANDERSON - EDGEWOOD STATION A,51359.967417,0.017650,2
007,Anderson,VTD 61,4500761,Anderson - VTD 61,ANDERSON - VTD 61,17541692.975388,Anderson,007,Rock Spring,Anderson - Rock Spring,ANDERSON - ROCK SPRING,17541169.877422,0.999970,1
007,Anderson,VTD 62,4500762,Anderson - VTD 62,ANDERSON - VTD 62,32282991.640297,Anderson,007,Friendship,Anderson - Friendship,ANDERSON - FRIENDSHIP,32282981.922201,1.000000,1
007,Anderson,VTD 74,4500774,Anderson - VTD 74,ANDERSON - VTD 74,30016085.241860,Anderson,007,High Point,Anderson - High Point,ANDERSON - HIGH POINT,30016085.241860,1.000000,1
007,Anderson,VTD 75,4500775,Anderson - VTD 75,ANDERSON - VTD 75,31801582.874580,Anderson,007,Friendship,Anderson - Friendship,ANDERSON - FRIENDSHIP,31764880.973628,0.998846,1
007,Anderson,VTD 75,4500775,Anderson - VTD 75,ANDERSON - VTD 75,31801582.874580,Anderson,007,High Point,Anderson - High Point,ANDERSON - HIGH POINT,36698.540113,0.001154,2
007,Anderson,VTD 81,4500781,Anderson - VTD 81,ANDERSON - VTD 81,3109180.991779,Anderson,007,Chiquola Mill,Anderson - Chiquola Mill,ANDERSON - CHIQUOLA MILL,3109176.359278,0.999999,1
007,Anderson,VTD 83,4500783,Anderson - VTD 83,ANDERSON - VTD 83,5560776.406620,Anderson,007,Honea Path,Anderson - Honea Path,ANDERSON - HONEA PATH,4320185.383235,0.776903,1
007,Anderson,VTD 83,4500783,Anderson - VTD 83,ANDERSON - VTD 83,5560776.406620,Anderson,007,Chiquola Mill,Anderson - Chiquola Mill,ANDERSON - CHIQUOLA MILL,1184943.102875,0.213090,2
007,Anderson,VTD 83,4500783,Anderson - VTD 83,ANDERSON - VTD 83,5560776.406620,Anderson,007,Barker's Creek,Anderson - Barker's Creek,ANDERSON - BARKERS CREEK,46126.889854,0.008295,3
007,Anderson,VTD 83,4500783,Anderson - VTD 83,ANDERSON - VTD 83,5560776.406620,Anderson,007,Friendship,Anderson - Friendship,ANDERSON - FRIENDSHIP,9520.230305,0.001712,4
007,Anderson,VTD 80,4500780,Anderson - VTD 80,ANDERSON - VTD 80,20728798.625392,Anderson,007,Barker's Creek,Anderson - Barker's Creek,ANDERSON - BARKERS CREEK,20190319.577156,0.974023,1
007,Anderson,VTD 80,4500780,Anderson - VTD 80,ANDERSON - VTD 80,20728798.625392,Anderson,007,Craytonville,Anderson - Craytonville,ANDERSON - CRAYTONVILLE,301145.658354,0.014528,2
007,Anderson,VTD 80,4500780,Anderson - VTD 80,ANDERSON - VTD 80,20728798.625392,Anderson,007,Honea Path,Anderson - Honea Path,ANDERSON - HONEA PATH,237332.132135,0.011449,3
007,Anderson,VTD 54,4500754,Anderson - VTD 54,ANDERSON - VTD 54,43815732.764737,Anderson,007,West Savannah,Anderson - West Savannah,ANDERSON - WEST SAVANNAH,41666603.077465,0.950951,1
007,Anderson,VTD 54,4500754,Anderson - VTD 54,ANDERSON - VTD 54,43815732.764737,Anderson,007,Rock Mill,Anderson - Rock Mill,ANDERSON - ROCK MILL,2125925.183679,0.048520,2
007,Anderson,VTD 54,4500754,Anderson - VTD 54,ANDERSON - VTD 54,43815732.764737,Anderson,007,Grove School,Anderson - Grove School,ANDERSON - GROVE SCHOOL,21852.694435,0.000499,3
007,Anderson,VTD 64,4500764,Anderson - VTD 64,ANDERSON - VTD 64,32740395.449182,Anderson,007,Starr,Anderson - Starr,ANDERSON - STARR,32537599.265341,0.993806,1
007,Anderson,VTD 64,4500764,Anderson - VTD 64,ANDERSON - VTD 64,32740395.449182,Anderson,007,Mountain Creek,Anderson - Mountain Creek,ANDERSON - MOUNTAIN CREEK,202796.183841,0.006194,2
007,Anderson,VTD 60,4500760,Anderson - VTD 60,ANDERSON - VTD 60,36726999.650491,Anderson,007,Neals Creek,Anderson - Neals Creek,ANDERSON - NEALS CREEK,36701244.939406,0.999299,1
007,Anderson,VTD 60,4500760,Anderson - VTD 60,ANDERSON - VTD 60,36726999.650491,Anderson,007,Broadview,Anderson - Broadview,ANDERSON - BROADVIEW,25754.711085,0.000701,2
007,Anderson,VTD 72,4500772,Anderson - VTD 72,ANDERSON - VTD 72,35979407.146826,Anderson,007,Shirleys Store,Anderson - Shirleys Store,ANDERSON - SHIRLEYS STORE,35944582.720114,0.999032,1
007,Anderson,VTD 72,4500772,Anderson - VTD 72,ANDERSON - VTD 72,35979407.146826,Anderson,007,Hall,Anderson - Hall,ANDERSON - HALL,34824.426712,0.000968,2
007,Anderson,VTD 73,4500773,Anderson - VTD 73,ANDERSON - VTD 73,40627252.401978,Anderson,007,Craytonville,Anderson - Craytonville,ANDERSON - CRAYTONVILLE,40626985.055148,0.999993,1
007,Anderson,VTD 63,4500763,Anderson - VTD 63,ANDERSON - VTD 63,45974578.485509,Anderson,007,Grove School,Anderson - Grove School,ANDERSON - GROVE SCHOOL,45974576.581034,1.000000,1
007,Anderson,VTD 65,4500765,Anderson - VTD 65,ANDERSON - VTD 65,26913238.758932,Anderson,007,Starr,Anderson - Starr,ANDERSON - STARR,26911704.832344,0.999943,1
007,Anderson,VTD 69,4500769,Anderson - VTD 69,ANDERSON - VTD 69,23948124.601439,Anderson,007,Jackson Mill,Anderson - Jackson Mill,ANDERSON - JACKSON MILL,23943252.494632,0.999797,1
007,Anderson,VTD 69,4500769,Anderson - VTD 69,ANDERSON - VTD 69,23948124.601439,Anderson,007,Starr,Anderson - Starr,ANDERSON - STARR,4852.404548,0.000203,2
007,Anderson,VTD 77,4500777,Anderson - VTD 77,ANDERSON - VTD 77,36733061.449841,Anderson,007,Iva,Anderson - Iva,ANDERSON - IVA,36733055.663624,1.000000,1
007,Anderson,VTD 70,4500770,Anderson - VTD 70,ANDERSON - VTD 70,36599301.459433,Anderson,007,Hall,Anderson - Hall,ANDERSON - HALL,36565184.264935,0.999068,1
007,Anderson,VTD 70,4500770,Anderson - VTD 70,ANDERSON - VTD 70,36599301.459433,Anderson,007,Starr,Anderson - Starr,ANDERSON - STARR,34117.194498,0.000932,2
007,Anderson,VTD 71,4500771,Anderson - VTD 71,ANDERSON - VTD 71,29367353.942455,Anderson,007,Hall,Anderson - Hall,ANDERSON - HALL,29324953.497004,0.998556,1
007,Anderson,VTD 71,4500771,Anderson - VTD 71,ANDERSON - VTD 71,29367353.942455,Anderson,007,Shirleys Store,Anderson - Shirleys Store,ANDERSON - SHIRLEYS STORE,31198.648241,0.001062,2
007,Anderson,VTD 71,4500771,Anderson - VTD 71,ANDERSON - VTD 71,29367353.942455,Anderson,007,Broadview,Anderson - Broadview,ANDERSON - BROADVIEW,10725.353877,0.000365,3
007,Anderson,VTD 78,4500778,Anderson - VTD 78,ANDERSON - VTD 78,27303486.006231,Anderson,007,Wrights School,Anderson - Wrights School,ANDERSON - WRIGHTS SCHOOL,27272038.294103,0.998848,1
007,Anderson,VTD 78,4500778,Anderson - VTD 78,ANDERSON - VTD 78,27303486.006231,Anderson,007,Shirleys Store,Anderson - Shirleys Store,ANDERSON - SHIRLEYS STORE,27706.069411,0.001015,2
007,Anderson,VTD 78,4500778,Anderson - VTD 78,ANDERSON - VTD 78,27303486.006231,Anderson,007,Iva,Anderson - Iva,ANDERSON - IVA,3180.353012,0.000116,3
007,Anderson,VTD 79,4500779,Anderson - VTD 79,ANDERSON - VTD 79,33074694.642337,Anderson,007,Wrights School,Anderson - Wrights School,ANDERSON - WRIGHTS SCHOOL,33074469.293247,0.999993,1
007,Anderson,VTD 68,4500768,Anderson - VTD 68,ANDERSON - VTD 68,47200696.175067,Anderson,007,Grove School,Anderson - Grove School,ANDERSON - GROVE SCHOOL,47200693.947815,1.000000,1
007,Anderson,VTD 76,4500776,Anderson - VTD 76,ANDERSON - VTD 76,23720221.865117,Anderson,007,Iva,Anderson - Iva,ANDERSON - IVA,23580926.112263,0.994128,1
007,Anderson,VTD 76,4500776,Anderson - VTD 76,ANDERSON - VTD 76,23720221.865117,Anderson,007,Jackson Mill,Anderson - Jackson Mill,ANDERSON - JACKSON MILL,139295.308118,0.005872,2
007,Anderson,VTD 28,4500728,Anderson - VTD 28,ANDERSON - VTD 28,26711676.377288,Anderson,007,Townville,Anderson - Townville,ANDERSON - TOWNVILLE,26592951.799056,0.995555,1
007,Anderson,VTD 28,4500728,Anderson - VTD 28,ANDERSON - VTD 28,26711676.377288,Anderson,007,Mount Tabor,Anderson - Mount Tabor,ANDERSON - MOUNT TABOR,113134.826825,0.004235,2
007,Anderson,VTD 28,4500728,Anderson - VTD 28,ANDERSON - VTD 28,26711676.377288,Anderson,007,Fork No. 2,Anderson - Fork No. 2,ANDERSON - FORK NO. 2,4856.861739,0.000182,3
007,Anderson,VTD 32,4500732,Anderson - VTD 32,ANDERSON - VTD 32,13050164.060728,Anderson,007,Edgewood Station A,Anderson - Edgewood Station A,ANDERSON - EDGEWOOD STATION A,12153126.656080,0.931262,1
007,Anderson,VTD 32,4500732,Anderson - VTD 32,ANDERSON - VTD 32,13050164.060728,Anderson,007,Anderson 1/1,Anderson - Anderson 1/1,ANDERSON - ANDERSON 11,796949.122607,0.061068,2
007,Anderson,VTD 32,4500732,Anderson - VTD 32,ANDERSON - VTD 32,13050164.060728,Anderson,007,Denver-Sandy Springs,Anderson - Denver-Sandy Springs,ANDERSON - DENVER-SANDY SPRINGS,58892.539536,0.004513,3
007,Anderson,VTD 32,4500732,Anderson - VTD 32,ANDERSON - VTD 32,13050164.060728,Anderson,007,Edgewood Station B,Anderson - Edgewood Station B,ANDERSON - EDGEWOOD STATION B,41194.889502,0.003157,4
009,Bamberg,VTD 1,450091,Bamberg - VTD 1,BAMBERG - VTD 1,97641569.357258,Bamberg,009,West Denmark,Bamberg - West Denmark,BAMBERG - WEST DENMARK,95959815.942865,0.982776,1
009,Bamberg,VTD 1,450091,Bamberg - VTD 1,BAMBERG - VTD 1,97641569.357258,Bamberg,009,East Denmark,Bamberg - East Denmark,BAMBERG - EAST DENMARK,1681750.829415,0.017224,2
009,Bamberg,VTD 6,450096,Bamberg - VTD 6,BAMBERG - VTD 6,21773852.364558,Bamberg,009,Hightowers Mill,Bamberg - Hightowers Mill,BAMBERG - HIGHTOWERS MILL,21773848.644259,1.000000,1
009,Bamberg,VTD 7,450097,Bamberg - VTD 7,BAMBERG - VTD 7,61336297.997190,Bamberg,009,Govan,Bamberg - Govan,BAMBERG - GOVAN,61202603.689894,0.997820,1
009,Bamberg,VTD 7,450097,Bamberg - VTD 7,BAMBERG - VTD 7,61336297.997190,Bamberg,009,Colston,Bamberg - Colston,BAMBERG - COLSTON,127296.463132,0.002075,2
009,Bamberg,VTD 7,450097,Bamberg - VTD 7,BAMBERG - VTD 7,61336297.997190,Bamberg,009,South Bamberg,Bamberg - South Bamberg,BAMBERG - SOUTH BAMBERG,6394.679727,0.000104,3
009,Bamberg,VTD 9,450099,Bamberg - VTD 9,BAMBERG - VTD 9,90174518.814086,Bamberg,009,Olar,Bamberg - Olar,BAMBERG - OLAR,90174516.526652,1.000000,1
009,Bamberg,VTD 2,450092,Bamberg - VTD 2,BAMBERG - VTD 2,77391741.638928,Bamberg,009,East Denmark,Bamberg - East Denmark,BAMBERG - EAST DENMARK,76646210.650858,0.990367,1
009,Bamberg,VTD 2,450092,Bamberg - VTD 2,BAMBERG - VTD 2,77391741.638928,Bamberg,009,South Bamberg,Bamberg - South Bamberg,BAMBERG - SOUTH BAMBERG,745528.072424,0.009633,2
009,Bamberg,VTD 3,450093,Bamberg - VTD 3,BAMBERG - VTD 3,78371246.399123,Bamberg,009,North Bamberg,Bamberg - North Bamberg,BAMBERG - NORTH BAMBERG,77440220.305809,0.988120,1
009,Bamberg,VTD 3,450093,Bamberg - VTD 3,BAMBERG - VTD 3,78371246.399123,Bamberg,009,South Bamberg,Bamberg - South Bamberg,BAMBERG - SOUTH BAMBERG,931019.551644,0.011880,2
009,Bamberg,VTD 4,450094,Bamberg - VTD 4,BAMBERG - VTD 4,178939552.376824,Bamberg,009,South Bamberg,Bamberg - South Bamberg,BAMBERG - SOUTH BAMBERG,178241823.773705,0.996101,1
009,Bamberg,VTD 4,450094,Bamberg - VTD 4,BAMBERG - VTD 4,178939552.376824,Bamberg,009,North Bamberg,Bamberg - North Bamberg,BAMBERG - NORTH BAMBERG,697727.243496,0.003899,2
009,Bamberg,VTD 12,4500912,Bamberg - VTD 12,BAMBERG - VTD 12,122864803.648312,Bamberg,009,Erhardt,Bamberg - Erhardt,BAMBERG - ERHARDT,122864797.097196,1.000000,1
009,Bamberg,VTD 8,450098,Bamberg - VTD 8,BAMBERG - VTD 8,44116292.404638,Bamberg,009,Hunter's Chapel,Bamberg - Hunter's Chapel,BAMBERG - HUNTERS CHAPEL,44116292.404638,1.000000,1
009,Bamberg,VTD 13,4500913,Bamberg - VTD 13,BAMBERG - VTD 13,28677251.399778,Bamberg,009,Little Swamp,Bamberg - Little Swamp,BAMBERG - LITTLE SWAMP,28677249.277108,1.000000,1
009,Bamberg,VTD 11,4500911,Bamberg - VTD 11,BAMBERG - VTD 11,48300389.080314,Bamberg,009,Kearse,Bamberg - Kearse,BAMBERG - KEARSE,48280058.990031,0.999579,1
009,Bamberg,VTD 11,4500911,Bamberg - VTD 11,BAMBERG - VTD 11,48300389.080314,Bamberg,009,Erhardt,Bamberg - Erhardt,BAMBERG - ERHARDT,20329.676374,0.000421,2
009,Bamberg,VTD 10,4500910,Bamberg - VTD 10,BAMBERG - VTD 10,69794672.271351,Bamberg,009,Colston,Bamberg - Colston,BAMBERG - COLSTON,69794671.795227,1.000000,1
009,Bamberg,VTD 5,450095,Bamberg - VTD 5,BAMBERG - VTD 5,105119200.553135,Bamberg,009,Edisto,Bamberg - Edisto,BAMBERG - EDISTO,105119191.999869,1.000000,1
011,Barnwell,VTD 13,4501113,Barnwell - VTD 13,BARNWELL - VTD 13,76514392.401900,Barnwell,011,Williston No. 1,Barnwell - Williston No. 1,BARNWELL - WILLISTON NO. 1,76514392.401900,1.000000,1
011,Barnwell,VTD 7,450117,Barnwell - VTD 7,BARNWELL - VTD 7,59443978.309366,Barnwell,011,Elko,Barnwell - Elko,BARNWELL - ELKO,59443978.309366,1.000000,1
011,Barnwell,VTD 2,450112,Barnwell - VTD 2,BARNWELL - VTD 2,45791494.143977,Barnwell,011,Barnwell No. 2,Barnwell - Barnwell No. 2,BARNWELL - BARNWELL NO. 2,45791494.143977,1.000000,1
011,Barnwell,VTD 1,450111,Barnwell - VTD 1,BARNWELL - VTD 1,46517971.515020,Barnwell,011,Barnwell No. 1,Barnwell - Barnwell No. 1,BARNWELL - BARNWELL NO. 1,46517970.864372,1.000000,1
011,Barnwell,VTD 12,4501112,Barnwell - VTD 12,BARNWELL - VTD 12,615217844.516564,Barnwell,011,SRS,Barnwell - SRS,BARNWELL - SRS,487648528.727392,0.792644,1
011,Barnwell,VTD 12,4501112,Barnwell - VTD 12,BARNWELL - VTD 12,615217844.516564,Barnwell,011,Snelling,Barnwell - Snelling,BARNWELL - SNELLING,127569313.419363,0.207356,2
011,Barnwell,VTD 4,450114,Barnwell - VTD 4,BARNWELL - VTD 4,32480736.358323,Barnwell,011,Barnwell No. 4,Barnwell - Barnwell No. 4,BARNWELL - BARNWELL NO. 4,32480736.358323,1.000000,1
011,Barnwell,VTD 3,450113,Barnwell - VTD 3,BARNWELL - VTD 3,35715302.457941,Barnwell,011,Barnwell No. 3,Barnwell - Barnwell No. 3,BARNWELL - BARNWELL NO. 3,35715302.457941,1.000000,1
011,Barnwell,VTD 9,450119,Barnwell - VTD 9,BARNWELL - VTD 9,142457661.324491,Barnwell,011,Kline,Barnwell - Kline,BARNWELL - KLINE,142457658.168218,1.000000,1
011,Barnwell,VTD 11,4501111,Barnwell - VTD 11,BARNWELL - VTD 11,73033112.144654,Barnwell,011,Hilda,Barnwell - Hilda,BARNWELL - HILDA,67746421.848326,0.927612,1
011,Barnwell,VTD 11,4501111,Barnwell - VTD 11,BARNWELL - VTD 11,73033112.144654,Barnwell,011,Friendship,Barnwell - Friendship,BARNWELL - FRIENDSHIP,5286690.094889,0.072388,2
011,Barnwell,VTD 8,450118,Barnwell - VTD 8,BARNWELL - VTD 8,47197938.937881,Barnwell,011,Friendship,Barnwell - Friendship,BARNWELL - FRIENDSHIP,47197938.937881,1.000000,1
011,Barnwell,VTD 14,4501114,Barnwell - VTD 14,BARNWELL - VTD 14,38326261.334417,Barnwell,011,Williston No. 2,Barnwell - Williston No. 2,BARNWELL - WILLISTON NO. 2,38326252.503600,1.000000,1
011,Barnwell,VTD 15,4501115,Barnwell - VTD 15,BARNWELL - VTD 15,40264138.145319,Barnwell,011,Williston No. 3,Barnwell - Williston No. 3,BARNWELL - WILLISTON NO. 3,40264138.145319,1.000000,1
011,Barnwell,VTD 10,4501110,Barnwell - VTD 10,BARNWELL - VTD 10,94961030.313560,Barnwell,011,Healing Springs,Barnwell - Healing Springs,BARNWELL - HEALING SPRINGS,94961030.313560,1.000000,1
011,Barnwell,VTD 6,450116,Barnwell - VTD 6,BARNWELL - VTD 6,28630713.621460,Barnwell,011,Blackville No. 2,Barnwell - Blackville No. 2,BARNWELL - BLACKVILLE NO. 2,28630713.621460,1.000000,1
011,Barnwell,VTD 5,450115,Barnwell - VTD 5,BARNWELL - VTD 5,66750519.772788,Barnwell,011,Blackville No. 1,Barnwell - Blackville No. 1,BARNWELL - BLACKVILLE NO. 1,66750519.772788,1.000000,1
013,Beaufort,VTD 67,4501367,Beaufort - VTD 67,BEAUFORT - VTD 67,14513393.501818,Beaufort,013,Hilton Head 2C,Beaufort - Hilton Head 2C,BEAUFORT - HILTON HEAD 2C,6597790.277082,0.454600,1
013,Beaufort,VTD 67,4501367,Beaufort - VTD 67,BEAUFORT - VTD 67,14513393.501818,Beaufort,013,Hilton Head 2A,Beaufort - Hilton Head 2A,BEAUFORT - HILTON HEAD 2A,5348370.990291,0.368513,2
013,Beaufort,VTD 67,4501367,Beaufort - VTD 67,BEAUFORT - VTD 67,14513393.501818,Beaufort,013,Hilton Head 10,Beaufort - Hilton Head 10,BEAUFORT - HILTON HEAD 10,1285539.484380,0.088576,3
013,Beaufort,VTD 67,4501367,Beaufort - VTD 67,BEAUFORT - VTD 67,14513393.501818,Beaufort,013,Hilton Head 7B,Beaufort - Hilton Head 7B,BEAUFORT - HILTON HEAD 7B,687021.957172,0.047337,4
013,Beaufort,VTD 67,4501367,Beaufort - VTD 67,BEAUFORT - VTD 67,14513393.501818,Beaufort,013,Hilton Head 9B,Beaufort - Hilton Head 9B,BEAUFORT - HILTON HEAD 9B,331387.722055,0.022833,5
013,Beaufort,VTD 67,4501367,Beaufort - VTD 67,BEAUFORT - VTD 67,14513393.501818,Beaufort,013,Hilton Head 2B,Beaufort - Hilton Head 2B,BEAUFORT - HILTON HEAD 2B,263278.418909,0.018140,6
013,Beaufort,VTD 66,4501366,Beaufort - VTD 66,BEAUFORT - VTD 66,26046547.694061,Beaufort,013,Hilton Head 7A,Beaufort - Hilton Head 7A,BEAUFORT - HILTON HEAD 7A,25076635.677386,0.962762,1
013,Beaufort,VTD 66,4501366,Beaufort - VTD 66,BEAUFORT - VTD 66,26046547.694061,Beaufort,013,Hilton Head 7B,Beaufort - Hilton Head 7B,BEAUFORT - HILTON HEAD 7B,930339.859022,0.035718,2
013,Beaufort,VTD 66,4501366,Beaufort - VTD 66,BEAUFORT - VTD 66,26046547.694061,Beaufort,013,Hilton Head 6B,Beaufort - Hilton Head 6B,BEAUFORT - HILTON HEAD 6B,39572.157653,0.001519,3
013,Beaufort,VTD 59,4501359,Beaufort - VTD 59,BEAUFORT - VTD 59,5878170.420871,Beaufort,013,Hilton Head 9A,Beaufort - Hilton Head 9A,BEAUFORT - HILTON HEAD 9A,3619415.074787,0.615738,1
013,Beaufort,VTD 59,4501359,Beaufort - VTD 59,BEAUFORT - VTD 59,5878170.420871,Beaufort,013,Hilton Head 9B,Beaufort - Hilton Head 9B,BEAUFORT - HILTON HEAD 9B,1288247.372101,0.219158,2
013,Beaufort,VTD 59,4501359,Beaufort - VTD 59,BEAUFORT - VTD 59,5878170.420871,Beaufort,013,Hilton Head 15B,Beaufort - Hilton Head 15B,BEAUFORT - HILTON HEAD 15B,909937.666704,0.154799,3
013,Beaufort,VTD 59,4501359,Beaufort - VTD 59,BEAUFORT - VTD 59,5878170.420871,Beaufort,013,Hilton Head 10,Beaufort - Hilton Head 10,BEAUFORT - HILTON HEAD 10,53535.013719,0.009107,4
013,Beaufort,VTD 59,4501359,Beaufort - VTD 59,BEAUFORT - VTD 59,5878170.420871,Beaufort,013,Hilton Head 2A,Beaufort - Hilton Head 2A,BEAUFORT - HILTON HEAD 2A,7035.225565,0.001197,5
013,Beaufort,VTD 65,4501365,Beaufort - VTD 65,BEAUFORT - VTD 65,13970451.225515,Beaufort,013,Hilton Head 7B,Beaufort - Hilton Head 7B,BEAUFORT - HILTON HEAD 7B,13899034.411205,0.994888,1
013,Beaufort,VTD 65,4501365,Beaufort - VTD 65,BEAUFORT - VTD 65,13970451.225515,Beaufort,013,Hilton Head 7A,Beaufort - Hilton Head 7A,BEAUFORT - HILTON HEAD 7A,43476.316187,0.003112,2
013,Beaufort,VTD 65,4501365,Beaufort - VTD 65,BEAUFORT - VTD 65,13970451.225515,Beaufort,013,Hilton Head 8B,Beaufort - Hilton Head 8B,BEAUFORT - HILTON HEAD 8B,27760.208616,0.001987,3
013,Beaufort,VTD 64,4501364,Beaufort - VTD 64,BEAUFORT - VTD 64,16832619.394483,Beaufort,013,Hilton Head 8A,Beaufort - Hilton Head 8A,BEAUFORT - HILTON HEAD 8A,16823527.008644,0.999460,1
013,Beaufort,VTD 64,4501364,Beaufort - VTD 64,BEAUFORT - VTD 64,16832619.394483,Beaufort,013,Hilton Head 7B,Beaufort - Hilton Head 7B,BEAUFORT - HILTON HEAD 7B,6706.173221,0.000398,2
013,Beaufort,VTD 64,4501364,Beaufort - VTD 64,BEAUFORT - VTD 64,16832619.394483,Beaufort,013,Hilton Head 8B,Beaufort - Hilton Head 8B,BEAUFORT - HILTON HEAD 8B,2386.118459,0.000142,3
013,Beaufort,VTD 63,4501363,Beaufort - VTD 63,BEAUFORT - VTD 63,17916229.903932,Beaufort,013,Hilton Head 13,Beaufort - Hilton Head 13,BEAUFORT - HILTON HEAD 13,17916228.977995,1.000000,1
013,Beaufort,VTD 61,4501361,Beaufort - VTD 61,BEAUFORT - VTD 61,7250865.094818,Beaufort,013,Hilton Head 9B,Beaufort - Hilton Head 9B,BEAUFORT - HILTON HEAD 9B,6494920.165340,0.895744,1
013,Beaufort,VTD 61,4501361,Beaufort - VTD 61,BEAUFORT - VTD 61,7250865.094818,Beaufort,013,Hilton Head 7B,Beaufort - Hilton Head 7B,BEAUFORT - HILTON HEAD 7B,736665.409981,0.101597,2
013,Beaufort,VTD 61,4501361,Beaufort - VTD 61,BEAUFORT - VTD 61,7250865.094818,Beaufort,013,Hilton Head 2A,Beaufort - Hilton Head 2A,BEAUFORT - HILTON HEAD 2A,19278.750668,0.002659,3
013,Beaufort,VTD 62,4501362,Beaufort - VTD 62,BEAUFORT - VTD 62,3424827.259663,Beaufort,013,Hilton Head 8B,Beaufort - Hilton Head 8B,BEAUFORT - HILTON HEAD 8B,3418587.874752,0.998178,1
013,Beaufort,VTD 62,4501362,Beaufort - VTD 62,BEAUFORT - VTD 62,3424827.259663,Beaufort,013,Hilton Head 7B,Beaufort - Hilton Head 7B,BEAUFORT - HILTON HEAD 7B,6236.753987,0.001821,2
013,Beaufort,VTD 56,4501356,Beaufort - VTD 56,BEAUFORT - VTD 56,4475220.467874,Beaufort,013,Hilton Head 15B,Beaufort - Hilton Head 15B,BEAUFORT - HILTON HEAD 15B,4466050.021463,0.997951,1
013,Beaufort,VTD 56,4501356,Beaufort - VTD 56,BEAUFORT - VTD 56,4475220.467874,Beaufort,013,Hilton Head 14,Beaufort - Hilton Head 14,BEAUFORT - HILTON HEAD 14,9170.446412,0.002049,2
013,Beaufort,VTD 57,4501357,Beaufort - VTD 57,BEAUFORT - VTD 57,5887577.434464,Beaufort,013,Hilton Head 12,Beaufort - Hilton Head 12,BEAUFORT - HILTON HEAD 12,4886465.648051,0.829962,1
013,Beaufort,VTD 57,4501357,Beaufort - VTD 57,BEAUFORT - VTD 57,5887577.434464,Beaufort,013,Hilton Head 15B,Beaufort - Hilton Head 15B,BEAUFORT - HILTON HEAD 15B,694610.704159,0.117979,2
013,Beaufort,VTD 57,4501357,Beaufort - VTD 57,BEAUFORT - VTD 57,5887577.434464,Beaufort,013,Hilton Head 11,Beaufort - Hilton Head 11,BEAUFORT - HILTON HEAD 11,303310.726093,0.051517,3
013,Beaufort,VTD 57,4501357,Beaufort - VTD 57,BEAUFORT - VTD 57,5887577.434464,Beaufort,013,Hilton Head 8B,Beaufort - Hilton Head 8B,BEAUFORT - HILTON HEAD 8B,1615.829305,0.000274,4
013,Beaufort,VTD 57,4501357,Beaufort - VTD 57,BEAUFORT - VTD 57,5887577.434464,Beaufort,013,Hilton Head 14,Beaufort - Hilton Head 14,BEAUFORT - HILTON HEAD 14,1573.773631,0.000267,5
013,Beaufort,VTD 60,4501360,Beaufort - VTD 60,BEAUFORT - VTD 60,8378388.966877,Beaufort,013,Hilton Head 10,Beaufort - Hilton Head 10,BEAUFORT - HILTON HEAD 10,8364909.738277,0.998391,1
013,Beaufort,VTD 60,4501360,Beaufort - VTD 60,BEAUFORT - VTD 60,8378388.966877,Beaufort,013,Hilton Head 2A,Beaufort - Hilton Head 2A,BEAUFORT - HILTON HEAD 2A,12366.534856,0.001476,2
013,Beaufort,VTD 60,4501360,Beaufort - VTD 60,BEAUFORT - VTD 60,8378388.966877,Beaufort,013,Hilton Head 2C,Beaufort - Hilton Head 2C,BEAUFORT - HILTON HEAD 2C,1112.693743,0.000133,3
013,Beaufort,VTD 58,4501358,Beaufort - VTD 58,BEAUFORT - VTD 58,3930562.954993,Beaufort,013,Hilton Head 11,Beaufort - Hilton Head 11,BEAUFORT - HILTON HEAD 11,2906782.084029,0.739533,1
013,Beaufort,VTD 58,4501358,Beaufort - VTD 58,BEAUFORT - VTD 58,3930562.954993,Beaufort,013,Hilton Head 15B,Beaufort - Hilton Head 15B,BEAUFORT - HILTON HEAD 15B,750991.304846,0.191065,2
013,Beaufort,VTD 58,4501358,Beaufort - VTD 58,BEAUFORT - VTD 58,3930562.954993,Beaufort,013,Hilton Head 9A,Beaufort - Hilton Head 9A,BEAUFORT - HILTON HEAD 9A,196149.967939,0.049904,3
013,Beaufort,VTD 58,4501358,Beaufort - VTD 58,BEAUFORT - VTD 58,3930562.954993,Beaufort,013,Hilton Head 12,Beaufort - Hilton Head 12,BEAUFORT - HILTON HEAD 12,65283.585611,0.016609,4
013,Beaufort,VTD 58,4501358,Beaufort - VTD 58,BEAUFORT - VTD 58,3930562.954993,Beaufort,013,Hilton Head 8B,Beaufort - Hilton Head 8B,BEAUFORT - HILTON HEAD 8B,7410.862797,0.001885,5
013,Beaufort,VTD 58,4501358,Beaufort - VTD 58,BEAUFORT - VTD 58,3930562.954993,Beaufort,013,Hilton Head 9B,Beaufort - Hilton Head 9B,BEAUFORT - HILTON HEAD 9B,3945.149772,0.001004,6
013,Beaufort,VTD 54,4501354,Beaufort - VTD 54,BEAUFORT - VTD 54,39872991.099738,Beaufort,013,Hilton Head 14,Beaufort - Hilton Head 14,BEAUFORT - HILTON HEAD 14,39869290.424235,0.999907,1
013,Beaufort,VTD 55,4501355,Beaufort - VTD 55,BEAUFORT - VTD 55,2239539.039519,Beaufort,013,Hilton Head 15A,Beaufort - Hilton Head 15A,BEAUFORT - HILTON HEAD 15A,2239537.511765,0.999999,1
013,Beaufort,VTD 78,4501378,Beaufort - VTD 78,BEAUFORT - VTD 78,21134918.104536,Beaufort,013,Hilton Head 5A,Beaufort - Hilton Head 5A,BEAUFORT - HILTON HEAD 5A,13218436.815037,0.625431,1
013,Beaufort,VTD 78,4501378,Beaufort - VTD 78,BEAUFORT - VTD 78,21134918.104536,Beaufort,013,Hilton Head 2B,Beaufort - Hilton Head 2B,BEAUFORT - HILTON HEAD 2B,4319615.576502,0.204383,2
013,Beaufort,VTD 78,4501378,Beaufort - VTD 78,BEAUFORT - VTD 78,21134918.104536,Beaufort,013,Hilton Head 4A,Beaufort - Hilton Head 4A,BEAUFORT - HILTON HEAD 4A,3596863.842487,0.170186,3
013,Beaufort,VTD 3,450133,Beaufort - VTD 3,BEAUFORT - VTD 3,86651070.133483,Beaufort,013,Sheldon 1,Beaufort - Sheldon 1,BEAUFORT - SHELDON 1,86643804.292852,0.999916,1
013,Beaufort,VTD 2,450132,Beaufort - VTD 2,BEAUFORT - VTD 2,79059151.492234,Beaufort,013,Sheldon 2,Beaufort - Sheldon 2,BEAUFORT - SHELDON 2,78995336.452228,0.999193,1
013,Beaufort,VTD 2,450132,Beaufort - VTD 2,BEAUFORT - VTD 2,79059151.492234,Beaufort,013,Sheldon 1,Beaufort - Sheldon 1,BEAUFORT - SHELDON 1,63814.052172,0.000807,2
013,Beaufort,VTD 5,450135,Beaufort - VTD 5,BEAUFORT - VTD 5,40715666.535243,Beaufort,013,Dale Lobeco,Beaufort - Dale Lobeco,BEAUFORT - DALE LOBECO,40666412.491789,0.998790,1
013,Beaufort,VTD 5,450135,Beaufort - VTD 5,BEAUFORT - VTD 5,40715666.535243,Beaufort,013,Sheldon 1,Beaufort - Sheldon 1,BEAUFORT - SHELDON 1,49236.489764,0.001209,2
013,Beaufort,VTD 6,450136,Beaufort - VTD 6,BEAUFORT - VTD 6,133802457.763345,Beaufort,013,Dale Lobeco,Beaufort - Dale Lobeco,BEAUFORT - DALE LOBECO,133766231.582762,0.999729,1
013,Beaufort,VTD 6,450136,Beaufort - VTD 6,BEAUFORT - VTD 6,133802457.763345,Beaufort,013,Sheldon 2,Beaufort - Sheldon 2,BEAUFORT - SHELDON 2,36226.180583,0.000271,2
013,Beaufort,VTD 7,450137,Beaufort - VTD 7,BEAUFORT - VTD 7,20912156.135593,Beaufort,013,Seabrook 2,Beaufort - Seabrook 2,BEAUFORT - SEABROOK 2,20895676.847677,0.999212,1
013,Beaufort,VTD 7,450137,Beaufort - VTD 7,BEAUFORT - VTD 7,20912156.135593,Beaufort,013,Seabrook 3,Beaufort - Seabrook 3,BEAUFORT - SEABROOK 3,16477.141257,0.000788,2
013,Beaufort,VTD 4,450134,Beaufort - VTD 4,BEAUFORT - VTD 4,34797173.236947,Beaufort,013,Sheldon 2,Beaufort - Sheldon 2,BEAUFORT - SHELDON 2,34797172.253164,1.000000,1
013,Beaufort,VTD 8,450138,Beaufort - VTD 8,BEAUFORT - VTD 8,35371366.894352,Beaufort,013,Seabrook 3,Beaufort - Seabrook 3,BEAUFORT - SEABROOK 3,17521188.340430,0.495349,1
013,Beaufort,VTD 8,450138,Beaufort - VTD 8,BEAUFORT - VTD 8,35371366.894352,Beaufort,013,Seabrook 1,Beaufort - Seabrook 1,BEAUFORT - SEABROOK 1,11485684.844958,0.324717,2
013,Beaufort,VTD 8,450138,Beaufort - VTD 8,BEAUFORT - VTD 8,35371366.894352,Beaufort,013,Burton 1C,Beaufort - Burton 1C,BEAUFORT - BURTON 1C,5956582.398275,0.168401,3
013,Beaufort,VTD 8,450138,Beaufort - VTD 8,BEAUFORT - VTD 8,35371366.894352,Beaufort,013,Sheldon 1,Beaufort - Sheldon 1,BEAUFORT - SHELDON 1,407908.042200,0.011532,4
013,Beaufort,VTD 10,4501310,Beaufort - VTD 10,BEAUFORT - VTD 10,27747266.122193,Beaufort,013,Burton 3,Beaufort - Burton 3,BEAUFORT - BURTON 3,26256254.478221,0.946265,1
013,Beaufort,VTD 10,4501310,Beaufort - VTD 10,BEAUFORT - VTD 10,27747266.122193,Beaufort,013,Beaufort 1,Beaufort - Beaufort 1,BEAUFORT - BEAUFORT 1,1210611.987722,0.043630,2
013,Beaufort,VTD 10,4501310,Beaufort - VTD 10,BEAUFORT - VTD 10,27747266.122193,Beaufort,013,Seabrook 1,Beaufort - Seabrook 1,BEAUFORT - SEABROOK 1,106450.891927,0.003836,3
013,Beaufort,VTD 10,4501310,Beaufort - VTD 10,BEAUFORT - VTD 10,27747266.122193,Beaufort,013,Beaufort 2,Beaufort - Beaufort 2,BEAUFORT - BEAUFORT 2,91111.247520,0.003284,4
013,Beaufort,VTD 10,4501310,Beaufort - VTD 10,BEAUFORT - VTD 10,27747266.122193,Beaufort,013,Seabrook 3,Beaufort - Seabrook 3,BEAUFORT - SEABROOK 3,74645.416883,0.002690,5
013,Beaufort,VTD 10,4501310,Beaufort - VTD 10,BEAUFORT - VTD 10,27747266.122193,Beaufort,013,Lady's Island 3A,Beaufort - Lady's Island 3A,BEAUFORT - LADYS ISLAND 3A,8168.750125,0.000294,6
013,Beaufort,VTD 9,450139,Beaufort - VTD 9,BEAUFORT - VTD 9,14853286.165855,Beaufort,013,Seabrook 3,Beaufort - Seabrook 3,BEAUFORT - SEABROOK 3,14797605.077394,0.996251,1
013,Beaufort,VTD 9,450139,Beaufort - VTD 9,BEAUFORT - VTD 9,14853286.165855,Beaufort,013,Lady's Island 3A,Beaufort - Lady's Island 3A,BEAUFORT - LADYS ISLAND 3A,29422.074605,0.001981,2
013,Beaufort,VTD 9,450139,Beaufort - VTD 9,BEAUFORT - VTD 9,14853286.165855,Beaufort,013,Seabrook 2,Beaufort - Seabrook 2,BEAUFORT - SEABROOK 2,24137.366572,0.001625,3
013,Beaufort,VTD 9,450139,Beaufort - VTD 9,BEAUFORT - VTD 9,14853286.165855,Beaufort,013,Burton 3,Beaufort - Burton 3,BEAUFORT - BURTON 3,2121.647285,0.000143,4
013,Beaufort,VTD 11,4501311,Beaufort - VTD 11,BEAUFORT - VTD 11,16522509.023153,Beaufort,013,Lady's Island 3A,Beaufort - Lady's Island 3A,BEAUFORT - LADYS ISLAND 3A,16162052.660530,0.978184,1
013,Beaufort,VTD 11,4501311,Beaufort - VTD 11,BEAUFORT - VTD 11,16522509.023153,Beaufort,013,Lady's Island 3B,Beaufort - Lady's Island 3B,BEAUFORT - LADYS ISLAND 3B,158535.988888,0.009595,2
013,Beaufort,VTD 11,4501311,Beaufort - VTD 11,BEAUFORT - VTD 11,16522509.023153,Beaufort,013,Beaufort 1,Beaufort - Beaufort 1,BEAUFORT - BEAUFORT 1,107655.795259,0.006516,3
013,Beaufort,VTD 11,4501311,Beaufort - VTD 11,BEAUFORT - VTD 11,16522509.023153,Beaufort,013,Beaufort 2,Beaufort - Beaufort 2,BEAUFORT - BEAUFORT 2,61594.386894,0.003728,4
013,Beaufort,VTD 11,4501311,Beaufort - VTD 11,BEAUFORT - VTD 11,16522509.023153,Beaufort,013,Seabrook 3,Beaufort - Seabrook 3,BEAUFORT - SEABROOK 3,32669.983142,0.001977,5
013,Beaufort,VTD 12,4501312,Beaufort - VTD 12,BEAUFORT - VTD 12,20667177.167385,Beaufort,013,Lady's Island 2B,Beaufort - Lady's Island 2B,BEAUFORT - LADYS ISLAND 2B,16517722.202229,0.799225,1
013,Beaufort,VTD 12,4501312,Beaufort - VTD 12,BEAUFORT - VTD 12,20667177.167385,Beaufort,013,Lady's Island 2A,Beaufort - Lady's Island 2A,BEAUFORT - LADYS ISLAND 2A,4149453.682776,0.200775,2
013,Beaufort,VTD 18,4501318,Beaufort - VTD 18,BEAUFORT - VTD 18,7313215.016448,Beaufort,013,Beaufort 3,Beaufort - Beaufort 3,BEAUFORT - BEAUFORT 3,4150789.823791,0.567574,1
013,Beaufort,VTD 18,4501318,Beaufort - VTD 18,BEAUFORT - VTD 18,7313215.016448,Beaufort,013,Beaufort 1,Beaufort - Beaufort 1,BEAUFORT - BEAUFORT 1,2517751.233787,0.344274,2
013,Beaufort,VTD 18,4501318,Beaufort - VTD 18,BEAUFORT - VTD 18,7313215.016448,Beaufort,013,MO 1A,Beaufort - MO 1A,BEAUFORT - MO 1A,593283.376191,0.081125,3
013,Beaufort,VTD 18,4501318,Beaufort - VTD 18,BEAUFORT - VTD 18,7313215.016448,Beaufort,013,MO 1B,Beaufort - MO 1B,BEAUFORT - MO 1B,30878.046417,0.004222,4
013,Beaufort,VTD 18,4501318,Beaufort - VTD 18,BEAUFORT - VTD 18,7313215.016448,Beaufort,013,Burton 2C,Beaufort - Burton 2C,BEAUFORT - BURTON 2C,13098.198250,0.001791,5
013,Beaufort,VTD 18,4501318,Beaufort - VTD 18,BEAUFORT - VTD 18,7313215.016448,Beaufort,013,Burton 3,Beaufort - Burton 3,BEAUFORT - BURTON 3,4952.715562,0.000677,6
013,Beaufort,VTD 18,4501318,Beaufort - VTD 18,BEAUFORT - VTD 18,7313215.016448,Beaufort,013,Lady's Island 1B,Beaufort - Lady's Island 1B,BEAUFORT - LADYS ISLAND 1B,2461.622450,0.000337,7
013,Beaufort,VTD 17,4501317,Beaufort - VTD 17,BEAUFORT - VTD 17,8959949.305152,Beaufort,013,Burton 1B,Beaufort - Burton 1B,BEAUFORT - BURTON 1B,5337721.259511,0.595731,1
013,Beaufort,VTD 17,4501317,Beaufort - VTD 17,BEAUFORT - VTD 17,8959949.305152,Beaufort,013,Burton 3,Beaufort - Burton 3,BEAUFORT - BURTON 3,1900474.968480,0.212108,2
013,Beaufort,VTD 17,4501317,Beaufort - VTD 17,BEAUFORT - VTD 17,8959949.305152,Beaufort,013,Burton 1C,Beaufort - Burton 1C,BEAUFORT - BURTON 1C,1721753.077161,0.192161,3
013,Beaufort,VTD 16,4501316,Beaufort - VTD 16,BEAUFORT - VTD 16,10110957.160797,Beaufort,013,Burton 1C,Beaufort - Burton 1C,BEAUFORT - BURTON 1C,5366466.269085,0.530757,1
013,Beaufort,VTD 16,4501316,Beaufort - VTD 16,BEAUFORT - VTD 16,10110957.160797,Beaufort,013,Burton 1B,Beaufort - Burton 1B,BEAUFORT - BURTON 1B,3316687.561472,0.328029,2
013,Beaufort,VTD 16,4501316,Beaufort - VTD 16,BEAUFORT - VTD 16,10110957.160797,Beaufort,013,Burton 1A,Beaufort - Burton 1A,BEAUFORT - BURTON 1A,1427803.330240,0.141213,3
013,Beaufort,VTD 13,4501313,Beaufort - VTD 13,BEAUFORT - VTD 13,21834241.294645,Beaufort,013,Lady's Island 1A,Beaufort - Lady's Island 1A,BEAUFORT - LADYS ISLAND 1A,15341459.589484,0.702633,1
013,Beaufort,VTD 13,4501313,Beaufort - VTD 13,BEAUFORT - VTD 13,21834241.294645,Beaufort,013,Lady's Island 1B,Beaufort - Lady's Island 1B,BEAUFORT - LADYS ISLAND 1B,3472335.124297,0.159032,2
013,Beaufort,VTD 13,4501313,Beaufort - VTD 13,BEAUFORT - VTD 13,21834241.294645,Beaufort,013,Lady's Island 2B,Beaufort - Lady's Island 2B,BEAUFORT - LADYS ISLAND 2B,2970079.212222,0.136029,3
013,Beaufort,VTD 13,4501313,Beaufort - VTD 13,BEAUFORT - VTD 13,21834241.294645,Beaufort,013,St. Helena 1A,Beaufort - St. Helena 1A,BEAUFORT - ST. HELENA 1A,50365.658609,0.002307,4
013,Beaufort,VTD 14,4501314,Beaufort - VTD 14,BEAUFORT - VTD 14,56702522.170797,Beaufort,013,Lady's Island 2B,Beaufort - Lady's Island 2B,BEAUFORT - LADYS ISLAND 2B,56659479.293191,0.999241,1
013,Beaufort,VTD 14,4501314,Beaufort - VTD 14,BEAUFORT - VTD 14,56702522.170797,Beaufort,013,St. Helena 1C,Beaufort - St. Helena 1C,BEAUFORT - ST. HELENA 1C,43042.590855,0.000759,2
013,Beaufort,VTD 15,4501315,Beaufort - VTD 15,BEAUFORT - VTD 15,21518047.471272,Beaufort,013,Burton 1C,Beaufort - Burton 1C,BEAUFORT - BURTON 1C,13011410.395621,0.604674,1
013,Beaufort,VTD 15,4501315,Beaufort - VTD 15,BEAUFORT - VTD 15,21518047.471272,Beaufort,013,Burton 1A,Beaufort - Burton 1A,BEAUFORT - BURTON 1A,8506635.073218,0.395326,2
013,Beaufort,VTD 42,4501342,Beaufort - VTD 42,BEAUFORT - VTD 42,107367180.176202,Beaufort,013,Chechessee,Beaufort - Chechessee,BEAUFORT - CHECHESSEE,107339538.805947,0.999743,1
013,Beaufort,VTD 42,4501342,Beaufort - VTD 42,BEAUFORT - VTD 42,107367180.176202,Beaufort,013,Bluffton 4A,Beaufort - Bluffton 4A,BEAUFORT - BLUFFTON 4A,27611.994231,0.000257,2
013,Beaufort,VTD 43,4501343,Beaufort - VTD 43,BEAUFORT - VTD 43,14114508.289782,Beaufort,013,Chechessee,Beaufort - Chechessee,BEAUFORT - CHECHESSEE,11143059.386940,0.789476,1
013,Beaufort,VTD 43,4501343,Beaufort - VTD 43,BEAUFORT - VTD 43,14114508.289782,Beaufort,013,Bluffton 4A,Beaufort - Bluffton 4A,BEAUFORT - BLUFFTON 4A,2041381.263284,0.144630,2
013,Beaufort,VTD 43,4501343,Beaufort - VTD 43,BEAUFORT - VTD 43,14114508.289782,Beaufort,013,Sun City 1A,Beaufort - Sun City 1A,BEAUFORT - SUN CITY 1A,923900.947806,0.065458,3
013,Beaufort,VTD 43,4501343,Beaufort - VTD 43,BEAUFORT - VTD 43,14114508.289782,Beaufort,013,Bluffton 5,Beaufort - Bluffton 5,BEAUFORT - BLUFFTON 5,6165.409436,0.000437,4
013,Beaufort,VTD 45,4501345,Beaufort - VTD 45,BEAUFORT - VTD 45,23668533.546959,Beaufort,013,Bluffton 3B,Beaufort - Bluffton 3B,BEAUFORT - BLUFFTON 3B,17301513.632827,0.730992,1
013,Beaufort,VTD 45,4501345,Beaufort - VTD 45,BEAUFORT - VTD 45,23668533.546959,Beaufort,013,Belfair,Beaufort - Belfair,BEAUFORT - BELFAIR,6367019.914133,0.269008,2
013,Beaufort,VTD 44,4501344,Beaufort - VTD 44,BEAUFORT - VTD 44,31247539.602660,Beaufort,013,Bluffton 4A,Beaufort - Bluffton 4A,BEAUFORT - BLUFFTON 4A,22191379.879607,0.710180,1
013,Beaufort,VTD 44,4501344,Beaufort - VTD 44,BEAUFORT - VTD 44,31247539.602660,Beaufort,013,Bluffton 4B,Beaufort - Bluffton 4B,BEAUFORT - BLUFFTON 4B,5546217.005856,0.177493,2
013,Beaufort,VTD 44,4501344,Beaufort - VTD 44,BEAUFORT - VTD 44,31247539.602660,Beaufort,013,Belfair,Beaufort - Belfair,BEAUFORT - BELFAIR,2132330.258613,0.068240,3
013,Beaufort,VTD 44,4501344,Beaufort - VTD 44,BEAUFORT - VTD 44,31247539.602660,Beaufort,013,Chechessee,Beaufort - Chechessee,BEAUFORT - CHECHESSEE,1064273.961595,0.034059,4
013,Beaufort,VTD 44,4501344,Beaufort - VTD 44,BEAUFORT - VTD 44,31247539.602660,Beaufort,013,Bluffton 2B,Beaufort - Bluffton 2B,BEAUFORT - BLUFFTON 2B,253008.643223,0.008097,5
013,Beaufort,VTD 44,4501344,Beaufort - VTD 44,BEAUFORT - VTD 44,31247539.602660,Beaufort,013,Bluffton 5,Beaufort - Bluffton 5,BEAUFORT - BLUFFTON 5,60329.853767,0.001931,6
013,Beaufort,VTD 19,4501319,Beaufort - VTD 19,BEAUFORT - VTD 19,3146347.878814,Beaufort,013,Beaufort 2,Beaufort - Beaufort 2,BEAUFORT - BEAUFORT 2,2423957.156232,0.770403,1
013,Beaufort,VTD 19,4501319,Beaufort - VTD 19,BEAUFORT - VTD 19,3146347.878814,Beaufort,013,Beaufort 1,Beaufort - Beaufort 1,BEAUFORT - BEAUFORT 1,628182.193497,0.199654,2
013,Beaufort,VTD 19,4501319,Beaufort - VTD 19,BEAUFORT - VTD 19,3146347.878814,Beaufort,013,Lady's Island 3A,Beaufort - Lady's Island 3A,BEAUFORT - LADYS ISLAND 3A,94208.430016,0.029942,3
013,Beaufort,VTD 21,4501321,Beaufort - VTD 21,BEAUFORT - VTD 21,1045203.478331,Beaufort,013,Beaufort 2,Beaufort - Beaufort 2,BEAUFORT - BEAUFORT 2,1043160.137249,0.998045,1
013,Beaufort,VTD 21,4501321,Beaufort - VTD 21,BEAUFORT - VTD 21,1045203.478331,Beaufort,013,Lady's Island 3B,Beaufort - Lady's Island 3B,BEAUFORT - LADYS ISLAND 3B,2043.341082,0.001955,2
013,Beaufort,VTD 20,4501320,Beaufort - VTD 20,BEAUFORT - VTD 20,1342696.412355,Beaufort,013,Beaufort 1,Beaufort - Beaufort 1,BEAUFORT - BEAUFORT 1,685336.775450,0.510418,1
013,Beaufort,VTD 20,4501320,Beaufort - VTD 20,BEAUFORT - VTD 20,1342696.412355,Beaufort,013,Beaufort 3,Beaufort - Beaufort 3,BEAUFORT - BEAUFORT 3,637347.700559,0.474677,2
013,Beaufort,VTD 20,4501320,Beaufort - VTD 20,BEAUFORT - VTD 20,1342696.412355,Beaufort,013,Lady's Island 1B,Beaufort - Lady's Island 1B,BEAUFORT - LADYS ISLAND 1B,20011.936346,0.014904,3
013,Beaufort,VTD 22,4501322,Beaufort - VTD 22,BEAUFORT - VTD 22,10705945.019452,Beaufort,013,Lady's Island 3B,Beaufort - Lady's Island 3B,BEAUFORT - LADYS ISLAND 3B,6029748.663302,0.563215,1
013,Beaufort,VTD 22,4501322,Beaufort - VTD 22,BEAUFORT - VTD 22,10705945.019452,Beaufort,013,Lady's Island 3A,Beaufort - Lady's Island 3A,BEAUFORT - LADYS ISLAND 3A,3271589.539627,0.305586,2
013,Beaufort,VTD 22,4501322,Beaufort - VTD 22,BEAUFORT - VTD 22,10705945.019452,Beaufort,013,Lady's Island 2A,Beaufort - Lady's Island 2A,BEAUFORT - LADYS ISLAND 2A,1263992.173769,0.118065,3
013,Beaufort,VTD 22,4501322,Beaufort - VTD 22,BEAUFORT - VTD 22,10705945.019452,Beaufort,013,Beaufort 2,Beaufort - Beaufort 2,BEAUFORT - BEAUFORT 2,92988.395485,0.008686,4
013,Beaufort,VTD 22,4501322,Beaufort - VTD 22,BEAUFORT - VTD 22,10705945.019452,Beaufort,013,Lady's Island 1A,Beaufort - Lady's Island 1A,BEAUFORT - LADYS ISLAND 1A,47626.142957,0.004449,5
013,Beaufort,VTD 34,4501334,Beaufort - VTD 34,BEAUFORT - VTD 34,9255479.423039,Beaufort,013,St. Helena 1A,Beaufort - St. Helena 1A,BEAUFORT - ST. HELENA 1A,9235639.173435,0.997856,1
013,Beaufort,VTD 34,4501334,Beaufort - VTD 34,BEAUFORT - VTD 34,9255479.423039,Beaufort,013,St. Helena 1B,Beaufort - St. Helena 1B,BEAUFORT - ST. HELENA 1B,19839.498407,0.002144,2
013,Beaufort,VTD 29,4501329,Beaufort - VTD 29,BEAUFORT - VTD 29,1147692.237312,Beaufort,013,MO 1B,Beaufort - MO 1B,BEAUFORT - MO 1B,1147692.122545,1.000000,1
013,Beaufort,VTD 30,4501330,Beaufort - VTD 30,BEAUFORT - VTD 30,1976029.458548,Beaufort,013,MO 2,Beaufort - MO 2,BEAUFORT - MO 2,1737046.264980,0.879059,1
013,Beaufort,VTD 30,4501330,Beaufort - VTD 30,BEAUFORT - VTD 30,1976029.458548,Beaufort,013,MO 1B,Beaufort - MO 1B,BEAUFORT - MO 1B,234527.489461,0.118686,2
013,Beaufort,VTD 30,4501330,Beaufort - VTD 30,BEAUFORT - VTD 30,1976029.458548,Beaufort,013,Burton 2B,Beaufort - Burton 2B,BEAUFORT - BURTON 2B,4455.704106,0.002255,3
013,Beaufort,VTD 28,4501328,Beaufort - VTD 28,BEAUFORT - VTD 28,3483048.992965,Beaufort,013,MO 1A,Beaufort - MO 1A,BEAUFORT - MO 1A,1916497.222261,0.550236,1
013,Beaufort,VTD 28,4501328,Beaufort - VTD 28,BEAUFORT - VTD 28,3483048.992965,Beaufort,013,MO 1B,Beaufort - MO 1B,BEAUFORT - MO 1B,1356974.392373,0.389594,2
013,Beaufort,VTD 28,4501328,Beaufort - VTD 28,BEAUFORT - VTD 28,3483048.992965,Beaufort,013,Lady's Island 1B,Beaufort - Lady's Island 1B,BEAUFORT - LADYS ISLAND 1B,144648.959290,0.041529,3
013,Beaufort,VTD 28,4501328,Beaufort - VTD 28,BEAUFORT - VTD 28,3483048.992965,Beaufort,013,Burton 2C,Beaufort - Burton 2C,BEAUFORT - BURTON 2C,45047.948193,0.012933,4
013,Beaufort,VTD 28,4501328,Beaufort - VTD 28,BEAUFORT - VTD 28,3483048.992965,Beaufort,013,Beaufort 3,Beaufort - Beaufort 3,BEAUFORT - BEAUFORT 3,19656.611939,0.005644,5
013,Beaufort,VTD 31,4501331,Beaufort - VTD 31,BEAUFORT - VTD 31,2559071.063473,Beaufort,013,Port Royal 2,Beaufort - Port Royal 2,BEAUFORT - PORT ROYAL 2,2559071.063473,1.000000,1
013,Beaufort,VTD 32,4501332,Beaufort - VTD 32,BEAUFORT - VTD 32,6464446.098106,Beaufort,013,Port Royal 1,Beaufort - Port Royal 1,BEAUFORT - PORT ROYAL 1,5588006.358140,0.864422,1
013,Beaufort,VTD 32,4501332,Beaufort - VTD 32,BEAUFORT - VTD 32,6464446.098106,Beaufort,013,Port Royal 2,Beaufort - Port Royal 2,BEAUFORT - PORT ROYAL 2,702171.278178,0.108620,2
013,Beaufort,VTD 32,4501332,Beaufort - VTD 32,BEAUFORT - VTD 32,6464446.098106,Beaufort,013,MO 1A,Beaufort - MO 1A,BEAUFORT - MO 1A,174268.461787,0.026958,3
013,Beaufort,VTD 33,4501333,Beaufort - VTD 33,BEAUFORT - VTD 33,30127771.780782,Beaufort,013,Lady's Island 1B,Beaufort - Lady's Island 1B,BEAUFORT - LADYS ISLAND 1B,29636263.131829,0.983686,1
013,Beaufort,VTD 33,4501333,Beaufort - VTD 33,BEAUFORT - VTD 33,30127771.780782,Beaufort,013,St. Helena 1B,Beaufort - St. Helena 1B,BEAUFORT - ST. HELENA 1B,156706.048844,0.005201,2
013,Beaufort,VTD 33,4501333,Beaufort - VTD 33,BEAUFORT - VTD 33,30127771.780782,Beaufort,013,MO 1A,Beaufort - MO 1A,BEAUFORT - MO 1A,137260.399171,0.004556,3
013,Beaufort,VTD 33,4501333,Beaufort - VTD 33,BEAUFORT - VTD 33,30127771.780782,Beaufort,013,Port Royal 2,Beaufort - Port Royal 2,BEAUFORT - PORT ROYAL 2,70710.429344,0.002347,4
013,Beaufort,VTD 33,4501333,Beaufort - VTD 33,BEAUFORT - VTD 33,30127771.780782,Beaufort,013,Port Royal 1,Beaufort - Port Royal 1,BEAUFORT - PORT ROYAL 1,67253.440768,0.002232,5
013,Beaufort,VTD 33,4501333,Beaufort - VTD 33,BEAUFORT - VTD 33,30127771.780782,Beaufort,013,Beaufort 3,Beaufort - Beaufort 3,BEAUFORT - BEAUFORT 3,59578.272682,0.001978,6
013,Beaufort,VTD 40,4501340,Beaufort - VTD 40,BEAUFORT - VTD 40,135983425.734385,Beaufort,013,St. Helena 1B,Beaufort - St. Helena 1B,BEAUFORT - ST. HELENA 1B,130547199.629706,0.960023,1
013,Beaufort,VTD 40,4501340,Beaufort - VTD 40,BEAUFORT - VTD 40,135983425.734385,Beaufort,013,St. Helena 1A,Beaufort - St. Helena 1A,BEAUFORT - ST. HELENA 1A,5152044.091033,0.037887,2
013,Beaufort,VTD 40,4501340,Beaufort - VTD 40,BEAUFORT - VTD 40,135983425.734385,Beaufort,013,Lady's Island 1B,Beaufort - Lady's Island 1B,BEAUFORT - LADYS ISLAND 1B,168637.958685,0.001240,3
013,Beaufort,VTD 40,4501340,Beaufort - VTD 40,BEAUFORT - VTD 40,135983425.734385,Beaufort,013,St. Helena 2C,Beaufort - St. Helena 2C,BEAUFORT - ST. HELENA 2C,115544.054961,0.000850,4
013,Beaufort,VTD 39,4501339,Beaufort - VTD 39,BEAUFORT - VTD 39,50684195.195011,Beaufort,013,Burton 2A,Beaufort - Burton 2A,BEAUFORT - BURTON 2A,50684195.195011,1.000000,1
013,Beaufort,VTD 27,4501327,Beaufort - VTD 27,BEAUFORT - VTD 27,18792735.231251,Beaufort,013,Burton 2C,Beaufort - Burton 2C,BEAUFORT - BURTON 2C,11104706.000700,0.590904,1
013,Beaufort,VTD 27,4501327,Beaufort - VTD 27,BEAUFORT - VTD 27,18792735.231251,Beaufort,013,Burton 2B,Beaufort - Burton 2B,BEAUFORT - BURTON 2B,7493133.768037,0.398725,2
013,Beaufort,VTD 27,4501327,Beaufort - VTD 27,BEAUFORT - VTD 27,18792735.231251,Beaufort,013,Port Royal 1,Beaufort - Port Royal 1,BEAUFORT - PORT ROYAL 1,94689.698794,0.005039,3
013,Beaufort,VTD 27,4501327,Beaufort - VTD 27,BEAUFORT - VTD 27,18792735.231251,Beaufort,013,Beaufort 3,Beaufort - Beaufort 3,BEAUFORT - BEAUFORT 3,56477.174752,0.003005,4
013,Beaufort,VTD 27,4501327,Beaufort - VTD 27,BEAUFORT - VTD 27,18792735.231251,Beaufort,013,MO 1B,Beaufort - MO 1B,BEAUFORT - MO 1B,43728.187299,0.002327,5
013,Beaufort,VTD 35,4501335,Beaufort - VTD 35,BEAUFORT - VTD 35,9080596.469889,Beaufort,013,St. Helena 1A,Beaufort - St. Helena 1A,BEAUFORT - ST. HELENA 1A,8943144.059153,0.984863,1
013,Beaufort,VTD 35,4501335,Beaufort - VTD 35,BEAUFORT - VTD 35,9080596.469889,Beaufort,013,St. Helena 2C,Beaufort - St. Helena 2C,BEAUFORT - ST. HELENA 2C,118359.487271,0.013034,2
013,Beaufort,VTD 35,4501335,Beaufort - VTD 35,BEAUFORT - VTD 35,9080596.469889,Beaufort,013,St. Helena 1B,Beaufort - St. Helena 1B,BEAUFORT - ST. HELENA 1B,19092.923464,0.002103,3
013,Beaufort,VTD 41,4501341,Beaufort - VTD 41,BEAUFORT - VTD 41,41514413.379618,Beaufort,013,Chechessee,Beaufort - Chechessee,BEAUFORT - CHECHESSEE,41226569.639992,0.993066,1
013,Beaufort,VTD 41,4501341,Beaufort - VTD 41,BEAUFORT - VTD 41,41514413.379618,Beaufort,013,Burton 1C,Beaufort - Burton 1C,BEAUFORT - BURTON 1C,287843.739626,0.006934,2
013,Beaufort,VTD 38,4501338,Beaufort - VTD 38,BEAUFORT - VTD 38,18749575.652405,Beaufort,013,Burton 2A,Beaufort - Burton 2A,BEAUFORT - BURTON 2A,18698705.834827,0.997287,1
013,Beaufort,VTD 38,4501338,Beaufort - VTD 38,BEAUFORT - VTD 38,18749575.652405,Beaufort,013,Burton 2B,Beaufort - Burton 2B,BEAUFORT - BURTON 2B,50869.817578,0.002713,2
013,Beaufort,VTD 23,4501323,Beaufort - VTD 23,BEAUFORT - VTD 23,11917863.891504,Beaufort,013,St. Helena 1A,Beaufort - St. Helena 1A,BEAUFORT - ST. HELENA 1A,11169812.296930,0.937233,1
013,Beaufort,VTD 23,4501323,Beaufort - VTD 23,BEAUFORT - VTD 23,11917863.891504,Beaufort,013,St. Helena 1C,Beaufort - St. Helena 1C,BEAUFORT - ST. HELENA 1C,514734.683301,0.043190,2
013,Beaufort,VTD 23,4501323,Beaufort - VTD 23,BEAUFORT - VTD 23,11917863.891504,Beaufort,013,Lady's Island 1A,Beaufort - Lady's Island 1A,BEAUFORT - LADYS ISLAND 1A,181814.329153,0.015256,3
013,Beaufort,VTD 23,4501323,Beaufort - VTD 23,BEAUFORT - VTD 23,11917863.891504,Beaufort,013,Lady's Island 1B,Beaufort - Lady's Island 1B,BEAUFORT - LADYS ISLAND 1B,51502.582120,0.004321,4
013,Beaufort,VTD 24,4501324,Beaufort - VTD 24,BEAUFORT - VTD 24,22761671.980043,Beaufort,013,St. Helena 1C,Beaufort - St. Helena 1C,BEAUFORT - ST. HELENA 1C,22285545.554343,0.979082,1
013,Beaufort,VTD 24,4501324,Beaufort - VTD 24,BEAUFORT - VTD 24,22761671.980043,Beaufort,013,Lady's Island 2B,Beaufort - Lady's Island 2B,BEAUFORT - LADYS ISLAND 2B,372036.508532,0.016345,2
013,Beaufort,VTD 24,4501324,Beaufort - VTD 24,BEAUFORT - VTD 24,22761671.980043,Beaufort,013,St. Helena 1A,Beaufort - St. Helena 1A,BEAUFORT - ST. HELENA 1A,79898.541648,0.003510,3
013,Beaufort,VTD 24,4501324,Beaufort - VTD 24,BEAUFORT - VTD 24,22761671.980043,Beaufort,013,St. Helena 2A,Beaufort - St. Helena 2A,BEAUFORT - ST. HELENA 2A,24191.375521,0.001063,4
013,Beaufort,VTD 25,4501325,Beaufort - VTD 25,BEAUFORT - VTD 25,22832411.610077,Beaufort,013,St. Helena 2A,Beaufort - St. Helena 2A,BEAUFORT - ST. HELENA 2A,22832374.908759,0.999998,1
013,Beaufort,VTD 26,4501326,Beaufort - VTD 26,BEAUFORT - VTD 26,6706896.483547,Beaufort,013,Burton 2B,Beaufort - Burton 2B,BEAUFORT - BURTON 2B,6706888.259215,0.999999,1
013,Beaufort,VTD 36,4501336,Beaufort - VTD 36,BEAUFORT - VTD 36,92371775.573213,Beaufort,013,St. Helena 2B,Beaufort - St. Helena 2B,BEAUFORT - ST. HELENA 2B,54437670.584673,0.589332,1
013,Beaufort,VTD 36,4501336,Beaufort - VTD 36,BEAUFORT - VTD 36,92371775.573213,Beaufort,013,St. Helena 2A,Beaufort - St. Helena 2A,BEAUFORT - ST. HELENA 2A,12181346.606981,0.131873,2
013,Beaufort,VTD 36,4501336,Beaufort - VTD 36,BEAUFORT - VTD 36,92371775.573213,Beaufort,013,Lady's Island 2B,Beaufort - Lady's Island 2B,BEAUFORT - LADYS ISLAND 2B,11896562.040343,0.128790,3
013,Beaufort,VTD 36,4501336,Beaufort - VTD 36,BEAUFORT - VTD 36,92371775.573213,Beaufort,013,St. Helena 2C,Beaufort - St. Helena 2C,BEAUFORT - ST. HELENA 2C,11458032.682628,0.124043,4
013,Beaufort,VTD 36,4501336,Beaufort - VTD 36,BEAUFORT - VTD 36,92371775.573213,Beaufort,013,St. Helena 1A,Beaufort - St. Helena 1A,BEAUFORT - ST. HELENA 1A,2398163.658587,0.025962,5
013,Beaufort,VTD 1,450131,Beaufort - VTD 1,BEAUFORT - VTD 1,35057278.714856,Beaufort,013,Sheldon 1,Beaufort - Sheldon 1,BEAUFORT - SHELDON 1,35057278.277858,1.000000,1
013,Beaufort,VTD 37,4501337,Beaufort - VTD 37,BEAUFORT - VTD 37,358750958.803673,Beaufort,013,St. Helena 2C,Beaufort - St. Helena 2C,BEAUFORT - ST. HELENA 2C,358125901.072126,0.998258,1
013,Beaufort,VTD 37,4501337,Beaufort - VTD 37,BEAUFORT - VTD 37,358750958.803673,Beaufort,013,St. Helena 1A,Beaufort - St. Helena 1A,BEAUFORT - ST. HELENA 1A,614143.414896,0.001712,2
013,Beaufort,VTD 50,4501350,Beaufort - VTD 50,BEAUFORT - VTD 50,12670904.190143,Beaufort,013,Bluffton 1A,Beaufort - Bluffton 1A,BEAUFORT - BLUFFTON 1A,6451167.937174,0.509132,1
013,Beaufort,VTD 50,4501350,Beaufort - VTD 50,BEAUFORT - VTD 50,12670904.190143,Beaufort,013,Bluffton 1D,Beaufort - Bluffton 1D,BEAUFORT - BLUFFTON 1D,5859599.745335,0.462445,2
013,Beaufort,VTD 50,4501350,Beaufort - VTD 50,BEAUFORT - VTD 50,12670904.190143,Beaufort,013,Bluffton 1C,Beaufort - Bluffton 1C,BEAUFORT - BLUFFTON 1C,252656.973152,0.019940,3
013,Beaufort,VTD 50,4501350,Beaufort - VTD 50,BEAUFORT - VTD 50,12670904.190143,Beaufort,013,Bluffton 2C,Beaufort - Bluffton 2C,BEAUFORT - BLUFFTON 2C,107477.476149,0.008482,4
013,Beaufort,VTD 48,4501348,Beaufort - VTD 48,BEAUFORT - VTD 48,49256833.379444,Beaufort,013,Bluffton 2C,Beaufort - Bluffton 2C,BEAUFORT - BLUFFTON 2C,15306224.147527,0.310743,1
013,Beaufort,VTD 48,4501348,Beaufort - VTD 48,BEAUFORT - VTD 48,49256833.379444,Beaufort,013,Bluffton 5,Beaufort - Bluffton 5,BEAUFORT - BLUFFTON 5,12263691.548883,0.248974,2
013,Beaufort,VTD 48,4501348,Beaufort - VTD 48,BEAUFORT - VTD 48,49256833.379444,Beaufort,013,Bluffton 4C,Beaufort - Bluffton 4C,BEAUFORT - BLUFFTON 4C,12220102.856691,0.248089,3
013,Beaufort,VTD 48,4501348,Beaufort - VTD 48,BEAUFORT - VTD 48,49256833.379444,Beaufort,013,Bluffton 2B,Beaufort - Bluffton 2B,BEAUFORT - BLUFFTON 2B,5987769.910622,0.121562,4
013,Beaufort,VTD 48,4501348,Beaufort - VTD 48,BEAUFORT - VTD 48,49256833.379444,Beaufort,013,Bluffton 2A,Beaufort - Bluffton 2A,BEAUFORT - BLUFFTON 2A,3106505.104594,0.063067,5
013,Beaufort,VTD 48,4501348,Beaufort - VTD 48,BEAUFORT - VTD 48,49256833.379444,Beaufort,013,Bluffton 4B,Beaufort - Bluffton 4B,BEAUFORT - BLUFFTON 4B,288755.258867,0.005862,6
013,Beaufort,VTD 48,4501348,Beaufort - VTD 48,BEAUFORT - VTD 48,49256833.379444,Beaufort,013,Bluffton 4A,Beaufort - Bluffton 4A,BEAUFORT - BLUFFTON 4A,79779.151699,0.001620,7
013,Beaufort,VTD 49,4501349,Beaufort - VTD 49,BEAUFORT - VTD 49,119988005.154512,Beaufort,013,Bluffton 2C,Beaufort - Bluffton 2C,BEAUFORT - BLUFFTON 2C,119630613.603229,0.997021,1
013,Beaufort,VTD 49,4501349,Beaufort - VTD 49,BEAUFORT - VTD 49,119988005.154512,Beaufort,013,Bluffton 1C,Beaufort - Bluffton 1C,BEAUFORT - BLUFFTON 1C,252401.599180,0.002104,2
013,Beaufort,VTD 49,4501349,Beaufort - VTD 49,BEAUFORT - VTD 49,119988005.154512,Beaufort,013,Bluffton 1A,Beaufort - Bluffton 1A,BEAUFORT - BLUFFTON 1A,89138.127682,0.000743,3
013,Beaufort,VTD 49,4501349,Beaufort - VTD 49,BEAUFORT - VTD 49,119988005.154512,Beaufort,013,Dafuskie,Beaufort - Dafuskie,BEAUFORT - DAFUSKIE,15851.719909,0.000132,4
013,Beaufort,VTD 51,4501351,Beaufort - VTD 51,BEAUFORT - VTD 51,29342014.545283,Beaufort,013,Bluffton 1C,Beaufort - Bluffton 1C,BEAUFORT - BLUFFTON 1C,25207728.203632,0.859100,1
013,Beaufort,VTD 51,4501351,Beaufort - VTD 51,BEAUFORT - VTD 51,29342014.545283,Beaufort,013,Bluffton 1B,Beaufort - Bluffton 1B,BEAUFORT - BLUFFTON 1B,4134285.364475,0.140900,2
013,Beaufort,VTD 46,4501346,Beaufort - VTD 46,BEAUFORT - VTD 46,54597855.317072,Beaufort,013,Bluffton 3B,Beaufort - Bluffton 3B,BEAUFORT - BLUFFTON 3B,47578705.793136,0.871439,1
013,Beaufort,VTD 46,4501346,Beaufort - VTD 46,BEAUFORT - VTD 46,54597855.317072,Beaufort,013,Bluffton 3A,Beaufort - Bluffton 3A,BEAUFORT - BLUFFTON 3A,7019149.450775,0.128561,2
013,Beaufort,VTD 52,4501352,Beaufort - VTD 52,BEAUFORT - VTD 52,33567249.744238,Beaufort,013,Bluffton 1C,Beaufort - Bluffton 1C,BEAUFORT - BLUFFTON 1C,33496685.810490,0.997898,1
013,Beaufort,VTD 52,4501352,Beaufort - VTD 52,BEAUFORT - VTD 52,33567249.744238,Beaufort,013,Bluffton 2C,Beaufort - Bluffton 2C,BEAUFORT - BLUFFTON 2C,70563.933748,0.002102,2
013,Beaufort,VTD 47,4501347,Beaufort - VTD 47,BEAUFORT - VTD 47,29677079.262728,Beaufort,013,Bluffton 2C,Beaufort - Bluffton 2C,BEAUFORT - BLUFFTON 2C,8323175.797353,0.280458,1
013,Beaufort,VTD 47,4501347,Beaufort - VTD 47,BEAUFORT - VTD 47,29677079.262728,Beaufort,013,Sun City 4B,Beaufort - Sun City 4B,BEAUFORT - SUN CITY 4B,4599520.861202,0.154986,2
013,Beaufort,VTD 47,4501347,Beaufort - VTD 47,BEAUFORT - VTD 47,29677079.262728,Beaufort,013,Sun City 1A,Beaufort - Sun City 1A,BEAUFORT - SUN CITY 1A,3679371.793271,0.123980,3
013,Beaufort,VTD 47,4501347,Beaufort - VTD 47,BEAUFORT - VTD 47,29677079.262728,Beaufort,013,Sun City 4A,Beaufort - Sun City 4A,BEAUFORT - SUN CITY 4A,3131462.188564,0.105518,4
013,Beaufort,VTD 47,4501347,Beaufort - VTD 47,BEAUFORT - VTD 47,29677079.262728,Beaufort,013,Sun City 1B,Beaufort - Sun City 1B,BEAUFORT - SUN CITY 1B,3063060.121660,0.103213,5
013,Beaufort,VTD 47,4501347,Beaufort - VTD 47,BEAUFORT - VTD 47,29677079.262728,Beaufort,013,Sun City 3A,Beaufort - Sun City 3A,BEAUFORT - SUN CITY 3A,2916417.333697,0.098272,6
013,Beaufort,VTD 47,4501347,Beaufort - VTD 47,BEAUFORT - VTD 47,29677079.262728,Beaufort,013,Sun City 2,Beaufort - Sun City 2,BEAUFORT - SUN CITY 2,2067409.890279,0.069664,7
013,Beaufort,VTD 47,4501347,Beaufort - VTD 47,BEAUFORT - VTD 47,29677079.262728,Beaufort,013,Sun City 3B,Beaufort - Sun City 3B,BEAUFORT - SUN CITY 3B,1896156.718250,0.063893,8
013,Beaufort,VTD 53,4501353,Beaufort - VTD 53,BEAUFORT - VTD 53,53255908.429281,Beaufort,013,Dafuskie,Beaufort - Dafuskie,BEAUFORT - DAFUSKIE,53250312.667277,0.999895,1
013,Beaufort,VTD 53,4501353,Beaufort - VTD 53,BEAUFORT - VTD 53,53255908.429281,Beaufort,013,Bluffton 2C,Beaufort - Bluffton 2C,BEAUFORT - BLUFFTON 2C,5595.578792,0.000105,2
013,Beaufort,VTD 69,4501369,Beaufort - VTD 69,BEAUFORT - VTD 69,10959306.244418,Beaufort,013,Hilton Head 6B,Beaufort - Hilton Head 6B,BEAUFORT - HILTON HEAD 6B,9506819.840934,0.867465,1
013,Beaufort,VTD 69,4501369,Beaufort - VTD 69,BEAUFORT - VTD 69,10959306.244418,Beaufort,013,Hilton Head 6A,Beaufort - Hilton Head 6A,BEAUFORT - HILTON HEAD 6A,1452486.403484,0.132535,2
013,Beaufort,VTD 70,4501370,Beaufort - VTD 70,BEAUFORT - VTD 70,8854952.268673,Beaufort,013,Hilton Head 1B,Beaufort - Hilton Head 1B,BEAUFORT - HILTON HEAD 1B,6647894.857239,0.750754,1
013,Beaufort,VTD 70,4501370,Beaufort - VTD 70,BEAUFORT - VTD 70,8854952.268673,Beaufort,013,Hilton Head 1A,Beaufort - Hilton Head 1A,BEAUFORT - HILTON HEAD 1A,1140730.405292,0.128824,2
013,Beaufort,VTD 70,4501370,Beaufort - VTD 70,BEAUFORT - VTD 70,8854952.268673,Beaufort,013,Bluffton 3B,Beaufort - Bluffton 3B,BEAUFORT - BLUFFTON 3B,933011.709313,0.105366,3
013,Beaufort,VTD 70,4501370,Beaufort - VTD 70,BEAUFORT - VTD 70,8854952.268673,Beaufort,013,Hilton Head 10,Beaufort - Hilton Head 10,BEAUFORT - HILTON HEAD 10,116843.110925,0.013195,4
013,Beaufort,VTD 70,4501370,Beaufort - VTD 70,BEAUFORT - VTD 70,8854952.268673,Beaufort,013,Hilton Head 4B,Beaufort - Hilton Head 4B,BEAUFORT - HILTON HEAD 4B,16472.185904,0.001860,5
013,Beaufort,VTD 71,4501371,Beaufort - VTD 71,BEAUFORT - VTD 71,6926732.705401,Beaufort,013,Hilton Head 4D,Beaufort - Hilton Head 4D,BEAUFORT - HILTON HEAD 4D,2620775.069286,0.378357,1
013,Beaufort,VTD 71,4501371,Beaufort - VTD 71,BEAUFORT - VTD 71,6926732.705401,Beaufort,013,Hilton Head 1A,Beaufort - Hilton Head 1A,BEAUFORT - HILTON HEAD 1A,1741041.928180,0.251351,2
013,Beaufort,VTD 71,4501371,Beaufort - VTD 71,BEAUFORT - VTD 71,6926732.705401,Beaufort,013,Hilton Head 4B,Beaufort - Hilton Head 4B,BEAUFORT - HILTON HEAD 4B,1182598.567502,0.170730,3
013,Beaufort,VTD 71,4501371,Beaufort - VTD 71,BEAUFORT - VTD 71,6926732.705401,Beaufort,013,Hilton Head 4C,Beaufort - Hilton Head 4C,BEAUFORT - HILTON HEAD 4C,1017670.558398,0.146919,4
013,Beaufort,VTD 71,4501371,Beaufort - VTD 71,BEAUFORT - VTD 71,6926732.705401,Beaufort,013,Bluffton 3B,Beaufort - Bluffton 3B,BEAUFORT - BLUFFTON 3B,233910.330010,0.033769,5
013,Beaufort,VTD 71,4501371,Beaufort - VTD 71,BEAUFORT - VTD 71,6926732.705401,Beaufort,013,Hilton Head 1B,Beaufort - Hilton Head 1B,BEAUFORT - HILTON HEAD 1B,129712.678367,0.018726,6
013,Beaufort,VTD 71,4501371,Beaufort - VTD 71,BEAUFORT - VTD 71,6926732.705401,Beaufort,013,Hilton Head 5C,Beaufort - Hilton Head 5C,BEAUFORT - HILTON HEAD 5C,1022.491660,0.000148,7
013,Beaufort,VTD 74,4501374,Beaufort - VTD 74,BEAUFORT - VTD 74,40572066.457049,Beaufort,013,Hilton Head 6A,Beaufort - Hilton Head 6A,BEAUFORT - HILTON HEAD 6A,40404717.484888,0.995875,1
013,Beaufort,VTD 74,4501374,Beaufort - VTD 74,BEAUFORT - VTD 74,40572066.457049,Beaufort,013,Hilton Head 2B,Beaufort - Hilton Head 2B,BEAUFORT - HILTON HEAD 2B,167348.972161,0.004125,2
013,Beaufort,VTD 76,4501376,Beaufort - VTD 76,BEAUFORT - VTD 76,1769882.976448,Beaufort,013,Hilton Head 5A,Beaufort - Hilton Head 5A,BEAUFORT - HILTON HEAD 5A,750989.097647,0.424316,1
013,Beaufort,VTD 76,4501376,Beaufort - VTD 76,BEAUFORT - VTD 76,1769882.976448,Beaufort,013,Hilton Head 4C,Beaufort - Hilton Head 4C,BEAUFORT - HILTON HEAD 4C,624128.172512,0.352638,2
013,Beaufort,VTD 76,4501376,Beaufort - VTD 76,BEAUFORT - VTD 76,1769882.976448,Beaufort,013,Hilton Head 4A,Beaufort - Hilton Head 4A,BEAUFORT - HILTON HEAD 4A,393210.222702,0.222167,3
013,Beaufort,VTD 76,4501376,Beaufort - VTD 76,BEAUFORT - VTD 76,1769882.976448,Beaufort,013,Hilton Head 4D,Beaufort - Hilton Head 4D,BEAUFORT - HILTON HEAD 4D,1555.483587,0.000879,4
013,Beaufort,VTD 75,4501375,Beaufort - VTD 75,BEAUFORT - VTD 75,4856776.816972,Beaufort,013,Hilton Head 4A,Beaufort - Hilton Head 4A,BEAUFORT - HILTON HEAD 4A,2444834.057393,0.503386,1
013,Beaufort,VTD 75,4501375,Beaufort - VTD 75,BEAUFORT - VTD 75,4856776.816972,Beaufort,013,Hilton Head 4B,Beaufort - Hilton Head 4B,BEAUFORT - HILTON HEAD 4B,1283796.415866,0.264331,2
013,Beaufort,VTD 75,4501375,Beaufort - VTD 75,BEAUFORT - VTD 75,4856776.816972,Beaufort,013,Bluffton 3B,Beaufort - Bluffton 3B,BEAUFORT - BLUFFTON 3B,1128146.343713,0.232283,3
013,Beaufort,VTD 77,4501377,Beaufort - VTD 77,BEAUFORT - VTD 77,1977811.282591,Beaufort,013,Hilton Head 5B,Beaufort - Hilton Head 5B,BEAUFORT - HILTON HEAD 5B,1910085.413881,0.965757,1
013,Beaufort,VTD 77,4501377,Beaufort - VTD 77,BEAUFORT - VTD 77,1977811.282591,Beaufort,013,Hilton Head 5C,Beaufort - Hilton Head 5C,BEAUFORT - HILTON HEAD 5C,25552.704601,0.012920,2
013,Beaufort,VTD 77,4501377,Beaufort - VTD 77,BEAUFORT - VTD 77,1977811.282591,Beaufort,013,Hilton Head 2B,Beaufort - Hilton Head 2B,BEAUFORT - HILTON HEAD 2B,25249.885117,0.012767,3
013,Beaufort,VTD 77,4501377,Beaufort - VTD 77,BEAUFORT - VTD 77,1977811.282591,Beaufort,013,Hilton Head 5A,Beaufort - Hilton Head 5A,BEAUFORT - HILTON HEAD 5A,16923.278992,0.008557,4
013,Beaufort,VTD 72,4501372,Beaufort - VTD 72,BEAUFORT - VTD 72,2895074.704312,Beaufort,013,Hilton Head 5C,Beaufort - Hilton Head 5C,BEAUFORT - HILTON HEAD 5C,1952765.830541,0.674513,1
013,Beaufort,VTD 72,4501372,Beaufort - VTD 72,BEAUFORT - VTD 72,2895074.704312,Beaufort,013,Hilton Head 4D,Beaufort - Hilton Head 4D,BEAUFORT - HILTON HEAD 4D,858091.939803,0.296397,2
013,Beaufort,VTD 72,4501372,Beaufort - VTD 72,BEAUFORT - VTD 72,2895074.704312,Beaufort,013,Hilton Head 3,Beaufort - Hilton Head 3,BEAUFORT - HILTON HEAD 3,48451.376004,0.016736,3
013,Beaufort,VTD 72,4501372,Beaufort - VTD 72,BEAUFORT - VTD 72,2895074.704312,Beaufort,013,Hilton Head 2B,Beaufort - Hilton Head 2B,BEAUFORT - HILTON HEAD 2B,35765.557964,0.012354,4
013,Beaufort,VTD 73,4501373,Beaufort - VTD 73,BEAUFORT - VTD 73,12579634.551581,Beaufort,013,Hilton Head 2B,Beaufort - Hilton Head 2B,BEAUFORT - HILTON HEAD 2B,9452379.720542,0.751403,1
013,Beaufort,VTD 73,4501373,Beaufort - VTD 73,BEAUFORT - VTD 73,12579634.551581,Beaufort,013,Hilton Head 3,Beaufort - Hilton Head 3,BEAUFORT - HILTON HEAD 3,3013334.122525,0.239541,2
013,Beaufort,VTD 73,4501373,Beaufort - VTD 73,BEAUFORT - VTD 73,12579634.551581,Beaufort,013,Hilton Head 6A,Beaufort - Hilton Head 6A,BEAUFORT - HILTON HEAD 6A,35297.275002,0.002806,3
013,Beaufort,VTD 73,4501373,Beaufort - VTD 73,BEAUFORT - VTD 73,12579634.551581,Beaufort,013,Hilton Head 5A,Beaufort - Hilton Head 5A,BEAUFORT - HILTON HEAD 5A,28377.392869,0.002256,4
013,Beaufort,VTD 73,4501373,Beaufort - VTD 73,BEAUFORT - VTD 73,12579634.551581,Beaufort,013,Hilton Head 5C,Beaufort - Hilton Head 5C,BEAUFORT - HILTON HEAD 5C,27439.992818,0.002181,5
013,Beaufort,VTD 73,4501373,Beaufort - VTD 73,BEAUFORT - VTD 73,12579634.551581,Beaufort,013,Hilton Head 5B,Beaufort - Hilton Head 5B,BEAUFORT - HILTON HEAD 5B,13800.442501,0.001097,6
013,Beaufort,VTD 73,4501373,Beaufort - VTD 73,BEAUFORT - VTD 73,12579634.551581,Beaufort,013,Hilton Head 1A,Beaufort - Hilton Head 1A,BEAUFORT - HILTON HEAD 1A,7815.456934,0.000621,7
013,Beaufort,VTD 68,4501368,Beaufort - VTD 68,BEAUFORT - VTD 68,15010341.027038,Beaufort,013,Hilton Head 6B,Beaufort - Hilton Head 6B,BEAUFORT - HILTON HEAD 6B,11323695.613593,0.754393,1
013,Beaufort,VTD 68,4501368,Beaufort - VTD 68,BEAUFORT - VTD 68,15010341.027038,Beaufort,013,Hilton Head 2B,Beaufort - Hilton Head 2B,BEAUFORT - HILTON HEAD 2B,3200305.034957,0.213207,2
013,Beaufort,VTD 68,4501368,Beaufort - VTD 68,BEAUFORT - VTD 68,15010341.027038,Beaufort,013,Hilton Head 7A,Beaufort - Hilton Head 7A,BEAUFORT - HILTON HEAD 7A,332660.671821,0.022162,3
013,Beaufort,VTD 68,4501368,Beaufort - VTD 68,BEAUFORT - VTD 68,15010341.027038,Beaufort,013,Hilton Head 2A,Beaufort - Hilton Head 2A,BEAUFORT - HILTON HEAD 2A,121854.626890,0.008118,4
013,Beaufort,VTD 68,4501368,Beaufort - VTD 68,BEAUFORT - VTD 68,15010341.027038,Beaufort,013,Hilton Head 7B,Beaufort - Hilton Head 7B,BEAUFORT - HILTON HEAD 7B,18673.661395,0.001244,5
013,Beaufort,VTD 68,4501368,Beaufort - VTD 68,BEAUFORT - VTD 68,15010341.027038,Beaufort,013,Hilton Head 6A,Beaufort - Hilton Head 6A,BEAUFORT - HILTON HEAD 6A,13150.482596,0.000876,6
015,Berkeley,VTD 2,450152,Berkeley - VTD 2,BERKELEY - VTD 2,119635166.192356,Berkeley,015,Eadytown,Berkeley - Eadytown,BERKELEY - EADYTOWN,119452086.198250,0.998470,1
015,Berkeley,VTD 2,450152,Berkeley - VTD 2,BERKELEY - VTD 2,119635166.192356,Berkeley,015,Cross,Berkeley - Cross,BERKELEY - CROSS,183076.978623,0.001530,2
015,Berkeley,VTD 5,450155,Berkeley - VTD 5,BERKELEY - VTD 5,116594036.160371,Berkeley,015,St. Stephen No. 1,Berkeley - St. Stephen No. 1,BERKELEY - ST. STEPHEN NO. 1,65348185.228992,0.560476,1
015,Berkeley,VTD 5,450155,Berkeley - VTD 5,BERKELEY - VTD 5,116594036.160371,Berkeley,015,St. Stephen No. 2,Berkeley - St. Stephen No. 2,BERKELEY - ST. STEPHEN NO. 2,50415401.381677,0.432401,2
015,Berkeley,VTD 5,450155,Berkeley - VTD 5,BERKELEY - VTD 5,116594036.160371,Berkeley,015,Russelville,Berkeley - Russelville,BERKELEY - RUSSELVILLE,694320.574552,0.005955,3
015,Berkeley,VTD 5,450155,Berkeley - VTD 5,BERKELEY - VTD 5,116594036.160371,Berkeley,015,Bonneau,Berkeley - Bonneau,BERKELEY - BONNEAU,86464.167006,0.000742,4
015,Berkeley,VTD 5,450155,Berkeley - VTD 5,BERKELEY - VTD 5,116594036.160371,Berkeley,015,Alvin,Berkeley - Alvin,BERKELEY - ALVIN,49658.543671,0.000426,5
015,Berkeley,VTD 6,450156,Berkeley - VTD 6,BERKELEY - VTD 6,100235926.521039,Berkeley,015,Alvin,Berkeley - Alvin,BERKELEY - ALVIN,93603255.139488,0.933829,1
015,Berkeley,VTD 6,450156,Berkeley - VTD 6,BERKELEY - VTD 6,100235926.521039,Berkeley,015,St. Stephen No. 1,Berkeley - St. Stephen No. 1,BERKELEY - ST. STEPHEN NO. 1,6508574.072101,0.064933,2
015,Berkeley,VTD 6,450156,Berkeley - VTD 6,BERKELEY - VTD 6,100235926.521039,Berkeley,015,St. Stephen No. 2,Berkeley - St. Stephen No. 2,BERKELEY - ST. STEPHEN NO. 2,124086.366914,0.001238,3
015,Berkeley,VTD 7,450157,Berkeley - VTD 7,BERKELEY - VTD 7,147914929.384476,Berkeley,015,Macedonia,Berkeley - Macedonia,BERKELEY - MACEDONIA,147597352.041949,0.997853,1
015,Berkeley,VTD 7,450157,Berkeley - VTD 7,BERKELEY - VTD 7,147914929.384476,Berkeley,015,Bonneau,Berkeley - Bonneau,BERKELEY - BONNEAU,317569.070897,0.002147,2
015,Berkeley,VTD 22,4501522,Berkeley - VTD 22,BERKELEY - VTD 22,71745802.805612,Berkeley,015,Whitesville-Berkeley,Berkeley - Whitesville-Berkeley,BERKELEY - WHITESVILLE-BERKELEY,59841311.867518,0.834074,1
015,Berkeley,VTD 22,4501522,Berkeley - VTD 22,BERKELEY - VTD 22,71745802.805612,Berkeley,015,Moncks Corner No. 4,Berkeley - Moncks Corner No. 4,BERKELEY - MONCKS CORNER NO. 4,6923504.689283,0.096500,2
015,Berkeley,VTD 22,4501522,Berkeley - VTD 22,BERKELEY - VTD 22,71745802.805612,Berkeley,015,Carnes Crossroads No. 1,Berkeley - Carnes Crossroads No. 1,BERKELEY - CARNES CROSSROADS NO. 1,4937768.543004,0.068823,3
015,Berkeley,VTD 22,4501522,Berkeley - VTD 22,BERKELEY - VTD 22,71745802.805612,Berkeley,015,Pimlico,Berkeley - Pimlico,BERKELEY - PIMLICO,30768.043195,0.000429,4
015,Berkeley,VTD 22,4501522,Berkeley - VTD 22,BERKELEY - VTD 22,71745802.805612,Berkeley,015,Boulder Bluff No. 2,Berkeley - Boulder Bluff No. 2,BERKELEY - BOULDER BLUFF NO. 2,12449.502264,0.000174,5
015,Berkeley,VTD 3,450153,Berkeley - VTD 3,BERKELEY - VTD 3,199552743.519964,Berkeley,015,Russelville,Berkeley - Russelville,BERKELEY - RUSSELVILLE,159901826.922991,0.801301,1
015,Berkeley,VTD 3,450153,Berkeley - VTD 3,BERKELEY - VTD 3,199552743.519964,Berkeley,015,Eadytown,Berkeley - Eadytown,BERKELEY - EADYTOWN,37537055.886006,0.188106,2
015,Berkeley,VTD 3,450153,Berkeley - VTD 3,BERKELEY - VTD 3,199552743.519964,Berkeley,015,Bonneau Beach,Berkeley - Bonneau Beach,BERKELEY - BONNEAU BEACH,2035918.081402,0.010202,3
015,Berkeley,VTD 3,450153,Berkeley - VTD 3,BERKELEY - VTD 3,199552743.519964,Berkeley,015,St. Stephen No. 1,Berkeley - St. Stephen No. 1,BERKELEY - ST. STEPHEN NO. 1,77915.613982,0.000390,4
015,Berkeley,VTD 4,450154,Berkeley - VTD 4,BERKELEY - VTD 4,86099438.350260,Berkeley,015,Bonneau,Berkeley - Bonneau,BERKELEY - BONNEAU,49492431.953471,0.574829,1
015,Berkeley,VTD 4,450154,Berkeley - VTD 4,BERKELEY - VTD 4,86099438.350260,Berkeley,015,Bonneau Beach,Berkeley - Bonneau Beach,BERKELEY - BONNEAU BEACH,32049210.171255,0.372235,2
015,Berkeley,VTD 4,450154,Berkeley - VTD 4,BERKELEY - VTD 4,86099438.350260,Berkeley,015,Macbeth,Berkeley - Macbeth,BERKELEY - MACBETH,4553824.008689,0.052890,3
015,Berkeley,VTD 13,4501513,Berkeley - VTD 13,BERKELEY - VTD 13,69598390.955303,Berkeley,015,Lebanon,Berkeley - Lebanon,BERKELEY - LEBANON,69194154.132524,0.994192,1
015,Berkeley,VTD 13,4501513,Berkeley - VTD 13,BERKELEY - VTD 13,69598390.955303,Berkeley,015,Hilton Cross Roads,Berkeley - Hilton Cross Roads,BERKELEY - HILTON CROSS ROADS,404235.929613,0.005808,2
015,Berkeley,VTD 8,450158,Berkeley - VTD 8,BERKELEY - VTD 8,144513708.506655,Berkeley,015,Jamestown,Berkeley - Jamestown,BERKELEY - JAMESTOWN,138979200.061836,0.961703,1
015,Berkeley,VTD 8,450158,Berkeley - VTD 8,BERKELEY - VTD 8,144513708.506655,Berkeley,015,Shulerville,Berkeley - Shulerville,BERKELEY - SHULERVILLE,5534486.592561,0.038297,2
015,Berkeley,VTD 10,4501510,Berkeley - VTD 10,BERKELEY - VTD 10,147755878.609507,Berkeley,015,Pinopolis,Berkeley - Pinopolis,BERKELEY - PINOPOLIS,135151659.244393,0.914696,1
015,Berkeley,VTD 10,4501510,Berkeley - VTD 10,BERKELEY - VTD 10,147755878.609507,Berkeley,015,Cross,Berkeley - Cross,BERKELEY - CROSS,12206170.176685,0.082610,2
015,Berkeley,VTD 10,4501510,Berkeley - VTD 10,BERKELEY - VTD 10,147755878.609507,Berkeley,015,Whitesville-Berkeley,Berkeley - Whitesville-Berkeley,BERKELEY - WHITESVILLE-BERKELEY,284269.853376,0.001924,3
015,Berkeley,VTD 10,4501510,Berkeley - VTD 10,BERKELEY - VTD 10,147755878.609507,Berkeley,015,Wassamassaw No. 1,Berkeley - Wassamassaw No. 1,BERKELEY - WASSAMASSAW NO. 1,113776.190198,0.000770,4
015,Berkeley,VTD 14,4501514,Berkeley - VTD 14,BERKELEY - VTD 14,136974587.334310,Berkeley,015,Wassamassaw No. 2,Berkeley - Wassamassaw No. 2,BERKELEY - WASSAMASSAW NO. 2,74918586.248881,0.546952,1
015,Berkeley,VTD 14,4501514,Berkeley - VTD 14,BERKELEY - VTD 14,136974587.334310,Berkeley,015,Wassamassaw No. 1,Berkeley - Wassamassaw No. 1,BERKELEY - WASSAMASSAW NO. 1,60469121.129288,0.441462,2
015,Berkeley,VTD 14,4501514,Berkeley - VTD 14,BERKELEY - VTD 14,136974587.334310,Berkeley,015,Carnes Crossroads No. 2,Berkeley - Carnes Crossroads No. 2,BERKELEY - CARNES CROSSROADS NO. 2,1492976.528025,0.010900,3
015,Berkeley,VTD 14,4501514,Berkeley - VTD 14,BERKELEY - VTD 14,136974587.334310,Berkeley,015,Pinopolis,Berkeley - Pinopolis,BERKELEY - PINOPOLIS,93438.588765,0.000682,4
015,Berkeley,VTD 11,4501511,Berkeley - VTD 11,BERKELEY - VTD 11,30437783.944587,Berkeley,015,Moncks Corner No. 1,Berkeley - Moncks Corner No. 1,BERKELEY - MONCKS CORNER NO. 1,24216537.541762,0.795608,1
015,Berkeley,VTD 11,4501511,Berkeley - VTD 11,BERKELEY - VTD 11,30437783.944587,Berkeley,015,Pinopolis,Berkeley - Pinopolis,BERKELEY - PINOPOLIS,6198545.524997,0.203646,2
015,Berkeley,VTD 11,4501511,Berkeley - VTD 11,BERKELEY - VTD 11,30437783.944587,Berkeley,015,Moncks Corner No. 4,Berkeley - Moncks Corner No. 4,BERKELEY - MONCKS CORNER NO. 4,21027.099451,0.000691,3
015,Berkeley,VTD 15,4501515,Berkeley - VTD 15,BERKELEY - VTD 15,10079661.896421,Berkeley,015,Moncks Corner No. 2,Berkeley - Moncks Corner No. 2,BERKELEY - MONCKS CORNER NO. 2,10078827.735758,0.999917,1
015,Berkeley,VTD 12,4501512,Berkeley - VTD 12,BERKELEY - VTD 12,36148776.661334,Berkeley,015,Macbeth,Berkeley - Macbeth,BERKELEY - MACBETH,32940610.726734,0.911251,1
015,Berkeley,VTD 12,4501512,Berkeley - VTD 12,BERKELEY - VTD 12,36148776.661334,Berkeley,015,Bonneau Beach,Berkeley - Bonneau Beach,BERKELEY - BONNEAU BEACH,3208161.163819,0.088749,2
015,Berkeley,VTD 9,450159,Berkeley - VTD 9,BERKELEY - VTD 9,158724240.617650,Berkeley,015,Hilton Cross Roads,Berkeley - Hilton Cross Roads,BERKELEY - HILTON CROSS ROADS,158112759.425147,0.996148,1
015,Berkeley,VTD 9,450159,Berkeley - VTD 9,BERKELEY - VTD 9,158724240.617650,Berkeley,015,Cross,Berkeley - Cross,BERKELEY - CROSS,611471.674991,0.003852,2
015,Berkeley,VTD 21,4501521,Berkeley - VTD 21,BERKELEY - VTD 21,57728638.987887,Berkeley,015,Carnes Crossroads No. 1,Berkeley - Carnes Crossroads No. 1,BERKELEY - CARNES CROSSROADS NO. 1,33160177.002191,0.574415,1
015,Berkeley,VTD 21,4501521,Berkeley - VTD 21,BERKELEY - VTD 21,57728638.987887,Berkeley,015,Carnes Crossroads No. 2,Berkeley - Carnes Crossroads No. 2,BERKELEY - CARNES CROSSROADS NO. 2,21872313.136142,0.378881,2
015,Berkeley,VTD 21,4501521,Berkeley - VTD 21,BERKELEY - VTD 21,57728638.987887,Berkeley,015,Whitesville-Berkeley,Berkeley - Whitesville-Berkeley,BERKELEY - WHITESVILLE-BERKELEY,2438599.727414,0.042242,3
015,Berkeley,VTD 21,4501521,Berkeley - VTD 21,BERKELEY - VTD 21,57728638.987887,Berkeley,015,Wassamassaw No. 2,Berkeley - Wassamassaw No. 2,BERKELEY - WASSAMASSAW NO. 2,110921.039048,0.001921,4
015,Berkeley,VTD 21,4501521,Berkeley - VTD 21,BERKELEY - VTD 21,57728638.987887,Berkeley,015,Devon Forest No. 1,Berkeley - Devon Forest No. 1,BERKELEY - DEVON FOREST NO. 1,62787.691329,0.001088,5
015,Berkeley,VTD 21,4501521,Berkeley - VTD 21,BERKELEY - VTD 21,57728638.987887,Berkeley,015,Boulder Bluff No. 2,Berkeley - Boulder Bluff No. 2,BERKELEY - BOULDER BLUFF NO. 2,39761.713149,0.000689,6
015,Berkeley,VTD 21,4501521,Berkeley - VTD 21,BERKELEY - VTD 21,57728638.987887,Berkeley,015,Boulder Bluff No. 1,Berkeley - Boulder Bluff No. 1,BERKELEY - BOULDER BLUFF NO. 1,31545.669253,0.000546,7
015,Berkeley,VTD 21,4501521,Berkeley - VTD 21,BERKELEY - VTD 21,57728638.987887,Berkeley,015,Wassamassaw No. 1,Berkeley - Wassamassaw No. 1,BERKELEY - WASSAMASSAW NO. 1,6911.604684,0.000120,8
015,Berkeley,VTD 20,4501520,Berkeley - VTD 20,BERKELEY - VTD 20,187410723.350056,Berkeley,015,Shulerville,Berkeley - Shulerville,BERKELEY - SHULERVILLE,186234057.957915,0.993721,1
015,Berkeley,VTD 20,4501520,Berkeley - VTD 20,BERKELEY - VTD 20,187410723.350056,Berkeley,015,Huger,Berkeley - Huger,BERKELEY - HUGER,1176647.209278,0.006278,2
015,Berkeley,VTD 23,4501523,Berkeley - VTD 23,BERKELEY - VTD 23,79931605.835650,Berkeley,015,Pimlico,Berkeley - Pimlico,BERKELEY - PIMLICO,78411407.873657,0.980981,1
015,Berkeley,VTD 23,4501523,Berkeley - VTD 23,BERKELEY - VTD 23,79931605.835650,Berkeley,015,Whitesville-Berkeley,Berkeley - Whitesville-Berkeley,BERKELEY - WHITESVILLE-BERKELEY,795842.865091,0.009957,2
015,Berkeley,VTD 23,4501523,Berkeley - VTD 23,BERKELEY - VTD 23,79931605.835650,Berkeley,015,Boulder Bluff No. 2,Berkeley - Boulder Bluff No. 2,BERKELEY - BOULDER BLUFF NO. 2,724355.096902,0.009062,3
015,Berkeley,VTD 24,4501524,Berkeley - VTD 24,BERKELEY - VTD 24,245538147.821328,Berkeley,015,Huger,Berkeley - Huger,BERKELEY - HUGER,245532827.970009,0.999978,1
015,Berkeley,VTD 19,4501519,Berkeley - VTD 19,BERKELEY - VTD 19,136662772.374768,Berkeley,015,Bethera,Berkeley - Bethera,BERKELEY - BETHERA,134284635.112134,0.982598,1
015,Berkeley,VTD 19,4501519,Berkeley - VTD 19,BERKELEY - VTD 19,136662772.374768,Berkeley,015,Macedonia,Berkeley - Macedonia,BERKELEY - MACEDONIA,2353079.618884,0.017218,2
015,Berkeley,VTD 19,4501519,Berkeley - VTD 19,BERKELEY - VTD 19,136662772.374768,Berkeley,015,Huger,Berkeley - Huger,BERKELEY - HUGER,25056.981539,0.000183,3
015,Berkeley,VTD 25,4501525,Berkeley - VTD 25,BERKELEY - VTD 25,2901392.354968,Berkeley,015,Sangree No. 3,Berkeley - Sangree No. 3,BERKELEY - SANGREE NO. 3,2778668.954685,0.957702,1
015,Berkeley,VTD 25,4501525,Berkeley - VTD 25,BERKELEY - VTD 25,2901392.354968,Berkeley,015,Sangree No. 2,Berkeley - Sangree No. 2,BERKELEY - SANGREE NO. 2,122718.006371,0.042296,2
015,Berkeley,VTD 18,4501518,Berkeley - VTD 18,BERKELEY - VTD 18,175976559.465176,Berkeley,015,Cordesville,Berkeley - Cordesville,BERKELEY - CORDESVILLE,175236119.680655,0.995792,1
015,Berkeley,VTD 18,4501518,Berkeley - VTD 18,BERKELEY - VTD 18,175976559.465176,Berkeley,015,Pimlico,Berkeley - Pimlico,BERKELEY - PIMLICO,529725.187391,0.003010,2
015,Berkeley,VTD 18,4501518,Berkeley - VTD 18,BERKELEY - VTD 18,175976559.465176,Berkeley,015,Macbeth,Berkeley - Macbeth,BERKELEY - MACBETH,210714.597130,0.001197,3
015,Berkeley,VTD 17,4501517,Berkeley - VTD 17,BERKELEY - VTD 17,14369105.306459,Berkeley,015,Moncks Corner No. 4,Berkeley - Moncks Corner No. 4,BERKELEY - MONCKS CORNER NO. 4,14365268.710622,0.999733,1
015,Berkeley,VTD 17,4501517,Berkeley - VTD 17,BERKELEY - VTD 17,14369105.306459,Berkeley,015,Moncks Corner No. 3,Berkeley - Moncks Corner No. 3,BERKELEY - MONCKS CORNER NO. 3,3274.341225,0.000228,2
015,Berkeley,VTD 16,4501516,Berkeley - VTD 16,BERKELEY - VTD 16,6563536.685490,Berkeley,015,Moncks Corner No. 3,Berkeley - Moncks Corner No. 3,BERKELEY - MONCKS CORNER NO. 3,6476805.515004,0.986786,1
015,Berkeley,VTD 16,4501516,Berkeley - VTD 16,BERKELEY - VTD 16,6563536.685490,Berkeley,015,Whitesville-Berkeley,Berkeley - Whitesville-Berkeley,BERKELEY - WHITESVILLE-BERKELEY,81063.582706,0.012351,2
015,Berkeley,VTD 16,4501516,Berkeley - VTD 16,BERKELEY - VTD 16,6563536.685490,Berkeley,015,Moncks Corner No. 4,Berkeley - Moncks Corner No. 4,BERKELEY - MONCKS CORNER NO. 4,2855.675236,0.000435,3
015,Berkeley,VTD 16,4501516,Berkeley - VTD 16,BERKELEY - VTD 16,6563536.685490,Berkeley,015,Moncks Corner No. 1,Berkeley - Moncks Corner No. 1,BERKELEY - MONCKS CORNER NO. 1,2811.695320,0.000428,4
015,Berkeley,VTD 26,4501526,Berkeley - VTD 26,BERKELEY - VTD 26,2590012.651118,Berkeley,015,Sangree No. 2,Berkeley - Sangree No. 2,BERKELEY - SANGREE NO. 2,2590012.262620,1.000000,1
015,Berkeley,VTD 31,4501531,Berkeley - VTD 31,BERKELEY - VTD 31,3927358.734729,Berkeley,015,Stratford No. 1,Berkeley - Stratford No. 1,BERKELEY - STRATFORD NO. 1,2640075.274569,0.672227,1
015,Berkeley,VTD 31,4501531,Berkeley - VTD 31,BERKELEY - VTD 31,3927358.734729,Berkeley,015,Sangree No. 1,Berkeley - Sangree No. 1,BERKELEY - SANGREE NO. 1,1287274.893372,0.327771,2
015,Berkeley,VTD 27,4501527,Berkeley - VTD 27,BERKELEY - VTD 27,6789049.832610,Berkeley,015,Sangree No. 1,Berkeley - Sangree No. 1,BERKELEY - SANGREE NO. 1,6232344.668516,0.918000,1
015,Berkeley,VTD 27,4501527,Berkeley - VTD 27,BERKELEY - VTD 27,6789049.832610,Berkeley,015,Stratford No. 4,Berkeley - Stratford No. 4,BERKELEY - STRATFORD NO. 4,455168.807418,0.067045,2
015,Berkeley,VTD 27,4501527,Berkeley - VTD 27,BERKELEY - VTD 27,6789049.832610,Berkeley,015,Sangree No. 3,Berkeley - Sangree No. 3,BERKELEY - SANGREE NO. 3,68724.816050,0.010123,3
015,Berkeley,VTD 27,4501527,Berkeley - VTD 27,BERKELEY - VTD 27,6789049.832610,Berkeley,015,Sangree No. 2,Berkeley - Sangree No. 2,BERKELEY - SANGREE NO. 2,32475.336645,0.004783,4
015,Berkeley,VTD 32,4501532,Berkeley - VTD 32,BERKELEY - VTD 32,2320767.278831,Berkeley,015,Westview No. 1,Berkeley - Westview No. 1,BERKELEY - WESTVIEW NO. 1,2035302.183316,0.876995,1
015,Berkeley,VTD 32,4501532,Berkeley - VTD 32,BERKELEY - VTD 32,2320767.278831,Berkeley,015,Devon Forest No. 2,Berkeley - Devon Forest No. 2,BERKELEY - DEVON FOREST NO. 2,285464.924518,0.123005,2
015,Berkeley,VTD 30,4501530,Berkeley - VTD 30,BERKELEY - VTD 30,5385390.907962,Berkeley,015,Stratford No. 4,Berkeley - Stratford No. 4,BERKELEY - STRATFORD NO. 4,3179979.506222,0.590483,1
015,Berkeley,VTD 30,4501530,Berkeley - VTD 30,BERKELEY - VTD 30,5385390.907962,Berkeley,015,Stratford No. 3,Berkeley - Stratford No. 3,BERKELEY - STRATFORD NO. 3,2118913.295216,0.393456,2
015,Berkeley,VTD 30,4501530,Berkeley - VTD 30,BERKELEY - VTD 30,5385390.907962,Berkeley,015,Stratford No. 1,Berkeley - Stratford No. 1,BERKELEY - STRATFORD NO. 1,84539.947883,0.015698,3
015,Berkeley,VTD 30,4501530,Berkeley - VTD 30,BERKELEY - VTD 30,5385390.907962,Berkeley,015,Sangree No. 1,Berkeley - Sangree No. 1,BERKELEY - SANGREE NO. 1,1957.706446,0.000364,4
015,Berkeley,VTD 40,4501540,Berkeley - VTD 40,BERKELEY - VTD 40,2917524.162000,Berkeley,015,Goose Creek No. 1,Berkeley - Goose Creek No. 1,BERKELEY - GOOSE CREEK NO. 1,2917521.819166,0.999999,1
015,Berkeley,VTD 38,4501538,Berkeley - VTD 38,BERKELEY - VTD 38,6876742.102734,Berkeley,015,Howe Hall,Berkeley - Howe Hall,BERKELEY - HOWE HALL,6751303.092135,0.981759,1
015,Berkeley,VTD 38,4501538,Berkeley - VTD 38,BERKELEY - VTD 38,6876742.102734,Berkeley,015,Westview No. 3,Berkeley - Westview No. 3,BERKELEY - WESTVIEW NO. 3,102001.385301,0.014833,2
015,Berkeley,VTD 38,4501538,Berkeley - VTD 38,BERKELEY - VTD 38,6876742.102734,Berkeley,015,Goose Creek No. 1,Berkeley - Goose Creek No. 1,BERKELEY - GOOSE CREEK NO. 1,12572.560316,0.001828,3
015,Berkeley,VTD 38,4501538,Berkeley - VTD 38,BERKELEY - VTD 38,6876742.102734,Berkeley,015,Hanahan No. 1,Berkeley - Hanahan No. 1,BERKELEY - HANAHAN NO. 1,5769.718285,0.000839,4
015,Berkeley,VTD 38,4501538,Berkeley - VTD 38,BERKELEY - VTD 38,6876742.102734,Berkeley,015,Goose Creek No. 2,Berkeley - Goose Creek No. 2,BERKELEY - GOOSE CREEK NO. 2,4132.607051,0.000601,5
015,Berkeley,VTD 38,4501538,Berkeley - VTD 38,BERKELEY - VTD 38,6876742.102734,Berkeley,015,Foster Creek,Berkeley - Foster Creek,BERKELEY - FOSTER CREEK,962.739646,0.000140,6
015,Berkeley,VTD 44,4501544,Berkeley - VTD 44,BERKELEY - VTD 44,4418637.022964,Berkeley,015,Hanahan No. 2,Berkeley - Hanahan No. 2,BERKELEY - HANAHAN NO. 2,3707714.520916,0.839108,1
015,Berkeley,VTD 44,4501544,Berkeley - VTD 44,BERKELEY - VTD 44,4418637.022964,Berkeley,015,Hanahan No. 1,Berkeley - Hanahan No. 1,BERKELEY - HANAHAN NO. 1,668261.920823,0.151237,2
015,Berkeley,VTD 44,4501544,Berkeley - VTD 44,BERKELEY - VTD 44,4418637.022964,Berkeley,015,Foster Creek,Berkeley - Foster Creek,BERKELEY - FOSTER CREEK,24121.836245,0.005459,3
015,Berkeley,VTD 44,4501544,Berkeley - VTD 44,BERKELEY - VTD 44,4418637.022964,Berkeley,015,Hanahan No. 3,Berkeley - Hanahan No. 3,BERKELEY - HANAHAN NO. 3,18538.744980,0.004196,4
015,Berkeley,VTD 46,4501546,Berkeley - VTD 46,BERKELEY - VTD 46,10886404.188018,Berkeley,015,Hanahan No. 4,Berkeley - Hanahan No. 4,BERKELEY - HANAHAN NO. 4,10886403.492920,1.000000,1
015,Berkeley,VTD 43,4501543,Berkeley - VTD 43,BERKELEY - VTD 43,40939654.914335,Berkeley,015,Goose Creek No. 1,Berkeley - Goose Creek No. 1,BERKELEY - GOOSE CREEK NO. 1,40939654.489082,1.000000,1
015,Berkeley,VTD 45,4501545,Berkeley - VTD 45,BERKELEY - VTD 45,2881129.669700,Berkeley,015,Hanahan No. 3,Berkeley - Hanahan No. 3,BERKELEY - HANAHAN NO. 3,2843669.930388,0.986998,1
015,Berkeley,VTD 45,4501545,Berkeley - VTD 45,BERKELEY - VTD 45,2881129.669700,Berkeley,015,Hanahan No. 2,Berkeley - Hanahan No. 2,BERKELEY - HANAHAN NO. 2,37459.485166,0.013002,2
015,Berkeley,VTD 42,4501542,Berkeley - VTD 42,BERKELEY - VTD 42,14303582.980754,Berkeley,015,Foster Creek,Berkeley - Foster Creek,BERKELEY - FOSTER CREEK,11133561.970338,0.778376,1
015,Berkeley,VTD 42,4501542,Berkeley - VTD 42,BERKELEY - VTD 42,14303582.980754,Berkeley,015,Goose Creek No. 2,Berkeley - Goose Creek No. 2,BERKELEY - GOOSE CREEK NO. 2,2886187.423015,0.201781,2
015,Berkeley,VTD 42,4501542,Berkeley - VTD 42,BERKELEY - VTD 42,14303582.980754,Berkeley,015,Goose Creek No. 1,Berkeley - Goose Creek No. 1,BERKELEY - GOOSE CREEK NO. 1,141822.886251,0.009915,3
015,Berkeley,VTD 42,4501542,Berkeley - VTD 42,BERKELEY - VTD 42,14303582.980754,Berkeley,015,Hanahan No. 1,Berkeley - Hanahan No. 1,BERKELEY - HANAHAN NO. 1,128066.558541,0.008953,4
015,Berkeley,VTD 42,4501542,Berkeley - VTD 42,BERKELEY - VTD 42,14303582.980754,Berkeley,015,Hanahan No. 2,Berkeley - Hanahan No. 2,BERKELEY - HANAHAN NO. 2,13944.142610,0.000975,5
015,Berkeley,VTD 41,4501541,Berkeley - VTD 41,BERKELEY - VTD 41,2872336.660495,Berkeley,015,Hanahan No. 1,Berkeley - Hanahan No. 1,BERKELEY - HANAHAN NO. 1,2783495.152401,0.969070,1
015,Berkeley,VTD 41,4501541,Berkeley - VTD 41,BERKELEY - VTD 41,2872336.660495,Berkeley,015,Foster Creek,Berkeley - Foster Creek,BERKELEY - FOSTER CREEK,76857.811771,0.026758,2
015,Berkeley,VTD 41,4501541,Berkeley - VTD 41,BERKELEY - VTD 41,2872336.660495,Berkeley,015,Howe Hall,Berkeley - Howe Hall,BERKELEY - HOWE HALL,11982.823874,0.004172,3
015,Berkeley,VTD 37,4501537,Berkeley - VTD 37,BERKELEY - VTD 37,65027147.091844,Berkeley,015,Boulder Bluff No. 2,Berkeley - Boulder Bluff No. 2,BERKELEY - BOULDER BLUFF NO. 2,65027145.231427,1.000000,1
015,Berkeley,VTD 33,4501533,Berkeley - VTD 33,BERKELEY - VTD 33,4840925.283605,Berkeley,015,Boulder Bluff No. 1,Berkeley - Boulder Bluff No. 1,BERKELEY - BOULDER BLUFF NO. 1,4746859.570381,0.980569,1
015,Berkeley,VTD 33,4501533,Berkeley - VTD 33,BERKELEY - VTD 33,4840925.283605,Berkeley,015,Boulder Bluff No. 2,Berkeley - Boulder Bluff No. 2,BERKELEY - BOULDER BLUFF NO. 2,63005.702260,0.013015,2
015,Berkeley,VTD 33,4501533,Berkeley - VTD 33,BERKELEY - VTD 33,4840925.283605,Berkeley,015,Carnes Crossroads No. 1,Berkeley - Carnes Crossroads No. 1,BERKELEY - CARNES CROSSROADS NO. 1,31060.010963,0.006416,3
015,Berkeley,VTD 1,450151,Berkeley - VTD 1,BERKELEY - VTD 1,237515490.530594,Berkeley,015,Cross,Berkeley - Cross,BERKELEY - CROSS,234681448.031565,0.988068,1
015,Berkeley,VTD 1,450151,Berkeley - VTD 1,BERKELEY - VTD 1,237515490.530594,Berkeley,015,Hilton Cross Roads,Berkeley - Hilton Cross Roads,BERKELEY - HILTON CROSS ROADS,2831856.817770,0.011923,2
015,Berkeley,VTD 28,4501528,Berkeley - VTD 28,BERKELEY - VTD 28,7259391.927911,Berkeley,015,Devon Forest No. 2,Berkeley - Devon Forest No. 2,BERKELEY - DEVON FOREST NO. 2,3056495.295601,0.421040,1
015,Berkeley,VTD 28,4501528,Berkeley - VTD 28,BERKELEY - VTD 28,7259391.927911,Berkeley,015,Stratford No. 1,Berkeley - Stratford No. 1,BERKELEY - STRATFORD NO. 1,2233476.554214,0.307667,2
015,Berkeley,VTD 28,4501528,Berkeley - VTD 28,BERKELEY - VTD 28,7259391.927911,Berkeley,015,Devon Forest No. 1,Berkeley - Devon Forest No. 1,BERKELEY - DEVON FOREST NO. 1,1969420.031434,0.271293,3
015,Berkeley,VTD 29,4501529,Berkeley - VTD 29,BERKELEY - VTD 29,261873873.313257,Berkeley,015,Cainhoy,Berkeley - Cainhoy,BERKELEY - CAINHOY,191272053.930125,0.730398,1
015,Berkeley,VTD 29,4501529,Berkeley - VTD 29,BERKELEY - VTD 29,261873873.313257,Berkeley,015,Daniel Island No. 1,Berkeley - Daniel Island No. 1,BERKELEY - DANIEL ISLAND NO. 1,44912804.842047,0.171505,2
015,Berkeley,VTD 29,4501529,Berkeley - VTD 29,BERKELEY - VTD 29,261873873.313257,Berkeley,015,Daniel Island No. 2,Berkeley - Daniel Island No. 2,BERKELEY - DANIEL ISLAND NO. 2,25667281.130663,0.098014,3
015,Berkeley,VTD 35,4501535,Berkeley - VTD 35,BERKELEY - VTD 35,3190992.339570,Berkeley,015,Westview No. 2,Berkeley - Westview No. 2,BERKELEY - WESTVIEW NO. 2,2890186.301089,0.905733,1
015,Berkeley,VTD 35,4501535,Berkeley - VTD 35,BERKELEY - VTD 35,3190992.339570,Berkeley,015,Westview No. 3,Berkeley - Westview No. 3,BERKELEY - WESTVIEW NO. 3,249294.798709,0.078125,2
015,Berkeley,VTD 35,4501535,Berkeley - VTD 35,BERKELEY - VTD 35,3190992.339570,Berkeley,015,Stratford No. 2,Berkeley - Stratford No. 2,BERKELEY - STRATFORD NO. 2,44965.190671,0.014091,3
015,Berkeley,VTD 39,4501539,Berkeley - VTD 39,BERKELEY - VTD 39,3862209.057772,Berkeley,015,Stratford No. 3,Berkeley - Stratford No. 3,BERKELEY - STRATFORD NO. 3,3795095.484402,0.982623,1
015,Berkeley,VTD 39,4501539,Berkeley - VTD 39,BERKELEY - VTD 39,3862209.057772,Berkeley,015,Stratford No. 2,Berkeley - Stratford No. 2,BERKELEY - STRATFORD NO. 2,1143.455160,0.000296,2
015,Berkeley,VTD 36,4501536,Berkeley - VTD 36,BERKELEY - VTD 36,1914417.255171,Berkeley,015,Westview No. 3,Berkeley - Westview No. 3,BERKELEY - WESTVIEW NO. 3,1840236.346557,0.961251,1
015,Berkeley,VTD 34,4501534,Berkeley - VTD 34,BERKELEY - VTD 34,5029811.134488,Berkeley,015,Stratford No. 2,Berkeley - Stratford No. 2,BERKELEY - STRATFORD NO. 2,4895513.306008,0.973300,1
015,Berkeley,VTD 34,4501534,Berkeley - VTD 34,BERKELEY - VTD 34,5029811.134488,Berkeley,015,Westview No. 2,Berkeley - Westview No. 2,BERKELEY - WESTVIEW NO. 2,108583.426458,0.021588,2
015,Berkeley,VTD 34,4501534,Berkeley - VTD 34,BERKELEY - VTD 34,5029811.134488,Berkeley,015,Stratford No. 1,Berkeley - Stratford No. 1,BERKELEY - STRATFORD NO. 1,4101.474754,0.000815,3
017,Calhoun,VTD 7,450177,Calhoun - VTD 7,CALHOUN - VTD 7,90231764.352676,Calhoun,017,Fort Motte,Calhoun - Fort Motte,CALHOUN - FORT MOTTE,89190400.236757,0.988459,1
017,Calhoun,VTD 7,450177,Calhoun - VTD 7,CALHOUN - VTD 7,90231764.352676,Calhoun,017,Lone Star,Calhoun - Lone Star,CALHOUN - LONE STAR,753088.074707,0.008346,2
017,Calhoun,VTD 7,450177,Calhoun - VTD 7,CALHOUN - VTD 7,90231764.352676,Calhoun,017,Dixie,Calhoun - Dixie,CALHOUN - DIXIE,283029.818343,0.003137,3
017,Calhoun,VTD 2,450172,Calhoun - VTD 2,CALHOUN - VTD 2,81708511.985395,Calhoun,017,Cameron,Calhoun - Cameron,CALHOUN - CAMERON,79803634.043600,0.976687,1
017,Calhoun,VTD 2,450172,Calhoun - VTD 2,CALHOUN - VTD 2,81708511.985395,Calhoun,017,Midway,Calhoun - Midway,CALHOUN - MIDWAY,1784891.351693,0.021845,2
017,Calhoun,VTD 2,450172,Calhoun - VTD 2,CALHOUN - VTD 2,81708511.985395,Calhoun,017,Creston,Calhoun - Creston,CALHOUN - CRESTON,119596.944806,0.001464,3
017,Calhoun,VTD 11,4501711,Calhoun - VTD 11,CALHOUN - VTD 11,141439215.699603,Calhoun,017,Sandy Run,Calhoun - Sandy Run,CALHOUN - SANDY RUN,141431597.417444,0.999946,1
017,Calhoun,VTD 6,450176,Calhoun - VTD 6,CALHOUN - VTD 6,30424694.065876,Calhoun,017,Fall Branch,Calhoun - Fall Branch,CALHOUN - FALL BRANCH,30424689.604427,1.000000,1
017,Calhoun,VTD 12,4501712,Calhoun - VTD 12,CALHOUN - VTD 12,82634860.575957,Calhoun,017,St. Matthews,Calhoun - St. Matthews,CALHOUN - ST. MATTHEWS,82136714.208187,0.993972,1
017,Calhoun,VTD 12,4501712,Calhoun - VTD 12,CALHOUN - VTD 12,82634860.575957,Calhoun,017,Dixie,Calhoun - Dixie,CALHOUN - DIXIE,362185.394333,0.004383,2
017,Calhoun,VTD 12,4501712,Calhoun - VTD 12,CALHOUN - VTD 12,82634860.575957,Calhoun,017,Lone Star,Calhoun - Lone Star,CALHOUN - LONE STAR,96828.671530,0.001172,3
017,Calhoun,VTD 12,4501712,Calhoun - VTD 12,CALHOUN - VTD 12,82634860.575957,Calhoun,017,Creston,Calhoun - Creston,CALHOUN - CRESTON,39131.787735,0.000474,4
017,Calhoun,VTD 10,4501710,Calhoun - VTD 10,CALHOUN - VTD 10,26842054.869229,Calhoun,017,Murph Hill,Calhoun - Murph Hill,CALHOUN - MURPH HILL,26726851.883506,0.995708,1
017,Calhoun,VTD 10,4501710,Calhoun - VTD 10,CALHOUN - VTD 10,26842054.869229,Calhoun,017,Center Hill,Calhoun - Center Hill,CALHOUN - CENTER HILL,115202.266095,0.004292,2
017,Calhoun,VTD 5,450175,Calhoun - VTD 5,CALHOUN - VTD 5,111503059.286449,Calhoun,017,Dixie,Calhoun - Dixie,CALHOUN - DIXIE,111198222.301346,0.997266,1
017,Calhoun,VTD 5,450175,Calhoun - VTD 5,CALHOUN - VTD 5,111503059.286449,Calhoun,017,Bethel,Calhoun - Bethel,CALHOUN - BETHEL,168932.896864,0.001515,2
017,Calhoun,VTD 5,450175,Calhoun - VTD 5,CALHOUN - VTD 5,111503059.286449,Calhoun,017,Murph Hill,Calhoun - Murph Hill,CALHOUN - MURPH HILL,130838.888305,0.001173,3
017,Calhoun,VTD 3,450173,Calhoun - VTD 3,CALHOUN - VTD 3,90988024.246790,Calhoun,017,Center Hill,Calhoun - Center Hill,CALHOUN - CENTER HILL,88006970.675188,0.967237,1
017,Calhoun,VTD 3,450173,Calhoun - VTD 3,CALHOUN - VTD 3,90988024.246790,Calhoun,017,Murph Hill,Calhoun - Murph Hill,CALHOUN - MURPH HILL,2981053.571602,0.032763,2
017,Calhoun,VTD 9,450179,Calhoun - VTD 9,CALHOUN - VTD 9,47125920.300577,Calhoun,017,Midway,Calhoun - Midway,CALHOUN - MIDWAY,47125917.314904,1.000000,1
017,Calhoun,VTD 1,450171,Calhoun - VTD 1,CALHOUN - VTD 1,108163067.506570,Calhoun,017,Bethel,Calhoun - Bethel,CALHOUN - BETHEL,106883482.482835,0.988170,1
017,Calhoun,VTD 1,450171,Calhoun - VTD 1,CALHOUN - VTD 1,108163067.506570,Calhoun,017,Center Hill,Calhoun - Center Hill,CALHOUN - CENTER HILL,1147332.138821,0.010607,2
017,Calhoun,VTD 1,450171,Calhoun - VTD 1,CALHOUN - VTD 1,108163067.506570,Calhoun,017,Dixie,Calhoun - Dixie,CALHOUN - DIXIE,94099.862459,0.000870,3
017,Calhoun,VTD 1,450171,Calhoun - VTD 1,CALHOUN - VTD 1,108163067.506570,Calhoun,017,Sandy Run,Calhoun - Sandy Run,CALHOUN - SANDY RUN,38151.665533,0.000353,4
017,Calhoun,VTD 8,450178,Calhoun - VTD 8,CALHOUN - VTD 8,150558578.199570,Calhoun,017,Lone Star,Calhoun - Lone Star,CALHOUN - LONE STAR,150361479.122373,0.998691,1
017,Calhoun,VTD 8,450178,Calhoun - VTD 8,CALHOUN - VTD 8,150558578.199570,Calhoun,017,Creston,Calhoun - Creston,CALHOUN - CRESTON,124078.911481,0.000824,2
017,Calhoun,VTD 8,450178,Calhoun - VTD 8,CALHOUN - VTD 8,150558578.199570,Calhoun,017,Fort Motte,Calhoun - Fort Motte,CALHOUN - FORT MOTTE,73018.265317,0.000485,3
017,Calhoun,VTD 4,450174,Calhoun - VTD 4,CALHOUN - VTD 4,54899636.267268,Calhoun,017,Creston,Calhoun - Creston,CALHOUN - CRESTON,54402397.994570,0.990943,1
017,Calhoun,VTD 4,450174,Calhoun - VTD 4,CALHOUN - VTD 4,54899636.267268,Calhoun,017,Cameron,Calhoun - Cameron,CALHOUN - CAMERON,349620.989673,0.006368,2
017,Calhoun,VTD 4,450174,Calhoun - VTD 4,CALHOUN - VTD 4,54899636.267268,Calhoun,017,Lone Star,Calhoun - Lone Star,CALHOUN - LONE STAR,147617.164570,0.002689,3
019,Charleston,VTD 90,4501990,Charleston - VTD 90,CHARLESTON - VTD 90,6889201.378802,Charleston,019,Licolnville,Charleston - Licolnville,CHARLESTON - LICOLNVILLE,6247066.123738,0.906791,1
019,Charleston,VTD 89,4501989,Charleston - VTD 89,CHARLESTON - VTD 89,6983989.456628,Charleston,019,Ladson,Charleston - Ladson,CHARLESTON - LADSON,6650285.728329,0.952219,1
019,Charleston,VTD 187,45019187,Charleston - VTD 187,CHARLESTON - VTD 187,54905108.727361,Charleston,019,St. Andrews 37,Charleston - St. Andrews 37,CHARLESTON - ST. ANDREWS 37,45640337.074695,0.831258,1
019,Charleston,VTD 187,45019187,Charleston - VTD 187,CHARLESTON - VTD 187,54905108.727361,Charleston,019,St. Andrews 36,Charleston - St. Andrews 36,CHARLESTON - ST. ANDREWS 36,7382306.061659,0.134456,2
019,Charleston,VTD 187,45019187,Charleston - VTD 187,CHARLESTON - VTD 187,54905108.727361,Charleston,019,St. Andrews 28,Charleston - St. Andrews 28,CHARLESTON - ST. ANDREWS 28,1327857.534554,0.024185,3
019,Charleston,VTD 187,45019187,Charleston - VTD 187,CHARLESTON - VTD 187,54905108.727361,Charleston,019,St. Andrews 34,Charleston - St. Andrews 34,CHARLESTON - ST. ANDREWS 34,274693.422929,0.005003,4
019,Charleston,VTD 91,4501991,Charleston - VTD 91,CHARLESTON - VTD 91,16859109.465831,Charleston,019,Deer Park 1B,Charleston - Deer Park 1B,CHARLESTON - DEER PARK 1B,15495524.750523,0.919119,1
019,Charleston,VTD 91,4501991,Charleston - VTD 91,CHARLESTON - VTD 91,16859109.465831,Charleston,019,North Charleston 30,Charleston - North Charleston 30,CHARLESTON - NORTH CHARLESTON 30,1281796.097194,0.076030,2
019,Charleston,VTD 99,4501999,Charleston - VTD 99,CHARLESTON - VTD 99,336145.407746,Charleston,019,North Charleston 24,Charleston - North Charleston 24,CHARLESTON - NORTH CHARLESTON 24,336145.407746,1.000000,1
019,Charleston,VTD 97,4501997,Charleston - VTD 97,CHARLESTON - VTD 97,341691.794860,Charleston,019,North Charleston 24,Charleston - North Charleston 24,CHARLESTON - NORTH CHARLESTON 24,341691.794860,1.000000,1
019,Charleston,VTD 102,45019102,Charleston - VTD 102,CHARLESTON - VTD 102,219824.926916,Charleston,019,North Charleston 24,Charleston - North Charleston 24,CHARLESTON - NORTH CHARLESTON 24,219824.926916,1.000000,1
019,Charleston,VTD 106,45019106,Charleston - VTD 106,CHARLESTON - VTD 106,872147.207669,Charleston,019,North Charleston 21,Charleston - North Charleston 21,CHARLESTON - NORTH CHARLESTON 21,862630.950836,0.989089,1
019,Charleston,VTD 106,45019106,Charleston - VTD 106,CHARLESTON - VTD 106,872147.207669,Charleston,019,North Charleston 22,Charleston - North Charleston 22,CHARLESTON - NORTH CHARLESTON 22,9516.256833,0.010911,2
019,Charleston,VTD 79,4501979,Charleston - VTD 79,CHARLESTON - VTD 79,845041.766501,Charleston,019,North Charleston 26,Charleston - North Charleston 26,CHARLESTON - NORTH CHARLESTON 26,845041.149122,0.999999,1
019,Charleston,VTD 76,4501976,Charleston - VTD 76,CHARLESTON - VTD 76,851624.440062,Charleston,019,North Charleston 12,Charleston - North Charleston 12,CHARLESTON - NORTH CHARLESTON 12,851624.071668,1.000000,1
019,Charleston,VTD 72,4501972,Charleston - VTD 72,CHARLESTON - VTD 72,1024512.964186,Charleston,019,North Charleston 11,Charleston - North Charleston 11,CHARLESTON - NORTH CHARLESTON 11,1024512.964186,1.000000,1
019,Charleston,VTD 77,4501977,Charleston - VTD 77,CHARLESTON - VTD 77,1168266.016228,Charleston,019,North Charleston 10,Charleston - North Charleston 10,CHARLESTON - NORTH CHARLESTON 10,1168266.016228,1.000000,1
019,Charleston,VTD 71,4501971,Charleston - VTD 71,CHARLESTON - VTD 71,8416690.397397,Charleston,019,North Charleston 9,Charleston - North Charleston 9,CHARLESTON - NORTH CHARLESTON 9,8255098.001484,0.980801,1
019,Charleston,VTD 71,4501971,Charleston - VTD 71,CHARLESTON - VTD 71,8416690.397397,Charleston,019,North Charleston 11,Charleston - North Charleston 11,CHARLESTON - NORTH CHARLESTON 11,131836.686875,0.015664,2
019,Charleston,VTD 71,4501971,Charleston - VTD 71,CHARLESTON - VTD 71,8416690.397397,Charleston,019,North Charleston 10,Charleston - North Charleston 10,CHARLESTON - NORTH CHARLESTON 10,29073.749439,0.003454,3
019,Charleston,VTD 74,4501974,Charleston - VTD 74,CHARLESTON - VTD 74,2081811.391802,Charleston,019,North Charleston 17,Charleston - North Charleston 17,CHARLESTON - NORTH CHARLESTON 17,2081810.929995,1.000000,1
019,Charleston,VTD 68,4501968,Charleston - VTD 68,CHARLESTON - VTD 68,1588352.934561,Charleston,019,North Charleston 16,Charleston - North Charleston 16,CHARLESTON - NORTH CHARLESTON 16,1588349.846812,0.999998,1
019,Charleston,VTD 73,4501973,Charleston - VTD 73,CHARLESTON - VTD 73,572476.483509,Charleston,019,North Charleston 14,Charleston - North Charleston 14,CHARLESTON - NORTH CHARLESTON 14,572473.536177,0.999995,1
019,Charleston,VTD 70,4501970,Charleston - VTD 70,CHARLESTON - VTD 70,872719.640750,Charleston,019,North Charleston 8,Charleston - North Charleston 8,CHARLESTON - NORTH CHARLESTON 8,872719.640750,1.000000,1
019,Charleston,VTD 112,45019112,Charleston - VTD 112,CHARLESTON - VTD 112,1943012.365901,Charleston,019,St. Andrews 34,Charleston - St. Andrews 34,CHARLESTON - ST. ANDREWS 34,1289781.299449,0.663805,1
019,Charleston,VTD 112,45019112,Charleston - VTD 112,CHARLESTON - VTD 112,1943012.365901,Charleston,019,St. Andrews 35,Charleston - St. Andrews 35,CHARLESTON - ST. ANDREWS 35,653229.752949,0.336194,2
019,Charleston,VTD 158,45019158,Charleston - VTD 158,CHARLESTON - VTD 158,874744.285773,Charleston,019,James Island 3,Charleston - James Island 3,CHARLESTON - JAMES ISLAND 3,874743.592384,0.999999,1
019,Charleston,VTD 107,45019107,Charleston - VTD 107,CHARLESTON - VTD 107,1116533.338959,Charleston,019,North Charleston 20,Charleston - North Charleston 20,CHARLESTON - NORTH CHARLESTON 20,1116532.093269,0.999999,1
019,Charleston,VTD 66,4501966,Charleston - VTD 66,CHARLESTON - VTD 66,4440582.009038,Charleston,019,North Charleston 3,Charleston - North Charleston 3,CHARLESTON - NORTH CHARLESTON 3,4440579.231916,0.999999,1
019,Charleston,VTD 117,45019117,Charleston - VTD 117,CHARLESTON - VTD 117,1479720.551098,Charleston,019,St. Andrews 20,Charleston - St. Andrews 20,CHARLESTON - ST. ANDREWS 20,1479717.337133,0.999998,1
019,Charleston,VTD 128,45019128,Charleston - VTD 128,CHARLESTON - VTD 128,1376276.951578,Charleston,019,St. Andrews 3,Charleston - St. Andrews 3,CHARLESTON - ST. ANDREWS 3,1364936.863144,0.991760,1
019,Charleston,VTD 128,45019128,Charleston - VTD 128,CHARLESTON - VTD 128,1376276.951578,Charleston,019,St. Andrews 11,Charleston - St. Andrews 11,CHARLESTON - ST. ANDREWS 11,11338.815900,0.008239,2
019,Charleston,VTD 43,4501943,Charleston - VTD 43,CHARLESTON - VTD 43,1071107.255748,Charleston,019,Charleston 7,Charleston - Charleston 7,CHARLESTON - CHARLESTON 7,940385.697963,0.877957,1
019,Charleston,VTD 43,4501943,Charleston - VTD 43,CHARLESTON - VTD 43,1071107.255748,Charleston,019,Charleston 8,Charleston - Charleston 8,CHARLESTON - CHARLESTON 8,130721.557785,0.122043,2
019,Charleston,VTD 26,4501926,Charleston - VTD 26,CHARLESTON - VTD 26,2040569.373474,Charleston,019,Mt. Pleasant 6,Charleston - Mt. Pleasant 6,CHARLESTON - MT. PLEASANT 6,1996083.489584,0.978199,1
019,Charleston,VTD 26,4501926,Charleston - VTD 26,CHARLESTON - VTD 26,2040569.373474,Charleston,019,Mt. Pleasant 5,Charleston - Mt. Pleasant 5,CHARLESTON - MT. PLEASANT 5,32643.792269,0.015997,2
019,Charleston,VTD 26,4501926,Charleston - VTD 26,CHARLESTON - VTD 26,2040569.373474,Charleston,019,Mt. Pleasant 4,Charleston - Mt. Pleasant 4,CHARLESTON - MT. PLEASANT 4,11840.227032,0.005802,3
019,Charleston,VTD 116,45019116,Charleston - VTD 116,CHARLESTON - VTD 116,397391.575589,Charleston,019,St. Andrews 23,Charleston - St. Andrews 23,CHARLESTON - ST. ANDREWS 23,397388.418987,0.999992,1
019,Charleston,VTD 131,45019131,Charleston - VTD 131,CHARLESTON - VTD 131,1354395.808574,Charleston,019,St. Andrews 15,Charleston - St. Andrews 15,CHARLESTON - ST. ANDREWS 15,898463.933631,0.663369,1
019,Charleston,VTD 131,45019131,Charleston - VTD 131,CHARLESTON - VTD 131,1354395.808574,Charleston,019,St. Andrews 18,Charleston - St. Andrews 18,CHARLESTON - ST. ANDREWS 18,455931.823019,0.336631,2
019,Charleston,VTD 141,45019141,Charleston - VTD 141,CHARLESTON - VTD 141,637048.751618,Charleston,019,St. Andrews 7,Charleston - St. Andrews 7,CHARLESTON - ST. ANDREWS 7,637043.521243,0.999992,1
019,Charleston,VTD 123,45019123,Charleston - VTD 123,CHARLESTON - VTD 123,431492.146271,Charleston,019,St. Andrews 13,Charleston - St. Andrews 13,CHARLESTON - ST. ANDREWS 13,431492.146271,1.000000,1
019,Charleston,VTD 59,4501959,Charleston - VTD 59,CHARLESTON - VTD 59,844116.878192,Charleston,019,North Charleston 7,Charleston - North Charleston 7,CHARLESTON - NORTH CHARLESTON 7,636360.337019,0.753877,1
019,Charleston,VTD 59,4501959,Charleston - VTD 59,CHARLESTON - VTD 59,844116.878192,Charleston,019,North Charleston 6,Charleston - North Charleston 6,CHARLESTON - NORTH CHARLESTON 6,207756.541173,0.246123,2
019,Charleston,VTD 62,4501962,Charleston - VTD 62,CHARLESTON - VTD 62,1515521.740032,Charleston,019,North Charleston 6,Charleston - North Charleston 6,CHARLESTON - NORTH CHARLESTON 6,1088834.108267,0.718455,1
019,Charleston,VTD 62,4501962,Charleston - VTD 62,CHARLESTON - VTD 62,1515521.740032,Charleston,019,North Charleston 2,Charleston - North Charleston 2,CHARLESTON - NORTH CHARLESTON 2,394661.409128,0.260413,2
019,Charleston,VTD 62,4501962,Charleston - VTD 62,CHARLESTON - VTD 62,1515521.740032,Charleston,019,North Charleston 1,Charleston - North Charleston 1,CHARLESTON - NORTH CHARLESTON 1,31776.674909,0.020967,3
019,Charleston,VTD 62,4501962,Charleston - VTD 62,CHARLESTON - VTD 62,1515521.740032,Charleston,019,Charleston 21,Charleston - Charleston 21,CHARLESTON - CHARLESTON 21,249.547728,0.000165,4
019,Charleston,VTD 125,45019125,Charleston - VTD 125,CHARLESTON - VTD 125,5817206.976525,Charleston,019,St. Andrews 12,Charleston - St. Andrews 12,CHARLESTON - ST. ANDREWS 12,5817206.555892,1.000000,1
019,Charleston,VTD 124,45019124,Charleston - VTD 124,CHARLESTON - VTD 124,1337544.343208,Charleston,019,St. Andrews 14,Charleston - St. Andrews 14,CHARLESTON - ST. ANDREWS 14,1337542.369753,0.999999,1
019,Charleston,VTD 126,45019126,Charleston - VTD 126,CHARLESTON - VTD 126,2546026.196140,Charleston,019,St. Andrews 11,Charleston - St. Andrews 11,CHARLESTON - ST. ANDREWS 11,2511689.232819,0.986514,1
019,Charleston,VTD 126,45019126,Charleston - VTD 126,CHARLESTON - VTD 126,2546026.196140,Charleston,019,St. Andrews 12,Charleston - St. Andrews 12,CHARLESTON - ST. ANDREWS 12,26439.679985,0.010385,2
019,Charleston,VTD 126,45019126,Charleston - VTD 126,CHARLESTON - VTD 126,2546026.196140,Charleston,019,St. Andrews 3,Charleston - St. Andrews 3,CHARLESTON - ST. ANDREWS 3,7897.283337,0.003102,3
019,Charleston,VTD 55,4501955,Charleston - VTD 55,CHARLESTON - VTD 55,1141830.438289,Charleston,019,Charleston 20,Charleston - Charleston 20,CHARLESTON - CHARLESTON 20,1141829.482702,0.999999,1
019,Charleston,VTD 130,45019130,Charleston - VTD 130,CHARLESTON - VTD 130,1041747.894860,Charleston,019,St. Andrews 18,Charleston - St. Andrews 18,CHARLESTON - ST. ANDREWS 18,1041747.692307,1.000000,1
019,Charleston,VTD 127,45019127,Charleston - VTD 127,CHARLESTON - VTD 127,1701017.603322,Charleston,019,St. Andrews 10,Charleston - St. Andrews 10,CHARLESTON - ST. ANDREWS 10,922931.660017,0.542576,1
019,Charleston,VTD 127,45019127,Charleston - VTD 127,CHARLESTON - VTD 127,1701017.603322,Charleston,019,St. Andrews 11,Charleston - St. Andrews 11,CHARLESTON - ST. ANDREWS 11,680377.636845,0.399983,2
019,Charleston,VTD 127,45019127,Charleston - VTD 127,CHARLESTON - VTD 127,1701017.603322,Charleston,019,St. Andrews 14,Charleston - St. Andrews 14,CHARLESTON - ST. ANDREWS 14,91289.880589,0.053668,3
019,Charleston,VTD 127,45019127,Charleston - VTD 127,CHARLESTON - VTD 127,1701017.603322,Charleston,019,St. Andrews 3,Charleston - St. Andrews 3,CHARLESTON - ST. ANDREWS 3,6418.425872,0.003773,4
019,Charleston,VTD 129,45019129,Charleston - VTD 129,CHARLESTON - VTD 129,1024844.277461,Charleston,019,St. Andrews 9,Charleston - St. Andrews 9,CHARLESTON - ST. ANDREWS 9,704210.300391,0.687139,1
019,Charleston,VTD 129,45019129,Charleston - VTD 129,CHARLESTON - VTD 129,1024844.277461,Charleston,019,St. Andrews 8,Charleston - St. Andrews 8,CHARLESTON - ST. ANDREWS 8,320630.320669,0.312858,2
019,Charleston,VTD 133,45019133,Charleston - VTD 133,CHARLESTON - VTD 133,1109660.274481,Charleston,019,St. Andrews 8,Charleston - St. Andrews 8,CHARLESTON - ST. ANDREWS 8,628460.276803,0.566354,1
019,Charleston,VTD 133,45019133,Charleston - VTD 133,CHARLESTON - VTD 133,1109660.274481,Charleston,019,St. Andrews 6,Charleston - St. Andrews 6,CHARLESTON - ST. ANDREWS 6,324466.385528,0.292402,2
019,Charleston,VTD 133,45019133,Charleston - VTD 133,CHARLESTON - VTD 133,1109660.274481,Charleston,019,St. Andrews 7,Charleston - St. Andrews 7,CHARLESTON - ST. ANDREWS 7,85668.041070,0.077202,3
019,Charleston,VTD 133,45019133,Charleston - VTD 133,CHARLESTON - VTD 133,1109660.274481,Charleston,019,St. Andrews 18,Charleston - St. Andrews 18,CHARLESTON - ST. ANDREWS 18,71065.571080,0.064043,4
019,Charleston,VTD 134,45019134,Charleston - VTD 134,CHARLESTON - VTD 134,1222215.190894,Charleston,019,St. Andrews 3,Charleston - St. Andrews 3,CHARLESTON - ST. ANDREWS 3,688187.836051,0.563066,1
019,Charleston,VTD 134,45019134,Charleston - VTD 134,CHARLESTON - VTD 134,1222215.190894,Charleston,019,St. Andrews 2,Charleston - St. Andrews 2,CHARLESTON - ST. ANDREWS 2,534027.354844,0.436934,2
019,Charleston,VTD 138,45019138,Charleston - VTD 138,CHARLESTON - VTD 138,1789067.970761,Charleston,019,St. Andrews 6,Charleston - St. Andrews 6,CHARLESTON - ST. ANDREWS 6,1789065.716128,0.999999,1
019,Charleston,VTD 48,4501948,Charleston - VTD 48,CHARLESTON - VTD 48,2803154.422089,Charleston,019,Charleston 12,Charleston - Charleston 12,CHARLESTON - CHARLESTON 12,2789658.006942,0.995185,1
019,Charleston,VTD 48,4501948,Charleston - VTD 48,CHARLESTON - VTD 48,2803154.422089,Charleston,019,Charleston 11,Charleston - Charleston 11,CHARLESTON - CHARLESTON 11,13495.542660,0.004814,2
019,Charleston,VTD 33,4501933,Charleston - VTD 33,CHARLESTON - VTD 33,1381619.579078,Charleston,019,Mt. Pleasant 14,Charleston - Mt. Pleasant 14,CHARLESTON - MT. PLEASANT 14,593311.712876,0.429432,1
019,Charleston,VTD 33,4501933,Charleston - VTD 33,CHARLESTON - VTD 33,1381619.579078,Charleston,019,Mt. Pleasant 4,Charleston - Mt. Pleasant 4,CHARLESTON - MT. PLEASANT 4,427810.627066,0.309644,2
019,Charleston,VTD 33,4501933,Charleston - VTD 33,CHARLESTON - VTD 33,1381619.579078,Charleston,019,Mt. Pleasant 13,Charleston - Mt. Pleasant 13,CHARLESTON - MT. PLEASANT 13,337444.253362,0.244238,3
019,Charleston,VTD 33,4501933,Charleston - VTD 33,CHARLESTON - VTD 33,1381619.579078,Charleston,019,Mt. Pleasant 5,Charleston - Mt. Pleasant 5,CHARLESTON - MT. PLEASANT 5,23052.030249,0.016685,4
019,Charleston,VTD 31,4501931,Charleston - VTD 31,CHARLESTON - VTD 31,1809012.380438,Charleston,019,Mt. Pleasant 18,Charleston - Mt. Pleasant 18,CHARLESTON - MT. PLEASANT 18,1522263.600221,0.841489,1
019,Charleston,VTD 31,4501931,Charleston - VTD 31,CHARLESTON - VTD 31,1809012.380438,Charleston,019,Mt. Pleasant 15,Charleston - Mt. Pleasant 15,CHARLESTON - MT. PLEASANT 15,242409.740093,0.134001,2
019,Charleston,VTD 31,4501931,Charleston - VTD 31,CHARLESTON - VTD 31,1809012.380438,Charleston,019,Mt. Pleasant 17,Charleston - Mt. Pleasant 17,CHARLESTON - MT. PLEASANT 17,44339.040123,0.024510,3
019,Charleston,VTD 53,4501953,Charleston - VTD 53,CHARLESTON - VTD 53,942178.863904,Charleston,019,Charleston 18,Charleston - Charleston 18,CHARLESTON - CHARLESTON 18,936124.027355,0.993574,1
019,Charleston,VTD 53,4501953,Charleston - VTD 53,CHARLESTON - VTD 53,942178.863904,Charleston,019,Charleston 19,Charleston - Charleston 19,CHARLESTON - CHARLESTON 19,5086.307355,0.005398,2
019,Charleston,VTD 53,4501953,Charleston - VTD 53,CHARLESTON - VTD 53,942178.863904,Charleston,019,Charleston 15,Charleston - Charleston 15,CHARLESTON - CHARLESTON 15,968.337054,0.001028,3
019,Charleston,VTD 54,4501954,Charleston - VTD 54,CHARLESTON - VTD 54,673074.763328,Charleston,019,Charleston 17,Charleston - Charleston 17,CHARLESTON - CHARLESTON 17,673073.257148,0.999998,1
019,Charleston,VTD 56,4501956,Charleston - VTD 56,CHARLESTON - VTD 56,289716.427642,Charleston,019,Charleston 19,Charleston - Charleston 19,CHARLESTON - CHARLESTON 19,274379.044712,0.947061,1
019,Charleston,VTD 56,4501956,Charleston - VTD 56,CHARLESTON - VTD 56,289716.427642,Charleston,019,Charleston 18,Charleston - Charleston 18,CHARLESTON - CHARLESTON 18,15337.382930,0.052939,2
019,Charleston,VTD 49,4501949,Charleston - VTD 49,CHARLESTON - VTD 49,300126.520980,Charleston,019,Charleston 13,Charleston - Charleston 13,CHARLESTON - CHARLESTON 13,300126.520980,1.000000,1
019,Charleston,VTD 51,4501951,Charleston - VTD 51,CHARLESTON - VTD 51,318053.466071,Charleston,019,Charleston 16,Charleston - Charleston 16,CHARLESTON - CHARLESTON 16,302194.947037,0.950139,1
019,Charleston,VTD 51,4501951,Charleston - VTD 51,CHARLESTON - VTD 51,318053.466071,Charleston,019,Charleston 14,Charleston - Charleston 14,CHARLESTON - CHARLESTON 14,15858.519034,0.049861,2
019,Charleston,VTD 88,4501988,Charleston - VTD 88,CHARLESTON - VTD 88,8724100.658794,Charleston,019,Deer Park 1B,Charleston - Deer Park 1B,CHARLESTON - DEER PARK 1B,8563817.458026,0.981628,1
019,Charleston,VTD 18,4501918,Charleston - VTD 18,CHARLESTON - VTD 18,49285886.527420,Charleston,019,Sullivans Island,Charleston - Sullivans Island,CHARLESTON - SULLIVANS ISLAND,48508580.548223,0.984229,1
019,Charleston,VTD 18,4501918,Charleston - VTD 18,CHARLESTON - VTD 18,49285886.527420,Charleston,019,Folly Beach 2,Charleston - Folly Beach 2,CHARLESTON - FOLLY BEACH 2,647965.689780,0.013147,2
019,Charleston,VTD 18,4501918,Charleston - VTD 18,CHARLESTON - VTD 18,49285886.527420,Charleston,019,James Island 5A,Charleston - James Island 5A,CHARLESTON - JAMES ISLAND 5A,108356.616012,0.002199,3
019,Charleston,VTD 18,4501918,Charleston - VTD 18,CHARLESTON - VTD 18,49285886.527420,Charleston,019,Mt. Pleasant 1,Charleston - Mt. Pleasant 1,CHARLESTON - MT. PLEASANT 1,20983.673405,0.000426,4
019,Charleston,VTD 161,45019161,Charleston - VTD 161,CHARLESTON - VTD 161,118661735.688524,Charleston,019,Folly Beach 2,Charleston - Folly Beach 2,CHARLESTON - FOLLY BEACH 2,118600581.040594,0.999485,1
019,Charleston,VTD 161,45019161,Charleston - VTD 161,CHARLESTON - VTD 161,118661735.688524,Charleston,019,Folly Beach 1,Charleston - Folly Beach 1,CHARLESTON - FOLLY BEACH 1,61154.337022,0.000515,2
019,Charleston,VTD 171,45019171,Charleston - VTD 171,CHARLESTON - VTD 171,73566897.895615,Charleston,019,St. Pauls 6,Charleston - St. Pauls 6,CHARLESTON - ST. PAULS 6,73554894.950494,0.999837,1
019,Charleston,VTD 2,450192,Charleston - VTD 2,CHARLESTON - VTD 2,254078710.024040,Charleston,019,Christ Church,Charleston - Christ Church,CHARLESTON - CHRIST CHURCH,253726523.198362,0.998614,1
019,Charleston,VTD 60,4501960,Charleston - VTD 60,CHARLESTON - VTD 60,8618207.160044,Charleston,019,Charleston 15,Charleston - Charleston 15,CHARLESTON - CHARLESTON 15,5005147.282160,0.580764,1
019,Charleston,VTD 60,4501960,Charleston - VTD 60,CHARLESTON - VTD 60,8618207.160044,Charleston,019,North Charleston 8,Charleston - North Charleston 8,CHARLESTON - NORTH CHARLESTON 8,2041149.104069,0.236841,2
019,Charleston,VTD 60,4501960,Charleston - VTD 60,CHARLESTON - VTD 60,8618207.160044,Charleston,019,North Charleston 7,Charleston - North Charleston 7,CHARLESTON - NORTH CHARLESTON 7,1571910.773814,0.182394,3
019,Charleston,VTD 4,450194,Charleston - VTD 4,CHARLESTON - VTD 4,44072862.816216,Charleston,019,Mt. Pleasant 39,Charleston - Mt. Pleasant 39,CHARLESTON - MT. PLEASANT 39,15007552.667373,0.340517,1
019,Charleston,VTD 4,450194,Charleston - VTD 4,CHARLESTON - VTD 4,44072862.816216,Charleston,019,Mt. Pleasant 35,Charleston - Mt. Pleasant 35,CHARLESTON - MT. PLEASANT 35,12967606.391112,0.294231,2
019,Charleston,VTD 4,450194,Charleston - VTD 4,CHARLESTON - VTD 4,44072862.816216,Charleston,019,Mt. Pleasant 33,Charleston - Mt. Pleasant 33,CHARLESTON - MT. PLEASANT 33,11742674.636947,0.266438,3
019,Charleston,VTD 4,450194,Charleston - VTD 4,CHARLESTON - VTD 4,44072862.816216,Charleston,019,Mt. Pleasant 34,Charleston - Mt. Pleasant 34,CHARLESTON - MT. PLEASANT 34,1916366.440539,0.043482,4
019,Charleston,VTD 4,450194,Charleston - VTD 4,CHARLESTON - VTD 4,44072862.816216,Charleston,019,Mt. Pleasant 36,Charleston - Mt. Pleasant 36,CHARLESTON - MT. PLEASANT 36,1497085.673770,0.033968,5
019,Charleston,VTD 4,450194,Charleston - VTD 4,CHARLESTON - VTD 4,44072862.816216,Charleston,019,Mt. Pleasant 31,Charleston - Mt. Pleasant 31,CHARLESTON - MT. PLEASANT 31,841882.322465,0.019102,6
019,Charleston,VTD 5,450195,Charleston - VTD 5,CHARLESTON - VTD 5,119726070.658256,Charleston,019,Mt. Pleasant 37,Charleston - Mt. Pleasant 37,CHARLESTON - MT. PLEASANT 37,96126373.458977,0.802886,1
019,Charleston,VTD 5,450195,Charleston - VTD 5,CHARLESTON - VTD 5,119726070.658256,Charleston,019,Isle of Palms 1C,Charleston - Isle of Palms 1C,CHARLESTON - ISLE OF PALMS 1C,19807907.406110,0.165444,2
019,Charleston,VTD 5,450195,Charleston - VTD 5,CHARLESTON - VTD 5,119726070.658256,Charleston,019,Mt. Pleasant 38,Charleston - Mt. Pleasant 38,CHARLESTON - MT. PLEASANT 38,3702275.125893,0.030923,3
019,Charleston,VTD 5,450195,Charleston - VTD 5,CHARLESTON - VTD 5,119726070.658256,Charleston,019,Awendaw,Charleston - Awendaw,CHARLESTON - AWENDAW,89508.640218,0.000748,4
019,Charleston,VTD 6,450196,Charleston - VTD 6,CHARLESTON - VTD 6,12614866.263925,Charleston,019,Mt. Pleasant 31,Charleston - Mt. Pleasant 31,CHARLESTON - MT. PLEASANT 31,6950588.623376,0.550984,1
019,Charleston,VTD 6,450196,Charleston - VTD 6,CHARLESTON - VTD 6,12614866.263925,Charleston,019,Mt. Pleasant 32,Charleston - Mt. Pleasant 32,CHARLESTON - MT. PLEASANT 32,5655651.094848,0.448332,2
019,Charleston,VTD 6,450196,Charleston - VTD 6,CHARLESTON - VTD 6,12614866.263925,Charleston,019,Mt. Pleasant 30,Charleston - Mt. Pleasant 30,CHARLESTON - MT. PLEASANT 30,4388.114355,0.000348,3
019,Charleston,VTD 3,450193,Charleston - VTD 3,CHARLESTON - VTD 3,322431438.557512,Charleston,019,Awendaw,Charleston - Awendaw,CHARLESTON - AWENDAW,322431423.808505,1.000000,1
019,Charleston,VTD 9,450199,Charleston - VTD 9,CHARLESTON - VTD 9,17574035.058476,Charleston,019,Mt. Pleasant 17,Charleston - Mt. Pleasant 17,CHARLESTON - MT. PLEASANT 17,9821123.839481,0.558843,1
019,Charleston,VTD 9,450199,Charleston - VTD 9,CHARLESTON - VTD 9,17574035.058476,Charleston,019,Mt. Pleasant 27,Charleston - Mt. Pleasant 27,CHARLESTON - MT. PLEASANT 27,7752910.788173,0.441157,2
019,Charleston,VTD 160,45019160,Charleston - VTD 160,CHARLESTON - VTD 160,44214201.145291,Charleston,019,James Island 1B,Charleston - James Island 1B,CHARLESTON - JAMES ISLAND 1B,32095141.548235,0.725901,1
019,Charleston,VTD 160,45019160,Charleston - VTD 160,CHARLESTON - VTD 160,44214201.145291,Charleston,019,James Island 1A,Charleston - James Island 1A,CHARLESTON - JAMES ISLAND 1A,10779890.517497,0.243811,2
019,Charleston,VTD 160,45019160,Charleston - VTD 160,CHARLESTON - VTD 160,44214201.145291,Charleston,019,Folly Beach 1,Charleston - Folly Beach 1,CHARLESTON - FOLLY BEACH 1,813068.771771,0.018389,3
019,Charleston,VTD 160,45019160,Charleston - VTD 160,CHARLESTON - VTD 160,44214201.145291,Charleston,019,Kiawah Island,Charleston - Kiawah Island,CHARLESTON - KIAWAH ISLAND,363069.660263,0.008212,4
019,Charleston,VTD 160,45019160,Charleston - VTD 160,CHARLESTON - VTD 160,44214201.145291,Charleston,019,James Island 6,Charleston - James Island 6,CHARLESTON - JAMES ISLAND 6,120282.005703,0.002720,5
019,Charleston,VTD 160,45019160,Charleston - VTD 160,CHARLESTON - VTD 160,44214201.145291,Charleston,019,Folly Beach 2,Charleston - Folly Beach 2,CHARLESTON - FOLLY BEACH 2,40548.508840,0.000917,6
019,Charleston,VTD 181,45019181,Charleston - VTD 181,CHARLESTON - VTD 181,45762415.141388,Charleston,019,St. Pauls 2B,Charleston - St. Pauls 2B,CHARLESTON - ST. PAULS 2B,45762411.081583,1.000000,1
019,Charleston,VTD 103,45019103,Charleston - VTD 103,CHARLESTON - VTD 103,2246304.741853,Charleston,019,North Charleston 23,Charleston - North Charleston 23,CHARLESTON - NORTH CHARLESTON 23,2227615.770095,0.991680,1
019,Charleston,VTD 103,45019103,Charleston - VTD 103,CHARLESTON - VTD 103,2246304.741853,Charleston,019,North Charleston 24,Charleston - North Charleston 24,CHARLESTON - NORTH CHARLESTON 24,18688.971759,0.008320,2
019,Charleston,VTD 57,4501957,Charleston - VTD 57,CHARLESTON - VTD 57,6629922.405761,Charleston,019,Charleston 21,Charleston - Charleston 21,CHARLESTON - CHARLESTON 21,5017071.822060,0.756732,1
019,Charleston,VTD 57,4501957,Charleston - VTD 57,CHARLESTON - VTD 57,6629922.405761,Charleston,019,North Charleston 1,Charleston - North Charleston 1,CHARLESTON - NORTH CHARLESTON 1,1612850.459113,0.243268,2
019,Charleston,VTD 47,4501947,Charleston - VTD 47,CHARLESTON - VTD 47,990391.184043,Charleston,019,Charleston 11,Charleston - Charleston 11,CHARLESTON - CHARLESTON 11,990391.184043,1.000000,1
019,Charleston,VTD 52,4501952,Charleston - VTD 52,CHARLESTON - VTD 52,1052359.870258,Charleston,019,Charleston 15,Charleston - Charleston 15,CHARLESTON - CHARLESTON 15,996594.874511,0.947010,1
019,Charleston,VTD 52,4501952,Charleston - VTD 52,CHARLESTON - VTD 52,1052359.870258,Charleston,019,Charleston 16,Charleston - Charleston 16,CHARLESTON - CHARLESTON 16,54046.852207,0.051358,2
019,Charleston,VTD 52,4501952,Charleston - VTD 52,CHARLESTON - VTD 52,1052359.870258,Charleston,019,Charleston 18,Charleston - Charleston 18,CHARLESTON - CHARLESTON 18,1718.143540,0.001633,3
019,Charleston,VTD 41,4501941,Charleston - VTD 41,CHARLESTON - VTD 41,792631.269406,Charleston,019,Charleston 5,Charleston - Charleston 5,CHARLESTON - CHARLESTON 5,756446.126839,0.954348,1
019,Charleston,VTD 41,4501941,Charleston - VTD 41,CHARLESTON - VTD 41,792631.269406,Charleston,019,Charleston 4,Charleston - Charleston 4,CHARLESTON - CHARLESTON 4,36184.342573,0.045651,2
019,Charleston,VTD 36,4501936,Charleston - VTD 36,CHARLESTON - VTD 36,2857226.401448,Charleston,019,Charleston 1,Charleston - Charleston 1,CHARLESTON - CHARLESTON 1,2674014.271952,0.935878,1
019,Charleston,VTD 36,4501936,Charleston - VTD 36,CHARLESTON - VTD 36,2857226.401448,Charleston,019,Charleston 2,Charleston - Charleston 2,CHARLESTON - CHARLESTON 2,183212.129496,0.064122,2
019,Charleston,VTD 45,4501945,Charleston - VTD 45,CHARLESTON - VTD 45,567686.103274,Charleston,019,Charleston 9,Charleston - Charleston 9,CHARLESTON - CHARLESTON 9,567686.030616,1.000000,1
019,Charleston,VTD 44,4501944,Charleston - VTD 44,CHARLESTON - VTD 44,2209904.356593,Charleston,019,Charleston 8,Charleston - Charleston 8,CHARLESTON - CHARLESTON 8,2209903.785294,1.000000,1
019,Charleston,VTD 46,4501946,Charleston - VTD 46,CHARLESTON - VTD 46,334802.958171,Charleston,019,Charleston 10,Charleston - Charleston 10,CHARLESTON - CHARLESTON 10,262145.454373,0.782984,1
019,Charleston,VTD 46,4501946,Charleston - VTD 46,CHARLESTON - VTD 46,334802.958171,Charleston,019,Charleston 11,Charleston - Charleston 11,CHARLESTON - CHARLESTON 11,72657.503798,0.217016,2
019,Charleston,VTD 42,4501942,Charleston - VTD 42,CHARLESTON - VTD 42,256136.541956,Charleston,019,Charleston 7,Charleston - Charleston 7,CHARLESTON - CHARLESTON 7,142878.666429,0.557822,1
019,Charleston,VTD 42,4501942,Charleston - VTD 42,CHARLESTON - VTD 42,256136.541956,Charleston,019,Charleston 5,Charleston - Charleston 5,CHARLESTON - CHARLESTON 5,113257.875527,0.442178,2
019,Charleston,VTD 143,45019143,Charleston - VTD 143,CHARLESTON - VTD 143,2601443.815651,Charleston,019,James Island 22,Charleston - James Island 22,CHARLESTON - JAMES ISLAND 22,2601441.915505,0.999999,1
019,Charleston,VTD 1,450191,Charleston - VTD 1,CHARLESTON - VTD 1,548127380.197265,Charleston,019,McClellanville,Charleston - McClellanville,CHARLESTON - MCCLELLANVILLE,548127355.032740,1.000000,1
019,Charleston,VTD 176,45019176,Charleston - VTD 176,CHARLESTON - VTD 176,271948728.237679,Charleston,019,Edisto Island,Charleston - Edisto Island,CHARLESTON - EDISTO ISLAND,239382260.248395,0.880248,1
019,Charleston,VTD 176,45019176,Charleston - VTD 176,CHARLESTON - VTD 176,271948728.237679,Charleston,019,Town of Seabrook,Charleston - Town of Seabrook,CHARLESTON - TOWN OF SEABROOK,32314491.341010,0.118826,2
019,Charleston,VTD 75,4501975,Charleston - VTD 75,CHARLESTON - VTD 75,1339947.796213,Charleston,019,North Charleston 13,Charleston - North Charleston 13,CHARLESTON - NORTH CHARLESTON 13,1339940.677319,0.999995,1
019,Charleston,VTD 78,4501978,Charleston - VTD 78,CHARLESTON - VTD 78,1692832.349339,Charleston,019,North Charleston 25,Charleston - North Charleston 25,CHARLESTON - NORTH CHARLESTON 25,1587393.172682,0.937714,1
019,Charleston,VTD 78,4501978,Charleston - VTD 78,CHARLESTON - VTD 78,1692832.349339,Charleston,019,North Charleston 18,Charleston - North Charleston 18,CHARLESTON - NORTH CHARLESTON 18,80733.570185,0.047691,2
019,Charleston,VTD 78,4501978,Charleston - VTD 78,CHARLESTON - VTD 78,1692832.349339,Charleston,019,North Charleston 17,Charleston - North Charleston 17,CHARLESTON - NORTH CHARLESTON 17,24705.606472,0.014594,3
019,Charleston,VTD 14,4501914,Charleston - VTD 14,CHARLESTON - VTD 14,36709902.018279,Charleston,019,Mt. Pleasant 22,Charleston - Mt. Pleasant 22,CHARLESTON - MT. PLEASANT 22,21018691.706857,0.572562,1
019,Charleston,VTD 14,4501914,Charleston - VTD 14,CHARLESTON - VTD 14,36709902.018279,Charleston,019,Mt. Pleasant 21,Charleston - Mt. Pleasant 21,CHARLESTON - MT. PLEASANT 21,10828138.117057,0.294965,2
019,Charleston,VTD 14,4501914,Charleston - VTD 14,CHARLESTON - VTD 14,36709902.018279,Charleston,019,Mt. Pleasant 10,Charleston - Mt. Pleasant 10,CHARLESTON - MT. PLEASANT 10,4856944.017169,0.132306,3
019,Charleston,VTD 14,4501914,Charleston - VTD 14,CHARLESTON - VTD 14,36709902.018279,Charleston,019,Mt. Pleasant 9,Charleston - Mt. Pleasant 9,CHARLESTON - MT. PLEASANT 9,6096.268410,0.000166,4
019,Charleston,VTD 69,4501969,Charleston - VTD 69,CHARLESTON - VTD 69,1414760.696992,Charleston,019,North Charleston 15,Charleston - North Charleston 15,CHARLESTON - NORTH CHARLESTON 15,1414760.696992,1.000000,1
019,Charleston,VTD 15,4501915,Charleston - VTD 15,CHARLESTON - VTD 15,68166883.592638,Charleston,019,Isle of Palms 1C,Charleston - Isle of Palms 1C,CHARLESTON - ISLE OF PALMS 1C,65285976.296993,0.957737,1
019,Charleston,VTD 15,4501915,Charleston - VTD 15,CHARLESTON - VTD 15,68166883.592638,Charleston,019,Isle Of Palms 1A,Charleston - Isle Of Palms 1A,CHARLESTON - ISLE OF PALMS 1A,2880906.802265,0.042263,2
019,Charleston,VTD 136,45019136,Charleston - VTD 136,CHARLESTON - VTD 136,4122075.110927,Charleston,019,St. Andrews 4,Charleston - St. Andrews 4,CHARLESTON - ST. ANDREWS 4,3235922.304012,0.785023,1
019,Charleston,VTD 136,45019136,Charleston - VTD 136,CHARLESTON - VTD 136,4122075.110927,Charleston,019,St. Andrews 1,Charleston - St. Andrews 1,CHARLESTON - ST. ANDREWS 1,886152.365391,0.214977,2
019,Charleston,VTD 40,4501940,Charleston - VTD 40,CHARLESTON - VTD 40,304544.913841,Charleston,019,Charleston 4,Charleston - Charleston 4,CHARLESTON - CHARLESTON 4,295577.937793,0.970556,1
019,Charleston,VTD 40,4501940,Charleston - VTD 40,CHARLESTON - VTD 40,304544.913841,Charleston,019,Charleston 5,Charleston - Charleston 5,CHARLESTON - CHARLESTON 5,8966.976048,0.029444,2
019,Charleston,VTD 30,4501930,Charleston - VTD 30,CHARLESTON - VTD 30,7092490.034918,Charleston,019,Mt. Pleasant 2,Charleston - Mt. Pleasant 2,CHARLESTON - MT. PLEASANT 2,7004946.285773,0.987657,1
019,Charleston,VTD 30,4501930,Charleston - VTD 30,CHARLESTON - VTD 30,7092490.034918,Charleston,019,Mt. Pleasant 3,Charleston - Mt. Pleasant 3,CHARLESTON - MT. PLEASANT 3,87543.749145,0.012343,2
019,Charleston,VTD 38,4501938,Charleston - VTD 38,CHARLESTON - VTD 38,294292.748553,Charleston,019,Charleston 3,Charleston - Charleston 3,CHARLESTON - CHARLESTON 3,294292.748553,1.000000,1
019,Charleston,VTD 151,45019151,Charleston - VTD 151,CHARLESTON - VTD 151,4434316.974361,Charleston,019,James Island 12,Charleston - James Island 12,CHARLESTON - JAMES ISLAND 12,4413903.566977,0.995396,1
019,Charleston,VTD 151,45019151,Charleston - VTD 151,CHARLESTON - VTD 151,4434316.974361,Charleston,019,James Island 5A,Charleston - James Island 5A,CHARLESTON - JAMES ISLAND 5A,20412.825388,0.004603,2
019,Charleston,VTD 28,4501928,Charleston - VTD 28,CHARLESTON - VTD 28,907228.831564,Charleston,019,Mt. Pleasant 4,Charleston - Mt. Pleasant 4,CHARLESTON - MT. PLEASANT 4,600944.903685,0.662396,1
019,Charleston,VTD 28,4501928,Charleston - VTD 28,CHARLESTON - VTD 28,907228.831564,Charleston,019,Mt. Pleasant 5,Charleston - Mt. Pleasant 5,CHARLESTON - MT. PLEASANT 5,306283.927878,0.337604,2
019,Charleston,VTD 186,45019186,Charleston - VTD 186,CHARLESTON - VTD 186,200177.054591,Charleston,019,Mt. Pleasant 5,Charleston - Mt. Pleasant 5,CHARLESTON - MT. PLEASANT 5,190854.123731,0.953427,1
019,Charleston,VTD 186,45019186,Charleston - VTD 186,CHARLESTON - VTD 186,200177.054591,Charleston,019,Mt. Pleasant 14,Charleston - Mt. Pleasant 14,CHARLESTON - MT. PLEASANT 14,9322.930861,0.046573,2
019,Charleston,VTD 22,4501922,Charleston - VTD 22,CHARLESTON - VTD 22,841560.250468,Charleston,019,Mt. Pleasant 7,Charleston - Mt. Pleasant 7,CHARLESTON - MT. PLEASANT 7,841560.001132,1.000000,1
019,Charleston,VTD 7,450197,Charleston - VTD 7,CHARLESTON - VTD 7,5558397.254261,Charleston,019,Mt. Pleasant 30,Charleston - Mt. Pleasant 30,CHARLESTON - MT. PLEASANT 30,2801406.425458,0.503995,1
019,Charleston,VTD 7,450197,Charleston - VTD 7,CHARLESTON - VTD 7,5558397.254261,Charleston,019,Mt. Pleasant 29,Charleston - Mt. Pleasant 29,CHARLESTON - MT. PLEASANT 29,2738356.960399,0.492652,2
019,Charleston,VTD 7,450197,Charleston - VTD 7,CHARLESTON - VTD 7,5558397.254261,Charleston,019,Mt. Pleasant 31,Charleston - Mt. Pleasant 31,CHARLESTON - MT. PLEASANT 31,18633.868404,0.003352,3
019,Charleston,VTD 39,4501939,Charleston - VTD 39,CHARLESTON - VTD 39,699893.104619,Charleston,019,Charleston 6,Charleston - Charleston 6,CHARLESTON - CHARLESTON 6,699893.104619,1.000000,1
019,Charleston,VTD 122,45019122,Charleston - VTD 122,CHARLESTON - VTD 122,3852337.502561,Charleston,019,St. Andrews 13,Charleston - St. Andrews 13,CHARLESTON - ST. ANDREWS 13,2156928.494024,0.559901,1
019,Charleston,VTD 122,45019122,Charleston - VTD 122,CHARLESTON - VTD 122,3852337.502561,Charleston,019,St. Andrews 21,Charleston - St. Andrews 21,CHARLESTON - ST. ANDREWS 21,1649916.375149,0.428290,2
019,Charleston,VTD 122,45019122,Charleston - VTD 122,CHARLESTON - VTD 122,3852337.502561,Charleston,019,St. Andrews 22,Charleston - St. Andrews 22,CHARLESTON - ST. ANDREWS 22,40466.863673,0.010504,3
019,Charleston,VTD 122,45019122,Charleston - VTD 122,CHARLESTON - VTD 122,3852337.502561,Charleston,019,St. Andrews 12,Charleston - St. Andrews 12,CHARLESTON - ST. ANDREWS 12,3979.731024,0.001033,4
019,Charleston,VTD 122,45019122,Charleston - VTD 122,CHARLESTON - VTD 122,3852337.502561,Charleston,019,St. Andrews 20,Charleston - St. Andrews 20,CHARLESTON - ST. ANDREWS 20,1042.378590,0.000271,5
019,Charleston,VTD 159,45019159,Charleston - VTD 159,CHARLESTON - VTD 159,1587908.189987,Charleston,019,James Island 9,Charleston - James Island 9,CHARLESTON - JAMES ISLAND 9,1587907.358377,0.999999,1
019,Charleston,VTD 175,45019175,Charleston - VTD 175,CHARLESTON - VTD 175,24760269.324577,Charleston,019,Town of Seabrook,Charleston - Town of Seabrook,CHARLESTON - TOWN OF SEABROOK,22856925.494970,0.923129,1
019,Charleston,VTD 175,45019175,Charleston - VTD 175,CHARLESTON - VTD 175,24760269.324577,Charleston,019,Johns Island 4,Charleston - Johns Island 4,CHARLESTON - JOHNS ISLAND 4,1903343.829607,0.076871,2
019,Charleston,VTD 178,45019178,Charleston - VTD 178,CHARLESTON - VTD 178,60883834.430202,Charleston,019,St. Pauls 3,Charleston - St. Pauls 3,CHARLESTON - ST. PAULS 3,54847486.960778,0.900855,1
019,Charleston,VTD 178,45019178,Charleston - VTD 178,CHARLESTON - VTD 178,60883834.430202,Charleston,019,St. Pauls 2B,Charleston - St. Pauls 2B,CHARLESTON - ST. PAULS 2B,6027403.350672,0.098998,2
019,Charleston,VTD 178,45019178,Charleston - VTD 178,CHARLESTON - VTD 178,60883834.430202,Charleston,019,Johns Island 1A,Charleston - Johns Island 1A,CHARLESTON - JOHNS ISLAND 1A,8931.243210,0.000147,3
019,Charleston,VTD 163,45019163,Charleston - VTD 163,CHARLESTON - VTD 163,160703710.594042,Charleston,019,Kiawah Island,Charleston - Kiawah Island,CHARLESTON - KIAWAH ISLAND,160703710.594041,1.000000,1
019,Charleston,VTD 166,45019166,Charleston - VTD 166,CHARLESTON - VTD 166,21583388.114835,Charleston,019,Johns Island 3A,Charleston - Johns Island 3A,CHARLESTON - JOHNS ISLAND 3A,19986350.655905,0.926006,1
019,Charleston,VTD 166,45019166,Charleston - VTD 166,CHARLESTON - VTD 166,21583388.114835,Charleston,019,Johns Island 1B,Charleston - Johns Island 1B,CHARLESTON - JOHNS ISLAND 1B,1597014.983829,0.073993,2
019,Charleston,VTD 165,45019165,Charleston - VTD 165,CHARLESTON - VTD 165,40804185.555415,Charleston,019,Johns Island 3B,Charleston - Johns Island 3B,CHARLESTON - JOHNS ISLAND 3B,23286188.018368,0.570681,1
019,Charleston,VTD 165,45019165,Charleston - VTD 165,CHARLESTON - VTD 165,40804185.555415,Charleston,019,Johns Island 4,Charleston - Johns Island 4,CHARLESTON - JOHNS ISLAND 4,17517992.737769,0.429319,2
019,Charleston,VTD 80,4501980,Charleston - VTD 80,CHARLESTON - VTD 80,3874942.751436,Charleston,019,North Charleston 27,Charleston - North Charleston 27,CHARLESTON - NORTH CHARLESTON 27,2501183.097058,0.645476,1
019,Charleston,VTD 80,4501980,Charleston - VTD 80,CHARLESTON - VTD 80,3874942.751436,Charleston,019,North Charleston 26,Charleston - North Charleston 26,CHARLESTON - NORTH CHARLESTON 26,1373758.767417,0.354524,2
019,Charleston,VTD 11,4501911,Charleston - VTD 11,CHARLESTON - VTD 11,288993.874685,Charleston,019,Mt. Pleasant 24,Charleston - Mt. Pleasant 24,CHARLESTON - MT. PLEASANT 24,287803.024016,0.995879,1
019,Charleston,VTD 11,4501911,Charleston - VTD 11,CHARLESTON - VTD 11,288993.874685,Charleston,019,Mt. Pleasant 19,Charleston - Mt. Pleasant 19,CHARLESTON - MT. PLEASANT 19,1189.243767,0.004115,2
019,Charleston,VTD 27,4501927,Charleston - VTD 27,CHARLESTON - VTD 27,344359.262191,Charleston,019,Mt. Pleasant 13,Charleston - Mt. Pleasant 13,CHARLESTON - MT. PLEASANT 13,227578.297035,0.660875,1
019,Charleston,VTD 27,4501927,Charleston - VTD 27,CHARLESTON - VTD 27,344359.262191,Charleston,019,Mt. Pleasant 14,Charleston - Mt. Pleasant 14,CHARLESTON - MT. PLEASANT 14,116762.472367,0.339072,2
019,Charleston,VTD 23,4501923,Charleston - VTD 23,CHARLESTON - VTD 23,887390.062034,Charleston,019,Mt. Pleasant 11,Charleston - Mt. Pleasant 11,CHARLESTON - MT. PLEASANT 11,887390.062034,1.000000,1
019,Charleston,VTD 156,45019156,Charleston - VTD 156,CHARLESTON - VTD 156,1744293.292848,Charleston,019,James Island 10,Charleston - James Island 10,CHARLESTON - JAMES ISLAND 10,1563239.854718,0.896202,1
019,Charleston,VTD 156,45019156,Charleston - VTD 156,CHARLESTON - VTD 156,1744293.292848,Charleston,019,James Island 14,Charleston - James Island 14,CHARLESTON - JAMES ISLAND 14,181051.350223,0.103796,2
019,Charleston,VTD 146,45019146,Charleston - VTD 146,CHARLESTON - VTD 146,1485959.798739,Charleston,019,James Island 19,Charleston - James Island 19,CHARLESTON - JAMES ISLAND 19,1485957.611133,0.999999,1
019,Charleston,VTD 162,45019162,Charleston - VTD 162,CHARLESTON - VTD 162,36820065.656079,Charleston,019,Folly Beach 1,Charleston - Folly Beach 1,CHARLESTON - FOLLY BEACH 1,36820065.656079,1.000000,1
019,Charleston,VTD 19,4501919,Charleston - VTD 19,CHARLESTON - VTD 19,5108502.084896,Charleston,019,Mt. Pleasant 9,Charleston - Mt. Pleasant 9,CHARLESTON - MT. PLEASANT 9,5108499.508355,0.999999,1
019,Charleston,VTD 182,45019182,Charleston - VTD 182,CHARLESTON - VTD 182,143720804.371042,Charleston,019,St. Pauls 2A,Charleston - St. Pauls 2A,CHARLESTON - ST. PAULS 2A,143720804.371042,1.000000,1
019,Charleston,VTD 177,45019177,Charleston - VTD 177,CHARLESTON - VTD 177,130608205.643311,Charleston,019,St. Pauls 1,Charleston - St. Pauls 1,CHARLESTON - ST. PAULS 1,116973263.043889,0.895604,1
019,Charleston,VTD 177,45019177,Charleston - VTD 177,CHARLESTON - VTD 177,130608205.643311,Charleston,019,St. Pauls 2A,Charleston - St. Pauls 2A,CHARLESTON - ST. PAULS 2A,13070549.373814,0.100074,2
019,Charleston,VTD 177,45019177,Charleston - VTD 177,CHARLESTON - VTD 177,130608205.643311,Charleston,019,St. Pauls 2B,Charleston - St. Pauls 2B,CHARLESTON - ST. PAULS 2B,564393.225608,0.004321,3
019,Charleston,VTD 180,45019180,Charleston - VTD 180,CHARLESTON - VTD 180,22254193.391655,Charleston,019,St. Pauls 5,Charleston - St. Pauls 5,CHARLESTON - ST. PAULS 5,22254174.105719,0.999999,1
019,Charleston,VTD 179,45019179,Charleston - VTD 179,CHARLESTON - VTD 179,41334244.583191,Charleston,019,St. Pauls 4,Charleston - St. Pauls 4,CHARLESTON - ST. PAULS 4,35983967.279829,0.870561,1
019,Charleston,VTD 179,45019179,Charleston - VTD 179,CHARLESTON - VTD 179,41334244.583191,Charleston,019,St. Pauls 3,Charleston - St. Pauls 3,CHARLESTON - ST. PAULS 3,5281623.374913,0.127778,2
019,Charleston,VTD 179,45019179,Charleston - VTD 179,CHARLESTON - VTD 179,41334244.583191,Charleston,019,St. Pauls 5,Charleston - St. Pauls 5,CHARLESTON - ST. PAULS 5,64790.083723,0.001567,3
019,Charleston,VTD 170,45019170,Charleston - VTD 170,CHARLESTON - VTD 170,16965792.046554,Charleston,019,St. Andrews 28,Charleston - St. Andrews 28,CHARLESTON - ST. ANDREWS 28,16965791.161103,1.000000,1
019,Charleston,VTD 174,45019174,Charleston - VTD 174,CHARLESTON - VTD 174,61759733.122138,Charleston,019,Wadmalaw Island 2,Charleston - Wadmalaw Island 2,CHARLESTON - WADMALAW ISLAND 2,61759706.325354,1.000000,1
019,Charleston,VTD 172,45019172,Charleston - VTD 172,CHARLESTON - VTD 172,35695334.248664,Charleston,019,Johns Island 1A,Charleston - Johns Island 1A,CHARLESTON - JOHNS ISLAND 1A,35695333.999123,1.000000,1
019,Charleston,VTD 150,45019150,Charleston - VTD 150,CHARLESTON - VTD 150,4157335.217533,Charleston,019,James Island 13,Charleston - James Island 13,CHARLESTON - JAMES ISLAND 13,3801660.996739,0.914447,1
019,Charleston,VTD 150,45019150,Charleston - VTD 150,CHARLESTON - VTD 150,4157335.217533,Charleston,019,James Island 12,Charleston - James Island 12,CHARLESTON - JAMES ISLAND 12,355672.620582,0.085553,2
019,Charleston,VTD 8,450198,Charleston - VTD 8,CHARLESTON - VTD 8,10570203.998323,Charleston,019,Mt. Pleasant 28,Charleston - Mt. Pleasant 28,CHARLESTON - MT. PLEASANT 28,6462522.753663,0.611391,1
019,Charleston,VTD 8,450198,Charleston - VTD 8,CHARLESTON - VTD 8,10570203.998323,Charleston,019,Mt. Pleasant 26,Charleston - Mt. Pleasant 26,CHARLESTON - MT. PLEASANT 26,2851499.643163,0.269768,2
019,Charleston,VTD 8,450198,Charleston - VTD 8,CHARLESTON - VTD 8,10570203.998323,Charleston,019,Mt. Pleasant 29,Charleston - Mt. Pleasant 29,CHARLESTON - MT. PLEASANT 29,1256180.054952,0.118842,3
019,Charleston,VTD 61,4501961,Charleston - VTD 61,CHARLESTON - VTD 61,984629.827782,Charleston,019,North Charleston 1,Charleston - North Charleston 1,CHARLESTON - NORTH CHARLESTON 1,818800.001141,0.831582,1
019,Charleston,VTD 61,4501961,Charleston - VTD 61,CHARLESTON - VTD 61,984629.827782,Charleston,019,North Charleston 7,Charleston - North Charleston 7,CHARLESTON - NORTH CHARLESTON 7,156526.600895,0.158970,2
019,Charleston,VTD 61,4501961,Charleston - VTD 61,CHARLESTON - VTD 61,984629.827782,Charleston,019,Charleston 15,Charleston - Charleston 15,CHARLESTON - CHARLESTON 15,9303.116734,0.009448,3
019,Charleston,VTD 12,4501912,Charleston - VTD 12,CHARLESTON - VTD 12,1747163.263799,Charleston,019,Mt. Pleasant 19,Charleston - Mt. Pleasant 19,CHARLESTON - MT. PLEASANT 19,1747116.605310,0.999973,1
019,Charleston,VTD 167,45019167,Charleston - VTD 167,CHARLESTON - VTD 167,21780443.742975,Charleston,019,James Island 2,Charleston - James Island 2,CHARLESTON - JAMES ISLAND 2,20668581.023762,0.948951,1
019,Charleston,VTD 167,45019167,Charleston - VTD 167,CHARLESTON - VTD 167,21780443.742975,Charleston,019,Johns Island 1B,Charleston - Johns Island 1B,CHARLESTON - JOHNS ISLAND 1B,1111860.775291,0.051049,2
019,Charleston,VTD 13,4501913,Charleston - VTD 13,CHARLESTON - VTD 13,8263150.395437,Charleston,019,Mt. Pleasant 23,Charleston - Mt. Pleasant 23,CHARLESTON - MT. PLEASANT 23,4242643.330380,0.513441,1
019,Charleston,VTD 13,4501913,Charleston - VTD 13,CHARLESTON - VTD 13,8263150.395437,Charleston,019,Mt. Pleasant 20,Charleston - Mt. Pleasant 20,CHARLESTON - MT. PLEASANT 20,2182649.085918,0.264142,2
019,Charleston,VTD 13,4501913,Charleston - VTD 13,CHARLESTON - VTD 13,8263150.395437,Charleston,019,Mt. Pleasant 36,Charleston - Mt. Pleasant 36,CHARLESTON - MT. PLEASANT 36,1837844.160265,0.222414,3
019,Charleston,VTD 10,4501910,Charleston - VTD 10,CHARLESTON - VTD 10,2399815.532330,Charleston,019,Mt. Pleasant 25,Charleston - Mt. Pleasant 25,CHARLESTON - MT. PLEASANT 25,1853325.070938,0.772278,1
019,Charleston,VTD 10,4501910,Charleston - VTD 10,CHARLESTON - VTD 10,2399815.532330,Charleston,019,Mt. Pleasant 24,Charleston - Mt. Pleasant 24,CHARLESTON - MT. PLEASANT 24,406682.121649,0.169464,2
019,Charleston,VTD 10,4501910,Charleston - VTD 10,CHARLESTON - VTD 10,2399815.532330,Charleston,019,Mt. Pleasant 29,Charleston - Mt. Pleasant 29,CHARLESTON - MT. PLEASANT 29,137254.338705,0.057194,3
019,Charleston,VTD 10,4501910,Charleston - VTD 10,CHARLESTON - VTD 10,2399815.532330,Charleston,019,Mt. Pleasant 19,Charleston - Mt. Pleasant 19,CHARLESTON - MT. PLEASANT 19,2554.001038,0.001064,4
019,Charleston,VTD 173,45019173,Charleston - VTD 173,CHARLESTON - VTD 173,69354164.299485,Charleston,019,Wadmalaw Island 1,Charleston - Wadmalaw Island 1,CHARLESTON - WADMALAW ISLAND 1,69354156.330413,1.000000,1
019,Charleston,VTD 100,45019100,Charleston - VTD 100,CHARLESTON - VTD 100,8931832.053293,Charleston,019,North Charleston 24,Charleston - North Charleston 24,CHARLESTON - NORTH CHARLESTON 24,8807127.988536,0.986038,1
019,Charleston,VTD 100,45019100,Charleston - VTD 100,CHARLESTON - VTD 100,8931832.053293,Charleston,019,North Charleston 18,Charleston - North Charleston 18,CHARLESTON - NORTH CHARLESTON 18,124704.064757,0.013962,2
019,Charleston,VTD 64,4501964,Charleston - VTD 64,CHARLESTON - VTD 64,1898894.825571,Charleston,019,North Charleston 5,Charleston - North Charleston 5,CHARLESTON - NORTH CHARLESTON 5,1708472.545139,0.899719,1
019,Charleston,VTD 64,4501964,Charleston - VTD 64,CHARLESTON - VTD 64,1898894.825571,Charleston,019,North Charleston 4,Charleston - North Charleston 4,CHARLESTON - NORTH CHARLESTON 4,190422.280432,0.100281,2
019,Charleston,VTD 37,4501937,Charleston - VTD 37,CHARLESTON - VTD 37,1962383.373178,Charleston,019,Charleston 2,Charleston - Charleston 2,CHARLESTON - CHARLESTON 2,1027478.556884,0.523587,1
019,Charleston,VTD 37,4501937,Charleston - VTD 37,CHARLESTON - VTD 37,1962383.373178,Charleston,019,Charleston 6,Charleston - Charleston 6,CHARLESTON - CHARLESTON 6,934904.816295,0.476413,2
019,Charleston,VTD 152,45019152,Charleston - VTD 152,CHARLESTON - VTD 152,16339998.385908,Charleston,019,Mt. Pleasant 1,Charleston - Mt. Pleasant 1,CHARLESTON - MT. PLEASANT 1,9790664.462784,0.599184,1
019,Charleston,VTD 152,45019152,Charleston - VTD 152,CHARLESTON - VTD 152,16339998.385908,Charleston,019,James Island 5A,Charleston - James Island 5A,CHARLESTON - JAMES ISLAND 5A,6540946.799711,0.400303,2
019,Charleston,VTD 152,45019152,Charleston - VTD 152,CHARLESTON - VTD 152,16339998.385908,Charleston,019,James Island 12,Charleston - James Island 12,CHARLESTON - JAMES ISLAND 12,5400.311061,0.000330,3
019,Charleston,VTD 152,45019152,Charleston - VTD 152,CHARLESTON - VTD 152,16339998.385908,Charleston,019,Sullivans Island,Charleston - Sullivans Island,CHARLESTON - SULLIVANS ISLAND,2986.812351,0.000183,4
019,Charleston,VTD 110,45019110,Charleston - VTD 110,CHARLESTON - VTD 110,7745378.330273,Charleston,019,St. Andrews 36,Charleston - St. Andrews 36,CHARLESTON - ST. ANDREWS 36,3540665.929565,0.457133,1
019,Charleston,VTD 110,45019110,Charleston - VTD 110,CHARLESTON - VTD 110,7745378.330273,Charleston,019,St. Andrews 37,Charleston - St. Andrews 37,CHARLESTON - ST. ANDREWS 37,2164919.213602,0.279511,2
019,Charleston,VTD 110,45019110,Charleston - VTD 110,CHARLESTON - VTD 110,7745378.330273,Charleston,019,St. Andrews 35,Charleston - St. Andrews 35,CHARLESTON - ST. ANDREWS 35,2016599.964313,0.260362,3
019,Charleston,VTD 110,45019110,Charleston - VTD 110,CHARLESTON - VTD 110,7745378.330273,Charleston,019,St. Andrews 33,Charleston - St. Andrews 33,CHARLESTON - ST. ANDREWS 33,23193.222792,0.002994,4
019,Charleston,VTD 92,4501992,Charleston - VTD 92,CHARLESTON - VTD 92,4464839.518693,Charleston,019,North Charleston 30,Charleston - North Charleston 30,CHARLESTON - NORTH CHARLESTON 30,4464015.537072,0.999815,1
019,Charleston,VTD 92,4501992,Charleston - VTD 92,CHARLESTON - VTD 92,4464839.518693,Charleston,019,Deer Park 1B,Charleston - Deer Park 1B,CHARLESTON - DEER PARK 1B,823.981622,0.000185,2
019,Charleston,VTD 35,4501935,Charleston - VTD 35,CHARLESTON - VTD 35,4216301.328334,Charleston,019,Mt. Pleasant 3,Charleston - Mt. Pleasant 3,CHARLESTON - MT. PLEASANT 3,4214863.787112,0.999659,1
019,Charleston,VTD 35,4501935,Charleston - VTD 35,CHARLESTON - VTD 35,4216301.328334,Charleston,019,Mt. Pleasant 16,Charleston - Mt. Pleasant 16,CHARLESTON - MT. PLEASANT 16,1437.541222,0.000341,2
019,Charleston,VTD 145,45019145,Charleston - VTD 145,CHARLESTON - VTD 145,5573347.825152,Charleston,019,James Island 20,Charleston - James Island 20,CHARLESTON - JAMES ISLAND 20,5573342.836757,0.999999,1
019,Charleston,VTD 81,4501981,Charleston - VTD 81,CHARLESTON - VTD 81,3713546.780893,Charleston,019,North Charleston 28,Charleston - North Charleston 28,CHARLESTON - NORTH CHARLESTON 28,3713544.338794,0.999999,1
019,Charleston,VTD 164,45019164,Charleston - VTD 164,CHARLESTON - VTD 164,71268114.687139,Charleston,019,Johns Island 4,Charleston - Johns Island 4,CHARLESTON - JOHNS ISLAND 4,44725195.146040,0.627562,1
019,Charleston,VTD 164,45019164,Charleston - VTD 164,CHARLESTON - VTD 164,71268114.687139,Charleston,019,Johns Island 3B,Charleston - Johns Island 3B,CHARLESTON - JOHNS ISLAND 3B,25617069.781998,0.359446,2
019,Charleston,VTD 164,45019164,Charleston - VTD 164,CHARLESTON - VTD 164,71268114.687139,Charleston,019,Johns Island 3A,Charleston - Johns Island 3A,CHARLESTON - JOHNS ISLAND 3A,586981.087678,0.008236,3
019,Charleston,VTD 164,45019164,Charleston - VTD 164,CHARLESTON - VTD 164,71268114.687139,Charleston,019,Town of Seabrook,Charleston - Town of Seabrook,CHARLESTON - TOWN OF SEABROOK,338867.979550,0.004755,4
019,Charleston,VTD 21,4501921,Charleston - VTD 21,CHARLESTON - VTD 21,752862.633131,Charleston,019,Mt. Pleasant 8,Charleston - Mt. Pleasant 8,CHARLESTON - MT. PLEASANT 8,752860.056769,0.999997,1
019,Charleston,VTD 132,45019132,Charleston - VTD 132,CHARLESTON - VTD 132,2525411.567664,Charleston,019,St. Andrews 15,Charleston - St. Andrews 15,CHARLESTON - ST. ANDREWS 15,1778248.273222,0.704142,1
019,Charleston,VTD 132,45019132,Charleston - VTD 132,CHARLESTON - VTD 132,2525411.567664,Charleston,019,St. Andrews 18,Charleston - St. Andrews 18,CHARLESTON - ST. ANDREWS 18,747162.110253,0.295858,2
019,Charleston,VTD 111,45019111,Charleston - VTD 111,CHARLESTON - VTD 111,2493797.722622,Charleston,019,St. Andrews 34,Charleston - St. Andrews 34,CHARLESTON - ST. ANDREWS 34,2481807.248563,0.995192,1
019,Charleston,VTD 111,45019111,Charleston - VTD 111,CHARLESTON - VTD 111,2493797.722622,Charleston,019,St. Andrews 36,Charleston - St. Andrews 36,CHARLESTON - ST. ANDREWS 36,11989.539842,0.004808,2
019,Charleston,VTD 184,45019184,Charleston - VTD 184,CHARLESTON - VTD 184,1388328.782458,Charleston,019,St. Andrews 26,Charleston - St. Andrews 26,CHARLESTON - ST. ANDREWS 26,1078362.156635,0.776734,1
019,Charleston,VTD 184,45019184,Charleston - VTD 184,CHARLESTON - VTD 184,1388328.782458,Charleston,019,St. Andrews 25,Charleston - St. Andrews 25,CHARLESTON - ST. ANDREWS 25,193813.934310,0.139602,2
019,Charleston,VTD 184,45019184,Charleston - VTD 184,CHARLESTON - VTD 184,1388328.782458,Charleston,019,St. Andrews 29,Charleston - St. Andrews 29,CHARLESTON - ST. ANDREWS 29,116152.520107,0.083664,3
019,Charleston,VTD 148,45019148,Charleston - VTD 148,CHARLESTON - VTD 148,2107447.612410,Charleston,019,James Island 15,Charleston - James Island 15,CHARLESTON - JAMES ISLAND 15,2107328.886319,0.999944,1
019,Charleston,VTD 29,4501929,Charleston - VTD 29,CHARLESTON - VTD 29,1698262.125367,Charleston,019,Mt. Pleasant 5,Charleston - Mt. Pleasant 5,CHARLESTON - MT. PLEASANT 5,857623.838105,0.505001,1
019,Charleston,VTD 29,4501929,Charleston - VTD 29,CHARLESTON - VTD 29,1698262.125367,Charleston,019,Mt. Pleasant 14,Charleston - Mt. Pleasant 14,CHARLESTON - MT. PLEASANT 14,690295.028184,0.406471,2
019,Charleston,VTD 29,4501929,Charleston - VTD 29,CHARLESTON - VTD 29,1698262.125367,Charleston,019,Mt. Pleasant 4,Charleston - Mt. Pleasant 4,CHARLESTON - MT. PLEASANT 4,147370.023486,0.086777,3
019,Charleston,VTD 29,4501929,Charleston - VTD 29,CHARLESTON - VTD 29,1698262.125367,Charleston,019,Mt. Pleasant 13,Charleston - Mt. Pleasant 13,CHARLESTON - MT. PLEASANT 13,2973.235592,0.001751,4
019,Charleston,VTD 113,45019113,Charleston - VTD 113,CHARLESTON - VTD 113,1435707.338061,Charleston,019,St. Andrews 22,Charleston - St. Andrews 22,CHARLESTON - ST. ANDREWS 22,1435707.338061,1.000000,1
019,Charleston,VTD 183,45019183,Charleston - VTD 183,CHARLESTON - VTD 183,2221423.433229,Charleston,019,St. Andrews 33,Charleston - St. Andrews 33,CHARLESTON - ST. ANDREWS 33,1969509.194323,0.886598,1
019,Charleston,VTD 183,45019183,Charleston - VTD 183,CHARLESTON - VTD 183,2221423.433229,Charleston,019,St. Andrews 28,Charleston - St. Andrews 28,CHARLESTON - ST. ANDREWS 28,229826.619069,0.103459,2
019,Charleston,VTD 183,45019183,Charleston - VTD 183,CHARLESTON - VTD 183,2221423.433229,Charleston,019,St. Andrews 35,Charleston - St. Andrews 35,CHARLESTON - ST. ANDREWS 35,15968.068959,0.007188,3
019,Charleston,VTD 183,45019183,Charleston - VTD 183,CHARLESTON - VTD 183,2221423.433229,Charleston,019,St. Andrews 37,Charleston - St. Andrews 37,CHARLESTON - ST. ANDREWS 37,6119.493776,0.002755,4
019,Charleston,VTD 65,4501965,Charleston - VTD 65,CHARLESTON - VTD 65,6625130.095848,Charleston,019,North Charleston 2,Charleston - North Charleston 2,CHARLESTON - NORTH CHARLESTON 2,6625129.919377,1.000000,1
019,Charleston,VTD 114,45019114,Charleston - VTD 114,CHARLESTON - VTD 114,2590862.664513,Charleston,019,St. Andrews 32,Charleston - St. Andrews 32,CHARLESTON - ST. ANDREWS 32,1515172.243106,0.584814,1
019,Charleston,VTD 114,45019114,Charleston - VTD 114,CHARLESTON - VTD 114,2590862.664513,Charleston,019,St. Andrews 31,Charleston - St. Andrews 31,CHARLESTON - ST. ANDREWS 31,1038339.773738,0.400770,2
019,Charleston,VTD 114,45019114,Charleston - VTD 114,CHARLESTON - VTD 114,2590862.664513,Charleston,019,St. Andrews 30,Charleston - St. Andrews 30,CHARLESTON - ST. ANDREWS 30,37349.941597,0.014416,3
019,Charleston,VTD 50,4501950,Charleston - VTD 50,CHARLESTON - VTD 50,460527.141427,Charleston,019,Charleston 14,Charleston - Charleston 14,CHARLESTON - CHARLESTON 14,354705.381517,0.770216,1
019,Charleston,VTD 50,4501950,Charleston - VTD 50,CHARLESTON - VTD 50,460527.141427,Charleston,019,Charleston 11,Charleston - Charleston 11,CHARLESTON - CHARLESTON 11,105821.126245,0.229783,2
019,Charleston,VTD 32,4501932,Charleston - VTD 32,CHARLESTON - VTD 32,3266832.448838,Charleston,019,Mt. Pleasant 15,Charleston - Mt. Pleasant 15,CHARLESTON - MT. PLEASANT 15,2602146.598483,0.796535,1
019,Charleston,VTD 32,4501932,Charleston - VTD 32,CHARLESTON - VTD 32,3266832.448838,Charleston,019,Mt. Pleasant 4,Charleston - Mt. Pleasant 4,CHARLESTON - MT. PLEASANT 4,422110.656185,0.129211,2
019,Charleston,VTD 32,4501932,Charleston - VTD 32,CHARLESTON - VTD 32,3266832.448838,Charleston,019,Mt. Pleasant 16,Charleston - Mt. Pleasant 16,CHARLESTON - MT. PLEASANT 16,235559.368918,0.072106,3
019,Charleston,VTD 32,4501932,Charleston - VTD 32,CHARLESTON - VTD 32,3266832.448838,Charleston,019,Mt. Pleasant 17,Charleston - Mt. Pleasant 17,CHARLESTON - MT. PLEASANT 17,6570.005698,0.002011,4
019,Charleston,VTD 32,4501932,Charleston - VTD 32,CHARLESTON - VTD 32,3266832.448838,Charleston,019,Mt. Pleasant 14,Charleston - Mt. Pleasant 14,CHARLESTON - MT. PLEASANT 14,445.819555,0.000136,5
019,Charleston,VTD 185,45019185,Charleston - VTD 185,CHARLESTON - VTD 185,3093953.924977,Charleston,019,St. Andrews 22,Charleston - St. Andrews 22,CHARLESTON - ST. ANDREWS 22,2454470.959712,0.793312,1
019,Charleston,VTD 185,45019185,Charleston - VTD 185,CHARLESTON - VTD 185,3093953.924977,Charleston,019,St. Andrews 23,Charleston - St. Andrews 23,CHARLESTON - ST. ANDREWS 23,639482.196808,0.206688,2
019,Charleston,VTD 58,4501958,Charleston - VTD 58,CHARLESTON - VTD 58,8057633.791220,Charleston,019,Charleston 15,Charleston - Charleston 15,CHARLESTON - CHARLESTON 15,7966021.946665,0.988630,1
019,Charleston,VTD 58,4501958,Charleston - VTD 58,CHARLESTON - VTD 58,8057633.791220,Charleston,019,Mt. Pleasant 3,Charleston - Mt. Pleasant 3,CHARLESTON - MT. PLEASANT 3,91608.068869,0.011369,2
019,Charleston,VTD 120,45019120,Charleston - VTD 120,CHARLESTON - VTD 120,1576884.692733,Charleston,019,St. Andrews 20,Charleston - St. Andrews 20,CHARLESTON - ST. ANDREWS 20,1351193.333962,0.856875,1
019,Charleston,VTD 120,45019120,Charleston - VTD 120,CHARLESTON - VTD 120,1576884.692733,Charleston,019,St. Andrews 18,Charleston - St. Andrews 18,CHARLESTON - ST. ANDREWS 18,225690.169549,0.143124,2
019,Charleston,VTD 153,45019153,Charleston - VTD 153,CHARLESTON - VTD 153,6809678.489038,Charleston,019,James Island 5B,Charleston - James Island 5B,CHARLESTON - JAMES ISLAND 5B,4706078.786642,0.691087,1
019,Charleston,VTD 153,45019153,Charleston - VTD 153,CHARLESTON - VTD 153,6809678.489038,Charleston,019,Folly Beach 2,Charleston - Folly Beach 2,CHARLESTON - FOLLY BEACH 2,2033002.189701,0.298546,2
019,Charleston,VTD 153,45019153,Charleston - VTD 153,CHARLESTON - VTD 153,6809678.489038,Charleston,019,James Island 6,Charleston - James Island 6,CHARLESTON - JAMES ISLAND 6,70597.512696,0.010367,3
019,Charleston,VTD 25,4501925,Charleston - VTD 25,CHARLESTON - VTD 25,1955793.210662,Charleston,019,Mt. Pleasant 13,Charleston - Mt. Pleasant 13,CHARLESTON - MT. PLEASANT 13,1697089.752913,0.867725,1
019,Charleston,VTD 25,4501925,Charleston - VTD 25,CHARLESTON - VTD 25,1955793.210662,Charleston,019,Mt. Pleasant 6,Charleston - Mt. Pleasant 6,CHARLESTON - MT. PLEASANT 6,241794.854724,0.123630,2
019,Charleston,VTD 25,4501925,Charleston - VTD 25,CHARLESTON - VTD 25,1955793.210662,Charleston,019,Mt. Pleasant 12,Charleston - Mt. Pleasant 12,CHARLESTON - MT. PLEASANT 12,16905.762813,0.008644,3
019,Charleston,VTD 144,45019144,Charleston - VTD 144,CHARLESTON - VTD 144,7738468.685651,Charleston,019,James Island 17,Charleston - James Island 17,CHARLESTON - JAMES ISLAND 17,7698956.232807,0.994894,1
019,Charleston,VTD 144,45019144,Charleston - VTD 144,CHARLESTON - VTD 144,7738468.685651,Charleston,019,James Island 8A,Charleston - James Island 8A,CHARLESTON - JAMES ISLAND 8A,37678.307537,0.004869,2
019,Charleston,VTD 144,45019144,Charleston - VTD 144,CHARLESTON - VTD 144,7738468.685651,Charleston,019,James Island 20,Charleston - James Island 20,CHARLESTON - JAMES ISLAND 20,1496.429836,0.000193,3
019,Charleston,VTD 142,45019142,Charleston - VTD 142,CHARLESTON - VTD 142,2635619.141096,Charleston,019,St. Andrews 7,Charleston - St. Andrews 7,CHARLESTON - ST. ANDREWS 7,2565276.530245,0.973311,1
019,Charleston,VTD 142,45019142,Charleston - VTD 142,CHARLESTON - VTD 142,2635619.141096,Charleston,019,James Island 22,Charleston - James Island 22,CHARLESTON - JAMES ISLAND 22,70339.192638,0.026688,2
019,Charleston,VTD 17,4501917,Charleston - VTD 17,CHARLESTON - VTD 17,15755191.430505,Charleston,019,Isle Of Palms 1A,Charleston - Isle Of Palms 1A,CHARLESTON - ISLE OF PALMS 1A,14679157.456343,0.931703,1
019,Charleston,VTD 17,4501917,Charleston - VTD 17,CHARLESTON - VTD 17,15755191.430505,Charleston,019,Isle of Palms 1C,Charleston - Isle of Palms 1C,CHARLESTON - ISLE OF PALMS 1C,1076033.974161,0.068297,2
019,Charleston,VTD 16,4501916,Charleston - VTD 16,CHARLESTON - VTD 16,2087214.521147,Charleston,019,Isle of Palms 1B,Charleston - Isle of Palms 1B,CHARLESTON - ISLE OF PALMS 1B,2064922.084879,0.989320,1
019,Charleston,VTD 16,4501916,Charleston - VTD 16,CHARLESTON - VTD 16,2087214.521147,Charleston,019,Isle of Palms 1C,Charleston - Isle of Palms 1C,CHARLESTON - ISLE OF PALMS 1C,22292.436268,0.010680,2
019,Charleston,VTD 104,45019104,Charleston - VTD 104,CHARLESTON - VTD 104,1939460.362262,Charleston,019,North Charleston 23,Charleston - North Charleston 23,CHARLESTON - NORTH CHARLESTON 23,1929811.142646,0.995025,1
019,Charleston,VTD 104,45019104,Charleston - VTD 104,CHARLESTON - VTD 104,1939460.362262,Charleston,019,North Charleston 24,Charleston - North Charleston 24,CHARLESTON - NORTH CHARLESTON 24,9648.477902,0.004975,2
019,Charleston,VTD 139,45019139,Charleston - VTD 139,CHARLESTON - VTD 139,3185865.983259,Charleston,019,St. Andrews 17,Charleston - St. Andrews 17,CHARLESTON - ST. ANDREWS 17,3185865.209289,1.000000,1
019,Charleston,VTD 96,4501996,Charleston - VTD 96,CHARLESTON - VTD 96,2096075.495637,Charleston,019,North Charleston 24,Charleston - North Charleston 24,CHARLESTON - NORTH CHARLESTON 24,2096074.365025,0.999999,1
019,Charleston,VTD 169,45019169,Charleston - VTD 169,CHARLESTON - VTD 169,20603515.952136,Charleston,019,St. Andrews 27,Charleston - St. Andrews 27,CHARLESTON - ST. ANDREWS 27,13450593.964076,0.652830,1
019,Charleston,VTD 169,45019169,Charleston - VTD 169,CHARLESTON - VTD 169,20603515.952136,Charleston,019,St. Andrews 29,Charleston - St. Andrews 29,CHARLESTON - ST. ANDREWS 29,6364179.468853,0.308888,2
019,Charleston,VTD 169,45019169,Charleston - VTD 169,CHARLESTON - VTD 169,20603515.952136,Charleston,019,St. Andrews 33,Charleston - St. Andrews 33,CHARLESTON - ST. ANDREWS 33,721885.608072,0.035037,3
019,Charleston,VTD 169,45019169,Charleston - VTD 169,CHARLESTON - VTD 169,20603515.952136,Charleston,019,St. Andrews 30,Charleston - St. Andrews 30,CHARLESTON - ST. ANDREWS 30,45865.889592,0.002226,4
019,Charleston,VTD 169,45019169,Charleston - VTD 169,CHARLESTON - VTD 169,20603515.952136,Charleston,019,St. Andrews 25,Charleston - St. Andrews 25,CHARLESTON - ST. ANDREWS 25,20759.933975,0.001008,5
019,Charleston,VTD 119,45019119,Charleston - VTD 119,CHARLESTON - VTD 119,3583361.292638,Charleston,019,St. Andrews 25,Charleston - St. Andrews 25,CHARLESTON - ST. ANDREWS 25,2117089.755260,0.590811,1
019,Charleston,VTD 119,45019119,Charleston - VTD 119,CHARLESTON - VTD 119,3583361.292638,Charleston,019,St. Andrews 30,Charleston - St. Andrews 30,CHARLESTON - ST. ANDREWS 30,1306652.243850,0.364644,2
019,Charleston,VTD 119,45019119,Charleston - VTD 119,CHARLESTON - VTD 119,3583361.292638,Charleston,019,St. Andrews 26,Charleston - St. Andrews 26,CHARLESTON - ST. ANDREWS 26,155632.038663,0.043432,3
019,Charleston,VTD 119,45019119,Charleston - VTD 119,CHARLESTON - VTD 119,3583361.292638,Charleston,019,St. Andrews 29,Charleston - St. Andrews 29,CHARLESTON - ST. ANDREWS 29,3984.466005,0.001112,4
019,Charleston,VTD 93,4501993,Charleston - VTD 93,CHARLESTON - VTD 93,6267631.721208,Charleston,019,Deer Park 3,Charleston - Deer Park 3,CHARLESTON - DEER PARK 3,6262576.541133,0.999193,1
019,Charleston,VTD 93,4501993,Charleston - VTD 93,CHARLESTON - VTD 93,6267631.721208,Charleston,019,Deer Park 2A,Charleston - Deer Park 2A,CHARLESTON - DEER PARK 2A,5055.180075,0.000807,2
019,Charleston,VTD 84,4501984,Charleston - VTD 84,CHARLESTON - VTD 84,3425154.754990,Charleston,019,Deer Park 2A,Charleston - Deer Park 2A,CHARLESTON - DEER PARK 2A,3045941.897865,0.889286,1
019,Charleston,VTD 84,4501984,Charleston - VTD 84,CHARLESTON - VTD 84,3425154.754990,Charleston,019,Deer Park 2B,Charleston - Deer Park 2B,CHARLESTON - DEER PARK 2B,379212.857125,0.110714,2
019,Charleston,VTD 109,45019109,Charleston - VTD 109,CHARLESTON - VTD 109,2139187.428440,Charleston,019,North Charleston 19,Charleston - North Charleston 19,CHARLESTON - NORTH CHARLESTON 19,2086197.142940,0.975229,1
019,Charleston,VTD 109,45019109,Charleston - VTD 109,CHARLESTON - VTD 109,2139187.428440,Charleston,019,North Charleston 18,Charleston - North Charleston 18,CHARLESTON - NORTH CHARLESTON 18,52990.285500,0.024771,2
019,Charleston,VTD 94,4501994,Charleston - VTD 94,CHARLESTON - VTD 94,1443664.796847,Charleston,019,North Charleston 24,Charleston - North Charleston 24,CHARLESTON - NORTH CHARLESTON 24,1443664.195236,1.000000,1
019,Charleston,VTD 140,45019140,Charleston - VTD 140,CHARLESTON - VTD 140,3343743.477018,Charleston,019,St. Andrews 16,Charleston - St. Andrews 16,CHARLESTON - ST. ANDREWS 16,3228470.276568,0.965526,1
019,Charleston,VTD 140,45019140,Charleston - VTD 140,CHARLESTON - VTD 140,3343743.477018,Charleston,019,St. Andrews 17,Charleston - St. Andrews 17,CHARLESTON - ST. ANDREWS 17,115271.953669,0.034474,2
019,Charleston,VTD 95,4501995,Charleston - VTD 95,CHARLESTON - VTD 95,5091133.908513,Charleston,019,North Charleston 24,Charleston - North Charleston 24,CHARLESTON - NORTH CHARLESTON 24,5091133.908513,1.000000,1
019,Charleston,VTD 135,45019135,Charleston - VTD 135,CHARLESTON - VTD 135,1823646.522237,Charleston,019,St. Andrews 1,Charleston - St. Andrews 1,CHARLESTON - ST. ANDREWS 1,1549446.837974,0.849642,1
019,Charleston,VTD 135,45019135,Charleston - VTD 135,CHARLESTON - VTD 135,1823646.522237,Charleston,019,St. Andrews 2,Charleston - St. Andrews 2,CHARLESTON - ST. ANDREWS 2,247624.722977,0.135785,2
019,Charleston,VTD 135,45019135,Charleston - VTD 135,CHARLESTON - VTD 135,1823646.522237,Charleston,019,St. Andrews 3,Charleston - St. Andrews 3,CHARLESTON - ST. ANDREWS 3,26574.961286,0.014572,3
019,Charleston,VTD 105,45019105,Charleston - VTD 105,CHARLESTON - VTD 105,2396682.095426,Charleston,019,North Charleston 22,Charleston - North Charleston 22,CHARLESTON - NORTH CHARLESTON 22,1862252.832013,0.777013,1
019,Charleston,VTD 105,45019105,Charleston - VTD 105,CHARLESTON - VTD 105,2396682.095426,Charleston,019,North Charleston 21,Charleston - North Charleston 21,CHARLESTON - NORTH CHARLESTON 21,533248.551867,0.222494,2
019,Charleston,VTD 105,45019105,Charleston - VTD 105,CHARLESTON - VTD 105,2396682.095426,Charleston,019,North Charleston 23,Charleston - North Charleston 23,CHARLESTON - NORTH CHARLESTON 23,1180.711546,0.000493,3
019,Charleston,VTD 101,45019101,Charleston - VTD 101,CHARLESTON - VTD 101,257810.413818,Charleston,019,North Charleston 24,Charleston - North Charleston 24,CHARLESTON - NORTH CHARLESTON 24,257810.413818,1.000000,1
019,Charleston,VTD 154,45019154,Charleston - VTD 154,CHARLESTON - VTD 154,2128996.662397,Charleston,019,James Island 11,Charleston - James Island 11,CHARLESTON - JAMES ISLAND 11,2128995.050524,0.999999,1
019,Charleston,VTD 149,45019149,Charleston - VTD 149,CHARLESTON - VTD 149,1111379.276130,Charleston,019,James Island 14,Charleston - James Island 14,CHARLESTON - JAMES ISLAND 14,1070720.164439,0.963416,1
019,Charleston,VTD 149,45019149,Charleston - VTD 149,CHARLESTON - VTD 149,1111379.276130,Charleston,019,James Island 11,Charleston - James Island 11,CHARLESTON - JAMES ISLAND 11,40651.217177,0.036577,2
019,Charleston,VTD 147,45019147,Charleston - VTD 147,CHARLESTON - VTD 147,10135964.824294,Charleston,019,James Island 8A,Charleston - James Island 8A,CHARLESTON - JAMES ISLAND 8A,5972176.450196,0.589207,1
019,Charleston,VTD 147,45019147,Charleston - VTD 147,CHARLESTON - VTD 147,10135964.824294,Charleston,019,James Island 8B,Charleston - James Island 8B,CHARLESTON - JAMES ISLAND 8B,4159484.594425,0.410369,2
019,Charleston,VTD 147,45019147,Charleston - VTD 147,CHARLESTON - VTD 147,10135964.824294,Charleston,019,James Island 17,Charleston - James Island 17,CHARLESTON - JAMES ISLAND 17,4295.838230,0.000424,3
019,Charleston,VTD 168,45019168,Charleston - VTD 168,CHARLESTON - VTD 168,19042138.926399,Charleston,019,Johns Island 1B,Charleston - Johns Island 1B,CHARLESTON - JOHNS ISLAND 1B,18694722.789326,0.981755,1
019,Charleston,VTD 168,45019168,Charleston - VTD 168,CHARLESTON - VTD 168,19042138.926399,Charleston,019,James Island 2,Charleston - James Island 2,CHARLESTON - JAMES ISLAND 2,347415.586298,0.018245,2
019,Charleston,VTD 20,4501920,Charleston - VTD 20,CHARLESTON - VTD 20,5370360.723800,Charleston,019,Mt. Pleasant 1,Charleston - Mt. Pleasant 1,CHARLESTON - MT. PLEASANT 1,5244592.406025,0.976581,1
019,Charleston,VTD 20,4501920,Charleston - VTD 20,CHARLESTON - VTD 20,5370360.723800,Charleston,019,Mt. Pleasant 9,Charleston - Mt. Pleasant 9,CHARLESTON - MT. PLEASANT 9,125768.317775,0.023419,2
019,Charleston,VTD 87,4501987,Charleston - VTD 87,CHARLESTON - VTD 87,1485619.504068,Charleston,019,Deer Park 1A,Charleston - Deer Park 1A,CHARLESTON - DEER PARK 1A,994229.093421,0.669235,1
019,Charleston,VTD 87,4501987,Charleston - VTD 87,CHARLESTON - VTD 87,1485619.504068,Charleston,019,Deer Park 1B,Charleston - Deer Park 1B,CHARLESTON - DEER PARK 1B,491389.856044,0.330764,2
019,Charleston,VTD 24,4501924,Charleston - VTD 24,CHARLESTON - VTD 24,3133782.221522,Charleston,019,Mt. Pleasant 12,Charleston - Mt. Pleasant 12,CHARLESTON - MT. PLEASANT 12,2858110.321100,0.912032,1
019,Charleston,VTD 24,4501924,Charleston - VTD 24,CHARLESTON - VTD 24,3133782.221522,Charleston,019,Mt. Pleasant 6,Charleston - Mt. Pleasant 6,CHARLESTON - MT. PLEASANT 6,275664.396180,0.087965,2
019,Charleston,VTD 85,4501985,Charleston - VTD 85,CHARLESTON - VTD 85,382537.606996,Charleston,019,Deer Park 2C,Charleston - Deer Park 2C,CHARLESTON - DEER PARK 2C,382537.503311,1.000000,1
019,Charleston,VTD 86,4501986,Charleston - VTD 86,CHARLESTON - VTD 86,2152254.859051,Charleston,019,Deer Park 2B,Charleston - Deer Park 2B,CHARLESTON - DEER PARK 2B,1533584.038838,0.712548,1
019,Charleston,VTD 86,4501986,Charleston - VTD 86,CHARLESTON - VTD 86,2152254.859051,Charleston,019,Deer Park 2C,Charleston - Deer Park 2C,CHARLESTON - DEER PARK 2C,618663.116377,0.287449,2
019,Charleston,VTD 115,45019115,Charleston - VTD 115,CHARLESTON - VTD 115,1274326.727644,Charleston,019,St. Andrews 30,Charleston - St. Andrews 30,CHARLESTON - ST. ANDREWS 30,753610.792650,0.591380,1
019,Charleston,VTD 115,45019115,Charleston - VTD 115,CHARLESTON - VTD 115,1274326.727644,Charleston,019,St. Andrews 31,Charleston - St. Andrews 31,CHARLESTON - ST. ANDREWS 31,520715.934994,0.408620,2
019,Charleston,VTD 155,45019155,Charleston - VTD 155,CHARLESTON - VTD 155,2612338.506499,Charleston,019,James Island 6,Charleston - James Island 6,CHARLESTON - JAMES ISLAND 6,2563859.631435,0.981442,1
019,Charleston,VTD 155,45019155,Charleston - VTD 155,CHARLESTON - VTD 155,2612338.506499,Charleston,019,James Island 5B,Charleston - James Island 5B,CHARLESTON - JAMES ISLAND 5B,48468.546130,0.018554,2
019,Charleston,VTD 98,4501998,Charleston - VTD 98,CHARLESTON - VTD 98,528981.430108,Charleston,019,North Charleston 24,Charleston - North Charleston 24,CHARLESTON - NORTH CHARLESTON 24,528981.430108,1.000000,1
019,Charleston,VTD 83,4501983,Charleston - VTD 83,CHARLESTON - VTD 83,1248833.459817,Charleston,019,Deer Park 2B,Charleston - Deer Park 2B,CHARLESTON - DEER PARK 2B,1248310.377568,0.999581,1
019,Charleston,VTD 83,4501983,Charleston - VTD 83,CHARLESTON - VTD 83,1248833.459817,Charleston,019,Deer Park 3,Charleston - Deer Park 3,CHARLESTON - DEER PARK 3,523.082249,0.000419,2
019,Charleston,VTD 121,45019121,Charleston - VTD 121,CHARLESTON - VTD 121,341123.592081,Charleston,019,St. Andrews 19,Charleston - St. Andrews 19,CHARLESTON - ST. ANDREWS 19,333909.654983,0.978852,1
019,Charleston,VTD 121,45019121,Charleston - VTD 121,CHARLESTON - VTD 121,341123.592081,Charleston,019,St. Andrews 20,Charleston - St. Andrews 20,CHARLESTON - ST. ANDREWS 20,7213.937098,0.021148,2
019,Charleston,VTD 82,4501982,Charleston - VTD 82,CHARLESTON - VTD 82,1600174.970458,Charleston,019,North Charleston 29,Charleston - North Charleston 29,CHARLESTON - NORTH CHARLESTON 29,1600172.641942,0.999999,1
019,Charleston,VTD 137,45019137,Charleston - VTD 137,CHARLESTON - VTD 137,2051227.667649,Charleston,019,St. Andrews 5,Charleston - St. Andrews 5,CHARLESTON - ST. ANDREWS 5,2051225.013067,0.999999,1
019,Charleston,VTD 34,4501934,Charleston - VTD 34,CHARLESTON - VTD 34,1818868.754110,Charleston,019,Mt. Pleasant 16,Charleston - Mt. Pleasant 16,CHARLESTON - MT. PLEASANT 16,1736927.576215,0.954949,1
019,Charleston,VTD 34,4501934,Charleston - VTD 34,CHARLESTON - VTD 34,1818868.754110,Charleston,019,Mt. Pleasant 3,Charleston - Mt. Pleasant 3,CHARLESTON - MT. PLEASANT 3,81940.840365,0.045050,2
019,Charleston,VTD 118,45019118,Charleston - VTD 118,CHARLESTON - VTD 118,807486.702685,Charleston,019,St. Andrews 24,Charleston - St. Andrews 24,CHARLESTON - ST. ANDREWS 24,807484.859334,0.999998,1
019,Charleston,VTD 157,45019157,Charleston - VTD 157,CHARLESTON - VTD 157,2944765.578383,Charleston,019,James Island 7,Charleston - James Island 7,CHARLESTON - JAMES ISLAND 7,2930589.792885,0.995186,1
019,Charleston,VTD 157,45019157,Charleston - VTD 157,CHARLESTON - VTD 157,2944765.578383,Charleston,019,James Island 6,Charleston - James Island 6,CHARLESTON - JAMES ISLAND 6,14174.926039,0.004814,2
019,Charleston,VTD 63,4501963,Charleston - VTD 63,CHARLESTON - VTD 63,1005792.645744,Charleston,019,North Charleston 6,Charleston - North Charleston 6,CHARLESTON - NORTH CHARLESTON 6,557650.067624,0.554438,1
019,Charleston,VTD 63,4501963,Charleston - VTD 63,CHARLESTON - VTD 63,1005792.645744,Charleston,019,North Charleston 7,Charleston - North Charleston 7,CHARLESTON - NORTH CHARLESTON 7,448142.453537,0.445561,2
019,Charleston,VTD 67,4501967,Charleston - VTD 67,CHARLESTON - VTD 67,1640559.172022,Charleston,019,North Charleston 4,Charleston - North Charleston 4,CHARLESTON - NORTH CHARLESTON 4,1640557.262217,0.999999,1
019,Charleston,VTD 108,45019108,Charleston - VTD 108,CHARLESTON - VTD 108,12432233.425566,Charleston,019,North Charleston 18,Charleston - North Charleston 18,CHARLESTON - NORTH CHARLESTON 18,10594617.480798,0.852189,1
019,Charleston,VTD 108,45019108,Charleston - VTD 108,CHARLESTON - VTD 108,12432233.425566,Charleston,019,North Charleston 17,Charleston - North Charleston 17,CHARLESTON - NORTH CHARLESTON 17,1195445.551319,0.096157,2
019,Charleston,VTD 108,45019108,Charleston - VTD 108,CHARLESTON - VTD 108,12432233.425566,Charleston,019,North Charleston 25,Charleston - North Charleston 25,CHARLESTON - NORTH CHARLESTON 25,322328.547498,0.025927,3
019,Charleston,VTD 108,45019108,Charleston - VTD 108,CHARLESTON - VTD 108,12432233.425566,Charleston,019,North Charleston 21,Charleston - North Charleston 21,CHARLESTON - NORTH CHARLESTON 21,242425.656376,0.019500,4
019,Charleston,VTD 108,45019108,Charleston - VTD 108,CHARLESTON - VTD 108,12432233.425566,Charleston,019,North Charleston 19,Charleston - North Charleston 19,CHARLESTON - NORTH CHARLESTON 19,57468.499912,0.004623,5
019,Charleston,VTD 108,45019108,Charleston - VTD 108,CHARLESTON - VTD 108,12432233.425566,Charleston,019,North Charleston 24,Charleston - North Charleston 24,CHARLESTON - NORTH CHARLESTON 24,11911.116435,0.000958,6
019,Charleston,VTD 108,45019108,Charleston - VTD 108,CHARLESTON - VTD 108,12432233.425566,Charleston,019,North Charleston 20,Charleston - North Charleston 20,CHARLESTON - NORTH CHARLESTON 20,8036.573230,0.000646,7
021,Cherokee,VTD 12,4502112,Cherokee - VTD 12,CHEROKEE - VTD 12,18652987.360385,Cherokee,021,Ezells-Butler,Cherokee - Ezells-Butler,CHEROKEE - EZELLS-BUTLER,18652987.360385,1.000000,1
021,Cherokee,VTD 9,450219,Cherokee - VTD 9,CHEROKEE - VTD 9,25343992.554023,Cherokee,021,Pleasant Grove,Cherokee - Pleasant Grove,CHEROKEE - PLEASANT GROVE,25343992.554023,1.000000,1
021,Cherokee,VTD 36,4502136,Cherokee - VTD 36,CHEROKEE - VTD 36,2732630.906624,Cherokee,021,Gaffney Ward No. 2,Cherokee - Gaffney Ward No. 2,CHEROKEE - GAFFNEY WARD NO. 2,2640832.808540,0.966407,1
021,Cherokee,VTD 36,4502136,Cherokee - VTD 36,CHEROKEE - VTD 36,2732630.906624,Cherokee,021,Alma Mill,Cherokee - Alma Mill,CHEROKEE - ALMA MILL,51435.961285,0.018823,2
021,Cherokee,VTD 36,4502136,Cherokee - VTD 36,CHEROKEE - VTD 36,2732630.906624,Cherokee,021,Grassy Pond,Cherokee - Grassy Pond,CHEROKEE - GRASSY POND,40362.136799,0.014770,3
021,Cherokee,VTD 35,4502135,Cherokee - VTD 35,CHEROKEE - VTD 35,2664947.775394,Cherokee,021,Pleasant Meadows,Cherokee - Pleasant Meadows,CHEROKEE - PLEASANT MEADOWS,2641411.166643,0.991168,1
021,Cherokee,VTD 35,4502135,Cherokee - VTD 35,CHEROKEE - VTD 35,2664947.775394,Cherokee,021,Gaffney Ward No. 4,Cherokee - Gaffney Ward No. 4,CHEROKEE - GAFFNEY WARD NO. 4,22681.844879,0.008511,2
021,Cherokee,VTD 35,4502135,Cherokee - VTD 35,CHEROKEE - VTD 35,2664947.775394,Cherokee,021,Macedonia,Cherokee - Macedonia,CHEROKEE - MACEDONIA,854.763872,0.000321,3
021,Cherokee,VTD 34,4502134,Cherokee - VTD 34,CHEROKEE - VTD 34,4094186.123621,Cherokee,021,Gaffney Ward No. 4,Cherokee - Gaffney Ward No. 4,CHEROKEE - GAFFNEY WARD NO. 4,3913933.185315,0.955973,1
021,Cherokee,VTD 34,4502134,Cherokee - VTD 34,CHEROKEE - VTD 34,4094186.123621,Cherokee,021,Musgrove Mill,Cherokee - Musgrove Mill,CHEROKEE - MUSGROVE MILL,163859.435968,0.040022,2
021,Cherokee,VTD 34,4502134,Cherokee - VTD 34,CHEROKEE - VTD 34,4094186.123621,Cherokee,021,Macedonia,Cherokee - Macedonia,CHEROKEE - MACEDONIA,16393.502337,0.004004,3
021,Cherokee,VTD 13,4502113,Cherokee - VTD 13,CHEROKEE - VTD 13,52927608.200708,Cherokee,021,Macedonia,Cherokee - Macedonia,CHEROKEE - MACEDONIA,52030254.740804,0.983046,1
021,Cherokee,VTD 13,4502113,Cherokee - VTD 13,CHEROKEE - VTD 13,52927608.200708,Cherokee,021,Ezells-Butler,Cherokee - Ezells-Butler,CHEROKEE - EZELLS-BUTLER,630785.690920,0.011918,2
021,Cherokee,VTD 13,4502113,Cherokee - VTD 13,CHEROKEE - VTD 13,52927608.200708,Cherokee,021,Gaffney Ward No. 4,Cherokee - Gaffney Ward No. 4,CHEROKEE - GAFFNEY WARD NO. 4,168644.663174,0.003186,3
021,Cherokee,VTD 13,4502113,Cherokee - VTD 13,CHEROKEE - VTD 13,52927608.200708,Cherokee,021,Pleasant Meadows,Cherokee - Pleasant Meadows,CHEROKEE - PLEASANT MEADOWS,97923.105810,0.001850,4
021,Cherokee,VTD 39,4502139,Cherokee - VTD 39,CHEROKEE - VTD 39,1190546.389304,Cherokee,021,Gaffney Ward No. 5,Cherokee - Gaffney Ward No. 5,CHEROKEE - GAFFNEY WARD NO. 5,1051998.794491,0.883627,1
021,Cherokee,VTD 39,4502139,Cherokee - VTD 39,CHEROKEE - VTD 39,1190546.389304,Cherokee,021,Gaffney Ward No. 6,Cherokee - Gaffney Ward No. 6,CHEROKEE - GAFFNEY WARD NO. 6,138547.594813,0.116373,2
021,Cherokee,VTD 21,4502121,Cherokee - VTD 21,CHEROKEE - VTD 21,1371874.435535,Cherokee,021,Central,Cherokee - Central,CHEROKEE - CENTRAL,1287533.526527,0.938521,1
021,Cherokee,VTD 21,4502121,Cherokee - VTD 21,CHEROKEE - VTD 21,1371874.435535,Cherokee,021,Gaffney Ward No. 5,Cherokee - Gaffney Ward No. 5,CHEROKEE - GAFFNEY WARD NO. 5,44339.235631,0.032320,2
021,Cherokee,VTD 21,4502121,Cherokee - VTD 21,CHEROKEE - VTD 21,1371874.435535,Cherokee,021,Gaffney Ward No. 6,Cherokee - Gaffney Ward No. 6,CHEROKEE - GAFFNEY WARD NO. 6,40001.673377,0.029158,3
021,Cherokee,VTD 41,4502141,Cherokee - VTD 41,CHEROKEE - VTD 41,2571208.558764,Cherokee,021,Gaffney Ward No. 3,Cherokee - Gaffney Ward No. 3,CHEROKEE - GAFFNEY WARD NO. 3,2507003.336835,0.975029,1
021,Cherokee,VTD 41,4502141,Cherokee - VTD 41,CHEROKEE - VTD 41,2571208.558764,Cherokee,021,Alma Mill,Cherokee - Alma Mill,CHEROKEE - ALMA MILL,64205.221929,0.024971,2
021,Cherokee,VTD 38,4502138,Cherokee - VTD 38,CHEROKEE - VTD 38,3133051.597097,Cherokee,021,Gaffney Ward No. 6,Cherokee - Gaffney Ward No. 6,CHEROKEE - GAFFNEY WARD NO. 6,3079096.617584,0.982779,1
021,Cherokee,VTD 38,4502138,Cherokee - VTD 38,CHEROKEE - VTD 38,3133051.597097,Cherokee,021,Musgrove Mill,Cherokee - Musgrove Mill,CHEROKEE - MUSGROVE MILL,53954.979513,0.017221,2
021,Cherokee,VTD 37,4502137,Cherokee - VTD 37,CHEROKEE - VTD 37,3814079.381361,Cherokee,021,Limestone Mill,Cherokee - Limestone Mill,CHEROKEE - LIMESTONE MILL,3692315.537988,0.968075,1
021,Cherokee,VTD 37,4502137,Cherokee - VTD 37,CHEROKEE - VTD 37,3814079.381361,Cherokee,021,Alma Mill,Cherokee - Alma Mill,CHEROKEE - ALMA MILL,112876.860150,0.029595,2
021,Cherokee,VTD 37,4502137,Cherokee - VTD 37,CHEROKEE - VTD 37,3814079.381361,Cherokee,021,Gaffney Ward No. 1,Cherokee - Gaffney Ward No. 1,CHEROKEE - GAFFNEY WARD NO. 1,8886.983223,0.002330,3
021,Cherokee,VTD 40,4502140,Cherokee - VTD 40,CHEROKEE - VTD 40,1428330.031164,Cherokee,021,Gaffney Ward No. 1,Cherokee - Gaffney Ward No. 1,CHEROKEE - GAFFNEY WARD NO. 1,1418404.701068,0.993051,1
021,Cherokee,VTD 40,4502140,Cherokee - VTD 40,CHEROKEE - VTD 40,1428330.031164,Cherokee,021,Alma Mill,Cherokee - Alma Mill,CHEROKEE - ALMA MILL,7739.510399,0.005419,2
021,Cherokee,VTD 40,4502140,Cherokee - VTD 40,CHEROKEE - VTD 40,1428330.031164,Cherokee,021,Limestone Mill,Cherokee - Limestone Mill,CHEROKEE - LIMESTONE MILL,2185.819697,0.001530,3
021,Cherokee,VTD 14,4502114,Cherokee - VTD 14,CHEROKEE - VTD 14,26269333.705618,Cherokee,021,Alma Mill,Cherokee - Alma Mill,CHEROKEE - ALMA MILL,24482591.194216,0.931984,1
021,Cherokee,VTD 14,4502114,Cherokee - VTD 14,CHEROKEE - VTD 14,26269333.705618,Cherokee,021,Draytonville,Cherokee - Draytonville,CHEROKEE - DRAYTONVILLE,1606402.936146,0.061151,2
021,Cherokee,VTD 14,4502114,Cherokee - VTD 14,CHEROKEE - VTD 14,26269333.705618,Cherokee,021,Gaffney Ward No. 3,Cherokee - Gaffney Ward No. 3,CHEROKEE - GAFFNEY WARD NO. 3,86032.275294,0.003275,3
021,Cherokee,VTD 14,4502114,Cherokee - VTD 14,CHEROKEE - VTD 14,26269333.705618,Cherokee,021,Limestone Mill,Cherokee - Limestone Mill,CHEROKEE - LIMESTONE MILL,82907.219504,0.003156,4
021,Cherokee,VTD 14,4502114,Cherokee - VTD 14,CHEROKEE - VTD 14,26269333.705618,Cherokee,021,Gaffney Ward No. 2,Cherokee - Gaffney Ward No. 2,CHEROKEE - GAFFNEY WARD NO. 2,11400.080458,0.000434,5
021,Cherokee,VTD 1,450211,Cherokee - VTD 1,CHEROKEE - VTD 1,34010038.913457,Cherokee,021,Morgan,Cherokee - Morgan,CHEROKEE - MORGAN,34010038.883133,1.000000,1
021,Cherokee,VTD 2,450212,Cherokee - VTD 2,CHEROKEE - VTD 2,32616200.036823,Cherokee,021,Ashworth,Cherokee - Ashworth,CHEROKEE - ASHWORTH,32615693.563942,0.999984,1
021,Cherokee,VTD 3,450213,Cherokee - VTD 3,CHEROKEE - VTD 3,19483316.631754,Cherokee,021,Wood's,Cherokee - Wood's,CHEROKEE - WOODS,19483316.631754,1.000000,1
021,Cherokee,VTD 4,450214,Cherokee - VTD 4,CHEROKEE - VTD 4,46291526.839802,Cherokee,021,Grassy Pond,Cherokee - Grassy Pond,CHEROKEE - GRASSY POND,45295401.731364,0.978481,1
021,Cherokee,VTD 4,450214,Cherokee - VTD 4,CHEROKEE - VTD 4,46291526.839802,Cherokee,021,Pleasant Grove,Cherokee - Pleasant Grove,CHEROKEE - PLEASANT GROVE,996125.108439,0.021519,2
021,Cherokee,VTD 5,450215,Cherokee - VTD 5,CHEROKEE - VTD 5,31239298.141320,Cherokee,021,Holly Grove and Buffalo,Cherokee - Holly Grove and Buffalo,CHEROKEE - HOLLY GROVE AND BUFFALO,31207390.771353,0.998979,1
021,Cherokee,VTD 5,450215,Cherokee - VTD 5,CHEROKEE - VTD 5,31239298.141320,Cherokee,021,Pleasant Grove,Cherokee - Pleasant Grove,CHEROKEE - PLEASANT GROVE,31907.369968,0.001021,2
021,Cherokee,VTD 6,450216,Cherokee - VTD 6,CHEROKEE - VTD 6,20376182.008117,Cherokee,021,Holly Grove and Buffalo,Cherokee - Holly Grove and Buffalo,CHEROKEE - HOLLY GROVE AND BUFFALO,20376182.008117,1.000000,1
021,Cherokee,VTD 15,4502115,Cherokee - VTD 15,CHEROKEE - VTD 15,19163683.556884,Cherokee,021,Ninety Nine and Cherokee Falls,Cherokee - Ninety Nine and Cherokee Falls,CHEROKEE - NINETY NINE AND CHEROKEE FALLS,19163683.556884,1.000000,1
021,Cherokee,VTD 16,4502116,Cherokee - VTD 16,CHEROKEE - VTD 16,9494896.169710,Cherokee,021,Blacksburg Ward No. 4,Cherokee - Blacksburg Ward No. 4,CHEROKEE - BLACKSBURG WARD NO. 4,9494896.169710,1.000000,1
021,Cherokee,VTD 10,4502110,Cherokee - VTD 10,CHEROKEE - VTD 10,14428179.228306,Cherokee,021,Blacksburg Ward No. 3,Cherokee - Blacksburg Ward No. 3,CHEROKEE - BLACKSBURG WARD NO. 3,14327768.478032,0.993041,1
021,Cherokee,VTD 10,4502110,Cherokee - VTD 10,CHEROKEE - VTD 10,14428179.228306,Cherokee,021,Blacksburg Ward No. 2,Cherokee - Blacksburg Ward No. 2,CHEROKEE - BLACKSBURG WARD NO. 2,100410.750274,0.006959,2
021,Cherokee,VTD 11,4502111,Cherokee - VTD 11,CHEROKEE - VTD 11,7282385.801339,Cherokee,021,Blacksburg Ward No. 2,Cherokee - Blacksburg Ward No. 2,CHEROKEE - BLACKSBURG WARD NO. 2,7259717.347508,0.996887,1
021,Cherokee,VTD 11,4502111,Cherokee - VTD 11,CHEROKEE - VTD 11,7282385.801339,Cherokee,021,Antioch and King's Creek,Cherokee - Antioch and King's Creek,CHEROKEE - ANTIOCH AND KINGS CREEK,22668.453831,0.003113,2
021,Cherokee,VTD 7,450217,Cherokee - VTD 7,CHEROKEE - VTD 7,40992096.522784,Cherokee,021,Antioch and King's Creek,Cherokee - Antioch and King's Creek,CHEROKEE - ANTIOCH AND KINGS CREEK,40992096.522784,1.000000,1
021,Cherokee,VTD 17,4502117,Cherokee - VTD 17,CHEROKEE - VTD 17,18672758.435152,Cherokee,021,Blacksburg Ward No. 1,Cherokee - Blacksburg Ward No. 1,CHEROKEE - BLACKSBURG WARD NO. 1,18571053.710354,0.994553,1
021,Cherokee,VTD 17,4502117,Cherokee - VTD 17,CHEROKEE - VTD 17,18672758.435152,Cherokee,021,Blacksburg Ward No. 4,Cherokee - Blacksburg Ward No. 4,CHEROKEE - BLACKSBURG WARD NO. 4,101704.724798,0.005447,2
021,Cherokee,VTD 18,4502118,Cherokee - VTD 18,CHEROKEE - VTD 18,42570547.435181,Cherokee,021,Antioch and King's Creek,Cherokee - Antioch and King's Creek,CHEROKEE - ANTIOCH AND KINGS CREEK,41158820.128316,0.966838,1
021,Cherokee,VTD 18,4502118,Cherokee - VTD 18,CHEROKEE - VTD 18,42570547.435181,Cherokee,021,Ninety Nine and Cherokee Falls,Cherokee - Ninety Nine and Cherokee Falls,CHEROKEE - NINETY NINE AND CHEROKEE FALLS,1411727.051044,0.033162,2
021,Cherokee,VTD 22,4502122,Cherokee - VTD 22,CHEROKEE - VTD 22,19874385.798911,Cherokee,021,Ninety Nine and Cherokee Falls,Cherokee - Ninety Nine and Cherokee Falls,CHEROKEE - NINETY NINE AND CHEROKEE FALLS,19874385.798911,1.000000,1
021,Cherokee,VTD 27,4502127,Cherokee - VTD 27,CHEROKEE - VTD 27,35382687.281952,Cherokee,021,Wilkinsville and Metcalf,Cherokee - Wilkinsville and Metcalf,CHEROKEE - WILKINSVILLE AND METCALF,29018660.696966,0.820137,1
021,Cherokee,VTD 27,4502127,Cherokee - VTD 27,CHEROKEE - VTD 27,35382687.281952,Cherokee,021,Draytonville,Cherokee - Draytonville,CHEROKEE - DRAYTONVILLE,6364026.584985,0.179863,2
021,Cherokee,VTD 31,4502131,Cherokee - VTD 31,CHEROKEE - VTD 31,69991067.118418,Cherokee,021,Wilkinsville and Metcalf,Cherokee - Wilkinsville and Metcalf,CHEROKEE - WILKINSVILLE AND METCALF,67072641.834915,0.958303,1
021,Cherokee,VTD 31,4502131,Cherokee - VTD 31,CHEROKEE - VTD 31,69991067.118418,Cherokee,021,Little John and Sarratt's,Cherokee - Little John and Sarratt's,CHEROKEE - LITTLE JOHN AND SARRATTS,2918425.283504,0.041697,2
021,Cherokee,VTD 33,4502133,Cherokee - VTD 33,CHEROKEE - VTD 33,58833187.895706,Cherokee,021,Little John and Sarratt's,Cherokee - Little John and Sarratt's,CHEROKEE - LITTLE JOHN AND SARRATTS,58154389.104093,0.988462,1
021,Cherokee,VTD 33,4502133,Cherokee - VTD 33,CHEROKEE - VTD 33,58833187.895706,Cherokee,021,Wilkinsville and Metcalf,Cherokee - Wilkinsville and Metcalf,CHEROKEE - WILKINSVILLE AND METCALF,678797.929477,0.011538,2
021,Cherokee,VTD 32,4502132,Cherokee - VTD 32,CHEROKEE - VTD 32,32885483.164037,Cherokee,021,Little John and Sarratt's,Cherokee - Little John and Sarratt's,CHEROKEE - LITTLE JOHN AND SARRATTS,32885483.164037,1.000000,1
021,Cherokee,VTD 29,4502129,Cherokee - VTD 29,CHEROKEE - VTD 29,47529971.582466,Cherokee,021,Ravenna and Brown's Mill,Cherokee - Ravenna and Brown's Mill,CHEROKEE - RAVENNA AND BROWNS MILL,35262444.858106,0.741899,1
021,Cherokee,VTD 29,4502129,Cherokee - VTD 29,CHEROKEE - VTD 29,47529971.582466,Cherokee,021,Little John and Sarratt's,Cherokee - Little John and Sarratt's,CHEROKEE - LITTLE JOHN AND SARRATTS,12267526.724360,0.258101,2
021,Cherokee,VTD 28,4502128,Cherokee - VTD 28,CHEROKEE - VTD 28,10388819.166201,Cherokee,021,Ravenna and Brown's Mill,Cherokee - Ravenna and Brown's Mill,CHEROKEE - RAVENNA AND BROWNS MILL,10388818.527810,1.000000,1
021,Cherokee,VTD 23,4502123,Cherokee - VTD 23,CHEROKEE - VTD 23,28450323.094192,Cherokee,021,White Plains,Cherokee - White Plains,CHEROKEE - WHITE PLAINS,27172819.164278,0.955097,1
021,Cherokee,VTD 23,4502123,Cherokee - VTD 23,CHEROKEE - VTD 23,28450323.094192,Cherokee,021,Goucher and Thicketty,Cherokee - Goucher and Thicketty,CHEROKEE - GOUCHER AND THICKETTY,1277503.929908,0.044903,2
021,Cherokee,VTD 24,4502124,Cherokee - VTD 24,CHEROKEE - VTD 24,31878789.096356,Cherokee,021,Goucher and Thicketty,Cherokee - Goucher and Thicketty,CHEROKEE - GOUCHER AND THICKETTY,31865542.779199,0.999584,1
021,Cherokee,VTD 24,4502124,Cherokee - VTD 24,CHEROKEE - VTD 24,31878789.096356,Cherokee,021,Allens,Cherokee - Allens,CHEROKEE - ALLENS,13246.317157,0.000416,2
021,Cherokee,VTD 25,4502125,Cherokee - VTD 25,CHEROKEE - VTD 25,22767867.857536,Cherokee,021,Allens,Cherokee - Allens,CHEROKEE - ALLENS,22720406.068687,0.997915,1
021,Cherokee,VTD 25,4502125,Cherokee - VTD 25,CHEROKEE - VTD 25,22767867.857536,Cherokee,021,Goucher and Thicketty,Cherokee - Goucher and Thicketty,CHEROKEE - GOUCHER AND THICKETTY,47461.788849,0.002085,2
021,Cherokee,VTD 30,4502130,Cherokee - VTD 30,CHEROKEE - VTD 30,48252277.206823,Cherokee,021,Timber Ridge,Cherokee - Timber Ridge,CHEROKEE - TIMBER RIDGE,48252277.206823,1.000000,1
021,Cherokee,VTD 26,4502126,Cherokee - VTD 26,CHEROKEE - VTD 26,49304742.513531,Cherokee,021,Draytonville,Cherokee - Draytonville,CHEROKEE - DRAYTONVILLE,49304742.513531,1.000000,1
021,Cherokee,VTD 19,4502119,Cherokee - VTD 19,CHEROKEE - VTD 19,25013151.617323,Cherokee,021,Goucher and Thicketty,Cherokee - Goucher and Thicketty,CHEROKEE - GOUCHER AND THICKETTY,25013151.617323,1.000000,1
021,Cherokee,VTD 20,4502120,Cherokee - VTD 20,CHEROKEE - VTD 20,38485838.243364,Cherokee,021,Musgrove Mill,Cherokee - Musgrove Mill,CHEROKEE - MUSGROVE MILL,34946640.875009,0.908039,1
021,Cherokee,VTD 20,4502120,Cherokee - VTD 20,CHEROKEE - VTD 20,38485838.243364,Cherokee,021,Allens,Cherokee - Allens,CHEROKEE - ALLENS,3437248.635127,0.089312,2
021,Cherokee,VTD 20,4502120,Cherokee - VTD 20,CHEROKEE - VTD 20,38485838.243364,Cherokee,021,Macedonia,Cherokee - Macedonia,CHEROKEE - MACEDONIA,85454.293036,0.002220,3
021,Cherokee,VTD 20,4502120,Cherokee - VTD 20,CHEROKEE - VTD 20,38485838.243364,Cherokee,021,Goucher and Thicketty,Cherokee - Goucher and Thicketty,CHEROKEE - GOUCHER AND THICKETTY,10624.142262,0.000276,4
021,Cherokee,VTD 20,4502120,Cherokee - VTD 20,CHEROKEE - VTD 20,38485838.243364,Cherokee,021,Gaffney Ward No. 4,Cherokee - Gaffney Ward No. 4,CHEROKEE - GAFFNEY WARD NO. 4,5870.297930,0.000153,5
021,Cherokee,VTD 8,450218,Cherokee - VTD 8,CHEROKEE - VTD 8,26832239.655106,Cherokee,021,Ezells-Butler,Cherokee - Ezells-Butler,CHEROKEE - EZELLS-BUTLER,24758430.189942,0.922712,1
021,Cherokee,VTD 8,450218,Cherokee - VTD 8,CHEROKEE - VTD 8,26832239.655106,Cherokee,021,Ashworth,Cherokee - Ashworth,CHEROKEE - ASHWORTH,2073809.465164,0.077288,2
023,Chester,VTD 6,450236,Chester - VTD 6,CHESTER - VTD 6,62293609.065666,Chester,023,Lansford,Chester - Lansford,CHESTER - LANSFORD,62202088.000916,0.998531,1
023,Chester,VTD 6,450236,Chester - VTD 6,CHESTER - VTD 6,62293609.065666,Chester,023,Fort Lawn,Chester - Fort Lawn,CHESTER - FORT LAWN,91181.951890,0.001464,2
023,Chester,VTD 22,4502322,Chester - VTD 22,CHESTER - VTD 22,79367214.715304,Chester,023,Hazelwood,Chester - Hazelwood,CHESTER - HAZELWOOD,78120793.395792,0.984296,1
023,Chester,VTD 22,4502322,Chester - VTD 22,CHESTER - VTD 22,79367214.715304,Chester,023,Chester Ward 1,Chester - Chester Ward 1,CHESTER - CHESTER WARD 1,1071654.880191,0.013502,2
023,Chester,VTD 22,4502322,Chester - VTD 22,CHESTER - VTD 22,79367214.715304,Chester,023,Blackstock,Chester - Blackstock,CHESTER - BLACKSTOCK,110091.242660,0.001387,3
023,Chester,VTD 22,4502322,Chester - VTD 22,CHESTER - VTD 22,79367214.715304,Chester,023,Richburg,Chester - Richburg,CHESTER - RICHBURG,60019.745266,0.000756,4
023,Chester,VTD 13,4502313,Chester - VTD 13,CHESTER - VTD 13,18607331.922504,Chester,023,Lando,Chester - Lando,CHESTER - LANDO,16564928.613843,0.890237,1
023,Chester,VTD 13,4502313,Chester - VTD 13,CHESTER - VTD 13,18607331.922504,Chester,023,Richburg,Chester - Richburg,CHESTER - RICHBURG,2042402.308329,0.109763,2
023,Chester,VTD 5,450235,Chester - VTD 5,CHESTER - VTD 5,43764546.253919,Chester,023,Edgemoor,Chester - Edgemoor,CHESTER - EDGEMOOR,43643070.944114,0.997224,1
023,Chester,VTD 5,450235,Chester - VTD 5,CHESTER - VTD 5,43764546.253919,Chester,023,Lansford,Chester - Lansford,CHESTER - LANSFORD,104063.565363,0.002378,2
023,Chester,VTD 5,450235,Chester - VTD 5,CHESTER - VTD 5,43764546.253919,Chester,023,Rodman,Chester - Rodman,CHESTER - RODMAN,17405.989923,0.000398,3
023,Chester,VTD 27,4502327,Chester - VTD 27,CHESTER - VTD 27,10954840.613038,Chester,023,Great Falls No. 3,Chester - Great Falls No. 3,CHESTER - GREAT FALLS NO. 3,10611448.015392,0.968654,1
023,Chester,VTD 27,4502327,Chester - VTD 27,CHESTER - VTD 27,10954840.613038,Chester,023,Great Falls Nos. 1 and 2,Chester - Great Falls Nos. 1 and 2,CHESTER - GREAT FALLS NOS. 1 AND 2,343387.146712,0.031346,2
023,Chester,VTD 25,4502325,Chester - VTD 25,CHESTER - VTD 25,46067973.488934,Chester,023,Beckhamville,Chester - Beckhamville,CHESTER - BECKHAMVILLE,44292169.924116,0.961453,1
023,Chester,VTD 25,4502325,Chester - VTD 25,CHESTER - VTD 25,46067973.488934,Chester,023,Richburg,Chester - Richburg,CHESTER - RICHBURG,1763737.188688,0.038286,2
023,Chester,VTD 25,4502325,Chester - VTD 25,CHESTER - VTD 25,46067973.488934,Chester,023,Great Falls Nos. 1 and 2,Chester - Great Falls Nos. 1 and 2,CHESTER - GREAT FALLS NOS. 1 AND 2,11990.509245,0.000260,3
023,Chester,VTD 29,4502329,Chester - VTD 29,CHESTER - VTD 29,5673109.774473,Chester,023,Chester Ward 2,Chester - Chester Ward 2,CHESTER - CHESTER WARD 2,5597630.138853,0.986695,1
023,Chester,VTD 29,4502329,Chester - VTD 29,CHESTER - VTD 29,5673109.774473,Chester,023,Baldwin Mill,Chester - Baldwin Mill,CHESTER - BALDWIN MILL,75456.297306,0.013301,2
023,Chester,VTD 26,4502326,Chester - VTD 26,CHESTER - VTD 26,14217917.022108,Chester,023,Great Falls Nos. 1 and 2,Chester - Great Falls Nos. 1 and 2,CHESTER - GREAT FALLS NOS. 1 AND 2,14217902.762374,0.999999,1
023,Chester,VTD 4,450234,Chester - VTD 4,CHESTER - VTD 4,63211651.075403,Chester,023,Rodman,Chester - Rodman,CHESTER - RODMAN,63099189.769947,0.998221,1
023,Chester,VTD 4,450234,Chester - VTD 4,CHESTER - VTD 4,63211651.075403,Chester,023,Lando,Chester - Lando,CHESTER - LANDO,79704.163746,0.001261,2
023,Chester,VTD 4,450234,Chester - VTD 4,CHESTER - VTD 4,63211651.075403,Chester,023,Edgemoor,Chester - Edgemoor,CHESTER - EDGEMOOR,29273.342872,0.000463,3
023,Chester,VTD 12,4502312,Chester - VTD 12,CHESTER - VTD 12,56270935.142207,Chester,023,Rodman,Chester - Rodman,CHESTER - RODMAN,56137178.987683,0.997623,1
023,Chester,VTD 12,4502312,Chester - VTD 12,CHESTER - VTD 12,56270935.142207,Chester,023,Richburg,Chester - Richburg,CHESTER - RICHBURG,91916.358227,0.001633,2
023,Chester,VTD 12,4502312,Chester - VTD 12,CHESTER - VTD 12,56270935.142207,Chester,023,Lando,Chester - Lando,CHESTER - LANDO,41839.796297,0.000744,3
023,Chester,VTD 17,4502317,Chester - VTD 17,CHESTER - VTD 17,104476935.485730,Chester,023,Richburg,Chester - Richburg,CHESTER - RICHBURG,100715366.089658,0.963996,1
023,Chester,VTD 17,4502317,Chester - VTD 17,CHESTER - VTD 17,104476935.485730,Chester,023,Beckhamville,Chester - Beckhamville,CHESTER - BECKHAMVILLE,3743727.213564,0.035833,2
023,Chester,VTD 17,4502317,Chester - VTD 17,CHESTER - VTD 17,104476935.485730,Chester,023,Hazelwood,Chester - Hazelwood,CHESTER - HAZELWOOD,14991.806638,0.000143,3
023,Chester,VTD 7,450237,Chester - VTD 7,CHESTER - VTD 7,55621989.589107,Chester,023,Wilksburg,Chester - Wilksburg,CHESTER - WILKSBURG,55621988.862269,1.000000,1
023,Chester,VTD 9,450239,Chester - VTD 9,CHESTER - VTD 9,45920184.653330,Chester,023,Baldwin Mill,Chester - Baldwin Mill,CHESTER - BALDWIN MILL,45909773.841306,0.999773,1
023,Chester,VTD 9,450239,Chester - VTD 9,CHESTER - VTD 9,45920184.653330,Chester,023,Chester Ward 2,Chester - Chester Ward 2,CHESTER - CHESTER WARD 2,10410.740907,0.000227,2
023,Chester,VTD 16,4502316,Chester - VTD 16,CHESTER - VTD 16,84005124.786928,Chester,023,Chester Ward 1,Chester - Chester Ward 1,CHESTER - CHESTER WARD 1,84004689.197166,0.999995,1
023,Chester,VTD 23,4502323,Chester - VTD 23,CHESTER - VTD 23,66571367.784176,Chester,023,Hazelwood,Chester - Hazelwood,CHESTER - HAZELWOOD,66571367.611087,1.000000,1
023,Chester,VTD 15,4502315,Chester - VTD 15,CHESTER - VTD 15,8284916.132637,Chester,023,Chester Ward 4,Chester - Chester Ward 4,CHESTER - CHESTER WARD 4,8284890.293437,0.999997,1
023,Chester,VTD 11,4502311,Chester - VTD 11,CHESTER - VTD 11,18193055.405860,Chester,023,Eureka Mill,Chester - Eureka Mill,CHESTER - EUREKA MILL,18192706.283689,0.999981,1
023,Chester,VTD 24,4502324,Chester - VTD 24,CHESTER - VTD 24,79644772.085882,Chester,023,Rossville,Chester - Rossville,CHESTER - ROSSVILLE,77339053.861387,0.971050,1
023,Chester,VTD 24,4502324,Chester - VTD 24,CHESTER - VTD 24,79644772.085882,Chester,023,Richburg,Chester - Richburg,CHESTER - RICHBURG,2305703.076695,0.028950,2
023,Chester,VTD 18,4502318,Chester - VTD 18,CHESTER - VTD 18,72405446.889527,Chester,023,Fort Lawn,Chester - Fort Lawn,CHESTER - FORT LAWN,67412396.030190,0.931040,1
023,Chester,VTD 18,4502318,Chester - VTD 18,CHESTER - VTD 18,72405446.889527,Chester,023,Richburg,Chester - Richburg,CHESTER - RICHBURG,2981672.371534,0.041180,2
023,Chester,VTD 18,4502318,Chester - VTD 18,CHESTER - VTD 18,72405446.889527,Chester,023,Beckhamville,Chester - Beckhamville,CHESTER - BECKHAMVILLE,2011378.423864,0.027779,3
023,Chester,VTD 10,4502310,Chester - VTD 10,CHESTER - VTD 10,25061155.141078,Chester,023,Chester Ward 1,Chester - Chester Ward 1,CHESTER - CHESTER WARD 1,25060985.071384,0.999993,1
023,Chester,VTD 20,4502320,Chester - VTD 20,CHESTER - VTD 20,71521657.576009,Chester,023,Blackstock,Chester - Blackstock,CHESTER - BLACKSTOCK,71521657.006286,1.000000,1
023,Chester,VTD 19,4502319,Chester - VTD 19,CHESTER - VTD 19,72014241.589417,Chester,023,Halsellville,Chester - Halsellville,CHESTER - HALSELLVILLE,66271972.023560,0.920262,1
023,Chester,VTD 19,4502319,Chester - VTD 19,CHESTER - VTD 19,72014241.589417,Chester,023,Blackstock,Chester - Blackstock,CHESTER - BLACKSTOCK,5732320.098251,0.079600,2
023,Chester,VTD 19,4502319,Chester - VTD 19,CHESTER - VTD 19,72014241.589417,Chester,023,Chester Ward 1,Chester - Chester Ward 1,CHESTER - CHESTER WARD 1,9947.750183,0.000138,3
023,Chester,VTD 2,450232,Chester - VTD 2,CHESTER - VTD 2,41928883.162147,Chester,023,Baton Rouge,Chester - Baton Rouge,CHESTER - BATON ROUGE,40110711.786513,0.956637,1
023,Chester,VTD 2,450232,Chester - VTD 2,CHESTER - VTD 2,41928883.162147,Chester,023,Wilksburg,Chester - Wilksburg,CHESTER - WILKSBURG,1818170.329786,0.043363,2
023,Chester,VTD 3,450233,Chester - VTD 3,CHESTER - VTD 3,92702915.805745,Chester,023,Lowrys,Chester - Lowrys,CHESTER - LOWRYS,89415037.921156,0.964533,1
023,Chester,VTD 3,450233,Chester - VTD 3,CHESTER - VTD 3,92702915.805745,Chester,023,Rodman,Chester - Rodman,CHESTER - RODMAN,3287870.077016,0.035467,2
023,Chester,VTD 21,4502321,Chester - VTD 21,CHESTER - VTD 21,49149878.424611,Chester,023,Blackstock,Chester - Blackstock,CHESTER - BLACKSTOCK,49149878.312658,1.000000,1
023,Chester,VTD 1,450231,Chester - VTD 1,CHESTER - VTD 1,94948796.343886,Chester,023,Wilksburg,Chester - Wilksburg,CHESTER - WILKSBURG,94902736.336704,0.999515,1
023,Chester,VTD 1,450231,Chester - VTD 1,CHESTER - VTD 1,94948796.343886,Chester,023,Lowrys,Chester - Lowrys,CHESTER - LOWRYS,46047.442332,0.000485,2
023,Chester,VTD 14,4502314,Chester - VTD 14,CHESTER - VTD 14,70364527.790584,Chester,023,Halsellville,Chester - Halsellville,CHESTER - HALSELLVILLE,66839840.200656,0.949908,1
023,Chester,VTD 14,4502314,Chester - VTD 14,CHESTER - VTD 14,70364527.790584,Chester,023,Wilksburg,Chester - Wilksburg,CHESTER - WILKSBURG,3524566.473764,0.050090,2
023,Chester,VTD 8,450238,Chester - VTD 8,CHESTER - VTD 8,64911863.952459,Chester,023,Baton Rouge,Chester - Baton Rouge,CHESTER - BATON ROUGE,64229496.816260,0.989488,1
023,Chester,VTD 8,450238,Chester - VTD 8,CHESTER - VTD 8,64911863.952459,Chester,023,Baldwin Mill,Chester - Baldwin Mill,CHESTER - BALDWIN MILL,682366.017537,0.010512,2
025,Chesterfield,VTD 21,4502521,Chesterfield - VTD 21,CHESTERFIELD - VTD 21,122140596.934817,Chesterfield,025,Pageland No. 1,Chesterfield - Pageland No. 1,CHESTERFIELD - PAGELAND NO. 1,73161920.776576,0.598998,1
025,Chesterfield,VTD 21,4502521,Chesterfield - VTD 21,CHESTERFIELD - VTD 21,122140596.934817,Chesterfield,025,Pageland No. 2,Chesterfield - Pageland No. 2,CHESTERFIELD - PAGELAND NO. 2,48976649.344817,0.400986,2
025,Chesterfield,VTD 17,4502517,Chesterfield - VTD 17,CHESTERFIELD - VTD 17,17134856.829969,Chesterfield,025,Dudley-Mangum,Chesterfield - Dudley-Mangum,CHESTERFIELD - DUDLEY-MANGUM,15894195.450361,0.927594,1
025,Chesterfield,VTD 17,4502517,Chesterfield - VTD 17,CHESTERFIELD - VTD 17,17134856.829969,Chesterfield,025,Pageland No. 2,Chesterfield - Pageland No. 2,CHESTERFIELD - PAGELAND NO. 2,1115595.038272,0.065107,2
025,Chesterfield,VTD 17,4502517,Chesterfield - VTD 17,CHESTERFIELD - VTD 17,17134856.829969,Chesterfield,025,Pageland No. 1,Chesterfield - Pageland No. 1,CHESTERFIELD - PAGELAND NO. 1,125066.341336,0.007299,3
025,Chesterfield,VTD 16,4502516,Chesterfield - VTD 16,CHESTERFIELD - VTD 16,129463754.362694,Chesterfield,025,Jefferson,Chesterfield - Jefferson,CHESTERFIELD - JEFFERSON,100389747.971748,0.775427,1
025,Chesterfield,VTD 16,4502516,Chesterfield - VTD 16,CHESTERFIELD - VTD 16,129463754.362694,Chesterfield,025,Angelus-Cararrh,Chesterfield - Angelus-Cararrh,CHESTERFIELD - ANGELUS-CARARRH,29074005.023762,0.224573,2
025,Chesterfield,VTD 1,450251,Chesterfield - VTD 1,CHESTERFIELD - VTD 1,48727715.570408,Chesterfield,025,Angelus-Cararrh,Chesterfield - Angelus-Cararrh,CHESTERFIELD - ANGELUS-CARARRH,48727715.570408,1.000000,1
025,Chesterfield,VTD 30,4502530,Chesterfield - VTD 30,CHESTERFIELD - VTD 30,57731991.036772,Chesterfield,025,Center Grove-Winzo,Chesterfield - Center Grove-Winzo,CHESTERFIELD - CENTER GROVE-WINZO,57731988.406779,1.000000,1
025,Chesterfield,VTD 31,4502531,Chesterfield - VTD 31,CHESTERFIELD - VTD 31,170530342.881483,Chesterfield,025,Mcbee,Chesterfield - Mcbee,CHESTERFIELD - MCBEE,99206389.114949,0.581752,1
025,Chesterfield,VTD 31,4502531,Chesterfield - VTD 31,CHESTERFIELD - VTD 31,170530342.881483,Chesterfield,025,Angelus-Cararrh,Chesterfield - Angelus-Cararrh,CHESTERFIELD - ANGELUS-CARARRH,41382350.899259,0.242669,2
025,Chesterfield,VTD 31,4502531,Chesterfield - VTD 31,CHESTERFIELD - VTD 31,170530342.881483,Chesterfield,025,Bay Springs,Chesterfield - Bay Springs,CHESTERFIELD - BAY SPRINGS,29941602.521020,0.175579,3
025,Chesterfield,VTD 19,4502519,Chesterfield - VTD 19,CHESTERFIELD - VTD 19,35898803.755227,Chesterfield,025,Mt. Croghan,Chesterfield - Mt. Croghan,CHESTERFIELD - MT. CROGHAN,35898800.368323,1.000000,1
025,Chesterfield,VTD 28,4502528,Chesterfield - VTD 28,CHESTERFIELD - VTD 28,35842080.923177,Chesterfield,025,Ruby,Chesterfield - Ruby,CHESTERFIELD - RUBY,22996574.068870,0.641608,1
025,Chesterfield,VTD 28,4502528,Chesterfield - VTD 28,CHESTERFIELD - VTD 28,35842080.923177,Chesterfield,025,Snow Hill-Vaughn,Chesterfield - Snow Hill-Vaughn,CHESTERFIELD - SNOW HILL-VAUGHN,7277426.934381,0.203041,2
025,Chesterfield,VTD 28,4502528,Chesterfield - VTD 28,CHESTERFIELD - VTD 28,35842080.923177,Chesterfield,025,Mt. Croghan,Chesterfield - Mt. Croghan,CHESTERFIELD - MT. CROGHAN,5568079.919925,0.155350,3
025,Chesterfield,VTD 24,4502524,Chesterfield - VTD 24,CHESTERFIELD - VTD 24,50212458.157382,Chesterfield,025,Ruby,Chesterfield - Ruby,CHESTERFIELD - RUBY,37790532.590043,0.752613,1
025,Chesterfield,VTD 24,4502524,Chesterfield - VTD 24,CHESTERFIELD - VTD 24,50212458.157382,Chesterfield,025,Black Creek,Chesterfield - Black Creek,CHESTERFIELD - BLACK CREEK,6839363.851763,0.136209,2
025,Chesterfield,VTD 24,4502524,Chesterfield - VTD 24,CHESTERFIELD - VTD 24,50212458.157382,Chesterfield,025,Mt. Croghan,Chesterfield - Mt. Croghan,CHESTERFIELD - MT. CROGHAN,5582561.512379,0.111179,3
025,Chesterfield,VTD 8,450258,Chesterfield - VTD 8,CHESTERFIELD - VTD 8,8322130.522935,Chesterfield,025,Ruby,Chesterfield - Ruby,CHESTERFIELD - RUBY,5757854.638336,0.691873,1
025,Chesterfield,VTD 8,450258,Chesterfield - VTD 8,CHESTERFIELD - VTD 8,8322130.522935,Chesterfield,025,Courthouse,Chesterfield - Courthouse,CHESTERFIELD - COURTHOUSE,2564275.884599,0.308127,2
025,Chesterfield,VTD 12,4502512,Chesterfield - VTD 12,CHESTERFIELD - VTD 12,32294045.707800,Chesterfield,025,Courthouse,Chesterfield - Courthouse,CHESTERFIELD - COURTHOUSE,29481212.595055,0.912899,1
025,Chesterfield,VTD 12,4502512,Chesterfield - VTD 12,CHESTERFIELD - VTD 12,32294045.707800,Chesterfield,025,Snow Hill-Vaughn,Chesterfield - Snow Hill-Vaughn,CHESTERFIELD - SNOW HILL-VAUGHN,2812832.066282,0.087101,2
025,Chesterfield,VTD 27,4502527,Chesterfield - VTD 27,CHESTERFIELD - VTD 27,20470706.418420,Chesterfield,025,Snow Hill-Vaughn,Chesterfield - Snow Hill-Vaughn,CHESTERFIELD - SNOW HILL-VAUGHN,20470706.418420,1.000000,1
025,Chesterfield,VTD 26,4502526,Chesterfield - VTD 26,CHESTERFIELD - VTD 26,14181580.546986,Chesterfield,025,Snow Hill-Vaughn,Chesterfield - Snow Hill-Vaughn,CHESTERFIELD - SNOW HILL-VAUGHN,14181579.287888,1.000000,1
025,Chesterfield,VTD 4,450254,Chesterfield - VTD 4,CHESTERFIELD - VTD 4,109976086.202170,Chesterfield,025,Brocks Mill,Chesterfield - Brocks Mill,CHESTERFIELD - BROCKS MILL,109545946.904327,0.996089,1
025,Chesterfield,VTD 4,450254,Chesterfield - VTD 4,CHESTERFIELD - VTD 4,109976086.202170,Chesterfield,025,Cheraw No. 1,Chesterfield - Cheraw No. 1,CHESTERFIELD - CHERAW NO. 1,430135.824526,0.003911,2
025,Chesterfield,VTD 9,450259,Chesterfield - VTD 9,CHESTERFIELD - VTD 9,17706867.292762,Chesterfield,025,Cheraw No. 1,Chesterfield - Cheraw No. 1,CHESTERFIELD - CHERAW NO. 1,17696654.139249,0.999423,1
025,Chesterfield,VTD 9,450259,Chesterfield - VTD 9,CHESTERFIELD - VTD 9,17706867.292762,Chesterfield,025,Brocks Mill,Chesterfield - Brocks Mill,CHESTERFIELD - BROCKS MILL,10210.546484,0.000577,2
025,Chesterfield,VTD 33,4502533,Chesterfield - VTD 33,CHESTERFIELD - VTD 33,45361488.544348,Chesterfield,025,Courthouse,Chesterfield - Courthouse,CHESTERFIELD - COURTHOUSE,37407852.287400,0.824661,1
025,Chesterfield,VTD 33,4502533,Chesterfield - VTD 33,CHESTERFIELD - VTD 33,45361488.544348,Chesterfield,025,Snow Hill-Vaughn,Chesterfield - Snow Hill-Vaughn,CHESTERFIELD - SNOW HILL-VAUGHN,7953630.687659,0.175339,2
025,Chesterfield,VTD 10,4502510,Chesterfield - VTD 10,CHESTERFIELD - VTD 10,55925520.518924,Chesterfield,025,Cheraw No. 4,Chesterfield - Cheraw No. 4,CHESTERFIELD - CHERAW NO. 4,19984157.131506,0.357335,1
025,Chesterfield,VTD 10,4502510,Chesterfield - VTD 10,CHESTERFIELD - VTD 10,55925520.518924,Chesterfield,025,Cash,Chesterfield - Cash,CHESTERFIELD - CASH,12170618.995287,0.217622,2
025,Chesterfield,VTD 10,4502510,Chesterfield - VTD 10,CHESTERFIELD - VTD 10,55925520.518924,Chesterfield,025,Cheraw No. 3,Chesterfield - Cheraw No. 3,CHESTERFIELD - CHERAW NO. 3,12141308.922171,0.217098,3
025,Chesterfield,VTD 10,4502510,Chesterfield - VTD 10,CHESTERFIELD - VTD 10,55925520.518924,Chesterfield,025,Cheraw No. 2,Chesterfield - Cheraw No. 2,CHESTERFIELD - CHERAW NO. 2,10684354.542572,0.191046,4
025,Chesterfield,VTD 10,4502510,Chesterfield - VTD 10,CHESTERFIELD - VTD 10,55925520.518924,Chesterfield,025,Cheraw No. 1,Chesterfield - Cheraw No. 1,CHESTERFIELD - CHERAW NO. 1,928766.485665,0.016607,5
025,Chesterfield,VTD 10,4502510,Chesterfield - VTD 10,CHESTERFIELD - VTD 10,55925520.518924,Chesterfield,025,Grants Mill,Chesterfield - Grants Mill,CHESTERFIELD - GRANTS MILL,16312.393953,0.000292,6
025,Chesterfield,VTD 5,450255,Chesterfield - VTD 5,CHESTERFIELD - VTD 5,127565212.913985,Chesterfield,025,Cash,Chesterfield - Cash,CHESTERFIELD - CASH,127565211.850270,1.000000,1
025,Chesterfield,VTD 23,4502523,Chesterfield - VTD 23,CHESTERFIELD - VTD 23,95952323.856799,Chesterfield,025,Pee Dee,Chesterfield - Pee Dee,CHESTERFIELD - PEE DEE,93218180.053462,0.971505,1
025,Chesterfield,VTD 23,4502523,Chesterfield - VTD 23,CHESTERFIELD - VTD 23,95952323.856799,Chesterfield,025,Ousleydale,Chesterfield - Ousleydale,CHESTERFIELD - OUSLEYDALE,2734139.403407,0.028495,2
025,Chesterfield,VTD 2,450252,Chesterfield - VTD 2,CHESTERFIELD - VTD 2,43793439.087958,Chesterfield,025,Bay Springs,Chesterfield - Bay Springs,CHESTERFIELD - BAY SPRINGS,43793439.087958,1.000000,1
025,Chesterfield,VTD 22,4502522,Chesterfield - VTD 22,CHESTERFIELD - VTD 22,119136119.821273,Chesterfield,025,Patrick,Chesterfield - Patrick,CHESTERFIELD - PATRICK,118412172.288403,0.993923,1
025,Chesterfield,VTD 22,4502522,Chesterfield - VTD 22,CHESTERFIELD - VTD 22,119136119.821273,Chesterfield,025,Ousleydale,Chesterfield - Ousleydale,CHESTERFIELD - OUSLEYDALE,696508.487605,0.005846,2
025,Chesterfield,VTD 22,4502522,Chesterfield - VTD 22,CHESTERFIELD - VTD 22,119136119.821273,Chesterfield,025,Grants Mill,Chesterfield - Grants Mill,CHESTERFIELD - GRANTS MILL,27439.045265,0.000230,3
025,Chesterfield,VTD 18,4502518,Chesterfield - VTD 18,CHESTERFIELD - VTD 18,63152318.216363,Chesterfield,025,Middendorf,Chesterfield - Middendorf,CHESTERFIELD - MIDDENDORF,61601729.989069,0.975447,1
025,Chesterfield,VTD 18,4502518,Chesterfield - VTD 18,CHESTERFIELD - VTD 18,63152318.216363,Chesterfield,025,Bay Springs,Chesterfield - Bay Springs,CHESTERFIELD - BAY SPRINGS,1466447.629604,0.023221,2
025,Chesterfield,VTD 18,4502518,Chesterfield - VTD 18,CHESTERFIELD - VTD 18,63152318.216363,Chesterfield,025,Mcbee,Chesterfield - Mcbee,CHESTERFIELD - MCBEE,84140.597689,0.001332,3
025,Chesterfield,VTD 20,4502520,Chesterfield - VTD 20,CHESTERFIELD - VTD 20,63725944.832188,Chesterfield,025,Ousleydale,Chesterfield - Ousleydale,CHESTERFIELD - OUSLEYDALE,31621419.682879,0.496210,1
025,Chesterfield,VTD 20,4502520,Chesterfield - VTD 20,CHESTERFIELD - VTD 20,63725944.832188,Chesterfield,025,Patrick,Chesterfield - Patrick,CHESTERFIELD - PATRICK,23939659.152700,0.375666,2
025,Chesterfield,VTD 20,4502520,Chesterfield - VTD 20,CHESTERFIELD - VTD 20,63725944.832188,Chesterfield,025,Middendorf,Chesterfield - Middendorf,CHESTERFIELD - MIDDENDORF,8164865.996608,0.128125,3
025,Chesterfield,VTD 6,450256,Chesterfield - VTD 6,CHESTERFIELD - VTD 6,40951807.667404,Chesterfield,025,Ousleydale,Chesterfield - Ousleydale,CHESTERFIELD - OUSLEYDALE,38542286.654571,0.941162,1
025,Chesterfield,VTD 6,450256,Chesterfield - VTD 6,CHESTERFIELD - VTD 6,40951807.667404,Chesterfield,025,Patrick,Chesterfield - Patrick,CHESTERFIELD - PATRICK,2409521.012833,0.058838,2
025,Chesterfield,VTD 7,450257,Chesterfield - VTD 7,CHESTERFIELD - VTD 7,44442758.499492,Chesterfield,025,Center Grove-Winzo,Chesterfield - Center Grove-Winzo,CHESTERFIELD - CENTER GROVE-WINZO,23387223.029821,0.526232,1
025,Chesterfield,VTD 7,450257,Chesterfield - VTD 7,CHESTERFIELD - VTD 7,44442758.499492,Chesterfield,025,Jefferson,Chesterfield - Jefferson,CHESTERFIELD - JEFFERSON,21055534.961650,0.473768,2
025,Chesterfield,VTD 11,4502511,Chesterfield - VTD 11,CHESTERFIELD - VTD 11,10659396.457254,Chesterfield,025,Cheraw No. 3,Chesterfield - Cheraw No. 3,CHESTERFIELD - CHERAW NO. 3,10627641.531323,0.997021,1
025,Chesterfield,VTD 11,4502511,Chesterfield - VTD 11,CHESTERFIELD - VTD 11,10659396.457254,Chesterfield,025,Cheraw No. 2,Chesterfield - Cheraw No. 2,CHESTERFIELD - CHERAW NO. 2,26295.865638,0.002467,2
025,Chesterfield,VTD 11,4502511,Chesterfield - VTD 11,CHESTERFIELD - VTD 11,10659396.457254,Chesterfield,025,Cheraw No. 4,Chesterfield - Cheraw No. 4,CHESTERFIELD - CHERAW NO. 4,5454.266570,0.000512,3
025,Chesterfield,VTD 3,450253,Chesterfield - VTD 3,CHESTERFIELD - VTD 3,48408530.779590,Chesterfield,025,Black Creek,Chesterfield - Black Creek,CHESTERFIELD - BLACK CREEK,47937755.015158,0.990275,1
025,Chesterfield,VTD 3,450253,Chesterfield - VTD 3,CHESTERFIELD - VTD 3,48408530.779590,Chesterfield,025,Center Grove-Winzo,Chesterfield - Center Grove-Winzo,CHESTERFIELD - CENTER GROVE-WINZO,470775.418582,0.009725,2
025,Chesterfield,VTD 29,4502529,Chesterfield - VTD 29,CHESTERFIELD - VTD 29,86796334.863544,Chesterfield,025,Bay Springs,Chesterfield - Bay Springs,CHESTERFIELD - BAY SPRINGS,62200231.401377,0.716623,1
025,Chesterfield,VTD 29,4502529,Chesterfield - VTD 29,CHESTERFIELD - VTD 29,86796334.863544,Chesterfield,025,Angelus-Cararrh,Chesterfield - Angelus-Cararrh,CHESTERFIELD - ANGELUS-CARARRH,6972429.496357,0.080331,2
025,Chesterfield,VTD 29,4502529,Chesterfield - VTD 29,CHESTERFIELD - VTD 29,86796334.863544,Chesterfield,025,Ruby,Chesterfield - Ruby,CHESTERFIELD - RUBY,6842338.581404,0.078832,3
025,Chesterfield,VTD 29,4502529,Chesterfield - VTD 29,CHESTERFIELD - VTD 29,86796334.863544,Chesterfield,025,Black Creek,Chesterfield - Black Creek,CHESTERFIELD - BLACK CREEK,5780728.618960,0.066601,4
025,Chesterfield,VTD 29,4502529,Chesterfield - VTD 29,CHESTERFIELD - VTD 29,86796334.863544,Chesterfield,025,Courthouse,Chesterfield - Courthouse,CHESTERFIELD - COURTHOUSE,5000606.765446,0.057613,5
025,Chesterfield,VTD 32,4502532,Chesterfield - VTD 32,CHESTERFIELD - VTD 32,152806678.787293,Chesterfield,025,Mcbee,Chesterfield - Mcbee,CHESTERFIELD - MCBEE,152577792.766232,0.998502,1
025,Chesterfield,VTD 32,4502532,Chesterfield - VTD 32,CHESTERFIELD - VTD 32,152806678.787293,Chesterfield,025,Middendorf,Chesterfield - Middendorf,CHESTERFIELD - MIDDENDORF,228871.112298,0.001498,2
025,Chesterfield,VTD 13,4502513,Chesterfield - VTD 13,CHESTERFIELD - VTD 13,29120810.282878,Chesterfield,025,Mt. Croghan,Chesterfield - Mt. Croghan,CHESTERFIELD - MT. CROGHAN,14812207.075640,0.508647,1
025,Chesterfield,VTD 13,4502513,Chesterfield - VTD 13,CHESTERFIELD - VTD 13,29120810.282878,Chesterfield,025,Center Grove-Winzo,Chesterfield - Center Grove-Winzo,CHESTERFIELD - CENTER GROVE-WINZO,10110176.190191,0.347180,2
025,Chesterfield,VTD 13,4502513,Chesterfield - VTD 13,CHESTERFIELD - VTD 13,29120810.282878,Chesterfield,025,Black Creek,Chesterfield - Black Creek,CHESTERFIELD - BLACK CREEK,4198427.017047,0.144173,3
025,Chesterfield,VTD 15,4502515,Chesterfield - VTD 15,CHESTERFIELD - VTD 15,79717101.212661,Chesterfield,025,Grants Mill,Chesterfield - Grants Mill,CHESTERFIELD - GRANTS MILL,79623354.296309,0.998824,1
025,Chesterfield,VTD 15,4502515,Chesterfield - VTD 15,CHESTERFIELD - VTD 15,79717101.212661,Chesterfield,025,Cheraw No. 4,Chesterfield - Cheraw No. 4,CHESTERFIELD - CHERAW NO. 4,79078.153901,0.000992,2
025,Chesterfield,VTD 15,4502515,Chesterfield - VTD 15,CHESTERFIELD - VTD 15,79717101.212661,Chesterfield,025,Patrick,Chesterfield - Patrick,CHESTERFIELD - PATRICK,14177.708737,0.000178,3
025,Chesterfield,VTD 25,4502525,Chesterfield - VTD 25,CHESTERFIELD - VTD 25,58573680.268292,Chesterfield,025,Shiloh,Chesterfield - Shiloh,CHESTERFIELD - SHILOH,57001672.965586,0.973162,1
025,Chesterfield,VTD 25,4502525,Chesterfield - VTD 25,CHESTERFIELD - VTD 25,58573680.268292,Chesterfield,025,Bay Springs,Chesterfield - Bay Springs,CHESTERFIELD - BAY SPRINGS,1572004.781892,0.026838,2
025,Chesterfield,VTD 14,4502514,Chesterfield - VTD 14,CHESTERFIELD - VTD 14,50146978.360390,Chesterfield,025,Dudley-Mangum,Chesterfield - Dudley-Mangum,CHESTERFIELD - DUDLEY-MANGUM,50146972.816278,1.000000,1
027,Clarendon,VTD 6,450276,Clarendon - VTD 6,CLARENDON - VTD 6,23590707.477381,Clarendon,027,Barrows Mill,Clarendon - Barrows Mill,CLARENDON - BARROWS MILL,23590705.977027,1.000000,1
027,Clarendon,VTD 4,450274,Clarendon - VTD 4,CLARENDON - VTD 4,53084397.202634,Clarendon,027,New Zion,Clarendon - New Zion,CLARENDON - NEW ZION,53067835.973657,0.999688,1
027,Clarendon,VTD 4,450274,Clarendon - VTD 4,CLARENDON - VTD 4,53084397.202634,Clarendon,027,Barrows Mill,Clarendon - Barrows Mill,CLARENDON - BARROWS MILL,9261.324136,0.000174,2
027,Clarendon,VTD 4,450274,Clarendon - VTD 4,CLARENDON - VTD 4,53084397.202634,Clarendon,027,Turbeville,Clarendon - Turbeville,CLARENDON - TURBEVILLE,7299.184430,0.000138,3
027,Clarendon,VTD 3,450273,Clarendon - VTD 3,CLARENDON - VTD 3,52121789.532700,Clarendon,027,Barrineau,Clarendon - Barrineau,CLARENDON - BARRINEAU,52121765.021828,1.000000,1
027,Clarendon,VTD 1,450271,Clarendon - VTD 1,CLARENDON - VTD 1,51612944.886458,Clarendon,027,Turbeville,Clarendon - Turbeville,CLARENDON - TURBEVILLE,51612368.470553,0.999989,1
027,Clarendon,VTD 2,450272,Clarendon - VTD 2,CLARENDON - VTD 2,34063981.987023,Clarendon,027,Hicks,Clarendon - Hicks,CLARENDON - HICKS,34063971.494864,1.000000,1
027,Clarendon,VTD 18,4502718,Clarendon - VTD 18,CLARENDON - VTD 18,16402901.319916,Clarendon,027,Manning No. 1,Clarendon - Manning No. 1,CLARENDON - MANNING NO. 1,16398840.835264,0.999752,1
027,Clarendon,VTD 18,4502718,Clarendon - VTD 18,CLARENDON - VTD 18,16402901.319916,Clarendon,027,Manning No. 5,Clarendon - Manning No. 5,CLARENDON - MANNING NO. 5,4058.839214,0.000247,2
027,Clarendon,VTD 20,4502720,Clarendon - VTD 20,CLARENDON - VTD 20,115181908.798263,Clarendon,027,Calvary,Clarendon - Calvary,CLARENDON - CALVARY,114879282.324518,0.997373,1
027,Clarendon,VTD 20,4502720,Clarendon - VTD 20,CLARENDON - VTD 20,115181908.798263,Clarendon,027,Paxville,Clarendon - Paxville,CLARENDON - PAXVILLE,302621.541419,0.002627,2
027,Clarendon,VTD 21,4502721,Clarendon - VTD 21,CLARENDON - VTD 21,37813456.465510,Clarendon,027,Panola,Clarendon - Panola,CLARENDON - PANOLA,37431156.074597,0.989890,1
027,Clarendon,VTD 21,4502721,Clarendon - VTD 21,CLARENDON - VTD 21,37813456.465510,Clarendon,027,Summerton No. 3,Clarendon - Summerton No. 3,CLARENDON - SUMMERTON NO. 3,361348.204865,0.009556,2
027,Clarendon,VTD 21,4502721,Clarendon - VTD 21,CLARENDON - VTD 21,37813456.465510,Clarendon,027,Calvary,Clarendon - Calvary,CLARENDON - CALVARY,20952.186048,0.000554,3
027,Clarendon,VTD 13,4502713,Clarendon - VTD 13,CLARENDON - VTD 13,89789692.005224,Clarendon,027,Wilson Foreston,Clarendon - Wilson Foreston,CLARENDON - WILSON FORESTON,89686612.984708,0.998852,1
027,Clarendon,VTD 13,4502713,Clarendon - VTD 13,CLARENDON - VTD 13,89789692.005224,Clarendon,027,Oakdale,Clarendon - Oakdale,CLARENDON - OAKDALE,103079.020516,0.001148,2
027,Clarendon,VTD 23,4502723,Clarendon - VTD 23,CLARENDON - VTD 23,74118425.969021,Clarendon,027,Summerton No. 2,Clarendon - Summerton No. 2,CLARENDON - SUMMERTON NO. 2,74118416.461842,1.000000,1
027,Clarendon,VTD 10,4502710,Clarendon - VTD 10,CLARENDON - VTD 10,49940559.903612,Clarendon,027,Oakdale,Clarendon - Oakdale,CLARENDON - OAKDALE,49940556.923687,1.000000,1
027,Clarendon,VTD 11,4502711,Clarendon - VTD 11,CLARENDON - VTD 11,24186341.998376,Clarendon,027,Home Branch,Clarendon - Home Branch,CLARENDON - HOME BRANCH,24186340.241308,1.000000,1
027,Clarendon,VTD 14,4502714,Clarendon - VTD 14,CLARENDON - VTD 14,70064304.329430,Clarendon,027,Paxville,Clarendon - Paxville,CLARENDON - PAXVILLE,66173581.892796,0.944469,1
027,Clarendon,VTD 14,4502714,Clarendon - VTD 14,CLARENDON - VTD 14,70064304.329430,Clarendon,027,Summerton No. 3,Clarendon - Summerton No. 3,CLARENDON - SUMMERTON NO. 3,3844821.647297,0.054876,2
027,Clarendon,VTD 14,4502714,Clarendon - VTD 14,CLARENDON - VTD 14,70064304.329430,Clarendon,027,Calvary,Clarendon - Calvary,CLARENDON - CALVARY,45900.311300,0.000655,3
027,Clarendon,VTD 8,450278,Clarendon - VTD 8,CLARENDON - VTD 8,53104739.885659,Clarendon,027,Harmony,Clarendon - Harmony,CLARENDON - HARMONY,53101402.799828,0.999937,1
027,Clarendon,VTD 9,450279,Clarendon - VTD 9,CLARENDON - VTD 9,78241519.284019,Clarendon,027,Harmony,Clarendon - Harmony,CLARENDON - HARMONY,78241516.876146,1.000000,1
027,Clarendon,VTD 12,4502712,Clarendon - VTD 12,CLARENDON - VTD 12,41260547.233417,Clarendon,027,Manning No. 5,Clarendon - Manning No. 5,CLARENDON - MANNING NO. 5,41228493.599224,0.999223,1
027,Clarendon,VTD 12,4502712,Clarendon - VTD 12,CLARENDON - VTD 12,41260547.233417,Clarendon,027,Alcolu,Clarendon - Alcolu,CLARENDON - ALCOLU,32053.150844,0.000777,2
027,Clarendon,VTD 15,4502715,Clarendon - VTD 15,CLARENDON - VTD 15,32096838.773709,Clarendon,027,Manning No. 4,Clarendon - Manning No. 4,CLARENDON - MANNING NO. 4,29159900.461372,0.908498,1
027,Clarendon,VTD 15,4502715,Clarendon - VTD 15,CLARENDON - VTD 15,32096838.773709,Clarendon,027,Summerton No. 3,Clarendon - Summerton No. 3,CLARENDON - SUMMERTON NO. 3,2931734.094994,0.091340,2
027,Clarendon,VTD 15,4502715,Clarendon - VTD 15,CLARENDON - VTD 15,32096838.773709,Clarendon,027,Manning No. 3,Clarendon - Manning No. 3,CLARENDON - MANNING NO. 3,5204.217343,0.000162,3
027,Clarendon,VTD 16,4502716,Clarendon - VTD 16,CLARENDON - VTD 16,22399415.164451,Clarendon,027,Manning No. 3,Clarendon - Manning No. 3,CLARENDON - MANNING NO. 3,22399412.160846,1.000000,1
027,Clarendon,VTD 5,450275,Clarendon - VTD 5,CLARENDON - VTD 5,53602549.745409,Clarendon,027,Sardina-Gable,Clarendon - Sardina-Gable,CLARENDON - SARDINA-GABLE,53602545.467200,1.000000,1
027,Clarendon,VTD 17,4502717,Clarendon - VTD 17,CLARENDON - VTD 17,14421366.652795,Clarendon,027,Manning No. 2,Clarendon - Manning No. 2,CLARENDON - MANNING NO. 2,14421364.451589,1.000000,1
027,Clarendon,VTD 22,4502722,Clarendon - VTD 22,CLARENDON - VTD 22,32621592.286063,Clarendon,027,Summerton No. 3,Clarendon - Summerton No. 3,CLARENDON - SUMMERTON NO. 3,26013014.416408,0.797417,1
027,Clarendon,VTD 22,4502722,Clarendon - VTD 22,CLARENDON - VTD 22,32621592.286063,Clarendon,027,Calvary,Clarendon - Calvary,CLARENDON - CALVARY,4192796.522521,0.128528,2
027,Clarendon,VTD 22,4502722,Clarendon - VTD 22,CLARENDON - VTD 22,32621592.286063,Clarendon,027,Paxville,Clarendon - Paxville,CLARENDON - PAXVILLE,2415781.254512,0.074055,3
027,Clarendon,VTD 32,4502732,Clarendon - VTD 32,CLARENDON - VTD 32,35030833.596965,Clarendon,027,Summerton No. 3,Clarendon - Summerton No. 3,CLARENDON - SUMMERTON NO. 3,34437427.473664,0.983060,1
027,Clarendon,VTD 32,4502732,Clarendon - VTD 32,CLARENDON - VTD 32,35030833.596965,Clarendon,027,Manning No. 4,Clarendon - Manning No. 4,CLARENDON - MANNING NO. 4,579549.673946,0.016544,2
027,Clarendon,VTD 32,4502732,Clarendon - VTD 32,CLARENDON - VTD 32,35030833.596965,Clarendon,027,Paxville,Clarendon - Paxville,CLARENDON - PAXVILLE,13856.449355,0.000396,3
027,Clarendon,VTD 19,4502719,Clarendon - VTD 19,CLARENDON - VTD 19,80489175.549286,Clarendon,027,Wilson Foreston,Clarendon - Wilson Foreston,CLARENDON - WILSON FORESTON,80002618.645187,0.993955,1
027,Clarendon,VTD 19,4502719,Clarendon - VTD 19,CLARENDON - VTD 19,80489175.549286,Clarendon,027,Bloomville,Clarendon - Bloomville,CLARENDON - BLOOMVILLE,486556.904099,0.006045,2
027,Clarendon,VTD 27,4502727,Clarendon - VTD 27,CLARENDON - VTD 27,32694454.131147,Clarendon,027,Bloomville,Clarendon - Bloomville,CLARENDON - BLOOMVILLE,32694453.483008,1.000000,1
027,Clarendon,VTD 28,4502728,Clarendon - VTD 28,CLARENDON - VTD 28,185448968.747439,Clarendon,027,Summerton No. 1,Clarendon - Summerton No. 1,CLARENDON - SUMMERTON NO. 1,185448966.661112,1.000000,1
027,Clarendon,VTD 29,4502729,Clarendon - VTD 29,CLARENDON - VTD 29,87792038.430404,Clarendon,027,Davis Station,Clarendon - Davis Station,CLARENDON - DAVIS STATION,87406072.239147,0.995604,1
027,Clarendon,VTD 29,4502729,Clarendon - VTD 29,CLARENDON - VTD 29,87792038.430404,Clarendon,027,Summerton No. 1,Clarendon - Summerton No. 1,CLARENDON - SUMMERTON NO. 1,385966.191257,0.004396,2
027,Clarendon,VTD 30,4502730,Clarendon - VTD 30,CLARENDON - VTD 30,76637748.753549,Clarendon,027,Jordan,Clarendon - Jordan,CLARENDON - JORDAN,76637743.956930,1.000000,1
027,Clarendon,VTD 26,4502726,Clarendon - VTD 26,CLARENDON - VTD 26,40904329.956018,Clarendon,027,Jordan,Clarendon - Jordan,CLARENDON - JORDAN,39000076.792382,0.953446,1
027,Clarendon,VTD 26,4502726,Clarendon - VTD 26,CLARENDON - VTD 26,40904329.956018,Clarendon,027,Davis Station,Clarendon - Davis Station,CLARENDON - DAVIS STATION,1904252.695368,0.046554,2
027,Clarendon,VTD 25,4502725,Clarendon - VTD 25,CLARENDON - VTD 25,60746910.607104,Clarendon,027,Davis Station,Clarendon - Davis Station,CLARENDON - DAVIS STATION,55073094.923326,0.906599,1
027,Clarendon,VTD 25,4502725,Clarendon - VTD 25,CLARENDON - VTD 25,60746910.607104,Clarendon,027,Jordan,Clarendon - Jordan,CLARENDON - JORDAN,2959346.781737,0.048716,2
027,Clarendon,VTD 25,4502725,Clarendon - VTD 25,CLARENDON - VTD 25,60746910.607104,Clarendon,027,Manning No. 3,Clarendon - Manning No. 3,CLARENDON - MANNING NO. 3,2520200.332356,0.041487,3
027,Clarendon,VTD 25,4502725,Clarendon - VTD 25,CLARENDON - VTD 25,60746910.607104,Clarendon,027,Summerton No. 1,Clarendon - Summerton No. 1,CLARENDON - SUMMERTON NO. 1,194268.569684,0.003198,4
027,Clarendon,VTD 24,4502724,Clarendon - VTD 24,CLARENDON - VTD 24,38230003.585700,Clarendon,027,Summerton No. 1,Clarendon - Summerton No. 1,CLARENDON - SUMMERTON NO. 1,35575777.133142,0.930572,1
027,Clarendon,VTD 24,4502724,Clarendon - VTD 24,CLARENDON - VTD 24,38230003.585700,Clarendon,027,Davis Station,Clarendon - Davis Station,CLARENDON - DAVIS STATION,2654162.455379,0.069426,2
027,Clarendon,VTD 31,4502731,Clarendon - VTD 31,CLARENDON - VTD 31,46638747.882977,Clarendon,027,Bloomville,Clarendon - Bloomville,CLARENDON - BLOOMVILLE,46638747.321589,1.000000,1
027,Clarendon,VTD 7,450277,Clarendon - VTD 7,CLARENDON - VTD 7,97421244.180274,Clarendon,027,Alcolu,Clarendon - Alcolu,CLARENDON - ALCOLU,97415733.009134,0.999943,1
029,Colleton,VTD 30,4502930,Colleton - VTD 30,COLLETON - VTD 30,473429093.107998,Colleton,029,Jacksonboro,Colleton - Jacksonboro,COLLETON - JACKSONBORO,337620976.938887,0.713139,1
029,Colleton,VTD 30,4502930,Colleton - VTD 30,COLLETON - VTD 30,473429093.107998,Colleton,029,Edisto Beach,Colleton - Edisto Beach,COLLETON - EDISTO BEACH,134427474.178438,0.283944,2
029,Colleton,VTD 30,4502930,Colleton - VTD 30,COLLETON - VTD 30,473429093.107998,Colleton,029,Green Pond,Colleton - Green Pond,COLLETON - GREEN POND,1315432.215834,0.002779,3
029,Colleton,VTD 1,450291,Colleton - VTD 1,COLLETON - VTD 1,63475742.338120,Colleton,029,Lodge,Colleton - Lodge,COLLETON - LODGE,63475742.338120,1.000000,1
029,Colleton,VTD 4,450294,Colleton - VTD 4,COLLETON - VTD 4,125254393.718250,Colleton,029,Smoaks,Colleton - Smoaks,COLLETON - SMOAKS,119152603.940819,0.951285,1
029,Colleton,VTD 4,450294,Colleton - VTD 4,COLLETON - VTD 4,125254393.718250,Colleton,029,Edisto,Colleton - Edisto,COLLETON - EDISTO,6101783.068274,0.048715,2
029,Colleton,VTD 5,450295,Colleton - VTD 5,COLLETON - VTD 5,133387372.305891,Colleton,029,Rice Patch,Colleton - Rice Patch,COLLETON - RICE PATCH,132272065.125618,0.991639,1
029,Colleton,VTD 5,450295,Colleton - VTD 5,COLLETON - VTD 5,133387372.305891,Colleton,029,Bells,Colleton - Bells,COLLETON - BELLS,691934.434749,0.005187,2
029,Colleton,VTD 5,450295,Colleton - VTD 5,COLLETON - VTD 5,133387372.305891,Colleton,029,Sniders,Colleton - Sniders,COLLETON - SNIDERS,423372.745524,0.003174,3
029,Colleton,VTD 9,450299,Colleton - VTD 9,COLLETON - VTD 9,68197480.545762,Colleton,029,Stokes,Colleton - Stokes,COLLETON - STOKES,67891712.273997,0.995516,1
029,Colleton,VTD 9,450299,Colleton - VTD 9,COLLETON - VTD 9,68197480.545762,Colleton,029,Hudson Mill,Colleton - Hudson Mill,COLLETON - HUDSON MILL,291612.063619,0.004276,2
029,Colleton,VTD 9,450299,Colleton - VTD 9,COLLETON - VTD 9,68197480.545762,Colleton,029,Ruffin,Colleton - Ruffin,COLLETON - RUFFIN,14155.524215,0.000208,3
029,Colleton,VTD 16,4502916,Colleton - VTD 16,COLLETON - VTD 16,42647653.650687,Colleton,029,Peniel,Colleton - Peniel,COLLETON - PENIEL,42647651.543116,1.000000,1
029,Colleton,VTD 15,4502915,Colleton - VTD 15,COLLETON - VTD 15,39267864.341196,Colleton,029,Canady's,Colleton - Canady's,COLLETON - CANADYS,39191707.023208,0.998061,1
029,Colleton,VTD 15,4502915,Colleton - VTD 15,COLLETON - VTD 15,39267864.341196,Colleton,029,Edisto,Colleton - Edisto,COLLETON - EDISTO,76154.655061,0.001939,2
029,Colleton,VTD 22,4502922,Colleton - VTD 22,COLLETON - VTD 22,75066844.345731,Colleton,029,Round O,Colleton - Round O,COLLETON - ROUND O,73524404.497249,0.979452,1
029,Colleton,VTD 22,4502922,Colleton - VTD 22,COLLETON - VTD 22,75066844.345731,Colleton,029,Mashawville,Colleton - Mashawville,COLLETON - MASHAWVILLE,1542438.852569,0.020548,2
029,Colleton,VTD 20,4502920,Colleton - VTD 20,COLLETON - VTD 20,91008464.713082,Colleton,029,Maple Cane,Colleton - Maple Cane,COLLETON - MAPLE CANE,54980223.546389,0.604122,1
029,Colleton,VTD 20,4502920,Colleton - VTD 20,COLLETON - VTD 20,91008464.713082,Colleton,029,Sidneys,Colleton - Sidneys,COLLETON - SIDNEYS,36028240.405225,0.395878,2
029,Colleton,VTD 18,4502918,Colleton - VTD 18,COLLETON - VTD 18,32646017.788895,Colleton,029,Walterboro No. 2,Colleton - Walterboro No. 2,COLLETON - WALTERBORO NO. 2,31206951.853444,0.955919,1
029,Colleton,VTD 18,4502918,Colleton - VTD 18,COLLETON - VTD 18,32646017.788895,Colleton,029,Walterboro No. 3,Colleton - Walterboro No. 3,COLLETON - WALTERBORO NO. 3,845405.739133,0.025896,2
029,Colleton,VTD 18,4502918,Colleton - VTD 18,COLLETON - VTD 18,32646017.788895,Colleton,029,Walterboro No. 1,Colleton - Walterboro No. 1,COLLETON - WALTERBORO NO. 1,593654.819288,0.018185,3
029,Colleton,VTD 19,4502919,Colleton - VTD 19,COLLETON - VTD 19,32861895.957575,Colleton,029,Peeples,Colleton - Peeples,COLLETON - PEEPLES,32861895.682741,1.000000,1
029,Colleton,VTD 14,4502914,Colleton - VTD 14,COLLETON - VTD 14,37768635.393480,Colleton,029,Horse Pen,Colleton - Horse Pen,COLLETON - HORSE PEN,37716730.913465,0.998626,1
029,Colleton,VTD 14,4502914,Colleton - VTD 14,COLLETON - VTD 14,37768635.393480,Colleton,029,Canady's,Colleton - Canady's,COLLETON - CANADYS,51899.094682,0.001374,2
029,Colleton,VTD 10,4502910,Colleton - VTD 10,COLLETON - VTD 10,47068164.218752,Colleton,029,Hudson Mill,Colleton - Hudson Mill,COLLETON - HUDSON MILL,47068163.959287,1.000000,1
029,Colleton,VTD 25,4502925,Colleton - VTD 25,COLLETON - VTD 25,214891202.326379,Colleton,029,Hendersonville,Colleton - Hendersonville,COLLETON - HENDERSONVILLE,214557037.121159,0.998445,1
029,Colleton,VTD 25,4502925,Colleton - VTD 25,COLLETON - VTD 25,214891202.326379,Colleton,029,Petits,Colleton - Petits,COLLETON - PETITS,279594.080773,0.001301,2
029,Colleton,VTD 25,4502925,Colleton - VTD 25,COLLETON - VTD 25,214891202.326379,Colleton,029,Ritter,Colleton - Ritter,COLLETON - RITTER,54559.286459,0.000254,3
029,Colleton,VTD 24,4502924,Colleton - VTD 24,COLLETON - VTD 24,36035171.150938,Colleton,029,Walterboro No. 1,Colleton - Walterboro No. 1,COLLETON - WALTERBORO NO. 1,34995569.412498,0.971150,1
029,Colleton,VTD 24,4502924,Colleton - VTD 24,COLLETON - VTD 24,36035171.150938,Colleton,029,Peniel,Colleton - Peniel,COLLETON - PENIEL,522808.975327,0.014508,2
029,Colleton,VTD 24,4502924,Colleton - VTD 24,COLLETON - VTD 24,36035171.150938,Colleton,029,Walterboro No. 4,Colleton - Walterboro No. 4,COLLETON - WALTERBORO NO. 4,516788.344736,0.014341,3
029,Colleton,VTD 23,4502923,Colleton - VTD 23,COLLETON - VTD 23,29860641.073298,Colleton,029,Walterboro No. 3,Colleton - Walterboro No. 3,COLLETON - WALTERBORO NO. 3,27720554.299876,0.928331,1
029,Colleton,VTD 23,4502923,Colleton - VTD 23,COLLETON - VTD 23,29860641.073298,Colleton,029,Walterboro No. 1,Colleton - Walterboro No. 1,COLLETON - WALTERBORO NO. 1,1086441.329247,0.036384,2
029,Colleton,VTD 23,4502923,Colleton - VTD 23,COLLETON - VTD 23,29860641.073298,Colleton,029,Mashawville,Colleton - Mashawville,COLLETON - MASHAWVILLE,840433.166019,0.028145,3
029,Colleton,VTD 23,4502923,Colleton - VTD 23,COLLETON - VTD 23,29860641.073298,Colleton,029,Walterboro No. 2,Colleton - Walterboro No. 2,COLLETON - WALTERBORO NO. 2,213212.278156,0.007140,4
029,Colleton,VTD 27,4502927,Colleton - VTD 27,COLLETON - VTD 27,108992191.640885,Colleton,029,Mashawville,Colleton - Mashawville,COLLETON - MASHAWVILLE,106856401.484140,0.980404,1
029,Colleton,VTD 27,4502927,Colleton - VTD 27,COLLETON - VTD 27,108992191.640885,Colleton,029,Ritter,Colleton - Ritter,COLLETON - RITTER,2111217.251999,0.019370,2
029,Colleton,VTD 27,4502927,Colleton - VTD 27,COLLETON - VTD 27,108992191.640885,Colleton,029,Jacksonboro,Colleton - Jacksonboro,COLLETON - JACKSONBORO,24571.887839,0.000225,3
029,Colleton,VTD 3,450293,Colleton - VTD 3,COLLETON - VTD 3,69199270.449643,Colleton,029,Williams,Colleton - Williams,COLLETON - WILLIAMS,51688428.853807,0.746950,1
029,Colleton,VTD 3,450293,Colleton - VTD 3,COLLETON - VTD 3,69199270.449643,Colleton,029,Berea,Colleton - Berea,COLLETON - BEREA,17509009.779649,0.253023,2
029,Colleton,VTD 2,450292,Colleton - VTD 2,COLLETON - VTD 2,130933721.601508,Colleton,029,Lodge,Colleton - Lodge,COLLETON - LODGE,129124550.274511,0.986183,1
029,Colleton,VTD 2,450292,Colleton - VTD 2,COLLETON - VTD 2,130933721.601508,Colleton,029,Bells,Colleton - Bells,COLLETON - BELLS,1470453.673777,0.011231,2
029,Colleton,VTD 2,450292,Colleton - VTD 2,COLLETON - VTD 2,130933721.601508,Colleton,029,Williams,Colleton - Williams,COLLETON - WILLIAMS,338714.144551,0.002587,3
029,Colleton,VTD 6,450296,Colleton - VTD 6,COLLETON - VTD 6,43448681.755154,Colleton,029,Bells,Colleton - Bells,COLLETON - BELLS,42804764.805887,0.985180,1
029,Colleton,VTD 6,450296,Colleton - VTD 6,COLLETON - VTD 6,43448681.755154,Colleton,029,Sniders,Colleton - Sniders,COLLETON - SNIDERS,643915.389218,0.014820,2
029,Colleton,VTD 13,4502913,Colleton - VTD 13,COLLETON - VTD 13,44795844.512118,Colleton,029,Wolfe Creek,Colleton - Wolfe Creek,COLLETON - WOLFE CREEK,44795844.512118,1.000000,1
029,Colleton,VTD 7,450297,Colleton - VTD 7,COLLETON - VTD 7,39876670.466238,Colleton,029,Ruffin,Colleton - Ruffin,COLLETON - RUFFIN,39826242.296427,0.998735,1
029,Colleton,VTD 7,450297,Colleton - VTD 7,COLLETON - VTD 7,39876670.466238,Colleton,029,Stokes,Colleton - Stokes,COLLETON - STOKES,50419.763613,0.001264,2
029,Colleton,VTD 12,4502912,Colleton - VTD 12,COLLETON - VTD 12,94432402.758838,Colleton,029,Petits,Colleton - Petits,COLLETON - PETITS,90096951.473993,0.954089,1
029,Colleton,VTD 12,4502912,Colleton - VTD 12,COLLETON - VTD 12,94432402.758838,Colleton,029,Rice Patch,Colleton - Rice Patch,COLLETON - RICE PATCH,4335451.284845,0.045911,2
029,Colleton,VTD 11,4502911,Colleton - VTD 11,COLLETON - VTD 11,71132516.105633,Colleton,029,Sniders,Colleton - Sniders,COLLETON - SNIDERS,65970420.642002,0.927430,1
029,Colleton,VTD 11,4502911,Colleton - VTD 11,COLLETON - VTD 11,71132516.105633,Colleton,029,Peniel,Colleton - Peniel,COLLETON - PENIEL,5162087.707371,0.072570,2
029,Colleton,VTD 8,450298,Colleton - VTD 8,COLLETON - VTD 8,116177857.712166,Colleton,029,Edisto,Colleton - Edisto,COLLETON - EDISTO,116177851.116977,1.000000,1
029,Colleton,VTD 26,4502926,Colleton - VTD 26,COLLETON - VTD 26,169862834.167063,Colleton,029,Cottageville,Colleton - Cottageville,COLLETON - COTTAGEVILLE,169783689.578050,0.999534,1
029,Colleton,VTD 26,4502926,Colleton - VTD 26,COLLETON - VTD 26,169862834.167063,Colleton,029,Jacksonboro,Colleton - Jacksonboro,COLLETON - JACKSONBORO,79140.247775,0.000466,2
029,Colleton,VTD 17,4502917,Colleton - VTD 17,COLLETON - VTD 17,26926742.181289,Colleton,029,Walterboro No. 4,Colleton - Walterboro No. 4,COLLETON - WALTERBORO NO. 4,25642658.579343,0.952312,1
029,Colleton,VTD 17,4502917,Colleton - VTD 17,COLLETON - VTD 17,26926742.181289,Colleton,029,Walterboro No. 2,Colleton - Walterboro No. 2,COLLETON - WALTERBORO NO. 2,1046153.571118,0.038852,2
029,Colleton,VTD 17,4502917,Colleton - VTD 17,COLLETON - VTD 17,26926742.181289,Colleton,029,Wolfe Creek,Colleton - Wolfe Creek,COLLETON - WOLFE CREEK,163554.105334,0.006074,3
029,Colleton,VTD 17,4502917,Colleton - VTD 17,COLLETON - VTD 17,26926742.181289,Colleton,029,Stokes,Colleton - Stokes,COLLETON - STOKES,74375.925493,0.002762,4
029,Colleton,VTD 29,4502929,Colleton - VTD 29,COLLETON - VTD 29,394725745.719335,Colleton,029,Green Pond,Colleton - Green Pond,COLLETON - GREEN POND,394725741.826146,1.000000,1
029,Colleton,VTD 28,4502928,Colleton - VTD 28,COLLETON - VTD 28,81621416.012906,Colleton,029,Ritter,Colleton - Ritter,COLLETON - RITTER,81621408.210618,1.000000,1
031,Darlington,VTD 8,450318,Darlington - VTD 8,DARLINGTON - VTD 8,6297950.664552,Darlington,031,Hartsville No. 7,Darlington - Hartsville No. 7,DARLINGTON - HARTSVILLE NO. 7,6297949.405986,1.000000,1
031,Darlington,VTD 33,4503133,Darlington - VTD 33,DARLINGTON - VTD 33,66829562.690439,Darlington,031,Dovesville,Darlington - Dovesville,DARLINGTON - DOVESVILLE,66403486.629120,0.993624,1
031,Darlington,VTD 33,4503133,Darlington - VTD 33,DARLINGTON - VTD 33,66829562.690439,Darlington,031,Society Hill,Darlington - Society Hill,DARLINGTON - SOCIETY HILL,426030.505498,0.006375,2
031,Darlington,VTD 30,4503130,Darlington - VTD 30,DARLINGTON - VTD 30,44469977.819860,Darlington,031,Dovesville,Darlington - Dovesville,DARLINGTON - DOVESVILLE,44469785.100532,0.999996,1
031,Darlington,VTD 2,450312,Darlington - VTD 2,DARLINGTON - VTD 2,34749205.451552,Darlington,031,New Market,Darlington - New Market,DARLINGTON - NEW MARKET,34742828.743693,0.999816,1
031,Darlington,VTD 2,450312,Darlington - VTD 2,DARLINGTON - VTD 2,34749205.451552,Darlington,031,Hartsville No. 8,Darlington - Hartsville No. 8,DARLINGTON - HARTSVILLE NO. 8,6376.707858,0.000184,2
031,Darlington,VTD 9,450319,Darlington - VTD 9,DARLINGTON - VTD 9,18945951.608936,Darlington,031,Hartsville No. 4,Darlington - Hartsville No. 4,DARLINGTON - HARTSVILLE NO. 4,18945951.409974,1.000000,1
031,Darlington,VTD 4,450314,Darlington - VTD 4,DARLINGTON - VTD 4,23524002.556435,Darlington,031,Hartsville No. 8,Darlington - Hartsville No. 8,DARLINGTON - HARTSVILLE NO. 8,23514177.296579,0.999582,1
031,Darlington,VTD 4,450314,Darlington - VTD 4,DARLINGTON - VTD 4,23524002.556435,Darlington,031,Hartsville No. 1,Darlington - Hartsville No. 1,DARLINGTON - HARTSVILLE NO. 1,9817.528240,0.000417,2
031,Darlington,VTD 10,4503110,Darlington - VTD 10,DARLINGTON - VTD 10,3902547.164878,Darlington,031,Hartsville No. 6,Darlington - Hartsville No. 6,DARLINGTON - HARTSVILLE NO. 6,3853300.995571,0.987381,1
031,Darlington,VTD 10,4503110,Darlington - VTD 10,DARLINGTON - VTD 10,3902547.164878,Darlington,031,Hartsville No. 5,Darlington - Hartsville No. 5,DARLINGTON - HARTSVILLE NO. 5,42833.100560,0.010976,2
031,Darlington,VTD 10,4503110,Darlington - VTD 10,DARLINGTON - VTD 10,3902547.164878,Darlington,031,Bethel,Darlington - Bethel,DARLINGTON - BETHEL,6358.158876,0.001629,3
031,Darlington,VTD 14,4503114,Darlington - VTD 14,DARLINGTON - VTD 14,37295081.775542,Darlington,031,Bethel,Darlington - Bethel,DARLINGTON - BETHEL,37244064.283285,0.998632,1
031,Darlington,VTD 14,4503114,Darlington - VTD 14,DARLINGTON - VTD 14,37295081.775542,Darlington,031,Burnt Branch,Darlington - Burnt Branch,DARLINGTON - BURNT BRANCH,48939.439190,0.001312,2
031,Darlington,VTD 7,450317,Darlington - VTD 7,DARLINGTON - VTD 7,4081471.082049,Darlington,031,Hartsville No. 7,Darlington - Hartsville No. 7,DARLINGTON - HARTSVILLE NO. 7,3253206.271631,0.797067,1
031,Darlington,VTD 7,450317,Darlington - VTD 7,DARLINGTON - VTD 7,4081471.082049,Darlington,031,Hartsville No. 1,Darlington - Hartsville No. 1,DARLINGTON - HARTSVILLE NO. 1,821201.302053,0.201202,2
031,Darlington,VTD 7,450317,Darlington - VTD 7,DARLINGTON - VTD 7,4081471.082049,Darlington,031,Hartsville No. 9,Darlington - Hartsville No. 9,DARLINGTON - HARTSVILLE NO. 9,7063.508365,0.001731,3
031,Darlington,VTD 31,4503131,Darlington - VTD 31,DARLINGTON - VTD 31,43590565.436167,Darlington,031,Auburn,Darlington - Auburn,DARLINGTON - AUBURN,43590565.436167,1.000000,1
031,Darlington,VTD 32,4503132,Darlington - VTD 32,DARLINGTON - VTD 32,116839733.888640,Darlington,031,Antioch,Darlington - Antioch,DARLINGTON - ANTIOCH,116839733.888640,1.000000,1
031,Darlington,VTD 34,4503134,Darlington - VTD 34,DARLINGTON - VTD 34,116421937.587554,Darlington,031,Society Hill,Darlington - Society Hill,DARLINGTON - SOCIETY HILL,116421935.509192,1.000000,1
031,Darlington,VTD 28,4503128,Darlington - VTD 28,DARLINGTON - VTD 28,36196577.340379,Darlington,031,Palmetto,Darlington - Palmetto,DARLINGTON - PALMETTO,36196576.795703,1.000000,1
031,Darlington,VTD 11,4503111,Darlington - VTD 11,DARLINGTON - VTD 11,8257211.177781,Darlington,031,Hartsville No. 5,Darlington - Hartsville No. 5,DARLINGTON - HARTSVILLE NO. 5,8226159.328269,0.996239,1
031,Darlington,VTD 11,4503111,Darlington - VTD 11,DARLINGTON - VTD 11,8257211.177781,Darlington,031,Kellytown,Darlington - Kellytown,DARLINGTON - KELLYTOWN,24063.543412,0.002914,2
031,Darlington,VTD 11,4503111,Darlington - VTD 11,DARLINGTON - VTD 11,8257211.177781,Darlington,031,Burnt Branch,Darlington - Burnt Branch,DARLINGTON - BURNT BRANCH,6988.066314,0.000846,3
031,Darlington,VTD 16,4503116,Darlington - VTD 16,DARLINGTON - VTD 16,67711960.087158,Darlington,031,Oates,Darlington - Oates,DARLINGTON - OATES,67711960.087157,1.000000,1
031,Darlington,VTD 17,4503117,Darlington - VTD 17,DARLINGTON - VTD 17,75071028.885584,Darlington,031,Lamar No. 1,Darlington - Lamar No. 1,DARLINGTON - LAMAR NO. 1,75071028.885584,1.000000,1
031,Darlington,VTD 22,4503122,Darlington - VTD 22,DARLINGTON - VTD 22,14427515.478156,Darlington,031,Darlington No. 6,Darlington - Darlington No. 6,DARLINGTON - DARLINGTON NO. 6,14415931.461703,0.999197,1
031,Darlington,VTD 22,4503122,Darlington - VTD 22,DARLINGTON - VTD 22,14427515.478156,Darlington,031,Dovesville,Darlington - Dovesville,DARLINGTON - DOVESVILLE,10461.162873,0.000725,2
031,Darlington,VTD 18,4503118,Darlington - VTD 18,DARLINGTON - VTD 18,58225559.794539,Darlington,031,Lamar No. 2,Darlington - Lamar No. 2,DARLINGTON - LAMAR NO. 2,58225554.798533,1.000000,1
031,Darlington,VTD 12,4503112,Darlington - VTD 12,DARLINGTON - VTD 12,31752045.757766,Darlington,031,Burnt Branch,Darlington - Burnt Branch,DARLINGTON - BURNT BRANCH,31751984.146705,0.999998,1
031,Darlington,VTD 21,4503121,Darlington - VTD 21,DARLINGTON - VTD 21,22373287.121764,Darlington,031,Indian Branch,Darlington - Indian Branch,DARLINGTON - INDIAN BRANCH,22373258.768436,0.999999,1
031,Darlington,VTD 20,4503120,Darlington - VTD 20,DARLINGTON - VTD 20,76084005.875777,Darlington,031,High Hill,Darlington - High Hill,DARLINGTON - HIGH HILL,76084005.497506,1.000000,1
031,Darlington,VTD 26,4503126,Darlington - VTD 26,DARLINGTON - VTD 26,761249.788963,Darlington,031,Darlington No. 1,Darlington - Darlington No. 1,DARLINGTON - DARLINGTON NO. 1,761249.788963,1.000000,1
031,Darlington,VTD 24,4503124,Darlington - VTD 24,DARLINGTON - VTD 24,13080382.645240,Darlington,031,Darlington No. 5,Darlington - Darlington No. 5,DARLINGTON - DARLINGTON NO. 5,13080382.461400,1.000000,1
031,Darlington,VTD 15,4503115,Darlington - VTD 15,DARLINGTON - VTD 15,65066389.558048,Darlington,031,Swift Creek,Darlington - Swift Creek,DARLINGTON - SWIFT CREEK,65046829.044779,0.999699,1
031,Darlington,VTD 15,4503115,Darlington - VTD 15,DARLINGTON - VTD 15,65066389.558048,Darlington,031,Indian Branch,Darlington - Indian Branch,DARLINGTON - INDIAN BRANCH,18254.863222,0.000281,2
031,Darlington,VTD 23,4503123,Darlington - VTD 23,DARLINGTON - VTD 23,10260273.683471,Darlington,031,Darlington No. 2,Darlington - Darlington No. 2,DARLINGTON - DARLINGTON NO. 2,10254500.730661,0.999437,1
031,Darlington,VTD 23,4503123,Darlington - VTD 23,DARLINGTON - VTD 23,10260273.683471,Darlington,031,Indian Branch,Darlington - Indian Branch,DARLINGTON - INDIAN BRANCH,5023.836269,0.000490,2
031,Darlington,VTD 27,4503127,Darlington - VTD 27,DARLINGTON - VTD 27,27576000.689305,Darlington,031,Darlington No. 4,Darlington - Darlington No. 4,DARLINGTON - DARLINGTON NO. 4,27575997.782211,1.000000,1
031,Darlington,VTD 25,4503125,Darlington - VTD 25,DARLINGTON - VTD 25,18403011.840902,Darlington,031,Darlington No. 3,Darlington - Darlington No. 3,DARLINGTON - DARLINGTON NO. 3,18403011.840902,1.000000,1
031,Darlington,VTD 19,4503119,Darlington - VTD 19,DARLINGTON - VTD 19,61223702.521158,Darlington,031,Lake Swamp,Darlington - Lake Swamp,DARLINGTON - LAKE SWAMP,61223702.510932,1.000000,1
031,Darlington,VTD 13,4503113,Darlington - VTD 13,DARLINGTON - VTD 13,34736827.126669,Darlington,031,Lydia,Darlington - Lydia,DARLINGTON - LYDIA,34736827.096021,1.000000,1
031,Darlington,VTD 6,450316,Darlington - VTD 6,DARLINGTON - VTD 6,3051697.282558,Darlington,031,Hartsville No. 1,Darlington - Hartsville No. 1,DARLINGTON - HARTSVILLE NO. 1,2987506.303161,0.978965,1
031,Darlington,VTD 6,450316,Darlington - VTD 6,DARLINGTON - VTD 6,3051697.282558,Darlington,031,Hartsville No. 8,Darlington - Hartsville No. 8,DARLINGTON - HARTSVILLE NO. 8,32974.607882,0.010805,2
031,Darlington,VTD 6,450316,Darlington - VTD 6,DARLINGTON - VTD 6,3051697.282558,Darlington,031,Kellytown,Darlington - Kellytown,DARLINGTON - KELLYTOWN,31216.371515,0.010229,3
031,Darlington,VTD 35,4503135,Darlington - VTD 35,DARLINGTON - VTD 35,139572995.575247,Darlington,031,Mechanicsville,Darlington - Mechanicsville,DARLINGTON - MECHANICSVILLE,139572995.575247,1.000000,1
031,Darlington,VTD 29,4503129,Darlington - VTD 29,DARLINGTON - VTD 29,64230077.291362,Darlington,031,Mechanicsville,Darlington - Mechanicsville,DARLINGTON - MECHANICSVILLE,64230073.669030,1.000000,1
031,Darlington,VTD 1,450311,Darlington - VTD 1,DARLINGTON - VTD 1,70342855.484444,Darlington,031,Black Creek-Clyde,Darlington - Black Creek-Clyde,DARLINGTON - BLACK CREEK-CLYDE,70342245.639572,0.999991,1
031,Darlington,VTD 5,450315,Darlington - VTD 5,DARLINGTON - VTD 5,26008303.150928,Darlington,031,Hartsville No. 9,Darlington - Hartsville No. 9,DARLINGTON - HARTSVILLE NO. 9,26001748.031023,0.999748,1
031,Darlington,VTD 5,450315,Darlington - VTD 5,DARLINGTON - VTD 5,26008303.150928,Darlington,031,Hartsville No. 7,Darlington - Hartsville No. 7,DARLINGTON - HARTSVILLE NO. 7,6555.119905,0.000252,2
031,Darlington,VTD 3,450313,Darlington - VTD 3,DARLINGTON - VTD 3,26647857.917903,Darlington,031,Kellytown,Darlington - Kellytown,DARLINGTON - KELLYTOWN,26646446.079424,0.999947,1
033,Dillon,VTD 14,4503314,Dillon - VTD 14,DILLON - VTD 14,63927573.560723,Dillon,033,Carolina,Dillon - Carolina,DILLON - CAROLINA,63927573.530195,1.000000,1
033,Dillon,VTD 16,4503316,Dillon - VTD 16,DILLON - VTD 16,52426609.210038,Dillon,033,Minturn,Dillon - Minturn,DILLON - MINTURN,52426609.210038,1.000000,1
033,Dillon,VTD 13,4503313,Dillon - VTD 13,DILLON - VTD 13,39061005.629690,Dillon,033,Oakland,Dillon - Oakland,DILLON - OAKLAND,39005247.208721,0.998573,1
033,Dillon,VTD 13,4503313,Dillon - VTD 13,DILLON - VTD 13,39061005.629690,Dillon,033,Carolina,Dillon - Carolina,DILLON - CAROLINA,55758.313953,0.001427,2
033,Dillon,VTD 5,450335,Dillon - VTD 5,DILLON - VTD 5,107945617.886599,Dillon,033,New Holly,Dillon - New Holly,DILLON - NEW HOLLY,107945617.886599,1.000000,1
033,Dillon,VTD 17,4503317,Dillon - VTD 17,DILLON - VTD 17,147111082.343301,Dillon,033,Oak Grove,Dillon - Oak Grove,DILLON - OAK GROVE,147111080.029611,1.000000,1
033,Dillon,VTD 4,450334,Dillon - VTD 4,DILLON - VTD 4,57984613.754706,Dillon,033,Latta,Dillon - Latta,DILLON - LATTA,57705186.826519,0.995181,1
033,Dillon,VTD 4,450334,Dillon - VTD 4,DILLON - VTD 4,57984613.754706,Dillon,033,West Dillon,Dillon - West Dillon,DILLON - WEST DILLON,279425.350421,0.004819,2
033,Dillon,VTD 19,4503319,Dillon - VTD 19,DILLON - VTD 19,42332076.880357,Dillon,033,Floydale,Dillon - Floydale,DILLON - FLOYDALE,41618810.922389,0.983151,1
033,Dillon,VTD 19,4503319,Dillon - VTD 19,DILLON - VTD 19,42332076.880357,Dillon,033,Manning,Dillon - Manning,DILLON - MANNING,660522.914382,0.015603,2
033,Dillon,VTD 19,4503319,Dillon - VTD 19,DILLON - VTD 19,42332076.880357,Dillon,033,Fork,Dillon - Fork,DILLON - FORK,52743.043586,0.001246,3
033,Dillon,VTD 9,450339,Dillon - VTD 9,DILLON - VTD 9,52334515.625071,Dillon,033,Mt. Calvary,Dillon - Mt. Calvary,DILLON - MT. CALVARY,52265230.835579,0.998676,1
033,Dillon,VTD 9,450339,Dillon - VTD 9,DILLON - VTD 9,52334515.625071,Dillon,033,Hamer,Dillon - Hamer,DILLON - HAMER,69284.789492,0.001324,2
033,Dillon,VTD 18,4503318,Dillon - VTD 18,DILLON - VTD 18,20221987.909247,Dillon,033,Manning,Dillon - Manning,DILLON - MANNING,20184093.613392,0.998126,1
033,Dillon,VTD 18,4503318,Dillon - VTD 18,DILLON - VTD 18,20221987.909247,Dillon,033,South Dillon,Dillon - South Dillon,DILLON - SOUTH DILLON,37894.295854,0.001874,2
033,Dillon,VTD 3,450333,Dillon - VTD 3,DILLON - VTD 3,10447434.240992,Dillon,033,South Dillon,Dillon - South Dillon,DILLON - SOUTH DILLON,10447434.240992,1.000000,1
033,Dillon,VTD 1,450331,Dillon - VTD 1,DILLON - VTD 1,8998517.533436,Dillon,033,East Dillon,Dillon - East Dillon,DILLON - EAST DILLON,8998517.533436,1.000000,1
033,Dillon,VTD 2,450332,Dillon - VTD 2,DILLON - VTD 2,64387314.050416,Dillon,033,West Dillon,Dillon - West Dillon,DILLON - WEST DILLON,61977026.337347,0.962566,1
033,Dillon,VTD 2,450332,Dillon - VTD 2,DILLON - VTD 2,64387314.050416,Dillon,033,Little Rock,Dillon - Little Rock,DILLON - LITTLE ROCK,2410287.713069,0.037434,2
033,Dillon,VTD 15,4503315,Dillon - VTD 15,DILLON - VTD 15,50350247.622639,Dillon,033,Little Rock,Dillon - Little Rock,DILLON - LITTLE ROCK,49392203.921169,0.980972,1
033,Dillon,VTD 15,4503315,Dillon - VTD 15,DILLON - VTD 15,50350247.622639,Dillon,033,West Dillon,Dillon - West Dillon,DILLON - WEST DILLON,958043.701470,0.019028,2
033,Dillon,VTD 12,4503312,Dillon - VTD 12,DILLON - VTD 12,32637748.192598,Dillon,033,Hamer,Dillon - Hamer,DILLON - HAMER,32637719.560867,0.999999,1
033,Dillon,VTD 11,4503311,Dillon - VTD 11,DILLON - VTD 11,35261405.164355,Dillon,033,Pleasant Hill,Dillon - Pleasant Hill,DILLON - PLEASANT HILL,35261405.164355,1.000000,1
033,Dillon,VTD 8,450338,Dillon - VTD 8,DILLON - VTD 8,40524131.094134,Dillon,033,Gaddy's Mill,Dillon - Gaddy's Mill,DILLON - GADDYS MILL,38945163.919146,0.961036,1
033,Dillon,VTD 8,450338,Dillon - VTD 8,DILLON - VTD 8,40524131.094134,Dillon,033,Lake View,Dillon - Lake View,DILLON - LAKE VIEW,1214750.821911,0.029976,2
033,Dillon,VTD 8,450338,Dillon - VTD 8,DILLON - VTD 8,40524131.094134,Dillon,033,Pleasant Hill,Dillon - Pleasant Hill,DILLON - PLEASANT HILL,355020.299619,0.008761,3
033,Dillon,VTD 8,450338,Dillon - VTD 8,DILLON - VTD 8,40524131.094134,Dillon,033,Mt. Calvary,Dillon - Mt. Calvary,DILLON - MT. CALVARY,9196.053458,0.000227,4
033,Dillon,VTD 10,4503310,Dillon - VTD 10,DILLON - VTD 10,45593009.696142,Dillon,033,Bermuda,Dillon - Bermuda,DILLON - BERMUDA,45593009.696142,1.000000,1
033,Dillon,VTD 7,450337,Dillon - VTD 7,DILLON - VTD 7,33001521.148618,Dillon,033,Kemper,Dillon - Kemper,DILLON - KEMPER,33001521.148618,1.000000,1
033,Dillon,VTD 6,450336,Dillon - VTD 6,DILLON - VTD 6,96686144.824700,Dillon,033,Lake View,Dillon - Lake View,DILLON - LAKE VIEW,96686144.824700,1.000000,1
033,Dillon,VTD 20,4503320,Dillon - VTD 20,DILLON - VTD 20,51836539.585002,Dillon,033,Fork,Dillon - Fork,DILLON - FORK,51836539.585002,1.000000,1
035,Dorchester,VTD 28,4503528,Dorchester - VTD 28,DORCHESTER - VTD 28,3696468.934468,Dorchester,035,North Summerville,Dorchester - North Summerville,DORCHESTER - NORTH SUMMERVILLE,2310281.346949,0.624997,1
035,Dorchester,VTD 28,4503528,Dorchester - VTD 28,DORCHESTER - VTD 28,3696468.934468,Dorchester,035,North Summerville 2,Dorchester - North Summerville 2,DORCHESTER - NORTH SUMMERVILLE 2,1162622.996406,0.314523,2
035,Dorchester,VTD 28,4503528,Dorchester - VTD 28,DORCHESTER - VTD 28,3696468.934468,Dorchester,035,Carolina,Dorchester - Carolina,DORCHESTER - CAROLINA,210148.289735,0.056851,3
035,Dorchester,VTD 35,4503535,Dorchester - VTD 35,DORCHESTER - VTD 35,63167960.402256,Dorchester,035,Saul Dam,Dorchester - Saul Dam,DORCHESTER - SAUL DAM,23661565.588482,0.374582,1
035,Dorchester,VTD 35,4503535,Dorchester - VTD 35,DORCHESTER - VTD 35,63167960.402256,Dorchester,035,Beech Hill 2,Dorchester - Beech Hill 2,DORCHESTER - BEECH HILL 2,19729169.149942,0.312329,2
035,Dorchester,VTD 35,4503535,Dorchester - VTD 35,DORCHESTER - VTD 35,63167960.402256,Dorchester,035,Bacons Bridge,Dorchester - Bacons Bridge,DORCHESTER - BACONS BRIDGE,13629209.938432,0.215761,3
035,Dorchester,VTD 35,4503535,Dorchester - VTD 35,DORCHESTER - VTD 35,63167960.402256,Dorchester,035,Beech Hill,Dorchester - Beech Hill,DORCHESTER - BEECH HILL,4129972.243738,0.065381,4
035,Dorchester,VTD 35,4503535,Dorchester - VTD 35,DORCHESTER - VTD 35,63167960.402256,Dorchester,035,Delemars,Dorchester - Delemars,DORCHESTER - DELEMARS,2010792.907562,0.031832,5
035,Dorchester,VTD 9,450359,Dorchester - VTD 9,DORCHESTER - VTD 9,2319046.819041,Dorchester,035,St. George No. 2,Dorchester - St. George No. 2,DORCHESTER - ST. GEORGE NO. 2,2129416.461586,0.918229,1
035,Dorchester,VTD 9,450359,Dorchester - VTD 9,DORCHESTER - VTD 9,2319046.819041,Dorchester,035,Indian Field 2,Dorchester - Indian Field 2,DORCHESTER - INDIAN FIELD 2,189630.357455,0.081771,2
035,Dorchester,VTD 27,4503527,Dorchester - VTD 27,DORCHESTER - VTD 27,2509776.961590,Dorchester,035,Carolina,Dorchester - Carolina,DORCHESTER - CAROLINA,1583361.048406,0.630877,1
035,Dorchester,VTD 27,4503527,Dorchester - VTD 27,DORCHESTER - VTD 27,2509776.961590,Dorchester,035,North Summerville 2,Dorchester - North Summerville 2,DORCHESTER - NORTH SUMMERVILLE 2,926333.193842,0.369090,2
035,Dorchester,VTD 7,450357,Dorchester - VTD 7,DORCHESTER - VTD 7,46748264.116528,Dorchester,035,Grover,Dorchester - Grover,DORCHESTER - GROVER,46748264.074562,1.000000,1
035,Dorchester,VTD 37,4503537,Dorchester - VTD 37,DORCHESTER - VTD 37,3597151.845284,Dorchester,035,Ashborough East,Dorchester - Ashborough East,DORCHESTER - ASHBOROUGH EAST,1807577.600494,0.502502,1
035,Dorchester,VTD 37,4503537,Dorchester - VTD 37,DORCHESTER - VTD 37,3597151.845284,Dorchester,035,Ashborough East 2,Dorchester - Ashborough East 2,DORCHESTER - ASHBOROUGH EAST 2,1207125.201246,0.335578,2
035,Dorchester,VTD 37,4503537,Dorchester - VTD 37,DORCHESTER - VTD 37,3597151.845284,Dorchester,035,Ashborough West,Dorchester - Ashborough West,DORCHESTER - ASHBOROUGH WEST,579646.070709,0.161140,3
035,Dorchester,VTD 37,4503537,Dorchester - VTD 37,DORCHESTER - VTD 37,3597151.845284,Dorchester,035,Ashborough West 2,Dorchester - Ashborough West 2,DORCHESTER - ASHBOROUGH WEST 2,1651.320598,0.000459,4
035,Dorchester,VTD 37,4503537,Dorchester - VTD 37,DORCHESTER - VTD 37,3597151.845284,Dorchester,035,Saul Dam,Dorchester - Saul Dam,DORCHESTER - SAUL DAM,1114.519998,0.000310,5
035,Dorchester,VTD 14,4503514,Dorchester - VTD 14,DORCHESTER - VTD 14,57655730.710796,Dorchester,035,Rosses,Dorchester - Rosses,DORCHESTER - ROSSES,57628787.632388,0.999533,1
035,Dorchester,VTD 14,4503514,Dorchester - VTD 14,DORCHESTER - VTD 14,57655730.710796,Dorchester,035,Harleyville,Dorchester - Harleyville,DORCHESTER - HARLEYVILLE,24455.257084,0.000424,2
035,Dorchester,VTD 20,4503520,Dorchester - VTD 20,DORCHESTER - VTD 20,55689792.187855,Dorchester,035,Givhans 2,Dorchester - Givhans 2,DORCHESTER - GIVHANS 2,35999881.891671,0.646436,1
035,Dorchester,VTD 20,4503520,Dorchester - VTD 20,DORCHESTER - VTD 20,55689792.187855,Dorchester,035,Givhans,Dorchester - Givhans,DORCHESTER - GIVHANS,19689910.296184,0.353564,2
035,Dorchester,VTD 49,4503549,Dorchester - VTD 49,DORCHESTER - VTD 49,4085023.515356,Dorchester,035,Brandymill 2,Dorchester - Brandymill 2,DORCHESTER - BRANDYMILL 2,1453377.135784,0.355782,1
035,Dorchester,VTD 49,4503549,Dorchester - VTD 49,DORCHESTER - VTD 49,4085023.515356,Dorchester,035,Irongate,Dorchester - Irongate,DORCHESTER - IRONGATE,919156.713277,0.225006,2
035,Dorchester,VTD 49,4503549,Dorchester - VTD 49,DORCHESTER - VTD 49,4085023.515356,Dorchester,035,Irongate 3,Dorchester - Irongate 3,DORCHESTER - IRONGATE 3,688510.705847,0.168545,3
035,Dorchester,VTD 49,4503549,Dorchester - VTD 49,DORCHESTER - VTD 49,4085023.515356,Dorchester,035,Brandymill,Dorchester - Brandymill,DORCHESTER - BRANDYMILL,593575.201102,0.145305,4
035,Dorchester,VTD 49,4503549,Dorchester - VTD 49,DORCHESTER - VTD 49,4085023.515356,Dorchester,035,Irongate 2,Dorchester - Irongate 2,DORCHESTER - IRONGATE 2,430333.704624,0.105344,5
035,Dorchester,VTD 44,4503544,Dorchester - VTD 44,DORCHESTER - VTD 44,48747901.862943,Dorchester,035,Saul Dam,Dorchester - Saul Dam,DORCHESTER - SAUL DAM,48379502.834508,0.992443,1
035,Dorchester,VTD 44,4503544,Dorchester - VTD 44,DORCHESTER - VTD 44,48747901.862943,Dorchester,035,Kings Grant 2,Dorchester - Kings Grant 2,DORCHESTER - KINGS GRANT 2,220992.765509,0.004533,2
035,Dorchester,VTD 44,4503544,Dorchester - VTD 44,DORCHESTER - VTD 44,48747901.862943,Dorchester,035,Kings Grant,Dorchester - Kings Grant,DORCHESTER - KINGS GRANT,103366.772370,0.002120,3
035,Dorchester,VTD 44,4503544,Dorchester - VTD 44,DORCHESTER - VTD 44,48747901.862943,Dorchester,035,Ashley River,Dorchester - Ashley River,DORCHESTER - ASHLEY RIVER,15467.210390,0.000317,4
035,Dorchester,VTD 6,450356,Dorchester - VTD 6,DORCHESTER - VTD 6,62750270.085345,Dorchester,035,Rosinville,Dorchester - Rosinville,DORCHESTER - ROSINVILLE,62445575.420507,0.995144,1
035,Dorchester,VTD 6,450356,Dorchester - VTD 6,DORCHESTER - VTD 6,62750270.085345,Dorchester,035,Harleyville,Dorchester - Harleyville,DORCHESTER - HARLEYVILLE,304609.648599,0.004854,2
035,Dorchester,VTD 8,450358,Dorchester - VTD 8,DORCHESTER - VTD 8,29280065.985497,Dorchester,035,St. George No. 1,Dorchester - St. George No. 1,DORCHESTER - ST. GEORGE NO. 1,25769392.935274,0.880100,1
035,Dorchester,VTD 8,450358,Dorchester - VTD 8,DORCHESTER - VTD 8,29280065.985497,Dorchester,035,St. George No. 2,Dorchester - St. George No. 2,DORCHESTER - ST. GEORGE NO. 2,2018646.832715,0.068943,2
035,Dorchester,VTD 8,450358,Dorchester - VTD 8,DORCHESTER - VTD 8,29280065.985497,Dorchester,035,Reevesville,Dorchester - Reevesville,DORCHESTER - REEVESVILLE,1476448.583401,0.050425,3
035,Dorchester,VTD 8,450358,Dorchester - VTD 8,DORCHESTER - VTD 8,29280065.985497,Dorchester,035,Indian Field 2,Dorchester - Indian Field 2,DORCHESTER - INDIAN FIELD 2,8523.540156,0.000291,4
035,Dorchester,VTD 8,450358,Dorchester - VTD 8,DORCHESTER - VTD 8,29280065.985497,Dorchester,035,Indian Field,Dorchester - Indian Field,DORCHESTER - INDIAN FIELD,7052.053245,0.000241,5
035,Dorchester,VTD 5,450355,Dorchester - VTD 5,DORCHESTER - VTD 5,48339600.764685,Dorchester,035,Indian Field 2,Dorchester - Indian Field 2,DORCHESTER - INDIAN FIELD 2,48050073.131198,0.994011,1
035,Dorchester,VTD 5,450355,Dorchester - VTD 5,DORCHESTER - VTD 5,48339600.764685,Dorchester,035,St. George No. 2,Dorchester - St. George No. 2,DORCHESTER - ST. GEORGE NO. 2,289277.203934,0.005984,2
035,Dorchester,VTD 40,4503540,Dorchester - VTD 40,DORCHESTER - VTD 40,6686495.486049,Dorchester,035,Miles/Jamison,Dorchester - Miles/Jamison,DORCHESTER - MILESJAMISON,3280187.424506,0.490569,1
035,Dorchester,VTD 40,4503540,Dorchester - VTD 40,DORCHESTER - VTD 40,6686495.486049,Dorchester,035,Coastal Center,Dorchester - Coastal Center,DORCHESTER - COASTAL CENTER,1532261.451226,0.229158,2
035,Dorchester,VTD 40,4503540,Dorchester - VTD 40,DORCHESTER - VTD 40,6686495.486049,Dorchester,035,Coastal,Dorchester - Coastal,DORCHESTER - COASTAL,841257.405800,0.125814,3
035,Dorchester,VTD 40,4503540,Dorchester - VTD 40,DORCHESTER - VTD 40,6686495.486049,Dorchester,035,Coastal 2,Dorchester - Coastal 2,DORCHESTER - COASTAL 2,751547.874079,0.112398,4
035,Dorchester,VTD 40,4503540,Dorchester - VTD 40,DORCHESTER - VTD 40,6686495.486049,Dorchester,035,Greenhurst,Dorchester - Greenhurst,DORCHESTER - GREENHURST,210086.863100,0.031420,5
035,Dorchester,VTD 21,4503521,Dorchester - VTD 21,DORCHESTER - VTD 21,50984454.936696,Dorchester,035,Cypress,Dorchester - Cypress,DORCHESTER - CYPRESS,23283477.548513,0.456678,1
035,Dorchester,VTD 21,4503521,Dorchester - VTD 21,DORCHESTER - VTD 21,50984454.936696,Dorchester,035,Knightsville,Dorchester - Knightsville,DORCHESTER - KNIGHTSVILLE,10486097.629809,0.205672,2
035,Dorchester,VTD 21,4503521,Dorchester - VTD 21,DORCHESTER - VTD 21,50984454.936696,Dorchester,035,Flowertown,Dorchester - Flowertown,DORCHESTER - FLOWERTOWN,9683990.573847,0.189940,3
035,Dorchester,VTD 21,4503521,Dorchester - VTD 21,DORCHESTER - VTD 21,50984454.936696,Dorchester,035,Clemson 3,Dorchester - Clemson 3,DORCHESTER - CLEMSON 3,4625621.305641,0.090726,4
035,Dorchester,VTD 21,4503521,Dorchester - VTD 21,DORCHESTER - VTD 21,50984454.936696,Dorchester,035,Clemson 2,Dorchester - Clemson 2,DORCHESTER - CLEMSON 2,2898341.819510,0.056848,5
035,Dorchester,VTD 21,4503521,Dorchester - VTD 21,DORCHESTER - VTD 21,50984454.936696,Dorchester,035,Givhans 2,Dorchester - Givhans 2,DORCHESTER - GIVHANS 2,6926.059376,0.000136,6
035,Dorchester,VTD 30,4503530,Dorchester - VTD 30,DORCHESTER - VTD 30,5486366.368171,Dorchester,035,Sawmill Branch,Dorchester - Sawmill Branch,DORCHESTER - SAWMILL BRANCH,2939630.015714,0.535806,1
035,Dorchester,VTD 30,4503530,Dorchester - VTD 30,DORCHESTER - VTD 30,5486366.368171,Dorchester,035,Newington 2,Dorchester - Newington 2,DORCHESTER - NEWINGTON 2,1286066.503965,0.234411,2
035,Dorchester,VTD 30,4503530,Dorchester - VTD 30,DORCHESTER - VTD 30,5486366.368171,Dorchester,035,Newington,Dorchester - Newington,DORCHESTER - NEWINGTON,1224207.068819,0.223136,3
035,Dorchester,VTD 30,4503530,Dorchester - VTD 30,DORCHESTER - VTD 30,5486366.368171,Dorchester,035,Greenwave,Dorchester - Greenwave,DORCHESTER - GREENWAVE,20205.605279,0.003683,4
035,Dorchester,VTD 30,4503530,Dorchester - VTD 30,DORCHESTER - VTD 30,5486366.368171,Dorchester,035,Stallsville,Dorchester - Stallsville,DORCHESTER - STALLSVILLE,8493.638500,0.001548,5
035,Dorchester,VTD 30,4503530,Dorchester - VTD 30,DORCHESTER - VTD 30,5486366.368171,Dorchester,035,Irongate 2,Dorchester - Irongate 2,DORCHESTER - IRONGATE 2,5437.859240,0.000991,6
035,Dorchester,VTD 30,4503530,Dorchester - VTD 30,DORCHESTER - VTD 30,5486366.368171,Dorchester,035,Dorchester 2,Dorchester - Dorchester 2,DORCHESTER - DORCHESTER 2,2138.426941,0.000390,7
035,Dorchester,VTD 18,4503518,Dorchester - VTD 18,DORCHESTER - VTD 18,38178591.997020,Dorchester,035,Ridgeville 2,Dorchester - Ridgeville 2,DORCHESTER - RIDGEVILLE 2,30247425.438513,0.792261,1
035,Dorchester,VTD 18,4503518,Dorchester - VTD 18,DORCHESTER - VTD 18,38178591.997020,Dorchester,035,Cypress,Dorchester - Cypress,DORCHESTER - CYPRESS,7716530.928108,0.202117,2
035,Dorchester,VTD 18,4503518,Dorchester - VTD 18,DORCHESTER - VTD 18,38178591.997020,Dorchester,035,Ridgeville,Dorchester - Ridgeville,DORCHESTER - RIDGEVILLE,96991.082858,0.002540,3
035,Dorchester,VTD 25,4503525,Dorchester - VTD 25,DORCHESTER - VTD 25,1769798.862596,Dorchester,035,Germantown,Dorchester - Germantown,DORCHESTER - GERMANTOWN,1769792.987823,0.999997,1
035,Dorchester,VTD 45,4503545,Dorchester - VTD 45,DORCHESTER - VTD 45,26133315.127518,Dorchester,035,Coosaw 2,Dorchester - Coosaw 2,DORCHESTER - COOSAW 2,4920060.509726,0.188268,1
035,Dorchester,VTD 45,4503545,Dorchester - VTD 45,DORCHESTER - VTD 45,26133315.127518,Dorchester,035,Oakbrook,Dorchester - Oakbrook,DORCHESTER - OAKBROOK,4871004.423872,0.186391,2
035,Dorchester,VTD 45,4503545,Dorchester - VTD 45,DORCHESTER - VTD 45,26133315.127518,Dorchester,035,Kings Grant 2,Dorchester - Kings Grant 2,DORCHESTER - KINGS GRANT 2,4279816.756356,0.163769,3
035,Dorchester,VTD 45,4503545,Dorchester - VTD 45,DORCHESTER - VTD 45,26133315.127518,Dorchester,035,Coosaw,Dorchester - Coosaw,DORCHESTER - COOSAW,3912264.897785,0.149704,4
035,Dorchester,VTD 45,4503545,Dorchester - VTD 45,DORCHESTER - VTD 45,26133315.127518,Dorchester,035,Ashley River,Dorchester - Ashley River,DORCHESTER - ASHLEY RIVER,3016134.029841,0.115413,5
035,Dorchester,VTD 45,4503545,Dorchester - VTD 45,DORCHESTER - VTD 45,26133315.127518,Dorchester,035,Kings Grant,Dorchester - Kings Grant,DORCHESTER - KINGS GRANT,2548304.157098,0.097512,6
035,Dorchester,VTD 45,4503545,Dorchester - VTD 45,DORCHESTER - VTD 45,26133315.127518,Dorchester,035,Lincoln,Dorchester - Lincoln,DORCHESTER - LINCOLN,2087957.667510,0.079896,7
035,Dorchester,VTD 45,4503545,Dorchester - VTD 45,DORCHESTER - VTD 45,26133315.127518,Dorchester,035,Windsor,Dorchester - Windsor,DORCHESTER - WINDSOR,271646.842644,0.010395,8
035,Dorchester,VTD 48,4503548,Dorchester - VTD 48,DORCHESTER - VTD 48,4872218.435753,Dorchester,035,Tranquil 2,Dorchester - Tranquil 2,DORCHESTER - TRANQUIL 2,2553269.746220,0.524047,1
035,Dorchester,VTD 48,4503548,Dorchester - VTD 48,DORCHESTER - VTD 48,4872218.435753,Dorchester,035,Oakbrook,Dorchester - Oakbrook,DORCHESTER - OAKBROOK,1281359.816833,0.262993,2
035,Dorchester,VTD 48,4503548,Dorchester - VTD 48,DORCHESTER - VTD 48,4872218.435753,Dorchester,035,Tranquil,Dorchester - Tranquil,DORCHESTER - TRANQUIL,909170.968283,0.186603,3
035,Dorchester,VTD 48,4503548,Dorchester - VTD 48,DORCHESTER - VTD 48,4872218.435753,Dorchester,035,Ashborough West,Dorchester - Ashborough West,DORCHESTER - ASHBOROUGH WEST,3291.853356,0.000676,4
035,Dorchester,VTD 48,4503548,Dorchester - VTD 48,DORCHESTER - VTD 48,4872218.435753,Dorchester,035,Coastal,Dorchester - Coastal,DORCHESTER - COASTAL,3039.867823,0.000624,5
035,Dorchester,VTD 3,450353,Dorchester - VTD 3,DORCHESTER - VTD 3,39647398.386317,Dorchester,035,Indian Field,Dorchester - Indian Field,DORCHESTER - INDIAN FIELD,39534953.894765,0.997164,1
035,Dorchester,VTD 3,450353,Dorchester - VTD 3,DORCHESTER - VTD 3,39647398.386317,Dorchester,035,Indian Field 2,Dorchester - Indian Field 2,DORCHESTER - INDIAN FIELD 2,112126.073835,0.002828,2
035,Dorchester,VTD 15,4503515,Dorchester - VTD 15,DORCHESTER - VTD 15,45129283.953026,Dorchester,035,Four Hole,Dorchester - Four Hole,DORCHESTER - FOUR HOLE,40248815.476011,0.891856,1
035,Dorchester,VTD 15,4503515,Dorchester - VTD 15,DORCHESTER - VTD 15,45129283.953026,Dorchester,035,Rosses,Dorchester - Rosses,DORCHESTER - ROSSES,4568152.296293,0.101224,2
035,Dorchester,VTD 11,4503511,Dorchester - VTD 11,DORCHESTER - VTD 11,49924136.327300,Dorchester,035,Harleyville,Dorchester - Harleyville,DORCHESTER - HARLEYVILLE,49816539.624449,0.997845,1
035,Dorchester,VTD 11,4503511,Dorchester - VTD 11,DORCHESTER - VTD 11,49924136.327300,Dorchester,035,Four Hole,Dorchester - Four Hole,DORCHESTER - FOUR HOLE,102639.529725,0.002056,2
035,Dorchester,VTD 26,4503526,Dorchester - VTD 26,DORCHESTER - VTD 26,4286458.802124,Dorchester,035,Dorchester,Dorchester - Dorchester,DORCHESTER - DORCHESTER,2403883.050360,0.560809,1
035,Dorchester,VTD 26,4503526,Dorchester - VTD 26,DORCHESTER - VTD 26,4286458.802124,Dorchester,035,Dorchester 2,Dorchester - Dorchester 2,DORCHESTER - DORCHESTER 2,1882572.832170,0.439191,2
035,Dorchester,VTD 39,4503539,Dorchester - VTD 39,DORCHESTER - VTD 39,5698525.760872,Dorchester,035,Trolley,Dorchester - Trolley,DORCHESTER - TROLLEY,1666666.130057,0.292473,1
035,Dorchester,VTD 39,4503539,Dorchester - VTD 39,DORCHESTER - VTD 39,5698525.760872,Dorchester,035,Briarwood 2,Dorchester - Briarwood 2,DORCHESTER - BRIARWOOD 2,1163535.933490,0.204182,2
035,Dorchester,VTD 39,4503539,Dorchester - VTD 39,DORCHESTER - VTD 39,5698525.760872,Dorchester,035,Coastal Center,Dorchester - Coastal Center,DORCHESTER - COASTAL CENTER,924054.334545,0.162157,3
035,Dorchester,VTD 39,4503539,Dorchester - VTD 39,DORCHESTER - VTD 39,5698525.760872,Dorchester,035,Briarwood 3,Dorchester - Briarwood 3,DORCHESTER - BRIARWOOD 3,685387.610815,0.120275,4
035,Dorchester,VTD 39,4503539,Dorchester - VTD 39,DORCHESTER - VTD 39,5698525.760872,Dorchester,035,Coastal 2,Dorchester - Coastal 2,DORCHESTER - COASTAL 2,597817.079990,0.104907,5
035,Dorchester,VTD 39,4503539,Dorchester - VTD 39,DORCHESTER - VTD 39,5698525.760872,Dorchester,035,Briarwood,Dorchester - Briarwood,DORCHESTER - BRIARWOOD,587786.779783,0.103147,6
035,Dorchester,VTD 39,4503539,Dorchester - VTD 39,DORCHESTER - VTD 39,5698525.760872,Dorchester,035,Spann,Dorchester - Spann,DORCHESTER - SPANN,61251.154659,0.010749,7
035,Dorchester,VTD 39,4503539,Dorchester - VTD 39,DORCHESTER - VTD 39,5698525.760872,Dorchester,035,Coastal,Dorchester - Coastal,DORCHESTER - COASTAL,11323.653109,0.001987,8
035,Dorchester,VTD 33,4503533,Dorchester - VTD 33,DORCHESTER - VTD 33,1773439.342616,Dorchester,035,Greenhurst,Dorchester - Greenhurst,DORCHESTER - GREENHURST,1034894.481824,0.583552,1
035,Dorchester,VTD 33,4503533,Dorchester - VTD 33,DORCHESTER - VTD 33,1773439.342616,Dorchester,035,Briarwood,Dorchester - Briarwood,DORCHESTER - BRIARWOOD,405168.642625,0.228465,2
035,Dorchester,VTD 33,4503533,Dorchester - VTD 33,DORCHESTER - VTD 33,1773439.342616,Dorchester,035,Spann,Dorchester - Spann,DORCHESTER - SPANN,333376.218166,0.187983,3
035,Dorchester,VTD 29,4503529,Dorchester - VTD 29,DORCHESTER - VTD 29,6548680.274582,Dorchester,035,Bacons Bridge,Dorchester - Bacons Bridge,DORCHESTER - BACONS BRIDGE,3423748.560538,0.522815,1
035,Dorchester,VTD 29,4503529,Dorchester - VTD 29,DORCHESTER - VTD 29,6548680.274582,Dorchester,035,Greenwave,Dorchester - Greenwave,DORCHESTER - GREENWAVE,3119514.164747,0.476358,2
035,Dorchester,VTD 29,4503529,Dorchester - VTD 29,DORCHESTER - VTD 29,6548680.274582,Dorchester,035,Ashborough East,Dorchester - Ashborough East,DORCHESTER - ASHBOROUGH EAST,3234.370039,0.000494,3
035,Dorchester,VTD 29,4503529,Dorchester - VTD 29,DORCHESTER - VTD 29,6548680.274582,Dorchester,035,Flowertown 2,Dorchester - Flowertown 2,DORCHESTER - FLOWERTOWN 2,2066.022560,0.000315,4
035,Dorchester,VTD 19,4503519,Dorchester - VTD 19,DORCHESTER - VTD 19,84056993.713787,Dorchester,035,Givhans,Dorchester - Givhans,DORCHESTER - GIVHANS,66597360.041413,0.792288,1
035,Dorchester,VTD 19,4503519,Dorchester - VTD 19,DORCHESTER - VTD 19,84056993.713787,Dorchester,035,Givhans 2,Dorchester - Givhans 2,DORCHESTER - GIVHANS 2,17458573.081145,0.207699,2
035,Dorchester,VTD 32,4503532,Dorchester - VTD 32,DORCHESTER - VTD 32,1705195.162215,Dorchester,035,Stallsville,Dorchester - Stallsville,DORCHESTER - STALLSVILLE,1705191.079968,0.999998,1
035,Dorchester,VTD 47,4503547,Dorchester - VTD 47,DORCHESTER - VTD 47,6631543.930029,Dorchester,035,Patriot,Dorchester - Patriot,DORCHESTER - PATRIOT,2995833.803324,0.451755,1
035,Dorchester,VTD 47,4503547,Dorchester - VTD 47,DORCHESTER - VTD 47,6631543.930029,Dorchester,035,Archdale 2,Dorchester - Archdale 2,DORCHESTER - ARCHDALE 2,1821759.744876,0.274711,2
035,Dorchester,VTD 47,4503547,Dorchester - VTD 47,DORCHESTER - VTD 47,6631543.930029,Dorchester,035,Archdale,Dorchester - Archdale,DORCHESTER - ARCHDALE,1144159.133133,0.172533,3
035,Dorchester,VTD 47,4503547,Dorchester - VTD 47,DORCHESTER - VTD 47,6631543.930029,Dorchester,035,Ashley River,Dorchester - Ashley River,DORCHESTER - ASHLEY RIVER,359351.123217,0.054188,4
035,Dorchester,VTD 17,4503517,Dorchester - VTD 17,DORCHESTER - VTD 17,54311783.535905,Dorchester,035,Ridgeville,Dorchester - Ridgeville,DORCHESTER - RIDGEVILLE,51758704.741674,0.952992,1
035,Dorchester,VTD 17,4503517,Dorchester - VTD 17,DORCHESTER - VTD 17,54311783.535905,Dorchester,035,Givhans 2,Dorchester - Givhans 2,DORCHESTER - GIVHANS 2,579316.595079,0.010666,2
035,Dorchester,VTD 24,4503524,Dorchester - VTD 24,DORCHESTER - VTD 24,5075597.007415,Dorchester,035,Central 2,Dorchester - Central 2,DORCHESTER - CENTRAL 2,1454031.974203,0.286475,1
035,Dorchester,VTD 24,4503524,Dorchester - VTD 24,DORCHESTER - VTD 24,5075597.007415,Dorchester,035,Tupperway 2,Dorchester - Tupperway 2,DORCHESTER - TUPPERWAY 2,1429391.416953,0.281620,2
035,Dorchester,VTD 24,4503524,Dorchester - VTD 24,DORCHESTER - VTD 24,5075597.007415,Dorchester,035,Central,Dorchester - Central,DORCHESTER - CENTRAL,1259784.462268,0.248204,3
035,Dorchester,VTD 24,4503524,Dorchester - VTD 24,DORCHESTER - VTD 24,5075597.007415,Dorchester,035,Tupperway,Dorchester - Tupperway,DORCHESTER - TUPPERWAY,878698.675057,0.173122,4
035,Dorchester,VTD 24,4503524,Dorchester - VTD 24,DORCHESTER - VTD 24,5075597.007415,Dorchester,035,Germantown,Dorchester - Germantown,DORCHESTER - GERMANTOWN,53687.196279,0.010578,5
035,Dorchester,VTD 31,4503531,Dorchester - VTD 31,DORCHESTER - VTD 31,2220327.779119,Dorchester,035,North Summerville,Dorchester - North Summerville,DORCHESTER - NORTH SUMMERVILLE,1235633.473801,0.556509,1
035,Dorchester,VTD 31,4503531,Dorchester - VTD 31,DORCHESTER - VTD 31,2220327.779119,Dorchester,035,Spann,Dorchester - Spann,DORCHESTER - SPANN,983367.076101,0.442893,2
035,Dorchester,VTD 31,4503531,Dorchester - VTD 31,DORCHESTER - VTD 31,2220327.779119,Dorchester,035,Stallsville,Dorchester - Stallsville,DORCHESTER - STALLSVILLE,1324.392105,0.000596,3
035,Dorchester,VTD 4,450354,Dorchester - VTD 4,DORCHESTER - VTD 4,61360852.797356,Dorchester,035,Rosinville,Dorchester - Rosinville,DORCHESTER - ROSINVILLE,61360851.763340,1.000000,1
035,Dorchester,VTD 10,4503510,Dorchester - VTD 10,DORCHESTER - VTD 10,40026395.992740,Dorchester,035,St. George No. 1,Dorchester - St. George No. 1,DORCHESTER - ST. GEORGE NO. 1,40017497.387162,0.999778,1
035,Dorchester,VTD 10,4503510,Dorchester - VTD 10,DORCHESTER - VTD 10,40026395.992740,Dorchester,035,Indian Field 2,Dorchester - Indian Field 2,DORCHESTER - INDIAN FIELD 2,8837.371163,0.000221,2
035,Dorchester,VTD 13,4503513,Dorchester - VTD 13,DORCHESTER - VTD 13,47170687.309494,Dorchester,035,Grover,Dorchester - Grover,DORCHESTER - GROVER,47170687.309494,1.000000,1
035,Dorchester,VTD 22,4503522,Dorchester - VTD 22,DORCHESTER - VTD 22,24828574.659858,Dorchester,035,Clemson 3,Dorchester - Clemson 3,DORCHESTER - CLEMSON 3,11210814.363568,0.451529,1
035,Dorchester,VTD 22,4503522,Dorchester - VTD 22,DORCHESTER - VTD 22,24828574.659858,Dorchester,035,Butternut,Dorchester - Butternut,DORCHESTER - BUTTERNUT,6076253.264559,0.244728,2
035,Dorchester,VTD 22,4503522,Dorchester - VTD 22,DORCHESTER - VTD 22,24828574.659858,Dorchester,035,Clemson 2,Dorchester - Clemson 2,DORCHESTER - CLEMSON 2,3679572.054213,0.148199,3
035,Dorchester,VTD 22,4503522,Dorchester - VTD 22,DORCHESTER - VTD 22,24828574.659858,Dorchester,035,Clemson,Dorchester - Clemson,DORCHESTER - CLEMSON,3169458.513913,0.127654,4
035,Dorchester,VTD 22,4503522,Dorchester - VTD 22,DORCHESTER - VTD 22,24828574.659858,Dorchester,035,Central,Dorchester - Central,DORCHESTER - CENTRAL,692409.775701,0.027888,5
035,Dorchester,VTD 23,4503523,Dorchester - VTD 23,DORCHESTER - VTD 23,10164023.258418,Dorchester,035,Flowertown,Dorchester - Flowertown,DORCHESTER - FLOWERTOWN,6057391.542151,0.595964,1
035,Dorchester,VTD 23,4503523,Dorchester - VTD 23,DORCHESTER - VTD 23,10164023.258418,Dorchester,035,Flowertown 2,Dorchester - Flowertown 2,DORCHESTER - FLOWERTOWN 2,3724360.047879,0.366426,2
035,Dorchester,VTD 23,4503523,Dorchester - VTD 23,DORCHESTER - VTD 23,10164023.258418,Dorchester,035,Tupperway 2,Dorchester - Tupperway 2,DORCHESTER - TUPPERWAY 2,370768.511237,0.036479,3
035,Dorchester,VTD 23,4503523,Dorchester - VTD 23,DORCHESTER - VTD 23,10164023.258418,Dorchester,035,Givhans 2,Dorchester - Givhans 2,DORCHESTER - GIVHANS 2,11487.911685,0.001130,4
035,Dorchester,VTD 1,450351,Dorchester - VTD 1,DORCHESTER - VTD 1,61084457.866990,Dorchester,035,Reevesville,Dorchester - Reevesville,DORCHESTER - REEVESVILLE,61084445.018760,1.000000,1
035,Dorchester,VTD 2,450352,Dorchester - VTD 2,DORCHESTER - VTD 2,63343591.687586,Dorchester,035,Reevesville,Dorchester - Reevesville,DORCHESTER - REEVESVILLE,63159281.087257,0.997090,1
035,Dorchester,VTD 2,450352,Dorchester - VTD 2,DORCHESTER - VTD 2,63343591.687586,Dorchester,035,Grover,Dorchester - Grover,DORCHESTER - GROVER,184310.508919,0.002910,2
035,Dorchester,VTD 12,4503512,Dorchester - VTD 12,DORCHESTER - VTD 12,69688460.187235,Dorchester,035,Four Hole,Dorchester - Four Hole,DORCHESTER - FOUR HOLE,69687382.564295,0.999985,1
035,Dorchester,VTD 16,4503516,Dorchester - VTD 16,DORCHESTER - VTD 16,69770787.007896,Dorchester,035,Rosses,Dorchester - Rosses,DORCHESTER - ROSSES,69770750.578571,0.999999,1
035,Dorchester,VTD 43,4503543,Dorchester - VTD 43,DORCHESTER - VTD 43,75620693.787292,Dorchester,035,Saul Dam,Dorchester - Saul Dam,DORCHESTER - SAUL DAM,55857540.282701,0.738654,1
035,Dorchester,VTD 43,4503543,Dorchester - VTD 43,DORCHESTER - VTD 43,75620693.787292,Dorchester,035,Delemars,Dorchester - Delemars,DORCHESTER - DELEMARS,19320285.516523,0.255489,2
035,Dorchester,VTD 43,4503543,Dorchester - VTD 43,DORCHESTER - VTD 43,75620693.787292,Dorchester,035,Beech Hill 2,Dorchester - Beech Hill 2,DORCHESTER - BEECH HILL 2,412341.706942,0.005453,3
035,Dorchester,VTD 34,4503534,Dorchester - VTD 34,DORCHESTER - VTD 34,50447685.691530,Dorchester,035,Delemars,Dorchester - Delemars,DORCHESTER - DELEMARS,49443548.234865,0.980095,1
035,Dorchester,VTD 34,4503534,Dorchester - VTD 34,DORCHESTER - VTD 34,50447685.691530,Dorchester,035,Bacons Bridge,Dorchester - Bacons Bridge,DORCHESTER - BACONS BRIDGE,986978.307760,0.019564,2
035,Dorchester,VTD 34,4503534,Dorchester - VTD 34,DORCHESTER - VTD 34,50447685.691530,Dorchester,035,Givhans,Dorchester - Givhans,DORCHESTER - GIVHANS,13685.151688,0.000271,3
035,Dorchester,VTD 42,4503542,Dorchester - VTD 42,DORCHESTER - VTD 42,43762950.538666,Dorchester,035,Delemars,Dorchester - Delemars,DORCHESTER - DELEMARS,43462302.667396,0.993130,1
035,Dorchester,VTD 42,4503542,Dorchester - VTD 42,DORCHESTER - VTD 42,43762950.538666,Dorchester,035,Saul Dam,Dorchester - Saul Dam,DORCHESTER - SAUL DAM,300643.552362,0.006870,2
035,Dorchester,VTD 46,4503546,Dorchester - VTD 46,DORCHESTER - VTD 46,3515268.423675,Dorchester,035,Windsor,Dorchester - Windsor,DORCHESTER - WINDSOR,1556139.689467,0.442680,1
035,Dorchester,VTD 46,4503546,Dorchester - VTD 46,DORCHESTER - VTD 46,3515268.423675,Dorchester,035,Patriot,Dorchester - Patriot,DORCHESTER - PATRIOT,1254891.080612,0.356983,2
035,Dorchester,VTD 46,4503546,Dorchester - VTD 46,DORCHESTER - VTD 46,3515268.423675,Dorchester,035,Lincoln,Dorchester - Lincoln,DORCHESTER - LINCOLN,627920.959725,0.178627,3
035,Dorchester,VTD 36,4503536,Dorchester - VTD 36,DORCHESTER - VTD 36,2795980.273983,Dorchester,035,Ashborough West 2,Dorchester - Ashborough West 2,DORCHESTER - ASHBOROUGH WEST 2,1638876.645745,0.586155,1
035,Dorchester,VTD 36,4503536,Dorchester - VTD 36,DORCHESTER - VTD 36,2795980.273983,Dorchester,035,Ashborough West,Dorchester - Ashborough West,DORCHESTER - ASHBOROUGH WEST,1156764.161251,0.413724,2
035,Dorchester,VTD 36,4503536,Dorchester - VTD 36,DORCHESTER - VTD 36,2795980.273983,Dorchester,035,Bacons Bridge,Dorchester - Bacons Bridge,DORCHESTER - BACONS BRIDGE,300.039292,0.000107,3
037,Edgefield,VTD 1,450371,Edgefield - VTD 1,EDGEFIELD - VTD 1,76114882.712130,Edgefield,037,Brunson,Edgefield - Brunson,EDGEFIELD - BRUNSON,76114882.712130,1.000000,1
037,Edgefield,VTD 2,450372,Edgefield - VTD 2,EDGEFIELD - VTD 2,74079562.835145,Edgefield,037,North Side,Edgefield - North Side,EDGEFIELD - NORTH SIDE,74079539.782961,1.000000,1
037,Edgefield,VTD 4,450374,Edgefield - VTD 4,EDGEFIELD - VTD 4,113256979.703397,Edgefield,037,North Side,Edgefield - North Side,EDGEFIELD - NORTH SIDE,113256979.703397,1.000000,1
037,Edgefield,VTD 3,450373,Edgefield - VTD 3,EDGEFIELD - VTD 3,98859691.696674,Edgefield,037,Brunson,Edgefield - Brunson,EDGEFIELD - BRUNSON,98859691.696675,1.000000,1
037,Edgefield,VTD 8,450378,Edgefield - VTD 8,EDGEFIELD - VTD 8,50753785.519532,Edgefield,037,Edgefield No. 1,Edgefield - Edgefield No. 1,EDGEFIELD - EDGEFIELD NO. 1,46720414.762421,0.920531,1
037,Edgefield,VTD 8,450378,Edgefield - VTD 8,EDGEFIELD - VTD 8,50753785.519532,Edgefield,037,North Side,Edgefield - North Side,EDGEFIELD - NORTH SIDE,2857662.082712,0.056304,2
037,Edgefield,VTD 8,450378,Edgefield - VTD 8,EDGEFIELD - VTD 8,50753785.519532,Edgefield,037,Trenton,Edgefield - Trenton,EDGEFIELD - TRENTON,1175708.674399,0.023165,3
037,Edgefield,VTD 9,450379,Edgefield - VTD 9,EDGEFIELD - VTD 9,41750389.530720,Edgefield,037,Johnston No. 2,Edgefield - Johnston No. 2,EDGEFIELD - JOHNSTON NO. 2,41700103.983468,0.998796,1
037,Edgefield,VTD 9,450379,Edgefield - VTD 9,EDGEFIELD - VTD 9,41750389.530720,Edgefield,037,Edgefield No. 1,Edgefield - Edgefield No. 1,EDGEFIELD - EDGEFIELD NO. 1,50278.624792,0.001204,2
037,Edgefield,VTD 6,450376,Edgefield - VTD 6,EDGEFIELD - VTD 6,99938739.207452,Edgefield,037,West Side,Edgefield - West Side,EDGEFIELD - WEST SIDE,99938739.207452,1.000000,1
037,Edgefield,VTD 5,450375,Edgefield - VTD 5,EDGEFIELD - VTD 5,144886244.266587,Edgefield,037,West Side,Edgefield - West Side,EDGEFIELD - WEST SIDE,144886243.927605,1.000000,1
037,Edgefield,VTD 15,4503715,Edgefield - VTD 15,EDGEFIELD - VTD 15,89321150.980627,Edgefield,037,Merriweather No. 1,Edgefield - Merriweather No. 1,EDGEFIELD - MERRIWEATHER NO. 1,89321150.606184,1.000000,1
037,Edgefield,VTD 16,4503716,Edgefield - VTD 16,EDGEFIELD - VTD 16,98261765.248424,Edgefield,037,Merriweather No. 2,Edgefield - Merriweather No. 2,EDGEFIELD - MERRIWEATHER NO. 2,98261765.248425,1.000000,1
037,Edgefield,VTD 14,4503714,Edgefield - VTD 14,EDGEFIELD - VTD 14,73526350.291607,Edgefield,037,Trenton,Edgefield - Trenton,EDGEFIELD - TRENTON,73526350.291607,1.000000,1
037,Edgefield,VTD 11,4503711,Edgefield - VTD 11,EDGEFIELD - VTD 11,17128233.656133,Edgefield,037,Kendall,Edgefield - Kendall,EDGEFIELD - KENDALL,17128233.656133,1.000000,1
037,Edgefield,VTD 13,4503713,Edgefield - VTD 13,EDGEFIELD - VTD 13,73780391.764716,Edgefield,037,Trenton,Edgefield - Trenton,EDGEFIELD - TRENTON,71107497.724377,0.963772,1
037,Edgefield,VTD 13,4503713,Edgefield - VTD 13,EDGEFIELD - VTD 13,73780391.764716,Edgefield,037,Kendall,Edgefield - Kendall,EDGEFIELD - KENDALL,2672894.040338,0.036228,2
037,Edgefield,VTD 12,4503712,Edgefield - VTD 12,EDGEFIELD - VTD 12,98672300.736906,Edgefield,037,Harmony,Edgefield - Harmony,EDGEFIELD - HARMONY,98672300.736906,1.000000,1
037,Edgefield,VTD 10,4503710,Edgefield - VTD 10,EDGEFIELD - VTD 10,68839294.060097,Edgefield,037,Johnston No. 1,Edgefield - Johnston No. 1,EDGEFIELD - JOHNSTON NO. 1,68711624.140303,0.998145,1
037,Edgefield,VTD 10,4503710,Edgefield - VTD 10,EDGEFIELD - VTD 10,68839294.060097,Edgefield,037,Harmony,Edgefield - Harmony,EDGEFIELD - HARMONY,109878.191450,0.001596,2
037,Edgefield,VTD 7,450377,Edgefield - VTD 7,EDGEFIELD - VTD 7,93171888.807808,Edgefield,037,Edgefield No. 2,Edgefield - Edgefield No. 2,EDGEFIELD - EDGEFIELD NO. 2,93171888.807808,1.000000,1
039,Fairfield,VTD 13,4503913,Fairfield - VTD 13,FAIRFIELD - VTD 13,144652592.747843,Fairfield,039,Dutchmans Creek,Fairfield - Dutchmans Creek,FAIRFIELD - DUTCHMANS CREEK,144634034.449960,0.999872,1
039,Fairfield,VTD 16,4503916,Fairfield - VTD 16,FAIRFIELD - VTD 16,117625294.991900,Fairfield,039,Jekinsville,Fairfield - Jekinsville,FAIRFIELD - JEKINSVILLE,113043276.864882,0.961046,1
039,Fairfield,VTD 16,4503916,Fairfield - VTD 16,FAIRFIELD - VTD 16,117625294.991900,Fairfield,039,Monticello,Fairfield - Monticello,FAIRFIELD - MONTICELLO,4581999.008752,0.038954,2
039,Fairfield,VTD 6,450396,Fairfield - VTD 6,FAIRFIELD - VTD 6,133710928.314838,Fairfield,039,Mitford,Fairfield - Mitford,FAIRFIELD - MITFORD,103495562.561176,0.774025,1
039,Fairfield,VTD 6,450396,Fairfield - VTD 6,FAIRFIELD - VTD 6,133710928.314838,Fairfield,039,Dutchmans Creek,Fairfield - Dutchmans Creek,FAIRFIELD - DUTCHMANS CREEK,30215364.107320,0.225975,2
039,Fairfield,VTD 11,4503911,Fairfield - VTD 11,FAIRFIELD - VTD 11,68103967.160832,Fairfield,039,Winnsboro No. 2,Fairfield - Winnsboro No. 2,FAIRFIELD - WINNSBORO NO. 2,68090502.812458,0.999802,1
039,Fairfield,VTD 11,4503911,Fairfield - VTD 11,FAIRFIELD - VTD 11,68103967.160832,Fairfield,039,Winnsboro Mills,Fairfield - Winnsboro Mills,FAIRFIELD - WINNSBORO MILLS,7835.582923,0.000115,2
039,Fairfield,VTD 8,450398,Fairfield - VTD 8,FAIRFIELD - VTD 8,92897996.403793,Fairfield,039,White Oak,Fairfield - White Oak,FAIRFIELD - WHITE OAK,92680501.282433,0.997659,1
039,Fairfield,VTD 8,450398,Fairfield - VTD 8,FAIRFIELD - VTD 8,92897996.403793,Fairfield,039,Garden Grove,Fairfield - Garden Grove,FAIRFIELD - GARDEN GROVE,164618.832331,0.001772,2
039,Fairfield,VTD 8,450398,Fairfield - VTD 8,FAIRFIELD - VTD 8,92897996.403793,Fairfield,039,Woodard,Fairfield - Woodard,FAIRFIELD - WOODARD,52870.582294,0.000569,3
039,Fairfield,VTD 21,4503921,Fairfield - VTD 21,FAIRFIELD - VTD 21,23687555.901150,Fairfield,039,South Winnsboro,Fairfield - South Winnsboro,FAIRFIELD - SOUTH WINNSBORO,23660633.447845,0.998863,1
039,Fairfield,VTD 21,4503921,Fairfield - VTD 21,FAIRFIELD - VTD 21,23687555.901150,Fairfield,039,Winnsboro No. 2,Fairfield - Winnsboro No. 2,FAIRFIELD - WINNSBORO NO. 2,25742.191294,0.001087,2
039,Fairfield,VTD 4,450394,Fairfield - VTD 4,FAIRFIELD - VTD 4,99897209.460318,Fairfield,039,Woodard,Fairfield - Woodard,FAIRFIELD - WOODARD,97312930.016634,0.974131,1
039,Fairfield,VTD 4,450394,Fairfield - VTD 4,FAIRFIELD - VTD 4,99897209.460318,Fairfield,039,Blackstock,Fairfield - Blackstock,FAIRFIELD - BLACKSTOCK,2584276.438091,0.025869,2
039,Fairfield,VTD 19,4503919,Fairfield - VTD 19,FAIRFIELD - VTD 19,4433031.566400,Fairfield,039,Winnsboro No. 1,Fairfield - Winnsboro No. 1,FAIRFIELD - WINNSBORO NO. 1,4419935.897823,0.997046,1
039,Fairfield,VTD 19,4503919,Fairfield - VTD 19,FAIRFIELD - VTD 19,4433031.566400,Fairfield,039,Winnsboro Mills,Fairfield - Winnsboro Mills,FAIRFIELD - WINNSBORO MILLS,11395.261306,0.002571,2
039,Fairfield,VTD 19,4503919,Fairfield - VTD 19,FAIRFIELD - VTD 19,4433031.566400,Fairfield,039,Winnsboro No. 2,Fairfield - Winnsboro No. 2,FAIRFIELD - WINNSBORO NO. 2,1698.759636,0.000383,3
039,Fairfield,VTD 14,4503914,Fairfield - VTD 14,FAIRFIELD - VTD 14,106894692.324318,Fairfield,039,Ridgeway,Fairfield - Ridgeway,FAIRFIELD - RIDGEWAY,105203677.590306,0.984181,1
039,Fairfield,VTD 14,4503914,Fairfield - VTD 14,FAIRFIELD - VTD 14,106894692.324318,Fairfield,039,Centerville,Fairfield - Centerville,FAIRFIELD - CENTERVILLE,1691010.002336,0.015819,2
039,Fairfield,VTD 23,4503923,Fairfield - VTD 23,FAIRFIELD - VTD 23,96685182.102599,Fairfield,039,Simpson,Fairfield - Simpson,FAIRFIELD - SIMPSON,96327030.752353,0.996296,1
039,Fairfield,VTD 23,4503923,Fairfield - VTD 23,FAIRFIELD - VTD 23,96685182.102599,Fairfield,039,South Winnsboro,Fairfield - South Winnsboro,FAIRFIELD - SOUTH WINNSBORO,357451.108614,0.003697,2
039,Fairfield,VTD 3,450393,Fairfield - VTD 3,FAIRFIELD - VTD 3,24927295.681626,Fairfield,039,Blackstock,Fairfield - Blackstock,FAIRFIELD - BLACKSTOCK,19539701.660094,0.783868,1
039,Fairfield,VTD 3,450393,Fairfield - VTD 3,FAIRFIELD - VTD 3,24927295.681626,Fairfield,039,Woodard,Fairfield - Woodard,FAIRFIELD - WOODARD,3507629.095673,0.140714,2
039,Fairfield,VTD 3,450393,Fairfield - VTD 3,FAIRFIELD - VTD 3,24927295.681626,Fairfield,039,New Hope,Fairfield - New Hope,FAIRFIELD - NEW HOPE,1771838.495271,0.071080,3
039,Fairfield,VTD 3,450393,Fairfield - VTD 3,FAIRFIELD - VTD 3,24927295.681626,Fairfield,039,Garden Grove,Fairfield - Garden Grove,FAIRFIELD - GARDEN GROVE,108126.430588,0.004338,4
039,Fairfield,VTD 1,450391,Fairfield - VTD 1,FAIRFIELD - VTD 1,152507920.709591,Fairfield,039,Feasterville,Fairfield - Feasterville,FAIRFIELD - FEASTERVILLE,147102735.315204,0.964558,1
039,Fairfield,VTD 1,450391,Fairfield - VTD 1,FAIRFIELD - VTD 1,152507920.709591,Fairfield,039,New Hope,Fairfield - New Hope,FAIRFIELD - NEW HOPE,3273547.163193,0.021465,2
039,Fairfield,VTD 1,450391,Fairfield - VTD 1,FAIRFIELD - VTD 1,152507920.709591,Fairfield,039,Blairs,Fairfield - Blairs,FAIRFIELD - BLAIRS,2131637.935883,0.013977,3
039,Fairfield,VTD 20,4503920,Fairfield - VTD 20,FAIRFIELD - VTD 20,3628678.784234,Fairfield,039,Winnsboro Mills,Fairfield - Winnsboro Mills,FAIRFIELD - WINNSBORO MILLS,3627884.281393,0.999781,1
039,Fairfield,VTD 20,4503920,Fairfield - VTD 20,FAIRFIELD - VTD 20,3628678.784234,Fairfield,039,Simpson,Fairfield - Simpson,FAIRFIELD - SIMPSON,794.502841,0.000219,2
039,Fairfield,VTD 18,4503918,Fairfield - VTD 18,FAIRFIELD - VTD 18,91318754.670560,Fairfield,039,Hickory Ridge,Fairfield - Hickory Ridge,FAIRFIELD - HICKORY RIDGE,90308859.409501,0.988941,1
039,Fairfield,VTD 18,4503918,Fairfield - VTD 18,FAIRFIELD - VTD 18,91318754.670560,Fairfield,039,Lebanon,Fairfield - Lebanon,FAIRFIELD - LEBANON,1009890.825604,0.011059,2
039,Fairfield,VTD 5,450395,Fairfield - VTD 5,FAIRFIELD - VTD 5,47033178.294046,Fairfield,039,Garden Grove,Fairfield - Garden Grove,FAIRFIELD - GARDEN GROVE,46831602.921143,0.995714,1
039,Fairfield,VTD 5,450395,Fairfield - VTD 5,FAIRFIELD - VTD 5,47033178.294046,Fairfield,039,Blackstock,Fairfield - Blackstock,FAIRFIELD - BLACKSTOCK,201575.372903,0.004286,2
039,Fairfield,VTD 12,4503912,Fairfield - VTD 12,FAIRFIELD - VTD 12,73040369.256970,Fairfield,039,Ridgeway,Fairfield - Ridgeway,FAIRFIELD - RIDGEWAY,73040367.517062,1.000000,1
039,Fairfield,VTD 22,4503922,Fairfield - VTD 22,FAIRFIELD - VTD 22,106981795.116029,Fairfield,039,Greenbrier,Fairfield - Greenbrier,FAIRFIELD - GREENBRIER,106233004.957964,0.993001,1
039,Fairfield,VTD 22,4503922,Fairfield - VTD 22,FAIRFIELD - VTD 22,106981795.116029,Fairfield,039,Hickory Ridge,Fairfield - Hickory Ridge,FAIRFIELD - HICKORY RIDGE,748789.079882,0.006999,2
039,Fairfield,VTD 7,450397,Fairfield - VTD 7,FAIRFIELD - VTD 7,94875937.251965,Fairfield,039,Blairs,Fairfield - Blairs,FAIRFIELD - BLAIRS,94846964.641409,0.999695,1
039,Fairfield,VTD 7,450397,Fairfield - VTD 7,FAIRFIELD - VTD 7,94875937.251965,Fairfield,039,Monticello,Fairfield - Monticello,FAIRFIELD - MONTICELLO,28971.902250,0.000305,2
039,Fairfield,VTD 10,4503910,Fairfield - VTD 10,FAIRFIELD - VTD 10,84062623.872231,Fairfield,039,Lebanon,Fairfield - Lebanon,FAIRFIELD - LEBANON,83073169.938026,0.988230,1
039,Fairfield,VTD 10,4503910,Fairfield - VTD 10,FAIRFIELD - VTD 10,84062623.872231,Fairfield,039,White Oak,Fairfield - White Oak,FAIRFIELD - WHITE OAK,989453.658901,0.011770,2
039,Fairfield,VTD 15,4503915,Fairfield - VTD 15,FAIRFIELD - VTD 15,26447700.773219,Fairfield,039,Centerville,Fairfield - Centerville,FAIRFIELD - CENTERVILLE,26242490.139377,0.992241,1
039,Fairfield,VTD 15,4503915,Fairfield - VTD 15,FAIRFIELD - VTD 15,26447700.773219,Fairfield,039,Ridgeway,Fairfield - Ridgeway,FAIRFIELD - RIDGEWAY,205210.633842,0.007759,2
039,Fairfield,VTD 2,450392,Fairfield - VTD 2,FAIRFIELD - VTD 2,69810499.507156,Fairfield,039,New Hope,Fairfield - New Hope,FAIRFIELD - NEW HOPE,69810499.507156,1.000000,1
039,Fairfield,VTD 9,450399,Fairfield - VTD 9,FAIRFIELD - VTD 9,117533938.386744,Fairfield,039,Monticello,Fairfield - Monticello,FAIRFIELD - MONTICELLO,112289156.344941,0.955376,1
039,Fairfield,VTD 9,450399,Fairfield - VTD 9,FAIRFIELD - VTD 9,117533938.386744,Fairfield,039,Jekinsville,Fairfield - Jekinsville,FAIRFIELD - JEKINSVILLE,5244779.711138,0.044624,2
039,Fairfield,VTD 17,4503917,Fairfield - VTD 17,FAIRFIELD - VTD 17,57846024.200710,Fairfield,039,Horeb-Glenn,Fairfield - Horeb-Glenn,FAIRFIELD - HOREB-GLENN,57845040.928145,0.999983,1
041,Florence,VTD 9,450419,Florence - VTD 9,FLORENCE - VTD 9,6965967.082363,Florence,041,Ebenezer No. 1,Florence - Ebenezer No. 1,FLORENCE - EBENEZER NO. 1,6956891.845656,0.998697,1
041,Florence,VTD 19,4504119,Florence - VTD 19,FLORENCE - VTD 19,3848789.803603,Florence,041,Florence Ward 7,Florence - Florence Ward 7,FLORENCE - FLORENCE WARD 7,3848789.803603,1.000000,1
041,Florence,VTD 1,450411,Florence - VTD 1,FLORENCE - VTD 1,43080844.410652,Florence,041,Back Swamp,Florence - Back Swamp,FLORENCE - BACK SWAMP,43069140.730517,0.999728,1
041,Florence,VTD 1,450411,Florence - VTD 1,FLORENCE - VTD 1,43080844.410652,Florence,041,Quinby,Florence - Quinby,FLORENCE - QUINBY,11703.680136,0.000272,2
041,Florence,VTD 2,450412,Florence - VTD 2,FLORENCE - VTD 2,13973808.516449,Florence,041,Brookgreen,Florence - Brookgreen,FLORENCE - BROOKGREEN,13740468.901345,0.983302,1
041,Florence,VTD 2,450412,Florence - VTD 2,FLORENCE - VTD 2,13973808.516449,Florence,041,Spaulding,Florence - Spaulding,FLORENCE - SPAULDING,233339.359651,0.016698,2
041,Florence,VTD 57,4504157,Florence - VTD 57,FLORENCE - VTD 57,104911735.355891,Florence,041,Mars Bluff No. 2,Florence - Mars Bluff No. 2,FLORENCE - MARS BLUFF NO. 2,94406787.364041,0.899869,1
041,Florence,VTD 57,4504157,Florence - VTD 57,FLORENCE - VTD 57,104911735.355891,Florence,041,Mars Bluff No. 1,Florence - Mars Bluff No. 1,FLORENCE - MARS BLUFF NO. 1,10504947.991850,0.100131,2
041,Florence,VTD 3,450413,Florence - VTD 3,FLORENCE - VTD 3,69445903.238427,Florence,041,Cartersville,Florence - Cartersville,FLORENCE - CARTERSVILLE,69424857.563153,0.999697,1
041,Florence,VTD 3,450413,Florence - VTD 3,FLORENCE - VTD 3,69445903.238427,Florence,041,Oak Grove-Sardis,Florence - Oak Grove-Sardis,FLORENCE - OAK GROVE-SARDIS,17451.287499,0.000251,2
041,Florence,VTD 46,4504146,Florence - VTD 46,FLORENCE - VTD 46,19810185.460096,Florence,041,Timmonsville 1,Florence - Timmonsville 1,FLORENCE - TIMMONSVILLE 1,19810184.913279,1.000000,1
041,Florence,VTD 62,4504162,Florence - VTD 62,FLORENCE - VTD 62,14266201.868756,Florence,041,Ebenezer No. 2,Florence - Ebenezer No. 2,FLORENCE - EBENEZER NO. 2,14086097.719979,0.987375,1
041,Florence,VTD 62,4504162,Florence - VTD 62,FLORENCE - VTD 62,14266201.868756,Florence,041,Timmonsville 1,Florence - Timmonsville 1,FLORENCE - TIMMONSVILLE 1,180104.148777,0.012625,2
041,Florence,VTD 67,4504167,Florence - VTD 67,FLORENCE - VTD 67,42886792.563482,Florence,041,Timmonsville 2,Florence - Timmonsville 2,FLORENCE - TIMMONSVILLE 2,42641894.171113,0.994290,1
041,Florence,VTD 67,4504167,Florence - VTD 67,FLORENCE - VTD 67,42886792.563482,Florence,041,Cartersville,Florence - Cartersville,FLORENCE - CARTERSVILLE,238959.958937,0.005572,2
041,Florence,VTD 67,4504167,Florence - VTD 67,FLORENCE - VTD 67,42886792.563482,Florence,041,Ebenezer No. 2,Florence - Ebenezer No. 2,FLORENCE - EBENEZER NO. 2,5938.433432,0.000138,3
041,Florence,VTD 60,4504160,Florence - VTD 60,FLORENCE - VTD 60,24966978.773230,Florence,041,West Florence 1,Florence - West Florence 1,FLORENCE - WEST FLORENCE 1,24631390.889661,0.986559,1
041,Florence,VTD 60,4504160,Florence - VTD 60,FLORENCE - VTD 60,24966978.773230,Florence,041,West Florence 2,Florence - West Florence 2,FLORENCE - WEST FLORENCE 2,328256.526241,0.013148,2
041,Florence,VTD 60,4504160,Florence - VTD 60,FLORENCE - VTD 60,24966978.773230,Florence,041,Ebenezer No. 3,Florence - Ebenezer No. 3,FLORENCE - EBENEZER NO. 3,6979.026456,0.000280,3
041,Florence,VTD 55,4504155,Florence - VTD 55,FLORENCE - VTD 55,27624711.007085,Florence,041,Gilbert,Florence - Gilbert,FLORENCE - GILBERT,27582500.362010,0.998472,1
041,Florence,VTD 55,4504155,Florence - VTD 55,FLORENCE - VTD 55,27624711.007085,Florence,041,Mars Bluff No. 1,Florence - Mars Bluff No. 1,FLORENCE - MARS BLUFF NO. 1,42188.560522,0.001527,2
041,Florence,VTD 35,4504135,Florence - VTD 35,FLORENCE - VTD 35,110034910.008441,Florence,041,Mars Bluff No. 1,Florence - Mars Bluff No. 1,FLORENCE - MARS BLUFF NO. 1,110034904.300743,1.000000,1
041,Florence,VTD 13,4504113,Florence - VTD 13,FLORENCE - VTD 13,6210244.839045,Florence,041,Florence Ward 1,Florence - Florence Ward 1,FLORENCE - FLORENCE WARD 1,6019045.543766,0.969212,1
041,Florence,VTD 13,4504113,Florence - VTD 13,FLORENCE - VTD 13,6210244.839045,Florence,041,Gilbert,Florence - Gilbert,FLORENCE - GILBERT,191199.295279,0.030788,2
041,Florence,VTD 54,4504154,Florence - VTD 54,FLORENCE - VTD 54,5367954.722927,Florence,041,Spaulding,Florence - Spaulding,FLORENCE - SPAULDING,5364275.143218,0.999315,1
041,Florence,VTD 54,4504154,Florence - VTD 54,FLORENCE - VTD 54,5367954.722927,Florence,041,Quinby,Florence - Quinby,FLORENCE - QUINBY,3679.579709,0.000685,2
041,Florence,VTD 49,4504149,Florence - VTD 49,FLORENCE - VTD 49,2903732.941554,Florence,041,Florence Ward 10,Florence - Florence Ward 10,FLORENCE - FLORENCE WARD 10,2367667.109382,0.815387,1
041,Florence,VTD 49,4504149,Florence - VTD 49,FLORENCE - VTD 49,2903732.941554,Florence,041,Florence Ward 4,Florence - Florence Ward 4,FLORENCE - FLORENCE WARD 4,299460.945709,0.103130,2
041,Florence,VTD 49,4504149,Florence - VTD 49,FLORENCE - VTD 49,2903732.941554,Florence,041,Florence Ward 2,Florence - Florence Ward 2,FLORENCE - FLORENCE WARD 2,236604.886464,0.081483,3
041,Florence,VTD 15,4504115,Florence - VTD 15,FLORENCE - VTD 15,3647329.144555,Florence,041,Florence Ward 3,Florence - Florence Ward 3,FLORENCE - FLORENCE WARD 3,3647329.144555,1.000000,1
041,Florence,VTD 17,4504117,Florence - VTD 17,FLORENCE - VTD 17,2327699.192630,Florence,041,Florence Ward 5,Florence - Florence Ward 5,FLORENCE - FLORENCE WARD 5,2327699.192630,1.000000,1
041,Florence,VTD 18,4504118,Florence - VTD 18,FLORENCE - VTD 18,1102904.146903,Florence,041,Florence Ward 6,Florence - Florence Ward 6,FLORENCE - FLORENCE WARD 6,1102904.146903,1.000000,1
041,Florence,VTD 50,4504150,Florence - VTD 50,FLORENCE - VTD 50,1120730.885739,Florence,041,Florence Ward 11,Florence - Florence Ward 11,FLORENCE - FLORENCE WARD 11,1119273.981507,0.998700,1
041,Florence,VTD 50,4504150,Florence - VTD 50,FLORENCE - VTD 50,1120730.885739,Florence,041,Florence Ward 8,Florence - Florence Ward 8,FLORENCE - FLORENCE WARD 8,1456.904232,0.001300,2
041,Florence,VTD 16,4504116,Florence - VTD 16,FLORENCE - VTD 16,1228963.049027,Florence,041,Florence Ward 4,Florence - Florence Ward 4,FLORENCE - FLORENCE WARD 4,1228963.049027,1.000000,1
041,Florence,VTD 14,4504114,Florence - VTD 14,FLORENCE - VTD 14,2602570.799159,Florence,041,Florence Ward 2,Florence - Florence Ward 2,FLORENCE - FLORENCE WARD 2,2600381.703462,0.999159,1
041,Florence,VTD 14,4504114,Florence - VTD 14,FLORENCE - VTD 14,2602570.799159,Florence,041,Gilbert,Florence - Gilbert,FLORENCE - GILBERT,2189.095697,0.000841,2
041,Florence,VTD 61,4504161,Florence - VTD 61,FLORENCE - VTD 61,7604166.188415,Florence,041,West Florence 2,Florence - West Florence 2,FLORENCE - WEST FLORENCE 2,7518700.411367,0.988761,1
041,Florence,VTD 61,4504161,Florence - VTD 61,FLORENCE - VTD 61,7604166.188415,Florence,041,West Florence 1,Florence - West Florence 1,FLORENCE - WEST FLORENCE 1,85465.777048,0.011239,2
041,Florence,VTD 63,4504163,Florence - VTD 63,FLORENCE - VTD 63,8632859.623389,Florence,041,Ebenezer No. 3,Florence - Ebenezer No. 3,FLORENCE - EBENEZER NO. 3,8632852.894131,0.999999,1
041,Florence,VTD 53,4504153,Florence - VTD 53,FLORENCE - VTD 53,3507213.352866,Florence,041,Delmae No. 1,Florence - Delmae No. 1,FLORENCE - DELMAE NO. 1,3507211.849511,1.000000,1
041,Florence,VTD 64,4504164,Florence - VTD 64,FLORENCE - VTD 64,4863802.792292,Florence,041,Delmae No. 2,Florence - Delmae No. 2,FLORENCE - DELMAE NO. 2,4363993.361821,0.897239,1
041,Florence,VTD 64,4504164,Florence - VTD 64,FLORENCE - VTD 64,4863802.792292,Florence,041,Florence Ward 12,Florence - Florence Ward 12,FLORENCE - FLORENCE WARD 12,499809.430471,0.102761,2
041,Florence,VTD 51,4504151,Florence - VTD 51,FLORENCE - VTD 51,3630413.414912,Florence,041,Florence Ward 12,Florence - Florence Ward 12,FLORENCE - FLORENCE WARD 12,3438861.370385,0.947237,1
041,Florence,VTD 51,4504151,Florence - VTD 51,FLORENCE - VTD 51,3630413.414912,Florence,041,South Florence 1,Florence - South Florence 1,FLORENCE - SOUTH FLORENCE 1,191552.044527,0.052763,2
041,Florence,VTD 59,4504159,Florence - VTD 59,FLORENCE - VTD 59,52029031.453515,Florence,041,Savannah Grove,Florence - Savannah Grove,FLORENCE - SAVANNAH GROVE,35607989.754123,0.684387,1
041,Florence,VTD 59,4504159,Florence - VTD 59,FLORENCE - VTD 59,52029031.453515,Florence,041,Timmonsville 2,Florence - Timmonsville 2,FLORENCE - TIMMONSVILLE 2,10531456.566434,0.202415,2
041,Florence,VTD 59,4504159,Florence - VTD 59,FLORENCE - VTD 59,52029031.453515,Florence,041,Elim-Glenwood,Florence - Elim-Glenwood,FLORENCE - ELIM-GLENWOOD,5766252.525721,0.110828,3
041,Florence,VTD 59,4504159,Florence - VTD 59,FLORENCE - VTD 59,52029031.453515,Florence,041,South Florence 1,Florence - South Florence 1,FLORENCE - SOUTH FLORENCE 1,123332.607236,0.002370,4
041,Florence,VTD 65,4504165,Florence - VTD 65,FLORENCE - VTD 65,5081168.458812,Florence,041,South Florence 1,Florence - South Florence 1,FLORENCE - SOUTH FLORENCE 1,4865153.932497,0.957487,1
041,Florence,VTD 65,4504165,Florence - VTD 65,FLORENCE - VTD 65,5081168.458812,Florence,041,Florence Ward 13,Florence - Florence Ward 13,FLORENCE - FLORENCE WARD 13,216014.526315,0.042513,2
041,Florence,VTD 52,4504152,Florence - VTD 52,FLORENCE - VTD 52,2820024.282843,Florence,041,Florence Ward 13,Florence - Florence Ward 13,FLORENCE - FLORENCE WARD 13,2820024.282843,1.000000,1
041,Florence,VTD 20,4504120,Florence - VTD 20,FLORENCE - VTD 20,3924085.374645,Florence,041,Florence Ward 8,Florence - Florence Ward 8,FLORENCE - FLORENCE WARD 8,3924085.374645,1.000000,1
041,Florence,VTD 68,4504168,Florence - VTD 68,FLORENCE - VTD 68,13026405.767395,Florence,041,Quinby,Florence - Quinby,FLORENCE - QUINBY,13013043.597010,0.998974,1
041,Florence,VTD 68,4504168,Florence - VTD 68,FLORENCE - VTD 68,13026405.767395,Florence,041,Spaulding,Florence - Spaulding,FLORENCE - SPAULDING,6987.308586,0.000536,2
041,Florence,VTD 68,4504168,Florence - VTD 68,FLORENCE - VTD 68,13026405.767395,Florence,041,Back Swamp,Florence - Back Swamp,FLORENCE - BACK SWAMP,6374.861799,0.000489,3
041,Florence,VTD 56,4504156,Florence - VTD 56,FLORENCE - VTD 56,3053581.246613,Florence,041,Florence Ward 14,Florence - Florence Ward 14,FLORENCE - FLORENCE WARD 14,3053581.246613,1.000000,1
041,Florence,VTD 5,450415,Florence - VTD 5,FLORENCE - VTD 5,6354826.664534,Florence,041,Coles Crossroads,Florence - Coles Crossroads,FLORENCE - COLES CROSSROADS,6328005.864180,0.995779,1
041,Florence,VTD 5,450415,Florence - VTD 5,FLORENCE - VTD 5,6354826.664534,Florence,041,Greenwood,Florence - Greenwood,FLORENCE - GREENWOOD,26820.800354,0.004221,2
041,Florence,VTD 4,450414,Florence - VTD 4,FLORENCE - VTD 4,94105084.769524,Florence,041,Claussen,Florence - Claussen,FLORENCE - CLAUSSEN,93612140.568011,0.994762,1
041,Florence,VTD 4,450414,Florence - VTD 4,FLORENCE - VTD 4,94105084.769524,Florence,041,Mars Bluff No. 1,Florence - Mars Bluff No. 1,FLORENCE - MARS BLUFF NO. 1,406240.364066,0.004317,2
041,Florence,VTD 4,450414,Florence - VTD 4,FLORENCE - VTD 4,94105084.769524,Florence,041,Greenwood,Florence - Greenwood,FLORENCE - GREENWOOD,86703.837446,0.000921,3
041,Florence,VTD 24,4504124,Florence - VTD 24,FLORENCE - VTD 24,16511728.245450,Florence,041,Greenwood,Florence - Greenwood,FLORENCE - GREENWOOD,15442782.810234,0.935261,1
041,Florence,VTD 24,4504124,Florence - VTD 24,FLORENCE - VTD 24,16511728.245450,Florence,041,South Florence 2,Florence - South Florence 2,FLORENCE - SOUTH FLORENCE 2,1066414.624090,0.064585,2
041,Florence,VTD 24,4504124,Florence - VTD 24,FLORENCE - VTD 24,16511728.245450,Florence,041,Coles Crossroads,Florence - Coles Crossroads,FLORENCE - COLES CROSSROADS,2530.811126,0.000153,3
041,Florence,VTD 66,4504166,Florence - VTD 66,FLORENCE - VTD 66,40093435.092440,Florence,041,Tans Bay,Florence - Tans Bay,FLORENCE - TANS BAY,34335763.314553,0.856394,1
041,Florence,VTD 66,4504166,Florence - VTD 66,FLORENCE - VTD 66,40093435.092440,Florence,041,South Florence 2,Florence - South Florence 2,FLORENCE - SOUTH FLORENCE 2,5752930.186675,0.143488,2
041,Florence,VTD 66,4504166,Florence - VTD 66,FLORENCE - VTD 66,40093435.092440,Florence,041,Greenwood,Florence - Greenwood,FLORENCE - GREENWOOD,4741.012691,0.000118,3
041,Florence,VTD 11,4504111,Florence - VTD 11,FLORENCE - VTD 11,79354563.352231,Florence,041,Elim-Glenwood,Florence - Elim-Glenwood,FLORENCE - ELIM-GLENWOOD,78760198.279072,0.992510,1
041,Florence,VTD 11,4504111,Florence - VTD 11,FLORENCE - VTD 11,79354563.352231,Florence,041,Effingham,Florence - Effingham,FLORENCE - EFFINGHAM,594365.073159,0.007490,2
041,Florence,VTD 27,4504127,Florence - VTD 27,FLORENCE - VTD 27,40616215.488261,Florence,041,Oak Grove-Sardis,Florence - Oak Grove-Sardis,FLORENCE - OAK GROVE-SARDIS,38179779.856854,0.940013,1
041,Florence,VTD 27,4504127,Florence - VTD 27,FLORENCE - VTD 27,40616215.488261,Florence,041,Olanta,Florence - Olanta,FLORENCE - OLANTA,2436435.631407,0.059987,2
041,Florence,VTD 42,4504142,Florence - VTD 42,FLORENCE - VTD 42,37240420.470948,Florence,041,Salem,Florence - Salem,FLORENCE - SALEM,37240008.032529,0.999989,1
041,Florence,VTD 12,4504112,Florence - VTD 12,FLORENCE - VTD 12,42015946.599392,Florence,041,Evergreen,Florence - Evergreen,FLORENCE - EVERGREEN,42015945.759931,1.000000,1
041,Florence,VTD 10,4504110,Florence - VTD 10,FLORENCE - VTD 10,27834851.154394,Florence,041,Effingham,Florence - Effingham,FLORENCE - EFFINGHAM,22598715.672568,0.811886,1
041,Florence,VTD 10,4504110,Florence - VTD 10,FLORENCE - VTD 10,27834851.154394,Florence,041,South Florence 2,Florence - South Florence 2,FLORENCE - SOUTH FLORENCE 2,5097885.444754,0.183148,2
041,Florence,VTD 10,4504110,Florence - VTD 10,FLORENCE - VTD 10,27834851.154394,Florence,041,Greenwood,Florence - Greenwood,FLORENCE - GREENWOOD,138250.037073,0.004967,3
041,Florence,VTD 22,4504122,Florence - VTD 22,FLORENCE - VTD 22,84632563.072399,Florence,041,Friendfield,Florence - Friendfield,FLORENCE - FRIENDFIELD,80425843.994701,0.950294,1
041,Florence,VTD 22,4504122,Florence - VTD 22,FLORENCE - VTD 22,84632563.072399,Florence,041,Pamplico No. 1,Florence - Pamplico No. 1,FLORENCE - PAMPLICO NO. 1,3848717.299693,0.045476,2
041,Florence,VTD 22,4504122,Florence - VTD 22,FLORENCE - VTD 22,84632563.072399,Florence,041,Cowards No. 1,Florence - Cowards No. 1,FLORENCE - COWARDS NO. 1,293409.305227,0.003467,3
041,Florence,VTD 22,4504122,Florence - VTD 22,FLORENCE - VTD 22,84632563.072399,Florence,041,Hannah,Florence - Hannah,FLORENCE - HANNAH,64592.472778,0.000763,4
041,Florence,VTD 39,4504139,Florence - VTD 39,FLORENCE - VTD 39,60125199.452780,Florence,041,Pamplico No. 1,Florence - Pamplico No. 1,FLORENCE - PAMPLICO NO. 1,60056328.702473,0.998855,1
041,Florence,VTD 39,4504139,Florence - VTD 39,FLORENCE - VTD 39,60125199.452780,Florence,041,Claussen,Florence - Claussen,FLORENCE - CLAUSSEN,60330.668498,0.001003,2
041,Florence,VTD 39,4504139,Florence - VTD 39,FLORENCE - VTD 39,60125199.452780,Florence,041,Mill Branch,Florence - Mill Branch,FLORENCE - MILL BRANCH,8540.081810,0.000142,3
041,Florence,VTD 47,4504147,Florence - VTD 47,FLORENCE - VTD 47,53481283.634527,Florence,041,Pamplico No. 2,Florence - Pamplico No. 2,FLORENCE - PAMPLICO NO. 2,53481283.634527,1.000000,1
041,Florence,VTD 58,4504158,Florence - VTD 58,FLORENCE - VTD 58,58329294.127764,Florence,041,Mill Branch,Florence - Mill Branch,FLORENCE - MILL BRANCH,58093741.365752,0.995962,1
041,Florence,VTD 58,4504158,Florence - VTD 58,FLORENCE - VTD 58,58329294.127764,Florence,041,Pamplico No. 2,Florence - Pamplico No. 2,FLORENCE - PAMPLICO NO. 2,235552.142399,0.004038,2
041,Florence,VTD 38,4504138,Florence - VTD 38,FLORENCE - VTD 38,86935999.033445,Florence,041,Olanta,Florence - Olanta,FLORENCE - OLANTA,86935994.189902,1.000000,1
041,Florence,VTD 36,4504136,Florence - VTD 36,FLORENCE - VTD 36,36214826.864123,Florence,041,McAllister Mill,Florence - McAllister Mill,FLORENCE - MCALLISTER MILL,36204678.379545,0.999720,1
041,Florence,VTD 36,4504136,Florence - VTD 36,FLORENCE - VTD 36,36214826.864123,Florence,041,Scranton,Florence - Scranton,FLORENCE - SCRANTON,10148.484578,0.000280,2
041,Florence,VTD 31,4504131,Florence - VTD 31,FLORENCE - VTD 31,35072511.867230,Florence,041,Lake City No. 2,Florence - Lake City No. 2,FLORENCE - LAKE CITY NO. 2,34580968.070447,0.985985,1
041,Florence,VTD 31,4504131,Florence - VTD 31,FLORENCE - VTD 31,35072511.867230,Florence,041,Leo,Florence - Leo,FLORENCE - LEO,491543.796783,0.014015,2
041,Florence,VTD 30,4504130,Florence - VTD 30,FLORENCE - VTD 30,22958997.139462,Florence,041,Lake City No. 1,Florence - Lake City No. 1,FLORENCE - LAKE CITY NO. 1,22958997.139462,1.000000,1
041,Florence,VTD 33,4504133,Florence - VTD 33,FLORENCE - VTD 33,15861077.706507,Florence,041,Lake City No. 4,Florence - Lake City No. 4,FLORENCE - LAKE CITY NO. 4,15861077.706507,1.000000,1
041,Florence,VTD 32,4504132,Florence - VTD 32,FLORENCE - VTD 32,17976431.298205,Florence,041,Lake City No. 3,Florence - Lake City No. 3,FLORENCE - LAKE CITY NO. 3,17976427.839243,1.000000,1
041,Florence,VTD 34,4504134,Florence - VTD 34,FLORENCE - VTD 34,47634401.907860,Florence,041,Leo,Florence - Leo,FLORENCE - LEO,46651417.843990,0.979364,1
041,Florence,VTD 34,4504134,Florence - VTD 34,FLORENCE - VTD 34,47634401.907860,Florence,041,Vox,Florence - Vox,FLORENCE - VOX,982984.063870,0.020636,2
041,Florence,VTD 40,4504140,Florence - VTD 40,FLORENCE - VTD 40,39015261.121593,Florence,041,Prospect,Florence - Prospect,FLORENCE - PROSPECT,37752337.634781,0.967630,1
041,Florence,VTD 40,4504140,Florence - VTD 40,FLORENCE - VTD 40,39015261.121593,Florence,041,Leo,Florence - Leo,FLORENCE - LEO,871358.029878,0.022334,2
041,Florence,VTD 40,4504140,Florence - VTD 40,FLORENCE - VTD 40,39015261.121593,Florence,041,Vox,Florence - Vox,FLORENCE - VOX,307444.667704,0.007880,3
041,Florence,VTD 40,4504140,Florence - VTD 40,FLORENCE - VTD 40,39015261.121593,Florence,041,Kingsburg-Stone,Florence - Kingsburg-Stone,FLORENCE - KINGSBURG-STONE,84120.789230,0.002156,4
041,Florence,VTD 25,4504125,Florence - VTD 25,FLORENCE - VTD 25,73014033.163917,Florence,041,Hannah,Florence - Hannah,FLORENCE - HANNAH,73014033.163917,1.000000,1
041,Florence,VTD 44,4504144,Florence - VTD 44,FLORENCE - VTD 44,45188150.476383,Florence,041,Kingsburg-Stone,Florence - Kingsburg-Stone,FLORENCE - KINGSBURG-STONE,45188150.476383,1.000000,1
041,Florence,VTD 29,4504129,Florence - VTD 29,FLORENCE - VTD 29,66594819.674560,Florence,041,Kingsburg-Stone,Florence - Kingsburg-Stone,FLORENCE - KINGSBURG-STONE,66594819.674560,1.000000,1
041,Florence,VTD 28,4504128,Florence - VTD 28,FLORENCE - VTD 28,66824835.316702,Florence,041,Johnsonville,Florence - Johnsonville,FLORENCE - JOHNSONVILLE,66824830.708299,1.000000,1
041,Florence,VTD 6,450416,Florence - VTD 6,FLORENCE - VTD 6,41464208.293074,Florence,041,Vox,Florence - Vox,FLORENCE - VOX,41464197.151717,1.000000,1
041,Florence,VTD 69,4504169,Florence - VTD 69,FLORENCE - VTD 69,1649787.020084,Florence,041,Florence Ward 9,Florence - Florence Ward 9,FLORENCE - FLORENCE WARD 9,1649787.020084,1.000000,1
041,Florence,VTD 70,4504170,Florence - VTD 70,FLORENCE - VTD 70,35851958.921148,Florence,041,Oak Grove-Sardis,Florence - Oak Grove-Sardis,FLORENCE - OAK GROVE-SARDIS,35849166.968995,0.999922,1
041,Florence,VTD 7,450417,Florence - VTD 7,FLORENCE - VTD 7,62345008.271106,Florence,041,Cowards No. 2,Florence - Cowards No. 2,FLORENCE - COWARDS NO. 2,62345008.137827,1.000000,1
041,Florence,VTD 8,450418,Florence - VTD 8,FLORENCE - VTD 8,56092415.109367,Florence,041,Cowards No. 1,Florence - Cowards No. 1,FLORENCE - COWARDS NO. 1,55879367.322108,0.996202,1
041,Florence,VTD 8,450418,Florence - VTD 8,FLORENCE - VTD 8,56092415.109367,Florence,041,High Hill,Florence - High Hill,FLORENCE - HIGH HILL,213047.787258,0.003798,2
041,Florence,VTD 43,4504143,Florence - VTD 43,FLORENCE - VTD 43,30677792.689283,Florence,041,Scranton,Florence - Scranton,FLORENCE - SCRANTON,30677792.689283,1.000000,1
041,Florence,VTD 26,4504126,Florence - VTD 26,FLORENCE - VTD 26,43077850.330053,Florence,041,High Hill,Florence - High Hill,FLORENCE - HIGH HILL,41925366.385344,0.973246,1
041,Florence,VTD 26,4504126,Florence - VTD 26,FLORENCE - VTD 26,43077850.330053,Florence,041,Leo,Florence - Leo,FLORENCE - LEO,971487.819959,0.022552,2
041,Florence,VTD 26,4504126,Florence - VTD 26,FLORENCE - VTD 26,43077850.330053,Florence,041,Cowards No. 1,Florence - Cowards No. 1,FLORENCE - COWARDS NO. 1,180996.124750,0.004202,3
043,Georgetown,VTD 1,450431,Georgetown - VTD 1,GEORGETOWN - VTD 1,82068387.728074,Georgetown,043,Folly Grove,Georgetown - Folly Grove,GEORGETOWN - FOLLY GROVE,82068379.522432,1.000000,1
043,Georgetown,VTD 3,450433,Georgetown - VTD 3,GEORGETOWN - VTD 3,77041406.105426,Georgetown,043,Pleasant Hill,Georgetown - Pleasant Hill,GEORGETOWN - PLEASANT HILL,75860580.630463,0.984673,1
043,Georgetown,VTD 3,450433,Georgetown - VTD 3,GEORGETOWN - VTD 3,77041406.105426,Georgetown,043,Choppee,Georgetown - Choppee,GEORGETOWN - CHOPPEE,1162711.861069,0.015092,2
043,Georgetown,VTD 3,450433,Georgetown - VTD 3,GEORGETOWN - VTD 3,77041406.105426,Georgetown,043,Potato Bed Ferry,Georgetown - Potato Bed Ferry,GEORGETOWN - POTATO BED FERRY,18109.609339,0.000235,3
043,Georgetown,VTD 4,450434,Georgetown - VTD 4,GEORGETOWN - VTD 4,134221966.157174,Georgetown,043,Choppee,Georgetown - Choppee,GEORGETOWN - CHOPPEE,134216550.691001,0.999960,1
043,Georgetown,VTD 5,450435,Georgetown - VTD 5,GEORGETOWN - VTD 5,100058008.431287,Georgetown,043,Carver's Ferry,Georgetown - Carver's Ferry,GEORGETOWN - CARVERS FERRY,100056252.064296,0.999982,1
043,Georgetown,VTD 2,450432,Georgetown - VTD 2,GEORGETOWN - VTD 2,75460631.526052,Georgetown,043,Pee Dee,Georgetown - Pee Dee,GEORGETOWN - PEE DEE,72618501.918840,0.962336,1
043,Georgetown,VTD 2,450432,Georgetown - VTD 2,GEORGETOWN - VTD 2,75460631.526052,Georgetown,043,Carver's Ferry,Georgetown - Carver's Ferry,GEORGETOWN - CARVERS FERRY,2753781.002740,0.036493,2
043,Georgetown,VTD 2,450432,Georgetown - VTD 2,GEORGETOWN - VTD 2,75460631.526052,Georgetown,043,Folly Grove,Georgetown - Folly Grove,GEORGETOWN - FOLLY GROVE,88348.604472,0.001171,3
043,Georgetown,VTD 6,450436,Georgetown - VTD 6,GEORGETOWN - VTD 6,37234462.436244,Georgetown,043,Myersville,Georgetown - Myersville,GEORGETOWN - MYERSVILLE,36790678.458458,0.988081,1
043,Georgetown,VTD 6,450436,Georgetown - VTD 6,GEORGETOWN - VTD 6,37234462.436244,Georgetown,043,Plantersville,Georgetown - Plantersville,GEORGETOWN - PLANTERSVILLE,443781.017012,0.011919,2
043,Georgetown,VTD 7,450437,Georgetown - VTD 7,GEORGETOWN - VTD 7,73765758.847013,Georgetown,043,Murrell's Inlet No. 3,Georgetown - Murrell's Inlet No. 3,GEORGETOWN - MURRELLS INLET NO. 3,73765758.847013,1.000000,1
043,Georgetown,VTD 21,4504321,Georgetown - VTD 21,GEORGETOWN - VTD 21,70837905.648500,Georgetown,043,Potato Bed Ferry,Georgetown - Potato Bed Ferry,GEORGETOWN - POTATO BED FERRY,68224669.172122,0.963110,1
043,Georgetown,VTD 21,4504321,Georgetown - VTD 21,GEORGETOWN - VTD 21,70837905.648500,Georgetown,043,Pleasant Hill,Georgetown - Pleasant Hill,GEORGETOWN - PLEASANT HILL,2249505.932170,0.031756,2
043,Georgetown,VTD 21,4504321,Georgetown - VTD 21,GEORGETOWN - VTD 21,70837905.648500,Georgetown,043,Brown's Ferry,Georgetown - Brown's Ferry,GEORGETOWN - BROWNS FERRY,358860.303098,0.005066,3
043,Georgetown,VTD 23,4504323,Georgetown - VTD 23,GEORGETOWN - VTD 23,5342565.299867,Georgetown,043,Andrews,Georgetown - Andrews,GEORGETOWN - ANDREWS,5171297.175408,0.967943,1
043,Georgetown,VTD 23,4504323,Georgetown - VTD 23,GEORGETOWN - VTD 23,5342565.299867,Georgetown,043,Andrews Outside,Georgetown - Andrews Outside,GEORGETOWN - ANDREWS OUTSIDE,171267.892713,0.032057,2
043,Georgetown,VTD 22,4504322,Georgetown - VTD 22,GEORGETOWN - VTD 22,29256865.332556,Georgetown,043,Andrews Outside,Georgetown - Andrews Outside,GEORGETOWN - ANDREWS OUTSIDE,25799257.770933,0.881819,1
043,Georgetown,VTD 22,4504322,Georgetown - VTD 22,GEORGETOWN - VTD 22,29256865.332556,Georgetown,043,Bethel,Georgetown - Bethel,GEORGETOWN - BETHEL,3416591.201863,0.116779,2
043,Georgetown,VTD 22,4504322,Georgetown - VTD 22,GEORGETOWN - VTD 22,29256865.332556,Georgetown,043,Andrews,Georgetown - Andrews,GEORGETOWN - ANDREWS,41015.017466,0.001402,3
043,Georgetown,VTD 24,4504324,Georgetown - VTD 24,GEORGETOWN - VTD 24,105423594.363531,Georgetown,043,Bethel,Georgetown - Bethel,GEORGETOWN - BETHEL,103992862.491841,0.986429,1
043,Georgetown,VTD 24,4504324,Georgetown - VTD 24,GEORGETOWN - VTD 24,105423594.363531,Georgetown,043,Spring Gully,Georgetown - Spring Gully,GEORGETOWN - SPRING GULLY,1217187.235679,0.011546,2
043,Georgetown,VTD 24,4504324,Georgetown - VTD 24,GEORGETOWN - VTD 24,105423594.363531,Georgetown,043,Potato Bed Ferry,Georgetown - Potato Bed Ferry,GEORGETOWN - POTATO BED FERRY,210663.983362,0.001998,3
043,Georgetown,VTD 20,4504320,Georgetown - VTD 20,GEORGETOWN - VTD 20,142625289.404289,Georgetown,043,Brown's Ferry,Georgetown - Brown's Ferry,GEORGETOWN - BROWNS FERRY,140894227.261077,0.987863,1
043,Georgetown,VTD 20,4504320,Georgetown - VTD 20,GEORGETOWN - VTD 20,142625289.404289,Georgetown,043,Choppee,Georgetown - Choppee,GEORGETOWN - CHOPPEE,1718758.363991,0.012051,2
043,Georgetown,VTD 25,4504325,Georgetown - VTD 25,GEORGETOWN - VTD 25,72686845.759700,Georgetown,043,Spring Gully,Georgetown - Spring Gully,GEORGETOWN - SPRING GULLY,72644300.404997,0.999415,1
043,Georgetown,VTD 25,4504325,Georgetown - VTD 25,GEORGETOWN - VTD 25,72686845.759700,Georgetown,043,Dreamkeepers,Georgetown - Dreamkeepers,GEORGETOWN - DREAMKEEPERS,18094.936843,0.000249,2
043,Georgetown,VTD 25,4504325,Georgetown - VTD 25,GEORGETOWN - VTD 25,72686845.759700,Georgetown,043,Georgetown No. 1,Georgetown - Georgetown No. 1,GEORGETOWN - GEORGETOWN NO. 1,13723.592545,0.000189,3
043,Georgetown,VTD 25,4504325,Georgetown - VTD 25,GEORGETOWN - VTD 25,72686845.759700,Georgetown,043,Georgetown No. 2,Georgetown - Georgetown No. 2,GEORGETOWN - GEORGETOWN NO. 2,10726.825315,0.000148,4
043,Georgetown,VTD 8,450438,Georgetown - VTD 8,GEORGETOWN - VTD 8,156247657.548151,Georgetown,043,Plantersville,Georgetown - Plantersville,GEORGETOWN - PLANTERSVILLE,155937481.281839,0.998015,1
043,Georgetown,VTD 8,450438,Georgetown - VTD 8,GEORGETOWN - VTD 8,156247657.548151,Georgetown,043,Black River,Georgetown - Black River,GEORGETOWN - BLACK RIVER,310176.266311,0.001985,2
043,Georgetown,VTD 19,4504319,Georgetown - VTD 19,GEORGETOWN - VTD 19,28083000.647939,Georgetown,043,Black River,Georgetown - Black River,GEORGETOWN - BLACK RIVER,28082779.563901,0.999992,1
043,Georgetown,VTD 9,450439,Georgetown - VTD 9,GEORGETOWN - VTD 9,7870945.897966,Georgetown,043,Murrell's Inlet No. 1,Georgetown - Murrell's Inlet No. 1,GEORGETOWN - MURRELLS INLET NO. 1,7870495.487696,0.999943,1
043,Georgetown,VTD 11,4504311,Georgetown - VTD 11,GEORGETOWN - VTD 11,5963064.906261,Georgetown,043,Murrell's Inlet No. 2,Georgetown - Murrell's Inlet No. 2,GEORGETOWN - MURRELLS INLET NO. 2,5845011.738104,0.980203,1
043,Georgetown,VTD 11,4504311,Georgetown - VTD 11,GEORGETOWN - VTD 11,5963064.906261,Georgetown,043,Murrell's Inlet No. 3,Georgetown - Murrell's Inlet No. 3,GEORGETOWN - MURRELLS INLET NO. 3,118053.168157,0.019797,2
043,Georgetown,VTD 10,4504310,Georgetown - VTD 10,GEORGETOWN - VTD 10,55171311.943727,Georgetown,043,Murrell's Inlet No. 4,Georgetown - Murrell's Inlet No. 4,GEORGETOWN - MURRELLS INLET NO. 4,55023889.898912,0.997328,1
043,Georgetown,VTD 10,4504310,Georgetown - VTD 10,GEORGETOWN - VTD 10,55171311.943727,Georgetown,043,Murrell's Inlet No. 3,Georgetown - Murrell's Inlet No. 3,GEORGETOWN - MURRELLS INLET NO. 3,87184.923841,0.001580,2
043,Georgetown,VTD 12,4504312,Georgetown - VTD 12,GEORGETOWN - VTD 12,58899261.658555,Georgetown,043,Murrell's Inlet No. 3,Georgetown - Murrell's Inlet No. 3,GEORGETOWN - MURRELLS INLET NO. 3,57965681.654640,0.984150,1
043,Georgetown,VTD 12,4504312,Georgetown - VTD 12,GEORGETOWN - VTD 12,58899261.658555,Georgetown,043,Murrell's Inlet No. 2,Georgetown - Murrell's Inlet No. 2,GEORGETOWN - MURRELLS INLET NO. 2,760550.742582,0.012913,2
043,Georgetown,VTD 12,4504312,Georgetown - VTD 12,GEORGETOWN - VTD 12,58899261.658555,Georgetown,043,Pawley's Island No. 1,Georgetown - Pawley's Island No. 1,GEORGETOWN - PAWLEYS ISLAND NO. 1,123454.025462,0.002096,3
043,Georgetown,VTD 12,4504312,Georgetown - VTD 12,GEORGETOWN - VTD 12,58899261.658555,Georgetown,043,Murrell's Inlet No. 4,Georgetown - Murrell's Inlet No. 4,GEORGETOWN - MURRELLS INLET NO. 4,49575.235871,0.000842,4
043,Georgetown,VTD 14,4504314,Georgetown - VTD 14,GEORGETOWN - VTD 14,22882541.828402,Georgetown,043,Pawley's Island No. 1,Georgetown - Pawley's Island No. 1,GEORGETOWN - PAWLEYS ISLAND NO. 1,12670132.409282,0.553703,1
043,Georgetown,VTD 14,4504314,Georgetown - VTD 14,GEORGETOWN - VTD 14,22882541.828402,Georgetown,043,Pawley's Island No. 3,Georgetown - Pawley's Island No. 3,GEORGETOWN - PAWLEYS ISLAND NO. 3,6228096.457075,0.272177,2
043,Georgetown,VTD 14,4504314,Georgetown - VTD 14,GEORGETOWN - VTD 14,22882541.828402,Georgetown,043,Murrell's Inlet No. 3,Georgetown - Murrell's Inlet No. 3,GEORGETOWN - MURRELLS INLET NO. 3,3984312.962045,0.174120,3
043,Georgetown,VTD 13,4504313,Georgetown - VTD 13,GEORGETOWN - VTD 13,20387208.488111,Georgetown,043,Pawley's Island No. 5,Georgetown - Pawley's Island No. 5,GEORGETOWN - PAWLEYS ISLAND NO. 5,17379268.203627,0.852459,1
043,Georgetown,VTD 13,4504313,Georgetown - VTD 13,GEORGETOWN - VTD 13,20387208.488111,Georgetown,043,Pawley's Island No. 1,Georgetown - Pawley's Island No. 1,GEORGETOWN - PAWLEYS ISLAND NO. 1,3007940.281499,0.147541,2
043,Georgetown,VTD 15,4504315,Georgetown - VTD 15,GEORGETOWN - VTD 15,11571986.428619,Georgetown,043,Pawley's Island No. 2,Georgetown - Pawley's Island No. 2,GEORGETOWN - PAWLEYS ISLAND NO. 2,11562763.637128,0.999203,1
043,Georgetown,VTD 15,4504315,Georgetown - VTD 15,GEORGETOWN - VTD 15,11571986.428619,Georgetown,043,Pawley's Island No. 3,Georgetown - Pawley's Island No. 3,GEORGETOWN - PAWLEYS ISLAND NO. 3,8208.796750,0.000709,2
043,Georgetown,VTD 16,4504316,Georgetown - VTD 16,GEORGETOWN - VTD 16,61976966.039951,Georgetown,043,Pawley's Island No. 3,Georgetown - Pawley's Island No. 3,GEORGETOWN - PAWLEYS ISLAND NO. 3,61951398.378989,0.999587,1
043,Georgetown,VTD 16,4504316,Georgetown - VTD 16,GEORGETOWN - VTD 16,61976966.039951,Georgetown,043,Pawley's Island No. 4,Georgetown - Pawley's Island No. 4,GEORGETOWN - PAWLEYS ISLAND NO. 4,22181.462507,0.000358,2
043,Georgetown,VTD 33,4504333,Georgetown - VTD 33,GEORGETOWN - VTD 33,195540936.806082,Georgetown,043,Cedar Creek,Georgetown - Cedar Creek,GEORGETOWN - CEDAR CREEK,195071796.273428,0.997601,1
043,Georgetown,VTD 33,4504333,Georgetown - VTD 33,GEORGETOWN - VTD 33,195540936.806082,Georgetown,043,Santee,Georgetown - Santee,GEORGETOWN - SANTEE,469088.849941,0.002399,2
043,Georgetown,VTD 34,4504334,Georgetown - VTD 34,GEORGETOWN - VTD 34,127919402.820593,Georgetown,043,Santee,Georgetown - Santee,GEORGETOWN - SANTEE,127562639.272001,0.997211,1
043,Georgetown,VTD 34,4504334,Georgetown - VTD 34,GEORGETOWN - VTD 34,127919402.820593,Georgetown,043,Cedar Creek,Georgetown - Cedar Creek,GEORGETOWN - CEDAR CREEK,356560.763263,0.002787,2
043,Georgetown,VTD 32,4504332,Georgetown - VTD 32,GEORGETOWN - VTD 32,87525519.800875,Georgetown,043,Sampit,Georgetown - Sampit,GEORGETOWN - SAMPIT,87520781.478625,0.999946,1
043,Georgetown,VTD 31,4504331,Georgetown - VTD 31,GEORGETOWN - VTD 31,32551614.458790,Georgetown,043,Winyah Bay,Georgetown - Winyah Bay,GEORGETOWN - WINYAH BAY,32212351.440652,0.989578,1
043,Georgetown,VTD 31,4504331,Georgetown - VTD 31,GEORGETOWN - VTD 31,32551614.458790,Georgetown,043,Georgetown No. 4,Georgetown - Georgetown No. 4,GEORGETOWN - GEORGETOWN NO. 4,339258.271093,0.010422,2
043,Georgetown,VTD 36,4504336,Georgetown - VTD 36,GEORGETOWN - VTD 36,49756627.204396,Georgetown,043,Penny Royal,Georgetown - Penny Royal,GEORGETOWN - PENNY ROYAL,49683251.006051,0.998525,1
043,Georgetown,VTD 36,4504336,Georgetown - VTD 36,GEORGETOWN - VTD 36,49756627.204396,Georgetown,043,Winyah Bay,Georgetown - Winyah Bay,GEORGETOWN - WINYAH BAY,58743.679599,0.001181,2
043,Georgetown,VTD 36,4504336,Georgetown - VTD 36,GEORGETOWN - VTD 36,49756627.204396,Georgetown,043,Georgetown No. 4,Georgetown - Georgetown No. 4,GEORGETOWN - GEORGETOWN NO. 4,14594.606241,0.000293,3
043,Georgetown,VTD 26,4504326,Georgetown - VTD 26,GEORGETOWN - VTD 26,3877370.996648,Georgetown,043,Georgetown No. 2,Georgetown - Georgetown No. 2,GEORGETOWN - GEORGETOWN NO. 2,3766748.800660,0.971470,1
043,Georgetown,VTD 26,4504326,Georgetown - VTD 26,GEORGETOWN - VTD 26,3877370.996648,Georgetown,043,Kensington,Georgetown - Kensington,GEORGETOWN - KENSINGTON,107626.419131,0.027758,2
043,Georgetown,VTD 26,4504326,Georgetown - VTD 26,GEORGETOWN - VTD 26,3877370.996648,Georgetown,043,Dreamkeepers,Georgetown - Dreamkeepers,GEORGETOWN - DREAMKEEPERS,2995.776858,0.000773,3
043,Georgetown,VTD 28,4504328,Georgetown - VTD 28,GEORGETOWN - VTD 28,3552929.847470,Georgetown,043,Dreamkeepers,Georgetown - Dreamkeepers,GEORGETOWN - DREAMKEEPERS,3136159.306445,0.882697,1
043,Georgetown,VTD 28,4504328,Georgetown - VTD 28,GEORGETOWN - VTD 28,3552929.847470,Georgetown,043,Spring Gully,Georgetown - Spring Gully,GEORGETOWN - SPRING GULLY,414484.927500,0.116660,2
043,Georgetown,VTD 28,4504328,Georgetown - VTD 28,GEORGETOWN - VTD 28,3552929.847470,Georgetown,043,Georgetown No. 1,Georgetown - Georgetown No. 1,GEORGETOWN - GEORGETOWN NO. 1,2285.613524,0.000643,3
043,Georgetown,VTD 18,4504318,Georgetown - VTD 18,GEORGETOWN - VTD 18,24385808.480624,Georgetown,043,Kensington,Georgetown - Kensington,GEORGETOWN - KENSINGTON,19001339.611761,0.779197,1
043,Georgetown,VTD 18,4504318,Georgetown - VTD 18,GEORGETOWN - VTD 18,24385808.480624,Georgetown,043,Black River,Georgetown - Black River,GEORGETOWN - BLACK RIVER,5289266.730534,0.216899,2
043,Georgetown,VTD 18,4504318,Georgetown - VTD 18,GEORGETOWN - VTD 18,24385808.480624,Georgetown,043,Spring Gully,Georgetown - Spring Gully,GEORGETOWN - SPRING GULLY,39558.253574,0.001622,3
043,Georgetown,VTD 18,4504318,Georgetown - VTD 18,GEORGETOWN - VTD 18,24385808.480624,Georgetown,043,Georgetown No. 1,Georgetown - Georgetown No. 1,GEORGETOWN - GEORGETOWN NO. 1,30143.516086,0.001236,4
043,Georgetown,VTD 18,4504318,Georgetown - VTD 18,GEORGETOWN - VTD 18,24385808.480624,Georgetown,043,Georgetown No. 3,Georgetown - Georgetown No. 3,GEORGETOWN - GEORGETOWN NO. 3,25500.368669,0.001046,5
043,Georgetown,VTD 29,4504329,Georgetown - VTD 29,GEORGETOWN - VTD 29,3838063.064201,Georgetown,043,Georgetown No. 1,Georgetown - Georgetown No. 1,GEORGETOWN - GEORGETOWN NO. 1,3551387.738260,0.925307,1
043,Georgetown,VTD 29,4504329,Georgetown - VTD 29,GEORGETOWN - VTD 29,3838063.064201,Georgetown,043,Kensington,Georgetown - Kensington,GEORGETOWN - KENSINGTON,283445.725785,0.073851,2
043,Georgetown,VTD 29,4504329,Georgetown - VTD 29,GEORGETOWN - VTD 29,3838063.064201,Georgetown,043,Spring Gully,Georgetown - Spring Gully,GEORGETOWN - SPRING GULLY,3224.443576,0.000840,3
043,Georgetown,VTD 30,4504330,Georgetown - VTD 30,GEORGETOWN - VTD 30,8238016.945726,Georgetown,043,Georgetown No. 4,Georgetown - Georgetown No. 4,GEORGETOWN - GEORGETOWN NO. 4,7052345.115769,0.856073,1
043,Georgetown,VTD 30,4504330,Georgetown - VTD 30,GEORGETOWN - VTD 30,8238016.945726,Georgetown,043,Winyah Bay,Georgetown - Winyah Bay,GEORGETOWN - WINYAH BAY,1040157.778483,0.126263,2
043,Georgetown,VTD 30,4504330,Georgetown - VTD 30,GEORGETOWN - VTD 30,8238016.945726,Georgetown,043,Penny Royal,Georgetown - Penny Royal,GEORGETOWN - PENNY ROYAL,145513.329898,0.017664,3
043,Georgetown,VTD 27,4504327,Georgetown - VTD 27,GEORGETOWN - VTD 27,1424163.930008,Georgetown,043,Georgetown No. 3,Georgetown - Georgetown No. 3,GEORGETOWN - GEORGETOWN NO. 3,1420663.795804,0.997542,1
043,Georgetown,VTD 27,4504327,Georgetown - VTD 27,GEORGETOWN - VTD 27,1424163.930008,Georgetown,043,Kensington,Georgetown - Kensington,GEORGETOWN - KENSINGTON,3500.134203,0.002458,2
043,Georgetown,VTD 17,4504317,Georgetown - VTD 17,GEORGETOWN - VTD 17,333117536.312891,Georgetown,043,Pawley's Island No. 4,Georgetown - Pawley's Island No. 4,GEORGETOWN - PAWLEYS ISLAND NO. 4,333117355.501465,0.999999,1
043,Georgetown,VTD 35,4504335,Georgetown - VTD 35,GEORGETOWN - VTD 35,373515935.235386,Georgetown,043,Santee,Georgetown - Santee,GEORGETOWN - SANTEE,372977870.923405,0.998559,1
045,Greenville,VTD 13,4504513,Greenville - VTD 13,GREENVILLE - VTD 13,40644933.072812,Greenville,045,ONeal 2,Greenville - ONeal 2,GREENVILLE - ONEAL 2,19257910.198184,0.473808,1
045,Greenville,VTD 13,4504513,Greenville - VTD 13,GREENVILLE - VTD 13,40644933.072812,Greenville,045,Oneal 1,Greenville - Oneal 1,GREENVILLE - ONEAL 1,19181213.087116,0.471921,2
045,Greenville,VTD 13,4504513,Greenville - VTD 13,GREENVILLE - VTD 13,40644933.072812,Greenville,045,Frohawk,Greenville - Frohawk,GREENVILLE - FROHAWK,1329134.488317,0.032701,3
045,Greenville,VTD 13,4504513,Greenville - VTD 13,GREENVILLE - VTD 13,40644933.072812,Greenville,045,Frohawk 2,Greenville - Frohawk 2,GREENVILLE - FROHAWK 2,781908.882145,0.019238,4
045,Greenville,VTD 13,4504513,Greenville - VTD 13,GREENVILLE - VTD 13,40644933.072812,Greenville,045,Sandy Flat,Greenville - Sandy Flat,GREENVILLE - SANDY FLAT,94560.611038,0.002327,5
045,Greenville,VTD 4,450454,Greenville - VTD 4,GREENVILLE - VTD 4,86113807.323857,Greenville,045,Tigerville,Greenville - Tigerville,GREENVILLE - TIGERVILLE,47350049.626689,0.549854,1
045,Greenville,VTD 4,450454,Greenville - VTD 4,GREENVILLE - VTD 4,86113807.323857,Greenville,045,Jennings Mill,Greenville - Jennings Mill,GREENVILLE - JENNINGS MILL,35163518.765859,0.408338,2
045,Greenville,VTD 4,450454,Greenville - VTD 4,GREENVILLE - VTD 4,86113807.323857,Greenville,045,Maridell,Greenville - Maridell,GREENVILLE - MARIDELL,3600233.354486,0.041808,3
045,Greenville,VTD 127,45045127,Greenville - VTD 127,GREENVILLE - VTD 127,1840670.698525,Greenville,045,Mission,Greenville - Mission,GREENVILLE - MISSION,1321549.912780,0.717972,1
045,Greenville,VTD 127,45045127,Greenville - VTD 127,GREENVILLE - VTD 127,1840670.698525,Greenville,045,Devenger,Greenville - Devenger,GREENVILLE - DEVENGER,519120.785744,0.282028,2
045,Greenville,VTD 22,4504522,Greenville - VTD 22,GREENVILLE - VTD 22,4338979.022059,Greenville,045,Canebrake,Greenville - Canebrake,GREENVILLE - CANEBRAKE,3512339.815050,0.809485,1
045,Greenville,VTD 22,4504522,Greenville - VTD 22,GREENVILLE - VTD 22,4338979.022059,Greenville,045,Riverside 1,Greenville - Riverside 1,GREENVILLE - RIVERSIDE 1,797545.084045,0.183809,2
045,Greenville,VTD 22,4504522,Greenville - VTD 22,GREENVILLE - VTD 22,4338979.022059,Greenville,045,Riverside 2,Greenville - Riverside 2,GREENVILLE - RIVERSIDE 2,14638.534586,0.003374,3
045,Greenville,VTD 22,4504522,Greenville - VTD 22,GREENVILLE - VTD 22,4338979.022059,Greenville,045,Pelham Falls,Greenville - Pelham Falls,GREENVILLE - PELHAM FALLS,14450.555751,0.003330,4
045,Greenville,VTD 18,4504518,Greenville - VTD 18,GREENVILLE - VTD 18,9415398.427915,Greenville,045,Taylors,Greenville - Taylors,GREENVILLE - TAYLORS,6425165.197218,0.682410,1
045,Greenville,VTD 18,4504518,Greenville - VTD 18,GREENVILLE - VTD 18,9415398.427915,Greenville,045,Suber Mill,Greenville - Suber Mill,GREENVILLE - SUBER MILL,2316864.284572,0.246072,2
045,Greenville,VTD 18,4504518,Greenville - VTD 18,GREENVILLE - VTD 18,9415398.427915,Greenville,045,Silverleaf,Greenville - Silverleaf,GREENVILLE - SILVERLEAF,670089.851587,0.071170,3
045,Greenville,VTD 18,4504518,Greenville - VTD 18,GREENVILLE - VTD 18,9415398.427915,Greenville,045,Stone Valley,Greenville - Stone Valley,GREENVILLE - STONE VALLEY,3275.790098,0.000348,4
045,Greenville,VTD 52,4504552,Greenville - VTD 52,GREENVILLE - VTD 52,87329849.589666,Greenville,045,Dunklin,Greenville - Dunklin,GREENVILLE - DUNKLIN,80077387.549706,0.916953,1
045,Greenville,VTD 52,4504552,Greenville - VTD 52,GREENVILLE - VTD 52,87329849.589666,Greenville,045,Ware Place 1,Greenville - Ware Place 1,GREENVILLE - WARE PLACE 1,7252461.088249,0.083047,2
045,Greenville,VTD 49,4504549,Greenville - VTD 49,GREENVILLE - VTD 49,47604156.558937,Greenville,045,Woodmont,Greenville - Woodmont,GREENVILLE - WOODMONT,23015069.124979,0.483468,1
045,Greenville,VTD 49,4504549,Greenville - VTD 49,GREENVILLE - VTD 49,47604156.558937,Greenville,045,Reedy Fork,Greenville - Reedy Fork,GREENVILLE - REEDY FORK,22209516.200479,0.466546,2
045,Greenville,VTD 49,4504549,Greenville - VTD 49,GREENVILLE - VTD 49,47604156.558937,Greenville,045,Donaldson,Greenville - Donaldson,GREENVILLE - DONALDSON,1380793.900763,0.029006,3
045,Greenville,VTD 49,4504549,Greenville - VTD 49,GREENVILLE - VTD 49,47604156.558937,Greenville,045,Ware Place 2,Greenville - Ware Place 2,GREENVILLE - WARE PLACE 2,998777.332716,0.020981,4
045,Greenville,VTD 53,4504553,Greenville - VTD 53,GREENVILLE - VTD 53,65282777.345265,Greenville,045,Dunklin,Greenville - Dunklin,GREENVILLE - DUNKLIN,64655555.639162,0.990392,1
045,Greenville,VTD 53,4504553,Greenville - VTD 53,GREENVILLE - VTD 53,65282777.345265,Greenville,045,Fork Shoals,Greenville - Fork Shoals,GREENVILLE - FORK SHOALS,627221.706103,0.009608,2
045,Greenville,VTD 38,4504538,Greenville - VTD 38,GREENVILLE - VTD 38,3489386.239192,Greenville,045,Mauldin 3,Greenville - Mauldin 3,GREENVILLE - MAULDIN 3,3188022.539768,0.913634,1
045,Greenville,VTD 38,4504538,Greenville - VTD 38,GREENVILLE - VTD 38,3489386.239192,Greenville,045,Greenbriar 2,Greenville - Greenbriar 2,GREENVILLE - GREENBRIAR 2,212985.517636,0.061038,2
045,Greenville,VTD 38,4504538,Greenville - VTD 38,GREENVILLE - VTD 38,3489386.239192,Greenville,045,Greenbriar 1,Greenville - Greenbriar 1,GREENVILLE - GREENBRIAR 1,70092.590273,0.020087,3
045,Greenville,VTD 38,4504538,Greenville - VTD 38,GREENVILLE - VTD 38,3489386.239192,Greenville,045,Conestee,Greenville - Conestee,GREENVILLE - CONESTEE,18285.591515,0.005240,4
045,Greenville,VTD 35,4504535,Greenville - VTD 35,GREENVILLE - VTD 35,18310598.636242,Greenville,045,Donaldson,Greenville - Donaldson,GREENVILLE - DONALDSON,17958023.895178,0.980745,1
045,Greenville,VTD 35,4504535,Greenville - VTD 35,GREENVILLE - VTD 35,18310598.636242,Greenville,045,Woodmont,Greenville - Woodmont,GREENVILLE - WOODMONT,352574.741064,0.019255,2
045,Greenville,VTD 139,45045139,Greenville - VTD 139,GREENVILLE - VTD 139,3647874.527973,Greenville,045,Southside,Greenville - Southside,GREENVILLE - SOUTHSIDE,1876367.478804,0.514373,1
045,Greenville,VTD 139,45045139,Greenville - VTD 139,GREENVILLE - VTD 139,3647874.527973,Greenville,045,Chestnut Hills,Greenville - Chestnut Hills,GREENVILLE - CHESTNUT HILLS,1186993.006440,0.325393,2
045,Greenville,VTD 139,45045139,Greenville - VTD 139,GREENVILLE - VTD 139,3647874.527973,Greenville,045,Greenville 16,Greenville - Greenville 16,GREENVILLE - GREENVILLE 16,584472.957595,0.160223,3
045,Greenville,VTD 27,4504527,Greenville - VTD 27,GREENVILLE - VTD 27,8020677.543942,Greenville,045,Greenville 29,Greenville - Greenville 29,GREENVILLE - GREENVILLE 29,6184432.400367,0.771061,1
045,Greenville,VTD 27,4504527,Greenville - VTD 27,GREENVILLE - VTD 27,8020677.543942,Greenville,045,Mauldin 1,Greenville - Mauldin 1,GREENVILLE - MAULDIN 1,1778012.126047,0.221679,2
045,Greenville,VTD 27,4504527,Greenville - VTD 27,GREENVILLE - VTD 27,8020677.543942,Greenville,045,Conestee,Greenville - Conestee,GREENVILLE - CONESTEE,41105.789767,0.005125,3
045,Greenville,VTD 27,4504527,Greenville - VTD 27,GREENVILLE - VTD 27,8020677.543942,Greenville,045,Belmont,Greenville - Belmont,GREENVILLE - BELMONT,17127.227762,0.002135,4
045,Greenville,VTD 12,4504512,Greenville - VTD 12,GREENVILLE - VTD 12,40958517.876886,Greenville,045,Sandy Flat,Greenville - Sandy Flat,GREENVILLE - SANDY FLAT,28966232.094317,0.707209,1
045,Greenville,VTD 12,4504512,Greenville - VTD 12,GREENVILLE - VTD 12,40958517.876886,Greenville,045,Darby Ridge,Greenville - Darby Ridge,GREENVILLE - DARBY RIDGE,11983479.919631,0.292576,2
045,Greenville,VTD 12,4504512,Greenville - VTD 12,GREENVILLE - VTD 12,40958517.876886,Greenville,045,ONeal 2,Greenville - ONeal 2,GREENVILLE - ONEAL 2,6223.089266,0.000152,3
045,Greenville,VTD 19,4504519,Greenville - VTD 19,GREENVILLE - VTD 19,21720522.036324,Greenville,045,Riverside 2,Greenville - Riverside 2,GREENVILLE - RIVERSIDE 2,10190176.954704,0.469150,1
045,Greenville,VTD 19,4504519,Greenville - VTD 19,GREENVILLE - VTD 19,21720522.036324,Greenville,045,Suber Mill,Greenville - Suber Mill,GREENVILLE - SUBER MILL,6723886.086185,0.309564,2
045,Greenville,VTD 19,4504519,Greenville - VTD 19,GREENVILLE - VTD 19,21720522.036324,Greenville,045,Maple Creek,Greenville - Maple Creek,GREENVILLE - MAPLE CREEK,2909622.981042,0.133957,3
045,Greenville,VTD 19,4504519,Greenville - VTD 19,GREENVILLE - VTD 19,21720522.036324,Greenville,045,Pelham Falls,Greenville - Pelham Falls,GREENVILLE - PELHAM FALLS,965716.330947,0.044461,4
045,Greenville,VTD 19,4504519,Greenville - VTD 19,GREENVILLE - VTD 19,21720522.036324,Greenville,045,Trade,Greenville - Trade,GREENVILLE - TRADE,790521.611586,0.036395,5
045,Greenville,VTD 19,4504519,Greenville - VTD 19,GREENVILLE - VTD 19,21720522.036324,Greenville,045,Riverside 1,Greenville - Riverside 1,GREENVILLE - RIVERSIDE 1,140591.400662,0.006473,6
045,Greenville,VTD 135,45045135,Greenville - VTD 135,GREENVILLE - VTD 135,13562662.718615,Greenville,045,Greenville 24,Greenville - Greenville 24,GREENVILLE - GREENVILLE 24,6886339.869675,0.507742,1
045,Greenville,VTD 135,45045135,Greenville - VTD 135,GREENVILLE - VTD 135,13562662.718615,Greenville,045,Mission,Greenville - Mission,GREENVILLE - MISSION,3193292.110353,0.235447,2
045,Greenville,VTD 135,45045135,Greenville - VTD 135,GREENVILLE - VTD 135,13562662.718615,Greenville,045,Dove Tree,Greenville - Dove Tree,GREENVILLE - DOVE TREE,2748987.114055,0.202688,3
045,Greenville,VTD 135,45045135,Greenville - VTD 135,GREENVILLE - VTD 135,13562662.718615,Greenville,045,Rock Hill,Greenville - Rock Hill,GREENVILLE - ROCK HILL,651737.458377,0.048054,4
045,Greenville,VTD 135,45045135,Greenville - VTD 135,GREENVILLE - VTD 135,13562662.718615,Greenville,045,Mauldin 2,Greenville - Mauldin 2,GREENVILLE - MAULDIN 2,56421.600666,0.004160,5
045,Greenville,VTD 135,45045135,Greenville - VTD 135,GREENVILLE - VTD 135,13562662.718615,Greenville,045,Rocky Creek,Greenville - Rocky Creek,GREENVILLE - ROCKY CREEK,25884.565489,0.001909,6
045,Greenville,VTD 36,4504536,Greenville - VTD 36,GREENVILLE - VTD 36,8930622.854074,Greenville,045,Conestee,Greenville - Conestee,GREENVILLE - CONESTEE,8671482.978656,0.970983,1
045,Greenville,VTD 36,4504536,Greenville - VTD 36,GREENVILLE - VTD 36,8930622.854074,Greenville,045,Greenville 29,Greenville - Greenville 29,GREENVILLE - GREENVILLE 29,257143.845057,0.028793,2
045,Greenville,VTD 36,4504536,Greenville - VTD 36,GREENVILLE - VTD 36,8930622.854074,Greenville,045,Belmont,Greenville - Belmont,GREENVILLE - BELMONT,1989.635347,0.000223,3
045,Greenville,VTD 43,4504543,Greenville - VTD 43,GREENVILLE - VTD 43,31353726.819748,Greenville,045,Walnut Springs,Greenville - Walnut Springs,GREENVILLE - WALNUT SPRINGS,18897411.569529,0.602717,1
045,Greenville,VTD 43,4504543,Greenville - VTD 43,GREENVILLE - VTD 43,31353726.819748,Greenville,045,Simpsonville 5,Greenville - Simpsonville 5,GREENVILLE - SIMPSONVILLE 5,6016659.221481,0.191896,2
045,Greenville,VTD 43,4504543,Greenville - VTD 43,GREENVILLE - VTD 43,31353726.819748,Greenville,045,Fountain Inn 1,Greenville - Fountain Inn 1,GREENVILLE - FOUNTAIN INN 1,4310067.788757,0.137466,3
045,Greenville,VTD 43,4504543,Greenville - VTD 43,GREENVILLE - VTD 43,31353726.819748,Greenville,045,Sycamore,Greenville - Sycamore,GREENVILLE - SYCAMORE,2129587.890858,0.067921,4
045,Greenville,VTD 39,4504539,Greenville - VTD 39,GREENVILLE - VTD 39,4806196.015202,Greenville,045,Mauldin 6,Greenville - Mauldin 6,GREENVILLE - MAULDIN 6,3597639.750163,0.748542,1
045,Greenville,VTD 39,4504539,Greenville - VTD 39,GREENVILLE - VTD 39,4806196.015202,Greenville,045,Mauldin 5,Greenville - Mauldin 5,GREENVILLE - MAULDIN 5,642338.246884,0.133648,2
045,Greenville,VTD 39,4504539,Greenville - VTD 39,GREENVILLE - VTD 39,4806196.015202,Greenville,045,Mauldin 4,Greenville - Mauldin 4,GREENVILLE - MAULDIN 4,566217.458988,0.117810,3
045,Greenville,VTD 124,45045124,Greenville - VTD 124,GREENVILLE - VTD 124,1022065.143910,Greenville,045,Monaview,Greenville - Monaview,GREENVILLE - MONAVIEW,555949.064781,0.543947,1
045,Greenville,VTD 124,45045124,Greenville - VTD 124,GREENVILLE - VTD 124,1022065.143910,Greenville,045,Greenville 6,Greenville - Greenville 6,GREENVILLE - GREENVILLE 6,265806.812139,0.260068,2
045,Greenville,VTD 124,45045124,Greenville - VTD 124,GREENVILLE - VTD 124,1022065.143910,Greenville,045,Greenville 4,Greenville - Greenville 4,GREENVILLE - GREENVILLE 4,200309.266990,0.195985,3
045,Greenville,VTD 106,45045106,Greenville - VTD 106,GREENVILLE - VTD 106,5072011.930147,Greenville,045,Lakeview,Greenville - Lakeview,GREENVILLE - LAKEVIEW,3845193.993245,0.758120,1
045,Greenville,VTD 106,45045106,Greenville - VTD 106,GREENVILLE - VTD 106,5072011.930147,Greenville,045,Leawood,Greenville - Leawood,GREENVILLE - LEAWOOD,915670.546555,0.180534,2
045,Greenville,VTD 106,45045106,Greenville - VTD 106,GREENVILLE - VTD 106,5072011.930147,Greenville,045,Berea,Greenville - Berea,GREENVILLE - BEREA,118780.338112,0.023419,3
045,Greenville,VTD 106,45045106,Greenville - VTD 106,GREENVILLE - VTD 106,5072011.930147,Greenville,045,Poinsett,Greenville - Poinsett,GREENVILLE - POINSETT,109997.912415,0.021687,4
045,Greenville,VTD 106,45045106,Greenville - VTD 106,GREENVILLE - VTD 106,5072011.930147,Greenville,045,Monaview,Greenville - Monaview,GREENVILLE - MONAVIEW,81133.248914,0.015996,5
045,Greenville,VTD 106,45045106,Greenville - VTD 106,GREENVILLE - VTD 106,5072011.930147,Greenville,045,Greenville 3,Greenville - Greenville 3,GREENVILLE - GREENVILLE 3,1235.890906,0.000244,6
045,Greenville,VTD 71,4504571,Greenville - VTD 71,GREENVILLE - VTD 71,1419170.565816,Greenville,045,Greenville 8,Greenville - Greenville 8,GREENVILLE - GREENVILLE 8,1042772.152967,0.734776,1
045,Greenville,VTD 71,4504571,Greenville - VTD 71,GREENVILLE - VTD 71,1419170.565816,Greenville,045,Greenville 5,Greenville - Greenville 5,GREENVILLE - GREENVILLE 5,376398.412849,0.265224,2
045,Greenville,VTD 107,45045107,Greenville - VTD 107,GREENVILLE - VTD 107,1711319.700250,Greenville,045,Greenville 3,Greenville - Greenville 3,GREENVILLE - GREENVILLE 3,992193.447168,0.579783,1
045,Greenville,VTD 107,45045107,Greenville - VTD 107,GREENVILLE - VTD 107,1711319.700250,Greenville,045,Greenville 1,Greenville - Greenville 1,GREENVILLE - GREENVILLE 1,679932.652413,0.397315,2
045,Greenville,VTD 107,45045107,Greenville - VTD 107,GREENVILLE - VTD 107,1711319.700250,Greenville,045,Wade Hampton,Greenville - Wade Hampton,GREENVILLE - WADE HAMPTON,30646.444687,0.017908,3
045,Greenville,VTD 107,45045107,Greenville - VTD 107,GREENVILLE - VTD 107,1711319.700250,Greenville,045,Sevier,Greenville - Sevier,GREENVILLE - SEVIER,6563.716880,0.003835,4
045,Greenville,VTD 107,45045107,Greenville - VTD 107,GREENVILLE - VTD 107,1711319.700250,Greenville,045,Leawood,Greenville - Leawood,GREENVILLE - LEAWOOD,1983.439101,0.001159,5
045,Greenville,VTD 48,4504548,Greenville - VTD 48,GREENVILLE - VTD 48,15588164.449766,Greenville,045,Reedy Fork,Greenville - Reedy Fork,GREENVILLE - REEDY FORK,7596109.700705,0.487300,1
045,Greenville,VTD 48,4504548,Greenville - VTD 48,GREENVILLE - VTD 48,15588164.449766,Greenville,045,Standing Springs 1,Greenville - Standing Springs 1,GREENVILLE - STANDING SPRINGS 1,4314990.435203,0.276812,2
045,Greenville,VTD 48,4504548,Greenville - VTD 48,GREENVILLE - VTD 48,15588164.449766,Greenville,045,Fork Shoals,Greenville - Fork Shoals,GREENVILLE - FORK SHOALS,2069726.966466,0.132776,3
045,Greenville,VTD 48,4504548,Greenville - VTD 48,GREENVILLE - VTD 48,15588164.449766,Greenville,045,Long Creek 2,Greenville - Long Creek 2,GREENVILLE - LONG CREEK 2,1607337.347392,0.103113,4
045,Greenville,VTD 42,4504542,Greenville - VTD 42,GREENVILLE - VTD 42,46635196.830052,Greenville,045,Circle Creek,Greenville - Circle Creek,GREENVILLE - CIRCLE CREEK,12451070.777565,0.266989,1
045,Greenville,VTD 42,4504542,Greenville - VTD 42,GREENVILLE - VTD 42,46635196.830052,Greenville,045,Walnut Springs,Greenville - Walnut Springs,GREENVILLE - WALNUT SPRINGS,10653462.942368,0.228443,2
045,Greenville,VTD 42,4504542,Greenville - VTD 42,GREENVILLE - VTD 42,46635196.830052,Greenville,045,Asheton Lakes,Greenville - Asheton Lakes,GREENVILLE - ASHETON LAKES,6448110.297362,0.138267,3
045,Greenville,VTD 42,4504542,Greenville - VTD 42,GREENVILLE - VTD 42,46635196.830052,Greenville,045,Oakview,Greenville - Oakview,GREENVILLE - OAKVIEW,5869485.758203,0.125860,4
045,Greenville,VTD 42,4504542,Greenville - VTD 42,GREENVILLE - VTD 42,46635196.830052,Greenville,045,Highland Creek 1,Greenville - Highland Creek 1,GREENVILLE - HIGHLAND CREEK 1,4253192.448948,0.091201,5
045,Greenville,VTD 42,4504542,Greenville - VTD 42,GREENVILLE - VTD 42,46635196.830052,Greenville,045,Highland Creek 2,Greenville - Highland Creek 2,GREENVILLE - HIGHLAND CREEK 2,3400341.199300,0.072914,6
045,Greenville,VTD 42,4504542,Greenville - VTD 42,GREENVILLE - VTD 42,46635196.830052,Greenville,045,Stonehaven,Greenville - Stonehaven,GREENVILLE - STONEHAVEN,2142463.718803,0.045941,7
045,Greenville,VTD 42,4504542,Greenville - VTD 42,GREENVILLE - VTD 42,46635196.830052,Greenville,045,Pelham Falls,Greenville - Pelham Falls,GREENVILLE - PELHAM FALLS,1417051.587800,0.030386,8
045,Greenville,VTD 40,4504540,Greenville - VTD 40,GREENVILLE - VTD 40,7931026.124677,Greenville,045,Mauldin 4,Greenville - Mauldin 4,GREENVILLE - MAULDIN 4,5312722.032591,0.669866,1
045,Greenville,VTD 40,4504540,Greenville - VTD 40,GREENVILLE - VTD 40,7931026.124677,Greenville,045,Greenbriar 2,Greenville - Greenbriar 2,GREENVILLE - GREENBRIAR 2,2433600.600984,0.306846,2
045,Greenville,VTD 40,4504540,Greenville - VTD 40,GREENVILLE - VTD 40,7931026.124677,Greenville,045,Mauldin 3,Greenville - Mauldin 3,GREENVILLE - MAULDIN 3,166667.504505,0.021015,3
045,Greenville,VTD 40,4504540,Greenville - VTD 40,GREENVILLE - VTD 40,7931026.124677,Greenville,045,Simpsonville 2,Greenville - Simpsonville 2,GREENVILLE - SIMPSONVILLE 2,18035.702179,0.002274,4
045,Greenville,VTD 122,45045122,Greenville - VTD 122,GREENVILLE - VTD 122,3480390.043674,Greenville,045,Westside,Greenville - Westside,GREENVILLE - WESTSIDE,1800576.769036,0.517349,1
045,Greenville,VTD 122,45045122,Greenville - VTD 122,GREENVILLE - VTD 122,3480390.043674,Greenville,045,Aiken,Greenville - Aiken,GREENVILLE - AIKEN,1396015.550581,0.401109,2
045,Greenville,VTD 122,45045122,Greenville - VTD 122,GREENVILLE - VTD 122,3480390.043674,Greenville,045,Greenville 6,Greenville - Greenville 6,GREENVILLE - GREENVILLE 6,283797.724056,0.081542,3
045,Greenville,VTD 46,4504546,Greenville - VTD 46,GREENVILLE - VTD 46,12483813.933041,Greenville,045,Standing Springs 1,Greenville - Standing Springs 1,GREENVILLE - STANDING SPRINGS 1,5077980.809383,0.406765,1
045,Greenville,VTD 46,4504546,Greenville - VTD 46,GREENVILLE - VTD 46,12483813.933041,Greenville,045,Standing Springs 2,Greenville - Standing Springs 2,GREENVILLE - STANDING SPRINGS 2,3813653.751318,0.305488,2
045,Greenville,VTD 46,4504546,Greenville - VTD 46,GREENVILLE - VTD 46,12483813.933041,Greenville,045,Simpsonville 2,Greenville - Simpsonville 2,GREENVILLE - SIMPSONVILLE 2,1799894.372116,0.144178,3
045,Greenville,VTD 46,4504546,Greenville - VTD 46,GREENVILLE - VTD 46,12483813.933041,Greenville,045,Neely Farms,Greenville - Neely Farms,GREENVILLE - NEELY FARMS,1792285.000223,0.143569,4
045,Greenville,VTD 142,45045142,Greenville - VTD 142,GREENVILLE - VTD 142,1769124.949742,Greenville,045,Greenville 20,Greenville - Greenville 20,GREENVILLE - GREENVILLE 20,1514746.751974,0.856212,1
045,Greenville,VTD 142,45045142,Greenville - VTD 142,GREENVILLE - VTD 142,1769124.949742,Greenville,045,Greenville 18,Greenville - Greenville 18,GREENVILLE - GREENVILLE 18,154308.823180,0.087223,2
045,Greenville,VTD 142,45045142,Greenville - VTD 142,GREENVILLE - VTD 142,1769124.949742,Greenville,045,Greenville 19,Greenville - Greenville 19,GREENVILLE - GREENVILLE 19,100069.374587,0.056564,3
045,Greenville,VTD 2,450452,Greenville - VTD 2,GREENVILLE - VTD 2,135948431.290214,Greenville,045,Jennings Mill,Greenville - Jennings Mill,GREENVILLE - JENNINGS MILL,133161050.072299,0.979497,1
045,Greenville,VTD 2,450452,Greenville - VTD 2,GREENVILLE - VTD 2,135948431.290214,Greenville,045,Maridell,Greenville - Maridell,GREENVILLE - MARIDELL,2787301.615018,0.020503,2
045,Greenville,VTD 101,45045101,Greenville - VTD 101,GREENVILLE - VTD 101,3094840.169284,Greenville,045,Wade Hampton,Greenville - Wade Hampton,GREENVILLE - WADE HAMPTON,2672782.039203,0.863625,1
045,Greenville,VTD 101,45045101,Greenville - VTD 101,GREENVILLE - VTD 101,3094840.169284,Greenville,045,Edwards Forest,Greenville - Edwards Forest,GREENVILLE - EDWARDS FOREST,213561.870405,0.069006,2
045,Greenville,VTD 101,45045101,Greenville - VTD 101,GREENVILLE - VTD 101,3094840.169284,Greenville,045,Pebble Creek,Greenville - Pebble Creek,GREENVILLE - PEBBLE CREEK,196435.350225,0.063472,3
045,Greenville,VTD 101,45045101,Greenville - VTD 101,GREENVILLE - VTD 101,3094840.169284,Greenville,045,Sevier,Greenville - Sevier,GREENVILLE - SEVIER,12060.909451,0.003897,4
045,Greenville,VTD 141,45045141,Greenville - VTD 141,GREENVILLE - VTD 141,1618425.120868,Greenville,045,Greenville 19,Greenville - Greenville 19,GREENVILLE - GREENVILLE 19,1618425.120868,1.000000,1
045,Greenville,VTD 144,45045144,Greenville - VTD 144,GREENVILLE - VTD 144,1930238.271058,Greenville,045,Greenville 19,Greenville - Greenville 19,GREENVILLE - GREENVILLE 19,1929750.291226,0.999747,1
045,Greenville,VTD 144,45045144,Greenville - VTD 144,GREENVILLE - VTD 144,1930238.271058,Greenville,045,Greenville 23,Greenville - Greenville 23,GREENVILLE - GREENVILLE 23,487.979831,0.000253,2
045,Greenville,VTD 70,4504570,Greenville - VTD 70,GREENVILLE - VTD 70,4075578.948109,Greenville,045,Greenville 7,Greenville - Greenville 7,GREENVILLE - GREENVILLE 7,2119313.225775,0.520003,1
045,Greenville,VTD 70,4504570,Greenville - VTD 70,GREENVILLE - VTD 70,4075578.948109,Greenville,045,Greenville 8,Greenville - Greenville 8,GREENVILLE - GREENVILLE 8,1192333.351406,0.292556,2
045,Greenville,VTD 70,4504570,Greenville - VTD 70,GREENVILLE - VTD 70,4075578.948109,Greenville,045,Greenville 6,Greenville - Greenville 6,GREENVILLE - GREENVILLE 6,435741.652693,0.106915,3
045,Greenville,VTD 70,4504570,Greenville - VTD 70,GREENVILLE - VTD 70,4075578.948109,Greenville,045,Greenville 5,Greenville - Greenville 5,GREENVILLE - GREENVILLE 5,328005.648396,0.080481,4
045,Greenville,VTD 78,4504578,Greenville - VTD 78,GREENVILLE - VTD 78,1499479.317512,Greenville,045,Greenville 21,Greenville - Greenville 21,GREENVILLE - GREENVILLE 21,1004592.517670,0.669961,1
045,Greenville,VTD 78,4504578,Greenville - VTD 78,GREENVILLE - VTD 78,1499479.317512,Greenville,045,Greenville 20,Greenville - Greenville 20,GREENVILLE - GREENVILLE 20,494886.799842,0.330039,2
045,Greenville,VTD 116,45045116,Greenville - VTD 116,GREENVILLE - VTD 116,1956881.478205,Greenville,045,Timberlake,Greenville - Timberlake,GREENVILLE - TIMBERLAKE,1956881.478205,1.000000,1
045,Greenville,VTD 33,4504533,Greenville - VTD 33,GREENVILLE - VTD 33,29442286.187890,Greenville,045,Piedmont,Greenville - Piedmont,GREENVILLE - PIEDMONT,19950061.662859,0.677599,1
045,Greenville,VTD 33,4504533,Greenville - VTD 33,GREENVILLE - VTD 33,29442286.187890,Greenville,045,Grove,Greenville - Grove,GREENVILLE - GROVE,5402065.976394,0.183480,2
045,Greenville,VTD 33,4504533,Greenville - VTD 33,GREENVILLE - VTD 33,29442286.187890,Greenville,045,Ware Place 2,Greenville - Ware Place 2,GREENVILLE - WARE PLACE 2,4090158.263974,0.138921,3
045,Greenville,VTD 57,4504557,Greenville - VTD 57,GREENVILLE - VTD 57,10382976.666087,Greenville,045,Fountain Inn 1,Greenville - Fountain Inn 1,GREENVILLE - FOUNTAIN INN 1,5924685.380186,0.570615,1
045,Greenville,VTD 57,4504557,Greenville - VTD 57,GREENVILLE - VTD 57,10382976.666087,Greenville,045,Fountain Inn 2,Greenville - Fountain Inn 2,GREENVILLE - FOUNTAIN INN 2,4263620.502645,0.410636,2
045,Greenville,VTD 57,4504557,Greenville - VTD 57,GREENVILLE - VTD 57,10382976.666087,Greenville,045,Simpsonville 5,Greenville - Simpsonville 5,GREENVILLE - SIMPSONVILLE 5,171449.036787,0.016513,3
045,Greenville,VTD 57,4504557,Greenville - VTD 57,GREENVILLE - VTD 57,10382976.666087,Greenville,045,Raintree,Greenville - Raintree,GREENVILLE - RAINTREE,23221.746469,0.002237,4
045,Greenville,VTD 140,45045140,Greenville - VTD 140,GREENVILLE - VTD 140,4582729.037552,Greenville,045,Southside,Greenville - Southside,GREENVILLE - SOUTHSIDE,4545917.044434,0.991967,1
045,Greenville,VTD 140,45045140,Greenville - VTD 140,GREENVILLE - VTD 140,4582729.037552,Greenville,045,Greenville 16,Greenville - Greenville 16,GREENVILLE - GREENVILLE 16,36811.993119,0.008033,2
045,Greenville,VTD 76,4504576,Greenville - VTD 76,GREENVILLE - VTD 76,2699769.259732,Greenville,045,Greenville 22,Greenville - Greenville 22,GREENVILLE - GREENVILLE 22,1712617.158726,0.634357,1
045,Greenville,VTD 76,4504576,Greenville - VTD 76,GREENVILLE - VTD 76,2699769.259732,Greenville,045,Greenville 24,Greenville - Greenville 24,GREENVILLE - GREENVILLE 24,878271.081467,0.325313,2
045,Greenville,VTD 76,4504576,Greenville - VTD 76,GREENVILLE - VTD 76,2699769.259732,Greenville,045,Greenville 14,Greenville - Greenville 14,GREENVILLE - GREENVILLE 14,108881.019540,0.040330,3
045,Greenville,VTD 131,45045131,Greenville - VTD 131,GREENVILLE - VTD 131,10154748.884558,Greenville,045,Tanglewood,Greenville - Tanglewood,GREENVILLE - TANGLEWOOD,10099823.825272,0.994591,1
045,Greenville,VTD 131,45045131,Greenville - VTD 131,GREENVILLE - VTD 131,10154748.884558,Greenville,045,Westcliffe,Greenville - Westcliffe,GREENVILLE - WESTCLIFFE,54924.714222,0.005409,2
045,Greenville,VTD 88,4504588,Greenville - VTD 88,GREENVILLE - VTD 88,35951396.398244,Greenville,045,Skyland,Greenville - Skyland,GREENVILLE - SKYLAND,25479432.015678,0.708719,1
045,Greenville,VTD 88,4504588,Greenville - VTD 88,GREENVILLE - VTD 88,35951396.398244,Greenville,045,Gowensville,Greenville - Gowensville,GREENVILLE - GOWENSVILLE,10309282.143640,0.286756,2
045,Greenville,VTD 88,4504588,Greenville - VTD 88,GREENVILLE - VTD 88,35951396.398244,Greenville,045,ONeal 2,Greenville - ONeal 2,GREENVILLE - ONEAL 2,161842.230653,0.004502,3
045,Greenville,VTD 72,4504572,Greenville - VTD 72,GREENVILLE - VTD 72,2348113.593130,Greenville,045,Greenville 8,Greenville - Greenville 8,GREENVILLE - GREENVILLE 8,1863504.131254,0.793618,1
045,Greenville,VTD 72,4504572,Greenville - VTD 72,GREENVILLE - VTD 72,2348113.593130,Greenville,045,Chestnut Hills,Greenville - Chestnut Hills,GREENVILLE - CHESTNUT HILLS,298790.991097,0.127247,2
045,Greenville,VTD 72,4504572,Greenville - VTD 72,GREENVILLE - VTD 72,2348113.593130,Greenville,045,Greenville 16,Greenville - Greenville 16,GREENVILLE - GREENVILLE 16,183053.955016,0.077958,3
045,Greenville,VTD 72,4504572,Greenville - VTD 72,GREENVILLE - VTD 72,2348113.593130,Greenville,045,Welcome,Greenville - Welcome,GREENVILLE - WELCOME,2764.515763,0.001177,4
045,Greenville,VTD 86,4504586,Greenville - VTD 86,GREENVILLE - VTD 86,1324321.124929,Greenville,045,Greenville 25,Greenville - Greenville 25,GREENVILLE - GREENVILLE 25,1298392.995144,0.980422,1
045,Greenville,VTD 86,4504586,Greenville - VTD 86,GREENVILLE - VTD 86,1324321.124929,Greenville,045,Spring Forest,Greenville - Spring Forest,GREENVILLE - SPRING FOREST,25928.129785,0.019578,2
045,Greenville,VTD 125,45045125,Greenville - VTD 125,GREENVILLE - VTD 125,6332068.506185,Greenville,045,Greenville 24,Greenville - Greenville 24,GREENVILLE - GREENVILLE 24,5311298.707881,0.838794,1
045,Greenville,VTD 125,45045125,Greenville - VTD 125,GREENVILLE - VTD 125,6332068.506185,Greenville,045,Spring Forest,Greenville - Spring Forest,GREENVILLE - SPRING FOREST,730566.064519,0.115376,2
045,Greenville,VTD 125,45045125,Greenville - VTD 125,GREENVILLE - VTD 125,6332068.506185,Greenville,045,Greenville 25,Greenville - Greenville 25,GREENVILLE - GREENVILLE 25,290203.733785,0.045831,3
045,Greenville,VTD 28,4504528,Greenville - VTD 28,GREENVILLE - VTD 28,3535143.494802,Greenville,045,Greenville 29,Greenville - Greenville 29,GREENVILLE - GREENVILLE 29,3534103.228092,0.999706,1
045,Greenville,VTD 28,4504528,Greenville - VTD 28,GREENVILLE - VTD 28,3535143.494802,Greenville,045,Belmont,Greenville - Belmont,GREENVILLE - BELMONT,1040.266710,0.000294,2
045,Greenville,VTD 47,4504547,Greenville - VTD 47,GREENVILLE - VTD 47,11046055.064169,Greenville,045,Greenbriar 1,Greenville - Greenbriar 1,GREENVILLE - GREENBRIAR 1,9479644.631188,0.858193,1
045,Greenville,VTD 47,4504547,Greenville - VTD 47,GREENVILLE - VTD 47,11046055.064169,Greenville,045,Greenbriar 2,Greenville - Greenbriar 2,GREENVILLE - GREENBRIAR 2,1565529.030655,0.141727,2
045,Greenville,VTD 62,4504562,Greenville - VTD 62,GREENVILLE - VTD 62,1625130.685031,Greenville,045,Greenville 5,Greenville - Greenville 5,GREENVILLE - GREENVILLE 5,1625123.771775,0.999996,1
045,Greenville,VTD 108,45045108,Greenville - VTD 108,GREENVILLE - VTD 108,2905915.200345,Greenville,045,Wade Hampton,Greenville - Wade Hampton,GREENVILLE - WADE HAMPTON,2905915.200345,1.000000,1
045,Greenville,VTD 64,4504564,Greenville - VTD 64,GREENVILLE - VTD 64,1963117.412005,Greenville,045,Greenville,Greenville - Greenville,GREENVILLE - GREENVILLE,1963117.412005,1.000000,1
045,Greenville,VTD 65,4504565,Greenville - VTD 65,GREENVILLE - VTD 65,2108006.345400,Greenville,045,Greenville,Greenville - Greenville,GREENVILLE - GREENVILLE,1269903.918520,0.602419,1
045,Greenville,VTD 65,4504565,Greenville - VTD 65,GREENVILLE - VTD 65,2108006.345400,Greenville,045,Greenville 28,Greenville - Greenville 28,GREENVILLE - GREENVILLE 28,838102.426880,0.397581,2
045,Greenville,VTD 100,45045100,Greenville - VTD 100,GREENVILLE - VTD 100,7651656.409317,Greenville,045,Sevier,Greenville - Sevier,GREENVILLE - SEVIER,3564928.828332,0.465903,1
045,Greenville,VTD 100,45045100,Greenville - VTD 100,GREENVILLE - VTD 100,7651656.409317,Greenville,045,Leawood,Greenville - Leawood,GREENVILLE - LEAWOOD,2599463.408388,0.339726,2
045,Greenville,VTD 100,45045100,Greenville - VTD 100,GREENVILLE - VTD 100,7651656.409317,Greenville,045,Paris Mountain,Greenville - Paris Mountain,GREENVILLE - PARIS MOUNTAIN,1316750.435625,0.172087,3
045,Greenville,VTD 100,45045100,Greenville - VTD 100,GREENVILLE - VTD 100,7651656.409317,Greenville,045,Greenville 3,Greenville - Greenville 3,GREENVILLE - GREENVILLE 3,170513.736972,0.022285,4
045,Greenville,VTD 95,4504595,Greenville - VTD 95,GREENVILLE - VTD 95,3758908.885726,Greenville,045,Edwards Forest,Greenville - Edwards Forest,GREENVILLE - EDWARDS FOREST,3758908.885726,1.000000,1
045,Greenville,VTD 15,4504515,Greenville - VTD 15,GREENVILLE - VTD 15,22727599.753949,Greenville,045,Laurel Ridge,Greenville - Laurel Ridge,GREENVILLE - LAUREL RIDGE,8491802.606223,0.373634,1
045,Greenville,VTD 15,4504515,Greenville - VTD 15,GREENVILLE - VTD 15,22727599.753949,Greenville,045,Clear Creek,Greenville - Clear Creek,GREENVILLE - CLEAR CREEK,8392287.583331,0.369255,2
045,Greenville,VTD 15,4504515,Greenville - VTD 15,GREENVILLE - VTD 15,22727599.753949,Greenville,045,Stone Valley,Greenville - Stone Valley,GREENVILLE - STONE VALLEY,5752166.947733,0.253092,3
045,Greenville,VTD 15,4504515,Greenville - VTD 15,GREENVILLE - VTD 15,22727599.753949,Greenville,045,Darby Ridge,Greenville - Darby Ridge,GREENVILLE - DARBY RIDGE,91335.388851,0.004019,4
045,Greenville,VTD 67,4504567,Greenville - VTD 67,GREENVILLE - VTD 67,2211125.908638,Greenville,045,Greenville 27,Greenville - Greenville 27,GREENVILLE - GREENVILLE 27,1980038.749614,0.895489,1
045,Greenville,VTD 67,4504567,Greenville - VTD 67,GREENVILLE - VTD 67,2211125.908638,Greenville,045,Greenville 28,Greenville - Greenville 28,GREENVILLE - GREENVILLE 28,231087.159024,0.104511,2
045,Greenville,VTD 114,45045114,Greenville - VTD 114,GREENVILLE - VTD 114,4178207.818070,Greenville,045,Monaview,Greenville - Monaview,GREENVILLE - MONAVIEW,3009856.769798,0.720370,1
045,Greenville,VTD 114,45045114,Greenville - VTD 114,GREENVILLE - VTD 114,4178207.818070,Greenville,045,Lakeview,Greenville - Lakeview,GREENVILLE - LAKEVIEW,1128381.762722,0.270064,2
045,Greenville,VTD 114,45045114,Greenville - VTD 114,GREENVILLE - VTD 114,4178207.818070,Greenville,045,Berea,Greenville - Berea,GREENVILLE - BEREA,24165.343968,0.005784,3
045,Greenville,VTD 114,45045114,Greenville - VTD 114,GREENVILLE - VTD 114,4178207.818070,Greenville,045,Westside,Greenville - Westside,GREENVILLE - WESTSIDE,15803.941581,0.003782,4
045,Greenville,VTD 133,45045133,Greenville - VTD 133,GREENVILLE - VTD 133,1623544.305114,Greenville,045,Greenville 7,Greenville - Greenville 7,GREENVILLE - GREENVILLE 7,768728.641555,0.473488,1
045,Greenville,VTD 133,45045133,Greenville - VTD 133,GREENVILLE - VTD 133,1623544.305114,Greenville,045,Greenville 6,Greenville - Greenville 6,GREENVILLE - GREENVILLE 6,529836.765386,0.326346,2
045,Greenville,VTD 133,45045133,Greenville - VTD 133,GREENVILLE - VTD 133,1623544.305114,Greenville,045,Welcome,Greenville - Welcome,GREENVILLE - WELCOME,324978.898173,0.200166,3
045,Greenville,VTD 89,4504589,Greenville - VTD 89,GREENVILLE - VTD 89,19783140.965122,Greenville,045,Sulphur Springs,Greenville - Sulphur Springs,GREENVILLE - SULPHUR SPRINGS,17837369.822728,0.901645,1
045,Greenville,VTD 89,4504589,Greenville - VTD 89,GREENVILLE - VTD 89,19783140.965122,Greenville,045,Furman,Greenville - Furman,GREENVILLE - FURMAN,1945771.142393,0.098355,2
045,Greenville,VTD 145,45045145,Greenville - VTD 145,GREENVILLE - VTD 145,5660113.411891,Greenville,045,Greenville 23,Greenville - Greenville 23,GREENVILLE - GREENVILLE 23,3990506.448167,0.705022,1
045,Greenville,VTD 145,45045145,Greenville - VTD 145,GREENVILLE - VTD 145,5660113.411891,Greenville,045,Greenville 24,Greenville - Greenville 24,GREENVILLE - GREENVILLE 24,1303473.735664,0.230291,2
045,Greenville,VTD 145,45045145,Greenville - VTD 145,GREENVILLE - VTD 145,5660113.411891,Greenville,045,Greenville 29,Greenville - Greenville 29,GREENVILLE - GREENVILLE 29,328170.248242,0.057979,3
045,Greenville,VTD 145,45045145,Greenville - VTD 145,GREENVILLE - VTD 145,5660113.411891,Greenville,045,Greenville 19,Greenville - Greenville 19,GREENVILLE - GREENVILLE 19,24778.403528,0.004378,4
045,Greenville,VTD 145,45045145,Greenville - VTD 145,GREENVILLE - VTD 145,5660113.411891,Greenville,045,Mauldin 2,Greenville - Mauldin 2,GREENVILLE - MAULDIN 2,13183.231547,0.002329,5
045,Greenville,VTD 97,4504597,Greenville - VTD 97,GREENVILLE - VTD 97,2766277.709493,Greenville,045,Sulphur Springs,Greenville - Sulphur Springs,GREENVILLE - SULPHUR SPRINGS,2766277.709493,1.000000,1
045,Greenville,VTD 61,4504561,Greenville - VTD 61,GREENVILLE - VTD 61,1509925.496426,Greenville,045,Greenville 4,Greenville - Greenville 4,GREENVILLE - GREENVILLE 4,1004840.120284,0.665490,1
045,Greenville,VTD 61,4504561,Greenville - VTD 61,GREENVILLE - VTD 61,1509925.496426,Greenville,045,Greenville 5,Greenville - Greenville 5,GREENVILLE - GREENVILLE 5,434625.657180,0.287846,2
045,Greenville,VTD 61,4504561,Greenville - VTD 61,GREENVILLE - VTD 61,1509925.496426,Greenville,045,Greenville 6,Greenville - Greenville 6,GREENVILLE - GREENVILLE 6,70459.718962,0.046664,3
045,Greenville,VTD 123,45045123,Greenville - VTD 123,GREENVILLE - VTD 123,1352787.385882,Greenville,045,Monaview,Greenville - Monaview,GREENVILLE - MONAVIEW,645061.575535,0.476839,1
045,Greenville,VTD 123,45045123,Greenville - VTD 123,GREENVILLE - VTD 123,1352787.385882,Greenville,045,Greenville 6,Greenville - Greenville 6,GREENVILLE - GREENVILLE 6,501850.716915,0.370975,2
045,Greenville,VTD 123,45045123,Greenville - VTD 123,GREENVILLE - VTD 123,1352787.385882,Greenville,045,Westside,Greenville - Westside,GREENVILLE - WESTSIDE,205875.093432,0.152186,3
045,Greenville,VTD 115,45045115,Greenville - VTD 115,GREENVILLE - VTD 115,2408205.869376,Greenville,045,Greenville 4,Greenville - Greenville 4,GREENVILLE - GREENVILLE 4,1932331.698113,0.802395,1
045,Greenville,VTD 115,45045115,Greenville - VTD 115,GREENVILLE - VTD 115,2408205.869376,Greenville,045,Lakeview,Greenville - Lakeview,GREENVILLE - LAKEVIEW,475874.171263,0.197605,2
045,Greenville,VTD 17,4504517,Greenville - VTD 17,GREENVILLE - VTD 17,10759533.024505,Greenville,045,Trade,Greenville - Trade,GREENVILLE - TRADE,4193435.219404,0.389741,1
045,Greenville,VTD 17,4504517,Greenville - VTD 17,GREENVILLE - VTD 17,10759533.024505,Greenville,045,Tyger River 2,Greenville - Tyger River 2,GREENVILLE - TYGER RIVER 2,2447240.309532,0.227449,2
045,Greenville,VTD 17,4504517,Greenville - VTD 17,GREENVILLE - VTD 17,10759533.024505,Greenville,045,Maple Creek,Greenville - Maple Creek,GREENVILLE - MAPLE CREEK,1550909.030596,0.144143,3
045,Greenville,VTD 17,4504517,Greenville - VTD 17,GREENVILLE - VTD 17,10759533.024505,Greenville,045,Frohawk 2,Greenville - Frohawk 2,GREENVILLE - FROHAWK 2,1510819.248338,0.140417,4
045,Greenville,VTD 17,4504517,Greenville - VTD 17,GREENVILLE - VTD 17,10759533.024505,Greenville,045,Tyger River 1,Greenville - Tyger River 1,GREENVILLE - TYGER RIVER 1,1057129.216636,0.098250,5
045,Greenville,VTD 25,4504525,Greenville - VTD 25,GREENVILLE - VTD 25,6515345.191496,Greenville,045,Mauldin 5,Greenville - Mauldin 5,GREENVILLE - MAULDIN 5,4206210.669556,0.645585,1
045,Greenville,VTD 25,4504525,Greenville - VTD 25,GREENVILLE - VTD 25,6515345.191496,Greenville,045,Mauldon 7,Greenville - Mauldon 7,GREENVILLE - MAULDON 7,2309133.410162,0.354415,2
045,Greenville,VTD 146,45045146,Greenville - VTD 146,GREENVILLE - VTD 146,7795342.722869,Greenville,045,Rocky Creek,Greenville - Rocky Creek,GREENVILLE - ROCKY CREEK,3430689.122434,0.440095,1
045,Greenville,VTD 146,45045146,Greenville - VTD 146,GREENVILLE - VTD 146,7795342.722869,Greenville,045,Mauldin 2,Greenville - Mauldin 2,GREENVILLE - MAULDIN 2,2949858.438310,0.378413,2
045,Greenville,VTD 146,45045146,Greenville - VTD 146,GREENVILLE - VTD 146,7795342.722869,Greenville,045,Mauldin 5,Greenville - Mauldin 5,GREENVILLE - MAULDIN 5,1413019.628283,0.181265,3
045,Greenville,VTD 146,45045146,Greenville - VTD 146,GREENVILLE - VTD 146,7795342.722869,Greenville,045,Dove Tree,Greenville - Dove Tree,GREENVILLE - DOVE TREE,1775.533842,0.000228,4
045,Greenville,VTD 132,45045132,Greenville - VTD 132,GREENVILLE - VTD 132,3968695.883204,Greenville,045,Welcome,Greenville - Welcome,GREENVILLE - WELCOME,3038697.691162,0.765667,1
045,Greenville,VTD 132,45045132,Greenville - VTD 132,GREENVILLE - VTD 132,3968695.883204,Greenville,045,Aiken,Greenville - Aiken,GREENVILLE - AIKEN,924345.028615,0.232909,2
045,Greenville,VTD 132,45045132,Greenville - VTD 132,GREENVILLE - VTD 132,3968695.883204,Greenville,045,Westcliffe,Greenville - Westcliffe,GREENVILLE - WESTCLIFFE,5653.163427,0.001424,3
045,Greenville,VTD 74,4504574,Greenville - VTD 74,GREENVILLE - VTD 74,1676033.651449,Greenville,045,Greenville 17,Greenville - Greenville 17,GREENVILLE - GREENVILLE 17,1666316.856495,0.994203,1
045,Greenville,VTD 74,4504574,Greenville - VTD 74,GREENVILLE - VTD 74,1676033.651449,Greenville,045,Greenville 14,Greenville - Greenville 14,GREENVILLE - GREENVILLE 14,9716.794954,0.005797,2
045,Greenville,VTD 9,450459,Greenville - VTD 9,GREENVILLE - VTD 9,70612488.881983,Greenville,045,Slater Marietta,Greenville - Slater Marietta,GREENVILLE - SLATER MARIETTA,70612201.556713,0.999996,1
045,Greenville,VTD 45,4504545,Greenville - VTD 45,GREENVILLE - VTD 45,15286230.658879,Greenville,045,Simpsonville 1,Greenville - Simpsonville 1,GREENVILLE - SIMPSONVILLE 1,4132414.884288,0.270336,1
045,Greenville,VTD 45,4504545,Greenville - VTD 45,GREENVILLE - VTD 45,15286230.658879,Greenville,045,Simpsonville 3,Greenville - Simpsonville 3,GREENVILLE - SIMPSONVILLE 3,4068786.294922,0.266173,2
045,Greenville,VTD 45,4504545,Greenville - VTD 45,GREENVILLE - VTD 45,15286230.658879,Greenville,045,Simpsonville 2,Greenville - Simpsonville 2,GREENVILLE - SIMPSONVILLE 2,3385702.631795,0.221487,3
045,Greenville,VTD 45,4504545,Greenville - VTD 45,GREENVILLE - VTD 45,15286230.658879,Greenville,045,Simpsonville 4,Greenville - Simpsonville 4,GREENVILLE - SIMPSONVILLE 4,1894172.440245,0.123914,4
045,Greenville,VTD 45,4504545,Greenville - VTD 45,GREENVILLE - VTD 45,15286230.658879,Greenville,045,Simpsonville 5,Greenville - Simpsonville 5,GREENVILLE - SIMPSONVILLE 5,1805154.407629,0.118090,5
045,Greenville,VTD 16,4504516,Greenville - VTD 16,GREENVILLE - VTD 16,10142588.129432,Greenville,045,Travelers Rest 1,Greenville - Travelers Rest 1,GREENVILLE - TRAVELERS REST 1,5152264.707229,0.507983,1
045,Greenville,VTD 16,4504516,Greenville - VTD 16,GREENVILLE - VTD 16,10142588.129432,Greenville,045,Travelers Rest 2,Greenville - Travelers Rest 2,GREENVILLE - TRAVELERS REST 2,4952339.176335,0.488272,2
045,Greenville,VTD 16,4504516,Greenville - VTD 16,GREENVILLE - VTD 16,10142588.129432,Greenville,045,Tubbs Mountain,Greenville - Tubbs Mountain,GREENVILLE - TUBBS MOUNTAIN,37984.245868,0.003745,3
045,Greenville,VTD 11,4504511,Greenville - VTD 11,GREENVILLE - VTD 11,26118156.839196,Greenville,045,Tubbs Mountain,Greenville - Tubbs Mountain,GREENVILLE - TUBBS MOUNTAIN,20888637.344693,0.799775,1
045,Greenville,VTD 11,4504511,Greenville - VTD 11,GREENVILLE - VTD 11,26118156.839196,Greenville,045,Ebenezer,Greenville - Ebenezer,GREENVILLE - EBENEZER,1888061.115218,0.072289,2
045,Greenville,VTD 11,4504511,Greenville - VTD 11,GREENVILLE - VTD 11,26118156.839196,Greenville,045,Altamont Forest,Greenville - Altamont Forest,GREENVILLE - ALTAMONT FOREST,1309032.896469,0.050120,3
045,Greenville,VTD 11,4504511,Greenville - VTD 11,GREENVILLE - VTD 11,26118156.839196,Greenville,045,Travelers Rest 2,Greenville - Travelers Rest 2,GREENVILLE - TRAVELERS REST 2,1267696.095494,0.048537,4
045,Greenville,VTD 11,4504511,Greenville - VTD 11,GREENVILLE - VTD 11,26118156.839196,Greenville,045,Travelers Rest 1,Greenville - Travelers Rest 1,GREENVILLE - TRAVELERS REST 1,764729.387323,0.029280,5
045,Greenville,VTD 105,45045105,Greenville - VTD 105,GREENVILLE - VTD 105,4200672.375895,Greenville,045,Berea,Greenville - Berea,GREENVILLE - BEREA,3836437.107426,0.913291,1
045,Greenville,VTD 105,45045105,Greenville - VTD 105,GREENVILLE - VTD 105,4200672.375895,Greenville,045,Sulphur Springs,Greenville - Sulphur Springs,GREENVILLE - SULPHUR SPRINGS,363920.506054,0.086634,2
045,Greenville,VTD 34,4504534,Greenville - VTD 34,GREENVILLE - VTD 34,23610334.424863,Greenville,045,Piedmont,Greenville - Piedmont,GREENVILLE - PIEDMONT,6553514.636306,0.277570,1
045,Greenville,VTD 34,4504534,Greenville - VTD 34,GREENVILLE - VTD 34,23610334.424863,Greenville,045,Grove,Greenville - Grove,GREENVILLE - GROVE,5779539.001403,0.244789,2
045,Greenville,VTD 34,4504534,Greenville - VTD 34,GREENVILLE - VTD 34,23610334.424863,Greenville,045,Donaldson,Greenville - Donaldson,GREENVILLE - DONALDSON,5699918.603092,0.241416,3
045,Greenville,VTD 34,4504534,Greenville - VTD 34,GREENVILLE - VTD 34,23610334.424863,Greenville,045,Mt. Pleasant,Greenville - Mt. Pleasant,GREENVILLE - MT. PLEASANT,3010885.405976,0.127524,4
045,Greenville,VTD 34,4504534,Greenville - VTD 34,GREENVILLE - VTD 34,23610334.424863,Greenville,045,Woodmont,Greenville - Woodmont,GREENVILLE - WOODMONT,2566476.778086,0.108701,5
045,Greenville,VTD 56,4504556,Greenville - VTD 56,GREENVILLE - VTD 56,7203453.623941,Greenville,045,Simpsonville 6,Greenville - Simpsonville 6,GREENVILLE - SIMPSONVILLE 6,5218561.549172,0.724453,1
045,Greenville,VTD 56,4504556,Greenville - VTD 56,GREENVILLE - VTD 56,7203453.623941,Greenville,045,Neely Farms,Greenville - Neely Farms,GREENVILLE - NEELY FARMS,1984892.074769,0.275547,2
045,Greenville,VTD 30,4504530,Greenville - VTD 30,GREENVILLE - VTD 30,2486507.534303,Greenville,045,Royal Oaks,Greenville - Royal Oaks,GREENVILLE - ROYAL OAKS,2486507.534303,1.000000,1
045,Greenville,VTD 98,4504598,Greenville - VTD 98,GREENVILLE - VTD 98,3917351.672181,Greenville,045,Enoree,Greenville - Enoree,GREENVILLE - ENOREE,3917351.672181,1.000000,1
045,Greenville,VTD 110,45045110,Greenville - VTD 110,GREENVILLE - VTD 110,2274940.497249,Greenville,045,Avon,Greenville - Avon,GREENVILLE - AVON,2274940.497249,1.000000,1
045,Greenville,VTD 26,4504526,Greenville - VTD 26,GREENVILLE - VTD 26,7291606.363847,Greenville,045,Mauldin 2,Greenville - Mauldin 2,GREENVILLE - MAULDIN 2,6369455.758561,0.873533,1
045,Greenville,VTD 26,4504526,Greenville - VTD 26,GREENVILLE - VTD 26,7291606.363847,Greenville,045,Mauldin 4,Greenville - Mauldin 4,GREENVILLE - MAULDIN 4,695491.163046,0.095382,2
045,Greenville,VTD 26,4504526,Greenville - VTD 26,GREENVILLE - VTD 26,7291606.363847,Greenville,045,Mauldin 1,Greenville - Mauldin 1,GREENVILLE - MAULDIN 1,226659.442240,0.031085,3
045,Greenville,VTD 5,450455,Greenville - VTD 5,GREENVILLE - VTD 5,52538240.752513,Greenville,045,Tigerville,Greenville - Tigerville,GREENVILLE - TIGERVILLE,51643784.217969,0.982975,1
045,Greenville,VTD 5,450455,Greenville - VTD 5,GREENVILLE - VTD 5,52538240.752513,Greenville,045,Maridell,Greenville - Maridell,GREENVILLE - MARIDELL,813919.595688,0.015492,2
045,Greenville,VTD 5,450455,Greenville - VTD 5,GREENVILLE - VTD 5,52538240.752513,Greenville,045,Gowensville,Greenville - Gowensville,GREENVILLE - GOWENSVILLE,80536.938856,0.001533,3
045,Greenville,VTD 3,450453,Greenville - VTD 3,GREENVILLE - VTD 3,51349351.151007,Greenville,045,Maridell,Greenville - Maridell,GREENVILLE - MARIDELL,45098066.832603,0.878260,1
045,Greenville,VTD 3,450453,Greenville - VTD 3,GREENVILLE - VTD 3,51349351.151007,Greenville,045,Tubbs Mountain,Greenville - Tubbs Mountain,GREENVILLE - TUBBS MOUNTAIN,6213183.057506,0.120998,2
045,Greenville,VTD 3,450453,Greenville - VTD 3,GREENVILLE - VTD 3,51349351.151007,Greenville,045,Slater Marietta,Greenville - Slater Marietta,GREENVILLE - SLATER MARIETTA,35513.779415,0.000692,3
045,Greenville,VTD 138,45045138,Greenville - VTD 138,GREENVILLE - VTD 138,3131715.031543,Greenville,045,Chestnut Hills,Greenville - Chestnut Hills,GREENVILLE - CHESTNUT HILLS,2690911.556640,0.859245,1
045,Greenville,VTD 138,45045138,Greenville - VTD 138,GREENVILLE - VTD 138,3131715.031543,Greenville,045,Southside,Greenville - Southside,GREENVILLE - SOUTHSIDE,306413.553460,0.097842,2
045,Greenville,VTD 138,45045138,Greenville - VTD 138,GREENVILLE - VTD 138,3131715.031543,Greenville,045,Welcome,Greenville - Welcome,GREENVILLE - WELCOME,134389.921443,0.042913,3
045,Greenville,VTD 41,4504541,Greenville - VTD 41,GREENVILLE - VTD 41,17894788.017276,Greenville,045,Bells Crossing,Greenville - Bells Crossing,GREENVILLE - BELLS CROSSING,5286398.021510,0.295416,1
045,Greenville,VTD 41,4504541,Greenville - VTD 41,GREENVILLE - VTD 41,17894788.017276,Greenville,045,Hillcrest 2,Greenville - Hillcrest 2,GREENVILLE - HILLCREST 2,3564939.267402,0.199217,2
045,Greenville,VTD 41,4504541,Greenville - VTD 41,GREENVILLE - VTD 41,17894788.017276,Greenville,045,Riverwalk,Greenville - Riverwalk,GREENVILLE - RIVERWALK,2940879.392694,0.164343,3
045,Greenville,VTD 41,4504541,Greenville - VTD 41,GREENVILLE - VTD 41,17894788.017276,Greenville,045,Gilder Creek 1,Greenville - Gilder Creek 1,GREENVILLE - GILDER CREEK 1,2659592.395672,0.148624,4
045,Greenville,VTD 41,4504541,Greenville - VTD 41,GREENVILLE - VTD 41,17894788.017276,Greenville,045,Gilder Creek 2,Greenville - Gilder Creek 2,GREENVILLE - GILDER CREEK 2,1949270.934466,0.108930,5
045,Greenville,VTD 41,4504541,Greenville - VTD 41,GREENVILLE - VTD 41,17894788.017276,Greenville,045,Sycamore,Greenville - Sycamore,GREENVILLE - SYCAMORE,766514.270478,0.042834,6
045,Greenville,VTD 41,4504541,Greenville - VTD 41,GREENVILLE - VTD 41,17894788.017276,Greenville,045,Stonehaven,Greenville - Stonehaven,GREENVILLE - STONEHAVEN,721344.461250,0.040310,7
045,Greenville,VTD 41,4504541,Greenville - VTD 41,GREENVILLE - VTD 41,17894788.017276,Greenville,045,Hillcrest 1,Greenville - Hillcrest 1,GREENVILLE - HILLCREST 1,5842.455297,0.000326,8
045,Greenville,VTD 60,4504560,Greenville - VTD 60,GREENVILLE - VTD 60,1603388.383659,Greenville,045,Greenville 3,Greenville - Greenville 3,GREENVILLE - GREENVILLE 3,1603193.499708,0.999878,1
045,Greenville,VTD 60,4504560,Greenville - VTD 60,GREENVILLE - VTD 60,1603388.383659,Greenville,045,Greenville 1,Greenville - Greenville 1,GREENVILLE - GREENVILLE 1,194.883951,0.000122,2
045,Greenville,VTD 99,4504599,Greenville - VTD 99,GREENVILLE - VTD 99,2894309.098262,Greenville,045,Poinsett,Greenville - Poinsett,GREENVILLE - POINSETT,2894309.098262,1.000000,1
045,Greenville,VTD 24,4504524,Greenville - VTD 24,GREENVILLE - VTD 24,5485914.288790,Greenville,045,Woodruff Lakes,Greenville - Woodruff Lakes,GREENVILLE - WOODRUFF LAKES,3352556.308292,0.611121,1
045,Greenville,VTD 24,4504524,Greenville - VTD 24,GREENVILLE - VTD 24,5485914.288790,Greenville,045,Rocky Creek,Greenville - Rocky Creek,GREENVILLE - ROCKY CREEK,2133357.980498,0.388879,2
045,Greenville,VTD 91,4504591,Greenville - VTD 91,GREENVILLE - VTD 91,8731012.434365,Greenville,045,Leawood,Greenville - Leawood,GREENVILLE - LEAWOOD,2964493.442506,0.339536,1
045,Greenville,VTD 91,4504591,Greenville - VTD 91,GREENVILLE - VTD 91,8731012.434365,Greenville,045,Furman,Greenville - Furman,GREENVILLE - FURMAN,2509316.117366,0.287403,2
045,Greenville,VTD 91,4504591,Greenville - VTD 91,GREENVILLE - VTD 91,8731012.434365,Greenville,045,Poinsett,Greenville - Poinsett,GREENVILLE - POINSETT,2473922.024709,0.283349,3
045,Greenville,VTD 91,4504591,Greenville - VTD 91,GREENVILLE - VTD 91,8731012.434365,Greenville,045,Altamont Forest,Greenville - Altamont Forest,GREENVILLE - ALTAMONT FOREST,465937.285832,0.053366,4
045,Greenville,VTD 91,4504591,Greenville - VTD 91,GREENVILLE - VTD 91,8731012.434365,Greenville,045,Paris Mountain,Greenville - Paris Mountain,GREENVILLE - PARIS MOUNTAIN,317343.563952,0.036347,5
045,Greenville,VTD 59,4504559,Greenville - VTD 59,GREENVILLE - VTD 59,1036916.518346,Greenville,045,Greenville 3,Greenville - Greenville 3,GREENVILLE - GREENVILLE 3,591439.553336,0.570383,1
045,Greenville,VTD 59,4504559,Greenville - VTD 59,GREENVILLE - VTD 59,1036916.518346,Greenville,045,Greenville 4,Greenville - Greenville 4,GREENVILLE - GREENVILLE 4,445476.965011,0.429617,2
045,Greenville,VTD 7,450457,Greenville - VTD 7,GREENVILLE - VTD 7,31705345.136116,Greenville,045,Skyland,Greenville - Skyland,GREENVILLE - SKYLAND,30589090.112611,0.964793,1
045,Greenville,VTD 7,450457,Greenville - VTD 7,GREENVILLE - VTD 7,31705345.136116,Greenville,045,ONeal 2,Greenville - ONeal 2,GREENVILLE - ONEAL 2,1116255.023505,0.035207,2
045,Greenville,VTD 73,4504573,Greenville - VTD 73,GREENVILLE - VTD 73,1885744.117400,Greenville,045,Greenville 16,Greenville - Greenville 16,GREENVILLE - GREENVILLE 16,1668309.906638,0.884696,1
045,Greenville,VTD 73,4504573,Greenville - VTD 73,GREENVILLE - VTD 73,1885744.117400,Greenville,045,Greenville 17,Greenville - Greenville 17,GREENVILLE - GREENVILLE 17,207506.742543,0.110040,2
045,Greenville,VTD 73,4504573,Greenville - VTD 73,GREENVILLE - VTD 73,1885744.117400,Greenville,045,Greenville 10,Greenville - Greenville 10,GREENVILLE - GREENVILLE 10,9927.468219,0.005264,3
045,Greenville,VTD 23,4504523,Greenville - VTD 23,GREENVILLE - VTD 23,11906735.304139,Greenville,045,Pelham Falls,Greenville - Pelham Falls,GREENVILLE - PELHAM FALLS,4349635.976172,0.365309,1
045,Greenville,VTD 23,4504523,Greenville - VTD 23,GREENVILLE - VTD 23,11906735.304139,Greenville,045,Rolling Green,Greenville - Rolling Green,GREENVILLE - ROLLING GREEN,3861745.415622,0.324333,2
045,Greenville,VTD 23,4504523,Greenville - VTD 23,GREENVILLE - VTD 23,11906735.304139,Greenville,045,Feaster,Greenville - Feaster,GREENVILLE - FEASTER,2622237.556054,0.220231,3
045,Greenville,VTD 23,4504523,Greenville - VTD 23,GREENVILLE - VTD 23,11906735.304139,Greenville,045,Oakview,Greenville - Oakview,GREENVILLE - OAKVIEW,996248.100838,0.083671,4
045,Greenville,VTD 23,4504523,Greenville - VTD 23,GREENVILLE - VTD 23,11906735.304139,Greenville,045,Palmetto,Greenville - Palmetto,GREENVILLE - PALMETTO,41774.378805,0.003508,5
045,Greenville,VTD 23,4504523,Greenville - VTD 23,GREENVILLE - VTD 23,11906735.304139,Greenville,045,Dove Tree,Greenville - Dove Tree,GREENVILLE - DOVE TREE,35093.876647,0.002947,6
045,Greenville,VTD 55,4504555,Greenville - VTD 55,GREENVILLE - VTD 55,38435217.379342,Greenville,045,Pineview,Greenville - Pineview,GREENVILLE - PINEVIEW,20869512.406761,0.542979,1
045,Greenville,VTD 55,4504555,Greenville - VTD 55,GREENVILLE - VTD 55,38435217.379342,Greenville,045,Raintree,Greenville - Raintree,GREENVILLE - RAINTREE,11201923.282477,0.291449,2
045,Greenville,VTD 55,4504555,Greenville - VTD 55,GREENVILLE - VTD 55,38435217.379342,Greenville,045,Fountain Inn 2,Greenville - Fountain Inn 2,GREENVILLE - FOUNTAIN INN 2,5439811.256889,0.141532,3
045,Greenville,VTD 55,4504555,Greenville - VTD 55,GREENVILLE - VTD 55,38435217.379342,Greenville,045,Simpsonville 5,Greenville - Simpsonville 5,GREENVILLE - SIMPSONVILLE 5,923962.118989,0.024039,4
045,Greenville,VTD 58,4504558,Greenville - VTD 58,GREENVILLE - VTD 58,32712631.231380,Greenville,045,Ware Place 1,Greenville - Ware Place 1,GREENVILLE - WARE PLACE 1,24895203.732133,0.761027,1
045,Greenville,VTD 58,4504558,Greenville - VTD 58,GREENVILLE - VTD 58,32712631.231380,Greenville,045,Ware Place 2,Greenville - Ware Place 2,GREENVILLE - WARE PLACE 2,7817427.499247,0.238973,2
045,Greenville,VTD 128,45045128,Greenville - VTD 128,GREENVILLE - VTD 128,3042290.727195,Greenville,045,Boiling Springs,Greenville - Boiling Springs,GREENVILLE - BOILING SPRINGS,1753541.679162,0.576389,1
045,Greenville,VTD 128,45045128,Greenville - VTD 128,GREENVILLE - VTD 128,3042290.727195,Greenville,045,Devenger,Greenville - Devenger,GREENVILLE - DEVENGER,1288749.048034,0.423611,2
045,Greenville,VTD 93,4504593,Greenville - VTD 93,GREENVILLE - VTD 93,16608829.299533,Greenville,045,Darby Ridge,Greenville - Darby Ridge,GREENVILLE - DARBY RIDGE,7733545.845081,0.465629,1
045,Greenville,VTD 93,4504593,Greenville - VTD 93,GREENVILLE - VTD 93,16608829.299533,Greenville,045,Mountain Creek,Greenville - Mountain Creek,GREENVILLE - MOUNTAIN CREEK,5569483.093152,0.335333,2
045,Greenville,VTD 93,4504593,Greenville - VTD 93,GREENVILLE - VTD 93,16608829.299533,Greenville,045,Sevier,Greenville - Sevier,GREENVILLE - SEVIER,2426563.773920,0.146101,3
045,Greenville,VTD 93,4504593,Greenville - VTD 93,GREENVILLE - VTD 93,16608829.299533,Greenville,045,Paris Mountain,Greenville - Paris Mountain,GREENVILLE - PARIS MOUNTAIN,831601.277014,0.050070,4
045,Greenville,VTD 93,4504593,Greenville - VTD 93,GREENVILLE - VTD 93,16608829.299533,Greenville,045,Altamont Forest,Greenville - Altamont Forest,GREENVILLE - ALTAMONT FOREST,47635.310366,0.002868,5
045,Greenville,VTD 94,4504594,Greenville - VTD 94,GREENVILLE - VTD 94,5835438.428535,Greenville,045,Pebble Creek,Greenville - Pebble Creek,GREENVILLE - PEBBLE CREEK,3830452.079612,0.656412,1
045,Greenville,VTD 94,4504594,Greenville - VTD 94,GREENVILLE - VTD 94,5835438.428535,Greenville,045,Mountain Creek,Greenville - Mountain Creek,GREENVILLE - MOUNTAIN CREEK,2004986.348923,0.343588,2
045,Greenville,VTD 44,4504544,Greenville - VTD 44,GREENVILLE - VTD 44,22787108.894200,Greenville,045,Sycamore,Greenville - Sycamore,GREENVILLE - SYCAMORE,10419127.668163,0.457238,1
045,Greenville,VTD 44,4504544,Greenville - VTD 44,GREENVILLE - VTD 44,22787108.894200,Greenville,045,Hillcrest 1,Greenville - Hillcrest 1,GREENVILLE - HILLCREST 1,4761166.024158,0.208941,2
045,Greenville,VTD 44,4504544,Greenville - VTD 44,GREENVILLE - VTD 44,22787108.894200,Greenville,045,Simpsonville 1,Greenville - Simpsonville 1,GREENVILLE - SIMPSONVILLE 1,3927217.399383,0.172344,3
045,Greenville,VTD 44,4504544,Greenville - VTD 44,GREENVILLE - VTD 44,22787108.894200,Greenville,045,Gilder Creek 2,Greenville - Gilder Creek 2,GREENVILLE - GILDER CREEK 2,1796911.255263,0.078856,4
045,Greenville,VTD 44,4504544,Greenville - VTD 44,GREENVILLE - VTD 44,22787108.894200,Greenville,045,Hillcrest 2,Greenville - Hillcrest 2,GREENVILLE - HILLCREST 2,1191732.152939,0.052299,5
045,Greenville,VTD 44,4504544,Greenville - VTD 44,GREENVILLE - VTD 44,22787108.894200,Greenville,045,Simpsonville 3,Greenville - Simpsonville 3,GREENVILLE - SIMPSONVILLE 3,572261.859365,0.025113,6
045,Greenville,VTD 44,4504544,Greenville - VTD 44,GREENVILLE - VTD 44,22787108.894200,Greenville,045,Simpsonville 2,Greenville - Simpsonville 2,GREENVILLE - SIMPSONVILLE 2,70617.962148,0.003099,7
045,Greenville,VTD 44,4504544,Greenville - VTD 44,GREENVILLE - VTD 44,22787108.894200,Greenville,045,Mauldin 4,Greenville - Mauldin 4,GREENVILLE - MAULDIN 4,48074.572782,0.002110,8
045,Greenville,VTD 31,4504531,Greenville - VTD 31,GREENVILLE - VTD 31,3916897.731519,Greenville,045,Belle Meade,Greenville - Belle Meade,GREENVILLE - BELLE MEADE,3563794.259394,0.909851,1
045,Greenville,VTD 31,4504531,Greenville - VTD 31,GREENVILLE - VTD 31,3916897.731519,Greenville,045,Royal Oaks,Greenville - Royal Oaks,GREENVILLE - ROYAL OAKS,352735.322003,0.090055,2
045,Greenville,VTD 50,4504550,Greenville - VTD 50,GREENVILLE - VTD 50,38465551.238874,Greenville,045,Ware Place 1,Greenville - Ware Place 1,GREENVILLE - WARE PLACE 1,21422536.086269,0.556928,1
045,Greenville,VTD 50,4504550,Greenville - VTD 50,GREENVILLE - VTD 50,38465551.238874,Greenville,045,Ware Place 2,Greenville - Ware Place 2,GREENVILLE - WARE PLACE 2,17043015.152606,0.443072,2
045,Greenville,VTD 90,4504590,Greenville - VTD 90,GREENVILLE - VTD 90,11556778.243883,Greenville,045,Furman,Greenville - Furman,GREENVILLE - FURMAN,8303860.041514,0.718527,1
045,Greenville,VTD 90,4504590,Greenville - VTD 90,GREENVILLE - VTD 90,11556778.243883,Greenville,045,Enoree,Greenville - Enoree,GREENVILLE - ENOREE,1692375.622464,0.146440,2
045,Greenville,VTD 90,4504590,Greenville - VTD 90,GREENVILLE - VTD 90,11556778.243883,Greenville,045,Travelers Rest 1,Greenville - Travelers Rest 1,GREENVILLE - TRAVELERS REST 1,1240037.475544,0.107300,3
045,Greenville,VTD 90,4504590,Greenville - VTD 90,GREENVILLE - VTD 90,11556778.243883,Greenville,045,Sulphur Springs,Greenville - Sulphur Springs,GREENVILLE - SULPHUR SPRINGS,291491.042468,0.025223,4
045,Greenville,VTD 90,4504590,Greenville - VTD 90,GREENVILLE - VTD 90,11556778.243883,Greenville,045,Altamont Forest,Greenville - Altamont Forest,GREENVILLE - ALTAMONT FOREST,29014.061892,0.002511,5
045,Greenville,VTD 14,4504514,Greenville - VTD 14,GREENVILLE - VTD 14,13885404.547923,Greenville,045,Tyger River 1,Greenville - Tyger River 1,GREENVILLE - TYGER RIVER 1,5047067.361216,0.363480,1
045,Greenville,VTD 14,4504514,Greenville - VTD 14,GREENVILLE - VTD 14,13885404.547923,Greenville,045,Frohawk,Greenville - Frohawk,GREENVILLE - FROHAWK,4795039.286964,0.345329,2
045,Greenville,VTD 14,4504514,Greenville - VTD 14,GREENVILLE - VTD 14,13885404.547923,Greenville,045,Frohawk 2,Greenville - Frohawk 2,GREENVILLE - FROHAWK 2,3645944.824640,0.262574,3
045,Greenville,VTD 14,4504514,Greenville - VTD 14,GREENVILLE - VTD 14,13885404.547923,Greenville,045,Tyger River 2,Greenville - Tyger River 2,GREENVILLE - TYGER RIVER 2,387675.825544,0.027920,4
045,Greenville,VTD 14,4504514,Greenville - VTD 14,GREENVILLE - VTD 14,13885404.547923,Greenville,045,Oneal 1,Greenville - Oneal 1,GREENVILLE - ONEAL 1,9671.491956,0.000697,5
045,Greenville,VTD 134,45045134,Greenville - VTD 134,GREENVILLE - VTD 134,986503.111886,Greenville,045,Greenville 10,Greenville - Greenville 10,GREENVILLE - GREENVILLE 10,986503.111886,1.000000,1
045,Greenville,VTD 118,45045118,Greenville - VTD 118,GREENVILLE - VTD 118,1729530.876116,Greenville,045,Wellington,Greenville - Wellington,GREENVILLE - WELLINGTON,1729530.876116,1.000000,1
045,Greenville,VTD 69,4504569,Greenville - VTD 69,GREENVILLE - VTD 69,1604592.284636,Greenville,045,Greenville 10,Greenville - Greenville 10,GREENVILLE - GREENVILLE 10,1166595.401468,0.727035,1
045,Greenville,VTD 69,4504569,Greenville - VTD 69,GREENVILLE - VTD 69,1604592.284636,Greenville,045,Greenville 14,Greenville - Greenville 14,GREENVILLE - GREENVILLE 14,437996.883169,0.272965,2
045,Greenville,VTD 75,4504575,Greenville - VTD 75,GREENVILLE - VTD 75,1637204.662968,Greenville,045,Greenville 14,Greenville - Greenville 14,GREENVILLE - GREENVILLE 14,1637204.662968,1.000000,1
045,Greenville,VTD 143,45045143,Greenville - VTD 143,GREENVILLE - VTD 143,3670605.411934,Greenville,045,Greenville 23,Greenville - Greenville 23,GREENVILLE - GREENVILLE 23,1736396.137940,0.473054,1
045,Greenville,VTD 143,45045143,Greenville - VTD 143,GREENVILLE - VTD 143,3670605.411934,Greenville,045,Greenville 22,Greenville - Greenville 22,GREENVILLE - GREENVILLE 22,1519498.226309,0.413964,2
045,Greenville,VTD 143,45045143,Greenville - VTD 143,GREENVILLE - VTD 143,3670605.411934,Greenville,045,Greenville 14,Greenville - Greenville 14,GREENVILLE - GREENVILLE 14,411111.408376,0.112001,3
045,Greenville,VTD 143,45045143,Greenville - VTD 143,GREENVILLE - VTD 143,3670605.411934,Greenville,045,Greenville 21,Greenville - Greenville 21,GREENVILLE - GREENVILLE 21,3599.639308,0.000981,4
045,Greenville,VTD 10,4504510,Greenville - VTD 10,GREENVILLE - VTD 10,31952985.973134,Greenville,045,Ebenezer,Greenville - Ebenezer,GREENVILLE - EBENEZER,29133780.051683,0.911770,1
045,Greenville,VTD 10,4504510,Greenville - VTD 10,GREENVILLE - VTD 10,31952985.973134,Greenville,045,Travelers Rest 2,Greenville - Travelers Rest 2,GREENVILLE - TRAVELERS REST 2,1878864.540360,0.058801,2
045,Greenville,VTD 10,4504510,Greenville - VTD 10,GREENVILLE - VTD 10,31952985.973134,Greenville,045,Travelers Rest 1,Greenville - Travelers Rest 1,GREENVILLE - TRAVELERS REST 1,940335.222169,0.029429,3
045,Greenville,VTD 63,4504563,Greenville - VTD 63,GREENVILLE - VTD 63,1087198.089872,Greenville,045,Greenville 10,Greenville - Greenville 10,GREENVILLE - GREENVILLE 10,1087198.089872,1.000000,1
045,Greenville,VTD 32,4504532,Greenville - VTD 32,GREENVILLE - VTD 32,12120225.222950,Greenville,045,Grove,Greenville - Grove,GREENVILLE - GROVE,7013071.810305,0.578626,1
045,Greenville,VTD 32,4504532,Greenville - VTD 32,GREENVILLE - VTD 32,12120225.222950,Greenville,045,Mt. Pleasant,Greenville - Mt. Pleasant,GREENVILLE - MT. PLEASANT,5107153.412645,0.421374,2
045,Greenville,VTD 1,450451,Greenville - VTD 1,GREENVILLE - VTD 1,63242612.204655,Greenville,045,Jennings Mill,Greenville - Jennings Mill,GREENVILLE - JENNINGS MILL,63242612.204655,1.000000,1
045,Greenville,VTD 126,45045126,Greenville - VTD 126,GREENVILLE - VTD 126,3094817.225053,Greenville,045,Rock Hill,Greenville - Rock Hill,GREENVILLE - ROCK HILL,3094073.161889,0.999760,1
045,Greenville,VTD 126,45045126,Greenville - VTD 126,GREENVILLE - VTD 126,3094817.225053,Greenville,045,Del Norte,Greenville - Del Norte,GREENVILLE - DEL NORTE,741.141418,0.000239,2
045,Greenville,VTD 68,4504568,Greenville - VTD 68,GREENVILLE - VTD 68,1657988.092004,Greenville,045,Greenville 1,Greenville - Greenville 1,GREENVILLE - GREENVILLE 1,1657986.925478,0.999999,1
045,Greenville,VTD 109,45045109,Greenville - VTD 109,GREENVILLE - VTD 109,2174548.040785,Greenville,045,Timberlake,Greenville - Timberlake,GREENVILLE - TIMBERLAKE,1309322.363022,0.602112,1
045,Greenville,VTD 109,45045109,Greenville - VTD 109,GREENVILLE - VTD 109,2174548.040785,Greenville,045,Botany Woods,Greenville - Botany Woods,GREENVILLE - BOTANY WOODS,794135.331688,0.365196,2
045,Greenville,VTD 109,45045109,Greenville - VTD 109,GREENVILLE - VTD 109,2174548.040785,Greenville,045,Wade Hampton,Greenville - Wade Hampton,GREENVILLE - WADE HAMPTON,51162.565014,0.023528,3
045,Greenville,VTD 109,45045109,Greenville - VTD 109,GREENVILLE - VTD 109,2174548.040785,Greenville,045,Greenville 27,Greenville - Greenville 27,GREENVILLE - GREENVILLE 27,19927.781061,0.009164,4
045,Greenville,VTD 137,45045137,Greenville - VTD 137,GREENVILLE - VTD 137,8199568.094847,Greenville,045,Carolina,Greenville - Carolina,GREENVILLE - CAROLINA,8095454.749062,0.987303,1
045,Greenville,VTD 137,45045137,Greenville - VTD 137,GREENVILLE - VTD 137,8199568.094847,Greenville,045,Grove,Greenville - Grove,GREENVILLE - GROVE,104113.345786,0.012697,2
045,Greenville,VTD 117,45045117,Greenville - VTD 117,GREENVILLE - VTD 117,2410906.144849,Greenville,045,Spring Forest,Greenville - Spring Forest,GREENVILLE - SPRING FOREST,1057493.681816,0.438629,1
045,Greenville,VTD 117,45045117,Greenville - VTD 117,GREENVILLE - VTD 117,2410906.144849,Greenville,045,Wellington,Greenville - Wellington,GREENVILLE - WELLINGTON,726138.883328,0.301189,2
045,Greenville,VTD 117,45045117,Greenville - VTD 117,GREENVILLE - VTD 117,2410906.144849,Greenville,045,Timberlake,Greenville - Timberlake,GREENVILLE - TIMBERLAKE,627273.579705,0.260182,3
045,Greenville,VTD 121,45045121,Greenville - VTD 121,GREENVILLE - VTD 121,7456336.416924,Greenville,045,Westcliffe,Greenville - Westcliffe,GREENVILLE - WESTCLIFFE,7456336.416924,1.000000,1
045,Greenville,VTD 87,4504587,Greenville - VTD 87,GREENVILLE - VTD 87,35778309.395589,Greenville,045,Slater Marietta,Greenville - Slater Marietta,GREENVILLE - SLATER MARIETTA,29121262.403528,0.813936,1
045,Greenville,VTD 87,4504587,Greenville - VTD 87,GREENVILLE - VTD 87,35778309.395589,Greenville,045,Ebenezer,Greenville - Ebenezer,GREENVILLE - EBENEZER,3921362.960937,0.109602,2
045,Greenville,VTD 87,4504587,Greenville - VTD 87,GREENVILLE - VTD 87,35778309.395589,Greenville,045,Tubbs Mountain,Greenville - Tubbs Mountain,GREENVILLE - TUBBS MOUNTAIN,2612862.485529,0.073029,3
045,Greenville,VTD 87,4504587,Greenville - VTD 87,GREENVILLE - VTD 87,35778309.395589,Greenville,045,Jennings Mill,Greenville - Jennings Mill,GREENVILLE - JENNINGS MILL,122821.545595,0.003433,4
045,Greenville,VTD 92,4504592,Greenville - VTD 92,GREENVILLE - VTD 92,24870979.219011,Greenville,045,Altamont Forest,Greenville - Altamont Forest,GREENVILLE - ALTAMONT FOREST,14393951.274017,0.578745,1
045,Greenville,VTD 92,4504592,Greenville - VTD 92,GREENVILLE - VTD 92,24870979.219011,Greenville,045,Paris Mountain,Greenville - Paris Mountain,GREENVILLE - PARIS MOUNTAIN,8460494.689114,0.340175,2
045,Greenville,VTD 92,4504592,Greenville - VTD 92,GREENVILLE - VTD 92,24870979.219011,Greenville,045,Mountain Creek,Greenville - Mountain Creek,GREENVILLE - MOUNTAIN CREEK,1861723.295244,0.074855,3
045,Greenville,VTD 92,4504592,Greenville - VTD 92,GREENVILLE - VTD 92,24870979.219011,Greenville,045,Travelers Rest 1,Greenville - Travelers Rest 1,GREENVILLE - TRAVELERS REST 1,154809.717355,0.006225,4
045,Greenville,VTD 54,4504554,Greenville - VTD 54,GREENVILLE - VTD 54,61367401.435289,Greenville,045,Fork Shoals,Greenville - Fork Shoals,GREENVILLE - FORK SHOALS,32343576.984966,0.527048,1
045,Greenville,VTD 54,4504554,Greenville - VTD 54,GREENVILLE - VTD 54,61367401.435289,Greenville,045,Long Creek 1,Greenville - Long Creek 1,GREENVILLE - LONG CREEK 1,15222439.271605,0.248054,2
045,Greenville,VTD 54,4504554,Greenville - VTD 54,GREENVILLE - VTD 54,61367401.435289,Greenville,045,Dunklin,Greenville - Dunklin,GREENVILLE - DUNKLIN,7134581.004543,0.116260,3
045,Greenville,VTD 54,4504554,Greenville - VTD 54,GREENVILLE - VTD 54,61367401.435289,Greenville,045,Long Creek 2,Greenville - Long Creek 2,GREENVILLE - LONG CREEK 2,3390485.208413,0.055249,4
045,Greenville,VTD 54,4504554,Greenville - VTD 54,GREENVILLE - VTD 54,61367401.435289,Greenville,045,Raintree,Greenville - Raintree,GREENVILLE - RAINTREE,3276318.185995,0.053389,5
045,Greenville,VTD 6,450456,Greenville - VTD 6,GREENVILLE - VTD 6,136326388.484826,Greenville,045,Tigerville,Greenville - Tigerville,GREENVILLE - TIGERVILLE,71413524.684748,0.523842,1
045,Greenville,VTD 6,450456,Greenville - VTD 6,GREENVILLE - VTD 6,136326388.484826,Greenville,045,Gowensville,Greenville - Gowensville,GREENVILLE - GOWENSVILLE,64912852.141113,0.476158,2
045,Greenville,VTD 129,45045129,Greenville - VTD 129,GREENVILLE - VTD 129,3846116.066710,Greenville,045,Thornblade,Greenville - Thornblade,GREENVILLE - THORNBLADE,3205363.024803,0.833403,1
045,Greenville,VTD 129,45045129,Greenville - VTD 129,GREENVILLE - VTD 129,3846116.066710,Greenville,045,Palmetto,Greenville - Palmetto,GREENVILLE - PALMETTO,621352.245808,0.161553,2
045,Greenville,VTD 129,45045129,Greenville - VTD 129,GREENVILLE - VTD 129,3846116.066710,Greenville,045,Pelham Falls,Greenville - Pelham Falls,GREENVILLE - PELHAM FALLS,19400.796099,0.005044,3
045,Greenville,VTD 136,45045136,Greenville - VTD 136,GREENVILLE - VTD 136,4630544.608952,Greenville,045,Dove Tree,Greenville - Dove Tree,GREENVILLE - DOVE TREE,2464766.775223,0.532284,1
045,Greenville,VTD 136,45045136,Greenville - VTD 136,GREENVILLE - VTD 136,4630544.608952,Greenville,045,Palmetto,Greenville - Palmetto,GREENVILLE - PALMETTO,2165777.833729,0.467716,2
045,Greenville,VTD 20,4504520,Greenville - VTD 20,GREENVILLE - VTD 20,5740418.014939,Greenville,045,Silverleaf,Greenville - Silverleaf,GREENVILLE - SILVERLEAF,3114965.612789,0.542637,1
045,Greenville,VTD 20,4504520,Greenville - VTD 20,GREENVILLE - VTD 20,5740418.014939,Greenville,045,Riverside 1,Greenville - Riverside 1,GREENVILLE - RIVERSIDE 1,2625452.402150,0.457363,2
045,Greenville,VTD 29,4504529,Greenville - VTD 29,GREENVILLE - VTD 29,3782864.335459,Greenville,045,Belmont,Greenville - Belmont,GREENVILLE - BELMONT,3690772.327111,0.975655,1
045,Greenville,VTD 29,4504529,Greenville - VTD 29,GREENVILLE - VTD 29,3782864.335459,Greenville,045,Conestee,Greenville - Conestee,GREENVILLE - CONESTEE,91945.148825,0.024306,2
045,Greenville,VTD 8,450458,Greenville - VTD 8,GREENVILLE - VTD 8,42804174.608648,Greenville,045,Mountain View,Greenville - Mountain View,GREENVILLE - MOUNTAIN VIEW,40301269.329805,0.941527,1
045,Greenville,VTD 8,450458,Greenville - VTD 8,GREENVILLE - VTD 8,42804174.608648,Greenville,045,Maridell,Greenville - Maridell,GREENVILLE - MARIDELL,1796973.343711,0.041981,2
045,Greenville,VTD 8,450458,Greenville - VTD 8,GREENVILLE - VTD 8,42804174.608648,Greenville,045,Tigerville,Greenville - Tigerville,GREENVILLE - TIGERVILLE,677621.824564,0.015831,3
045,Greenville,VTD 8,450458,Greenville - VTD 8,GREENVILLE - VTD 8,42804174.608648,Greenville,045,Sandy Flat,Greenville - Sandy Flat,GREENVILLE - SANDY FLAT,28309.999819,0.000661,4
045,Greenville,VTD 119,45045119,Greenville - VTD 119,GREENVILLE - VTD 119,2313638.908889,Greenville,045,Northwood,Greenville - Northwood,GREENVILLE - NORTHWOOD,2282080.033545,0.986360,1
045,Greenville,VTD 119,45045119,Greenville - VTD 119,GREENVILLE - VTD 119,2313638.908889,Greenville,045,Wellington,Greenville - Wellington,GREENVILLE - WELLINGTON,31558.875344,0.013640,2
045,Greenville,VTD 102,45045102,Greenville - VTD 102,GREENVILLE - VTD 102,1701008.690560,Greenville,045,Botany Woods,Greenville - Botany Woods,GREENVILLE - BOTANY WOODS,1668580.837675,0.980936,1
045,Greenville,VTD 102,45045102,Greenville - VTD 102,GREENVILLE - VTD 102,1701008.690560,Greenville,045,Wade Hampton,Greenville - Wade Hampton,GREENVILLE - WADE HAMPTON,32427.852885,0.019064,2
045,Greenville,VTD 120,45045120,Greenville - VTD 120,GREENVILLE - VTD 120,3149224.265292,Greenville,045,Del Norte,Greenville - Del Norte,GREENVILLE - DEL NORTE,2582734.964587,0.820118,1
045,Greenville,VTD 120,45045120,Greenville - VTD 120,GREENVILLE - VTD 120,3149224.265292,Greenville,045,Eastside,Greenville - Eastside,GREENVILLE - EASTSIDE,566489.300705,0.179882,2
045,Greenville,VTD 77,4504577,Greenville - VTD 77,GREENVILLE - VTD 77,1314455.282035,Greenville,045,Greenville 18,Greenville - Greenville 18,GREENVILLE - GREENVILLE 18,1314455.282035,1.000000,1
045,Greenville,VTD 111,45045111,Greenville - VTD 111,GREENVILLE - VTD 111,1015741.593103,Greenville,045,Eastside,Greenville - Eastside,GREENVILLE - EASTSIDE,1015741.593103,1.000000,1
045,Greenville,VTD 104,45045104,Greenville - VTD 104,GREENVILLE - VTD 104,1467132.118751,Greenville,045,Eastside,Greenville - Eastside,GREENVILLE - EASTSIDE,1426576.982300,0.972358,1
045,Greenville,VTD 104,45045104,Greenville - VTD 104,GREENVILLE - VTD 104,1467132.118751,Greenville,045,Avon,Greenville - Avon,GREENVILLE - AVON,40555.136451,0.027642,2
045,Greenville,VTD 51,4504551,Greenville - VTD 51,GREENVILLE - VTD 51,31620303.918922,Greenville,045,Fork Shoals,Greenville - Fork Shoals,GREENVILLE - FORK SHOALS,26550646.384081,0.839671,1
045,Greenville,VTD 51,4504551,Greenville - VTD 51,GREENVILLE - VTD 51,31620303.918922,Greenville,045,Reedy Fork,Greenville - Reedy Fork,GREENVILLE - REEDY FORK,5069657.534841,0.160329,2
045,Greenville,VTD 21,4504521,Greenville - VTD 21,GREENVILLE - VTD 21,4791361.733281,Greenville,045,Sugar Creek,Greenville - Sugar Creek,GREENVILLE - SUGAR CREEK,2604938.447207,0.543674,1
045,Greenville,VTD 21,4504521,Greenville - VTD 21,GREENVILLE - VTD 21,4791361.733281,Greenville,045,Thornblade,Greenville - Thornblade,GREENVILLE - THORNBLADE,1579691.881169,0.329696,2
045,Greenville,VTD 21,4504521,Greenville - VTD 21,GREENVILLE - VTD 21,4791361.733281,Greenville,045,Boiling Springs,Greenville - Boiling Springs,GREENVILLE - BOILING SPRINGS,592494.777112,0.123659,3
045,Greenville,VTD 21,4504521,Greenville - VTD 21,GREENVILLE - VTD 21,4791361.733281,Greenville,045,Pelham Falls,Greenville - Pelham Falls,GREENVILLE - PELHAM FALLS,14236.627793,0.002971,4
045,Greenville,VTD 37,4504537,Greenville - VTD 37,GREENVILLE - VTD 37,3453895.584572,Greenville,045,Mauldin 1,Greenville - Mauldin 1,GREENVILLE - MAULDIN 1,3453895.584572,1.000000,1
045,Greenville,VTD 112,45045112,Greenville - VTD 112,GREENVILLE - VTD 112,3842958.849737,Greenville,045,Westcliffe,Greenville - Westcliffe,GREENVILLE - WESTCLIFFE,3842958.849737,1.000000,1
045,Greenville,VTD 113,45045113,Greenville - VTD 113,GREENVILLE - VTD 113,2995407.787366,Greenville,045,Westside,Greenville - Westside,GREENVILLE - WESTSIDE,2995407.787366,1.000000,1
045,Greenville,VTD 130,45045130,Greenville - VTD 130,GREENVILLE - VTD 130,1798030.402189,Greenville,045,Palmetto,Greenville - Palmetto,GREENVILLE - PALMETTO,744345.702405,0.413978,1
045,Greenville,VTD 130,45045130,Greenville - VTD 130,GREENVILLE - VTD 130,1798030.402189,Greenville,045,Mission,Greenville - Mission,GREENVILLE - MISSION,527028.379531,0.293114,2
045,Greenville,VTD 130,45045130,Greenville - VTD 130,GREENVILLE - VTD 130,1798030.402189,Greenville,045,Devenger,Greenville - Devenger,GREENVILLE - DEVENGER,526656.320252,0.292907,3
045,Greenville,VTD 103,45045103,Greenville - VTD 103,GREENVILLE - VTD 103,2253307.004947,Greenville,045,Brookglenn,Greenville - Brookglenn,GREENVILLE - BROOKGLENN,2243192.392375,0.995511,1
045,Greenville,VTD 103,45045103,Greenville - VTD 103,GREENVILLE - VTD 103,2253307.004947,Greenville,045,Edwards Forest,Greenville - Edwards Forest,GREENVILLE - EDWARDS FOREST,10114.612572,0.004489,2
045,Greenville,VTD 96,4504596,Greenville - VTD 96,GREENVILLE - VTD 96,6909305.347404,Greenville,045,Saluda,Greenville - Saluda,GREENVILLE - SALUDA,6893629.747244,0.997731,1
047,Greenwood,VTD 1,450471,Greenwood - VTD 1,GREENWOOD - VTD 1,26664277.795317,Greenwood,047,Shoals Junction,Greenwood - Shoals Junction,GREENWOOD - SHOALS JUNCTION,26664277.795317,1.000000,1
047,Greenwood,VTD 2,450472,Greenwood - VTD 2,GREENWOOD - VTD 2,34445687.047451,Greenwood,047,Rutherford,Greenwood - Rutherford,GREENWOOD - RUTHERFORD,26191398.808390,0.760368,1
047,Greenwood,VTD 2,450472,Greenwood - VTD 2,GREENWOOD - VTD 2,34445687.047451,Greenwood,047,Ware Shoals,Greenwood - Ware Shoals,GREENWOOD - WARE SHOALS,8254256.917831,0.239631,2
047,Greenwood,VTD 3,450473,Greenwood - VTD 3,GREENWOOD - VTD 3,23266861.897023,Greenwood,047,Riley,Greenwood - Riley,GREENWOOD - RILEY,23266861.897023,1.000000,1
047,Greenwood,VTD 4,450474,Greenwood - VTD 4,GREENWOOD - VTD 4,37883935.669494,Greenwood,047,Hodges,Greenwood - Hodges,GREENWOOD - HODGES,37883935.669494,1.000000,1
047,Greenwood,VTD 5,450475,Greenwood - VTD 5,GREENWOOD - VTD 5,41816940.433103,Greenwood,047,Cokesbury,Greenwood - Cokesbury,GREENWOOD - COKESBURY,41816940.433103,1.000000,1
047,Greenwood,VTD 6,450476,Greenwood - VTD 6,GREENWOOD - VTD 6,43313465.994961,Greenwood,047,Coronaca,Greenwood - Coronaca,GREENWOOD - CORONACA,43313463.481472,1.000000,1
047,Greenwood,VTD 7,450477,Greenwood - VTD 7,GREENWOOD - VTD 7,36229263.119626,Greenwood,047,Hodges,Greenwood - Hodges,GREENWOOD - HODGES,36229263.119626,1.000000,1
047,Greenwood,VTD 8,450478,Greenwood - VTD 8,GREENWOOD - VTD 8,10297761.129706,Greenwood,047,Newcastle,Greenwood - Newcastle,GREENWOOD - NEWCASTLE,6883709.362994,0.668467,1
047,Greenwood,VTD 8,450478,Greenwood - VTD 8,GREENWOOD - VTD 8,10297761.129706,Greenwood,047,Georgetown,Greenwood - Georgetown,GREENWOOD - GEORGETOWN,2312169.251816,0.224531,2
047,Greenwood,VTD 8,450478,Greenwood - VTD 8,GREENWOOD - VTD 8,10297761.129706,Greenwood,047,Airport,Greenwood - Airport,GREENWOOD - AIRPORT,1101882.514895,0.107002,3
047,Greenwood,VTD 14,4504714,Greenwood - VTD 14,GREENWOOD - VTD 14,6643943.326631,Greenwood,047,Greenwood High,Greenwood - Greenwood High,GREENWOOD - GREENWOOD HIGH,4352837.529877,0.655159,1
047,Greenwood,VTD 14,4504714,Greenwood - VTD 14,GREENWOOD - VTD 14,6643943.326631,Greenwood,047,Pinecrest,Greenwood - Pinecrest,GREENWOOD - PINECREST,2239429.847540,0.337063,2
047,Greenwood,VTD 14,4504714,Greenwood - VTD 14,GREENWOOD - VTD 14,6643943.326631,Greenwood,047,Biltmore Pines,Greenwood - Biltmore Pines,GREENWOOD - BILTMORE PINES,48099.841502,0.007240,3
047,Greenwood,VTD 14,4504714,Greenwood - VTD 14,GREENWOOD - VTD 14,6643943.326631,Greenwood,047,Greenwood No. 3,Greenwood - Greenwood No. 3,GREENWOOD - GREENWOOD NO. 3,3576.107713,0.000538,4
047,Greenwood,VTD 9,450479,Greenwood - VTD 9,GREENWOOD - VTD 9,11125830.798799,Greenwood,047,Airport,Greenwood - Airport,GREENWOOD - AIRPORT,8115636.870491,0.729441,1
047,Greenwood,VTD 9,450479,Greenwood - VTD 9,GREENWOOD - VTD 9,11125830.798799,Greenwood,047,Merrywood,Greenwood - Merrywood,GREENWOOD - MERRYWOOD,3010193.928308,0.270559,2
047,Greenwood,VTD 10,4504710,Greenwood - VTD 10,GREENWOOD - VTD 10,23250882.136502,Greenwood,047,Civic Center,Greenwood - Civic Center,GREENWOOD - CIVIC CENTER,23046992.238329,0.991231,1
047,Greenwood,VTD 10,4504710,Greenwood - VTD 10,GREENWOOD - VTD 10,23250882.136502,Greenwood,047,Coronaca,Greenwood - Coronaca,GREENWOOD - CORONACA,105246.235641,0.004527,2
047,Greenwood,VTD 10,4504710,Greenwood - VTD 10,GREENWOOD - VTD 10,23250882.136502,Greenwood,047,Greenwood No. 4,Greenwood - Greenwood No. 4,GREENWOOD - GREENWOOD NO. 4,98643.662532,0.004243,3
047,Greenwood,VTD 11,4504711,Greenwood - VTD 11,GREENWOOD - VTD 11,24385373.942124,Greenwood,047,Stonewood,Greenwood - Stonewood,GREENWOOD - STONEWOOD,20022657.441931,0.821093,1
047,Greenwood,VTD 11,4504711,Greenwood - VTD 11,GREENWOOD - VTD 11,24385373.942124,Greenwood,047,Coronaca,Greenwood - Coronaca,GREENWOOD - CORONACA,4362716.500193,0.178907,2
047,Greenwood,VTD 12,4504712,Greenwood - VTD 12,GREENWOOD - VTD 12,18791561.104009,Greenwood,047,Sparrows Grace,Greenwood - Sparrows Grace,GREENWOOD - SPARROWS GRACE,14062477.446628,0.748340,1
047,Greenwood,VTD 12,4504712,Greenwood - VTD 12,GREENWOOD - VTD 12,18791561.104009,Greenwood,047,Maxwellton Pike,Greenwood - Maxwellton Pike,GREENWOOD - MAXWELLTON PIKE,3085147.849433,0.164177,2
047,Greenwood,VTD 12,4504712,Greenwood - VTD 12,GREENWOOD - VTD 12,18791561.104009,Greenwood,047,Emerald High,Greenwood - Emerald High,GREENWOOD - EMERALD HIGH,1643543.425775,0.087462,3
047,Greenwood,VTD 13,4504713,Greenwood - VTD 13,GREENWOOD - VTD 13,9571875.703769,Greenwood,047,Harris,Greenwood - Harris,GREENWOOD - HARRIS,6345839.467834,0.662967,1
047,Greenwood,VTD 13,4504713,Greenwood - VTD 13,GREENWOOD - VTD 13,9571875.703769,Greenwood,047,Biltmore Pines,Greenwood - Biltmore Pines,GREENWOOD - BILTMORE PINES,3210059.095180,0.335364,2
047,Greenwood,VTD 13,4504713,Greenwood - VTD 13,GREENWOOD - VTD 13,9571875.703769,Greenwood,047,Greenwood No. 7,Greenwood - Greenwood No. 7,GREENWOOD - GREENWOOD NO. 7,15973.758237,0.001669,3
047,Greenwood,VTD 15,4504715,Greenwood - VTD 15,GREENWOOD - VTD 15,2974865.827608,Greenwood,047,Greenwood No. 4,Greenwood - Greenwood No. 4,GREENWOOD - GREENWOOD NO. 4,2974865.827608,1.000000,1
047,Greenwood,VTD 16,4504716,Greenwood - VTD 16,GREENWOOD - VTD 16,14039164.647506,Greenwood,047,Emerald,Greenwood - Emerald,GREENWOOD - EMERALD,13823663.923215,0.984650,1
047,Greenwood,VTD 16,4504716,Greenwood - VTD 16,GREENWOOD - VTD 16,14039164.647506,Greenwood,047,Stonewood,Greenwood - Stonewood,GREENWOOD - STONEWOOD,215500.724291,0.015350,2
047,Greenwood,VTD 17,4504717,Greenwood - VTD 17,GREENWOOD - VTD 17,36555208.336617,Greenwood,047,Ninety-Six,Greenwood - Ninety-Six,GREENWOOD - NINETY-SIX,19234786.026667,0.526185,1
047,Greenwood,VTD 17,4504717,Greenwood - VTD 17,GREENWOOD - VTD 17,36555208.336617,Greenwood,047,Stonewood,Greenwood - Stonewood,GREENWOOD - STONEWOOD,11393955.813376,0.311692,2
047,Greenwood,VTD 17,4504717,Greenwood - VTD 17,GREENWOOD - VTD 17,36555208.336617,Greenwood,047,Lower Lake,Greenwood - Lower Lake,GREENWOOD - LOWER LAKE,5926466.496574,0.162124,3
047,Greenwood,VTD 18,4504718,Greenwood - VTD 18,GREENWOOD - VTD 18,4147152.947616,Greenwood,047,Greenwood No. 3,Greenwood - Greenwood No. 3,GREENWOOD - GREENWOOD NO. 3,3906727.059055,0.942026,1
047,Greenwood,VTD 18,4504718,Greenwood - VTD 18,GREENWOOD - VTD 18,4147152.947616,Greenwood,047,Merrywood,Greenwood - Merrywood,GREENWOOD - MERRYWOOD,153736.746089,0.037070,2
047,Greenwood,VTD 18,4504718,Greenwood - VTD 18,GREENWOOD - VTD 18,4147152.947616,Greenwood,047,Greenwood No. 7,Greenwood - Greenwood No. 7,GREENWOOD - GREENWOOD NO. 7,86684.654215,0.020902,3
047,Greenwood,VTD 19,4504719,Greenwood - VTD 19,GREENWOOD - VTD 19,2168652.767433,Greenwood,047,Greenwood No. 7,Greenwood - Greenwood No. 7,GREENWOOD - GREENWOOD NO. 7,2168652.767433,1.000000,1
047,Greenwood,VTD 21,4504721,Greenwood - VTD 21,GREENWOOD - VTD 21,2167800.757517,Greenwood,047,Greenwood Mill,Greenwood - Greenwood Mill,GREENWOOD - GREENWOOD MILL,2094421.526901,0.966150,1
047,Greenwood,VTD 21,4504721,Greenwood - VTD 21,GREENWOOD - VTD 21,2167800.757517,Greenwood,047,Greenwood No. 5,Greenwood - Greenwood No. 5,GREENWOOD - GREENWOOD NO. 5,73379.230616,0.033850,2
047,Greenwood,VTD 22,4504722,Greenwood - VTD 22,GREENWOOD - VTD 22,2109837.924573,Greenwood,047,Greenwood No. 2,Greenwood - Greenwood No. 2,GREENWOOD - GREENWOOD NO. 2,2108908.195223,0.999559,1
047,Greenwood,VTD 22,4504722,Greenwood - VTD 22,GREENWOOD - VTD 22,2109837.924573,Greenwood,047,Marshall Oaks,Greenwood - Marshall Oaks,GREENWOOD - MARSHALL OAKS,929.729349,0.000441,2
047,Greenwood,VTD 24,4504724,Greenwood - VTD 24,GREENWOOD - VTD 24,1614177.770527,Greenwood,047,Greenwood No. 1,Greenwood - Greenwood No. 1,GREENWOOD - GREENWOOD NO. 1,1614177.770527,1.000000,1
047,Greenwood,VTD 20,4504720,Greenwood - VTD 20,GREENWOOD - VTD 20,8201880.165249,Greenwood,047,Glendale,Greenwood - Glendale,GREENWOOD - GLENDALE,8019009.094260,0.977704,1
047,Greenwood,VTD 20,4504720,Greenwood - VTD 20,GREENWOOD - VTD 20,8201880.165249,Greenwood,047,Maxwellton Pike,Greenwood - Maxwellton Pike,GREENWOOD - MAXWELLTON PIKE,182871.070989,0.022296,2
047,Greenwood,VTD 28,4504728,Greenwood - VTD 28,GREENWOOD - VTD 28,50160862.749800,Greenwood,047,Verdery,Greenwood - Verdery,GREENWOOD - VERDERY,50160862.749800,1.000000,1
047,Greenwood,VTD 33,4504733,Greenwood - VTD 33,GREENWOOD - VTD 33,30297038.731592,Greenwood,047,Bradley,Greenwood - Bradley,GREENWOOD - BRADLEY,30297038.731592,1.000000,1
047,Greenwood,VTD 39,4504739,Greenwood - VTD 39,GREENWOOD - VTD 39,40701648.908801,Greenwood,047,Troy,Greenwood - Troy,GREENWOOD - TROY,40701643.568443,1.000000,1
047,Greenwood,VTD 34,4504734,Greenwood - VTD 34,GREENWOOD - VTD 34,53091766.838672,Greenwood,047,Bradley,Greenwood - Bradley,GREENWOOD - BRADLEY,26729309.328583,0.503455,1
047,Greenwood,VTD 34,4504734,Greenwood - VTD 34,GREENWOOD - VTD 34,53091766.838672,Greenwood,047,Callison,Greenwood - Callison,GREENWOOD - CALLISON,26362457.510088,0.496545,2
047,Greenwood,VTD 23,4504723,Greenwood - VTD 23,GREENWOOD - VTD 23,2903525.834475,Greenwood,047,Greenwood No. 5,Greenwood - Greenwood No. 5,GREENWOOD - GREENWOOD NO. 5,2612747.762562,0.899853,1
047,Greenwood,VTD 23,4504723,Greenwood - VTD 23,GREENWOOD - VTD 23,2903525.834475,Greenwood,047,Laco,Greenwood - Laco,GREENWOOD - LACO,181801.972384,0.062614,2
047,Greenwood,VTD 23,4504723,Greenwood - VTD 23,GREENWOOD - VTD 23,2903525.834475,Greenwood,047,Greenwood No. 1,Greenwood - Greenwood No. 1,GREENWOOD - GREENWOOD NO. 1,67506.905841,0.023250,3
047,Greenwood,VTD 23,4504723,Greenwood - VTD 23,GREENWOOD - VTD 23,2903525.834475,Greenwood,047,Marshall Oaks,Greenwood - Marshall Oaks,GREENWOOD - MARSHALL OAKS,36544.201601,0.012586,4
047,Greenwood,VTD 23,4504723,Greenwood - VTD 23,GREENWOOD - VTD 23,2903525.834475,Greenwood,047,Greenwood Mill,Greenwood - Greenwood Mill,GREENWOOD - GREENWOOD MILL,4322.582867,0.001489,5
047,Greenwood,VTD 23,4504723,Greenwood - VTD 23,GREENWOOD - VTD 23,2903525.834475,Greenwood,047,Greenwood No. 6,Greenwood - Greenwood No. 6,GREENWOOD - GREENWOOD NO. 6,602.409219,0.000207,6
047,Greenwood,VTD 25,4504725,Greenwood - VTD 25,GREENWOOD - VTD 25,7989439.687437,Greenwood,047,Greenwood No. 8,Greenwood - Greenwood No. 8,GREENWOOD - GREENWOOD NO. 8,4742746.464691,0.593627,1
047,Greenwood,VTD 25,4504725,Greenwood - VTD 25,GREENWOOD - VTD 25,7989439.687437,Greenwood,047,Marshall Oaks,Greenwood - Marshall Oaks,GREENWOOD - MARSHALL OAKS,3246603.459700,0.406362,2
047,Greenwood,VTD 26,4504726,Greenwood - VTD 26,GREENWOOD - VTD 26,36394025.274907,Greenwood,047,New Market,Greenwood - New Market,GREENWOOD - NEW MARKET,19304488.905102,0.530430,1
047,Greenwood,VTD 26,4504726,Greenwood - VTD 26,GREENWOOD - VTD 26,36394025.274907,Greenwood,047,Liberty,Greenwood - Liberty,GREENWOOD - LIBERTY,15871529.534413,0.436103,2
047,Greenwood,VTD 26,4504726,Greenwood - VTD 26,GREENWOOD - VTD 26,36394025.274907,Greenwood,047,Emerald,Greenwood - Emerald,GREENWOOD - EMERALD,722689.031087,0.019857,3
047,Greenwood,VTD 26,4504726,Greenwood - VTD 26,GREENWOOD - VTD 26,36394025.274907,Greenwood,047,Laco,Greenwood - Laco,GREENWOOD - LACO,495317.804304,0.013610,4
047,Greenwood,VTD 27,4504727,Greenwood - VTD 27,GREENWOOD - VTD 27,44495358.625460,Greenwood,047,Lower Lake,Greenwood - Lower Lake,GREENWOOD - LOWER LAKE,32731828.169470,0.735623,1
047,Greenwood,VTD 27,4504727,Greenwood - VTD 27,GREENWOOD - VTD 27,44495358.625460,Greenwood,047,Ninety-Six,Greenwood - Ninety-Six,GREENWOOD - NINETY-SIX,11763530.455990,0.264377,2
047,Greenwood,VTD 30,4504730,Greenwood - VTD 30,GREENWOOD - VTD 30,33809327.069968,Greenwood,047,Laco,Greenwood - Laco,GREENWOOD - LACO,32722312.604265,0.967849,1
047,Greenwood,VTD 30,4504730,Greenwood - VTD 30,GREENWOOD - VTD 30,33809327.069968,Greenwood,047,Maxwellton Pike,Greenwood - Maxwellton Pike,GREENWOOD - MAXWELLTON PIKE,1082020.984979,0.032004,2
047,Greenwood,VTD 30,4504730,Greenwood - VTD 30,GREENWOOD - VTD 30,33809327.069968,Greenwood,047,Greenwood No. 6,Greenwood - Greenwood No. 6,GREENWOOD - GREENWOOD NO. 6,4993.480725,0.000148,3
047,Greenwood,VTD 35,4504735,Greenwood - VTD 35,GREENWOOD - VTD 35,31413463.475488,Greenwood,047,Laco,Greenwood - Laco,GREENWOOD - LACO,31413463.475488,1.000000,1
047,Greenwood,VTD 36,4504736,Greenwood - VTD 36,GREENWOOD - VTD 36,34220894.031784,Greenwood,047,Epworth,Greenwood - Epworth,GREENWOOD - EPWORTH,34219470.183608,0.999958,1
047,Greenwood,VTD 38,4504738,Greenwood - VTD 38,GREENWOOD - VTD 38,50946743.256633,Greenwood,047,Epworth,Greenwood - Epworth,GREENWOOD - EPWORTH,50939255.626550,0.999853,1
047,Greenwood,VTD 37,4504737,Greenwood - VTD 37,GREENWOOD - VTD 37,72136770.517908,Greenwood,047,Sandridge,Greenwood - Sandridge,GREENWOOD - SANDRIDGE,72136770.517908,1.000000,1
047,Greenwood,VTD 32,4504732,Greenwood - VTD 32,GREENWOOD - VTD 32,38720375.885919,Greenwood,047,Ninety-Six Mill,Greenwood - Ninety-Six Mill,GREENWOOD - NINETY-SIX MILL,38720375.507477,1.000000,1
047,Greenwood,VTD 31,4504731,Greenwood - VTD 31,GREENWOOD - VTD 31,35208922.664420,Greenwood,047,Ninety-Six Mill,Greenwood - Ninety-Six Mill,GREENWOOD - NINETY-SIX MILL,35173658.443652,0.998998,1
047,Greenwood,VTD 31,4504731,Greenwood - VTD 31,GREENWOOD - VTD 31,35208922.664420,Greenwood,047,Ninety-Six,Greenwood - Ninety-Six,GREENWOOD - NINETY-SIX,35264.220767,0.001002,2
047,Greenwood,VTD 42,4504742,Greenwood - VTD 42,GREENWOOD - VTD 42,89865848.245896,Greenwood,047,Sandridge,Greenwood - Sandridge,GREENWOOD - SANDRIDGE,89865848.245896,1.000000,1
047,Greenwood,VTD 41,4504741,Greenwood - VTD 41,GREENWOOD - VTD 41,74827953.276386,Greenwood,047,Callison,Greenwood - Callison,GREENWOOD - CALLISON,74827777.774981,0.999998,1
047,Greenwood,VTD 29,4504729,Greenwood - VTD 29,GREENWOOD - VTD 29,5093499.071975,Greenwood,047,Greenwood No. 6,Greenwood - Greenwood No. 6,GREENWOOD - GREENWOOD NO. 6,4461943.356066,0.876007,1
047,Greenwood,VTD 29,4504729,Greenwood - VTD 29,GREENWOOD - VTD 29,5093499.071975,Greenwood,047,Marshall Oaks,Greenwood - Marshall Oaks,GREENWOOD - MARSHALL OAKS,631555.715909,0.123993,2
047,Greenwood,VTD 40,4504740,Greenwood - VTD 40,GREENWOOD - VTD 40,45028066.570150,Greenwood,047,Callison,Greenwood - Callison,GREENWOOD - CALLISON,45028066.570150,1.000000,1
049,Hampton,VTD 3,450493,Hampton - VTD 3,HAMPTON - VTD 3,49880405.960848,Hampton,049,Crocket-Miley,Hampton - Crocket-Miley,HAMPTON - CROCKET-MILEY,49115524.900124,0.984666,1
049,Hampton,VTD 3,450493,Hampton - VTD 3,HAMPTON - VTD 3,49880405.960848,Hampton,049,Hampton No. 1,Hampton - Hampton No. 1,HAMPTON - HAMPTON NO. 1,656945.361886,0.013170,2
049,Hampton,VTD 3,450493,Hampton - VTD 3,HAMPTON - VTD 3,49880405.960848,Hampton,049,Rivers Mill,Hampton - Rivers Mill,HAMPTON - RIVERS MILL,107935.698838,0.002164,3
049,Hampton,VTD 4,450494,Hampton - VTD 4,HAMPTON - VTD 4,53738156.497602,Hampton,049,Crocket-Miley,Hampton - Crocket-Miley,HAMPTON - CROCKET-MILEY,47478669.460185,0.883519,1
049,Hampton,VTD 4,450494,Hampton - VTD 4,HAMPTON - VTD 4,53738156.497602,Hampton,049,Cummings,Hampton - Cummings,HAMPTON - CUMMINGS,6174448.281726,0.114899,2
049,Hampton,VTD 4,450494,Hampton - VTD 4,HAMPTON - VTD 4,53738156.497602,Hampton,049,Varnville,Hampton - Varnville,HAMPTON - VARNVILLE,85038.548108,0.001582,3
049,Hampton,VTD 13,4504913,Hampton - VTD 13,HAMPTON - VTD 13,95959636.831855,Hampton,049,Estill,Hampton - Estill,HAMPTON - ESTILL,95886028.328389,0.999233,1
049,Hampton,VTD 13,4504913,Hampton - VTD 13,HAMPTON - VTD 13,95959636.831855,Hampton,049,Black Creek,Hampton - Black Creek,HAMPTON - BLACK CREEK,54426.961052,0.000567,2
049,Hampton,VTD 13,4504913,Hampton - VTD 13,HAMPTON - VTD 13,95959636.831855,Hampton,049,Gifford,Hampton - Gifford,HAMPTON - GIFFORD,19181.542414,0.000200,3
049,Hampton,VTD 14,4504914,Hampton - VTD 14,HAMPTON - VTD 14,237142180.772119,Hampton,049,Estill,Hampton - Estill,HAMPTON - ESTILL,235309334.655135,0.992271,1
049,Hampton,VTD 14,4504914,Hampton - VTD 14,HAMPTON - VTD 14,237142180.772119,Hampton,049,Garnett,Hampton - Garnett,HAMPTON - GARNETT,1780693.358061,0.007509,2
049,Hampton,VTD 14,4504914,Hampton - VTD 14,HAMPTON - VTD 14,237142180.772119,Hampton,049,Scotia,Hampton - Scotia,HAMPTON - SCOTIA,52152.758922,0.000220,3
049,Hampton,VTD 1,450491,Hampton - VTD 1,HAMPTON - VTD 1,51275248.521859,Hampton,049,Rivers Mill,Hampton - Rivers Mill,HAMPTON - RIVERS MILL,51275248.521859,1.000000,1
049,Hampton,VTD 2,450492,Hampton - VTD 2,HAMPTON - VTD 2,80769252.642821,Hampton,049,Brunson,Hampton - Brunson,HAMPTON - BRUNSON,80769252.642821,1.000000,1
049,Hampton,VTD 16,4504916,Hampton - VTD 16,HAMPTON - VTD 16,71402398.896433,Hampton,049,Bonnett,Hampton - Bonnett,HAMPTON - BONNETT,71402398.896433,1.000000,1
049,Hampton,VTD 15,4504915,Hampton - VTD 15,HAMPTON - VTD 15,64049734.594119,Hampton,049,Hopewell,Hampton - Hopewell,HAMPTON - HOPEWELL,61167316.397972,0.954997,1
049,Hampton,VTD 15,4504915,Hampton - VTD 15,HAMPTON - VTD 15,64049734.594119,Hampton,049,Horse Gall,Hampton - Horse Gall,HAMPTON - HORSE GALL,2882418.196147,0.045003,2
049,Hampton,VTD 6,450496,Hampton - VTD 6,HAMPTON - VTD 6,37374230.641126,Hampton,049,Black Creek,Hampton - Black Creek,HAMPTON - BLACK CREEK,37374230.641126,1.000000,1
049,Hampton,VTD 5,450495,Hampton - VTD 5,HAMPTON - VTD 5,46150079.608235,Hampton,049,Gifford,Hampton - Gifford,HAMPTON - GIFFORD,46150079.608235,1.000000,1
049,Hampton,VTD 7,450497,Hampton - VTD 7,HAMPTON - VTD 7,37344495.927246,Hampton,049,Hampton Cthse 2,Hampton - Hampton Cthse 2,HAMPTON - HAMPTON CTHSE 2,37344495.927246,1.000000,1
049,Hampton,VTD 8,450498,Hampton - VTD 8,HAMPTON - VTD 8,34305904.225285,Hampton,049,Hampton No. 1,Hampton - Hampton No. 1,HAMPTON - HAMPTON NO. 1,34098815.319012,0.993963,1
049,Hampton,VTD 8,450498,Hampton - VTD 8,HAMPTON - VTD 8,34305904.225285,Hampton,049,Varnville,Hampton - Varnville,HAMPTON - VARNVILLE,142737.797254,0.004161,2
049,Hampton,VTD 8,450498,Hampton - VTD 8,HAMPTON - VTD 8,34305904.225285,Hampton,049,Crocket-Miley,Hampton - Crocket-Miley,HAMPTON - CROCKET-MILEY,64351.109019,0.001876,3
049,Hampton,VTD 9,450499,Hampton - VTD 9,HAMPTON - VTD 9,45172291.666721,Hampton,049,Varnville,Hampton - Varnville,HAMPTON - VARNVILLE,45168822.526452,0.999923,1
049,Hampton,VTD 10,4504910,Hampton - VTD 10,HAMPTON - VTD 10,25504188.062342,Hampton,049,Varnville,Hampton - Varnville,HAMPTON - VARNVILLE,25304004.090742,0.992151,1
049,Hampton,VTD 10,4504910,Hampton - VTD 10,HAMPTON - VTD 10,25504188.062342,Hampton,049,Hampton Cthse 2,Hampton - Hampton Cthse 2,HAMPTON - HAMPTON CTHSE 2,200183.971601,0.007849,2
049,Hampton,VTD 11,4504911,Hampton - VTD 11,HAMPTON - VTD 11,57965921.664824,Hampton,049,Cummings,Hampton - Cummings,HAMPTON - CUMMINGS,57752037.684032,0.996310,1
049,Hampton,VTD 11,4504911,Hampton - VTD 11,HAMPTON - VTD 11,57965921.664824,Hampton,049,Varnville,Hampton - Varnville,HAMPTON - VARNVILLE,213883.980792,0.003690,2
049,Hampton,VTD 12,4504912,Hampton - VTD 12,HAMPTON - VTD 12,68180542.127516,Hampton,049,Cummings,Hampton - Cummings,HAMPTON - CUMMINGS,64568722.518328,0.947026,1
049,Hampton,VTD 12,4504912,Hampton - VTD 12,HAMPTON - VTD 12,68180542.127516,Hampton,049,Early Branch,Hampton - Early Branch,HAMPTON - EARLY BRANCH,3611817.314317,0.052974,2
049,Hampton,VTD 17,4504917,Hampton - VTD 17,HAMPTON - VTD 17,30372240.633512,Hampton,049,Horse Gall,Hampton - Horse Gall,HAMPTON - HORSE GALL,26708761.654863,0.879381,1
049,Hampton,VTD 17,4504917,Hampton - VTD 17,HAMPTON - VTD 17,30372240.633512,Hampton,049,Cummings,Hampton - Cummings,HAMPTON - CUMMINGS,2423267.732383,0.079786,2
049,Hampton,VTD 17,4504917,Hampton - VTD 17,HAMPTON - VTD 17,30372240.633512,Hampton,049,Bonnett,Hampton - Bonnett,HAMPTON - BONNETT,1240211.246267,0.040834,3
049,Hampton,VTD 22,4504922,Hampton - VTD 22,HAMPTON - VTD 22,71901739.063341,Hampton,049,Yemassee,Hampton - Yemassee,HAMPTON - YEMASSEE,71670458.169064,0.996783,1
049,Hampton,VTD 22,4504922,Hampton - VTD 22,HAMPTON - VTD 22,71901739.063341,Hampton,049,Early Branch,Hampton - Early Branch,HAMPTON - EARLY BRANCH,231280.894277,0.003217,2
049,Hampton,VTD 21,4504921,Hampton - VTD 21,HAMPTON - VTD 21,85371535.121236,Hampton,049,Early Branch,Hampton - Early Branch,HAMPTON - EARLY BRANCH,84527257.616174,0.990111,1
049,Hampton,VTD 21,4504921,Hampton - VTD 21,HAMPTON - VTD 21,85371535.121236,Hampton,049,Cummings,Hampton - Cummings,HAMPTON - CUMMINGS,844277.505062,0.009889,2
049,Hampton,VTD 18,4504918,Hampton - VTD 18,HAMPTON - VTD 18,46673248.601726,Hampton,049,Scotia,Hampton - Scotia,HAMPTON - SCOTIA,33700498.386938,0.722052,1
049,Hampton,VTD 18,4504918,Hampton - VTD 18,HAMPTON - VTD 18,46673248.601726,Hampton,049,Garnett,Hampton - Garnett,HAMPTON - GARNETT,12262166.489977,0.262724,2
049,Hampton,VTD 18,4504918,Hampton - VTD 18,HAMPTON - VTD 18,46673248.601726,Hampton,049,Estill,Hampton - Estill,HAMPTON - ESTILL,710583.724811,0.015225,3
049,Hampton,VTD 19,4504919,Hampton - VTD 19,HAMPTON - VTD 19,91455792.899659,Hampton,049,Garnett,Hampton - Garnett,HAMPTON - GARNETT,90312238.740705,0.987496,1
049,Hampton,VTD 19,4504919,Hampton - VTD 19,HAMPTON - VTD 19,91455792.899659,Hampton,049,Scotia,Hampton - Scotia,HAMPTON - SCOTIA,1143554.158954,0.012504,2
049,Hampton,VTD 20,4504920,Hampton - VTD 20,HAMPTON - VTD 20,75409298.575826,Hampton,049,Furman,Hampton - Furman,HAMPTON - FURMAN,75409294.153815,1.000000,1
051,Horry,VTD 65,4505165,Horry - VTD 65,HORRY - VTD 65,45497333.376308,Horry,051,Poplar Hill,Horry - Poplar Hill,HORRY - POPLAR HILL,45135733.082422,0.992052,1
051,Horry,VTD 65,4505165,Horry - VTD 65,HORRY - VTD 65,45497333.376308,Horry,051,Cool Springs,Horry - Cool Springs,HORRY - COOL SPRINGS,361594.911258,0.007948,2
051,Horry,VTD 67,4505167,Horry - VTD 67,HORRY - VTD 67,8385454.728747,Horry,051,Racepath #1,Horry - Racepath #1,HORRY - RACEPATH 1,8383713.662229,0.999792,1
051,Horry,VTD 67,4505167,Horry - VTD 67,HORRY - VTD 67,8385454.728747,Horry,051,Jamestown,Horry - Jamestown,HORRY - JAMESTOWN,913.628921,0.000109,2
051,Horry,VTD 74,4505174,Horry - VTD 74,HORRY - VTD 74,5848074.975865,Horry,051,Sea Oats 2,Horry - Sea Oats 2,HORRY - SEA OATS 2,5847934.102891,0.999976,1
051,Horry,VTD 68,4505168,Horry - VTD 68,HORRY - VTD 68,3448862.731475,Horry,051,Racepath #2,Horry - Racepath #2,HORRY - RACEPATH 2,3225335.795405,0.935188,1
051,Horry,VTD 68,4505168,Horry - VTD 68,HORRY - VTD 68,3448862.731475,Horry,051,Jamestown,Horry - Jamestown,HORRY - JAMESTOWN,223412.559040,0.064779,2
051,Horry,VTD 69,4505169,Horry - VTD 69,HORRY - VTD 69,24273894.855512,Horry,051,Red Bluff,Horry - Red Bluff,HORRY - RED BLUFF,22738523.470719,0.936748,1
051,Horry,VTD 69,4505169,Horry - VTD 69,HORRY - VTD 69,24273894.855512,Horry,051,Shell,Horry - Shell,HORRY - SHELL,1534615.191680,0.063221,2
051,Horry,VTD 66,4505166,Horry - VTD 66,HORRY - VTD 66,53429190.561432,Horry,051,Port Harrelson,Horry - Port Harrelson,HORRY - PORT HARRELSON,53429186.076116,1.000000,1
051,Horry,VTD 98,4505198,Horry - VTD 98,HORRY - VTD 98,20241719.364341,Horry,051,Jackson Bluff,Horry - Jackson Bluff,HORRY - JACKSON BLUFF,20237476.191467,0.999790,1
051,Horry,VTD 98,4505198,Horry - VTD 98,HORRY - VTD 98,20241719.364341,Horry,051,Red Hill 1,Horry - Red Hill 1,HORRY - RED HILL 1,4242.222271,0.000210,2
051,Horry,VTD 70,4505170,Horry - VTD 70,HORRY - VTD 70,28497847.067151,Horry,051,Red Hill 1,Horry - Red Hill 1,HORRY - RED HILL 1,14119699.376464,0.495465,1
051,Horry,VTD 70,4505170,Horry - VTD 70,HORRY - VTD 70,28497847.067151,Horry,051,Wild Wing,Horry - Wild Wing,HORRY - WILD WING,7964393.214339,0.279474,2
051,Horry,VTD 70,4505170,Horry - VTD 70,HORRY - VTD 70,28497847.067151,Horry,051,Coastal Carolina,Horry - Coastal Carolina,HORRY - COASTAL CAROLINA,4454195.767093,0.156299,3
051,Horry,VTD 70,4505170,Horry - VTD 70,HORRY - VTD 70,28497847.067151,Horry,051,Jackson Bluff,Horry - Jackson Bluff,HORRY - JACKSON BLUFF,1431396.456327,0.050228,4
051,Horry,VTD 70,4505170,Horry - VTD 70,HORRY - VTD 70,28497847.067151,Horry,051,Myrtle Trace,Horry - Myrtle Trace,HORRY - MYRTLE TRACE,464576.377267,0.016302,5
051,Horry,VTD 70,4505170,Horry - VTD 70,HORRY - VTD 70,28497847.067151,Horry,051,East Conway,Horry - East Conway,HORRY - EAST CONWAY,59913.903491,0.002102,6
051,Horry,VTD 73,4505173,Horry - VTD 73,HORRY - VTD 73,30564861.911469,Horry,051,Jet Port 1,Horry - Jet Port 1,HORRY - JET PORT 1,19401830.688652,0.634776,1
051,Horry,VTD 73,4505173,Horry - VTD 73,HORRY - VTD 73,30564861.911469,Horry,051,Sea Oats 1,Horry - Sea Oats 1,HORRY - SEA OATS 1,10622684.682820,0.347546,2
051,Horry,VTD 73,4505173,Horry - VTD 73,HORRY - VTD 73,30564861.911469,Horry,051,Sea Oats 2,Horry - Sea Oats 2,HORRY - SEA OATS 2,535577.099813,0.017523,3
051,Horry,VTD 73,4505173,Horry - VTD 73,HORRY - VTD 73,30564861.911469,Horry,051,Coastal Lane 1,Horry - Coastal Lane 1,HORRY - COASTAL LANE 1,3291.420727,0.000108,4
051,Horry,VTD 77,4505177,Horry - VTD 77,HORRY - VTD 77,37710294.512149,Horry,051,Socastee 2,Horry - Socastee 2,HORRY - SOCASTEE 2,18020893.644210,0.477877,1
051,Horry,VTD 77,4505177,Horry - VTD 77,HORRY - VTD 77,37710294.512149,Horry,051,Socastee 3,Horry - Socastee 3,HORRY - SOCASTEE 3,11219914.889348,0.297529,2
051,Horry,VTD 77,4505177,Horry - VTD 77,HORRY - VTD 77,37710294.512149,Horry,051,Palmetto Bays,Horry - Palmetto Bays,HORRY - PALMETTO BAYS,8179600.774001,0.216906,3
051,Horry,VTD 77,4505177,Horry - VTD 77,HORRY - VTD 77,37710294.512149,Horry,051,Jackson Bluff,Horry - Jackson Bluff,HORRY - JACKSON BLUFF,289885.204590,0.007687,4
051,Horry,VTD 78,4505178,Horry - VTD 78,HORRY - VTD 78,21956430.195604,Horry,051,Socastee 4,Horry - Socastee 4,HORRY - SOCASTEE 4,9346432.147998,0.425681,1
051,Horry,VTD 78,4505178,Horry - VTD 78,HORRY - VTD 78,21956430.195604,Horry,051,Forestbrook,Horry - Forestbrook,HORRY - FORESTBROOK,5801739.842977,0.264239,2
051,Horry,VTD 78,4505178,Horry - VTD 78,HORRY - VTD 78,21956430.195604,Horry,051,Palmetto Bays,Horry - Palmetto Bays,HORRY - PALMETTO BAYS,3633104.325966,0.165469,3
051,Horry,VTD 78,4505178,Horry - VTD 78,HORRY - VTD 78,21956430.195604,Horry,051,Socastee 3,Horry - Socastee 3,HORRY - SOCASTEE 3,3084722.953645,0.140493,4
051,Horry,VTD 78,4505178,Horry - VTD 78,HORRY - VTD 78,21956430.195604,Horry,051,Emerald Forest 1,Horry - Emerald Forest 1,HORRY - EMERALD FOREST 1,58057.011086,0.002644,5
051,Horry,VTD 78,4505178,Horry - VTD 78,HORRY - VTD 78,21956430.195604,Horry,051,Emerald Forest 2,Horry - Emerald Forest 2,HORRY - EMERALD FOREST 2,32373.913931,0.001474,6
051,Horry,VTD 79,4505179,Horry - VTD 79,HORRY - VTD 79,59699038.150322,Horry,051,Spring Branch,Horry - Spring Branch,HORRY - SPRING BRANCH,59699036.575951,1.000000,1
051,Horry,VTD 80,4505180,Horry - VTD 80,HORRY - VTD 80,10389940.987600,Horry,051,Surfside 1,Horry - Surfside 1,HORRY - SURFSIDE 1,10370994.510133,0.998176,1
051,Horry,VTD 80,4505180,Horry - VTD 80,HORRY - VTD 80,10389940.987600,Horry,051,Glenns Bay,Horry - Glenns Bay,HORRY - GLENNS BAY,18937.451566,0.001823,2
051,Horry,VTD 81,4505181,Horry - VTD 81,HORRY - VTD 81,10287968.034038,Horry,051,Surfside 2,Horry - Surfside 2,HORRY - SURFSIDE 2,9556133.614015,0.928865,1
051,Horry,VTD 81,4505181,Horry - VTD 81,HORRY - VTD 81,10287968.034038,Horry,051,Surfside 1,Horry - Surfside 1,HORRY - SURFSIDE 1,710590.584329,0.069070,2
051,Horry,VTD 81,4505181,Horry - VTD 81,HORRY - VTD 81,10287968.034038,Horry,051,Surfside 3,Horry - Surfside 3,HORRY - SURFSIDE 3,21235.972797,0.002064,3
051,Horry,VTD 83,4505183,Horry - VTD 83,HORRY - VTD 83,41795194.218126,Horry,051,Surfside 4,Horry - Surfside 4,HORRY - SURFSIDE 4,36424125.247525,0.871491,1
051,Horry,VTD 83,4505183,Horry - VTD 83,HORRY - VTD 83,41795194.218126,Horry,051,Deerfield,Horry - Deerfield,HORRY - DEERFIELD,4866832.748015,0.116445,2
051,Horry,VTD 83,4505183,Horry - VTD 83,HORRY - VTD 83,41795194.218126,Horry,051,Jet Port 2,Horry - Jet Port 2,HORRY - JET PORT 2,501818.997567,0.012007,3
051,Horry,VTD 105,45051105,Horry - VTD 105,HORRY - VTD 105,44486420.198299,Horry,051,Taylorsville,Horry - Taylorsville,HORRY - TAYLORSVILLE,44486413.149959,1.000000,1
051,Horry,VTD 94,4505194,Horry - VTD 94,HORRY - VTD 94,52188202.421091,Horry,051,Tilly Swamp,Horry - Tilly Swamp,HORRY - TILLY SWAMP,38234739.596158,0.732632,1
051,Horry,VTD 94,4505194,Horry - VTD 94,HORRY - VTD 94,52188202.421091,Horry,051,Dunes 1,Horry - Dunes 1,HORRY - DUNES 1,7254617.800741,0.139009,2
051,Horry,VTD 94,4505194,Horry - VTD 94,HORRY - VTD 94,52188202.421091,Horry,051,Emerald Forest 3,Horry - Emerald Forest 3,HORRY - EMERALD FOREST 3,6698659.166996,0.128356,3
051,Horry,VTD 84,4505184,Horry - VTD 84,HORRY - VTD 84,58232713.723557,Horry,051,Sweet Home,Horry - Sweet Home,HORRY - SWEET HOME,58217345.726239,0.999736,1
051,Horry,VTD 84,4505184,Horry - VTD 84,HORRY - VTD 84,58232713.723557,Horry,051,Ebenezer,Horry - Ebenezer,HORRY - EBENEZER,15362.842298,0.000264,2
051,Horry,VTD 91,4505191,Horry - VTD 91,HORRY - VTD 91,38370841.844423,Horry,051,White Oak,Horry - White Oak,HORRY - WHITE OAK,38370840.110833,1.000000,1
051,Horry,VTD 89,4505189,Horry - VTD 89,HORRY - VTD 89,2324817.893113,Horry,051,West Conway,Horry - West Conway,HORRY - WEST CONWAY,2324487.669577,0.999858,1
051,Horry,VTD 89,4505189,Horry - VTD 89,HORRY - VTD 89,2324817.893113,Horry,051,Racepath #1,Horry - Racepath #1,HORRY - RACEPATH 1,329.648625,0.000142,2
051,Horry,VTD 87,4505187,Horry - VTD 87,HORRY - VTD 87,45739066.180416,Horry,051,Toddville,Horry - Toddville,HORRY - TODDVILLE,43928050.032440,0.960405,1
051,Horry,VTD 87,4505187,Horry - VTD 87,HORRY - VTD 87,45739066.180416,Horry,051,Jamestown,Horry - Jamestown,HORRY - JAMESTOWN,1635510.883744,0.035757,2
051,Horry,VTD 87,4505187,Horry - VTD 87,HORRY - VTD 87,45739066.180416,Horry,051,Red Hill 1,Horry - Red Hill 1,HORRY - RED HILL 1,138460.824180,0.003027,3
051,Horry,VTD 87,4505187,Horry - VTD 87,HORRY - VTD 87,45739066.180416,Horry,051,Jackson Bluff,Horry - Jackson Bluff,HORRY - JACKSON BLUFF,37044.388654,0.000810,4
051,Horry,VTD 1,450511,Horry - VTD 1,HORRY - VTD 1,25145982.811196,Horry,051,Adrian,Horry - Adrian,HORRY - ADRIAN,25078341.592914,0.997310,1
051,Horry,VTD 1,450511,Horry - VTD 1,HORRY - VTD 1,25145982.811196,Horry,051,Maple,Horry - Maple,HORRY - MAPLE,67641.177273,0.002690,2
051,Horry,VTD 21,4505121,Horry - VTD 21,HORRY - VTD 21,38913226.014810,Horry,051,East Lorris,Horry - East Lorris,HORRY - EAST LORRIS,38913200.140982,0.999999,1
051,Horry,VTD 5,450515,Horry - VTD 5,HORRY - VTD 5,34959405.761356,Horry,051,Bayboro,Horry - Bayboro,HORRY - BAYBORO,34950264.051567,0.999739,1
051,Horry,VTD 5,450515,Horry - VTD 5,HORRY - VTD 5,34959405.761356,Horry,051,Gurley,Horry - Gurley,HORRY - GURLEY,9141.709789,0.000261,2
051,Horry,VTD 85,4505185,Horry - VTD 85,HORRY - VTD 85,49367903.384732,Horry,051,Taylorsville,Horry - Taylorsville,HORRY - TAYLORSVILLE,49367895.910404,1.000000,1
051,Horry,VTD 6,450516,Horry - VTD 6,HORRY - VTD 6,19139424.145188,Horry,051,Brooksville,Horry - Brooksville,HORRY - BROOKSVILLE,19139424.145188,1.000000,1
051,Horry,VTD 22,4505122,Horry - VTD 22,HORRY - VTD 22,22886576.776409,Horry,051,Ebenezer,Horry - Ebenezer,HORRY - EBENEZER,22878883.678936,0.999664,1
051,Horry,VTD 22,4505122,Horry - VTD 22,HORRY - VTD 22,22886576.776409,Horry,051,Leon,Horry - Leon,HORRY - LEON,7692.477126,0.000336,2
051,Horry,VTD 23,4505123,Horry - VTD 23,HORRY - VTD 23,49296298.608664,Horry,051,Floyds,Horry - Floyds,HORRY - FLOYDS,49296298.158794,1.000000,1
051,Horry,VTD 29,4505129,Horry - VTD 29,HORRY - VTD 29,61048623.913079,Horry,051,Green Sea,Horry - Green Sea,HORRY - GREEN SEA,58855037.833753,0.964068,1
051,Horry,VTD 29,4505129,Horry - VTD 29,HORRY - VTD 29,61048623.913079,Horry,051,Mt. Olive,Horry - Mt. Olive,HORRY - MT. OLIVE,2193516.193572,0.035931,2
051,Horry,VTD 108,45051108,Horry - VTD 108,HORRY - VTD 108,65304916.189346,Horry,051,Leon,Horry - Leon,HORRY - LEON,30203203.231122,0.462495,1
051,Horry,VTD 108,45051108,Horry - VTD 108,HORRY - VTD 108,65304916.189346,Horry,051,Dogwood,Horry - Dogwood,HORRY - DOGWOOD,21855694.541581,0.334672,2
051,Horry,VTD 108,45051108,Horry - VTD 108,HORRY - VTD 108,65304916.189346,Horry,051,Wampee,Horry - Wampee,HORRY - WAMPEE,9700747.601775,0.148545,3
051,Horry,VTD 108,45051108,Horry - VTD 108,HORRY - VTD 108,65304916.189346,Horry,051,Red Bluff,Horry - Red Bluff,HORRY - RED BLUFF,3545267.573708,0.054288,4
051,Horry,VTD 34,4505134,Horry - VTD 34,HORRY - VTD 34,35087716.768902,Horry,051,Horry,Horry - Horry,HORRY - HORRY,35084592.824940,0.999911,1
051,Horry,VTD 99,4505199,Horry - VTD 99,HORRY - VTD 99,41755174.413552,Horry,051,Enterprise,Horry - Enterprise,HORRY - ENTERPRISE,14769183.116648,0.353709,1
051,Horry,VTD 99,4505199,Horry - VTD 99,HORRY - VTD 99,41755174.413552,Horry,051,Burgess 1,Horry - Burgess 1,HORRY - BURGESS 1,8219307.076969,0.196845,2
051,Horry,VTD 99,4505199,Horry - VTD 99,HORRY - VTD 99,41755174.413552,Horry,051,Burgess 2,Horry - Burgess 2,HORRY - BURGESS 2,7793304.237169,0.186643,3
051,Horry,VTD 99,4505199,Horry - VTD 99,HORRY - VTD 99,41755174.413552,Horry,051,Burgess 3,Horry - Burgess 3,HORRY - BURGESS 3,7181247.615760,0.171985,4
051,Horry,VTD 99,4505199,Horry - VTD 99,HORRY - VTD 99,41755174.413552,Horry,051,Sea Winds,Horry - Sea Winds,HORRY - SEA WINDS,3791263.658746,0.090797,5
051,Horry,VTD 71,4505171,Horry - VTD 71,HORRY - VTD 71,22582021.349314,Horry,051,Palmetto Bays,Horry - Palmetto Bays,HORRY - PALMETTO BAYS,14149333.059887,0.626575,1
051,Horry,VTD 71,4505171,Horry - VTD 71,HORRY - VTD 71,22582021.349314,Horry,051,Red Hill 2,Horry - Red Hill 2,HORRY - RED HILL 2,3492693.400979,0.154667,2
051,Horry,VTD 71,4505171,Horry - VTD 71,HORRY - VTD 71,22582021.349314,Horry,051,Myrtle Trace,Horry - Myrtle Trace,HORRY - MYRTLE TRACE,2228375.633006,0.098679,3
051,Horry,VTD 71,4505171,Horry - VTD 71,HORRY - VTD 71,22582021.349314,Horry,051,Carolina Forest 2,Horry - Carolina Forest 2,HORRY - CAROLINA FOREST 2,1479901.927650,0.065535,4
051,Horry,VTD 71,4505171,Horry - VTD 71,HORRY - VTD 71,22582021.349314,Horry,051,Wild Wing,Horry - Wild Wing,HORRY - WILD WING,826879.163035,0.036617,5
051,Horry,VTD 71,4505171,Horry - VTD 71,HORRY - VTD 71,22582021.349314,Horry,051,Carolina Forest 1,Horry - Carolina Forest 1,HORRY - CAROLINA FOREST 1,404834.546492,0.017927,6
051,Horry,VTD 72,4505172,Horry - VTD 72,HORRY - VTD 72,26223813.866530,Horry,051,Wild Wing,Horry - Wild Wing,HORRY - WILD WING,13887969.213253,0.529594,1
051,Horry,VTD 72,4505172,Horry - VTD 72,HORRY - VTD 72,26223813.866530,Horry,051,Salem,Horry - Salem,HORRY - SALEM,12294446.141363,0.468828,2
051,Horry,VTD 72,4505172,Horry - VTD 72,HORRY - VTD 72,26223813.866530,Horry,051,Carolina Forest 2,Horry - Carolina Forest 2,HORRY - CAROLINA FOREST 2,41398.511914,0.001579,3
051,Horry,VTD 2,450512,Horry - VTD 2,HORRY - VTD 2,36338751.301906,Horry,051,Allsbrook,Horry - Allsbrook,HORRY - ALLSBROOK,34304989.866692,0.944033,1
051,Horry,VTD 2,450512,Horry - VTD 2,HORRY - VTD 2,36338751.301906,Horry,051,East Lorris,Horry - East Lorris,HORRY - EAST LORRIS,1837875.542710,0.050576,2
051,Horry,VTD 2,450512,Horry - VTD 2,HORRY - VTD 2,36338751.301906,Horry,051,Gurley,Horry - Gurley,HORRY - GURLEY,195884.950188,0.005391,3
051,Horry,VTD 42,4505142,Horry - VTD 42,HORRY - VTD 42,18650112.741440,Horry,051,Leon,Horry - Leon,HORRY - LEON,18640975.411983,0.999510,1
051,Horry,VTD 42,4505142,Horry - VTD 42,HORRY - VTD 42,18650112.741440,Horry,051,Ebenezer,Horry - Ebenezer,HORRY - EBENEZER,9137.329457,0.000490,2
051,Horry,VTD 92,4505192,Horry - VTD 92,HORRY - VTD 92,30011397.387430,Horry,051,Windy Hill 1,Horry - Windy Hill 1,HORRY - WINDY HILL 1,16331559.521115,0.544179,1
051,Horry,VTD 92,4505192,Horry - VTD 92,HORRY - VTD 92,30011397.387430,Horry,051,Cresent,Horry - Cresent,HORRY - CRESENT,7079818.076233,0.235904,2
051,Horry,VTD 92,4505192,Horry - VTD 92,HORRY - VTD 92,30011397.387430,Horry,051,Ocean Drive 1,Horry - Ocean Drive 1,HORRY - OCEAN DRIVE 1,4580305.117942,0.152619,3
051,Horry,VTD 92,4505192,Horry - VTD 92,HORRY - VTD 92,30011397.387430,Horry,051,Atlantic Beach,Horry - Atlantic Beach,HORRY - ATLANTIC BEACH,1774169.760300,0.059117,4
051,Horry,VTD 92,4505192,Horry - VTD 92,HORRY - VTD 92,30011397.387430,Horry,051,Dunes 3,Horry - Dunes 3,HORRY - DUNES 3,245544.911841,0.008182,5
051,Horry,VTD 31,4505131,Horry - VTD 31,HORRY - VTD 31,135129038.710515,Horry,051,Dogwood,Horry - Dogwood,HORRY - DOGWOOD,38811192.692911,0.287216,1
051,Horry,VTD 31,4505131,Horry - VTD 31,HORRY - VTD 31,135129038.710515,Horry,051,Tilly Swamp,Horry - Tilly Swamp,HORRY - TILLY SWAMP,34319863.105517,0.253978,2
051,Horry,VTD 31,4505131,Horry - VTD 31,HORRY - VTD 31,135129038.710515,Horry,051,Hickory Grove,Horry - Hickory Grove,HORRY - HICKORY GROVE,33670832.922643,0.249175,3
051,Horry,VTD 31,4505131,Horry - VTD 31,HORRY - VTD 31,135129038.710515,Horry,051,Shell,Horry - Shell,HORRY - SHELL,17973264.797088,0.133008,4
051,Horry,VTD 31,4505131,Horry - VTD 31,HORRY - VTD 31,135129038.710515,Horry,051,Wampee,Horry - Wampee,HORRY - WAMPEE,7308132.736296,0.054083,5
051,Horry,VTD 31,4505131,Horry - VTD 31,HORRY - VTD 31,135129038.710515,Horry,051,Red Bluff,Horry - Red Bluff,HORRY - RED BLUFF,2789649.796882,0.020644,6
051,Horry,VTD 31,4505131,Horry - VTD 31,HORRY - VTD 31,135129038.710515,Horry,051,East Conway,Horry - East Conway,HORRY - EAST CONWAY,195958.787739,0.001450,7
051,Horry,VTD 31,4505131,Horry - VTD 31,HORRY - VTD 31,135129038.710515,Horry,051,Windy Hill 2,Horry - Windy Hill 2,HORRY - WINDY HILL 2,60143.019479,0.000445,8
051,Horry,VTD 102,45051102,Horry - VTD 102,HORRY - VTD 102,40687555.459661,Horry,051,Bayboro,Horry - Bayboro,HORRY - BAYBORO,40114993.315715,0.985928,1
051,Horry,VTD 102,45051102,Horry - VTD 102,HORRY - VTD 102,40687555.459661,Horry,051,Joyner Swamp,Horry - Joyner Swamp,HORRY - JOYNER SWAMP,572562.143946,0.014072,2
051,Horry,VTD 107,45051107,Horry - VTD 107,HORRY - VTD 107,42189837.843321,Horry,051,Green Sea,Horry - Green Sea,HORRY - GREEN SEA,42121796.225031,0.998387,1
051,Horry,VTD 107,45051107,Horry - VTD 107,HORRY - VTD 107,42189837.843321,Horry,051,Jerigan's Crossroads,Horry - Jerigan's Crossroads,HORRY - JERIGANS CROSSROADS,68041.618289,0.001613,2
051,Horry,VTD 90,4505190,Horry - VTD 90,HORRY - VTD 90,8224270.067778,Horry,051,West Lorris,Horry - West Lorris,HORRY - WEST LORRIS,8223792.693202,0.999942,1
051,Horry,VTD 100,45051100,Horry - VTD 100,HORRY - VTD 100,27770441.728468,Horry,051,Adrian,Horry - Adrian,HORRY - ADRIAN,27770441.697710,1.000000,1
051,Horry,VTD 93,4505193,Horry - VTD 93,HORRY - VTD 93,49668284.768714,Horry,051,Carolina Forest 2,Horry - Carolina Forest 2,HORRY - CAROLINA FOREST 2,19062242.698791,0.383791,1
051,Horry,VTD 93,4505193,Horry - VTD 93,HORRY - VTD 93,49668284.768714,Horry,051,Salem,Horry - Salem,HORRY - SALEM,17349355.911972,0.349305,2
051,Horry,VTD 93,4505193,Horry - VTD 93,HORRY - VTD 93,49668284.768714,Horry,051,Carolina Forest 1,Horry - Carolina Forest 1,HORRY - CAROLINA FOREST 1,7545515.905939,0.151918,3
051,Horry,VTD 93,4505193,Horry - VTD 93,HORRY - VTD 93,49668284.768714,Horry,051,Emerald Forest 1,Horry - Emerald Forest 1,HORRY - EMERALD FOREST 1,3519517.471523,0.070860,4
051,Horry,VTD 93,4505193,Horry - VTD 93,HORRY - VTD 93,49668284.768714,Horry,051,Wild Wing,Horry - Wild Wing,HORRY - WILD WING,2190496.661970,0.044103,5
051,Horry,VTD 4,450514,Horry - VTD 4,HORRY - VTD 4,50008811.027711,Horry,051,Aynor,Horry - Aynor,HORRY - AYNOR,45940416.959894,0.918646,1
051,Horry,VTD 4,450514,Horry - VTD 4,HORRY - VTD 4,50008811.027711,Horry,051,Dog Bluff,Horry - Dog Bluff,HORRY - DOG BLUFF,3400543.281590,0.067999,2
051,Horry,VTD 4,450514,Horry - VTD 4,HORRY - VTD 4,50008811.027711,Horry,051,Mill Swamp,Horry - Mill Swamp,HORRY - MILL SWAMP,667848.737454,0.013355,3
051,Horry,VTD 7,450517,Horry - VTD 7,HORRY - VTD 7,46447973.175678,Horry,051,Brownway,Horry - Brownway,HORRY - BROWNWAY,46367062.630423,0.998258,1
051,Horry,VTD 7,450517,Horry - VTD 7,HORRY - VTD 7,46447973.175678,Horry,051,Jamestown,Horry - Jamestown,HORRY - JAMESTOWN,80910.257548,0.001742,2
051,Horry,VTD 54,4505154,Horry - VTD 54,HORRY - VTD 54,24969498.139441,Horry,051,Nixon's Cross Roads 1,Horry - Nixon's Cross Roads 1,HORRY - NIXONS CROSS ROADS 1,17486566.407582,0.700317,1
051,Horry,VTD 54,4505154,Horry - VTD 54,HORRY - VTD 54,24969498.139441,Horry,051,Nixon's Cross Roads 2,Horry - Nixon's Cross Roads 2,HORRY - NIXONS CROSS ROADS 2,7447317.498894,0.298257,2
051,Horry,VTD 54,4505154,Horry - VTD 54,HORRY - VTD 54,24969498.139441,Horry,051,Little River 3,Horry - Little River 3,HORRY - LITTLE RIVER 3,35382.079324,0.001417,3
051,Horry,VTD 96,4505196,Horry - VTD 96,HORRY - VTD 96,21355598.230692,Horry,051,Brooksville,Horry - Brooksville,HORRY - BROOKSVILLE,17771788.750169,0.832184,1
051,Horry,VTD 96,4505196,Horry - VTD 96,HORRY - VTD 96,21355598.230692,Horry,051,Nixon's Cross Roads 1,Horry - Nixon's Cross Roads 1,HORRY - NIXONS CROSS ROADS 1,3225386.820500,0.151032,2
051,Horry,VTD 96,4505196,Horry - VTD 96,HORRY - VTD 96,21355598.230692,Horry,051,Little River 3,Horry - Little River 3,HORRY - LITTLE RIVER 3,350549.879220,0.016415,3
051,Horry,VTD 96,4505196,Horry - VTD 96,HORRY - VTD 96,21355598.230692,Horry,051,Ebenezer,Horry - Ebenezer,HORRY - EBENEZER,7872.780804,0.000369,4
051,Horry,VTD 75,4505175,Horry - VTD 75,HORRY - VTD 75,29738411.190078,Horry,051,Shell,Horry - Shell,HORRY - SHELL,26463280.982780,0.889869,1
051,Horry,VTD 75,4505175,Horry - VTD 75,HORRY - VTD 75,29738411.190078,Horry,051,Hickory Grove,Horry - Hickory Grove,HORRY - HICKORY GROVE,3081154.386133,0.103609,2
051,Horry,VTD 75,4505175,Horry - VTD 75,HORRY - VTD 75,29738411.190078,Horry,051,Red Bluff,Horry - Red Bluff,HORRY - RED BLUFF,106355.262720,0.003576,3
051,Horry,VTD 75,4505175,Horry - VTD 75,HORRY - VTD 75,29738411.190078,Horry,051,White Oak,Horry - White Oak,HORRY - WHITE OAK,87620.558445,0.002946,4
051,Horry,VTD 8,450518,Horry - VTD 8,HORRY - VTD 8,63583293.735718,Horry,051,Cedar Grove,Horry - Cedar Grove,HORRY - CEDAR GROVE,63583293.735718,1.000000,1
051,Horry,VTD 9,450519,Horry - VTD 9,HORRY - VTD 9,90238440.955511,Horry,051,Cherry Grove 1,Horry - Cherry Grove 1,HORRY - CHERRY GROVE 1,76463252.742688,0.847347,1
051,Horry,VTD 9,450519,Horry - VTD 9,HORRY - VTD 9,90238440.955511,Horry,051,Cherry Grove 2,Horry - Cherry Grove 2,HORRY - CHERRY GROVE 2,13773894.718877,0.152639,2
051,Horry,VTD 10,4505110,Horry - VTD 10,HORRY - VTD 10,9889284.463395,Horry,051,Coastal Lane 1,Horry - Coastal Lane 1,HORRY - COASTAL LANE 1,9889284.463395,1.000000,1
051,Horry,VTD 11,4505111,Horry - VTD 11,HORRY - VTD 11,42978151.197246,Horry,051,Emerald Forest 2,Horry - Emerald Forest 2,HORRY - EMERALD FOREST 2,11433802.647075,0.266038,1
051,Horry,VTD 11,4505111,Horry - VTD 11,HORRY - VTD 11,42978151.197246,Horry,051,Emerald Forest 3,Horry - Emerald Forest 3,HORRY - EMERALD FOREST 3,10747335.547997,0.250065,2
051,Horry,VTD 11,4505111,Horry - VTD 11,HORRY - VTD 11,42978151.197246,Horry,051,Emerald Forest 1,Horry - Emerald Forest 1,HORRY - EMERALD FOREST 1,8625229.361029,0.200689,3
051,Horry,VTD 11,4505111,Horry - VTD 11,HORRY - VTD 11,42978151.197246,Horry,051,Coastal Lane 2,Horry - Coastal Lane 2,HORRY - COASTAL LANE 2,7387941.664941,0.171900,4
051,Horry,VTD 11,4505111,Horry - VTD 11,HORRY - VTD 11,42978151.197246,Horry,051,Myrtlewood 3,Horry - Myrtlewood 3,HORRY - MYRTLEWOOD 3,2537725.290583,0.059047,5
051,Horry,VTD 11,4505111,Horry - VTD 11,HORRY - VTD 11,42978151.197246,Horry,051,Carolina Forest 1,Horry - Carolina Forest 1,HORRY - CAROLINA FOREST 1,2244705.256540,0.052229,6
051,Horry,VTD 3,450513,Horry - VTD 3,HORRY - VTD 3,1100076.962241,Horry,051,Atlantic Beach,Horry - Atlantic Beach,HORRY - ATLANTIC BEACH,1087806.954634,0.988846,1
051,Horry,VTD 3,450513,Horry - VTD 3,HORRY - VTD 3,1100076.962241,Horry,051,Cresent,Horry - Cresent,HORRY - CRESENT,12270.007608,0.011154,2
051,Horry,VTD 12,4505112,Horry - VTD 12,HORRY - VTD 12,24086710.542365,Horry,051,Cool Springs,Horry - Cool Springs,HORRY - COOL SPRINGS,23098892.899982,0.958989,1
051,Horry,VTD 12,4505112,Horry - VTD 12,HORRY - VTD 12,24086710.542365,Horry,051,Aynor,Horry - Aynor,HORRY - AYNOR,983693.180211,0.040840,2
051,Horry,VTD 12,4505112,Horry - VTD 12,HORRY - VTD 12,24086710.542365,Horry,051,Poplar Hill,Horry - Poplar Hill,HORRY - POPLAR HILL,4124.462171,0.000171,3
051,Horry,VTD 52,4505152,Horry - VTD 52,HORRY - VTD 52,8750483.476256,Horry,051,Myrtlewood 2,Horry - Myrtlewood 2,HORRY - MYRTLEWOOD 2,8750478.836709,0.999999,1
051,Horry,VTD 13,4505113,Horry - VTD 13,HORRY - VTD 13,9189224.124190,Horry,051,Cresent,Horry - Cresent,HORRY - CRESENT,8656812.030633,0.942061,1
051,Horry,VTD 13,4505113,Horry - VTD 13,HORRY - VTD 13,9189224.124190,Horry,051,Windy Hill 1,Horry - Windy Hill 1,HORRY - WINDY HILL 1,500495.577980,0.054465,2
051,Horry,VTD 13,4505113,Horry - VTD 13,HORRY - VTD 13,9189224.124190,Horry,051,Atlantic Beach,Horry - Atlantic Beach,HORRY - ATLANTIC BEACH,20342.203020,0.002214,3
051,Horry,VTD 13,4505113,Horry - VTD 13,HORRY - VTD 13,9189224.124190,Horry,051,Ocean Drive 1,Horry - Ocean Drive 1,HORRY - OCEAN DRIVE 1,11535.920858,0.001255,4
051,Horry,VTD 26,4505126,Horry - VTD 26,HORRY - VTD 26,8640389.403760,Horry,051,Garden City 1,Horry - Garden City 1,HORRY - GARDEN CITY 1,8343765.833739,0.965670,1
051,Horry,VTD 26,4505126,Horry - VTD 26,HORRY - VTD 26,8640389.403760,Horry,051,Garden City 2,Horry - Garden City 2,HORRY - GARDEN CITY 2,283904.994517,0.032858,2
051,Horry,VTD 26,4505126,Horry - VTD 26,HORRY - VTD 26,8640389.403760,Horry,051,Garden City 3,Horry - Garden City 3,HORRY - GARDEN CITY 3,12718.575505,0.001472,3
051,Horry,VTD 59,4505159,Horry - VTD 59,HORRY - VTD 59,19863268.823184,Horry,051,Ocean Drive 2,Horry - Ocean Drive 2,HORRY - OCEAN DRIVE 2,19596367.931000,0.986563,1
051,Horry,VTD 59,4505159,Horry - VTD 59,HORRY - VTD 59,19863268.823184,Horry,051,Cherry Grove 1,Horry - Cherry Grove 1,HORRY - CHERRY GROVE 1,266896.944298,0.013437,2
051,Horry,VTD 17,4505117,Horry - VTD 17,HORRY - VTD 17,26485833.686259,Horry,051,Dunes 1,Horry - Dunes 1,HORRY - DUNES 1,19609632.784111,0.740382,1
051,Horry,VTD 17,4505117,Horry - VTD 17,HORRY - VTD 17,26485833.686259,Horry,051,Ocean Forest 2,Horry - Ocean Forest 2,HORRY - OCEAN FOREST 2,6201434.288480,0.234142,2
051,Horry,VTD 17,4505117,Horry - VTD 17,HORRY - VTD 17,26485833.686259,Horry,051,Dunes 2,Horry - Dunes 2,HORRY - DUNES 2,672033.675514,0.025373,3
051,Horry,VTD 17,4505117,Horry - VTD 17,HORRY - VTD 17,26485833.686259,Horry,051,Myrtlewood 2,Horry - Myrtlewood 2,HORRY - MYRTLEWOOD 2,2728.574580,0.000103,4
051,Horry,VTD 82,4505182,Horry - VTD 82,HORRY - VTD 82,3384379.017774,Horry,051,Surfside 3,Horry - Surfside 3,HORRY - SURFSIDE 3,3352293.243871,0.990519,1
051,Horry,VTD 82,4505182,Horry - VTD 82,HORRY - VTD 82,3384379.017774,Horry,051,Deerfield,Horry - Deerfield,HORRY - DEERFIELD,32046.531354,0.009469,2
051,Horry,VTD 14,4505114,Horry - VTD 14,HORRY - VTD 14,49646924.166944,Horry,051,Daisy,Horry - Daisy,HORRY - DAISY,49436986.320459,0.995771,1
051,Horry,VTD 14,4505114,Horry - VTD 14,HORRY - VTD 14,49646924.166944,Horry,051,Mt. Vernon,Horry - Mt. Vernon,HORRY - MT. VERNON,209937.846484,0.004229,2
051,Horry,VTD 104,45051104,Horry - VTD 104,HORRY - VTD 104,40140460.137094,Horry,051,Dog Bluff,Horry - Dog Bluff,HORRY - DOG BLUFF,40052300.083672,0.997804,1
051,Horry,VTD 104,45051104,Horry - VTD 104,HORRY - VTD 104,40140460.137094,Horry,051,Cool Springs,Horry - Cool Springs,HORRY - COOL SPRINGS,88160.053422,0.002196,2
051,Horry,VTD 19,4505119,Horry - VTD 19,HORRY - VTD 19,6195527.660101,Horry,051,Dunes 3,Horry - Dunes 3,HORRY - DUNES 3,5396602.795943,0.871048,1
051,Horry,VTD 19,4505119,Horry - VTD 19,HORRY - VTD 19,6195527.660101,Horry,051,Windy Hill 1,Horry - Windy Hill 1,HORRY - WINDY HILL 1,439475.452218,0.070934,2
051,Horry,VTD 19,4505119,Horry - VTD 19,HORRY - VTD 19,6195527.660101,Horry,051,Dunes 2,Horry - Dunes 2,HORRY - DUNES 2,359449.411939,0.058018,3
051,Horry,VTD 20,4505120,Horry - VTD 20,HORRY - VTD 20,23385476.335135,Horry,051,East Conway,Horry - East Conway,HORRY - EAST CONWAY,21938549.044735,0.938127,1
051,Horry,VTD 20,4505120,Horry - VTD 20,HORRY - VTD 20,23385476.335135,Horry,051,Hickory Grove,Horry - Hickory Grove,HORRY - HICKORY GROVE,1428873.854516,0.061101,2
051,Horry,VTD 20,4505120,Horry - VTD 20,HORRY - VTD 20,23385476.335135,Horry,051,North Conway 2,Horry - North Conway 2,HORRY - NORTH CONWAY 2,16512.424487,0.000706,3
051,Horry,VTD 103,45051103,Horry - VTD 103,HORRY - VTD 103,17368718.671179,Horry,051,Horry,Horry - Horry,HORRY - HORRY,17368718.163603,1.000000,1
051,Horry,VTD 18,4505118,Horry - VTD 18,HORRY - VTD 18,36915046.558811,Horry,051,Dunes 2,Horry - Dunes 2,HORRY - DUNES 2,36914820.874176,0.999994,1
051,Horry,VTD 101,45051101,Horry - VTD 101,HORRY - VTD 101,23577767.666108,Horry,051,East Lorris,Horry - East Lorris,HORRY - EAST LORRIS,23577767.666108,1.000000,1
051,Horry,VTD 97,4505197,Horry - VTD 97,HORRY - VTD 97,46351978.630959,Horry,051,Ebenezer,Horry - Ebenezer,HORRY - EBENEZER,46344057.811708,0.999829,1
051,Horry,VTD 97,4505197,Horry - VTD 97,HORRY - VTD 97,46351978.630959,Horry,051,Brooksville,Horry - Brooksville,HORRY - BROOKSVILLE,6216.176208,0.000134,2
051,Horry,VTD 106,45051106,Horry - VTD 106,HORRY - VTD 106,42631088.181626,Horry,051,Floyds,Horry - Floyds,HORRY - FLOYDS,42588747.468910,0.999007,1
051,Horry,VTD 106,45051106,Horry - VTD 106,HORRY - VTD 106,42631088.181626,Horry,051,Spring Branch,Horry - Spring Branch,HORRY - SPRING BRANCH,42340.712716,0.000993,2
051,Horry,VTD 76,4505176,Horry - VTD 76,HORRY - VTD 76,27507590.885963,Horry,051,Sea Winds,Horry - Sea Winds,HORRY - SEA WINDS,10012940.099000,0.364006,1
051,Horry,VTD 76,4505176,Horry - VTD 76,HORRY - VTD 76,27507590.885963,Horry,051,Lake Park,Horry - Lake Park,HORRY - LAKE PARK,8943200.886001,0.325118,2
051,Horry,VTD 76,4505176,Horry - VTD 76,HORRY - VTD 76,27507590.885963,Horry,051,Socastee 1,Horry - Socastee 1,HORRY - SOCASTEE 1,5933763.716535,0.215714,3
051,Horry,VTD 76,4505176,Horry - VTD 76,HORRY - VTD 76,27507590.885963,Horry,051,Enterprise,Horry - Enterprise,HORRY - ENTERPRISE,2617686.184426,0.095162,4
051,Horry,VTD 25,4505125,Horry - VTD 25,HORRY - VTD 25,36626287.657911,Horry,051,Galivants Ferry,Horry - Galivants Ferry,HORRY - GALIVANTS FERRY,35830061.049691,0.978261,1
051,Horry,VTD 25,4505125,Horry - VTD 25,HORRY - VTD 25,36626287.657911,Horry,051,Aynor,Horry - Aynor,HORRY - AYNOR,796226.608220,0.021739,2
051,Horry,VTD 27,4505127,Horry - VTD 27,HORRY - VTD 27,2522980.021327,Horry,051,Garden City 2,Horry - Garden City 2,HORRY - GARDEN CITY 2,2517991.380820,0.998023,1
051,Horry,VTD 27,4505127,Horry - VTD 27,HORRY - VTD 27,2522980.021327,Horry,051,Garden City 4,Horry - Garden City 4,HORRY - GARDEN CITY 4,4988.639102,0.001977,2
051,Horry,VTD 28,4505128,Horry - VTD 28,HORRY - VTD 28,9264158.855203,Horry,051,Garden City 3,Horry - Garden City 3,HORRY - GARDEN CITY 3,4202648.025123,0.453646,1
051,Horry,VTD 28,4505128,Horry - VTD 28,HORRY - VTD 28,9264158.855203,Horry,051,Glenns Bay,Horry - Glenns Bay,HORRY - GLENNS BAY,3068231.870521,0.331194,2
051,Horry,VTD 28,4505128,Horry - VTD 28,HORRY - VTD 28,9264158.855203,Horry,051,Garden City 4,Horry - Garden City 4,HORRY - GARDEN CITY 4,1981927.936733,0.213935,3
051,Horry,VTD 28,4505128,Horry - VTD 28,HORRY - VTD 28,9264158.855203,Horry,051,Garden City 2,Horry - Garden City 2,HORRY - GARDEN CITY 2,10401.127261,0.001123,4
051,Horry,VTD 30,4505130,Horry - VTD 30,HORRY - VTD 30,14457781.203256,Horry,051,Gurley,Horry - Gurley,HORRY - GURLEY,14457779.414968,1.000000,1
051,Horry,VTD 32,4505132,Horry - VTD 32,HORRY - VTD 32,18649968.637763,Horry,051,Hickory Hill,Horry - Hickory Hill,HORRY - HICKORY HILL,18649968.637763,1.000000,1
051,Horry,VTD 15,4505115,Horry - VTD 15,HORRY - VTD 15,80458819.770555,Horry,051,Dog Bluff,Horry - Dog Bluff,HORRY - DOG BLUFF,80415454.971594,0.999461,1
051,Horry,VTD 15,4505115,Horry - VTD 15,HORRY - VTD 15,80458819.770555,Horry,051,Jordanville,Horry - Jordanville,HORRY - JORDANVILLE,43357.620752,0.000539,2
051,Horry,VTD 33,4505133,Horry - VTD 33,HORRY - VTD 33,21503399.960213,Horry,051,Homewood,Horry - Homewood,HORRY - HOMEWOOD,21503228.484319,0.999992,1
051,Horry,VTD 35,4505135,Horry - VTD 35,HORRY - VTD 35,29710262.008136,Horry,051,Inland,Horry - Inland,HORRY - INLAND,29710261.329241,1.000000,1
051,Horry,VTD 36,4505136,Horry - VTD 36,HORRY - VTD 36,26701584.000525,Horry,051,Jamestown,Horry - Jamestown,HORRY - JAMESTOWN,26671644.895043,0.998879,1
051,Horry,VTD 36,4505136,Horry - VTD 36,HORRY - VTD 36,26701584.000525,Horry,051,Red Hill 1,Horry - Red Hill 1,HORRY - RED HILL 1,23322.107500,0.000873,2
051,Horry,VTD 36,4505136,Horry - VTD 36,HORRY - VTD 36,26701584.000525,Horry,051,Racepath #2,Horry - Racepath #2,HORRY - RACEPATH 2,6260.291450,0.000234,3
051,Horry,VTD 24,4505124,Horry - VTD 24,HORRY - VTD 24,23654902.224864,Horry,051,Four Mile,Horry - Four Mile,HORRY - FOUR MILE,23437246.166956,0.990799,1
051,Horry,VTD 24,4505124,Horry - VTD 24,HORRY - VTD 24,23654902.224864,Horry,051,Homewood,Horry - Homewood,HORRY - HOMEWOOD,217628.038084,0.009200,2
051,Horry,VTD 37,4505137,Horry - VTD 37,HORRY - VTD 37,48489028.849091,Horry,051,Jerigan's Crossroads,Horry - Jerigan's Crossroads,HORRY - JERIGANS CROSSROADS,48370921.592069,0.997564,1
051,Horry,VTD 37,4505137,Horry - VTD 37,HORRY - VTD 37,48489028.849091,Horry,051,West Lorris,Horry - West Lorris,HORRY - WEST LORRIS,101605.950521,0.002095,2
051,Horry,VTD 37,4505137,Horry - VTD 37,HORRY - VTD 37,48489028.849091,Horry,051,East Lorris,Horry - East Lorris,HORRY - EAST LORRIS,14905.081274,0.000307,3
051,Horry,VTD 38,4505138,Horry - VTD 38,HORRY - VTD 38,31697249.738934,Horry,051,Jet Port 2,Horry - Jet Port 2,HORRY - JET PORT 2,18711551.927100,0.590321,1
051,Horry,VTD 38,4505138,Horry - VTD 38,HORRY - VTD 38,31697249.738934,Horry,051,Jet Port 1,Horry - Jet Port 1,HORRY - JET PORT 1,12810953.637203,0.404166,2
051,Horry,VTD 38,4505138,Horry - VTD 38,HORRY - VTD 38,31697249.738934,Horry,051,Lake Park,Horry - Lake Park,HORRY - LAKE PARK,103862.714557,0.003277,3
051,Horry,VTD 38,4505138,Horry - VTD 38,HORRY - VTD 38,31697249.738934,Horry,051,Socastee 1,Horry - Socastee 1,HORRY - SOCASTEE 1,68520.609829,0.002162,4
051,Horry,VTD 39,4505139,Horry - VTD 39,HORRY - VTD 39,47273647.240751,Horry,051,Jordanville,Horry - Jordanville,HORRY - JORDANVILLE,42507919.889245,0.899188,1
051,Horry,VTD 39,4505139,Horry - VTD 39,HORRY - VTD 39,47273647.240751,Horry,051,Cedar Grove,Horry - Cedar Grove,HORRY - CEDAR GROVE,4758326.795655,0.100655,2
051,Horry,VTD 39,4505139,Horry - VTD 39,HORRY - VTD 39,47273647.240751,Horry,051,Dog Bluff,Horry - Dog Bluff,HORRY - DOG BLUFF,7399.478703,0.000157,3
051,Horry,VTD 49,4505149,Horry - VTD 49,HORRY - VTD 49,40344468.117613,Horry,051,Mt. Olive,Horry - Mt. Olive,HORRY - MT. OLIVE,39669567.412596,0.983272,1
051,Horry,VTD 49,4505149,Horry - VTD 49,HORRY - VTD 49,40344468.117613,Horry,051,Floyds,Horry - Floyds,HORRY - FLOYDS,674900.705017,0.016728,2
051,Horry,VTD 40,4505140,Horry - VTD 40,HORRY - VTD 40,40457559.152664,Horry,051,Joyner Swamp,Horry - Joyner Swamp,HORRY - JOYNER SWAMP,37092798.295637,0.916832,1
051,Horry,VTD 40,4505140,Horry - VTD 40,HORRY - VTD 40,40457559.152664,Horry,051,Bayboro,Horry - Bayboro,HORRY - BAYBORO,1849940.981970,0.045725,2
051,Horry,VTD 40,4505140,Horry - VTD 40,HORRY - VTD 40,40457559.152664,Horry,051,Mill Swamp,Horry - Mill Swamp,HORRY - MILL SWAMP,1514818.389305,0.037442,3
051,Horry,VTD 41,4505141,Horry - VTD 41,HORRY - VTD 41,31783438.273793,Horry,051,Juniper Bay,Horry - Juniper Bay,HORRY - JUNIPER BAY,31496954.023992,0.990986,1
051,Horry,VTD 41,4505141,Horry - VTD 41,HORRY - VTD 41,31783438.273793,Horry,051,Brownway,Horry - Brownway,HORRY - BROWNWAY,201411.841706,0.006337,2
051,Horry,VTD 41,4505141,Horry - VTD 41,HORRY - VTD 41,31783438.273793,Horry,051,Four Mile,Horry - Four Mile,HORRY - FOUR MILE,47661.212800,0.001500,3
051,Horry,VTD 41,4505141,Horry - VTD 41,HORRY - VTD 41,31783438.273793,Horry,051,Jordanville,Horry - Jordanville,HORRY - JORDANVILLE,37407.801524,0.001177,4
051,Horry,VTD 43,4505143,Horry - VTD 43,HORRY - VTD 43,20775559.705563,Horry,051,Little River 1,Horry - Little River 1,HORRY - LITTLE RIVER 1,11367877.256538,0.547175,1
051,Horry,VTD 43,4505143,Horry - VTD 43,HORRY - VTD 43,20775559.705563,Horry,051,Little River 2,Horry - Little River 2,HORRY - LITTLE RIVER 2,5027306.854691,0.241982,2
051,Horry,VTD 43,4505143,Horry - VTD 43,HORRY - VTD 43,20775559.705563,Horry,051,Little River 3,Horry - Little River 3,HORRY - LITTLE RIVER 3,4380255.136937,0.210837,3
051,Horry,VTD 95,4505195,Horry - VTD 95,HORRY - VTD 95,10073954.411059,Horry,051,Wampee,Horry - Wampee,HORRY - WAMPEE,10073954.411059,1.000000,1
051,Horry,VTD 57,4505157,Horry - VTD 57,HORRY - VTD 57,23335796.145862,Horry,051,Norton,Horry - Norton,HORRY - NORTON,22677368.815647,0.971785,1
051,Horry,VTD 57,4505157,Horry - VTD 57,HORRY - VTD 57,23335796.145862,Horry,051,Mt. Olive,Horry - Mt. Olive,HORRY - MT. OLIVE,658427.248404,0.028215,2
051,Horry,VTD 44,4505144,Horry - VTD 44,HORRY - VTD 44,20305153.588296,Horry,051,Live Oak,Horry - Live Oak,HORRY - LIVE OAK,20305153.588296,1.000000,1
051,Horry,VTD 45,4505145,Horry - VTD 45,HORRY - VTD 45,33853941.685058,Horry,051,Maple,Horry - Maple,HORRY - MAPLE,28340033.979085,0.837127,1
051,Horry,VTD 45,4505145,Horry - VTD 45,HORRY - VTD 45,33853941.685058,Horry,051,Hickory Grove,Horry - Hickory Grove,HORRY - HICKORY GROVE,5513890.174505,0.162873,2
051,Horry,VTD 47,4505147,Horry - VTD 47,HORRY - VTD 47,35920067.244859,Horry,051,Methodist Rehobeth,Horry - Methodist Rehobeth,HORRY - METHODIST REHOBETH,35916698.465753,0.999906,1
051,Horry,VTD 46,4505146,Horry - VTD 46,HORRY - VTD 46,40318839.301450,Horry,051,Marlowe 2,Horry - Marlowe 2,HORRY - MARLOWE 2,23222445.346483,0.575970,1
051,Horry,VTD 46,4505146,Horry - VTD 46,HORRY - VTD 46,40318839.301450,Horry,051,Marlowe,Horry - Marlowe,HORRY - MARLOWE,16760744.886942,0.415705,2
051,Horry,VTD 46,4505146,Horry - VTD 46,HORRY - VTD 46,40318839.301450,Horry,051,Burgess 3,Horry - Burgess 3,HORRY - BURGESS 3,335479.419991,0.008321,3
051,Horry,VTD 48,4505148,Horry - VTD 48,HORRY - VTD 48,16264610.513095,Horry,051,Mill Swamp,Horry - Mill Swamp,HORRY - MILL SWAMP,16055937.863321,0.987170,1
051,Horry,VTD 48,4505148,Horry - VTD 48,HORRY - VTD 48,16264610.513095,Horry,051,Aynor,Horry - Aynor,HORRY - AYNOR,208672.173291,0.012830,2
051,Horry,VTD 50,4505150,Horry - VTD 50,HORRY - VTD 50,31430543.811709,Horry,051,Mt. Vernon,Horry - Mt. Vernon,HORRY - MT. VERNON,31430543.811709,1.000000,1
051,Horry,VTD 51,4505151,Horry - VTD 51,HORRY - VTD 51,14237756.810915,Horry,051,Myrtlewood 1,Horry - Myrtlewood 1,HORRY - MYRTLEWOOD 1,14171019.764068,0.995313,1
051,Horry,VTD 51,4505151,Horry - VTD 51,HORRY - VTD 51,14237756.810915,Horry,051,Coastal Lane 1,Horry - Coastal Lane 1,HORRY - COASTAL LANE 1,66735.728449,0.004687,2
051,Horry,VTD 53,4505153,Horry - VTD 53,HORRY - VTD 53,1672398.079237,Horry,051,Myrtlewood 3,Horry - Myrtlewood 3,HORRY - MYRTLEWOOD 3,1327885.998084,0.794001,1
051,Horry,VTD 53,4505153,Horry - VTD 53,HORRY - VTD 53,1672398.079237,Horry,051,Ocean Forest 2,Horry - Ocean Forest 2,HORRY - OCEAN FOREST 2,344510.109498,0.205998,2
051,Horry,VTD 55,4505155,Horry - VTD 55,HORRY - VTD 55,6371993.053376,Horry,051,North Conway 1,Horry - North Conway 1,HORRY - NORTH CONWAY 1,6370139.516999,0.999709,1
051,Horry,VTD 55,4505155,Horry - VTD 55,HORRY - VTD 55,6371993.053376,Horry,051,North Conway 2,Horry - North Conway 2,HORRY - NORTH CONWAY 2,1565.181988,0.000246,2
051,Horry,VTD 56,4505156,Horry - VTD 56,HORRY - VTD 56,3202634.982305,Horry,051,North Conway 2,Horry - North Conway 2,HORRY - NORTH CONWAY 2,3101435.578863,0.968401,1
051,Horry,VTD 56,4505156,Horry - VTD 56,HORRY - VTD 56,3202634.982305,Horry,051,Homewood,Horry - Homewood,HORRY - HOMEWOOD,64556.661503,0.020157,2
051,Horry,VTD 56,4505156,Horry - VTD 56,HORRY - VTD 56,3202634.982305,Horry,051,East Conway,Horry - East Conway,HORRY - EAST CONWAY,19814.812162,0.006187,3
051,Horry,VTD 56,4505156,Horry - VTD 56,HORRY - VTD 56,3202634.982305,Horry,051,North Conway 1,Horry - North Conway 1,HORRY - NORTH CONWAY 1,16827.680591,0.005254,4
051,Horry,VTD 88,4505188,Horry - VTD 88,HORRY - VTD 88,39835317.937162,Horry,051,Wampee,Horry - Wampee,HORRY - WAMPEE,26053106.350386,0.654020,1
051,Horry,VTD 88,4505188,Horry - VTD 88,HORRY - VTD 88,39835317.937162,Horry,051,Windy Hill 2,Horry - Windy Hill 2,HORRY - WINDY HILL 2,13247015.236350,0.332544,2
051,Horry,VTD 88,4505188,Horry - VTD 88,HORRY - VTD 88,39835317.937162,Horry,051,Nixon's Cross Roads 1,Horry - Nixon's Cross Roads 1,HORRY - NIXONS CROSS ROADS 1,453534.492374,0.011385,3
051,Horry,VTD 88,4505188,Horry - VTD 88,HORRY - VTD 88,39835317.937162,Horry,051,Nixon's Cross Roads 2,Horry - Nixon's Cross Roads 2,HORRY - NIXONS CROSS ROADS 2,56712.618151,0.001424,4
051,Horry,VTD 88,4505188,Horry - VTD 88,HORRY - VTD 88,39835317.937162,Horry,051,Dunes 1,Horry - Dunes 1,HORRY - DUNES 1,24949.239901,0.000626,5
051,Horry,VTD 58,4505158,Horry - VTD 58,HORRY - VTD 58,13559015.839019,Horry,051,Ocean Drive 1,Horry - Ocean Drive 1,HORRY - OCEAN DRIVE 1,13442769.079708,0.991427,1
051,Horry,VTD 58,4505158,Horry - VTD 58,HORRY - VTD 58,13559015.839019,Horry,051,Cresent,Horry - Cresent,HORRY - CRESENT,108062.002519,0.007970,2
051,Horry,VTD 58,4505158,Horry - VTD 58,HORRY - VTD 58,13559015.839019,Horry,051,Ocean Drive 2,Horry - Ocean Drive 2,HORRY - OCEAN DRIVE 2,8184.756792,0.000604,3
051,Horry,VTD 60,4505160,Horry - VTD 60,HORRY - VTD 60,21787372.933481,Horry,051,Ocean Forest 1,Horry - Ocean Forest 1,HORRY - OCEAN FOREST 1,21787330.172913,0.999998,1
051,Horry,VTD 62,4505162,Horry - VTD 62,HORRY - VTD 62,1906219.824941,Horry,051,Ocean Forest 3,Horry - Ocean Forest 3,HORRY - OCEAN FOREST 3,1906199.248707,0.999989,1
051,Horry,VTD 63,4505163,Horry - VTD 63,HORRY - VTD 63,51998034.159324,Horry,051,Pawley's Swamp,Horry - Pawley's Swamp,HORRY - PAWLEYS SWAMP,51998033.809850,1.000000,1
051,Horry,VTD 64,4505164,Horry - VTD 64,HORRY - VTD 64,41757592.983536,Horry,051,Pleasant View,Horry - Pleasant View,HORRY - PLEASANT VIEW,41757592.983536,1.000000,1
053,Jasper,VTD 15,4505315,Jasper - VTD 15,JASPER - VTD 15,109269959.575715,Jasper,053,Okatie,Jasper - Okatie,JASPER - OKATIE,104448330.459960,0.955874,1
053,Jasper,VTD 15,4505315,Jasper - VTD 15,JASPER - VTD 15,109269959.575715,Jasper,053,Grahamville 1,Jasper - Grahamville 1,JASPER - GRAHAMVILLE 1,4149432.577618,0.037974,2
053,Jasper,VTD 12,4505312,Jasper - VTD 12,JASPER - VTD 12,26181281.600287,Jasper,053,Ridgeland 2,Jasper - Ridgeland 2,JASPER - RIDGELAND 2,26181281.600287,1.000000,1
053,Jasper,VTD 7,450537,Jasper - VTD 7,JASPER - VTD 7,77694195.429773,Jasper,053,Ridgeland 3,Jasper - Ridgeland 3,JASPER - RIDGELAND 3,77347185.948729,0.995534,1
053,Jasper,VTD 7,450537,Jasper - VTD 7,JASPER - VTD 7,77694195.429773,Jasper,053,Tillman,Jasper - Tillman,JASPER - TILLMAN,347008.073872,0.004466,2
053,Jasper,VTD 17,4505317,Jasper - VTD 17,JASPER - VTD 17,80479107.740600,Jasper,053,Hardeeville 1,Jasper - Hardeeville 1,JASPER - HARDEEVILLE 1,80384448.812106,0.998824,1
053,Jasper,VTD 17,4505317,Jasper - VTD 17,JASPER - VTD 17,80479107.740600,Jasper,053,Levy,Jasper - Levy,JASPER - LEVY,94658.928494,0.001176,2
053,Jasper,VTD 9,450539,Jasper - VTD 9,JASPER - VTD 9,71637547.395444,Jasper,053,Grahamville 2,Jasper - Grahamville 2,JASPER - GRAHAMVILLE 2,71277483.662900,0.994974,1
053,Jasper,VTD 9,450539,Jasper - VTD 9,JASPER - VTD 9,71637547.395444,Jasper,053,Grahamville 1,Jasper - Grahamville 1,JASPER - GRAHAMVILLE 1,360063.732544,0.005026,2
053,Jasper,VTD 13,4505313,Jasper - VTD 13,JASPER - VTD 13,98240788.429716,Jasper,053,Grahamville 1,Jasper - Grahamville 1,JASPER - GRAHAMVILLE 1,91752415.364041,0.933954,1
053,Jasper,VTD 13,4505313,Jasper - VTD 13,JASPER - VTD 13,98240788.429716,Jasper,053,Grahamville 2,Jasper - Grahamville 2,JASPER - GRAHAMVILLE 2,6266583.892997,0.063788,2
053,Jasper,VTD 13,4505313,Jasper - VTD 13,JASPER - VTD 13,98240788.429716,Jasper,053,Coosawatchie,Jasper - Coosawatchie,JASPER - COOSAWATCHIE,212955.403067,0.002168,3
053,Jasper,VTD 4,450534,Jasper - VTD 4,JASPER - VTD 4,80035390.227108,Jasper,053,Gillisonville,Jasper - Gillisonville,JASPER - GILLISONVILLE,80035390.180218,1.000000,1
053,Jasper,VTD 11,4505311,Jasper - VTD 11,JASPER - VTD 11,101437172.832730,Jasper,053,Tillman,Jasper - Tillman,JASPER - TILLMAN,96566178.470533,0.951980,1
053,Jasper,VTD 11,4505311,Jasper - VTD 11,JASPER - VTD 11,101437172.832730,Jasper,053,Ridgeland 3,Jasper - Ridgeland 3,JASPER - RIDGELAND 3,4857036.598088,0.047882,2
053,Jasper,VTD 11,4505311,Jasper - VTD 11,JASPER - VTD 11,101437172.832730,Jasper,053,Hardeeville 1,Jasper - Hardeeville 1,JASPER - HARDEEVILLE 1,13957.764109,0.000138,3
053,Jasper,VTD 18,4505318,Jasper - VTD 18,JASPER - VTD 18,370935018.704137,Jasper,053,Levy,Jasper - Levy,JASPER - LEVY,370865418.980404,0.999812,1
053,Jasper,VTD 18,4505318,Jasper - VTD 18,JASPER - VTD 18,370935018.704137,Jasper,053,Hardeeville 2,Jasper - Hardeeville 2,JASPER - HARDEEVILLE 2,46798.784632,0.000126,2
053,Jasper,VTD 1,450531,Jasper - VTD 1,JASPER - VTD 1,151585885.283961,Jasper,053,Grays,Jasper - Grays,JASPER - GRAYS,151585884.784778,1.000000,1
053,Jasper,VTD 16,4505316,Jasper - VTD 16,JASPER - VTD 16,81539112.989809,Jasper,053,Hardeeville 2,Jasper - Hardeeville 2,JASPER - HARDEEVILLE 2,81203801.762913,0.995888,1
053,Jasper,VTD 16,4505316,Jasper - VTD 16,JASPER - VTD 16,81539112.989809,Jasper,053,Hardeeville 1,Jasper - Hardeeville 1,JASPER - HARDEEVILLE 1,335307.737987,0.004112,2
053,Jasper,VTD 10,4505310,Jasper - VTD 10,JASPER - VTD 10,159337576.400760,Jasper,053,Tillman,Jasper - Tillman,JASPER - TILLMAN,156457129.420364,0.981922,1
053,Jasper,VTD 10,4505310,Jasper - VTD 10,JASPER - VTD 10,159337576.400760,Jasper,053,Pineland,Jasper - Pineland,JASPER - PINELAND,2879106.896751,0.018069,2
053,Jasper,VTD 8,450538,Jasper - VTD 8,JASPER - VTD 8,18795311.590401,Jasper,053,Ridgeland 1,Jasper - Ridgeland 1,JASPER - RIDGELAND 1,18795311.590401,1.000000,1
053,Jasper,VTD 3,450533,Jasper - VTD 3,JASPER - VTD 3,91196421.407669,Jasper,053,Pineland,Jasper - Pineland,JASPER - PINELAND,90604908.359526,0.993514,1
053,Jasper,VTD 3,450533,Jasper - VTD 3,JASPER - VTD 3,91196421.407669,Jasper,053,Ridgeland 3,Jasper - Ridgeland 3,JASPER - RIDGELAND 3,591513.048143,0.006486,2
053,Jasper,VTD 14,4505314,Jasper - VTD 14,JASPER - VTD 14,54540485.216433,Jasper,053,Grahamville 1,Jasper - Grahamville 1,JASPER - GRAHAMVILLE 1,52392413.925404,0.960615,1
053,Jasper,VTD 14,4505314,Jasper - VTD 14,JASPER - VTD 14,54540485.216433,Jasper,053,Okatie,Jasper - Okatie,JASPER - OKATIE,2148071.291028,0.039385,2
053,Jasper,VTD 6,450536,Jasper - VTD 6,JASPER - VTD 6,82683797.817337,Jasper,053,Coosawatchie,Jasper - Coosawatchie,JASPER - COOSAWATCHIE,82683797.817337,1.000000,1
053,Jasper,VTD 5,450535,Jasper - VTD 5,JASPER - VTD 5,61203267.616301,Jasper,053,Coosawatchie,Jasper - Coosawatchie,JASPER - COOSAWATCHIE,61203263.919880,1.000000,1
053,Jasper,VTD 2,450532,Jasper - VTD 2,JASPER - VTD 2,95228804.974568,Jasper,053,Pineland,Jasper - Pineland,JASPER - PINELAND,95228804.964156,1.000000,1
055,Kershaw,VTD 4,450554,Kershaw - VTD 4,KERSHAW - VTD 4,147549607.455282,Kershaw,055,Buffalo,Kershaw - Buffalo,KERSHAW - BUFFALO,147549593.480473,1.000000,1
055,Kershaw,VTD 19,4505519,Kershaw - VTD 19,KERSHAW - VTD 19,135304373.599376,Kershaw,055,Liberty Hill,Kershaw - Liberty Hill,KERSHAW - LIBERTY HILL,135304371.872224,1.000000,1
055,Kershaw,VTD 32,4505532,Kershaw - VTD 32,KERSHAW - VTD 32,95108573.848484,Kershaw,055,Westville,Kershaw - Westville,KERSHAW - WESTVILLE,95108517.871525,0.999999,1
055,Kershaw,VTD 33,4505533,Kershaw - VTD 33,KERSHAW - VTD 33,96240490.399158,Kershaw,055,Shaylor's Hill,Kershaw - Shaylor's Hill,KERSHAW - SHAYLORS HILL,94841638.833897,0.985465,1
055,Kershaw,VTD 33,4505533,Kershaw - VTD 33,KERSHAW - VTD 33,96240490.399158,Kershaw,055,Liberty Hill,Kershaw - Liberty Hill,KERSHAW - LIBERTY HILL,1398851.565261,0.014535,2
055,Kershaw,VTD 28,4505528,Kershaw - VTD 28,KERSHAW - VTD 28,79630563.697421,Kershaw,055,Westville,Kershaw - Westville,KERSHAW - WESTVILLE,79630563.697421,1.000000,1
055,Kershaw,VTD 17,4505517,Kershaw - VTD 17,KERSHAW - VTD 17,69052152.644539,Kershaw,055,Gates Ford,Kershaw - Gates Ford,KERSHAW - GATES FORD,69052151.768543,1.000000,1
055,Kershaw,VTD 12,4505512,Kershaw - VTD 12,KERSHAW - VTD 12,146659808.359168,Kershaw,055,Cassatt,Kershaw - Cassatt,KERSHAW - CASSATT,143831039.167293,0.980712,1
055,Kershaw,VTD 12,4505512,Kershaw - VTD 12,KERSHAW - VTD 12,146659808.359168,Kershaw,055,Malvern Hill,Kershaw - Malvern Hill,KERSHAW - MALVERN HILL,1835365.887164,0.012514,2
055,Kershaw,VTD 12,4505512,Kershaw - VTD 12,KERSHAW - VTD 12,146659808.359168,Kershaw,055,Springdale,Kershaw - Springdale,KERSHAW - SPRINGDALE,727450.180787,0.004960,3
055,Kershaw,VTD 12,4505512,Kershaw - VTD 12,KERSHAW - VTD 12,146659808.359168,Kershaw,055,Airport,Kershaw - Airport,KERSHAW - AIRPORT,242569.669601,0.001654,4
055,Kershaw,VTD 12,4505512,Kershaw - VTD 12,KERSHAW - VTD 12,146659808.359168,Kershaw,055,Bethune,Kershaw - Bethune,KERSHAW - BETHUNE,19568.223109,0.000133,5
055,Kershaw,VTD 3,450553,Kershaw - VTD 3,KERSHAW - VTD 3,180045169.808874,Kershaw,055,Bethune,Kershaw - Bethune,KERSHAW - BETHUNE,180045166.199127,1.000000,1
055,Kershaw,VTD 25,4505525,Kershaw - VTD 25,KERSHAW - VTD 25,77499370.184694,Kershaw,055,Salt Pond,Kershaw - Salt Pond,KERSHAW - SALT POND,73024000.582854,0.942253,1
055,Kershaw,VTD 25,4505525,Kershaw - VTD 25,KERSHAW - VTD 25,77499370.184694,Kershaw,055,Rabon's Crossroads,Kershaw - Rabon's Crossroads,KERSHAW - RABONS CROSSROADS,4284355.299355,0.055282,2
055,Kershaw,VTD 25,4505525,Kershaw - VTD 25,KERSHAW - VTD 25,77499370.184694,Kershaw,055,Lugoff No. 3,Kershaw - Lugoff No. 3,KERSHAW - LUGOFF NO. 3,167529.058318,0.002162,3
055,Kershaw,VTD 25,4505525,Kershaw - VTD 25,KERSHAW - VTD 25,77499370.184694,Kershaw,055,Elgin No. 4,Kershaw - Elgin No. 4,KERSHAW - ELGIN NO. 4,23485.244167,0.000303,4
055,Kershaw,VTD 23,4505523,Kershaw - VTD 23,KERSHAW - VTD 23,96424028.425917,Kershaw,055,Rabon's Crossroads,Kershaw - Rabon's Crossroads,KERSHAW - RABONS CROSSROADS,90076323.299297,0.934169,1
055,Kershaw,VTD 23,4505523,Kershaw - VTD 23,KERSHAW - VTD 23,96424028.425917,Kershaw,055,Lugoff No. 1,Kershaw - Lugoff No. 1,KERSHAW - LUGOFF NO. 1,6347705.126620,0.065831,2
055,Kershaw,VTD 1,450551,Kershaw - VTD 1,KERSHAW - VTD 1,13512497.689702,Kershaw,055,Airport,Kershaw - Airport,KERSHAW - AIRPORT,13258826.163698,0.981227,1
055,Kershaw,VTD 1,450551,Kershaw - VTD 1,KERSHAW - VTD 1,13512497.689702,Kershaw,055,Camden No. 6,Kershaw - Camden No. 6,KERSHAW - CAMDEN NO. 6,250221.068806,0.018518,2
055,Kershaw,VTD 1,450551,Kershaw - VTD 1,KERSHAW - VTD 1,13512497.689702,Kershaw,055,Camden No. 4,Kershaw - Camden No. 4,KERSHAW - CAMDEN NO. 4,3450.457198,0.000255,3
055,Kershaw,VTD 22,4505522,Kershaw - VTD 22,KERSHAW - VTD 22,29719220.875641,Kershaw,055,Malvern Hill,Kershaw - Malvern Hill,KERSHAW - MALVERN HILL,29713394.018268,0.999804,1
055,Kershaw,VTD 22,4505522,Kershaw - VTD 22,KERSHAW - VTD 22,29719220.875641,Kershaw,055,White's Gardens,Kershaw - White's Gardens,KERSHAW - WHITES GARDENS,5826.857373,0.000196,2
055,Kershaw,VTD 29,4505529,Kershaw - VTD 29,KERSHAW - VTD 29,34481526.334560,Kershaw,055,White's Gardens,Kershaw - White's Gardens,KERSHAW - WHITES GARDENS,33163784.647032,0.961784,1
055,Kershaw,VTD 29,4505529,Kershaw - VTD 29,KERSHAW - VTD 29,34481526.334560,Kershaw,055,Malvern Hill,Kershaw - Malvern Hill,KERSHAW - MALVERN HILL,1317741.687528,0.038216,2
055,Kershaw,VTD 9,450559,Kershaw - VTD 9,KERSHAW - VTD 9,9136738.177665,Kershaw,055,Camden No. 5,Kershaw - Camden No. 5,KERSHAW - CAMDEN NO. 5,7342497.671139,0.803624,1
055,Kershaw,VTD 9,450559,Kershaw - VTD 9,KERSHAW - VTD 9,9136738.177665,Kershaw,055,Camden No. 5-A,Kershaw - Camden No. 5-A,KERSHAW - CAMDEN NO. 5-A,1548952.634645,0.169530,2
055,Kershaw,VTD 9,450559,Kershaw - VTD 9,KERSHAW - VTD 9,9136738.177665,Kershaw,055,Springdale,Kershaw - Springdale,KERSHAW - SPRINGDALE,198323.840251,0.021706,3
055,Kershaw,VTD 9,450559,Kershaw - VTD 9,KERSHAW - VTD 9,9136738.177665,Kershaw,055,Riverdale,Kershaw - Riverdale,KERSHAW - RIVERDALE,46964.031629,0.005140,4
055,Kershaw,VTD 8,450558,Kershaw - VTD 8,KERSHAW - VTD 8,3904528.439198,Kershaw,055,Camden No. 4,Kershaw - Camden No. 4,KERSHAW - CAMDEN NO. 4,2716301.394565,0.695680,1
055,Kershaw,VTD 8,450558,Kershaw - VTD 8,KERSHAW - VTD 8,3904528.439198,Kershaw,055,Camden No. 6,Kershaw - Camden No. 6,KERSHAW - CAMDEN NO. 6,1117780.008503,0.286278,2
055,Kershaw,VTD 8,450558,Kershaw - VTD 8,KERSHAW - VTD 8,3904528.439198,Kershaw,055,Airport,Kershaw - Airport,KERSHAW - AIRPORT,43290.888982,0.011087,3
055,Kershaw,VTD 8,450558,Kershaw - VTD 8,KERSHAW - VTD 8,3904528.439198,Kershaw,055,Camden No. 3,Kershaw - Camden No. 3,KERSHAW - CAMDEN NO. 3,27156.147148,0.006955,4
055,Kershaw,VTD 16,4505516,Kershaw - VTD 16,KERSHAW - VTD 16,47437881.209856,Kershaw,055,Elgin No. 3,Kershaw - Elgin No. 3,KERSHAW - ELGIN NO. 3,21295849.203320,0.448921,1
055,Kershaw,VTD 16,4505516,Kershaw - VTD 16,KERSHAW - VTD 16,47437881.209856,Kershaw,055,Elgin No. 1,Kershaw - Elgin No. 1,KERSHAW - ELGIN NO. 1,18265952.152085,0.385050,2
055,Kershaw,VTD 16,4505516,Kershaw - VTD 16,KERSHAW - VTD 16,47437881.209856,Kershaw,055,Doby's Mill,Kershaw - Doby's Mill,KERSHAW - DOBYS MILL,7714416.935193,0.162621,3
055,Kershaw,VTD 16,4505516,Kershaw - VTD 16,KERSHAW - VTD 16,47437881.209856,Kershaw,055,Lugoff No. 4,Kershaw - Lugoff No. 4,KERSHAW - LUGOFF NO. 4,161662.919258,0.003408,4
055,Kershaw,VTD 14,4505514,Kershaw - VTD 14,KERSHAW - VTD 14,130790245.281608,Kershaw,055,Doby's Mill,Kershaw - Doby's Mill,KERSHAW - DOBYS MILL,130790243.121659,1.000000,1
055,Kershaw,VTD 21,4505521,Kershaw - VTD 21,KERSHAW - VTD 21,37606236.671305,Kershaw,055,Lugoff No. 4,Kershaw - Lugoff No. 4,KERSHAW - LUGOFF NO. 4,19114094.084512,0.508269,1
055,Kershaw,VTD 21,4505521,Kershaw - VTD 21,KERSHAW - VTD 21,37606236.671305,Kershaw,055,Lugoff No. 2,Kershaw - Lugoff No. 2,KERSHAW - LUGOFF NO. 2,17562633.404631,0.467014,2
055,Kershaw,VTD 21,4505521,Kershaw - VTD 21,KERSHAW - VTD 21,37606236.671305,Kershaw,055,Doby's Mill,Kershaw - Doby's Mill,KERSHAW - DOBYS MILL,929508.931686,0.024717,3
055,Kershaw,VTD 30,4505530,Kershaw - VTD 30,KERSHAW - VTD 30,9159529.905937,Kershaw,055,Lugoff No. 3,Kershaw - Lugoff No. 3,KERSHAW - LUGOFF NO. 3,9159527.927997,1.000000,1
055,Kershaw,VTD 13,4505513,Kershaw - VTD 13,KERSHAW - VTD 13,163691009.483321,Kershaw,055,Cherlotte Thompson,Kershaw - Cherlotte Thompson,KERSHAW - CHERLOTTE THOMPSON,157966134.251128,0.965026,1
055,Kershaw,VTD 13,4505513,Kershaw - VTD 13,KERSHAW - VTD 13,163691009.483321,Kershaw,055,Camden No. 1,Kershaw - Camden No. 1,KERSHAW - CAMDEN NO. 1,5566217.393074,0.034004,2
055,Kershaw,VTD 13,4505513,Kershaw - VTD 13,KERSHAW - VTD 13,163691009.483321,Kershaw,055,East Camden-Hermitage,Kershaw - East Camden-Hermitage,KERSHAW - EAST CAMDEN-HERMITAGE,158645.683817,0.000969,3
055,Kershaw,VTD 15,4505515,Kershaw - VTD 15,KERSHAW - VTD 15,4720096.897919,Kershaw,055,East Camden-Hermitage,Kershaw - East Camden-Hermitage,KERSHAW - EAST CAMDEN-HERMITAGE,4038093.520912,0.855511,1
055,Kershaw,VTD 15,4505515,Kershaw - VTD 15,KERSHAW - VTD 15,4720096.897919,Kershaw,055,Camden No. 1,Kershaw - Camden No. 1,KERSHAW - CAMDEN NO. 1,682003.377007,0.144489,2
055,Kershaw,VTD 24,4505524,Kershaw - VTD 24,KERSHAW - VTD 24,10936453.451980,Kershaw,055,Riverdale,Kershaw - Riverdale,KERSHAW - RIVERDALE,10800214.829058,0.987543,1
055,Kershaw,VTD 24,4505524,Kershaw - VTD 24,KERSHAW - VTD 24,10936453.451980,Kershaw,055,Camden No. 2,Kershaw - Camden No. 2,KERSHAW - CAMDEN NO. 2,62574.974652,0.005722,2
055,Kershaw,VTD 24,4505524,Kershaw - VTD 24,KERSHAW - VTD 24,10936453.451980,Kershaw,055,Camden No. 3,Kershaw - Camden No. 3,KERSHAW - CAMDEN NO. 3,50185.668791,0.004589,3
055,Kershaw,VTD 24,4505524,Kershaw - VTD 24,KERSHAW - VTD 24,10936453.451980,Kershaw,055,Camden No. 1,Kershaw - Camden No. 1,KERSHAW - CAMDEN NO. 1,23477.979478,0.002147,4
055,Kershaw,VTD 5,450555,Kershaw - VTD 5,KERSHAW - VTD 5,4099343.513335,Kershaw,055,Camden No. 1,Kershaw - Camden No. 1,KERSHAW - CAMDEN NO. 1,3872783.006000,0.944732,1
055,Kershaw,VTD 5,450555,Kershaw - VTD 5,KERSHAW - VTD 5,4099343.513335,Kershaw,055,Riverdale,Kershaw - Riverdale,KERSHAW - RIVERDALE,226560.507335,0.055268,2
055,Kershaw,VTD 6,450556,Kershaw - VTD 6,KERSHAW - VTD 6,1393251.992583,Kershaw,055,Camden No. 2,Kershaw - Camden No. 2,KERSHAW - CAMDEN NO. 2,1029597.451929,0.738989,1
055,Kershaw,VTD 6,450556,Kershaw - VTD 6,KERSHAW - VTD 6,1393251.992583,Kershaw,055,Camden No. 6,Kershaw - Camden No. 6,KERSHAW - CAMDEN NO. 6,266675.853795,0.191405,2
055,Kershaw,VTD 6,450556,Kershaw - VTD 6,KERSHAW - VTD 6,1393251.992583,Kershaw,055,Camden No. 3,Kershaw - Camden No. 3,KERSHAW - CAMDEN NO. 3,96978.686858,0.069606,3
055,Kershaw,VTD 7,450557,Kershaw - VTD 7,KERSHAW - VTD 7,1086520.377892,Kershaw,055,Camden No. 3,Kershaw - Camden No. 3,KERSHAW - CAMDEN NO. 3,1027296.227916,0.945492,1
055,Kershaw,VTD 7,450557,Kershaw - VTD 7,KERSHAW - VTD 7,1086520.377892,Kershaw,055,Camden No. 6,Kershaw - Camden No. 6,KERSHAW - CAMDEN NO. 6,59223.552290,0.054508,2
055,Kershaw,VTD 26,4505526,Kershaw - VTD 26,KERSHAW - VTD 26,109966169.149368,Kershaw,055,Shaylor's Hill,Kershaw - Shaylor's Hill,KERSHAW - SHAYLORS HILL,66862755.383668,0.608030,1
055,Kershaw,VTD 26,4505526,Kershaw - VTD 26,KERSHAW - VTD 26,109966169.149368,Kershaw,055,Westville,Kershaw - Westville,KERSHAW - WESTVILLE,42148742.254795,0.383288,2
055,Kershaw,VTD 26,4505526,Kershaw - VTD 26,KERSHAW - VTD 26,109966169.149368,Kershaw,055,Cassatt,Kershaw - Cassatt,KERSHAW - CASSATT,947500.932612,0.008616,3
055,Kershaw,VTD 27,4505527,Kershaw - VTD 27,KERSHAW - VTD 27,62786087.966339,Kershaw,055,Springdale,Kershaw - Springdale,KERSHAW - SPRINGDALE,62404005.411753,0.993915,1
055,Kershaw,VTD 27,4505527,Kershaw - VTD 27,KERSHAW - VTD 27,62786087.966339,Kershaw,055,Riverdale,Kershaw - Riverdale,KERSHAW - RIVERDALE,192262.847097,0.003062,2
055,Kershaw,VTD 27,4505527,Kershaw - VTD 27,KERSHAW - VTD 27,62786087.966339,Kershaw,055,Camden No. 5,Kershaw - Camden No. 5,KERSHAW - CAMDEN NO. 5,134563.832419,0.002143,3
055,Kershaw,VTD 27,4505527,Kershaw - VTD 27,KERSHAW - VTD 27,62786087.966339,Kershaw,055,Camden No. 5-A,Kershaw - Camden No. 5-A,KERSHAW - CAMDEN NO. 5-A,55255.875071,0.000880,4
055,Kershaw,VTD 2,450552,Kershaw - VTD 2,KERSHAW - VTD 2,47767654.372548,Kershaw,055,Antioch,Kershaw - Antioch,KERSHAW - ANTIOCH,46028748.440512,0.963597,1
055,Kershaw,VTD 2,450552,Kershaw - VTD 2,KERSHAW - VTD 2,47767654.372548,Kershaw,055,Cassatt,Kershaw - Cassatt,KERSHAW - CASSATT,1738905.932036,0.036403,2
055,Kershaw,VTD 31,4505531,Kershaw - VTD 31,KERSHAW - VTD 31,57322567.390830,Kershaw,055,Elgin No. 5,Kershaw - Elgin No. 5,KERSHAW - ELGIN NO. 5,25265897.513964,0.440767,1
055,Kershaw,VTD 31,4505531,Kershaw - VTD 31,KERSHAW - VTD 31,57322567.390830,Kershaw,055,Elgin No. 4,Kershaw - Elgin No. 4,KERSHAW - ELGIN NO. 4,20386550.679462,0.355646,2
055,Kershaw,VTD 31,4505531,Kershaw - VTD 31,KERSHAW - VTD 31,57322567.390830,Kershaw,055,Elgin No. 2,Kershaw - Elgin No. 2,KERSHAW - ELGIN NO. 2,11600369.478052,0.202370,3
055,Kershaw,VTD 31,4505531,Kershaw - VTD 31,KERSHAW - VTD 31,57322567.390830,Kershaw,055,Salt Pond,Kershaw - Salt Pond,KERSHAW - SALT POND,66431.727792,0.001159,4
055,Kershaw,VTD 20,4505520,Kershaw - VTD 20,KERSHAW - VTD 20,14553834.858415,Kershaw,055,Lugoff No. 1,Kershaw - Lugoff No. 1,KERSHAW - LUGOFF NO. 1,14553834.858415,1.000000,1
057,Lancaster,VTD 4,450574,Lancaster - VTD 4,LANCASTER - VTD 4,80577365.358386,Lancaster,057,Riverside,Lancaster - Riverside,LANCASTER - RIVERSIDE,80508837.990753,0.999150,1
057,Lancaster,VTD 4,450574,Lancaster - VTD 4,LANCASTER - VTD 4,80577365.358386,Lancaster,057,Jacksonham,Lancaster - Jacksonham,LANCASTER - JACKSONHAM,58367.369286,0.000724,2
057,Lancaster,VTD 4,450574,Lancaster - VTD 4,LANCASTER - VTD 4,80577365.358386,Lancaster,057,Van Wyck,Lancaster - Van Wyck,LANCASTER - VAN WYCK,10158.540581,0.000126,3
057,Lancaster,VTD 5,450575,Lancaster - VTD 5,LANCASTER - VTD 5,31836654.809603,Lancaster,057,Jacksonham,Lancaster - Jacksonham,LANCASTER - JACKSONHAM,31836651.813514,1.000000,1
057,Lancaster,VTD 1,450571,Lancaster - VTD 1,LANCASTER - VTD 1,47115111.895228,Lancaster,057,Pleasant Valley No. 2,Lancaster - Pleasant Valley No. 2,LANCASTER - PLEASANT VALLEY NO. 2,26262284.682792,0.557407,1
057,Lancaster,VTD 1,450571,Lancaster - VTD 1,LANCASTER - VTD 1,47115111.895228,Lancaster,057,Pleasant Valley,Lancaster - Pleasant Valley,LANCASTER - PLEASANT VALLEY,20809742.134799,0.441679,2
057,Lancaster,VTD 2,450572,Lancaster - VTD 2,LANCASTER - VTD 2,58844552.901651,Lancaster,057,Belair,Lancaster - Belair,LANCASTER - BELAIR,37461470.772952,0.636617,1
057,Lancaster,VTD 2,450572,Lancaster - VTD 2,LANCASTER - VTD 2,58844552.901651,Lancaster,057,Belair No. 2,Lancaster - Belair No. 2,LANCASTER - BELAIR NO. 2,21338030.559983,0.362617,2
057,Lancaster,VTD 2,450572,Lancaster - VTD 2,LANCASTER - VTD 2,58844552.901651,Lancaster,057,Van Wyck,Lancaster - Van Wyck,LANCASTER - VAN WYCK,28896.399969,0.000491,3
057,Lancaster,VTD 2,450572,Lancaster - VTD 2,LANCASTER - VTD 2,58844552.901651,Lancaster,057,Pleasant Valley No. 2,Lancaster - Pleasant Valley No. 2,LANCASTER - PLEASANT VALLEY NO. 2,15613.627253,0.000265,4
057,Lancaster,VTD 3,450573,Lancaster - VTD 3,LANCASTER - VTD 3,66600146.181084,Lancaster,057,Van Wyck,Lancaster - Van Wyck,LANCASTER - VAN WYCK,66583205.674121,0.999746,1
057,Lancaster,VTD 3,450573,Lancaster - VTD 3,LANCASTER - VTD 3,66600146.181084,Lancaster,057,Riverside,Lancaster - Riverside,LANCASTER - RIVERSIDE,16934.709041,0.000254,2
057,Lancaster,VTD 11,4505711,Lancaster - VTD 11,LANCASTER - VTD 11,15997814.405342,Lancaster,057,Lancaster East,Lancaster - Lancaster East,LANCASTER - LANCASTER EAST,15997581.673610,0.999985,1
057,Lancaster,VTD 19,4505719,Lancaster - VTD 19,LANCASTER - VTD 19,29817744.369843,Lancaster,057,Dwight,Lancaster - Dwight,LANCASTER - DWIGHT,29817738.712085,1.000000,1
057,Lancaster,VTD 9,450579,Lancaster - VTD 9,LANCASTER - VTD 9,7060056.557580,Lancaster,057,Wylie Park,Lancaster - Wylie Park,LANCASTER - WYLIE PARK,7060055.774956,1.000000,1
057,Lancaster,VTD 8,450578,Lancaster - VTD 8,LANCASTER - VTD 8,19328899.955139,Lancaster,057,Erwin Farm,Lancaster - Erwin Farm,LANCASTER - ERWIN FARM,19328894.593583,1.000000,1
057,Lancaster,VTD 21,4505721,Lancaster - VTD 21,LANCASTER - VTD 21,100440985.262849,Lancaster,057,Douglas,Lancaster - Douglas,LANCASTER - DOUGLAS,100440983.487417,1.000000,1
057,Lancaster,VTD 16,4505716,Lancaster - VTD 16,LANCASTER - VTD 16,3695309.667916,Lancaster,057,Chesterfield Ave,Lancaster - Chesterfield Ave,LANCASTER - CHESTERFIELD AVE,3692513.048388,0.999243,1
057,Lancaster,VTD 16,4505716,Lancaster - VTD 16,LANCASTER - VTD 16,3695309.667916,Lancaster,057,Gooch's Cross Road,Lancaster - Gooch's Cross Road,LANCASTER - GOOCHS CROSS ROAD,1973.145771,0.000534,2
057,Lancaster,VTD 16,4505716,Lancaster - VTD 16,LANCASTER - VTD 16,3695309.667916,Lancaster,057,Hyde Park,Lancaster - Hyde Park,LANCASTER - HYDE PARK,793.109472,0.000215,3
057,Lancaster,VTD 10,4505710,Lancaster - VTD 10,LANCASTER - VTD 10,4450099.388553,Lancaster,057,Lancaster West,Lancaster - Lancaster West,LANCASTER - LANCASTER WEST,4447824.536730,0.999489,1
057,Lancaster,VTD 10,4505710,Lancaster - VTD 10,LANCASTER - VTD 10,4450099.388553,Lancaster,057,Gooch's Cross Road,Lancaster - Gooch's Cross Road,LANCASTER - GOOCHS CROSS ROAD,2144.287197,0.000482,2
057,Lancaster,VTD 14,4505714,Lancaster - VTD 14,LANCASTER - VTD 14,53732256.757509,Lancaster,057,Spring Hill,Lancaster - Spring Hill,LANCASTER - SPRING HILL,53732253.196326,1.000000,1
057,Lancaster,VTD 13,4505713,Lancaster - VTD 13,LANCASTER - VTD 13,35254603.268598,Lancaster,057,Dwight,Lancaster - Dwight,LANCASTER - DWIGHT,35250639.075222,0.999888,1
057,Lancaster,VTD 13,4505713,Lancaster - VTD 13,LANCASTER - VTD 13,35254603.268598,Lancaster,057,Camp Creek,Lancaster - Camp Creek,LANCASTER - CAMP CREEK,3958.113556,0.000112,2
057,Lancaster,VTD 18,4505718,Lancaster - VTD 18,LANCASTER - VTD 18,20168716.587976,Lancaster,057,Antioch,Lancaster - Antioch,LANCASTER - ANTIOCH,20168713.437821,1.000000,1
057,Lancaster,VTD 7,450577,Lancaster - VTD 7,LANCASTER - VTD 7,69225929.821854,Lancaster,057,Spring Hill,Lancaster - Spring Hill,LANCASTER - SPRING HILL,69225929.430969,1.000000,1
057,Lancaster,VTD 20,4505720,Lancaster - VTD 20,LANCASTER - VTD 20,84902594.558579,Lancaster,057,Midway,Lancaster - Midway,LANCASTER - MIDWAY,84902594.131484,1.000000,1
057,Lancaster,VTD 31,4505731,Lancaster - VTD 31,LANCASTER - VTD 31,71883913.424992,Lancaster,057,Midway,Lancaster - Midway,LANCASTER - MIDWAY,70374556.693444,0.979003,1
057,Lancaster,VTD 31,4505731,Lancaster - VTD 31,LANCASTER - VTD 31,71883913.424992,Lancaster,057,Rich Hill,Lancaster - Rich Hill,LANCASTER - RICH HILL,1509356.731548,0.020997,2
057,Lancaster,VTD 30,4505730,Lancaster - VTD 30,LANCASTER - VTD 30,40146528.601814,Lancaster,057,Kershaw North,Lancaster - Kershaw North,LANCASTER - KERSHAW NORTH,40146528.459241,1.000000,1
057,Lancaster,VTD 28,4505728,Lancaster - VTD 28,LANCASTER - VTD 28,36857456.742179,Lancaster,057,Heath Springs,Lancaster - Heath Springs,LANCASTER - HEATH SPRINGS,35088024.538435,0.951993,1
057,Lancaster,VTD 28,4505728,Lancaster - VTD 28,LANCASTER - VTD 28,36857456.742179,Lancaster,057,Rich Hill,Lancaster - Rich Hill,LANCASTER - RICH HILL,1769427.730751,0.048007,2
057,Lancaster,VTD 17,4505717,Lancaster - VTD 17,LANCASTER - VTD 17,21765056.537494,Lancaster,057,Hyde Park,Lancaster - Hyde Park,LANCASTER - HYDE PARK,21765046.967369,1.000000,1
057,Lancaster,VTD 6,450576,Lancaster - VTD 6,LANCASTER - VTD 6,39118748.545460,Lancaster,057,Unity,Lancaster - Unity,LANCASTER - UNITY,39118742.711463,1.000000,1
057,Lancaster,VTD 12,4505712,Lancaster - VTD 12,LANCASTER - VTD 12,23502407.351672,Lancaster,057,Camp Creek,Lancaster - Camp Creek,LANCASTER - CAMP CREEK,23502402.054574,1.000000,1
057,Lancaster,VTD 24,4505724,Lancaster - VTD 24,LANCASTER - VTD 24,63884019.376305,Lancaster,057,Rich Hill,Lancaster - Rich Hill,LANCASTER - RICH HILL,61619327.915058,0.964550,1
057,Lancaster,VTD 24,4505724,Lancaster - VTD 24,LANCASTER - VTD 24,63884019.376305,Lancaster,057,Pleasant Hill,Lancaster - Pleasant Hill,LANCASTER - PLEASANT HILL,1245965.997011,0.019504,2
057,Lancaster,VTD 24,4505724,Lancaster - VTD 24,LANCASTER - VTD 24,63884019.376305,Lancaster,057,Elgin,Lancaster - Elgin,LANCASTER - ELGIN,1018725.118442,0.015946,3
057,Lancaster,VTD 32,4505732,Lancaster - VTD 32,LANCASTER - VTD 32,73511861.513723,Lancaster,057,Kershaw South,Lancaster - Kershaw South,LANCASTER - KERSHAW SOUTH,73511292.355568,0.999992,1
057,Lancaster,VTD 29,4505729,Lancaster - VTD 29,LANCASTER - VTD 29,65023072.142166,Lancaster,057,Heath Springs,Lancaster - Heath Springs,LANCASTER - HEATH SPRINGS,65023069.372798,1.000000,1
057,Lancaster,VTD 27,4505727,Lancaster - VTD 27,LANCASTER - VTD 27,64199367.560939,Lancaster,057,Carmel,Lancaster - Carmel,LANCASTER - CARMEL,64199367.499840,1.000000,1
057,Lancaster,VTD 26,4505726,Lancaster - VTD 26,LANCASTER - VTD 26,104667634.182952,Lancaster,057,Carmel,Lancaster - Carmel,LANCASTER - CARMEL,104667633.795703,1.000000,1
057,Lancaster,VTD 15,4505715,Lancaster - VTD 15,LANCASTER - VTD 15,13157047.137442,Lancaster,057,Gooch's Cross Road,Lancaster - Gooch's Cross Road,LANCASTER - GOOCHS CROSS ROAD,13155246.249471,0.999863,1
057,Lancaster,VTD 15,4505715,Lancaster - VTD 15,LANCASTER - VTD 15,13157047.137442,Lancaster,057,Lancaster West,Lancaster - Lancaster West,LANCASTER - LANCASTER WEST,1381.290551,0.000105,2
057,Lancaster,VTD 22,4505722,Lancaster - VTD 22,LANCASTER - VTD 22,12628534.606913,Lancaster,057,Lynwood Drive,Lancaster - Lynwood Drive,LANCASTER - LYNWOOD DRIVE,12626747.757549,0.999859,1
057,Lancaster,VTD 22,4505722,Lancaster - VTD 22,LANCASTER - VTD 22,12628534.606913,Lancaster,057,Elgin,Lancaster - Elgin,LANCASTER - ELGIN,1786.656142,0.000141,2
057,Lancaster,VTD 23,4505723,Lancaster - VTD 23,LANCASTER - VTD 23,22937408.500857,Lancaster,057,Elgin,Lancaster - Elgin,LANCASTER - ELGIN,22937403.823853,1.000000,1
057,Lancaster,VTD 25,4505725,Lancaster - VTD 25,LANCASTER - VTD 25,55471583.164461,Lancaster,057,Pleasant Hill,Lancaster - Pleasant Hill,LANCASTER - PLEASANT HILL,55471581.847422,1.000000,1
059,Laurens,VTD 1,450591,Laurens - VTD 1,LAURENS - VTD 1,54434490.977634,Laurens,059,Cooks,Laurens - Cooks,LAURENS - COOKS,53971400.373480,0.991493,1
059,Laurens,VTD 1,450591,Laurens - VTD 1,LAURENS - VTD 1,54434490.977634,Laurens,059,Jones,Laurens - Jones,LAURENS - JONES,319425.213620,0.005868,2
059,Laurens,VTD 1,450591,Laurens - VTD 1,LAURENS - VTD 1,54434490.977634,Laurens,059,Youngs,Laurens - Youngs,LAURENS - YOUNGS,142708.208851,0.002622,3
059,Laurens,VTD 2,450592,Laurens - VTD 2,LAURENS - VTD 2,61768902.057926,Laurens,059,Youngs,Laurens - Youngs,LAURENS - YOUNGS,61757022.491504,0.999808,1
059,Laurens,VTD 2,450592,Laurens - VTD 2,LAURENS - VTD 2,61768902.057926,Laurens,059,Gray Court,Laurens - Gray Court,LAURENS - GRAY COURT,10509.479343,0.000170,2
059,Laurens,VTD 5,450595,Laurens - VTD 5,LAURENS - VTD 5,108206377.873892,Laurens,059,Ora-Lanford,Laurens - Ora-Lanford,LAURENS - ORA-LANFORD,108206377.609491,1.000000,1
059,Laurens,VTD 8,450598,Laurens - VTD 8,LAURENS - VTD 8,130048261.839484,Laurens,059,Long Branch,Laurens - Long Branch,LAURENS - LONG BRANCH,128394841.856847,0.987286,1
059,Laurens,VTD 8,450598,Laurens - VTD 8,LAURENS - VTD 8,130048261.839484,Laurens,059,Ora-Lanford,Laurens - Ora-Lanford,LAURENS - ORA-LANFORD,1648415.874419,0.012675,2
059,Laurens,VTD 19,4505919,Laurens - VTD 19,LAURENS - VTD 19,10805532.849101,Laurens,059,Clinton Mill,Laurens - Clinton Mill,LAURENS - CLINTON MILL,10652059.767279,0.985797,1
059,Laurens,VTD 19,4505919,Laurens - VTD 19,LAURENS - VTD 19,10805532.849101,Laurens,059,Long Branch,Laurens - Long Branch,LAURENS - LONG BRANCH,135557.187234,0.012545,2
059,Laurens,VTD 19,4505919,Laurens - VTD 19,LAURENS - VTD 19,10805532.849101,Laurens,059,Lydia Mill,Laurens - Lydia Mill,LAURENS - LYDIA MILL,15804.029691,0.001463,3
059,Laurens,VTD 19,4505919,Laurens - VTD 19,LAURENS - VTD 19,10805532.849101,Laurens,059,Clinton No. 2,Laurens - Clinton No. 2,LAURENS - CLINTON NO. 2,2111.864896,0.000195,4
059,Laurens,VTD 9,450599,Laurens - VTD 9,LAURENS - VTD 9,94946561.372427,Laurens,059,Clinton No. 1,Laurens - Clinton No. 1,LAURENS - CLINTON NO. 1,94946557.080520,1.000000,1
059,Laurens,VTD 34,4505934,Laurens - VTD 34,LAURENS - VTD 34,87085249.372654,Laurens,059,Joanna,Laurens - Joanna,LAURENS - JOANNA,87085249.372654,1.000000,1
059,Laurens,VTD 32,4505932,Laurens - VTD 32,LAURENS - VTD 32,145870776.223333,Laurens,059,Cross Hill,Laurens - Cross Hill,LAURENS - CROSS HILL,145870776.197786,1.000000,1
059,Laurens,VTD 29,4505929,Laurens - VTD 29,LAURENS - VTD 29,59718840.724346,Laurens,059,Mt. Olive,Laurens - Mt. Olive,LAURENS - MT. OLIVE,59718840.724346,1.000000,1
059,Laurens,VTD 30,4505930,Laurens - VTD 30,LAURENS - VTD 30,69600785.905379,Laurens,059,Waterloo,Laurens - Waterloo,LAURENS - WATERLOO,69600785.905379,1.000000,1
059,Laurens,VTD 31,4505931,Laurens - VTD 31,LAURENS - VTD 31,107818918.800266,Laurens,059,Mountville,Laurens - Mountville,LAURENS - MOUNTVILLE,104694315.344421,0.971020,1
059,Laurens,VTD 31,4505931,Laurens - VTD 31,LAURENS - VTD 31,107818918.800266,Laurens,059,Waterloo,Laurens - Waterloo,LAURENS - WATERLOO,2332647.708636,0.021635,2
059,Laurens,VTD 31,4505931,Laurens - VTD 31,LAURENS - VTD 31,107818918.800266,Laurens,059,Bailey,Laurens - Bailey,LAURENS - BAILEY,727647.949863,0.006749,3
059,Laurens,VTD 31,4505931,Laurens - VTD 31,LAURENS - VTD 31,107818918.800266,Laurens,059,Ekom,Laurens - Ekom,LAURENS - EKOM,52256.255967,0.000485,4
059,Laurens,VTD 31,4505931,Laurens - VTD 31,LAURENS - VTD 31,107818918.800266,Laurens,059,Madden,Laurens - Madden,LAURENS - MADDEN,12051.541379,0.000112,5
059,Laurens,VTD 33,4505933,Laurens - VTD 33,LAURENS - VTD 33,90515589.648267,Laurens,059,Joanna,Laurens - Joanna,LAURENS - JOANNA,90496852.029538,0.999793,1
059,Laurens,VTD 33,4505933,Laurens - VTD 33,LAURENS - VTD 33,90515589.648267,Laurens,059,Cross Hill,Laurens - Cross Hill,LAURENS - CROSS HILL,18721.095134,0.000207,2
059,Laurens,VTD 14,4505914,Laurens - VTD 14,LAURENS - VTD 14,35291890.019425,Laurens,059,Princeton,Laurens - Princeton,LAURENS - PRINCETON,31119206.419291,0.881767,1
059,Laurens,VTD 14,4505914,Laurens - VTD 14,LAURENS - VTD 14,35291890.019425,Laurens,059,Brewerton,Laurens - Brewerton,LAURENS - BREWERTON,4172683.600134,0.118233,2
059,Laurens,VTD 20,4505920,Laurens - VTD 20,LAURENS - VTD 20,35580817.591162,Laurens,059,Brewerton,Laurens - Brewerton,LAURENS - BREWERTON,30968589.801291,0.870373,1
059,Laurens,VTD 20,4505920,Laurens - VTD 20,LAURENS - VTD 20,35580817.591162,Laurens,059,Princeton,Laurens - Princeton,LAURENS - PRINCETON,4225494.009164,0.118758,2
059,Laurens,VTD 20,4505920,Laurens - VTD 20,LAURENS - VTD 20,35580817.591162,Laurens,059,Martins-Poplar Spring,Laurens - Martins-Poplar Spring,LAURENS - MARTINS-POPLAR SPRING,386733.780706,0.010869,3
059,Laurens,VTD 35,4505935,Laurens - VTD 35,LAURENS - VTD 35,45871690.005779,Laurens,059,Martins-Poplar Spring,Laurens - Martins-Poplar Spring,LAURENS - MARTINS-POPLAR SPRING,45869599.042905,0.999954,1
059,Laurens,VTD 10,4505910,Laurens - VTD 10,LAURENS - VTD 10,93695194.420049,Laurens,059,Hickory Tavern,Laurens - Hickory Tavern,LAURENS - HICKORY TAVERN,93436700.859341,0.997241,1
059,Laurens,VTD 10,4505910,Laurens - VTD 10,LAURENS - VTD 10,93695194.420049,Laurens,059,Greenpond,Laurens - Greenpond,LAURENS - GREENPOND,251215.524138,0.002681,2
059,Laurens,VTD 6,450596,Laurens - VTD 6,LAURENS - VTD 6,48111127.751325,Laurens,059,Greenpond,Laurens - Greenpond,LAURENS - GREENPOND,48018773.760037,0.998080,1
059,Laurens,VTD 6,450596,Laurens - VTD 6,LAURENS - VTD 6,48111127.751325,Laurens,059,Jones,Laurens - Jones,LAURENS - JONES,92353.991287,0.001920,2
059,Laurens,VTD 15,4505915,Laurens - VTD 15,LAURENS - VTD 15,54556650.375545,Laurens,059,Trinity Ridge,Laurens - Trinity Ridge,LAURENS - TRINITY RIDGE,53715875.033533,0.984589,1
059,Laurens,VTD 15,4505915,Laurens - VTD 15,LAURENS - VTD 15,54556650.375545,Laurens,059,Madden,Laurens - Madden,LAURENS - MADDEN,701932.921355,0.012866,2
059,Laurens,VTD 15,4505915,Laurens - VTD 15,LAURENS - VTD 15,54556650.375545,Laurens,059,Ward 6,Laurens - Ward 6,LAURENS - WARD 6,55565.295770,0.001018,3
059,Laurens,VTD 15,4505915,Laurens - VTD 15,LAURENS - VTD 15,54556650.375545,Laurens,059,Barksdale-Narnie,Laurens - Barksdale-Narnie,LAURENS - BARKSDALE-NARNIE,44984.957765,0.000825,4
059,Laurens,VTD 15,4505915,Laurens - VTD 15,LAURENS - VTD 15,54556650.375545,Laurens,059,Hickory Tavern,Laurens - Hickory Tavern,LAURENS - HICKORY TAVERN,38292.167121,0.000702,5
059,Laurens,VTD 7,450597,Laurens - VTD 7,LAURENS - VTD 7,54673896.817858,Laurens,059,Gray Court,Laurens - Gray Court,LAURENS - GRAY COURT,54496970.281765,0.996764,1
059,Laurens,VTD 7,450597,Laurens - VTD 7,LAURENS - VTD 7,54673896.817858,Laurens,059,Owings,Laurens - Owings,LAURENS - OWINGS,160722.306107,0.002940,2
059,Laurens,VTD 7,450597,Laurens - VTD 7,LAURENS - VTD 7,54673896.817858,Laurens,059,Youngs,Laurens - Youngs,LAURENS - YOUNGS,16172.881415,0.000296,3
059,Laurens,VTD 4,450594,Laurens - VTD 4,LAURENS - VTD 4,38327194.028017,Laurens,059,Owings,Laurens - Owings,LAURENS - OWINGS,37499777.164186,0.978412,1
059,Laurens,VTD 4,450594,Laurens - VTD 4,LAURENS - VTD 4,38327194.028017,Laurens,059,Gray Court,Laurens - Gray Court,LAURENS - GRAY COURT,685246.239952,0.017879,2
059,Laurens,VTD 4,450594,Laurens - VTD 4,LAURENS - VTD 4,38327194.028017,Laurens,059,Jones,Laurens - Jones,LAURENS - JONES,142170.623878,0.003709,3
059,Laurens,VTD 3,450593,Laurens - VTD 3,LAURENS - VTD 3,23908621.558059,Laurens,059,Jones,Laurens - Jones,LAURENS - JONES,23712037.249519,0.991778,1
059,Laurens,VTD 3,450593,Laurens - VTD 3,LAURENS - VTD 3,23908621.558059,Laurens,059,Owings,Laurens - Owings,LAURENS - OWINGS,162831.170145,0.006811,2
059,Laurens,VTD 3,450593,Laurens - VTD 3,LAURENS - VTD 3,23908621.558059,Laurens,059,Cooks,Laurens - Cooks,LAURENS - COOKS,33753.138395,0.001412,3
059,Laurens,VTD 11,4505911,Laurens - VTD 11,LAURENS - VTD 11,48555478.550737,Laurens,059,Barksdale-Narnie,Laurens - Barksdale-Narnie,LAURENS - BARKSDALE-NARNIE,48555470.003618,1.000000,1
059,Laurens,VTD 12,4505912,Laurens - VTD 12,LAURENS - VTD 12,30797701.679250,Laurens,059,Wattsville,Laurens - Wattsville,LAURENS - WATTSVILLE,30524416.162977,0.991126,1
059,Laurens,VTD 12,4505912,Laurens - VTD 12,LAURENS - VTD 12,30797701.679250,Laurens,059,Ward 2,Laurens - Ward 2,LAURENS - WARD 2,174709.463702,0.005673,2
059,Laurens,VTD 12,4505912,Laurens - VTD 12,LAURENS - VTD 12,30797701.679250,Laurens,059,Barksdale-Narnie,Laurens - Barksdale-Narnie,LAURENS - BARKSDALE-NARNIE,58661.435661,0.001905,3
059,Laurens,VTD 12,4505912,Laurens - VTD 12,LAURENS - VTD 12,30797701.679250,Laurens,059,Ward 6,Laurens - Ward 6,LAURENS - WARD 6,37158.050299,0.001207,4
059,Laurens,VTD 17,4505917,Laurens - VTD 17,LAURENS - VTD 17,3090773.883355,Laurens,059,Ward 2,Laurens - Ward 2,LAURENS - WARD 2,2949705.811914,0.954358,1
059,Laurens,VTD 17,4505917,Laurens - VTD 17,LAURENS - VTD 17,3090773.883355,Laurens,059,Wattsville,Laurens - Wattsville,LAURENS - WATTSVILLE,87428.389331,0.028287,2
059,Laurens,VTD 17,4505917,Laurens - VTD 17,LAURENS - VTD 17,3090773.883355,Laurens,059,Ward 6,Laurens - Ward 6,LAURENS - WARD 6,51390.914288,0.016627,3
059,Laurens,VTD 17,4505917,Laurens - VTD 17,LAURENS - VTD 17,3090773.883355,Laurens,059,Ward 3,Laurens - Ward 3,LAURENS - WARD 3,2248.767823,0.000728,4
059,Laurens,VTD 24,4505924,Laurens - VTD 24,LAURENS - VTD 24,2636134.766558,Laurens,059,Ward 1,Laurens - Ward 1,LAURENS - WARD 1,2530161.799775,0.959800,1
059,Laurens,VTD 24,4505924,Laurens - VTD 24,LAURENS - VTD 24,2636134.766558,Laurens,059,Ward 6,Laurens - Ward 6,LAURENS - WARD 6,37443.762272,0.014204,2
059,Laurens,VTD 24,4505924,Laurens - VTD 24,LAURENS - VTD 24,2636134.766558,Laurens,059,Ward 2,Laurens - Ward 2,LAURENS - WARD 2,34381.684618,0.013042,3
059,Laurens,VTD 24,4505924,Laurens - VTD 24,LAURENS - VTD 24,2636134.766558,Laurens,059,Ward 3,Laurens - Ward 3,LAURENS - WARD 3,31088.455809,0.011793,4
059,Laurens,VTD 24,4505924,Laurens - VTD 24,LAURENS - VTD 24,2636134.766558,Laurens,059,Ward 4,Laurens - Ward 4,LAURENS - WARD 4,3059.064084,0.001160,5
059,Laurens,VTD 25,4505925,Laurens - VTD 25,LAURENS - VTD 25,2058338.593946,Laurens,059,Ward 4,Laurens - Ward 4,LAURENS - WARD 4,1943570.227840,0.944242,1
059,Laurens,VTD 25,4505925,Laurens - VTD 25,LAURENS - VTD 25,2058338.593946,Laurens,059,Ward 1,Laurens - Ward 1,LAURENS - WARD 1,114768.366107,0.055758,2
059,Laurens,VTD 23,4505923,Laurens - VTD 23,LAURENS - VTD 23,4714006.463510,Laurens,059,Ward 5,Laurens - Ward 5,LAURENS - WARD 5,4714006.463510,1.000000,1
059,Laurens,VTD 27,4505927,Laurens - VTD 27,LAURENS - VTD 27,18078660.277825,Laurens,059,Lydia Mill,Laurens - Lydia Mill,LAURENS - LYDIA MILL,17699028.762033,0.979001,1
059,Laurens,VTD 27,4505927,Laurens - VTD 27,LAURENS - VTD 27,18078660.277825,Laurens,059,Bailey,Laurens - Bailey,LAURENS - BAILEY,353744.686432,0.019567,2
059,Laurens,VTD 27,4505927,Laurens - VTD 27,LAURENS - VTD 27,18078660.277825,Laurens,059,Clinton No. 2,Laurens - Clinton No. 2,LAURENS - CLINTON NO. 2,25881.689963,0.001432,3
059,Laurens,VTD 36,4505936,Laurens - VTD 36,LAURENS - VTD 36,6893049.199690,Laurens,059,Clinton No. 2,Laurens - Clinton No. 2,LAURENS - CLINTON NO. 2,5368508.533976,0.778829,1
059,Laurens,VTD 36,4505936,Laurens - VTD 36,LAURENS - VTD 36,6893049.199690,Laurens,059,Lydia Mill,Laurens - Lydia Mill,LAURENS - LYDIA MILL,1492026.440748,0.216454,2
059,Laurens,VTD 36,4505936,Laurens - VTD 36,LAURENS - VTD 36,6893049.199690,Laurens,059,Clinton No. 3,Laurens - Clinton No. 3,LAURENS - CLINTON NO. 3,32514.224966,0.004717,3
059,Laurens,VTD 28,4505928,Laurens - VTD 28,LAURENS - VTD 28,37733322.307330,Laurens,059,Clinton No. 3,Laurens - Clinton No. 3,LAURENS - CLINTON NO. 3,37581645.389512,0.995980,1
059,Laurens,VTD 28,4505928,Laurens - VTD 28,LAURENS - VTD 28,37733322.307330,Laurens,059,Lydia Mill,Laurens - Lydia Mill,LAURENS - LYDIA MILL,77404.356424,0.002051,2
059,Laurens,VTD 28,4505928,Laurens - VTD 28,LAURENS - VTD 28,37733322.307330,Laurens,059,Clinton No. 2,Laurens - Clinton No. 2,LAURENS - CLINTON NO. 2,74272.561394,0.001968,3
059,Laurens,VTD 18,4505918,Laurens - VTD 18,LAURENS - VTD 18,4478365.622492,Laurens,059,Ward 3,Laurens - Ward 3,LAURENS - WARD 3,3554124.438904,0.793621,1
059,Laurens,VTD 18,4505918,Laurens - VTD 18,LAURENS - VTD 18,4478365.622492,Laurens,059,Ward 4,Laurens - Ward 4,LAURENS - WARD 4,473958.629386,0.105833,2
059,Laurens,VTD 18,4505918,Laurens - VTD 18,LAURENS - VTD 18,4478365.622492,Laurens,059,Bailey,Laurens - Bailey,LAURENS - BAILEY,358893.218474,0.080139,3
059,Laurens,VTD 18,4505918,Laurens - VTD 18,LAURENS - VTD 18,4478365.622492,Laurens,059,Ward 1,Laurens - Ward 1,LAURENS - WARD 1,59413.178733,0.013267,4
059,Laurens,VTD 18,4505918,Laurens - VTD 18,LAURENS - VTD 18,4478365.622492,Laurens,059,Ward 2,Laurens - Ward 2,LAURENS - WARD 2,23717.817507,0.005296,5
059,Laurens,VTD 18,4505918,Laurens - VTD 18,LAURENS - VTD 18,4478365.622492,Laurens,059,Wattsville,Laurens - Wattsville,LAURENS - WATTSVILLE,8258.339488,0.001844,6
059,Laurens,VTD 16,4505916,Laurens - VTD 16,LAURENS - VTD 16,7954761.508048,Laurens,059,Ward 6,Laurens - Ward 6,LAURENS - WARD 6,6945933.862418,0.873179,1
059,Laurens,VTD 16,4505916,Laurens - VTD 16,LAURENS - VTD 16,7954761.508048,Laurens,059,Trinity Ridge,Laurens - Trinity Ridge,LAURENS - TRINITY RIDGE,725369.674847,0.091187,2
059,Laurens,VTD 16,4505916,Laurens - VTD 16,LAURENS - VTD 16,7954761.508048,Laurens,059,Barksdale-Narnie,Laurens - Barksdale-Narnie,LAURENS - BARKSDALE-NARNIE,125909.863432,0.015828,3
059,Laurens,VTD 16,4505916,Laurens - VTD 16,LAURENS - VTD 16,7954761.508048,Laurens,059,Ward 2,Laurens - Ward 2,LAURENS - WARD 2,66133.008896,0.008314,4
059,Laurens,VTD 16,4505916,Laurens - VTD 16,LAURENS - VTD 16,7954761.508048,Laurens,059,Wattsville,Laurens - Wattsville,LAURENS - WATTSVILLE,36761.875067,0.004621,5
059,Laurens,VTD 16,4505916,Laurens - VTD 16,LAURENS - VTD 16,7954761.508048,Laurens,059,Ward 1,Laurens - Ward 1,LAURENS - WARD 1,29623.218067,0.003724,6
059,Laurens,VTD 16,4505916,Laurens - VTD 16,LAURENS - VTD 16,7954761.508048,Laurens,059,Madden,Laurens - Madden,LAURENS - MADDEN,25030.005321,0.003147,7
059,Laurens,VTD 13,4505913,Laurens - VTD 13,LAURENS - VTD 13,70317077.577011,Laurens,059,Clinton No. 1,Laurens - Clinton No. 1,LAURENS - CLINTON NO. 1,69904719.244315,0.994136,1
059,Laurens,VTD 13,4505913,Laurens - VTD 13,LAURENS - VTD 13,70317077.577011,Laurens,059,Clinton Mill,Laurens - Clinton Mill,LAURENS - CLINTON MILL,239532.643095,0.003406,2
059,Laurens,VTD 13,4505913,Laurens - VTD 13,LAURENS - VTD 13,70317077.577011,Laurens,059,Clinton No. 2,Laurens - Clinton No. 2,LAURENS - CLINTON NO. 2,169174.521165,0.002406,3
059,Laurens,VTD 26,4505926,Laurens - VTD 26,LAURENS - VTD 26,51596682.196093,Laurens,059,Bailey,Laurens - Bailey,LAURENS - BAILEY,51443419.593340,0.997030,1
059,Laurens,VTD 26,4505926,Laurens - VTD 26,LAURENS - VTD 26,51596682.196093,Laurens,059,Ward 4,Laurens - Ward 4,LAURENS - WARD 4,130271.585355,0.002525,2
059,Laurens,VTD 26,4505926,Laurens - VTD 26,LAURENS - VTD 26,51596682.196093,Laurens,059,Lydia Mill,Laurens - Lydia Mill,LAURENS - LYDIA MILL,21892.099912,0.000424,3
059,Laurens,VTD 22,4505922,Laurens - VTD 22,LAURENS - VTD 22,65772002.810651,Laurens,059,Madden,Laurens - Madden,LAURENS - MADDEN,63917583.199605,0.971805,1
059,Laurens,VTD 22,4505922,Laurens - VTD 22,LAURENS - VTD 22,65772002.810651,Laurens,059,Ekom,Laurens - Ekom,LAURENS - EKOM,904262.398060,0.013748,2
059,Laurens,VTD 22,4505922,Laurens - VTD 22,LAURENS - VTD 22,65772002.810651,Laurens,059,Mountville,Laurens - Mountville,LAURENS - MOUNTVILLE,593390.590647,0.009022,3
059,Laurens,VTD 22,4505922,Laurens - VTD 22,LAURENS - VTD 22,65772002.810651,Laurens,059,Bailey,Laurens - Bailey,LAURENS - BAILEY,295680.087078,0.004496,4
059,Laurens,VTD 22,4505922,Laurens - VTD 22,LAURENS - VTD 22,65772002.810651,Laurens,059,Trinity Ridge,Laurens - Trinity Ridge,LAURENS - TRINITY RIDGE,61086.535262,0.000929,5
059,Laurens,VTD 21,4505921,Laurens - VTD 21,LAURENS - VTD 21,69219703.318617,Laurens,059,Ekom,Laurens - Ekom,LAURENS - EKOM,68719598.668019,0.992775,1
059,Laurens,VTD 21,4505921,Laurens - VTD 21,LAURENS - VTD 21,69219703.318617,Laurens,059,Martins-Poplar Spring,Laurens - Martins-Poplar Spring,LAURENS - MARTINS-POPLAR SPRING,500104.650599,0.007225,2
061,Lee,VTD 16,4506116,Lee - VTD 16,LEE - VTD 16,12659180.434376,Lee,061,Bishopville No. 3,Lee - Bishopville No. 3,LEE - BISHOPVILLE NO. 3,12659180.434376,1.000000,1
061,Lee,VTD 2,450612,Lee - VTD 2,LEE - VTD 2,58148477.749424,Lee,061,Schrocks Mill/Lucknow,Lee - Schrocks Mill/Lucknow,LEE - SCHROCKS MILLLUCKNOW,57782243.143266,0.993702,1
061,Lee,VTD 2,450612,Lee - VTD 2,LEE - VTD 2,58148477.749424,Lee,061,St. Matthews,Lee - St. Matthews,LEE - ST. MATTHEWS,259703.694798,0.004466,2
061,Lee,VTD 2,450612,Lee - VTD 2,LEE - VTD 2,58148477.749424,Lee,061,Turkey Creek,Lee - Turkey Creek,LEE - TURKEY CREEK,106530.911360,0.001832,3
061,Lee,VTD 1,450611,Lee - VTD 1,LEE - VTD 1,23526394.181802,Lee,061,Schrocks Mill/Lucknow,Lee - Schrocks Mill/Lucknow,LEE - SCHROCKS MILLLUCKNOW,23526394.120534,1.000000,1
061,Lee,VTD 29,4506129,Lee - VTD 29,LEE - VTD 29,79449388.943719,Lee,061,Lynchburg,Lee - Lynchburg,LEE - LYNCHBURG,74291073.611388,0.935074,1
061,Lee,VTD 29,4506129,Lee - VTD 29,LEE - VTD 29,79449388.943719,Lee,061,S Lynchburg,Lee - S Lynchburg,LEE - S LYNCHBURG,5158315.332331,0.064926,2
061,Lee,VTD 3,450613,Lee - VTD 3,LEE - VTD 3,33922758.547056,Lee,061,Turkey Creek,Lee - Turkey Creek,LEE - TURKEY CREEK,33922758.547056,1.000000,1
061,Lee,VTD 4,450614,Lee - VTD 4,LEE - VTD 4,22533781.323275,Lee,061,St. Matthews,Lee - St. Matthews,LEE - ST. MATTHEWS,22401352.093934,0.994123,1
061,Lee,VTD 4,450614,Lee - VTD 4,LEE - VTD 4,22533781.323275,Lee,061,Schrocks Mill/Lucknow,Lee - Schrocks Mill/Lucknow,LEE - SCHROCKS MILLLUCKNOW,132429.229340,0.005877,2
061,Lee,VTD 17,4506117,Lee - VTD 17,LEE - VTD 17,34831601.948614,Lee,061,Manville,Lee - Manville,LEE - MANVILLE,34211561.529282,0.982199,1
061,Lee,VTD 17,4506117,Lee - VTD 17,LEE - VTD 17,34831601.948614,Lee,061,Mt. Clio,Lee - Mt. Clio,LEE - MT. CLIO,620040.419331,0.017801,2
061,Lee,VTD 15,4506115,Lee - VTD 15,LEE - VTD 15,27764655.785966,Lee,061,Cedar Creek,Lee - Cedar Creek,LEE - CEDAR CREEK,27764561.796846,0.999997,1
061,Lee,VTD 10,4506110,Lee - VTD 10,LEE - VTD 10,17403979.823429,Lee,061,Bishopville No. 2,Lee - Bishopville No. 2,LEE - BISHOPVILLE NO. 2,17403979.823429,1.000000,1
061,Lee,VTD 9,450619,Lee - VTD 9,LEE - VTD 9,1671745.841151,Lee,061,Bishopville No. 4,Lee - Bishopville No. 4,LEE - BISHOPVILLE NO. 4,1671745.841151,1.000000,1
061,Lee,VTD 11,4506111,Lee - VTD 11,LEE - VTD 11,1173709.121357,Lee,061,Bishopville No. 2,Lee - Bishopville No. 2,LEE - BISHOPVILLE NO. 2,1173709.121357,1.000000,1
061,Lee,VTD 8,450618,Lee - VTD 8,LEE - VTD 8,27890191.410858,Lee,061,Bishopville No. 4,Lee - Bishopville No. 4,LEE - BISHOPVILLE NO. 4,27888820.585218,0.999951,1
061,Lee,VTD 5,450615,Lee - VTD 5,LEE - VTD 5,14803093.940387,Lee,061,Ashland/Stokes Bridge,Lee - Ashland/Stokes Bridge,LEE - ASHLANDSTOKES BRIDGE,14803093.879161,1.000000,1
061,Lee,VTD 6,450616,Lee - VTD 6,LEE - VTD 6,52256011.700248,Lee,061,Ashland/Stokes Bridge,Lee - Ashland/Stokes Bridge,LEE - ASHLANDSTOKES BRIDGE,52255057.501015,0.999982,1
061,Lee,VTD 18,4506118,Lee - VTD 18,LEE - VTD 18,28282072.045044,Lee,061,Hickory Hill,Lee - Hickory Hill,LEE - HICKORY HILL,28231279.846401,0.998204,1
061,Lee,VTD 18,4506118,Lee - VTD 18,LEE - VTD 18,28282072.045044,Lee,061,Ashwood,Lee - Ashwood,LEE - ASHWOOD,50792.198644,0.001796,2
061,Lee,VTD 19,4506119,Lee - VTD 19,LEE - VTD 19,32236233.898885,Lee,061,Ionia,Lee - Ionia,LEE - IONIA,31354585.178132,0.972650,1
061,Lee,VTD 19,4506119,Lee - VTD 19,LEE - VTD 19,32236233.898885,Lee,061,Schrocks Mill/Lucknow,Lee - Schrocks Mill/Lucknow,LEE - SCHROCKS MILLLUCKNOW,880847.019514,0.027325,2
061,Lee,VTD 20,4506120,Lee - VTD 20,LEE - VTD 20,21626600.824721,Lee,061,Ionia,Lee - Ionia,LEE - IONIA,21510932.406314,0.994652,1
061,Lee,VTD 20,4506120,Lee - VTD 20,LEE - VTD 20,21626600.824721,Lee,061,Spring Hill,Lee - Spring Hill,LEE - SPRING HILL,108183.895513,0.005002,2
061,Lee,VTD 23,4506123,Lee - VTD 23,LEE - VTD 23,25271197.939045,Lee,061,Woodrow,Lee - Woodrow,LEE - WOODROW,25232847.060425,0.998482,1
061,Lee,VTD 23,4506123,Lee - VTD 23,LEE - VTD 23,25271197.939045,Lee,061,Spring Hill,Lee - Spring Hill,LEE - SPRING HILL,38350.878620,0.001518,2
061,Lee,VTD 22,4506122,Lee - VTD 22,LEE - VTD 22,58939177.024627,Lee,061,Spring Hill,Lee - Spring Hill,LEE - SPRING HILL,58125946.933798,0.986202,1
061,Lee,VTD 22,4506122,Lee - VTD 22,LEE - VTD 22,58939177.024627,Lee,061,Woodrow,Lee - Woodrow,LEE - WOODROW,813230.090829,0.013798,2
061,Lee,VTD 21,4506121,Lee - VTD 21,LEE - VTD 21,31888486.915249,Lee,061,Rattlesnake Springs,Lee - Rattlesnake Springs,LEE - RATTLESNAKE SPRINGS,28527023.121411,0.894587,1
061,Lee,VTD 21,4506121,Lee - VTD 21,LEE - VTD 21,31888486.915249,Lee,061,Spring Hill,Lee - Spring Hill,LEE - SPRING HILL,3352703.928993,0.105138,2
061,Lee,VTD 21,4506121,Lee - VTD 21,LEE - VTD 21,31888486.915249,Lee,061,Hickory Hill,Lee - Hickory Hill,LEE - HICKORY HILL,8759.864845,0.000275,3
061,Lee,VTD 12,4506112,Lee - VTD 12,LEE - VTD 12,7525014.721906,Lee,061,Bishopville No. 1,Lee - Bishopville No. 1,LEE - BISHOPVILLE NO. 1,6571574.132066,0.873297,1
061,Lee,VTD 12,4506112,Lee - VTD 12,LEE - VTD 12,7525014.721906,Lee,061,Mt. Clio,Lee - Mt. Clio,LEE - MT. CLIO,659001.801426,0.087575,2
061,Lee,VTD 12,4506112,Lee - VTD 12,LEE - VTD 12,7525014.721906,Lee,061,Manville,Lee - Manville,LEE - MANVILLE,294438.788413,0.039128,3
061,Lee,VTD 14,4506114,Lee - VTD 14,LEE - VTD 14,4853486.059564,Lee,061,Bishopville No. 3,Lee - Bishopville No. 3,LEE - BISHOPVILLE NO. 3,4853486.059564,1.000000,1
061,Lee,VTD 13,4506113,Lee - VTD 13,LEE - VTD 13,10576794.045940,Lee,061,Bishopville No. 1,Lee - Bishopville No. 1,LEE - BISHOPVILLE NO. 1,10576794.045940,1.000000,1
061,Lee,VTD 26,4506126,Lee - VTD 26,LEE - VTD 26,28710690.034963,Lee,061,Mt. Clio,Lee - Mt. Clio,LEE - MT. CLIO,25337135.612844,0.882498,1
061,Lee,VTD 26,4506126,Lee - VTD 26,LEE - VTD 26,28710690.034963,Lee,061,Bishopville No. 1,Lee - Bishopville No. 1,LEE - BISHOPVILLE NO. 1,1490840.237177,0.051926,2
061,Lee,VTD 26,4506126,Lee - VTD 26,LEE - VTD 26,28710690.034963,Lee,061,St. Charles,Lee - St. Charles,LEE - ST. CHARLES,1325346.869467,0.046162,3
061,Lee,VTD 26,4506126,Lee - VTD 26,LEE - VTD 26,28710690.034963,Lee,061,Manville,Lee - Manville,LEE - MANVILLE,557367.315475,0.019413,4
061,Lee,VTD 27,4506127,Lee - VTD 27,LEE - VTD 27,20332286.947116,Lee,061,Mt. Clio,Lee - Mt. Clio,LEE - MT. CLIO,20318699.744248,0.999332,1
061,Lee,VTD 27,4506127,Lee - VTD 27,LEE - VTD 27,20332286.947116,Lee,061,Cypress,Lee - Cypress,LEE - CYPRESS,13587.202869,0.000668,2
061,Lee,VTD 25,4506125,Lee - VTD 25,LEE - VTD 25,69435218.324568,Lee,061,St. Charles,Lee - St. Charles,LEE - ST. CHARLES,68697072.685149,0.989369,1
061,Lee,VTD 25,4506125,Lee - VTD 25,LEE - VTD 25,69435218.324568,Lee,061,Mt. Clio,Lee - Mt. Clio,LEE - MT. CLIO,604154.706346,0.008701,2
061,Lee,VTD 25,4506125,Lee - VTD 25,LEE - VTD 25,69435218.324568,Lee,061,Manville,Lee - Manville,LEE - MANVILLE,133990.933073,0.001930,3
061,Lee,VTD 24,4506124,Lee - VTD 24,LEE - VTD 24,60663724.033092,Lee,061,Ashwood,Lee - Ashwood,LEE - ASHWOOD,60628204.139008,0.999414,1
061,Lee,VTD 24,4506124,Lee - VTD 24,LEE - VTD 24,60663724.033092,Lee,061,St. Charles,Lee - St. Charles,LEE - ST. CHARLES,35519.894084,0.000586,2
061,Lee,VTD 28,4506128,Lee - VTD 28,LEE - VTD 28,32849766.187213,Lee,061,Elliott,Lee - Elliott,LEE - ELLIOTT,32849765.593764,1.000000,1
061,Lee,VTD 30,4506130,Lee - VTD 30,LEE - VTD 30,93921725.746124,Lee,061,S Lynchburg,Lee - S Lynchburg,LEE - S LYNCHBURG,93921722.369900,1.000000,1
061,Lee,VTD 31,4506131,Lee - VTD 31,LEE - VTD 31,52538953.833146,Lee,061,St. Charles,Lee - St. Charles,LEE - ST. CHARLES,52538953.833146,1.000000,1
061,Lee,VTD 7,450617,Lee - VTD 7,LEE - VTD 7,77409517.290392,Lee,061,Cypress,Lee - Cypress,LEE - CYPRESS,77388167.282406,0.999724,1
061,Lee,VTD 7,450617,Lee - VTD 7,LEE - VTD 7,77409517.290392,Lee,061,Bishopville No. 2,Lee - Bishopville No. 2,LEE - BISHOPVILLE NO. 2,21349.844583,0.000276,2
063,Lexington,VTD 4,450634,Lexington - VTD 4,LEXINGTON - VTD 4,31428220.153785,Lexington,063,059,Lexington - 059,LEXINGTON - 059,30544387.359400,0.971878,1
063,Lexington,VTD 4,450634,Lexington - VTD 4,LEXINGTON - VTD 4,31428220.153785,Lexington,063,086,Lexington - 086,LEXINGTON - 086,883058.093743,0.028098,2
063,Lexington,VTD 1,450631,Lexington - VTD 1,LEXINGTON - VTD 1,49720285.300976,Lexington,063,028,Lexington - 028,LEXINGTON - 028,41627322.866113,0.837230,1
063,Lexington,VTD 1,450631,Lexington - VTD 1,LEXINGTON - VTD 1,49720285.300976,Lexington,063,084,Lexington - 084,LEXINGTON - 084,8090019.907622,0.162711,2
063,Lexington,VTD 32,4506332,Lexington - VTD 32,LEXINGTON - VTD 32,20558431.130983,Lexington,063,056,Lexington - 056,LEXINGTON - 056,18671438.587308,0.908213,1
063,Lexington,VTD 32,4506332,Lexington - VTD 32,LEXINGTON - VTD 32,20558431.130983,Lexington,063,073,Lexington - 073,LEXINGTON - 073,1808819.696692,0.087984,2
063,Lexington,VTD 32,4506332,Lexington - VTD 32,LEXINGTON - VTD 32,20558431.130983,Lexington,063,018,Lexington - 018,LEXINGTON - 018,78172.846983,0.003802,3
063,Lexington,VTD 38,4506338,Lexington - VTD 38,LEXINGTON - VTD 38,7902010.545540,Lexington,063,053,Lexington - 053,LEXINGTON - 053,5681127.942256,0.718947,1
063,Lexington,VTD 38,4506338,Lexington - VTD 38,LEXINGTON - VTD 38,7902010.545540,Lexington,063,029,Lexington - 029,LEXINGTON - 029,2220882.603284,0.281053,2
063,Lexington,VTD 24,4506324,Lexington - VTD 24,LEXINGTON - VTD 24,14796859.622653,Lexington,063,004,Lexington - 004,LEXINGTON - 004,6842716.824826,0.462444,1
063,Lexington,VTD 24,4506324,Lexington - VTD 24,LEXINGTON - VTD 24,14796859.622653,Lexington,063,073,Lexington - 073,LEXINGTON - 073,5475438.601204,0.370041,2
063,Lexington,VTD 24,4506324,Lexington - VTD 24,LEXINGTON - VTD 24,14796859.622653,Lexington,063,070,Lexington - 070,LEXINGTON - 070,2478704.196623,0.167516,3
063,Lexington,VTD 55,4506355,Lexington - VTD 55,LEXINGTON - VTD 55,10682191.089758,Lexington,063,036,Lexington - 036,LEXINGTON - 036,10682191.089758,1.000000,1
063,Lexington,VTD 42,4506342,Lexington - VTD 42,LEXINGTON - VTD 42,44991539.663861,Lexington,063,002,Lexington - 002,LEXINGTON - 002,44991538.129266,1.000000,1
063,Lexington,VTD 11,4506311,Lexington - VTD 11,LEXINGTON - VTD 11,5943875.550122,Lexington,063,062,Lexington - 062,LEXINGTON - 062,5943875.550122,1.000000,1
063,Lexington,VTD 20,4506320,Lexington - VTD 20,LEXINGTON - VTD 20,3285787.359651,Lexington,063,058,Lexington - 058,LEXINGTON - 058,2537932.551335,0.772397,1
063,Lexington,VTD 20,4506320,Lexington - VTD 20,LEXINGTON - VTD 20,3285787.359651,Lexington,063,051,Lexington - 051,LEXINGTON - 051,747854.808316,0.227603,2
063,Lexington,VTD 5,450635,Lexington - VTD 5,LEXINGTON - VTD 5,8063660.947039,Lexington,063,086,Lexington - 086,LEXINGTON - 086,4200930.842801,0.520971,1
063,Lexington,VTD 5,450635,Lexington - VTD 5,LEXINGTON - VTD 5,8063660.947039,Lexington,063,048,Lexington - 048,LEXINGTON - 048,3862726.691329,0.479029,2
063,Lexington,VTD 64,4506364,Lexington - VTD 64,LEXINGTON - VTD 64,42584920.553044,Lexington,063,081,Lexington - 081,LEXINGTON - 081,30222657.569045,0.709703,1
063,Lexington,VTD 64,4506364,Lexington - VTD 64,LEXINGTON - VTD 64,42584920.553044,Lexington,063,017,Lexington - 017,LEXINGTON - 017,12362262.983999,0.290297,2
063,Lexington,VTD 15,4506315,Lexington - VTD 15,LEXINGTON - VTD 15,3176945.999564,Lexington,063,049,Lexington - 049,LEXINGTON - 049,3176945.999564,1.000000,1
063,Lexington,VTD 18,4506318,Lexington - VTD 18,LEXINGTON - VTD 18,22146825.695548,Lexington,063,066,Lexington - 066,LEXINGTON - 066,22026609.136427,0.994572,1
063,Lexington,VTD 18,4506318,Lexington - VTD 18,LEXINGTON - VTD 18,22146825.695548,Lexington,063,021,Lexington - 021,LEXINGTON - 021,48226.581785,0.002178,2
063,Lexington,VTD 18,4506318,Lexington - VTD 18,LEXINGTON - VTD 18,22146825.695548,Lexington,063,088,Lexington - 088,LEXINGTON - 088,38817.405114,0.001753,3
063,Lexington,VTD 18,4506318,Lexington - VTD 18,LEXINGTON - VTD 18,22146825.695548,Lexington,063,032,Lexington - 032,LEXINGTON - 032,33172.572222,0.001498,4
063,Lexington,VTD 49,4506349,Lexington - VTD 49,LEXINGTON - VTD 49,15750780.914551,Lexington,063,074,Lexington - 074,LEXINGTON - 074,9786528.633278,0.621336,1
063,Lexington,VTD 49,4506349,Lexington - VTD 49,LEXINGTON - VTD 49,15750780.914551,Lexington,063,042,Lexington - 042,LEXINGTON - 042,5863602.917066,0.372274,2
063,Lexington,VTD 49,4506349,Lexington - VTD 49,LEXINGTON - VTD 49,15750780.914551,Lexington,063,055,Lexington - 055,LEXINGTON - 055,88872.685016,0.005642,3
063,Lexington,VTD 49,4506349,Lexington - VTD 49,LEXINGTON - VTD 49,15750780.914551,Lexington,063,014,Lexington - 014,LEXINGTON - 014,11776.679191,0.000748,4
063,Lexington,VTD 41,4506341,Lexington - VTD 41,LEXINGTON - VTD 41,1542314.516404,Lexington,063,044,Lexington - 044,LEXINGTON - 044,1335169.333684,0.865692,1
063,Lexington,VTD 41,4506341,Lexington - VTD 41,LEXINGTON - VTD 41,1542314.516404,Lexington,063,046,Lexington - 046,LEXINGTON - 046,207139.740780,0.134304,2
063,Lexington,VTD 8,450638,Lexington - VTD 8,LEXINGTON - VTD 8,42972959.341999,Lexington,063,006,Lexington - 006,LEXINGTON - 006,42972959.341999,1.000000,1
063,Lexington,VTD 34,4506334,Lexington - VTD 34,LEXINGTON - VTD 34,17127112.828393,Lexington,063,071,Lexington - 071,LEXINGTON - 071,9532753.014120,0.556588,1
063,Lexington,VTD 34,4506334,Lexington - VTD 34,LEXINGTON - VTD 34,17127112.828393,Lexington,063,033,Lexington - 033,LEXINGTON - 033,5365649.985727,0.313284,2
063,Lexington,VTD 34,4506334,Lexington - VTD 34,LEXINGTON - VTD 34,17127112.828393,Lexington,063,064,Lexington - 064,LEXINGTON - 064,2114059.999055,0.123434,3
063,Lexington,VTD 34,4506334,Lexington - VTD 34,LEXINGTON - VTD 34,17127112.828393,Lexington,063,088,Lexington - 088,LEXINGTON - 088,47425.614378,0.002769,4
063,Lexington,VTD 34,4506334,Lexington - VTD 34,LEXINGTON - VTD 34,17127112.828393,Lexington,063,087,Lexington - 087,LEXINGTON - 087,46228.929123,0.002699,5
063,Lexington,VTD 34,4506334,Lexington - VTD 34,LEXINGTON - VTD 34,17127112.828393,Lexington,063,067,Lexington - 067,LEXINGTON - 067,20995.285991,0.001226,6
063,Lexington,VTD 45,4506345,Lexington - VTD 45,LEXINGTON - VTD 45,24217893.665326,Lexington,063,018,Lexington - 018,LEXINGTON - 018,24217893.665326,1.000000,1
063,Lexington,VTD 60,4506360,Lexington - VTD 60,LEXINGTON - VTD 60,28893467.764120,Lexington,063,043,Lexington - 043,LEXINGTON - 043,28890951.725705,0.999913,1
063,Lexington,VTD 2,450632,Lexington - VTD 2,LEXINGTON - VTD 2,45267316.765049,Lexington,063,061,Lexington - 061,LEXINGTON - 061,31004530.369838,0.684921,1
063,Lexington,VTD 2,450632,Lexington - VTD 2,LEXINGTON - VTD 2,45267316.765049,Lexington,063,084,Lexington - 084,LEXINGTON - 084,14262786.361723,0.315079,2
063,Lexington,VTD 14,4506314,Lexington - VTD 14,LEXINGTON - VTD 14,3606710.077807,Lexington,063,009,Lexington - 009,LEXINGTON - 009,3606710.077807,1.000000,1
063,Lexington,VTD 16,4506316,Lexington - VTD 16,LEXINGTON - VTD 16,6305878.454332,Lexington,063,050,Lexington - 050,LEXINGTON - 050,6305878.454332,1.000000,1
063,Lexington,VTD 25,4506325,Lexington - VTD 25,LEXINGTON - VTD 25,5807107.569633,Lexington,063,021,Lexington - 021,LEXINGTON - 021,5807107.569633,1.000000,1
063,Lexington,VTD 40,4506340,Lexington - VTD 40,LEXINGTON - VTD 40,1421014.111762,Lexington,063,045,Lexington - 045,LEXINGTON - 045,1421014.111762,1.000000,1
063,Lexington,VTD 13,4506313,Lexington - VTD 13,LEXINGTON - VTD 13,2961802.480489,Lexington,063,060,Lexington - 060,LEXINGTON - 060,2961802.480489,1.000000,1
063,Lexington,VTD 61,4506361,Lexington - VTD 61,LEXINGTON - VTD 61,46043187.462530,Lexington,063,038,Lexington - 038,LEXINGTON - 038,44920754.498610,0.975622,1
063,Lexington,VTD 61,4506361,Lexington - VTD 61,LEXINGTON - VTD 61,46043187.462530,Lexington,063,036,Lexington - 036,LEXINGTON - 036,1088050.811355,0.023631,2
063,Lexington,VTD 61,4506361,Lexington - VTD 61,LEXINGTON - VTD 61,46043187.462530,Lexington,063,031,Lexington - 031,LEXINGTON - 031,34375.091931,0.000747,3
063,Lexington,VTD 63,4506363,Lexington - VTD 63,LEXINGTON - VTD 63,33592856.390113,Lexington,063,017,Lexington - 017,LEXINGTON - 017,20933450.218769,0.623152,1
063,Lexington,VTD 63,4506363,Lexington - VTD 63,LEXINGTON - VTD 63,33592856.390113,Lexington,063,081,Lexington - 081,LEXINGTON - 081,12638203.675709,0.376217,2
063,Lexington,VTD 63,4506363,Lexington - VTD 63,LEXINGTON - VTD 63,33592856.390113,Lexington,063,013,Lexington - 013,LEXINGTON - 013,21202.495635,0.000631,3
063,Lexington,VTD 37,4506337,Lexington - VTD 37,LEXINGTON - VTD 37,3923845.272177,Lexington,063,041,Lexington - 041,LEXINGTON - 041,3729606.576772,0.950498,1
063,Lexington,VTD 37,4506337,Lexington - VTD 37,LEXINGTON - VTD 37,3923845.272177,Lexington,063,044,Lexington - 044,LEXINGTON - 044,194238.695405,0.049502,2
063,Lexington,VTD 19,4506319,Lexington - VTD 19,LEXINGTON - VTD 19,2459402.159133,Lexington,063,051,Lexington - 051,LEXINGTON - 051,2443666.635171,0.993602,1
063,Lexington,VTD 19,4506319,Lexington - VTD 19,LEXINGTON - VTD 19,2459402.159133,Lexington,063,052,Lexington - 052,LEXINGTON - 052,15735.523962,0.006398,2
063,Lexington,VTD 50,4506350,Lexington - VTD 50,LEXINGTON - VTD 50,3928638.377376,Lexington,063,047,Lexington - 047,LEXINGTON - 047,3876967.162967,0.986848,1
063,Lexington,VTD 50,4506350,Lexington - VTD 50,LEXINGTON - VTD 50,3928638.377376,Lexington,063,042,Lexington - 042,LEXINGTON - 042,28123.381097,0.007159,2
063,Lexington,VTD 50,4506350,Lexington - VTD 50,LEXINGTON - VTD 50,3928638.377376,Lexington,063,074,Lexington - 074,LEXINGTON - 074,20736.411268,0.005278,3
063,Lexington,VTD 50,4506350,Lexington - VTD 50,LEXINGTON - VTD 50,3928638.377376,Lexington,063,055,Lexington - 055,LEXINGTON - 055,2811.422045,0.000716,4
063,Lexington,VTD 56,4506356,Lexington - VTD 56,LEXINGTON - VTD 56,8765350.754712,Lexington,063,031,Lexington - 031,LEXINGTON - 031,8741644.376100,0.997295,1
063,Lexington,VTD 56,4506356,Lexington - VTD 56,LEXINGTON - VTD 56,8765350.754712,Lexington,063,043,Lexington - 043,LEXINGTON - 043,23706.378612,0.002705,2
063,Lexington,VTD 46,4506346,Lexington - VTD 46,LEXINGTON - VTD 46,14928266.362214,Lexington,063,065,Lexington - 065,LEXINGTON - 065,8711230.146143,0.583539,1
063,Lexington,VTD 46,4506346,Lexington - VTD 46,LEXINGTON - VTD 46,14928266.362214,Lexington,063,087,Lexington - 087,LEXINGTON - 087,6217036.216071,0.416461,2
063,Lexington,VTD 12,4506312,Lexington - VTD 12,LEXINGTON - VTD 12,2940544.066651,Lexington,063,057,Lexington - 057,LEXINGTON - 057,2940544.066651,1.000000,1
063,Lexington,VTD 21,4506321,Lexington - VTD 21,LEXINGTON - VTD 21,3619929.910492,Lexington,063,052,Lexington - 052,LEXINGTON - 052,3619927.753968,0.999999,1
063,Lexington,VTD 9,450639,Lexington - VTD 9,LEXINGTON - VTD 9,44675000.053121,Lexington,063,003,Lexington - 003,LEXINGTON - 003,25318613.794258,0.566729,1
063,Lexington,VTD 9,450639,Lexington - VTD 9,LEXINGTON - VTD 9,44675000.053121,Lexington,063,076,Lexington - 076,LEXINGTON - 076,19356386.258863,0.433271,2
063,Lexington,VTD 17,4506317,Lexington - VTD 17,LEXINGTON - VTD 17,20135931.561747,Lexington,063,072,Lexington - 072,LEXINGTON - 072,13056042.366459,0.648395,1
063,Lexington,VTD 17,4506317,Lexington - VTD 17,LEXINGTON - VTD 17,20135931.561747,Lexington,063,070,Lexington - 070,LEXINGTON - 070,3674803.011339,0.182500,2
063,Lexington,VTD 17,4506317,Lexington - VTD 17,LEXINGTON - VTD 17,20135931.561747,Lexington,063,064,Lexington - 064,LEXINGTON - 064,3405086.183949,0.169105,3
063,Lexington,VTD 71,4506371,Lexington - VTD 71,LEXINGTON - VTD 71,35750470.600339,Lexington,063,024,Lexington - 024,LEXINGTON - 024,35750461.763632,1.000000,1
063,Lexington,VTD 74,4506374,Lexington - VTD 74,LEXINGTON - VTD 74,61667630.718831,Lexington,063,008,Lexington - 008,LEXINGTON - 008,61667030.220717,0.999990,1
063,Lexington,VTD 69,4506369,Lexington - VTD 69,LEXINGTON - VTD 69,64712030.887510,Lexington,063,083,Lexington - 083,LEXINGTON - 083,37161337.487465,0.574257,1
063,Lexington,VTD 69,4506369,Lexington - VTD 69,LEXINGTON - VTD 69,64712030.887510,Lexington,063,022,Lexington - 022,LEXINGTON - 022,27550693.400045,0.425743,2
063,Lexington,VTD 58,4506358,Lexington - VTD 58,LEXINGTON - VTD 58,11069710.524285,Lexington,063,014,Lexington - 014,LEXINGTON - 014,10393095.503798,0.938877,1
063,Lexington,VTD 58,4506358,Lexington - VTD 58,LEXINGTON - VTD 58,11069710.524285,Lexington,063,077,Lexington - 077,LEXINGTON - 077,675737.667943,0.061044,2
063,Lexington,VTD 26,4506326,Lexington - VTD 26,LEXINGTON - VTD 26,3645504.577512,Lexington,063,030,Lexington - 030,LEXINGTON - 030,3609962.139850,0.990250,1
063,Lexington,VTD 26,4506326,Lexington - VTD 26,LEXINGTON - VTD 26,3645504.577512,Lexington,063,021,Lexington - 021,LEXINGTON - 021,35542.437662,0.009750,2
063,Lexington,VTD 59,4506359,Lexington - VTD 59,LEXINGTON - VTD 59,20442753.670645,Lexington,063,039,Lexington - 039,LEXINGTON - 039,12798320.898447,0.626057,1
063,Lexington,VTD 59,4506359,Lexington - VTD 59,LEXINGTON - VTD 59,20442753.670645,Lexington,063,077,Lexington - 077,LEXINGTON - 077,7622468.175912,0.372869,2
063,Lexington,VTD 59,4506359,Lexington - VTD 59,LEXINGTON - VTD 59,20442753.670645,Lexington,063,043,Lexington - 043,LEXINGTON - 043,21964.596286,0.001074,3
063,Lexington,VTD 48,4506348,Lexington - VTD 48,LEXINGTON - VTD 48,12116034.532691,Lexington,063,005,Lexington - 005,LEXINGTON - 005,9059260.136054,0.747708,1
063,Lexington,VTD 48,4506348,Lexington - VTD 48,LEXINGTON - VTD 48,12116034.532691,Lexington,063,078,Lexington - 078,LEXINGTON - 078,3056773.823014,0.252292,2
063,Lexington,VTD 66,4506366,Lexington - VTD 66,LEXINGTON - VTD 66,43372167.872107,Lexington,063,026,Lexington - 026,LEXINGTON - 026,35883961.192288,0.827350,1
063,Lexington,VTD 66,4506366,Lexington - VTD 66,LEXINGTON - VTD 66,43372167.872107,Lexington,063,075,Lexington - 075,LEXINGTON - 075,7484870.842538,0.172573,2
063,Lexington,VTD 36,4506336,Lexington - VTD 36,LEXINGTON - VTD 36,4709384.421929,Lexington,063,079,Lexington - 079,LEXINGTON - 079,3000049.421974,0.637036,1
063,Lexington,VTD 36,4506336,Lexington - VTD 36,LEXINGTON - VTD 36,4709384.421929,Lexington,063,029,Lexington - 029,LEXINGTON - 029,1709334.999955,0.362964,2
063,Lexington,VTD 57,4506357,Lexington - VTD 57,LEXINGTON - VTD 57,24412451.993280,Lexington,063,013,Lexington - 013,LEXINGTON - 013,24412451.993280,1.000000,1
063,Lexington,VTD 65,4506365,Lexington - VTD 65,LEXINGTON - VTD 65,52199052.985646,Lexington,063,080,Lexington - 080,LEXINGTON - 080,27717625.483961,0.530999,1
063,Lexington,VTD 65,4506365,Lexington - VTD 65,LEXINGTON - VTD 65,52199052.985646,Lexington,063,075,Lexington - 075,LEXINGTON - 075,24481427.501685,0.469001,2
063,Lexington,VTD 73,4506373,Lexington - VTD 73,LEXINGTON - VTD 73,57319988.593586,Lexington,063,023,Lexington - 023,LEXINGTON - 023,57319988.593586,1.000000,1
063,Lexington,VTD 23,4506323,Lexington - VTD 23,LEXINGTON - VTD 23,48936382.707502,Lexington,063,015,Lexington - 015,LEXINGTON - 015,48936382.707502,1.000000,1
063,Lexington,VTD 30,4506330,Lexington - VTD 30,LEXINGTON - VTD 30,47706613.384850,Lexington,063,007,Lexington - 007,LEXINGTON - 007,47458991.991264,0.994809,1
063,Lexington,VTD 30,4506330,Lexington - VTD 30,LEXINGTON - VTD 30,47706613.384850,Lexington,063,011,Lexington - 011,LEXINGTON - 011,132995.249719,0.002788,2
063,Lexington,VTD 30,4506330,Lexington - VTD 30,LEXINGTON - VTD 30,47706613.384850,Lexington,063,016,Lexington - 016,LEXINGTON - 016,114626.143868,0.002403,3
063,Lexington,VTD 70,4506370,Lexington - VTD 70,LEXINGTON - VTD 70,35212777.123914,Lexington,063,027,Lexington - 027,LEXINGTON - 027,35212777.005813,1.000000,1
063,Lexington,VTD 10,4506310,Lexington - VTD 10,LEXINGTON - VTD 10,19821606.897090,Lexington,063,068,Lexington - 068,LEXINGTON - 068,19821599.869250,1.000000,1
063,Lexington,VTD 7,450637,Lexington - VTD 7,LEXINGTON - VTD 7,64746696.506297,Lexington,063,010,Lexington - 010,LEXINGTON - 010,64746682.486468,1.000000,1
063,Lexington,VTD 68,4506368,Lexington - VTD 68,LEXINGTON - VTD 68,69728290.105319,Lexington,063,083,Lexington - 083,LEXINGTON - 083,47454767.770702,0.680567,1
063,Lexington,VTD 68,4506368,Lexington - VTD 68,LEXINGTON - VTD 68,69728290.105319,Lexington,063,022,Lexington - 022,LEXINGTON - 022,22273522.334617,0.319433,2
063,Lexington,VTD 51,4506351,Lexington - VTD 51,LEXINGTON - VTD 51,830540.825535,Lexington,063,046,Lexington - 046,LEXINGTON - 046,830501.648871,0.999953,1
063,Lexington,VTD 52,4506352,Lexington - VTD 52,LEXINGTON - VTD 52,1243787.520363,Lexington,063,037,Lexington - 037,LEXINGTON - 037,1192046.646704,0.958401,1
063,Lexington,VTD 52,4506352,Lexington - VTD 52,LEXINGTON - VTD 52,1243787.520363,Lexington,063,047,Lexington - 047,LEXINGTON - 047,34388.826950,0.027648,2
063,Lexington,VTD 52,4506352,Lexington - VTD 52,LEXINGTON - VTD 52,1243787.520363,Lexington,063,055,Lexington - 055,LEXINGTON - 055,17352.046709,0.013951,3
063,Lexington,VTD 44,4506344,Lexington - VTD 44,LEXINGTON - VTD 44,50384844.494328,Lexington,063,016,Lexington - 016,LEXINGTON - 016,41278347.566727,0.819261,1
063,Lexington,VTD 44,4506344,Lexington - VTD 44,LEXINGTON - VTD 44,50384844.494328,Lexington,063,069,Lexington - 069,LEXINGTON - 069,9021588.560103,0.179054,2
063,Lexington,VTD 44,4506344,Lexington - VTD 44,LEXINGTON - VTD 44,50384844.494328,Lexington,063,008,Lexington - 008,LEXINGTON - 008,64266.387044,0.001276,3
063,Lexington,VTD 44,4506344,Lexington - VTD 44,LEXINGTON - VTD 44,50384844.494328,Lexington,063,018,Lexington - 018,LEXINGTON - 018,20641.980454,0.000410,4
063,Lexington,VTD 53,4506353,Lexington - VTD 53,LEXINGTON - VTD 53,2360128.983418,Lexington,063,035,Lexington - 035,LEXINGTON - 035,2358925.266618,0.999490,1
063,Lexington,VTD 53,4506353,Lexington - VTD 53,LEXINGTON - VTD 53,2360128.983418,Lexington,063,044,Lexington - 044,LEXINGTON - 044,1203.164499,0.000510,2
063,Lexington,VTD 31,4506331,Lexington - VTD 31,LEXINGTON - VTD 31,35842609.421740,Lexington,063,019,Lexington - 019,LEXINGTON - 019,35725284.348548,0.996727,1
063,Lexington,VTD 31,4506331,Lexington - VTD 31,LEXINGTON - VTD 31,35842609.421740,Lexington,063,016,Lexington - 016,LEXINGTON - 016,117325.073192,0.003273,2
063,Lexington,VTD 22,4506322,Lexington - VTD 22,LEXINGTON - VTD 22,47616625.384264,Lexington,063,010,Lexington - 010,LEXINGTON - 010,47616625.384264,1.000000,1
063,Lexington,VTD 29,4506329,Lexington - VTD 29,LEXINGTON - VTD 29,24061985.189210,Lexington,063,011,Lexington - 011,LEXINGTON - 011,24061985.189210,1.000000,1
063,Lexington,VTD 75,4506375,Lexington - VTD 75,LEXINGTON - VTD 75,61306177.289429,Lexington,063,082,Lexington - 082,LEXINGTON - 082,61306177.224210,1.000000,1
063,Lexington,VTD 3,450633,Lexington - VTD 3,LEXINGTON - VTD 3,47714984.526996,Lexington,063,063,Lexington - 063,LEXINGTON - 063,26599039.578835,0.557457,1
063,Lexington,VTD 3,450633,Lexington - VTD 3,LEXINGTON - VTD 3,47714984.526996,Lexington,063,085,Lexington - 085,LEXINGTON - 085,21115906.684884,0.442542,2
063,Lexington,VTD 62,4506362,Lexington - VTD 62,LEXINGTON - VTD 62,49016709.867664,Lexington,063,069,Lexington - 069,LEXINGTON - 069,48880138.582214,0.997214,1
063,Lexington,VTD 62,4506362,Lexington - VTD 62,LEXINGTON - VTD 62,49016709.867664,Lexington,063,008,Lexington - 008,LEXINGTON - 008,136571.285450,0.002786,2
063,Lexington,VTD 67,4506367,Lexington - VTD 67,LEXINGTON - VTD 67,63570012.439878,Lexington,063,020,Lexington - 020,LEXINGTON - 020,63570012.439878,1.000000,1
063,Lexington,VTD 72,4506372,Lexington - VTD 72,LEXINGTON - VTD 72,57378912.312329,Lexington,063,025,Lexington - 025,LEXINGTON - 025,57369297.975764,0.999832,1
063,Lexington,VTD 47,4506347,Lexington - VTD 47,LEXINGTON - VTD 47,6456360.652642,Lexington,063,067,Lexington - 067,LEXINGTON - 067,4757442.703487,0.736861,1
063,Lexington,VTD 47,4506347,Lexington - VTD 47,LEXINGTON - VTD 47,6456360.652642,Lexington,063,078,Lexington - 078,LEXINGTON - 078,1698917.949156,0.263139,2
063,Lexington,VTD 28,4506328,Lexington - VTD 28,LEXINGTON - VTD 28,48195649.784905,Lexington,063,012,Lexington - 012,LEXINGTON - 012,47745238.572499,0.990655,1
063,Lexington,VTD 28,4506328,Lexington - VTD 28,LEXINGTON - VTD 28,48195649.784905,Lexington,063,001,Lexington - 001,LEXINGTON - 001,239266.245133,0.004964,2
063,Lexington,VTD 28,4506328,Lexington - VTD 28,LEXINGTON - VTD 28,48195649.784905,Lexington,063,007,Lexington - 007,LEXINGTON - 007,211144.967274,0.004381,3
063,Lexington,VTD 54,4506354,Lexington - VTD 54,LEXINGTON - VTD 54,3973785.996667,Lexington,063,055,Lexington - 055,LEXINGTON - 055,3971936.746000,0.999535,1
063,Lexington,VTD 54,4506354,Lexington - VTD 54,LEXINGTON - VTD 54,3973785.996667,Lexington,063,047,Lexington - 047,LEXINGTON - 047,1849.250666,0.000465,2
063,Lexington,VTD 33,4506333,Lexington - VTD 33,LEXINGTON - VTD 33,12355848.761115,Lexington,063,034,Lexington - 034,LEXINGTON - 034,9186998.616938,0.743534,1
063,Lexington,VTD 33,4506333,Lexington - VTD 33,LEXINGTON - VTD 33,12355848.761115,Lexington,063,070,Lexington - 070,LEXINGTON - 070,1678462.175511,0.135844,2
063,Lexington,VTD 33,4506333,Lexington - VTD 33,LEXINGTON - VTD 33,12355848.761115,Lexington,063,073,Lexington - 073,LEXINGTON - 073,1408846.189699,0.114023,3
063,Lexington,VTD 33,4506333,Lexington - VTD 33,LEXINGTON - VTD 33,12355848.761115,Lexington,063,018,Lexington - 018,LEXINGTON - 018,78576.009597,0.006359,4
063,Lexington,VTD 33,4506333,Lexington - VTD 33,LEXINGTON - VTD 33,12355848.761115,Lexington,063,056,Lexington - 056,LEXINGTON - 056,2965.605334,0.000240,5
063,Lexington,VTD 35,4506335,Lexington - VTD 35,LEXINGTON - VTD 35,12230917.917499,Lexington,063,088,Lexington - 088,LEXINGTON - 088,7977769.074397,0.652262,1
063,Lexington,VTD 35,4506335,Lexington - VTD 35,LEXINGTON - VTD 35,12230917.917499,Lexington,063,032,Lexington - 032,LEXINGTON - 032,4253148.843102,0.347738,2
063,Lexington,VTD 27,4506327,Lexington - VTD 27,LEXINGTON - VTD 27,12025037.907456,Lexington,063,001,Lexington - 001,LEXINGTON - 001,11937438.689083,0.992715,1
063,Lexington,VTD 27,4506327,Lexington - VTD 27,LEXINGTON - VTD 27,12025037.907456,Lexington,063,002,Lexington - 002,LEXINGTON - 002,87599.218373,0.007285,2
063,Lexington,VTD 39,4506339,Lexington - VTD 39,LEXINGTON - VTD 39,6406094.911630,Lexington,063,040,Lexington - 040,LEXINGTON - 040,6156405.159263,0.961023,1
063,Lexington,VTD 39,4506339,Lexington - VTD 39,LEXINGTON - VTD 39,6406094.911630,Lexington,063,047,Lexington - 047,LEXINGTON - 047,192886.513551,0.030110,2
063,Lexington,VTD 39,4506339,Lexington - VTD 39,LEXINGTON - VTD 39,6406094.911630,Lexington,063,029,Lexington - 029,LEXINGTON - 029,48060.817658,0.007502,3
063,Lexington,VTD 39,4506339,Lexington - VTD 39,LEXINGTON - VTD 39,6406094.911630,Lexington,063,042,Lexington - 042,LEXINGTON - 042,8738.489933,0.001364,4
063,Lexington,VTD 6,450636,Lexington - VTD 6,LEXINGTON - VTD 6,4042310.959068,Lexington,063,054,Lexington - 054,LEXINGTON - 054,4015227.248082,0.993300,1
063,Lexington,VTD 6,450636,Lexington - VTD 6,LEXINGTON - VTD 6,4042310.959068,Lexington,063,048,Lexington - 048,LEXINGTON - 048,17633.140049,0.004362,2
063,Lexington,VTD 6,450636,Lexington - VTD 6,LEXINGTON - VTD 6,4042310.959068,Lexington,063,060,Lexington - 060,LEXINGTON - 060,9450.570937,0.002338,3
063,Lexington,VTD 43,4506343,Lexington - VTD 43,LEXINGTON - VTD 43,91475333.383209,Lexington,063,008,Lexington - 008,LEXINGTON - 008,91474551.683957,0.999991,1
065,McCormick,VTD 16,4506516,McCormick - VTD 16,MCCORMICK - VTD 16,88449577.399977,McCormick,065,Clarks Hill,McCormick - Clarks Hill,MCCORMICK - CLARKS HILL,86579120.985731,0.978853,1
065,McCormick,VTD 16,4506516,McCormick - VTD 16,MCCORMICK - VTD 16,88449577.399977,McCormick,065,Modoc,McCormick - Modoc,MCCORMICK - MODOC,1776521.416961,0.020085,2
065,McCormick,VTD 1,450651,McCormick - VTD 1,MCCORMICK - VTD 1,64621754.718218,McCormick,065,Mt. Carmel,McCormick - Mt. Carmel,MCCORMICK - MT. CARMEL,64621754.718218,1.000000,1
065,McCormick,VTD 3,450653,McCormick - VTD 3,MCCORMICK - VTD 3,57004505.141482,McCormick,065,Willington,McCormick - Willington,MCCORMICK - WILLINGTON,51856729.021401,0.909695,1
065,McCormick,VTD 3,450653,McCormick - VTD 3,MCCORMICK - VTD 3,57004505.141482,McCormick,065,Savannah,McCormick - Savannah,MCCORMICK - SAVANNAH,4704755.104239,0.082533,2
065,McCormick,VTD 3,450653,McCormick - VTD 3,MCCORMICK - VTD 3,57004505.141482,McCormick,065,Mt. Carmel,McCormick - Mt. Carmel,MCCORMICK - MT. CARMEL,443021.015842,0.007772,3
065,McCormick,VTD 5,450655,McCormick - VTD 5,MCCORMICK - VTD 5,72477305.083052,McCormick,065,Savannah,McCormick - Savannah,MCCORMICK - SAVANNAH,72447817.253256,0.999593,1
065,McCormick,VTD 5,450655,McCormick - VTD 5,MCCORMICK - VTD 5,72477305.083052,McCormick,065,McCormick No. 1,McCormick - McCormick No. 1,MCCORMICK - MCCORMICK NO. 1,29487.722136,0.000407,2
065,McCormick,VTD 2,450652,McCormick - VTD 2,MCCORMICK - VTD 2,79486152.294175,McCormick,065,Mt. Carmel,McCormick - Mt. Carmel,MCCORMICK - MT. CARMEL,79486150.783568,1.000000,1
065,McCormick,VTD 4,450654,McCormick - VTD 4,MCCORMICK - VTD 4,63766162.872355,McCormick,065,Willington,McCormick - Willington,MCCORMICK - WILLINGTON,63139436.681699,0.990171,1
065,McCormick,VTD 4,450654,McCormick - VTD 4,MCCORMICK - VTD 4,63766162.872355,McCormick,065,McCormick No. 1,McCormick - McCormick No. 1,MCCORMICK - MCCORMICK NO. 1,585458.155230,0.009181,2
065,McCormick,VTD 4,450654,McCormick - VTD 4,MCCORMICK - VTD 4,63766162.872355,McCormick,065,Mt. Carmel,McCormick - Mt. Carmel,MCCORMICK - MT. CARMEL,41268.035425,0.000647,3
065,McCormick,VTD 6,450656,McCormick - VTD 6,MCCORMICK - VTD 6,115447804.307611,McCormick,065,McCormick No. 1,McCormick - McCormick No. 1,MCCORMICK - MCCORMICK NO. 1,114194847.995834,0.989147,1
065,McCormick,VTD 6,450656,McCormick - VTD 6,MCCORMICK - VTD 6,115447804.307611,McCormick,065,Willington,McCormick - Willington,MCCORMICK - WILLINGTON,1252955.850322,0.010853,2
065,McCormick,VTD 10,4506510,McCormick - VTD 10,MCCORMICK - VTD 10,38614774.001920,McCormick,065,Bethany,McCormick - Bethany,MCCORMICK - BETHANY,38614774.001920,1.000000,1
065,McCormick,VTD 9,450659,McCormick - VTD 9,MCCORMICK - VTD 9,63930558.798528,McCormick,065,Bethany,McCormick - Bethany,MCCORMICK - BETHANY,63930554.562343,1.000000,1
065,McCormick,VTD 7,450657,McCormick - VTD 7,MCCORMICK - VTD 7,73122152.789850,McCormick,065,McCormick No. 1,McCormick - McCormick No. 1,MCCORMICK - MCCORMICK NO. 1,73122151.482051,1.000000,1
065,McCormick,VTD 8,450658,McCormick - VTD 8,MCCORMICK - VTD 8,55525706.523687,McCormick,065,McCormick No. 2,McCormick - McCormick No. 2,MCCORMICK - MCCORMICK NO. 2,55490534.387870,0.999367,1
065,McCormick,VTD 8,450658,McCormick - VTD 8,MCCORMICK - VTD 8,55525706.523687,McCormick,065,Plum Branch,McCormick - Plum Branch,MCCORMICK - PLUM BRANCH,35171.058888,0.000633,2
065,McCormick,VTD 11,4506511,McCormick - VTD 11,MCCORMICK - VTD 11,51847808.772529,McCormick,065,Plum Branch,McCormick - Plum Branch,MCCORMICK - PLUM BRANCH,51805505.676616,0.999184,1
065,McCormick,VTD 11,4506511,McCormick - VTD 11,MCCORMICK - VTD 11,51847808.772529,McCormick,065,McCormick No. 2,McCormick - McCormick No. 2,MCCORMICK - MCCORMICK NO. 2,42303.095913,0.000816,2
065,McCormick,VTD 13,4506513,McCormick - VTD 13,MCCORMICK - VTD 13,39854867.797066,McCormick,065,Parksville,McCormick - Parksville,MCCORMICK - PARKSVILLE,32702765.636266,0.820546,1
065,McCormick,VTD 13,4506513,McCormick - VTD 13,MCCORMICK - VTD 13,39854867.797066,McCormick,065,Modoc,McCormick - Modoc,MCCORMICK - MODOC,3657815.501508,0.091778,2
065,McCormick,VTD 13,4506513,McCormick - VTD 13,MCCORMICK - VTD 13,39854867.797066,McCormick,065,Plum Branch,McCormick - Plum Branch,MCCORMICK - PLUM BRANCH,3494286.659292,0.087675,3
065,McCormick,VTD 15,4506515,McCormick - VTD 15,MCCORMICK - VTD 15,16764867.028633,McCormick,065,Modoc,McCormick - Modoc,MCCORMICK - MODOC,16708931.598374,0.996664,1
065,McCormick,VTD 15,4506515,McCormick - VTD 15,MCCORMICK - VTD 15,16764867.028633,McCormick,065,Clarks Hill,McCormick - Clarks Hill,MCCORMICK - CLARKS HILL,55935.430259,0.003336,2
065,McCormick,VTD 14,4506514,McCormick - VTD 14,MCCORMICK - VTD 14,44300904.075999,McCormick,065,Parksville,McCormick - Parksville,MCCORMICK - PARKSVILLE,38392970.987333,0.866641,1
065,McCormick,VTD 14,4506514,McCormick - VTD 14,MCCORMICK - VTD 14,44300904.075999,McCormick,065,Modoc,McCormick - Modoc,MCCORMICK - MODOC,5907932.883270,0.133359,2
065,McCormick,VTD 12,4506512,McCormick - VTD 12,MCCORMICK - VTD 12,95003991.343199,McCormick,065,Plum Branch,McCormick - Plum Branch,MCCORMICK - PLUM BRANCH,93509814.272520,0.984272,1
065,McCormick,VTD 12,4506512,McCormick - VTD 12,MCCORMICK - VTD 12,95003991.343199,McCormick,065,Parksville,McCormick - Parksville,MCCORMICK - PARKSVILLE,1494170.575941,0.015727,2
067,Marion,VTD 18,4506718,Marion - VTD 18,MARION - VTD 18,166258234.022414,Marion,067,Marion West,Marion - Marion West,MARION - MARION WEST,166177007.346299,0.999511,1
067,Marion,VTD 18,4506718,Marion - VTD 18,MARION - VTD 18,166258234.022414,Marion,067,Friendship,Marion - Friendship,MARION - FRIENDSHIP,81226.533035,0.000489,2
067,Marion,VTD 9,450679,Marion - VTD 9,MARION - VTD 9,80333546.173223,Marion,067,Marion West,Marion - Marion West,MARION - MARION WEST,80332632.078223,0.999989,1
067,Marion,VTD 10,4506710,Marion - VTD 10,MARION - VTD 10,33726907.243453,Marion,067,Sellers,Marion - Sellers,MARION - SELLERS,33726906.608244,1.000000,1
067,Marion,VTD 11,4506711,Marion - VTD 11,MARION - VTD 11,49463676.190547,Marion,067,Temperance,Marion - Temperance,MARION - TEMPERANCE,49463374.898757,0.999994,1
067,Marion,VTD 12,4506712,Marion - VTD 12,MARION - VTD 12,37052584.311222,Marion,067,Zion,Marion - Zion,MARION - ZION,35656218.266270,0.962314,1
067,Marion,VTD 12,4506712,Marion - VTD 12,MARION - VTD 12,37052584.311222,Marion,067,Northwest Mullins,Marion - Northwest Mullins,MARION - NORTHWEST MULLINS,1396363.378736,0.037686,2
067,Marion,VTD 15,4506715,Marion - VTD 15,MARION - VTD 15,39506149.374583,Marion,067,Northeast Mullins,Marion - Northeast Mullins,MARION - NORTHEAST MULLINS,39506138.291378,1.000000,1
067,Marion,VTD 17,4506717,Marion - VTD 17,MARION - VTD 17,46496903.406947,Marion,067,Nichols,Marion - Nichols,MARION - NICHOLS,46480040.131478,0.999637,1
067,Marion,VTD 17,4506717,Marion - VTD 17,MARION - VTD 17,46496903.406947,Marion,067,Southeast Mullins,Marion - Southeast Mullins,MARION - SOUTHEAST MULLINS,16863.183478,0.000363,2
067,Marion,VTD 16,4506716,Marion - VTD 16,MARION - VTD 16,60055728.223137,Marion,067,Southeast Mullins,Marion - Southeast Mullins,MARION - SOUTHEAST MULLINS,50900817.853900,0.847560,1
067,Marion,VTD 16,4506716,Marion - VTD 16,MARION - VTD 16,60055728.223137,Marion,067,Rains,Marion - Rains,MARION - RAINS,9104136.187523,0.151595,2
067,Marion,VTD 16,4506716,Marion - VTD 16,MARION - VTD 16,60055728.223137,Marion,067,Nichols,Marion - Nichols,MARION - NICHOLS,50770.383576,0.000845,3
067,Marion,VTD 7,450677,Marion - VTD 7,MARION - VTD 7,38543561.420856,Marion,067,Marion North,Marion - Marion North,MARION - MARION NORTH,38543370.229828,0.999995,1
067,Marion,VTD 5,450675,Marion - VTD 5,MARION - VTD 5,3202940.686906,Marion,067,Marion No. 1,Marion - Marion No. 1,MARION - MARION NO. 1,2597774.396810,0.811059,1
067,Marion,VTD 5,450675,Marion - VTD 5,MARION - VTD 5,3202940.686906,Marion,067,Marion North,Marion - Marion North,MARION - MARION NORTH,595585.097043,0.185949,2
067,Marion,VTD 5,450675,Marion - VTD 5,MARION - VTD 5,3202940.686906,Marion,067,Marion South,Marion - Marion South,MARION - MARION SOUTH,9581.193053,0.002991,3
067,Marion,VTD 6,450676,Marion - VTD 6,MARION - VTD 6,3334564.322650,Marion,067,Marion No. 2,Marion - Marion No. 2,MARION - MARION NO. 2,3334564.046519,1.000000,1
067,Marion,VTD 13,4506713,Marion - VTD 13,MARION - VTD 13,33748686.326663,Marion,067,Northwest Mullins,Marion - Northwest Mullins,MARION - NORTHWEST MULLINS,31579294.083753,0.935719,1
067,Marion,VTD 13,4506713,Marion - VTD 13,MARION - VTD 13,33748686.326663,Marion,067,Marion North,Marion - Marion North,MARION - MARION NORTH,2169390.607853,0.064281,2
067,Marion,VTD 14,4506714,Marion - VTD 14,MARION - VTD 14,62435770.646553,Marion,067,Southwest Mullins,Marion - Southwest Mullins,MARION - SOUTHWEST MULLINS,62375820.397773,0.999040,1
067,Marion,VTD 14,4506714,Marion - VTD 14,MARION - VTD 14,62435770.646553,Marion,067,Marion South,Marion - Marion South,MARION - MARION SOUTH,59945.651152,0.000960,2
067,Marion,VTD 8,450678,Marion - VTD 8,MARION - VTD 8,29803748.320235,Marion,067,Marion South,Marion - Marion South,MARION - MARION SOUTH,29682055.179992,0.995917,1
067,Marion,VTD 8,450678,Marion - VTD 8,MARION - VTD 8,29803748.320235,Marion,067,Centenary,Marion - Centenary,MARION - CENTENARY,118490.232391,0.003976,2
067,Marion,VTD 8,450678,Marion - VTD 8,MARION - VTD 8,29803748.320235,Marion,067,Marion No. 1,Marion - Marion No. 1,MARION - MARION NO. 1,3202.907851,0.000107,3
067,Marion,VTD 3,450673,Marion - VTD 3,MARION - VTD 3,92410303.635498,Marion,067,Centenary,Marion - Centenary,MARION - CENTENARY,91061672.024588,0.985406,1
067,Marion,VTD 3,450673,Marion - VTD 3,MARION - VTD 3,92410303.635498,Marion,067,Marion South,Marion - Marion South,MARION - MARION SOUTH,1275723.096675,0.013805,2
067,Marion,VTD 3,450673,Marion - VTD 3,MARION - VTD 3,92410303.635498,Marion,067,Friendship,Marion - Friendship,MARION - FRIENDSHIP,72906.174808,0.000789,3
067,Marion,VTD 2,450672,Marion - VTD 2,MARION - VTD 2,81291089.248392,Marion,067,Friendship,Marion - Friendship,MARION - FRIENDSHIP,81291088.536152,1.000000,1
067,Marion,VTD 20,4506720,Marion - VTD 20,MARION - VTD 20,62113473.693948,Marion,067,Centenary,Marion - Centenary,MARION - CENTENARY,62098269.352647,0.999755,1
067,Marion,VTD 20,4506720,Marion - VTD 20,MARION - VTD 20,62113473.693948,Marion,067,Rains,Marion - Rains,MARION - RAINS,15204.341301,0.000245,2
067,Marion,VTD 1,450671,Marion - VTD 1,MARION - VTD 1,168790525.638842,Marion,067,Britton's Neck,Marion - Britton's Neck,MARION - BRITTONS NECK,167497438.774729,0.992339,1
067,Marion,VTD 1,450671,Marion - VTD 1,MARION - VTD 1,168790525.638842,Marion,067,Marion West,Marion - Marion West,MARION - MARION WEST,739853.082779,0.004383,2
067,Marion,VTD 1,450671,Marion - VTD 1,MARION - VTD 1,168790525.638842,Marion,067,Friendship,Marion - Friendship,MARION - FRIENDSHIP,553232.067916,0.003278,3
067,Marion,VTD 19,4506719,Marion - VTD 19,MARION - VTD 19,141617970.786280,Marion,067,Britton's Neck,Marion - Britton's Neck,MARION - BRITTONS NECK,141617970.786280,1.000000,1
067,Marion,VTD 4,450674,Marion - VTD 4,MARION - VTD 4,49619064.847963,Marion,067,Rains,Marion - Rains,MARION - RAINS,49573572.676886,0.999083,1
067,Marion,VTD 4,450674,Marion - VTD 4,MARION - VTD 4,49619064.847963,Marion,067,Centenary,Marion - Centenary,MARION - CENTENARY,45492.171077,0.000917,2
069,Marlboro,VTD 2,450692,Marlboro - VTD 2,MARLBORO - VTD 2,41814416.479935,Marlboro,069,Wallace,Marlboro - Wallace,MARLBORO - WALLACE,41814416.479935,1.000000,1
069,Marlboro,VTD 3,450693,Marlboro - VTD 3,MARLBORO - VTD 3,74345870.717300,Marlboro,069,Quicks X Roads,Marlboro - Quicks X Roads,MARLBORO - QUICKS X ROADS,73301086.501309,0.985947,1
069,Marlboro,VTD 3,450693,Marlboro - VTD 3,MARLBORO - VTD 3,74345870.717300,Marlboro,069,Wallace,Marlboro - Wallace,MARLBORO - WALLACE,685299.760809,0.009218,2
069,Marlboro,VTD 3,450693,Marlboro - VTD 3,MARLBORO - VTD 3,74345870.717300,Marlboro,069,Brightsville,Marlboro - Brightsville,MARLBORO - BRIGHTSVILLE,359484.455182,0.004835,3
069,Marlboro,VTD 7,450697,Marlboro - VTD 7,MARLBORO - VTD 7,12006170.461273,Marlboro,069,North Bennettsville,Marlboro - North Bennettsville,MARLBORO - NORTH BENNETTSVILLE,12006170.461273,1.000000,1
069,Marlboro,VTD 4,450694,Marlboro - VTD 4,MARLBORO - VTD 4,70460104.936743,Marlboro,069,Brightsville,Marlboro - Brightsville,MARLBORO - BRIGHTSVILLE,70460104.936743,1.000000,1
069,Marlboro,VTD 5,450695,Marlboro - VTD 5,MARLBORO - VTD 5,73526821.164508,Marlboro,069,Adamsville,Marlboro - Adamsville,MARLBORO - ADAMSVILLE,73526821.164508,1.000000,1
069,Marlboro,VTD 6,450696,Marlboro - VTD 6,MARLBORO - VTD 6,63607672.592086,Marlboro,069,Quicks X Roads,Marlboro - Quicks X Roads,MARLBORO - QUICKS X ROADS,63451167.835882,0.997540,1
069,Marlboro,VTD 6,450696,Marlboro - VTD 6,MARLBORO - VTD 6,63607672.592086,Marlboro,069,Wallace,Marlboro - Wallace,MARLBORO - WALLACE,156504.674867,0.002460,2
069,Marlboro,VTD 10,4506910,Marlboro - VTD 10,MARLBORO - VTD 10,48100332.094657,Marlboro,069,Tatum,Marlboro - Tatum,MARLBORO - TATUM,43668767.150784,0.907868,1
069,Marlboro,VTD 10,4506910,Marlboro - VTD 10,MARLBORO - VTD 10,48100332.094657,Marlboro,069,North Bennettsville,Marlboro - North Bennettsville,MARLBORO - NORTH BENNETTSVILLE,4431564.943874,0.092132,2
069,Marlboro,VTD 8,450698,Marlboro - VTD 8,MARLBORO - VTD 8,10592945.556567,Marlboro,069,North Bennettsville,Marlboro - North Bennettsville,MARLBORO - NORTH BENNETTSVILLE,10592945.556567,1.000000,1
069,Marlboro,VTD 16,4506916,Marlboro - VTD 16,MARLBORO - VTD 16,2962790.681702,Marlboro,069,North Bennettsville,Marlboro - North Bennettsville,MARLBORO - NORTH BENNETTSVILLE,2962790.681702,1.000000,1
069,Marlboro,VTD 1,450691,Marlboro - VTD 1,MARLBORO - VTD 1,95359884.029538,Marlboro,069,Wallace,Marlboro - Wallace,MARLBORO - WALLACE,95359879.843589,1.000000,1
069,Marlboro,VTD 9,450699,Marlboro - VTD 9,MARLBORO - VTD 9,8208874.030165,Marlboro,069,North Bennettsville,Marlboro - North Bennettsville,MARLBORO - NORTH BENNETTSVILLE,8204642.332159,0.999484,1
069,Marlboro,VTD 9,450699,Marlboro - VTD 9,MARLBORO - VTD 9,8208874.030165,Marlboro,069,Adamsville,Marlboro - Adamsville,MARLBORO - ADAMSVILLE,4231.698006,0.000516,2
069,Marlboro,VTD 12,4506912,Marlboro - VTD 12,MARLBORO - VTD 12,20835333.092601,Marlboro,069,McColl,Marlboro - McColl,MARLBORO - MCCOLL,20835333.092601,1.000000,1
069,Marlboro,VTD 13,4506913,Marlboro - VTD 13,MARLBORO - VTD 13,21473334.072492,Marlboro,069,McColl,Marlboro - McColl,MARLBORO - MCCOLL,18989341.830300,0.884322,1
069,Marlboro,VTD 13,4506913,Marlboro - VTD 13,MARLBORO - VTD 13,21473334.072492,Marlboro,069,East McColl,Marlboro - East McColl,MARLBORO - EAST MCCOLL,1664617.431705,0.077520,2
069,Marlboro,VTD 13,4506913,Marlboro - VTD 13,MARLBORO - VTD 13,21473334.072492,Marlboro,069,Clio,Marlboro - Clio,MARLBORO - CLIO,819374.810487,0.038158,3
069,Marlboro,VTD 14,4506914,Marlboro - VTD 14,MARLBORO - VTD 14,19244388.030121,Marlboro,069,West Bennettsville,Marlboro - West Bennettsville,MARLBORO - WEST BENNETTSVILLE,19244388.030121,1.000000,1
069,Marlboro,VTD 25,4506925,Marlboro - VTD 25,MARLBORO - VTD 25,40146503.275463,Marlboro,069,Clio,Marlboro - Clio,MARLBORO - CLIO,40138825.111189,0.999809,1
069,Marlboro,VTD 25,4506925,Marlboro - VTD 25,MARLBORO - VTD 25,40146503.275463,Marlboro,069,Tatum,Marlboro - Tatum,MARLBORO - TATUM,7678.164273,0.000191,2
069,Marlboro,VTD 24,4506924,Marlboro - VTD 24,MARLBORO - VTD 24,22971552.832253,Marlboro,069,East Bennettsville,Marlboro - East Bennettsville,MARLBORO - EAST BENNETTSVILLE,22960375.242412,0.999513,1
069,Marlboro,VTD 24,4506924,Marlboro - VTD 24,MARLBORO - VTD 24,22971552.832253,Marlboro,069,Clio,Marlboro - Clio,MARLBORO - CLIO,11177.589841,0.000487,2
069,Marlboro,VTD 29,4506929,Marlboro - VTD 29,MARLBORO - VTD 29,81783835.989251,Marlboro,069,Blenheim,Marlboro - Blenheim,MARLBORO - BLENHEIM,80825698.443627,0.988285,1
069,Marlboro,VTD 29,4506929,Marlboro - VTD 29,MARLBORO - VTD 29,81783835.989251,Marlboro,069,Redhill,Marlboro - Redhill,MARLBORO - REDHILL,958137.545625,0.011715,2
069,Marlboro,VTD 28,4506928,Marlboro - VTD 28,MARLBORO - VTD 28,41462359.213312,Marlboro,069,Redhill,Marlboro - Redhill,MARLBORO - REDHILL,41409879.349612,0.998734,1
069,Marlboro,VTD 28,4506928,Marlboro - VTD 28,MARLBORO - VTD 28,41462359.213312,Marlboro,069,South Bennettsville,Marlboro - South Bennettsville,MARLBORO - SOUTH BENNETTSVILLE,52479.863700,0.001266,2
069,Marlboro,VTD 30,4506930,Marlboro - VTD 30,MARLBORO - VTD 30,70427399.334612,Marlboro,069,Clio,Marlboro - Clio,MARLBORO - CLIO,65422030.998732,0.928929,1
069,Marlboro,VTD 30,4506930,Marlboro - VTD 30,MARLBORO - VTD 30,70427399.334612,Marlboro,069,Blenheim,Marlboro - Blenheim,MARLBORO - BLENHEIM,5005368.335881,0.071071,2
069,Marlboro,VTD 26,4506926,Marlboro - VTD 26,MARLBORO - VTD 26,56225746.384303,Marlboro,069,Clio,Marlboro - Clio,MARLBORO - CLIO,56225743.937378,1.000000,1
069,Marlboro,VTD 27,4506927,Marlboro - VTD 27,MARLBORO - VTD 27,111584528.692605,Marlboro,069,Redhill,Marlboro - Redhill,MARLBORO - REDHILL,110056394.335488,0.986305,1
069,Marlboro,VTD 27,4506927,Marlboro - VTD 27,MARLBORO - VTD 27,111584528.692605,Marlboro,069,Blenheim,Marlboro - Blenheim,MARLBORO - BLENHEIM,1528134.357117,0.013695,2
069,Marlboro,VTD 22,4506922,Marlboro - VTD 22,MARLBORO - VTD 22,1482593.595106,Marlboro,069,East Bennettsville,Marlboro - East Bennettsville,MARLBORO - EAST BENNETTSVILLE,1482593.595106,1.000000,1
069,Marlboro,VTD 20,4506920,Marlboro - VTD 20,MARLBORO - VTD 20,9674571.166957,Marlboro,069,West Bennettsville,Marlboro - West Bennettsville,MARLBORO - WEST BENNETTSVILLE,9674571.166957,1.000000,1
069,Marlboro,VTD 21,4506921,Marlboro - VTD 21,MARLBORO - VTD 21,1290098.127417,Marlboro,069,South Bennettsville,Marlboro - South Bennettsville,MARLBORO - SOUTH BENNETTSVILLE,1149271.590977,0.890840,1
069,Marlboro,VTD 21,4506921,Marlboro - VTD 21,MARLBORO - VTD 21,1290098.127417,Marlboro,069,West Bennettsville,Marlboro - West Bennettsville,MARLBORO - WEST BENNETTSVILLE,140826.536440,0.109160,2
069,Marlboro,VTD 17,4506917,Marlboro - VTD 17,MARLBORO - VTD 17,7121978.938434,Marlboro,069,North Bennettsville,Marlboro - North Bennettsville,MARLBORO - NORTH BENNETTSVILLE,7119009.707472,0.999583,1
069,Marlboro,VTD 17,4506917,Marlboro - VTD 17,MARLBORO - VTD 17,7121978.938434,Marlboro,069,East Bennettsville,Marlboro - East Bennettsville,MARLBORO - EAST BENNETTSVILLE,2969.230962,0.000417,2
069,Marlboro,VTD 23,4506923,Marlboro - VTD 23,MARLBORO - VTD 23,986523.085585,Marlboro,069,South Bennettsville,Marlboro - South Bennettsville,MARLBORO - SOUTH BENNETTSVILLE,986523.085585,1.000000,1
069,Marlboro,VTD 18,4506918,Marlboro - VTD 18,MARLBORO - VTD 18,2326319.786977,Marlboro,069,East Bennettsville,Marlboro - East Bennettsville,MARLBORO - EAST BENNETTSVILLE,2326319.786977,1.000000,1
069,Marlboro,VTD 19,4506919,Marlboro - VTD 19,MARLBORO - VTD 19,57116891.464713,Marlboro,069,West Bennettsville,Marlboro - West Bennettsville,MARLBORO - WEST BENNETTSVILLE,57116888.954614,1.000000,1
069,Marlboro,VTD 15,4506915,Marlboro - VTD 15,MARLBORO - VTD 15,2972401.310680,Marlboro,069,North Bennettsville,Marlboro - North Bennettsville,MARLBORO - NORTH BENNETTSVILLE,2972401.310680,1.000000,1
069,Marlboro,VTD 31,4506931,Marlboro - VTD 31,MARLBORO - VTD 31,166370419.073986,Marlboro,069,Brownsville,Marlboro - Brownsville,MARLBORO - BROWNSVILLE,166370419.073986,1.000000,1
069,Marlboro,VTD 32,4506932,Marlboro - VTD 32,MARLBORO - VTD 32,20371772.847476,Marlboro,069,McColl,Marlboro - McColl,MARLBORO - MCCOLL,20371770.849562,1.000000,1
071,Newberry,VTD 1,450711,Newberry - VTD 1,NEWBERRY - VTD 1,13293816.231296,Newberry,071,Whitmire Outside,Newberry - Whitmire Outside,NEWBERRY - WHITMIRE OUTSIDE,11896211.525669,0.894868,1
071,Newberry,VTD 1,450711,Newberry - VTD 1,NEWBERRY - VTD 1,13293816.231296,Newberry,071,Whitmire City,Newberry - Whitmire City,NEWBERRY - WHITMIRE CITY,1397604.705627,0.105132,2
071,Newberry,VTD 6,450716,Newberry - VTD 6,NEWBERRY - VTD 6,42781246.563082,Newberry,071,Beth - Eden,Newberry - Beth - Eden,NEWBERRY - BETH - EDEN,42781239.004860,1.000000,1
071,Newberry,VTD 7,450717,Newberry - VTD 7,NEWBERRY - VTD 7,21769359.494309,Newberry,071,Beth - Eden,Newberry - Beth - Eden,NEWBERRY - BETH - EDEN,21744297.693422,0.998849,1
071,Newberry,VTD 7,450717,Newberry - VTD 7,NEWBERRY - VTD 7,21769359.494309,Newberry,071,Oakland,Newberry - Oakland,NEWBERRY - OAKLAND,25061.019989,0.001151,2
071,Newberry,VTD 8,450718,Newberry - VTD 8,NEWBERRY - VTD 8,40282805.341477,Newberry,071,Mt. Bethel-Garmany,Newberry - Mt. Bethel-Garmany,NEWBERRY - MT. BETHEL-GARMANY,40282804.974233,1.000000,1
071,Newberry,VTD 9,450719,Newberry - VTD 9,NEWBERRY - VTD 9,18735882.287067,Newberry,071,Mt. Bethel-Garmany,Newberry - Mt. Bethel-Garmany,NEWBERRY - MT. BETHEL-GARMANY,17994615.174332,0.960436,1
071,Newberry,VTD 9,450719,Newberry - VTD 9,NEWBERRY - VTD 9,18735882.287067,Newberry,071,Newberry Ward 6,Newberry - Newberry Ward 6,NEWBERRY - NEWBERRY WARD 6,610260.998528,0.032572,2
071,Newberry,VTD 9,450719,Newberry - VTD 9,NEWBERRY - VTD 9,18735882.287067,Newberry,071,Newberry Ward 2,Newberry - Newberry Ward 2,NEWBERRY - NEWBERRY WARD 2,131005.522025,0.006992,3
071,Newberry,VTD 14,4507114,Newberry - VTD 14,NEWBERRY - VTD 14,162184172.654659,Newberry,071,Chappells,Newberry - Chappells,NEWBERRY - CHAPPELLS,162184170.241708,1.000000,1
071,Newberry,VTD 2,450712,Newberry - VTD 2,NEWBERRY - VTD 2,152575160.728688,Newberry,071,Whitmire Outside,Newberry - Whitmire Outside,NEWBERRY - WHITMIRE OUTSIDE,151277751.739244,0.991497,1
071,Newberry,VTD 2,450712,Newberry - VTD 2,NEWBERRY - VTD 2,152575160.728688,Newberry,071,Whitmire City,Newberry - Whitmire City,NEWBERRY - WHITMIRE CITY,1297407.119775,0.008503,2
071,Newberry,VTD 3,450713,Newberry - VTD 3,NEWBERRY - VTD 3,71391915.337751,Newberry,071,Maybinton,Newberry - Maybinton,NEWBERRY - MAYBINTON,71391915.337751,1.000000,1
071,Newberry,VTD 5,450715,Newberry - VTD 5,NEWBERRY - VTD 5,26944267.973814,Newberry,071,Whitmire Outside,Newberry - Whitmire Outside,NEWBERRY - WHITMIRE OUTSIDE,26942434.672242,0.999932,1
071,Newberry,VTD 10,4507110,Newberry - VTD 10,NEWBERRY - VTD 10,62504781.541440,Newberry,071,St. Phillips-Jolly Street,Newberry - St. Phillips-Jolly Street,NEWBERRY - ST. PHILLIPS-JOLLY STREET,62504781.286131,1.000000,1
071,Newberry,VTD 12,4507112,Newberry - VTD 12,NEWBERRY - VTD 12,61355930.485733,Newberry,071,Consolidated Number 5,Newberry - Consolidated Number 5,NEWBERRY - CONSOLIDATED NUMBER 5,61355930.485733,1.000000,1
071,Newberry,VTD 4,450714,Newberry - VTD 4,NEWBERRY - VTD 4,106712382.032238,Newberry,071,Kinards-Jalapa,Newberry - Kinards-Jalapa,NEWBERRY - KINARDS-JALAPA,106712381.889343,1.000000,1
071,Newberry,VTD 15,4507115,Newberry - VTD 15,NEWBERRY - VTD 15,93241377.713649,Newberry,071,Silverstreet,Newberry - Silverstreet,NEWBERRY - SILVERSTREET,76534799.676946,0.820824,1
071,Newberry,VTD 15,4507115,Newberry - VTD 15,NEWBERRY - VTD 15,93241377.713649,Newberry,071,Hartford,Newberry - Hartford,NEWBERRY - HARTFORD,16706577.975373,0.179176,2
071,Newberry,VTD 16,4507116,Newberry - VTD 16,NEWBERRY - VTD 16,35724114.182977,Newberry,071,Silverstreet,Newberry - Silverstreet,NEWBERRY - SILVERSTREET,35724113.150836,1.000000,1
071,Newberry,VTD 20,4507120,Newberry - VTD 20,NEWBERRY - VTD 20,1568616.981848,Newberry,071,Oakland,Newberry - Oakland,NEWBERRY - OAKLAND,903604.312005,0.576052,1
071,Newberry,VTD 20,4507120,Newberry - VTD 20,NEWBERRY - VTD 20,1568616.981848,Newberry,071,Newberry Ward 1,Newberry - Newberry Ward 1,NEWBERRY - NEWBERRY WARD 1,346354.624574,0.220803,2
071,Newberry,VTD 20,4507120,Newberry - VTD 20,NEWBERRY - VTD 20,1568616.981848,Newberry,071,Helena,Newberry - Helena,NEWBERRY - HELENA,217720.255667,0.138798,3
071,Newberry,VTD 20,4507120,Newberry - VTD 20,NEWBERRY - VTD 20,1568616.981848,Newberry,071,Beth - Eden,Newberry - Beth - Eden,NEWBERRY - BETH - EDEN,100937.789602,0.064348,4
071,Newberry,VTD 24,4507124,Newberry - VTD 24,NEWBERRY - VTD 24,1152745.605190,Newberry,071,Newberry Ward 2,Newberry - Newberry Ward 2,NEWBERRY - NEWBERRY WARD 2,1152745.416387,1.000000,1
071,Newberry,VTD 11,4507111,Newberry - VTD 11,NEWBERRY - VTD 11,123137726.042427,Newberry,071,Consolidated Number 5,Newberry - Consolidated Number 5,NEWBERRY - CONSOLIDATED NUMBER 5,122963807.743151,0.998588,1
071,Newberry,VTD 11,4507111,Newberry - VTD 11,NEWBERRY - VTD 11,123137726.042427,Newberry,071,Whitmire Outside,Newberry - Whitmire Outside,NEWBERRY - WHITMIRE OUTSIDE,173918.299277,0.001412,2
071,Newberry,VTD 13,4507113,Newberry - VTD 13,NEWBERRY - VTD 13,116114784.008810,Newberry,071,Bush River,Newberry - Bush River,NEWBERRY - BUSH RIVER,116114778.519833,1.000000,1
071,Newberry,VTD 28,4507128,Newberry - VTD 28,NEWBERRY - VTD 28,1984874.678478,Newberry,071,Newberry Ward 4,Newberry - Newberry Ward 4,NEWBERRY - NEWBERRY WARD 4,1737638.037757,0.875440,1
071,Newberry,VTD 28,4507128,Newberry - VTD 28,NEWBERRY - VTD 28,1984874.678478,Newberry,071,Newberry Ward 5,Newberry - Newberry Ward 5,NEWBERRY - NEWBERRY WARD 5,200707.651067,0.101119,2
071,Newberry,VTD 28,4507128,Newberry - VTD 28,NEWBERRY - VTD 28,1984874.678478,Newberry,071,Helena,Newberry - Helena,NEWBERRY - HELENA,41833.083376,0.021076,3
071,Newberry,VTD 28,4507128,Newberry - VTD 28,NEWBERRY - VTD 28,1984874.678478,Newberry,071,Newberry Ward 1,Newberry - Newberry Ward 1,NEWBERRY - NEWBERRY WARD 1,4695.834769,0.002366,4
071,Newberry,VTD 19,4507119,Newberry - VTD 19,NEWBERRY - VTD 19,2379285.518991,Newberry,071,Helena,Newberry - Helena,NEWBERRY - HELENA,2379285.518991,1.000000,1
071,Newberry,VTD 21,4507121,Newberry - VTD 21,NEWBERRY - VTD 21,1968777.154179,Newberry,071,Newberry Ward 5,Newberry - Newberry Ward 5,NEWBERRY - NEWBERRY WARD 5,1326050.203653,0.673540,1
071,Newberry,VTD 21,4507121,Newberry - VTD 21,NEWBERRY - VTD 21,1968777.154179,Newberry,071,Helena,Newberry - Helena,NEWBERRY - HELENA,600301.930408,0.304911,2
071,Newberry,VTD 21,4507121,Newberry - VTD 21,NEWBERRY - VTD 21,1968777.154179,Newberry,071,Newberry Ward 1,Newberry - Newberry Ward 1,NEWBERRY - NEWBERRY WARD 1,38112.823173,0.019359,3
071,Newberry,VTD 21,4507121,Newberry - VTD 21,NEWBERRY - VTD 21,1968777.154179,Newberry,071,Newberry Ward 4,Newberry - Newberry Ward 4,NEWBERRY - NEWBERRY WARD 4,4312.196945,0.002190,4
071,Newberry,VTD 22,4507122,Newberry - VTD 22,NEWBERRY - VTD 22,844492.264015,Newberry,071,Newberry Ward 1,Newberry - Newberry Ward 1,NEWBERRY - NEWBERRY WARD 1,826825.440492,0.979080,1
071,Newberry,VTD 22,4507122,Newberry - VTD 22,NEWBERRY - VTD 22,844492.264015,Newberry,071,Newberry Ward 2,Newberry - Newberry Ward 2,NEWBERRY - NEWBERRY WARD 2,15243.727162,0.018051,2
071,Newberry,VTD 22,4507122,Newberry - VTD 22,NEWBERRY - VTD 22,844492.264015,Newberry,071,Newberry Ward 5,Newberry - Newberry Ward 5,NEWBERRY - NEWBERRY WARD 5,2423.096362,0.002869,3
071,Newberry,VTD 26,4507126,Newberry - VTD 26,NEWBERRY - VTD 26,572420.182746,Newberry,071,Newberry Ward 2,Newberry - Newberry Ward 2,NEWBERRY - NEWBERRY WARD 2,320002.621864,0.559034,1
071,Newberry,VTD 26,4507126,Newberry - VTD 26,NEWBERRY - VTD 26,572420.182746,Newberry,071,Newberry Ward 6,Newberry - Newberry Ward 6,NEWBERRY - NEWBERRY WARD 6,252417.560882,0.440966,2
071,Newberry,VTD 23,4507123,Newberry - VTD 23,NEWBERRY - VTD 23,3261459.521015,Newberry,071,Beth - Eden,Newberry - Beth - Eden,NEWBERRY - BETH - EDEN,2570410.571816,0.788117,1
071,Newberry,VTD 23,4507123,Newberry - VTD 23,NEWBERRY - VTD 23,3261459.521015,Newberry,071,Oakland,Newberry - Oakland,NEWBERRY - OAKLAND,691048.387583,0.211883,2
071,Newberry,VTD 25,4507125,Newberry - VTD 25,NEWBERRY - VTD 25,2279471.114524,Newberry,071,Newberry Ward 2,Newberry - Newberry Ward 2,NEWBERRY - NEWBERRY WARD 2,1550597.281949,0.680244,1
071,Newberry,VTD 25,4507125,Newberry - VTD 25,NEWBERRY - VTD 25,2279471.114524,Newberry,071,Mt. Bethel-Garmany,Newberry - Mt. Bethel-Garmany,NEWBERRY - MT. BETHEL-GARMANY,728873.812143,0.319756,2
071,Newberry,VTD 17,4507117,Newberry - VTD 17,NEWBERRY - VTD 17,12528052.518339,Newberry,071,Hartford,Newberry - Hartford,NEWBERRY - HARTFORD,12485441.283331,0.996599,1
071,Newberry,VTD 17,4507117,Newberry - VTD 17,NEWBERRY - VTD 17,12528052.518339,Newberry,071,Newberry Ward 4,Newberry - Newberry Ward 4,NEWBERRY - NEWBERRY WARD 4,33681.980598,0.002689,2
071,Newberry,VTD 17,4507117,Newberry - VTD 17,NEWBERRY - VTD 17,12528052.518339,Newberry,071,Newberry Ward 3,Newberry - Newberry Ward 3,NEWBERRY - NEWBERRY WARD 3,8929.121603,0.000713,3
071,Newberry,VTD 46,4507146,Newberry - VTD 46,NEWBERRY - VTD 46,4744051.919325,Newberry,071,Helena,Newberry - Helena,NEWBERRY - HELENA,4744051.919325,1.000000,1
071,Newberry,VTD 33,4507133,Newberry - VTD 33,NEWBERRY - VTD 33,23362174.177658,Newberry,071,Johnstone,Newberry - Johnstone,NEWBERRY - JOHNSTONE,23362174.177658,1.000000,1
071,Newberry,VTD 18,4507118,Newberry - VTD 18,NEWBERRY - VTD 18,4737903.700855,Newberry,071,Helena,Newberry - Helena,NEWBERRY - HELENA,4728944.553168,0.998109,1
071,Newberry,VTD 18,4507118,Newberry - VTD 18,NEWBERRY - VTD 18,4737903.700855,Newberry,071,Newberry Ward 5,Newberry - Newberry Ward 5,NEWBERRY - NEWBERRY WARD 5,8959.147687,0.001891,2
071,Newberry,VTD 45,4507145,Newberry - VTD 45,NEWBERRY - VTD 45,40336745.419532,Newberry,071,Hartford,Newberry - Hartford,NEWBERRY - HARTFORD,40336744.989979,1.000000,1
071,Newberry,VTD 41,4507141,Newberry - VTD 41,NEWBERRY - VTD 41,19233955.734270,Newberry,071,Wheeland,Newberry - Wheeland,NEWBERRY - WHEELAND,19185308.105678,0.997471,1
071,Newberry,VTD 41,4507141,Newberry - VTD 41,NEWBERRY - VTD 41,19233955.734270,Newberry,071,Fairview,Newberry - Fairview,NEWBERRY - FAIRVIEW,19358.530473,0.001006,2
071,Newberry,VTD 35,4507135,Newberry - VTD 35,NEWBERRY - VTD 35,26735053.270128,Newberry,071,Prosperity,Newberry - Prosperity,NEWBERRY - PROSPERITY,26735053.249285,1.000000,1
071,Newberry,VTD 36,4507136,Newberry - VTD 36,NEWBERRY - VTD 36,57470747.398722,Newberry,071,Pomaria,Newberry - Pomaria,NEWBERRY - POMARIA,57470745.329411,1.000000,1
071,Newberry,VTD 34,4507134,Newberry - VTD 34,NEWBERRY - VTD 34,38875050.703515,Newberry,071,Prosperity,Newberry - Prosperity,NEWBERRY - PROSPERITY,38828341.173020,0.998798,1
071,Newberry,VTD 34,4507134,Newberry - VTD 34,NEWBERRY - VTD 34,38875050.703515,Newberry,071,Johnstone,Newberry - Johnstone,NEWBERRY - JOHNSTONE,46708.998925,0.001202,2
071,Newberry,VTD 32,4507132,Newberry - VTD 32,NEWBERRY - VTD 32,25434522.645822,Newberry,071,Hartford,Newberry - Hartford,NEWBERRY - HARTFORD,24988097.594344,0.982448,1
071,Newberry,VTD 32,4507132,Newberry - VTD 32,NEWBERRY - VTD 32,25434522.645822,Newberry,071,Newberry Ward 3,Newberry - Newberry Ward 3,NEWBERRY - NEWBERRY WARD 3,415094.976643,0.016320,2
071,Newberry,VTD 32,4507132,Newberry - VTD 32,NEWBERRY - VTD 32,25434522.645822,Newberry,071,Johnstone,Newberry - Johnstone,NEWBERRY - JOHNSTONE,31330.074835,0.001232,3
071,Newberry,VTD 30,4507130,Newberry - VTD 30,NEWBERRY - VTD 30,1952806.629047,Newberry,071,Newberry Ward 3,Newberry - Newberry Ward 3,NEWBERRY - NEWBERRY WARD 3,578392.672042,0.296185,1
071,Newberry,VTD 30,4507130,Newberry - VTD 30,NEWBERRY - VTD 30,1952806.629047,Newberry,071,Johnstone,Newberry - Johnstone,NEWBERRY - JOHNSTONE,562237.646087,0.287913,2
071,Newberry,VTD 30,4507130,Newberry - VTD 30,NEWBERRY - VTD 30,1952806.629047,Newberry,071,Newberry Ward 6,Newberry - Newberry Ward 6,NEWBERRY - NEWBERRY WARD 6,552516.658023,0.282935,3
071,Newberry,VTD 30,4507130,Newberry - VTD 30,NEWBERRY - VTD 30,1952806.629047,Newberry,071,Hartford,Newberry - Hartford,NEWBERRY - HARTFORD,259659.652894,0.132967,4
071,Newberry,VTD 31,4507131,Newberry - VTD 31,NEWBERRY - VTD 31,11876250.479699,Newberry,071,Johnstone,Newberry - Johnstone,NEWBERRY - JOHNSTONE,9352665.487405,0.787510,1
071,Newberry,VTD 31,4507131,Newberry - VTD 31,NEWBERRY - VTD 31,11876250.479699,Newberry,071,Newberry Ward 6,Newberry - Newberry Ward 6,NEWBERRY - NEWBERRY WARD 6,2523582.582069,0.212490,2
071,Newberry,VTD 29,4507129,Newberry - VTD 29,NEWBERRY - VTD 29,1404682.856822,Newberry,071,Newberry Ward 3,Newberry - Newberry Ward 3,NEWBERRY - NEWBERRY WARD 3,1404682.785273,1.000000,1
071,Newberry,VTD 27,4507127,Newberry - VTD 27,NEWBERRY - VTD 27,1159177.092155,Newberry,071,Newberry Ward 6,Newberry - Newberry Ward 6,NEWBERRY - NEWBERRY WARD 6,1159177.092155,1.000000,1
071,Newberry,VTD 42,4507142,Newberry - VTD 42,NEWBERRY - VTD 42,46900375.741272,Newberry,071,Fairview,Newberry - Fairview,NEWBERRY - FAIRVIEW,45335123.597777,0.966626,1
071,Newberry,VTD 42,4507142,Newberry - VTD 42,NEWBERRY - VTD 42,46900375.741272,Newberry,071,O'Neal,Newberry - O'Neal,NEWBERRY - ONEAL,1490866.224720,0.031788,2
071,Newberry,VTD 42,4507142,Newberry - VTD 42,NEWBERRY - VTD 42,46900375.741272,Newberry,071,Wheeland,Newberry - Wheeland,NEWBERRY - WHEELAND,74385.918776,0.001586,3
071,Newberry,VTD 40,4507140,Newberry - VTD 40,NEWBERRY - VTD 40,28640548.131318,Newberry,071,Midway,Newberry - Midway,NEWBERRY - MIDWAY,16137709.263280,0.563457,1
071,Newberry,VTD 40,4507140,Newberry - VTD 40,NEWBERRY - VTD 40,28640548.131318,Newberry,071,Fairview,Newberry - Fairview,NEWBERRY - FAIRVIEW,12502835.617226,0.436543,2
071,Newberry,VTD 39,4507139,Newberry - VTD 39,NEWBERRY - VTD 39,31686043.155868,Newberry,071,Little Mountain,Newberry - Little Mountain,NEWBERRY - LITTLE MOUNTAIN,31686042.716081,1.000000,1
071,Newberry,VTD 38,4507138,Newberry - VTD 38,NEWBERRY - VTD 38,18255155.151337,Newberry,071,Little Mountain,Newberry - Little Mountain,NEWBERRY - LITTLE MOUNTAIN,18255153.188751,1.000000,1
071,Newberry,VTD 37,4507137,Newberry - VTD 37,NEWBERRY - VTD 37,11137748.888014,Newberry,071,Peak,Newberry - Peak,NEWBERRY - PEAK,11137748.888014,1.000000,1
071,Newberry,VTD 43,4507143,Newberry - VTD 43,NEWBERRY - VTD 43,56773070.235082,Newberry,071,O'Neal,Newberry - O'Neal,NEWBERRY - ONEAL,53733142.730911,0.946455,1
071,Newberry,VTD 43,4507143,Newberry - VTD 43,NEWBERRY - VTD 43,56773070.235082,Newberry,071,Fairview,Newberry - Fairview,NEWBERRY - FAIRVIEW,3039927.442802,0.053545,2
071,Newberry,VTD 44,4507144,Newberry - VTD 44,NEWBERRY - VTD 44,48486840.889312,Newberry,071,Stoney Hill,Newberry - Stoney Hill,NEWBERRY - STONEY HILL,48486840.449396,1.000000,1
073,Oconee,VTD 1,450731,Oconee - VTD 1,OCONEE - VTD 1,99293972.048608,Oconee,073,Mountain Rest,Oconee - Mountain Rest,OCONEE - MOUNTAIN REST,97634045.492844,0.983283,1
073,Oconee,VTD 1,450731,Oconee - VTD 1,OCONEE - VTD 1,99293972.048608,Oconee,073,Tamasee,Oconee - Tamasee,OCONEE - TAMASEE,1380651.996339,0.013905,2
073,Oconee,VTD 1,450731,Oconee - VTD 1,OCONEE - VTD 1,99293972.048608,Oconee,073,"Walhalla No. 1, Walhalla No. 2","Oconee - Walhalla No. 1, Walhalla No. 2",OCONEE - WALHALLA NO. 1 WALHALLA NO. 2,279274.559425,0.002813,3
073,Oconee,VTD 2,450732,Oconee - VTD 2,OCONEE - VTD 2,46805440.630918,Oconee,073,Tamasee,Oconee - Tamasee,OCONEE - TAMASEE,46438019.270114,0.992150,1
073,Oconee,VTD 2,450732,Oconee - VTD 2,OCONEE - VTD 2,46805440.630918,Oconee,073,Mountain Rest,Oconee - Mountain Rest,OCONEE - MOUNTAIN REST,367421.360804,0.007850,2
073,Oconee,VTD 3,450733,Oconee - VTD 3,OCONEE - VTD 3,145510779.313426,Oconee,073,Salem,Oconee - Salem,OCONEE - SALEM,145456155.170984,0.999625,1
073,Oconee,VTD 3,450733,Oconee - VTD 3,OCONEE - VTD 3,145510779.313426,Oconee,073,Tamasee,Oconee - Tamasee,OCONEE - TAMASEE,54616.690235,0.000375,2
073,Oconee,VTD 6,450736,Oconee - VTD 6,OCONEE - VTD 6,63759117.025827,Oconee,073,Salem,Oconee - Salem,OCONEE - SALEM,63618108.992398,0.997788,1
073,Oconee,VTD 6,450736,Oconee - VTD 6,OCONEE - VTD 6,63759117.025827,Oconee,073,Tamasee,Oconee - Tamasee,OCONEE - TAMASEE,70165.882327,0.001100,2
073,Oconee,VTD 6,450736,Oconee - VTD 6,OCONEE - VTD 6,63759117.025827,Oconee,073,Stamp Creek,Oconee - Stamp Creek,OCONEE - STAMP CREEK,57776.491158,0.000906,3
073,Oconee,VTD 6,450736,Oconee - VTD 6,OCONEE - VTD 6,63759117.025827,Oconee,073,Keowee,Oconee - Keowee,OCONEE - KEOWEE,13060.556374,0.000205,4
073,Oconee,VTD 9,450739,Oconee - VTD 9,OCONEE - VTD 9,51314341.699151,Oconee,073,Keowee,Oconee - Keowee,OCONEE - KEOWEE,50185129.294879,0.977994,1
073,Oconee,VTD 9,450739,Oconee - VTD 9,OCONEE - VTD 9,51314341.699151,Oconee,073,Stamp Creek,Oconee - Stamp Creek,OCONEE - STAMP CREEK,1129212.404272,0.022006,2
073,Oconee,VTD 14,4507314,Oconee - VTD 14,OCONEE - VTD 14,35935833.136287,Oconee,073,West Union,Oconee - West Union,OCONEE - WEST UNION,35899482.083075,0.998988,1
073,Oconee,VTD 14,4507314,Oconee - VTD 14,OCONEE - VTD 14,35935833.136287,Oconee,073,"Walhalla No. 1, Walhalla No. 2","Oconee - Walhalla No. 1, Walhalla No. 2",OCONEE - WALHALLA NO. 1 WALHALLA NO. 2,34432.433911,0.000958,2
073,Oconee,VTD 15,4507315,Oconee - VTD 15,OCONEE - VTD 15,46437984.012581,Oconee,073,Keowee,Oconee - Keowee,OCONEE - KEOWEE,46437694.861206,0.999994,1
073,Oconee,VTD 4,450734,Oconee - VTD 4,OCONEE - VTD 4,54271003.708593,Oconee,073,Mountain Rest,Oconee - Mountain Rest,OCONEE - MOUNTAIN REST,54271003.368837,1.000000,1
073,Oconee,VTD 31,4507331,Oconee - VTD 31,OCONEE - VTD 31,26018059.216748,Oconee,073,"Walhalla No. 1, Walhalla No. 2","Oconee - Walhalla No. 1, Walhalla No. 2",OCONEE - WALHALLA NO. 1 WALHALLA NO. 2,26018059.216748,1.000000,1
073,Oconee,VTD 12,4507312,Oconee - VTD 12,OCONEE - VTD 12,72250794.814948,Oconee,073,"Walhalla No. 1, Walhalla No. 2","Oconee - Walhalla No. 1, Walhalla No. 2",OCONEE - WALHALLA NO. 1 WALHALLA NO. 2,36728784.775698,0.508351,1
073,Oconee,VTD 12,4507312,Oconee - VTD 12,OCONEE - VTD 12,72250794.814948,Oconee,073,"Westminster No. 1, Westminster No. 2","Oconee - Westminster No. 1, Westminster No. 2",OCONEE - WESTMINSTER NO. 1 WESTMINSTER NO. 2,35456859.614358,0.490747,2
073,Oconee,VTD 12,4507312,Oconee - VTD 12,OCONEE - VTD 12,72250794.814948,Oconee,073,Holly Springs,Oconee - Holly Springs,OCONEE - HOLLY SPRINGS,65150.424893,0.000902,3
073,Oconee,VTD 7,450737,Oconee - VTD 7,OCONEE - VTD 7,58497624.542200,Oconee,073,Longs Creek,Oconee - Longs Creek,OCONEE - LONGS CREEK,55909894.631626,0.955764,1
073,Oconee,VTD 7,450737,Oconee - VTD 7,OCONEE - VTD 7,58497624.542200,Oconee,073,Mountain Rest,Oconee - Mountain Rest,OCONEE - MOUNTAIN REST,2587729.910574,0.044236,2
073,Oconee,VTD 10,4507310,Oconee - VTD 10,OCONEE - VTD 10,101338933.362019,Oconee,073,Longs Creek,Oconee - Longs Creek,OCONEE - LONGS CREEK,97235049.677622,0.959503,1
073,Oconee,VTD 10,4507310,Oconee - VTD 10,OCONEE - VTD 10,101338933.362019,Oconee,073,Madison,Oconee - Madison,OCONEE - MADISON,2293402.340691,0.022631,2
073,Oconee,VTD 10,4507310,Oconee - VTD 10,OCONEE - VTD 10,101338933.362019,Oconee,073,Holly Springs,Oconee - Holly Springs,OCONEE - HOLLY SPRINGS,1810481.343706,0.017866,3
073,Oconee,VTD 16,4507316,Oconee - VTD 16,OCONEE - VTD 16,86584013.066273,Oconee,073,Madison,Oconee - Madison,OCONEE - MADISON,79232697.600033,0.915096,1
073,Oconee,VTD 16,4507316,Oconee - VTD 16,OCONEE - VTD 16,86584013.066273,Oconee,073,Longs Creek,Oconee - Longs Creek,OCONEE - LONGS CREEK,7185080.079898,0.082984,2
073,Oconee,VTD 16,4507316,Oconee - VTD 16,OCONEE - VTD 16,86584013.066273,Oconee,073,"Westminster No. 1, Westminster No. 2","Oconee - Westminster No. 1, Westminster No. 2",OCONEE - WESTMINSTER NO. 1 WESTMINSTER NO. 2,166235.386342,0.001920,3
073,Oconee,VTD 11,4507311,Oconee - VTD 11,OCONEE - VTD 11,45455955.687747,Oconee,073,Holly Springs,Oconee - Holly Springs,OCONEE - HOLLY SPRINGS,45452668.700419,0.999928,1
073,Oconee,VTD 32,4507332,Oconee - VTD 32,OCONEE - VTD 32,45788746.679984,Oconee,073,"Westminster No. 1, Westminster No. 2","Oconee - Westminster No. 1, Westminster No. 2",OCONEE - WESTMINSTER NO. 1 WESTMINSTER NO. 2,45721761.501249,0.998537,1
073,Oconee,VTD 32,4507332,Oconee - VTD 32,OCONEE - VTD 32,45788746.679984,Oconee,073,Holly Springs,Oconee - Holly Springs,OCONEE - HOLLY SPRINGS,66985.178735,0.001463,2
073,Oconee,VTD 23,4507323,Oconee - VTD 23,OCONEE - VTD 23,22451835.489097,Oconee,073,Return,Oconee - Return,OCONEE - RETURN,22175403.175645,0.987688,1
073,Oconee,VTD 23,4507323,Oconee - VTD 23,OCONEE - VTD 23,22451835.489097,Oconee,073,Oakway,Oconee - Oakway,OCONEE - OAKWAY,276298.649971,0.012306,2
073,Oconee,VTD 27,4507327,Oconee - VTD 27,OCONEE - VTD 27,32893341.736111,Oconee,073,Oakway,Oconee - Oakway,OCONEE - OAKWAY,32885210.118021,0.999753,1
073,Oconee,VTD 27,4507327,Oconee - VTD 27,OCONEE - VTD 27,32893341.736111,Oconee,073,Tokeena/Providence,Oconee - Tokeena/Providence,OCONEE - TOKEENAPROVIDENCE,8131.618090,0.000247,2
073,Oconee,VTD 29,4507329,Oconee - VTD 29,OCONEE - VTD 29,42942193.550915,Oconee,073,Earles Grove,Oconee - Earles Grove,OCONEE - EARLES GROVE,42942193.550915,1.000000,1
073,Oconee,VTD 28,4507328,Oconee - VTD 28,OCONEE - VTD 28,47517109.769375,Oconee,073,Tokeena/Providence,Oconee - Tokeena/Providence,OCONEE - TOKEENAPROVIDENCE,47277160.968471,0.994950,1
073,Oconee,VTD 28,4507328,Oconee - VTD 28,OCONEE - VTD 28,47517109.769375,Oconee,073,Earles Grove,Oconee - Earles Grove,OCONEE - EARLES GROVE,185140.603202,0.003896,2
073,Oconee,VTD 28,4507328,Oconee - VTD 28,OCONEE - VTD 28,47517109.769375,Oconee,073,Friendship,Oconee - Friendship,OCONEE - FRIENDSHIP,54808.197701,0.001153,3
073,Oconee,VTD 26,4507326,Oconee - VTD 26,OCONEE - VTD 26,48859108.307735,Oconee,073,South Union,Oconee - South Union,OCONEE - SOUTH UNION,48835118.314855,0.999509,1
073,Oconee,VTD 26,4507326,Oconee - VTD 26,OCONEE - VTD 26,48859108.307735,Oconee,073,Fair Play,Oconee - Fair Play,OCONEE - FAIR PLAY,23989.992880,0.000491,2
073,Oconee,VTD 17,4507317,Oconee - VTD 17,OCONEE - VTD 17,105771821.722157,Oconee,073,"Westminster No. 1, Westminster No. 2","Oconee - Westminster No. 1, Westminster No. 2",OCONEE - WESTMINSTER NO. 1 WESTMINSTER NO. 2,102559995.245194,0.969634,1
073,Oconee,VTD 17,4507317,Oconee - VTD 17,OCONEE - VTD 17,105771821.722157,Oconee,073,Madison,Oconee - Madison,OCONEE - MADISON,2224011.236430,0.021027,2
073,Oconee,VTD 17,4507317,Oconee - VTD 17,OCONEE - VTD 17,105771821.722157,Oconee,073,Holly Springs,Oconee - Holly Springs,OCONEE - HOLLY SPRINGS,987815.240533,0.009339,3
073,Oconee,VTD 34,4507334,Oconee - VTD 34,OCONEE - VTD 34,2525810.905548,Oconee,073,Utica,Oconee - Utica,OCONEE - UTICA,2525810.905548,1.000000,1
073,Oconee,VTD 22,4507322,Oconee - VTD 22,OCONEE - VTD 22,32348294.128292,Oconee,073,"Seneca No. 1, Seneca No. 2, Seneca No. 3, Seneca No. 4","Oconee - Seneca No. 1, Seneca No. 2, Seneca No. 3, Seneca No. 4",OCONEE - SENECA NO. 1 SENECA NO. 2 SENECA NO. 3 SENECA NO. 4,31267468.771324,0.966588,1
073,Oconee,VTD 22,4507322,Oconee - VTD 22,OCONEE - VTD 22,32348294.128292,Oconee,073,Utica,Oconee - Utica,OCONEE - UTICA,1080825.356968,0.033412,2
073,Oconee,VTD 13,4507313,Oconee - VTD 13,OCONEE - VTD 13,52035125.144150,Oconee,073,"Walhalla No. 1, Walhalla No. 2","Oconee - Walhalla No. 1, Walhalla No. 2",OCONEE - WALHALLA NO. 1 WALHALLA NO. 2,52035125.144150,1.000000,1
073,Oconee,VTD 8,450738,Oconee - VTD 8,OCONEE - VTD 8,74654397.529942,Oconee,073,"Walhalla No. 1, Walhalla No. 2","Oconee - Walhalla No. 1, Walhalla No. 2",OCONEE - WALHALLA NO. 1 WALHALLA NO. 2,60716423.994055,0.813300,1
073,Oconee,VTD 8,450738,Oconee - VTD 8,OCONEE - VTD 8,74654397.529942,Oconee,073,Mountain Rest,Oconee - Mountain Rest,OCONEE - MOUNTAIN REST,13937972.948551,0.186700,2
073,Oconee,VTD 5,450735,Oconee - VTD 5,OCONEE - VTD 5,57457212.007537,Oconee,073,Tamasee,Oconee - Tamasee,OCONEE - TAMASEE,57297935.565459,0.997228,1
073,Oconee,VTD 5,450735,Oconee - VTD 5,OCONEE - VTD 5,57457212.007537,Oconee,073,Mountain Rest,Oconee - Mountain Rest,OCONEE - MOUNTAIN REST,159276.259480,0.002772,2
073,Oconee,VTD 18,4507318,Oconee - VTD 18,OCONEE - VTD 18,30420118.033679,Oconee,073,Richland,Oconee - Richland,OCONEE - RICHLAND,28278731.823935,0.929606,1
073,Oconee,VTD 18,4507318,Oconee - VTD 18,OCONEE - VTD 18,30420118.033679,Oconee,073,"Walhalla No. 1, Walhalla No. 2","Oconee - Walhalla No. 1, Walhalla No. 2",OCONEE - WALHALLA NO. 1 WALHALLA NO. 2,2141386.209744,0.070394,2
073,Oconee,VTD 19,4507319,Oconee - VTD 19,OCONEE - VTD 19,44990047.230927,Oconee,073,"Seneca No. 1, Seneca No. 2, Seneca No. 3, Seneca No. 4","Oconee - Seneca No. 1, Seneca No. 2, Seneca No. 3, Seneca No. 4",OCONEE - SENECA NO. 1 SENECA NO. 2 SENECA NO. 3 SENECA NO. 4,29602327.667354,0.657975,1
073,Oconee,VTD 19,4507319,Oconee - VTD 19,OCONEE - VTD 19,44990047.230927,Oconee,073,Bountyland,Oconee - Bountyland,OCONEE - BOUNTYLAND,15378058.545101,0.341810,2
073,Oconee,VTD 19,4507319,Oconee - VTD 19,OCONEE - VTD 19,44990047.230927,Oconee,073,Utica,Oconee - Utica,OCONEE - UTICA,9659.739732,0.000215,3
073,Oconee,VTD 20,4507320,Oconee - VTD 20,OCONEE - VTD 20,6674836.946647,Oconee,073,Newry-Cornith,Oconee - Newry-Cornith,OCONEE - NEWRY-CORNITH,6674825.691532,0.999998,1
073,Oconee,VTD 21,4507321,Oconee - VTD 21,OCONEE - VTD 21,18538680.278581,Oconee,073,Ravenel,Oconee - Ravenel,OCONEE - RAVENEL,18538678.875208,1.000000,1
073,Oconee,VTD 30,4507330,Oconee - VTD 30,OCONEE - VTD 30,39269518.490411,Oconee,073,Fair Play,Oconee - Fair Play,OCONEE - FAIR PLAY,39219374.337576,0.998723,1
073,Oconee,VTD 25,4507325,Oconee - VTD 25,OCONEE - VTD 25,51405562.370207,Oconee,073,Friendship,Oconee - Friendship,OCONEE - FRIENDSHIP,51401515.192792,0.999921,1
073,Oconee,VTD 24,4507324,Oconee - VTD 24,OCONEE - VTD 24,32263514.661343,Oconee,073,Shiloh,Oconee - Shiloh,OCONEE - SHILOH,32031039.919758,0.992795,1
073,Oconee,VTD 24,4507324,Oconee - VTD 24,OCONEE - VTD 24,32263514.661343,Oconee,073,Ravenel,Oconee - Ravenel,OCONEE - RAVENEL,221880.522854,0.006877,2
073,Oconee,VTD 33,4507333,Oconee - VTD 33,OCONEE - VTD 33,22169148.901651,Oconee,073,Stamp Creek,Oconee - Stamp Creek,OCONEE - STAMP CREEK,21250038.596383,0.958541,1
073,Oconee,VTD 33,4507333,Oconee - VTD 33,OCONEE - VTD 33,22169148.901651,Oconee,073,Salem,Oconee - Salem,OCONEE - SALEM,518214.327061,0.023375,2
073,Oconee,VTD 33,4507333,Oconee - VTD 33,OCONEE - VTD 33,22169148.901651,Oconee,073,Keowee,Oconee - Keowee,OCONEE - KEOWEE,399608.652784,0.018025,3
075,Orangeburg,VTD 2,450752,Orangeburg - VTD 2,ORANGEBURG - VTD 2,2082298.804931,Orangeburg,075,Orangeburg Ward 2,Orangeburg - Orangeburg Ward 2,ORANGEBURG - ORANGEBURG WARD 2,2067677.310528,0.992978,1
075,Orangeburg,VTD 2,450752,Orangeburg - VTD 2,ORANGEBURG - VTD 2,2082298.804931,Orangeburg,075,Orangeburg Ward 4,Orangeburg - Orangeburg Ward 4,ORANGEBURG - ORANGEBURG WARD 4,14621.494403,0.007022,2
075,Orangeburg,VTD 23,4507523,Orangeburg - VTD 23,ORANGEBURG - VTD 23,69832737.437301,Orangeburg,075,Cordova 1,Orangeburg - Cordova 1,ORANGEBURG - CORDOVA 1,45327283.593983,0.649084,1
075,Orangeburg,VTD 23,4507523,Orangeburg - VTD 23,ORANGEBURG - VTD 23,69832737.437301,Orangeburg,075,Cordova 2,Orangeburg - Cordova 2,ORANGEBURG - CORDOVA 2,24132367.384156,0.345574,2
075,Orangeburg,VTD 23,4507523,Orangeburg - VTD 23,ORANGEBURG - VTD 23,69832737.437301,Orangeburg,075,Edisto,Orangeburg - Edisto,ORANGEBURG - EDISTO,373081.364745,0.005342,3
075,Orangeburg,VTD 24,4507524,Orangeburg - VTD 24,ORANGEBURG - VTD 24,109103963.716139,Orangeburg,075,Edisto,Orangeburg - Edisto,ORANGEBURG - EDISTO,109083503.030500,0.999812,1
075,Orangeburg,VTD 24,4507524,Orangeburg - VTD 24,ORANGEBURG - VTD 24,109103963.716139,Orangeburg,075,Branchville 1,Orangeburg - Branchville 1,ORANGEBURG - BRANCHVILLE 1,20457.385955,0.000188,2
075,Orangeburg,VTD 1,450751,Orangeburg - VTD 1,ORANGEBURG - VTD 1,1645109.534979,Orangeburg,075,Orangeburg Ward 1,Orangeburg - Orangeburg Ward 1,ORANGEBURG - ORANGEBURG WARD 1,1645109.534979,1.000000,1
075,Orangeburg,VTD 3,450753,Orangeburg - VTD 3,ORANGEBURG - VTD 3,2388492.503130,Orangeburg,075,Orangeburg Ward 3,Orangeburg - Orangeburg Ward 3,ORANGEBURG - ORANGEBURG WARD 3,1963257.853743,0.821965,1
075,Orangeburg,VTD 3,450753,Orangeburg - VTD 3,ORANGEBURG - VTD 3,2388492.503130,Orangeburg,075,Suburban 3,Orangeburg - Suburban 3,ORANGEBURG - SUBURBAN 3,271421.329296,0.113637,2
075,Orangeburg,VTD 3,450753,Orangeburg - VTD 3,ORANGEBURG - VTD 3,2388492.503130,Orangeburg,075,Suburban 4,Orangeburg - Suburban 4,ORANGEBURG - SUBURBAN 4,153812.801225,0.064397,3
075,Orangeburg,VTD 12,4507512,Orangeburg - VTD 12,ORANGEBURG - VTD 12,27170632.395367,Orangeburg,075,Suburban 3,Orangeburg - Suburban 3,ORANGEBURG - SUBURBAN 3,27166279.592647,0.999840,1
075,Orangeburg,VTD 12,4507512,Orangeburg - VTD 12,ORANGEBURG - VTD 12,27170632.395367,Orangeburg,075,Orangeburg Ward 3,Orangeburg - Orangeburg Ward 3,ORANGEBURG - ORANGEBURG WARD 3,4348.779826,0.000160,2
075,Orangeburg,VTD 17,4507517,Orangeburg - VTD 17,ORANGEBURG - VTD 17,105877019.187585,Orangeburg,075,Bethel,Orangeburg - Bethel,ORANGEBURG - BETHEL,105737617.606746,0.998683,1
075,Orangeburg,VTD 17,4507517,Orangeburg - VTD 17,ORANGEBURG - VTD 17,105877019.187585,Orangeburg,075,Four Holes,Orangeburg - Four Holes,ORANGEBURG - FOUR HOLES,139401.580839,0.001317,2
075,Orangeburg,VTD 13,4507513,Orangeburg - VTD 13,ORANGEBURG - VTD 13,23871386.507489,Orangeburg,075,Suburban 4,Orangeburg - Suburban 4,ORANGEBURG - SUBURBAN 4,23555486.481633,0.986767,1
075,Orangeburg,VTD 13,4507513,Orangeburg - VTD 13,ORANGEBURG - VTD 13,23871386.507489,Orangeburg,075,Orangeburg Ward 3,Orangeburg - Orangeburg Ward 3,ORANGEBURG - ORANGEBURG WARD 3,315899.138801,0.013233,2
075,Orangeburg,VTD 6,450756,Orangeburg - VTD 6,ORANGEBURG - VTD 6,1167699.378023,Orangeburg,075,Orangeburg Ward 6,Orangeburg - Orangeburg Ward 6,ORANGEBURG - ORANGEBURG WARD 6,1167698.862600,1.000000,1
075,Orangeburg,VTD 5,450755,Orangeburg - VTD 5,ORANGEBURG - VTD 5,1094873.413145,Orangeburg,075,Orangeburg Ward 5,Orangeburg - Orangeburg Ward 5,ORANGEBURG - ORANGEBURG WARD 5,1057669.383785,0.966020,1
075,Orangeburg,VTD 5,450755,Orangeburg - VTD 5,ORANGEBURG - VTD 5,1094873.413145,Orangeburg,075,Suburban 9,Orangeburg - Suburban 9,ORANGEBURG - SUBURBAN 9,37203.157550,0.033979,2
075,Orangeburg,VTD 9,450759,Orangeburg - VTD 9,ORANGEBURG - VTD 9,1320444.540264,Orangeburg,075,Orangeburg Ward 9,Orangeburg - Orangeburg Ward 9,ORANGEBURG - ORANGEBURG WARD 9,1315895.758738,0.996555,1
075,Orangeburg,VTD 9,450759,Orangeburg - VTD 9,ORANGEBURG - VTD 9,1320444.540264,Orangeburg,075,Suburban 9,Orangeburg - Suburban 9,ORANGEBURG - SUBURBAN 9,4548.590897,0.003445,2
075,Orangeburg,VTD 8,450758,Orangeburg - VTD 8,ORANGEBURG - VTD 8,1327456.795683,Orangeburg,075,Orangeburg Ward 8,Orangeburg - Orangeburg Ward 8,ORANGEBURG - ORANGEBURG WARD 8,1301056.160265,0.980112,1
075,Orangeburg,VTD 8,450758,Orangeburg - VTD 8,ORANGEBURG - VTD 8,1327456.795683,Orangeburg,075,Orangeburg Ward 7,Orangeburg - Orangeburg Ward 7,ORANGEBURG - ORANGEBURG WARD 7,26194.598341,0.019733,2
075,Orangeburg,VTD 8,450758,Orangeburg - VTD 8,ORANGEBURG - VTD 8,1327456.795683,Orangeburg,075,Orangeburg Ward 9,Orangeburg - Orangeburg Ward 9,ORANGEBURG - ORANGEBURG WARD 9,203.980256,0.000154,3
075,Orangeburg,VTD 45,4507545,Orangeburg - VTD 45,ORANGEBURG - VTD 45,1988298.639117,Orangeburg,075,Orangeburg Ward 10,Orangeburg - Orangeburg Ward 10,ORANGEBURG - ORANGEBURG WARD 10,1881530.940192,0.946302,1
075,Orangeburg,VTD 45,4507545,Orangeburg - VTD 45,ORANGEBURG - VTD 45,1988298.639117,Orangeburg,075,Suburban 8,Orangeburg - Suburban 8,ORANGEBURG - SUBURBAN 8,106767.436164,0.053698,2
075,Orangeburg,VTD 16,4507516,Orangeburg - VTD 16,ORANGEBURG - VTD 16,13454194.924774,Orangeburg,075,Suburban 7,Orangeburg - Suburban 7,ORANGEBURG - SUBURBAN 7,11275608.861417,0.838074,1
075,Orangeburg,VTD 16,4507516,Orangeburg - VTD 16,ORANGEBURG - VTD 16,13454194.924774,Orangeburg,075,Limestone 2,Orangeburg - Limestone 2,ORANGEBURG - LIMESTONE 2,2106560.409778,0.156573,2
075,Orangeburg,VTD 16,4507516,Orangeburg - VTD 16,ORANGEBURG - VTD 16,13454194.924774,Orangeburg,075,Orangeburg Ward 7,Orangeburg - Orangeburg Ward 7,ORANGEBURG - ORANGEBURG WARD 7,61279.041981,0.004555,3
075,Orangeburg,VTD 16,4507516,Orangeburg - VTD 16,ORANGEBURG - VTD 16,13454194.924774,Orangeburg,075,Suburban 6,Orangeburg - Suburban 6,ORANGEBURG - SUBURBAN 6,10746.493089,0.000799,4
075,Orangeburg,VTD 7,450757,Orangeburg - VTD 7,ORANGEBURG - VTD 7,2405331.068755,Orangeburg,075,Orangeburg Ward 7,Orangeburg - Orangeburg Ward 7,ORANGEBURG - ORANGEBURG WARD 7,2385182.364606,0.991623,1
075,Orangeburg,VTD 7,450757,Orangeburg - VTD 7,ORANGEBURG - VTD 7,2405331.068755,Orangeburg,075,Suburban 7,Orangeburg - Suburban 7,ORANGEBURG - SUBURBAN 7,20146.751104,0.008376,2
075,Orangeburg,VTD 46,4507546,Orangeburg - VTD 46,ORANGEBURG - VTD 46,4935968.022124,Orangeburg,075,Suburban 8,Orangeburg - Suburban 8,ORANGEBURG - SUBURBAN 8,4451161.688063,0.901781,1
075,Orangeburg,VTD 46,4507546,Orangeburg - VTD 46,ORANGEBURG - VTD 46,4935968.022124,Orangeburg,075,Jamison,Orangeburg - Jamison,ORANGEBURG - JAMISON,457672.703874,0.092722,2
075,Orangeburg,VTD 46,4507546,Orangeburg - VTD 46,ORANGEBURG - VTD 46,4935968.022124,Orangeburg,075,Limestone 2,Orangeburg - Limestone 2,ORANGEBURG - LIMESTONE 2,27105.929775,0.005492,3
075,Orangeburg,VTD 47,4507547,Orangeburg - VTD 47,ORANGEBURG - VTD 47,6191363.466346,Orangeburg,075,Suburban 9,Orangeburg - Suburban 9,ORANGEBURG - SUBURBAN 9,6188383.922830,0.999519,1
075,Orangeburg,VTD 47,4507547,Orangeburg - VTD 47,ORANGEBURG - VTD 47,6191363.466346,Orangeburg,075,Orangeburg Ward 9,Orangeburg - Orangeburg Ward 9,ORANGEBURG - ORANGEBURG WARD 9,2977.086263,0.000481,2
075,Orangeburg,VTD 4,450754,Orangeburg - VTD 4,ORANGEBURG - VTD 4,1729641.776417,Orangeburg,075,Orangeburg Ward 4,Orangeburg - Orangeburg Ward 4,ORANGEBURG - ORANGEBURG WARD 4,1723519.852480,0.996461,1
075,Orangeburg,VTD 4,450754,Orangeburg - VTD 4,ORANGEBURG - VTD 4,1729641.776417,Orangeburg,075,Suburban 3,Orangeburg - Suburban 3,ORANGEBURG - SUBURBAN 3,6121.367900,0.003539,2
075,Orangeburg,VTD 22,4507522,Orangeburg - VTD 22,ORANGEBURG - VTD 22,110021803.884212,Orangeburg,075,Cope,Orangeburg - Cope,ORANGEBURG - COPE,110021802.640035,1.000000,1
075,Orangeburg,VTD 39,4507539,Orangeburg - VTD 39,ORANGEBURG - VTD 39,96817705.769275,Orangeburg,075,Rowesville,Orangeburg - Rowesville,ORANGEBURG - ROWESVILLE,93593017.846642,0.966693,1
075,Orangeburg,VTD 39,4507539,Orangeburg - VTD 39,ORANGEBURG - VTD 39,96817705.769275,Orangeburg,075,Suburban 4,Orangeburg - Suburban 4,ORANGEBURG - SUBURBAN 4,1419481.603317,0.014661,2
075,Orangeburg,VTD 39,4507539,Orangeburg - VTD 39,ORANGEBURG - VTD 39,96817705.769275,Orangeburg,075,Bethel,Orangeburg - Bethel,ORANGEBURG - BETHEL,1419228.932232,0.014659,3
075,Orangeburg,VTD 39,4507539,Orangeburg - VTD 39,ORANGEBURG - VTD 39,96817705.769275,Orangeburg,075,Branchville 1,Orangeburg - Branchville 1,ORANGEBURG - BRANCHVILLE 1,385977.149724,0.003987,4
075,Orangeburg,VTD 20,4507520,Orangeburg - VTD 20,ORANGEBURG - VTD 20,144765966.348993,Orangeburg,075,Branchville 1,Orangeburg - Branchville 1,ORANGEBURG - BRANCHVILLE 1,127435263.098658,0.880285,1
075,Orangeburg,VTD 20,4507520,Orangeburg - VTD 20,ORANGEBURG - VTD 20,144765966.348993,Orangeburg,075,Rowesville,Orangeburg - Rowesville,ORANGEBURG - ROWESVILLE,17330541.735895,0.119714,2
075,Orangeburg,VTD 21,4507521,Orangeburg - VTD 21,ORANGEBURG - VTD 21,62649914.830247,Orangeburg,075,Branchville 2,Orangeburg - Branchville 2,ORANGEBURG - BRANCHVILLE 2,62649886.245039,1.000000,1
075,Orangeburg,VTD 18,4507518,Orangeburg - VTD 18,ORANGEBURG - VTD 18,98014247.800994,Orangeburg,075,Bowman 1,Orangeburg - Bowman 1,ORANGEBURG - BOWMAN 1,98002836.778457,0.999884,1
075,Orangeburg,VTD 18,4507518,Orangeburg - VTD 18,ORANGEBURG - VTD 18,98014247.800994,Orangeburg,075,Bethel,Orangeburg - Bethel,ORANGEBURG - BETHEL,11411.022537,0.000116,2
075,Orangeburg,VTD 50,4507550,Orangeburg - VTD 50,ORANGEBURG - VTD 50,22211999.314017,Orangeburg,075,Whittaker,Orangeburg - Whittaker,ORANGEBURG - WHITTAKER,22167801.818537,0.998010,1
075,Orangeburg,VTD 50,4507550,Orangeburg - VTD 50,ORANGEBURG - VTD 50,22211999.314017,Orangeburg,075,Suburban 2,Orangeburg - Suburban 2,ORANGEBURG - SUBURBAN 2,44195.933435,0.001990,2
075,Orangeburg,VTD 11,4507511,Orangeburg - VTD 11,ORANGEBURG - VTD 11,3109150.427243,Orangeburg,075,Suburban 2,Orangeburg - Suburban 2,ORANGEBURG - SUBURBAN 2,3024676.437190,0.972831,1
075,Orangeburg,VTD 11,4507511,Orangeburg - VTD 11,ORANGEBURG - VTD 11,3109150.427243,Orangeburg,075,Orangeburg Ward 4,Orangeburg - Orangeburg Ward 4,ORANGEBURG - ORANGEBURG WARD 4,47602.307719,0.015310,2
075,Orangeburg,VTD 11,4507511,Orangeburg - VTD 11,ORANGEBURG - VTD 11,3109150.427243,Orangeburg,075,Suburban 3,Orangeburg - Suburban 3,ORANGEBURG - SUBURBAN 3,21006.573830,0.006756,3
075,Orangeburg,VTD 11,4507511,Orangeburg - VTD 11,ORANGEBURG - VTD 11,3109150.427243,Orangeburg,075,Whittaker,Orangeburg - Whittaker,ORANGEBURG - WHITTAKER,12065.054310,0.003880,4
075,Orangeburg,VTD 11,4507511,Orangeburg - VTD 11,ORANGEBURG - VTD 11,3109150.427243,Orangeburg,075,Brookdale,Orangeburg - Brookdale,ORANGEBURG - BROOKDALE,3800.054193,0.001222,5
075,Orangeburg,VTD 28,4507528,Orangeburg - VTD 28,ORANGEBURG - VTD 28,76685692.592825,Orangeburg,075,Four Holes,Orangeburg - Four Holes,ORANGEBURG - FOUR HOLES,76635019.642025,0.999339,1
075,Orangeburg,VTD 28,4507528,Orangeburg - VTD 28,ORANGEBURG - VTD 28,76685692.592825,Orangeburg,075,Whittaker,Orangeburg - Whittaker,ORANGEBURG - WHITTAKER,41475.834035,0.000541,2
075,Orangeburg,VTD 25,4507525,Orangeburg - VTD 25,ORANGEBURG - VTD 25,95240432.688584,Orangeburg,075,Elloree 2,Orangeburg - Elloree 2,ORANGEBURG - ELLOREE 2,59709286.256217,0.626932,1
075,Orangeburg,VTD 25,4507525,Orangeburg - VTD 25,ORANGEBURG - VTD 25,95240432.688584,Orangeburg,075,Elloree 1,Orangeburg - Elloree 1,ORANGEBURG - ELLOREE 1,34001875.417466,0.357011,2
075,Orangeburg,VTD 25,4507525,Orangeburg - VTD 25,ORANGEBURG - VTD 25,95240432.688584,Orangeburg,075,Santee 1,Orangeburg - Santee 1,ORANGEBURG - SANTEE 1,1526976.630340,0.016033,3
075,Orangeburg,VTD 40,4507540,Orangeburg - VTD 40,ORANGEBURG - VTD 40,93740679.785111,Orangeburg,075,Santee 1,Orangeburg - Santee 1,ORANGEBURG - SANTEE 1,52790393.855929,0.563154,1
075,Orangeburg,VTD 40,4507540,Orangeburg - VTD 40,ORANGEBURG - VTD 40,93740679.785111,Orangeburg,075,Santee 2,Orangeburg - Santee 2,ORANGEBURG - SANTEE 2,40949397.192843,0.436837,2
075,Orangeburg,VTD 43,4507543,Orangeburg - VTD 43,ORANGEBURG - VTD 43,67821801.437281,Orangeburg,075,Vance,Orangeburg - Vance,ORANGEBURG - VANCE,67821793.681617,1.000000,1
075,Orangeburg,VTD 31,4507531,Orangeburg - VTD 31,ORANGEBURG - VTD 31,77424136.400384,Orangeburg,075,Jamison,Orangeburg - Jamison,ORANGEBURG - JAMISON,77300727.030711,0.998406,1
075,Orangeburg,VTD 31,4507531,Orangeburg - VTD 31,ORANGEBURG - VTD 31,77424136.400384,Orangeburg,075,Brookdale,Orangeburg - Brookdale,ORANGEBURG - BROOKDALE,122739.395051,0.001585,2
075,Orangeburg,VTD 27,4507527,Orangeburg - VTD 27,ORANGEBURG - VTD 27,80421950.081931,Orangeburg,075,Eutawville 2,Orangeburg - Eutawville 2,ORANGEBURG - EUTAWVILLE 2,80377085.146314,0.999442,1
075,Orangeburg,VTD 29,4507529,Orangeburg - VTD 29,ORANGEBURG - VTD 29,115977740.987086,Orangeburg,075,Holly Hill 2,Orangeburg - Holly Hill 2,ORANGEBURG - HOLLY HILL 2,115977740.987086,1.000000,1
075,Orangeburg,VTD 30,4507530,Orangeburg - VTD 30,ORANGEBURG - VTD 30,114110866.821947,Orangeburg,075,Holly Hill 1,Orangeburg - Holly Hill 1,ORANGEBURG - HOLLY HILL 1,105158509.085505,0.921547,1
075,Orangeburg,VTD 30,4507530,Orangeburg - VTD 30,ORANGEBURG - VTD 30,114110866.821947,Orangeburg,075,Eutawville 1,Orangeburg - Eutawville 1,ORANGEBURG - EUTAWVILLE 1,8952357.736442,0.078453,2
075,Orangeburg,VTD 48,4507548,Orangeburg - VTD 48,ORANGEBURG - VTD 48,14636011.033409,Orangeburg,075,Brookdale,Orangeburg - Brookdale,ORANGEBURG - BROOKDALE,13558487.877468,0.926379,1
075,Orangeburg,VTD 48,4507548,Orangeburg - VTD 48,ORANGEBURG - VTD 48,14636011.033409,Orangeburg,075,Nix,Orangeburg - Nix,ORANGEBURG - NIX,1041543.797442,0.071163,2
075,Orangeburg,VTD 48,4507548,Orangeburg - VTD 48,ORANGEBURG - VTD 48,14636011.033409,Orangeburg,075,Whittaker,Orangeburg - Whittaker,ORANGEBURG - WHITTAKER,35489.915692,0.002425,3
075,Orangeburg,VTD 49,4507549,Orangeburg - VTD 49,ORANGEBURG - VTD 49,3430421.738579,Orangeburg,075,Nix,Orangeburg - Nix,ORANGEBURG - NIX,3265379.617647,0.951889,1
075,Orangeburg,VTD 49,4507549,Orangeburg - VTD 49,ORANGEBURG - VTD 49,3430421.738579,Orangeburg,075,Suburban 1,Orangeburg - Suburban 1,ORANGEBURG - SUBURBAN 1,133106.865001,0.038802,2
075,Orangeburg,VTD 49,4507549,Orangeburg - VTD 49,ORANGEBURG - VTD 49,3430421.738579,Orangeburg,075,Brookdale,Orangeburg - Brookdale,ORANGEBURG - BROOKDALE,25774.075357,0.007513,3
075,Orangeburg,VTD 49,4507549,Orangeburg - VTD 49,ORANGEBURG - VTD 49,3430421.738579,Orangeburg,075,Suburban 9,Orangeburg - Suburban 9,ORANGEBURG - SUBURBAN 9,6161.180574,0.001796,4
075,Orangeburg,VTD 10,4507510,Orangeburg - VTD 10,ORANGEBURG - VTD 10,1294929.839739,Orangeburg,075,Suburban 1,Orangeburg - Suburban 1,ORANGEBURG - SUBURBAN 1,1266738.323136,0.978229,1
075,Orangeburg,VTD 10,4507510,Orangeburg - VTD 10,ORANGEBURG - VTD 10,1294929.839739,Orangeburg,075,Orangeburg Ward 4,Orangeburg - Orangeburg Ward 4,ORANGEBURG - ORANGEBURG WARD 4,14921.271549,0.011523,2
075,Orangeburg,VTD 10,4507510,Orangeburg - VTD 10,ORANGEBURG - VTD 10,1294929.839739,Orangeburg,075,Suburban 9,Orangeburg - Suburban 9,ORANGEBURG - SUBURBAN 9,13270.245053,0.010248,3
075,Orangeburg,VTD 38,4507538,Orangeburg - VTD 38,ORANGEBURG - VTD 38,119528181.074846,Orangeburg,075,Providence,Orangeburg - Providence,ORANGEBURG - PROVIDENCE,119528173.259100,1.000000,1
075,Orangeburg,VTD 19,4507519,Orangeburg - VTD 19,ORANGEBURG - VTD 19,159218846.450536,Orangeburg,075,Bowman 2,Orangeburg - Bowman 2,ORANGEBURG - BOWMAN 2,159218845.345818,1.000000,1
075,Orangeburg,VTD 26,4507526,Orangeburg - VTD 26,ORANGEBURG - VTD 26,68644147.469028,Orangeburg,075,Eutawville 1,Orangeburg - Eutawville 1,ORANGEBURG - EUTAWVILLE 1,68643358.123074,0.999989,1
075,Orangeburg,VTD 34,4507534,Orangeburg - VTD 34,ORANGEBURG - VTD 34,124390611.148055,Orangeburg,075,North 2,Orangeburg - North 2,ORANGEBURG - NORTH 2,124373343.617028,0.999861,1
075,Orangeburg,VTD 34,4507534,Orangeburg - VTD 34,ORANGEBURG - VTD 34,124390611.148055,Orangeburg,075,Limestone 1,Orangeburg - Limestone 1,ORANGEBURG - LIMESTONE 1,17267.160313,0.000139,2
075,Orangeburg,VTD 32,4507532,Orangeburg - VTD 32,ORANGEBURG - VTD 32,110642249.195820,Orangeburg,075,Limestone 2,Orangeburg - Limestone 2,ORANGEBURG - LIMESTONE 2,73920810.415629,0.668107,1
075,Orangeburg,VTD 32,4507532,Orangeburg - VTD 32,ORANGEBURG - VTD 32,110642249.195820,Orangeburg,075,Limestone 1,Orangeburg - Limestone 1,ORANGEBURG - LIMESTONE 1,36387054.646534,0.328871,2
075,Orangeburg,VTD 32,4507532,Orangeburg - VTD 32,ORANGEBURG - VTD 32,110642249.195820,Orangeburg,075,Pine Hill,Orangeburg - Pine Hill,ORANGEBURG - PINE HILL,294190.031681,0.002659,3
075,Orangeburg,VTD 32,4507532,Orangeburg - VTD 32,ORANGEBURG - VTD 32,110642249.195820,Orangeburg,075,Suburban 8,Orangeburg - Suburban 8,ORANGEBURG - SUBURBAN 8,40187.119009,0.000363,4
075,Orangeburg,VTD 35,4507535,Orangeburg - VTD 35,ORANGEBURG - VTD 35,111372673.257735,Orangeburg,075,North 1,Orangeburg - North 1,ORANGEBURG - NORTH 1,111372673.257735,1.000000,1
075,Orangeburg,VTD 42,4507542,Orangeburg - VTD 42,ORANGEBURG - VTD 42,71724130.102692,Orangeburg,075,Springfield,Orangeburg - Springfield,ORANGEBURG - SPRINGFIELD,71724128.891398,1.000000,1
075,Orangeburg,VTD 41,4507541,Orangeburg - VTD 41,ORANGEBURG - VTD 41,94286532.611320,Orangeburg,075,Springfield,Orangeburg - Springfield,ORANGEBURG - SPRINGFIELD,94286530.721186,1.000000,1
075,Orangeburg,VTD 33,4507533,Orangeburg - VTD 33,ORANGEBURG - VTD 33,101387774.954018,Orangeburg,075,Neeses-Livingston,Orangeburg - Neeses-Livingston,ORANGEBURG - NEESES-LIVINGSTON,99154952.693742,0.977977,1
075,Orangeburg,VTD 33,4507533,Orangeburg - VTD 33,ORANGEBURG - VTD 33,101387774.954018,Orangeburg,075,Springfield,Orangeburg - Springfield,ORANGEBURG - SPRINGFIELD,1778824.326089,0.017545,2
075,Orangeburg,VTD 33,4507533,Orangeburg - VTD 33,ORANGEBURG - VTD 33,101387774.954018,Orangeburg,075,Pine Hill,Orangeburg - Pine Hill,ORANGEBURG - PINE HILL,453994.770854,0.004478,3
075,Orangeburg,VTD 36,4507536,Orangeburg - VTD 36,ORANGEBURG - VTD 36,146589001.882109,Orangeburg,075,Norway,Orangeburg - Norway,ORANGEBURG - NORWAY,146588997.690770,1.000000,1
075,Orangeburg,VTD 37,4507537,Orangeburg - VTD 37,ORANGEBURG - VTD 37,111987712.134666,Orangeburg,075,Pine Hill,Orangeburg - Pine Hill,ORANGEBURG - PINE HILL,74648595.592151,0.666578,1
075,Orangeburg,VTD 37,4507537,Orangeburg - VTD 37,ORANGEBURG - VTD 37,111987712.134666,Orangeburg,075,Bolentown,Orangeburg - Bolentown,ORANGEBURG - BOLENTOWN,37338590.033482,0.333417,2
075,Orangeburg,VTD 15,4507515,Orangeburg - VTD 15,ORANGEBURG - VTD 15,29236837.693212,Orangeburg,075,Suburban 6,Orangeburg - Suburban 6,ORANGEBURG - SUBURBAN 6,29236831.596485,1.000000,1
075,Orangeburg,VTD 14,4507514,Orangeburg - VTD 14,ORANGEBURG - VTD 14,16290200.438754,Orangeburg,075,Suburban 5,Orangeburg - Suburban 5,ORANGEBURG - SUBURBAN 5,16231524.081842,0.996398,1
075,Orangeburg,VTD 14,4507514,Orangeburg - VTD 14,ORANGEBURG - VTD 14,16290200.438754,Orangeburg,075,Cordova 1,Orangeburg - Cordova 1,ORANGEBURG - CORDOVA 1,58674.511521,0.003602,2
077,Pickens,VTD 1,450771,Pickens - VTD 1,PICKENS - VTD 1,111821511.176393,Pickens,077,Holly Springs,Pickens - Holly Springs,PICKENS - HOLLY SPRINGS,111821477.794640,1.000000,1
077,Pickens,VTD 2,450772,Pickens - VTD 2,PICKENS - VTD 2,141692474.519191,Pickens,077,Holly Springs,Pickens - Holly Springs,PICKENS - HOLLY SPRINGS,133351457.234565,0.941133,1
077,Pickens,VTD 2,450772,Pickens - VTD 2,PICKENS - VTD 2,141692474.519191,Pickens,077,Pickens 1,Pickens - Pickens 1,PICKENS - PICKENS 1,6459268.308237,0.045587,2
077,Pickens,VTD 2,450772,Pickens - VTD 2,PICKENS - VTD 2,141692474.519191,Pickens,077,Griffin,Pickens - Griffin,PICKENS - GRIFFIN,1874468.661569,0.013229,3
077,Pickens,VTD 3,450773,Pickens - VTD 3,PICKENS - VTD 3,69431779.668772,Pickens,077,Pumpkintown,Pickens - Pumpkintown,PICKENS - PUMPKINTOWN,54838831.646425,0.789823,1
077,Pickens,VTD 3,450773,Pickens - VTD 3,PICKENS - VTD 3,69431779.668772,Pickens,077,Holly Springs,Pickens - Holly Springs,PICKENS - HOLLY SPRINGS,14592948.022347,0.210177,2
077,Pickens,VTD 6,450776,Pickens - VTD 6,PICKENS - VTD 6,24813376.048884,Pickens,077,Pickens 1,Pickens - Pickens 1,PICKENS - PICKENS 1,24813376.048884,1.000000,1
077,Pickens,VTD 5,450775,Pickens - VTD 5,PICKENS - VTD 5,114057688.685318,Pickens,077,Albert R. Lewis,Pickens - Albert R. Lewis,PICKENS - ALBERT R. LEWIS,85538005.256704,0.749954,1
077,Pickens,VTD 5,450775,Pickens - VTD 5,PICKENS - VTD 5,114057688.685318,Pickens,077,Mountain View,Pickens - Mountain View,PICKENS - MOUNTAIN VIEW,21180286.239394,0.185698,2
077,Pickens,VTD 5,450775,Pickens - VTD 5,PICKENS - VTD 5,114057688.685318,Pickens,077,Pickens 2,Pickens - Pickens 2,PICKENS - PICKENS 2,7339394.331949,0.064348,3
077,Pickens,VTD 4,450774,Pickens - VTD 4,PICKENS - VTD 4,43001035.821407,Pickens,077,Pumpkintown,Pickens - Pumpkintown,PICKENS - PUMPKINTOWN,43001034.272743,1.000000,1
077,Pickens,VTD 9,450779,Pickens - VTD 9,PICKENS - VTD 9,57522551.582084,Pickens,077,Dacusville 2,Pickens - Dacusville 2,PICKENS - DACUSVILLE 2,55140343.818490,0.958587,1
077,Pickens,VTD 9,450779,Pickens - VTD 9,PICKENS - VTD 9,57522551.582084,Pickens,077,Pumpkintown,Pickens - Pumpkintown,PICKENS - PUMPKINTOWN,2382207.763594,0.041413,2
077,Pickens,VTD 8,450778,Pickens - VTD 8,PICKENS - VTD 8,41633163.455691,Pickens,077,Griffin,Pickens - Griffin,PICKENS - GRIFFIN,24801309.033532,0.595710,1
077,Pickens,VTD 8,450778,Pickens - VTD 8,PICKENS - VTD 8,41633163.455691,Pickens,077,Pumpkintown,Pickens - Pumpkintown,PICKENS - PUMPKINTOWN,6860253.323933,0.164779,2
077,Pickens,VTD 8,450778,Pickens - VTD 8,PICKENS - VTD 8,41633163.455691,Pickens,077,Glassy Mountain,Pickens - Glassy Mountain,PICKENS - GLASSY MOUNTAIN,5617445.923018,0.134927,3
077,Pickens,VTD 8,450778,Pickens - VTD 8,PICKENS - VTD 8,41633163.455691,Pickens,077,Crossroads,Pickens - Crossroads,PICKENS - CROSSROADS,4354155.175208,0.104584,4
077,Pickens,VTD 16,4507716,Pickens - VTD 16,PICKENS - VTD 16,50180396.263912,Pickens,077,Dacusville 1,Pickens - Dacusville 1,PICKENS - DACUSVILLE 1,26613472.273284,0.530356,1
077,Pickens,VTD 16,4507716,Pickens - VTD 16,PICKENS - VTD 16,50180396.263912,Pickens,077,Crossroads,Pickens - Crossroads,PICKENS - CROSSROADS,23566923.990628,0.469644,2
077,Pickens,VTD 10,4507710,Pickens - VTD 10,PICKENS - VTD 10,49664502.606827,Pickens,077,Mountain View,Pickens - Mountain View,PICKENS - MOUNTAIN VIEW,49656942.811551,0.999848,1
077,Pickens,VTD 10,4507710,Pickens - VTD 10,PICKENS - VTD 10,49664502.606827,Pickens,077,Six Mile,Pickens - Six Mile,PICKENS - SIX MILE,7551.325040,0.000152,2
077,Pickens,VTD 25,4507725,Pickens - VTD 25,PICKENS - VTD 25,42829674.035034,Pickens,077,Lawrence Chapel,Pickens - Lawrence Chapel,PICKENS - LAWRENCE CHAPEL,36885523.343178,0.861214,1
077,Pickens,VTD 25,4507725,Pickens - VTD 25,PICKENS - VTD 25,42829674.035034,Pickens,077,Pike,Pickens - Pike,PICKENS - PIKE,5944149.694301,0.138786,2
077,Pickens,VTD 17,4507717,Pickens - VTD 17,PICKENS - VTD 17,50224319.022843,Pickens,077,Six Mile,Pickens - Six Mile,PICKENS - SIX MILE,34215037.172331,0.681244,1
077,Pickens,VTD 17,4507717,Pickens - VTD 17,PICKENS - VTD 17,50224319.022843,Pickens,077,Praters Creek 2,Pickens - Praters Creek 2,PICKENS - PRATERS CREEK 2,8025149.064153,0.159786,2
077,Pickens,VTD 17,4507717,Pickens - VTD 17,PICKENS - VTD 17,50224319.022843,Pickens,077,Lawrence Chapel,Pickens - Lawrence Chapel,PICKENS - LAWRENCE CHAPEL,7984132.786358,0.158969,3
077,Pickens,VTD 18,4507718,Pickens - VTD 18,PICKENS - VTD 18,28299903.983268,Pickens,077,Praters Creek 2,Pickens - Praters Creek 2,PICKENS - PRATERS CREEK 2,27826168.216153,0.983260,1
077,Pickens,VTD 18,4507718,Pickens - VTD 18,PICKENS - VTD 18,28299903.983268,Pickens,077,Praters Creek 1,Pickens - Praters Creek 1,PICKENS - PRATERS CREEK 1,473735.767115,0.016740,2
077,Pickens,VTD 26,4507726,Pickens - VTD 26,PICKENS - VTD 26,32418239.257750,Pickens,077,Norris,Pickens - Norris,PICKENS - NORRIS,30361480.024693,0.936555,1
077,Pickens,VTD 26,4507726,Pickens - VTD 26,PICKENS - VTD 26,32418239.257750,Pickens,077,Rices Creek,Pickens - Rices Creek,PICKENS - RICES CREEK,1982184.491039,0.061144,2
077,Pickens,VTD 26,4507726,Pickens - VTD 26,PICKENS - VTD 26,32418239.257750,Pickens,077,Praters Creek 2,Pickens - Praters Creek 2,PICKENS - PRATERS CREEK 2,68878.428309,0.002125,3
077,Pickens,VTD 26,4507726,Pickens - VTD 26,PICKENS - VTD 26,32418239.257750,Pickens,077,Lawrence Chapel,Pickens - Lawrence Chapel,PICKENS - LAWRENCE CHAPEL,5696.313709,0.000176,4
077,Pickens,VTD 11,4507711,Pickens - VTD 11,PICKENS - VTD 11,13691043.385146,Pickens,077,Praters Creek 1,Pickens - Praters Creek 1,PICKENS - PRATERS CREEK 1,13691043.385146,1.000000,1
077,Pickens,VTD 12,4507712,Pickens - VTD 12,PICKENS - VTD 12,26874511.035219,Pickens,077,Pickens 2,Pickens - Pickens 2,PICKENS - PICKENS 2,15668872.750115,0.583038,1
077,Pickens,VTD 12,4507712,Pickens - VTD 12,PICKENS - VTD 12,26874511.035219,Pickens,077,Praters Creek 1,Pickens - Praters Creek 1,PICKENS - PRATERS CREEK 1,8989303.884241,0.334492,2
077,Pickens,VTD 12,4507712,Pickens - VTD 12,PICKENS - VTD 12,26874511.035219,Pickens,077,Pickens 3,Pickens - Pickens 3,PICKENS - PICKENS 3,2213296.311870,0.082357,3
077,Pickens,VTD 12,4507712,Pickens - VTD 12,PICKENS - VTD 12,26874511.035219,Pickens,077,Praters Creek 2,Pickens - Praters Creek 2,PICKENS - PRATERS CREEK 2,3038.088993,0.000113,4
077,Pickens,VTD 19,4507719,Pickens - VTD 19,PICKENS - VTD 19,20075093.387392,Pickens,077,Skelton,Pickens - Skelton,PICKENS - SKELTON,9827256.248509,0.489525,1
077,Pickens,VTD 19,4507719,Pickens - VTD 19,PICKENS - VTD 19,20075093.387392,Pickens,077,Rices Creek,Pickens - Rices Creek,PICKENS - RICES CREEK,9455935.827953,0.471028,2
077,Pickens,VTD 19,4507719,Pickens - VTD 19,PICKENS - VTD 19,20075093.387392,Pickens,077,Pickens 3,Pickens - Pickens 3,PICKENS - PICKENS 3,791901.310929,0.039447,3
077,Pickens,VTD 27,4507727,Pickens - VTD 27,PICKENS - VTD 27,24491871.370093,Pickens,077,Liberty 1,Pickens - Liberty 1,PICKENS - LIBERTY 1,16706547.789343,0.682126,1
077,Pickens,VTD 27,4507727,Pickens - VTD 27,PICKENS - VTD 27,24491871.370093,Pickens,077,Rices Creek,Pickens - Rices Creek,PICKENS - RICES CREEK,4181389.429563,0.170726,2
077,Pickens,VTD 27,4507727,Pickens - VTD 27,PICKENS - VTD 27,24491871.370093,Pickens,077,Liberty 2,Pickens - Liberty 2,PICKENS - LIBERTY 2,3413920.492369,0.139390,3
077,Pickens,VTD 27,4507727,Pickens - VTD 27,PICKENS - VTD 27,24491871.370093,Pickens,077,Flat Rock,Pickens - Flat Rock,PICKENS - FLAT ROCK,162150.078022,0.006621,4
077,Pickens,VTD 27,4507727,Pickens - VTD 27,PICKENS - VTD 27,24491871.370093,Pickens,077,Norris,Pickens - Norris,PICKENS - NORRIS,27863.580796,0.001138,5
077,Pickens,VTD 7,450777,Pickens - VTD 7,PICKENS - VTD 7,23056741.804807,Pickens,077,Griffin,Pickens - Griffin,PICKENS - GRIFFIN,23056741.804807,1.000000,1
077,Pickens,VTD 14,4507714,Pickens - VTD 14,PICKENS - VTD 14,15069078.092208,Pickens,077,Glassy Mountain,Pickens - Glassy Mountain,PICKENS - GLASSY MOUNTAIN,15069078.092208,1.000000,1
077,Pickens,VTD 23,4507723,Pickens - VTD 23,PICKENS - VTD 23,24387092.492676,Pickens,077,Georges Creek,Pickens - Georges Creek,PICKENS - GEORGES CREEK,23998957.780007,0.984084,1
077,Pickens,VTD 23,4507723,Pickens - VTD 23,PICKENS - VTD 23,24387092.492676,Pickens,077,Crosswell 1,Pickens - Crosswell 1,PICKENS - CROSSWELL 1,339857.749896,0.013936,2
077,Pickens,VTD 23,4507723,Pickens - VTD 23,PICKENS - VTD 23,24387092.492676,Pickens,077,Forest Acres,Pickens - Forest Acres,PICKENS - FOREST ACRES,48276.962772,0.001980,3
077,Pickens,VTD 22,4507722,Pickens - VTD 22,PICKENS - VTD 22,16232858.448677,Pickens,077,McKissick,Pickens - McKissick,PICKENS - MCKISSICK,10510765.703201,0.647499,1
077,Pickens,VTD 22,4507722,Pickens - VTD 22,PICKENS - VTD 22,16232858.448677,Pickens,077,Cedar Rock,Pickens - Cedar Rock,PICKENS - CEDAR ROCK,5722092.745476,0.352501,2
077,Pickens,VTD 15,4507715,Pickens - VTD 15,PICKENS - VTD 15,19835218.189551,Pickens,077,Cedar Rock,Pickens - Cedar Rock,PICKENS - CEDAR ROCK,19834690.295334,0.999973,1
077,Pickens,VTD 13,4507713,Pickens - VTD 13,PICKENS - VTD 13,15964030.714240,Pickens,077,Pickens 3,Pickens - Pickens 3,PICKENS - PICKENS 3,8052731.644929,0.504430,1
077,Pickens,VTD 13,4507713,Pickens - VTD 13,PICKENS - VTD 13,15964030.714240,Pickens,077,Pickens 4,Pickens - Pickens 4,PICKENS - PICKENS 4,7911299.069310,0.495570,2
077,Pickens,VTD 20,4507720,Pickens - VTD 20,PICKENS - VTD 20,10631365.434704,Pickens,077,Skelton,Pickens - Skelton,PICKENS - SKELTON,5258614.749892,0.494632,1
077,Pickens,VTD 20,4507720,Pickens - VTD 20,PICKENS - VTD 20,10631365.434704,Pickens,077,Arial Mill,Pickens - Arial Mill,PICKENS - ARIAL MILL,5082029.873298,0.478022,2
077,Pickens,VTD 20,4507720,Pickens - VTD 20,PICKENS - VTD 20,10631365.434704,Pickens,077,Pickens 4,Pickens - Pickens 4,PICKENS - PICKENS 4,191297.021756,0.017994,3
077,Pickens,VTD 20,4507720,Pickens - VTD 20,PICKENS - VTD 20,10631365.434704,Pickens,077,Pickens 3,Pickens - Pickens 3,PICKENS - PICKENS 3,99423.789759,0.009352,4
077,Pickens,VTD 21,4507721,Pickens - VTD 21,PICKENS - VTD 21,4334046.625263,Pickens,077,Arial Mill,Pickens - Arial Mill,PICKENS - ARIAL MILL,4334046.625263,1.000000,1
077,Pickens,VTD 30,4507730,Pickens - VTD 30,PICKENS - VTD 30,2743089.402640,Pickens,077,Park Street,Pickens - Park Street,PICKENS - PARK STREET,2688979.773807,0.980274,1
077,Pickens,VTD 30,4507730,Pickens - VTD 30,PICKENS - VTD 30,2743089.402640,Pickens,077,Simpson,Pickens - Simpson,PICKENS - SIMPSON,54109.628833,0.019726,2
077,Pickens,VTD 31,4507731,Pickens - VTD 31,PICKENS - VTD 31,1929835.698867,Pickens,077,Simpson,Pickens - Simpson,PICKENS - SIMPSON,1929835.698867,1.000000,1
077,Pickens,VTD 32,4507732,Pickens - VTD 32,PICKENS - VTD 32,834542.923665,Pickens,077,Woodside,Pickens - Woodside,PICKENS - WOODSIDE,834542.923665,1.000000,1
077,Pickens,VTD 34,4507734,Pickens - VTD 34,PICKENS - VTD 34,2746073.618753,Pickens,077,Pickensville,Pickens - Pickensville,PICKENS - PICKENSVILLE,2322511.958847,0.845757,1
077,Pickens,VTD 34,4507734,Pickens - VTD 34,PICKENS - VTD 34,2746073.618753,Pickens,077,Woodside,Pickens - Woodside,PICKENS - WOODSIDE,278511.808007,0.101422,2
077,Pickens,VTD 34,4507734,Pickens - VTD 34,PICKENS - VTD 34,2746073.618753,Pickens,077,Forest Acres,Pickens - Forest Acres,PICKENS - FOREST ACRES,145049.851900,0.052821,3
077,Pickens,VTD 33,4507733,Pickens - VTD 33,PICKENS - VTD 33,3707121.416636,Pickens,077,Easley,Pickens - Easley,PICKENS - EASLEY,2419814.425255,0.652748,1
077,Pickens,VTD 33,4507733,Pickens - VTD 33,PICKENS - VTD 33,3707121.416636,Pickens,077,Pickensville,Pickens - Pickensville,PICKENS - PICKENSVILLE,1265756.268611,0.341439,2
077,Pickens,VTD 33,4507733,Pickens - VTD 33,PICKENS - VTD 33,3707121.416636,Pickens,077,Simpson,Pickens - Simpson,PICKENS - SIMPSON,21550.722770,0.005813,3
077,Pickens,VTD 35,4507735,Pickens - VTD 35,PICKENS - VTD 35,5886367.991668,Pickens,077,Forest Acres,Pickens - Forest Acres,PICKENS - FOREST ACRES,3437611.346438,0.583995,1
077,Pickens,VTD 35,4507735,Pickens - VTD 35,PICKENS - VTD 35,5886367.991668,Pickens,077,Easley,Pickens - Easley,PICKENS - EASLEY,1887090.055774,0.320586,2
077,Pickens,VTD 35,4507735,Pickens - VTD 35,PICKENS - VTD 35,5886367.991668,Pickens,077,Pickensville,Pickens - Pickensville,PICKENS - PICKENSVILLE,561666.589456,0.095418,3
077,Pickens,VTD 42,4507742,Pickens - VTD 42,PICKENS - VTD 42,5980938.691224,Pickens,077,Powdersville 1,Pickens - Powdersville 1,PICKENS - POWDERSVILLE 1,4438129.304270,0.742046,1
077,Pickens,VTD 42,4507742,Pickens - VTD 42,PICKENS - VTD 42,5980938.691224,Pickens,077,Powdersville 2,Pickens - Powdersville 2,PICKENS - POWDERSVILLE 2,1021852.660304,0.170852,2
077,Pickens,VTD 42,4507742,Pickens - VTD 42,PICKENS - VTD 42,5980938.691224,Pickens,077,Rock Springs,Pickens - Rock Springs,PICKENS - ROCK SPRINGS,520951.065306,0.087102,3
077,Pickens,VTD 41,4507741,Pickens - VTD 41,PICKENS - VTD 41,7710190.031391,Pickens,077,Brushy Creek,Pickens - Brushy Creek,PICKENS - BRUSHY CREEK,7710189.610006,1.000000,1
077,Pickens,VTD 40,4507740,Pickens - VTD 40,PICKENS - VTD 40,17985287.733803,Pickens,077,Zion,Pickens - Zion,PICKENS - ZION,16356199.466544,0.909421,1
077,Pickens,VTD 40,4507740,Pickens - VTD 40,PICKENS - VTD 40,17985287.733803,Pickens,077,Brushy Creek,Pickens - Brushy Creek,PICKENS - BRUSHY CREEK,1610123.024802,0.089524,2
077,Pickens,VTD 40,4507740,Pickens - VTD 40,PICKENS - VTD 40,17985287.733803,Pickens,077,Woodside,Pickens - Woodside,PICKENS - WOODSIDE,18965.242456,0.001054,3
077,Pickens,VTD 39,4507739,Pickens - VTD 39,PICKENS - VTD 39,40095500.996415,Pickens,077,Flat Rock,Pickens - Flat Rock,PICKENS - FLAT ROCK,38470431.219366,0.959470,1
077,Pickens,VTD 39,4507739,Pickens - VTD 39,PICKENS - VTD 39,40095500.996415,Pickens,077,Smith Grove,Pickens - Smith Grove,PICKENS - SMITH GROVE,1625069.777049,0.040530,2
077,Pickens,VTD 29,4507729,Pickens - VTD 29,PICKENS - VTD 29,14525588.258302,Pickens,077,Smith Grove,Pickens - Smith Grove,PICKENS - SMITH GROVE,11237355.437124,0.773625,1
077,Pickens,VTD 29,4507729,Pickens - VTD 29,PICKENS - VTD 29,14525588.258302,Pickens,077,Woodside,Pickens - Woodside,PICKENS - WOODSIDE,3288232.821177,0.226375,2
077,Pickens,VTD 28,4507728,Pickens - VTD 28,PICKENS - VTD 28,15601312.911979,Pickens,077,Liberty 2,Pickens - Liberty 2,PICKENS - LIBERTY 2,15548608.645331,0.996622,1
077,Pickens,VTD 28,4507728,Pickens - VTD 28,PICKENS - VTD 28,15601312.911979,Pickens,077,Flat Rock,Pickens - Flat Rock,PICKENS - FLAT ROCK,52704.266648,0.003378,2
077,Pickens,VTD 24,4507724,Pickens - VTD 24,PICKENS - VTD 24,29209627.730323,Pickens,077,Crosswell 1,Pickens - Crosswell 1,PICKENS - CROSSWELL 1,17784971.506838,0.608874,1
077,Pickens,VTD 24,4507724,Pickens - VTD 24,PICKENS - VTD 24,29209627.730323,Pickens,077,Crosswell 2,Pickens - Crosswell 2,PICKENS - CROSSWELL 2,11424655.878506,0.391126,2
077,Pickens,VTD 44,4507744,Pickens - VTD 44,PICKENS - VTD 44,8840400.230033,Pickens,077,Saluda,Pickens - Saluda,PICKENS - SALUDA,7372828.520257,0.833993,1
077,Pickens,VTD 44,4507744,Pickens - VTD 44,PICKENS - VTD 44,8840400.230033,Pickens,077,Rock Springs,Pickens - Rock Springs,PICKENS - ROCK SPRINGS,1467571.709776,0.166007,2
077,Pickens,VTD 43,4507743,Pickens - VTD 43,PICKENS - VTD 43,7155208.643395,Pickens,077,Powdersville 2,Pickens - Powdersville 2,PICKENS - POWDERSVILLE 2,3945450.048146,0.551410,1
077,Pickens,VTD 43,4507743,Pickens - VTD 43,PICKENS - VTD 43,7155208.643395,Pickens,077,Rock Springs,Pickens - Rock Springs,PICKENS - ROCK SPRINGS,3209752.657853,0.448590,2
077,Pickens,VTD 36,4507736,Pickens - VTD 36,PICKENS - VTD 36,14597099.370785,Pickens,077,Pike,Pickens - Pike,PICKENS - PIKE,14314687.011275,0.980653,1
077,Pickens,VTD 36,4507736,Pickens - VTD 36,PICKENS - VTD 36,14597099.370785,Pickens,077,Calhoun,Pickens - Calhoun,PICKENS - CALHOUN,282412.130046,0.019347,2
077,Pickens,VTD 46,4507746,Pickens - VTD 46,PICKENS - VTD 46,5889031.073382,Pickens,077,Calhoun,Pickens - Calhoun,PICKENS - CALHOUN,3233276.233625,0.549034,1
077,Pickens,VTD 46,4507746,Pickens - VTD 46,PICKENS - VTD 46,5889031.073382,Pickens,077,Abel,Pickens - Abel,PICKENS - ABEL,2540689.780429,0.431427,2
077,Pickens,VTD 46,4507746,Pickens - VTD 46,PICKENS - VTD 46,5889031.073382,Pickens,077,Clemson 1,Pickens - Clemson 1,PICKENS - CLEMSON 1,85478.930724,0.014515,3
077,Pickens,VTD 46,4507746,Pickens - VTD 46,PICKENS - VTD 46,5889031.073382,Pickens,077,Pike,Pickens - Pike,PICKENS - PIKE,20840.486611,0.003539,4
077,Pickens,VTD 46,4507746,Pickens - VTD 46,PICKENS - VTD 46,5889031.073382,Pickens,077,Morrison,Pickens - Morrison,PICKENS - MORRISON,8745.641994,0.001485,5
077,Pickens,VTD 45,4507745,Pickens - VTD 45,PICKENS - VTD 45,8408957.475105,Pickens,077,University,Pickens - University,PICKENS - UNIVERSITY,5947070.399204,0.707230,1
077,Pickens,VTD 45,4507745,Pickens - VTD 45,PICKENS - VTD 45,8408957.475105,Pickens,077,Pike,Pickens - Pike,PICKENS - PIKE,938073.027848,0.111556,2
077,Pickens,VTD 45,4507745,Pickens - VTD 45,PICKENS - VTD 45,8408957.475105,Pickens,077,Calhoun,Pickens - Calhoun,PICKENS - CALHOUN,802368.990546,0.095418,3
077,Pickens,VTD 45,4507745,Pickens - VTD 45,PICKENS - VTD 45,8408957.475105,Pickens,077,Morrison,Pickens - Morrison,PICKENS - MORRISON,368408.621968,0.043811,4
077,Pickens,VTD 45,4507745,Pickens - VTD 45,PICKENS - VTD 45,8408957.475105,Pickens,077,Stone Church,Pickens - Stone Church,PICKENS - STONE CHURCH,348453.960521,0.041438,5
077,Pickens,VTD 48,4507748,Pickens - VTD 48,PICKENS - VTD 48,3334841.586338,Pickens,077,Morrison,Pickens - Morrison,PICKENS - MORRISON,3334835.563362,0.999998,1
077,Pickens,VTD 49,4507749,Pickens - VTD 49,PICKENS - VTD 49,13560540.419192,Pickens,077,Stone Church,Pickens - Stone Church,PICKENS - STONE CHURCH,13544675.208319,0.998830,1
077,Pickens,VTD 49,4507749,Pickens - VTD 49,PICKENS - VTD 49,13560540.419192,Pickens,077,University,Pickens - University,PICKENS - UNIVERSITY,15749.636670,0.001161,2
077,Pickens,VTD 47,4507747,Pickens - VTD 47,PICKENS - VTD 47,4154885.069135,Pickens,077,Clemson 1,Pickens - Clemson 1,PICKENS - CLEMSON 1,2083673.510195,0.501500,1
077,Pickens,VTD 47,4507747,Pickens - VTD 47,PICKENS - VTD 47,4154885.069135,Pickens,077,Clemson 2,Pickens - Clemson 2,PICKENS - CLEMSON 2,2050231.882485,0.493451,2
077,Pickens,VTD 47,4507747,Pickens - VTD 47,PICKENS - VTD 47,4154885.069135,Pickens,077,Stone Church,Pickens - Stone Church,PICKENS - STONE CHURCH,20665.905873,0.004974,3
077,Pickens,VTD 37,4507737,Pickens - VTD 37,PICKENS - VTD 37,19871025.954136,Pickens,077,Central 1,Pickens - Central 1,PICKENS - CENTRAL 1,12995624.439501,0.653999,1
077,Pickens,VTD 37,4507737,Pickens - VTD 37,PICKENS - VTD 37,19871025.954136,Pickens,077,Central 2,Pickens - Central 2,PICKENS - CENTRAL 2,3456576.638549,0.173951,2
077,Pickens,VTD 37,4507737,Pickens - VTD 37,PICKENS - VTD 37,19871025.954136,Pickens,077,Pike,Pickens - Pike,PICKENS - PIKE,3402468.096946,0.171228,3
077,Pickens,VTD 37,4507737,Pickens - VTD 37,PICKENS - VTD 37,19871025.954136,Pickens,077,Clemson 1,Pickens - Clemson 1,PICKENS - CLEMSON 1,8628.545745,0.000434,4
077,Pickens,VTD 37,4507737,Pickens - VTD 37,PICKENS - VTD 37,19871025.954136,Pickens,077,Lawrence Chapel,Pickens - Lawrence Chapel,PICKENS - LAWRENCE CHAPEL,7728.233395,0.000389,5
077,Pickens,VTD 38,4507738,Pickens - VTD 38,PICKENS - VTD 38,19129070.929061,Pickens,077,Central 2,Pickens - Central 2,PICKENS - CENTRAL 2,18878665.100436,0.986910,1
077,Pickens,VTD 38,4507738,Pickens - VTD 38,PICKENS - VTD 38,19129070.929061,Pickens,077,Flat Rock,Pickens - Flat Rock,PICKENS - FLAT ROCK,250277.625045,0.013084,2
079,Richland,VTD 26,4507926,Richland - VTD 26,RICHLAND - VTD 26,64592238.042746,Richland,079,Pontiac,Richland - Pontiac,RICHLAND - PONTIAC,64589567.166608,0.999959,1
079,Richland,VTD 27,4507927,Richland - VTD 27,RICHLAND - VTD 27,5030613.529442,Richland,079,Valhalla,Richland - Valhalla,RICHLAND - VALHALLA,5030613.529442,1.000000,1
079,Richland,VTD 9,450799,Richland - VTD 9,RICHLAND - VTD 9,11881381.962306,Richland,079,Harbison #2,Richland - Harbison #2,RICHLAND - HARBISON 2,8958813.353259,0.754021,1
079,Richland,VTD 9,450799,Richland - VTD 9,RICHLAND - VTD 9,11881381.962306,Richland,079,Harbison #1,Richland - Harbison #1,RICHLAND - HARBISON 1,2882991.139831,0.242648,2
079,Richland,VTD 9,450799,Richland - VTD 9,RICHLAND - VTD 9,11881381.962306,Richland,079,Parkridge,Richland - Parkridge,RICHLAND - PARKRIDGE,39577.274678,0.003331,3
079,Richland,VTD 39,4507939,Richland - VTD 39,RICHLAND - VTD 39,5913175.241666,Richland,079,Wildewood,Richland - Wildewood,RICHLAND - WILDEWOOD,5838338.214248,0.987344,1
079,Richland,VTD 39,4507939,Richland - VTD 39,RICHLAND - VTD 39,5913175.241666,Richland,079,Polo Road,Richland - Polo Road,RICHLAND - POLO ROAD,47259.118736,0.007992,2
079,Richland,VTD 39,4507939,Richland - VTD 39,RICHLAND - VTD 39,5913175.241666,Richland,079,Valhalla,Richland - Valhalla,RICHLAND - VALHALLA,27577.908682,0.004664,3
079,Richland,VTD 28,4507928,Richland - VTD 28,RICHLAND - VTD 28,4818887.756092,Richland,079,North springs #2,Richland - North springs #2,RICHLAND - NORTH SPRINGS 2,4664864.720200,0.968038,1
079,Richland,VTD 28,4507928,Richland - VTD 28,RICHLAND - VTD 28,4818887.756092,Richland,079,North Springs #1,Richland - North Springs #1,RICHLAND - NORTH SPRINGS 1,93657.914482,0.019436,2
079,Richland,VTD 28,4507928,Richland - VTD 28,RICHLAND - VTD 28,4818887.756092,Richland,079,Estates,Richland - Estates,RICHLAND - ESTATES,60360.424254,0.012526,3
079,Richland,VTD 14,4507914,Richland - VTD 14,RICHLAND - VTD 14,1662813.883410,Richland,079,Whitewell,Richland - Whitewell,RICHLAND - WHITEWELL,1662813.883410,1.000000,1
079,Richland,VTD 12,4507912,Richland - VTD 12,RICHLAND - VTD 12,3177307.941729,Richland,079,Kingswood,Richland - Kingswood,RICHLAND - KINGSWOOD,3177307.941729,1.000000,1
079,Richland,VTD 34,4507934,Richland - VTD 34,RICHLAND - VTD 34,4084269.522398,Richland,079,Dennyside,Richland - Dennyside,RICHLAND - DENNYSIDE,4059873.596240,0.994027,1
079,Richland,VTD 34,4507934,Richland - VTD 34,RICHLAND - VTD 34,4084269.522398,Richland,079,Licolnshire,Richland - Licolnshire,RICHLAND - LICOLNSHIRE,24393.437699,0.005973,2
079,Richland,VTD 68,4507968,Richland - VTD 68,RICHLAND - VTD 68,2870218.896263,Richland,079,Ward 29,Richland - Ward 29,RICHLAND - WARD 29,2766032.412936,0.963701,1
079,Richland,VTD 68,4507968,Richland - VTD 68,RICHLAND - VTD 68,2870218.896263,Richland,079,Dennyside,Richland - Dennyside,RICHLAND - DENNYSIDE,81613.981856,0.028435,2
079,Richland,VTD 68,4507968,Richland - VTD 68,RICHLAND - VTD 68,2870218.896263,Richland,079,Ridgewood,Richland - Ridgewood,RICHLAND - RIDGEWOOD,22572.501471,0.007864,3
079,Richland,VTD 69,4507969,Richland - VTD 69,RICHLAND - VTD 69,2230869.533239,Richland,079,Ridgewood,Richland - Ridgewood,RICHLAND - RIDGEWOOD,2195380.314210,0.984092,1
079,Richland,VTD 69,4507969,Richland - VTD 69,RICHLAND - VTD 69,2230869.533239,Richland,079,Ward 29,Richland - Ward 29,RICHLAND - WARD 29,22292.140349,0.009993,2
079,Richland,VTD 69,4507969,Richland - VTD 69,RICHLAND - VTD 69,2230869.533239,Richland,079,Ward 22,Richland - Ward 22,RICHLAND - WARD 22,13197.078680,0.005916,3
079,Richland,VTD 70,4507970,Richland - VTD 70,RICHLAND - VTD 70,3615044.033803,Richland,079,Ward 22,Richland - Ward 22,RICHLAND - WARD 22,3559512.060450,0.984639,1
079,Richland,VTD 70,4507970,Richland - VTD 70,RICHLAND - VTD 70,3615044.033803,Richland,079,Ardincaple,Richland - Ardincaple,RICHLAND - ARDINCAPLE,55531.973354,0.015361,2
079,Richland,VTD 71,4507971,Richland - VTD 71,RICHLAND - VTD 71,1151517.552135,Richland,079,Ardincaple,Richland - Ardincaple,RICHLAND - ARDINCAPLE,1146168.084360,0.995354,1
079,Richland,VTD 71,4507971,Richland - VTD 71,RICHLAND - VTD 71,1151517.552135,Richland,079,Ward 22,Richland - Ward 22,RICHLAND - WARD 22,5349.467775,0.004646,2
079,Richland,VTD 72,4507972,Richland - VTD 72,RICHLAND - VTD 72,2485504.037551,Richland,079,Ward 20,Richland - Ward 20,RICHLAND - WARD 20,2479001.800938,0.997384,1
079,Richland,VTD 72,4507972,Richland - VTD 72,RICHLAND - VTD 72,2485504.037551,Richland,079,Ardincaple,Richland - Ardincaple,RICHLAND - ARDINCAPLE,6502.236613,0.002616,2
079,Richland,VTD 73,4507973,Richland - VTD 73,RICHLAND - VTD 73,1592414.648018,Richland,079,Ward 19,Richland - Ward 19,RICHLAND - WARD 19,1591593.081022,0.999484,1
079,Richland,VTD 73,4507973,Richland - VTD 73,RICHLAND - VTD 73,1592414.648018,Richland,079,Ward 4,Richland - Ward 4,RICHLAND - WARD 4,821.224266,0.000516,2
079,Richland,VTD 93,4507993,Richland - VTD 93,RICHLAND - VTD 93,2268587.012438,Richland,079,Ward 3,Richland - Ward 3,RICHLAND - WARD 3,2067218.377061,0.911236,1
079,Richland,VTD 93,4507993,Richland - VTD 93,RICHLAND - VTD 93,2268587.012438,Richland,079,Skyland,Richland - Skyland,RICHLAND - SKYLAND,201366.427524,0.088763,2
079,Richland,VTD 92,4507992,Richland - VTD 92,RICHLAND - VTD 92,4143811.919225,Richland,079,Ward 4,Richland - Ward 4,RICHLAND - WARD 4,3414306.157252,0.823953,1
079,Richland,VTD 92,4507992,Richland - VTD 92,RICHLAND - VTD 92,4143811.919225,Richland,079,Ward 3,Richland - Ward 3,RICHLAND - WARD 3,674369.004875,0.162741,2
079,Richland,VTD 92,4507992,Richland - VTD 92,RICHLAND - VTD 92,4143811.919225,Richland,079,Ward 7,Richland - Ward 7,RICHLAND - WARD 7,55136.757098,0.013306,3
079,Richland,VTD 94,4507994,Richland - VTD 94,RICHLAND - VTD 94,2750871.115192,Richland,079,Ward 30,Richland - Ward 30,RICHLAND - WARD 30,2606087.571207,0.947368,1
079,Richland,VTD 13,4507913,Richland - VTD 13,RICHLAND - VTD 13,6244197.314006,Richland,079,St. Andrews,Richland - St. Andrews,RICHLAND - ST. ANDREWS,6178049.265252,0.989406,1
079,Richland,VTD 67,4507967,Richland - VTD 67,RICHLAND - VTD 67,2989705.544859,Richland,079,College Place,Richland - College Place,RICHLAND - COLLEGE PLACE,2989705.452706,1.000000,1
079,Richland,VTD 17,4507917,Richland - VTD 17,RICHLAND - VTD 17,1858375.974251,Richland,079,Skyland,Richland - Skyland,RICHLAND - SKYLAND,1858375.974251,1.000000,1
079,Richland,VTD 4,450794,Richland - VTD 4,RICHLAND - VTD 4,2393522.689209,Richland,079,Friarsgate #2,Richland - Friarsgate #2,RICHLAND - FRIARSGATE 2,2393522.689209,1.000000,1
079,Richland,VTD 10,4507910,Richland - VTD 10,RICHLAND - VTD 10,13560450.197830,Richland,079,Walden,Richland - Walden,RICHLAND - WALDEN,9561785.465687,0.705123,1
079,Richland,VTD 10,4507910,Richland - VTD 10,RICHLAND - VTD 10,13560450.197830,Richland,079,Kingswood,Richland - Kingswood,RICHLAND - KINGSWOOD,1893141.494599,0.139608,2
079,Richland,VTD 10,4507910,Richland - VTD 10,RICHLAND - VTD 10,13560450.197830,Richland,079,Pine Grove,Richland - Pine Grove,RICHLAND - PINE GROVE,1080509.097540,0.079681,3
079,Richland,VTD 10,4507910,Richland - VTD 10,RICHLAND - VTD 10,13560450.197830,Richland,079,Harbison #2,Richland - Harbison #2,RICHLAND - HARBISON 2,757661.030790,0.055873,4
079,Richland,VTD 10,4507910,Richland - VTD 10,RICHLAND - VTD 10,13560450.197830,Richland,079,Harbison #1,Richland - Harbison #1,RICHLAND - HARBISON 1,267353.109214,0.019716,5
079,Richland,VTD 11,4507911,Richland - VTD 11,RICHLAND - VTD 11,2519262.805036,Richland,079,Pine Grove,Richland - Pine Grove,RICHLAND - PINE GROVE,1511737.513771,0.600071,1
079,Richland,VTD 11,4507911,Richland - VTD 11,RICHLAND - VTD 11,2519262.805036,Richland,079,Beatty Road,Richland - Beatty Road,RICHLAND - BEATTY ROAD,1007525.291265,0.399929,2
079,Richland,VTD 29,4507929,Richland - VTD 29,RICHLAND - VTD 29,6378488.044008,Richland,079,North Springs #1,Richland - North Springs #1,RICHLAND - NORTH SPRINGS 1,5529691.188319,0.866928,1
079,Richland,VTD 29,4507929,Richland - VTD 29,RICHLAND - VTD 29,6378488.044008,Richland,079,North springs #2,Richland - North springs #2,RICHLAND - NORTH SPRINGS 2,848796.855689,0.133072,2
079,Richland,VTD 16,4507916,Richland - VTD 16,RICHLAND - VTD 16,1302972.575481,Richland,079,Riverside,Richland - Riverside,RICHLAND - RIVERSIDE,1242111.348994,0.953290,1
079,Richland,VTD 16,4507916,Richland - VTD 16,RICHLAND - VTD 16,1302972.575481,Richland,079,Skyland,Richland - Skyland,RICHLAND - SKYLAND,39043.241889,0.029965,2
079,Richland,VTD 16,4507916,Richland - VTD 16,RICHLAND - VTD 16,1302972.575481,Richland,079,Westminster,Richland - Westminster,RICHLAND - WESTMINSTER,21817.687507,0.016745,3
079,Richland,VTD 15,4507915,Richland - VTD 15,RICHLAND - VTD 15,2198276.721962,Richland,079,Westminster,Richland - Westminster,RICHLAND - WESTMINSTER,2149890.665692,0.977989,1
079,Richland,VTD 15,4507915,Richland - VTD 15,RICHLAND - VTD 15,2198276.721962,Richland,079,Riverside,Richland - Riverside,RICHLAND - RIVERSIDE,48386.056270,0.022011,2
079,Richland,VTD 95,4507995,Richland - VTD 95,RICHLAND - VTD 95,2087983.936161,Richland,079,Ward 2,Richland - Ward 2,RICHLAND - WARD 2,2087983.705625,1.000000,1
079,Richland,VTD 74,4507974,Richland - VTD 74,RICHLAND - VTD 74,1570705.686826,Richland,079,Ward 31,Richland - Ward 31,RICHLAND - WARD 31,1364559.620455,0.868756,1
079,Richland,VTD 74,4507974,Richland - VTD 74,RICHLAND - VTD 74,1570705.686826,Richland,079,Ward 21,Richland - Ward 21,RICHLAND - WARD 21,206144.878090,0.131243,2
079,Richland,VTD 35,4507935,Richland - VTD 35,RICHLAND - VTD 35,10392798.042872,Richland,079,Meadowlake,Richland - Meadowlake,RICHLAND - MEADOWLAKE,10326614.271318,0.993632,1
079,Richland,VTD 35,4507935,Richland - VTD 35,RICHLAND - VTD 35,10392798.042872,Richland,079,Fairlawn,Richland - Fairlawn,RICHLAND - FAIRLAWN,66183.771554,0.006368,2
079,Richland,VTD 36,4507936,Richland - VTD 36,RICHLAND - VTD 36,9298796.475654,Richland,079,Keels,Richland - Keels,RICHLAND - KEELS,9298302.272054,0.999947,1
079,Richland,VTD 38,4507938,Richland - VTD 38,RICHLAND - VTD 38,13983423.100620,Richland,079,Polo Road,Richland - Polo Road,RICHLAND - POLO ROAD,13913677.360463,0.995012,1
079,Richland,VTD 38,4507938,Richland - VTD 38,RICHLAND - VTD 38,13983423.100620,Richland,079,Wildewood,Richland - Wildewood,RICHLAND - WILDEWOOD,65389.902297,0.004676,2
079,Richland,VTD 38,4507938,Richland - VTD 38,RICHLAND - VTD 38,13983423.100620,Richland,079,Briarwood,Richland - Briarwood,RICHLAND - BRIARWOOD,4355.648460,0.000311,3
079,Richland,VTD 37,4507937,Richland - VTD 37,RICHLAND - VTD 37,5200598.601898,Richland,079,Briarwood,Richland - Briarwood,RICHLAND - BRIARWOOD,4975744.805629,0.956764,1
079,Richland,VTD 37,4507937,Richland - VTD 37,RICHLAND - VTD 37,5200598.601898,Richland,079,Midway,Richland - Midway,RICHLAND - MIDWAY,164362.820247,0.031605,2
079,Richland,VTD 37,4507937,Richland - VTD 37,RICHLAND - VTD 37,5200598.601898,Richland,079,Polo Road,Richland - Polo Road,RICHLAND - POLO ROAD,39030.525789,0.007505,3
079,Richland,VTD 37,4507937,Richland - VTD 37,RICHLAND - VTD 37,5200598.601898,Richland,079,Keels,Richland - Keels,RICHLAND - KEELS,21460.450234,0.004127,4
079,Richland,VTD 66,4507966,Richland - VTD 66,RICHLAND - VTD 66,2033307.136279,Richland,079,Greenview,Richland - Greenview,RICHLAND - GREENVIEW,2033298.552555,0.999996,1
079,Richland,VTD 65,4507965,Richland - VTD 65,RICHLAND - VTD 65,1504016.340090,Richland,079,Fairwold,Richland - Fairwold,RICHLAND - FAIRWOLD,1504016.268402,1.000000,1
079,Richland,VTD 75,4507975,Richland - VTD 75,RICHLAND - VTD 75,1435517.624537,Richland,079,Ward 21,Richland - Ward 21,RICHLAND - WARD 21,1433456.362037,0.998564,1
079,Richland,VTD 75,4507975,Richland - VTD 75,RICHLAND - VTD 75,1435517.624537,Richland,079,Fairwold,Richland - Fairwold,RICHLAND - FAIRWOLD,2061.262500,0.001436,2
079,Richland,VTD 90,4507990,Richland - VTD 90,RICHLAND - VTD 90,516561.429269,Richland,079,Ward 8,Richland - Ward 8,RICHLAND - WARD 8,414849.212027,0.803098,1
079,Richland,VTD 90,4507990,Richland - VTD 90,RICHLAND - VTD 90,516561.429269,Richland,079,Ward 32,Richland - Ward 32,RICHLAND - WARD 32,101712.094305,0.196902,2
079,Richland,VTD 91,4507991,Richland - VTD 91,RICHLAND - VTD 91,520442.371174,Richland,079,Ward 32,Richland - Ward 32,RICHLAND - WARD 32,520442.371174,1.000000,1
079,Richland,VTD 89,4507989,Richland - VTD 89,RICHLAND - VTD 89,869114.312427,Richland,079,Ward 9,Richland - Ward 9,RICHLAND - WARD 9,869112.001950,0.999997,1
079,Richland,VTD 98,4507998,Richland - VTD 98,RICHLAND - VTD 98,1051814.101720,Richland,079,Ward 33,Richland - Ward 33,RICHLAND - WARD 33,959133.232161,0.911885,1
079,Richland,VTD 98,4507998,Richland - VTD 98,RICHLAND - VTD 98,1051814.101720,Richland,079,Ward 9,Richland - Ward 9,RICHLAND - WARD 9,92680.869557,0.088115,2
079,Richland,VTD 99,4507999,Richland - VTD 99,RICHLAND - VTD 99,864175.991606,Richland,079,Ward 23,Richland - Ward 23,RICHLAND - WARD 23,864175.750778,1.000000,1
079,Richland,VTD 87,4507987,Richland - VTD 87,RICHLAND - VTD 87,948645.613713,Richland,079,Ward 15,Richland - Ward 15,RICHLAND - WARD 15,922932.570131,0.972895,1
079,Richland,VTD 87,4507987,Richland - VTD 87,RICHLAND - VTD 87,948645.613713,Richland,079,Ward 23,Richland - Ward 23,RICHLAND - WARD 23,20095.471389,0.021183,2
079,Richland,VTD 87,4507987,Richland - VTD 87,RICHLAND - VTD 87,948645.613713,Richland,079,Ward 16,Richland - Ward 16,RICHLAND - WARD 16,5613.023161,0.005917,3
079,Richland,VTD 88,4507988,Richland - VTD 88,RICHLAND - VTD 88,1238480.395270,Richland,079,Ward 34,Richland - Ward 34,RICHLAND - WARD 34,1238480.395270,1.000000,1
079,Richland,VTD 78,4507978,Richland - VTD 78,RICHLAND - VTD 78,2025723.613957,Richland,079,Ward 18,Richland - Ward 18,RICHLAND - WARD 18,2025722.927561,1.000000,1
079,Richland,VTD 84,4507984,Richland - VTD 84,RICHLAND - VTD 84,2809819.282588,Richland,079,Ward 25,Richland - Ward 25,RICHLAND - WARD 25,2577115.621215,0.917182,1
079,Richland,VTD 84,4507984,Richland - VTD 84,RICHLAND - VTD 84,2809819.282588,Richland,079,Ward 26,Richland - Ward 26,RICHLAND - WARD 26,232605.498692,0.082783,2
079,Richland,VTD 86,4507986,Richland - VTD 86,RICHLAND - VTD 86,1647878.165074,Richland,079,Ward 16,Richland - Ward 16,RICHLAND - WARD 16,1594653.310866,0.967701,1
079,Richland,VTD 86,4507986,Richland - VTD 86,RICHLAND - VTD 86,1647878.165074,Richland,079,Ward 23,Richland - Ward 23,RICHLAND - WARD 23,40376.855487,0.024502,2
079,Richland,VTD 86,4507986,Richland - VTD 86,RICHLAND - VTD 86,1647878.165074,Richland,079,Ward 24,Richland - Ward 24,RICHLAND - WARD 24,12847.998721,0.007797,3
079,Richland,VTD 83,4507983,Richland - VTD 83,RICHLAND - VTD 83,2717382.783831,Richland,079,S Forest Acres,Richland - S Forest Acres,RICHLAND - S FOREST ACRES,2707991.830985,0.996544,1
079,Richland,VTD 83,4507983,Richland - VTD 83,RICHLAND - VTD 83,2717382.783831,Richland,079,Ward 24,Richland - Ward 24,RICHLAND - WARD 24,9390.112642,0.003456,2
079,Richland,VTD 1,450791,Richland - VTD 1,RICHLAND - VTD 1,78261667.173726,Richland,079,Spring Hill,Richland - Spring Hill,RICHLAND - SPRING HILL,51164936.821587,0.653768,1
079,Richland,VTD 1,450791,Richland - VTD 1,RICHLAND - VTD 1,78261667.173726,Richland,079,Springville,Richland - Springville,RICHLAND - SPRINGVILLE,26943572.335612,0.344275,2
079,Richland,VTD 1,450791,Richland - VTD 1,RICHLAND - VTD 1,78261667.173726,Richland,079,Ballentine,Richland - Ballentine,RICHLAND - BALLENTINE,152205.477954,0.001945,3
079,Richland,VTD 20,4507920,Richland - VTD 20,RICHLAND - VTD 20,83390475.102940,Richland,079,Blythewood #2,Richland - Blythewood #2,RICHLAND - BLYTHEWOOD 2,37780904.652385,0.453060,1
079,Richland,VTD 20,4507920,Richland - VTD 20,RICHLAND - VTD 20,83390475.102940,Richland,079,Kelley Mill,Richland - Kelley Mill,RICHLAND - KELLEY MILL,31766217.006163,0.380933,2
079,Richland,VTD 20,4507920,Richland - VTD 20,RICHLAND - VTD 20,83390475.102940,Richland,079,Round Top,Richland - Round Top,RICHLAND - ROUND TOP,8479610.909904,0.101686,3
079,Richland,VTD 20,4507920,Richland - VTD 20,RICHLAND - VTD 20,83390475.102940,Richland,079,Blythewood #3,Richland - Blythewood #3,RICHLAND - BLYTHEWOOD 3,5363741.246174,0.064321,4
079,Richland,VTD 3,450793,Richland - VTD 3,RICHLAND - VTD 3,19535687.944787,Richland,079,Ballentine,Richland - Ballentine,RICHLAND - BALLENTINE,19446272.488986,0.995423,1
079,Richland,VTD 3,450793,Richland - VTD 3,RICHLAND - VTD 3,19535687.944787,Richland,079,Springville,Richland - Springville,RICHLAND - SPRINGVILLE,89415.164156,0.004577,2
079,Richland,VTD 5,450795,Richland - VTD 5,RICHLAND - VTD 5,2553202.924878,Richland,079,Friarsgate #1,Richland - Friarsgate #1,RICHLAND - FRIARSGATE 1,2553202.924878,1.000000,1
079,Richland,VTD 6,450796,Richland - VTD 6,RICHLAND - VTD 6,3842465.638587,Richland,079,Old Friarsgate,Richland - Old Friarsgate,RICHLAND - OLD FRIARSGATE,3842452.269096,0.999997,1
079,Richland,VTD 8,450798,Richland - VTD 8,RICHLAND - VTD 8,12102018.907918,Richland,079,Riverwalk,Richland - Riverwalk,RICHLAND - RIVERWALK,8544659.805337,0.706052,1
079,Richland,VTD 8,450798,Richland - VTD 8,RICHLAND - VTD 8,12102018.907918,Richland,079,Parkridge,Richland - Parkridge,RICHLAND - PARKRIDGE,2946648.867285,0.243484,2
079,Richland,VTD 8,450798,Richland - VTD 8,RICHLAND - VTD 8,12102018.907918,Richland,079,Oak Point,Richland - Oak Point,RICHLAND - OAK POINT,335532.419643,0.027725,3
079,Richland,VTD 8,450798,Richland - VTD 8,RICHLAND - VTD 8,12102018.907918,Richland,079,Harbison #1,Richland - Harbison #1,RICHLAND - HARBISON 1,274297.932950,0.022665,4
079,Richland,VTD 7,450797,Richland - VTD 7,RICHLAND - VTD 7,20782639.391771,Richland,079,River Springs,Richland - River Springs,RICHLAND - RIVER SPRINGS,11106125.078236,0.534394,1
079,Richland,VTD 7,450797,Richland - VTD 7,RICHLAND - VTD 7,20782639.391771,Richland,079,Oak Point,Richland - Oak Point,RICHLAND - OAK POINT,9660391.589999,0.464830,2
079,Richland,VTD 7,450797,Richland - VTD 7,RICHLAND - VTD 7,20782639.391771,Richland,079,Riverwalk,Richland - Riverwalk,RICHLAND - RIVERWALK,16122.723536,0.000776,3
079,Richland,VTD 2,450792,Richland - VTD 2,RICHLAND - VTD 2,45383718.579642,Richland,079,Dutch Fork #1,Richland - Dutch Fork #1,RICHLAND - DUTCH FORK 1,34431617.415307,0.758678,1
079,Richland,VTD 2,450792,Richland - VTD 2,RICHLAND - VTD 2,45383718.579642,Richland,079,Dutch Fork #2,Richland - Dutch Fork #2,RICHLAND - DUTCH FORK 2,10952100.632398,0.241322,2
079,Richland,VTD 22,4507922,Richland - VTD 22,RICHLAND - VTD 22,23568240.857543,Richland,079,Killian,Richland - Killian,RICHLAND - KILLIAN,15799029.170319,0.670352,1
079,Richland,VTD 22,4507922,Richland - VTD 22,RICHLAND - VTD 22,23568240.857543,Richland,079,Sandlapper,Richland - Sandlapper,RICHLAND - SANDLAPPER,7769209.579504,0.329647,2
079,Richland,VTD 24,4507924,Richland - VTD 24,RICHLAND - VTD 24,8990719.775481,Richland,079,Parkway #1,Richland - Parkway #1,RICHLAND - PARKWAY 1,4738549.463825,0.527049,1
079,Richland,VTD 24,4507924,Richland - VTD 24,RICHLAND - VTD 24,8990719.775481,Richland,079,Parkway #2,Richland - Parkway #2,RICHLAND - PARKWAY 2,3213081.569983,0.357378,2
079,Richland,VTD 24,4507924,Richland - VTD 24,RICHLAND - VTD 24,8990719.775481,Richland,079,Ridgeview,Richland - Ridgeview,RICHLAND - RIDGEVIEW,737816.032877,0.082064,3
079,Richland,VTD 24,4507924,Richland - VTD 24,RICHLAND - VTD 24,8990719.775481,Richland,079,Estates,Richland - Estates,RICHLAND - ESTATES,301269.998096,0.033509,4
079,Richland,VTD 31,4507931,Richland - VTD 31,RICHLAND - VTD 31,12655901.739401,Richland,079,Valley State Park,Richland - Valley State Park,RICHLAND - VALLEY STATE PARK,8290078.253503,0.655037,1
079,Richland,VTD 31,4507931,Richland - VTD 31,RICHLAND - VTD 31,12655901.739401,Richland,079,Spring Valley West,Richland - Spring Valley West,RICHLAND - SPRING VALLEY WEST,4365822.753943,0.344963,2
079,Richland,VTD 25,4507925,Richland - VTD 25,RICHLAND - VTD 25,18041468.653232,Richland,079,Estates,Richland - Estates,RICHLAND - ESTATES,15739484.417167,0.872406,1
079,Richland,VTD 25,4507925,Richland - VTD 25,RICHLAND - VTD 25,18041468.653232,Richland,079,Ridgeview,Richland - Ridgeview,RICHLAND - RIDGEVIEW,2281223.002450,0.126443,2
079,Richland,VTD 25,4507925,Richland - VTD 25,RICHLAND - VTD 25,18041468.653232,Richland,079,Parkway #2,Richland - Parkway #2,RICHLAND - PARKWAY 2,20760.701581,0.001151,3
079,Richland,VTD 82,4507982,Richland - VTD 82,RICHLAND - VTD 82,2768157.310473,Richland,079,Gregg Park,Richland - Gregg Park,RICHLAND - GREGG PARK,2674922.732198,0.966319,1
079,Richland,VTD 82,4507982,Richland - VTD 82,RICHLAND - VTD 82,2768157.310473,Richland,079,E Forest Acres,Richland - E Forest Acres,RICHLAND - E FOREST ACRES,76910.804252,0.027784,2
079,Richland,VTD 82,4507982,Richland - VTD 82,RICHLAND - VTD 82,2768157.310473,Richland,079,Ward 26,Richland - Ward 26,RICHLAND - WARD 26,16323.395008,0.005897,3
079,Richland,VTD 77,4507977,Richland - VTD 77,RICHLAND - VTD 77,1874394.291569,Richland,079,Ward 7,Richland - Ward 7,RICHLAND - WARD 7,1845936.225792,0.984817,1
079,Richland,VTD 77,4507977,Richland - VTD 77,RICHLAND - VTD 77,1874394.291569,Richland,079,Ward 32,Richland - Ward 32,RICHLAND - WARD 32,28450.859124,0.015179,2
079,Richland,VTD 85,4507985,Richland - VTD 85,RICHLAND - VTD 85,1209899.047645,Richland,079,Ward 24,Richland - Ward 24,RICHLAND - WARD 24,1209898.340638,0.999999,1
079,Richland,VTD 81,4507981,Richland - VTD 81,RICHLAND - VTD 81,2752295.774252,Richland,079,E Forest Acres,Richland - E Forest Acres,RICHLAND - E FOREST ACRES,2681406.972058,0.974244,1
079,Richland,VTD 81,4507981,Richland - VTD 81,RICHLAND - VTD 81,2752295.774252,Richland,079,Cooper,Richland - Cooper,RICHLAND - COOPER,70887.692779,0.025756,2
079,Richland,VTD 80,4507980,Richland - VTD 80,RICHLAND - VTD 80,1425950.018032,Richland,079,N Forest Acres,Richland - N Forest Acres,RICHLAND - N FOREST ACRES,1416331.348617,0.993255,1
079,Richland,VTD 80,4507980,Richland - VTD 80,RICHLAND - VTD 80,1425950.018032,Richland,079,Ward 6,Richland - Ward 6,RICHLAND - WARD 6,9618.654049,0.006745,2
079,Richland,VTD 79,4507979,Richland - VTD 79,RICHLAND - VTD 79,1596810.958236,Richland,079,Ward 6,Richland - Ward 6,RICHLAND - WARD 6,1560615.260495,0.977333,1
079,Richland,VTD 79,4507979,Richland - VTD 79,RICHLAND - VTD 79,1596810.958236,Richland,079,N Forest Acres,Richland - N Forest Acres,RICHLAND - N FOREST ACRES,36128.168733,0.022625,2
079,Richland,VTD 62,4507962,Richland - VTD 62,RICHLAND - VTD 62,1910085.536136,Richland,079,Satchel Ford,Richland - Satchel Ford,RICHLAND - SATCHEL FORD,1910084.457533,0.999999,1
079,Richland,VTD 76,4507976,Richland - VTD 76,RICHLAND - VTD 76,3068250.146261,Richland,079,Edgewood,Richland - Edgewood,RICHLAND - EDGEWOOD,2183236.089117,0.711557,1
079,Richland,VTD 76,4507976,Richland - VTD 76,RICHLAND - VTD 76,3068250.146261,Richland,079,Ward 21,Richland - Ward 21,RICHLAND - WARD 21,885013.816374,0.288443,2
079,Richland,VTD 64,4507964,Richland - VTD 64,RICHLAND - VTD 64,3640008.039318,Richland,079,Keenan,Richland - Keenan,RICHLAND - KEENAN,3624149.633777,0.995643,1
079,Richland,VTD 64,4507964,Richland - VTD 64,RICHLAND - VTD 64,3640008.039318,Richland,079,Ward 6,Richland - Ward 6,RICHLAND - WARD 6,15232.741938,0.004185,2
079,Richland,VTD 64,4507964,Richland - VTD 64,RICHLAND - VTD 64,3640008.039318,Richland,079,N Forest Acres,Richland - N Forest Acres,RICHLAND - N FOREST ACRES,625.171948,0.000172,3
079,Richland,VTD 58,4507958,Richland - VTD 58,RICHLAND - VTD 58,5247994.787660,Richland,079,Dentsville,Richland - Dentsville,RICHLAND - DENTSVILLE,5230875.115494,0.996738,1
079,Richland,VTD 58,4507958,Richland - VTD 58,RICHLAND - VTD 58,5247994.787660,Richland,079,Fairwold,Richland - Fairwold,RICHLAND - FAIRWOLD,17068.293696,0.003252,2
079,Richland,VTD 63,4507963,Richland - VTD 63,RICHLAND - VTD 63,1552912.825887,Richland,079,Oakwood,Richland - Oakwood,RICHLAND - OAKWOOD,1524445.107689,0.981668,1
079,Richland,VTD 63,4507963,Richland - VTD 63,RICHLAND - VTD 63,1552912.825887,Richland,079,Trenhom Road,Richland - Trenhom Road,RICHLAND - TRENHOM ROAD,28467.170243,0.018331,2
079,Richland,VTD 59,4507959,Richland - VTD 59,RICHLAND - VTD 59,1780647.386674,Richland,079,Trenhom Road,Richland - Trenhom Road,RICHLAND - TRENHOM ROAD,1745218.708765,0.980103,1
079,Richland,VTD 59,4507959,Richland - VTD 59,RICHLAND - VTD 59,1780647.386674,Richland,079,Oakwood,Richland - Oakwood,RICHLAND - OAKWOOD,35428.539638,0.019896,2
079,Richland,VTD 60,4507960,Richland - VTD 60,RICHLAND - VTD 60,2485125.741797,Richland,079,Arcadia,Richland - Arcadia,RICHLAND - ARCADIA,2223752.620030,0.894825,1
079,Richland,VTD 60,4507960,Richland - VTD 60,RICHLAND - VTD 60,2485125.741797,Richland,079,Trenhom Road,Richland - Trenhom Road,RICHLAND - TRENHOM ROAD,261368.723090,0.105173,2
079,Richland,VTD 57,4507957,Richland - VTD 57,RICHLAND - VTD 57,5425542.004408,Richland,079,Midway,Richland - Midway,RICHLAND - MIDWAY,5316637.211592,0.979927,1
079,Richland,VTD 57,4507957,Richland - VTD 57,RICHLAND - VTD 57,5425542.004408,Richland,079,Briarwood,Richland - Briarwood,RICHLAND - BRIARWOOD,57472.987756,0.010593,2
079,Richland,VTD 57,4507957,Richland - VTD 57,RICHLAND - VTD 57,5425542.004408,Richland,079,Woodfield,Richland - Woodfield,RICHLAND - WOODFIELD,51426.209717,0.009479,3
079,Richland,VTD 56,4507956,Richland - VTD 56,RICHLAND - VTD 56,3789162.023810,Richland,079,Woodfield,Richland - Woodfield,RICHLAND - WOODFIELD,3789161.911146,1.000000,1
079,Richland,VTD 61,4507961,Richland - VTD 61,RICHLAND - VTD 61,2243672.689703,Richland,079,Cooper,Richland - Cooper,RICHLAND - COOPER,2243303.640462,0.999836,1
079,Richland,VTD 61,4507961,Richland - VTD 61,RICHLAND - VTD 61,2243672.689703,Richland,079,Arcadia,Richland - Arcadia,RICHLAND - ARCADIA,366.482993,0.000163,2
079,Richland,VTD 42,4507942,Richland - VTD 42,RICHLAND - VTD 42,19846194.784062,Richland,079,Ward 26,Richland - Ward 26,RICHLAND - WARD 26,19846194.784062,1.000000,1
079,Richland,VTD 43,4507943,Richland - VTD 43,RICHLAND - VTD 43,17723693.159188,Richland,079,Ward 26,Richland - Ward 26,RICHLAND - WARD 26,17723693.159188,1.000000,1
079,Richland,VTD 55,4507955,Richland - VTD 55,RICHLAND - VTD 55,1173026.564250,Richland,079,Ward 26,Richland - Ward 26,RICHLAND - WARD 26,1078414.444643,0.919344,1
079,Richland,VTD 55,4507955,Richland - VTD 55,RICHLAND - VTD 55,1173026.564250,Richland,079,Gregg Park,Richland - Gregg Park,RICHLAND - GREGG PARK,94612.119607,0.080656,2
079,Richland,VTD 54,4507954,Richland - VTD 54,RICHLAND - VTD 54,403307.721860,Richland,079,Ward 26,Richland - Ward 26,RICHLAND - WARD 26,403307.721860,1.000000,1
079,Richland,VTD 53,4507953,Richland - VTD 53,RICHLAND - VTD 53,1517468.130726,Richland,079,Ward 26,Richland - Ward 26,RICHLAND - WARD 26,1517468.130726,1.000000,1
079,Richland,VTD 51,4507951,Richland - VTD 51,RICHLAND - VTD 51,596934.441431,Richland,079,Ward 26,Richland - Ward 26,RICHLAND - WARD 26,596934.441431,1.000000,1
079,Richland,VTD 52,4507952,Richland - VTD 52,RICHLAND - VTD 52,614596.067536,Richland,079,Ward 26,Richland - Ward 26,RICHLAND - WARD 26,614596.067536,1.000000,1
079,Richland,VTD 49,4507949,Richland - VTD 49,RICHLAND - VTD 49,719966.122656,Richland,079,Ward 26,Richland - Ward 26,RICHLAND - WARD 26,719966.122656,1.000000,1
079,Richland,VTD 50,4507950,Richland - VTD 50,RICHLAND - VTD 50,716949.354547,Richland,079,Ward 26,Richland - Ward 26,RICHLAND - WARD 26,716949.354547,1.000000,1
079,Richland,VTD 46,4507946,Richland - VTD 46,RICHLAND - VTD 46,2303905.133532,Richland,079,Ward 26,Richland - Ward 26,RICHLAND - WARD 26,2303905.133532,1.000000,1
079,Richland,VTD 44,4507944,Richland - VTD 44,RICHLAND - VTD 44,15261961.337322,Richland,079,Ward 26,Richland - Ward 26,RICHLAND - WARD 26,15261961.337322,1.000000,1
079,Richland,VTD 40,4507940,Richland - VTD 40,RICHLAND - VTD 40,48812628.089024,Richland,079,Ward 26,Richland - Ward 26,RICHLAND - WARD 26,48812628.089024,1.000000,1
079,Richland,VTD 41,4507941,Richland - VTD 41,RICHLAND - VTD 41,91377949.954249,Richland,079,Ward 26,Richland - Ward 26,RICHLAND - WARD 26,91377949.954249,1.000000,1
079,Richland,VTD 124,45079124,Richland - VTD 124,RICHLAND - VTD 124,119533498.569853,Richland,079,Garners,Richland - Garners,RICHLAND - GARNERS,119533478.522415,1.000000,1
079,Richland,VTD 97,4507997,Richland - VTD 97,RICHLAND - VTD 97,1563471.998781,Richland,079,Ward 1,Richland - Ward 1,RICHLAND - WARD 1,1563471.470982,1.000000,1
079,Richland,VTD 96,4507996,Richland - VTD 96,RICHLAND - VTD 96,3595496.123845,Richland,079,Ward 5,Richland - Ward 5,RICHLAND - WARD 5,3595495.749752,1.000000,1
079,Richland,VTD 106,45079106,Richland - VTD 106,RICHLAND - VTD 106,29750494.978880,Richland,079,Olympia,Richland - Olympia,RICHLAND - OLYMPIA,29734298.948080,0.999456,1
079,Richland,VTD 106,45079106,Richland - VTD 106,RICHLAND - VTD 106,29750494.978880,Richland,079,Ward 5,Richland - Ward 5,RICHLAND - WARD 5,16195.723333,0.000544,2
079,Richland,VTD 100,45079100,Richland - VTD 100,RICHLAND - VTD 100,1245541.048363,Richland,079,Ward 10,Richland - Ward 10,RICHLAND - WARD 10,1245539.572958,0.999999,1
079,Richland,VTD 102,45079102,Richland - VTD 102,RICHLAND - VTD 102,1224621.827129,Richland,079,Ward 14,Richland - Ward 14,RICHLAND - WARD 14,1224621.827129,1.000000,1
079,Richland,VTD 101,45079101,Richland - VTD 101,RICHLAND - VTD 101,1116104.593117,Richland,079,Ward 12,Richland - Ward 12,RICHLAND - WARD 12,1116104.593117,1.000000,1
079,Richland,VTD 105,45079105,Richland - VTD 105,RICHLAND - VTD 105,2472469.291562,Richland,079,Ward 11,Richland - Ward 11,RICHLAND - WARD 11,2346908.683390,0.949217,1
079,Richland,VTD 105,45079105,Richland - VTD 105,RICHLAND - VTD 105,2472469.291562,Richland,079,Hampton,Richland - Hampton,RICHLAND - HAMPTON,76642.698741,0.030998,2
079,Richland,VTD 105,45079105,Richland - VTD 105,RICHLAND - VTD 105,2472469.291562,Richland,079,Olympia,Richland - Olympia,RICHLAND - OLYMPIA,48917.909431,0.019785,3
079,Richland,VTD 107,45079107,Richland - VTD 107,RICHLAND - VTD 107,1631755.097220,Richland,079,Hampton,Richland - Hampton,RICHLAND - HAMPTON,1527242.019492,0.935951,1
079,Richland,VTD 107,45079107,Richland - VTD 107,RICHLAND - VTD 107,1631755.097220,Richland,079,South Beltline,Richland - South Beltline,RICHLAND - SOUTH BELTLINE,76412.163464,0.046828,2
079,Richland,VTD 107,45079107,Richland - VTD 107,RICHLAND - VTD 107,1631755.097220,Richland,079,Ward 11,Richland - Ward 11,RICHLAND - WARD 11,20933.889617,0.012829,3
079,Richland,VTD 107,45079107,Richland - VTD 107,RICHLAND - VTD 107,1631755.097220,Richland,079,Olympia,Richland - Olympia,RICHLAND - OLYMPIA,3593.246264,0.002202,4
079,Richland,VTD 107,45079107,Richland - VTD 107,RICHLAND - VTD 107,1631755.097220,Richland,079,Ward 13,Richland - Ward 13,RICHLAND - WARD 13,3573.778382,0.002190,5
079,Richland,VTD 104,45079104,Richland - VTD 104,RICHLAND - VTD 104,1726180.770534,Richland,079,Ward 13,Richland - Ward 13,RICHLAND - WARD 13,1726179.525357,0.999999,1
079,Richland,VTD 108,45079108,Richland - VTD 108,RICHLAND - VTD 108,2181612.234543,Richland,079,South Beltline,Richland - South Beltline,RICHLAND - SOUTH BELTLINE,2178943.667526,0.998777,1
079,Richland,VTD 108,45079108,Richland - VTD 108,RICHLAND - VTD 108,2181612.234543,Richland,079,Woodlands,Richland - Woodlands,RICHLAND - WOODLANDS,2668.567017,0.001223,2
079,Richland,VTD 111,45079111,Richland - VTD 111,RICHLAND - VTD 111,3017231.489674,Richland,079,Woodlands,Richland - Woodlands,RICHLAND - WOODLANDS,2662109.485749,0.882302,1
079,Richland,VTD 111,45079111,Richland - VTD 111,RICHLAND - VTD 111,3017231.489674,Richland,079,South Beltline,Richland - South Beltline,RICHLAND - SOUTH BELTLINE,355122.003925,0.117698,2
079,Richland,VTD 112,45079112,Richland - VTD 112,RICHLAND - VTD 112,2464040.317866,Richland,079,Meadowfield,Richland - Meadowfield,RICHLAND - MEADOWFIELD,2336637.806575,0.948295,1
079,Richland,VTD 112,45079112,Richland - VTD 112,RICHLAND - VTD 112,2464040.317866,Richland,079,Brandon,Richland - Brandon,RICHLAND - BRANDON,94855.613473,0.038496,2
079,Richland,VTD 112,45079112,Richland - VTD 112,RICHLAND - VTD 112,2464040.317866,Richland,079,Woodlands,Richland - Woodlands,RICHLAND - WOODLANDS,32546.897819,0.013209,3
079,Richland,VTD 109,45079109,Richland - VTD 109,RICHLAND - VTD 109,2686002.272491,Richland,079,Ward 26,Richland - Ward 26,RICHLAND - WARD 26,2168143.876896,0.807201,1
079,Richland,VTD 109,45079109,Richland - VTD 109,RICHLAND - VTD 109,2686002.272491,Richland,079,Pennington,Richland - Pennington,RICHLAND - PENNINGTON,517858.395595,0.192799,2
079,Richland,VTD 103,45079103,Richland - VTD 103,RICHLAND - VTD 103,1905748.899670,Richland,079,Ward 17,Richland - Ward 17,RICHLAND - WARD 17,1905748.161779,1.000000,1
079,Richland,VTD 48,4507948,Richland - VTD 48,RICHLAND - VTD 48,703840.577176,Richland,079,Ward 26,Richland - Ward 26,RICHLAND - WARD 26,703840.577176,1.000000,1
079,Richland,VTD 115,45079115,Richland - VTD 115,RICHLAND - VTD 115,170078626.568814,Richland,079,Hopkins,Richland - Hopkins,RICHLAND - HOPKINS,170078621.538907,1.000000,1
079,Richland,VTD 114,45079114,Richland - VTD 114,RICHLAND - VTD 114,21006007.827406,Richland,079,Bluff,Richland - Bluff,RICHLAND - BLUFF,21006007.827406,1.000000,1
079,Richland,VTD 116,45079116,Richland - VTD 116,RICHLAND - VTD 116,7182741.845597,Richland,079,Mill Creek,Richland - Mill Creek,RICHLAND - MILL CREEK,7182741.845597,1.000000,1
079,Richland,VTD 121,45079121,Richland - VTD 121,RICHLAND - VTD 121,11908778.936432,Richland,079,Hunting Creek,Richland - Hunting Creek,RICHLAND - HUNTING CREEK,11714466.052589,0.983683,1
079,Richland,VTD 121,45079121,Richland - VTD 121,RICHLAND - VTD 121,11908778.936432,Richland,079,Hopkins,Richland - Hopkins,RICHLAND - HOPKINS,194308.367119,0.016316,2
079,Richland,VTD 113,45079113,Richland - VTD 113,RICHLAND - VTD 113,6217535.973797,Richland,079,Brandon,Richland - Brandon,RICHLAND - BRANDON,6190778.843077,0.995697,1
079,Richland,VTD 113,45079113,Richland - VTD 113,RICHLAND - VTD 113,6217535.973797,Richland,079,Pennington,Richland - Pennington,RICHLAND - PENNINGTON,22504.644843,0.003620,2
079,Richland,VTD 113,45079113,Richland - VTD 113,RICHLAND - VTD 113,6217535.973797,Richland,079,Ward 26,Richland - Ward 26,RICHLAND - WARD 26,3647.351988,0.000587,3
079,Richland,VTD 110,45079110,Richland - VTD 110,RICHLAND - VTD 110,2937947.796102,Richland,079,Pennington,Richland - Pennington,RICHLAND - PENNINGTON,2937947.796102,1.000000,1
079,Richland,VTD 117,45079117,Richland - VTD 117,RICHLAND - VTD 117,3620947.565211,Richland,079,Lykesland,Richland - Lykesland,RICHLAND - LYKESLAND,3618698.090097,0.999379,1
079,Richland,VTD 117,45079117,Richland - VTD 117,RICHLAND - VTD 117,3620947.565211,Richland,079,Ward 26,Richland - Ward 26,RICHLAND - WARD 26,2247.835607,0.000621,2
079,Richland,VTD 45,4507945,Richland - VTD 45,RICHLAND - VTD 45,8338630.187058,Richland,079,Ward 26,Richland - Ward 26,RICHLAND - WARD 26,8332666.017979,0.999285,1
079,Richland,VTD 45,4507945,Richland - VTD 45,RICHLAND - VTD 45,8338630.187058,Richland,079,Pennington,Richland - Pennington,RICHLAND - PENNINGTON,5964.169079,0.000715,2
079,Richland,VTD 47,4507947,Richland - VTD 47,RICHLAND - VTD 47,1354724.394603,Richland,079,Ward 26,Richland - Ward 26,RICHLAND - WARD 26,1354724.394603,1.000000,1
079,Richland,VTD 123,45079123,Richland - VTD 123,RICHLAND - VTD 123,34591328.425448,Richland,079,McEntire,Richland - McEntire,RICHLAND - MCENTIRE,34464151.481932,0.996323,1
079,Richland,VTD 123,45079123,Richland - VTD 123,RICHLAND - VTD 123,34591328.425448,Richland,079,Hopkins,Richland - Hopkins,RICHLAND - HOPKINS,67038.292137,0.001938,2
079,Richland,VTD 123,45079123,Richland - VTD 123,RICHLAND - VTD 123,34591328.425448,Richland,079,Gadsden,Richland - Gadsden,RICHLAND - GADSDEN,60137.113088,0.001739,3
079,Richland,VTD 122,45079122,Richland - VTD 122,RICHLAND - VTD 122,57601068.264914,Richland,079,Horrell Hill,Richland - Horrell Hill,RICHLAND - HORRELL HILL,57601066.972990,1.000000,1
079,Richland,VTD 120,45079120,Richland - VTD 120,RICHLAND - VTD 120,9327512.694560,Richland,079,Pinewood,Richland - Pinewood,RICHLAND - PINEWOOD,9327512.694560,1.000000,1
079,Richland,VTD 119,45079119,Richland - VTD 119,RICHLAND - VTD 119,4870781.988944,Richland,079,Pine Lakes,Richland - Pine Lakes,RICHLAND - PINE LAKES,4870780.123265,1.000000,1
079,Richland,VTD 118,45079118,Richland - VTD 118,RICHLAND - VTD 118,6255855.710024,Richland,079,Caughman Road,Richland - Caughman Road,RICHLAND - CAUGHMAN ROAD,6255850.506644,0.999999,1
079,Richland,VTD 126,45079126,Richland - VTD 126,RICHLAND - VTD 126,179835662.483391,Richland,079,Gadsden,Richland - Gadsden,RICHLAND - GADSDEN,179835657.008459,1.000000,1
079,Richland,VTD 125,45079125,Richland - VTD 125,RICHLAND - VTD 125,194423088.624512,Richland,079,Eastover,Richland - Eastover,RICHLAND - EASTOVER,194423077.470635,1.000000,1
079,Richland,VTD 18,4507918,Richland - VTD 18,RICHLAND - VTD 18,134971951.047425,Richland,079,Monticello,Richland - Monticello,RICHLAND - MONTICELLO,134902511.066737,0.999486,1
079,Richland,VTD 18,4507918,Richland - VTD 18,RICHLAND - VTD 18,134971951.047425,Richland,079,Walden,Richland - Walden,RICHLAND - WALDEN,69438.084133,0.000514,2
079,Richland,VTD 19,4507919,Richland - VTD 19,RICHLAND - VTD 19,66389469.281647,Richland,079,Blythewood #1,Richland - Blythewood #1,RICHLAND - BLYTHEWOOD 1,35388958.769107,0.533051,1
079,Richland,VTD 19,4507919,Richland - VTD 19,RICHLAND - VTD 19,66389469.281647,Richland,079,Blythewood #3,Richland - Blythewood #3,RICHLAND - BLYTHEWOOD 3,30699472.258122,0.462415,2
079,Richland,VTD 19,4507919,Richland - VTD 19,RICHLAND - VTD 19,66389469.281647,Richland,079,Killian,Richland - Killian,RICHLAND - KILLIAN,300532.382792,0.004527,3
079,Richland,VTD 33,4507933,Richland - VTD 33,RICHLAND - VTD 33,17707829.407638,Richland,079,Licolnshire,Richland - Licolnshire,RICHLAND - LICOLNSHIRE,17659548.737336,0.997273,1
079,Richland,VTD 33,4507933,Richland - VTD 33,RICHLAND - VTD 33,17707829.407638,Richland,079,Dennyside,Richland - Dennyside,RICHLAND - DENNYSIDE,48279.723698,0.002726,2
079,Richland,VTD 32,4507932,Richland - VTD 32,RICHLAND - VTD 32,34987234.070418,Richland,079,Fairlawn,Richland - Fairlawn,RICHLAND - FAIRLAWN,33500177.790948,0.957497,1
079,Richland,VTD 32,4507932,Richland - VTD 32,RICHLAND - VTD 32,34987234.070418,Richland,079,Spring Valley West,Richland - Spring Valley West,RICHLAND - SPRING VALLEY WEST,1487056.279470,0.042503,2
079,Richland,VTD 30,4507930,Richland - VTD 30,RICHLAND - VTD 30,5769176.680824,Richland,079,Spring Valley,Richland - Spring Valley,RICHLAND - SPRING VALLEY,5769170.739418,0.999999,1
079,Richland,VTD 23,4507923,Richland - VTD 23,RICHLAND - VTD 23,10553091.680381,Richland,079,Rice Creek,Richland - Rice Creek,RICHLAND - RICE CREEK,6948400.341263,0.658423,1
079,Richland,VTD 23,4507923,Richland - VTD 23,RICHLAND - VTD 23,10553091.680381,Richland,079,Ridgeview,Richland - Ridgeview,RICHLAND - RIDGEVIEW,3405039.670768,0.322658,2
079,Richland,VTD 23,4507923,Richland - VTD 23,RICHLAND - VTD 23,10553091.680381,Richland,079,Parkway #1,Richland - Parkway #1,RICHLAND - PARKWAY 1,199651.668351,0.018919,3
079,Richland,VTD 21,4507921,Richland - VTD 21,RICHLAND - VTD 21,32802166.077559,Richland,079,Longcreek,Richland - Longcreek,RICHLAND - LONGCREEK,13952590.664476,0.425356,1
079,Richland,VTD 21,4507921,Richland - VTD 21,RICHLAND - VTD 21,32802166.077559,Richland,079,Lake Carolina,Richland - Lake Carolina,RICHLAND - LAKE CAROLINA,9561954.303440,0.291504,2
079,Richland,VTD 21,4507921,Richland - VTD 21,RICHLAND - VTD 21,32802166.077559,Richland,079,Round Top,Richland - Round Top,RICHLAND - ROUND TOP,4997159.778654,0.152342,3
079,Richland,VTD 21,4507921,Richland - VTD 21,RICHLAND - VTD 21,32802166.077559,Richland,079,Kelley Mill,Richland - Kelley Mill,RICHLAND - KELLEY MILL,3878431.243944,0.118237,4
079,Richland,VTD 21,4507921,Richland - VTD 21,RICHLAND - VTD 21,32802166.077559,Richland,079,Sandlapper,Richland - Sandlapper,RICHLAND - SANDLAPPER,382681.559826,0.011666,5
079,Richland,VTD 21,4507921,Richland - VTD 21,RICHLAND - VTD 21,32802166.077559,Richland,079,Estates,Richland - Estates,RICHLAND - ESTATES,29335.563457,0.000894,6
081,Saluda,VTD 1,450811,Saluda - VTD 1,SALUDA - VTD 1,52514220.301934,Saluda,081,Centennial,Saluda - Centennial,SALUDA - CENTENNIAL,52514218.238265,1.000000,1
081,Saluda,VTD 9,450819,Saluda - VTD 9,SALUDA - VTD 9,37214784.936816,Saluda,081,Fruit Hill,Saluda - Fruit Hill,SALUDA - FRUIT HILL,37214782.180639,1.000000,1
081,Saluda,VTD 3,450813,Saluda - VTD 3,SALUDA - VTD 3,58690705.137846,Saluda,081,Higgins/Zoar,Saluda - Higgins/Zoar,SALUDA - HIGGINSZOAR,58690703.777516,1.000000,1
081,Saluda,VTD 4,450814,Saluda - VTD 4,SALUDA - VTD 4,83431786.105722,Saluda,081,Hollywood,Saluda - Hollywood,SALUDA - HOLLYWOOD,83328166.503543,0.998758,1
081,Saluda,VTD 4,450814,Saluda - VTD 4,SALUDA - VTD 4,83431786.105722,Saluda,081,Pleasant Grove,Saluda - Pleasant Grove,SALUDA - PLEASANT GROVE,103618.507498,0.001242,2
081,Saluda,VTD 2,450812,Saluda - VTD 2,SALUDA - VTD 2,62528198.899584,Saluda,081,Centennial,Saluda - Centennial,SALUDA - CENTENNIAL,62528193.856573,1.000000,1
081,Saluda,VTD 6,450816,Saluda - VTD 6,SALUDA - VTD 6,49256221.538087,Saluda,081,Hollywood,Saluda - Hollywood,SALUDA - HOLLYWOOD,49175082.449796,0.998353,1
081,Saluda,VTD 6,450816,Saluda - VTD 6,SALUDA - VTD 6,49256221.538087,Saluda,081,Pleasant Grove,Saluda - Pleasant Grove,SALUDA - PLEASANT GROVE,81133.015328,0.001647,2
081,Saluda,VTD 11,4508111,Saluda - VTD 11,SALUDA - VTD 11,22021383.083522,Saluda,081,Saluda No. 1,Saluda - Saluda No. 1,SALUDA - SALUDA NO. 1,22021380.686705,1.000000,1
081,Saluda,VTD 10,4508110,Saluda - VTD 10,SALUDA - VTD 10,23877712.435232,Saluda,081,Saluda No. 2,Saluda - Saluda No. 2,SALUDA - SALUDA NO. 2,23523933.280865,0.985184,1
081,Saluda,VTD 10,4508110,Saluda - VTD 10,SALUDA - VTD 10,23877712.435232,Saluda,081,Fruit Hill,Saluda - Fruit Hill,SALUDA - FRUIT HILL,353776.782363,0.014816,2
081,Saluda,VTD 7,450817,Saluda - VTD 7,SALUDA - VTD 7,47046327.604784,Saluda,081,Mayson,Saluda - Mayson,SALUDA - MAYSON,47046149.898684,0.999996,1
081,Saluda,VTD 8,450818,Saluda - VTD 8,SALUDA - VTD 8,43823207.295217,Saluda,081,Mayson,Saluda - Mayson,SALUDA - MAYSON,43816786.411044,0.999853,1
081,Saluda,VTD 19,4508119,Saluda - VTD 19,SALUDA - VTD 19,21440592.077429,Saluda,081,Saluda No. 2,Saluda - Saluda No. 2,SALUDA - SALUDA NO. 2,21440584.776932,1.000000,1
081,Saluda,VTD 20,4508120,Saluda - VTD 20,SALUDA - VTD 20,41023574.593351,Saluda,081,Saluda No. 1,Saluda - Saluda No. 1,SALUDA - SALUDA NO. 1,34833685.201315,0.849114,1
081,Saluda,VTD 20,4508120,Saluda - VTD 20,SALUDA - VTD 20,41023574.593351,Saluda,081,Richland,Saluda - Richland,SALUDA - RICHLAND,3166869.162324,0.077196,2
081,Saluda,VTD 20,4508120,Saluda - VTD 20,SALUDA - VTD 20,41023574.593351,Saluda,081,Ward,Saluda - Ward,SALUDA - WARD,3023020.229713,0.073690,3
081,Saluda,VTD 12,4508112,Saluda - VTD 12,SALUDA - VTD 12,20843711.194571,Saluda,081,Mt. Willing,Saluda - Mt. Willing,SALUDA - MT. WILLING,20837861.652222,0.999719,1
081,Saluda,VTD 12,4508112,Saluda - VTD 12,SALUDA - VTD 12,20843711.194571,Saluda,081,Sardis,Saluda - Sardis,SALUDA - SARDIS,5848.630421,0.000281,2
081,Saluda,VTD 21,4508121,Saluda - VTD 21,SALUDA - VTD 21,35855006.522001,Saluda,081,Richland,Saluda - Richland,SALUDA - RICHLAND,35855004.312041,1.000000,1
081,Saluda,VTD 22,4508122,Saluda - VTD 22,SALUDA - VTD 22,38169425.321155,Saluda,081,Clyde,Saluda - Clyde,SALUDA - CLYDE,31758200.959736,0.832032,1
081,Saluda,VTD 22,4508122,Saluda - VTD 22,SALUDA - VTD 22,38169425.321155,Saluda,081,Richland,Saluda - Richland,SALUDA - RICHLAND,6411222.014103,0.167967,2
081,Saluda,VTD 23,4508123,Saluda - VTD 23,SALUDA - VTD 23,31615735.166135,Saluda,081,Holstons,Saluda - Holstons,SALUDA - HOLSTONS,31615733.874637,1.000000,1
081,Saluda,VTD 17,4508117,Saluda - VTD 17,SALUDA - VTD 17,43837560.934691,Saluda,081,Delmar,Saluda - Delmar,SALUDA - DELMAR,42078229.454340,0.959867,1
081,Saluda,VTD 17,4508117,Saluda - VTD 17,SALUDA - VTD 17,43837560.934691,Saluda,081,Holstons,Saluda - Holstons,SALUDA - HOLSTONS,1745054.963841,0.039807,2
081,Saluda,VTD 17,4508117,Saluda - VTD 17,SALUDA - VTD 17,43837560.934691,Saluda,081,Sardis,Saluda - Sardis,SALUDA - SARDIS,14273.789586,0.000326,3
081,Saluda,VTD 14,4508114,Saluda - VTD 14,SALUDA - VTD 14,25279185.475801,Saluda,081,Holly,Saluda - Holly,SALUDA - HOLLY,25279184.236499,1.000000,1
081,Saluda,VTD 13,4508113,Saluda - VTD 13,SALUDA - VTD 13,44957961.915516,Saluda,081,Pleasant Grove,Saluda - Pleasant Grove,SALUDA - PLEASANT GROVE,44638416.285094,0.992892,1
081,Saluda,VTD 13,4508113,Saluda - VTD 13,SALUDA - VTD 13,44957961.915516,Saluda,081,Hollywood,Saluda - Hollywood,SALUDA - HOLLYWOOD,219189.654413,0.004875,2
081,Saluda,VTD 13,4508113,Saluda - VTD 13,SALUDA - VTD 13,44957961.915516,Saluda,081,Sardis,Saluda - Sardis,SALUDA - SARDIS,85271.670395,0.001897,3
081,Saluda,VTD 13,4508113,Saluda - VTD 13,SALUDA - VTD 13,44957961.915516,Saluda,081,Delmar,Saluda - Delmar,SALUDA - DELMAR,15084.244176,0.000336,4
081,Saluda,VTD 16,4508116,Saluda - VTD 16,SALUDA - VTD 16,30657034.784150,Saluda,081,Sardis,Saluda - Sardis,SALUDA - SARDIS,30619303.076164,0.998769,1
081,Saluda,VTD 16,4508116,Saluda - VTD 16,SALUDA - VTD 16,30657034.784150,Saluda,081,Delmar,Saluda - Delmar,SALUDA - DELMAR,37730.401212,0.001231,2
081,Saluda,VTD 15,4508115,Saluda - VTD 15,SALUDA - VTD 15,31966119.779396,Saluda,081,Sardis,Saluda - Sardis,SALUDA - SARDIS,31966117.627419,1.000000,1
081,Saluda,VTD 18,4508118,Saluda - VTD 18,SALUDA - VTD 18,45222385.265390,Saluda,081,Fruit Hill,Saluda - Fruit Hill,SALUDA - FRUIT HILL,45222382.710686,1.000000,1
081,Saluda,VTD 24,4508124,Saluda - VTD 24,SALUDA - VTD 24,35266369.145161,Saluda,081,Pleasant Cross,Saluda - Pleasant Cross,SALUDA - PLEASANT CROSS,32290406.539648,0.915615,1
081,Saluda,VTD 24,4508124,Saluda - VTD 24,SALUDA - VTD 24,35266369.145161,Saluda,081,Ward,Saluda - Ward,SALUDA - WARD,2975962.446410,0.084385,2
081,Saluda,VTD 27,4508127,Saluda - VTD 27,SALUDA - VTD 27,28990685.595425,Saluda,081,Ward,Saluda - Ward,SALUDA - WARD,28990685.595425,1.000000,1
081,Saluda,VTD 29,4508129,Saluda - VTD 29,SALUDA - VTD 29,31534151.442296,Saluda,081,Ridge Spring/Monetta,Saluda - Ridge Spring/Monetta,SALUDA - RIDGE SPRINGMONETTA,31480569.500448,0.998301,1
081,Saluda,VTD 29,4508129,Saluda - VTD 29,SALUDA - VTD 29,31534151.442296,Saluda,081,Ward,Saluda - Ward,SALUDA - WARD,53575.132635,0.001699,2
081,Saluda,VTD 30,4508130,Saluda - VTD 30,SALUDA - VTD 30,42941191.192005,Saluda,081,Ridge Spring/Monetta,Saluda - Ridge Spring/Monetta,SALUDA - RIDGE SPRINGMONETTA,36988017.413565,0.861364,1
081,Saluda,VTD 30,4508130,Saluda - VTD 30,SALUDA - VTD 30,42941191.192005,Saluda,081,Holstons,Saluda - Holstons,SALUDA - HOLSTONS,5952187.144615,0.138613,2
081,Saluda,VTD 25,4508125,Saluda - VTD 25,SALUDA - VTD 25,34256230.762342,Saluda,081,Richland,Saluda - Richland,SALUDA - RICHLAND,34256230.131519,1.000000,1
081,Saluda,VTD 5,450815,Saluda - VTD 5,SALUDA - VTD 5,59679201.272123,Saluda,081,Higgins/Zoar,Saluda - Higgins/Zoar,SALUDA - HIGGINSZOAR,57278307.527396,0.959770,1
081,Saluda,VTD 5,450815,Saluda - VTD 5,SALUDA - VTD 5,59679201.272123,Saluda,081,Centennial,Saluda - Centennial,SALUDA - CENTENNIAL,2400893.376227,0.040230,2
081,Saluda,VTD 28,4508128,Saluda - VTD 28,SALUDA - VTD 28,32046115.691538,Saluda,081,Ward,Saluda - Ward,SALUDA - WARD,32046115.414509,1.000000,1
081,Saluda,VTD 26,4508126,Saluda - VTD 26,SALUDA - VTD 26,40137575.052237,Saluda,081,Holstons,Saluda - Holstons,SALUDA - HOLSTONS,38011690.113175,0.947035,1
081,Saluda,VTD 26,4508126,Saluda - VTD 26,SALUDA - VTD 26,40137575.052237,Saluda,081,Ridge Spring/Monetta,Saluda - Ridge Spring/Monetta,SALUDA - RIDGE SPRINGMONETTA,2101200.318913,0.052350,2
083,Spartanburg,VTD 87,4508387,Spartanburg - VTD 87,SPARTANBURG - VTD 87,74976783.497308,Spartanburg,083,Mt. Calvary Presbyterian,Spartanburg - Mt. Calvary Presbyterian,SPARTANBURG - MT. CALVARY PRESBYTERIAN,74976321.476615,0.999994,1
083,Spartanburg,VTD 89,4508389,Spartanburg - VTD 89,SPARTANBURG - VTD 89,76354979.893745,Spartanburg,083,Enoree First Baptist,Spartanburg - Enoree First Baptist,SPARTANBURG - ENOREE FIRST BAPTIST,76354975.387687,1.000000,1
083,Spartanburg,VTD 59,4508359,Spartanburg - VTD 59,SPARTANBURG - VTD 59,67943971.988366,Spartanburg,083,Cross Anchor Fire Station,Spartanburg - Cross Anchor Fire Station,SPARTANBURG - CROSS ANCHOR FIRE STATION,67943963.146815,1.000000,1
083,Spartanburg,VTD 5,450835,Spartanburg - VTD 5,SPARTANBURG - VTD 5,62389204.434090,Spartanburg,083,Landrum High School,Spartanburg - Landrum High School,SPARTANBURG - LANDRUM HIGH SCHOOL,62379712.944977,0.999848,1
083,Spartanburg,VTD 5,450835,Spartanburg - VTD 5,SPARTANBURG - VTD 5,62389204.434090,Spartanburg,083,Gramling Methodist,Spartanburg - Gramling Methodist,SPARTANBURG - GRAMLING METHODIST,9491.489114,0.000152,2
083,Spartanburg,VTD 2,450832,Spartanburg - VTD 2,SPARTANBURG - VTD 2,70073564.022247,Spartanburg,083,Swofford Career Center,Spartanburg - Swofford Career Center,SPARTANBURG - SWOFFORD CAREER CENTER,70073564.022247,1.000000,1
083,Spartanburg,VTD 3,450833,Spartanburg - VTD 3,SPARTANBURG - VTD 3,91887202.568588,Spartanburg,083,Colley Springs Baptist,Spartanburg - Colley Springs Baptist,SPARTANBURG - COLLEY SPRINGS BAPTIST,79062044.512604,0.860425,1
083,Spartanburg,VTD 3,450833,Spartanburg - VTD 3,SPARTANBURG - VTD 3,91887202.568588,Spartanburg,083,Carlisle Fosters Home,Spartanburg - Carlisle Fosters Home,SPARTANBURG - CARLISLE FOSTERS HOME,6435839.250574,0.070041,2
083,Spartanburg,VTD 3,450833,Spartanburg - VTD 3,SPARTANBURG - VTD 3,91887202.568588,Spartanburg,083,Chesnee Senior Center,Spartanburg - Chesnee Senior Center,SPARTANBURG - CHESNEE SENIOR CENTER,5582283.607353,0.060751,3
083,Spartanburg,VTD 3,450833,Spartanburg - VTD 3,SPARTANBURG - VTD 3,91887202.568588,Spartanburg,083,Swofford Career Center,Spartanburg - Swofford Career Center,SPARTANBURG - SWOFFORD CAREER CENTER,807034.071132,0.008783,4
083,Spartanburg,VTD 4,450834,Spartanburg - VTD 4,SPARTANBURG - VTD 4,12766030.469127,Spartanburg,083,Arrowood Baptist,Spartanburg - Arrowood Baptist,SPARTANBURG - ARROWOOD BAPTIST,12636372.742016,0.989844,1
083,Spartanburg,VTD 4,450834,Spartanburg - VTD 4,SPARTANBURG - VTD 4,12766030.469127,Spartanburg,083,Colley Springs Baptist,Spartanburg - Colley Springs Baptist,SPARTANBURG - COLLEY SPRINGS BAPTIST,129648.877333,0.010156,2
083,Spartanburg,VTD 6,450836,Spartanburg - VTD 6,SPARTANBURG - VTD 6,25823707.234143,Spartanburg,083,Chesnee Senior Center,Spartanburg - Chesnee Senior Center,SPARTANBURG - CHESNEE SENIOR CENTER,25823707.234143,1.000000,1
083,Spartanburg,VTD 7,450837,Spartanburg - VTD 7,SPARTANBURG - VTD 7,19710316.399989,Spartanburg,083,Motlow Creek Baptist,Spartanburg - Motlow Creek Baptist,SPARTANBURG - MOTLOW CREEK BAPTIST,19710316.399989,1.000000,1
083,Spartanburg,VTD 1,450831,Spartanburg - VTD 1,SPARTANBURG - VTD 1,52253626.572450,Spartanburg,083,Landrum United Methodist,Spartanburg - Landrum United Methodist,SPARTANBURG - LANDRUM UNITED METHODIST,52253617.881730,1.000000,1
083,Spartanburg,VTD 14,4508314,Spartanburg - VTD 14,SPARTANBURG - VTD 14,41827226.211214,Spartanburg,083,Holly Springs Baptist,Spartanburg - Holly Springs Baptist,SPARTANBURG - HOLLY SPRINGS BAPTIST,40263492.396292,0.962614,1
083,Spartanburg,VTD 14,4508314,Spartanburg - VTD 14,SPARTANBURG - VTD 14,41827226.211214,Spartanburg,083,Friendship Baptist,Spartanburg - Friendship Baptist,SPARTANBURG - FRIENDSHIP BAPTIST,1329833.751296,0.031793,2
083,Spartanburg,VTD 14,4508314,Spartanburg - VTD 14,SPARTANBURG - VTD 14,41827226.211214,Spartanburg,083,Motlow Creek Baptist,Spartanburg - Motlow Creek Baptist,SPARTANBURG - MOTLOW CREEK BAPTIST,233900.063627,0.005592,3
083,Spartanburg,VTD 8,450838,Spartanburg - VTD 8,SPARTANBURG - VTD 8,25017042.706362,Spartanburg,083,Gramling Methodist,Spartanburg - Gramling Methodist,SPARTANBURG - GRAMLING METHODIST,24238897.443840,0.968895,1
083,Spartanburg,VTD 8,450838,Spartanburg - VTD 8,SPARTANBURG - VTD 8,25017042.706362,Spartanburg,083,Motlow Creek Baptist,Spartanburg - Motlow Creek Baptist,SPARTANBURG - MOTLOW CREEK BAPTIST,724991.179720,0.028980,2
083,Spartanburg,VTD 8,450838,Spartanburg - VTD 8,SPARTANBURG - VTD 8,25017042.706362,Spartanburg,083,Landrum High School,Spartanburg - Landrum High School,SPARTANBURG - LANDRUM HIGH SCHOOL,53154.082803,0.002125,3
083,Spartanburg,VTD 15,4508315,Spartanburg - VTD 15,SPARTANBURG - VTD 15,36487255.398279,Spartanburg,083,North Spartanburg Fire Station,Spartanburg - North Spartanburg Fire Station,SPARTANBURG - NORTH SPARTANBURG FIRE STATION,31567249.426771,0.865158,1
083,Spartanburg,VTD 15,4508315,Spartanburg - VTD 15,SPARTANBURG - VTD 15,36487255.398279,Spartanburg,083,Inman Mills Baptist,Spartanburg - Inman Mills Baptist,SPARTANBURG - INMAN MILLS BAPTIST,3566296.447553,0.097741,2
083,Spartanburg,VTD 15,4508315,Spartanburg - VTD 15,SPARTANBURG - VTD 15,36487255.398279,Spartanburg,083,Friendship Baptist,Spartanburg - Friendship Baptist,SPARTANBURG - FRIENDSHIP BAPTIST,815812.825382,0.022359,3
083,Spartanburg,VTD 15,4508315,Spartanburg - VTD 15,SPARTANBURG - VTD 15,36487255.398279,Spartanburg,083,Holly Springs Baptist,Spartanburg - Holly Springs Baptist,SPARTANBURG - HOLLY SPRINGS BAPTIST,537896.698573,0.014742,4
083,Spartanburg,VTD 9,450839,Spartanburg - VTD 9,SPARTANBURG - VTD 9,29352939.147997,Spartanburg,083,Chapman High School,Spartanburg - Chapman High School,SPARTANBURG - CHAPMAN HIGH SCHOOL,21509632.743598,0.732793,1
083,Spartanburg,VTD 9,450839,Spartanburg - VTD 9,SPARTANBURG - VTD 9,29352939.147997,Spartanburg,083,Inman Mills Baptist,Spartanburg - Inman Mills Baptist,SPARTANBURG - INMAN MILLS BAPTIST,6448664.316550,0.219694,2
083,Spartanburg,VTD 9,450839,Spartanburg - VTD 9,SPARTANBURG - VTD 9,29352939.147997,Spartanburg,083,Boiling Springs Intermediate,Spartanburg - Boiling Springs Intermediate,SPARTANBURG - BOILING SPRINGS INTERMEDIATE,1394642.087849,0.047513,3
083,Spartanburg,VTD 10,4508310,Spartanburg - VTD 10,SPARTANBURG - VTD 10,37744560.748717,Spartanburg,083,Lake Bowen Baptist,Spartanburg - Lake Bowen Baptist,SPARTANBURG - LAKE BOWEN BAPTIST,37744560.748717,1.000000,1
083,Spartanburg,VTD 11,4508311,Spartanburg - VTD 11,SPARTANBURG - VTD 11,52461668.680942,Spartanburg,083,Oakland Elementary,Spartanburg - Oakland Elementary,SPARTANBURG - OAKLAND ELEMENTARY,13821651.261936,0.263462,1
083,Spartanburg,VTD 11,4508311,Spartanburg - VTD 11,SPARTANBURG - VTD 11,52461668.680942,Spartanburg,083,Boining Springs Intermediate,Spartanburg - Boining Springs Intermediate,SPARTANBURG - BOINING SPRINGS INTERMEDIATE,9547671.505453,0.181993,2
083,Spartanburg,VTD 11,4508311,Spartanburg - VTD 11,SPARTANBURG - VTD 11,52461668.680942,Spartanburg,083,Boiling Springs Jr. High,Spartanburg - Boiling Springs Jr. High,SPARTANBURG - BOILING SPRINGS JR. HIGH,7851044.045756,0.149653,3
083,Spartanburg,VTD 11,4508311,Spartanburg - VTD 11,SPARTANBURG - VTD 11,52461668.680942,Spartanburg,083,Boiling Springs High School,Spartanburg - Boiling Springs High School,SPARTANBURG - BOILING SPRINGS HIGH SCHOOL,6823815.662024,0.130072,4
083,Spartanburg,VTD 11,4508311,Spartanburg - VTD 11,SPARTANBURG - VTD 11,52461668.680942,Spartanburg,083,Boiling Springs 9th Grade,Spartanburg - Boiling Springs 9th Grade,SPARTANBURG - BOILING SPRINGS 9TH GRADE,6201937.522958,0.118218,5
083,Spartanburg,VTD 11,4508311,Spartanburg - VTD 11,SPARTANBURG - VTD 11,52461668.680942,Spartanburg,083,Mountain View Baptist,Spartanburg - Mountain View Baptist,SPARTANBURG - MOUNTAIN VIEW BAPTIST,4303448.214699,0.082030,6
083,Spartanburg,VTD 11,4508311,Spartanburg - VTD 11,SPARTANBURG - VTD 11,52461668.680942,Spartanburg,083,Chapman Elementary,Spartanburg - Chapman Elementary,SPARTANBURG - CHAPMAN ELEMENTARY,3117009.812242,0.059415,7
083,Spartanburg,VTD 11,4508311,Spartanburg - VTD 11,SPARTANBURG - VTD 11,52461668.680942,Spartanburg,083,Whitlock Jr. High,Spartanburg - Whitlock Jr. High,SPARTANBURG - WHITLOCK JR. HIGH,766200.430518,0.014605,8
083,Spartanburg,VTD 12,4508312,Spartanburg - VTD 12,SPARTANBURG - VTD 12,54145249.018941,Spartanburg,083,Cherokee Springs Fire Station,Spartanburg - Cherokee Springs Fire Station,SPARTANBURG - CHEROKEE SPRINGS FIRE STATION,23950705.188447,0.442342,1
083,Spartanburg,VTD 12,4508312,Spartanburg - VTD 12,SPARTANBURG - VTD 12,54145249.018941,Spartanburg,083,Carlisle Fosters Home,Spartanburg - Carlisle Fosters Home,SPARTANBURG - CARLISLE FOSTERS HOME,19664921.551708,0.363188,2
083,Spartanburg,VTD 12,4508312,Spartanburg - VTD 12,SPARTANBURG - VTD 12,54145249.018941,Spartanburg,083,Mountain View Baptist,Spartanburg - Mountain View Baptist,SPARTANBURG - MOUNTAIN VIEW BAPTIST,10529616.507347,0.194470,3
083,Spartanburg,VTD 18,4508318,Spartanburg - VTD 18,SPARTANBURG - VTD 18,37955714.406325,Spartanburg,083,Cowpens Fire Station,Spartanburg - Cowpens Fire Station,SPARTANBURG - COWPENS FIRE STATION,22600544.433339,0.595445,1
083,Spartanburg,VTD 18,4508318,Spartanburg - VTD 18,SPARTANBURG - VTD 18,37955714.406325,Spartanburg,083,Cowpens Depot Museum,Spartanburg - Cowpens Depot Museum,SPARTANBURG - COWPENS DEPOT MUSEUM,15355169.957799,0.404555,2
083,Spartanburg,VTD 13,4508313,Spartanburg - VTD 13,SPARTANBURG - VTD 13,36753871.522838,Spartanburg,083,Mayo Elementary,Spartanburg - Mayo Elementary,SPARTANBURG - MAYO ELEMENTARY,32104931.980950,0.873512,1
083,Spartanburg,VTD 13,4508313,Spartanburg - VTD 13,SPARTANBURG - VTD 13,36753871.522838,Spartanburg,083,Cherokee Springs Fire Station,Spartanburg - Cherokee Springs Fire Station,SPARTANBURG - CHEROKEE SPRINGS FIRE STATION,4648939.541888,0.126488,2
083,Spartanburg,VTD 26,4508326,Spartanburg - VTD 26,SPARTANBURG - VTD 26,12666575.682878,Spartanburg,083,Rebirth Missionary Baptist,Spartanburg - Rebirth Missionary Baptist,SPARTANBURG - REBIRTH MISSIONARY BAPTIST,12666010.473853,0.999955,1
083,Spartanburg,VTD 63,4508363,Spartanburg - VTD 63,SPARTANBURG - VTD 63,2260188.287814,Spartanburg,083,Cedar Grove Baptist,Spartanburg - Cedar Grove Baptist,SPARTANBURG - CEDAR GROVE BAPTIST,2260181.508478,0.999997,1
083,Spartanburg,VTD 64,4508364,Spartanburg - VTD 64,SPARTANBURG - VTD 64,31388703.566504,Spartanburg,083,Grace Baptist,Spartanburg - Grace Baptist,SPARTANBURG - GRACE BAPTIST,18663655.926279,0.594598,1
083,Spartanburg,VTD 64,4508364,Spartanburg - VTD 64,SPARTANBURG - VTD 64,31388703.566504,Spartanburg,083,Beech Springs Intermediate,Spartanburg - Beech Springs Intermediate,SPARTANBURG - BEECH SPRINGS INTERMEDIATE,11261788.173764,0.358785,2
083,Spartanburg,VTD 64,4508364,Spartanburg - VTD 64,SPARTANBURG - VTD 64,31388703.566504,Spartanburg,083,Startex Fire Station,Spartanburg - Startex Fire Station,SPARTANBURG - STARTEX FIRE STATION,1329455.830289,0.042355,3
083,Spartanburg,VTD 64,4508364,Spartanburg - VTD 64,SPARTANBURG - VTD 64,31388703.566504,Spartanburg,083,Lyman Town Hall,Spartanburg - Lyman Town Hall,SPARTANBURG - LYMAN TOWN HALL,133527.944038,0.004254,4
083,Spartanburg,VTD 16,4508316,Spartanburg - VTD 16,SPARTANBURG - VTD 16,52553057.934558,Spartanburg,083,Boiling Springs Intermediate,Spartanburg - Boiling Springs Intermediate,SPARTANBURG - BOILING SPRINGS INTERMEDIATE,21859370.559098,0.415949,1
083,Spartanburg,VTD 16,4508316,Spartanburg - VTD 16,SPARTANBURG - VTD 16,52553057.934558,Spartanburg,083,Hendrix Elementary,Spartanburg - Hendrix Elementary,SPARTANBURG - HENDRIX ELEMENTARY,17136136.427302,0.326073,2
083,Spartanburg,VTD 16,4508316,Spartanburg - VTD 16,SPARTANBURG - VTD 16,52553057.934558,Spartanburg,083,Hayne Baptist,Spartanburg - Hayne Baptist,SPARTANBURG - HAYNE BAPTIST,5650642.516946,0.107523,3
083,Spartanburg,VTD 16,4508316,Spartanburg - VTD 16,SPARTANBURG - VTD 16,52553057.934558,Spartanburg,083,Boining Springs Intermediate,Spartanburg - Boining Springs Intermediate,SPARTANBURG - BOINING SPRINGS INTERMEDIATE,4284130.156238,0.081520,4
083,Spartanburg,VTD 16,4508316,Spartanburg - VTD 16,SPARTANBURG - VTD 16,52553057.934558,Spartanburg,083,Chapman High School,Spartanburg - Chapman High School,SPARTANBURG - CHAPMAN HIGH SCHOOL,3354226.134798,0.063826,5
083,Spartanburg,VTD 16,4508316,Spartanburg - VTD 16,SPARTANBURG - VTD 16,52553057.934558,Spartanburg,083,Chapman Elementary,Spartanburg - Chapman Elementary,SPARTANBURG - CHAPMAN ELEMENTARY,268548.704116,0.005110,6
083,Spartanburg,VTD 29,4508329,Spartanburg - VTD 29,SPARTANBURG - VTD 29,20856998.334828,Spartanburg,083,Fairforest Middle School,Spartanburg - Fairforest Middle School,SPARTANBURG - FAIRFOREST MIDDLE SCHOOL,20856998.334827,1.000000,1
083,Spartanburg,VTD 21,4508321,Spartanburg - VTD 21,SPARTANBURG - VTD 21,8207437.043344,Spartanburg,083,Hayne Baptist,Spartanburg - Hayne Baptist,SPARTANBURG - HAYNE BAPTIST,8033205.445081,0.978771,1
083,Spartanburg,VTD 21,4508321,Spartanburg - VTD 21,SPARTANBURG - VTD 21,8207437.043344,Spartanburg,083,Hendrix Elementary,Spartanburg - Hendrix Elementary,SPARTANBURG - HENDRIX ELEMENTARY,174231.598264,0.021229,2
083,Spartanburg,VTD 30,4508330,Spartanburg - VTD 30,SPARTANBURG - VTD 30,3273547.919538,Spartanburg,083,Arcadia Elementary,Spartanburg - Arcadia Elementary,SPARTANBURG - ARCADIA ELEMENTARY,3273547.919538,1.000000,1
083,Spartanburg,VTD 36,4508336,Spartanburg - VTD 36,SPARTANBURG - VTD 36,2342394.435749,Spartanburg,083,Arcadia Elementary,Spartanburg - Arcadia Elementary,SPARTANBURG - ARCADIA ELEMENTARY,1941409.322016,0.828814,1
083,Spartanburg,VTD 36,4508336,Spartanburg - VTD 36,SPARTANBURG - VTD 36,2342394.435749,Spartanburg,083,Jesse Boyd Elementary,Spartanburg - Jesse Boyd Elementary,SPARTANBURG - JESSE BOYD ELEMENTARY,400985.113733,0.171186,2
083,Spartanburg,VTD 37,4508337,Spartanburg - VTD 37,SPARTANBURG - VTD 37,3933949.140039,Spartanburg,083,Powell Saxon Una Fire Station,Spartanburg - Powell Saxon Una Fire Station,SPARTANBURG - POWELL SAXON UNA FIRE STATION,3933949.140039,1.000000,1
083,Spartanburg,VTD 44,4508344,Spartanburg - VTD 44,SPARTANBURG - VTD 44,1092878.825019,Spartanburg,083,Jesse Boyd Elementary,Spartanburg - Jesse Boyd Elementary,SPARTANBURG - JESSE BOYD ELEMENTARY,1070592.035950,0.979607,1
083,Spartanburg,VTD 44,4508344,Spartanburg - VTD 44,SPARTANBURG - VTD 44,1092878.825019,Spartanburg,083,Powell Saxon Una Fire Station,Spartanburg - Powell Saxon Una Fire Station,SPARTANBURG - POWELL SAXON UNA FIRE STATION,22286.789068,0.020393,2
083,Spartanburg,VTD 43,4508343,Spartanburg - VTD 43,SPARTANBURG - VTD 43,4683013.544213,Spartanburg,083,Jesse Boyd Elementary,Spartanburg - Jesse Boyd Elementary,SPARTANBURG - JESSE BOYD ELEMENTARY,2433573.282649,0.519660,1
083,Spartanburg,VTD 43,4508343,Spartanburg - VTD 43,SPARTANBURG - VTD 43,4683013.544213,Spartanburg,083,West Side Baptist,Spartanburg - West Side Baptist,SPARTANBURG - WEST SIDE BAPTIST,1990365.640487,0.425018,2
083,Spartanburg,VTD 43,4508343,Spartanburg - VTD 43,SPARTANBURG - VTD 43,4683013.544213,Spartanburg,083,Woodland Heights Recreation Center,Spartanburg - Woodland Heights Recreation Center,SPARTANBURG - WOODLAND HEIGHTS RECREATION CENTER,224270.843640,0.047890,3
083,Spartanburg,VTD 43,4508343,Spartanburg - VTD 43,SPARTANBURG - VTD 43,4683013.544213,Spartanburg,083,Powell Saxon Una Fire Station,Spartanburg - Powell Saxon Una Fire Station,SPARTANBURG - POWELL SAXON UNA FIRE STATION,34803.777437,0.007432,4
083,Spartanburg,VTD 31,4508331,Spartanburg - VTD 31,SPARTANBURG - VTD 31,2657086.871052,Spartanburg,083,Una Fire Station,Spartanburg - Una Fire Station,SPARTANBURG - UNA FIRE STATION,2657084.212566,0.999999,1
083,Spartanburg,VTD 32,4508332,Spartanburg - VTD 32,SPARTANBURG - VTD 32,4457256.473053,Spartanburg,083,Bethany Baptist,Spartanburg - Bethany Baptist,SPARTANBURG - BETHANY BAPTIST,4457256.473053,1.000000,1
083,Spartanburg,VTD 38,4508338,Spartanburg - VTD 38,SPARTANBURG - VTD 38,2290827.442900,Spartanburg,083,Bethany Baptist,Spartanburg - Bethany Baptist,SPARTANBURG - BETHANY BAPTIST,2282112.003389,0.996196,1
083,Spartanburg,VTD 38,4508338,Spartanburg - VTD 38,SPARTANBURG - VTD 38,2290827.442900,Spartanburg,083,Cleveland Elementary,Spartanburg - Cleveland Elementary,SPARTANBURG - CLEVELAND ELEMENTARY,8715.439511,0.003804,2
083,Spartanburg,VTD 39,4508339,Spartanburg - VTD 39,SPARTANBURG - VTD 39,3122133.716854,Spartanburg,083,Cleveland Elementary,Spartanburg - Cleveland Elementary,SPARTANBURG - CLEVELAND ELEMENTARY,3117834.031667,0.998623,1
083,Spartanburg,VTD 39,4508339,Spartanburg - VTD 39,SPARTANBURG - VTD 39,3122133.716854,Spartanburg,083,Bethany Baptist,Spartanburg - Bethany Baptist,SPARTANBURG - BETHANY BAPTIST,3807.621992,0.001220,2
083,Spartanburg,VTD 39,4508339,Spartanburg - VTD 39,SPARTANBURG - VTD 39,3122133.716854,Spartanburg,083,Powell Saxon Una Fire Station,Spartanburg - Powell Saxon Una Fire Station,SPARTANBURG - POWELL SAXON UNA FIRE STATION,492.063194,0.000158,3
083,Spartanburg,VTD 45,4508345,Spartanburg - VTD 45,SPARTANBURG - VTD 45,1846836.802110,Spartanburg,083,Ebenezer Baptist,Spartanburg - Ebenezer Baptist,SPARTANBURG - EBENEZER BAPTIST,1846836.802110,1.000000,1
083,Spartanburg,VTD 40,4508340,Spartanburg - VTD 40,SPARTANBURG - VTD 40,2680960.344053,Spartanburg,083,Cleveland Elementary,Spartanburg - Cleveland Elementary,SPARTANBURG - CLEVELAND ELEMENTARY,1856716.256724,0.692556,1
083,Spartanburg,VTD 40,4508340,Spartanburg - VTD 40,SPARTANBURG - VTD 40,2680960.344053,Spartanburg,083,Mt. Moriah Baptist,Spartanburg - Mt. Moriah Baptist,SPARTANBURG - MT. MORIAH BAPTIST,726032.381342,0.270811,2
083,Spartanburg,VTD 40,4508340,Spartanburg - VTD 40,SPARTANBURG - VTD 40,2680960.344053,Spartanburg,083,Southside Baptist,Spartanburg - Southside Baptist,SPARTANBURG - SOUTHSIDE BAPTIST,98211.705988,0.036633,3
083,Spartanburg,VTD 33,4508333,Spartanburg - VTD 33,SPARTANBURG - VTD 33,4814733.660797,Spartanburg,083,Cudd Memorial,Spartanburg - Cudd Memorial,SPARTANBURG - CUDD MEMORIAL,4611794.989568,0.957850,1
083,Spartanburg,VTD 33,4508333,Spartanburg - VTD 33,SPARTANBURG - VTD 33,4814733.660797,Spartanburg,083,Cleveland Elementary,Spartanburg - Cleveland Elementary,SPARTANBURG - CLEVELAND ELEMENTARY,124984.926101,0.025959,2
083,Spartanburg,VTD 33,4508333,Spartanburg - VTD 33,SPARTANBURG - VTD 33,4814733.660797,Spartanburg,083,Beaumont Methodist,Spartanburg - Beaumont Methodist,SPARTANBURG - BEAUMONT METHODIST,77953.745127,0.016191,3
083,Spartanburg,VTD 17,4508317,Spartanburg - VTD 17,SPARTANBURG - VTD 17,21088778.804489,Spartanburg,083,Whitlock Jr. High,Spartanburg - Whitlock Jr. High,SPARTANBURG - WHITLOCK JR. HIGH,14235163.583710,0.675011,1
083,Spartanburg,VTD 17,4508317,Spartanburg - VTD 17,SPARTANBURG - VTD 17,21088778.804489,Spartanburg,083,Chapman Elementary,Spartanburg - Chapman Elementary,SPARTANBURG - CHAPMAN ELEMENTARY,4900172.770341,0.232359,2
083,Spartanburg,VTD 17,4508317,Spartanburg - VTD 17,SPARTANBURG - VTD 17,21088778.804489,Spartanburg,083,Drayton Fire Station,Spartanburg - Drayton Fire Station,SPARTANBURG - DRAYTON FIRE STATION,1944324.043607,0.092197,3
083,Spartanburg,VTD 17,4508317,Spartanburg - VTD 17,SPARTANBURG - VTD 17,21088778.804489,Spartanburg,083,Cannons Elementary,Spartanburg - Cannons Elementary,SPARTANBURG - CANNONS ELEMENTARY,8978.011222,0.000426,4
083,Spartanburg,VTD 19,4508319,Spartanburg - VTD 19,SPARTANBURG - VTD 19,40037457.896326,Spartanburg,083,Friendship Baptist,Spartanburg - Friendship Baptist,SPARTANBURG - FRIENDSHIP BAPTIST,39406174.711989,0.984233,1
083,Spartanburg,VTD 19,4508319,Spartanburg - VTD 19,SPARTANBURG - VTD 19,40037457.896326,Spartanburg,083,Wellford Fire Station,Spartanburg - Wellford Fire Station,SPARTANBURG - WELLFORD FIRE STATION,378785.017303,0.009461,2
083,Spartanburg,VTD 19,4508319,Spartanburg - VTD 19,SPARTANBURG - VTD 19,40037457.896326,Spartanburg,083,Holly Springs Baptist,Spartanburg - Holly Springs Baptist,SPARTANBURG - HOLLY SPRINGS BAPTIST,247001.689567,0.006169,3
083,Spartanburg,VTD 19,4508319,Spartanburg - VTD 19,SPARTANBURG - VTD 19,40037457.896326,Spartanburg,083,North Spartanburg Fire Station,Spartanburg - North Spartanburg Fire Station,SPARTANBURG - NORTH SPARTANBURG FIRE STATION,5496.477467,0.000137,4
083,Spartanburg,VTD 27,4508327,Spartanburg - VTD 27,SPARTANBURG - VTD 27,17854622.273443,Spartanburg,083,Lyman Town Hall,Spartanburg - Lyman Town Hall,SPARTANBURG - LYMAN TOWN HALL,16580754.836769,0.928653,1
083,Spartanburg,VTD 27,4508327,Spartanburg - VTD 27,SPARTANBURG - VTD 27,17854622.273443,Spartanburg,083,Startex Fire Station,Spartanburg - Startex Fire Station,SPARTANBURG - STARTEX FIRE STATION,1137852.380299,0.063729,2
083,Spartanburg,VTD 27,4508327,Spartanburg - VTD 27,SPARTANBURG - VTD 27,17854622.273443,Spartanburg,083,Wellford Fire Station,Spartanburg - Wellford Fire Station,SPARTANBURG - WELLFORD FIRE STATION,89180.698504,0.004995,3
083,Spartanburg,VTD 27,4508327,Spartanburg - VTD 27,SPARTANBURG - VTD 27,17854622.273443,Spartanburg,083,Friendship Baptist,Spartanburg - Friendship Baptist,SPARTANBURG - FRIENDSHIP BAPTIST,46834.357871,0.002623,4
083,Spartanburg,VTD 20,4508320,Spartanburg - VTD 20,SPARTANBURG - VTD 20,14442422.916296,Spartanburg,083,Wellford Fire Station,Spartanburg - Wellford Fire Station,SPARTANBURG - WELLFORD FIRE STATION,14442422.916296,1.000000,1
083,Spartanburg,VTD 28,4508328,Spartanburg - VTD 28,SPARTANBURG - VTD 28,9462352.984543,Spartanburg,083,Wellford Fire Station,Spartanburg - Wellford Fire Station,SPARTANBURG - WELLFORD FIRE STATION,9462349.060068,1.000000,1
083,Spartanburg,VTD 22,4508322,Spartanburg - VTD 22,SPARTANBURG - VTD 22,17802533.704991,Spartanburg,083,Cannons Elementary,Spartanburg - Cannons Elementary,SPARTANBURG - CANNONS ELEMENTARY,17802533.704991,1.000000,1
083,Spartanburg,VTD 23,4508323,Spartanburg - VTD 23,SPARTANBURG - VTD 23,9024219.329482,Spartanburg,083,Converse Fire Station,Spartanburg - Converse Fire Station,SPARTANBURG - CONVERSE FIRE STATION,9024219.329482,1.000000,1
083,Spartanburg,VTD 35,4508335,Spartanburg - VTD 35,SPARTANBURG - VTD 35,3980324.541019,Spartanburg,083,Drayton Fire Station,Spartanburg - Drayton Fire Station,SPARTANBURG - DRAYTON FIRE STATION,3980324.541019,1.000000,1
083,Spartanburg,VTD 41,4508341,Spartanburg - VTD 41,SPARTANBURG - VTD 41,2185697.479999,Spartanburg,083,Beaumont Methodist,Spartanburg - Beaumont Methodist,SPARTANBURG - BEAUMONT METHODIST,2168451.853451,0.992110,1
083,Spartanburg,VTD 41,4508341,Spartanburg - VTD 41,SPARTANBURG - VTD 41,2185697.479999,Spartanburg,083,Cudd Memorial,Spartanburg - Cudd Memorial,SPARTANBURG - CUDD MEMORIAL,11849.668924,0.005421,2
083,Spartanburg,VTD 41,4508341,Spartanburg - VTD 41,SPARTANBURG - VTD 41,2185697.479999,Spartanburg,083,Cleveland Elementary,Spartanburg - Cleveland Elementary,SPARTANBURG - CLEVELAND ELEMENTARY,5395.957625,0.002469,3
083,Spartanburg,VTD 49,4508349,Spartanburg - VTD 49,SPARTANBURG - VTD 49,1806905.307898,Spartanburg,083,Southside Baptist,Spartanburg - Southside Baptist,SPARTANBURG - SOUTHSIDE BAPTIST,1806905.307898,1.000000,1
083,Spartanburg,VTD 50,4508350,Spartanburg - VTD 50,SPARTANBURG - VTD 50,1176568.168624,Spartanburg,083,Mt. Moriah Baptist,Spartanburg - Mt. Moriah Baptist,SPARTANBURG - MT. MORIAH BAPTIST,1176568.168624,1.000000,1
083,Spartanburg,VTD 51,4508351,Spartanburg - VTD 51,SPARTANBURG - VTD 51,1237472.596003,Spartanburg,083,Mt. Moriah Baptist,Spartanburg - Mt. Moriah Baptist,SPARTANBURG - MT. MORIAH BAPTIST,1237459.820702,0.999990,1
083,Spartanburg,VTD 52,4508352,Spartanburg - VTD 52,SPARTANBURG - VTD 52,4280161.874132,Spartanburg,083,Pine Street Elementary,Spartanburg - Pine Street Elementary,SPARTANBURG - PINE STREET ELEMENTARY,4102145.506976,0.958409,1
083,Spartanburg,VTD 52,4508352,Spartanburg - VTD 52,SPARTANBURG - VTD 52,4280161.874132,Spartanburg,083,Ben Avon Methodist,Spartanburg - Ben Avon Methodist,SPARTANBURG - BEN AVON METHODIST,140054.867447,0.032722,2
083,Spartanburg,VTD 52,4508352,Spartanburg - VTD 52,SPARTANBURG - VTD 52,4280161.874132,Spartanburg,083,Mt. Moriah Baptist,Spartanburg - Mt. Moriah Baptist,SPARTANBURG - MT. MORIAH BAPTIST,24422.573426,0.005706,3
083,Spartanburg,VTD 52,4508352,Spartanburg - VTD 52,SPARTANBURG - VTD 52,4280161.874132,Spartanburg,083,White Stone Methodist,Spartanburg - White Stone Methodist,SPARTANBURG - WHITE STONE METHODIST,13538.926282,0.003163,4
083,Spartanburg,VTD 46,4508346,Spartanburg - VTD 46,SPARTANBURG - VTD 46,2531010.844526,Spartanburg,083,Trinity Methodist,Spartanburg - Trinity Methodist,SPARTANBURG - TRINITY METHODIST,2476018.406162,0.978273,1
083,Spartanburg,VTD 46,4508346,Spartanburg - VTD 46,SPARTANBURG - VTD 46,2531010.844526,Spartanburg,083,Beaumont Methodist,Spartanburg - Beaumont Methodist,SPARTANBURG - BEAUMONT METHODIST,54992.438364,0.021727,2
083,Spartanburg,VTD 42,4508342,Spartanburg - VTD 42,SPARTANBURG - VTD 42,8378165.010248,Spartanburg,083,Spartanburg High School,Spartanburg - Spartanburg High School,SPARTANBURG - SPARTANBURG HIGH SCHOOL,4765010.273995,0.568742,1
083,Spartanburg,VTD 42,4508342,Spartanburg - VTD 42,SPARTANBURG - VTD 42,8378165.010248,Spartanburg,083,Jesse Boyd Elementary,Spartanburg - Jesse Boyd Elementary,SPARTANBURG - JESSE BOYD ELEMENTARY,3374255.804611,0.402744,2
083,Spartanburg,VTD 42,4508342,Spartanburg - VTD 42,SPARTANBURG - VTD 42,8378165.010248,Spartanburg,083,Drayton Fire Station,Spartanburg - Drayton Fire Station,SPARTANBURG - DRAYTON FIRE STATION,116214.084851,0.013871,3
083,Spartanburg,VTD 42,4508342,Spartanburg - VTD 42,SPARTANBURG - VTD 42,8378165.010248,Spartanburg,083,Beaumont Methodist,Spartanburg - Beaumont Methodist,SPARTANBURG - BEAUMONT METHODIST,64415.263003,0.007688,4
083,Spartanburg,VTD 42,4508342,Spartanburg - VTD 42,SPARTANBURG - VTD 42,8378165.010248,Spartanburg,083,Eastside Baptist,Spartanburg - Eastside Baptist,SPARTANBURG - EASTSIDE BAPTIST,58269.583788,0.006955,5
083,Spartanburg,VTD 53,4508353,Spartanburg - VTD 53,SPARTANBURG - VTD 53,12129389.542621,Spartanburg,083,Ben Avon Methodist,Spartanburg - Ben Avon Methodist,SPARTANBURG - BEN AVON METHODIST,12129389.385539,1.000000,1
083,Spartanburg,VTD 60,4508360,Spartanburg - VTD 60,SPARTANBURG - VTD 60,31824916.217169,Spartanburg,083,Glendale Fire Station,Spartanburg - Glendale Fire Station,SPARTANBURG - GLENDALE FIRE STATION,31824912.444313,1.000000,1
083,Spartanburg,VTD 24,4508324,Spartanburg - VTD 24,SPARTANBURG - VTD 24,8141705.720716,Spartanburg,083,Eastside Baptist,Spartanburg - Eastside Baptist,SPARTANBURG - EASTSIDE BAPTIST,4540495.181677,0.557684,1
083,Spartanburg,VTD 24,4508324,Spartanburg - VTD 24,SPARTANBURG - VTD 24,8141705.720716,Spartanburg,083,Daniel Morgan Technology Center,Spartanburg - Daniel Morgan Technology Center,SPARTANBURG - DANIEL MORGAN TECHNOLOGY CENTER,2939080.368425,0.360991,2
083,Spartanburg,VTD 24,4508324,Spartanburg - VTD 24,SPARTANBURG - VTD 24,8141705.720716,Spartanburg,083,Drayton Fire Station,Spartanburg - Drayton Fire Station,SPARTANBURG - DRAYTON FIRE STATION,662130.170614,0.081326,3
083,Spartanburg,VTD 25,4508325,Spartanburg - VTD 25,SPARTANBURG - VTD 25,7193066.121431,Spartanburg,083,Clifdale Elementary,Spartanburg - Clifdale Elementary,SPARTANBURG - CLIFDALE ELEMENTARY,7193065.457790,1.000000,1
083,Spartanburg,VTD 61,4508361,Spartanburg - VTD 61,SPARTANBURG - VTD 61,22597282.602038,Spartanburg,083,Glendale Fire Station,Spartanburg - Glendale Fire Station,SPARTANBURG - GLENDALE FIRE STATION,12160388.869482,0.538135,1
083,Spartanburg,VTD 61,4508361,Spartanburg - VTD 61,SPARTANBURG - VTD 61,22597282.602038,Spartanburg,083,Pacolet Town Hall,Spartanburg - Pacolet Town Hall,SPARTANBURG - PACOLET TOWN HALL,9621205.024877,0.425768,2
083,Spartanburg,VTD 61,4508361,Spartanburg - VTD 61,SPARTANBURG - VTD 61,22597282.602038,Spartanburg,083,Cowpens Depot Museum,Spartanburg - Cowpens Depot Museum,SPARTANBURG - COWPENS DEPOT MUSEUM,777667.875290,0.034414,3
083,Spartanburg,VTD 61,4508361,Spartanburg - VTD 61,SPARTANBURG - VTD 61,22597282.602038,Spartanburg,083,T.W. Edwards Recreation Center,Spartanburg - T.W. Edwards Recreation Center,SPARTANBURG - T.W. EDWARDS RECREATION CENTER,38020.832389,0.001683,4
083,Spartanburg,VTD 62,4508362,Spartanburg - VTD 62,SPARTANBURG - VTD 62,3812466.095832,Spartanburg,083,Victor Mill Methodist,Spartanburg - Victor Mill Methodist,SPARTANBURG - VICTOR MILL METHODIST,3079830.322498,0.807832,1
083,Spartanburg,VTD 62,4508362,Spartanburg - VTD 62,SPARTANBURG - VTD 62,3812466.095832,Spartanburg,083,Cedar Grove Baptist,Spartanburg - Cedar Grove Baptist,SPARTANBURG - CEDAR GROVE BAPTIST,732635.773334,0.192168,2
083,Spartanburg,VTD 68,4508368,Spartanburg - VTD 68,SPARTANBURG - VTD 68,28202895.045343,Spartanburg,083,Victor Mill Methodist,Spartanburg - Victor Mill Methodist,SPARTANBURG - VICTOR MILL METHODIST,28202869.561177,0.999999,1
083,Spartanburg,VTD 71,4508371,Spartanburg - VTD 71,SPARTANBURG - VTD 71,18895104.159784,Spartanburg,083,Roebuck Elementary,Spartanburg - Roebuck Elementary,SPARTANBURG - ROEBUCK ELEMENTARY,13341154.897081,0.706064,1
083,Spartanburg,VTD 71,4508371,Spartanburg - VTD 71,SPARTANBURG - VTD 71,18895104.159784,Spartanburg,083,Roebuck Bethlehem,Spartanburg - Roebuck Bethlehem,SPARTANBURG - ROEBUCK BETHLEHEM,3250356.163455,0.172021,2
083,Spartanburg,VTD 71,4508371,Spartanburg - VTD 71,SPARTANBURG - VTD 71,18895104.159784,Spartanburg,083,West Side Baptist,Spartanburg - West Side Baptist,SPARTANBURG - WEST SIDE BAPTIST,1919716.320439,0.101599,3
083,Spartanburg,VTD 71,4508371,Spartanburg - VTD 71,SPARTANBURG - VTD 71,18895104.159784,Spartanburg,083,Woodland Heights Recreation Center,Spartanburg - Woodland Heights Recreation Center,SPARTANBURG - WOODLAND HEIGHTS RECREATION CENTER,383876.778809,0.020316,4
083,Spartanburg,VTD 78,4508378,Spartanburg - VTD 78,SPARTANBURG - VTD 78,24629945.317267,Spartanburg,083,Abner Creek Baptist,Spartanburg - Abner Creek Baptist,SPARTANBURG - ABNER CREEK BAPTIST,24629936.912968,1.000000,1
083,Spartanburg,VTD 69,4508369,Spartanburg - VTD 69,SPARTANBURG - VTD 69,76964150.259965,Spartanburg,083,Reidville Elementary,Spartanburg - Reidville Elementary,SPARTANBURG - REIDVILLE ELEMENTARY,48712424.117751,0.632924,1
083,Spartanburg,VTD 69,4508369,Spartanburg - VTD 69,SPARTANBURG - VTD 69,76964150.259965,Spartanburg,083,Reidville Fire Station,Spartanburg - Reidville Fire Station,SPARTANBURG - REIDVILLE FIRE STATION,28251705.855424,0.367076,2
083,Spartanburg,VTD 70,4508370,Spartanburg - VTD 70,SPARTANBURG - VTD 70,44186257.385415,Spartanburg,083,Bethany Wesleyan,Spartanburg - Bethany Wesleyan,SPARTANBURG - BETHANY WESLEYAN,26258689.776618,0.594273,1
083,Spartanburg,VTD 70,4508370,Spartanburg - VTD 70,SPARTANBURG - VTD 70,44186257.385415,Spartanburg,083,Poplar Springs Fire Station,Spartanburg - Poplar Springs Fire Station,SPARTANBURG - POPLAR SPRINGS FIRE STATION,16413659.799306,0.371465,2
083,Spartanburg,VTD 70,4508370,Spartanburg - VTD 70,SPARTANBURG - VTD 70,44186257.385415,Spartanburg,083,Anderson Mill Elementary,Spartanburg - Anderson Mill Elementary,SPARTANBURG - ANDERSON MILL ELEMENTARY,1513907.809492,0.034262,3
083,Spartanburg,VTD 65,4508365,Spartanburg - VTD 65,SPARTANBURG - VTD 65,4967436.334978,Spartanburg,083,Startex Fire Station,Spartanburg - Startex Fire Station,SPARTANBURG - STARTEX FIRE STATION,4967436.334978,1.000000,1
083,Spartanburg,VTD 66,4508366,Spartanburg - VTD 66,SPARTANBURG - VTD 66,26685493.375615,Spartanburg,083,Travelers Rest Baptist,Spartanburg - Travelers Rest Baptist,SPARTANBURG - TRAVELERS REST BAPTIST,26685493.375615,1.000000,1
083,Spartanburg,VTD 67,4508367,Spartanburg - VTD 67,SPARTANBURG - VTD 67,21816302.899772,Spartanburg,083,Anderson Mill Elementary,Spartanburg - Anderson Mill Elementary,SPARTANBURG - ANDERSON MILL ELEMENTARY,10748531.663513,0.492683,1
083,Spartanburg,VTD 67,4508367,Spartanburg - VTD 67,SPARTANBURG - VTD 67,21816302.899772,Spartanburg,083,West View Elementary,Spartanburg - West View Elementary,SPARTANBURG - WEST VIEW ELEMENTARY,10043003.677039,0.460344,2
083,Spartanburg,VTD 67,4508367,Spartanburg - VTD 67,SPARTANBURG - VTD 67,21816302.899772,Spartanburg,083,West Side Baptist,Spartanburg - West Side Baptist,SPARTANBURG - WEST SIDE BAPTIST,1024767.559220,0.046973,3
083,Spartanburg,VTD 79,4508379,Spartanburg - VTD 79,SPARTANBURG - VTD 79,43820097.352041,Spartanburg,083,Gable Middle School,Spartanburg - Gable Middle School,SPARTANBURG - GABLE MIDDLE SCHOOL,43701301.710725,0.997289,1
083,Spartanburg,VTD 79,4508379,Spartanburg - VTD 79,SPARTANBURG - VTD 79,43820097.352041,Spartanburg,083,Canaan Baptist,Spartanburg - Canaan Baptist,SPARTANBURG - CANAAN BAPTIST,118791.914962,0.002711,2
083,Spartanburg,VTD 81,4508381,Spartanburg - VTD 81,SPARTANBURG - VTD 81,63782364.887761,Spartanburg,083,R.D. Anderson Vocational,Spartanburg - R.D. Anderson Vocational,SPARTANBURG - R.D. ANDERSON VOCATIONAL,59365479.902652,0.930751,1
083,Spartanburg,VTD 81,4508381,Spartanburg - VTD 81,SPARTANBURG - VTD 81,63782364.887761,Spartanburg,083,Poplar Springs Fire Station,Spartanburg - Poplar Springs Fire Station,SPARTANBURG - POPLAR SPRINGS FIRE STATION,2436561.091926,0.038201,2
083,Spartanburg,VTD 81,4508381,Spartanburg - VTD 81,SPARTANBURG - VTD 81,63782364.887761,Spartanburg,083,Woodruff Fire Station,Spartanburg - Woodruff Fire Station,SPARTANBURG - WOODRUFF FIRE STATION,1980323.893183,0.031048,3
083,Spartanburg,VTD 72,4508372,Spartanburg - VTD 72,SPARTANBURG - VTD 72,12124314.820812,Spartanburg,083,Canaan Baptist,Spartanburg - Canaan Baptist,SPARTANBURG - CANAAN BAPTIST,7705154.250511,0.635513,1
083,Spartanburg,VTD 72,4508372,Spartanburg - VTD 72,SPARTANBURG - VTD 72,12124314.820812,Spartanburg,083,E.P. Todd Elementary,Spartanburg - E.P. Todd Elementary,SPARTANBURG - E.P. TODD ELEMENTARY,2972341.390781,0.245155,2
083,Spartanburg,VTD 72,4508372,Spartanburg - VTD 72,SPARTANBURG - VTD 72,12124314.820812,Spartanburg,083,Roebuck Elementary,Spartanburg - Roebuck Elementary,SPARTANBURG - ROEBUCK ELEMENTARY,1446819.179520,0.119332,3
083,Spartanburg,VTD 77,4508377,Spartanburg - VTD 77,SPARTANBURG - VTD 77,10671570.227075,Spartanburg,083,Pelham Fire Station,Spartanburg - Pelham Fire Station,SPARTANBURG - PELHAM FIRE STATION,10669433.054117,0.999800,1
083,Spartanburg,VTD 77,4508377,Spartanburg - VTD 77,SPARTANBURG - VTD 77,10671570.227075,Spartanburg,083,Victor Mill Methodist,Spartanburg - Victor Mill Methodist,SPARTANBURG - VICTOR MILL METHODIST,2128.357763,0.000199,2
083,Spartanburg,VTD 47,4508347,Spartanburg - VTD 47,SPARTANBURG - VTD 47,5264590.773994,Spartanburg,083,Woodland Heights Recreation Center,Spartanburg - Woodland Heights Recreation Center,SPARTANBURG - WOODLAND HEIGHTS RECREATION CENTER,4507857.926354,0.856260,1
083,Spartanburg,VTD 47,4508347,Spartanburg - VTD 47,SPARTANBURG - VTD 47,5264590.773994,Spartanburg,083,Roebuck Bethlehem,Spartanburg - Roebuck Bethlehem,SPARTANBURG - ROEBUCK BETHLEHEM,634352.146472,0.120494,2
083,Spartanburg,VTD 47,4508347,Spartanburg - VTD 47,SPARTANBURG - VTD 47,5264590.773994,Spartanburg,083,Jesse Boyd Elementary,Spartanburg - Jesse Boyd Elementary,SPARTANBURG - JESSE BOYD ELEMENTARY,71916.706870,0.013660,3
083,Spartanburg,VTD 47,4508347,Spartanburg - VTD 47,SPARTANBURG - VTD 47,5264590.773994,Spartanburg,083,Mt. Zion Full Gospel Baptist,Spartanburg - Mt. Zion Full Gospel Baptist,SPARTANBURG - MT. ZION FULL GOSPEL BAPTIST,43366.943009,0.008237,4
083,Spartanburg,VTD 47,4508347,Spartanburg - VTD 47,SPARTANBURG - VTD 47,5264590.773994,Spartanburg,083,Roebuck Elementary,Spartanburg - Roebuck Elementary,SPARTANBURG - ROEBUCK ELEMENTARY,7097.051289,0.001348,5
083,Spartanburg,VTD 57,4508357,Spartanburg - VTD 57,SPARTANBURG - VTD 57,3661562.233193,Spartanburg,083,Mt. Zion Full Gospel Baptist,Spartanburg - Mt. Zion Full Gospel Baptist,SPARTANBURG - MT. ZION FULL GOSPEL BAPTIST,3320434.981268,0.906836,1
083,Spartanburg,VTD 57,4508357,Spartanburg - VTD 57,SPARTANBURG - VTD 57,3661562.233193,Spartanburg,083,C.C. Woodson Recreation Center,Spartanburg - C.C. Woodson Recreation Center,SPARTANBURG - C.C. WOODSON RECREATION CENTER,274813.519619,0.075054,2
083,Spartanburg,VTD 57,4508357,Spartanburg - VTD 57,SPARTANBURG - VTD 57,3661562.233193,Spartanburg,083,Park Hills Elementary,Spartanburg - Park Hills Elementary,SPARTANBURG - PARK HILLS ELEMENTARY,38232.865084,0.010442,3
083,Spartanburg,VTD 57,4508357,Spartanburg - VTD 57,SPARTANBURG - VTD 57,3661562.233193,Spartanburg,083,Woodland Heights Recreation Center,Spartanburg - Woodland Heights Recreation Center,SPARTANBURG - WOODLAND HEIGHTS RECREATION CENTER,28080.867222,0.007669,4
083,Spartanburg,VTD 54,4508354,Spartanburg - VTD 54,SPARTANBURG - VTD 54,2122315.786105,Spartanburg,083,Park Hills Elementary,Spartanburg - Park Hills Elementary,SPARTANBURG - PARK HILLS ELEMENTARY,1784867.916146,0.841000,1
083,Spartanburg,VTD 54,4508354,Spartanburg - VTD 54,SPARTANBURG - VTD 54,2122315.786105,Spartanburg,083,Woodland Heights Recreation Center,Spartanburg - Woodland Heights Recreation Center,SPARTANBURG - WOODLAND HEIGHTS RECREATION CENTER,337441.505646,0.158997,2
083,Spartanburg,VTD 48,4508348,Spartanburg - VTD 48,SPARTANBURG - VTD 48,1504242.526171,Spartanburg,083,Silverhill Methodist Church,Spartanburg - Silverhill Methodist Church,SPARTANBURG - SILVERHILL METHODIST CHURCH,1504242.526171,1.000000,1
083,Spartanburg,VTD 82,4508382,Spartanburg - VTD 82,SPARTANBURG - VTD 82,61804692.164508,Spartanburg,083,Mt. Calvary Presbyterian,Spartanburg - Mt. Calvary Presbyterian,SPARTANBURG - MT. CALVARY PRESBYTERIAN,61804692.164508,1.000000,1
083,Spartanburg,VTD 83,4508383,Spartanburg - VTD 83,SPARTANBURG - VTD 83,57606234.134072,Spartanburg,083,Pauline Gleen Springs Elementary,Spartanburg - Pauline Gleen Springs Elementary,SPARTANBURG - PAULINE GLEEN SPRINGS ELEMENTARY,57606115.677535,0.999998,1
083,Spartanburg,VTD 75,4508375,Spartanburg - VTD 75,SPARTANBURG - VTD 75,55083177.772077,Spartanburg,083,White Stone Methodist,Spartanburg - White Stone Methodist,SPARTANBURG - WHITE STONE METHODIST,55081928.335546,0.999977,1
083,Spartanburg,VTD 74,4508374,Spartanburg - VTD 74,SPARTANBURG - VTD 74,6885597.940116,Spartanburg,083,Croft Baptist,Spartanburg - Croft Baptist,SPARTANBURG - CROFT BAPTIST,6885597.940116,1.000000,1
083,Spartanburg,VTD 73,4508373,Spartanburg - VTD 73,SPARTANBURG - VTD 73,13488027.908357,Spartanburg,083,E.P. Todd Elementary,Spartanburg - E.P. Todd Elementary,SPARTANBURG - E.P. TODD ELEMENTARY,12848863.693854,0.952612,1
083,Spartanburg,VTD 73,4508373,Spartanburg - VTD 73,SPARTANBURG - VTD 73,13488027.908357,Spartanburg,083,Cornerstone Baptist,Spartanburg - Cornerstone Baptist,SPARTANBURG - CORNERSTONE BAPTIST,545294.968131,0.040428,2
083,Spartanburg,VTD 73,4508373,Spartanburg - VTD 73,SPARTANBURG - VTD 73,13488027.908357,Spartanburg,083,White Stone Methodist,Spartanburg - White Stone Methodist,SPARTANBURG - WHITE STONE METHODIST,93869.246372,0.006959,3
083,Spartanburg,VTD 58,4508358,Spartanburg - VTD 58,SPARTANBURG - VTD 58,1350490.948938,Spartanburg,083,Cornerstone Baptist,Spartanburg - Cornerstone Baptist,SPARTANBURG - CORNERSTONE BAPTIST,825191.043037,0.611030,1
083,Spartanburg,VTD 58,4508358,Spartanburg - VTD 58,SPARTANBURG - VTD 58,1350490.948938,Spartanburg,083,E.P. Todd Elementary,Spartanburg - E.P. Todd Elementary,SPARTANBURG - E.P. TODD ELEMENTARY,525299.905902,0.388970,2
083,Spartanburg,VTD 55,4508355,Spartanburg - VTD 55,SPARTANBURG - VTD 55,4114831.737568,Spartanburg,083,C.C. Woodson Recreation Center,Spartanburg - C.C. Woodson Recreation Center,SPARTANBURG - C.C. WOODSON RECREATION CENTER,3998733.733513,0.971785,1
083,Spartanburg,VTD 55,4508355,Spartanburg - VTD 55,SPARTANBURG - VTD 55,4114831.737568,Spartanburg,083,Southside Baptist,Spartanburg - Southside Baptist,SPARTANBURG - SOUTHSIDE BAPTIST,65320.079296,0.015874,2
083,Spartanburg,VTD 55,4508355,Spartanburg - VTD 55,SPARTANBURG - VTD 55,4114831.737568,Spartanburg,083,Park Hills Elementary,Spartanburg - Park Hills Elementary,SPARTANBURG - PARK HILLS ELEMENTARY,50777.924758,0.012340,3
083,Spartanburg,VTD 56,4508356,Spartanburg - VTD 56,SPARTANBURG - VTD 56,2149717.496488,Spartanburg,083,Cornerstone Baptist,Spartanburg - Cornerstone Baptist,SPARTANBURG - CORNERSTONE BAPTIST,2088579.283323,0.971560,1
083,Spartanburg,VTD 56,4508356,Spartanburg - VTD 56,SPARTANBURG - VTD 56,2149717.496488,Spartanburg,083,Mt. Moriah Baptist,Spartanburg - Mt. Moriah Baptist,SPARTANBURG - MT. MORIAH BAPTIST,61138.213166,0.028440,2
083,Spartanburg,VTD 76,4508376,Spartanburg - VTD 76,SPARTANBURG - VTD 76,29224023.310350,Spartanburg,083,T.W. Edwards Recreation Center,Spartanburg - T.W. Edwards Recreation Center,SPARTANBURG - T.W. EDWARDS RECREATION CENTER,29155176.340645,0.997644,1
083,Spartanburg,VTD 76,4508376,Spartanburg - VTD 76,SPARTANBURG - VTD 76,29224023.310350,Spartanburg,083,Pacolet Town Hall,Spartanburg - Pacolet Town Hall,SPARTANBURG - PACOLET TOWN HALL,68840.923351,0.002356,2
083,Spartanburg,VTD 80,4508380,Spartanburg - VTD 80,SPARTANBURG - VTD 80,57533566.236389,Spartanburg,083,Woodruff Fire Station,Spartanburg - Woodruff Fire Station,SPARTANBURG - WOODRUFF FIRE STATION,50580081.107158,0.879140,1
083,Spartanburg,VTD 80,4508380,Spartanburg - VTD 80,SPARTANBURG - VTD 80,57533566.236389,Spartanburg,083,Bethany Wesleyan,Spartanburg - Bethany Wesleyan,SPARTANBURG - BETHANY WESLEYAN,6953472.915500,0.120859,2
083,Spartanburg,VTD 84,4508384,Spartanburg - VTD 84,SPARTANBURG - VTD 84,18998569.251492,Spartanburg,083,Woodruff American Legion,Spartanburg - Woodruff American Legion,SPARTANBURG - WOODRUFF AMERICAN LEGION,17353388.280141,0.913405,1
083,Spartanburg,VTD 84,4508384,Spartanburg - VTD 84,SPARTANBURG - VTD 84,18998569.251492,Spartanburg,083,Woodruff Fire Station,Spartanburg - Woodruff Fire Station,SPARTANBURG - WOODRUFF FIRE STATION,1645178.725366,0.086595,2
083,Spartanburg,VTD 85,4508385,Spartanburg - VTD 85,SPARTANBURG - VTD 85,14143809.844237,Spartanburg,083,Woodruff Armory Drive Fire Stations,Spartanburg - Woodruff Armory Drive Fire Stations,SPARTANBURG - WOODRUFF ARMORY DRIVE FIRE STATIONS,14143809.844237,1.000000,1
083,Spartanburg,VTD 88,4508388,Spartanburg - VTD 88,SPARTANBURG - VTD 88,37431361.312595,Spartanburg,083,Woodruff Town Hall,Spartanburg - Woodruff Town Hall,SPARTANBURG - WOODRUFF TOWN HALL,37431361.134664,1.000000,1
083,Spartanburg,VTD 86,4508386,Spartanburg - VTD 86,SPARTANBURG - VTD 86,60674886.534420,Spartanburg,083,Cavins Hobbysville,Spartanburg - Cavins Hobbysville,SPARTANBURG - CAVINS HOBBYSVILLE,59497052.782173,0.980588,1
083,Spartanburg,VTD 86,4508386,Spartanburg - VTD 86,SPARTANBURG - VTD 86,60674886.534420,Spartanburg,083,Woodruff Armory Drive Fire Stations,Spartanburg - Woodruff Armory Drive Fire Stations,SPARTANBURG - WOODRUFF ARMORY DRIVE FIRE STATIONS,1177833.752247,0.019412,2
085,Sumter,VTD 26,4508526,Sumter - VTD 26,SUMTER - VTD 26,5277543.071708,Sumter,085,Wilson Hall,Sumter - Wilson Hall,SUMTER - WILSON HALL,5273309.568639,0.999198,1
085,Sumter,VTD 26,4508526,Sumter - VTD 26,SUMTER - VTD 26,5277543.071708,Sumter,085,Green Swamp #2,Sumter - Green Swamp #2,SUMTER - GREEN SWAMP 2,4233.503069,0.000802,2
085,Sumter,VTD 1,450851,Sumter - VTD 1,SUMTER - VTD 1,58722163.965919,Sumter,085,Rembert,Sumter - Rembert,SUMTER - REMBERT,58722163.725442,1.000000,1
085,Sumter,VTD 29,4508529,Sumter - VTD 29,SUMTER - VTD 29,4956958.962098,Sumter,085,Sumter High #2,Sumter - Sumter High #2,SUMTER - SUMTER HIGH 2,3258517.447765,0.657362,1
085,Sumter,VTD 29,4508529,Sumter - VTD 29,SUMTER - VTD 29,4956958.962098,Sumter,085,Sumter High #1,Sumter - Sumter High #1,SUMTER - SUMTER HIGH 1,1697632.690407,0.342475,2
085,Sumter,VTD 29,4508529,Sumter - VTD 29,SUMTER - VTD 29,4956958.962098,Sumter,085,Causeway Branch #2,Sumter - Causeway Branch #2,SUMTER - CAUSEWAY BRANCH 2,808.823927,0.000163,3
085,Sumter,VTD 30,4508530,Sumter - VTD 30,SUMTER - VTD 30,4771122.574408,Sumter,085,Sunset,Sumter - Sunset,SUMTER - SUNSET,4735946.147824,0.992627,1
085,Sumter,VTD 30,4508530,Sumter - VTD 30,SUMTER - VTD 30,4771122.574408,Sumter,085,Spectrum,Sumter - Spectrum,SUMTER - SPECTRUM,35176.426584,0.007373,2
085,Sumter,VTD 35,4508535,Sumter - VTD 35,SUMTER - VTD 35,3455537.249331,Sumter,085,Palmetto Park,Sumter - Palmetto Park,SUMTER - PALMETTO PARK,2822000.857430,0.816661,1
085,Sumter,VTD 35,4508535,Sumter - VTD 35,SUMTER - VTD 35,3455537.249331,Sumter,085,Burns-Downs,Sumter - Burns-Downs,SUMTER - BURNS-DOWNS,633536.391901,0.183339,2
085,Sumter,VTD 36,4508536,Sumter - VTD 36,SUMTER - VTD 36,4910606.546793,Sumter,085,Folsom Park,Sumter - Folsom Park,SUMTER - FOLSOM PARK,4910606.546793,1.000000,1
085,Sumter,VTD 37,4508537,Sumter - VTD 37,SUMTER - VTD 37,13647056.210707,Sumter,085,Mullberry,Sumter - Mullberry,SUMTER - MULLBERRY,13647056.210707,1.000000,1
085,Sumter,VTD 39,4508539,Sumter - VTD 39,SUMTER - VTD 39,2641862.034845,Sumter,085,Crosswell,Sumter - Crosswell,SUMTER - CROSSWELL,2628258.121018,0.994851,1
085,Sumter,VTD 39,4508539,Sumter - VTD 39,SUMTER - VTD 39,2641862.034845,Sumter,085,Loring,Sumter - Loring,SUMTER - LORING,13603.913826,0.005149,2
085,Sumter,VTD 40,4508540,Sumter - VTD 40,SUMTER - VTD 40,2118903.213284,Sumter,085,Loring,Sumter - Loring,SUMTER - LORING,2118903.182515,1.000000,1
085,Sumter,VTD 44,4508544,Sumter - VTD 44,SUMTER - VTD 44,4165687.165035,Sumter,085,Birnie,Sumter - Birnie,SUMTER - BIRNIE,4087738.350865,0.981288,1
085,Sumter,VTD 44,4508544,Sumter - VTD 44,SUMTER - VTD 44,4165687.165035,Sumter,085,Savage-Glover,Sumter - Savage-Glover,SUMTER - SAVAGE-GLOVER,53834.587575,0.012923,2
085,Sumter,VTD 44,4508544,Sumter - VTD 44,SUMTER - VTD 44,4165687.165035,Sumter,085,Bates,Sumter - Bates,SUMTER - BATES,22784.066411,0.005469,3
085,Sumter,VTD 44,4508544,Sumter - VTD 44,SUMTER - VTD 44,4165687.165035,Sumter,085,Spectrum,Sumter - Spectrum,SUMTER - SPECTRUM,1330.160185,0.000319,4
085,Sumter,VTD 46,4508546,Sumter - VTD 46,SUMTER - VTD 46,4248298.199116,Sumter,085,Wilder,Sumter - Wilder,SUMTER - WILDER,4245633.654057,0.999373,1
085,Sumter,VTD 46,4508546,Sumter - VTD 46,SUMTER - VTD 46,4248298.199116,Sumter,085,Birnie,Sumter - Birnie,SUMTER - BIRNIE,2664.545060,0.000627,2
085,Sumter,VTD 47,4508547,Sumter - VTD 47,SUMTER - VTD 47,2478391.098301,Sumter,085,South Red Bay,Sumter - South Red Bay,SUMTER - SOUTH RED BAY,2283211.179433,0.921247,1
085,Sumter,VTD 47,4508547,Sumter - VTD 47,SUMTER - VTD 47,2478391.098301,Sumter,085,Turkey Creek,Sumter - Turkey Creek,SUMTER - TURKEY CREEK,195179.918868,0.078753,2
085,Sumter,VTD 31,4508531,Sumter - VTD 31,SUMTER - VTD 31,2724780.177337,Sumter,085,Spectrum,Sumter - Spectrum,SUMTER - SPECTRUM,2724384.654264,0.999855,1
085,Sumter,VTD 31,4508531,Sumter - VTD 31,SUMTER - VTD 31,2724780.177337,Sumter,085,Sunset,Sumter - Sunset,SUMTER - SUNSET,395.523073,0.000145,2
085,Sumter,VTD 32,4508532,Sumter - VTD 32,SUMTER - VTD 32,1555296.919916,Sumter,085,Millwood,Sumter - Millwood,SUMTER - MILLWOOD,1040291.372059,0.668870,1
085,Sumter,VTD 32,4508532,Sumter - VTD 32,SUMTER - VTD 32,1555296.919916,Sumter,085,Spectrum,Sumter - Spectrum,SUMTER - SPECTRUM,515005.511950,0.331130,2
085,Sumter,VTD 33,4508533,Sumter - VTD 33,SUMTER - VTD 33,2672703.070455,Sumter,085,Second Mill,Sumter - Second Mill,SUMTER - SECOND MILL,2438342.496906,0.912313,1
085,Sumter,VTD 33,4508533,Sumter - VTD 33,SUMTER - VTD 33,2672703.070455,Sumter,085,Causeway Branch #2,Sumter - Causeway Branch #2,SUMTER - CAUSEWAY BRANCH 2,174374.135007,0.065243,2
085,Sumter,VTD 33,4508533,Sumter - VTD 33,SUMTER - VTD 33,2672703.070455,Sumter,085,Wilson Hall,Sumter - Wilson Hall,SUMTER - WILSON HALL,34867.406584,0.013046,3
085,Sumter,VTD 33,4508533,Sumter - VTD 33,SUMTER - VTD 33,2672703.070455,Sumter,085,South Liberty,Sumter - South Liberty,SUMTER - SOUTH LIBERTY,25119.031957,0.009398,4
085,Sumter,VTD 13,4508513,Sumter - VTD 13,SUMTER - VTD 13,37724626.161902,Sumter,085,Salem,Sumter - Salem,SUMTER - SALEM,37724626.161902,1.000000,1
085,Sumter,VTD 59,4508559,Sumter - VTD 59,SUMTER - VTD 59,51091652.951492,Sumter,085,Salem,Sumter - Salem,SUMTER - SALEM,51091652.606510,1.000000,1
085,Sumter,VTD 58,4508558,Sumter - VTD 58,SUMTER - VTD 58,50616693.947200,Sumter,085,Mayewood,Sumter - Mayewood,SUMTER - MAYEWOOD,50616693.803487,1.000000,1
085,Sumter,VTD 20,4508520,Sumter - VTD 20,SUMTER - VTD 20,184003313.375265,Sumter,085,Pinewood,Sumter - Pinewood,SUMTER - PINEWOOD,184003305.835736,1.000000,1
085,Sumter,VTD 34,4508534,Sumter - VTD 34,SUMTER - VTD 34,1371193.282815,Sumter,085,Burns-Downs,Sumter - Burns-Downs,SUMTER - BURNS-DOWNS,1366870.512013,0.996847,1
085,Sumter,VTD 34,4508534,Sumter - VTD 34,SUMTER - VTD 34,1371193.282815,Sumter,085,Swan Lake,Sumter - Swan Lake,SUMTER - SWAN LAKE,4322.770801,0.003153,2
085,Sumter,VTD 41,4508541,Sumter - VTD 41,SUMTER - VTD 41,1187968.387687,Sumter,085,Hampton Park,Sumter - Hampton Park,SUMTER - HAMPTON PARK,1187308.105873,0.999444,1
085,Sumter,VTD 41,4508541,Sumter - VTD 41,SUMTER - VTD 41,1187968.387687,Sumter,085,Morris College,Sumter - Morris College,SUMTER - MORRIS COLLEGE,660.281814,0.000556,2
085,Sumter,VTD 42,4508542,Sumter - VTD 42,SUMTER - VTD 42,1813623.589338,Sumter,085,Swan Lake,Sumter - Swan Lake,SUMTER - SWAN LAKE,1726467.208761,0.951944,1
085,Sumter,VTD 42,4508542,Sumter - VTD 42,SUMTER - VTD 42,1813623.589338,Sumter,085,Burns-Downs,Sumter - Burns-Downs,SUMTER - BURNS-DOWNS,87156.380577,0.048056,2
085,Sumter,VTD 43,4508543,Sumter - VTD 43,SUMTER - VTD 43,1384715.466114,Sumter,085,South Liberty,Sumter - South Liberty,SUMTER - SOUTH LIBERTY,1300762.511339,0.939372,1
085,Sumter,VTD 43,4508543,Sumter - VTD 43,SUMTER - VTD 43,1384715.466114,Sumter,085,Birnie,Sumter - Birnie,SUMTER - BIRNIE,83952.954775,0.060628,2
085,Sumter,VTD 45,4508545,Sumter - VTD 45,SUMTER - VTD 45,1061685.208172,Sumter,085,Bates,Sumter - Bates,SUMTER - BATES,1035124.666984,0.974983,1
085,Sumter,VTD 45,4508545,Sumter - VTD 45,SUMTER - VTD 45,1061685.208172,Sumter,085,Wilder,Sumter - Wilder,SUMTER - WILDER,24006.208689,0.022611,2
085,Sumter,VTD 45,4508545,Sumter - VTD 45,SUMTER - VTD 45,1061685.208172,Sumter,085,Savage-Glover,Sumter - Savage-Glover,SUMTER - SAVAGE-GLOVER,2554.332499,0.002406,3
085,Sumter,VTD 48,4508548,Sumter - VTD 48,SUMTER - VTD 48,1064170.227127,Sumter,085,Stone Hill,Sumter - Stone Hill,SUMTER - STONE HILL,1011021.855486,0.950057,1
085,Sumter,VTD 48,4508548,Sumter - VTD 48,SUMTER - VTD 48,1064170.227127,Sumter,085,Savage-Glover,Sumter - Savage-Glover,SUMTER - SAVAGE-GLOVER,53148.371641,0.049943,2
085,Sumter,VTD 50,4508550,Sumter - VTD 50,SUMTER - VTD 50,1718170.641543,Sumter,085,Magnolia-Harmony,Sumter - Magnolia-Harmony,SUMTER - MAGNOLIA-HARMONY,1384506.289840,0.805803,1
085,Sumter,VTD 50,4508550,Sumter - VTD 50,SUMTER - VTD 50,1718170.641543,Sumter,085,Stone Hill,Sumter - Stone Hill,SUMTER - STONE HILL,190944.194439,0.111132,2
085,Sumter,VTD 50,4508550,Sumter - VTD 50,SUMTER - VTD 50,1718170.641543,Sumter,085,Savage-Glover,Sumter - Savage-Glover,SUMTER - SAVAGE-GLOVER,108082.735614,0.062906,3
085,Sumter,VTD 50,4508550,Sumter - VTD 50,SUMTER - VTD 50,1718170.641543,Sumter,085,Lemira,Sumter - Lemira,SUMTER - LEMIRA,34637.421651,0.020159,4
085,Sumter,VTD 51,4508551,Sumter - VTD 51,SUMTER - VTD 51,858688.760857,Sumter,085,Savage-Glover,Sumter - Savage-Glover,SUMTER - SAVAGE-GLOVER,826563.198152,0.962588,1
085,Sumter,VTD 51,4508551,Sumter - VTD 51,SUMTER - VTD 51,858688.760857,Sumter,085,Bates,Sumter - Bates,SUMTER - BATES,32125.562705,0.037412,2
085,Sumter,VTD 49,4508549,Sumter - VTD 49,SUMTER - VTD 49,12879194.296771,Sumter,085,Lemira,Sumter - Lemira,SUMTER - LEMIRA,8564847.132497,0.665014,1
085,Sumter,VTD 49,4508549,Sumter - VTD 49,SUMTER - VTD 49,12879194.296771,Sumter,085,Magnolia-Harmony,Sumter - Magnolia-Harmony,SUMTER - MAGNOLIA-HARMONY,3382697.786712,0.262648,2
085,Sumter,VTD 49,4508549,Sumter - VTD 49,SUMTER - VTD 49,12879194.296771,Sumter,085,Turkey Creek,Sumter - Turkey Creek,SUMTER - TURKEY CREEK,869666.856678,0.067525,3
085,Sumter,VTD 49,4508549,Sumter - VTD 49,SUMTER - VTD 49,12879194.296771,Sumter,085,South Red Bay,Sumter - South Red Bay,SUMTER - SOUTH RED BAY,33565.632974,0.002606,4
085,Sumter,VTD 49,4508549,Sumter - VTD 49,SUMTER - VTD 49,12879194.296771,Sumter,085,Salterstown,Sumter - Salterstown,SUMTER - SALTERSTOWN,28416.887910,0.002206,5
085,Sumter,VTD 53,4508553,Sumter - VTD 53,SUMTER - VTD 53,72742022.528866,Sumter,085,Rembert,Sumter - Rembert,SUMTER - REMBERT,72639408.985756,0.998589,1
085,Sumter,VTD 53,4508553,Sumter - VTD 53,SUMTER - VTD 53,72742022.528866,Sumter,085,Hillcrest,Sumter - Hillcrest,SUMTER - HILLCREST,102612.022615,0.001411,2
085,Sumter,VTD 2,450852,Sumter - VTD 2,SUMTER - VTD 2,81079852.789594,Sumter,085,Horatio,Sumter - Horatio,SUMTER - HORATIO,81079829.195393,1.000000,1
085,Sumter,VTD 62,4508562,Sumter - VTD 62,SUMTER - VTD 62,30839688.551995,Sumter,085,Thomas Sumpter,Sumter - Thomas Sumpter,SUMTER - THOMAS SUMPTER,30839687.866177,1.000000,1
085,Sumter,VTD 9,450859,Sumter - VTD 9,SUMTER - VTD 9,34965770.314626,Sumter,085,Thomas Sumpter,Sumter - Thomas Sumpter,SUMTER - THOMAS SUMPTER,34809837.388968,0.995540,1
085,Sumter,VTD 9,450859,Sumter - VTD 9,SUMTER - VTD 9,34965770.314626,Sumter,085,Ebenezer #1,Sumter - Ebenezer #1,SUMTER - EBENEZER 1,155932.925658,0.004460,2
085,Sumter,VTD 8,450858,Sumter - VTD 8,SUMTER - VTD 8,24229653.970562,Sumter,085,Ebenezer #1,Sumter - Ebenezer #1,SUMTER - EBENEZER 1,24229653.970562,1.000000,1
085,Sumter,VTD 7,450857,Sumter - VTD 7,SUMTER - VTD 7,11345918.262126,Sumter,085,Green Swamp #1,Sumter - Green Swamp #1,SUMTER - GREEN SWAMP 1,10655761.911877,0.939171,1
085,Sumter,VTD 7,450857,Sumter - VTD 7,SUMTER - VTD 7,11345918.262126,Sumter,085,Green Swamp #2,Sumter - Green Swamp #2,SUMTER - GREEN SWAMP 2,689607.247458,0.060780,2
085,Sumter,VTD 5,450855,Sumter - VTD 5,SUMTER - VTD 5,28548466.129121,Sumter,085,Dalzel #1,Sumter - Dalzel #1,SUMTER - DALZEL 1,19266215.826365,0.674860,1
085,Sumter,VTD 5,450855,Sumter - VTD 5,SUMTER - VTD 5,28548466.129121,Sumter,085,Dalzel #2,Sumter - Dalzel #2,SUMTER - DALZEL 2,9225862.691630,0.323165,2
085,Sumter,VTD 5,450855,Sumter - VTD 5,SUMTER - VTD 5,28548466.129121,Sumter,085,Shaw,Sumter - Shaw,SUMTER - SHAW,56387.611127,0.001975,3
085,Sumter,VTD 4,450854,Sumter - VTD 4,SUMTER - VTD 4,23172657.384309,Sumter,085,Oakland Plantation #2,Sumter - Oakland Plantation #2,SUMTER - OAKLAND PLANTATION 2,15011118.659535,0.647794,1
085,Sumter,VTD 4,450854,Sumter - VTD 4,SUMTER - VTD 4,23172657.384309,Sumter,085,Oakland Plantation #1,Sumter - Oakland Plantation #1,SUMTER - OAKLAND PLANTATION 1,8160128.163373,0.352145,2
085,Sumter,VTD 3,450853,Sumter - VTD 3,SUMTER - VTD 3,25830277.345673,Sumter,085,Hillcrest,Sumter - Hillcrest,SUMTER - HILLCREST,25751568.189485,0.996953,1
085,Sumter,VTD 3,450853,Sumter - VTD 3,SUMTER - VTD 3,25830277.345673,Sumter,085,Dalzel #1,Sumter - Dalzel #1,SUMTER - DALZEL 1,78709.156188,0.003047,2
085,Sumter,VTD 6,450856,Sumter - VTD 6,SUMTER - VTD 6,13025583.472653,Sumter,085,Shaw,Sumter - Shaw,SUMTER - SHAW,12362219.218225,0.949072,1
085,Sumter,VTD 6,450856,Sumter - VTD 6,SUMTER - VTD 6,13025583.472653,Sumter,085,Green Swamp #1,Sumter - Green Swamp #1,SUMTER - GREEN SWAMP 1,584334.025122,0.044860,2
085,Sumter,VTD 6,450856,Sumter - VTD 6,SUMTER - VTD 6,13025583.472653,Sumter,085,Dalzel #1,Sumter - Dalzel #1,SUMTER - DALZEL 1,74711.650509,0.005736,3
085,Sumter,VTD 6,450856,Sumter - VTD 6,SUMTER - VTD 6,13025583.472653,Sumter,085,Oakland Plantation #2,Sumter - Oakland Plantation #2,SUMTER - OAKLAND PLANTATION 2,4318.578796,0.000332,4
085,Sumter,VTD 10,4508510,Sumter - VTD 10,SUMTER - VTD 10,54380879.141093,Sumter,085,Oswego,Sumter - Oswego,SUMTER - OSWEGO,54380879.141093,1.000000,1
085,Sumter,VTD 61,4508561,Sumter - VTD 61,SUMTER - VTD 61,46587673.386966,Sumter,085,Oswego,Sumter - Oswego,SUMTER - OSWEGO,46587673.386966,1.000000,1
085,Sumter,VTD 63,4508563,Sumter - VTD 63,SUMTER - VTD 63,20133604.963203,Sumter,085,Ebenezer #2,Sumter - Ebenezer #2,SUMTER - EBENEZER 2,20133396.628584,0.999990,1
085,Sumter,VTD 12,4508512,Sumter - VTD 12,SUMTER - VTD 12,38779779.779864,Sumter,085,Mayesville,Sumter - Mayesville,SUMTER - MAYESVILLE,38622296.480934,0.995939,1
085,Sumter,VTD 12,4508512,Sumter - VTD 12,SUMTER - VTD 12,38779779.779864,Sumter,085,Salem,Sumter - Salem,SUMTER - SALEM,100325.583250,0.002587,2
085,Sumter,VTD 12,4508512,Sumter - VTD 12,SUMTER - VTD 12,38779779.779864,Sumter,085,Oswego,Sumter - Oswego,SUMTER - OSWEGO,57157.715680,0.001474,3
085,Sumter,VTD 14,4508514,Sumter - VTD 14,SUMTER - VTD 14,71097052.658268,Sumter,085,St. John,Sumter - St. John,SUMTER - ST. JOHN,71097052.514662,1.000000,1
085,Sumter,VTD 60,4508560,Sumter - VTD 60,SUMTER - VTD 60,80342094.913075,Sumter,085,St. John,Sumter - St. John,SUMTER - ST. JOHN,80342094.913075,1.000000,1
085,Sumter,VTD 22,4508522,Sumter - VTD 22,SUMTER - VTD 22,74458467.397829,Sumter,085,Delaine,Sumter - Delaine,SUMTER - DELAINE,74385813.113052,0.999024,1
085,Sumter,VTD 22,4508522,Sumter - VTD 22,SUMTER - VTD 22,74458467.397829,Sumter,085,Horatio,Sumter - Horatio,SUMTER - HORATIO,72646.837358,0.000976,2
085,Sumter,VTD 21,4508521,Sumter - VTD 21,SUMTER - VTD 21,68284900.940604,Sumter,085,Manchester Forest,Sumter - Manchester Forest,SUMTER - MANCHESTER FOREST,68284899.831996,1.000000,1
085,Sumter,VTD 55,4508555,Sumter - VTD 55,SUMTER - VTD 55,48560337.766165,Sumter,085,Manchester Forest,Sumter - Manchester Forest,SUMTER - MANCHESTER FOREST,48560337.766165,1.000000,1
085,Sumter,VTD 54,4508554,Sumter - VTD 54,SUMTER - VTD 54,36512399.876957,Sumter,085,Delaine,Sumter - Delaine,SUMTER - DELAINE,35718417.477580,0.978254,1
085,Sumter,VTD 54,4508554,Sumter - VTD 54,SUMTER - VTD 54,36512399.876957,Sumter,085,St. Paul,Sumter - St. Paul,SUMTER - ST. PAUL,709580.295034,0.019434,2
085,Sumter,VTD 54,4508554,Sumter - VTD 54,SUMTER - VTD 54,36512399.876957,Sumter,085,Oakland Plantation #2,Sumter - Oakland Plantation #2,SUMTER - OAKLAND PLANTATION 2,59228.892504,0.001622,3
085,Sumter,VTD 54,4508554,Sumter - VTD 54,SUMTER - VTD 54,36512399.876957,Sumter,085,Shaw,Sumter - Shaw,SUMTER - SHAW,25173.211838,0.000689,4
085,Sumter,VTD 18,4508518,Sumter - VTD 18,SUMTER - VTD 18,35168758.089718,Sumter,085,Privateer,Sumter - Privateer,SUMTER - PRIVATEER,27726228.646175,0.788377,1
085,Sumter,VTD 18,4508518,Sumter - VTD 18,SUMTER - VTD 18,35168758.089718,Sumter,085,Furman,Sumter - Furman,SUMTER - FURMAN,7442529.443543,0.211623,2
085,Sumter,VTD 28,4508528,Sumter - VTD 28,SUMTER - VTD 28,12407918.635623,Sumter,085,McCray's Mill #1,Sumter - McCray's Mill #1,SUMTER - MCCRAYS MILL 1,6859057.693470,0.552797,1
085,Sumter,VTD 28,4508528,Sumter - VTD 28,SUMTER - VTD 28,12407918.635623,Sumter,085,McCray's Mill #2,Sumter - McCray's Mill #2,SUMTER - MCCRAYS MILL 2,5548009.329423,0.447135,2
085,Sumter,VTD 27,4508527,Sumter - VTD 27,SUMTER - VTD 27,8701108.062490,Sumter,085,Causeway Branch #1,Sumter - Causeway Branch #1,SUMTER - CAUSEWAY BRANCH 1,4417709.046256,0.507718,1
085,Sumter,VTD 27,4508527,Sumter - VTD 27,SUMTER - VTD 27,8701108.062490,Sumter,085,Causeway Branch #2,Sumter - Causeway Branch #2,SUMTER - CAUSEWAY BRANCH 2,3977785.252556,0.457158,2
085,Sumter,VTD 27,4508527,Sumter - VTD 27,SUMTER - VTD 27,8701108.062490,Sumter,085,St. Paul,Sumter - St. Paul,SUMTER - ST. PAUL,305613.763678,0.035124,3
085,Sumter,VTD 23,4508523,Sumter - VTD 23,SUMTER - VTD 23,16771881.181733,Sumter,085,St. Paul,Sumter - St. Paul,SUMTER - ST. PAUL,14485907.116010,0.863702,1
085,Sumter,VTD 23,4508523,Sumter - VTD 23,SUMTER - VTD 23,16771881.181733,Sumter,085,Causeway Branch #1,Sumter - Causeway Branch #1,SUMTER - CAUSEWAY BRANCH 1,2272605.736001,0.135501,2
085,Sumter,VTD 23,4508523,Sumter - VTD 23,SUMTER - VTD 23,16771881.181733,Sumter,085,Shaw,Sumter - Shaw,SUMTER - SHAW,13368.329721,0.000797,3
085,Sumter,VTD 24,4508524,Sumter - VTD 24,SUMTER - VTD 24,2283484.231396,Sumter,085,Cherryvale,Sumter - Cherryvale,SUMTER - CHERRYVALE,2251810.584450,0.986129,1
085,Sumter,VTD 24,4508524,Sumter - VTD 24,SUMTER - VTD 24,2283484.231396,Sumter,085,Shaw,Sumter - Shaw,SUMTER - SHAW,28364.197003,0.012421,2
085,Sumter,VTD 24,4508524,Sumter - VTD 24,SUMTER - VTD 24,2283484.231396,Sumter,085,Green Swamp #1,Sumter - Green Swamp #1,SUMTER - GREEN SWAMP 1,3309.449943,0.001449,3
085,Sumter,VTD 25,4508525,Sumter - VTD 25,SUMTER - VTD 25,9767167.483212,Sumter,085,Green Swamp #1,Sumter - Green Swamp #1,SUMTER - GREEN SWAMP 1,6807258.218638,0.696953,1
085,Sumter,VTD 25,4508525,Sumter - VTD 25,SUMTER - VTD 25,9767167.483212,Sumter,085,Green Swamp #2,Sumter - Green Swamp #2,SUMTER - GREEN SWAMP 2,2644650.272905,0.270769,2
085,Sumter,VTD 25,4508525,Sumter - VTD 25,SUMTER - VTD 25,9767167.483212,Sumter,085,Second Mill,Sumter - Second Mill,SUMTER - SECOND MILL,315258.110522,0.032277,3
085,Sumter,VTD 17,4508517,Sumter - VTD 17,SUMTER - VTD 17,30445851.497165,Sumter,085,Pocotaligo #1,Sumter - Pocotaligo #1,SUMTER - POCOTALIGO 1,30346170.186361,0.996726,1
085,Sumter,VTD 17,4508517,Sumter - VTD 17,SUMTER - VTD 17,30445851.497165,Sumter,085,Privateer,Sumter - Privateer,SUMTER - PRIVATEER,99681.310804,0.003274,2
085,Sumter,VTD 15,4508515,Sumter - VTD 15,SUMTER - VTD 15,46695074.778737,Sumter,085,Turkey Creek,Sumter - Turkey Creek,SUMTER - TURKEY CREEK,46695074.778737,1.000000,1
085,Sumter,VTD 16,4508516,Sumter - VTD 16,SUMTER - VTD 16,69585909.603472,Sumter,085,Mayewood,Sumter - Mayewood,SUMTER - MAYEWOOD,69585909.603473,1.000000,1
085,Sumter,VTD 38,4508538,Sumter - VTD 38,SUMTER - VTD 38,1734528.915879,Sumter,085,Morris College,Sumter - Morris College,SUMTER - MORRIS COLLEGE,1734528.915879,1.000000,1
085,Sumter,VTD 52,4508552,Sumter - VTD 52,SUMTER - VTD 52,943825.481859,Sumter,085,Magnolia-Harmony,Sumter - Magnolia-Harmony,SUMTER - MAGNOLIA-HARMONY,942430.818677,0.998522,1
085,Sumter,VTD 52,4508552,Sumter - VTD 52,SUMTER - VTD 52,943825.481859,Sumter,085,Savage-Glover,Sumter - Savage-Glover,SUMTER - SAVAGE-GLOVER,1394.663183,0.001478,2
085,Sumter,VTD 11,4508511,Sumter - VTD 11,SUMTER - VTD 11,25323173.932095,Sumter,085,Salterstown,Sumter - Salterstown,SUMTER - SALTERSTOWN,25323173.932095,1.000000,1
085,Sumter,VTD 56,4508556,Sumter - VTD 56,SUMTER - VTD 56,93781995.034803,Sumter,085,Pinewood,Sumter - Pinewood,SUMTER - PINEWOOD,93781995.034803,1.000000,1
085,Sumter,VTD 19,4508519,Sumter - VTD 19,SUMTER - VTD 19,26930383.950855,Sumter,085,Furman,Sumter - Furman,SUMTER - FURMAN,22152823.863076,0.822596,1
085,Sumter,VTD 19,4508519,Sumter - VTD 19,SUMTER - VTD 19,26930383.950855,Sumter,085,Pinewood,Sumter - Pinewood,SUMTER - PINEWOOD,4777560.087779,0.177404,2
085,Sumter,VTD 57,4508557,Sumter - VTD 57,SUMTER - VTD 57,36011296.285318,Sumter,085,Pocotaligo #2,Sumter - Pocotaligo #2,SUMTER - POCOTALIGO 2,36011296.285318,1.000000,1
087,Union,VTD 4,450874,Union - VTD 4,UNION - VTD 4,84933765.523468,Union,087,Kelton,Union - Kelton,UNION - KELTON,84933755.852872,1.000000,1
087,Union,VTD 2,450872,Union - VTD 2,UNION - VTD 2,45493011.095332,Union,087,Jonesville Box 1,Union - Jonesville Box 1,UNION - JONESVILLE BOX 1,45492761.642845,0.999995,1
087,Union,VTD 3,450873,Union - VTD 3,UNION - VTD 3,34322746.861599,Union,087,Jonesville Box 1,Union - Jonesville Box 1,UNION - JONESVILLE BOX 1,33967415.053663,0.989647,1
087,Union,VTD 3,450873,Union - VTD 3,UNION - VTD 3,34322746.861599,Union,087,Kelton,Union - Kelton,UNION - KELTON,350827.159503,0.010221,2
087,Union,VTD 3,450873,Union - VTD 3,UNION - VTD 3,34322746.861599,Union,087,Jonesville Box 2,Union - Jonesville Box 2,UNION - JONESVILLE BOX 2,4392.725548,0.000128,3
087,Union,VTD 5,450875,Union - VTD 5,UNION - VTD 5,36881545.872549,Union,087,West Springs,Union - West Springs,UNION - WEST SPRINGS,36881377.166383,0.999995,1
087,Union,VTD 7,450877,Union - VTD 7,UNION - VTD 7,7158032.946409,Union,087,Jonesville Box 2,Union - Jonesville Box 2,UNION - JONESVILLE BOX 2,7155971.158054,0.999712,1
087,Union,VTD 7,450877,Union - VTD 7,UNION - VTD 7,7158032.946409,Union,087,Jonesville Box 1,Union - Jonesville Box 1,UNION - JONESVILLE BOX 1,2061.788355,0.000288,2
087,Union,VTD 8,450878,Union - VTD 8,UNION - VTD 8,24610100.608488,Union,087,Kelton,Union - Kelton,UNION - KELTON,24609153.139444,0.999962,1
087,Union,VTD 6,450876,Union - VTD 6,UNION - VTD 6,53686196.420300,Union,087,Jonesville Box 2,Union - Jonesville Box 2,UNION - JONESVILLE BOX 2,53686183.085725,1.000000,1
087,Union,VTD 16,4508716,Union - VTD 16,UNION - VTD 16,31032318.546649,Union,087,Bonham,Union - Bonham,UNION - BONHAM,26795878.319597,0.863483,1
087,Union,VTD 16,4508716,Union - VTD 16,UNION - VTD 16,31032318.546649,Union,087,Kelton,Union - Kelton,UNION - KELTON,3354849.568031,0.108108,2
087,Union,VTD 16,4508716,Union - VTD 16,UNION - VTD 16,31032318.546649,Union,087,Union Ward 1 Box 2,Union - Union Ward 1 Box 2,UNION - UNION WARD 1 BOX 2,840267.995502,0.027077,3
087,Union,VTD 16,4508716,Union - VTD 16,UNION - VTD 16,31032318.546649,Union,087,Monarch Box 1,Union - Monarch Box 1,UNION - MONARCH BOX 1,39792.287368,0.001282,4
087,Union,VTD 19,4508719,Union - VTD 19,UNION - VTD 19,14047625.222346,Union,087,East Buffalo,Union - East Buffalo,UNION - EAST BUFFALO,13833458.248812,0.984754,1
087,Union,VTD 19,4508719,Union - VTD 19,UNION - VTD 19,14047625.222346,Union,087,Union Ward 4 Box 2,Union - Union Ward 4 Box 2,UNION - UNION WARD 4 BOX 2,112547.881426,0.008012,2
087,Union,VTD 19,4508719,Union - VTD 19,UNION - VTD 19,14047625.222346,Union,087,Union Ward 4 Box 1,Union - Union Ward 4 Box 1,UNION - UNION WARD 4 BOX 1,91601.245507,0.006521,3
087,Union,VTD 19,4508719,Union - VTD 19,UNION - VTD 19,14047625.222346,Union,087,Excelsior,Union - Excelsior,UNION - EXCELSIOR,7907.094327,0.000563,4
087,Union,VTD 19,4508719,Union - VTD 19,UNION - VTD 19,14047625.222346,Union,087,Union Ward 3,Union - Union Ward 3,UNION - UNION WARD 3,2107.825872,0.000150,5
087,Union,VTD 13,4508713,Union - VTD 13,UNION - VTD 13,80897137.056065,Union,087,Putnam,Union - Putnam,UNION - PUTNAM,80896563.360425,0.999993,1
087,Union,VTD 20,4508720,Union - VTD 20,UNION - VTD 20,455371.139493,Union,087,Union Ward 4 Box 1,Union - Union Ward 4 Box 1,UNION - UNION WARD 4 BOX 1,333702.743164,0.732815,1
087,Union,VTD 20,4508720,Union - VTD 20,UNION - VTD 20,455371.139493,Union,087,East Buffalo,Union - East Buffalo,UNION - EAST BUFFALO,121668.396329,0.267185,2
087,Union,VTD 12,4508712,Union - VTD 12,UNION - VTD 12,22958858.693393,Union,087,Lockhart,Union - Lockhart,UNION - LOCKHART,22956942.053001,0.999917,1
087,Union,VTD 14,4508714,Union - VTD 14,UNION - VTD 14,15290634.339855,Union,087,Buffalo Box 1,Union - Buffalo Box 1,UNION - BUFFALO BOX 1,15224903.987450,0.995701,1
087,Union,VTD 14,4508714,Union - VTD 14,UNION - VTD 14,15290634.339855,Union,087,Putnam,Union - Putnam,UNION - PUTNAM,65729.082794,0.004299,2
087,Union,VTD 10,4508710,Union - VTD 10,UNION - VTD 10,23576973.648746,Union,087,Adamsburg,Union - Adamsburg,UNION - ADAMSBURG,23576210.755658,0.999968,1
087,Union,VTD 11,4508711,Union - VTD 11,UNION - VTD 11,12445477.046090,Union,087,Lockhart,Union - Lockhart,UNION - LOCKHART,12445474.650875,1.000000,1
087,Union,VTD 36,4508736,Union - VTD 36,UNION - VTD 36,3600053.096243,Union,087,Excelsior,Union - Excelsior,UNION - EXCELSIOR,3521972.843191,0.978311,1
087,Union,VTD 36,4508736,Union - VTD 36,UNION - VTD 36,3600053.096243,Union,087,Union Ward 3,Union - Union Ward 3,UNION - UNION WARD 3,77944.164814,0.021651,2
087,Union,VTD 15,4508715,Union - VTD 15,UNION - VTD 15,9887854.292079,Union,087,Bonham,Union - Bonham,UNION - BONHAM,9887854.261601,1.000000,1
087,Union,VTD 21,4508721,Union - VTD 21,UNION - VTD 21,939219.749876,Union,087,Union Ward 4 Box 1,Union - Union Ward 4 Box 1,UNION - UNION WARD 4 BOX 1,353276.473215,0.376138,1
087,Union,VTD 21,4508721,Union - VTD 21,UNION - VTD 21,939219.749876,Union,087,Union Ward 4 Box 2,Union - Union Ward 4 Box 2,UNION - UNION WARD 4 BOX 2,312492.996088,0.332716,2
087,Union,VTD 21,4508721,Union - VTD 21,UNION - VTD 21,939219.749876,Union,087,East Buffalo,Union - East Buffalo,UNION - EAST BUFFALO,270233.246503,0.287721,3
087,Union,VTD 21,4508721,Union - VTD 21,UNION - VTD 21,939219.749876,Union,087,Union Ward 3,Union - Union Ward 3,UNION - UNION WARD 3,3217.034070,0.003425,4
087,Union,VTD 39,4508739,Union - VTD 39,UNION - VTD 39,65107366.109737,Union,087,Excelsior,Union - Excelsior,UNION - EXCELSIOR,65072456.132090,0.999464,1
087,Union,VTD 39,4508739,Union - VTD 39,UNION - VTD 39,65107366.109737,Union,087,Black Rock,Union - Black Rock,UNION - BLACK ROCK,26802.455700,0.000412,2
087,Union,VTD 22,4508722,Union - VTD 22,UNION - VTD 22,3990382.884138,Union,087,Union Ward 4 Box 1,Union - Union Ward 4 Box 1,UNION - UNION WARD 4 BOX 1,3549301.544276,0.889464,1
087,Union,VTD 22,4508722,Union - VTD 22,UNION - VTD 22,3990382.884138,Union,087,Bonham,Union - Bonham,UNION - BONHAM,437512.936866,0.109642,2
087,Union,VTD 22,4508722,Union - VTD 22,UNION - VTD 22,3990382.884138,Union,087,Union Ward 4 Box 2,Union - Union Ward 4 Box 2,UNION - UNION WARD 4 BOX 2,3321.406362,0.000832,3
087,Union,VTD 38,4508738,Union - VTD 38,UNION - VTD 38,15668967.007030,Union,087,Excelsior,Union - Excelsior,UNION - EXCELSIOR,15667659.797701,0.999917,1
087,Union,VTD 37,4508737,Union - VTD 37,UNION - VTD 37,189282358.340243,Union,087,Cross Keys,Union - Cross Keys,UNION - CROSS KEYS,189282319.832213,1.000000,1
087,Union,VTD 27,4508727,Union - VTD 27,UNION - VTD 27,62588323.291500,Union,087,Adamsburg,Union - Adamsburg,UNION - ADAMSBURG,30576897.990132,0.488540,1
087,Union,VTD 27,4508727,Union - VTD 27,UNION - VTD 27,62588323.291500,Union,087,Excelsior,Union - Excelsior,UNION - EXCELSIOR,12343006.506980,0.197209,2
087,Union,VTD 27,4508727,Union - VTD 27,UNION - VTD 27,62588323.291500,Union,087,Monarch Box 1,Union - Monarch Box 1,UNION - MONARCH BOX 1,10591398.335660,0.169223,3
087,Union,VTD 27,4508727,Union - VTD 27,UNION - VTD 27,62588323.291500,Union,087,Santuck,Union - Santuck,UNION - SANTUCK,4972823.321502,0.079453,4
087,Union,VTD 27,4508727,Union - VTD 27,UNION - VTD 27,62588323.291500,Union,087,Monarch Box 2,Union - Monarch Box 2,UNION - MONARCH BOX 2,4104197.137227,0.065574,5
087,Union,VTD 31,4508731,Union - VTD 31,UNION - VTD 31,540118.890631,Union,087,Union Ward 1 Box 1,Union - Union Ward 1 Box 1,UNION - UNION WARD 1 BOX 1,539796.238038,0.999403,1
087,Union,VTD 31,4508731,Union - VTD 31,UNION - VTD 31,540118.890631,Union,087,Union Ward 2,Union - Union Ward 2,UNION - UNION WARD 2,322.638855,0.000597,2
087,Union,VTD 28,4508728,Union - VTD 28,UNION - VTD 28,972134.533668,Union,087,Union Ward 4 Box 2,Union - Union Ward 4 Box 2,UNION - UNION WARD 4 BOX 2,829955.660990,0.853746,1
087,Union,VTD 28,4508728,Union - VTD 28,UNION - VTD 28,972134.533668,Union,087,Union Ward 4 Box 1,Union - Union Ward 4 Box 1,UNION - UNION WARD 4 BOX 1,141506.295887,0.145562,2
087,Union,VTD 28,4508728,Union - VTD 28,UNION - VTD 28,972134.533668,Union,087,Union Ward 3,Union - Union Ward 3,UNION - UNION WARD 3,672.576790,0.000692,3
087,Union,VTD 35,4508735,Union - VTD 35,UNION - VTD 35,3316827.040714,Union,087,Monarch Box 2,Union - Monarch Box 2,UNION - MONARCH BOX 2,1694329.395636,0.510828,1
087,Union,VTD 35,4508735,Union - VTD 35,UNION - VTD 35,3316827.040714,Union,087,Union Ward 2,Union - Union Ward 2,UNION - UNION WARD 2,1600681.039220,0.482594,2
087,Union,VTD 35,4508735,Union - VTD 35,UNION - VTD 35,3316827.040714,Union,087,Excelsior,Union - Excelsior,UNION - EXCELSIOR,21144.096250,0.006375,3
087,Union,VTD 35,4508735,Union - VTD 35,UNION - VTD 35,3316827.040714,Union,087,Union Ward 1 Box 1,Union - Union Ward 1 Box 1,UNION - UNION WARD 1 BOX 1,672.509607,0.000203,4
087,Union,VTD 34,4508734,Union - VTD 34,UNION - VTD 34,1029629.459673,Union,087,Union Ward 2,Union - Union Ward 2,UNION - UNION WARD 2,1028362.520858,0.998770,1
087,Union,VTD 34,4508734,Union - VTD 34,UNION - VTD 34,1029629.459673,Union,087,Union Ward 1 Box 1,Union - Union Ward 1 Box 1,UNION - UNION WARD 1 BOX 1,477.194475,0.000463,2
087,Union,VTD 34,4508734,Union - VTD 34,UNION - VTD 34,1029629.459673,Union,087,Union Ward 1 Box 2,Union - Union Ward 1 Box 2,UNION - UNION WARD 1 BOX 2,453.361190,0.000440,3
087,Union,VTD 34,4508734,Union - VTD 34,UNION - VTD 34,1029629.459673,Union,087,Union Ward 3,Union - Union Ward 3,UNION - UNION WARD 3,336.383151,0.000327,4
087,Union,VTD 32,4508732,Union - VTD 32,UNION - VTD 32,758524.417522,Union,087,Union Ward 3,Union - Union Ward 3,UNION - UNION WARD 3,695206.908412,0.916525,1
087,Union,VTD 32,4508732,Union - VTD 32,UNION - VTD 32,758524.417522,Union,087,Excelsior,Union - Excelsior,UNION - EXCELSIOR,63134.066314,0.083233,2
087,Union,VTD 32,4508732,Union - VTD 32,UNION - VTD 32,758524.417522,Union,087,Union Ward 4 Box 2,Union - Union Ward 4 Box 2,UNION - UNION WARD 4 BOX 2,183.442795,0.000242,3
087,Union,VTD 33,4508733,Union - VTD 33,UNION - VTD 33,760963.664688,Union,087,Union Ward 3,Union - Union Ward 3,UNION - UNION WARD 3,760209.006082,0.999008,1
087,Union,VTD 33,4508733,Union - VTD 33,UNION - VTD 33,760963.664688,Union,087,Union Ward 2,Union - Union Ward 2,UNION - UNION WARD 2,637.154389,0.000837,2
087,Union,VTD 33,4508733,Union - VTD 33,UNION - VTD 33,760963.664688,Union,087,Excelsior,Union - Excelsior,UNION - EXCELSIOR,100.129039,0.000132,3
087,Union,VTD 30,4508730,Union - VTD 30,UNION - VTD 30,632706.750785,Union,087,Union Ward 1 Box 2,Union - Union Ward 1 Box 2,UNION - UNION WARD 1 BOX 2,629801.171748,0.995408,1
087,Union,VTD 30,4508730,Union - VTD 30,UNION - VTD 30,632706.750785,Union,087,Union Ward 4 Box 1,Union - Union Ward 4 Box 1,UNION - UNION WARD 4 BOX 1,2335.233190,0.003691,2
087,Union,VTD 30,4508730,Union - VTD 30,UNION - VTD 30,632706.750785,Union,087,Union Ward 2,Union - Union Ward 2,UNION - UNION WARD 2,570.345846,0.000901,3
087,Union,VTD 29,4508729,Union - VTD 29,UNION - VTD 29,224050.575832,Union,087,Union Ward 4 Box 1,Union - Union Ward 4 Box 1,UNION - UNION WARD 4 BOX 1,223258.564778,0.996465,1
087,Union,VTD 29,4508729,Union - VTD 29,UNION - VTD 29,224050.575832,Union,087,Union Ward 3,Union - Union Ward 3,UNION - UNION WARD 3,553.308909,0.002470,2
087,Union,VTD 29,4508729,Union - VTD 29,UNION - VTD 29,224050.575832,Union,087,Union Ward 1 Box 2,Union - Union Ward 1 Box 2,UNION - UNION WARD 1 BOX 2,238.702145,0.001065,3
087,Union,VTD 26,4508726,Union - VTD 26,UNION - VTD 26,6220432.357883,Union,087,Monarch Box 1,Union - Monarch Box 1,UNION - MONARCH BOX 1,6018316.584347,0.967508,1
087,Union,VTD 26,4508726,Union - VTD 26,UNION - VTD 26,6220432.357883,Union,087,Monarch Box 2,Union - Monarch Box 2,UNION - MONARCH BOX 2,202113.827840,0.032492,2
087,Union,VTD 25,4508725,Union - VTD 25,UNION - VTD 25,2312935.752127,Union,087,Monarch Box 1,Union - Monarch Box 1,UNION - MONARCH BOX 1,2312935.752127,1.000000,1
087,Union,VTD 42,4508742,Union - VTD 42,UNION - VTD 42,140951843.491197,Union,087,Carlisle,Union - Carlisle,UNION - CARLISLE,140742795.000579,0.998517,1
087,Union,VTD 42,4508742,Union - VTD 42,UNION - VTD 42,140951843.491197,Union,087,Santuck,Union - Santuck,UNION - SANTUCK,209042.876314,0.001483,2
087,Union,VTD 18,4508718,Union - VTD 18,UNION - VTD 18,8417316.000513,Union,087,Buffalo Box 1,Union - Buffalo Box 1,UNION - BUFFALO BOX 1,8417316.000513,1.000000,1
087,Union,VTD 24,4508724,Union - VTD 24,UNION - VTD 24,3198979.767639,Union,087,Union Ward 1 Box 1,Union - Union Ward 1 Box 1,UNION - UNION WARD 1 BOX 1,1595567.879494,0.498774,1
087,Union,VTD 24,4508724,Union - VTD 24,UNION - VTD 24,3198979.767639,Union,087,Monarch Box 1,Union - Monarch Box 1,UNION - MONARCH BOX 1,1480680.805599,0.462860,2
087,Union,VTD 24,4508724,Union - VTD 24,UNION - VTD 24,3198979.767639,Union,087,Monarch Box 2,Union - Monarch Box 2,UNION - MONARCH BOX 2,122588.096943,0.038321,3
087,Union,VTD 41,4508741,Union - VTD 41,UNION - VTD 41,144493890.783181,Union,087,Black Rock,Union - Black Rock,UNION - BLACK ROCK,144448172.028839,0.999684,1
087,Union,VTD 41,4508741,Union - VTD 41,UNION - VTD 41,144493890.783181,Union,087,Carlisle,Union - Carlisle,UNION - CARLISLE,25415.296136,0.000176,2
087,Union,VTD 41,4508741,Union - VTD 41,UNION - VTD 41,144493890.783181,Union,087,Cross Keys,Union - Cross Keys,UNION - CROSS KEYS,20300.735842,0.000140,3
087,Union,VTD 40,4508740,Union - VTD 40,UNION - VTD 40,131521063.337541,Union,087,Santuck,Union - Santuck,UNION - SANTUCK,131504650.737382,0.999875,1
087,Union,VTD 40,4508740,Union - VTD 40,UNION - VTD 40,131521063.337541,Union,087,Monarch Box 1,Union - Monarch Box 1,UNION - MONARCH BOX 1,16411.414681,0.000125,2
087,Union,VTD 23,4508723,Union - VTD 23,UNION - VTD 23,3307578.806122,Union,087,Union Ward 1 Box 2,Union - Union Ward 1 Box 2,UNION - UNION WARD 1 BOX 2,3305066.748701,0.999241,1
087,Union,VTD 23,4508723,Union - VTD 23,UNION - VTD 23,3307578.806122,Union,087,Union Ward 4 Box 1,Union - Union Ward 4 Box 1,UNION - UNION WARD 4 BOX 1,2512.057421,0.000759,2
087,Union,VTD 1,450871,Union - VTD 1,UNION - VTD 1,10393818.281984,Union,087,Jonesville Box 2,Union - Jonesville Box 2,UNION - JONESVILLE BOX 2,10392892.260222,0.999911,1
087,Union,VTD 9,450879,Union - VTD 9,UNION - VTD 9,17189121.745743,Union,087,Adamsburg,Union - Adamsburg,UNION - ADAMSBURG,17189057.743711,0.999996,1
087,Union,VTD 17,4508717,Union - VTD 17,UNION - VTD 17,21405501.670831,Union,087,Monarch Box 1,Union - Monarch Box 1,UNION - MONARCH BOX 1,19339436.371914,0.903480,1
087,Union,VTD 17,4508717,Union - VTD 17,UNION - VTD 17,21405501.670831,Union,087,Union Ward 1 Box 2,Union - Union Ward 1 Box 2,UNION - UNION WARD 1 BOX 2,1143878.706023,0.053439,2
087,Union,VTD 17,4508717,Union - VTD 17,UNION - VTD 17,21405501.670831,Union,087,Bonham,Union - Bonham,UNION - BONHAM,678753.782092,0.031709,3
087,Union,VTD 17,4508717,Union - VTD 17,UNION - VTD 17,21405501.670831,Union,087,Union Ward 1 Box 1,Union - Union Ward 1 Box 1,UNION - UNION WARD 1 BOX 1,242645.458659,0.011336,4
089,Williamsburg,VTD 1,450891,Williamsburg - VTD 1,WILLIAMSBURG - VTD 1,57295294.606446,Williamsburg,089,Hebron,Williamsburg - Hebron,WILLIAMSBURG - HEBRON,57281775.832157,0.999764,1
089,Williamsburg,VTD 1,450891,Williamsburg - VTD 1,WILLIAMSBURG - VTD 1,57295294.606446,Williamsburg,089,Black River,Williamsburg - Black River,WILLIAMSBURG - BLACK RIVER,13478.886458,0.000235,2
089,Williamsburg,VTD 2,450892,Williamsburg - VTD 2,WILLIAMSBURG - VTD 2,23950031.629176,Williamsburg,089,Pergamos,Williamsburg - Pergamos,WILLIAMSBURG - PERGAMOS,23950031.618916,1.000000,1
089,Williamsburg,VTD 4,450894,Williamsburg - VTD 4,WILLIAMSBURG - VTD 4,35194994.279636,Williamsburg,089,Black River,Williamsburg - Black River,WILLIAMSBURG - BLACK RIVER,35073285.935746,0.996542,1
089,Williamsburg,VTD 4,450894,Williamsburg - VTD 4,WILLIAMSBURG - VTD 4,35194994.279636,Williamsburg,089,Kingstree No. 1,Williamsburg - Kingstree No. 1,WILLIAMSBURG - KINGSTREE NO. 1,121708.343890,0.003458,2
089,Williamsburg,VTD 3,450893,Williamsburg - VTD 3,WILLIAMSBURG - VTD 3,26476329.515559,Williamsburg,089,Black River,Williamsburg - Black River,WILLIAMSBURG - BLACK RIVER,26476301.983253,0.999999,1
089,Williamsburg,VTD 12,4508912,Williamsburg - VTD 12,WILLIAMSBURG - VTD 12,78013945.510347,Williamsburg,089,Mount Vernon,Williamsburg - Mount Vernon,WILLIAMSBURG - MOUNT VERNON,77861239.422251,0.998043,1
089,Williamsburg,VTD 12,4508912,Williamsburg - VTD 12,WILLIAMSBURG - VTD 12,78013945.510347,Williamsburg,089,Kingstree No. 1,Williamsburg - Kingstree No. 1,WILLIAMSBURG - KINGSTREE NO. 1,152706.088096,0.001957,2
089,Williamsburg,VTD 13,4508913,Williamsburg - VTD 13,WILLIAMSBURG - VTD 13,111671955.953076,Williamsburg,089,Kingstree No. 1,Williamsburg - Kingstree No. 1,WILLIAMSBURG - KINGSTREE NO. 1,111596762.421103,0.999327,1
089,Williamsburg,VTD 13,4508913,Williamsburg - VTD 13,WILLIAMSBURG - VTD 13,111671955.953076,Williamsburg,089,Mount Vernon,Williamsburg - Mount Vernon,WILLIAMSBURG - MOUNT VERNON,55023.214428,0.000493,2
089,Williamsburg,VTD 13,4508913,Williamsburg - VTD 13,WILLIAMSBURG - VTD 13,111671955.953076,Williamsburg,089,Sandy Bay,Williamsburg - Sandy Bay,WILLIAMSBURG - SANDY BAY,20170.317546,0.000181,3
089,Williamsburg,VTD 5,450895,Williamsburg - VTD 5,WILLIAMSBURG - VTD 5,56468009.263737,Williamsburg,089,Sandy Bay,Williamsburg - Sandy Bay,WILLIAMSBURG - SANDY BAY,55870752.075680,0.989423,1
089,Williamsburg,VTD 5,450895,Williamsburg - VTD 5,WILLIAMSBURG - VTD 5,56468009.263737,Williamsburg,089,Cades,Williamsburg - Cades,WILLIAMSBURG - CADES,402448.403170,0.007127,2
089,Williamsburg,VTD 5,450895,Williamsburg - VTD 5,WILLIAMSBURG - VTD 5,56468009.263737,Williamsburg,089,Hebron,Williamsburg - Hebron,WILLIAMSBURG - HEBRON,194808.784887,0.003450,3
089,Williamsburg,VTD 6,450896,Williamsburg - VTD 6,WILLIAMSBURG - VTD 6,102381940.955817,Williamsburg,089,Cades,Williamsburg - Cades,WILLIAMSBURG - CADES,83944143.372668,0.819912,1
089,Williamsburg,VTD 6,450896,Williamsburg - VTD 6,WILLIAMSBURG - VTD 6,102381940.955817,Williamsburg,089,031,Williamsburg - 031,WILLIAMSBURG - 031,12857279.023684,0.125582,2
089,Williamsburg,VTD 6,450896,Williamsburg - VTD 6,WILLIAMSBURG - VTD 6,102381940.955817,Williamsburg,089,Sandy Bay,Williamsburg - Sandy Bay,WILLIAMSBURG - SANDY BAY,3469169.453727,0.033885,3
089,Williamsburg,VTD 6,450896,Williamsburg - VTD 6,WILLIAMSBURG - VTD 6,102381940.955817,Williamsburg,089,Kingstree No. 3,Williamsburg - Kingstree No. 3,WILLIAMSBURG - KINGSTREE NO. 3,2111349.105738,0.020622,4
089,Williamsburg,VTD 7,450897,Williamsburg - VTD 7,WILLIAMSBURG - VTD 7,61385854.728383,Williamsburg,089,031,Williamsburg - 031,WILLIAMSBURG - 031,61385852.322240,1.000000,1
089,Williamsburg,VTD 8,450898,Williamsburg - VTD 8,WILLIAMSBURG - VTD 8,29578301.023245,Williamsburg,089,Hemmingway,Williamsburg - Hemmingway,WILLIAMSBURG - HEMMINGWAY,29578301.002700,1.000000,1
089,Williamsburg,VTD 16,4508916,Williamsburg - VTD 16,WILLIAMSBURG - VTD 16,138500339.248336,Williamsburg,089,Indiantown,Williamsburg - Indiantown,WILLIAMSBURG - INDIANTOWN,134946173.092175,0.974338,1
089,Williamsburg,VTD 16,4508916,Williamsburg - VTD 16,WILLIAMSBURG - VTD 16,138500339.248336,Williamsburg,089,Kingstree No. 3,Williamsburg - Kingstree No. 3,WILLIAMSBURG - KINGSTREE NO. 3,3554166.156161,0.025662,2
089,Williamsburg,VTD 9,450899,Williamsburg - VTD 9,WILLIAMSBURG - VTD 9,22454718.694154,Williamsburg,089,Hemmingway,Williamsburg - Hemmingway,WILLIAMSBURG - HEMMINGWAY,21538737.812572,0.959208,1
089,Williamsburg,VTD 9,450899,Williamsburg - VTD 9,WILLIAMSBURG - VTD 9,22454718.694154,Williamsburg,089,Muddy Creek,Williamsburg - Muddy Creek,WILLIAMSBURG - MUDDY CREEK,915972.775813,0.040792,2
089,Williamsburg,VTD 35,4508935,Williamsburg - VTD 35,WILLIAMSBURG - VTD 35,79673411.347988,Williamsburg,089,Nesmith,Williamsburg - Nesmith,WILLIAMSBURG - NESMITH,79635707.077966,0.999527,1
089,Williamsburg,VTD 35,4508935,Williamsburg - VTD 35,WILLIAMSBURG - VTD 35,79673411.347988,Williamsburg,089,Cedar Swamp,Williamsburg - Cedar Swamp,WILLIAMSBURG - CEDAR SWAMP,37704.270021,0.000473,2
089,Williamsburg,VTD 10,4508910,Williamsburg - VTD 10,WILLIAMSBURG - VTD 10,5317086.636399,Williamsburg,089,Muddy Creek,Williamsburg - Muddy Creek,WILLIAMSBURG - MUDDY CREEK,5317084.797671,1.000000,1
089,Williamsburg,VTD 11,4508911,Williamsburg - VTD 11,WILLIAMSBURG - VTD 11,63923471.138645,Williamsburg,089,Muddy Creek,Williamsburg - Muddy Creek,WILLIAMSBURG - MUDDY CREEK,63923469.837870,1.000000,1
089,Williamsburg,VTD 17,4508917,Williamsburg - VTD 17,WILLIAMSBURG - VTD 17,83198154.126954,Williamsburg,089,Henry Poplar Hl,Williamsburg - Henry Poplar Hl,WILLIAMSBURG - HENRY POPLAR HL,76695142.964696,0.921837,1
089,Williamsburg,VTD 17,4508917,Williamsburg - VTD 17,WILLIAMSBURG - VTD 17,83198154.126954,Williamsburg,089,Muddy Creek,Williamsburg - Muddy Creek,WILLIAMSBURG - MUDDY CREEK,6426571.786306,0.077244,2
089,Williamsburg,VTD 17,4508917,Williamsburg - VTD 17,WILLIAMSBURG - VTD 17,83198154.126954,Williamsburg,089,Hemmingway,Williamsburg - Hemmingway,WILLIAMSBURG - HEMMINGWAY,76438.990092,0.000919,3
089,Williamsburg,VTD 34,4508934,Williamsburg - VTD 34,WILLIAMSBURG - VTD 34,80700300.239128,Williamsburg,089,Cedar Swamp,Williamsburg - Cedar Swamp,WILLIAMSBURG - CEDAR SWAMP,80700300.239128,1.000000,1
089,Williamsburg,VTD 15,4508915,Williamsburg - VTD 15,WILLIAMSBURG - VTD 15,144483085.762230,Williamsburg,089,Kingstree No. 3,Williamsburg - Kingstree No. 3,WILLIAMSBURG - KINGSTREE NO. 3,79842284.523213,0.552606,1
089,Williamsburg,VTD 15,4508915,Williamsburg - VTD 15,WILLIAMSBURG - VTD 15,144483085.762230,Williamsburg,089,Kingstree No. 4,Williamsburg - Kingstree No. 4,WILLIAMSBURG - KINGSTREE NO. 4,64628242.861527,0.447307,2
089,Williamsburg,VTD 14,4508914,Williamsburg - VTD 14,WILLIAMSBURG - VTD 14,3726230.153837,Williamsburg,089,Kingstree No. 2,Williamsburg - Kingstree No. 2,WILLIAMSBURG - KINGSTREE NO. 2,3726230.153837,1.000000,1
089,Williamsburg,VTD 18,4508918,Williamsburg - VTD 18,WILLIAMSBURG - VTD 18,173957347.819108,Williamsburg,089,Greeleyville,Williamsburg - Greeleyville,WILLIAMSBURG - GREELEYVILLE,172102718.688800,0.989339,1
089,Williamsburg,VTD 18,4508918,Williamsburg - VTD 18,WILLIAMSBURG - VTD 18,173957347.819108,Williamsburg,089,Mount Vernon,Williamsburg - Mount Vernon,WILLIAMSBURG - MOUNT VERNON,1715560.926299,0.009862,2
089,Williamsburg,VTD 18,4508918,Williamsburg - VTD 18,WILLIAMSBURG - VTD 18,173957347.819108,Williamsburg,089,Lane,Williamsburg - Lane,WILLIAMSBURG - LANE,139056.447482,0.000799,3
089,Williamsburg,VTD 19,4508919,Williamsburg - VTD 19,WILLIAMSBURG - VTD 19,57678732.162593,Williamsburg,089,Salters,Williamsburg - Salters,WILLIAMSBURG - SALTERS,57678732.162593,1.000000,1
089,Williamsburg,VTD 24,4508924,Williamsburg - VTD 24,WILLIAMSBURG - VTD 24,147863048.558051,Williamsburg,089,Lane,Williamsburg - Lane,WILLIAMSBURG - LANE,147655252.091545,0.998595,1
089,Williamsburg,VTD 24,4508924,Williamsburg - VTD 24,WILLIAMSBURG - VTD 24,147863048.558051,Williamsburg,089,Suttons,Williamsburg - Suttons,WILLIAMSBURG - SUTTONS,207795.332246,0.001405,2
089,Williamsburg,VTD 30,4508930,Williamsburg - VTD 30,WILLIAMSBURG - VTD 30,129508770.540773,Williamsburg,089,Suttons,Williamsburg - Suttons,WILLIAMSBURG - SUTTONS,129350661.053994,0.998779,1
089,Williamsburg,VTD 30,4508930,Williamsburg - VTD 30,WILLIAMSBURG - VTD 30,129508770.540773,Williamsburg,089,Lane,Williamsburg - Lane,WILLIAMSBURG - LANE,158101.674045,0.001221,2
089,Williamsburg,VTD 31,4508931,Williamsburg - VTD 31,WILLIAMSBURG - VTD 31,48421765.438104,Williamsburg,089,Suttons,Williamsburg - Suttons,WILLIAMSBURG - SUTTONS,48421736.938383,0.999999,1
089,Williamsburg,VTD 32,4508932,Williamsburg - VTD 32,WILLIAMSBURG - VTD 32,45299346.567736,Williamsburg,089,Earles,Williamsburg - Earles,WILLIAMSBURG - EARLES,43952988.599334,0.970279,1
089,Williamsburg,VTD 32,4508932,Williamsburg - VTD 32,WILLIAMSBURG - VTD 32,45299346.567736,Williamsburg,089,Trio,Williamsburg - Trio,WILLIAMSBURG - TRIO,1346353.368553,0.029721,2
089,Williamsburg,VTD 33,4508933,Williamsburg - VTD 33,WILLIAMSBURG - VTD 33,30257881.169096,Williamsburg,089,Earles,Williamsburg - Earles,WILLIAMSBURG - EARLES,30228879.125642,0.999042,1
089,Williamsburg,VTD 33,4508933,Williamsburg - VTD 33,WILLIAMSBURG - VTD 33,30257881.169096,Williamsburg,089,Harmony,Williamsburg - Harmony,WILLIAMSBURG - HARMONY,28998.743994,0.000958,2
089,Williamsburg,VTD 29,4508929,Williamsburg - VTD 29,WILLIAMSBURG - VTD 29,46206057.056554,Williamsburg,089,Harmony,Williamsburg - Harmony,WILLIAMSBURG - HARMONY,46082750.994067,0.997331,1
089,Williamsburg,VTD 29,4508929,Williamsburg - VTD 29,WILLIAMSBURG - VTD 29,46206057.056554,Williamsburg,089,Bloomingvale,Williamsburg - Bloomingvale,WILLIAMSBURG - BLOOMINGVALE,123306.010941,0.002669,2
089,Williamsburg,VTD 28,4508928,Williamsburg - VTD 28,WILLIAMSBURG - VTD 28,81362319.080017,Williamsburg,089,Trio,Williamsburg - Trio,WILLIAMSBURG - TRIO,81362319.080017,1.000000,1
089,Williamsburg,VTD 26,4508926,Williamsburg - VTD 26,WILLIAMSBURG - VTD 26,36088926.983912,Williamsburg,089,Piney Forest,Williamsburg - Piney Forest,WILLIAMSBURG - PINEY FOREST,26021737.066619,0.721045,1
089,Williamsburg,VTD 26,4508926,Williamsburg - VTD 26,WILLIAMSBURG - VTD 26,36088926.983912,Williamsburg,089,Bloomingvale,Williamsburg - Bloomingvale,WILLIAMSBURG - BLOOMINGVALE,9935834.098517,0.275315,2
089,Williamsburg,VTD 26,4508926,Williamsburg - VTD 26,WILLIAMSBURG - VTD 26,36088926.983912,Williamsburg,089,Morrisville,Williamsburg - Morrisville,WILLIAMSBURG - MORRISVILLE,107502.866938,0.002979,3
089,Williamsburg,VTD 26,4508926,Williamsburg - VTD 26,WILLIAMSBURG - VTD 26,36088926.983912,Williamsburg,089,Harmony,Williamsburg - Harmony,WILLIAMSBURG - HARMONY,23847.703196,0.000661,4
089,Williamsburg,VTD 23,4508923,Williamsburg - VTD 23,WILLIAMSBURG - VTD 23,63576988.090613,Williamsburg,089,Morrisville,Williamsburg - Morrisville,WILLIAMSBURG - MORRISVILLE,63159193.627234,0.993429,1
089,Williamsburg,VTD 23,4508923,Williamsburg - VTD 23,WILLIAMSBURG - VTD 23,63576988.090613,Williamsburg,089,Piney Forest,Williamsburg - Piney Forest,WILLIAMSBURG - PINEY FOREST,394333.975207,0.006202,2
089,Williamsburg,VTD 23,4508923,Williamsburg - VTD 23,WILLIAMSBURG - VTD 23,63576988.090613,Williamsburg,089,Nesmith,Williamsburg - Nesmith,WILLIAMSBURG - NESMITH,23453.269371,0.000369,3
089,Williamsburg,VTD 22,4508922,Williamsburg - VTD 22,WILLIAMSBURG - VTD 22,144496729.675000,Williamsburg,089,Bloomingvale,Williamsburg - Bloomingvale,WILLIAMSBURG - BLOOMINGVALE,144106478.692927,0.997299,1
089,Williamsburg,VTD 22,4508922,Williamsburg - VTD 22,WILLIAMSBURG - VTD 22,144496729.675000,Williamsburg,089,Central,Williamsburg - Central,WILLIAMSBURG - CENTRAL,390250.982073,0.002701,2
089,Williamsburg,VTD 21,4508921,Williamsburg - VTD 21,WILLIAMSBURG - VTD 21,43863375.211924,Williamsburg,089,Central,Williamsburg - Central,WILLIAMSBURG - CENTRAL,43863375.211924,1.000000,1
089,Williamsburg,VTD 20,4508920,Williamsburg - VTD 20,WILLIAMSBURG - VTD 20,36300149.132770,Williamsburg,089,Central,Williamsburg - Central,WILLIAMSBURG - CENTRAL,36300149.132770,1.000000,1
089,Williamsburg,VTD 25,4508925,Williamsburg - VTD 25,WILLIAMSBURG - VTD 25,73045610.315429,Williamsburg,089,Salters,Williamsburg - Salters,WILLIAMSBURG - SALTERS,72966050.413427,0.998911,1
089,Williamsburg,VTD 25,4508925,Williamsburg - VTD 25,WILLIAMSBURG - VTD 25,73045610.315429,Williamsburg,089,Central,Williamsburg - Central,WILLIAMSBURG - CENTRAL,79559.902001,0.001089,2
089,Williamsburg,VTD 27,4508927,Williamsburg - VTD 27,WILLIAMSBURG - VTD 27,64609054.312654,Williamsburg,089,Trio,Williamsburg - Trio,WILLIAMSBURG - TRIO,63941867.401649,0.989673,1
089,Williamsburg,VTD 27,4508927,Williamsburg - VTD 27,WILLIAMSBURG - VTD 27,64609054.312654,Williamsburg,089,Salters,Williamsburg - Salters,WILLIAMSBURG - SALTERS,667186.911004,0.010327,2
091,York,VTD 53,4509153,York - VTD 53,YORK - VTD 53,5759962.555869,York,091,Ebenezer,York - Ebenezer,YORK - EBENEZER,3068166.259752,0.532671,1
091,York,VTD 53,4509153,York - VTD 53,YORK - VTD 53,5759962.555869,York,091,Hollis Lakes,York - Hollis Lakes,YORK - HOLLIS LAKES,2691796.296102,0.467329,2
091,York,VTD 30,4509130,York - VTD 30,YORK - VTD 30,42777496.040452,York,091,Sharon,York - Sharon,YORK - SHARON,32365538.579081,0.756602,1
091,York,VTD 30,4509130,York - VTD 30,YORK - VTD 30,42777496.040452,York,091,Bullocks Creek,York - Bullocks Creek,YORK - BULLOCKS CREEK,10411957.461371,0.243398,2
091,York,VTD 47,4509147,York - VTD 47,YORK - VTD 47,74375449.326161,York,091,McConnells,York - McConnells,YORK - MCCONNELLS,74375449.326161,1.000000,1
091,York,VTD 48,4509148,York - VTD 48,YORK - VTD 48,53475774.891132,York,091,McConnells,York - McConnells,YORK - MCCONNELLS,53475774.891132,1.000000,1
091,York,VTD 50,4509150,York - VTD 50,YORK - VTD 50,35143361.012635,York,091,Ogden,York - Ogden,YORK - OGDEN,35143361.012635,1.000000,1
091,York,VTD 71,4509171,York - VTD 71,YORK - VTD 71,51841918.173348,York,091,Ferry Branch,York - Ferry Branch,YORK - FERRY BRANCH,20605421.011859,0.397466,1
091,York,VTD 71,4509171,York - VTD 71,YORK - VTD 71,51841918.173348,York,091,Catawba,York - Catawba,YORK - CATAWBA,13173966.376928,0.254118,2
091,York,VTD 71,4509171,York - VTD 71,YORK - VTD 71,51841918.173348,York,091,Six Mile,York - Six Mile,YORK - SIX MILE,10677524.956537,0.205963,3
091,York,VTD 71,4509171,York - VTD 71,YORK - VTD 71,51841918.173348,York,091,Lesslie,York - Lesslie,YORK - LESSLIE,7385004.720260,0.142452,4
091,York,VTD 69,4509169,York - VTD 69,YORK - VTD 69,23438630.217678,York,091,Independence,York - Independence,YORK - INDEPENDENCE,17326015.779038,0.739208,1
091,York,VTD 69,4509169,York - VTD 69,YORK - VTD 69,23438630.217678,York,091,Neelys Creek,York - Neelys Creek,YORK - NEELYS CREEK,5103790.398677,0.217751,2
091,York,VTD 69,4509169,York - VTD 69,YORK - VTD 69,23438630.217678,York,091,Lesslie,York - Lesslie,YORK - LESSLIE,1007274.525208,0.042975,3
091,York,VTD 65,4509165,York - VTD 65,YORK - VTD 65,27058886.212264,York,091,Ogden,York - Ogden,YORK - OGDEN,27036008.229756,0.999155,1
091,York,VTD 65,4509165,York - VTD 65,YORK - VTD 65,27058886.212264,York,091,Mt. Holly,York - Mt. Holly,YORK - MT. HOLLY,12750.477746,0.000471,2
091,York,VTD 65,4509165,York - VTD 65,YORK - VTD 65,27058886.212264,York,091,Edgewood,York - Edgewood,YORK - EDGEWOOD,10127.504762,0.000374,3
091,York,VTD 60,4509160,York - VTD 60,YORK - VTD 60,6440526.038554,York,091,Edgewood,York - Edgewood,YORK - EDGEWOOD,5921505.809567,0.919413,1
091,York,VTD 60,4509160,York - VTD 60,YORK - VTD 60,6440526.038554,York,091,Ogden,York - Ogden,YORK - OGDEN,335294.591760,0.052060,2
091,York,VTD 60,4509160,York - VTD 60,YORK - VTD 60,6440526.038554,York,091,Rock Hill No. 3,York - Rock Hill No. 3,YORK - ROCK HILL NO. 3,181028.782992,0.028108,3
091,York,VTD 60,4509160,York - VTD 60,YORK - VTD 60,6440526.038554,York,091,Rock Hill No. 8,York - Rock Hill No. 8,YORK - ROCK HILL NO. 8,2696.854235,0.000419,4
091,York,VTD 66,4509166,York - VTD 66,YORK - VTD 66,32001064.682877,York,091,Mt. Holly,York - Mt. Holly,YORK - MT. HOLLY,31915627.519188,0.997330,1
091,York,VTD 66,4509166,York - VTD 66,YORK - VTD 66,32001064.682877,York,091,Rock Hill No. 8,York - Rock Hill No. 8,YORK - ROCK HILL NO. 8,71870.546652,0.002246,2
091,York,VTD 66,4509166,York - VTD 66,YORK - VTD 66,32001064.682877,York,091,Edgewood,York - Edgewood,YORK - EDGEWOOD,13566.575566,0.000424,3
091,York,VTD 72,4509172,York - VTD 72,YORK - VTD 72,23437593.220993,York,091,Catawba,York - Catawba,YORK - CATAWBA,23432951.223000,0.999802,1
091,York,VTD 72,4509172,York - VTD 72,YORK - VTD 72,23437593.220993,York,091,Mt. Holly,York - Mt. Holly,YORK - MT. HOLLY,4641.513734,0.000198,2
091,York,VTD 73,4509173,York - VTD 73,YORK - VTD 73,15735186.463030,York,091,Catawba,York - Catawba,YORK - CATAWBA,14786782.169315,0.939727,1
091,York,VTD 73,4509173,York - VTD 73,YORK - VTD 73,15735186.463030,York,091,Lesslie,York - Lesslie,YORK - LESSLIE,853325.087222,0.054230,2
091,York,VTD 73,4509173,York - VTD 73,YORK - VTD 73,15735186.463030,York,091,Neelys Creek,York - Neelys Creek,YORK - NEELYS CREEK,95078.829076,0.006042,3
091,York,VTD 67,4509167,York - VTD 67,YORK - VTD 67,10121728.268253,York,091,Rock Hill No. 8,York - Rock Hill No. 8,YORK - ROCK HILL NO. 8,9962980.551218,0.984316,1
091,York,VTD 67,4509167,York - VTD 67,YORK - VTD 67,10121728.268253,York,091,Edgewood,York - Edgewood,YORK - EDGEWOOD,87573.301198,0.008652,2
091,York,VTD 67,4509167,York - VTD 67,YORK - VTD 67,10121728.268253,York,091,Rock Hill No. 6,York - Rock Hill No. 6,YORK - ROCK HILL NO. 6,71173.092876,0.007032,3
091,York,VTD 59,4509159,York - VTD 59,YORK - VTD 59,5426793.381347,York,091,Rock Hill No. 3,York - Rock Hill No. 3,YORK - ROCK HILL NO. 3,5426009.281215,0.999856,1
091,York,VTD 59,4509159,York - VTD 59,YORK - VTD 59,5426793.381347,York,091,Oak Ridge,York - Oak Ridge,YORK - OAK RIDGE,784.100131,0.000144,2
091,York,VTD 34,4509134,York - VTD 34,YORK - VTD 34,34574236.828953,York,091,Delphia,York - Delphia,YORK - DELPHIA,34572446.402147,0.999948,1
091,York,VTD 32,4509132,York - VTD 32,YORK - VTD 32,52887475.615911,York,091,Delphia,York - Delphia,YORK - DELPHIA,47912247.132393,0.905928,1
091,York,VTD 32,4509132,York - VTD 32,YORK - VTD 32,52887475.615911,York,091,York No. 1,York - York No. 1,YORK - YORK NO. 1,4975221.921863,0.094072,2
091,York,VTD 33,4509133,York - VTD 33,YORK - VTD 33,17360097.069074,York,091,York No. 2,York - York No. 2,YORK - YORK NO. 2,17360097.069074,1.000000,1
091,York,VTD 35,4509135,York - VTD 35,YORK - VTD 35,23472487.443271,York,091,Tirzah,York - Tirzah,YORK - TIRZAH,21127379.832626,0.900091,1
091,York,VTD 35,4509135,York - VTD 35,YORK - VTD 35,23472487.443271,York,091,Adnah,York - Adnah,YORK - ADNAH,1540814.145443,0.065643,2
091,York,VTD 35,4509135,York - VTD 35,YORK - VTD 35,23472487.443271,York,091,Harvest,York - Harvest,YORK - HARVEST,522760.628266,0.022271,3
091,York,VTD 35,4509135,York - VTD 35,YORK - VTD 35,23472487.443271,York,091,Tools Fork,York - Tools Fork,YORK - TOOLS FORK,281526.183036,0.011994,4
091,York,VTD 36,4509136,York - VTD 36,YORK - VTD 36,26112521.066069,York,091,Newport,York - Newport,YORK - NEWPORT,8928064.368316,0.341907,1
091,York,VTD 36,4509136,York - VTD 36,YORK - VTD 36,26112521.066069,York,091,Harvest,York - Harvest,YORK - HARVEST,5920955.817009,0.226748,2
091,York,VTD 36,4509136,York - VTD 36,YORK - VTD 36,26112521.066069,York,091,Adnah,York - Adnah,YORK - ADNAH,5051363.192205,0.193446,3
091,York,VTD 36,4509136,York - VTD 36,YORK - VTD 36,26112521.066069,York,091,Old Pointe,York - Old Pointe,YORK - OLD POINTE,4393293.262583,0.168245,4
091,York,VTD 36,4509136,York - VTD 36,YORK - VTD 36,26112521.066069,York,091,Tirzah,York - Tirzah,YORK - TIRZAH,1806223.712119,0.069171,5
091,York,VTD 36,4509136,York - VTD 36,YORK - VTD 36,26112521.066069,York,091,Ebinport,York - Ebinport,YORK - EBINPORT,9699.088662,0.000371,6
091,York,VTD 36,4509136,York - VTD 36,YORK - VTD 36,26112521.066069,York,091,Tools Fork,York - Tools Fork,YORK - TOOLS FORK,2921.625175,0.000112,7
091,York,VTD 1,450911,York - VTD 1,YORK - VTD 1,40402540.232365,York,091,Bethany,York - Bethany,YORK - BETHANY,40402538.780486,1.000000,1
091,York,VTD 10,4509110,York - VTD 10,YORK - VTD 10,29055394.526761,York,091,Smyrna,York - Smyrna,YORK - SMYRNA,29055394.458127,1.000000,1
091,York,VTD 2,450912,York - VTD 2,YORK - VTD 2,71478891.326421,York,091,Bethany,York - Bethany,YORK - BETHANY,71478891.326421,1.000000,1
091,York,VTD 3,450913,York - VTD 3,YORK - VTD 3,32323385.695567,York,091,Bowling Green,York - Bowling Green,YORK - BOWLING GREEN,32310432.454585,0.999599,1
091,York,VTD 3,450913,York - VTD 3,YORK - VTD 3,32323385.695567,York,091,Mill Creek,York - Mill Creek,YORK - MILL CREEK,9317.812835,0.000288,2
091,York,VTD 3,450913,York - VTD 3,YORK - VTD 3,32323385.695567,York,091,Bethany,York - Bethany,YORK - BETHANY,3574.144241,0.000111,3
091,York,VTD 4,450914,York - VTD 4,YORK - VTD 4,33345921.331394,York,091,Mill Creek,York - Mill Creek,YORK - MILL CREEK,12454352.211291,0.373490,1
091,York,VTD 4,450914,York - VTD 4,YORK - VTD 4,33345921.331394,York,091,Bethel No. 1,York - Bethel No. 1,YORK - BETHEL NO. 1,8981171.636502,0.269333,2
091,York,VTD 4,450914,York - VTD 4,YORK - VTD 4,33345921.331394,York,091,Pole Branch,York - Pole Branch,YORK - POLE BRANCH,6380344.640890,0.191338,3
091,York,VTD 4,450914,York - VTD 4,YORK - VTD 4,33345921.331394,York,091,Wylie,York - Wylie,YORK - WYLIE,5519642.690596,0.165527,4
091,York,VTD 4,450914,York - VTD 4,YORK - VTD 4,33345921.331394,York,091,Bethel School,York - Bethel School,YORK - BETHEL SCHOOL,10378.849453,0.000311,5
091,York,VTD 8,450918,York - VTD 8,YORK - VTD 8,31812298.870997,York,091,Lakeshore,York - Lakeshore,YORK - LAKESHORE,28736310.569956,0.903308,1
091,York,VTD 8,450918,York - VTD 8,YORK - VTD 8,31812298.870997,York,091,Bethel No. 2,York - Bethel No. 2,YORK - BETHEL NO. 2,2348994.171311,0.073839,2
091,York,VTD 8,450918,York - VTD 8,YORK - VTD 8,31812298.870997,York,091,Pole Branch,York - Pole Branch,YORK - POLE BRANCH,726979.125280,0.022852,3
091,York,VTD 9,450919,York - VTD 9,YORK - VTD 9,3119510.400703,York,091,Bethel No. 2,York - Bethel No. 2,YORK - BETHEL NO. 2,3119510.400703,1.000000,1
091,York,VTD 23,4509123,York - VTD 23,YORK - VTD 23,9809522.734282,York,091,Carolina,York - Carolina,YORK - CAROLINA,8980879.160345,0.915527,1
091,York,VTD 23,4509123,York - VTD 23,YORK - VTD 23,9809522.734282,York,091,Fort Mill No. 5,York - Fort Mill No. 5,YORK - FORT MILL NO. 5,828643.573938,0.084473,2
091,York,VTD 26,4509126,York - VTD 26,YORK - VTD 26,13622882.992952,York,091,Orchard Park,York - Orchard Park,YORK - ORCHARD PARK,13622882.992952,1.000000,1
091,York,VTD 19,4509119,York - VTD 19,YORK - VTD 19,27267561.733509,York,091,Allison Creek,York - Allison Creek,YORK - ALLISON CREEK,27267561.733509,1.000000,1
091,York,VTD 11,4509111,York - VTD 11,YORK - VTD 11,40636473.608049,York,091,Smyrna,York - Smyrna,YORK - SMYRNA,28260662.390825,0.695451,1
091,York,VTD 11,4509111,York - VTD 11,YORK - VTD 11,40636473.608049,York,091,Hickory Grove,York - Hickory Grove,YORK - HICKORY GROVE,12375811.217224,0.304549,2
091,York,VTD 18,4509118,York - VTD 18,YORK - VTD 18,36121737.293037,York,091,New Home,York - New Home,YORK - NEW HOME,35898365.760106,0.993816,1
091,York,VTD 18,4509118,York - VTD 18,YORK - VTD 18,36121737.293037,York,091,Allison Creek,York - Allison Creek,YORK - ALLISON CREEK,223371.532932,0.006184,2
091,York,VTD 37,4509137,York - VTD 37,YORK - VTD 37,25562573.215043,York,091,Mt. Gallant,York - Mt. Gallant,YORK - MT. GALLANT,8932421.271102,0.349434,1
091,York,VTD 37,4509137,York - VTD 37,YORK - VTD 37,25562573.215043,York,091,Airport,York - Airport,YORK - AIRPORT,6162389.779385,0.241071,2
091,York,VTD 37,4509137,York - VTD 37,YORK - VTD 37,25562573.215043,York,091,Lakewood,York - Lakewood,YORK - LAKEWOOD,5890591.371434,0.230438,3
091,York,VTD 37,4509137,York - VTD 37,YORK - VTD 37,25562573.215043,York,091,Laurel Creek,York - Laurel Creek,YORK - LAUREL CREEK,3328294.366829,0.130202,4
091,York,VTD 37,4509137,York - VTD 37,YORK - VTD 37,25562573.215043,York,091,Allison Creek,York - Allison Creek,YORK - ALLISON CREEK,1153153.343279,0.045111,5
091,York,VTD 37,4509137,York - VTD 37,YORK - VTD 37,25562573.215043,York,091,Newport,York - Newport,YORK - NEWPORT,79489.988139,0.003110,6
091,York,VTD 37,4509137,York - VTD 37,YORK - VTD 37,25562573.215043,York,091,India Hook,York - India Hook,YORK - INDIA HOOK,14862.420503,0.000581,7
091,York,VTD 52,4509152,York - VTD 52,YORK - VTD 52,20970265.013080,York,091,Tools Fork,York - Tools Fork,YORK - TOOLS FORK,14383267.791118,0.685889,1
091,York,VTD 52,4509152,York - VTD 52,YORK - VTD 52,20970265.013080,York,091,Northernwestern,York - Northernwestern,YORK - NORTHERNWESTERN,6586980.305446,0.314110,2
091,York,VTD 29,4509129,York - VTD 29,YORK - VTD 29,66861939.636980,York,091,Hickory Grove,York - Hickory Grove,YORK - HICKORY GROVE,66861939.636980,1.000000,1
091,York,VTD 31,4509131,York - VTD 31,YORK - VTD 31,54834225.263837,York,091,Sharon,York - Sharon,YORK - SHARON,54834225.263837,1.000000,1
091,York,VTD 45,4509145,York - VTD 45,YORK - VTD 45,40955511.805890,York,091,Bullocks Creek,York - Bullocks Creek,YORK - BULLOCKS CREEK,40955511.805890,1.000000,1
091,York,VTD 46,4509146,York - VTD 46,YORK - VTD 46,55353690.079195,York,091,Bullocks Creek,York - Bullocks Creek,YORK - BULLOCKS CREEK,55353678.828288,1.000000,1
091,York,VTD 49,4509149,York - VTD 49,YORK - VTD 49,36071836.459586,York,091,Oak Ridge,York - Oak Ridge,YORK - OAK RIDGE,36071516.873010,0.999991,1
091,York,VTD 51,4509151,York - VTD 51,YORK - VTD 51,24349285.274639,York,091,Oak Ridge,York - Oak Ridge,YORK - OAK RIDGE,24303035.631790,0.998101,1
091,York,VTD 51,4509151,York - VTD 51,YORK - VTD 51,24349285.274639,York,091,Rock Hill No. 3,York - Rock Hill No. 3,YORK - ROCK HILL NO. 3,42805.150752,0.001758,2
091,York,VTD 51,4509151,York - VTD 51,YORK - VTD 51,24349285.274639,York,091,Edgewood,York - Edgewood,YORK - EDGEWOOD,3439.772178,0.000141,3
091,York,VTD 5,450915,York - VTD 5,YORK - VTD 5,27563608.830435,York,091,Clover No. 2,York - Clover No. 2,YORK - CLOVER NO. 2,27448789.643391,0.995834,1
091,York,VTD 5,450915,York - VTD 5,YORK - VTD 5,27563608.830435,York,091,Bethany,York - Bethany,YORK - BETHANY,114811.956043,0.004165,2
091,York,VTD 6,450916,York - VTD 6,YORK - VTD 6,34818280.140760,York,091,Clover No. 1,York - Clover No. 1,YORK - CLOVER NO. 1,34818280.140760,1.000000,1
091,York,VTD 7,450917,York - VTD 7,YORK - VTD 7,46905918.746610,York,091,Bethel School,York - Bethel School,YORK - BETHEL SCHOOL,46900015.849004,0.999874,1
091,York,VTD 7,450917,York - VTD 7,YORK - VTD 7,46905918.746610,York,091,Lakeshore,York - Lakeshore,YORK - LAKESHORE,5902.897606,0.000126,2
091,York,VTD 20,4509120,York - VTD 20,YORK - VTD 20,6526930.008082,York,091,Gold Hill,York - Gold Hill,YORK - GOLD HILL,3955528.718645,0.606032,1
091,York,VTD 20,4509120,York - VTD 20,YORK - VTD 20,6526930.008082,York,091,Windjammer,York - Windjammer,YORK - WINDJAMMER,2571396.154466,0.393967,2
091,York,VTD 25,4509125,York - VTD 25,YORK - VTD 25,11537139.355029,York,091,Palmetto,York - Palmetto,YORK - PALMETTO,6470034.501938,0.560801,1
091,York,VTD 25,4509125,York - VTD 25,YORK - VTD 25,11537139.355029,York,091,Shoreline,York - Shoreline,YORK - SHORELINE,2764507.906755,0.239618,2
091,York,VTD 25,4509125,York - VTD 25,YORK - VTD 25,11537139.355029,York,091,Tega Cay,York - Tega Cay,YORK - TEGA CAY,2262760.853770,0.196128,3
091,York,VTD 25,4509125,York - VTD 25,YORK - VTD 25,11537139.355029,York,091,Windjammer,York - Windjammer,YORK - WINDJAMMER,38020.409397,0.003295,4
091,York,VTD 25,4509125,York - VTD 25,YORK - VTD 25,11537139.355029,York,091,Orchard Park,York - Orchard Park,YORK - ORCHARD PARK,1815.683169,0.000157,5
091,York,VTD 21,4509121,York - VTD 21,YORK - VTD 21,12222073.164141,York,091,Pleasant Road,York - Pleasant Road,YORK - PLEASANT ROAD,5880265.566134,0.481119,1
091,York,VTD 21,4509121,York - VTD 21,YORK - VTD 21,12222073.164141,York,091,Gold Hill,York - Gold Hill,YORK - GOLD HILL,3185325.573895,0.260621,2
091,York,VTD 21,4509121,York - VTD 21,YORK - VTD 21,12222073.164141,York,091,Fort Mill No. 6,York - Fort Mill No. 6,YORK - FORT MILL NO. 6,1397062.401677,0.114306,3
091,York,VTD 21,4509121,York - VTD 21,YORK - VTD 21,12222073.164141,York,091,Waterstone,York - Waterstone,YORK - WATERSTONE,1353748.177583,0.110763,4
091,York,VTD 21,4509121,York - VTD 21,YORK - VTD 21,12222073.164141,York,091,Steele Creek,York - Steele Creek,YORK - STEELE CREEK,405671.323435,0.033192,5
091,York,VTD 22,4509122,York - VTD 22,YORK - VTD 22,8492816.419154,York,091,Steele Creek,York - Steele Creek,YORK - STEELE CREEK,7284835.725897,0.857764,1
091,York,VTD 22,4509122,York - VTD 22,YORK - VTD 22,8492816.419154,York,091,Fort Mill No. 6,York - Fort Mill No. 6,YORK - FORT MILL NO. 6,1194793.780615,0.140683,2
091,York,VTD 22,4509122,York - VTD 22,YORK - VTD 22,8492816.419154,York,091,Gold Hill,York - Gold Hill,YORK - GOLD HILL,13186.912642,0.001553,3
091,York,VTD 24,4509124,York - VTD 24,YORK - VTD 24,10004345.462037,York,091,Stateline,York - Stateline,YORK - STATELINE,4027078.727233,0.402533,1
091,York,VTD 24,4509124,York - VTD 24,YORK - VTD 24,10004345.462037,York,091,Fort Mill No. 5,York - Fort Mill No. 5,YORK - FORT MILL NO. 5,3023523.948628,0.302221,2
091,York,VTD 24,4509124,York - VTD 24,YORK - VTD 24,10004345.462037,York,091,Carolina,York - Carolina,YORK - CAROLINA,2337841.051868,0.233683,3
091,York,VTD 24,4509124,York - VTD 24,YORK - VTD 24,10004345.462037,York,091,Nation Ford,York - Nation Ford,YORK - NATION FORD,615889.513347,0.061562,4
091,York,VTD 27,4509127,York - VTD 27,YORK - VTD 27,19173116.756793,York,091,Riverview,York - Riverview,YORK - RIVERVIEW,10626835.880267,0.554257,1
091,York,VTD 27,4509127,York - VTD 27,YORK - VTD 27,19173116.756793,York,091,Fort Mill No. 3,York - Fort Mill No. 3,YORK - FORT MILL NO. 3,8524021.708531,0.444582,2
091,York,VTD 27,4509127,York - VTD 27,YORK - VTD 27,19173116.756793,York,091,Carolina,York - Carolina,YORK - CAROLINA,22259.167996,0.001161,3
091,York,VTD 28,4509128,York - VTD 28,YORK - VTD 28,14668678.022048,York,091,Springfield,York - Springfield,YORK - SPRINGFIELD,6674599.174316,0.455024,1
091,York,VTD 28,4509128,York - VTD 28,YORK - VTD 28,14668678.022048,York,091,Fort Mill No. 4,York - Fort Mill No. 4,YORK - FORT MILL NO. 4,5340840.926852,0.364098,2
091,York,VTD 28,4509128,York - VTD 28,YORK - VTD 28,14668678.022048,York,091,Nation Ford,York - Nation Ford,YORK - NATION FORD,2653236.944007,0.180878,3
091,York,VTD 12,4509112,York - VTD 12,YORK - VTD 12,38126632.234705,York,091,Hickory Grove,York - Hickory Grove,YORK - HICKORY GROVE,38126632.234705,1.000000,1
091,York,VTD 13,4509113,York - VTD 13,YORK - VTD 13,38684994.097820,York,091,Cotton Belt,York - Cotton Belt,YORK - COTTON BELT,31582312.687254,0.816397,1
091,York,VTD 13,4509113,York - VTD 13,YORK - VTD 13,38684994.097820,York,091,Hickory Grove,York - Hickory Grove,YORK - HICKORY GROVE,7102681.410566,0.183603,2
091,York,VTD 14,4509114,York - VTD 14,YORK - VTD 14,43792963.232512,York,091,Cotton Belt,York - Cotton Belt,YORK - COTTON BELT,43792963.232512,1.000000,1
091,York,VTD 15,4509115,York - VTD 15,YORK - VTD 15,36947328.831976,York,091,Filbert,York - Filbert,YORK - FILBERT,36943685.984805,0.999901,1
091,York,VTD 16,4509116,York - VTD 16,YORK - VTD 16,18378829.010795,York,091,York No. 1,York - York No. 1,YORK - YORK NO. 1,18376504.531774,0.999874,1
091,York,VTD 16,4509116,York - VTD 16,YORK - VTD 16,18378829.010795,York,091,Cotton Belt,York - Cotton Belt,YORK - COTTON BELT,1950.605502,0.000106,2
091,York,VTD 17,4509117,York - VTD 17,YORK - VTD 17,25578026.418972,York,091,Cannon Mill,York - Cannon Mill,YORK - CANNON MILL,19490428.200855,0.761999,1
091,York,VTD 17,4509117,York - VTD 17,YORK - VTD 17,25578026.418972,York,091,York No. 2,York - York No. 2,YORK - YORK NO. 2,5030170.383926,0.196660,2
091,York,VTD 17,4509117,York - VTD 17,YORK - VTD 17,25578026.418972,York,091,Tirzah,York - Tirzah,YORK - TIRZAH,1057427.834192,0.041341,3
091,York,VTD 62,4509162,York - VTD 62,YORK - VTD 62,1474124.092157,York,091,Rock Hill No. 6,York - Rock Hill No. 6,YORK - ROCK HILL NO. 6,1447605.266187,0.982010,1
091,York,VTD 62,4509162,York - VTD 62,YORK - VTD 62,1474124.092157,York,091,Rock Hill No. 8,York - Rock Hill No. 8,YORK - ROCK HILL NO. 8,26518.825970,0.017990,2
091,York,VTD 61,4509161,York - VTD 61,YORK - VTD 61,2368871.454744,York,091,Rock Hill No. 2,York - Rock Hill No. 2,YORK - ROCK HILL NO. 2,2135302.012192,0.901401,1
091,York,VTD 61,4509161,York - VTD 61,YORK - VTD 61,2368871.454744,York,091,Edgewood,York - Edgewood,YORK - EDGEWOOD,217422.321208,0.091783,2
091,York,VTD 61,4509161,York - VTD 61,YORK - VTD 61,2368871.454744,York,091,Rock Hill No. 3,York - Rock Hill No. 3,YORK - ROCK HILL NO. 3,16147.121344,0.006816,3
091,York,VTD 64,4509164,York - VTD 64,YORK - VTD 64,1987204.594513,York,091,Highland Park,York - Highland Park,YORK - HIGHLAND PARK,1987203.317090,0.999999,1
091,York,VTD 63,4509163,York - VTD 63,YORK - VTD 63,3806390.552083,York,091,Northside,York - Northside,YORK - NORTHSIDE,3786411.848778,0.994751,1
091,York,VTD 63,4509163,York - VTD 63,YORK - VTD 63,3806390.552083,York,091,Rock Hill No. 5,York - Rock Hill No. 5,YORK - ROCK HILL NO. 5,14106.356610,0.003706,2
091,York,VTD 63,4509163,York - VTD 63,YORK - VTD 63,3806390.552083,York,091,Rock Hill No. 3,York - Rock Hill No. 3,YORK - ROCK HILL NO. 3,5872.346695,0.001543,3
091,York,VTD 58,4509158,York - VTD 58,YORK - VTD 58,2341123.703191,York,091,Rock Hill No. 5,York - Rock Hill No. 5,YORK - ROCK HILL NO. 5,2340767.193841,0.999848,1
091,York,VTD 58,4509158,York - VTD 58,YORK - VTD 58,2341123.703191,York,091,Northside,York - Northside,YORK - NORTHSIDE,354.725584,0.000152,2
091,York,VTD 57,4509157,York - VTD 57,YORK - VTD 57,3902019.010897,York,091,University,York - University,YORK - UNIVERSITY,3897966.874387,0.998962,1
091,York,VTD 57,4509157,York - VTD 57,YORK - VTD 57,3902019.010897,York,091,Anderson Road,York - Anderson Road,YORK - ANDERSON ROAD,4052.136510,0.001038,2
091,York,VTD 56,4509156,York - VTD 56,YORK - VTD 56,2929612.208879,York,091,Rock Hill No. 7,York - Rock Hill No. 7,YORK - ROCK HILL NO. 7,2866998.916767,0.978627,1
091,York,VTD 56,4509156,York - VTD 56,YORK - VTD 56,2929612.208879,York,091,Rock Hill No. 5,York - Rock Hill No. 5,YORK - ROCK HILL NO. 5,49173.588645,0.016785,2
091,York,VTD 56,4509156,York - VTD 56,YORK - VTD 56,2929612.208879,York,091,Ebinport,York - Ebinport,YORK - EBINPORT,13439.703467,0.004588,3
091,York,VTD 55,4509155,York - VTD 55,YORK - VTD 55,1903033.006044,York,091,Fewell Park,York - Fewell Park,YORK - FEWELL PARK,1903033.006044,1.000000,1
091,York,VTD 40,4509140,York - VTD 40,YORK - VTD 40,2829990.208459,York,091,Oakwood,York - Oakwood,YORK - OAKWOOD,2829989.843389,1.000000,1
091,York,VTD 39,4509139,York - VTD 39,YORK - VTD 39,4506122.978406,York,091,Ebinport,York - Ebinport,YORK - EBINPORT,4504207.145317,0.999575,1
091,York,VTD 39,4509139,York - VTD 39,YORK - VTD 39,4506122.978406,York,091,Rock Hill No. 7,York - Rock Hill No. 7,YORK - ROCK HILL NO. 7,1915.833089,0.000425,2
091,York,VTD 42,4509142,York - VTD 42,YORK - VTD 42,8354159.705849,York,091,Anderson Road,York - Anderson Road,YORK - ANDERSON ROAD,8329160.835121,0.997008,1
091,York,VTD 42,4509142,York - VTD 42,YORK - VTD 42,8354159.705849,York,091,Manchester,York - Manchester,YORK - MANCHESTER,24998.870728,0.002992,2
091,York,VTD 68,4509168,York - VTD 68,YORK - VTD 68,19770021.855236,York,091,Hopewell,York - Hopewell,YORK - HOPEWELL,10901359.869501,0.551409,1
091,York,VTD 68,4509168,York - VTD 68,YORK - VTD 68,19770021.855236,York,091,Springdale,York - Springdale,YORK - SPRINGDALE,3731663.440369,0.188754,2
091,York,VTD 68,4509168,York - VTD 68,YORK - VTD 68,19770021.855236,York,091,Manchester,York - Manchester,YORK - MANCHESTER,3384420.645262,0.171190,3
091,York,VTD 68,4509168,York - VTD 68,YORK - VTD 68,19770021.855236,York,091,Friendship,York - Friendship,YORK - FRIENDSHIP,1634270.872970,0.082664,4
091,York,VTD 68,4509168,York - VTD 68,YORK - VTD 68,19770021.855236,York,091,Anderson Road,York - Anderson Road,YORK - ANDERSON ROAD,117790.341727,0.005958,5
091,York,VTD 70,4509170,York - VTD 70,YORK - VTD 70,28453313.054505,York,091,Friendship,York - Friendship,YORK - FRIENDSHIP,12820385.438698,0.450576,1
091,York,VTD 70,4509170,York - VTD 70,YORK - VTD 70,28453313.054505,York,091,Ferry Branch,York - Ferry Branch,YORK - FERRY BRANCH,6210949.900946,0.218286,2
091,York,VTD 70,4509170,York - VTD 70,YORK - VTD 70,28453313.054505,York,091,Six Mile,York - Six Mile,YORK - SIX MILE,3944002.057632,0.138613,3
091,York,VTD 70,4509170,York - VTD 70,YORK - VTD 70,28453313.054505,York,091,Neelys Creek,York - Neelys Creek,YORK - NEELYS CREEK,3052716.977821,0.107289,4
091,York,VTD 70,4509170,York - VTD 70,YORK - VTD 70,28453313.054505,York,091,Lesslie,York - Lesslie,YORK - LESSLIE,2425258.679407,0.085236,5
091,York,VTD 41,4509141,York - VTD 41,YORK - VTD 41,4214676.477408,York,091,Rosewood,York - Rosewood,YORK - ROSEWOOD,4208378.701479,0.998506,1
091,York,VTD 41,4509141,York - VTD 41,YORK - VTD 41,4214676.477408,York,091,India Hook,York - India Hook,YORK - INDIA HOOK,6297.775929,0.001494,2
091,York,VTD 38,4509138,York - VTD 38,YORK - VTD 38,7642770.534015,York,091,India Hook,York - India Hook,YORK - INDIA HOOK,7642195.955838,0.999925,1
091,York,VTD 43,4509143,York - VTD 43,YORK - VTD 43,10936961.662882,York,091,Anderson Road,York - Anderson Road,YORK - ANDERSON ROAD,10936960.125886,1.000000,1
091,York,VTD 44,4509144,York - VTD 44,YORK - VTD 44,38971589.036850,York,091,Fort Mill No. 2,York - Fort Mill No. 2,YORK - FORT MILL NO. 2,19529287.752766,0.501116,1
091,York,VTD 44,4509144,York - VTD 44,YORK - VTD 44,38971589.036850,York,091,Dobys Bridge,York - Dobys Bridge,YORK - DOBYS BRIDGE,12722723.843943,0.326462,2
091,York,VTD 44,4509144,York - VTD 44,YORK - VTD 44,38971589.036850,York,091,Fort Mill No. 1,York - Fort Mill No. 1,YORK - FORT MILL NO. 1,6718934.229766,0.172406,3
091,York,VTD 54,4509154,York - VTD 54,YORK - VTD 54,6879168.913282,York,091,Fairgrounds,York - Fairgrounds,YORK - FAIRGROUNDS,4095898.233266,0.595406,1
091,York,VTD 54,4509154,York - VTD 54,YORK - VTD 54,6879168.913282,York,091,Rock Hill No. 4,York - Rock Hill No. 4,YORK - ROCK HILL NO. 4,2690950.556582,0.391174,2
091,York,VTD 54,4509154,York - VTD 54,YORK - VTD 54,6879168.913282,York,091,Rock Hill No. 5,York - Rock Hill No. 5,YORK - ROCK HILL NO. 5,92314.748252,0.013419,3
