source_county_fips,source_county_name,source_name,source_id,source_key_display,source_key_norm,source_area_m2,target_county_name,target_county_fips,target_precinct,target_key_display,target_key_norm,overlap_area_m2,share_of_source,share_rank
053,Jasper,OAKATIE 2,45053000117,Jasper - OAKATIE 2,JASPER - OAKATIE 2,45470946.184847,Jasper,053,Okatie 2,JASPER - OKATIE 2,JASPER - OKATIE 2,43044915.731186,0.946647,1
053,Jasper,OAKATIE 2,45053000117,Jasper - OAKATIE 2,JASPER - OAKATIE 2,45470946.184847,Jasper,053,Sun City,JASPER - SUN CITY,JASPER - SUN CITY,2426030.417567,0.053353,2
053,Jasper,HARDEEVILLE 3,45053000116,Jasper - HARDEEVILLE 3,JASPER - HARDEEVILLE 3,44789918.660147,Jasper,053,Hardeeville 3,JASPER - HARDEEVILLE 3,JASPER - HARDEEVILLE 3,33328231.557358,0.744101,1
053,Jasper,HARDEEVILLE 3,45053000116,Jasper - HARDEEVILLE 3,JASPER - HARDEEVILLE 3,44789918.660147,Jasper,053,Margaritaville,JASPER - MARGARITAVILLE,JASPER - MARGARITAVILLE,11461687.102783,0.255899,2
015,Berkeley,Nexton,45015000097,Berkeley - Nexton,BERKELEY - NEXTON,5803740.983044,Berkeley,015,Nexton,BERKELEY - NEXTON,BERKELEY - NEXTON,5795314.929979,0.998548,1
015,Berkeley,Nexton,45015000097,Berkeley - Nexton,BERKELEY - NEXTON,5803740.983044,Berkeley,015,Tramway,BERKELEY - TRAMWAY,BERKELEY - TRAMWAY,7274.961884,0.001253,2
015,Berkeley,Boulder Bluff,45015000087,Berkeley - Boulder Bluff,BERKELEY - BOULDER BLUFF,2498949.131844,Berkeley,015,Boulder Bluff,BERKELEY - BOULDER BLUFF,BERKELEY - BOULDER BLUFF,2497866.872420,0.999567,1
015,Berkeley,Sedgefield 3,45015000100,Berkeley - Sedgefield 3,BERKELEY - SEDGEFIELD 3,659294.805542,Berkeley,015,Sedgefield 3,BERKELEY - SEDGEFIELD 3,BERKELEY - SEDGEFIELD 3,658766.223953,0.999198,1
015,Berkeley,Sedgefield 3,45015000100,Berkeley - Sedgefield 3,BERKELEY - SEDGEFIELD 3,659294.805542,Berkeley,015,Howe Hall 1,BERKELEY - HOWE HALL 1,BERKELEY - HOWE HALL 1,505.336528,0.000766,2
015,Berkeley,Pomflant,45015000099,Berkeley - Pomflant,BERKELEY - POMFLANT,24814903.990674,Berkeley,015,Pomflant,BERKELEY - POMFLANT,BERKELEY - POMFLANT,24794194.073918,0.999165,1
015,Berkeley,Cobblestone,45015000092,Berkeley - Cobblestone,BERKELEY - COBBLESTONE,2729718.145162,Berkeley,015,Cobblestone,BERKELEY - COBBLESTONE,BERKELEY - COBBLESTONE,2729712.597563,0.999998,1
015,Berkeley,Pine Grove,45015000098,Berkeley - Pine Grove,BERKELEY - PINE GROVE,12740709.578193,Berkeley,015,Pine Grove,BERKELEY - PINE GROVE,BERKELEY - PINE GROVE,12641494.634923,0.992213,1
015,Berkeley,Pine Grove,45015000098,Berkeley - Pine Grove,BERKELEY - PINE GROVE,12740709.578193,Berkeley,015,Bushy Park,BERKELEY - BUSHY PARK,BERKELEY - BUSHY PARK,66652.126036,0.005231,2
015,Berkeley,Pine Grove,45015000098,Berkeley - Pine Grove,BERKELEY - PINE GROVE,12740709.578193,Berkeley,015,Pomflant,BERKELEY - POMFLANT,BERKELEY - POMFLANT,32560.029333,0.002556,3
015,Berkeley,Cane Bay East,45015000089,Berkeley - Cane Bay East,BERKELEY - CANE BAY EAST,4575508.265193,Berkeley,015,Cane Bay East,BERKELEY - CANE BAY EAST,BERKELEY - CANE BAY EAST,4572066.169810,0.999248,1
015,Berkeley,Cane Bay East,45015000089,Berkeley - Cane Bay East,BERKELEY - CANE BAY EAST,4575508.265193,Berkeley,015,Live Oak,BERKELEY - LIVE OAK,BERKELEY - LIVE OAK,3415.411237,0.000746,2
015,Berkeley,Macedonia 2,45015000096,Berkeley - Macedonia 2,BERKELEY - MACEDONIA 2,48600616.850208,Berkeley,015,Macedonia 2,BERKELEY - MACEDONIA 2,BERKELEY - MACEDONIA 2,48594549.929689,0.999875,1
015,Berkeley,Wildcat Trail,45015000101,Berkeley - Wildcat Trail,BERKELEY - WILDCAT TRAIL,7330823.312202,Berkeley,015,Wildcat Trail,BERKELEY - WILDCAT TRAIL,BERKELEY - WILDCAT TRAIL,7326854.441866,0.999459,1
015,Berkeley,Cane Bay South,45015000091,Berkeley - Cane Bay South,BERKELEY - CANE BAY SOUTH,2261130.172615,Berkeley,015,Cane Bay South,BERKELEY - CANE BAY SOUTH,BERKELEY - CANE BAY SOUTH,2260179.664185,0.999580,1
041,Florence,Cowards No. 2,45041000007,Florence - Cowards No. 2,FLORENCE - COWARDS NO. 2,62432329.152690,Florence,041,Coward 2,FLORENCE - COWARD 2,FLORENCE - COWARD 2,62344427.074705,0.998592,1
041,Florence,Cowards No. 2,45041000007,Florence - Cowards No. 2,FLORENCE - COWARDS NO. 2,62432329.152690,Florence,041,Elim-glenwood,FLORENCE - ELIM-GLENWOOD,FLORENCE - ELIM-GLENWOOD,54094.031275,0.000866,2
041,Florence,Cowards No. 1,45041000006,Florence - Cowards No. 1,FLORENCE - COWARDS NO. 1,56365654.918481,Florence,041,Coward 1,FLORENCE - COWARD 1,FLORENCE - COWARD 1,56347874.612808,0.999685,1
041,Florence,Scranton,45041000055,Florence - Scranton,FLORENCE - SCRANTON,30678142.693694,Florence,041,Scranton,FLORENCE - SCRANTON,FLORENCE - SCRANTON,30678134.108903,1.000000,1
041,Florence,Salem,45041000053,Florence - Salem,FLORENCE - SALEM,37240008.165808,Florence,041,Salem,FLORENCE - SALEM,FLORENCE - SALEM,37240008.032526,1.000000,1
041,Florence,Ebenezer No. 2,45041000011,Florence - Ebenezer No. 2,FLORENCE - EBENEZER NO. 2,14123174.747841,Florence,041,Ebenezer 2,FLORENCE - EBENEZER 2,FLORENCE - EBENEZER 2,14088265.415662,0.997528,1
041,Florence,Ebenezer No. 2,45041000011,Florence - Ebenezer No. 2,FLORENCE - EBENEZER NO. 2,14123174.747841,Florence,041,Ebenezer 3,FLORENCE - EBENEZER 3,FLORENCE - EBENEZER 3,33412.287032,0.002366,2
041,Florence,High Hill,45041000035,Florence - High Hill,FLORENCE - HIGH HILL,42138414.172602,Florence,041,High Hill,FLORENCE - HIGH HILL,FLORENCE - HIGH HILL,42138414.172596,1.000000,1
041,Florence,Savannah Grove,45041000054,Florence - Savannah Grove,FLORENCE - SAVANNAH GROVE,35645328.055742,Florence,041,Savannah Grove,FLORENCE - SAVANNAH GROVE,FLORENCE - SAVANNAH GROVE,35599756.823604,0.998722,1
041,Florence,Savannah Grove,45041000054,Florence - Savannah Grove,FLORENCE - SAVANNAH GROVE,35645328.055742,Florence,041,Delmae 2,FLORENCE - DELMAE 2,FLORENCE - DELMAE 2,37453.389910,0.001051,2
041,Florence,Tans Bay,45041000059,Florence - Tans Bay,FLORENCE - TANS BAY,34339130.369526,Florence,041,Tans Bay,FLORENCE - TANS BAY,FLORENCE - TANS BAY,34333129.654964,0.999825,1
041,Florence,Timmonsville 1,45041000060,Florence - Timmonsville 1,FLORENCE - TIMMONSVILLE 1,20149838.704632,Florence,041,Timmonsville 1,FLORENCE - TIMMONSVILLE 1,FLORENCE - TIMMONSVILLE 1,19990126.476270,0.992074,1
057,Lancaster,Pleasant Hill,45057000020,Lancaster - Pleasant Hill,LANCASTER - PLEASANT HILL,56717550.610583,Lancaster,057,Pleasant Hill,LANCASTER - PLEASANT HILL,LANCASTER - PLEASANT HILL,56717550.610577,1.000000,1
057,Lancaster,Douglas,45057000006,Lancaster - Douglas,LANCASTER - DOUGLAS,99263301.971684,Lancaster,057,Douglas,LANCASTER - DOUGLAS,LANCASTER - DOUGLAS,99263301.971676,1.000000,1
057,Lancaster,Heath Springs,45057000011,Lancaster - Heath Springs,LANCASTER - HEATH SPRINGS,105537053.632574,Lancaster,057,Heath Springs,LANCASTER - HEATH SPRINGS,LANCASTER - HEATH SPRINGS,78464945.206719,0.743482,1
057,Lancaster,Heath Springs,45057000011,Lancaster - Heath Springs,LANCASTER - HEATH SPRINGS,105537053.632574,Lancaster,057,Rich Hill,LANCASTER - RICH HILL,LANCASTER - RICH HILL,27072108.425844,0.256518,2
057,Lancaster,Rich Hill,45057000022,Lancaster - Rich Hill,LANCASTER - RICH HILL,94713112.273839,Lancaster,057,Rich Hill,LANCASTER - RICH HILL,LANCASTER - RICH HILL,80286453.656955,0.847680,1
057,Lancaster,Rich Hill,45057000022,Lancaster - Rich Hill,LANCASTER - RICH HILL,94713112.273839,Lancaster,057,Flat Creek,LANCASTER - FLAT CREEK,LANCASTER - FLAT CREEK,14426658.616881,0.152320,2
057,Lancaster,Kershaw South,45057000015,Lancaster - Kershaw South,LANCASTER - KERSHAW SOUTH,74799236.893290,Lancaster,057,Kershaw,LANCASTER - KERSHAW,LANCASTER - KERSHAW,74799236.893283,1.000000,1
057,Lancaster,Carmel,45057000004,Lancaster - Carmel,LANCASTER - CARMEL,162153112.803502,Lancaster,057,Heath Springs,LANCASTER - HEATH SPRINGS,LANCASTER - HEATH SPRINGS,162153112.803495,1.000000,1
057,Lancaster,Kershaw North,45057000014,Lancaster - Kershaw North,LANCASTER - KERSHAW NORTH,40146537.627804,Lancaster,057,Kershaw,LANCASTER - KERSHAW,LANCASTER - KERSHAW,40146537.627802,1.000000,1
057,Lancaster,Midway,45057000019,Lancaster - Midway,LANCASTER - MIDWAY,155279896.480618,Lancaster,057,Flat Creek,LANCASTER - FLAT CREEK,LANCASTER - FLAT CREEK,155279896.480610,1.000000,1
041,Florence,Florence Ward 3,45041000018,Florence - Florence Ward 3,FLORENCE - FLORENCE WARD 3,3647330.719999,Florence,041,Florence Ward 3,FLORENCE - FLORENCE WARD 3,FLORENCE - FLORENCE WARD 3,3647323.141357,0.999998,1
041,Florence,Florence Ward 10,45041000026,Florence - Florence Ward 10,FLORENCE - FLORENCE WARD 10,2375371.044334,Florence,041,Florence Ward 10,FLORENCE - FLORENCE WARD 10,FLORENCE - FLORENCE WARD 10,2367666.516395,0.996756,1
041,Florence,Florence Ward 10,45041000026,Florence - Florence Ward 10,FLORENCE - FLORENCE WARD 10,2375371.044334,Florence,041,Florence Ward 9,FLORENCE - FLORENCE WARD 9,FLORENCE - FLORENCE WARD 9,6163.378205,0.002595,2
041,Florence,Florence Ward 10,45041000026,Florence - Florence Ward 10,FLORENCE - FLORENCE WARD 10,2375371.044334,Florence,041,Brookgreen,FLORENCE - BROOKGREEN,FLORENCE - BROOKGREEN,1540.669338,0.000649,3
041,Florence,Quinby,45041000052,Florence - Quinby,FLORENCE - QUINBY,13061738.317028,Florence,041,Quinby,FLORENCE - QUINBY,FLORENCE - QUINBY,13026545.969092,0.997306,1
041,Florence,Quinby,45041000052,Florence - Quinby,FLORENCE - QUINBY,13061738.317028,Florence,041,Back Swamp,FLORENCE - BACK SWAMP,FLORENCE - BACK SWAMP,18470.027171,0.001414,2
041,Florence,Quinby,45041000052,Florence - Quinby,FLORENCE - QUINBY,13061738.317028,Florence,041,Mars Bluff No. 2,FLORENCE - MARS BLUFF NO. 2,FLORENCE - MARS BLUFF NO. 2,16332.920423,0.001250,3
041,Florence,Florence Ward 9,45041000025,Florence - Florence Ward 9,FLORENCE - FLORENCE WARD 9,1643211.277422,Florence,041,Florence Ward 9,FLORENCE - FLORENCE WARD 9,FLORENCE - FLORENCE WARD 9,1643209.502726,0.999999,1
041,Florence,Florence Ward 1,45041000016,Florence - Florence Ward 1,FLORENCE - FLORENCE WARD 1,6019452.120609,Florence,041,Florence Ward 1,FLORENCE - FLORENCE WARD 1,FLORENCE - FLORENCE WARD 1,6019038.966857,0.999931,1
041,Florence,Mars Bluff No. 1,45041000043,Florence - Mars Bluff No. 1,FLORENCE - MARS BLUFF NO. 1,120996902.180002,Florence,041,Mars Bluff No. 1,FLORENCE - MARS BLUFF NO. 1,FLORENCE - MARS BLUFF NO. 1,120982747.329933,0.999883,1
041,Florence,Gilbert,45041000032,Florence - Gilbert,FLORENCE - GILBERT,27792888.276761,Florence,041,Gilbert,FLORENCE - GILBERT,FLORENCE - GILBERT,27760449.946096,0.998833,1
041,Florence,Gilbert,45041000032,Florence - Gilbert,FLORENCE - GILBERT,27792888.276761,Florence,041,Mars Bluff No. 2,FLORENCE - MARS BLUFF NO. 2,FLORENCE - MARS BLUFF NO. 2,26587.726189,0.000957,2
041,Florence,Delmae No. 2,45041000009,Florence - Delmae No. 2,FLORENCE - DELMAE NO. 2,4334046.838825,Florence,041,Delmae 2,FLORENCE - DELMAE 2,FLORENCE - DELMAE 2,4326362.382477,0.998227,1
041,Florence,Delmae No. 2,45041000009,Florence - Delmae No. 2,FLORENCE - DELMAE NO. 2,4334046.838825,Florence,041,Savannah Grove,FLORENCE - SAVANNAH GROVE,FLORENCE - SAVANNAH GROVE,7682.656628,0.001773,2
041,Florence,Delmae No. 1,45041000008,Florence - Delmae No. 1,FLORENCE - DELMAE NO. 1,3519021.157757,Florence,041,Delmae 1,FLORENCE - DELMAE 1,FLORENCE - DELMAE 1,3506537.563052,0.996453,1
041,Florence,Delmae No. 1,45041000008,Florence - Delmae No. 1,FLORENCE - DELMAE NO. 1,3519021.157757,Florence,041,Florence Ward 7,FLORENCE - FLORENCE WARD 7,FLORENCE - FLORENCE WARD 7,12477.402768,0.003546,2
041,Florence,Florence Ward 7,45041000023,Florence - Florence Ward 7,FLORENCE - FLORENCE WARD 7,3836301.676604,Florence,041,Florence Ward 7,FLORENCE - FLORENCE WARD 7,FLORENCE - FLORENCE WARD 7,3836284.106691,0.999995,1
041,Florence,Vox,45041000062,Florence - Vox,FLORENCE - VOX,42754628.309978,Florence,041,Vox,FLORENCE - VOX,FLORENCE - VOX,42754498.316275,0.999997,1
041,Florence,Prospect,45041000051,Florence - Prospect,FLORENCE - PROSPECT,37752337.634781,Florence,041,Prospect,FLORENCE - PROSPECT,FLORENCE - PROSPECT,37752337.634781,1.000000,1
041,Florence,Kingsburg-Stone,45041000037,Florence - Kingsburg-Stone,FLORENCE - KINGSBURG-STONE,111869647.796736,Florence,041,Kingsburg-stone,FLORENCE - KINGSBURG-STONE,FLORENCE - KINGSBURG-STONE,111866558.632774,0.999972,1
041,Florence,Lake City No. 3,45041000040,Florence - Lake City No. 3,FLORENCE - LAKE CITY NO. 3,17976833.452737,Florence,041,Lake City No. 3,FLORENCE - LAKE CITY NO. 3,FLORENCE - LAKE CITY NO. 3,17971148.314276,0.999684,1
041,Florence,Lake City No. 4,45041000041,Florence - Lake City No. 4,FLORENCE - LAKE CITY NO. 4,15861077.197833,Florence,041,Lake City No. 4,FLORENCE - LAKE CITY NO. 4,FLORENCE - LAKE CITY NO. 4,15861051.441570,0.999998,1
041,Florence,Olanta,45041000048,Florence - Olanta,FLORENCE - OLANTA,89372909.900327,Florence,041,Olanta,FLORENCE - OLANTA,FLORENCE - OLANTA,89372428.109827,0.999995,1
041,Florence,McAllister Mill,45041000045,Florence - McAllister Mill,FLORENCE - MCALLISTER MILL,36207978.933048,Florence,041,Mcallister Mill,FLORENCE - MCALLISTER MILL,FLORENCE - MCALLISTER MILL,36202704.787737,0.999854,1
041,Florence,Pamplico No. 1,45041000049,Florence - Pamplico No. 1,FLORENCE - PAMPLICO NO. 1,63904967.073508,Florence,041,Pamplico No. 1,FLORENCE - PAMPLICO NO. 1,FLORENCE - PAMPLICO NO. 1,63904935.133921,1.000000,1
041,Florence,Mars Bluff No. 2,45041000044,Florence - Mars Bluff No. 2,FLORENCE - MARS BLUFF NO. 2,94370263.470865,Florence,041,Mars Bluff No. 2,FLORENCE - MARS BLUFF NO. 2,FLORENCE - MARS BLUFF NO. 2,94363200.353106,0.999925,1
041,Florence,Johnsonville,45041000036,Florence - Johnsonville,FLORENCE - JOHNSONVILLE,66817611.428268,Florence,041,Johnsonville,FLORENCE - JOHNSONVILLE,FLORENCE - JOHNSONVILLE,66814911.825364,0.999960,1
041,Florence,Leo,45041000042,Florence - Leo,FLORENCE - LEO,48985807.490610,Florence,041,Leo,FLORENCE - LEO,FLORENCE - LEO,48985770.767835,0.999999,1
041,Florence,Mill Branch,45041000046,Florence - Mill Branch,FLORENCE - MILL BRANCH,58102392.315802,Florence,041,Mill Branch,FLORENCE - MILL BRANCH,FLORENCE - MILL BRANCH,58102281.447553,0.999998,1
041,Florence,Pamplico No. 2,45041000050,Florence - Pamplico No. 2,FLORENCE - PAMPLICO NO. 2,53716828.005192,Florence,041,Pamplico No. 2,FLORENCE - PAMPLICO NO. 2,FLORENCE - PAMPLICO NO. 2,53716828.005187,1.000000,1
041,Florence,Florence Ward 5,45041000020,Florence - Florence Ward 5,FLORENCE - FLORENCE WARD 5,2327695.837339,Florence,041,Florence Ward 5,FLORENCE - FLORENCE WARD 5,FLORENCE - FLORENCE WARD 5,2327692.899213,0.999999,1
041,Florence,Florence Ward 6,45041000022,Florence - Florence Ward 6,FLORENCE - FLORENCE WARD 6,1102909.016948,Florence,041,Florence Ward 6,FLORENCE - FLORENCE WARD 6,FLORENCE - FLORENCE WARD 6,1102904.146902,0.999996,1
041,Florence,Florence Ward 11,45041000027,Florence - Florence Ward 11,FLORENCE - FLORENCE WARD 11,1120730.885739,Florence,041,Florence Ward 11,FLORENCE - FLORENCE WARD 11,FLORENCE - FLORENCE WARD 11,1119273.981506,0.998700,1
041,Florence,Florence Ward 11,45041000027,Florence - Florence Ward 11,FLORENCE - FLORENCE WARD 11,1120730.885739,Florence,041,Florence Ward 8,FLORENCE - FLORENCE WARD 8,FLORENCE - FLORENCE WARD 8,1456.904232,0.001300,2
041,Florence,Florence Ward 8,45041000024,Florence - Florence Ward 8,FLORENCE - FLORENCE WARD 8,3924068.865547,Florence,041,Florence Ward 8,FLORENCE - FLORENCE WARD 8,FLORENCE - FLORENCE WARD 8,3924055.593379,0.999997,1
041,Florence,Florence Ward 4,45041000019,Florence - Florence Ward 4,FLORENCE - FLORENCE WARD 4,1528423.994735,Florence,041,Florence Ward 4,FLORENCE - FLORENCE WARD 4,FLORENCE - FLORENCE WARD 4,1528423.994735,1.000000,1
041,Florence,Claussen,45041000004,Florence - Claussen,FLORENCE - CLAUSSEN,93672472.075970,Florence,041,Claussen,FLORENCE - CLAUSSEN,FLORENCE - CLAUSSEN,93672471.236501,1.000000,1
041,Florence,Evergreen,45041000015,Florence - Evergreen,FLORENCE - EVERGREEN,42015946.724998,Florence,041,Evergreen,FLORENCE - EVERGREEN,FLORENCE - EVERGREEN,42015945.759927,1.000000,1
041,Florence,Greenwood,45041000033,Florence - Greenwood,FLORENCE - GREENWOOD,15702133.232868,Florence,041,Greenwood,FLORENCE - GREENWOOD,FLORENCE - GREENWOOD,15699298.409073,0.999819,1
041,Florence,Hannah,45041000034,Florence - Hannah,FLORENCE - HANNAH,73078625.636694,Florence,041,Hannah,FLORENCE - HANNAH,FLORENCE - HANNAH,73078625.636688,1.000000,1
041,Florence,Friendfield,45041000031,Florence - Friendfield,FLORENCE - FRIENDFIELD,80425820.257091,Florence,041,Friendfield,FLORENCE - FRIENDFIELD,FLORENCE - FRIENDFIELD,80425817.718642,1.000000,1
041,Florence,Florence Ward 14,45041000029,Florence - Florence Ward 14,FLORENCE - FLORENCE WARD 14,3035589.082058,Florence,041,Florence Ward 14,FLORENCE - FLORENCE WARD 14,FLORENCE - FLORENCE WARD 14,3035585.721660,0.999999,1
041,Florence,South Florence 1,45041000056,Florence - South Florence 1,FLORENCE - SOUTH FLORENCE 1,5180476.427761,Florence,041,South Florence 1,FLORENCE - SOUTH FLORENCE 1,FLORENCE - SOUTH FLORENCE 1,5180011.390078,0.999910,1
041,Florence,Florence Ward 2,45041000017,Florence - Florence Ward 2,FLORENCE - FLORENCE WARD 2,2838642.899067,Florence,041,Florence Ward 2,FLORENCE - FLORENCE WARD 2,FLORENCE - FLORENCE WARD 2,2836682.006720,0.999309,1
041,Florence,Florence Ward 2,45041000017,Florence - Florence Ward 2,FLORENCE - FLORENCE WARD 2,2838642.899067,Florence,041,Gilbert,FLORENCE - GILBERT,FLORENCE - GILBERT,1947.509189,0.000686,2
041,Florence,Florence Ward 15,45041000030,Florence - Florence Ward 15,FLORENCE - FLORENCE WARD 15,3053580.750876,Florence,041,Florence Ward 15,FLORENCE - FLORENCE WARD 15,FLORENCE - FLORENCE WARD 15,3053566.851683,0.999995,1
041,Florence,Lake City No. 1,45041000038,Florence - Lake City No. 1,FLORENCE - LAKE CITY NO. 1,22958978.379912,Florence,041,Lake City No. 1,FLORENCE - LAKE CITY NO. 1,FLORENCE - LAKE CITY NO. 1,22958978.379908,1.000000,1
041,Florence,Lake City No. 2,45041000039,Florence - Lake City No. 2,FLORENCE - LAKE CITY NO. 2,34580967.008381,Florence,041,Lake City No. 2,FLORENCE - LAKE CITY NO. 2,FLORENCE - LAKE CITY NO. 2,34580967.008377,1.000000,1
041,Florence,Cartersville,45041000003,Florence - Cartersville,FLORENCE - CARTERSVILLE,70345138.542217,Florence,041,Cartersville,FLORENCE - CARTERSVILLE,FLORENCE - CARTERSVILLE,69545176.659418,0.988628,1
041,Florence,Cartersville,45041000003,Florence - Cartersville,FLORENCE - CARTERSVILLE,70345138.542217,Florence,041,Oak Grove-sardis,FLORENCE - OAK GROVE-SARDIS,FLORENCE - OAK GROVE-SARDIS,111790.317999,0.001589,2
041,Florence,Oak Grove-Sardis,45041000047,Florence - Oak Grove-Sardis,FLORENCE - OAK GROVE-SARDIS,73934604.448609,Florence,041,Oak Grove-sardis,FLORENCE - OAK GROVE-SARDIS,FLORENCE - OAK GROVE-SARDIS,73934603.707491,1.000000,1
041,Florence,Ebenezer No. 1,45041000010,Florence - Ebenezer No. 1,FLORENCE - EBENEZER NO. 1,7122974.721189,Florence,041,Ebenezer 1,FLORENCE - EBENEZER 1,FLORENCE - EBENEZER 1,6956888.739783,0.976683,1
041,Florence,Ebenezer No. 1,45041000010,Florence - Ebenezer No. 1,FLORENCE - EBENEZER NO. 1,7122974.721189,Florence,041,Ebenezer 3,FLORENCE - EBENEZER 3,FLORENCE - EBENEZER 3,20174.790686,0.002832,2
041,Florence,Back Swamp,45041000001,Florence - Back Swamp,FLORENCE - BACK SWAMP,43051378.209891,Florence,041,Back Swamp,FLORENCE - BACK SWAMP,FLORENCE - BACK SWAMP,43049905.424851,0.999966,1
041,Florence,Timmonsville 2,45041000061,Florence - Timmonsville 2,FLORENCE - TIMMONSVILLE 2,53178008.045143,Florence,041,Timmonsville 2,FLORENCE - TIMMONSVILLE 2,FLORENCE - TIMMONSVILLE 2,53173322.237168,0.999912,1
041,Florence,Ebenezer No. 3,45041000012,Florence - Ebenezer No. 3,FLORENCE - EBENEZER NO. 3,8551699.108459,Florence,041,Ebenezer 3,FLORENCE - EBENEZER 3,FLORENCE - EBENEZER 3,8545844.753001,0.999315,1
041,Florence,Ebenezer No. 3,45041000012,Florence - Ebenezer No. 3,FLORENCE - EBENEZER NO. 3,8551699.108459,Florence,041,West Florence 1,FLORENCE - WEST FLORENCE 1,FLORENCE - WEST FLORENCE 1,5811.092106,0.000680,2
041,Florence,Elim-Glenwood,45041000014,Florence - Elim-Glenwood,FLORENCE - ELIM-GLENWOOD,84473167.304248,Florence,041,Elim-glenwood,FLORENCE - ELIM-GLENWOOD,FLORENCE - ELIM-GLENWOOD,84472167.822370,0.999988,1
041,Florence,Effingham,45041000013,Florence - Effingham,FLORENCE - EFFINGHAM,23153664.123625,Florence,041,Effingham,FLORENCE - EFFINGHAM,FLORENCE - EFFINGHAM,23151242.738459,0.999895,1
041,Florence,Florence Ward 12,45041000028,Florence - Florence Ward 12,FLORENCE - FLORENCE WARD 12,3938391.205634,Florence,041,Florence Ward 12,FLORENCE - FLORENCE WARD 12,FLORENCE - FLORENCE WARD 12,3937681.019397,0.999820,1
041,Florence,South Florence 2,45041000057,Florence - South Florence 2,FLORENCE - SOUTH FLORENCE 2,11903911.405153,Florence,041,South Florence 2,FLORENCE - SOUTH FLORENCE 2,FLORENCE - SOUTH FLORENCE 2,11901286.632108,0.999780,1
041,Florence,West Florence 1,45041000063,Florence - West Florence 1,FLORENCE - WEST FLORENCE 1,25329415.121503,Florence,041,West Florence 1,FLORENCE - WEST FLORENCE 1,FLORENCE - WEST FLORENCE 1,24709891.951551,0.975541,1
041,Florence,West Florence 1,45041000063,Florence - West Florence 1,FLORENCE - WEST FLORENCE 1,25329415.121503,Florence,041,Ebenezer 3,FLORENCE - EBENEZER 3,FLORENCE - EBENEZER 3,37594.465818,0.001484,2
041,Florence,West Florence 1,45041000063,Florence - West Florence 1,FLORENCE - WEST FLORENCE 1,25329415.121503,Florence,041,West Florence 2,FLORENCE - WEST FLORENCE 2,FLORENCE - WEST FLORENCE 2,15668.851893,0.000619,3
041,Florence,Coles Crossroads,45041000005,Florence - Coles Crossroads,FLORENCE - COLES CROSSROADS,6330540.910252,Florence,041,Coles Crossroads,FLORENCE - COLES CROSSROADS,FLORENCE - COLES CROSSROADS,6330525.063573,0.999997,1
041,Florence,West Florence 2,45041000064,Florence - West Florence 2,FLORENCE - WEST FLORENCE 2,7832291.616173,Florence,041,West Florence 2,FLORENCE - WEST FLORENCE 2,FLORENCE - WEST FLORENCE 2,7831286.058573,0.999872,1
041,Florence,Brookgreen,45041000002,Florence - Brookgreen,FLORENCE - BROOKGREEN,13738061.665979,Florence,041,Brookgreen,FLORENCE - BROOKGREEN,FLORENCE - BROOKGREEN,13738052.547574,0.999999,1
041,Florence,Spaulding,45041000058,Florence - Spaulding,FLORENCE - SPAULDING,5604636.532197,Florence,041,Spaulding,FLORENCE - SPAULDING,FLORENCE - SPAULDING,5604218.050809,0.999925,1
051,Horry,OCEAN DRIVE #3,45051000233,Horry - OCEAN DRIVE #3,HORRY - OCEAN DRIVE 3,12463183.646659,Horry,051,Ocean Drive #3,HORRY - OCEAN DRIVE 3,HORRY - OCEAN DRIVE 3,12463183.646656,1.000000,1
051,Horry,BURGESS #5,45051000234,Horry - BURGESS #5,HORRY - BURGESS 5,2992174.634172,Horry,051,Burgess #5,HORRY - BURGESS 5,HORRY - BURGESS 5,2992174.634170,1.000000,1
051,Horry,LAKE PARK #2,45051000227,Horry - LAKE PARK #2,HORRY - LAKE PARK 2,1781421.681247,Horry,051,Lake Park #2,HORRY - LAKE PARK 2,HORRY - LAKE PARK 2,1781421.681246,1.000000,1
051,Horry,JET PORT #4,45051000232,Horry - JET PORT #4,HORRY - JET PORT 4,5767366.047342,Horry,051,Jet Port #4,HORRY - JET PORT 4,HORRY - JET PORT 4,5767366.047340,1.000000,1
051,Horry,BURGESS #3,45051000219,Horry - BURGESS #3,HORRY - BURGESS 3,5672200.490601,Horry,051,Burgess #3,HORRY - BURGESS 3,HORRY - BURGESS 3,5672200.490599,1.000000,1
051,Horry,JET PORT #3,45051000231,Horry - JET PORT #3,HORRY - JET PORT 3,2343250.159413,Horry,051,Jet Port #3,HORRY - JET PORT 3,HORRY - JET PORT 3,2343250.159412,1.000000,1
051,Horry,ENTERPRISE #2,45051000230,Horry - ENTERPRISE #2,HORRY - ENTERPRISE 2,11667392.333467,Horry,051,Enterprise #2,HORRY - ENTERPRISE 2,HORRY - ENTERPRISE 2,11667392.333464,1.000000,1
079,Richland,Kelly Mill,45079000448,Richland - Kelly Mill,RICHLAND - KELLY MILL,41233501.365590,Richland,079,Kelly Mill,RICHLAND - KELLY MILL,RICHLAND - KELLY MILL,41106458.434500,0.996919,1
079,Richland,Killian,45079000449,Richland - Killian,RICHLAND - KILLIAN,16072643.798187,Richland,079,Killian,RICHLAND - KILLIAN,RICHLAND - KILLIAN,16071362.872584,0.999920,1
079,Richland,Round Top,45079000495,Richland - Round Top,RICHLAND - ROUND TOP,13476771.652613,Richland,079,Round Top,RICHLAND - ROUND TOP,RICHLAND - ROUND TOP,13476768.888656,1.000000,1
079,Richland,Longcreek,45079000453,Richland - Longcreek,RICHLAND - LONGCREEK,13950245.125990,Richland,079,Longcreek,RICHLAND - LONGCREEK,RICHLAND - LONGCREEK,13948765.848425,0.999894,1
079,Richland,Sandlapper,45079000497,Richland - Sandlapper,RICHLAND - SANDLAPPER,4670193.949752,Richland,079,Sandlapper,RICHLAND - SANDLAPPER,RICHLAND - SANDLAPPER,4643706.037562,0.994328,1
079,Richland,Sandlapper,45079000497,Richland - Sandlapper,RICHLAND - SANDLAPPER,4670193.949752,Richland,079,Killian,RICHLAND - KILLIAN,RICHLAND - KILLIAN,26364.666335,0.005645,2
079,Richland,Blythewood 1,45079000406,Richland - Blythewood 1,RICHLAND - BLYTHEWOOD 1,35389616.038791,Richland,079,Blythewood 1,RICHLAND - BLYTHEWOOD 1,RICHLAND - BLYTHEWOOD 1,35388740.528090,0.999975,1
079,Richland,Monticello,45079000462,Richland - Monticello,RICHLAND - MONTICELLO,129389500.721766,Richland,079,Monticello,RICHLAND - MONTICELLO,RICHLAND - MONTICELLO,129388351.355559,0.999991,1
051,Horry,SOCASTEE #4,45051000202,Horry - SOCASTEE #4,HORRY - SOCASTEE 4,3163984.927169,Horry,051,Socastee #4,HORRY - SOCASTEE 4,HORRY - SOCASTEE 4,3163984.927168,1.000000,1
015,Berkeley,McBeth,45015000030,Berkeley - McBeth,BERKELEY - MCBETH,37705151.224877,Berkeley,015,Mcbeth,BERKELEY - MCBETH,BERKELEY - MCBETH,37705151.224871,1.000000,1
015,Berkeley,Bonneau,45015000003,Berkeley - Bonneau,BERKELEY - BONNEAU,49896470.295317,Berkeley,015,Bonneau,BERKELEY - BONNEAU,BERKELEY - BONNEAU,49896470.295309,1.000000,1
015,Berkeley,Russellville,45015000037,Berkeley - Russellville,BERKELEY - RUSSELLVILLE,160616092.546112,Berkeley,015,Russellville,BERKELEY - RUSSELLVILLE,BERKELEY - RUSSELLVILLE,160616090.173691,1.000000,1
015,Berkeley,Bonneau Beach,45015000004,Berkeley - Bonneau Beach,BERKELEY - BONNEAU BEACH,37293289.416477,Berkeley,015,Bonneau Beach,BERKELEY - BONNEAU BEACH,BERKELEY - BONNEAU BEACH,37293289.416475,1.000000,1
015,Berkeley,Macedonia,45015000029,Berkeley - Macedonia,BERKELEY - MACEDONIA,91036733.299074,Berkeley,015,Macedonia,BERKELEY - MACEDONIA,BERKELEY - MACEDONIA,91028879.286528,0.999914,1
015,Berkeley,St. Stephen 1,45015000042,Berkeley - St. Stephen 1,BERKELEY - ST. STEPHEN 1,71918692.588705,Berkeley,015,St. Stephen 1,BERKELEY - ST. STEPHEN 1,BERKELEY - ST. STEPHEN 1,71918692.588696,1.000000,1
015,Berkeley,Alvin,45015000001,Berkeley - Alvin,BERKELEY - ALVIN,104016057.389342,Berkeley,015,Alvin,BERKELEY - ALVIN,BERKELEY - ALVIN,104016057.389335,1.000000,1
015,Berkeley,Bethera,45015000002,Berkeley - Bethera,BERKELEY - BETHERA,134234592.583804,Berkeley,015,Bethera,BERKELEY - BETHERA,BERKELEY - BETHERA,134233146.052202,0.999989,1
055,Kershaw,Cassatt,45055000115,Kershaw - Cassatt,KERSHAW - CASSATT,146542393.900836,Kershaw,055,Cassatt,KERSHAW - CASSATT,KERSHAW - CASSATT,146516401.921939,0.999823,1
055,Kershaw,Bethune,45055000103,Kershaw - Bethune,KERSHAW - BETHUNE,180064767.723605,Kershaw,055,Bethune,KERSHAW - BETHUNE,KERSHAW - BETHUNE,180064734.192798,1.000000,1
055,Kershaw,Buffalo,45055000105,Kershaw - Buffalo,KERSHAW - BUFFALO,147549589.107800,Kershaw,055,Buffalo,KERSHAW - BUFFALO,KERSHAW - BUFFALO,147549588.761536,1.000000,1
055,Kershaw,Charlotte Thompson,45055000117,Kershaw - Charlotte Thompson,KERSHAW - CHARLOTTE THOMPSON,157973406.828366,Kershaw,055,Charlotte Thompson,KERSHAW - CHARLOTTE THOMPSON,KERSHAW - CHARLOTTE THOMPSON,157973392.467927,1.000000,1
055,Kershaw,Airport,45055000101,Kershaw - Airport,KERSHAW - AIRPORT,13585192.638114,Kershaw,055,Airport,KERSHAW - AIRPORT,KERSHAW - AIRPORT,13532286.483540,0.996106,1
055,Kershaw,Airport,45055000101,Kershaw - Airport,KERSHAW - AIRPORT,13585192.638114,Kershaw,055,Springdale,KERSHAW - SPRINGDALE,KERSHAW - SPRINGDALE,34544.648361,0.002543,2
055,Kershaw,Airport,45055000101,Kershaw - Airport,KERSHAW - AIRPORT,13585192.638114,Kershaw,055,Camden No. 6,KERSHAW - CAMDEN NO. 6,KERSHAW - CAMDEN NO. 6,18054.744848,0.001329,3
055,Kershaw,Camden No. 1,45055000107,Kershaw - Camden No. 1,KERSHAW - CAMDEN NO. 1,10021407.125494,Kershaw,055,Camden No. 1,KERSHAW - CAMDEN NO. 1,KERSHAW - CAMDEN NO. 1,9740580.476039,0.971977,1
055,Kershaw,Camden No. 1,45055000107,Kershaw - Camden No. 1,KERSHAW - CAMDEN NO. 1,10021407.125494,Kershaw,055,Charlotte Thompson,KERSHAW - CHARLOTTE THOMPSON,KERSHAW - CHARLOTTE THOMPSON,264330.533728,0.026377,2
055,Kershaw,Camden No. 1,45055000107,Kershaw - Camden No. 1,KERSHAW - CAMDEN NO. 1,10021407.125494,Kershaw,055,Camden No. 6,KERSHAW - CAMDEN NO. 6,KERSHAW - CAMDEN NO. 6,16485.482728,0.001645,3
055,Kershaw,Springdale,45055000150,Kershaw - Springdale,KERSHAW - SPRINGDALE,63273973.997585,Kershaw,055,Springdale,KERSHAW - SPRINGDALE,KERSHAW - SPRINGDALE,63213663.597824,0.999047,1
055,Kershaw,Springdale,45055000150,Kershaw - Springdale,KERSHAW - SPRINGDALE,63273973.997585,Kershaw,055,Camden No. 5,KERSHAW - CAMDEN NO. 5,KERSHAW - CAMDEN NO. 5,57249.118051,0.000905,2
055,Kershaw,Malvern Hill,45055000140,Kershaw - Malvern Hill,KERSHAW - MALVERN HILL,32866502.330357,Kershaw,055,Malvern Hill,KERSHAW - MALVERN HILL,KERSHAW - MALVERN HILL,32866501.470454,1.000000,1
055,Kershaw,Riverdale,45055000146,Kershaw - Riverdale,KERSHAW - RIVERDALE,11316518.645709,Kershaw,055,Riverdale,KERSHAW - RIVERDALE,KERSHAW - RIVERDALE,11265255.393623,0.995470,1
055,Kershaw,Riverdale,45055000146,Kershaw - Riverdale,KERSHAW - RIVERDALE,11316518.645709,Kershaw,055,Camden No. 1,KERSHAW - CAMDEN NO. 1,KERSHAW - CAMDEN NO. 1,50476.210725,0.004460,2
055,Kershaw,Liberty Hill,45055000131,Kershaw - Liberty Hill,KERSHAW - LIBERTY HILL,136704909.582242,Kershaw,055,Liberty Hill,KERSHAW - LIBERTY HILL,KERSHAW - LIBERTY HILL,136702721.106981,0.999984,1
055,Kershaw,Shaylor's Hill,45055000149,Kershaw - Shaylor's Hill,KERSHAW - SHAYLORS HILL,161702708.219452,Kershaw,055,Shaylor's Hill,KERSHAW - SHAYLORS HILL,KERSHAW - SHAYLORS HILL,161526979.401485,0.998913,1
055,Kershaw,Shaylor's Hill,45055000149,Kershaw - Shaylor's Hill,KERSHAW - SHAYLORS HILL,161702708.219452,Kershaw,055,Liberty Hill,KERSHAW - LIBERTY HILL,KERSHAW - LIBERTY HILL,175726.537544,0.001087,2
055,Kershaw,Westville,45055000152,Kershaw - Westville,KERSHAW - WESTVILLE,216891977.568060,Kershaw,055,Westville,KERSHAW - WESTVILLE,KERSHAW - WESTVILLE,216891945.430196,1.000000,1
055,Kershaw,Camden No. 5,45055000111,Kershaw - Camden No. 5,KERSHAW - CAMDEN NO. 5,7501360.622289,Kershaw,055,Camden No. 5,KERSHAW - CAMDEN NO. 5,KERSHAW - CAMDEN NO. 5,7470461.516805,0.995881,1
055,Kershaw,Camden No. 5,45055000111,Kershaw - Camden No. 5,KERSHAW - CAMDEN NO. 5,7501360.622289,Kershaw,055,Springdale,KERSHAW - SPRINGDALE,KERSHAW - SPRINGDALE,30691.983332,0.004092,2
055,Kershaw,Hobkirk's Hill,45055000109,Kershaw - Hobkirk's Hill,KERSHAW - HOBKIRKS HILL,3928106.013480,Kershaw,055,Hobkirk's Hill,KERSHAW - HOBKIRKS HILL,KERSHAW - HOBKIRKS HILL,3919035.081149,0.997691,1
055,Kershaw,Hobkirk's Hill,45055000109,Kershaw - Hobkirk's Hill,KERSHAW - HOBKIRKS HILL,3928106.013480,Kershaw,055,Camden No. 5-a,KERSHAW - CAMDEN NO. 5-A,KERSHAW - CAMDEN NO. 5-A,3705.800638,0.000943,2
055,Kershaw,Hobkirk's Hill,45055000109,Kershaw - Hobkirk's Hill,KERSHAW - HOBKIRKS HILL,3928106.013480,Kershaw,055,Airport,KERSHAW - AIRPORT,KERSHAW - AIRPORT,3571.591477,0.000909,3
055,Kershaw,E. Camden-Hermitage,45055000121,Kershaw - E. Camden-Hermitage,KERSHAW - E. CAMDEN-HERMITAGE,4268609.090824,Kershaw,055,Camden No. 6,KERSHAW - CAMDEN NO. 6,KERSHAW - CAMDEN NO. 6,4179512.953297,0.979128,1
055,Kershaw,E. Camden-Hermitage,45055000121,Kershaw - E. Camden-Hermitage,KERSHAW - E. CAMDEN-HERMITAGE,4268609.090824,Kershaw,055,Camden No. 1,KERSHAW - CAMDEN NO. 1,KERSHAW - CAMDEN NO. 1,89096.137525,0.020872,2
055,Kershaw,Camden No. 5-A,45055000112,Kershaw - Camden No. 5-A,KERSHAW - CAMDEN NO. 5-A,1604211.878548,Kershaw,055,Camden No. 5-a,KERSHAW - CAMDEN NO. 5-A,KERSHAW - CAMDEN NO. 5-A,1597508.812925,0.995822,1
055,Kershaw,Camden No. 5-A,45055000112,Kershaw - Camden No. 5-A,KERSHAW - CAMDEN NO. 5-A,1604211.878548,Kershaw,055,Springdale,KERSHAW - SPRINGDALE,KERSHAW - SPRINGDALE,6194.057130,0.003861,2
055,Kershaw,Whites Gardens,45055000154,Kershaw - Whites Gardens,KERSHAW - WHITES GARDENS,33144482.577255,Kershaw,055,White's Gardens,KERSHAW - WHITES GARDENS,KERSHAW - WHITES GARDENS,33143651.118431,0.999975,1
055,Kershaw,Camden No. 6,45055000113,Kershaw - Camden No. 6,KERSHAW - CAMDEN NO. 6,1686232.517704,Kershaw,055,Camden No. 6,KERSHAW - CAMDEN NO. 6,KERSHAW - CAMDEN NO. 6,1676579.649833,0.994275,1
055,Kershaw,Camden No. 6,45055000113,Kershaw - Camden No. 6,KERSHAW - CAMDEN NO. 6,1686232.517704,Kershaw,055,Airport,KERSHAW - AIRPORT,KERSHAW - AIRPORT,8817.252854,0.005229,2
055,Kershaw,Rabon's X Roads,45055000143,Kershaw - Rabon's X Roads,KERSHAW - RABONS X ROADS,94379229.330412,Kershaw,055,Rabon's Crossroads,KERSHAW - RABONS CROSSROADS,KERSHAW - RABONS CROSSROADS,94379228.411746,1.000000,1
055,Kershaw,Lugoff No. 4,45055000135,Kershaw - Lugoff No. 4,KERSHAW - LUGOFF NO. 4,19275765.864271,Kershaw,055,Lugoff No. 4,KERSHAW - LUGOFF NO. 4,KERSHAW - LUGOFF NO. 4,19275756.456142,1.000000,1
055,Kershaw,Doby's Mill,45055000119,Kershaw - Doby's Mill,KERSHAW - DOBYS MILL,139323263.431665,Kershaw,055,Doby's Mill,KERSHAW - DOBYS MILL,KERSHAW - DOBYS MILL,139323260.254482,1.000000,1
055,Kershaw,Gates Ford,45055000130,Kershaw - Gates Ford,KERSHAW - GATES FORD,69052462.038345,Kershaw,055,Buffalo,KERSHAW - BUFFALO,KERSHAW - BUFFALO,69052460.123015,1.000000,1
055,Kershaw,Camden No. 2 & 3,45055000108,Kershaw - Camden No. 2 & 3,KERSHAW - CAMDEN NO. 2 3,1091955.228540,Kershaw,055,Camden No. 2,KERSHAW - CAMDEN NO. 2,KERSHAW - CAMDEN NO. 2,1091945.537642,0.999991,1
055,Kershaw,Lugoff No. 2,45055000133,Kershaw - Lugoff No. 2,KERSHAW - LUGOFF NO. 2,17562628.385694,Kershaw,055,Lugoff No. 2,KERSHAW - LUGOFF NO. 2,KERSHAW - LUGOFF NO. 2,17562627.864505,1.000000,1
055,Kershaw,Antioch,45055000102,Kershaw - Antioch,KERSHAW - ANTIOCH,46029922.808187,Kershaw,055,Antioch,KERSHAW - ANTIOCH,KERSHAW - ANTIOCH,46028909.709569,0.999978,1
055,Kershaw,Elgin No. 4,45055000125,Kershaw - Elgin No. 4,KERSHAW - ELGIN NO. 4,20409944.494467,Kershaw,055,Elgin No. 4,KERSHAW - ELGIN NO. 4,KERSHAW - ELGIN NO. 4,20409935.965686,1.000000,1
055,Kershaw,Elgin No. 2,45055000123,Kershaw - Elgin No. 2,KERSHAW - ELGIN NO. 2,11585095.012192,Kershaw,055,Elgin No. 2,KERSHAW - ELGIN NO. 2,KERSHAW - ELGIN NO. 2,11584987.735151,0.999991,1
055,Kershaw,Lugoff No. 1,45055000132,Kershaw - Lugoff No. 1,KERSHAW - LUGOFF NO. 1,20901543.650429,Kershaw,055,Lugoff No. 1,KERSHAW - LUGOFF NO. 1,KERSHAW - LUGOFF NO. 1,20901539.463847,1.000000,1
055,Kershaw,Salt Pond,45055000147,Kershaw - Salt Pond,KERSHAW - SALT POND,73090439.968718,Kershaw,055,Salt Pond,KERSHAW - SALT POND,KERSHAW - SALT POND,73090431.840795,1.000000,1
055,Kershaw,Lugoff No. 3,45055000134,Kershaw - Lugoff No. 3,KERSHAW - LUGOFF NO. 3,9327059.992548,Kershaw,055,Lugoff No. 3,KERSHAW - LUGOFF NO. 3,KERSHAW - LUGOFF NO. 3,9327056.986313,1.000000,1
055,Kershaw,Elgin No. 6,45055000127,Kershaw - Elgin No. 6,KERSHAW - ELGIN NO. 6,6554638.987799,Kershaw,055,Elgin No. 6,KERSHAW - ELGIN NO. 6,KERSHAW - ELGIN NO. 6,6552526.318040,0.999678,1
055,Kershaw,Elgin No. 5,45055000126,Kershaw - Elgin No. 5,KERSHAW - ELGIN NO. 5,25092670.469009,Kershaw,055,Elgin No. 5,KERSHAW - ELGIN NO. 5,KERSHAW - ELGIN NO. 5,25091652.864378,0.999959,1
055,Kershaw,Elgin No. 1,45055000122,Kershaw - Elgin No. 1,KERSHAW - ELGIN NO. 1,18205716.362566,Kershaw,055,Elgin No. 1,KERSHAW - ELGIN NO. 1,KERSHAW - ELGIN NO. 1,18205560.703266,0.999991,1
055,Kershaw,Elgin No. 3,45055000124,Kershaw - Elgin No. 3,KERSHAW - ELGIN NO. 3,14756580.219390,Kershaw,055,Elgin No. 3,KERSHAW - ELGIN NO. 3,KERSHAW - ELGIN NO. 3,14730726.761647,0.998248,1
055,Kershaw,Elgin No. 3,45055000124,Kershaw - Elgin No. 3,KERSHAW - ELGIN NO. 3,14756580.219390,Kershaw,055,Elgin No. 6,KERSHAW - ELGIN NO. 6,KERSHAW - ELGIN NO. 6,25844.689762,0.001751,2
037,Edgefield,Edgefield No. 2,45037000002,Edgefield - Edgefield No. 2,EDGEFIELD - EDGEFIELD NO. 2,112977229.505318,Edgefield,037,Edgefield No. 2,EDGEFIELD - EDGEFIELD NO. 2,EDGEFIELD - EDGEFIELD NO. 2,112967429.250644,0.999913,1
037,Edgefield,Westside,45037000008,Edgefield - Westside,EDGEFIELD - WESTSIDE,244815263.777535,Edgefield,037,Westside,EDGEFIELD - WESTSIDE,EDGEFIELD - WESTSIDE,244815113.487942,0.999999,1
037,Edgefield,Edgefield No. 1,45037000001,Edgefield - Edgefield No. 1,EDGEFIELD - EDGEFIELD NO. 1,46775702.258791,Edgefield,037,Edgefield No. 1,EDGEFIELD - EDGEFIELD NO. 1,EDGEFIELD - EDGEFIELD NO. 1,46770689.819644,0.999893,1
037,Edgefield,North Side,45037000010,Edgefield - North Side,EDGEFIELD - NORTH SIDE,190101726.775190,Edgefield,037,North Side,EDGEFIELD - NORTH SIDE,EDGEFIELD - NORTH SIDE,190101709.555898,1.000000,1
037,Edgefield,Brunson,45037000011,Edgefield - Brunson,EDGEFIELD - BRUNSON,174980013.204793,Edgefield,037,Brunson,EDGEFIELD - BRUNSON,EDGEFIELD - BRUNSON,174974569.950327,0.999969,1
037,Edgefield,Johnston No. 2,45037000005,Edgefield - Johnston No. 2,EDGEFIELD - JOHNSTON NO. 2,41646544.342308,Edgefield,037,Johnston No. 2,EDGEFIELD - JOHNSTON NO. 2,EDGEFIELD - JOHNSTON NO. 2,41646544.195536,1.000000,1
037,Edgefield,Harmony,45037000009,Edgefield - Harmony,EDGEFIELD - HARMONY,99130801.158351,Edgefield,037,Harmony,EDGEFIELD - HARMONY,EDGEFIELD - HARMONY,98770994.675350,0.996370,1
037,Edgefield,Trenton No. 1,45037000006,Edgefield - Trenton No. 1,EDGEFIELD - TRENTON NO. 1,100768190.438225,Edgefield,037,Trenton,EDGEFIELD - TRENTON,EDGEFIELD - TRENTON,100441693.065387,0.996760,1
037,Edgefield,Johnston No. 1,45037000004,Edgefield - Johnston No. 1,EDGEFIELD - JOHNSTON NO. 1,68721609.301931,Edgefield,037,Johnston No. 1,EDGEFIELD - JOHNSTON NO. 1,EDGEFIELD - JOHNSTON NO. 1,68506614.159095,0.996872,1
037,Edgefield,Trenton No. 2,45037000013,Edgefield - Trenton No. 2,EDGEFIELD - TRENTON NO. 2,45843445.488724,Edgefield,037,Trenton 2,EDGEFIELD - TRENTON 2,EDGEFIELD - TRENTON 2,45325244.148074,0.988696,1
037,Edgefield,Merriweather No. 2,45037000012,Edgefield - Merriweather No. 2,EDGEFIELD - MERRIWEATHER NO. 2,98219482.098526,Edgefield,037,Merriwether No. 2,EDGEFIELD - MERRIWETHER NO. 2,EDGEFIELD - MERRIWETHER NO. 2,98219301.904702,0.999998,1
037,Edgefield,Merriweather No. 1,45037000007,Edgefield - Merriweather No. 1,EDGEFIELD - MERRIWEATHER NO. 1,89152280.705759,Edgefield,037,Merriwether No. 1,EDGEFIELD - MERRIWETHER NO. 1,EDGEFIELD - MERRIWETHER NO. 1,89138916.884193,0.999850,1
013,Beaufort,Palmetto Bluff,45013000321,Beaufort - Palmetto Bluff,BEAUFORT - PALMETTO BLUFF,74384588.999061,Beaufort,013,Palmetto Bluff,BEAUFORT - PALMETTO BLUFF,BEAUFORT - PALMETTO BLUFF,74384588.999052,1.000000,1
013,Beaufort,Sandy Pointe,45013000319,Beaufort - Sandy Pointe,BEAUFORT - SANDY POINTE,2303479.381448,Beaufort,013,Sandy Pointe,BEAUFORT - SANDY POINTE,BEAUFORT - SANDY POINTE,2303479.381448,1.000000,1
013,Beaufort,New River,45013000320,Beaufort - New River,BEAUFORT - NEW RIVER,10936718.939893,Beaufort,013,New River 2,BEAUFORT - NEW RIVER 2,BEAUFORT - NEW RIVER 2,6656129.568116,0.608604,1
013,Beaufort,New River,45013000320,Beaufort - New River,BEAUFORT - NEW RIVER,10936718.939893,Beaufort,013,New River 3,BEAUFORT - NEW RIVER 3,BEAUFORT - NEW RIVER 3,2515481.229138,0.230003,2
013,Beaufort,New River,45013000320,Beaufort - New River,BEAUFORT - NEW RIVER,10936718.939893,Beaufort,013,New River 1,BEAUFORT - NEW RIVER 1,BEAUFORT - NEW RIVER 1,1765105.482211,0.161393,3
001,Abbeville,Cold Springs,45001000008,Abbeville - Cold Springs,ABBEVILLE - COLD SPRINGS,98385830.507612,Abbeville,001,Cold Springs,ABBEVILLE - COLD SPRINGS,ABBEVILLE - COLD SPRINGS,98379403.100066,0.999935,1
001,Abbeville,Lebanon,45001000014,Abbeville - Lebanon,ABBEVILLE - LEBANON,131076961.079144,Abbeville,001,Lebanon,ABBEVILLE - LEBANON,ABBEVILLE - LEBANON,131064502.883987,0.999905,1
001,Abbeville,Abbeville No. 3,45001000003,Abbeville - Abbeville No. 3,ABBEVILLE - ABBEVILLE NO. 3,73351666.611241,Abbeville,001,Abbeville No. 3,ABBEVILLE - ABBEVILLE NO. 3,ABBEVILLE - ABBEVILLE NO. 3,73349788.597561,0.999974,1
001,Abbeville,Smithville,45001000015,Abbeville - Smithville,ABBEVILLE - SMITHVILLE,93864552.806302,Abbeville,001,Smithville,ABBEVILLE - SMITHVILLE,ABBEVILLE - SMITHVILLE,93496173.248011,0.996075,1
001,Abbeville,Smithville,45001000015,Abbeville - Smithville,ABBEVILLE - SMITHVILLE,93864552.806302,Abbeville,001,Abbeville No. 2,ABBEVILLE - ABBEVILLE NO. 2,ABBEVILLE - ABBEVILLE NO. 2,347246.059922,0.003699,2
001,Abbeville,Abbeville No. 1,45001000001,Abbeville - Abbeville No. 1,ABBEVILLE - ABBEVILLE NO. 1,37338260.729514,Abbeville,001,Abbeville No. 1,ABBEVILLE - ABBEVILLE NO. 1,ABBEVILLE - ABBEVILLE NO. 1,37276948.988148,0.998358,1
001,Abbeville,Abbeville No. 1,45001000001,Abbeville - Abbeville No. 1,ABBEVILLE - ABBEVILLE NO. 1,37338260.729514,Abbeville,001,Smithville,ABBEVILLE - SMITHVILLE,ABBEVILLE - SMITHVILLE,47241.374058,0.001265,2
001,Abbeville,Abbeville No. 2,45001000002,Abbeville - Abbeville No. 2,ABBEVILLE - ABBEVILLE NO. 2,42588390.989981,Abbeville,001,Abbeville No. 2,ABBEVILLE - ABBEVILLE NO. 2,ABBEVILLE - ABBEVILLE NO. 2,42486753.766840,0.997613,1
001,Abbeville,Abbeville No. 2,45001000002,Abbeville - Abbeville No. 2,ABBEVILLE - ABBEVILLE NO. 2,42588390.989981,Abbeville,001,Smithville,ABBEVILLE - SMITHVILLE,ABBEVILLE - SMITHVILLE,99623.486583,0.002339,2
001,Abbeville,Abbeville No. 4,45001000004,Abbeville - Abbeville No. 4,ABBEVILLE - ABBEVILLE NO. 4,54860254.125402,Abbeville,001,Abbeville No. 4,ABBEVILLE - ABBEVILLE NO. 4,ABBEVILLE - ABBEVILLE NO. 4,54849402.731625,0.999802,1
001,Abbeville,Lowndesville,45001000013,Abbeville - Lowndesville,ABBEVILLE - LOWNDESVILLE,257273948.104490,Abbeville,001,Lowndesville,ABBEVILLE - LOWNDESVILLE,ABBEVILLE - LOWNDESVILLE,257260011.982853,0.999946,1
001,Abbeville,Antreville,45001000005,Abbeville - Antreville,ABBEVILLE - ANTREVILLE,97818108.552137,Abbeville,001,Antreville,ABBEVILLE - ANTREVILLE,ABBEVILLE - ANTREVILLE,97814700.045797,0.999965,1
001,Abbeville,Keowee,45001000012,Abbeville - Keowee,ABBEVILLE - KEOWEE,102684240.748520,Abbeville,001,Keowee,ABBEVILLE - KEOWEE,ABBEVILLE - KEOWEE,102679437.007326,0.999953,1
001,Abbeville,Calhoun Falls,45001000007,Abbeville - Calhoun Falls,ABBEVILLE - CALHOUN FALLS,135214196.731305,Abbeville,001,Calhoun Falls,ABBEVILLE - CALHOUN FALLS,ABBEVILLE - CALHOUN FALLS,135214187.751156,1.000000,1
001,Abbeville,Donalds,45001000009,Abbeville - Donalds,ABBEVILLE - DONALDS,40885872.804869,Abbeville,001,Donalds,ABBEVILLE - DONALDS,ABBEVILLE - DONALDS,40880390.497128,0.999866,1
001,Abbeville,Broadmouth,45001000006,Abbeville - Broadmouth,ABBEVILLE - BROADMOUTH,38878051.983811,Abbeville,001,Broadmouth,ABBEVILLE - BROADMOUTH,ABBEVILLE - BROADMOUTH,38877290.787093,0.999980,1
001,Abbeville,Hall's Store,45001000011,Abbeville - Hall's Store,ABBEVILLE - HALLS STORE,29165976.258857,Abbeville,001,Hall's Store,ABBEVILLE - HALLS STORE,ABBEVILLE - HALLS STORE,29165956.796801,0.999999,1
001,Abbeville,Due West,45001000010,Abbeville - Due West,ABBEVILLE - DUE WEST,92018891.179467,Abbeville,001,Due West,ABBEVILLE - DUE WEST,ABBEVILLE - DUE WEST,91996972.739460,0.999762,1
057,Lancaster,Lynwood Drive,45057000018,Lancaster - Lynwood Drive,LANCASTER - LYNWOOD DRIVE,13809280.969809,Lancaster,057,Mcllwain,LANCASTER - MCLLWAIN,LANCASTER - MCLLWAIN,13137339.780685,0.951341,1
057,Lancaster,Lynwood Drive,45057000018,Lancaster - Lynwood Drive,LANCASTER - LYNWOOD DRIVE,13809280.969809,Lancaster,057,Chesterfield Ave,LANCASTER - CHESTERFIELD AVE,LANCASTER - CHESTERFIELD AVE,671941.189120,0.048659,2
057,Lancaster,Lancaster East,45057000016,Lancaster - Lancaster East,LANCASTER - LANCASTER EAST,15997741.516702,Lancaster,057,Chesterfield Ave,LANCASTER - CHESTERFIELD AVE,LANCASTER - CHESTERFIELD AVE,11158908.239960,0.697530,1
057,Lancaster,Lancaster East,45057000016,Lancaster - Lancaster East,LANCASTER - LANCASTER EAST,15997741.516702,Lancaster,057,521 North,LANCASTER - 521 NORTH,LANCASTER - 521 NORTH,4838833.260482,0.302470,2
057,Lancaster,River Road,45057000039,Lancaster - River Road,LANCASTER - RIVER ROAD,8005844.146907,Lancaster,057,River Road,LANCASTER - RIVER ROAD,LANCASTER - RIVER ROAD,8005844.146905,1.000000,1
057,Lancaster,Van Wyck,45057000026,Lancaster - Van Wyck,LANCASTER - VAN WYCK,68883641.242494,Lancaster,057,Van Wyck,LANCASTER - VAN WYCK,LANCASTER - VAN WYCK,68883627.178153,1.000000,1
057,Lancaster,Gold Hill,45057000036,Lancaster - Gold Hill,LANCASTER - GOLD HILL,28699526.732669,Lancaster,057,Gold Hill,LANCASTER - GOLD HILL,LANCASTER - GOLD HILL,28699526.463487,1.000000,1
057,Lancaster,Osceola,45057000038,Lancaster - Osceola,LANCASTER - OSCEOLA,32072532.388066,Lancaster,057,Osceola,LANCASTER - OSCEOLA,LANCASTER - OSCEOLA,20010398.099107,0.623911,1
057,Lancaster,Osceola,45057000038,Lancaster - Osceola,LANCASTER - OSCEOLA,32072532.388066,Lancaster,057,Van Wyck,LANCASTER - VAN WYCK,LANCASTER - VAN WYCK,6153827.326980,0.191872,2
057,Lancaster,Osceola,45057000038,Lancaster - Osceola,LANCASTER - OSCEOLA,32072532.388066,Lancaster,057,Jim Wilson,LANCASTER - JIM WILSON,LANCASTER - JIM WILSON,5908306.617647,0.184217,3
057,Lancaster,University,45057000033,Lancaster - University,LANCASTER - UNIVERSITY,4370364.593103,Lancaster,057,College Park,LANCASTER - COLLEGE PARK,LANCASTER - COLLEGE PARK,4370364.593102,1.000000,1
057,Lancaster,Elgin,45057000008,Lancaster - Elgin,LANCASTER - ELGIN,23957621.068890,Lancaster,057,Elgin,LANCASTER - ELGIN,LANCASTER - ELGIN,19576661.909244,0.817137,1
057,Lancaster,Elgin,45057000008,Lancaster - Elgin,LANCASTER - ELGIN,23957621.068890,Lancaster,057,Hyde Park,LANCASTER - HYDE PARK,LANCASTER - HYDE PARK,4380959.151511,0.182863,2
057,Lancaster,Black Horse Run,45057000035,Lancaster - Black Horse Run,LANCASTER - BLACK HORSE RUN,22316011.196937,Lancaster,057,Black Horse Run,LANCASTER - BLACK HORSE RUN,LANCASTER - BLACK HORSE RUN,22316011.196934,1.000000,1
057,Lancaster,College Park,45057000041,Lancaster - College Park,LANCASTER - COLLEGE PARK,7136228.869385,Lancaster,057,College Park,LANCASTER - COLLEGE PARK,LANCASTER - COLLEGE PARK,7136228.869383,1.000000,1
057,Lancaster,Gooch's Cross Road,45057000010,Lancaster - Gooch's Cross Road,LANCASTER - GOOCHS CROSS ROAD,13122461.356409,Lancaster,057,Springdale,LANCASTER - SPRINGDALE,LANCASTER - SPRINGDALE,12823932.858600,0.977251,1
057,Lancaster,Gooch's Cross Road,45057000010,Lancaster - Gooch's Cross Road,LANCASTER - GOOCHS CROSS ROAD,13122461.356409,Lancaster,057,Chesterfield Ave,LANCASTER - CHESTERFIELD AVE,LANCASTER - CHESTERFIELD AVE,298528.497807,0.022749,2
057,Lancaster,Riverside,45057000023,Lancaster - Riverside,LANCASTER - RIVERSIDE,42637739.445995,Lancaster,057,Riverside,LANCASTER - RIVERSIDE,LANCASTER - RIVERSIDE,42637738.865775,1.000000,1
057,Lancaster,Erwin Farm,45057000009,Lancaster - Erwin Farm,LANCASTER - ERWIN FARM,23005632.162960,Lancaster,057,Erwin Farm,LANCASTER - ERWIN FARM,LANCASTER - ERWIN FARM,23005632.162956,1.000000,1
057,Lancaster,Chesterfield Ave,45057000005,Lancaster - Chesterfield Ave,LANCASTER - CHESTERFIELD AVE,3725268.406108,Lancaster,057,Chesterfield Ave,LANCASTER - CHESTERFIELD AVE,LANCASTER - CHESTERFIELD AVE,3725268.406108,1.000000,1
057,Lancaster,Lancaster West,45057000017,Lancaster - Lancaster West,LANCASTER - LANCASTER WEST,2859865.982754,Lancaster,057,Chesterfield Ave,LANCASTER - CHESTERFIELD AVE,LANCASTER - CHESTERFIELD AVE,2859865.982754,1.000000,1
057,Lancaster,Pleasant Valley,45057000021,Lancaster - Pleasant Valley,LANCASTER - PLEASANT VALLEY,7363251.484628,Lancaster,057,Pleasant Valley,LANCASTER - PLEASANT VALLEY,LANCASTER - PLEASANT VALLEY,7363251.484626,1.000000,1
057,Lancaster,Unity,45057000025,Lancaster - Unity,LANCASTER - UNITY,53692109.131104,Lancaster,057,Unity,LANCASTER - UNITY,LANCASTER - UNITY,53692109.131098,1.000000,1
057,Lancaster,Antioch,45057000001,Lancaster - Antioch,LANCASTER - ANTIOCH,20168714.027786,Lancaster,057,Antioch,LANCASTER - ANTIOCH,LANCASTER - ANTIOCH,20168714.027783,1.000000,1
057,Lancaster,Lake House,45057000002,Lancaster - Lake House,LANCASTER - LAKE HOUSE,3436358.146864,Lancaster,057,Sun City-carolina Lakes,LANCASTER - SUN CITY-CAROLINA LAKES,LANCASTER - SUN CITY-CAROLINA LAKES,3436358.146863,1.000000,1
057,Lancaster,Camp Creek,45057000003,Lancaster - Camp Creek,LANCASTER - CAMP CREEK,23506371.302294,Lancaster,057,Camp Creek,LANCASTER - CAMP CREEK,LANCASTER - CAMP CREEK,23506371.302289,1.000000,1
057,Lancaster,Hyde Park,45057000012,Lancaster - Hyde Park,LANCASTER - HYDE PARK,21765850.107722,Lancaster,057,Hyde Park,LANCASTER - HYDE PARK,LANCASTER - HYDE PARK,21765850.107719,1.000000,1
057,Lancaster,Shelley Mullis,45057000034,Lancaster - Shelley Mullis,LANCASTER - SHELLEY MULLIS,6555972.362901,Lancaster,057,Six Mile Creek,LANCASTER - SIX MILE CREEK,LANCASTER - SIX MILE CREEK,6555972.362900,1.000000,1
057,Lancaster,The Lodge,45057000040,Lancaster - The Lodge,LANCASTER - THE LODGE,3602250.167072,Lancaster,057,Sun City-carolina Lakes,LANCASTER - SUN CITY-CAROLINA LAKES,LANCASTER - SUN CITY-CAROLINA LAKES,3602250.167071,1.000000,1
057,Lancaster,Dwight,45057000007,Lancaster - Dwight,LANCASTER - DWIGHT,52239303.008587,Lancaster,057,Buford,LANCASTER - BUFORD,LANCASTER - BUFORD,52239303.008581,1.000000,1
057,Lancaster,Possum Hollow,45057000032,Lancaster - Possum Hollow,LANCASTER - POSSUM HOLLOW,8295435.246168,Lancaster,057,Possum Hollow,LANCASTER - POSSUM HOLLOW,LANCASTER - POSSUM HOLLOW,8295435.246165,1.000000,1
057,Lancaster,Harrisburg,45057000037,Lancaster - Harrisburg,LANCASTER - HARRISBURG,13480598.109944,Lancaster,057,Harrisburg,LANCASTER - HARRISBURG,LANCASTER - HARRISBURG,13480598.109940,1.000000,1
057,Lancaster,Jacksonham,45057000013,Lancaster - Jacksonham,LANCASTER - JACKSONHAM,32901965.674264,Lancaster,057,521 North,LANCASTER - 521 NORTH,LANCASTER - 521 NORTH,32901965.674261,1.000000,1
057,Lancaster,Spring Hill,45057000024,Lancaster - Spring Hill,LANCASTER - SPRING HILL,91350493.139430,Lancaster,057,Tradesville,LANCASTER - TRADESVILLE,LANCASTER - TRADESVILLE,91350493.139422,1.000000,1
045,Greenville,FEASTER,45045000257,Greenville - FEASTER,GREENVILLE - FEASTER,2622239.859594,Greenville,045,Feaster,GREENVILLE - FEASTER,GREENVILLE - FEASTER,2618605.168811,0.998614,1
045,Greenville,FEASTER,45045000257,Greenville - FEASTER,GREENVILLE - FEASTER,2622239.859594,Greenville,045,Pelham Falls,GREENVILLE - PELHAM FALLS,GREENVILLE - PELHAM FALLS,2241.225164,0.000855,2
045,Greenville,CIRCLE CREEK,45045000244,Greenville - CIRCLE CREEK,GREENVILLE - CIRCLE CREEK,12418982.087375,Greenville,045,Circle Creek,GREENVILLE - CIRCLE CREEK,GREENVILLE - CIRCLE CREEK,12396623.774087,0.998200,1
045,Greenville,STONEHAVEN,45045000322,Greenville - STONEHAVEN,GREENVILLE - STONEHAVEN,2863819.453166,Greenville,045,Stonehaven,GREENVILLE - STONEHAVEN,GREENVILLE - STONEHAVEN,2859818.896975,0.998603,1
045,Greenville,STONEHAVEN,45045000322,Greenville - STONEHAVEN,GREENVILLE - STONEHAVEN,2863819.453166,Greenville,045,Asheton Lakes,GREENVILLE - ASHETON LAKES,GREENVILLE - ASHETON LAKES,3942.122144,0.001377,2
045,Greenville,THORNBLADE,45045000329,Greenville - THORNBLADE,GREENVILLE - THORNBLADE,4818740.179072,Greenville,045,Thornblade,GREENVILLE - THORNBLADE,GREENVILLE - THORNBLADE,4811090.142725,0.998412,1
045,Greenville,THORNBLADE,45045000329,Greenville - THORNBLADE,GREENVILLE - THORNBLADE,4818740.179072,Greenville,045,Sugar Creek,GREENVILLE - SUGAR CREEK,GREENVILLE - SUGAR CREEK,4272.605074,0.000887,2
045,Greenville,THORNBLADE,45045000329,Greenville - THORNBLADE,GREENVILLE - THORNBLADE,4818740.179072,Greenville,045,Canebrake,GREENVILLE - CANEBRAKE,GREENVILLE - CANEBRAKE,3376.413624,0.000701,3
045,Greenville,ROLLING GREEN,45045000304,Greenville - ROLLING GREEN,GREENVILLE - ROLLING GREEN,3861743.826583,Greenville,045,Rolling Green,GREENVILLE - ROLLING GREEN,GREENVILLE - ROLLING GREEN,3854691.056874,0.998174,1
045,Greenville,ROLLING GREEN,45045000304,Greenville - ROLLING GREEN,GREENVILLE - ROLLING GREEN,3861743.826583,Greenville,045,Pelham Falls,GREENVILLE - PELHAM FALLS,GREENVILLE - PELHAM FALLS,5440.295712,0.001409,2
045,Greenville,HOLLY TREE,45045000355,Greenville - HOLLY TREE,GREENVILLE - HOLLY TREE,2651523.963846,Greenville,045,Holly Tree,GREENVILLE - HOLLY TREE,GREENVILLE - HOLLY TREE,2644343.549421,0.997292,1
045,Greenville,HOLLY TREE,45045000355,Greenville - HOLLY TREE,GREENVILLE - HOLLY TREE,2651523.963846,Greenville,045,Bridge Fork,GREENVILLE - BRIDGE FORK,GREENVILLE - BRIDGE FORK,4063.843533,0.001533,2
045,Greenville,HOLLY TREE,45045000355,Greenville - HOLLY TREE,GREENVILLE - HOLLY TREE,2651523.963846,Greenville,045,River Walk,GREENVILLE - RIVER WALK,GREENVILLE - RIVER WALK,2469.655154,0.000931,3
045,Greenville,MAPLE CREEK,45045000274,Greenville - MAPLE CREEK,GREENVILLE - MAPLE CREEK,4483303.306471,Greenville,045,Maple Creek,GREENVILLE - MAPLE CREEK,GREENVILLE - MAPLE CREEK,4471843.859362,0.997444,1
045,Greenville,MAPLE CREEK,45045000274,Greenville - MAPLE CREEK,GREENVILLE - MAPLE CREEK,4483303.306471,Greenville,045,Trade,GREENVILLE - TRADE,GREENVILLE - TRADE,11274.628779,0.002515,2
045,Greenville,LOCUST HILL,45045000357,Greenville - LOCUST HILL,GREENVILLE - LOCUST HILL,6170928.684662,Greenville,045,Locust Hill,GREENVILLE - LOCUST HILL,GREENVILLE - LOCUST HILL,6162155.761498,0.998578,1
045,Greenville,LOCUST HILL,45045000357,Greenville - LOCUST HILL,GREENVILLE - LOCUST HILL,6170928.684662,Greenville,045,Frohawk,GREENVILLE - FROHAWK,GREENVILLE - FROHAWK,8611.517466,0.001395,2
045,Greenville,FROHAWK,45045000350,Greenville - FROHAWK,GREENVILLE - FROHAWK,5984060.979094,Greenville,045,Frohawk,GREENVILLE - FROHAWK,GREENVILLE - FROHAWK,5966667.797962,0.997093,1
045,Greenville,FROHAWK,45045000350,Greenville - FROHAWK,GREENVILLE - FROHAWK,5984060.979094,Greenville,045,Castle Rock,GREENVILLE - CASTLE ROCK,GREENVILLE - CASTLE ROCK,11288.959153,0.001887,2
045,Greenville,FROHAWK,45045000350,Greenville - FROHAWK,GREENVILLE - FROHAWK,5984060.979094,Greenville,045,Fox Chase,GREENVILLE - FOX CHASE,GREENVILLE - FOX CHASE,4463.284938,0.000746,3
045,Greenville,TYGER RIVER,45045000367,Greenville - TYGER RIVER,GREENVILLE - TYGER RIVER,2762616.709180,Greenville,045,Tyger River,GREENVILLE - TYGER RIVER,GREENVILLE - TYGER RIVER,2740834.663796,0.992115,1
045,Greenville,TYGER RIVER,45045000367,Greenville - TYGER RIVER,GREENVILLE - TYGER RIVER,2762616.709180,Greenville,045,Fox Chase,GREENVILLE - FOX CHASE,GREENVILLE - FOX CHASE,17537.306929,0.006348,2
045,Greenville,TYGER RIVER,45045000367,Greenville - TYGER RIVER,GREENVILLE - TYGER RIVER,2762616.709180,Greenville,045,Castle Rock,GREENVILLE - CASTLE ROCK,GREENVILLE - CASTLE ROCK,4198.130993,0.001520,3
045,Greenville,CASTLE ROCK,45045000348,Greenville - CASTLE ROCK,GREENVILLE - CASTLE ROCK,18951100.354996,Greenville,045,Castle Rock,GREENVILLE - CASTLE ROCK,GREENVILLE - CASTLE ROCK,18921409.094345,0.998433,1
045,Greenville,CASTLE ROCK,45045000348,Greenville - CASTLE ROCK,GREENVILLE - CASTLE ROCK,18951100.354996,Greenville,045,Fox Chase,GREENVILLE - FOX CHASE,GREENVILLE - FOX CHASE,16435.963844,0.000867,2
045,Greenville,SKYLAND,45045000316,Greenville - SKYLAND,GREENVILLE - SKYLAND,56082328.853856,Greenville,045,Skyland,GREENVILLE - SKYLAND,GREENVILLE - SKYLAND,56025926.486607,0.998994,1
045,Greenville,SKYLAND,45045000316,Greenville - SKYLAND,GREENVILLE - SKYLAND,56082328.853856,Greenville,045,Gowensville,GREENVILLE - GOWENSVILLE,GREENVILLE - GOWENSVILLE,36268.667126,0.000647,2
045,Greenville,TIGERVILLE,45045000330,Greenville - TIGERVILLE,GREENVILLE - TIGERVILLE,171084798.842911,Greenville,045,Tigerville,GREENVILLE - TIGERVILLE,GREENVILLE - TIGERVILLE,170872845.679504,0.998761,1
045,Greenville,TIGERVILLE,45045000330,Greenville - TIGERVILLE,GREENVILLE - TIGERVILLE,171084798.842911,Greenville,045,Gowensville,GREENVILLE - GOWENSVILLE,GREENVILLE - GOWENSVILLE,169244.623458,0.000989,2
045,Greenville,SANDY FLAT,45045000307,Greenville - SANDY FLAT,GREENVILLE - SANDY FLAT,28877973.483524,Greenville,045,Sandy Flat,GREENVILLE - SANDY FLAT,GREENVILLE - SANDY FLAT,28820153.671704,0.997998,1
045,Greenville,SANDY FLAT,45045000307,Greenville - SANDY FLAT,GREENVILLE - SANDY FLAT,28877973.483524,Greenville,045,Oneal,GREENVILLE - ONEAL,GREENVILLE - ONEAL,50287.314447,0.001741,2
045,Greenville,WARE PLACE,45045000369,Greenville - WARE PLACE,GREENVILLE - WARE PLACE,53584890.989259,Greenville,045,Ware Place,GREENVILLE - WARE PLACE,GREENVILLE - WARE PLACE,53534742.760751,0.999064,1
045,Greenville,WOODMONT,45045000343,Greenville - WOODMONT,GREENVILLE - WOODMONT,25806150.783698,Greenville,045,Woodmont,GREENVILLE - WOODMONT,GREENVILLE - WOODMONT,25727765.339541,0.996963,1
045,Greenville,WOODMONT,45045000343,Greenville - WOODMONT,GREENVILLE - WOODMONT,25806150.783698,Greenville,045,Piedmont,GREENVILLE - PIEDMONT,GREENVILLE - PIEDMONT,68522.644326,0.002655,2
045,Greenville,HILLCREST,45045000354,Greenville - HILLCREST,GREENVILLE - HILLCREST,4763836.422234,Greenville,045,Hillcrest,GREENVILLE - HILLCREST,GREENVILLE - HILLCREST,4736550.739564,0.994272,1
045,Greenville,HILLCREST,45045000354,Greenville - HILLCREST,GREENVILLE - HILLCREST,4763836.422234,Greenville,045,Graze Branch,GREENVILLE - GRAZE BRANCH,GREENVILLE - GRAZE BRANCH,15282.220984,0.003208,2
045,Greenville,HILLCREST,45045000354,Greenville - HILLCREST,GREENVILLE - HILLCREST,4763836.422234,Greenville,045,Simpsonville 1,GREENVILLE - SIMPSONVILLE 1,GREENVILLE - SIMPSONVILLE 1,8006.449841,0.001681,3
045,Greenville,HILLCREST,45045000354,Greenville - HILLCREST,GREENVILLE - HILLCREST,4763836.422234,Greenville,045,Sycamore,GREENVILLE - SYCAMORE,GREENVILLE - SYCAMORE,3997.011845,0.000839,4
045,Greenville,SYCAMORE,45045000326,Greenville - SYCAMORE,GREENVILLE - SYCAMORE,13319995.334261,Greenville,045,Sycamore,GREENVILLE - SYCAMORE,GREENVILLE - SYCAMORE,13259827.130504,0.995483,1
045,Greenville,SYCAMORE,45045000326,Greenville - SYCAMORE,GREENVILLE - SYCAMORE,13319995.334261,Greenville,045,Graze Branch,GREENVILLE - GRAZE BRANCH,GREENVILLE - GRAZE BRANCH,15708.814286,0.001179,2
045,Greenville,SYCAMORE,45045000326,Greenville - SYCAMORE,GREENVILLE - SYCAMORE,13319995.334261,Greenville,045,Simpsonville 5,GREENVILLE - SIMPSONVILLE 5,GREENVILLE - SIMPSONVILLE 5,14324.688740,0.001075,3
045,Greenville,SYCAMORE,45045000326,Greenville - SYCAMORE,GREENVILLE - SYCAMORE,13319995.334261,Greenville,045,Bells Crossing,GREENVILLE - BELLS CROSSING,GREENVILLE - BELLS CROSSING,13449.880423,0.001010,4
045,Greenville,SYCAMORE,45045000326,Greenville - SYCAMORE,GREENVILLE - SYCAMORE,13319995.334261,Greenville,045,Simpsonville 1,GREENVILLE - SIMPSONVILLE 1,GREENVILLE - SIMPSONVILLE 1,9089.167248,0.000682,5
045,Greenville,BRIDGE FORK,45045000347,Greenville - BRIDGE FORK,GREENVILLE - BRIDGE FORK,3770206.306494,Greenville,045,Bridge Fork,GREENVILLE - BRIDGE FORK,GREENVILLE - BRIDGE FORK,3756195.543668,0.996284,1
045,Greenville,BRIDGE FORK,45045000347,Greenville - BRIDGE FORK,GREENVILLE - BRIDGE FORK,3770206.306494,Greenville,045,Mauldin 4,GREENVILLE - MAULDIN 4,GREENVILLE - MAULDIN 4,9383.551310,0.002489,2
045,Greenville,BRIDGE FORK,45045000347,Greenville - BRIDGE FORK,GREENVILLE - BRIDGE FORK,3770206.306494,Greenville,045,Holly Tree,GREENVILLE - HOLLY TREE,GREENVILLE - HOLLY TREE,3249.369430,0.000862,3
045,Greenville,SIMPSONVILLE 3,45045000312,Greenville - SIMPSONVILLE 3,GREENVILLE - SIMPSONVILLE 3,4591944.865102,Greenville,045,Simpsonville 3,GREENVILLE - SIMPSONVILLE 3,GREENVILLE - SIMPSONVILLE 3,4561243.709972,0.993314,1
045,Greenville,SIMPSONVILLE 3,45045000312,Greenville - SIMPSONVILLE 3,GREENVILLE - SIMPSONVILLE 3,4591944.865102,Greenville,045,Simpsonville 5,GREENVILLE - SIMPSONVILLE 5,GREENVILLE - SIMPSONVILLE 5,26156.020415,0.005696,2
045,Greenville,SIMPSONVILLE 3,45045000312,Greenville - SIMPSONVILLE 3,GREENVILLE - SIMPSONVILLE 3,4591944.865102,Greenville,045,Sycamore,GREENVILLE - SYCAMORE,GREENVILLE - SYCAMORE,2539.061431,0.000553,3
045,Greenville,SIMPSONVILLE 4,45045000313,Greenville - SIMPSONVILLE 4,GREENVILLE - SIMPSONVILLE 4,1921343.120635,Greenville,045,Simpsonville 4,GREENVILLE - SIMPSONVILLE 4,GREENVILLE - SIMPSONVILLE 4,1911669.364870,0.994965,1
045,Greenville,SIMPSONVILLE 4,45045000313,Greenville - SIMPSONVILLE 4,GREENVILLE - SIMPSONVILLE 4,1921343.120635,Greenville,045,Simpsonville 2,GREENVILLE - SIMPSONVILLE 2,GREENVILLE - SIMPSONVILLE 2,7035.972381,0.003662,2
045,Greenville,SIMPSONVILLE 4,45045000313,Greenville - SIMPSONVILLE 4,GREENVILLE - SIMPSONVILLE 4,1921343.120635,Greenville,045,Simpsonville 3,GREENVILLE - SIMPSONVILLE 3,GREENVILLE - SIMPSONVILLE 3,2212.989713,0.001152,3
045,Greenville,LONG CREEK,45045000358,Greenville - LONG CREEK,GREENVILLE - LONG CREEK,4997813.829353,Greenville,045,Long Creek,GREENVILLE - LONG CREEK,GREENVILLE - LONG CREEK,4993181.574172,0.999073,1
045,Greenville,LONG CREEK,45045000358,Greenville - LONG CREEK,GREENVILLE - LONG CREEK,4997813.829353,Greenville,045,Neely Farms,GREENVILLE - NEELY FARMS,GREENVILLE - NEELY FARMS,3095.713351,0.000619,2
045,Greenville,SLATER MARIETTA,45045000317,Greenville - SLATER MARIETTA,GREENVILLE - SLATER MARIETTA,100010201.816690,Greenville,045,Slater Marietta,GREENVILLE - SLATER MARIETTA,GREENVILLE - SLATER MARIETTA,99298196.763067,0.992881,1
045,Greenville,SLATER MARIETTA,45045000317,Greenville - SLATER MARIETTA,GREENVILLE - SLATER MARIETTA,100010201.816690,Greenville,045,Ebenezer,GREENVILLE - EBENEZER,GREENVILLE - EBENEZER,631628.827027,0.006316,2
045,Greenville,TAYLORS,45045000328,Greenville - TAYLORS,GREENVILLE - TAYLORS,6335357.193813,Greenville,045,Taylors,GREENVILLE - TAYLORS,GREENVILLE - TAYLORS,6292869.754045,0.993294,1
045,Greenville,TAYLORS,45045000328,Greenville - TAYLORS,GREENVILLE - TAYLORS,6335357.193813,Greenville,045,Silverleaf,GREENVILLE - SILVERLEAF,GREENVILLE - SILVERLEAF,25234.999279,0.003983,2
045,Greenville,TAYLORS,45045000328,Greenville - TAYLORS,GREENVILLE - TAYLORS,6335357.193813,Greenville,045,Suber Mill,GREENVILLE - SUBER MILL,GREENVILLE - SUBER MILL,15290.957057,0.002414,3
045,Greenville,SILVERLEAF,45045000309,Greenville - SILVERLEAF,GREENVILLE - SILVERLEAF,3785075.927358,Greenville,045,Silverleaf,GREENVILLE - SILVERLEAF,GREENVILLE - SILVERLEAF,3778694.745423,0.998314,1
045,Greenville,SILVERLEAF,45045000309,Greenville - SILVERLEAF,GREENVILLE - SILVERLEAF,3785075.927358,Greenville,045,Riverside,GREENVILLE - RIVERSIDE,GREENVILLE - RIVERSIDE,3030.915519,0.000801,2
045,Greenville,SILVERLEAF,45045000309,Greenville - SILVERLEAF,GREENVILLE - SILVERLEAF,3785075.927358,Greenville,045,Taylors,GREENVILLE - TAYLORS,GREENVILLE - TAYLORS,2801.922815,0.000740,3
045,Greenville,EASTSIDE,45045000253,Greenville - EASTSIDE,GREENVILLE - EASTSIDE,3008809.482326,Greenville,045,Eastside,GREENVILLE - EASTSIDE,GREENVILLE - EASTSIDE,3005318.906419,0.998840,1
045,Greenville,EASTSIDE,45045000253,Greenville - EASTSIDE,GREENVILLE - EASTSIDE,3008809.482326,Greenville,045,Taylors,GREENVILLE - TAYLORS,GREENVILLE - TAYLORS,1720.616393,0.000572,2
045,Greenville,CANEBRAKE,45045000241,Greenville - CANEBRAKE,GREENVILLE - CANEBRAKE,3531889.995022,Greenville,045,Canebrake,GREENVILLE - CANEBRAKE,GREENVILLE - CANEBRAKE,3507988.186339,0.993233,1
045,Greenville,CANEBRAKE,45045000241,Greenville - CANEBRAKE,GREENVILLE - CANEBRAKE,3531889.995022,Greenville,045,Granite Creek,GREENVILLE - GRANITE CREEK,GREENVILLE - GRANITE CREEK,12434.701052,0.003521,2
045,Greenville,CANEBRAKE,45045000241,Greenville - CANEBRAKE,GREENVILLE - CANEBRAKE,3531889.995022,Greenville,045,Riverside,GREENVILLE - RIVERSIDE,GREENVILLE - RIVERSIDE,11424.313551,0.003235,3
045,Greenville,RIVERSIDE,45045000362,Greenville - RIVERSIDE,GREENVILLE - RIVERSIDE,3580159.522565,Greenville,045,Riverside,GREENVILLE - RIVERSIDE,GREENVILLE - RIVERSIDE,3456361.657028,0.965421,1
045,Greenville,RIVERSIDE,45045000362,Greenville - RIVERSIDE,GREENVILLE - RIVERSIDE,3580159.522565,Greenville,045,Suber Mill,GREENVILLE - SUBER MILL,GREENVILLE - SUBER MILL,53982.497241,0.015078,2
045,Greenville,RIVERSIDE,45045000362,Greenville - RIVERSIDE,GREENVILLE - RIVERSIDE,3580159.522565,Greenville,045,Granite Creek,GREENVILLE - GRANITE CREEK,GREENVILLE - GRANITE CREEK,51588.378723,0.014410,3
045,Greenville,RIVERSIDE,45045000362,Greenville - RIVERSIDE,GREENVILLE - RIVERSIDE,3580159.522565,Greenville,045,Silverleaf,GREENVILLE - SILVERLEAF,GREENVILLE - SILVERLEAF,14995.537563,0.004189,4
045,Greenville,RIVERSIDE,45045000362,Greenville - RIVERSIDE,GREENVILLE - RIVERSIDE,3580159.522565,Greenville,045,Canebrake,GREENVILLE - CANEBRAKE,GREENVILLE - CANEBRAKE,3224.704100,0.000901,5
045,Greenville,EBENEZER,45045000254,Greenville - EBENEZER,GREENVILLE - EBENEZER,34975679.391419,Greenville,045,Ebenezer,GREENVILLE - EBENEZER,GREENVILLE - EBENEZER,34880716.829383,0.997285,1
045,Greenville,EBENEZER,45045000254,Greenville - EBENEZER,GREENVILLE - EBENEZER,34975679.391419,Greenville,045,Sulphur Springs,GREENVILLE - SULPHUR SPRINGS,GREENVILLE - SULPHUR SPRINGS,34573.149357,0.000988,2
045,Greenville,EBENEZER,45045000254,Greenville - EBENEZER,GREENVILLE - EBENEZER,34975679.391419,Greenville,045,Furman,GREENVILLE - FURMAN,GREENVILLE - FURMAN,22351.943813,0.000639,3
045,Greenville,EBENEZER,45045000254,Greenville - EBENEZER,GREENVILLE - EBENEZER,34975679.391419,Greenville,045,Travelers Rest 2,GREENVILLE - TRAVELERS REST 2,GREENVILLE - TRAVELERS REST 2,21748.316045,0.000622,4
045,Greenville,TRAVELERS REST 2,45045000366,Greenville - TRAVELERS REST 2,GREENVILLE - TRAVELERS REST 2,8085176.245592,Greenville,045,Travelers Rest 2,GREENVILLE - TRAVELERS REST 2,GREENVILLE - TRAVELERS REST 2,8047654.961184,0.995359,1
045,Greenville,TRAVELERS REST 2,45045000366,Greenville - TRAVELERS REST 2,GREENVILLE - TRAVELERS REST 2,8085176.245592,Greenville,045,Ebenezer,GREENVILLE - EBENEZER,GREENVILLE - EBENEZER,33914.342072,0.004195,2
045,Greenville,GREENVILLE 4,45045000204,Greenville - GREENVILLE 4,GREENVILLE - GREENVILLE 4,3591315.745472,Greenville,045,Greenville 4,GREENVILLE - GREENVILLE 4,GREENVILLE - GREENVILLE 4,3587152.243833,0.998841,1
045,Greenville,GREENVILLE 4,45045000204,Greenville - GREENVILLE 4,GREENVILLE - GREENVILLE 4,3591315.745472,Greenville,045,Greenville 6,GREENVILLE - GREENVILLE 6,GREENVILLE - GREENVILLE 6,1866.788530,0.000520,2
045,Greenville,MAULDIN 1,45045000276,Greenville - MAULDIN 1,GREENVILLE - MAULDIN 1,5463137.014571,Greenville,045,Mauldin 1,GREENVILLE - MAULDIN 1,GREENVILLE - MAULDIN 1,5409839.696364,0.990244,1
045,Greenville,MAULDIN 1,45045000276,Greenville - MAULDIN 1,GREENVILLE - MAULDIN 1,5463137.014571,Greenville,045,Greenville 29,GREENVILLE - GREENVILLE 29,GREENVILLE - GREENVILLE 29,40847.926526,0.007477,2
045,Greenville,MAULDIN 1,45045000276,Greenville - MAULDIN 1,GREENVILLE - MAULDIN 1,5463137.014571,Greenville,045,Mauldin 4,GREENVILLE - MAULDIN 4,GREENVILLE - MAULDIN 4,6365.223577,0.001165,3
045,Greenville,MAULDIN 1,45045000276,Greenville - MAULDIN 1,GREENVILLE - MAULDIN 1,5463137.014571,Greenville,045,Mauldin 2,GREENVILLE - MAULDIN 2,GREENVILLE - MAULDIN 2,6084.168104,0.001114,4
045,Greenville,WELLINGTON,45045000340,Greenville - WELLINGTON,GREENVILLE - WELLINGTON,2487231.265176,Greenville,045,Wellington,GREENVILLE - WELLINGTON,GREENVILLE - WELLINGTON,2475733.760683,0.995377,1
045,Greenville,WELLINGTON,45045000340,Greenville - WELLINGTON,GREENVILLE - WELLINGTON,2487231.265176,Greenville,045,Northwood,GREENVILLE - NORTHWOOD,GREENVILLE - NORTHWOOD,10543.135688,0.004239,2
045,Greenville,AVON,45045000233,Greenville - AVON,GREENVILLE - AVON,2315495.633700,Greenville,045,Avon,GREENVILLE - AVON,GREENVILLE - AVON,2312753.356246,0.998816,1
045,Greenville,AVON,45045000233,Greenville - AVON,GREENVILLE - AVON,2315495.633700,Greenville,045,Eastside,GREENVILLE - EASTSIDE,GREENVILLE - EASTSIDE,2188.361652,0.000945,2
045,Greenville,MOUNTAIN CREEK,45045000285,Greenville - MOUNTAIN CREEK,GREENVILLE - MOUNTAIN CREEK,9352126.986028,Greenville,045,Mountain Creek,GREENVILLE - MOUNTAIN CREEK,GREENVILLE - MOUNTAIN CREEK,9319664.630980,0.996529,1
045,Greenville,MOUNTAIN CREEK,45045000285,Greenville - MOUNTAIN CREEK,GREENVILLE - MOUNTAIN CREEK,9352126.986028,Greenville,045,Altamont Forest,GREENVILLE - ALTAMONT FOREST,GREENVILLE - ALTAMONT FOREST,17122.879126,0.001831,2
045,Greenville,MOUNTAIN CREEK,45045000285,Greenville - MOUNTAIN CREEK,GREENVILLE - MOUNTAIN CREEK,9352126.986028,Greenville,045,Paris Mountain,GREENVILLE - PARIS MOUNTAIN,GREENVILLE - PARIS MOUNTAIN,10673.948207,0.001141,3
045,Greenville,PEBBLE CREEK,45045000293,Greenville - PEBBLE CREEK,GREENVILLE - PEBBLE CREEK,4026886.706068,Greenville,045,Pebble Creek,GREENVILLE - PEBBLE CREEK,GREENVILLE - PEBBLE CREEK,4023887.256464,0.999255,1
045,Greenville,PEBBLE CREEK,45045000293,Greenville - PEBBLE CREEK,GREENVILLE - PEBBLE CREEK,4026886.706068,Greenville,045,Edwards Forest,GREENVILLE - EDWARDS FOREST,GREENVILLE - EDWARDS FOREST,2110.367110,0.000524,2
045,Greenville,GREENVILLE 14,45045000214,Greenville - GREENVILLE 14,GREENVILLE - GREENVILLE 14,2596136.143702,Greenville,045,Greenville 14,GREENVILLE - GREENVILLE 14,GREENVILLE - GREENVILLE 14,2582725.655628,0.994834,1
045,Greenville,GREENVILLE 14,45045000214,Greenville - GREENVILLE 14,GREENVILLE - GREENVILLE 14,2596136.143702,Greenville,045,Greenville 17,GREENVILLE - GREENVILLE 17,GREENVILLE - GREENVILLE 17,5641.851170,0.002173,2
045,Greenville,GREENVILLE 14,45045000214,Greenville - GREENVILLE 14,GREENVILLE - GREENVILLE 14,2596136.143702,Greenville,045,Greenville 21,GREENVILLE - GREENVILLE 21,GREENVILLE - GREENVILLE 21,3279.721205,0.001263,3
045,Greenville,GREENVILLE 14,45045000214,Greenville - GREENVILLE 14,GREENVILLE - GREENVILLE 14,2596136.143702,Greenville,045,Greenville 10,GREENVILLE - GREENVILLE 10,GREENVILLE - GREENVILLE 10,2348.044906,0.000904,4
045,Greenville,GREENVILLE 24,45045000224,Greenville - GREENVILLE 24,GREENVILLE - GREENVILLE 24,14449288.234859,Greenville,045,Greenville 24,GREENVILLE - GREENVILLE 24,GREENVILLE - GREENVILLE 24,14439361.232694,0.999313,1
045,Greenville,POINSETT,45045000297,Greenville - POINSETT,GREENVILLE - POINSETT,5478226.556367,Greenville,045,Poinsett,GREENVILLE - POINSETT,GREENVILLE - POINSETT,5473028.032269,0.999051,1
045,Greenville,GREENVILLE 22,45045000222,Greenville - GREENVILLE 22,GREENVILLE - GREENVILLE 22,3235072.988138,Greenville,045,Greenville 22,GREENVILLE - GREENVILLE 22,GREENVILLE - GREENVILLE 22,3231219.679230,0.998809,1
045,Greenville,GREENVILLE 22,45045000222,Greenville - GREENVILLE 22,GREENVILLE - GREENVILLE 22,3235072.988138,Greenville,045,Greenville 24,GREENVILLE - GREENVILLE 24,GREENVILLE - GREENVILLE 24,3574.017489,0.001105,2
045,Greenville,DEVENGER,45045000249,Greenville - DEVENGER,GREENVILLE - DEVENGER,2334526.154030,Greenville,045,Devenger,GREENVILLE - DEVENGER,GREENVILLE - DEVENGER,2331676.164011,0.998779,1
045,Greenville,DEVENGER,45045000249,Greenville - DEVENGER,GREENVILLE - DEVENGER,2334526.154030,Greenville,045,Boiling Springs,GREENVILLE - BOILING SPRINGS,GREENVILLE - BOILING SPRINGS,1566.233999,0.000671,2
045,Greenville,PELHAM FALLS,45045000294,Greenville - PELHAM FALLS,GREENVILLE - PELHAM FALLS,6677262.140043,Greenville,045,Pelham Falls,GREENVILLE - PELHAM FALLS,GREENVILLE - PELHAM FALLS,6626378.951017,0.992380,1
045,Greenville,PELHAM FALLS,45045000294,Greenville - PELHAM FALLS,GREENVILLE - PELHAM FALLS,6677262.140043,Greenville,045,Circle Creek,GREENVILLE - CIRCLE CREEK,GREENVILLE - CIRCLE CREEK,13249.096337,0.001984,2
045,Greenville,PELHAM FALLS,45045000294,Greenville - PELHAM FALLS,GREENVILLE - PELHAM FALLS,6677262.140043,Greenville,045,Oakview,GREENVILLE - OAKVIEW,GREENVILLE - OAKVIEW,6146.957107,0.000921,3
045,Greenville,GREENVILLE 3,45045000203,Greenville - GREENVILLE 3,GREENVILLE - GREENVILLE 3,3357292.899017,Greenville,045,Greenville 3,GREENVILLE - GREENVILLE 3,GREENVILLE - GREENVILLE 3,3354243.888710,0.999092,1
045,Greenville,BELLE MEADE,45045000234,Greenville - BELLE MEADE,GREENVILLE - BELLE MEADE,3566064.512086,Greenville,045,Belle Meade,GREENVILLE - BELLE MEADE,GREENVILLE - BELLE MEADE,3560302.239485,0.998384,1
045,Greenville,BELLE MEADE,45045000234,Greenville - BELLE MEADE,GREENVILLE - BELLE MEADE,3566064.512086,Greenville,045,Belmont,GREENVILLE - BELMONT,GREENVILLE - BELMONT,3162.380573,0.000887,2
045,Greenville,BELLE MEADE,45045000234,Greenville - BELLE MEADE,GREENVILLE - BELLE MEADE,3566064.512086,Greenville,045,Southside,GREENVILLE - SOUTHSIDE,GREENVILLE - SOUTHSIDE,2026.057101,0.000568,3
045,Greenville,MT. PLEASANT,45045000345,Greenville - MT. PLEASANT,GREENVILLE - MT. PLEASANT,8118038.818621,Greenville,045,Mt Pleasant,GREENVILLE - MT PLEASANT,GREENVILLE - MT PLEASANT,8112755.323494,0.999349,1
045,Greenville,GREENBRIAR,45045000353,Greenville - GREENBRIAR,GREENVILLE - GREENBRIAR,4247393.027619,Greenville,045,Greenbriar,GREENVILLE - GREENBRIAR,GREENVILLE - GREENBRIAR,4221091.312553,0.993808,1
045,Greenville,GREENBRIAR,45045000353,Greenville - GREENBRIAR,GREENVILLE - GREENBRIAR,4247393.027619,Greenville,045,Simpsonville 2,GREENVILLE - SIMPSONVILLE 2,GREENVILLE - SIMPSONVILLE 2,11641.107635,0.002741,2
045,Greenville,GREENBRIAR,45045000353,Greenville - GREENBRIAR,GREENVILLE - GREENBRIAR,4247393.027619,Greenville,045,Ranch Creek,GREENVILLE - RANCH CREEK,GREENVILLE - RANCH CREEK,10256.588101,0.002415,3
045,Greenville,GREENBRIAR,45045000353,Greenville - GREENBRIAR,GREENVILLE - GREENBRIAR,4247393.027619,Greenville,045,Mauldin 4,GREENVILLE - MAULDIN 4,GREENVILLE - MAULDIN 4,2461.703435,0.000580,4
045,Greenville,SPRING FOREST,45045000319,Greenville - SPRING FOREST,GREENVILLE - SPRING FOREST,1808860.612758,Greenville,045,Spring Forest,GREENVILLE - SPRING FOREST,GREENVILLE - SPRING FOREST,1805721.217540,0.998264,1
045,Greenville,SPRING FOREST,45045000319,Greenville - SPRING FOREST,GREENVILLE - SPRING FOREST,1808860.612758,Greenville,045,Timberlake,GREENVILLE - TIMBERLAKE,GREENVILLE - TIMBERLAKE,1600.824060,0.000885,2
045,Greenville,SPRING FOREST,45045000319,Greenville - SPRING FOREST,GREENVILLE - SPRING FOREST,1808860.612758,Greenville,045,Rock Hill,GREENVILLE - ROCK HILL,GREENVILLE - ROCK HILL,1157.210560,0.000640,3
045,Greenville,GREENVILLE 20,45045000220,Greenville - GREENVILLE 20,GREENVILLE - GREENVILLE 20,2008988.782677,Greenville,045,Greenville 20,GREENVILLE - GREENVILLE 20,GREENVILLE - GREENVILLE 20,2002939.566669,0.996989,1
045,Greenville,GREENVILLE 20,45045000220,Greenville - GREENVILLE 20,GREENVILLE - GREENVILLE 20,2008988.782677,Greenville,045,Greenville 21,GREENVILLE - GREENVILLE 21,GREENVILLE - GREENVILLE 21,5096.964012,0.002537,2
045,Greenville,CONESTEE,45045000246,Greenville - CONESTEE,GREENVILLE - CONESTEE,8815012.061174,Greenville,045,Conestee,GREENVILLE - CONESTEE,GREENVILLE - CONESTEE,8714389.754823,0.988585,1
045,Greenville,CONESTEE,45045000246,Greenville - CONESTEE,GREENVILLE - CONESTEE,8815012.061174,Greenville,045,Belmont,GREENVILLE - BELMONT,GREENVILLE - BELMONT,51852.214455,0.005882,2
045,Greenville,CONESTEE,45045000246,Greenville - CONESTEE,GREENVILLE - CONESTEE,8815012.061174,Greenville,045,Greenville 29,GREENVILLE - GREENVILLE 29,GREENVILLE - GREENVILLE 29,44494.470579,0.005048,3
045,Greenville,SALUDA,45045000306,Greenville - SALUDA,GREENVILLE - SALUDA,6735073.391789,Greenville,045,Saluda,GREENVILLE - SALUDA,GREENVILLE - SALUDA,6716586.093432,0.997255,1
045,Greenville,SALUDA,45045000306,Greenville - SALUDA,GREENVILLE - SALUDA,6735073.391789,Greenville,045,Westcliffe,GREENVILLE - WESTCLIFFE,GREENVILLE - WESTCLIFFE,5354.117546,0.000795,2
045,Greenville,KILGORE FARMS,45045000356,Greenville - KILGORE FARMS,GREENVILLE - KILGORE FARMS,3413729.289205,Greenville,045,Kilgore Farms,GREENVILLE - KILGORE FARMS,GREENVILLE - KILGORE FARMS,3408886.588766,0.998581,1
045,Greenville,KILGORE FARMS,45045000356,Greenville - KILGORE FARMS,GREENVILLE - KILGORE FARMS,3413729.289205,Greenville,045,Sparrows Point,GREENVILLE - SPARROWS POINT,GREENVILLE - SPARROWS POINT,3379.729046,0.000990,2
045,Greenville,MAULDIN 7,45045000282,Greenville - MAULDIN 7,GREENVILLE - MAULDIN 7,2330622.226662,Greenville,045,Mauldin 7,GREENVILLE - MAULDIN 7,GREENVILLE - MAULDIN 7,2316642.545771,0.994002,1
045,Greenville,MAULDIN 7,45045000282,Greenville - MAULDIN 7,GREENVILLE - MAULDIN 7,2330622.226662,Greenville,045,Mauldin 5,GREENVILLE - MAULDIN 5,GREENVILLE - MAULDIN 5,10058.343488,0.004316,2
045,Greenville,MAULDIN 7,45045000282,Greenville - MAULDIN 7,GREENVILLE - MAULDIN 7,2330622.226662,Greenville,045,Woodruff Lakes,GREENVILLE - WOODRUFF LAKES,GREENVILLE - WOODRUFF LAKES,3444.256318,0.001478,3
045,Greenville,SPARROWS POINT,45045000363,Greenville - SPARROWS POINT,GREENVILLE - SPARROWS POINT,4236905.507750,Greenville,045,Sparrows Point,GREENVILLE - SPARROWS POINT,GREENVILLE - SPARROWS POINT,4218856.331931,0.995740,1
045,Greenville,SPARROWS POINT,45045000363,Greenville - SPARROWS POINT,GREENVILLE - SPARROWS POINT,4236905.507750,Greenville,045,Kilgore Farms,GREENVILLE - KILGORE FARMS,GREENVILLE - KILGORE FARMS,14272.033261,0.003369,2
045,Greenville,SPARROWS POINT,45045000363,Greenville - SPARROWS POINT,GREENVILLE - SPARROWS POINT,4236905.507750,Greenville,045,Circle Creek,GREENVILLE - CIRCLE CREEK,GREENVILLE - CIRCLE CREEK,2559.589565,0.000604,3
045,Greenville,RIVERWALK,45045000300,Greenville - RIVERWALK,GREENVILLE - RIVERWALK,2933800.416891,Greenville,045,River Walk,GREENVILLE - RIVER WALK,GREENVILLE - RIVER WALK,2915723.051269,0.993838,1
045,Greenville,RIVERWALK,45045000300,Greenville - RIVERWALK,GREENVILLE - RIVERWALK,2933800.416891,Greenville,045,Holly Tree,GREENVILLE - HOLLY TREE,GREENVILLE - HOLLY TREE,13828.696079,0.004714,2
045,Greenville,RIVERWALK,45045000300,Greenville - RIVERWALK,GREENVILLE - RIVERWALK,2933800.416891,Greenville,045,Stonehaven,GREENVILLE - STONEHAVEN,GREENVILLE - STONEHAVEN,1969.826369,0.000671,3
045,Greenville,GREENVILLE 28,45045000228,Greenville - GREENVILLE 28,GREENVILLE - GREENVILLE 28,1069189.610004,Greenville,045,Greenville 28,GREENVILLE - GREENVILLE 28,GREENVILLE - GREENVILLE 28,1067530.722252,0.998448,1
045,Greenville,GREENVILLE 28,45045000228,Greenville - GREENVILLE 28,GREENVILLE - GREENVILLE 28,1069189.610004,Greenville,045,Greenville 25,GREENVILLE - GREENVILLE 25,GREENVILLE - GREENVILLE 25,1298.460786,0.001214,2
045,Greenville,OAKVIEW,45045000289,Greenville - OAKVIEW,GREENVILLE - OAKVIEW,6865728.069592,Greenville,045,Oakview,GREENVILLE - OAKVIEW,GREENVILLE - OAKVIEW,6848368.078828,0.997472,1
045,Greenville,OAKVIEW,45045000289,Greenville - OAKVIEW,GREENVILLE - OAKVIEW,6865728.069592,Greenville,045,Pelham Falls,GREENVILLE - PELHAM FALLS,GREENVILLE - PELHAM FALLS,13073.118986,0.001904,2
045,Greenville,OAKVIEW,45045000289,Greenville - OAKVIEW,GREENVILLE - OAKVIEW,6865728.069592,Greenville,045,Circle Creek,GREENVILLE - CIRCLE CREEK,GREENVILLE - CIRCLE CREEK,4286.865923,0.000624,3
045,Greenville,BELLS CROSSING,45045000235,Greenville - BELLS CROSSING,GREENVILLE - BELLS CROSSING,5293947.117560,Greenville,045,Bells Crossing,GREENVILLE - BELLS CROSSING,GREENVILLE - BELLS CROSSING,5280181.018059,0.997400,1
045,Greenville,BELLS CROSSING,45045000235,Greenville - BELLS CROSSING,GREENVILLE - BELLS CROSSING,5293947.117560,Greenville,045,River Walk,GREENVILLE - RIVER WALK,GREENVILLE - RIVER WALK,7980.858529,0.001508,2
045,Greenville,GREENVILLE 21,45045000221,Greenville - GREENVILLE 21,GREENVILLE - GREENVILLE 21,1005237.286810,Greenville,045,Greenville 21,GREENVILLE - GREENVILLE 21,GREENVILLE - GREENVILLE 21,1002068.798487,0.996848,1
045,Greenville,GREENVILLE 21,45045000221,Greenville - GREENVILLE 21,GREENVILLE - GREENVILLE 21,1005237.286810,Greenville,045,Greenville 23,GREENVILLE - GREENVILLE 23,GREENVILLE - GREENVILLE 23,1407.877464,0.001401,2
045,Greenville,GREENVILLE 21,45045000221,Greenville - GREENVILLE 21,GREENVILLE - GREENVILLE 21,1005237.286810,Greenville,045,Greenville 14,GREENVILLE - GREENVILLE 14,GREENVILLE - GREENVILLE 14,959.345890,0.000954,3
045,Greenville,GREENVILLE 21,45045000221,Greenville - GREENVILLE 21,GREENVILLE - GREENVILLE 21,1005237.286810,Greenville,045,Greenville 17,GREENVILLE - GREENVILLE 17,GREENVILLE - GREENVILLE 17,779.688751,0.000776,4
045,Greenville,TRADE,45045000332,Greenville - TRADE,GREENVILLE - TRADE,4920914.884277,Greenville,045,Trade,GREENVILLE - TRADE,GREENVILLE - TRADE,4918070.004207,0.999422,1
045,Greenville,FOX CHASE,45045000349,Greenville - FOX CHASE,GREENVILLE - FOX CHASE,6119288.023584,Greenville,045,Fox Chase,GREENVILLE - FOX CHASE,GREENVILLE - FOX CHASE,6082278.946733,0.993952,1
045,Greenville,FOX CHASE,45045000349,Greenville - FOX CHASE,GREENVILLE - FOX CHASE,6119288.023584,Greenville,045,Castle Rock,GREENVILLE - CASTLE ROCK,GREENVILLE - CASTLE ROCK,30451.947969,0.004976,2
045,Greenville,FOX CHASE,45045000349,Greenville - FOX CHASE,GREENVILLE - FOX CHASE,6119288.023584,Greenville,045,Tyger River,GREENVILLE - TYGER RIVER,GREENVILLE - TYGER RIVER,6547.109300,0.001070,3
045,Greenville,SUBER MILL,45045000323,Greenville - SUBER MILL,GREENVILLE - SUBER MILL,9029571.868004,Greenville,045,Suber Mill,GREENVILLE - SUBER MILL,GREENVILLE - SUBER MILL,8983473.493382,0.994895,1
045,Greenville,SUBER MILL,45045000323,Greenville - SUBER MILL,GREENVILLE - SUBER MILL,9029571.868004,Greenville,045,Taylors,GREENVILLE - TAYLORS,GREENVILLE - TAYLORS,18191.423155,0.002015,2
045,Greenville,SUBER MILL,45045000323,Greenville - SUBER MILL,GREENVILLE - SUBER MILL,9029571.868004,Greenville,045,Silverleaf,GREENVILLE - SILVERLEAF,GREENVILLE - SILVERLEAF,15046.406591,0.001666,3
045,Greenville,SUBER MILL,45045000323,Greenville - SUBER MILL,GREENVILLE - SUBER MILL,9029571.868004,Greenville,045,Riverside,GREENVILLE - RIVERSIDE,GREENVILLE - RIVERSIDE,6632.557069,0.000735,4
045,Greenville,GRANITE CREEK,45045000351,Greenville - GRANITE CREEK,GREENVILLE - GRANITE CREEK,10127783.654088,Greenville,045,Granite Creek,GREENVILLE - GRANITE CREEK,GREENVILLE - GRANITE CREEK,10106236.336758,0.997872,1
045,Greenville,GRANITE CREEK,45045000351,Greenville - GRANITE CREEK,GREENVILLE - GRANITE CREEK,10127783.654088,Greenville,045,Canebrake,GREENVILLE - CANEBRAKE,GREENVILLE - CANEBRAKE,17475.337464,0.001725,2
045,Greenville,ONEAL,45045000360,Greenville - ONEAL,GREENVILLE - ONEAL,20536524.985713,Greenville,045,Oneal,GREENVILLE - ONEAL,GREENVILLE - ONEAL,20246872.368894,0.985896,1
045,Greenville,ONEAL,45045000360,Greenville - ONEAL,GREENVILLE - ONEAL,20536524.985713,Greenville,045,Sandy Flat,GREENVILLE - SANDY FLAT,GREENVILLE - SANDY FLAT,248569.026216,0.012104,2
045,Greenville,ONEAL,45045000360,Greenville - ONEAL,GREENVILLE - ONEAL,20536524.985713,Greenville,045,Skyland,GREENVILLE - SKYLAND,GREENVILLE - SKYLAND,37804.910040,0.001841,3
045,Greenville,GOWENSVILLE,45045000264,Greenville - GOWENSVILLE,GREENVILLE - GOWENSVILLE,75333123.179076,Greenville,045,Gowensville,GREENVILLE - GOWENSVILLE,GREENVILLE - GOWENSVILLE,75266150.685980,0.999111,1
045,Greenville,GOWENSVILLE,45045000264,Greenville - GOWENSVILLE,GREENVILLE - GOWENSVILLE,75333123.179076,Greenville,045,Tigerville,GREENVILLE - TIGERVILLE,GREENVILLE - TIGERVILLE,45396.628835,0.000603,2
045,Greenville,MOUNTAIN VIEW,45045000286,Greenville - MOUNTAIN VIEW,GREENVILLE - MOUNTAIN VIEW,40508602.258983,Greenville,045,Mountain View,GREENVILLE - MOUNTAIN VIEW,GREENVILLE - MOUNTAIN VIEW,40281832.308017,0.994402,1
045,Greenville,MOUNTAIN VIEW,45045000286,Greenville - MOUNTAIN VIEW,GREENVILLE - MOUNTAIN VIEW,40508602.258983,Greenville,045,Sandy Flat,GREENVILLE - SANDY FLAT,GREENVILLE - SANDY FLAT,209488.067916,0.005171,2
045,Greenville,BAKER CREEK,45045000346,Greenville - BAKER CREEK,GREENVILLE - BAKER CREEK,29923302.230103,Greenville,045,Baker Creek,GREENVILLE - BAKER CREEK,GREENVILLE - BAKER CREEK,29880782.770257,0.998579,1
045,Greenville,BAKER CREEK,45045000346,Greenville - BAKER CREEK,GREENVILLE - BAKER CREEK,29923302.230103,Greenville,045,Piedmont,GREENVILLE - PIEDMONT,GREENVILLE - PIEDMONT,19904.103417,0.000665,2
045,Greenville,MOORE CREEK,45045000359,Greenville - MOORE CREEK,GREENVILLE - MOORE CREEK,9393074.919383,Greenville,045,Moore Creek,GREENVILLE - MOORE CREEK,GREENVILLE - MOORE CREEK,9386881.524893,0.999341,1
045,Greenville,SIMPSONVILLE 2,45045000311,Greenville - SIMPSONVILLE 2,GREENVILLE - SIMPSONVILLE 2,5236137.625563,Greenville,045,Simpsonville 2,GREENVILLE - SIMPSONVILLE 2,GREENVILLE - SIMPSONVILLE 2,5226011.049692,0.998066,1
045,Greenville,SIMPSONVILLE 2,45045000311,Greenville - SIMPSONVILLE 2,GREENVILLE - SIMPSONVILLE 2,5236137.625563,Greenville,045,Simpsonville 4,GREENVILLE - SIMPSONVILLE 4,GREENVILLE - SIMPSONVILLE 4,5489.299127,0.001048,2
045,Greenville,SIMPSONVILLE 2,45045000311,Greenville - SIMPSONVILLE 2,GREENVILLE - SIMPSONVILLE 2,5236137.625563,Greenville,045,Simpsonville 1,GREENVILLE - SIMPSONVILLE 1,GREENVILLE - SIMPSONVILLE 1,4523.816250,0.000864,3
045,Greenville,SIMPSONVILLE 1,45045000310,Greenville - SIMPSONVILLE 1,GREENVILLE - SIMPSONVILLE 1,8091629.847435,Greenville,045,Simpsonville 1,GREENVILLE - SIMPSONVILLE 1,GREENVILLE - SIMPSONVILLE 1,8081897.525774,0.998797,1
045,Greenville,SIMPSONVILLE 1,45045000310,Greenville - SIMPSONVILLE 1,GREENVILLE - SIMPSONVILLE 1,8091629.847435,Greenville,045,Hillcrest,GREENVILLE - HILLCREST,GREENVILLE - HILLCREST,4324.094960,0.000534,2
045,Greenville,GRAZE BRANCH,45045000352,Greenville - GRAZE BRANCH,GREENVILLE - GRAZE BRANCH,4762508.448746,Greenville,045,Graze Branch,GREENVILLE - GRAZE BRANCH,GREENVILLE - GRAZE BRANCH,4752358.225277,0.997869,1
045,Greenville,GRAZE BRANCH,45045000352,Greenville - GRAZE BRANCH,GREENVILLE - GRAZE BRANCH,4762508.448746,Greenville,045,Hillcrest,GREENVILLE - HILLCREST,GREENVILLE - HILLCREST,4315.027149,0.000906,2
045,Greenville,GRAZE BRANCH,45045000352,Greenville - GRAZE BRANCH,GREENVILLE - GRAZE BRANCH,4762508.448746,Greenville,045,Bells Crossing,GREENVILLE - BELLS CROSSING,GREENVILLE - BELLS CROSSING,4046.962974,0.000850,3
045,Greenville,SIMPSONVILLE 6,45045000315,Greenville - SIMPSONVILLE 6,GREENVILLE - SIMPSONVILLE 6,5265392.462450,Greenville,045,Simpsonville 6,GREENVILLE - SIMPSONVILLE 6,GREENVILLE - SIMPSONVILLE 6,5259163.152196,0.998817,1
045,Greenville,SIMPSONVILLE 6,45045000315,Greenville - SIMPSONVILLE 6,GREENVILLE - SIMPSONVILLE 6,5265392.462450,Greenville,045,Simpsonville 4,GREENVILLE - SIMPSONVILLE 4,GREENVILLE - SIMPSONVILLE 4,2784.794984,0.000529,2
045,Greenville,NEELY FARMS,45045000287,Greenville - NEELY FARMS,GREENVILLE - NEELY FARMS,3777238.737343,Greenville,045,Neely Farms,GREENVILLE - NEELY FARMS,GREENVILLE - NEELY FARMS,3773125.783990,0.998911,1
045,Greenville,NEELY FARMS,45045000287,Greenville - NEELY FARMS,GREENVILLE - NEELY FARMS,3777238.737343,Greenville,045,Simpsonville 6,GREENVILLE - SIMPSONVILLE 6,GREENVILLE - SIMPSONVILLE 6,1905.001173,0.000504,2
045,Greenville,STANDING SPRINGS,45045000364,Greenville - STANDING SPRINGS,GREENVILLE - STANDING SPRINGS,3813651.812471,Greenville,045,Standing Springs,GREENVILLE - STANDING SPRINGS,GREENVILLE - STANDING SPRINGS,3809928.718560,0.999024,1
045,Greenville,STANDING SPRINGS,45045000364,Greenville - STANDING SPRINGS,GREENVILLE - STANDING SPRINGS,3813651.812471,Greenville,045,Simpsonville 2,GREENVILLE - SIMPSONVILLE 2,GREENVILLE - SIMPSONVILLE 2,2110.396128,0.000553,2
045,Greenville,JENNINGS MILL,45045000269,Greenville - JENNINGS MILL,GREENVILLE - JENNINGS MILL,231773513.908395,Greenville,045,Jennings Mill,GREENVILLE - JENNINGS MILL,GREENVILLE - JENNINGS MILL,231250326.233962,0.997743,1
045,Greenville,CLEAR CREEK,45045000245,Greenville - CLEAR CREEK,GREENVILLE - CLEAR CREEK,8392288.419213,Greenville,045,Clear Creek,GREENVILLE - CLEAR CREEK,GREENVILLE - CLEAR CREEK,8383064.240128,0.998901,1
045,Greenville,LAUREL RIDGE,45045000271,Greenville - LAUREL RIDGE,GREENVILLE - LAUREL RIDGE,8512656.111980,Greenville,045,Laurel Ridge,GREENVILLE - LAUREL RIDGE,GREENVILLE - LAUREL RIDGE,8506675.588145,0.999297,1
045,Greenville,STONE VALLEY,45045000321,Greenville - STONE VALLEY,GREENVILLE - STONE VALLEY,5784586.316539,Greenville,045,Stone Valley,GREENVILLE - STONE VALLEY,GREENVILLE - STONE VALLEY,5779989.132972,0.999205,1
045,Greenville,STONE VALLEY,45045000321,Greenville - STONE VALLEY,GREENVILLE - STONE VALLEY,5784586.316539,Greenville,045,Laurel Ridge,GREENVILLE - LAUREL RIDGE,GREENVILLE - LAUREL RIDGE,3870.691276,0.000669,2
045,Greenville,SUGAR CREEK,45045000324,Greenville - SUGAR CREEK,GREENVILLE - SUGAR CREEK,2604951.154642,Greenville,045,Sugar Creek,GREENVILLE - SUGAR CREEK,GREENVILLE - SUGAR CREEK,2582570.368233,0.991408,1
045,Greenville,SUGAR CREEK,45045000324,Greenville - SUGAR CREEK,GREENVILLE - SUGAR CREEK,2604951.154642,Greenville,045,Thornblade,GREENVILLE - THORNBLADE,GREENVILLE - THORNBLADE,18806.981341,0.007220,2
045,Greenville,SUGAR CREEK,45045000324,Greenville - SUGAR CREEK,GREENVILLE - SUGAR CREEK,2604951.154642,Greenville,045,Canebrake,GREENVILLE - CANEBRAKE,GREENVILLE - CANEBRAKE,1952.263699,0.000749,3
045,Greenville,SUGAR CREEK,45045000324,Greenville - SUGAR CREEK,GREENVILLE - SUGAR CREEK,2604951.154642,Greenville,045,Silverleaf,GREENVILLE - SILVERLEAF,GREENVILLE - SILVERLEAF,1621.541369,0.000622,4
045,Greenville,MARIDELL,45045000275,Greenville - MARIDELL,GREENVILLE - MARIDELL,54095812.983242,Greenville,045,Maridell,GREENVILLE - MARIDELL,GREENVILLE - MARIDELL,54064240.596047,0.999416,1
045,Greenville,TUBBS MOUNTAIN,45045000334,Greenville - TUBBS MOUNTAIN,GREENVILLE - TUBBS MOUNTAIN,29752685.703664,Greenville,045,Tubbs Mountain,GREENVILLE - TUBBS MOUNTAIN,GREENVILLE - TUBBS MOUNTAIN,29732809.027254,0.999332,1
045,Greenville,FOUNTAIN INN 2,45045000260,Greenville - FOUNTAIN INN 2,GREENVILLE - FOUNTAIN INN 2,9866785.452337,Greenville,045,Fountain Inn 2,GREENVILLE - FOUNTAIN INN 2,GREENVILLE - FOUNTAIN INN 2,9860767.159826,0.999390,1
045,Greenville,FOUNTAIN INN 2,45045000260,Greenville - FOUNTAIN INN 2,GREENVILLE - FOUNTAIN INN 2,9866785.452337,Greenville,045,Fountain Inn 1,GREENVILLE - FOUNTAIN INN 1,GREENVILLE - FOUNTAIN INN 1,5200.397368,0.000527,2
045,Greenville,FOUNTAIN INN 1,45045000259,Greenville - FOUNTAIN INN 1,GREENVILLE - FOUNTAIN INN 1,10199904.769293,Greenville,045,Fountain Inn 1,GREENVILLE - FOUNTAIN INN 1,GREENVILLE - FOUNTAIN INN 1,10167563.723198,0.996829,1
045,Greenville,FOUNTAIN INN 1,45045000259,Greenville - FOUNTAIN INN 1,GREENVILLE - FOUNTAIN INN 1,10199904.769293,Greenville,045,Walnut Springs,GREENVILLE - WALNUT SPRINGS,GREENVILLE - WALNUT SPRINGS,31058.900750,0.003045,2
045,Greenville,VERDMONT,45045000368,Greenville - VERDMONT,GREENVILLE - VERDMONT,15222443.984628,Greenville,045,Verdmont,GREENVILLE - VERDMONT,GREENVILLE - VERDMONT,15179402.121545,0.997172,1
045,Greenville,VERDMONT,45045000368,Greenville - VERDMONT,GREENVILLE - VERDMONT,15222443.984628,Greenville,045,Reedy Fork,GREENVILLE - REEDY FORK,GREENVILLE - REEDY FORK,35660.997830,0.002343,2
045,Greenville,PINEVIEW,45045000296,Greenville - PINEVIEW,GREENVILLE - PINEVIEW,21527561.011874,Greenville,045,Pineview,GREENVILLE - PINEVIEW,GREENVILLE - PINEVIEW,21519999.012915,0.999649,1
045,Greenville,FORK SHOALS,45045000258,Greenville - FORK SHOALS,GREENVILLE - FORK SHOALS,61780245.671438,Greenville,045,Fork Shoals,GREENVILLE - FORK SHOALS,GREENVILLE - FORK SHOALS,61751144.051982,0.999529,1
045,Greenville,RAINTREE,45045000298,Greenville - RAINTREE,GREENVILLE - RAINTREE,14462794.406087,Greenville,045,Raintree,GREENVILLE - RAINTREE,GREENVILLE - RAINTREE,14454685.117824,0.999439,1
045,Greenville,DUNKLIN,45045000252,Greenville - DUNKLIN,GREENVILLE - DUNKLIN,152663965.932125,Greenville,045,Dunklin,GREENVILLE - DUNKLIN,GREENVILLE - DUNKLIN,152567143.642783,0.999366,1
045,Greenville,SIMPSONVILLE 5,45045000314,Greenville - SIMPSONVILLE 5,GREENVILLE - SIMPSONVILLE 5,8921591.157150,Greenville,045,Simpsonville 5,GREENVILLE - SIMPSONVILLE 5,GREENVILLE - SIMPSONVILLE 5,8906009.172551,0.998253,1
045,Greenville,SIMPSONVILLE 5,45045000314,Greenville - SIMPSONVILLE 5,GREENVILLE - SIMPSONVILLE 5,8921591.157150,Greenville,045,Sycamore,GREENVILLE - SYCAMORE,GREENVILLE - SYCAMORE,7184.475581,0.000805,2
045,Greenville,REEDY FORK,45045000299,Greenville - REEDY FORK,GREENVILLE - REEDY FORK,34838883.956516,Greenville,045,Reedy Fork,GREENVILLE - REEDY FORK,GREENVILLE - REEDY FORK,34827919.838683,0.999685,1
045,Greenville,WALNUT SPRINGS,45045000337,Greenville - WALNUT SPRINGS,GREENVILLE - WALNUT SPRINGS,29819421.772113,Greenville,045,Walnut Springs,GREENVILLE - WALNUT SPRINGS,GREENVILLE - WALNUT SPRINGS,29807889.800804,0.999613,1
045,Greenville,GREENVILLE 8,45045000208,Greenville - GREENVILLE 8,GREENVILLE - GREENVILLE 8,4095772.765215,Greenville,045,Greenville 8,GREENVILLE - GREENVILLE 8,GREENVILLE - GREENVILLE 8,4085087.926419,0.997391,1
045,Greenville,GREENVILLE 8,45045000208,Greenville - GREENVILLE 8,GREENVILLE - GREENVILLE 8,4095772.765215,Greenville,045,Welcome,GREENVILLE - WELCOME,GREENVILLE - WELCOME,6783.673176,0.001656,2
045,Greenville,WESTSIDE,45045000342,Greenville - WESTSIDE,GREENVILLE - WESTSIDE,5017667.423985,Greenville,045,Westside,GREENVILLE - WESTSIDE,GREENVILLE - WESTSIDE,5012849.891710,0.999040,1
045,Greenville,WESTSIDE,45045000342,Greenville - WESTSIDE,GREENVILLE - WESTSIDE,5017667.423985,Greenville,045,Monaview,GREENVILLE - MONAVIEW,GREENVILLE - MONAVIEW,4019.448531,0.000801,2
045,Greenville,MONAVIEW,45045000284,Greenville - MONAVIEW,GREENVILLE - MONAVIEW,4286558.139671,Greenville,045,Monaview,GREENVILLE - MONAVIEW,GREENVILLE - MONAVIEW,4276414.876543,0.997634,1
045,Greenville,MONAVIEW,45045000284,Greenville - MONAVIEW,GREENVILLE - MONAVIEW,4286558.139671,Greenville,045,Lakeview,GREENVILLE - LAKEVIEW,GREENVILLE - LAKEVIEW,4726.573303,0.001103,2
045,Greenville,MONAVIEW,45045000284,Greenville - MONAVIEW,GREENVILLE - MONAVIEW,4286558.139671,Greenville,045,Berea,GREENVILLE - BEREA,GREENVILLE - BEREA,3750.406566,0.000875,3
045,Greenville,LAKEVIEW,45045000270,Greenville - LAKEVIEW,GREENVILLE - LAKEVIEW,5438221.308403,Greenville,045,Lakeview,GREENVILLE - LAKEVIEW,GREENVILLE - LAKEVIEW,5427267.994949,0.997986,1
045,Greenville,LAKEVIEW,45045000270,Greenville - LAKEVIEW,GREENVILLE - LAKEVIEW,5438221.308403,Greenville,045,Greenville 4,GREENVILLE - GREENVILLE 4,GREENVILLE - GREENVILLE 4,4918.179303,0.000904,2
045,Greenville,WESTCLIFFE,45045000341,Greenville - WESTCLIFFE,GREENVILLE - WESTCLIFFE,11327613.738288,Greenville,045,Westcliffe,GREENVILLE - WESTCLIFFE,GREENVILLE - WESTCLIFFE,11309698.209571,0.998418,1
045,Greenville,GREENVILLE 10,45045000210,Greenville - GREENVILLE 10,GREENVILLE - GREENVILLE 10,3250226.410995,Greenville,045,Greenville 10,GREENVILLE - GREENVILLE 10,GREENVILLE - GREENVILLE 10,3246866.711457,0.998966,1
045,Greenville,GREENVILLE 10,45045000210,Greenville - GREENVILLE 10,GREENVILLE - GREENVILLE 10,3250226.410995,Greenville,045,Greenville 26,GREENVILLE - GREENVILLE 26,GREENVILLE - GREENVILLE 26,2737.391096,0.000842,2
045,Greenville,GREENVILLE 5,45045000205,Greenville - GREENVILLE 5,GREENVILLE - GREENVILLE 5,2764153.490200,Greenville,045,Greenville 5,GREENVILLE - GREENVILLE 5,GREENVILLE - GREENVILLE 5,2760760.503888,0.998773,1
045,Greenville,ROYAL OAKS,45045000305,Greenville - ROYAL OAKS,GREENVILLE - ROYAL OAKS,2839244.726313,Greenville,045,Royal Oaks,GREENVILLE - ROYAL OAKS,GREENVILLE - ROYAL OAKS,2835821.327104,0.998794,1
045,Greenville,ROYAL OAKS,45045000305,Greenville - ROYAL OAKS,GREENVILLE - ROYAL OAKS,2839244.726313,Greenville,045,Belmont,GREENVILLE - BELMONT,GREENVILLE - BELMONT,2770.915525,0.000976,2
045,Greenville,GREENVILLE 26,45045000226,Greenville - GREENVILLE 26,GREENVILLE - GREENVILLE 26,3233021.546236,Greenville,045,Greenville 26,GREENVILLE - GREENVILLE 26,GREENVILLE - GREENVILLE 26,3229010.624867,0.998759,1
045,Greenville,GREENVILLE 26,45045000226,Greenville - GREENVILLE 26,GREENVILLE - GREENVILLE 26,3233021.546236,Greenville,045,Greenville 28,GREENVILLE - GREENVILLE 28,GREENVILLE - GREENVILLE 28,1670.617915,0.000517,2
045,Greenville,GREENVILLE 17,45045000217,Greenville - GREENVILLE 17,GREENVILLE - GREENVILLE 17,1883540.393992,Greenville,045,Greenville 17,GREENVILLE - GREENVILLE 17,GREENVILLE - GREENVILLE 17,1879019.061702,0.997600,1
045,Greenville,GREENVILLE 17,45045000217,Greenville - GREENVILLE 17,GREENVILLE - GREENVILLE 17,1883540.393992,Greenville,045,Greenville 14,GREENVILLE - GREENVILLE 14,GREENVILLE - GREENVILLE 14,3663.390277,0.001945,2
045,Greenville,EDWARDS FOREST,45045000255,Greenville - EDWARDS FOREST,GREENVILLE - EDWARDS FOREST,4016355.349931,Greenville,045,Edwards Forest,GREENVILLE - EDWARDS FOREST,GREENVILLE - EDWARDS FOREST,4012801.117864,0.999115,1
045,Greenville,EDWARDS FOREST,45045000255,Greenville - EDWARDS FOREST,GREENVILLE - EDWARDS FOREST,4016355.349931,Greenville,045,Stone Valley,GREENVILLE - STONE VALLEY,GREENVILLE - STONE VALLEY,3512.660444,0.000875,2
045,Greenville,BROOKGLENN,45045000240,Greenville - BROOKGLENN,GREENVILLE - BROOKGLENN,2225622.737505,Greenville,045,Brook Glenn,GREENVILLE - BROOK GLENN,GREENVILLE - BROOK GLENN,2223433.570568,0.999016,1
045,Greenville,BROOKGLENN,45045000240,Greenville - BROOKGLENN,GREENVILLE - BROOKGLENN,2225622.737505,Greenville,045,Taylors,GREENVILLE - TAYLORS,GREENVILLE - TAYLORS,1835.654394,0.000825,2
045,Greenville,ROCKY CREEK,45045000303,Greenville - ROCKY CREEK,GREENVILLE - ROCKY CREEK,5540805.839890,Greenville,045,Rocky Creek,GREENVILLE - ROCKY CREEK,GREENVILLE - ROCKY CREEK,5535611.098867,0.999062,1
045,Greenville,ENOREE,45045000256,Greenville - ENOREE,GREENVILLE - ENOREE,5609818.084452,Greenville,045,Enoree,GREENVILLE - ENOREE,GREENVILLE - ENOREE,5605320.555078,0.999198,1
045,Greenville,ENOREE,45045000256,Greenville - ENOREE,GREENVILLE - ENOREE,5609818.084452,Greenville,045,Furman,GREENVILLE - FURMAN,GREENVILLE - FURMAN,2843.987658,0.000507,2
045,Greenville,BEREA,45045000237,Greenville - BEREA,GREENVILLE - BEREA,3985135.841696,Greenville,045,Berea,GREENVILLE - BEREA,GREENVILLE - BEREA,3975354.747332,0.997546,1
045,Greenville,BEREA,45045000237,Greenville - BEREA,GREENVILLE - BEREA,3985135.841696,Greenville,045,Monaview,GREENVILLE - MONAVIEW,GREENVILLE - MONAVIEW,5406.957584,0.001357,2
045,Greenville,BEREA,45045000237,Greenville - BEREA,GREENVILLE - BEREA,3985135.841696,Greenville,045,Lakeview,GREENVILLE - LAKEVIEW,GREENVILLE - LAKEVIEW,2931.192171,0.000736,3
045,Greenville,MAULDIN 4,45045000279,Greenville - MAULDIN 4,GREENVILLE - MAULDIN 4,6599046.537851,Greenville,045,Mauldin 4,GREENVILLE - MAULDIN 4,GREENVILLE - MAULDIN 4,6584761.995553,0.997835,1
045,Greenville,MAULDIN 4,45045000279,Greenville - MAULDIN 4,GREENVILLE - MAULDIN 4,6599046.537851,Greenville,045,Bridge Fork,GREENVILLE - BRIDGE FORK,GREENVILLE - BRIDGE FORK,9502.058051,0.001440,2
045,Greenville,MAULDIN 4,45045000279,Greenville - MAULDIN 4,GREENVILLE - MAULDIN 4,6599046.537851,Greenville,045,Mauldin 6,GREENVILLE - MAULDIN 6,GREENVILLE - MAULDIN 6,3738.251800,0.000566,3
045,Greenville,AIKEN,45045000230,Greenville - AIKEN,GREENVILLE - AIKEN,2320578.534976,Greenville,045,Aiken,GREENVILLE - AIKEN,GREENVILLE - AIKEN,2317794.359791,0.998800,1
045,Greenville,AIKEN,45045000230,Greenville - AIKEN,GREENVILLE - AIKEN,2320578.534976,Greenville,045,Westside,GREENVILLE - WESTSIDE,GREENVILLE - WESTSIDE,1252.977896,0.000540,2
045,Greenville,GREENVILLE 16,45045000216,Greenville - GREENVILLE 16,GREENVILLE - GREENVILLE 16,2477377.293151,Greenville,045,Greenville 16,GREENVILLE - GREENVILLE 16,GREENVILLE - GREENVILLE 16,2470647.189935,0.997283,1
045,Greenville,GREENVILLE 16,45045000216,Greenville - GREENVILLE 16,GREENVILLE - GREENVILLE 16,2477377.293151,Greenville,045,Chestnut Hills,GREENVILLE - CHESTNUT HILLS,GREENVILLE - CHESTNUT HILLS,4687.981202,0.001892,2
045,Greenville,GREENVILLE 16,45045000216,Greenville - GREENVILLE 16,GREENVILLE - GREENVILLE 16,2477377.293151,Greenville,045,Greenville 17,GREENVILLE - GREENVILLE 17,GREENVILLE - GREENVILLE 17,1261.877365,0.000509,3
045,Greenville,GREENVILLE 18,45045000218,Greenville - GREENVILLE 18,GREENVILLE - GREENVILLE 18,1468764.105215,Greenville,045,Greenville 18,GREENVILLE - GREENVILLE 18,GREENVILLE - GREENVILLE 18,1457011.349603,0.991998,1
045,Greenville,GREENVILLE 18,45045000218,Greenville - GREENVILLE 18,GREENVILLE - GREENVILLE 18,1468764.105215,Greenville,045,Southside,GREENVILLE - SOUTHSIDE,GREENVILLE - SOUTHSIDE,4941.557541,0.003364,2
045,Greenville,GREENVILLE 18,45045000218,Greenville - GREENVILLE 18,GREENVILLE - GREENVILLE 18,1468764.105215,Greenville,045,Greenville 19,GREENVILLE - GREENVILLE 19,GREENVILLE - GREENVILLE 19,3892.622587,0.002650,3
045,Greenville,GREENVILLE 18,45045000218,Greenville - GREENVILLE 18,GREENVILLE - GREENVILLE 18,1468764.105215,Greenville,045,Greenville 20,GREENVILLE - GREENVILLE 20,GREENVILLE - GREENVILLE 20,1532.679774,0.001044,4
045,Greenville,GREENVILLE 18,45045000218,Greenville - GREENVILLE 18,GREENVILLE - GREENVILLE 18,1468764.105215,Greenville,045,Greenville 21,GREENVILLE - GREENVILLE 21,GREENVILLE - GREENVILLE 21,960.293438,0.000654,5
045,Greenville,SOUTHSIDE,45045000318,Greenville - SOUTHSIDE,GREENVILLE - SOUTHSIDE,6723543.328953,Greenville,045,Southside,GREENVILLE - SOUTHSIDE,GREENVILLE - SOUTHSIDE,6716221.299558,0.998911,1
045,Greenville,SOUTHSIDE,45045000318,Greenville - SOUTHSIDE,GREENVILLE - SOUTHSIDE,6723543.328953,Greenville,045,Greenville 19,GREENVILLE - GREENVILLE 19,GREENVILLE - GREENVILLE 19,3893.909451,0.000579,2
045,Greenville,GREENVILLE 19,45045000219,Greenville - GREENVILLE 19,GREENVILLE - GREENVILLE 19,3680411.121256,Greenville,045,Greenville 19,GREENVILLE - GREENVILLE 19,GREENVILLE - GREENVILLE 19,3668600.240302,0.996791,1
045,Greenville,GREENVILLE 19,45045000219,Greenville - GREENVILLE 19,GREENVILLE - GREENVILLE 19,3680411.121256,Greenville,045,Southside,GREENVILLE - SOUTHSIDE,GREENVILLE - SOUTHSIDE,6252.527751,0.001699,2
045,Greenville,GREENVILLE 19,45045000219,Greenville - GREENVILLE 19,GREENVILLE - GREENVILLE 19,3680411.121256,Greenville,045,Greenville 18,GREENVILLE - GREENVILLE 18,GREENVILLE - GREENVILLE 18,2681.254888,0.000729,3
045,Greenville,GREENVILLE 6,45045000206,Greenville - GREENVILLE 6,GREENVILLE - GREENVILLE 6,2090377.610966,Greenville,045,Greenville 6,GREENVILLE - GREENVILLE 6,GREENVILLE - GREENVILLE 6,2061404.236670,0.986140,1
045,Greenville,GREENVILLE 6,45045000206,Greenville - GREENVILLE 6,GREENVILLE - GREENVILLE 6,2090377.610966,Greenville,045,Lakeview,GREENVILLE - LAKEVIEW,GREENVILLE - LAKEVIEW,12038.087885,0.005759,2
045,Greenville,GREENVILLE 6,45045000206,Greenville - GREENVILLE 6,GREENVILLE - GREENVILLE 6,2090377.610966,Greenville,045,Greenville 7,GREENVILLE - GREENVILLE 7,GREENVILLE - GREENVILLE 7,8067.929565,0.003860,3
045,Greenville,GREENVILLE 6,45045000206,Greenville - GREENVILLE 6,GREENVILLE - GREENVILLE 6,2090377.610966,Greenville,045,Greenville 4,GREENVILLE - GREENVILLE 4,GREENVILLE - GREENVILLE 4,5820.398340,0.002784,4
045,Greenville,GREENVILLE 6,45045000206,Greenville - GREENVILLE 6,GREENVILLE - GREENVILLE 6,2090377.610966,Greenville,045,Monaview,GREENVILLE - MONAVIEW,GREENVILLE - MONAVIEW,1862.632534,0.000891,5
045,Greenville,GREENVILLE 7,45045000207,Greenville - GREENVILLE 7,GREENVILLE - GREENVILLE 7,2888041.989471,Greenville,045,Greenville 7,GREENVILLE - GREENVILLE 7,GREENVILLE - GREENVILLE 7,2885205.347651,0.999018,1
045,Greenville,GREENVILLE 7,45045000207,Greenville - GREENVILLE 7,GREENVILLE - GREENVILLE 7,2888041.989471,Greenville,045,Greenville 5,GREENVILLE - GREENVILLE 5,GREENVILLE - GREENVILLE 5,1726.470834,0.000598,2
045,Greenville,TRAVELERS REST 1,45045000365,Greenville - TRAVELERS REST 1,GREENVILLE - TRAVELERS REST 1,8249537.331905,Greenville,045,Travelers Rest 1,GREENVILLE - TRAVELERS REST 1,GREENVILLE - TRAVELERS REST 1,8233821.337386,0.998095,1
045,Greenville,TRAVELERS REST 1,45045000365,Greenville - TRAVELERS REST 1,GREENVILLE - TRAVELERS REST 1,8249537.331905,Greenville,045,Tubbs Mountain,GREENVILLE - TUBBS MOUNTAIN,GREENVILLE - TUBBS MOUNTAIN,10431.667073,0.001265,2
045,Greenville,SEVIER,45045000308,Greenville - SEVIER,GREENVILLE - SEVIER,6014198.860255,Greenville,045,Sevier,GREENVILLE - SEVIER,GREENVILLE - SEVIER,6010082.773443,0.999316,1
045,Greenville,WADE HAMPTON,45045000336,Greenville - WADE HAMPTON,GREENVILLE - WADE HAMPTON,5693046.543288,Greenville,045,Wade Hampton,GREENVILLE - WADE HAMPTON,GREENVILLE - WADE HAMPTON,5690270.196955,0.999512,1
045,Greenville,LEAWOOD,45045000272,Greenville - LEAWOOD,GREENVILLE - LEAWOOD,6482890.426392,Greenville,045,Leawood,GREENVILLE - LEAWOOD,GREENVILLE - LEAWOOD,6474665.735882,0.998731,1
045,Greenville,FURMAN,45045000262,Greenville - FURMAN,GREENVILLE - FURMAN,12758956.865922,Greenville,045,Furman,GREENVILLE - FURMAN,GREENVILLE - FURMAN,12744287.459385,0.998850,1
045,Greenville,FURMAN,45045000262,Greenville - FURMAN,GREENVILLE - FURMAN,12758956.865922,Greenville,045,Ebenezer,GREENVILLE - EBENEZER,GREENVILLE - EBENEZER,6731.476321,0.000528,2
045,Greenville,GREENVILLE 1,45045000201,Greenville - GREENVILLE 1,GREENVILLE - GREENVILLE 1,2338114.461842,Greenville,045,Greenville 1,GREENVILLE - GREENVILLE 1,GREENVILLE - GREENVILLE 1,2335971.433902,0.999083,1
045,Greenville,GREENVILLE 1,45045000201,Greenville - GREENVILLE 1,GREENVILLE - GREENVILLE 1,2338114.461842,Greenville,045,Wade Hampton,GREENVILLE - WADE HAMPTON,GREENVILLE - WADE HAMPTON,2013.035247,0.000861,2
045,Greenville,PALMETTO,45045000291,Greenville - PALMETTO,GREENVILLE - PALMETTO,3573141.980474,Greenville,045,Palmetto,GREENVILLE - PALMETTO,GREENVILLE - PALMETTO,3553276.507351,0.994440,1
045,Greenville,PALMETTO,45045000291,Greenville - PALMETTO,GREENVILLE - PALMETTO,3573141.980474,Greenville,045,Dove Tree,GREENVILLE - DOVE TREE,GREENVILLE - DOVE TREE,15584.477216,0.004362,2
045,Greenville,PALMETTO,45045000291,Greenville - PALMETTO,GREENVILLE - PALMETTO,3573141.980474,Greenville,045,Thornblade,GREENVILLE - THORNBLADE,GREENVILLE - THORNBLADE,3359.684272,0.000940,3
045,Greenville,ROCK HILL,45045000302,Greenville - ROCK HILL,GREENVILLE - ROCK HILL,3764538.003166,Greenville,045,Rock Hill,GREENVILLE - ROCK HILL,GREENVILLE - ROCK HILL,3760027.204114,0.998802,1
045,Greenville,GROVE,45045000266,Greenville - GROVE,GREENVILLE - GROVE,18200092.243432,Greenville,045,Grove,GREENVILLE - GROVE,GREENVILLE - GROVE,18183450.258759,0.999086,1
045,Greenville,TANGLEWOOD,45045000327,Greenville - TANGLEWOOD,GREENVILLE - TANGLEWOOD,10091396.626492,Greenville,045,Tanglewood,GREENVILLE - TANGLEWOOD,GREENVILLE - TANGLEWOOD,10078793.160747,0.998751,1
045,Greenville,WELCOME,45045000339,Greenville - WELCOME,GREENVILLE - WELCOME,3501016.096381,Greenville,045,Welcome,GREENVILLE - WELCOME,GREENVILLE - WELCOME,3498469.025856,0.999272,1
045,Greenville,CAROLINA,45045000242,Greenville - CAROLINA,GREENVILLE - CAROLINA,8190819.587111,Greenville,045,Carolina,GREENVILLE - CAROLINA,GREENVILLE - CAROLINA,8183729.027042,0.999134,1
045,Greenville,MISSION,45045000283,Greenville - MISSION,GREENVILLE - MISSION,5024614.228027,Greenville,045,Mission,GREENVILLE - MISSION,GREENVILLE - MISSION,5019692.118822,0.999020,1
045,Greenville,MISSION,45045000283,Greenville - MISSION,GREENVILLE - MISSION,5024614.228027,Greenville,045,Devenger,GREENVILLE - DEVENGER,GREENVILLE - DEVENGER,2665.786070,0.000531,2
045,Greenville,GREENVILLE 27,45045000227,Greenville - GREENVILLE 27,GREENVILLE - GREENVILLE 27,1999966.865938,Greenville,045,Greenville 27,GREENVILLE - GREENVILLE 27,GREENVILLE - GREENVILLE 27,1998272.284308,0.999153,1
045,Greenville,GREENVILLE 27,45045000227,Greenville - GREENVILLE 27,GREENVILLE - GREENVILLE 27,1999966.865938,Greenville,045,Timberlake,GREENVILLE - TIMBERLAKE,GREENVILLE - TIMBERLAKE,1297.335591,0.000649,2
045,Greenville,TIMBERLAKE,45045000331,Greenville - TIMBERLAKE,GREENVILLE - TIMBERLAKE,3893481.630749,Greenville,045,Timberlake,GREENVILLE - TIMBERLAKE,GREENVILLE - TIMBERLAKE,3889885.186328,0.999076,1
045,Greenville,TIMBERLAKE,45045000331,Greenville - TIMBERLAKE,GREENVILLE - TIMBERLAKE,3893481.630749,Greenville,045,Wellington,GREENVILLE - WELLINGTON,GREENVILLE - WELLINGTON,2111.498865,0.000542,2
045,Greenville,BOTANY WOODS,45045000239,Greenville - BOTANY WOODS,GREENVILLE - BOTANY WOODS,2462716.879386,Greenville,045,Botany Woods,GREENVILLE - BOTANY WOODS,GREENVILLE - BOTANY WOODS,2460657.710219,0.999164,1
045,Greenville,MAULDIN 2,45045000277,Greenville - MAULDIN 2,GREENVILLE - MAULDIN 2,9312457.738455,Greenville,045,Mauldin 2,GREENVILLE - MAULDIN 2,GREENVILLE - MAULDIN 2,9303706.378913,0.999060,1
045,Greenville,MAULDIN 6,45045000281,Greenville - MAULDIN 6,GREENVILLE - MAULDIN 6,3576531.690974,Greenville,045,Mauldin 6,GREENVILLE - MAULDIN 6,GREENVILLE - MAULDIN 6,3572039.135726,0.998744,1
045,Greenville,MAULDIN 6,45045000281,Greenville - MAULDIN 6,GREENVILLE - MAULDIN 6,3576531.690974,Greenville,045,Mauldin 5,GREENVILLE - MAULDIN 5,GREENVILLE - MAULDIN 5,2335.647419,0.000653,2
045,Greenville,PARIS MOUNTAIN,45045000292,Greenville - PARIS MOUNTAIN,GREENVILLE - PARIS MOUNTAIN,10935645.884255,Greenville,045,Paris Mountain,GREENVILLE - PARIS MOUNTAIN,GREENVILLE - PARIS MOUNTAIN,10891677.643734,0.995979,1
045,Greenville,PARIS MOUNTAIN,45045000292,Greenville - PARIS MOUNTAIN,GREENVILLE - PARIS MOUNTAIN,10935645.884255,Greenville,045,Mountain Creek,GREENVILLE - MOUNTAIN CREEK,GREENVILLE - MOUNTAIN CREEK,27204.770535,0.002488,2
045,Greenville,PARIS MOUNTAIN,45045000292,Greenville - PARIS MOUNTAIN,GREENVILLE - PARIS MOUNTAIN,10935645.884255,Greenville,045,Altamont Forest,GREENVILLE - ALTAMONT FOREST,GREENVILLE - ALTAMONT FOREST,16307.815139,0.001491,3
045,Greenville,NORTHWOOD,45045000288,Greenville - NORTHWOOD,GREENVILLE - NORTHWOOD,2282079.323522,Greenville,045,Northwood,GREENVILLE - NORTHWOOD,GREENVILLE - NORTHWOOD,2278779.653532,0.998554,1
045,Greenville,NORTHWOOD,45045000288,Greenville - NORTHWOOD,GREENVILLE - NORTHWOOD,2282079.323522,Greenville,045,Avon,GREENVILLE - AVON,GREENVILLE - AVON,2079.005025,0.000911,2
045,Greenville,ALTAMONT FOREST,45045000231,Greenville - ALTAMONT FOREST,GREENVILLE - ALTAMONT FOREST,16315971.988965,Greenville,045,Altamont Forest,GREENVILLE - ALTAMONT FOREST,GREENVILLE - ALTAMONT FOREST,15911541.482702,0.975213,1
045,Greenville,ALTAMONT FOREST,45045000231,Greenville - ALTAMONT FOREST,GREENVILLE - ALTAMONT FOREST,16315971.988965,Greenville,045,Mountain Creek,GREENVILLE - MOUNTAIN CREEK,GREENVILLE - MOUNTAIN CREEK,380874.317043,0.023344,2
045,Greenville,ALTAMONT FOREST,45045000231,Greenville - ALTAMONT FOREST,GREENVILLE - ALTAMONT FOREST,16315971.988965,Greenville,045,Paris Mountain,GREENVILLE - PARIS MOUNTAIN,GREENVILLE - PARIS MOUNTAIN,16287.814162,0.000998,3
045,Greenville,DARBY RIDGE,45045000247,Greenville - DARBY RIDGE,GREENVILLE - DARBY RIDGE,19808367.777750,Greenville,045,Darby Ridge,GREENVILLE - DARBY RIDGE,GREENVILLE - DARBY RIDGE,19770192.900386,0.998073,1
045,Greenville,DARBY RIDGE,45045000247,Greenville - DARBY RIDGE,GREENVILLE - DARBY RIDGE,19808367.777750,Greenville,045,Clear Creek,GREENVILLE - CLEAR CREEK,GREENVILLE - CLEAR CREEK,31068.554169,0.001568,2
045,Greenville,DOVE TREE,45045000251,Greenville - DOVE TREE,GREENVILLE - DOVE TREE,5299778.236963,Greenville,045,Dove Tree,GREENVILLE - DOVE TREE,GREENVILLE - DOVE TREE,5293370.085362,0.998791,1
045,Greenville,DOVE TREE,45045000251,Greenville - DOVE TREE,GREENVILLE - DOVE TREE,5299778.236963,Greenville,045,Palmetto,GREENVILLE - PALMETTO,GREENVILLE - PALMETTO,4431.013592,0.000836,2
045,Greenville,GREENVILLE 25,45045000225,Greenville - GREENVILLE 25,GREENVILLE - GREENVILLE 25,1603646.520974,Greenville,045,Greenville 25,GREENVILLE - GREENVILLE 25,GREENVILLE - GREENVILLE 25,1600166.941617,0.997830,1
045,Greenville,GREENVILLE 25,45045000225,Greenville - GREENVILLE 25,GREENVILLE - GREENVILLE 25,1603646.520974,Greenville,045,Spring Forest,GREENVILLE - SPRING FOREST,GREENVILLE - SPRING FOREST,3093.724771,0.001929,2
045,Greenville,DEL NORTE,45045000248,Greenville - DEL NORTE,GREENVILLE - DEL NORTE,2583489.053042,Greenville,045,Del Norte,GREENVILLE - DEL NORTE,GREENVILLE - DEL NORTE,2581059.307871,0.999060,1
045,Greenville,GREENVILLE 23,45045000223,Greenville - GREENVILLE 23,GREENVILLE - GREENVILLE 23,5719735.521995,Greenville,045,Greenville 23,GREENVILLE - GREENVILLE 23,GREENVILLE - GREENVILLE 23,5703446.765144,0.997152,1
045,Greenville,GREENVILLE 23,45045000223,Greenville - GREENVILLE 23,GREENVILLE - GREENVILLE 23,5719735.521995,Greenville,045,Greenville 21,GREENVILLE - GREENVILLE 21,GREENVILLE - GREENVILLE 21,6200.091367,0.001084,2
045,Greenville,GREENVILLE 23,45045000223,Greenville - GREENVILLE 23,GREENVILLE - GREENVILLE 23,5719735.521995,Greenville,045,Greenville 20,GREENVILLE - GREENVILLE 20,GREENVILLE - GREENVILLE 20,3184.433929,0.000557,3
045,Greenville,BOILING SPRINGS,45045000238,Greenville - BOILING SPRINGS,GREENVILLE - BOILING SPRINGS,2346015.062388,Greenville,045,Boiling Springs,GREENVILLE - BOILING SPRINGS,GREENVILLE - BOILING SPRINGS,2342427.803984,0.998471,1
045,Greenville,BOILING SPRINGS,45045000238,Greenville - BOILING SPRINGS,GREENVILLE - BOILING SPRINGS,2346015.062388,Greenville,045,Sugar Creek,GREENVILLE - SUGAR CREEK,GREENVILLE - SUGAR CREEK,1399.473622,0.000597,2
045,Greenville,MAULDIN 5,45045000280,Greenville - MAULDIN 5,GREENVILLE - MAULDIN 5,6262500.821252,Greenville,045,Mauldin 5,GREENVILLE - MAULDIN 5,GREENVILLE - MAULDIN 5,6256984.855564,0.999119,1
045,Greenville,ASHETON LAKES,45045000232,Greenville - ASHETON LAKES,GREENVILLE - ASHETON LAKES,6450534.851346,Greenville,045,Asheton Lakes,GREENVILLE - ASHETON LAKES,GREENVILLE - ASHETON LAKES,6444079.665530,0.998999,1
045,Greenville,ASHETON LAKES,45045000232,Greenville - ASHETON LAKES,GREENVILLE - ASHETON LAKES,6450534.851346,Greenville,045,Oakview,GREENVILLE - OAKVIEW,GREENVILLE - OAKVIEW,5271.893416,0.000817,2
045,Greenville,CHESTNUT HILLS,45045000243,Greenville - CHESTNUT HILLS,GREENVILLE - CHESTNUT HILLS,4179996.700353,Greenville,045,Chestnut Hills,GREENVILLE - CHESTNUT HILLS,GREENVILLE - CHESTNUT HILLS,4177308.675447,0.999357,1
045,Greenville,MAULDIN 3,45045000278,Greenville - MAULDIN 3,GREENVILLE - MAULDIN 3,3355568.963867,Greenville,045,Mauldin 3,GREENVILLE - MAULDIN 3,GREENVILLE - MAULDIN 3,3347380.415653,0.997560,1
045,Greenville,MAULDIN 3,45045000278,Greenville - MAULDIN 3,GREENVILLE - MAULDIN 3,3355568.963867,Greenville,045,Mauldin 4,GREENVILLE - MAULDIN 4,GREENVILLE - MAULDIN 4,5912.479768,0.001762,2
045,Greenville,RANCH CREEK,45045000361,Greenville - RANCH CREEK,GREENVILLE - RANCH CREEK,9525475.781323,Greenville,045,Ranch Creek,GREENVILLE - RANCH CREEK,GREENVILLE - RANCH CREEK,9502960.869452,0.997636,1
045,Greenville,RANCH CREEK,45045000361,Greenville - RANCH CREEK,GREENVILLE - RANCH CREEK,9525475.781323,Greenville,045,Greenbriar,GREENVILLE - GREENBRIAR,GREENVILLE - GREENBRIAR,20297.988101,0.002131,2
045,Greenville,SULPHUR SPRINGS,45045000325,Greenville - SULPHUR SPRINGS,GREENVILLE - SULPHUR SPRINGS,21251986.786534,Greenville,045,Sulphur Springs,GREENVILLE - SULPHUR SPRINGS,GREENVILLE - SULPHUR SPRINGS,21188408.086026,0.997008,1
045,Greenville,SULPHUR SPRINGS,45045000325,Greenville - SULPHUR SPRINGS,GREENVILLE - SULPHUR SPRINGS,21251986.786534,Greenville,045,Ebenezer,GREENVILLE - EBENEZER,GREENVILLE - EBENEZER,53191.600134,0.002503,2
045,Greenville,DONALDSON,45045000250,Greenville - DONALDSON,GREENVILLE - DONALDSON,25207862.719252,Greenville,045,Donaldson,GREENVILLE - DONALDSON,GREENVILLE - DONALDSON,25182665.998823,0.999000,1
045,Greenville,BELMONT,45045000236,Greenville - BELMONT,GREENVILLE - BELMONT,3695318.229830,Greenville,045,Belmont,GREENVILLE - BELMONT,GREENVILLE - BELMONT,3690207.762778,0.998617,1
045,Greenville,BELMONT,45045000236,Greenville - BELMONT,GREENVILLE - BELMONT,3695318.229830,Greenville,045,Greenville 29,GREENVILLE - GREENVILLE 29,GREENVILLE - GREENVILLE 29,2649.509097,0.000717,2
045,Greenville,GREENVILLE 29,45045000229,Greenville - GREENVILLE 29,GREENVILLE - GREENVILLE 29,10309256.834306,Greenville,045,Greenville 29,GREENVILLE - GREENVILLE 29,GREENVILLE - GREENVILLE 29,10250997.225336,0.994349,1
045,Greenville,GREENVILLE 29,45045000229,Greenville - GREENVILLE 29,GREENVILLE - GREENVILLE 29,10309256.834306,Greenville,045,Mauldin 1,GREENVILLE - MAULDIN 1,GREENVILLE - MAULDIN 1,29967.683076,0.002907,2
045,Greenville,GREENVILLE 29,45045000229,Greenville - GREENVILLE 29,GREENVILLE - GREENVILLE 29,10309256.834306,Greenville,045,Conestee,GREENVILLE - CONESTEE,GREENVILLE - CONESTEE,17354.243870,0.001683,3
045,Greenville,GREENVILLE 29,45045000229,Greenville - GREENVILLE 29,GREENVILLE - GREENVILLE 29,10309256.834306,Greenville,045,Belmont,GREENVILLE - BELMONT,GREENVILLE - BELMONT,8830.586762,0.000857,4
045,Greenville,PIEDMONT,45045000295,Greenville - PIEDMONT,GREENVILLE - PIEDMONT,26582179.650804,Greenville,045,Piedmont,GREENVILLE - PIEDMONT,GREENVILLE - PIEDMONT,26531686.390242,0.998100,1
045,Greenville,PIEDMONT,45045000295,Greenville - PIEDMONT,GREENVILLE - PIEDMONT,26582179.650804,Greenville,045,Grove,GREENVILLE - GROVE,GREENVILLE - GROVE,20312.975472,0.000764,2
045,Greenville,WOODRUFF LAKES,45045000344,Greenville - WOODRUFF LAKES,GREENVILLE - WOODRUFF LAKES,3352592.874287,Greenville,045,Woodruff Lakes,GREENVILLE - WOODRUFF LAKES,GREENVILLE - WOODRUFF LAKES,3347788.326591,0.998567,1
045,Greenville,WOODRUFF LAKES,45045000344,Greenville - WOODRUFF LAKES,GREENVILLE - WOODRUFF LAKES,3352592.874287,Greenville,045,Stonehaven,GREENVILLE - STONEHAVEN,GREENVILLE - STONEHAVEN,2031.069287,0.000606,2
045,Greenville,WOODRUFF LAKES,45045000344,Greenville - WOODRUFF LAKES,GREENVILLE - WOODRUFF LAKES,3352592.874287,Greenville,045,Rocky Creek,GREENVILLE - ROCKY CREEK,GREENVILLE - ROCKY CREEK,1801.477240,0.000537,3
053,Jasper,GRAYS,45053000105,Jasper - GRAYS,JASPER - GRAYS,151645917.762832,Jasper,053,Grays,JASPER - GRAYS,JASPER - GRAYS,151645917.762822,1.000000,1
053,Jasper,PINELAND,45053000110,Jasper - PINELAND,JASPER - PINELAND,188652784.708734,Jasper,053,Pineland,JASPER - PINELAND,JASPER - PINELAND,188652784.708722,1.000000,1
053,Jasper,TILLMAN,45053000113,Jasper - TILLMAN,JASPER - TILLMAN,253389982.277756,Jasper,053,Tillman,JASPER - TILLMAN,JASPER - TILLMAN,253389982.277738,1.000000,1
053,Jasper,GILLISONVILLE,45053000102,Jasper - GILLISONVILLE,JASPER - GILLISONVILLE,80035754.313194,Jasper,053,Gillisonville,JASPER - GILLISONVILLE,JASPER - GILLISONVILLE,80035754.313187,1.000000,1
053,Jasper,RIDGELAND 3,45053000114,Jasper - RIDGELAND 3,JASPER - RIDGELAND 3,82795391.928553,Jasper,053,Ridgeland 3,JASPER - RIDGELAND 3,JASPER - RIDGELAND 3,82795391.928546,1.000000,1
053,Jasper,RIDGELAND 2,45053000112,Jasper - RIDGELAND 2,JASPER - RIDGELAND 2,26181266.195958,Jasper,053,Ridgeland 2,JASPER - RIDGELAND 2,JASPER - RIDGELAND 2,26181266.195954,1.000000,1
053,Jasper,LEVY,45053000108,Jasper - LEVY,JASPER - LEVY,376894070.190527,Jasper,053,Levy,JASPER - LEVY,JASPER - LEVY,376894070.190493,1.000000,1
053,Jasper,HARDEEVILLE 2,45053000107,Jasper - HARDEEVILLE 2,JASPER - HARDEEVILLE 2,81298086.057772,Jasper,053,Hardeeville 2,JASPER - HARDEEVILLE 2,JASPER - HARDEEVILLE 2,81298086.057754,1.000000,1
053,Jasper,HARDEEVILLE 1,45053000106,Jasper - HARDEEVILLE 1,JASPER - HARDEEVILLE 1,35617364.285164,Jasper,053,Hardeeville 1,JASPER - HARDEEVILLE 1,JASPER - HARDEEVILLE 1,35617364.285157,1.000000,1
053,Jasper,GRAHAMVILLE 1,45053000103,Jasper - GRAHAMVILLE 1,JASPER - GRAHAMVILLE 1,148467967.308194,Jasper,053,Grahamville 1,JASPER - GRAHAMVILLE 1,JASPER - GRAHAMVILLE 1,148467967.308181,1.000000,1
053,Jasper,GRAHAMVILLE 2,45053000104,Jasper - GRAHAMVILLE 2,JASPER - GRAHAMVILLE 2,77544060.559057,Jasper,053,Grahamville 2,JASPER - GRAHAMVILLE 2,JASPER - GRAHAMVILLE 2,77544060.559049,1.000000,1
053,Jasper,RIDGELAND 1,45053000111,Jasper - RIDGELAND 1,JASPER - RIDGELAND 1,18795320.129192,Jasper,053,Ridgeland 1,JASPER - RIDGELAND 1,JASPER - RIDGELAND 1,18795320.129189,1.000000,1
053,Jasper,OAKATIE,45053000109,Jasper - OAKATIE,JASPER - OAKATIE,58307057.480214,Jasper,053,Okatie 1,JASPER - OKATIE 1,JASPER - OKATIE 1,58307057.480209,1.000000,1
053,Jasper,COOSAWHATCHIE,45053000101,Jasper - COOSAWHATCHIE,JASPER - COOSAWHATCHIE,144100030.522678,Jasper,053,Coosawhatchie,JASPER - COOSAWHATCHIE,JASPER - COOSAWHATCHIE,144100030.522670,1.000000,1
053,Jasper,SUN CITY,45053000115,Jasper - SUN CITY,JASPER - SUN CITY,3100576.101110,Jasper,053,Sun City,JASPER - SUN CITY,JASPER - SUN CITY,3100576.101110,1.000000,1
013,Beaufort,Burton 1B,45013000111,Beaufort - Burton 1B,BEAUFORT - BURTON 1B,8638087.580117,Beaufort,013,Burton 1b,BEAUFORT - BURTON 1B,BEAUFORT - BURTON 1B,8638087.580115,1.000000,1
013,Beaufort,Seabrook 3,45013000163,Beaufort - Seabrook 3,BEAUFORT - SEABROOK 3,33309276.046375,Beaufort,013,Seabrook 3,BEAUFORT - SEABROOK 3,BEAUFORT - SEABROOK 3,33309276.046366,1.000000,1
013,Beaufort,Mossy Oaks 1B,45013000141,Beaufort - Mossy Oaks 1B,BEAUFORT - MOSSY OAKS 1B,2805480.353566,Beaufort,013,Mossy Oaks 1b,BEAUFORT - MOSSY OAKS 1B,BEAUFORT - MOSSY OAKS 1B,2805480.353564,1.000000,1
013,Beaufort,Port Royal 1,45013000150,Beaufort - Port Royal 1,BEAUFORT - PORT ROYAL 1,5694190.977782,Beaufort,013,Port Royal 1,BEAUFORT - PORT ROYAL 1,BEAUFORT - PORT ROYAL 1,5694190.977780,1.000000,1
013,Beaufort,Burton 1D,45013000179,Beaufort - Burton 1D,BEAUFORT - BURTON 1D,7787035.877015,Beaufort,013,Burton 1d,BEAUFORT - BURTON 1D,BEAUFORT - BURTON 1D,7787035.877013,1.000000,1
013,Beaufort,Burton 1C,45013000112,Beaufort - Burton 1C,BEAUFORT - BURTON 1C,18782201.968294,Beaufort,013,Burton 4,BEAUFORT - BURTON 4,BEAUFORT - BURTON 4,12763342.692387,0.679545,1
013,Beaufort,Burton 1C,45013000112,Beaufort - Burton 1C,BEAUFORT - BURTON 1C,18782201.968294,Beaufort,013,Burton 1c,BEAUFORT - BURTON 1C,BEAUFORT - BURTON 1C,6018859.131135,0.320455,2
013,Beaufort,Burton 2A,45013000113,Beaufort - Burton 2A,BEAUFORT - BURTON 2A,69382936.562018,Beaufort,013,Burton 5a,BEAUFORT - BURTON 5A,BEAUFORT - BURTON 5A,63529763.233900,0.915640,1
013,Beaufort,Burton 2A,45013000113,Beaufort - Burton 2A,BEAUFORT - BURTON 2A,69382936.562018,Beaufort,013,Burton 2a,BEAUFORT - BURTON 2A,BEAUFORT - BURTON 2A,5823735.952162,0.083936,2
013,Beaufort,Beaufort 1,45013000101,Beaufort - Beaufort 1,BEAUFORT - BEAUFORT 1,4393371.377435,Beaufort,013,Beaufort 1,BEAUFORT - BEAUFORT 1,BEAUFORT - BEAUFORT 1,4393371.377433,1.000000,1
013,Beaufort,Burton 1A,45013000110,Beaufort - Burton 1A,BEAUFORT - BURTON 1A,9968306.927988,Beaufort,013,Burton 1a,BEAUFORT - BURTON 1A,BEAUFORT - BURTON 1A,6531438.714625,0.655220,1
013,Beaufort,Burton 1A,45013000110,Beaufort - Burton 1A,BEAUFORT - BURTON 1A,9968306.927988,Beaufort,013,Burton 3a,BEAUFORT - BURTON 3A,BEAUFORT - BURTON 3A,3436868.213360,0.344780,2
013,Beaufort,Burton 3,45013000116,Beaufort - Burton 3,BEAUFORT - BURTON 3,28294289.910442,Beaufort,013,Burton 3b,BEAUFORT - BURTON 3B,BEAUFORT - BURTON 3B,28294289.910438,1.000000,1
013,Beaufort,Beaufort 2,45013000102,Beaufort - Beaufort 2,BEAUFORT - BEAUFORT 2,4996461.319425,Beaufort,013,Beaufort 2,BEAUFORT - BEAUFORT 2,BEAUFORT - BEAUFORT 2,4996461.319423,1.000000,1
013,Beaufort,Burton 2C,45013000115,Beaufort - Burton 2C,BEAUFORT - BURTON 2C,10525406.381347,Beaufort,013,Burton 2c,BEAUFORT - BURTON 2C,BEAUFORT - BURTON 2C,6486549.266059,0.616275,1
013,Beaufort,Burton 2C,45013000115,Beaufort - Burton 2C,BEAUFORT - BURTON 2C,10525406.381347,Beaufort,013,Burton 2d,BEAUFORT - BURTON 2D,BEAUFORT - BURTON 2D,4038857.115286,0.383725,2
013,Beaufort,Beaufort 3,45013000103,Beaufort - Beaufort 3,BEAUFORT - BEAUFORT 3,4822787.718223,Beaufort,013,Beaufort 3,BEAUFORT - BEAUFORT 3,BEAUFORT - BEAUFORT 3,4822787.718221,1.000000,1
013,Beaufort,Seabrook 2,45013000162,Beaufort - Seabrook 2,BEAUFORT - SEABROOK 2,20919815.021679,Beaufort,013,Seabrook 2,BEAUFORT - SEABROOK 2,BEAUFORT - SEABROOK 2,20919815.021674,1.000000,1
013,Beaufort,Mossy Oaks 1A,45013000140,Beaufort - Mossy Oaks 1A,BEAUFORT - MOSSY OAKS 1A,2835728.312674,Beaufort,013,Mossy Oaks 1a,BEAUFORT - MOSSY OAKS 1A,BEAUFORT - MOSSY OAKS 1A,2835728.312673,1.000000,1
013,Beaufort,Mossy Oaks 2,45013000142,Beaufort - Mossy Oaks 2,BEAUFORT - MOSSY OAKS 2,1656792.658640,Beaufort,013,Mossy Oaks 2,BEAUFORT - MOSSY OAKS 2,BEAUFORT - MOSSY OAKS 2,1656792.658639,1.000000,1
013,Beaufort,Seabrook 1,45013000161,Beaufort - Seabrook 1,BEAUFORT - SEABROOK 1,10910908.461865,Beaufort,013,Seabrook 1,BEAUFORT - SEABROOK 1,BEAUFORT - SEABROOK 1,10910908.461862,1.000000,1
013,Beaufort,Burton 2B,45013000114,Beaufort - Burton 2B,BEAUFORT - BURTON 2B,14290791.448534,Beaufort,013,Burton 2b,BEAUFORT - BURTON 2B,BEAUFORT - BURTON 2B,7584547.150245,0.530730,1
013,Beaufort,Burton 2B,45013000114,Beaufort - Burton 2B,BEAUFORT - BURTON 2B,14290791.448534,Beaufort,013,Burton 5b,BEAUFORT - BURTON 5B,BEAUFORT - BURTON 5B,6706244.293647,0.469270,2
013,Beaufort,Port Royal 2,45013000151,Beaufort - Port Royal 2,BEAUFORT - PORT ROYAL 2,3288792.864016,Beaufort,013,Port Royal 2,BEAUFORT - PORT ROYAL 2,BEAUFORT - PORT ROYAL 2,3288792.864013,1.000000,1
013,Beaufort,Daufuskie,45013000200,Beaufort - Daufuskie,BEAUFORT - DAUFUSKIE,53287479.107744,Beaufort,013,Daufuskie,BEAUFORT - DAUFUSKIE,BEAUFORT - DAUFUSKIE,53287479.107740,1.000000,1
013,Beaufort,Bluffton 5B,45013000318,Beaufort - Bluffton 5B,BEAUFORT - BLUFFTON 5B,3980595.259233,Beaufort,013,Bluffton 5b,BEAUFORT - BLUFFTON 5B,BEAUFORT - BLUFFTON 5B,3980595.259231,1.000000,1
013,Beaufort,Chechessee 1,45013000120,Beaufort - Chechessee 1,BEAUFORT - CHECHESSEE 1,133460940.804809,Beaufort,013,Chechessee 3,BEAUFORT - CHECHESSEE 3,BEAUFORT - CHECHESSEE 3,126545238.967267,0.948182,1
013,Beaufort,Chechessee 1,45013000120,Beaufort - Chechessee 1,BEAUFORT - CHECHESSEE 1,133460940.804809,Beaufort,013,Chechessee 1,BEAUFORT - CHECHESSEE 1,BEAUFORT - CHECHESSEE 1,6915701.837531,0.051818,2
049,Hampton,Rivers Mill,45049000015,Hampton - Rivers Mill,HAMPTON - RIVERS MILL,51383185.084053,Hampton,049,Rivers Mill,HAMPTON - RIVERS MILL,HAMPTON - RIVERS MILL,51383184.220690,1.000000,1
049,Hampton,Brunson,45049000001,Hampton - Brunson,HAMPTON - BRUNSON,80769236.298914,Hampton,049,Brunson,HAMPTON - BRUNSON,HAMPTON - BRUNSON,80769232.584220,1.000000,1
049,Hampton,Estill,45049000007,Hampton - Estill,HAMPTON - ESTILL,331906022.103669,Hampton,049,Estill,HAMPTON - ESTILL,HAMPTON - ESTILL,331905946.708314,1.000000,1
049,Hampton,Black Creek,45049000019,Hampton - Black Creek,HAMPTON - BLACK CREEK,37422207.266189,Hampton,049,Black Creek,HAMPTON - BLACK CREEK,HAMPTON - BLACK CREEK,37412527.537194,0.999741,1
049,Hampton,Gifford,45049000021,Hampton - Gifford,HAMPTON - GIFFORD,46170928.174746,Hampton,049,Gifford,HAMPTON - GIFFORD,HAMPTON - GIFFORD,46169261.150644,0.999964,1
049,Hampton,Bonnett,45049000009,Hampton - Bonnett,HAMPTON - BONNETT,72642610.142700,Hampton,049,Bonnett,HAMPTON - BONNETT,HAMPTON - BONNETT,72642610.142696,1.000000,1
049,Hampton,Hopewell,45049000016,Hampton - Hopewell,HAMPTON - HOPEWELL,61173766.733962,Hampton,049,Hopewell,HAMPTON - HOPEWELL,HAMPTON - HOPEWELL,61157636.668974,0.999736,1
049,Hampton,Horse Gall,45049000014,Hampton - Horse Gall,HAMPTON - HORSE GALL,29591179.851010,Hampton,049,Horse Gall,HAMPTON - HORSE GALL,HAMPTON - HORSE GALL,29591179.851006,1.000000,1
049,Hampton,Scotia,45049000011,Hampton - Scotia,HAMPTON - SCOTIA,45344494.669133,Hampton,049,Scotia,HAMPTON - SCOTIA,HAMPTON - SCOTIA,45343862.075033,0.999986,1
049,Hampton,Garnett,45049000006,Hampton - Garnett,HAMPTON - GARNETT,93906738.261513,Hampton,049,Garnett,HAMPTON - GARNETT,HAMPTON - GARNETT,93906738.251093,1.000000,1
049,Hampton,Furman,45049000010,Hampton - Furman,HAMPTON - FURMAN,75409294.153815,Hampton,049,Furman,HAMPTON - FURMAN,HAMPTON - FURMAN,75409294.153807,1.000000,1
049,Hampton,Yemassee,45049000013,Hampton - Yemassee,HAMPTON - YEMASSEE,71670581.116738,Hampton,049,Yemassee,HAMPTON - YEMASSEE,HAMPTON - YEMASSEE,71670458.169053,0.999998,1
049,Hampton,Cummings,45049000018,Hampton - Cummings,HAMPTON - CUMMINGS,131755985.120691,Hampton,049,Cummings,HAMPTON - CUMMINGS,HAMPTON - CUMMINGS,131755985.120683,1.000000,1
049,Hampton,Early Branch,45049000005,Hampton - Early Branch,HAMPTON - EARLY BRANCH,88377124.924790,Hampton,049,Early Branch,HAMPTON - EARLY BRANCH,HAMPTON - EARLY BRANCH,88370355.824759,0.999923,1
049,Hampton,Hampton No. 2,45049000003,Hampton - Hampton No. 2,HAMPTON - HAMPTON NO. 2,37544679.898846,Hampton,049,Hampton No. 2,HAMPTON - HAMPTON NO. 2,HAMPTON - HAMPTON NO. 2,37544679.898841,1.000000,1
049,Hampton,Varnville,45049000004,Hampton - Varnville,HAMPTON - VARNVILLE,70914486.943347,Hampton,049,Varnville,HAMPTON - VARNVILLE,HAMPTON - VARNVILLE,70914485.402166,1.000000,1
049,Hampton,Hampton No. 1,45049000002,Hampton - Hampton No. 1,HAMPTON - HAMPTON NO. 1,34759223.047285,Hampton,049,Hampton No. 1,HAMPTON - HAMPTON NO. 1,HAMPTON - HAMPTON NO. 1,34758602.677404,0.999982,1
049,Hampton,Crocket-Miley,45049000017,Hampton - Crocket-Miley,HAMPTON - CROCKET-MILEY,96658548.528522,Hampton,049,Crocketville-miley,HAMPTON - CROCKETVILLE-MILEY,HAMPTON - CROCKETVILLE-MILEY,96658544.536206,1.000000,1
071,Newberry,Chappells,45071000013,Newberry - Chappells,NEWBERRY - CHAPPELLS,162184174.446019,Newberry,071,Chappells,NEWBERRY - CHAPPELLS,NEWBERRY - CHAPPELLS,162184170.241695,1.000000,1
071,Newberry,Bush River,45071000011,Newberry - Bush River,NEWBERRY - BUSH RIVER,116114795.457047,Newberry,071,Bush River,NEWBERRY - BUSH RIVER,NEWBERRY - BUSH RIVER,116114795.043418,1.000000,1
071,Newberry,Silverstreet,45071000039,Newberry - Silverstreet,NEWBERRY - SILVERSTREET,112258909.936215,Newberry,071,Silverstreet,NEWBERRY - SILVERSTREET,NEWBERRY - SILVERSTREET,112258906.148943,1.000000,1
071,Newberry,Beth - Eden,45071000010,Newberry - Beth - Eden,NEWBERRY - BETH - EDEN,67204072.772855,Newberry,071,Beth - Eden,NEWBERRY - BETH - EDEN,NEWBERRY - BETH - EDEN,67186018.568910,0.999731,1
071,Newberry,Helena,45071000018,Newberry - Helena,NEWBERRY - HELENA,12695275.050069,Newberry,071,Helena,NEWBERRY - HELENA,NEWBERRY - HELENA,12679103.138673,0.998726,1
071,Newberry,Helena,45071000018,Newberry - Helena,NEWBERRY - HELENA,12695275.050069,Newberry,071,Newberry Ward 5,NEWBERRY - NEWBERRY WARD 5,NEWBERRY - NEWBERRY WARD 5,12123.116704,0.000955,2
071,Newberry,Mt. Bethel-Garmany,45071000027,Newberry - Mt. Bethel-Garmany,NEWBERRY - MT. BETHEL-GARMANY,59076817.786374,Newberry,071,Mt. Bethel-garmany,NEWBERRY - MT. BETHEL-GARMANY,NEWBERRY - MT. BETHEL-GARMANY,58964744.257941,0.998103,1
071,Newberry,Mt. Bethel-Garmany,45071000027,Newberry - Mt. Bethel-Garmany,NEWBERRY - MT. BETHEL-GARMANY,59076817.786374,Newberry,071,St Phillips-jolly Street,NEWBERRY - ST PHILLIPS-JOLLY STREET,NEWBERRY - ST PHILLIPS-JOLLY STREET,75022.913955,0.001270,2
071,Newberry,Newberry Ward 1,45071000001,Newberry - Newberry Ward 1,NEWBERRY - NEWBERRY WARD 1,1222650.641401,Newberry,071,Newberry Ward 1,NEWBERRY - NEWBERRY WARD 1,NEWBERRY - NEWBERRY WARD 1,1215988.478094,0.994551,1
071,Newberry,Newberry Ward 1,45071000001,Newberry - Newberry Ward 1,NEWBERRY - NEWBERRY WARD 1,1222650.641401,Newberry,071,Helena,NEWBERRY - HELENA,NEWBERRY - HELENA,6660.657067,0.005448,2
071,Newberry,Oakland,45071000031,Newberry - Oakland,NEWBERRY - OAKLAND,1626075.472478,Newberry,071,Oakland,NEWBERRY - OAKLAND,NEWBERRY - OAKLAND,1601347.614668,0.984793,1
071,Newberry,Oakland,45071000031,Newberry - Oakland,NEWBERRY - OAKLAND,1626075.472478,Newberry,071,Helena,NEWBERRY - HELENA,NEWBERRY - HELENA,14327.206778,0.008811,2
071,Newberry,Oakland,45071000031,Newberry - Oakland,NEWBERRY - OAKLAND,1626075.472478,Newberry,071,Beth - Eden,NEWBERRY - BETH - EDEN,NEWBERRY - BETH - EDEN,10400.651031,0.006396,3
071,Newberry,Newberry Ward 5,45071000007,Newberry - Newberry Ward 5,NEWBERRY - NEWBERRY WARD 5,1538080.484926,Newberry,071,Newberry Ward 5,NEWBERRY - NEWBERRY WARD 5,NEWBERRY - NEWBERRY WARD 5,1526022.774277,0.992161,1
071,Newberry,Newberry Ward 5,45071000007,Newberry - Newberry Ward 5,NEWBERRY - NEWBERRY WARD 5,1538080.484926,Newberry,071,Helena,NEWBERRY - HELENA,NEWBERRY - HELENA,11240.355540,0.007308,2
071,Newberry,Newberry Ward 5,45071000007,Newberry - Newberry Ward 5,NEWBERRY - NEWBERRY WARD 5,1538080.484926,Newberry,071,Newberry Ward 4,NEWBERRY - NEWBERRY WARD 4,NEWBERRY - NEWBERRY WARD 4,817.355109,0.000531,3
071,Newberry,Newberry Ward 4,45071000005,Newberry - Newberry Ward 4,NEWBERRY - NEWBERRY WARD 4,1772975.596690,Newberry,071,Newberry Ward 4,NEWBERRY - NEWBERRY WARD 4,NEWBERRY - NEWBERRY WARD 4,1772175.011496,0.999548,1
071,Newberry,Hartford,45071000017,Newberry - Hartford,NEWBERRY - HARTFORD,94776552.248072,Newberry,071,Hartford,NEWBERRY - HARTFORD,NEWBERRY - HARTFORD,94771295.825569,0.999945,1
071,Newberry,Kinards-Jalapa,45071000019,Newberry - Kinards-Jalapa,NEWBERRY - KINARDS-JALAPA,106714213.983460,Newberry,071,Kinards-jalapa,NEWBERRY - KINARDS-JALAPA,NEWBERRY - KINARDS-JALAPA,106714213.059674,1.000000,1
071,Newberry,Newberry Ward 6,45071000008,Newberry - Newberry Ward 6,NEWBERRY - NEWBERRY WARD 6,5070940.352323,Newberry,071,Newberry Ward 6,NEWBERRY - NEWBERRY WARD 6,NEWBERRY - NEWBERRY WARD 6,5030893.702175,0.992103,1
071,Newberry,Newberry Ward 6,45071000008,Newberry - Newberry Ward 6,NEWBERRY - NEWBERRY WARD 6,5070940.352323,Newberry,071,Johnstone,NEWBERRY - JOHNSTONE,NEWBERRY - JOHNSTONE,29499.700599,0.005817,2
071,Newberry,Newberry Ward 6,45071000008,Newberry - Newberry Ward 6,NEWBERRY - NEWBERRY WARD 6,5070940.352323,Newberry,071,Mt. Bethel-garmany,NEWBERRY - MT. BETHEL-GARMANY,NEWBERRY - MT. BETHEL-GARMANY,10545.065297,0.002080,3
071,Newberry,Johnstone,45071000020,Newberry - Johnstone,NEWBERRY - JOHNSTONE,33378990.316560,Newberry,071,Johnstone,NEWBERRY - JOHNSTONE,NEWBERRY - JOHNSTONE,33323620.298554,0.998341,1
071,Newberry,Johnstone,45071000020,Newberry - Johnstone,NEWBERRY - JOHNSTONE,33378990.316560,Newberry,071,Newberry Ward 6,NEWBERRY - NEWBERRY WARD 6,NEWBERRY - NEWBERRY WARD 6,53276.257898,0.001596,2
071,Newberry,Newberry Ward 2,45071000002,Newberry - Newberry Ward 2,NEWBERRY - NEWBERRY WARD 2,3174980.595133,Newberry,071,Newberry Ward 2,NEWBERRY - NEWBERRY WARD 2,NEWBERRY - NEWBERRY WARD 2,3146797.797309,0.991123,1
071,Newberry,Newberry Ward 2,45071000002,Newberry - Newberry Ward 2,NEWBERRY - NEWBERRY WARD 2,3174980.595133,Newberry,071,Mt. Bethel-garmany,NEWBERRY - MT. BETHEL-GARMANY,NEWBERRY - MT. BETHEL-GARMANY,28181.378312,0.008876,2
071,Newberry,St. Phillips-Jolly Street,45071000042,Newberry - St. Phillips-Jolly Street,NEWBERRY - ST. PHILLIPS-JOLLY STREET,62430124.220116,Newberry,071,St Phillips-jolly Street,NEWBERRY - ST PHILLIPS-JOLLY STREET,NEWBERRY - ST PHILLIPS-JOLLY STREET,62429668.246886,0.999993,1
071,Newberry,Newberry Ward 3,45071000003,Newberry - Newberry Ward 3,NEWBERRY - NEWBERRY WARD 3,2408249.687772,Newberry,071,Newberry Ward 3,NEWBERRY - NEWBERRY WARD 3,NEWBERRY - NEWBERRY WARD 3,2401497.245412,0.997196,1
071,Newberry,Newberry Ward 3,45071000003,Newberry - Newberry Ward 3,NEWBERRY - NEWBERRY WARD 3,2408249.687772,Newberry,071,Hartford,NEWBERRY - HARTFORD,NEWBERRY - HARTFORD,5209.557647,0.002163,2
071,Newberry,Newberry Ward 3,45071000003,Newberry - Newberry Ward 3,NEWBERRY - NEWBERRY WARD 3,2408249.687772,Newberry,071,Johnstone,NEWBERRY - JOHNSTONE,NEWBERRY - JOHNSTONE,1542.813206,0.000641,3
071,Newberry,Pomaria,45071000035,Newberry - Pomaria,NEWBERRY - POMARIA,57470762.271786,Newberry,071,Pomaria,NEWBERRY - POMARIA,NEWBERRY - POMARIA,57470744.426546,1.000000,1
071,Newberry,Consolidated Number 5,45071000028,Newberry - Consolidated Number 5,NEWBERRY - CONSOLIDATED NUMBER 5,184319761.769863,Newberry,071,Consolidated Number 5,NEWBERRY - CONSOLIDATED NUMBER 5,NEWBERRY - CONSOLIDATED NUMBER 5,184319738.228874,1.000000,1
071,Newberry,Peak,45071000034,Newberry - Peak,NEWBERRY - PEAK,11137758.490133,Newberry,071,Peak,NEWBERRY - PEAK,NEWBERRY - PEAK,11137746.307335,0.999999,1
071,Newberry,Whitmire Outside,45071000050,Newberry - Whitmire Outside,NEWBERRY - WHITMIRE OUTSIDE,190290591.532373,Newberry,071,Whitmire Outside,NEWBERRY - WHITMIRE OUTSIDE,NEWBERRY - WHITMIRE OUTSIDE,190290151.754997,0.999998,1
071,Newberry,Whitmire City,45071000049,Newberry - Whitmire City,NEWBERRY - WHITMIRE CITY,2694738.814237,Newberry,071,Whitmire City,NEWBERRY - WHITMIRE CITY,NEWBERRY - WHITMIRE CITY,2694588.840343,0.999944,1
071,Newberry,Maybinton,45071000025,Newberry - Maybinton,NEWBERRY - MAYBINTON,71391921.278365,Newberry,071,Maybinton,NEWBERRY - MAYBINTON,NEWBERRY - MAYBINTON,71391915.337744,1.000000,1
071,Newberry,Little Mountain,45071000023,Newberry - Little Mountain,NEWBERRY - LITTLE MOUNTAIN,66078917.200501,Newberry,071,Little Mountain,NEWBERRY - LITTLE MOUNTAIN,NEWBERRY - LITTLE MOUNTAIN,66078888.237263,1.000000,1
071,Newberry,Wheeland,45071000048,Newberry - Wheeland,NEWBERRY - WHEELAND,19259671.172454,Newberry,071,Wheeland,NEWBERRY - WHEELAND,NEWBERRY - WHEELAND,19259670.596651,1.000000,1
071,Newberry,Prosperity Outside,45071000051,Newberry - Prosperity Outside,NEWBERRY - PROSPERITY OUTSIDE,60368838.635017,Newberry,071,Prosperity Outside,NEWBERRY - PROSPERITY OUTSIDE,NEWBERRY - PROSPERITY OUTSIDE,60181120.913017,0.996890,1
071,Newberry,Prosperity Outside,45071000051,Newberry - Prosperity Outside,NEWBERRY - PROSPERITY OUTSIDE,60368838.635017,Newberry,071,Prosperity City,NEWBERRY - PROSPERITY CITY,NEWBERRY - PROSPERITY CITY,187630.694859,0.003108,2
071,Newberry,O'Neal,45071000030,Newberry - O'Neal,NEWBERRY - ONEAL,55224006.985719,Newberry,071,O'neal,NEWBERRY - ONEAL,NEWBERRY - ONEAL,55223999.088452,1.000000,1
071,Newberry,Fairview,45071000015,Newberry - Fairview,NEWBERRY - FAIRVIEW,60897251.587406,Newberry,071,Fairview,NEWBERRY - FAIRVIEW,NEWBERRY - FAIRVIEW,60897238.338287,1.000000,1
071,Newberry,Prosperity City,45071000036,Newberry - Prosperity City,NEWBERRY - PROSPERITY CITY,5194642.814422,Newberry,071,Prosperity City,NEWBERRY - PROSPERITY CITY,NEWBERRY - PROSPERITY CITY,4952739.400788,0.953432,1
071,Newberry,Prosperity City,45071000036,Newberry - Prosperity City,NEWBERRY - PROSPERITY CITY,5194642.814422,Newberry,071,Prosperity Outside,NEWBERRY - PROSPERITY OUTSIDE,NEWBERRY - PROSPERITY OUTSIDE,203396.650511,0.039155,2
071,Newberry,Stoney Hill,45071000040,Newberry - Stoney Hill,NEWBERRY - STONEY HILL,48486849.840695,Newberry,071,Stoney Hill,NEWBERRY - STONEY HILL,NEWBERRY - STONEY HILL,48486840.449391,1.000000,1
073,Oconee,Walhalla 2,45073000025,Oconee - Walhalla 2,OCONEE - WALHALLA 2,101154569.645675,Oconee,073,Walhalla 2,OCONEE - WALHALLA 2,OCONEE - WALHALLA 2,101085788.873054,0.999320,1
073,Oconee,Walhalla 2,45073000025,Oconee - Walhalla 2,OCONEE - WALHALLA 2,101154569.645675,Oconee,073,West Union,OCONEE - WEST UNION,OCONEE - WEST UNION,68780.860191,0.000680,2
073,Oconee,Long Creek,45073000008,Oconee - Long Creek,OCONEE - LONG CREEK,160328421.344757,Oconee,073,Long Cree,OCONEE - LONG CREE,OCONEE - LONG CREE,146785877.067865,0.915532,1
073,Oconee,Long Creek,45073000008,Oconee - Long Creek,OCONEE - LONG CREEK,160328421.344757,Oconee,073,Madison,OCONEE - MADISON,OCONEE - MADISON,13189201.943462,0.082264,2
073,Oconee,Long Creek,45073000008,Oconee - Long Creek,OCONEE - LONG CREEK,160328421.344757,Oconee,073,Holly Springs,OCONEE - HOLLY SPRINGS,OCONEE - HOLLY SPRINGS,353342.325783,0.002204,3
073,Oconee,Mountain Rest,45073000009,Oconee - Mountain Rest,OCONEE - MOUNTAIN REST,169231464.793458,Oconee,073,Mountain Rest,OCONEE - MOUNTAIN REST,OCONEE - MOUNTAIN REST,168536460.706951,0.995893,1
073,Oconee,Mountain Rest,45073000009,Oconee - Mountain Rest,OCONEE - MOUNTAIN REST,169231464.793458,Oconee,073,Tamassee,OCONEE - TAMASSEE,OCONEE - TAMASSEE,695001.043044,0.004107,2
073,Oconee,Madison,45073000010,Oconee - Madison,OCONEE - MADISON,83750199.418865,Oconee,073,Madison,OCONEE - MADISON,OCONEE - MADISON,83573177.987765,0.997886,1
073,Oconee,Madison,45073000010,Oconee - Madison,OCONEE - MADISON,83750199.418865,Oconee,073,Long Cree,OCONEE - LONG CREE,OCONEE - LONG CREE,177021.431093,0.002114,2
073,Oconee,Westminster 2,45073000027,Oconee - Westminster 2,OCONEE - WESTMINSTER 2,82660266.930202,Oconee,073,Westminster 2,OCONEE - WESTMINSTER 2,OCONEE - WESTMINSTER 2,82660266.930191,1.000000,1
073,Oconee,Holly Springs,45073000006,Oconee - Holly Springs,OCONEE - HOLLY SPRINGS,48419681.282342,Oconee,073,Holly Springs,OCONEE - HOLLY SPRINGS,OCONEE - HOLLY SPRINGS,48362004.682200,0.998809,1
073,Oconee,Holly Springs,45073000006,Oconee - Holly Springs,OCONEE - HOLLY SPRINGS,48419681.282342,Oconee,073,Long Cree,OCONEE - LONG CREE,OCONEE - LONG CREE,57676.600135,0.001191,2
073,Oconee,Tamassee,45073000021,Oconee - Tamassee,OCONEE - TAMASSEE,105158522.769077,Oconee,073,Tamassee,OCONEE - TAMASSEE,OCONEE - TAMASSEE,103659682.169353,0.985747,1
073,Oconee,Tamassee,45073000021,Oconee - Tamassee,OCONEE - TAMASSEE,105158522.769077,Oconee,073,Mountain Rest,OCONEE - MOUNTAIN REST,OCONEE - MOUNTAIN REST,1498839.465693,0.014253,2
073,Oconee,Walhalla 1,45073000024,Oconee - Walhalla 1,OCONEE - WALHALLA 1,76805431.401062,Oconee,073,Walhalla 1,OCONEE - WALHALLA 1,OCONEE - WALHALLA 1,76805431.401055,1.000000,1
073,Oconee,Westminster 1,45073000026,Oconee - Westminster 1,OCONEE - WESTMINSTER 1,101212830.938260,Oconee,073,Westminster 1,OCONEE - WESTMINSTER 1,OCONEE - WESTMINSTER 1,99604249.632170,0.984107,1
073,Oconee,Westminster 1,45073000026,Oconee - Westminster 1,OCONEE - WESTMINSTER 1,101212830.938260,Oconee,073,Madison,OCONEE - MADISON,OCONEE - MADISON,1608580.933870,0.015893,2
073,Oconee,Oakway,45073000012,Oconee - Oakway,OCONEE - OAKWAY,39044042.574384,Oconee,073,Oakway,OCONEE - OAKWAY,OCONEE - OAKWAY,39044042.574378,1.000000,1
073,Oconee,Tokeena-Providence,45073000022,Oconee - Tokeena-Providence,OCONEE - TOKEENA-PROVIDENCE,41560912.874697,Oconee,073,Tokeena-providence,OCONEE - TOKEENA-PROVIDENCE,OCONEE - TOKEENA-PROVIDENCE,41560912.874693,1.000000,1
073,Oconee,South Union,45073000020,Oconee - South Union,OCONEE - SOUTH UNION,48835038.579876,Oconee,073,South Union,OCONEE - SOUTH UNION,OCONEE - SOUTH UNION,48835038.579871,1.000000,1
073,Oconee,Return,45073000014,Oconee - Return,OCONEE - RETURN,22171612.532200,Oconee,073,Return,OCONEE - RETURN,OCONEE - RETURN,22171612.532195,1.000000,1
073,Oconee,Fair Play,45073000004,Oconee - Fair Play,OCONEE - FAIR PLAY,39329078.536810,Oconee,073,Fair Play,OCONEE - FAIR PLAY,OCONEE - FAIR PLAY,39329078.536806,1.000000,1
073,Oconee,Earles Grove,45073000002,Oconee - Earles Grove,OCONEE - EARLES GROVE,43186355.635579,Oconee,073,Earles Grove,OCONEE - EARLES GROVE,OCONEE - EARLES GROVE,43186355.635574,1.000000,1
073,Oconee,Richland,45073000015,Oconee - Richland,OCONEE - RICHLAND,28278843.104298,Oconee,073,Richland,OCONEE - RICHLAND,OCONEE - RICHLAND,28278843.104294,1.000000,1
073,Oconee,Salem,45073000016,Oconee - Salem,OCONEE - SALEM,209541202.911831,Oconee,073,Salem,OCONEE - SALEM,OCONEE - SALEM,209541202.911813,1.000000,1
073,Oconee,Keowee,45073000007,Oconee - Keowee,OCONEE - KEOWEE,43867880.885147,Oconee,073,Keowee,OCONEE - KEOWEE,OCONEE - KEOWEE,43867880.885141,1.000000,1
073,Oconee,West Union,45073000028,Oconee - West Union,OCONEE - WEST UNION,35892314.982024,Oconee,073,West Union,OCONEE - WEST UNION,OCONEE - WEST UNION,35063921.019309,0.976920,1
073,Oconee,West Union,45073000028,Oconee - West Union,OCONEE - WEST UNION,35892314.982024,Oconee,073,Walhalla 2,OCONEE - WALHALLA 2,OCONEE - WALHALLA 2,786093.557049,0.021901,2
073,Oconee,West Union,45073000028,Oconee - West Union,OCONEE - WEST UNION,35892314.982024,Oconee,073,Walhalla 1,OCONEE - WALHALLA 1,OCONEE - WALHALLA 1,42300.342630,0.001179,3
073,Oconee,New Hope,45073000018,Oconee - New Hope,OCONEE - NEW HOPE,52740589.901919,Oconee,073,New Hope,OCONEE - NEW HOPE,OCONEE - NEW HOPE,52740589.901912,1.000000,1
073,Oconee,Stamp Creek,45073000017,Oconee - Stamp Creek,OCONEE - STAMP CREEK,22723535.884078,Oconee,073,Stamp Creek,OCONEE - STAMP CREEK,OCONEE - STAMP CREEK,22723535.884074,1.000000,1
073,Oconee,Bountyland,45073000011,Oconee - Bountyland,OCONEE - BOUNTYLAND,17768538.452936,Oconee,073,Bountyland,OCONEE - BOUNTYLAND,OCONEE - BOUNTYLAND,17768538.452933,1.000000,1
073,Oconee,Seneca 1,45073000029,Oconee - Seneca 1,OCONEE - SENECA 1,13598616.190940,Oconee,073,Seneca 1,OCONEE - SENECA 1,OCONEE - SENECA 1,13598616.190936,1.000000,1
073,Oconee,Friendship,45073000005,Oconee - Friendship,OCONEE - FRIENDSHIP,51415653.677777,Oconee,073,Friendship,OCONEE - FRIENDSHIP,OCONEE - FRIENDSHIP,51415653.677771,1.000000,1
073,Oconee,Shiloh,45073000019,Oconee - Shiloh,OCONEE - SHILOH,31949631.664736,Oconee,073,Shiloh,OCONEE - SHILOH,OCONEE - SHILOH,31949631.664729,1.000000,1
073,Oconee,Ravenel,45073000003,Oconee - Ravenel,OCONEE - RAVENEL,18717580.549619,Oconee,073,Ravenel,OCONEE - RAVENEL,OCONEE - RAVENEL,18717580.549615,1.000000,1
073,Oconee,Seneca 2,45073000030,Oconee - Seneca 2,OCONEE - SENECA 2,16695610.355243,Oconee,073,Seneca 2,OCONEE - SENECA 2,OCONEE - SENECA 2,16695610.355240,1.000000,1
073,Oconee,Seneca 4,45073000032,Oconee - Seneca 4,OCONEE - SENECA 4,10165430.003476,Oconee,073,Seneca 4,OCONEE - SENECA 4,OCONEE - SENECA 4,10165430.003474,1.000000,1
073,Oconee,Newry-Corinth,45073000001,Oconee - Newry-Corinth,OCONEE - NEWRY-CORINTH,6675194.173026,Oconee,073,Newry-corinth,OCONEE - NEWRY-CORINTH,OCONEE - NEWRY-CORINTH,6675194.173023,1.000000,1
073,Oconee,Seneca 3,45073000031,Oconee - Seneca 3,OCONEE - SENECA 3,18024006.828884,Oconee,073,Seneca 3,OCONEE - SENECA 3,OCONEE - SENECA 3,18024006.828880,1.000000,1
073,Oconee,Utica,45073000023,Oconee - Utica,OCONEE - UTICA,3616023.341674,Oconee,073,Utica,OCONEE - UTICA,OCONEE - UTICA,3616023.341672,1.000000,1
011,Barnwell,Barnwell No. 2,45011000002,Barnwell - Barnwell No. 2,BARNWELL - BARNWELL NO. 2,45791497.903849,Barnwell,011,Barnwell 2,BARNWELL - BARNWELL 2,BARNWELL - BARNWELL 2,45583075.028098,0.995448,1
011,Barnwell,Barnwell No. 2,45011000002,Barnwell - Barnwell No. 2,BARNWELL - BARNWELL NO. 2,45791497.903849,Barnwell,011,Blackville 1,BARNWELL - BLACKVILLE 1,BARNWELL - BLACKVILLE 1,133099.368086,0.002907,2
011,Barnwell,Barnwell No. 2,45011000002,Barnwell - Barnwell No. 2,BARNWELL - BARNWELL NO. 2,45791497.903849,Barnwell,011,Barnwell 1,BARNWELL - BARNWELL 1,BARNWELL - BARNWELL 1,51086.179877,0.001116,3
011,Barnwell,Barnwell No. 1,45011000001,Barnwell - Barnwell No. 1,BARNWELL - BARNWELL NO. 1,46505135.599640,Barnwell,011,Barnwell 1,BARNWELL - BARNWELL 1,BARNWELL - BARNWELL 1,46303559.136575,0.995666,1
011,Barnwell,Barnwell No. 1,45011000001,Barnwell - Barnwell No. 1,BARNWELL - BARNWELL NO. 1,46505135.599640,Barnwell,011,Snelling,BARNWELL - SNELLING,BARNWELL - SNELLING,129845.219697,0.002792,2
011,Barnwell,Barnwell No. 1,45011000001,Barnwell - Barnwell No. 1,BARNWELL - BARNWELL NO. 1,46505135.599640,Barnwell,011,Williston 2,BARNWELL - WILLISTON 2,BARNWELL - WILLISTON 2,30832.696358,0.000663,3
011,Barnwell,Hilda,45011000011,Barnwell - Hilda,BARNWELL - HILDA,67746421.848326,Barnwell,011,Hilda,BARNWELL - HILDA,BARNWELL - HILDA,67644938.425366,0.998502,1
011,Barnwell,Hilda,45011000011,Barnwell - Hilda,BARNWELL - HILDA,67746421.848326,Barnwell,011,Blackville 2,BARNWELL - BLACKVILLE 2,BARNWELL - BLACKVILLE 2,39960.253931,0.000590,2
011,Barnwell,Barnwell No. 3,45011000003,Barnwell - Barnwell No. 3,BARNWELL - BARNWELL NO. 3,35715302.457941,Barnwell,011,Barnwell 3,BARNWELL - BARNWELL 3,BARNWELL - BARNWELL 3,35650308.613312,0.998180,1
011,Barnwell,Barnwell No. 3,45011000003,Barnwell - Barnwell No. 3,BARNWELL - BARNWELL NO. 3,35715302.457941,Barnwell,011,Hilda,BARNWELL - HILDA,BARNWELL - HILDA,41023.614838,0.001149,2
011,Barnwell,Blackville No. 1,45011000005,Barnwell - Blackville No. 1,BARNWELL - BLACKVILLE NO. 1,66750519.772788,Barnwell,011,Blackville 1,BARNWELL - BLACKVILLE 1,BARNWELL - BLACKVILLE 1,66621436.700883,0.998066,1
011,Barnwell,Blackville No. 1,45011000005,Barnwell - Blackville No. 1,BARNWELL - BLACKVILLE NO. 1,66750519.772788,Barnwell,011,Elko,BARNWELL - ELKO,BARNWELL - ELKO,40542.476135,0.000607,2
011,Barnwell,Barnwell No. 4,45011000004,Barnwell - Barnwell No. 4,BARNWELL - BARNWELL NO. 4,32480132.092725,Barnwell,011,Barnwell 4,BARNWELL - BARNWELL 4,BARNWELL - BARNWELL 4,32338136.356938,0.995628,1
011,Barnwell,Barnwell No. 4,45011000004,Barnwell - Barnwell No. 4,BARNWELL - BARNWELL NO. 4,32480132.092725,Barnwell,011,Barnwell 3,BARNWELL - BARNWELL 3,BARNWELL - BARNWELL 3,90536.390846,0.002787,2
011,Barnwell,Barnwell No. 4,45011000004,Barnwell - Barnwell No. 4,BARNWELL - BARNWELL NO. 4,32480132.092725,Barnwell,011,Barnwell 1,BARNWELL - BARNWELL 1,BARNWELL - BARNWELL 1,43373.514408,0.001335,3
011,Barnwell,Friendship,45011000008,Barnwell - Friendship,BARNWELL - FRIENDSHIP,52484629.032770,Barnwell,011,Friendship,BARNWELL - FRIENDSHIP,BARNWELL - FRIENDSHIP,52435913.517374,0.999072,1
011,Barnwell,Friendship,45011000008,Barnwell - Friendship,BARNWELL - FRIENDSHIP,52484629.032770,Barnwell,011,Hilda,BARNWELL - HILDA,BARNWELL - HILDA,40142.152933,0.000765,2
011,Barnwell,Blackville No. 2,45011000006,Barnwell - Blackville No. 2,BARNWELL - BLACKVILLE NO. 2,28630713.621460,Barnwell,011,Blackville 2,BARNWELL - BLACKVILLE 2,BARNWELL - BLACKVILLE 2,28578666.383458,0.998182,1
011,Barnwell,Blackville No. 2,45011000006,Barnwell - Blackville No. 2,BARNWELL - BLACKVILLE NO. 2,28630713.621460,Barnwell,011,Healing Springs,BARNWELL - HEALING SPRINGS,BARNWELL - HEALING SPRINGS,26022.240815,0.000909,2
011,Barnwell,Blackville No. 2,45011000006,Barnwell - Blackville No. 2,BARNWELL - BLACKVILLE NO. 2,28630713.621460,Barnwell,011,Hilda,BARNWELL - HILDA,BARNWELL - HILDA,14953.052756,0.000522,3
011,Barnwell,Healing Springs,45011000010,Barnwell - Healing Springs,BARNWELL - HEALING SPRINGS,94961030.514612,Barnwell,011,Healing Springs,BARNWELL - HEALING SPRINGS,BARNWELL - HEALING SPRINGS,94845960.578642,0.998788,1
011,Barnwell,Elko,45011000007,Barnwell - Elko,BARNWELL - ELKO,59436219.667169,Barnwell,011,Elko,BARNWELL - ELKO,BARNWELL - ELKO,59282866.725107,0.997420,1
011,Barnwell,Elko,45011000007,Barnwell - Elko,BARNWELL - ELKO,59436219.667169,Barnwell,011,Barnwell 2,BARNWELL - BARNWELL 2,BARNWELL - BARNWELL 2,59836.815247,0.001007,2
011,Barnwell,Elko,45011000007,Barnwell - Elko,BARNWELL - ELKO,59436219.667169,Barnwell,011,Williston 2,BARNWELL - WILLISTON 2,BARNWELL - WILLISTON 2,33488.515851,0.000563,3
011,Barnwell,Snelling,45011000012,Barnwell - Snelling,BARNWELL - SNELLING,127573446.270350,Barnwell,011,Snelling,BARNWELL - SNELLING,BARNWELL - SNELLING,121664877.814034,0.953685,1
011,Barnwell,SRS,45011000016,Barnwell - SRS,BARNWELL - SRS,487645028.640461,,,,,,0.000000,0.000000,1
011,Barnwell,Kline,45011000009,Barnwell - Kline,BARNWELL - KLINE,142457633.663911,Barnwell,011,Kline,BARNWELL - KLINE,BARNWELL - KLINE,142347544.514873,0.999227,1
011,Barnwell,Williston No. 2,45011000014,Barnwell - Williston No. 2,BARNWELL - WILLISTON NO. 2,38346845.841037,Barnwell,011,Williston 2,BARNWELL - WILLISTON 2,BARNWELL - WILLISTON 2,38185140.271467,0.995783,1
011,Barnwell,Williston No. 2,45011000014,Barnwell - Williston No. 2,BARNWELL - WILLISTON NO. 2,38346845.841037,Barnwell,011,Barnwell 1,BARNWELL - BARNWELL 1,BARNWELL - BARNWELL 1,63143.672192,0.001647,2
011,Barnwell,Williston No. 2,45011000014,Barnwell - Williston No. 2,BARNWELL - WILLISTON NO. 2,38346845.841037,Barnwell,011,Elko,BARNWELL - ELKO,BARNWELL - ELKO,61340.970730,0.001600,3
011,Barnwell,Williston No. 2,45011000014,Barnwell - Williston No. 2,BARNWELL - WILLISTON NO. 2,38346845.841037,Barnwell,011,Williston 3,BARNWELL - WILLISTON 3,BARNWELL - WILLISTON 3,37025.225229,0.000966,4
011,Barnwell,Williston No. 1,45011000013,Barnwell - Williston No. 1,BARNWELL - WILLISTON NO. 1,76514393.613194,Barnwell,011,Williston 1,BARNWELL - WILLISTON 1,BARNWELL - WILLISTON 1,76484257.660938,0.999606,1
011,Barnwell,Williston No. 3,45011000015,Barnwell - Williston No. 3,BARNWELL - WILLISTON NO. 3,40264148.196276,Barnwell,011,Williston 3,BARNWELL - WILLISTON 3,BARNWELL - WILLISTON 3,40200735.363103,0.998425,1
011,Barnwell,Williston No. 3,45011000015,Barnwell - Williston No. 3,BARNWELL - WILLISTON NO. 3,40264148.196276,Barnwell,011,Williston 2,BARNWELL - WILLISTON 2,BARNWELL - WILLISTON 2,49645.043716,0.001233,2
007,Anderson,Edgewood Station A,45007000025,Anderson - Edgewood Station A,ANDERSON - EDGEWOOD STATION A,12266992.675353,Anderson,007,Edgewood Station A,ANDERSON - EDGEWOOD STATION A,ANDERSON - EDGEWOOD STATION A,12204321.379734,0.994891,1
007,Anderson,Edgewood Station A,45007000025,Anderson - Edgewood Station A,ANDERSON - EDGEWOOD STATION A,12266992.675353,Anderson,007,Denver-sandy Springs,ANDERSON - DENVER-SANDY SPRINGS,ANDERSON - DENVER-SANDY SPRINGS,58892.539535,0.004801,2
007,Anderson,Hall,45007000035,Anderson - Hall,ANDERSON - HALL,65955932.936888,Anderson,007,Hall,ANDERSON - HALL,ANDERSON - HALL,65890128.423829,0.999002,1
007,Anderson,Hall,45007000035,Anderson - Hall,ANDERSON - HALL,65955932.936888,Anderson,007,Starr,ANDERSON - STARR,ANDERSON - STARR,34117.194498,0.000517,2
007,Anderson,Lakeside,45007000087,Anderson - Lakeside,ANDERSON - LAKESIDE,19737940.436055,Anderson,007,Lakeside,ANDERSON - LAKESIDE,ANDERSON - LAKESIDE,19737926.786725,0.999999,1
007,Anderson,Glenview,45007000132,Anderson - Glenview,ANDERSON - GLENVIEW,5153250.494674,Anderson,007,Glenview,ANDERSON - GLENVIEW,ANDERSON - GLENVIEW,5117981.380896,0.993156,1
007,Anderson,Glenview,45007000132,Anderson - Glenview,ANDERSON - GLENVIEW,5153250.494674,Anderson,007,Anderson 3/2,ANDERSON - ANDERSON 32,ANDERSON - ANDERSON 32,33973.818588,0.006593,2
007,Anderson,Edgewood Station B,45007000092,Anderson - Edgewood Station B,ANDERSON - EDGEWOOD STATION B,8159390.031287,Anderson,007,Edgewood Station B,ANDERSON - EDGEWOOD STATION B,ANDERSON - EDGEWOOD STATION B,8152992.267880,0.999216,1
007,Anderson,Edgewood Station B,45007000092,Anderson - Edgewood Station B,ANDERSON - EDGEWOOD STATION B,8159390.031287,Anderson,007,Anderson 1/1,ANDERSON - ANDERSON 11,ANDERSON - ANDERSON 11,5931.798692,0.000727,2
007,Anderson,Hammond School,45007000036,Anderson - Hammond School,ANDERSON - HAMMOND SCHOOL,17695535.171443,Anderson,007,Hammond School,ANDERSON - HAMMOND SCHOOL,ANDERSON - HAMMOND SCHOOL,17694198.445038,0.999924,1
007,Anderson,Anderson 3/2,45007000079,Anderson - Anderson 3/2,ANDERSON - ANDERSON 32,9323587.547016,Anderson,007,Anderson 3/2,ANDERSON - ANDERSON 32,ANDERSON - ANDERSON 32,9320788.607082,0.999700,1
007,Anderson,Anderson 5/B,45007000083,Anderson - Anderson 5/B,ANDERSON - ANDERSON 5B,5287997.211953,Anderson,007,Anderson 5/b,ANDERSON - ANDERSON 5B,ANDERSON - ANDERSON 5B,5287845.066036,0.999971,1
007,Anderson,Green Pond Station A,45007000033,Anderson - Green Pond Station A,ANDERSON - GREEN POND STATION A,19633059.575040,Anderson,007,Green Pond Station A,ANDERSON - GREEN POND STATION A,ANDERSON - GREEN POND STATION A,19603670.256534,0.998503,1
007,Anderson,Green Pond Station A,45007000033,Anderson - Green Pond Station A,ANDERSON - GREEN POND STATION A,19633059.575040,Anderson,007,Denver-sandy Springs,ANDERSON - DENVER-SANDY SPRINGS,ANDERSON - DENVER-SANDY SPRINGS,26313.332065,0.001340,2
007,Anderson,Anderson 4/1,45007000080,Anderson - Anderson 4/1,ANDERSON - ANDERSON 41,2737505.423306,Anderson,007,Anderson 4/1,ANDERSON - ANDERSON 41,ANDERSON - ANDERSON 41,2736696.499466,0.999705,1
007,Anderson,Center Rock,45007000157,Anderson - Center Rock,ANDERSON - CENTER ROCK,52683997.774316,Anderson,007,Center Rock,ANDERSON - CENTER ROCK,ANDERSON - CENTER ROCK,51927485.195197,0.985641,1
007,Anderson,Center Rock,45007000157,Anderson - Center Rock,ANDERSON - CENTER ROCK,52683997.774316,Anderson,007,Fork No. 2,ANDERSON - FORK NO. 2,ANDERSON - FORK NO. 2,599949.723965,0.011388,2
007,Anderson,Center Rock,45007000157,Anderson - Center Rock,ANDERSON - CENTER ROCK,52683997.774316,Anderson,007,Fork No. 1,ANDERSON - FORK NO. 1,ANDERSON - FORK NO. 1,156105.152636,0.002963,3
007,Anderson,Homeland Park,45007000038,Anderson - Homeland Park,ANDERSON - HOMELAND PARK,10037447.559406,Anderson,007,Homeland Park,ANDERSON - HOMELAND PARK,ANDERSON - HOMELAND PARK,10037382.922575,0.999994,1
007,Anderson,Flat Rock,45007000028,Anderson - Flat Rock,ANDERSON - FLAT ROCK,27290732.068306,Anderson,007,Flat Rock,ANDERSON - FLAT ROCK,ANDERSON - FLAT ROCK,27290634.098763,0.999996,1
007,Anderson,Varennes,45007000086,Anderson - Varennes,ANDERSON - VARENNES,9113703.824868,Anderson,007,Varennes,ANDERSON - VARENNES,ANDERSON - VARENNES,9108046.212991,0.999379,1
007,Anderson,Varennes,45007000086,Anderson - Varennes,ANDERSON - VARENNES,9113703.824868,Anderson,007,Gluck Mill,ANDERSON - GLUCK MILL,ANDERSON - GLUCK MILL,5626.675181,0.000617,2
007,Anderson,Anderson 6/2,45007000085,Anderson - Anderson 6/2,ANDERSON - ANDERSON 62,3613630.995791,Anderson,007,Anderson 6/2,ANDERSON - ANDERSON 62,ANDERSON - ANDERSON 62,3613208.975029,0.999883,1
007,Anderson,Centerville Station A,45007000019,Anderson - Centerville Station A,ANDERSON - CENTERVILLE STATION A,12595263.953282,Anderson,007,Centerville Station A,ANDERSON - CENTERVILLE STATION A,ANDERSON - CENTERVILLE STATION A,12595253.556866,0.999999,1
007,Anderson,Anderson 2/1,45007000076,Anderson - Anderson 2/1,ANDERSON - ANDERSON 21,2618166.471242,Anderson,007,Anderson 2/1,ANDERSON - ANDERSON 21,ANDERSON - ANDERSON 21,2618165.911900,1.000000,1
007,Anderson,North Point,45007000050,Anderson - North Point,ANDERSON - NORTH POINT,16423137.127267,Anderson,007,North Pointe,ANDERSON - NORTH POINTE,ANDERSON - NORTH POINTE,16410870.531910,0.999253,1
007,Anderson,North Point,45007000050,Anderson - North Point,ANDERSON - NORTH POINT,16423137.127267,Anderson,007,Five Forks,ANDERSON - FIVE FORKS,ANDERSON - FIVE FORKS,12253.442255,0.000746,2
007,Anderson,Appleton-Equinox,45007000009,Anderson - Appleton-Equinox,ANDERSON - APPLETON-EQUINOX,3112387.223663,Anderson,007,Appleton-equinox,ANDERSON - APPLETON-EQUINOX,ANDERSON - APPLETON-EQUINOX,3112387.131357,1.000000,1
007,Anderson,Anderson 6/1,45007000084,Anderson - Anderson 6/1,ANDERSON - ANDERSON 61,2904033.571599,Anderson,007,Anderson 6/1,ANDERSON - ANDERSON 61,ANDERSON - ANDERSON 61,2897559.406702,0.997771,1
007,Anderson,Anderson 6/1,45007000084,Anderson - Anderson 6/1,ANDERSON - ANDERSON 61,2904033.571599,Anderson,007,Edgewood Station A,ANDERSON - EDGEWOOD STATION A,ANDERSON - EDGEWOOD STATION A,6473.222854,0.002229,2
007,Anderson,Anderson 1/1,45007000074,Anderson - Anderson 1/1,ANDERSON - ANDERSON 11,4867510.280225,Anderson,007,Anderson 1/1,ANDERSON - ANDERSON 11,ANDERSON - ANDERSON 11,4864686.279345,0.999420,1
007,Anderson,Anderson 1/1,45007000074,Anderson - Anderson 1/1,ANDERSON - ANDERSON 11,4867510.280225,Anderson,007,Edgewood Station B,ANDERSON - EDGEWOOD STATION B,ANDERSON - EDGEWOOD STATION B,2822.640095,0.000580,2
007,Anderson,Anderson 1/2,45007000075,Anderson - Anderson 1/2,ANDERSON - ANDERSON 12,2274095.709846,Anderson,007,Anderson 1/2,ANDERSON - ANDERSON 12,ANDERSON - ANDERSON 12,2268781.010776,0.997663,1
007,Anderson,Anderson 1/2,45007000075,Anderson - Anderson 1/2,ANDERSON - ANDERSON 12,2274095.709846,Anderson,007,Cox's Creek,ANDERSON - COXS CREEK,ANDERSON - COXS CREEK,5313.697983,0.002337,2
007,Anderson,Rock Mill,45007000057,Anderson - Rock Mill,ANDERSON - ROCK MILL,32428579.174937,Anderson,007,Rock Mill,ANDERSON - ROCK MILL,ANDERSON - ROCK MILL,32428579.174934,1.000000,1
007,Anderson,Mountain Creek,45007000047,Anderson - Mountain Creek,ANDERSON - MOUNTAIN CREEK,41501638.915419,Anderson,007,Mountain Creek,ANDERSON - MOUNTAIN CREEK,ANDERSON - MOUNTAIN CREEK,41501343.312398,0.999993,1
007,Anderson,Town Creek,45007000067,Anderson - Town Creek,ANDERSON - TOWN CREEK,10361541.246109,Anderson,007,Town Creek,ANDERSON - TOWN CREEK,ANDERSON - TOWN CREEK,10345702.327689,0.998471,1
007,Anderson,Town Creek,45007000067,Anderson - Town Creek,ANDERSON - TOWN CREEK,10361541.246109,Anderson,007,Five Forks,ANDERSON - FIVE FORKS,ANDERSON - FIVE FORKS,13253.318198,0.001279,2
007,Anderson,Centerville Station B,45007000091,Anderson - Centerville Station B,ANDERSON - CENTERVILLE STATION B,6416759.837386,Anderson,007,Centerville Station B,ANDERSON - CENTERVILLE STATION B,ANDERSON - CENTERVILLE STATION B,6416758.528472,1.000000,1
007,Anderson,Fork No. 2,45007000030,Anderson - Fork No. 2,ANDERSON - FORK NO. 2,72965606.430500,Anderson,007,Fork No. 2,ANDERSON - FORK NO. 2,ANDERSON - FORK NO. 2,72899755.001845,0.999098,1
007,Anderson,Gluck Mill,45007000032,Anderson - Gluck Mill,ANDERSON - GLUCK MILL,5645899.043886,Anderson,007,Gluck Mill,ANDERSON - GLUCK MILL,ANDERSON - GLUCK MILL,5635424.419785,0.998145,1
007,Anderson,Gluck Mill,45007000032,Anderson - Gluck Mill,ANDERSON - GLUCK MILL,5645899.043886,Anderson,007,Mountain Creek,ANDERSON - MOUNTAIN CREEK,ANDERSON - MOUNTAIN CREEK,4723.753435,0.000837,2
007,Anderson,Gluck Mill,45007000032,Anderson - Gluck Mill,ANDERSON - GLUCK MILL,5645899.043886,Anderson,007,Varennes,ANDERSON - VARENNES,ANDERSON - VARENNES,4293.362555,0.000760,3
007,Anderson,Anderson 2/2,45007000077,Anderson - Anderson 2/2,ANDERSON - ANDERSON 22,5226502.431569,Anderson,007,Anderson 2/2,ANDERSON - ANDERSON 22,ANDERSON - ANDERSON 22,5222037.413754,0.999146,1
007,Anderson,Hammond Annex,45007000136,Anderson - Hammond Annex,ANDERSON - HAMMOND ANNEX,5645096.201751,Anderson,007,Hammond Annex,ANDERSON - HAMMOND ANNEX,ANDERSON - HAMMOND ANNEX,5642435.831961,0.999529,1
007,Anderson,High Point,45007000037,Anderson - High Point,ANDERSON - HIGH POINT,30071660.391730,Anderson,007,High Point,ANDERSON - HIGH POINT,ANDERSON - HIGH POINT,30052764.059318,0.999372,1
007,Anderson,High Point,45007000037,Anderson - High Point,ANDERSON - HIGH POINT,30071660.391730,Anderson,007,Chiquola Mill,ANDERSON - CHIQUOLA MILL,ANDERSON - CHIQUOLA MILL,15116.137373,0.000503,2
007,Anderson,Belton Annex,45007000111,Anderson - Belton Annex,ANDERSON - BELTON ANNEX,22180527.256221,Anderson,007,Belton Annex,ANDERSON - BELTON ANNEX,ANDERSON - BELTON ANNEX,22180200.815504,0.999985,1
007,Anderson,Toney Creek,45007000065,Anderson - Toney Creek,ANDERSON - TONEY CREEK,45614447.842756,Anderson,007,Toney Creek,ANDERSON - TONEY CREEK,ANDERSON - TONEY CREEK,45563546.860569,0.998884,1
007,Anderson,Belton,45007000011,Anderson - Belton,ANDERSON - BELTON,17435983.396287,Anderson,007,Belton,ANDERSON - BELTON,ANDERSON - BELTON,17435733.855405,0.999986,1
007,Anderson,Neals Creek,45007000049,Anderson - Neals Creek,ANDERSON - NEALS CREEK,36726963.879476,Anderson,007,Neal's Creek,ANDERSON - NEALS CREEK,ANDERSON - NEALS CREEK,36701208.718873,0.999299,1
007,Anderson,Neals Creek,45007000049,Anderson - Neals Creek,ANDERSON - NEALS CREEK,36726963.879476,Anderson,007,Broadview,ANDERSON - BROADVIEW,ANDERSON - BROADVIEW,25754.711085,0.000701,2
007,Anderson,Friendship,45007000031,Anderson - Friendship,ANDERSON - FRIENDSHIP,49881428.709010,Anderson,007,Friendship,ANDERSON - FRIENDSHIP,ANDERSON - FRIENDSHIP,49762212.657590,0.997610,1
007,Anderson,Friendship,45007000031,Anderson - Friendship,ANDERSON - FRIENDSHIP,49881428.709010,Anderson,007,Chiquola Mill,ANDERSON - CHIQUOLA MILL,ANDERSON - CHIQUOLA MILL,49741.430602,0.000997,2
007,Anderson,Three and Twenty,45007000064,Anderson - Three and Twenty,ANDERSON - THREE AND TWENTY,44871315.694328,Anderson,007,Three and Twenty,ANDERSON - THREE AND TWENTY,ANDERSON - THREE AND TWENTY,44830629.681517,0.999093,1
007,Anderson,Mt. Airy,45007000094,Anderson - Mt. Airy,ANDERSON - MT. AIRY,21223703.129819,Anderson,007,Mt. Airy,ANDERSON - MT. AIRY,ANDERSON - MT. AIRY,21223703.129816,1.000000,1
007,Anderson,Simpsonville,45007000062,Anderson - Simpsonville,ANDERSON - SIMPSONVILLE,25020584.702627,Anderson,007,Simpsonville,ANDERSON - SIMPSONVILLE,ANDERSON - SIMPSONVILLE,24982973.173677,0.998497,1
007,Anderson,Piedmont,45007000054,Anderson - Piedmont,ANDERSON - PIEDMONT,5180227.157776,Anderson,007,Piedmont,ANDERSON - PIEDMONT,ANDERSON - PIEDMONT,5172150.250313,0.998441,1
007,Anderson,Concrete,45007000021,Anderson - Concrete,ANDERSON - CONCRETE,15409498.233515,Anderson,007,Concrete,ANDERSON - CONCRETE,ANDERSON - CONCRETE,15409497.944177,1.000000,1
007,Anderson,Powdersville,45007000121,Anderson - Powdersville,ANDERSON - POWDERSVILLE,19438096.942874,Anderson,007,Powdersville,ANDERSON - POWDERSVILLE,ANDERSON - POWDERSVILLE,19419094.585021,0.999022,1
007,Anderson,Hunt Meadows,45007000164,Anderson - Hunt Meadows,ANDERSON - HUNT MEADOWS,22296915.948145,Anderson,007,Hunt Meadows,ANDERSON - HUNT MEADOWS,ANDERSON - HUNT MEADOWS,22281797.831806,0.999322,1
007,Anderson,Brushy Creek,45007000017,Anderson - Brushy Creek,ANDERSON - BRUSHY CREEK,23602789.271951,Anderson,007,Brushy Creek,ANDERSON - BRUSHY CREEK,ANDERSON - BRUSHY CREEK,23602785.426059,1.000000,1
007,Anderson,White Plains,45007000070,Anderson - White Plains,ANDERSON - WHITE PLAINS,46204905.269033,Anderson,007,White Plains,ANDERSON - WHITE PLAINS,ANDERSON - WHITE PLAINS,46168142.130533,0.999204,1
007,Anderson,White Plains,45007000070,Anderson - White Plains,ANDERSON - WHITE PLAINS,46204905.269033,Anderson,007,West Pelzer,ANDERSON - WEST PELZER,ANDERSON - WEST PELZER,30969.175097,0.000670,2
007,Anderson,Williamston Mill,45007000072,Anderson - Williamston Mill,ANDERSON - WILLIAMSTON MILL,19646261.037844,Anderson,007,Williamston Mill,ANDERSON - WILLIAMSTON MILL,ANDERSON - WILLIAMSTON MILL,19641565.159844,0.999761,1
007,Anderson,Cedar Grove,45007000018,Anderson - Cedar Grove,ANDERSON - CEDAR GROVE,35049287.384789,Anderson,007,Cedar Grove,ANDERSON - CEDAR GROVE,ANDERSON - CEDAR GROVE,35043019.582878,0.999821,1
007,Anderson,Piercetown,45007000055,Anderson - Piercetown,ANDERSON - PIERCETOWN,44502988.360619,Anderson,007,Piercetown,ANDERSON - PIERCETOWN,ANDERSON - PIERCETOWN,44502868.892502,0.999997,1
007,Anderson,Williamston,45007000071,Anderson - Williamston,ANDERSON - WILLIAMSTON,19922516.563884,Anderson,007,Williamston,ANDERSON - WILLIAMSTON,ANDERSON - WILLIAMSTON,19897418.596150,0.998740,1
007,Anderson,Williamston,45007000071,Anderson - Williamston,ANDERSON - WILLIAMSTON,19922516.563884,Anderson,007,Pelzer,ANDERSON - PELZER,ANDERSON - PELZER,15201.125489,0.000763,2
007,Anderson,West Pelzer,45007000068,Anderson - West Pelzer,ANDERSON - WEST PELZER,18408860.420447,Anderson,007,West Pelzer,ANDERSON - WEST PELZER,ANDERSON - WEST PELZER,18387493.216895,0.998839,1
007,Anderson,Wrights School,45007000073,Anderson - Wrights School,ANDERSON - WRIGHTS SCHOOL,60559590.500295,Anderson,007,Wright's School,ANDERSON - WRIGHTS SCHOOL,ANDERSON - WRIGHTS SCHOOL,60524946.701745,0.999428,1
007,Anderson,Barker's Creek,45007000010,Anderson - Barker's Creek,ANDERSON - BARKERS CREEK,20172797.384377,Anderson,007,Barker's Creek-mcadams,ANDERSON - BARKERS CREEK-MCADAMS,ANDERSON - BARKERS CREEK-MCADAMS,20157690.326359,0.999251,1
007,Anderson,Barker's Creek,45007000010,Anderson - Barker's Creek,ANDERSON - BARKERS CREEK,20172797.384377,Anderson,007,Honea Path,ANDERSON - HONEA PATH,ANDERSON - HONEA PATH,11315.073882,0.000561,2
007,Anderson,Iva,45007000041,Anderson - Iva,ANDERSON - IVA,59457681.472580,Anderson,007,Iva,ANDERSON - IVA,ANDERSON - IVA,59451433.533323,0.999895,1
007,Anderson,Mount Tabor,45007000046,Anderson - Mount Tabor,ANDERSON - MOUNT TABOR,47233532.399360,Anderson,007,Mount Tabor,ANDERSON - MOUNT TABOR,ANDERSON - MOUNT TABOR,46955805.937548,0.994120,1
007,Anderson,Mount Tabor,45007000046,Anderson - Mount Tabor,ANDERSON - MOUNT TABOR,47233532.399360,Anderson,007,Fork No. 1,ANDERSON - FORK NO. 1,ANDERSON - FORK NO. 1,132312.012419,0.002801,2
007,Anderson,Mount Tabor,45007000046,Anderson - Mount Tabor,ANDERSON - MOUNT TABOR,47233532.399360,Anderson,007,Townville,ANDERSON - TOWNVILLE,ANDERSON - TOWNVILLE,101662.559930,0.002152,3
007,Anderson,Pendleton,45007000053,Anderson - Pendleton,ANDERSON - PENDLETON,38630429.599390,Anderson,007,Pendleton,ANDERSON - PENDLETON,ANDERSON - PENDLETON,38596147.274019,0.999113,1
007,Anderson,Five Forks,45007000027,Anderson - Five Forks,ANDERSON - FIVE FORKS,39914477.595848,Anderson,007,Five Forks,ANDERSON - FIVE FORKS,ANDERSON - FIVE FORKS,39867080.602369,0.998813,1
007,Anderson,Five Forks,45007000027,Anderson - Five Forks,ANDERSON - FIVE FORKS,39914477.595848,Anderson,007,Edgewood Station B,ANDERSON - EDGEWOOD STATION B,ANDERSON - EDGEWOOD STATION B,35607.836224,0.000892,2
007,Anderson,Bishop's Branch,45007000013,Anderson - Bishop's Branch,ANDERSON - BISHOPS BRANCH,81992059.126725,Anderson,007,Bishop's Branch,ANDERSON - BISHOPS BRANCH,ANDERSON - BISHOPS BRANCH,81813357.079822,0.997820,1
007,Anderson,Bishop's Branch,45007000013,Anderson - Bishop's Branch,ANDERSON - BISHOPS BRANCH,81992059.126725,Anderson,007,Pendleton,ANDERSON - PENDLETON,ANDERSON - PENDLETON,51175.166795,0.000624,2
007,Anderson,Melton,45007000045,Anderson - Melton,ANDERSON - MELTON,28312738.334384,Anderson,007,Melton,ANDERSON - MELTON,ANDERSON - MELTON,28312492.414071,0.999991,1
007,Anderson,Jackson Mill,45007000042,Anderson - Jackson Mill,ANDERSON - JACKSON MILL,115482056.669503,Anderson,007,Jackson Mill,ANDERSON - JACKSON MILL,ANDERSON - JACKSON MILL,115474079.888921,0.999931,1
007,Anderson,La France,45007000043,Anderson - La France,ANDERSON - LA FRANCE,18251795.528167,Anderson,007,Lafrance,ANDERSON - LAFRANCE,ANDERSON - LAFRANCE,18251795.528163,1.000000,1
007,Anderson,Pelzer,45007000051,Anderson - Pelzer,ANDERSON - PELZER,3471718.007423,Anderson,007,Pelzer,ANDERSON - PELZER,ANDERSON - PELZER,3467490.153931,0.998782,1
007,Anderson,Chiquola Mill,45007000020,Anderson - Chiquola Mill,ANDERSON - CHIQUOLA MILL,4222358.740259,Anderson,007,Chiquola Mill,ANDERSON - CHIQUOLA MILL,ANDERSON - CHIQUOLA MILL,4213590.121535,0.997923,1
007,Anderson,Chiquola Mill,45007000020,Anderson - Chiquola Mill,ANDERSON - CHIQUOLA MILL,4222358.740259,Anderson,007,Friendship,ANDERSON - FRIENDSHIP,ANDERSON - FRIENDSHIP,8306.752891,0.001967,2
007,Anderson,Honea Path,45007000039,Anderson - Honea Path,ANDERSON - HONEA PATH,4524630.010716,Anderson,007,Honea Path,ANDERSON - HONEA PATH,ANDERSON - HONEA PATH,4517610.836230,0.998449,1
007,Anderson,Honea Path,45007000039,Anderson - Honea Path,ANDERSON - HONEA PATH,4524630.010716,Anderson,007,Barker's Creek-mcadams,ANDERSON - BARKERS CREEK-MCADAMS,ANDERSON - BARKERS CREEK-MCADAMS,5771.465104,0.001276,2
007,Anderson,Bowling Green,45007000015,Anderson - Bowling Green,ANDERSON - BOWLING GREEN,19076378.695109,Anderson,007,Bowling Green,ANDERSON - BOWLING GREEN,ANDERSON - BOWLING GREEN,19076371.253934,1.000000,1
007,Anderson,Starr,45007000063,Anderson - Starr,ANDERSON - STARR,53273966.915774,Anderson,007,Starr,ANDERSON - STARR,ANDERSON - STARR,53273774.905253,0.999996,1
007,Anderson,West Savannah,45007000069,Anderson - West Savannah,ANDERSON - WEST SAVANNAH,57595746.538677,Anderson,007,West Savannah,ANDERSON - WEST SAVANNAH,ANDERSON - WEST SAVANNAH,57594263.379115,0.999974,1
007,Anderson,Townville,45007000066,Anderson - Townville,ANDERSON - TOWNVILLE,26612459.696954,Anderson,007,Townville,ANDERSON - TOWNVILLE,ANDERSON - TOWNVILLE,26423399.293460,0.992896,1
007,Anderson,Townville,45007000066,Anderson - Townville,ANDERSON - TOWNVILLE,26612459.696954,Anderson,007,Mount Tabor,ANDERSON - MOUNT TABOR,ANDERSON - MOUNT TABOR,113134.826825,0.004251,2
007,Anderson,Denver-Sandy Springs,45007000024,Anderson - Denver-Sandy Springs,ANDERSON - DENVER-SANDY SPRINGS,28110029.994014,Anderson,007,Denver-sandy Springs,ANDERSON - DENVER-SANDY SPRINGS,ANDERSON - DENVER-SANDY SPRINGS,28087273.902466,0.999190,1
007,Anderson,Hopewell,45007000040,Anderson - Hopewell,ANDERSON - HOPEWELL,12291379.579630,Anderson,007,Hopewell,ANDERSON - HOPEWELL,ANDERSON - HOPEWELL,12291374.075068,1.000000,1
007,Anderson,Anderson 4/2,45007000081,Anderson - Anderson 4/2,ANDERSON - ANDERSON 42,10538767.006279,Anderson,007,Anderson 4/2,ANDERSON - ANDERSON 42,ANDERSON - ANDERSON 42,10533015.307671,0.999454,1
007,Anderson,Broadview,45007000012,Anderson - Broadview,ANDERSON - BROADVIEW,7536853.529667,Anderson,007,Broadview,ANDERSON - BROADVIEW,ANDERSON - BROADVIEW,7529014.745463,0.998960,1
007,Anderson,Broadview,45007000012,Anderson - Broadview,ANDERSON - BROADVIEW,7536853.529667,Anderson,007,Neal's Creek,ANDERSON - NEALS CREEK,ANDERSON - NEALS CREEK,7838.784203,0.001040,2
007,Anderson,Fork No. 1,45007000029,Anderson - Fork No. 1,ANDERSON - FORK NO. 1,40586319.498968,Anderson,007,Fork No. 1,ANDERSON - FORK NO. 1,ANDERSON - FORK NO. 1,40447061.416887,0.996569,1
007,Anderson,Fork No. 1,45007000029,Anderson - Fork No. 1,ANDERSON - FORK NO. 1,40586319.498968,Anderson,007,Mount Tabor,ANDERSON - MOUNT TABOR,ANDERSON - MOUNT TABOR,80687.204846,0.001988,2
007,Anderson,Fork No. 1,45007000029,Anderson - Fork No. 1,ANDERSON - FORK NO. 1,40586319.498968,Anderson,007,Green Pond Station A,ANDERSON - GREEN POND STATION A,ANDERSON - GREEN POND STATION A,48390.023516,0.001192,3
007,Anderson,Cox Creek,45007000093,Anderson - Cox Creek,ANDERSON - COX CREEK,1712310.734631,Anderson,007,Cox's Creek,ANDERSON - COXS CREEK,ANDERSON - COXS CREEK,1708808.148848,0.997954,1
007,Anderson,Cox Creek,45007000093,Anderson - Cox Creek,ANDERSON - COX CREEK,1712310.734631,Anderson,007,Anderson 2/1,ANDERSON - ANDERSON 21,ANDERSON - ANDERSON 21,2014.258387,0.001176,2
007,Anderson,Cox Creek,45007000093,Anderson - Cox Creek,ANDERSON - COX CREEK,1712310.734631,Anderson,007,Anderson 1/2,ANDERSON - ANDERSON 12,ANDERSON - ANDERSON 12,1481.454677,0.000865,3
007,Anderson,Anderson 3/1,45007000078,Anderson - Anderson 3/1,ANDERSON - ANDERSON 31,2425427.083764,Anderson,007,Anderson 3/1,ANDERSON - ANDERSON 31,ANDERSON - ANDERSON 31,2425417.793867,0.999996,1
007,Anderson,Broadway,45007000016,Anderson - Broadway,ANDERSON - BROADWAY,18591537.411829,Anderson,007,Broadway,ANDERSON - BROADWAY,ANDERSON - BROADWAY,18591273.581343,0.999986,1
007,Anderson,Craytonville,45007000023,Anderson - Craytonville,ANDERSON - CRAYTONVILLE,40928355.751373,Anderson,007,Craytonville,ANDERSON - CRAYTONVILLE,ANDERSON - CRAYTONVILLE,40928354.910437,1.000000,1
007,Anderson,Shirleys Store,45007000061,Anderson - Shirleys Store,ANDERSON - SHIRLEYS STORE,35979407.060183,Anderson,007,Shirley's Store,ANDERSON - SHIRLEYS STORE,ANDERSON - SHIRLEYS STORE,35944582.633471,0.999032,1
007,Anderson,Shirleys Store,45007000061,Anderson - Shirleys Store,ANDERSON - SHIRLEYS STORE,35979407.060183,Anderson,007,Hall,ANDERSON - HALL,ANDERSON - HALL,34824.426711,0.000968,2
007,Anderson,Rock Spring,45007000058,Anderson - Rock Spring,ANDERSON - ROCK SPRING,17541171.196600,Anderson,007,Rock Spring,ANDERSON - ROCK SPRING,ANDERSON - ROCK SPRING,17540932.842601,0.999986,1
007,Anderson,South Fant,45007000000,Anderson - South Fant,ANDERSON - SOUTH FANT,6025203.262695,Anderson,007,South Fant,ANDERSON - SOUTH FANT,ANDERSON - SOUTH FANT,6009350.390302,0.997369,1
007,Anderson,South Fant,45007000000,Anderson - South Fant,ANDERSON - SOUTH FANT,6025203.262695,Anderson,007,Anderson 4/1,ANDERSON - ANDERSON 41,ANDERSON - ANDERSON 41,15802.428834,0.002623,2
019,Charleston,Charleston 21,45019000221,Charleston - Charleston 21,CHARLESTON - CHARLESTON 21,5018617.368054,Charleston,019,Charleston 21,CHARLESTON - CHARLESTON 21,CHARLESTON - CHARLESTON 21,5017037.859775,0.999685,1
019,Charleston,Charleston 12,45019000212,Charleston - Charleston 12,CHARLESTON - CHARLESTON 12,2789649.737064,Charleston,019,Charleston 12,CHARLESTON - CHARLESTON 12,CHARLESTON - CHARLESTON 12,2789648.308785,0.999999,1
019,Charleston,North Charleston 1,45019000601,Charleston - North Charleston 1,CHARLESTON - NORTH CHARLESTON 1,2471139.089432,Charleston,019,North Charleston 1,CHARLESTON - NORTH CHARLESTON 1,CHARLESTON - NORTH CHARLESTON 1,2463398.478981,0.996868,1
019,Charleston,North Charleston 1,45019000601,Charleston - North Charleston 1,CHARLESTON - NORTH CHARLESTON 1,2471139.089432,Charleston,019,Charleston 15,CHARLESTON - CHARLESTON 15,CHARLESTON - CHARLESTON 15,7734.733119,0.003130,2
019,Charleston,Charleston 20,45019000220,Charleston - Charleston 20,CHARLESTON - CHARLESTON 20,1140537.648645,Charleston,019,Charleston 20,CHARLESTON - CHARLESTON 20,CHARLESTON - CHARLESTON 20,1140254.367004,0.999752,1
019,Charleston,Charleston 19,45019000219,Charleston - Charleston 19,CHARLESTON - CHARLESTON 19,289875.199103,Charleston,019,Charleston 19,CHARLESTON - CHARLESTON 19,CHARLESTON - CHARLESTON 19,289314.977772,0.998067,1
019,Charleston,Charleston 19,45019000219,Charleston - Charleston 19,CHARLESTON - CHARLESTON 19,289875.199103,Charleston,019,Charleston 18,CHARLESTON - CHARLESTON 18,CHARLESTON - CHARLESTON 18,560.221330,0.001933,2
019,Charleston,Charleston 18,45019000218,Charleston - Charleston 18,CHARLESTON - CHARLESTON 18,942764.949546,Charleston,019,Charleston 18,CHARLESTON - CHARLESTON 18,CHARLESTON - CHARLESTON 18,942763.731357,0.999999,1
019,Charleston,Charleston 17,45019000217,Charleston - Charleston 17,CHARLESTON - CHARLESTON 17,673074.036175,Charleston,019,Charleston 17,CHARLESTON - CHARLESTON 17,CHARLESTON - CHARLESTON 17,673073.257148,0.999999,1
019,Charleston,Charleston 16,45019000216,Charleston - Charleston 16,CHARLESTON - CHARLESTON 16,356241.877147,Charleston,019,Charleston 16,CHARLESTON - CHARLESTON 16,CHARLESTON - CHARLESTON 16,356241.799244,1.000000,1
019,Charleston,Charleston 13,45019000213,Charleston - Charleston 13,CHARLESTON - CHARLESTON 13,300126.520980,Charleston,019,Charleston 13,CHARLESTON - CHARLESTON 13,CHARLESTON - CHARLESTON 13,300126.520979,1.000000,1
019,Charleston,Charleston 11,45019000211,Charleston - Charleston 11,CHARLESTON - CHARLESTON 11,1182378.764082,Charleston,019,Charleston 11,CHARLESTON - CHARLESTON 11,CHARLESTON - CHARLESTON 11,1182364.016030,0.999988,1
019,Charleston,Charleston 5,45019000205,Charleston - Charleston 5,CHARLESTON - CHARLESTON 5,878671.870971,Charleston,019,Charleston 5,CHARLESTON - CHARLESTON 5,CHARLESTON - CHARLESTON 5,878670.978413,0.999999,1
019,Charleston,Charleston 15,45019000215,Charleston - Charleston 15,CHARLESTON - CHARLESTON 15,13970328.058566,Charleston,019,Charleston 15,CHARLESTON - CHARLESTON 15,CHARLESTON - CHARLESTON 15,13970300.700012,0.999998,1
019,Charleston,Charleston 14,45019000214,Charleston - Charleston 14,CHARLESTON - CHARLESTON 14,370563.895357,Charleston,019,Charleston 14,CHARLESTON - CHARLESTON 14,CHARLESTON - CHARLESTON 14,370563.890812,1.000000,1
019,Charleston,Charleston 9,45019000209,Charleston - Charleston 9,CHARLESTON - CHARLESTON 9,567684.359566,Charleston,019,Charleston 9,CHARLESTON - CHARLESTON 9,CHARLESTON - CHARLESTON 9,567683.980401,0.999999,1
019,Charleston,Charleston 8,45019000208,Charleston - Charleston 8,CHARLESTON - CHARLESTON 8,2343119.649822,Charleston,019,Charleston 8,CHARLESTON - CHARLESTON 8,CHARLESTON - CHARLESTON 8,2340349.556375,0.998818,1
019,Charleston,Charleston 8,45019000208,Charleston - Charleston 8,CHARLESTON - CHARLESTON 8,2343119.649822,Charleston,019,Charleston 7,CHARLESTON - CHARLESTON 7,CHARLESTON - CHARLESTON 7,2766.390496,0.001181,2
019,Charleston,Charleston 1,45019000201,Charleston - Charleston 1,CHARLESTON - CHARLESTON 1,2674014.271952,Charleston,019,Charleston 1,CHARLESTON - CHARLESTON 1,CHARLESTON - CHARLESTON 1,2674014.271951,1.000000,1
019,Charleston,Charleston 10,45019000210,Charleston - Charleston 10,CHARLESTON - CHARLESTON 10,262149.304401,Charleston,019,Charleston 10,CHARLESTON - CHARLESTON 10,CHARLESTON - CHARLESTON 10,262145.150790,0.999984,1
019,Charleston,Charleston 7,45019000207,Charleston - Charleston 7,CHARLESTON - CHARLESTON 7,1080772.446884,Charleston,019,Charleston 7,CHARLESTON - CHARLESTON 7,CHARLESTON - CHARLESTON 7,1080492.606075,0.999741,1
019,Charleston,Charleston 6,45019000206,Charleston - Charleston 6,CHARLESTON - CHARLESTON 6,1634793.866809,Charleston,019,Charleston 6,CHARLESTON - CHARLESTON 6,CHARLESTON - CHARLESTON 6,1634793.866808,1.000000,1
019,Charleston,Charleston 4,45019000204,Charleston - Charleston 4,CHARLESTON - CHARLESTON 4,331762.280365,Charleston,019,Charleston 4,CHARLESTON - CHARLESTON 4,CHARLESTON - CHARLESTON 4,331516.082448,0.999258,1
019,Charleston,Charleston 4,45019000204,Charleston - Charleston 4,CHARLESTON - CHARLESTON 4,331762.280365,Charleston,019,Charleston 3,CHARLESTON - CHARLESTON 3,CHARLESTON - CHARLESTON 3,246.197917,0.000742,2
019,Charleston,Charleston 3,45019000203,Charleston - Charleston 3,CHARLESTON - CHARLESTON 3,294292.748553,Charleston,019,Charleston 3,CHARLESTON - CHARLESTON 3,CHARLESTON - CHARLESTON 3,294292.443791,0.999999,1
019,Charleston,Charleston 2,45019000202,Charleston - Charleston 2,CHARLESTON - CHARLESTON 2,1210690.686380,Charleston,019,Charleston 2,CHARLESTON - CHARLESTON 2,CHARLESTON - CHARLESTON 2,1210690.686379,1.000000,1
019,Charleston,Edisto Island,45019000173,Charleston - Edisto Island,CHARLESTON - EDISTO ISLAND,239429971.543142,Charleston,019,Edisto Island,CHARLESTON - EDISTO ISLAND,CHARLESTON - EDISTO ISLAND,239429894.944464,1.000000,1
019,Charleston,Town of Seabrook,45019000181,Charleston - Town of Seabrook,CHARLESTON - TOWN OF SEABROOK,55326256.864627,Charleston,019,Seabrook,CHARLESTON - SEABROOK,CHARLESTON - SEABROOK,55321113.061639,0.999907,1
019,Charleston,James Island 17,45019000417,Charleston - James Island 17,CHARLESTON - JAMES ISLAND 17,7678971.795860,Charleston,019,James Island 17,CHARLESTON - JAMES ISLAND 17,CHARLESTON - JAMES ISLAND 17,7676999.624854,0.999743,1
019,Charleston,James Island 1A,45019000400,Charleston - James Island 1A,CHARLESTON - JAMES ISLAND 1A,10783370.725756,Charleston,019,James Island 1a,CHARLESTON - JAMES ISLAND 1A,CHARLESTON - JAMES ISLAND 1A,10779558.590019,0.999646,1
019,Charleston,James Island 1B,45019000401,Charleston - James Island 1B,CHARLESTON - JAMES ISLAND 1B,32109212.185991,Charleston,019,James Island 1b,CHARLESTON - JAMES ISLAND 1B,CHARLESTON - JAMES ISLAND 1B,32107423.195592,0.999944,1
019,Charleston,James Island 14,45019000414,Charleston - James Island 14,CHARLESTON - JAMES ISLAND 14,1159200.669513,Charleston,019,James Island 14,CHARLESTON - JAMES ISLAND 14,CHARLESTON - JAMES ISLAND 14,1157880.641285,0.998861,1
019,Charleston,James Island 14,45019000414,Charleston - James Island 14,CHARLESTON - JAMES ISLAND 14,1159200.669513,Charleston,019,James Island 10,CHARLESTON - JAMES ISLAND 10,CHARLESTON - JAMES ISLAND 10,1310.914744,0.001131,2
019,Charleston,Johns Island 3B,45019000444,Charleston - Johns Island 3B,CHARLESTON - JOHNS ISLAND 3B,49051142.920260,Charleston,019,Johns Island 3b,CHARLESTON - JOHNS ISLAND 3B,CHARLESTON - JOHNS ISLAND 3B,48879160.597722,0.996494,1
019,Charleston,Johns Island 3B,45019000444,Charleston - Johns Island 3B,CHARLESTON - JOHNS ISLAND 3B,49051142.920260,Charleston,019,Seabrook,CHARLESTON - SEABROOK,CHARLESTON - SEABROOK,166494.081663,0.003394,2
019,Charleston,St. Pauls 1,45019000460,Charleston - St. Pauls 1,CHARLESTON - ST. PAULS 1,115342388.935771,Charleston,019,St. Pauls 1,CHARLESTON - ST. PAULS 1,CHARLESTON - ST. PAULS 1,115203116.742474,0.998793,1
019,Charleston,St. Pauls 1,45019000460,Charleston - St. Pauls 1,CHARLESTON - ST. PAULS 1,115342388.935771,Charleston,019,St. Pauls 2a,CHARLESTON - ST. PAULS 2A,CHARLESTON - ST. PAULS 2A,100166.893888,0.000868,2
019,Charleston,St. Pauls 2B,45019000462,Charleston - St. Pauls 2B,CHARLESTON - ST. PAULS 2B,53426471.835371,Charleston,019,St. Pauls 2b,CHARLESTON - ST. PAULS 2B,CHARLESTON - ST. PAULS 2B,53348686.153531,0.998544,1
019,Charleston,St. Pauls 2B,45019000462,Charleston - St. Pauls 2B,CHARLESTON - ST. PAULS 2B,53426471.835371,Charleston,019,St. Pauls 1,CHARLESTON - ST. PAULS 1,CHARLESTON - ST. PAULS 1,58411.434231,0.001093,2
019,Charleston,James Island 13,45019000413,Charleston - James Island 13,CHARLESTON - JAMES ISLAND 13,3803897.443377,Charleston,019,James Island 13,CHARLESTON - JAMES ISLAND 13,CHARLESTON - JAMES ISLAND 13,3801331.581833,0.999325,1
019,Charleston,James Island 13,45019000413,Charleston - James Island 13,CHARLESTON - JAMES ISLAND 13,3803897.443377,Charleston,019,James Island 12,CHARLESTON - JAMES ISLAND 12,CHARLESTON - JAMES ISLAND 12,2560.135799,0.000673,2
019,Charleston,James Island 11,45019000411,Charleston - James Island 11,CHARLESTON - JAMES ISLAND 11,2169644.321890,Charleston,019,James Island 11,CHARLESTON - JAMES ISLAND 11,CHARLESTON - JAMES ISLAND 11,2169633.666639,0.999995,1
019,Charleston,James Island 12,45019000412,Charleston - James Island 12,CHARLESTON - JAMES ISLAND 12,4772748.698563,Charleston,019,James Island 12,CHARLESTON - JAMES ISLAND 12,CHARLESTON - JAMES ISLAND 12,4772415.029991,0.999930,1
019,Charleston,St. Pauls 3,45019000463,Charleston - St. Pauls 3,CHARLESTON - ST. PAULS 3,60168148.634907,Charleston,019,St. Pauls 3,CHARLESTON - ST. PAULS 3,CHARLESTON - ST. PAULS 3,60139486.023880,0.999524,1
019,Charleston,Johns Island 1A,45019000440,Charleston - Johns Island 1A,CHARLESTON - JOHNS ISLAND 1A,35699123.665759,Charleston,019,Johns Island 1a,CHARLESTON - JOHNS ISLAND 1A,CHARLESTON - JOHNS ISLAND 1A,35689059.915390,0.999718,1
019,Charleston,James Island 19,45019000419,Charleston - James Island 19,CHARLESTON - JAMES ISLAND 19,1485945.510420,Charleston,019,James Island 19,CHARLESTON - JAMES ISLAND 19,CHARLESTON - JAMES ISLAND 19,1485938.544847,0.999995,1
019,Charleston,James Island 20,45019000420,Charleston - James Island 20,CHARLESTON - JAMES ISLAND 20,5560705.313221,Charleston,019,James Island 20,CHARLESTON - JAMES ISLAND 20,CHARLESTON - JAMES ISLAND 20,5560557.965854,0.999974,1
019,Charleston,James Island 8A,45019000407,Charleston - James Island 8A,CHARLESTON - JAMES ISLAND 8A,6002087.501976,Charleston,019,James Island 8a,CHARLESTON - JAMES ISLAND 8A,CHARLESTON - JAMES ISLAND 8A,6002021.289420,0.999989,1
019,Charleston,St. Pauls 5,45019000465,Charleston - St. Pauls 5,CHARLESTON - ST. PAULS 5,22068183.977722,Charleston,019,St. Pauls 5,CHARLESTON - ST. PAULS 5,CHARLESTON - ST. PAULS 5,21367642.113395,0.968256,1
019,Charleston,St. Pauls 5,45019000465,Charleston - St. Pauls 5,CHARLESTON - ST. PAULS 5,22068183.977722,Charleston,019,St. Pauls 4,CHARLESTON - ST. PAULS 4,CHARLESTON - ST. PAULS 4,700249.033995,0.031731,2
019,Charleston,Awendaw,45019000004,Charleston - Awendaw,CHARLESTON - AWENDAW,322530745.952113,Charleston,019,Awendaw,CHARLESTON - AWENDAW,CHARLESTON - AWENDAW,322520897.208892,0.999969,1
019,Charleston,Christ Church,45019000008,Charleston - Christ Church,CHARLESTON - CHRIST CHURCH,253678979.110495,Charleston,019,Christ Church,CHARLESTON - CHRIST CHURCH,CHARLESTON - CHRIST CHURCH,253678845.495340,0.999999,1
019,Charleston,North Charleston 7,45019000607,Charleston - North Charleston 7,CHARLESTON - NORTH CHARLESTON 7,2811096.907363,Charleston,019,North Charleston 7,CHARLESTON - NORTH CHARLESTON 7,CHARLESTON - NORTH CHARLESTON 7,2811093.289325,0.999999,1
019,Charleston,Wadmalaw Island 2,45019000175,Charleston - Wadmalaw Island 2,CHARLESTON - WADMALAW ISLAND 2,61759708.084944,Charleston,019,Wadmalaw Island 2,CHARLESTON - WADMALAW ISLAND 2,CHARLESTON - WADMALAW ISLAND 2,61759700.115867,1.000000,1
019,Charleston,Deer Park 3,45019000107,Charleston - Deer Park 3,CHARLESTON - DEER PARK 3,6262427.792906,Charleston,019,Deer Park 3,CHARLESTON - DEER PARK 3,CHARLESTON - DEER PARK 3,6262376.662113,0.999992,1
019,Charleston,St. Andrews 37,45019000537,Charleston - St. Andrews 37,CHARLESTON - ST. ANDREWS 37,47923446.629552,Charleston,019,St. Andrews 37,CHARLESTON - ST. ANDREWS 37,CHARLESTON - ST. ANDREWS 37,46924926.100935,0.979164,1
019,Charleston,St. Andrews 1,45019000501,Charleston - St. Andrews 1,CHARLESTON - ST. ANDREWS 1,2435640.077187,Charleston,019,St. Andrews 1,CHARLESTON - ST. ANDREWS 1,CHARLESTON - ST. ANDREWS 1,2435597.681538,0.999983,1
019,Charleston,St. Andrews 4,45019000504,Charleston - St. Andrews 4,CHARLESTON - ST. ANDREWS 4,3235886.479421,Charleston,019,St. Andrews 4,CHARLESTON - ST. ANDREWS 4,CHARLESTON - ST. ANDREWS 4,3233346.901680,0.999215,1
019,Charleston,St. Andrews 4,45019000504,Charleston - St. Andrews 4,CHARLESTON - ST. ANDREWS 4,3235886.479421,Charleston,019,St. Andrews 5,CHARLESTON - ST. ANDREWS 5,CHARLESTON - ST. ANDREWS 5,2536.474481,0.000784,2
019,Charleston,St. Andrews 35,45019000535,Charleston - St. Andrews 35,CHARLESTON - ST. ANDREWS 35,2685802.116635,Charleston,019,St. Andrews 35,CHARLESTON - ST. ANDREWS 35,CHARLESTON - ST. ANDREWS 35,2627902.902021,0.978442,1
019,Charleston,St. Andrews 35,45019000535,Charleston - St. Andrews 35,CHARLESTON - ST. ANDREWS 35,2685802.116635,Charleston,019,St. Andrews 34,CHARLESTON - ST. ANDREWS 34,CHARLESTON - ST. ANDREWS 34,19686.786975,0.007330,2
019,Charleston,St. Andrews 35,45019000535,Charleston - St. Andrews 35,CHARLESTON - ST. ANDREWS 35,2685802.116635,Charleston,019,St. Andrews 36,CHARLESTON - ST. ANDREWS 36,CHARLESTON - ST. ANDREWS 36,18835.079018,0.007013,3
019,Charleston,St. Andrews 35,45019000535,Charleston - St. Andrews 35,CHARLESTON - ST. ANDREWS 35,2685802.116635,Charleston,019,St. Andrews 37,CHARLESTON - ST. ANDREWS 37,CHARLESTON - ST. ANDREWS 37,14432.954303,0.005374,4
019,Charleston,St. Andrews 35,45019000535,Charleston - St. Andrews 35,CHARLESTON - ST. ANDREWS 35,2685802.116635,Charleston,019,St. Andrews 33,CHARLESTON - ST. ANDREWS 33,CHARLESTON - ST. ANDREWS 33,4944.133671,0.001841,5
019,Charleston,St. Andrews 3,45019000503,Charleston - St. Andrews 3,CHARLESTON - ST. ANDREWS 3,2088718.678262,Charleston,019,St. Andrews 3,CHARLESTON - ST. ANDREWS 3,CHARLESTON - ST. ANDREWS 3,2077207.454941,0.994489,1
019,Charleston,St. Andrews 3,45019000503,Charleston - St. Andrews 3,CHARLESTON - ST. ANDREWS 3,2088718.678262,Charleston,019,St. Andrews 11,CHARLESTON - ST. ANDREWS 11,CHARLESTON - ST. ANDREWS 11,11487.567908,0.005500,2
019,Charleston,St. Andrews 32,45019000532,Charleston - St. Andrews 32,CHARLESTON - ST. ANDREWS 32,1514439.261360,Charleston,019,St. Andrews 32,CHARLESTON - ST. ANDREWS 32,CHARLESTON - ST. ANDREWS 32,1514436.513106,0.999998,1
019,Charleston,St. Andrews 7,45019000507,Charleston - St. Andrews 7,CHARLESTON - ST. ANDREWS 7,3286204.002200,Charleston,019,St. Andrews 7,CHARLESTON - ST. ANDREWS 7,CHARLESTON - ST. ANDREWS 7,3286046.506105,0.999952,1
019,Charleston,St. Andrews 23,45019000523,Charleston - St. Andrews 23,CHARLESTON - ST. ANDREWS 23,1081836.546687,Charleston,019,St. Andrews 23,CHARLESTON - ST. ANDREWS 23,CHARLESTON - ST. ANDREWS 23,1080602.308820,0.998859,1
019,Charleston,St. Andrews 23,45019000523,Charleston - St. Andrews 23,CHARLESTON - ST. ANDREWS 23,1081836.546687,Charleston,019,St. Andrews 22,CHARLESTON - ST. ANDREWS 22,CHARLESTON - ST. ANDREWS 22,1233.509937,0.001140,2
019,Charleston,St. Andrews 24,45019000524,Charleston - St. Andrews 24,CHARLESTON - ST. ANDREWS 24,807489.360579,Charleston,019,St. Andrews 24,CHARLESTON - ST. ANDREWS 24,CHARLESTON - ST. ANDREWS 24,807482.438575,0.999991,1
019,Charleston,North Charleston 29,45019000629,Charleston - North Charleston 29,CHARLESTON - NORTH CHARLESTON 29,1622569.249170,Charleston,019,North Charleston 29,CHARLESTON - NORTH CHARLESTON 29,CHARLESTON - NORTH CHARLESTON 29,1600172.534044,0.986197,1
019,Charleston,North Charleston 29,45019000629,Charleston - North Charleston 29,CHARLESTON - NORTH CHARLESTON 29,1622569.249170,Charleston,019,North Charleston 26,CHARLESTON - NORTH CHARLESTON 26,CHARLESTON - NORTH CHARLESTON 26,16127.513856,0.009939,2
019,Charleston,North Charleston 29,45019000629,Charleston - North Charleston 29,CHARLESTON - NORTH CHARLESTON 29,1622569.249170,Charleston,019,North Charleston 24,CHARLESTON - NORTH CHARLESTON 24,CHARLESTON - NORTH CHARLESTON 24,4565.204101,0.002814,3
019,Charleston,North Charleston 29,45019000629,Charleston - North Charleston 29,CHARLESTON - NORTH CHARLESTON 29,1622569.249170,Charleston,019,North Charleston 28,CHARLESTON - NORTH CHARLESTON 28,CHARLESTON - NORTH CHARLESTON 28,1702.232133,0.001049,4
019,Charleston,North Charleston 18,45019000618,Charleston - North Charleston 18,CHARLESTON - NORTH CHARLESTON 18,11141820.976767,Charleston,019,North Charleston 18,CHARLESTON - NORTH CHARLESTON 18,CHARLESTON - NORTH CHARLESTON 18,10896307.958842,0.977965,1
019,Charleston,North Charleston 18,45019000618,Charleston - North Charleston 18,CHARLESTON - NORTH CHARLESTON 18,11141820.976767,Charleston,019,North Charleston 24,CHARLESTON - NORTH CHARLESTON 24,CHARLESTON - NORTH CHARLESTON 24,240231.410549,0.021561,2
019,Charleston,North Charleston 26,45019000626,Charleston - North Charleston 26,CHARLESTON - NORTH CHARLESTON 26,2215793.797148,Charleston,019,North Charleston 26,CHARLESTON - NORTH CHARLESTON 26,CHARLESTON - NORTH CHARLESTON 26,2205204.091333,0.995221,1
019,Charleston,North Charleston 26,45019000626,Charleston - North Charleston 26,CHARLESTON - NORTH CHARLESTON 26,2215793.797148,Charleston,019,North Charleston 24,CHARLESTON - NORTH CHARLESTON 24,CHARLESTON - NORTH CHARLESTON 24,9906.586272,0.004471,2
019,Charleston,North Charleston 22,45019000622,Charleston - North Charleston 22,CHARLESTON - NORTH CHARLESTON 22,1885275.482288,Charleston,019,North Charleston 22,CHARLESTON - NORTH CHARLESTON 22,CHARLESTON - NORTH CHARLESTON 22,1883081.342287,0.998836,1
019,Charleston,North Charleston 22,45019000622,Charleston - North Charleston 22,CHARLESTON - NORTH CHARLESTON 22,1885275.482288,Charleston,019,North Charleston 21,CHARLESTON - NORTH CHARLESTON 21,CHARLESTON - NORTH CHARLESTON 21,2190.445527,0.001162,2
019,Charleston,St. Andrews 12,45019000512,Charleston - St. Andrews 12,CHARLESTON - ST. ANDREWS 12,5847625.966901,Charleston,019,St. Andrews 12,CHARLESTON - ST. ANDREWS 12,CHARLESTON - ST. ANDREWS 12,5843638.726455,0.999318,1
019,Charleston,St. Andrews 12,45019000512,Charleston - St. Andrews 12,CHARLESTON - ST. ANDREWS 12,5847625.966901,Charleston,019,St. Andrews 11,CHARLESTON - ST. ANDREWS 11,CHARLESTON - ST. ANDREWS 11,3986.086063,0.000682,2
019,Charleston,St. Andrews 10,45019000510,Charleston - St. Andrews 10,CHARLESTON - ST. ANDREWS 10,922810.260017,Charleston,019,St. Andrews 10,CHARLESTON - ST. ANDREWS 10,CHARLESTON - ST. ANDREWS 10,916935.710007,0.993634,1
019,Charleston,St. Andrews 10,45019000510,Charleston - St. Andrews 10,CHARLESTON - ST. ANDREWS 10,922810.260017,Charleston,019,St. Andrews 14,CHARLESTON - ST. ANDREWS 14,CHARLESTON - ST. ANDREWS 14,5870.980750,0.006362,2
019,Charleston,St. Andrews 19,45019000519,Charleston - St. Andrews 19,CHARLESTON - ST. ANDREWS 19,298384.320321,Charleston,019,St. Andrews 19,CHARLESTON - ST. ANDREWS 19,CHARLESTON - ST. ANDREWS 19,295409.582302,0.990031,1
019,Charleston,St. Andrews 19,45019000519,Charleston - St. Andrews 19,CHARLESTON - ST. ANDREWS 19,298384.320321,Charleston,019,St. Andrews 20,CHARLESTON - ST. ANDREWS 20,CHARLESTON - ST. ANDREWS 20,2974.568276,0.009969,2
019,Charleston,St. Andrews 11,45019000511,Charleston - St. Andrews 11,CHARLESTON - ST. ANDREWS 11,3208832.344072,Charleston,019,St. Andrews 11,CHARLESTON - ST. ANDREWS 11,CHARLESTON - ST. ANDREWS 11,3207497.037675,0.999584,1
019,Charleston,North Charleston 12,45019000612,Charleston - North Charleston 12,CHARLESTON - NORTH CHARLESTON 12,851888.960318,Charleston,019,North Charleston 12,CHARLESTON - NORTH CHARLESTON 12,CHARLESTON - NORTH CHARLESTON 12,851623.624406,0.999689,1
019,Charleston,North Charleston 17,45019000617,Charleston - North Charleston 17,CHARLESTON - NORTH CHARLESTON 17,3299742.208742,Charleston,019,North Charleston 17,CHARLESTON - NORTH CHARLESTON 17,CHARLESTON - NORTH CHARLESTON 17,3297767.624524,0.999402,1
019,Charleston,North Charleston 17,45019000617,Charleston - North Charleston 17,CHARLESTON - NORTH CHARLESTON 17,3299742.208742,Charleston,019,North Charleston 25,CHARLESTON - NORTH CHARLESTON 25,CHARLESTON - NORTH CHARLESTON 25,1970.176939,0.000597,2
019,Charleston,Mt. Pleasant 38,45019000338,Charleston - Mt. Pleasant 38,CHARLESTON - MT. PLEASANT 38,3703581.616922,Charleston,019,Mt. Pleasant 38,CHARLESTON - MT. PLEASANT 38,CHARLESTON - MT. PLEASANT 38,3680348.510205,0.993727,1
019,Charleston,Mt. Pleasant 38,45019000338,Charleston - Mt. Pleasant 38,CHARLESTON - MT. PLEASANT 38,3703581.616922,Charleston,019,Mt. Pleasant 37,CHARLESTON - MT. PLEASANT 37,CHARLESTON - MT. PLEASANT 37,23231.006838,0.006273,2
019,Charleston,North Charleston 16,45019000616,Charleston - North Charleston 16,CHARLESTON - NORTH CHARLESTON 16,1589636.482124,Charleston,019,North Charleston 16,CHARLESTON - NORTH CHARLESTON 16,CHARLESTON - NORTH CHARLESTON 16,1588348.146599,0.999190,1
019,Charleston,North Charleston 16,45019000616,Charleston - North Charleston 16,CHARLESTON - NORTH CHARLESTON 16,1589636.482124,Charleston,019,North Charleston 17,CHARLESTON - NORTH CHARLESTON 17,CHARLESTON - NORTH CHARLESTON 17,1286.092505,0.000809,2
019,Charleston,Mt. Pleasant 28,45019000328,Charleston - Mt. Pleasant 28,CHARLESTON - MT. PLEASANT 28,6462525.488737,Charleston,019,Mt. Pleasant 28,CHARLESTON - MT. PLEASANT 28,CHARLESTON - MT. PLEASANT 28,6435753.149887,0.995857,1
019,Charleston,Mt. Pleasant 28,45019000328,Charleston - Mt. Pleasant 28,CHARLESTON - MT. PLEASANT 28,6462525.488737,Charleston,019,Mt. Pleasant 26,CHARLESTON - MT. PLEASANT 26,CHARLESTON - MT. PLEASANT 26,26768.597221,0.004142,2
019,Charleston,Mt. Pleasant 17,45019000317,Charleston - Mt. Pleasant 17,CHARLESTON - MT. PLEASANT 17,9872031.377036,Charleston,019,Mt. Pleasant 17,CHARLESTON - MT. PLEASANT 17,CHARLESTON - MT. PLEASANT 17,9868086.809090,0.999600,1
019,Charleston,Isle of Palms 1C,45019000012,Charleston - Isle of Palms 1C,CHARLESTON - ISLE OF PALMS 1C,86167710.634523,Charleston,019,Isle Of Palms 1c,CHARLESTON - ISLE OF PALMS 1C,CHARLESTON - ISLE OF PALMS 1C,86165904.615968,0.999979,1
019,Charleston,Mt. Pleasant 18,45019000318,Charleston - Mt. Pleasant 18,CHARLESTON - MT. PLEASANT 18,1522255.145017,Charleston,019,Mt. Pleasant 18,CHARLESTON - MT. PLEASANT 18,CHARLESTON - MT. PLEASANT 18,1522252.315141,0.999998,1
019,Charleston,Mt. Pleasant 3,45019000303,Charleston - Mt. Pleasant 3,CHARLESTON - MT. PLEASANT 3,4482696.537885,Charleston,019,Mt. Pleasant 3,CHARLESTON - MT. PLEASANT 3,CHARLESTON - MT. PLEASANT 3,4475954.446243,0.998496,1
019,Charleston,Mt. Pleasant 3,45019000303,Charleston - Mt. Pleasant 3,CHARLESTON - MT. PLEASANT 3,4482696.537885,Charleston,019,Mt. Pleasant 2,CHARLESTON - MT. PLEASANT 2,CHARLESTON - MT. PLEASANT 2,6738.822482,0.001503,2
019,Charleston,Mt. Pleasant 27,45019000327,Charleston - Mt. Pleasant 27,CHARLESTON - MT. PLEASANT 27,7977364.358663,Charleston,019,Mt. Pleasant 27,CHARLESTON - MT. PLEASANT 27,CHARLESTON - MT. PLEASANT 27,7950677.467121,0.996655,1
019,Charleston,Mt. Pleasant 27,45019000327,Charleston - Mt. Pleasant 27,CHARLESTON - MT. PLEASANT 27,7977364.358663,Charleston,019,Mt. Pleasant 26,CHARLESTON - MT. PLEASANT 26,CHARLESTON - MT. PLEASANT 26,26679.465123,0.003344,2
019,Charleston,Mt. Pleasant 16,45019000316,Charleston - Mt. Pleasant 16,CHARLESTON - MT. PLEASANT 16,1973924.486356,Charleston,019,Mt. Pleasant 16,CHARLESTON - MT. PLEASANT 16,CHARLESTON - MT. PLEASANT 16,1973914.308556,0.999995,1
019,Charleston,St. Andrews 2,45019000502,Charleston - St. Andrews 2,CHARLESTON - ST. ANDREWS 2,781646.077953,Charleston,019,St. Andrews 2,CHARLESTON - ST. ANDREWS 2,CHARLESTON - ST. ANDREWS 2,781635.476830,0.999986,1
019,Charleston,Mt. Pleasant 14,45019000314,Charleston - Mt. Pleasant 14,CHARLESTON - MT. PLEASANT 14,1385341.129085,Charleston,019,Mt. Pleasant 14,CHARLESTON - MT. PLEASANT 14,CHARLESTON - MT. PLEASANT 14,1379085.620497,0.995484,1
019,Charleston,Mt. Pleasant 14,45019000314,Charleston - Mt. Pleasant 14,CHARLESTON - MT. PLEASANT 14,1385341.129085,Charleston,019,Mt. Pleasant 5,CHARLESTON - MT. PLEASANT 5,CHARLESTON - MT. PLEASANT 5,5312.259805,0.003835,2
019,Charleston,Mt. Pleasant 14,45019000314,Charleston - Mt. Pleasant 14,CHARLESTON - MT. PLEASANT 14,1385341.129085,Charleston,019,Mt. Pleasant 13,CHARLESTON - MT. PLEASANT 13,CHARLESTON - MT. PLEASANT 13,1124.003953,0.000811,3
019,Charleston,Mt. Pleasant 6,45019000306,Charleston - Mt. Pleasant 6,CHARLESTON - MT. PLEASANT 6,2554104.972949,Charleston,019,Mt. Pleasant 6,CHARLESTON - MT. PLEASANT 6,CHARLESTON - MT. PLEASANT 6,2509574.879375,0.982565,1
019,Charleston,Mt. Pleasant 6,45019000306,Charleston - Mt. Pleasant 6,CHARLESTON - MT. PLEASANT 6,2554104.972949,Charleston,019,Mt. Pleasant 5,CHARLESTON - MT. PLEASANT 5,CHARLESTON - MT. PLEASANT 5,27111.039358,0.010615,2
019,Charleston,Mt. Pleasant 6,45019000306,Charleston - Mt. Pleasant 6,CHARLESTON - MT. PLEASANT 6,2554104.972949,Charleston,019,Mt. Pleasant 4,CHARLESTON - MT. PLEASANT 4,CHARLESTON - MT. PLEASANT 4,17370.260403,0.006801,3
019,Charleston,Mt. Pleasant 1,45019000301,Charleston - Mt. Pleasant 1,CHARLESTON - MT. PLEASANT 1,15134577.233679,Charleston,019,Mt. Pleasant 1,CHARLESTON - MT. PLEASANT 1,CHARLESTON - MT. PLEASANT 1,15091405.238682,0.997147,1
019,Charleston,Mt. Pleasant 1,45019000301,Charleston - Mt. Pleasant 1,CHARLESTON - MT. PLEASANT 1,15134577.233679,Charleston,019,Mt. Pleasant 9,CHARLESTON - MT. PLEASANT 9,CHARLESTON - MT. PLEASANT 9,43171.745658,0.002853,2
019,Charleston,Mt. Pleasant 7,45019000307,Charleston - Mt. Pleasant 7,CHARLESTON - MT. PLEASANT 7,841562.712497,Charleston,019,Mt. Pleasant 7,CHARLESTON - MT. PLEASANT 7,CHARLESTON - MT. PLEASANT 7,841560.001131,0.999997,1
019,Charleston,Mt. Pleasant 39,45019000339,Charleston - Mt. Pleasant 39,CHARLESTON - MT. PLEASANT 39,15081074.565769,Charleston,019,Mt. Pleasant 39,CHARLESTON - MT. PLEASANT 39,CHARLESTON - MT. PLEASANT 39,15058796.820846,0.998523,1
019,Charleston,Mt. Pleasant 39,45019000339,Charleston - Mt. Pleasant 39,CHARLESTON - MT. PLEASANT 39,15081074.565769,Charleston,019,Mt. Pleasant 35,CHARLESTON - MT. PLEASANT 35,CHARLESTON - MT. PLEASANT 35,22199.757049,0.001472,2
019,Charleston,Mt. Pleasant 13,45019000313,Charleston - Mt. Pleasant 13,CHARLESTON - MT. PLEASANT 13,2237896.088160,Charleston,019,Mt. Pleasant 13,CHARLESTON - MT. PLEASANT 13,CHARLESTON - MT. PLEASANT 13,2228796.672172,0.995934,1
019,Charleston,Mt. Pleasant 13,45019000313,Charleston - Mt. Pleasant 13,CHARLESTON - MT. PLEASANT 13,2237896.088160,Charleston,019,Mt. Pleasant 14,CHARLESTON - MT. PLEASANT 14,CHARLESTON - MT. PLEASANT 14,7380.691502,0.003298,2
019,Charleston,Mt. Pleasant 19,45019000319,Charleston - Mt. Pleasant 19,CHARLESTON - MT. PLEASANT 19,1749475.995334,Charleston,019,Mt. Pleasant 19,CHARLESTON - MT. PLEASANT 19,CHARLESTON - MT. PLEASANT 19,1745940.391922,0.997979,1
019,Charleston,Mt. Pleasant 19,45019000319,Charleston - Mt. Pleasant 19,CHARLESTON - MT. PLEASANT 19,1749475.995334,Charleston,019,Mt. Pleasant 24,CHARLESTON - MT. PLEASANT 24,CHARLESTON - MT. PLEASANT 24,2134.194691,0.001220,2
019,Charleston,Mt. Pleasant 19,45019000319,Charleston - Mt. Pleasant 19,CHARLESTON - MT. PLEASANT 19,1749475.995334,Charleston,019,Mt. Pleasant 25,CHARLESTON - MT. PLEASANT 25,CHARLESTON - MT. PLEASANT 25,1394.045198,0.000797,3
019,Charleston,Mt. Pleasant 11,45019000311,Charleston - Mt. Pleasant 11,CHARLESTON - MT. PLEASANT 11,1056802.384270,Charleston,019,Mt. Pleasant 11,CHARLESTON - MT. PLEASANT 11,CHARLESTON - MT. PLEASANT 11,967671.454954,0.915660,1
019,Charleston,Mt. Pleasant 11,45019000311,Charleston - Mt. Pleasant 11,CHARLESTON - MT. PLEASANT 11,1056802.384270,Charleston,019,Mt. Pleasant 10,CHARLESTON - MT. PLEASANT 10,CHARLESTON - MT. PLEASANT 10,89130.938350,0.084340,2
019,Charleston,Isle of Palms 1B,45019000011,Charleston - Isle of Palms 1B,CHARLESTON - ISLE OF PALMS 1B,2089585.194646,Charleston,019,Isle Of Palms 1b,CHARLESTON - ISLE OF PALMS 1B,CHARLESTON - ISLE OF PALMS 1B,2089351.813257,0.999888,1
019,Charleston,Mt. Pleasant 8,45019000308,Charleston - Mt. Pleasant 8,CHARLESTON - MT. PLEASANT 8,752862.633310,Charleston,019,Mt. Pleasant 8,CHARLESTON - MT. PLEASANT 8,CHARLESTON - MT. PLEASANT 8,752860.056769,0.999997,1
019,Charleston,Mt. Pleasant 20,45019000320,Charleston - Mt. Pleasant 20,CHARLESTON - MT. PLEASANT 20,2306581.372844,Charleston,019,Mt. Pleasant 20,CHARLESTON - MT. PLEASANT 20,CHARLESTON - MT. PLEASANT 20,2305195.402512,0.999399,1
019,Charleston,Mt. Pleasant 20,45019000320,Charleston - Mt. Pleasant 20,CHARLESTON - MT. PLEASANT 20,2306581.372844,Charleston,019,Mt. Pleasant 23,CHARLESTON - MT. PLEASANT 23,CHARLESTON - MT. PLEASANT 23,1382.410276,0.000599,2
019,Charleston,Isle Of Palms 1A,45019000010,Charleston - Isle Of Palms 1A,CHARLESTON - ISLE OF PALMS 1A,17559897.196076,Charleston,019,Isle Of Palms 1a,CHARLESTON - ISLE OF PALMS 1A,CHARLESTON - ISLE OF PALMS 1A,17559888.982788,1.000000,1
019,Charleston,North Charleston 11,45019000611,Charleston - North Charleston 11,CHARLESTON - NORTH CHARLESTON 11,1156348.141141,Charleston,019,North Charleston 11,CHARLESTON - NORTH CHARLESTON 11,CHARLESTON - NORTH CHARLESTON 11,1156346.968425,0.999999,1
019,Charleston,North Charleston 14,45019000614,Charleston - North Charleston 14,CHARLESTON - NORTH CHARLESTON 14,572476.749150,Charleston,019,North Charleston 14,CHARLESTON - NORTH CHARLESTON 14,CHARLESTON - NORTH CHARLESTON 14,572471.133563,0.999990,1
019,Charleston,North Charleston 8,45019000608,Charleston - North Charleston 8,CHARLESTON - NORTH CHARLESTON 8,2927208.613158,Charleston,019,North Charleston 8,CHARLESTON - NORTH CHARLESTON 8,CHARLESTON - NORTH CHARLESTON 8,2926413.873431,0.999728,1
019,Charleston,North Charleston 15,45019000615,Charleston - North Charleston 15,CHARLESTON - NORTH CHARLESTON 15,1403264.185905,Charleston,019,North Charleston 15,CHARLESTON - NORTH CHARLESTON 15,CHARLESTON - NORTH CHARLESTON 15,1396085.016386,0.994884,1
019,Charleston,North Charleston 15,45019000615,Charleston - North Charleston 15,CHARLESTON - NORTH CHARLESTON 15,1403264.185905,Charleston,019,North Charleston 8,CHARLESTON - NORTH CHARLESTON 8,CHARLESTON - NORTH CHARLESTON 8,5366.416815,0.003824,2
019,Charleston,North Charleston 15,45019000615,Charleston - North Charleston 15,CHARLESTON - NORTH CHARLESTON 15,1403264.185905,Charleston,019,North Charleston 7,CHARLESTON - NORTH CHARLESTON 7,CHARLESTON - NORTH CHARLESTON 7,1812.140208,0.001291,3
019,Charleston,Licolnville,45019000110,Charleston - Licolnville,CHARLESTON - LICOLNVILLE,6253997.469377,Charleston,019,Lincolnville,CHARLESTON - LINCOLNVILLE,CHARLESTON - LINCOLNVILLE,6253084.691976,0.999854,1
019,Charleston,Mt. Pleasant 21,45019000321,Charleston - Mt. Pleasant 21,CHARLESTON - MT. PLEASANT 21,10853870.763645,Charleston,019,Mt. Pleasant 21,CHARLESTON - MT. PLEASANT 21,CHARLESTON - MT. PLEASANT 21,10844935.732776,0.999177,1
019,Charleston,Mt. Pleasant 21,45019000321,Charleston - Mt. Pleasant 21,CHARLESTON - MT. PLEASANT 21,10853870.763645,Charleston,019,Mt. Pleasant 22,CHARLESTON - MT. PLEASANT 22,CHARLESTON - MT. PLEASANT 22,5735.466939,0.000528,2
019,Charleston,Mt. Pleasant 10,45019000310,Charleston - Mt. Pleasant 10,CHARLESTON - MT. PLEASANT 10,4688091.384097,Charleston,019,Mt. Pleasant 10,CHARLESTON - MT. PLEASANT 10,CHARLESTON - MT. PLEASANT 10,4686904.850209,0.999747,1
019,Charleston,Mt. Pleasant 36,45019000336,Charleston - Mt. Pleasant 36,CHARLESTON - MT. PLEASANT 36,3403618.905571,Charleston,019,Mt. Pleasant 36,CHARLESTON - MT. PLEASANT 36,CHARLESTON - MT. PLEASANT 36,3387857.767962,0.995369,1
019,Charleston,Mt. Pleasant 36,45019000336,Charleston - Mt. Pleasant 36,CHARLESTON - MT. PLEASANT 36,3403618.905571,Charleston,019,Mt. Pleasant 23,CHARLESTON - MT. PLEASANT 23,CHARLESTON - MT. PLEASANT 23,14506.460536,0.004262,2
019,Charleston,Mt. Pleasant 12,45019000312,Charleston - Mt. Pleasant 12,CHARLESTON - MT. PLEASANT 12,2922817.936364,Charleston,019,Mt. Pleasant 12,CHARLESTON - MT. PLEASANT 12,CHARLESTON - MT. PLEASANT 12,2922543.845603,0.999906,1
019,Charleston,North Charleston 20,45019000620,Charleston - North Charleston 20,CHARLESTON - NORTH CHARLESTON 20,1124567.278736,Charleston,019,North Charleston 20,CHARLESTON - NORTH CHARLESTON 20,CHARLESTON - NORTH CHARLESTON 20,1124428.416108,0.999877,1
019,Charleston,North Charleston 4,45019000604,Charleston - North Charleston 4,CHARLESTON - NORTH CHARLESTON 4,1830326.381583,Charleston,019,North Charleston 4,CHARLESTON - NORTH CHARLESTON 4,CHARLESTON - NORTH CHARLESTON 4,1824323.454238,0.996720,1
019,Charleston,North Charleston 4,45019000604,Charleston - North Charleston 4,CHARLESTON - NORTH CHARLESTON 4,1830326.381583,Charleston,019,North Charleston 5,CHARLESTON - NORTH CHARLESTON 5,CHARLESTON - NORTH CHARLESTON 5,6100.006246,0.003333,2
019,Charleston,North Charleston 19,45019000619,Charleston - North Charleston 19,CHARLESTON - NORTH CHARLESTON 19,2095623.326149,Charleston,019,North Charleston 19,CHARLESTON - NORTH CHARLESTON 19,CHARLESTON - NORTH CHARLESTON 19,2094113.497668,0.999280,1
019,Charleston,North Charleston 19,45019000619,Charleston - North Charleston 19,CHARLESTON - NORTH CHARLESTON 19,2095623.326149,Charleston,019,North Charleston 18,CHARLESTON - NORTH CHARLESTON 18,CHARLESTON - NORTH CHARLESTON 18,1497.497350,0.000715,2
019,Charleston,Mt. Pleasant 31,45019000331,Charleston - Mt. Pleasant 31,CHARLESTON - MT. PLEASANT 31,7446686.127517,Charleston,019,Mt. Pleasant 31,CHARLESTON - MT. PLEASANT 31,CHARLESTON - MT. PLEASANT 31,7438757.617001,0.998935,1
019,Charleston,Mt. Pleasant 31,45019000331,Charleston - Mt. Pleasant 31,CHARLESTON - MT. PLEASANT 31,7446686.127517,Charleston,019,Mt. Pleasant 32,CHARLESTON - MT. PLEASANT 32,CHARLESTON - MT. PLEASANT 32,5382.613952,0.000723,2
019,Charleston,North Charleston 23,45019000623,Charleston - North Charleston 23,CHARLESTON - NORTH CHARLESTON 23,4353217.204265,Charleston,019,North Charleston 23,CHARLESTON - NORTH CHARLESTON 23,CHARLESTON - NORTH CHARLESTON 23,4353213.782902,0.999999,1
019,Charleston,Mt. Pleasant 23,45019000323,Charleston - Mt. Pleasant 23,CHARLESTON - MT. PLEASANT 23,4102509.449299,Charleston,019,Mt. Pleasant 23,CHARLESTON - MT. PLEASANT 23,CHARLESTON - MT. PLEASANT 23,4102473.182811,0.999991,1
019,Charleston,Ladson,45019000132,Charleston - Ladson,CHARLESTON - LADSON,6745251.869752,Charleston,019,Ladson,CHARLESTON - LADSON,CHARLESTON - LADSON,6745220.322925,0.999995,1
019,Charleston,Mt. Pleasant 26,45019000326,Charleston - Mt. Pleasant 26,CHARLESTON - MT. PLEASANT 26,2627047.939101,Charleston,019,Mt. Pleasant 26,CHARLESTON - MT. PLEASANT 26,CHARLESTON - MT. PLEASANT 26,2627046.892415,1.000000,1
019,Charleston,Deer Park 1B,45019000103,Charleston - Deer Park 1B,CHARLESTON - DEER PARK 1B,24860905.889839,Charleston,019,Deer Park 1b,CHARLESTON - DEER PARK 1B,CHARLESTON - DEER PARK 1B,24810330.451174,0.997966,1
019,Charleston,North Charleston 28,45019000628,Charleston - North Charleston 28,CHARLESTON - NORTH CHARLESTON 28,3711842.266423,Charleston,019,North Charleston 28,CHARLESTON - NORTH CHARLESTON 28,CHARLESTON - NORTH CHARLESTON 28,3711842.158524,1.000000,1
019,Charleston,Deer Park 1A,45019000102,Charleston - Deer Park 1A,CHARLESTON - DEER PARK 1A,1012707.250015,Charleston,019,Deer Park 1a,CHARLESTON - DEER PARK 1A,CHARLESTON - DEER PARK 1A,1012279.770387,0.999578,1
019,Charleston,Kiawah Island,45019000180,Charleston - Kiawah Island,CHARLESTON - KIAWAH ISLAND,161464723.404301,Charleston,019,Kiawah Island,CHARLESTON - KIAWAH ISLAND,CHARLESTON - KIAWAH ISLAND,160950499.032366,0.996815,1
019,Charleston,Kiawah Island,45019000180,Charleston - Kiawah Island,CHARLESTON - KIAWAH ISLAND,161464723.404301,Charleston,019,Johns Island 4,CHARLESTON - JOHNS ISLAND 4,CHARLESTON - JOHNS ISLAND 4,495480.888832,0.003069,2
019,Charleston,James Island 15,45019000415,Charleston - James Island 15,CHARLESTON - JAMES ISLAND 15,2129850.984203,Charleston,019,James Island 15,CHARLESTON - JAMES ISLAND 15,CHARLESTON - JAMES ISLAND 15,2106480.091386,0.989027,1
019,Charleston,James Island 15,45019000415,Charleston - James Island 15,CHARLESTON - JAMES ISLAND 15,2129850.984203,Charleston,019,James Island 17,CHARLESTON - JAMES ISLAND 17,CHARLESTON - JAMES ISLAND 17,23243.214043,0.010913,2
019,Charleston,James Island 10,45019000410,Charleston - James Island 10,CHARLESTON - JAMES ISLAND 10,1654742.392963,Charleston,019,James Island 10,CHARLESTON - JAMES ISLAND 10,CHARLESTON - JAMES ISLAND 10,1652778.755909,0.998813,1
019,Charleston,James Island 10,45019000410,Charleston - James Island 10,CHARLESTON - JAMES ISLAND 10,1654742.392963,Charleston,019,James Island 14,CHARLESTON - JAMES ISLAND 14,CHARLESTON - JAMES ISLAND 14,1952.304592,0.001180,2
019,Charleston,Folly Beach 2,45019000185,Charleston - Folly Beach 2,CHARLESTON - FOLLY BEACH 2,121322075.604535,Charleston,019,Folly Beach 2,CHARLESTON - FOLLY BEACH 2,CHARLESTON - FOLLY BEACH 2,121322059.135170,1.000000,1
019,Charleston,James Island 9,45019000409,Charleston - James Island 9,CHARLESTON - JAMES ISLAND 9,1587896.325330,Charleston,019,James Island 9,CHARLESTON - JAMES ISLAND 9,CHARLESTON - JAMES ISLAND 9,1587894.126610,0.999999,1
019,Charleston,James Island 3,45019000402,Charleston - James Island 3,CHARLESTON - JAMES ISLAND 3,874731.160876,Charleston,019,James Island 3,CHARLESTON - JAMES ISLAND 3,CHARLESTON - JAMES ISLAND 3,874727.293237,0.999996,1
019,Charleston,St. Pauls 6,45019000466,Charleston - St. Pauls 6,CHARLESTON - ST. PAULS 6,73595307.216102,Charleston,019,St. Pauls 6,CHARLESTON - ST. PAULS 6,CHARLESTON - ST. PAULS 6,73592392.971510,0.999960,1
019,Charleston,St. Pauls 2A,45019000461,Charleston - St. Pauls 2A,CHARLESTON - ST. PAULS 2A,157341534.896322,Charleston,019,St. Pauls 2a,CHARLESTON - ST. PAULS 2A,CHARLESTON - ST. PAULS 2A,157221396.729968,0.999236,1
019,Charleston,St. Pauls 2A,45019000461,Charleston - St. Pauls 2A,CHARLESTON - ST. PAULS 2A,157341534.896322,Charleston,019,St. Pauls 1,CHARLESTON - ST. PAULS 1,CHARLESTON - ST. PAULS 1,120130.818880,0.000764,2
019,Charleston,James Island 5B,45019000404,Charleston - James Island 5B,CHARLESTON - JAMES ISLAND 5B,4753743.343112,Charleston,019,James Island 5b,CHARLESTON - JAMES ISLAND 5B,CHARLESTON - JAMES ISLAND 5B,4739558.031511,0.997016,1
019,Charleston,James Island 5B,45019000404,Charleston - James Island 5B,CHARLESTON - JAMES ISLAND 5B,4753743.343112,Charleston,019,James Island 6,CHARLESTON - JAMES ISLAND 6,CHARLESTON - JAMES ISLAND 6,14185.311600,0.002984,2
019,Charleston,James Island 7,45019000406,Charleston - James Island 7,CHARLESTON - JAMES ISLAND 7,2927160.773240,Charleston,019,James Island 7,CHARLESTON - JAMES ISLAND 7,CHARLESTON - JAMES ISLAND 7,2926932.740160,0.999922,1
019,Charleston,Folly Beach 1,45019000184,Charleston - Folly Beach 1,CHARLESTON - FOLLY BEACH 1,37694289.283221,Charleston,019,Folly Beach 1,CHARLESTON - FOLLY BEACH 1,CHARLESTON - FOLLY BEACH 1,37694270.997092,1.000000,1
019,Charleston,James Island 5A,45019000403,Charleston - James Island 5A,CHARLESTON - JAMES ISLAND 5A,6669717.125562,Charleston,019,James Island 5a,CHARLESTON - JAMES ISLAND 5A,CHARLESTON - JAMES ISLAND 5A,6669708.322287,0.999999,1
019,Charleston,St. Pauls 4,45019000464,Charleston - St. Pauls 4,CHARLESTON - ST. PAULS 4,36213572.030055,Charleston,019,St. Pauls 4,CHARLESTON - ST. PAULS 4,CHARLESTON - ST. PAULS 4,35942254.527613,0.992508,1
019,Charleston,St. Pauls 4,45019000464,Charleston - St. Pauls 4,CHARLESTON - ST. PAULS 4,36213572.030055,Charleston,019,St. Pauls 3,CHARLESTON - ST. PAULS 3,CHARLESTON - ST. PAULS 3,204637.586199,0.005651,2
019,Charleston,St. Pauls 4,45019000464,Charleston - St. Pauls 4,CHARLESTON - ST. PAULS 4,36213572.030055,Charleston,019,St. Pauls 5,CHARLESTON - ST. PAULS 5,CHARLESTON - ST. PAULS 5,66679.344491,0.001841,3
019,Charleston,Johns Island 4,45019000445,Charleston - Johns Island 4,CHARLESTON - JOHNS ISLAND 4,63785723.484417,Charleston,019,Johns Island 4,CHARLESTON - JOHNS ISLAND 4,CHARLESTON - JOHNS ISLAND 4,63637096.861421,0.997670,1
019,Charleston,Johns Island 4,45019000445,Charleston - Johns Island 4,CHARLESTON - JOHNS ISLAND 4,63785723.484417,Charleston,019,Kiawah Island,CHARLESTON - KIAWAH ISLAND,CHARLESTON - KIAWAH ISLAND,111290.093642,0.001745,2
019,Charleston,James Island 22,45019000422,Charleston - James Island 22,CHARLESTON - JAMES ISLAND 22,2683762.217873,Charleston,019,James Island 22,CHARLESTON - JAMES ISLAND 22,CHARLESTON - JAMES ISLAND 22,2671231.309868,0.995331,1
019,Charleston,James Island 22,45019000422,Charleston - James Island 22,CHARLESTON - JAMES ISLAND 22,2683762.217873,Charleston,019,James Island 20,CHARLESTON - JAMES ISLAND 20,CHARLESTON - JAMES ISLAND 20,12514.774436,0.004663,2
019,Charleston,James Island 8B,45019000408,Charleston - James Island 8B,CHARLESTON - JAMES ISLAND 8B,4148676.432877,Charleston,019,James Island 8b,CHARLESTON - JAMES ISLAND 8B,CHARLESTON - JAMES ISLAND 8B,4108992.266939,0.990434,1
019,Charleston,James Island 8B,45019000408,Charleston - James Island 8B,CHARLESTON - JAMES ISLAND 8B,4148676.432877,Charleston,019,James Island 8a,CHARLESTON - JAMES ISLAND 8A,CHARLESTON - JAMES ISLAND 8A,22982.756625,0.005540,2
019,Charleston,James Island 8B,45019000408,Charleston - James Island 8B,CHARLESTON - JAMES ISLAND 8B,4148676.432877,Charleston,019,James Island 1b,CHARLESTON - JAMES ISLAND 1B,CHARLESTON - JAMES ISLAND 1B,13703.614695,0.003303,3
019,Charleston,James Island 8B,45019000408,Charleston - James Island 8B,CHARLESTON - JAMES ISLAND 8B,4148676.432877,Charleston,019,James Island 17,CHARLESTON - JAMES ISLAND 17,CHARLESTON - JAMES ISLAND 17,2991.624785,0.000721,4
019,Charleston,Johns Island 3A,45019000443,Charleston - Johns Island 3A,CHARLESTON - JOHNS ISLAND 3A,20549318.218601,Charleston,019,Johns Island 3a,CHARLESTON - JOHNS ISLAND 3A,CHARLESTON - JOHNS ISLAND 3A,20530331.989080,0.999076,1
019,Charleston,Johns Island 3A,45019000443,Charleston - Johns Island 3A,CHARLESTON - JOHNS ISLAND 3A,20549318.218601,Charleston,019,Johns Island 4,CHARLESTON - JOHNS ISLAND 4,CHARLESTON - JOHNS ISLAND 4,10481.254835,0.000510,2
019,Charleston,James Island 6,45019000405,Charleston - James Island 6,CHARLESTON - JAMES ISLAND 6,2769708.099947,Charleston,019,James Island 6,CHARLESTON - JAMES ISLAND 6,CHARLESTON - JAMES ISLAND 6,2767489.345056,0.999199,1
019,Charleston,James Island 6,45019000405,Charleston - James Island 6,CHARLESTON - JAMES ISLAND 6,2769708.099947,Charleston,019,James Island 7,CHARLESTON - JAMES ISLAND 7,CHARLESTON - JAMES ISLAND 7,1417.277913,0.000512,2
019,Charleston,McClellanville,45019000100,Charleston - McClellanville,CHARLESTON - MCCLELLANVILLE,548655420.849418,Charleston,019,Mcclellanville,CHARLESTON - MCCLELLANVILLE,CHARLESTON - MCCLELLANVILLE,548655194.313363,1.000000,1
019,Charleston,Mt. Pleasant 37,45019000337,Charleston - Mt. Pleasant 37,CHARLESTON - MT. PLEASANT 37,96125021.480867,Charleston,019,Mt. Pleasant 37,CHARLESTON - MT. PLEASANT 37,CHARLESTON - MT. PLEASANT 37,96051907.490830,0.999239,1
019,Charleston,Mt. Pleasant 37,45019000337,Charleston - Mt. Pleasant 37,CHARLESTON - MT. PLEASANT 37,96125021.480867,Charleston,019,Mt. Pleasant 38,CHARLESTON - MT. PLEASANT 38,CHARLESTON - MT. PLEASANT 38,73077.288566,0.000760,2
019,Charleston,Deer Park 2A,45019000104,Charleston - Deer Park 2A,CHARLESTON - DEER PARK 2A,3052389.295895,Charleston,019,Deer Park 2a,CHARLESTON - DEER PARK 2A,CHARLESTON - DEER PARK 2A,3050266.366929,0.999305,1
019,Charleston,Deer Park 2A,45019000104,Charleston - Deer Park 2A,CHARLESTON - DEER PARK 2A,3052389.295895,Charleston,019,Deer Park 2b,CHARLESTON - DEER PARK 2B,CHARLESTON - DEER PARK 2B,2118.802228,0.000694,2
019,Charleston,Wadmalaw Island 1,45019000174,Charleston - Wadmalaw Island 1,CHARLESTON - WADMALAW ISLAND 1,69354189.586220,Charleston,019,Wadmalaw Island 1,CHARLESTON - WADMALAW ISLAND 1,CHARLESTON - WADMALAW ISLAND 1,69354156.330405,1.000000,1
019,Charleston,Deer Park 2C,45019000106,Charleston - Deer Park 2C,CHARLESTON - DEER PARK 2C,990708.650117,Charleston,019,Deer Park 2c,CHARLESTON - DEER PARK 2C,CHARLESTON - DEER PARK 2C,990679.482249,0.999971,1
019,Charleston,St. Andrews 15,45019000515,Charleston - St. Andrews 15,CHARLESTON - ST. ANDREWS 15,2676712.679235,Charleston,019,St. Andrews 15,CHARLESTON - ST. ANDREWS 15,CHARLESTON - ST. ANDREWS 15,2676570.380860,0.999947,1
019,Charleston,St. Andrews 18,45019000518,Charleston - St. Andrews 18,CHARLESTON - ST. ANDREWS 18,2541826.537358,Charleston,019,St. Andrews 18,CHARLESTON - ST. ANDREWS 18,CHARLESTON - ST. ANDREWS 18,2541588.117431,0.999906,1
019,Charleston,St. Andrews 30,45019000530,Charleston - St. Andrews 30,CHARLESTON - ST. ANDREWS 30,2144055.093887,Charleston,019,St. Andrews 30,CHARLESTON - ST. ANDREWS 30,CHARLESTON - ST. ANDREWS 30,2143431.708151,0.999709,1
019,Charleston,St. Andrews 9,45019000509,Charleston - St. Andrews 9,CHARLESTON - ST. ANDREWS 9,704210.362544,Charleston,019,St. Andrews 9,CHARLESTON - ST. ANDREWS 9,CHARLESTON - ST. ANDREWS 9,704208.891962,0.999998,1
019,Charleston,St. Andrews 31,45019000531,Charleston - St. Andrews 31,CHARLESTON - ST. ANDREWS 31,1559200.296088,Charleston,019,St. Andrews 31,CHARLESTON - ST. ANDREWS 31,CHARLESTON - ST. ANDREWS 31,1558449.828006,0.999519,1
019,Charleston,St. Andrews 36,45019000536,Charleston - St. Andrews 36,CHARLESTON - ST. ANDREWS 36,10912978.091771,Charleston,019,St. Andrews 36,CHARLESTON - ST. ANDREWS 36,CHARLESTON - ST. ANDREWS 36,10891996.509024,0.998077,1
019,Charleston,St. Andrews 36,45019000536,Charleston - St. Andrews 36,CHARLESTON - ST. ANDREWS 36,10912978.091771,Charleston,019,St. Andrews 35,CHARLESTON - ST. ANDREWS 35,CHARLESTON - ST. ANDREWS 35,6604.456594,0.000605,2
019,Charleston,St. Andrews 34,45019000534,Charleston - St. Andrews 34,CHARLESTON - ST. ANDREWS 34,4046280.871246,Charleston,019,St. Andrews 34,CHARLESTON - ST. ANDREWS 34,CHARLESTON - ST. ANDREWS 34,4046085.297133,0.999952,1
019,Charleston,St. Andrews 21,45019000521,Charleston - St. Andrews 21,CHARLESTON - ST. ANDREWS 21,1636453.313605,Charleston,019,St. Andrews 21,CHARLESTON - ST. ANDREWS 21,CHARLESTON - ST. ANDREWS 21,1634408.271259,0.998750,1
019,Charleston,St. Andrews 21,45019000521,Charleston - St. Andrews 21,CHARLESTON - ST. ANDREWS 21,1636453.313605,Charleston,019,St. Andrews 13,CHARLESTON - ST. ANDREWS 13,CHARLESTON - ST. ANDREWS 13,2041.749426,0.001248,2
019,Charleston,St. Andrews 22,45019000522,Charleston - St. Andrews 22,CHARLESTON - ST. ANDREWS 22,3885666.787679,Charleston,019,St. Andrews 22,CHARLESTON - ST. ANDREWS 22,CHARLESTON - ST. ANDREWS 22,3882568.423002,0.999203,1
019,Charleston,St. Andrews 22,45019000522,Charleston - St. Andrews 22,CHARLESTON - ST. ANDREWS 22,3885666.787679,Charleston,019,St. Andrews 23,CHARLESTON - ST. ANDREWS 23,CHARLESTON - ST. ANDREWS 23,3094.274313,0.000796,2
019,Charleston,St. Andrews 16,45019000516,Charleston - St. Andrews 16,CHARLESTON - ST. ANDREWS 16,3228168.714553,Charleston,019,St. Andrews 16,CHARLESTON - ST. ANDREWS 16,CHARLESTON - ST. ANDREWS 16,3228154.176983,0.999995,1
019,Charleston,North Charleston 24,45019000624,Charleston - North Charleston 24,CHARLESTON - NORTH CHARLESTON 24,19043179.712724,Charleston,019,North Charleston 24,CHARLESTON - NORTH CHARLESTON 24,CHARLESTON - NORTH CHARLESTON 24,19007626.564182,0.998133,1
019,Charleston,North Charleston 24,45019000624,Charleston - North Charleston 24,CHARLESTON - NORTH CHARLESTON 24,19043179.712724,Charleston,019,North Charleston 25,CHARLESTON - NORTH CHARLESTON 25,CHARLESTON - NORTH CHARLESTON 25,20999.468223,0.001103,2
019,Charleston,North Charleston 24,45019000624,Charleston - North Charleston 24,CHARLESTON - NORTH CHARLESTON 24,19043179.712724,Charleston,019,North Charleston 26,CHARLESTON - NORTH CHARLESTON 26,CHARLESTON - NORTH CHARLESTON 26,14530.490390,0.000763,3
019,Charleston,Deer Park 2B,45019000105,Charleston - Deer Park 2B,CHARLESTON - DEER PARK 2B,3169484.266285,Charleston,019,Deer Park 2b,CHARLESTON - DEER PARK 2B,CHARLESTON - DEER PARK 2B,3169375.239256,0.999966,1
019,Charleston,St. Andrews 13,45019000513,Charleston - St. Andrews 13,CHARLESTON - ST. ANDREWS 13,2601686.238238,Charleston,019,St. Andrews 13,CHARLESTON - ST. ANDREWS 13,CHARLESTON - ST. ANDREWS 13,2593799.978689,0.996969,1
019,Charleston,St. Andrews 13,45019000513,Charleston - St. Andrews 13,CHARLESTON - ST. ANDREWS 13,2601686.238238,Charleston,019,St. Andrews 21,CHARLESTON - ST. ANDREWS 21,CHARLESTON - ST. ANDREWS 21,7876.801663,0.003028,2
019,Charleston,North Charleston 21,45019000621,Charleston - North Charleston 21,CHARLESTON - NORTH CHARLESTON 21,1624799.983040,Charleston,019,North Charleston 21,CHARLESTON - NORTH CHARLESTON 21,CHARLESTON - NORTH CHARLESTON 21,1619430.215075,0.996695,1
019,Charleston,North Charleston 21,45019000621,Charleston - North Charleston 21,CHARLESTON - NORTH CHARLESTON 21,1624799.983040,Charleston,019,North Charleston 20,CHARLESTON - NORTH CHARLESTON 20,CHARLESTON - NORTH CHARLESTON 20,5172.766809,0.003184,2
019,Charleston,North Charleston 27,45019000627,Charleston - North Charleston 27,CHARLESTON - NORTH CHARLESTON 27,2501182.485081,Charleston,019,North Charleston 27,CHARLESTON - NORTH CHARLESTON 27,CHARLESTON - NORTH CHARLESTON 27,2501180.679847,0.999999,1
019,Charleston,St. Andrews 14,45019000514,Charleston - St. Andrews 14,CHARLESTON - ST. ANDREWS 14,1428867.665706,Charleston,019,St. Andrews 14,CHARLESTON - ST. ANDREWS 14,CHARLESTON - ST. ANDREWS 14,1428812.762101,0.999962,1
019,Charleston,St. Andrews 8,45019000508,Charleston - St. Andrews 8,CHARLESTON - ST. ANDREWS 8,948869.619444,Charleston,019,St. Andrews 8,CHARLESTON - ST. ANDREWS 8,CHARLESTON - ST. ANDREWS 8,948869.619444,1.000000,1
019,Charleston,St. Andrews 20,45019000520,Charleston - St. Andrews 20,CHARLESTON - ST. ANDREWS 20,2874847.563910,Charleston,019,St. Andrews 20,CHARLESTON - ST. ANDREWS 20,CHARLESTON - ST. ANDREWS 20,2874597.083392,0.999913,1
019,Charleston,St. Andrews 6,45019000506,Charleston - St. Andrews 6,CHARLESTON - ST. ANDREWS 6,2115332.150146,Charleston,019,St. Andrews 6,CHARLESTON - ST. ANDREWS 6,CHARLESTON - ST. ANDREWS 6,2113397.223296,0.999085,1
019,Charleston,St. Andrews 6,45019000506,Charleston - St. Andrews 6,CHARLESTON - ST. ANDREWS 6,2115332.150146,Charleston,019,St. Andrews 7,CHARLESTON - ST. ANDREWS 7,CHARLESTON - ST. ANDREWS 7,1934.874902,0.000915,2
019,Charleston,North Charleston 25,45019000625,Charleston - North Charleston 25,CHARLESTON - NORTH CHARLESTON 25,1888080.330452,Charleston,019,North Charleston 25,CHARLESTON - NORTH CHARLESTON 25,CHARLESTON - NORTH CHARLESTON 25,1866469.028845,0.988554,1
019,Charleston,North Charleston 25,45019000625,Charleston - North Charleston 25,CHARLESTON - NORTH CHARLESTON 25,1888080.330452,Charleston,019,North Charleston 24,CHARLESTON - NORTH CHARLESTON 24,CHARLESTON - NORTH CHARLESTON 24,16193.211266,0.008577,2
019,Charleston,North Charleston 25,45019000625,Charleston - North Charleston 25,CHARLESTON - NORTH CHARLESTON 25,1888080.330452,Charleston,019,North Charleston 17,CHARLESTON - NORTH CHARLESTON 17,CHARLESTON - NORTH CHARLESTON 17,2905.308594,0.001539,3
019,Charleston,North Charleston 25,45019000625,Charleston - North Charleston 25,CHARLESTON - NORTH CHARLESTON 25,1888080.330452,Charleston,019,North Charleston 26,CHARLESTON - NORTH CHARLESTON 26,CHARLESTON - NORTH CHARLESTON 26,2511.053867,0.001330,4
019,Charleston,North Charleston 10,45019000610,Charleston - North Charleston 10,CHARLESTON - NORTH CHARLESTON 10,1197359.189731,Charleston,019,North Charleston 10,CHARLESTON - NORTH CHARLESTON 10,CHARLESTON - NORTH CHARLESTON 10,1197337.342939,0.999982,1
019,Charleston,Mt. Pleasant 4,45019000304,Charleston - Mt. Pleasant 4,CHARLESTON - MT. PLEASANT 4,1611982.284048,Charleston,019,Mt. Pleasant 4,CHARLESTON - MT. PLEASANT 4,CHARLESTON - MT. PLEASANT 4,1609580.965572,0.998510,1
019,Charleston,Mt. Pleasant 4,45019000304,Charleston - Mt. Pleasant 4,CHARLESTON - MT. PLEASANT 4,1611982.284048,Charleston,019,Mt. Pleasant 5,CHARLESTON - MT. PLEASANT 5,CHARLESTON - MT. PLEASANT 5,2399.350044,0.001488,2
019,Charleston,Sullivans Island,45019000032,Charleston - Sullivans Island,CHARLESTON - SULLIVANS ISLAND,48511544.575894,Charleston,019,Sullivans Island,CHARLESTON - SULLIVANS ISLAND,CHARLESTON - SULLIVANS ISLAND,48511544.575891,1.000000,1
019,Charleston,North Charleston 13,45019000613,Charleston - North Charleston 13,CHARLESTON - NORTH CHARLESTON 13,1339683.312210,Charleston,019,North Charleston 13,CHARLESTON - NORTH CHARLESTON 13,CHARLESTON - NORTH CHARLESTON 13,1339679.352111,0.999997,1
019,Charleston,North Charleston 9,45019000609,Charleston - North Charleston 9,CHARLESTON - NORTH CHARLESTON 9,8255751.868980,Charleston,019,North Charleston 9,CHARLESTON - NORTH CHARLESTON 9,CHARLESTON - NORTH CHARLESTON 9,8255065.108858,0.999917,1
019,Charleston,Mt. Pleasant 29,45019000329,Charleston - Mt. Pleasant 29,CHARLESTON - MT. PLEASANT 29,4329707.013905,Charleston,019,Mt. Pleasant 29,CHARLESTON - MT. PLEASANT 29,CHARLESTON - MT. PLEASANT 29,4329458.657590,0.999943,1
019,Charleston,Mt. Pleasant 22,45019000322,Charleston - Mt. Pleasant 22,CHARLESTON - MT. PLEASANT 22,20995339.208428,Charleston,019,Mt. Pleasant 22,CHARLESTON - MT. PLEASANT 22,CHARLESTON - MT. PLEASANT 22,20995334.518558,1.000000,1
019,Charleston,Mt. Pleasant 2,45019000302,Charleston - Mt. Pleasant 2,CHARLESTON - MT. PLEASANT 2,6998206.891719,Charleston,019,Mt. Pleasant 2,CHARLESTON - MT. PLEASANT 2,CHARLESTON - MT. PLEASANT 2,6998206.891718,1.000000,1
019,Charleston,St. Andrews 5,45019000505,Charleston - St. Andrews 5,CHARLESTON - ST. ANDREWS 5,2051222.378022,Charleston,019,St. Andrews 5,CHARLESTON - ST. ANDREWS 5,CHARLESTON - ST. ANDREWS 5,2050339.569057,0.999570,1
019,Charleston,Mt. Pleasant 34,45019000334,Charleston - Mt. Pleasant 34,CHARLESTON - MT. PLEASANT 34,1913249.457250,Charleston,019,Mt. Pleasant 34,CHARLESTON - MT. PLEASANT 34,CHARLESTON - MT. PLEASANT 34,1892930.161308,0.989380,1
019,Charleston,Mt. Pleasant 34,45019000334,Charleston - Mt. Pleasant 34,CHARLESTON - MT. PLEASANT 34,1913249.457250,Charleston,019,Mt. Pleasant 31,CHARLESTON - MT. PLEASANT 31,CHARLESTON - MT. PLEASANT 31,19512.559441,0.010199,2
019,Charleston,Mt. Pleasant 35,45019000335,Charleston - Mt. Pleasant 35,CHARLESTON - MT. PLEASANT 35,12925608.236870,Charleston,019,Mt. Pleasant 35,CHARLESTON - MT. PLEASANT 35,CHARLESTON - MT. PLEASANT 35,12896950.888173,0.997783,1
019,Charleston,Mt. Pleasant 35,45019000335,Charleston - Mt. Pleasant 35,CHARLESTON - MT. PLEASANT 35,12925608.236870,Charleston,019,Mt. Pleasant 39,CHARLESTON - MT. PLEASANT 39,CHARLESTON - MT. PLEASANT 39,17895.202756,0.001384,2
019,Charleston,Mt. Pleasant 35,45019000335,Charleston - Mt. Pleasant 35,CHARLESTON - MT. PLEASANT 35,12925608.236870,Charleston,019,Mt. Pleasant 33,CHARLESTON - MT. PLEASANT 33,CHARLESTON - MT. PLEASANT 33,10760.212310,0.000832,3
019,Charleston,Mt. Pleasant 32,45019000332,Charleston - Mt. Pleasant 32,CHARLESTON - MT. PLEASANT 32,6045142.697126,Charleston,019,Mt. Pleasant 32,CHARLESTON - MT. PLEASANT 32,CHARLESTON - MT. PLEASANT 32,6026565.683633,0.996927,1
019,Charleston,Mt. Pleasant 32,45019000332,Charleston - Mt. Pleasant 32,CHARLESTON - MT. PLEASANT 32,6045142.697126,Charleston,019,Mt. Pleasant 31,CHARLESTON - MT. PLEASANT 31,CHARLESTON - MT. PLEASANT 31,18447.079870,0.003052,2
019,Charleston,North Charleston 3,45019000603,Charleston - North Charleston 3,CHARLESTON - NORTH CHARLESTON 3,4440711.190778,Charleston,019,North Charleston 3,CHARLESTON - NORTH CHARLESTON 3,CHARLESTON - NORTH CHARLESTON 3,4440568.436591,0.999968,1
019,Charleston,North Charleston 2,45019000602,Charleston - North Charleston 2,CHARLESTON - NORTH CHARLESTON 2,7019790.252723,Charleston,019,North Charleston 2,CHARLESTON - NORTH CHARLESTON 2,CHARLESTON - NORTH CHARLESTON 2,7019782.524741,0.999999,1
019,Charleston,North Charleston 5,45019000605,Charleston - North Charleston 5,CHARLESTON - NORTH CHARLESTON 5,1708529.201337,Charleston,019,North Charleston 5,CHARLESTON - NORTH CHARLESTON 5,CHARLESTON - NORTH CHARLESTON 5,1707279.108526,0.999268,1
019,Charleston,Mt. Pleasant 15,45019000315,Charleston - Mt. Pleasant 15,CHARLESTON - MT. PLEASANT 15,2844556.676106,Charleston,019,Mt. Pleasant 15,CHARLESTON - MT. PLEASANT 15,CHARLESTON - MT. PLEASANT 15,2837803.856832,0.997626,1
019,Charleston,Mt. Pleasant 15,45019000315,Charleston - Mt. Pleasant 15,CHARLESTON - MT. PLEASANT 15,2844556.676106,Charleston,019,Mt. Pleasant 18,CHARLESTON - MT. PLEASANT 18,CHARLESTON - MT. PLEASANT 18,6752.341540,0.002374,2
025,Chesterfield,Brocks Mill,45025000004,Chesterfield - Brocks Mill,CHESTERFIELD - BROCKS MILL,109579112.178976,Chesterfield,025,Brocks Mill,CHESTERFIELD - BROCKS MILL,CHESTERFIELD - BROCKS MILL,109283334.602391,0.997301,1
025,Chesterfield,Brocks Mill,45025000004,Chesterfield - Brocks Mill,CHESTERFIELD - BROCKS MILL,109579112.178976,Chesterfield,025,Snow Hill-vaughn,CHESTERFIELD - SNOW HILL-VAUGHN,CHESTERFIELD - SNOW HILL-VAUGHN,118349.439751,0.001080,2
025,Chesterfield,Brocks Mill,45025000004,Chesterfield - Brocks Mill,CHESTERFIELD - BROCKS MILL,109579112.178976,Chesterfield,025,Courthouse,CHESTERFIELD - COURTHOUSE,CHESTERFIELD - COURTHOUSE,108704.951940,0.000992,3
025,Chesterfield,Cheraw No. 1,45025000007,Chesterfield - Cheraw No. 1,CHESTERFIELD - CHERAW NO. 1,19075618.026548,Chesterfield,025,Cheraw No. 1,CHESTERFIELD - CHERAW NO. 1,CHESTERFIELD - CHERAW NO. 1,19022214.185252,0.997200,1
025,Chesterfield,Cheraw No. 1,45025000007,Chesterfield - Cheraw No. 1,CHESTERFIELD - CHERAW NO. 1,19075618.026548,Chesterfield,025,Cheraw No. 2,CHESTERFIELD - CHERAW NO. 2,CHESTERFIELD - CHERAW NO. 2,36831.378063,0.001931,2
025,Chesterfield,Cheraw No. 1,45025000007,Chesterfield - Cheraw No. 1,CHESTERFIELD - CHERAW NO. 1,19075618.026548,Chesterfield,025,Brocks Mill,CHESTERFIELD - BROCKS MILL,CHESTERFIELD - BROCKS MILL,10313.879594,0.000541,3
025,Chesterfield,Cheraw No. 2,45025000008,Chesterfield - Cheraw No. 2,CHESTERFIELD - CHERAW NO. 2,10690760.974862,Chesterfield,025,Cheraw No. 2,CHESTERFIELD - CHERAW NO. 2,CHESTERFIELD - CHERAW NO. 2,10577886.952911,0.989442,1
025,Chesterfield,Cheraw No. 2,45025000008,Chesterfield - Cheraw No. 2,CHESTERFIELD - CHERAW NO. 2,10690760.974862,Chesterfield,025,Brocks Mill,CHESTERFIELD - BROCKS MILL,CHESTERFIELD - BROCKS MILL,58455.211490,0.005468,2
025,Chesterfield,Cheraw No. 2,45025000008,Chesterfield - Cheraw No. 2,CHESTERFIELD - CHERAW NO. 2,10690760.974862,Chesterfield,025,Cheraw No. 4,CHESTERFIELD - CHERAW NO. 4,CHESTERFIELD - CHERAW NO. 4,38901.985003,0.003639,3
025,Chesterfield,Cheraw No. 2,45025000008,Chesterfield - Cheraw No. 2,CHESTERFIELD - CHERAW NO. 2,10690760.974862,Chesterfield,025,Cheraw No. 1,CHESTERFIELD - CHERAW NO. 1,CHESTERFIELD - CHERAW NO. 1,12531.513000,0.001172,4
025,Chesterfield,Cheraw No. 3,45025000009,Chesterfield - Cheraw No. 3,CHESTERFIELD - CHERAW NO. 3,22769046.417234,Chesterfield,025,Cheraw No. 3,CHESTERFIELD - CHERAW NO. 3,CHESTERFIELD - CHERAW NO. 3,22653894.923659,0.994943,1
025,Chesterfield,Cheraw No. 3,45025000009,Chesterfield - Cheraw No. 3,CHESTERFIELD - CHERAW NO. 3,22769046.417234,Chesterfield,025,Cash,CHESTERFIELD - CASH,CHESTERFIELD - CASH,69845.931903,0.003068,2
025,Chesterfield,Cheraw No. 3,45025000009,Chesterfield - Cheraw No. 3,CHESTERFIELD - CHERAW NO. 3,22769046.417234,Chesterfield,025,Cheraw No. 4,CHESTERFIELD - CHERAW NO. 4,CHESTERFIELD - CHERAW NO. 4,26779.865297,0.001176,3
025,Chesterfield,Cheraw No. 4,45025000010,Chesterfield - Cheraw No. 4,CHESTERFIELD - CHERAW NO. 4,20068437.698033,Chesterfield,025,Cheraw No. 4,CHESTERFIELD - CHERAW NO. 4,CHESTERFIELD - CHERAW NO. 4,20001458.690414,0.996662,1
025,Chesterfield,Cheraw No. 4,45025000010,Chesterfield - Cheraw No. 4,CHESTERFIELD - CHERAW NO. 4,20068437.698033,Chesterfield,025,Brocks Mill,CHESTERFIELD - BROCKS MILL,CHESTERFIELD - BROCKS MILL,36472.734237,0.001817,2
025,Chesterfield,Cheraw No. 4,45025000010,Chesterfield - Cheraw No. 4,CHESTERFIELD - CHERAW NO. 4,20068437.698033,Chesterfield,025,Cheraw No. 3,CHESTERFIELD - CHERAW NO. 3,CHESTERFIELD - CHERAW NO. 3,24615.655587,0.001227,3
025,Chesterfield,Cash,45025000005,Chesterfield - Cash,CHESTERFIELD - CASH,139732414.957523,Chesterfield,025,Cash,CHESTERFIELD - CASH,CHESTERFIELD - CASH,139490074.860157,0.998266,1
025,Chesterfield,Cash,45025000005,Chesterfield - Cash,CHESTERFIELD - CASH,139732414.957523,Chesterfield,025,Pee Dee,CHESTERFIELD - PEE DEE,CHESTERFIELD - PEE DEE,83196.157455,0.000595,2
025,Chesterfield,Cash,45025000005,Chesterfield - Cash,CHESTERFIELD - CASH,139732414.957523,Chesterfield,025,Cheraw No. 3,CHESTERFIELD - CHERAW NO. 3,CHESTERFIELD - CHERAW NO. 3,81573.508007,0.000584,3
025,Chesterfield,Cash,45025000005,Chesterfield - Cash,CHESTERFIELD - CASH,139732414.957523,Chesterfield,025,Patrick,CHESTERFIELD - PATRICK,CHESTERFIELD - PATRICK,74634.537345,0.000534,4
025,Chesterfield,Grants Mill,45025000013,Chesterfield - Grants Mill,CHESTERFIELD - GRANTS MILL,79670494.934617,Chesterfield,025,Grants Mill,CHESTERFIELD - GRANTS MILL,CHESTERFIELD - GRANTS MILL,79312818.577219,0.995511,1
025,Chesterfield,Grants Mill,45025000013,Chesterfield - Grants Mill,CHESTERFIELD - GRANTS MILL,79670494.934617,Chesterfield,025,Cheraw No. 4,CHESTERFIELD - CHERAW NO. 4,CHESTERFIELD - CHERAW NO. 4,89294.477848,0.001121,2
025,Chesterfield,Grants Mill,45025000013,Chesterfield - Grants Mill,CHESTERFIELD - GRANTS MILL,79670494.934617,Chesterfield,025,Shiloh,CHESTERFIELD - SHILOH,CHESTERFIELD - SHILOH,71982.922719,0.000904,3
025,Chesterfield,Grants Mill,45025000013,Chesterfield - Grants Mill,CHESTERFIELD - GRANTS MILL,79670494.934617,Chesterfield,025,Patrick,CHESTERFIELD - PATRICK,CHESTERFIELD - PATRICK,58633.626671,0.000736,4
025,Chesterfield,Grants Mill,45025000013,Chesterfield - Grants Mill,CHESTERFIELD - GRANTS MILL,79670494.934617,Chesterfield,025,Cheraw No. 3,CHESTERFIELD - CHERAW NO. 3,CHESTERFIELD - CHERAW NO. 3,55891.491300,0.000702,5
025,Chesterfield,Grants Mill,45025000013,Chesterfield - Grants Mill,CHESTERFIELD - GRANTS MILL,79670494.934617,Chesterfield,025,Courthouse,CHESTERFIELD - COURTHOUSE,CHESTERFIELD - COURTHOUSE,40653.401487,0.000510,6
025,Chesterfield,Patrick,45025000021,Chesterfield - Patrick,CHESTERFIELD - PATRICK,144773161.352359,Chesterfield,025,Patrick,CHESTERFIELD - PATRICK,CHESTERFIELD - PATRICK,144454909.711156,0.997802,1
025,Chesterfield,Patrick,45025000021,Chesterfield - Patrick,CHESTERFIELD - PATRICK,144773161.352359,Chesterfield,025,Shiloh,CHESTERFIELD - SHILOH,CHESTERFIELD - SHILOH,119045.472433,0.000822,2
025,Chesterfield,Patrick,45025000021,Chesterfield - Patrick,CHESTERFIELD - PATRICK,144773161.352359,Chesterfield,025,Bay Springs,CHESTERFIELD - BAY SPRINGS,CHESTERFIELD - BAY SPRINGS,84680.882389,0.000585,3
025,Chesterfield,Pee Dee,45025000022,Chesterfield - Pee Dee,CHESTERFIELD - PEE DEE,93218211.247552,Chesterfield,025,Pee Dee,CHESTERFIELD - PEE DEE,CHESTERFIELD - PEE DEE,93006870.895819,0.997733,1
025,Chesterfield,Pee Dee,45025000022,Chesterfield - Pee Dee,CHESTERFIELD - PEE DEE,93218211.247552,Chesterfield,025,Patrick,CHESTERFIELD - PATRICK,CHESTERFIELD - PATRICK,65200.772979,0.000699,2
025,Chesterfield,Snow Hill-Vaughn,45025000025,Chesterfield - Snow Hill-Vaughn,CHESTERFIELD - SNOW HILL-VAUGHN,52691113.012420,Chesterfield,025,Snow Hill-vaughn,CHESTERFIELD - SNOW HILL-VAUGHN,CHESTERFIELD - SNOW HILL-VAUGHN,52531751.941076,0.996976,1
025,Chesterfield,Snow Hill-Vaughn,45025000025,Chesterfield - Snow Hill-Vaughn,CHESTERFIELD - SNOW HILL-VAUGHN,52691113.012420,Chesterfield,025,Ruby,CHESTERFIELD - RUBY,CHESTERFIELD - RUBY,86288.088281,0.001638,2
025,Chesterfield,Snow Hill-Vaughn,45025000025,Chesterfield - Snow Hill-Vaughn,CHESTERFIELD - SNOW HILL-VAUGHN,52691113.012420,Chesterfield,025,Courthouse,CHESTERFIELD - COURTHOUSE,CHESTERFIELD - COURTHOUSE,42451.628743,0.000806,3
025,Chesterfield,Ruby,45025000023,Chesterfield - Ruby,CHESTERFIELD - RUBY,73354824.349575,Chesterfield,025,Ruby,CHESTERFIELD - RUBY,CHESTERFIELD - RUBY,73181868.591972,0.997642,1
025,Chesterfield,Ruby,45025000023,Chesterfield - Ruby,CHESTERFIELD - RUBY,73354824.349575,Chesterfield,025,Mt. Croghan,CHESTERFIELD - MT. CROGHAN,CHESTERFIELD - MT. CROGHAN,126784.316590,0.001728,2
025,Chesterfield,Courthouse,45025000011,Chesterfield - Courthouse,CHESTERFIELD - COURTHOUSE,74457461.692194,Chesterfield,025,Courthouse,CHESTERFIELD - COURTHOUSE,CHESTERFIELD - COURTHOUSE,74229470.271760,0.996938,1
025,Chesterfield,Courthouse,45025000011,Chesterfield - Courthouse,CHESTERFIELD - COURTHOUSE,74457461.692194,Chesterfield,025,Ruby,CHESTERFIELD - RUBY,CHESTERFIELD - RUBY,63985.667162,0.000859,2
025,Chesterfield,Courthouse,45025000011,Chesterfield - Courthouse,CHESTERFIELD - COURTHOUSE,74457461.692194,Chesterfield,025,Shiloh,CHESTERFIELD - SHILOH,CHESTERFIELD - SHILOH,55509.610876,0.000746,3
025,Chesterfield,Courthouse,45025000011,Chesterfield - Courthouse,CHESTERFIELD - COURTHOUSE,74457461.692194,Chesterfield,025,Snow Hill-vaughn,CHESTERFIELD - SNOW HILL-VAUGHN,CHESTERFIELD - SNOW HILL-VAUGHN,48508.687272,0.000651,4
025,Chesterfield,Bay Springs,45025000002,Chesterfield - Bay Springs,CHESTERFIELD - BAY SPRINGS,138973803.704110,Chesterfield,025,Bay Springs,CHESTERFIELD - BAY SPRINGS,CHESTERFIELD - BAY SPRINGS,138791813.927474,0.998690,1
025,Chesterfield,Shiloh,45025000024,Chesterfield - Shiloh,CHESTERFIELD - SHILOH,56997840.938084,Chesterfield,025,Shiloh,CHESTERFIELD - SHILOH,CHESTERFIELD - SHILOH,56821987.310494,0.996915,1
025,Chesterfield,Shiloh,45025000024,Chesterfield - Shiloh,CHESTERFIELD - SHILOH,56997840.938084,Chesterfield,025,Bay Springs,CHESTERFIELD - BAY SPRINGS,CHESTERFIELD - BAY SPRINGS,97932.234124,0.001718,2
025,Chesterfield,Shiloh,45025000024,Chesterfield - Shiloh,CHESTERFIELD - SHILOH,56997840.938084,Chesterfield,025,Courthouse,CHESTERFIELD - COURTHOUSE,CHESTERFIELD - COURTHOUSE,73419.698659,0.001288,3
025,Chesterfield,Black Creek,45025000003,Chesterfield - Black Creek,CHESTERFIELD - BLACK CREEK,64751771.594472,Chesterfield,025,Black Creek,CHESTERFIELD - BLACK CREEK,CHESTERFIELD - BLACK CREEK,64659342.823499,0.998573,1
025,Chesterfield,Jefferson,45025000014,Chesterfield - Jefferson,CHESTERFIELD - JEFFERSON,121447543.627152,Chesterfield,025,Jefferson,CHESTERFIELD - JEFFERSON,CHESTERFIELD - JEFFERSON,121283400.269110,0.998648,1
025,Chesterfield,Angelus-Cararrh,45025000001,Chesterfield - Angelus-Cararrh,CHESTERFIELD - ANGELUS-CARARRH,126157127.343603,Chesterfield,025,Angelus-catarrh,CHESTERFIELD - ANGELUS-CATARRH,CHESTERFIELD - ANGELUS-CATARRH,125963160.403165,0.998462,1
025,Chesterfield,Angelus-Cararrh,45025000001,Chesterfield - Angelus-Cararrh,CHESTERFIELD - ANGELUS-CARARRH,126157127.343603,Chesterfield,025,Jefferson,CHESTERFIELD - JEFFERSON,CHESTERFIELD - JEFFERSON,91909.413244,0.000729,2
025,Chesterfield,Ousleydale,45025000018,Chesterfield - Ousleydale,CHESTERFIELD - OUSLEYDALE,73597469.709282,Chesterfield,025,Ousleydale,CHESTERFIELD - OUSLEYDALE,CHESTERFIELD - OUSLEYDALE,73245991.944760,0.995224,1
025,Chesterfield,Ousleydale,45025000018,Chesterfield - Ousleydale,CHESTERFIELD - OUSLEYDALE,73597469.709282,Chesterfield,025,Patrick,CHESTERFIELD - PATRICK,CHESTERFIELD - PATRICK,190380.092565,0.002587,2
025,Chesterfield,Ousleydale,45025000018,Chesterfield - Ousleydale,CHESTERFIELD - OUSLEYDALE,73597469.709282,Chesterfield,025,Pee Dee,CHESTERFIELD - PEE DEE,CHESTERFIELD - PEE DEE,68678.360119,0.000933,3
025,Chesterfield,Center Grove-Winzo,45025000006,Chesterfield - Center Grove-Winzo,CHESTERFIELD - CENTER GROVE-WINZO,91735677.878998,Chesterfield,025,Center Grove-winzo,CHESTERFIELD - CENTER GROVE-WINZO,CHESTERFIELD - CENTER GROVE-WINZO,91572937.752827,0.998226,1
025,Chesterfield,Center Grove-Winzo,45025000006,Chesterfield - Center Grove-Winzo,CHESTERFIELD - CENTER GROVE-WINZO,91735677.878998,Chesterfield,025,Pageland No. 2,CHESTERFIELD - PAGELAND NO. 2,CHESTERFIELD - PAGELAND NO. 2,81844.253530,0.000892,2
025,Chesterfield,Middendorf,45025000016,Chesterfield - Middendorf,CHESTERFIELD - MIDDENDORF,69850016.947322,Chesterfield,025,Middendorf,CHESTERFIELD - MIDDENDORF,CHESTERFIELD - MIDDENDORF,69540460.886682,0.995568,1
025,Chesterfield,Middendorf,45025000016,Chesterfield - Middendorf,CHESTERFIELD - MIDDENDORF,69850016.947322,Chesterfield,025,Mcbee,CHESTERFIELD - MCBEE,CHESTERFIELD - MCBEE,214139.064024,0.003066,2
025,Chesterfield,Middendorf,45025000016,Chesterfield - Middendorf,CHESTERFIELD - MIDDENDORF,69850016.947322,Chesterfield,025,Bay Springs,CHESTERFIELD - BAY SPRINGS,CHESTERFIELD - BAY SPRINGS,73480.773779,0.001052,3
025,Chesterfield,Mcbee,45025000015,Chesterfield - Mcbee,CHESTERFIELD - MCBEE,252012946.653829,Chesterfield,025,Mcbee,CHESTERFIELD - MCBEE,CHESTERFIELD - MCBEE,251528283.172370,0.998077,1
025,Chesterfield,Mcbee,45025000015,Chesterfield - Mcbee,CHESTERFIELD - MCBEE,252012946.653829,Chesterfield,025,Middendorf,CHESTERFIELD - MIDDENDORF,CHESTERFIELD - MIDDENDORF,336617.698543,0.001336,2
025,Chesterfield,Mt. Croghan,45025000017,Chesterfield - Mt. Croghan,CHESTERFIELD - MT. CROGHAN,61799362.326472,Chesterfield,025,Mt. Croghan,CHESTERFIELD - MT. CROGHAN,CHESTERFIELD - MT. CROGHAN,61615111.481403,0.997019,1
025,Chesterfield,Mt. Croghan,45025000017,Chesterfield - Mt. Croghan,CHESTERFIELD - MT. CROGHAN,61799362.326472,Chesterfield,025,Center Grove-winzo,CHESTERFIELD - CENTER GROVE-WINZO,CHESTERFIELD - CENTER GROVE-WINZO,120736.706403,0.001954,2
025,Chesterfield,Pageland No. 1,45025000019,Chesterfield - Pageland No. 1,CHESTERFIELD - PAGELAND NO. 1,73291700.987493,Chesterfield,025,Pageland No. 1,CHESTERFIELD - PAGELAND NO. 1,CHESTERFIELD - PAGELAND NO. 1,73002237.771560,0.996051,1
025,Chesterfield,Pageland No. 1,45025000019,Chesterfield - Pageland No. 1,CHESTERFIELD - PAGELAND NO. 1,73291700.987493,Chesterfield,025,Dudley-mangum,CHESTERFIELD - DUDLEY-MANGUM,CHESTERFIELD - DUDLEY-MANGUM,136981.472053,0.001869,2
025,Chesterfield,Pageland No. 1,45025000019,Chesterfield - Pageland No. 1,CHESTERFIELD - PAGELAND NO. 1,73291700.987493,Chesterfield,025,Pageland No. 2,CHESTERFIELD - PAGELAND NO. 2,CHESTERFIELD - PAGELAND NO. 2,66966.940186,0.000914,3
025,Chesterfield,Dudley-Mangum,45025000012,Chesterfield - Dudley-Mangum,CHESTERFIELD - DUDLEY-MANGUM,65802818.630170,Chesterfield,025,Dudley-mangum,CHESTERFIELD - DUDLEY-MANGUM,CHESTERFIELD - DUDLEY-MANGUM,65677110.309103,0.998090,1
025,Chesterfield,Dudley-Mangum,45025000012,Chesterfield - Dudley-Mangum,CHESTERFIELD - DUDLEY-MANGUM,65802818.630170,Chesterfield,025,Pageland No. 1,CHESTERFIELD - PAGELAND NO. 1,CHESTERFIELD - PAGELAND NO. 1,77994.266520,0.001185,2
025,Chesterfield,Pageland No. 2,45025000020,Chesterfield - Pageland No. 2,CHESTERFIELD - PAGELAND NO. 2,50130593.263766,Chesterfield,025,Pageland No. 2,CHESTERFIELD - PAGELAND NO. 2,CHESTERFIELD - PAGELAND NO. 2,49960792.569490,0.996613,1
025,Chesterfield,Pageland No. 2,45025000020,Chesterfield - Pageland No. 2,CHESTERFIELD - PAGELAND NO. 2,50130593.263766,Chesterfield,025,Pageland No. 1,CHESTERFIELD - PAGELAND NO. 1,CHESTERFIELD - PAGELAND NO. 1,87358.529437,0.001743,2
019,Charleston,Mt. Pleasant 30,45019000330,Charleston - Mt. Pleasant 30,CHARLESTON - MT. PLEASANT 30,2608592.608962,Charleston,019,Mt. Pleasant 30,CHARLESTON - MT. PLEASANT 30,CHARLESTON - MT. PLEASANT 30,2607946.033882,0.999752,1
019,Charleston,North Charleston 6,45019000606,Charleston - North Charleston 6,CHARLESTON - NORTH CHARLESTON 6,1854190.919717,Charleston,019,North Charleston 6,CHARLESTON - NORTH CHARLESTON 6,CHARLESTON - NORTH CHARLESTON 6,1854185.759658,0.999997,1
019,Charleston,Mt. Pleasant 33,45019000333,Charleston - Mt. Pleasant 33,CHARLESTON - MT. PLEASANT 33,11656210.514339,Charleston,019,Mt. Pleasant 33,CHARLESTON - MT. PLEASANT 33,CHARLESTON - MT. PLEASANT 33,11655584.459268,0.999946,1
019,Charleston,Mt. Pleasant 24,45019000324,Charleston - Mt. Pleasant 24,CHARLESTON - MT. PLEASANT 24,695881.261184,Charleston,019,Mt. Pleasant 24,CHARLESTON - MT. PLEASANT 24,CHARLESTON - MT. PLEASANT 24,695671.225014,0.999698,1
019,Charleston,Mt. Pleasant 9,45019000309,Charleston - Mt. Pleasant 9,CHARLESTON - MT. PLEASANT 9,5162028.628975,Charleston,019,Mt. Pleasant 9,CHARLESTON - MT. PLEASANT 9,CHARLESTON - MT. PLEASANT 9,5149925.734279,0.997655,1
019,Charleston,Mt. Pleasant 9,45019000309,Charleston - Mt. Pleasant 9,CHARLESTON - MT. PLEASANT 9,5162028.628975,Charleston,019,Mt. Pleasant 1,CHARLESTON - MT. PLEASANT 1,CHARLESTON - MT. PLEASANT 1,12101.895277,0.002344,2
019,Charleston,Mt. Pleasant 25,45019000325,Charleston - Mt. Pleasant 25,CHARLESTON - MT. PLEASANT 25,1853324.465113,Charleston,019,Mt. Pleasant 25,CHARLESTON - MT. PLEASANT 25,CHARLESTON - MT. PLEASANT 25,1853322.276931,0.999999,1
019,Charleston,St. Andrews 33,45019000533,Charleston - St. Andrews 33,CHARLESTON - ST. ANDREWS 33,2703598.288242,Charleston,019,St. Andrews 33,CHARLESTON - ST. ANDREWS 33,CHARLESTON - ST. ANDREWS 33,2694830.692315,0.996757,1
019,Charleston,St. Andrews 33,45019000533,Charleston - St. Andrews 33,CHARLESTON - ST. ANDREWS 33,2703598.288242,Charleston,019,St. Andrews 28,CHARLESTON - ST. ANDREWS 28,CHARLESTON - ST. ANDREWS 28,5006.541787,0.001852,2
019,Charleston,St. Andrews 33,45019000533,Charleston - St. Andrews 33,CHARLESTON - ST. ANDREWS 33,2703598.288242,Charleston,019,St. Andrews 35,CHARLESTON - ST. ANDREWS 35,CHARLESTON - ST. ANDREWS 35,3757.974381,0.001390,3
019,Charleston,Mt. Pleasant 5,45019000305,Charleston - Mt. Pleasant 5,CHARLESTON - MT. PLEASANT 5,1371050.376196,Charleston,019,Mt. Pleasant 5,CHARLESTON - MT. PLEASANT 5,CHARLESTON - MT. PLEASANT 5,1366428.249781,0.996629,1
019,Charleston,Mt. Pleasant 5,45019000305,Charleston - Mt. Pleasant 5,CHARLESTON - MT. PLEASANT 5,1371050.376196,Charleston,019,Mt. Pleasant 14,CHARLESTON - MT. PLEASANT 14,CHARLESTON - MT. PLEASANT 14,3928.197875,0.002865,2
019,Charleston,Mt. Pleasant 5,45019000305,Charleston - Mt. Pleasant 5,CHARLESTON - MT. PLEASANT 5,1371050.376196,Charleston,019,Mt. Pleasant 4,CHARLESTON - MT. PLEASANT 4,CHARLESTON - MT. PLEASANT 4,693.928540,0.000506,3
019,Charleston,North Charleston 30,45019000630,Charleston - North Charleston 30,CHARLESTON - NORTH CHARLESTON 30,5840038.176608,Charleston,019,North Charleston 30,CHARLESTON - NORTH CHARLESTON 30,CHARLESTON - NORTH CHARLESTON 30,5840023.456845,0.999997,1
031,Darlington,OATES,45031000032,Darlington - OATES,DARLINGTON - OATES,67719374.088555,Darlington,031,Oates,DARLINGTON - OATES,DARLINGTON - OATES,67625622.283299,0.998616,1
031,Darlington,SOCIETY HILL,45031000036,Darlington - SOCIETY HILL,DARLINGTON - SOCIETY HILL,116847968.943510,Darlington,031,Society Hill,DARLINGTON - SOCIETY HILL,DARLINGTON - SOCIETY HILL,116674507.592983,0.998515,1
031,Darlington,LAKE SWAMP,45031000024,Darlington - LAKE SWAMP,DARLINGTON - LAKE SWAMP,61618568.663881,Darlington,031,Lake Swamp,DARLINGTON - LAKE SWAMP,DARLINGTON - LAKE SWAMP,61086638.552077,0.991367,1
031,Darlington,LAKE SWAMP,45031000024,Darlington - LAKE SWAMP,DARLINGTON - LAKE SWAMP,61618568.663881,Darlington,031,High Hill,DARLINGTON - HIGH HILL,DARLINGTON - HIGH HILL,526326.569288,0.008542,2
031,Darlington,ANTIOCH,45031000001,Darlington - ANTIOCH,DARLINGTON - ANTIOCH,116839898.855465,Darlington,031,Antioch,DARLINGTON - ANTIOCH,DARLINGTON - ANTIOCH,116718152.177635,0.998958,1
031,Darlington,LAMAR NO. 2,45031000026,Darlington - LAMAR NO. 2,DARLINGTON - LAMAR NO. 2,57680724.789490,Darlington,031,Lamar No. 2,DARLINGTON - LAMAR NO. 2,DARLINGTON - LAMAR NO. 2,57647469.806222,0.999423,1
031,Darlington,LAMAR NO. 1,45031000025,Darlington - LAMAR NO. 1,DARLINGTON - LAMAR NO. 1,75043380.699960,Darlington,031,Lamar No. 1,DARLINGTON - LAMAR NO. 1,DARLINGTON - LAMAR NO. 1,74785601.597627,0.996565,1
031,Darlington,LAMAR NO. 1,45031000025,Darlington - LAMAR NO. 1,DARLINGTON - LAMAR NO. 1,75043380.699960,Darlington,031,Lamar No. 2,DARLINGTON - LAMAR NO. 2,DARLINGTON - LAMAR NO. 2,135701.126996,0.001808,2
031,Darlington,HARTSVILLE NO. 8,45031000020,Darlington - HARTSVILLE NO. 8,DARLINGTON - HARTSVILLE NO. 8,23553637.662281,Darlington,031,Hartsville No. 8,DARLINGTON - HARTSVILLE NO. 8,DARLINGTON - HARTSVILLE NO. 8,23422285.430194,0.994423,1
031,Darlington,HARTSVILLE NO. 8,45031000020,Darlington - HARTSVILLE NO. 8,DARLINGTON - HARTSVILLE NO. 8,23553637.662281,Darlington,031,Hartsville No. 9,DARLINGTON - HARTSVILLE NO. 9,DARLINGTON - HARTSVILLE NO. 9,85608.987449,0.003635,2
031,Darlington,HARTSVILLE NO. 8,45031000020,Darlington - HARTSVILLE NO. 8,DARLINGTON - HARTSVILLE NO. 8,23553637.662281,Darlington,031,Hartsville No. 1,DARLINGTON - HARTSVILLE NO. 1,DARLINGTON - HARTSVILLE NO. 1,34861.436386,0.001480,3
031,Darlington,NEW MARKET,45031000031,Darlington - NEW MARKET,DARLINGTON - NEW MARKET,34741101.675861,Darlington,031,New Market,DARLINGTON - NEW MARKET,DARLINGTON - NEW MARKET,34624461.557064,0.996643,1
031,Darlington,NEW MARKET,45031000031,Darlington - NEW MARKET,DARLINGTON - NEW MARKET,34741101.675861,Darlington,031,Hartsville No. 8,DARLINGTON - HARTSVILLE NO. 8,DARLINGTON - HARTSVILLE NO. 8,89686.402607,0.002582,2
031,Darlington,HARTSVILLE NO. 9,45031000041,Darlington - HARTSVILLE NO. 9,DARLINGTON - HARTSVILLE NO. 9,26008434.677934,Darlington,031,Hartsville No. 9,DARLINGTON - HARTSVILLE NO. 9,DARLINGTON - HARTSVILLE NO. 9,25903769.708077,0.995976,1
031,Darlington,HARTSVILLE NO. 9,45031000041,Darlington - HARTSVILLE NO. 9,DARLINGTON - HARTSVILLE NO. 9,26008434.677934,Darlington,031,Antioch,DARLINGTON - ANTIOCH,DARLINGTON - ANTIOCH,83453.438562,0.003209,2
031,Darlington,HARTSVILLE NO. 9,45031000041,Darlington - HARTSVILLE NO. 9,DARLINGTON - HARTSVILLE NO. 9,26008434.677934,Darlington,031,New Market,DARLINGTON - NEW MARKET,DARLINGTON - NEW MARKET,13471.214612,0.000518,3
075,Orangeburg,Eutawville 2,45075000131,Orangeburg - Eutawville 2,ORANGEBURG - EUTAWVILLE 2,80379547.080541,Orangeburg,075,Eutawville 2,ORANGEBURG - EUTAWVILLE 2,ORANGEBURG - EUTAWVILLE 2,80379547.080534,1.000000,1
075,Orangeburg,Vance,45075000148,Orangeburg - Vance,ORANGEBURG - VANCE,67821331.200675,Orangeburg,075,Vance,ORANGEBURG - VANCE,ORANGEBURG - VANCE,67821331.200667,1.000000,1
075,Orangeburg,Santee 2,45075000146,Orangeburg - Santee 2,ORANGEBURG - SANTEE 2,40952942.252088,Orangeburg,075,Santee 2,ORANGEBURG - SANTEE 2,ORANGEBURG - SANTEE 2,40952942.252085,1.000000,1
075,Orangeburg,Santee 1,45075000145,Orangeburg - Santee 1,ORANGEBURG - SANTEE 1,54318470.265110,Orangeburg,075,Santee 1,ORANGEBURG - SANTEE 1,ORANGEBURG - SANTEE 1,54318470.265105,1.000000,1
075,Orangeburg,Holly Hill 2,45075000133,Orangeburg - Holly Hill 2,ORANGEBURG - HOLLY HILL 2,115977757.421877,Orangeburg,075,Holly Hill 2,ORANGEBURG - HOLLY HILL 2,ORANGEBURG - HOLLY HILL 2,115977757.421869,1.000000,1
075,Orangeburg,Holly Hill 1,45075000134,Orangeburg - Holly Hill 1,ORANGEBURG - HOLLY HILL 1,105158506.307248,Orangeburg,075,Holly Hill 1,ORANGEBURG - HOLLY HILL 1,ORANGEBURG - HOLLY HILL 1,105158506.307242,1.000000,1
075,Orangeburg,Bolentown,45075000142,Orangeburg - Bolentown,ORANGEBURG - BOLENTOWN,37332728.031242,Orangeburg,075,Bolentown,ORANGEBURG - BOLENTOWN,ORANGEBURG - BOLENTOWN,37332728.031237,1.000000,1
075,Orangeburg,Pine Hill,45075000151,Orangeburg - Pine Hill,ORANGEBURG - PINE HILL,75345936.903460,Orangeburg,075,Pinehill,ORANGEBURG - PINEHILL,ORANGEBURG - PINEHILL,75345936.903451,1.000000,1
075,Orangeburg,North 2,45075000139,Orangeburg - North 2,ORANGEBURG - NORTH 2,124373345.157177,Orangeburg,075,North 2,ORANGEBURG - NORTH 2,ORANGEBURG - NORTH 2,124373345.157171,1.000000,1
075,Orangeburg,Brookdale,45075000125,Orangeburg - Brookdale,ORANGEBURG - BROOKDALE,13687651.389581,Orangeburg,075,Brookdale,ORANGEBURG - BROOKDALE,ORANGEBURG - BROOKDALE,13687651.389578,1.000000,1
075,Orangeburg,Neeses-Livingston,45075000137,Orangeburg - Neeses-Livingston,ORANGEBURG - NEESES-LIVINGSTON,99150800.488021,Orangeburg,075,Neeses-livingston,ORANGEBURG - NEESES-LIVINGSTON,ORANGEBURG - NEESES-LIVINGSTON,99150800.488011,1.000000,1
075,Orangeburg,Four Holes,45075000132,Orangeburg - Four Holes,ORANGEBURG - FOUR HOLES,76655435.693852,Orangeburg,075,Four Holes,ORANGEBURG - FOUR HOLES,ORANGEBURG - FOUR HOLES,76655435.693845,1.000000,1
075,Orangeburg,Orangeburg Ward 5,45075000105,Orangeburg - Orangeburg Ward 5,ORANGEBURG - ORANGEBURG WARD 5,1048114.440822,Orangeburg,075,Orangeburg Ward 5,ORANGEBURG - ORANGEBURG WARD 5,ORANGEBURG - ORANGEBURG WARD 5,959417.213485,0.915374,1
075,Orangeburg,Orangeburg Ward 5,45075000105,Orangeburg - Orangeburg Ward 5,ORANGEBURG - ORANGEBURG WARD 5,1048114.440822,Orangeburg,075,Suburban 9,ORANGEBURG - SUBURBAN 9,ORANGEBURG - SUBURBAN 9,88697.227336,0.084626,2
075,Orangeburg,Jamison,45075000135,Orangeburg - Jamison,ORANGEBURG - JAMISON,77756066.869210,Orangeburg,075,Jamison,ORANGEBURG - JAMISON,ORANGEBURG - JAMISON,77756066.869206,1.000000,1
075,Orangeburg,Whittaker,45075000149,Orangeburg - Whittaker,ORANGEBURG - WHITTAKER,22182023.642742,Orangeburg,075,Whittaker,ORANGEBURG - WHITTAKER,ORANGEBURG - WHITTAKER,22182023.642739,1.000000,1
075,Orangeburg,Orangeburg Ward 1,45075000101,Orangeburg - Orangeburg Ward 1,ORANGEBURG - ORANGEBURG WARD 1,1656150.014518,Orangeburg,075,Orangeburg Ward 1,ORANGEBURG - ORANGEBURG WARD 1,ORANGEBURG - ORANGEBURG WARD 1,1656150.014517,1.000000,1
075,Orangeburg,Orangeburg Ward 6,45075000106,Orangeburg - Orangeburg Ward 6,ORANGEBURG - ORANGEBURG WARD 6,1167699.919003,Orangeburg,075,Orangeburg Ward 6,ORANGEBURG - ORANGEBURG WARD 6,ORANGEBURG - ORANGEBURG WARD 6,1167699.919002,1.000000,1
075,Orangeburg,Nix,45075000138,Orangeburg - Nix,ORANGEBURG - NIX,4338995.550924,Orangeburg,075,Nix,ORANGEBURG - NIX,ORANGEBURG - NIX,4338995.550922,1.000000,1
075,Orangeburg,Suburban 9,45075000119,Orangeburg - Suburban 9,ORANGEBURG - SUBURBAN 9,6250490.443609,Orangeburg,075,Suburban 9,ORANGEBURG - SUBURBAN 9,ORANGEBURG - SUBURBAN 9,6250490.443607,1.000000,1
075,Orangeburg,Orangeburg Ward 10,45075000110,Orangeburg - Orangeburg Ward 10,ORANGEBURG - ORANGEBURG WARD 10,1907962.187836,Orangeburg,075,Orangeburg Ward 10,ORANGEBURG - ORANGEBURG WARD 10,ORANGEBURG - ORANGEBURG WARD 10,1885609.112658,0.988284,1
075,Orangeburg,Orangeburg Ward 10,45075000110,Orangeburg - Orangeburg Ward 10,ORANGEBURG - ORANGEBURG WARD 10,1907962.187836,Orangeburg,075,Suburban 8,ORANGEBURG - SUBURBAN 8,ORANGEBURG - SUBURBAN 8,22352.929043,0.011716,2
075,Orangeburg,Limestone 2,45075000150,Orangeburg - Limestone 2,ORANGEBURG - LIMESTONE 2,76053393.608200,Orangeburg,075,Limestone 2,ORANGEBURG - LIMESTONE 2,ORANGEBURG - LIMESTONE 2,75063406.476239,0.986983,1
075,Orangeburg,Limestone 2,45075000150,Orangeburg - Limestone 2,ORANGEBURG - LIMESTONE 2,76053393.608200,Orangeburg,075,Suburban 7,ORANGEBURG - SUBURBAN 7,ORANGEBURG - SUBURBAN 7,989986.477420,0.013017,2
075,Orangeburg,Orangeburg Ward 9,45075000109,Orangeburg - Orangeburg Ward 9,ORANGEBURG - ORANGEBURG WARD 9,1320298.950095,Orangeburg,075,Orangeburg Ward 9,ORANGEBURG - ORANGEBURG WARD 9,ORANGEBURG - ORANGEBURG WARD 9,1320298.950094,1.000000,1
075,Orangeburg,Suburban 1,45075000111,Orangeburg - Suburban 1,ORANGEBURG - SUBURBAN 1,1399985.138102,Orangeburg,075,Suburban 1,ORANGEBURG - SUBURBAN 1,ORANGEBURG - SUBURBAN 1,1399985.138101,1.000000,1
075,Orangeburg,Limestone 1,45075000136,Orangeburg - Limestone 1,ORANGEBURG - LIMESTONE 1,36463280.615597,Orangeburg,075,Limestone 1,ORANGEBURG - LIMESTONE 1,ORANGEBURG - LIMESTONE 1,36463280.615591,1.000000,1
075,Orangeburg,Orangeburg Ward 2,45075000102,Orangeburg - Orangeburg Ward 2,ORANGEBURG - ORANGEBURG WARD 2,2073763.103661,Orangeburg,075,Orangeburg Ward 2,ORANGEBURG - ORANGEBURG WARD 2,ORANGEBURG - ORANGEBURG WARD 2,2073763.103660,1.000000,1
075,Orangeburg,Orangeburg Ward 4,45075000104,Orangeburg - Orangeburg Ward 4,ORANGEBURG - ORANGEBURG WARD 4,1804815.625516,Orangeburg,075,Orangeburg Ward 4,ORANGEBURG - ORANGEBURG WARD 4,ORANGEBURG - ORANGEBURG WARD 4,1796570.725964,0.995432,1
075,Orangeburg,Orangeburg Ward 4,45075000104,Orangeburg - Orangeburg Ward 4,ORANGEBURG - ORANGEBURG WARD 4,1804815.625516,Orangeburg,075,Suburban 2,ORANGEBURG - SUBURBAN 2,ORANGEBURG - SUBURBAN 2,8723.116991,0.004833,2
075,Orangeburg,Suburban 2,45075000112,Orangeburg - Suburban 2,ORANGEBURG - SUBURBAN 2,3067023.451613,Orangeburg,075,Suburban 2,ORANGEBURG - SUBURBAN 2,ORANGEBURG - SUBURBAN 2,3063737.341621,0.998929,1
075,Orangeburg,Suburban 3,45075000113,Orangeburg - Suburban 3,ORANGEBURG - SUBURBAN 3,27491806.419897,Orangeburg,075,Suburban 3,ORANGEBURG - SUBURBAN 3,ORANGEBURG - SUBURBAN 3,27466960.954356,0.999096,1
075,Orangeburg,Norway,45075000141,Orangeburg - Norway,ORANGEBURG - NORWAY,146587307.852886,Orangeburg,075,Norway,ORANGEBURG - NORWAY,ORANGEBURG - NORWAY,146587307.852880,1.000000,1
075,Orangeburg,Orangeburg Ward 3,45075000103,Orangeburg - Orangeburg Ward 3,ORANGEBURG - ORANGEBURG WARD 3,2299709.052472,Orangeburg,075,Orangeburg Ward 3,ORANGEBURG - ORANGEBURG WARD 3,ORANGEBURG - ORANGEBURG WARD 3,2207072.223403,0.959718,1
075,Orangeburg,Orangeburg Ward 3,45075000103,Orangeburg - Orangeburg Ward 3,ORANGEBURG - ORANGEBURG WARD 3,2299709.052472,Orangeburg,075,Suburban 3,ORANGEBURG - SUBURBAN 3,ORANGEBURG - SUBURBAN 3,98026.001844,0.042625,2
075,Orangeburg,Suburban 4,45075000114,Orangeburg - Suburban 4,ORANGEBURG - SUBURBAN 4,25118939.700229,Orangeburg,075,Suburban 4,ORANGEBURG - SUBURBAN 4,ORANGEBURG - SUBURBAN 4,25118939.700223,1.000000,1
075,Orangeburg,Suburban 4,45075000114,Orangeburg - Suburban 4,ORANGEBURG - SUBURBAN 4,25118939.700229,Orangeburg,075,Suburban 3,ORANGEBURG - SUBURBAN 3,ORANGEBURG - SUBURBAN 3,16736.855609,0.000666,2
075,Orangeburg,Suburban 6,45075000116,Orangeburg - Suburban 6,ORANGEBURG - SUBURBAN 6,29236808.051207,Orangeburg,075,Suburban 6,ORANGEBURG - SUBURBAN 6,ORANGEBURG - SUBURBAN 6,29236808.051201,1.000000,1
075,Orangeburg,Suburban 7,45075000117,Orangeburg - Suburban 7,ORANGEBURG - SUBURBAN 7,11353920.763313,Orangeburg,075,Suburban 7,ORANGEBURG - SUBURBAN 7,ORANGEBURG - SUBURBAN 7,11353920.474542,1.000000,1
075,Orangeburg,Orangeburg Ward 8,45075000108,Orangeburg - Orangeburg Ward 8,ORANGEBURG - ORANGEBURG WARD 8,1301053.155687,Orangeburg,075,Orangeburg Ward 8,ORANGEBURG - ORANGEBURG WARD 8,ORANGEBURG - ORANGEBURG WARD 8,1301053.155686,1.000000,1
075,Orangeburg,Orangeburg Ward 7,45075000107,Orangeburg - Orangeburg Ward 7,ORANGEBURG - ORANGEBURG WARD 7,2432261.977099,Orangeburg,075,Orangeburg Ward 7,ORANGEBURG - ORANGEBURG WARD 7,ORANGEBURG - ORANGEBURG WARD 7,2273266.721327,0.934631,1
075,Orangeburg,Orangeburg Ward 7,45075000107,Orangeburg - Orangeburg Ward 7,ORANGEBURG - ORANGEBURG WARD 7,2432261.977099,Orangeburg,075,Suburban 7,ORANGEBURG - SUBURBAN 7,ORANGEBURG - SUBURBAN 7,158995.253709,0.065369,2
075,Orangeburg,Suburban 5,45075000115,Orangeburg - Suburban 5,ORANGEBURG - SUBURBAN 5,16215329.151455,Orangeburg,075,Suburban 5,ORANGEBURG - SUBURBAN 5,ORANGEBURG - SUBURBAN 5,16215329.151453,1.000000,1
075,Orangeburg,Cordova 2,45075000152,Orangeburg - Cordova 2,ORANGEBURG - CORDOVA 2,24139101.184404,Orangeburg,075,Cordova 2,ORANGEBURG - CORDOVA 2,ORANGEBURG - CORDOVA 2,24139101.184398,1.000000,1
075,Orangeburg,Suburban 8,45075000118,Orangeburg - Suburban 8,ORANGEBURG - SUBURBAN 8,4572756.054691,Orangeburg,075,Suburban 8,ORANGEBURG - SUBURBAN 8,ORANGEBURG - SUBURBAN 8,4438673.973485,0.970678,1
075,Orangeburg,Suburban 8,45075000118,Orangeburg - Suburban 8,ORANGEBURG - SUBURBAN 8,4572756.054691,Orangeburg,075,Orangeburg Ward 10,ORANGEBURG - ORANGEBURG WARD 10,ORANGEBURG - ORANGEBURG WARD 10,89362.794429,0.019542,2
075,Orangeburg,Suburban 8,45075000118,Orangeburg - Suburban 8,ORANGEBURG - SUBURBAN 8,4572756.054691,Orangeburg,075,Suburban 7,ORANGEBURG - SUBURBAN 7,ORANGEBURG - SUBURBAN 7,44719.228054,0.009779,3
089,Williamsburg,Sandy Bay,45089000030,Williamsburg - Sandy Bay,WILLIAMSBURG - SANDY BAY,59360094.242782,Williamsburg,089,Sandy Bay,WILLIAMSBURG - SANDY BAY,WILLIAMSBURG - SANDY BAY,59337900.929753,0.999626,1
089,Williamsburg,Cades,45089000003,Williamsburg - Cades,WILLIAMSBURG - CADES,84345441.617244,Williamsburg,089,Cades,WILLIAMSBURG - CADES,WILLIAMSBURG - CADES,84345441.608597,1.000000,1
089,Williamsburg,Hebron,45089000010,Williamsburg - Hebron,WILLIAMSBURG - HEBRON,57476565.849974,Williamsburg,089,Hebron,WILLIAMSBURG - HEBRON,WILLIAMSBURG - HEBRON,57476561.800930,1.000000,1
089,Williamsburg,Pergamos,45089000026,Williamsburg - Pergamos,WILLIAMSBURG - PERGAMOS,23950079.605282,Williamsburg,089,Pergamos,WILLIAMSBURG - PERGAMOS,WILLIAMSBURG - PERGAMOS,23950017.689461,0.999997,1
089,Williamsburg,Kingstree No. 3,45089000016,Williamsburg - Kingstree No. 3,WILLIAMSBURG - KINGSTREE NO. 3,85521494.625351,Williamsburg,089,Kingstree No. 3,WILLIAMSBURG - KINGSTREE NO. 3,WILLIAMSBURG - KINGSTREE NO. 3,85506378.584567,0.999823,1
089,Williamsburg,Mount Vernon,45089000022,Williamsburg - Mount Vernon,WILLIAMSBURG - MOUNT VERNON,79624862.778743,Williamsburg,089,Mount Vernon,WILLIAMSBURG - MOUNT VERNON,WILLIAMSBURG - MOUNT VERNON,79612293.486319,0.999842,1
089,Williamsburg,Greeleyville,45089000008,Williamsburg - Greeleyville,WILLIAMSBURG - GREELEYVILLE,172261487.573195,Williamsburg,089,Greeleyville,WILLIAMSBURG - GREELEYVILLE,WILLIAMSBURG - GREELEYVILLE,172239035.480840,0.999870,1
089,Williamsburg,Muddy Creek,45089000035,Williamsburg - Muddy Creek,WILLIAMSBURG - MUDDY CREEK,76581091.626611,Williamsburg,089,Muddy Creek,WILLIAMSBURG - MUDDY CREEK,WILLIAMSBURG - MUDDY CREEK,76581083.874967,1.000000,1
089,Williamsburg,Hemingway,45089000011,Williamsburg - Hemingway,WILLIAMSBURG - HEMINGWAY,51203937.893506,Williamsburg,089,Hemingway,WILLIAMSBURG - HEMINGWAY,WILLIAMSBURG - HEMINGWAY,29578301.002697,0.577657,1
089,Williamsburg,Indiantown,45089000013,Williamsburg - Indiantown,WILLIAMSBURG - INDIANTOWN,134976702.233961,Williamsburg,089,Indiantown,WILLIAMSBURG - INDIANTOWN,WILLIAMSBURG - INDIANTOWN,134944304.805553,0.999760,1
089,Williamsburg,Henry-Poplar Hill,45089000012,Williamsburg - Henry-Poplar Hill,WILLIAMSBURG - HENRY-POPLAR HILL,76697180.670000,Williamsburg,089,Henry-poplar Hill,WILLIAMSBURG - HENRY-POPLAR HILL,WILLIAMSBURG - HENRY-POPLAR HILL,76677779.098889,0.999747,1
089,Williamsburg,Singletary,45089000031,Williamsburg - Singletary,WILLIAMSBURG - SINGLETARY,74242231.175821,Williamsburg,089,Singletary,WILLIAMSBURG - SINGLETARY,WILLIAMSBURG - SINGLETARY,74241235.610434,0.999987,1
089,Williamsburg,Kingstree No. 1,45089000014,Williamsburg - Kingstree No. 1,WILLIAMSBURG - KINGSTREE NO. 1,111864663.012183,Williamsburg,089,Kingstree No. 1,WILLIAMSBURG - KINGSTREE NO. 1,WILLIAMSBURG - KINGSTREE NO. 1,111808530.236076,0.999498,1
089,Williamsburg,Kingstree No. 4,45089000017,Williamsburg - Kingstree No. 4,WILLIAMSBURG - KINGSTREE NO. 4,64627826.294321,Williamsburg,089,Kingstree No. 4,WILLIAMSBURG - KINGSTREE NO. 4,WILLIAMSBURG - KINGSTREE NO. 4,64627826.294314,1.000000,1
089,Williamsburg,Kingstree No. 2,45089000015,Williamsburg - Kingstree No. 2,WILLIAMSBURG - KINGSTREE NO. 2,3740165.400368,Williamsburg,089,Kingstree No. 2,WILLIAMSBURG - KINGSTREE NO. 2,WILLIAMSBURG - KINGSTREE NO. 2,3738744.199828,0.999620,1
089,Williamsburg,Cedar Swamp,45089000004,Williamsburg - Cedar Swamp,WILLIAMSBURG - CEDAR SWAMP,80737742.645180,Williamsburg,089,Cedar Swamp,WILLIAMSBURG - CEDAR SWAMP,WILLIAMSBURG - CEDAR SWAMP,80736980.622888,0.999991,1
089,Williamsburg,Central,45089000005,Williamsburg - Central,WILLIAMSBURG - CENTRAL,80632594.370778,Williamsburg,089,Central,WILLIAMSBURG - CENTRAL,WILLIAMSBURG - CENTRAL,80632594.370769,1.000000,1
089,Williamsburg,Black River,45089000001,Williamsburg - Black River,WILLIAMSBURG - BLACK RIVER,61563069.108225,Williamsburg,089,Black River,WILLIAMSBURG - BLACK RIVER,WILLIAMSBURG - BLACK RIVER,61563065.880847,1.000000,1
089,Williamsburg,Salters,45089000029,Williamsburg - Salters,WILLIAMSBURG - SALTERS,131313020.726678,Williamsburg,089,Salters,WILLIAMSBURG - SALTERS,WILLIAMSBURG - SALTERS,131311969.487014,0.999992,1
089,Williamsburg,Lane,45089000018,Williamsburg - Lane,WILLIAMSBURG - LANE,147792764.928763,Williamsburg,089,Lane,WILLIAMSBURG - LANE,WILLIAMSBURG - LANE,147790020.508713,0.999981,1
089,Williamsburg,Suttons,45089000032,Williamsburg - Suttons,WILLIAMSBURG - SUTTONS,177979059.268928,Williamsburg,089,Suttons,WILLIAMSBURG - SUTTONS,WILLIAMSBURG - SUTTONS,177979047.434295,1.000000,1
089,Williamsburg,Trio,45089000033,Williamsburg - Trio,WILLIAMSBURG - TRIO,146650539.850219,Williamsburg,089,Trio,WILLIAMSBURG - TRIO,WILLIAMSBURG - TRIO,146650539.850204,1.000000,1
089,Williamsburg,Morrisville,45089000021,Williamsburg - Morrisville,WILLIAMSBURG - MORRISVILLE,63266703.389375,Williamsburg,089,Morrisville,WILLIAMSBURG - MORRISVILLE,WILLIAMSBURG - MORRISVILLE,63266696.494167,1.000000,1
089,Williamsburg,Nesmith,45089000024,Williamsburg - Nesmith,WILLIAMSBURG - NESMITH,79624708.339877,Williamsburg,089,Nesmith,WILLIAMSBURG - NESMITH,WILLIAMSBURG - NESMITH,79607344.474069,0.999782,1
089,Williamsburg,Bloomingvale,45089000002,Williamsburg - Bloomingvale,WILLIAMSBURG - BLOOMINGVALE,154042312.791444,Williamsburg,089,Bloomingvale,WILLIAMSBURG - BLOOMINGVALE,WILLIAMSBURG - BLOOMINGVALE,154042312.791428,1.000000,1
089,Williamsburg,Piney Forest,45089000027,Williamsburg - Piney Forest,WILLIAMSBURG - PINEY FOREST,26444786.996229,Williamsburg,089,Piney Forest,WILLIAMSBURG - PINEY FOREST,WILLIAMSBURG - PINEY FOREST,26415791.813523,0.998904,1
089,Williamsburg,Piney Forest,45089000027,Williamsburg - Piney Forest,WILLIAMSBURG - PINEY FOREST,26444786.996229,Williamsburg,089,Harmony,WILLIAMSBURG - HARMONY,WILLIAMSBURG - HARMONY,24119.536542,0.000912,2
089,Williamsburg,Harmony,45089000009,Williamsburg - Harmony,WILLIAMSBURG - HARMONY,46235055.749002,Williamsburg,089,Harmony,WILLIAMSBURG - HARMONY,WILLIAMSBURG - HARMONY,46111749.738055,0.997333,1
089,Williamsburg,Harmony,45089000009,Williamsburg - Harmony,WILLIAMSBURG - HARMONY,46235055.749002,Williamsburg,089,Bloomingvale,WILLIAMSBURG - BLOOMINGVALE,WILLIAMSBURG - BLOOMINGVALE,123306.010943,0.002667,2
089,Williamsburg,Earles,45089000006,Williamsburg - Earles,WILLIAMSBURG - EARLES,74183055.445825,Williamsburg,089,Earles,WILLIAMSBURG - EARLES,WILLIAMSBURG - EARLES,74181867.724969,0.999984,1
077,Pickens,South Central,45077000153,Pickens - South Central,PICKENS - SOUTH CENTRAL,13603895.053724,Pickens,077,South Central,PICKENS - SOUTH CENTRAL,PICKENS - SOUTH CENTRAL,13603894.931767,1.000000,1
077,Pickens,Pike,45077000110,Pickens - Pike,PICKENS - PIKE,25074961.999617,Pickens,077,Pike,PICKENS - PIKE,PICKENS - PIKE,25007899.067282,0.997326,1
077,Pickens,Pike,45077000110,Pickens - Pike,PICKENS - PIKE,25074961.999617,Pickens,077,Lawrence Chapel,PICKENS - LAWRENCE CHAPEL,PICKENS - LAWRENCE CHAPEL,14436.776402,0.000576,2
077,Pickens,North Central,45077000109,Pickens - North Central,PICKENS - NORTH CENTRAL,22309965.854894,Pickens,077,North Central,PICKENS - NORTH CENTRAL,PICKENS - NORTH CENTRAL,22308372.163565,0.999929,1
077,Pickens,West Central,45077000108,Pickens - West Central,PICKENS - WEST CENTRAL,4982063.830697,Pickens,077,West Central,PICKENS - WEST CENTRAL,PICKENS - WEST CENTRAL,4981513.337091,0.999890,1
077,Pickens,Clemson,45077000106,Pickens - Clemson,PICKENS - CLEMSON,8050047.605541,Pickens,077,Clemson,PICKENS - CLEMSON,PICKENS - CLEMSON,8050019.007599,0.999996,1
077,Pickens,Norris,45077000112,Pickens - Norris,PICKENS - NORRIS,20447876.659416,Pickens,077,Norris,PICKENS - NORRIS,PICKENS - NORRIS,20447875.783159,1.000000,1
077,Pickens,Issaqueena,45077000107,Pickens - Issaqueena,PICKENS - ISSAQUEENA,1750562.248184,Pickens,077,Issaqueena,PICKENS - ISSAQUEENA,PICKENS - ISSAQUEENA,1748568.526745,0.998861,1
077,Pickens,Issaqueena,45077000107,Pickens - Issaqueena,PICKENS - ISSAQUEENA,1750562.248184,Pickens,077,Pike,PICKENS - PIKE,PICKENS - PIKE,1979.000672,0.001130,2
077,Pickens,Lawrence Chapel,45077000111,Pickens - Lawrence Chapel,PICKENS - LAWRENCE CHAPEL,44969957.094941,Pickens,077,Lawrence Chapel,PICKENS - LAWRENCE CHAPEL,PICKENS - LAWRENCE CHAPEL,44823623.828599,0.996746,1
077,Pickens,Lawrence Chapel,45077000111,Pickens - Lawrence Chapel,PICKENS - LAWRENCE CHAPEL,44969957.094941,Pickens,077,Pike,PICKENS - PIKE,PICKENS - PIKE,23680.952407,0.000527,2
077,Pickens,Calhoun,45077000105,Pickens - Calhoun,PICKENS - CALHOUN,4319223.865907,Pickens,077,Calhoun,PICKENS - CALHOUN,PICKENS - CALHOUN,4318051.299866,0.999729,1
077,Pickens,Abel,45077000104,Pickens - Abel,PICKENS - ABEL,2540688.143592,Pickens,077,Abel,PICKENS - ABEL,PICKENS - ABEL,2540680.853265,0.999997,1
077,Pickens,University,45077000102,Pickens - University,PICKENS - UNIVERSITY,6992643.087353,Pickens,077,University,PICKENS - UNIVERSITY,PICKENS - UNIVERSITY,6944718.188068,0.993146,1
077,Pickens,University,45077000102,Pickens - University,PICKENS - UNIVERSITY,6992643.087353,Pickens,077,Stone Church,PICKENS - STONE CHURCH,PICKENS - STONE CHURCH,27327.069110,0.003908,2
077,Pickens,Stone Church,45077000101,Pickens - Stone Church,PICKENS - STONE CHURCH,13566155.230064,Pickens,077,Stone Church,PICKENS - STONE CHURCH,PICKENS - STONE CHURCH,12127916.735174,0.893983,1
077,Pickens,Morrison,45077000103,Pickens - Morrison,PICKENS - MORRISON,3715770.651008,Pickens,077,Morrison,PICKENS - MORRISON,PICKENS - MORRISON,3715767.218975,0.999999,1
077,Pickens,Saluda,45077000145,Pickens - Saluda,PICKENS - SALUDA,7483825.045925,Pickens,077,Saluda,PICKENS - SALUDA,PICKENS - SALUDA,7472948.883726,0.998547,1
077,Pickens,Simpson,45077000136,Pickens - Simpson,PICKENS - SIMPSON,2405480.603143,Pickens,077,Simpson,PICKENS - SIMPSON,PICKENS - SIMPSON,2405480.603141,1.000000,1
077,Pickens,Pickensville,45077000139,Pickens - Pickensville,PICKENS - PICKENSVILLE,2714366.038939,Pickens,077,Pickensville,PICKENS - PICKENSVILLE,PICKENS - PICKENSVILLE,2714365.743651,1.000000,1
077,Pickens,Smith Grove,45077000133,Pickens - Smith Grove,PICKENS - SMITH GROVE,5886243.086491,Pickens,077,Smith Grove,PICKENS - SMITH GROVE,PICKENS - SMITH GROVE,5886243.086488,1.000000,1
077,Pickens,Woodside,45077000137,Pickens - Woodside,PICKENS - WOODSIDE,3040370.211107,Pickens,077,Woodside,PICKENS - WOODSIDE,PICKENS - WOODSIDE,3039101.225681,0.999583,1
077,Pickens,North Liberty,45077000155,Pickens - North Liberty,PICKENS - NORTH LIBERTY,13133232.546466,Pickens,077,North Liberty,PICKENS - NORTH LIBERTY,PICKENS - NORTH LIBERTY,13133078.456794,0.999988,1
077,Pickens,Easley,45077000140,Pickens - Easley,PICKENS - EASLEY,4306203.458126,Pickens,077,Easley,PICKENS - EASLEY,PICKENS - EASLEY,4300516.744216,0.998679,1
077,Pickens,Easley,45077000140,Pickens - Easley,PICKENS - EASLEY,4306203.458126,Pickens,077,Forest Acres,PICKENS - FOREST ACRES,PICKENS - FOREST ACRES,5651.401896,0.001312,2
077,Pickens,Pope Field,45077000158,Pickens - Pope Field,PICKENS - POPE FIELD,3137008.989611,Pickens,077,Pope Field,PICKENS - POPE FIELD,PICKENS - POPE FIELD,3137006.634182,0.999999,1
077,Pickens,Zion,45077000132,Pickens - Zion,PICKENS - ZION,8291958.574285,Pickens,077,Zion,PICKENS - ZION,PICKENS - ZION,8291804.335247,0.999981,1
077,Pickens,Arial Mill,45077000134,Pickens - Arial Mill,PICKENS - ARIAL MILL,9416076.498561,Pickens,077,Arial Mill,PICKENS - ARIAL MILL,PICKENS - ARIAL MILL,9416076.498559,1.000000,1
077,Pickens,Six Mile,45077000113,Pickens - Six Mile,PICKENS - SIX MILE,31801840.274034,Pickens,077,Six Mile,PICKENS - SIX MILE,PICKENS - SIX MILE,31801127.833117,0.999978,1
077,Pickens,Mountain View,45077000116,Pickens - Mountain View,PICKENS - MOUNTAIN VIEW,89608769.460518,Pickens,077,Mountain View,PICKENS - MOUNTAIN VIEW,PICKENS - MOUNTAIN VIEW,89513086.237845,0.998932,1
077,Pickens,West Pickens,45077000122,Pickens - West Pickens,PICKENS - WEST PICKENS,23378998.444000,Pickens,077,West Pickens,PICKENS - WEST PICKENS,PICKENS - WEST PICKENS,23378998.444000,1.000000,1
077,Pickens,Albert R. Lewis,45077000117,Pickens - Albert R. Lewis,PICKENS - ALBERT R. LEWIS,64898079.468705,Pickens,077,Albert R. Lewis,PICKENS - ALBERT R. LEWIS,PICKENS - ALBERT R. LEWIS,64898077.994928,1.000000,1
077,Pickens,Forest Acres,45077000141,Pickens - Forest Acres,PICKENS - FOREST ACRES,3514460.713656,Pickens,077,Forest Acres,PICKENS - FOREST ACRES,PICKENS - FOREST ACRES,3514460.713655,1.000000,1
087,Union,Santuck,45087000016,Union - Santuck,UNION - SANTUCK,136682803.755369,Union,087,Santuck,UNION - SANTUCK,UNION - SANTUCK,136682803.755359,1.000000,1
087,Union,Carlisle,45087000005,Union - Carlisle,UNION - CARLISLE,140770089.134137,Union,087,Carlisle,UNION - CARLISLE,UNION - CARLISLE,140770089.134129,1.000000,1
087,Union,Cross Keys,45087000006,Union - Cross Keys,UNION - CROSS KEYS,187253934.935668,Union,087,Cross Keys,UNION - CROSS KEYS,UNION - CROSS KEYS,187253934.935656,1.000000,1
087,Union,Black Rock,45087000002,Union - Black Rock,UNION - BLACK ROCK,144484390.809370,Union,087,Black Rock,UNION - BLACK ROCK,UNION - BLACK ROCK,144484390.809356,1.000000,1
087,Union,Jonesville Box 2,45087000010,Union - Jonesville Box 2,UNION - JONESVILLE BOX 2,72082939.812739,Union,087,"Jonesville, Box 2",UNION - JONESVILLE BOX 2,UNION - JONESVILLE BOX 2,72082939.812732,1.000000,1
087,Union,Jonesville Box 1,45087000009,Union - Jonesville Box 1,UNION - JONESVILLE BOX 1,79941909.876491,Union,087,"Jonesville, Box 1",UNION - JONESVILLE BOX 1,UNION - JONESVILLE BOX 1,79941909.876484,1.000000,1
087,Union,Putnam,45087000015,Union - Putnam,UNION - PUTNAM,79835859.597823,Union,087,Putnam,UNION - PUTNAM,UNION - PUTNAM,79835859.597814,1.000000,1
087,Union,West Springs,45087000023,Union - West Springs,UNION - WEST SPRINGS,37202549.646505,Union,087,West Springs,UNION - WEST SPRINGS,UNION - WEST SPRINGS,37202549.646500,1.000000,1
087,Union,Lockhart,45087000012,Union - Lockhart,UNION - LOCKHART,35410355.068048,Union,087,Lockhart,UNION - LOCKHART,UNION - LOCKHART,35410355.068042,1.000000,1
087,Union,Kelton,45087000011,Union - Kelton,UNION - KELTON,113242381.861991,Union,087,Kelton,UNION - KELTON,UNION - KELTON,113242381.861981,1.000000,1
087,Union,Union Ward 1 Box 2,45087000018,Union - Union Ward 1 Box 2,UNION - UNION WARD 1 BOX 2,6278438.707712,Union,087,"Union, Ward 1, Box 2",UNION - UNION WARD 1 BOX 2,UNION - UNION WARD 1 BOX 2,6278438.707710,1.000000,1
087,Union,Buffalo Box 1,45087000004,Union - Buffalo Box 1,UNION - BUFFALO BOX 1,23642225.835453,Union,087,"Buffalo, Box 1",UNION - BUFFALO BOX 1,UNION - BUFFALO BOX 1,23642225.835450,1.000000,1
087,Union,Union Ward 4 Box 2,45087000022,Union - Union Ward 4 Box 2,UNION - UNION WARD 4 BOX 2,1255486.458779,Union,087,"Union, Ward 4, Box 2",UNION - UNION WARD 4 BOX 2,UNION - UNION WARD 4 BOX 2,1255486.458778,1.000000,1
087,Union,Union Ward 4 Box 1,45087000021,Union - Union Ward 4 Box 1,UNION - UNION WARD 4 BOX 1,4690594.233976,Union,087,"Union, Ward 4, Box 1",UNION - UNION WARD 4 BOX 1,UNION - UNION WARD 4 BOX 1,4690594.233974,1.000000,1
087,Union,Union Ward 3,45087000020,Union - Union Ward 3,UNION - UNION WARD 3,1540534.598444,Union,087,"Union, Ward 3",UNION - UNION WARD 3,UNION - UNION WARD 3,1540534.598443,1.000000,1
087,Union,Excelsior,45087000008,Union - Excelsior,UNION - EXCELSIOR,96705793.254725,Union,087,Excelsior,UNION - EXCELSIOR,UNION - EXCELSIOR,96705793.254717,1.000000,1
087,Union,East Buffalo,45087000007,Union - East Buffalo,UNION - EAST BUFFALO,14233372.766242,Union,087,"Buffalo, Box 1",UNION - BUFFALO BOX 1,UNION - BUFFALO BOX 1,14233372.766239,1.000000,1
087,Union,Bonham,45087000003,Union - Bonham,UNION - BONHAM,37446261.210033,Union,087,Bonham,UNION - BONHAM,UNION - BONHAM,37446261.210028,1.000000,1
087,Union,Monarch Box 1,45087000013,Union - Monarch Box 1,UNION - MONARCH BOX 1,39790222.211631,Union,087,"Monarch, Box 1",UNION - MONARCH BOX 1,UNION - MONARCH BOX 1,39790222.211626,1.000000,1
087,Union,Union Ward 1 Box 1,45087000017,Union - Union Ward 1 Box 1,UNION - UNION WARD 1 BOX 1,2379285.070316,Union,087,"Union, Ward 1, Box 1",UNION - UNION WARD 1 BOX 1,UNION - UNION WARD 1 BOX 1,2379285.070314,1.000000,1
087,Union,Monarch Box 2,45087000014,Union - Monarch Box 2,UNION - MONARCH BOX 2,6132956.178950,Union,087,"Monarch, Box 1",UNION - MONARCH BOX 1,UNION - MONARCH BOX 1,6132956.178949,1.000000,1
087,Union,Adamsburg,45087000001,Union - Adamsburg,UNION - ADAMSBURG,71341423.302664,Union,087,Adamsburg,UNION - ADAMSBURG,UNION - ADAMSBURG,71341423.302655,1.000000,1
087,Union,Union Ward 2,45087000019,Union - Union Ward 2,UNION - UNION WARD 2,2629041.581928,Union,087,"Union, Ward 2",UNION - UNION WARD 2,UNION - UNION WARD 2,2629041.581927,1.000000,1
077,Pickens,Six Mile Mountain,45077000114,Pickens - Six Mile Mountain,PICKENS - SIX MILE MOUNTAIN,30354219.836966,Pickens,077,Six Mile Mountain,PICKENS - SIX MILE MOUNTAIN,PICKENS - SIX MILE MOUNTAIN,30353596.629093,0.999979,1
077,Pickens,Holly Springs,45077000118,Pickens - Holly Springs,PICKENS - HOLLY SPRINGS,252985144.354244,Pickens,077,Holly Springs,PICKENS - HOLLY SPRINGS,PICKENS - HOLLY SPRINGS,252691802.681426,0.998840,1
077,Pickens,Praters Creek,45077000115,Pickens - Praters Creek,PICKENS - PRATERS CREEK,29338737.925621,Pickens,077,Praters Creek,PICKENS - PRATERS CREEK,PICKENS - PRATERS CREEK,29300766.011000,0.998706,1
077,Pickens,Praters Creek,45077000115,Pickens - Praters Creek,PICKENS - PRATERS CREEK,29338737.925621,Pickens,077,Norris,PICKENS - NORRIS,PICKENS - NORRIS,24653.867966,0.000840,2
077,Pickens,Brushy Creek,45077000138,Pickens - Brushy Creek,PICKENS - BRUSHY CREEK,7816444.193733,Pickens,077,Brushy Creek,PICKENS - BRUSHY CREEK,PICKENS - BRUSHY CREEK,7816352.979303,0.999988,1
077,Pickens,Fruit Mountain,45077000157,Pickens - Fruit Mountain,PICKENS - FRUIT MOUNTAIN,6043437.468821,Pickens,077,Fruit Mountain,PICKENS - FRUIT MOUNTAIN,PICKENS - FRUIT MOUNTAIN,6025922.996064,0.997102,1
077,Pickens,Fruit Mountain,45077000157,Pickens - Fruit Mountain,PICKENS - FRUIT MOUNTAIN,6043437.468821,Pickens,077,Simpson,PICKENS - SIMPSON,PICKENS - SIMPSON,15465.129810,0.002559,2
077,Pickens,McKissick,45077000148,Pickens - McKissick,PICKENS - MCKISSICK,4604246.941436,Pickens,077,Mckissick,PICKENS - MCKISSICK,PICKENS - MCKISSICK,4604246.935865,1.000000,1
077,Pickens,Sheffield,45077000159,Pickens - Sheffield,PICKENS - SHEFFIELD,2391250.819173,Pickens,077,Sheffield,PICKENS - SHEFFIELD,PICKENS - SHEFFIELD,2391221.494591,0.999988,1
077,Pickens,Vinland,45077000149,Pickens - Vinland,PICKENS - VINLAND,14134673.546193,Pickens,077,Vinland,PICKENS - VINLAND,PICKENS - VINLAND,13946714.595220,0.986702,1
077,Pickens,Dacusville,45077000151,Pickens - Dacusville,PICKENS - DACUSVILLE,29135085.841588,Pickens,077,Dacusville,PICKENS - DACUSVILLE,PICKENS - DACUSVILLE,29078740.484621,0.998066,1
077,Pickens,Crossroads,45077000150,Pickens - Crossroads,PICKENS - CROSSROADS,26584270.965239,Pickens,077,Crossroads,PICKENS - CROSSROADS,PICKENS - CROSSROADS,26584270.939978,1.000000,1
077,Pickens,Georges Creek,45077000147,Pickens - Georges Creek,PICKENS - GEORGES CREEK,14426368.559401,Pickens,077,Georges Creek,PICKENS - GEORGES CREEK,PICKENS - GEORGES CREEK,14426368.559396,1.000000,1
077,Pickens,Crosswell,45077000146,Pickens - Crosswell,PICKENS - CROSSWELL,14994259.231474,Pickens,077,Crosswell,PICKENS - CROSSWELL,PICKENS - CROSSWELL,14974134.364913,0.998658,1
077,Pickens,Rock Springs,45077000144,Pickens - Rock Springs,PICKENS - ROCK SPRINGS,9245983.196739,Pickens,077,Rock Springs,PICKENS - ROCK SPRINGS,PICKENS - ROCK SPRINGS,9244934.555636,0.999887,1
077,Pickens,Lenhardt,45077000163,Pickens - Lenhardt,PICKENS - LENHARDT,11537982.647774,Pickens,077,Lenhardt,PICKENS - LENHARDT,PICKENS - LENHARDT,11537982.647771,1.000000,1
077,Pickens,Cedar Rock,45077000126,Pickens - Cedar Rock,PICKENS - CEDAR ROCK,17526651.027196,Pickens,077,Cedar Rock,PICKENS - CEDAR ROCK,PICKENS - CEDAR ROCK,17526646.145478,1.000000,1
077,Pickens,Tri County,45077000160,Pickens - Tri County,PICKENS - TRI COUNTY,1905420.959587,Pickens,077,Tri County,PICKENS - TRI COUNTY,PICKENS - TRI COUNTY,1904359.808987,0.999443,1
077,Pickens,Tri County,45077000160,Pickens - Tri County,PICKENS - TRI COUNTY,1905420.959587,Pickens,077,Sitton,PICKENS - SITTON,PICKENS - SITTON,1061.150599,0.000557,2
077,Pickens,McAlister,45077000161,Pickens - McAlister,PICKENS - MCALISTER,1806662.171249,Pickens,077,Mcalister,PICKENS - MCALISTER,PICKENS - MCALISTER,1806659.469030,0.999999,1
077,Pickens,Crestview,45077000142,Pickens - Crestview,PICKENS - CRESTVIEW,3276430.098952,Pickens,077,Crestview,PICKENS - CRESTVIEW,PICKENS - CRESTVIEW,3276425.946436,0.999999,1
077,Pickens,Skelton,45077000127,Pickens - Skelton,PICKENS - SKELTON,10878352.364201,Pickens,077,Skelton,PICKENS - SKELTON,PICKENS - SKELTON,10878352.364199,1.000000,1
077,Pickens,Sitton,45077000143,Pickens - Sitton,PICKENS - SITTON,1869663.434403,Pickens,077,Sitton,PICKENS - SITTON,PICKENS - SITTON,1869573.906563,0.999952,1
075,Orangeburg,Rowesville,45075000144,Orangeburg - Rowesville,ORANGEBURG - ROWESVILLE,110991108.220489,Orangeburg,075,Rowesville,ORANGEBURG - ROWESVILLE,ORANGEBURG - ROWESVILLE,110991108.220477,1.000000,1
075,Orangeburg,Bowman 1,45075000121,Orangeburg - Bowman 1,ORANGEBURG - BOWMAN 1,98013685.473810,Orangeburg,075,Bowman 1,ORANGEBURG - BOWMAN 1,ORANGEBURG - BOWMAN 1,98013685.473803,1.000000,1
075,Orangeburg,Bowman 2,45075000122,Orangeburg - Bowman 2,ORANGEBURG - BOWMAN 2,159221182.942612,Orangeburg,075,Bowman 2,ORANGEBURG - BOWMAN 2,ORANGEBURG - BOWMAN 2,159221182.942605,1.000000,1
075,Orangeburg,Branchville 1,45075000123,Orangeburg - Branchville 1,ORANGEBURG - BRANCHVILLE 1,127814691.413763,Orangeburg,075,Branchville 1,ORANGEBURG - BRANCHVILLE 1,ORANGEBURG - BRANCHVILLE 1,127814691.413752,1.000000,1
075,Orangeburg,Bethel,45075000120,Orangeburg - Bethel,ORANGEBURG - BETHEL,107270442.042586,Orangeburg,075,Bethel,ORANGEBURG - BETHEL,ORANGEBURG - BETHEL,107270442.042576,1.000000,1
075,Orangeburg,Branchville 2,45075000124,Orangeburg - Branchville 2,ORANGEBURG - BRANCHVILLE 2,62649886.245039,Orangeburg,075,Branchville 2,ORANGEBURG - BRANCHVILLE 2,ORANGEBURG - BRANCHVILLE 2,62649886.245031,1.000000,1
075,Orangeburg,Cordova 1,45075000127,Orangeburg - Cordova 1,ORANGEBURG - CORDOVA 1,45388873.369180,Orangeburg,075,Cordova 1,ORANGEBURG - CORDOVA 1,ORANGEBURG - CORDOVA 1,45388873.369175,1.000000,1
075,Orangeburg,Edisto,45075000128,Orangeburg - Edisto,ORANGEBURG - EDISTO,109451467.682856,Orangeburg,075,Edisto,ORANGEBURG - EDISTO,ORANGEBURG - EDISTO,109451467.682855,1.000000,1
075,Orangeburg,Cope,45075000126,Orangeburg - Cope,ORANGEBURG - COPE,110018732.890568,Orangeburg,075,Cope,ORANGEBURG - COPE,ORANGEBURG - COPE,110018732.890568,1.000000,1
075,Orangeburg,North 1,45075000140,Orangeburg - North 1,ORANGEBURG - NORTH 1,111372898.294415,Orangeburg,075,North 1,ORANGEBURG - NORTH 1,ORANGEBURG - NORTH 1,111372898.294408,1.000000,1
075,Orangeburg,Springfield,45075000147,Orangeburg - Springfield,ORANGEBURG - SPRINGFIELD,167789525.378162,Orangeburg,075,Springfield,ORANGEBURG - SPRINGFIELD,ORANGEBURG - SPRINGFIELD,167789525.378150,1.000000,1
075,Orangeburg,Elloree 2,45075000129,Orangeburg - Elloree 2,ORANGEBURG - ELLOREE 2,59710365.176083,Orangeburg,075,Elloree 2,ORANGEBURG - ELLOREE 2,ORANGEBURG - ELLOREE 2,59710365.176076,1.000000,1
075,Orangeburg,Elloree 1,45075000154,Orangeburg - Elloree 1,ORANGEBURG - ELLOREE 1,34000621.666637,Orangeburg,075,Elloree 1,ORANGEBURG - ELLOREE 1,ORANGEBURG - ELLOREE 1,34000621.666634,1.000000,1
075,Orangeburg,Providence,45075000143,Orangeburg - Providence,ORANGEBURG - PROVIDENCE,119524706.599516,Orangeburg,075,Providence,ORANGEBURG - PROVIDENCE,ORANGEBURG - PROVIDENCE,119524706.599509,1.000000,1
075,Orangeburg,Eutawville 1,45075000130,Orangeburg - Eutawville 1,ORANGEBURG - EUTAWVILLE 1,77595403.539374,Orangeburg,075,Eutawville 1,ORANGEBURG - EUTAWVILLE 1,ORANGEBURG - EUTAWVILLE 1,77595403.539365,1.000000,1
077,Pickens,Rices Creek,45077000128,Pickens - Rices Creek,PICKENS - RICES CREEK,16630021.348035,Pickens,077,Rices Creek,PICKENS - RICES CREEK,PICKENS - RICES CREEK,16630020.860331,1.000000,1
077,Pickens,East Liberty,45077000130,Pickens - East Liberty,PICKENS - EAST LIBERTY,11995119.444967,Pickens,077,East Liberty,PICKENS - EAST LIBERTY,PICKENS - EAST LIBERTY,11995108.784369,0.999999,1
077,Pickens,Glassy Mountain,45077000125,Pickens - Glassy Mountain,PICKENS - GLASSY MOUNTAIN,28717040.255063,Pickens,077,Glassy Mountain,PICKENS - GLASSY MOUNTAIN,PICKENS - GLASSY MOUNTAIN,28716684.358755,0.999988,1
077,Pickens,North Pickens,45077000121,Pickens - North Pickens,PICKENS - NORTH PICKENS,31990277.812476,Pickens,077,North Pickens,PICKENS - NORTH PICKENS,PICKENS - NORTH PICKENS,31990275.428732,1.000000,1
077,Pickens,Griffin,45077000120,Pickens - Griffin,PICKENS - GRIFFIN,48970821.248006,Pickens,077,Griffin,PICKENS - GRIFFIN,PICKENS - GRIFFIN,48969979.128867,0.999983,1
077,Pickens,South Pickens,45077000123,Pickens - South Pickens,PICKENS - SOUTH PICKENS,10365323.693218,Pickens,077,South Pickens,PICKENS - SOUTH PICKENS,PICKENS - SOUTH PICKENS,10361880.319781,0.999668,1
077,Pickens,Nine Forks,45077000152,Pickens - Nine Forks,PICKENS - NINE FORKS,55016607.541266,Pickens,077,Nine Forks,PICKENS - NINE FORKS,PICKENS - NINE FORKS,54937792.932780,0.998567,1
077,Pickens,Nine Forks,45077000152,Pickens - Nine Forks,PICKENS - NINE FORKS,55016607.541266,Pickens,077,Dacusville,PICKENS - DACUSVILLE,PICKENS - DACUSVILLE,34606.316106,0.000629,2
077,Pickens,Pendleton,45077000156,Pickens - Pendleton,PICKENS - PENDLETON,19654171.692955,Pickens,077,Pendleton,PICKENS - PENDLETON,PICKENS - PENDLETON,19654035.231530,0.999993,1
077,Pickens,Crescent Hill,45077000154,Pickens - Crescent Hill,PICKENS - CRESCENT HILL,11174378.281788,Pickens,077,Crescent Hill,PICKENS - CRESCENT HILL,PICKENS - CRESCENT HILL,11174321.937340,0.999995,1
077,Pickens,East Pickens,45077000124,Pickens - East Pickens,PICKENS - EAST PICKENS,9686675.918312,Pickens,077,East Pickens,PICKENS - EAST PICKENS,PICKENS - EAST PICKENS,9686673.222311,1.000000,1
077,Pickens,Pumpkintown,45077000119,Pickens - Pumpkintown,PICKENS - PUMPKINTOWN,102436930.098207,Pickens,077,Pumpkintown,PICKENS - PUMPKINTOWN,PICKENS - PUMPKINTOWN,102147280.840303,0.997172,1
077,Pickens,Flat Rock,45077000131,Pickens - Flat Rock,PICKENS - FLAT ROCK,34423907.901970,Pickens,077,Flat Rock,PICKENS - FLAT ROCK,PICKENS - FLAT ROCK,34423417.147467,0.999986,1
077,Pickens,West Liberty,45077000129,Pickens - West Liberty,PICKENS - WEST LIBERTY,10763264.105813,Pickens,077,West Liberty,PICKENS - WEST LIBERTY,PICKENS - WEST LIBERTY,10761524.047629,0.999838,1
031,Darlington,DARLINGTON NO. 6,45031000040,Darlington - DARLINGTON NO. 6,DARLINGTON - DARLINGTON NO. 6,14414596.967280,Darlington,031,Darlington No. 6,DARLINGTON - DARLINGTON NO. 6,DARLINGTON - DARLINGTON NO. 6,14343387.327062,0.995060,1
031,Darlington,DARLINGTON NO. 6,45031000040,Darlington - DARLINGTON NO. 6,DARLINGTON - DARLINGTON NO. 6,14414596.967280,Darlington,031,Swift Creek,DARLINGTON - SWIFT CREEK,DARLINGTON - SWIFT CREEK,42475.234108,0.002947,2
031,Darlington,DARLINGTON NO. 6,45031000040,Darlington - DARLINGTON NO. 6,DARLINGTON - DARLINGTON NO. 6,14414596.967280,Darlington,031,Darlington No. 3,DARLINGTON - DARLINGTON NO. 3,DARLINGTON - DARLINGTON NO. 3,16492.286676,0.001144,3
031,Darlington,DARLINGTON NO. 5,45031000011,Darlington - DARLINGTON NO. 5,DARLINGTON - DARLINGTON NO. 5,13095760.425526,Darlington,031,Darlington No. 5,DARLINGTON - DARLINGTON NO. 5,DARLINGTON - DARLINGTON NO. 5,12985729.788189,0.991598,1
031,Darlington,DARLINGTON NO. 5,45031000011,Darlington - DARLINGTON NO. 5,DARLINGTON - DARLINGTON NO. 5,13095760.425526,Darlington,031,Darlington No. 2,DARLINGTON - DARLINGTON NO. 2,DARLINGTON - DARLINGTON NO. 2,42297.918403,0.003230,2
031,Darlington,DARLINGTON NO. 5,45031000011,Darlington - DARLINGTON NO. 5,DARLINGTON - DARLINGTON NO. 5,13095760.425526,Darlington,031,High Hill,DARLINGTON - HIGH HILL,DARLINGTON - HIGH HILL,42119.830682,0.003216,3
031,Darlington,DARLINGTON NO. 5,45031000011,Darlington - DARLINGTON NO. 5,DARLINGTON - DARLINGTON NO. 5,13095760.425526,Darlington,031,Darlington No. 1,DARLINGTON - DARLINGTON NO. 1,DARLINGTON - DARLINGTON NO. 1,17556.745230,0.001341,4
031,Darlington,HIGH HILL,45031000021,Darlington - HIGH HILL,DARLINGTON - HIGH HILL,74891411.078286,Darlington,031,High Hill,DARLINGTON - HIGH HILL,DARLINGTON - HIGH HILL,74713015.900624,0.997618,1
031,Darlington,HIGH HILL,45031000021,Darlington - HIGH HILL,DARLINGTON - HIGH HILL,74891411.078286,Darlington,031,Lake Swamp,DARLINGTON - LAKE SWAMP,DARLINGTON - LAKE SWAMP,87922.133295,0.001174,2
031,Darlington,HIGH HILL,45031000021,Darlington - HIGH HILL,DARLINGTON - HIGH HILL,74891411.078286,Darlington,031,Indian Branch,DARLINGTON - INDIAN BRANCH,DARLINGTON - INDIAN BRANCH,57386.387947,0.000766,3
031,Darlington,DARLINGTON NO. 2,45031000008,Darlington - DARLINGTON NO. 2,DARLINGTON - DARLINGTON NO. 2,10252291.520528,Darlington,031,Darlington No. 2,DARLINGTON - DARLINGTON NO. 2,DARLINGTON - DARLINGTON NO. 2,10099639.054430,0.985110,1
031,Darlington,DARLINGTON NO. 2,45031000008,Darlington - DARLINGTON NO. 2,DARLINGTON - DARLINGTON NO. 2,10252291.520528,Darlington,031,Indian Branch,DARLINGTON - INDIAN BRANCH,DARLINGTON - INDIAN BRANCH,72511.278800,0.007073,2
031,Darlington,DARLINGTON NO. 2,45031000008,Darlington - DARLINGTON NO. 2,DARLINGTON - DARLINGTON NO. 2,10252291.520528,Darlington,031,High Hill,DARLINGTON - HIGH HILL,DARLINGTON - HIGH HILL,31415.661101,0.003064,3
031,Darlington,DARLINGTON NO. 2,45031000008,Darlington - DARLINGTON NO. 2,DARLINGTON - DARLINGTON NO. 2,10252291.520528,Darlington,031,Darlington No. 5,DARLINGTON - DARLINGTON NO. 5,DARLINGTON - DARLINGTON NO. 5,20314.214492,0.001981,4
031,Darlington,DARLINGTON NO. 2,45031000008,Darlington - DARLINGTON NO. 2,DARLINGTON - DARLINGTON NO. 2,10252291.520528,Darlington,031,Darlington No. 6,DARLINGTON - DARLINGTON NO. 6,DARLINGTON - DARLINGTON NO. 6,16112.814120,0.001572,5
031,Darlington,DARLINGTON NO. 2,45031000008,Darlington - DARLINGTON NO. 2,DARLINGTON - DARLINGTON NO. 2,10252291.520528,Darlington,031,Swift Creek,DARLINGTON - SWIFT CREEK,DARLINGTON - SWIFT CREEK,11593.741123,0.001131,6
031,Darlington,DARLINGTON NO. 3,45031000038,Darlington - DARLINGTON NO. 3,DARLINGTON - DARLINGTON NO. 3,18391816.549571,Darlington,031,Darlington No. 3,DARLINGTON - DARLINGTON NO. 3,DARLINGTON - DARLINGTON NO. 3,18295672.612267,0.994772,1
031,Darlington,DARLINGTON NO. 3,45031000038,Darlington - DARLINGTON NO. 3,DARLINGTON - DARLINGTON NO. 3,18391816.549571,Darlington,031,Mechanicsville,DARLINGTON - MECHANICSVILLE,DARLINGTON - MECHANICSVILLE,47124.363382,0.002562,2
031,Darlington,DARLINGTON NO. 3,45031000038,Darlington - DARLINGTON NO. 3,DARLINGTON - DARLINGTON NO. 3,18391816.549571,Darlington,031,Dovesville,DARLINGTON - DOVESVILLE,DARLINGTON - DOVESVILLE,27876.944469,0.001516,3
031,Darlington,DARLINGTON NO. 3,45031000038,Darlington - DARLINGTON NO. 3,DARLINGTON - DARLINGTON NO. 3,18391816.549571,Darlington,031,Darlington No. 6,DARLINGTON - DARLINGTON NO. 6,DARLINGTON - DARLINGTON NO. 6,18421.780431,0.001002,4
031,Darlington,MECHANICSVILLE,45031000028,Darlington - MECHANICSVILLE,DARLINGTON - MECHANICSVILLE,203797698.567460,Darlington,031,Mechanicsville,DARLINGTON - MECHANICSVILLE,DARLINGTON - MECHANICSVILLE,203617029.332500,0.999113,1
031,Darlington,MECHANICSVILLE,45031000028,Darlington - MECHANICSVILLE,DARLINGTON - MECHANICSVILLE,203797698.567460,Darlington,031,Dovesville,DARLINGTON - DOVESVILLE,DARLINGTON - DOVESVILLE,145005.369779,0.000712,2
031,Darlington,SWIFT CREEK,45031000037,Darlington - SWIFT CREEK,DARLINGTON - SWIFT CREEK,65049545.085711,Darlington,031,Swift Creek,DARLINGTON - SWIFT CREEK,DARLINGTON - SWIFT CREEK,64974963.983265,0.998853,1
031,Darlington,SWIFT CREEK,45031000037,Darlington - SWIFT CREEK,DARLINGTON - SWIFT CREEK,65049545.085711,Darlington,031,Indian Branch,DARLINGTON - INDIAN BRANCH,DARLINGTON - INDIAN BRANCH,37532.128614,0.000577,2
031,Darlington,DARLINGTON NO. 1,45031000007,Darlington - DARLINGTON NO. 1,DARLINGTON - DARLINGTON NO. 1,759682.374627,Darlington,031,Darlington No. 1,DARLINGTON - DARLINGTON NO. 1,DARLINGTON - DARLINGTON NO. 1,729133.789420,0.959788,1
031,Darlington,DARLINGTON NO. 1,45031000007,Darlington - DARLINGTON NO. 1,DARLINGTON - DARLINGTON NO. 1,759682.374627,Darlington,031,Darlington No. 2,DARLINGTON - DARLINGTON NO. 2,DARLINGTON - DARLINGTON NO. 2,25835.973967,0.034009,2
031,Darlington,DARLINGTON NO. 1,45031000007,Darlington - DARLINGTON NO. 1,DARLINGTON - DARLINGTON NO. 1,759682.374627,Darlington,031,Darlington No. 3,DARLINGTON - DARLINGTON NO. 3,DARLINGTON - DARLINGTON NO. 3,3007.502568,0.003959,3
031,Darlington,DARLINGTON NO. 1,45031000007,Darlington - DARLINGTON NO. 1,DARLINGTON - DARLINGTON NO. 1,759682.374627,Darlington,031,Darlington No. 6,DARLINGTON - DARLINGTON NO. 6,DARLINGTON - DARLINGTON NO. 6,1589.668088,0.002093,4
031,Darlington,PALMETTO,45031000033,Darlington - PALMETTO,DARLINGTON - PALMETTO,36122272.026716,Darlington,031,Palmetto,DARLINGTON - PALMETTO,DARLINGTON - PALMETTO,35796790.606843,0.990989,1
031,Darlington,PALMETTO,45031000033,Darlington - PALMETTO,DARLINGTON - PALMETTO,36122272.026716,Darlington,031,Darlington No. 4,DARLINGTON - DARLINGTON NO. 4,DARLINGTON - DARLINGTON NO. 4,271808.792188,0.007525,2
031,Darlington,PALMETTO,45031000033,Darlington - PALMETTO,DARLINGTON - PALMETTO,36122272.026716,Darlington,031,Mechanicsville,DARLINGTON - MECHANICSVILLE,DARLINGTON - MECHANICSVILLE,45799.074029,0.001268,3
031,Darlington,DARLINGTON NO. 4,45031000010,Darlington - DARLINGTON NO. 4,DARLINGTON - DARLINGTON NO. 4,27589940.845335,Darlington,031,Darlington No. 4,DARLINGTON - DARLINGTON NO. 4,DARLINGTON - DARLINGTON NO. 4,27472407.031108,0.995740,1
031,Darlington,DARLINGTON NO. 4,45031000010,Darlington - DARLINGTON NO. 4,DARLINGTON - DARLINGTON NO. 4,27589940.845335,Darlington,031,Darlington No. 3,DARLINGTON - DARLINGTON NO. 3,DARLINGTON - DARLINGTON NO. 3,43816.121796,0.001588,2
031,Darlington,DARLINGTON NO. 4,45031000010,Darlington - DARLINGTON NO. 4,DARLINGTON - DARLINGTON NO. 4,27589940.845335,Darlington,031,Darlington No. 5,DARLINGTON - DARLINGTON NO. 5,DARLINGTON - DARLINGTON NO. 5,34001.243911,0.001232,3
031,Darlington,DARLINGTON NO. 4,45031000010,Darlington - DARLINGTON NO. 4,DARLINGTON - DARLINGTON NO. 4,27589940.845335,Darlington,031,Mechanicsville,DARLINGTON - MECHANICSVILLE,DARLINGTON - MECHANICSVILLE,26649.017478,0.000966,4
031,Darlington,DOVESVILLE,45031000012,Darlington - DOVESVILLE,DARLINGTON - DOVESVILLE,110888653.419265,Darlington,031,Dovesville,DARLINGTON - DOVESVILLE,DARLINGTON - DOVESVILLE,110433987.279283,0.995900,1
031,Darlington,DOVESVILLE,45031000012,Darlington - DOVESVILLE,DARLINGTON - DOVESVILLE,110888653.419265,Darlington,031,Auburn,DARLINGTON - AUBURN,DARLINGTON - AUBURN,164512.238283,0.001484,2
031,Darlington,DOVESVILLE,45031000012,Darlington - DOVESVILLE,DARLINGTON - DOVESVILLE,110888653.419265,Darlington,031,Mechanicsville,DARLINGTON - MECHANICSVILLE,DARLINGTON - MECHANICSVILLE,104383.640418,0.000941,3
031,Darlington,DOVESVILLE,45031000012,Darlington - DOVESVILLE,DARLINGTON - DOVESVILLE,110888653.419265,Darlington,031,Darlington No. 3,DARLINGTON - DARLINGTON NO. 3,DARLINGTON - DARLINGTON NO. 3,73241.485297,0.000660,4
031,Darlington,AUBURN,45031000002,Darlington - AUBURN,DARLINGTON - AUBURN,43590565.436167,Darlington,031,Auburn,DARLINGTON - AUBURN,DARLINGTON - AUBURN,43382543.182681,0.995228,1
031,Darlington,AUBURN,45031000002,Darlington - AUBURN,DARLINGTON - AUBURN,43590565.436167,Darlington,031,Swift Creek,DARLINGTON - SWIFT CREEK,DARLINGTON - SWIFT CREEK,131943.937768,0.003027,2
031,Darlington,AUBURN,45031000002,Darlington - AUBURN,DARLINGTON - AUBURN,43590565.436167,Darlington,031,Dovesville,DARLINGTON - DOVESVILLE,DARLINGTON - DOVESVILLE,47194.501922,0.001083,3
031,Darlington,INDIAN BRANCH,45031000022,Darlington - INDIAN BRANCH,DARLINGTON - INDIAN BRANCH,22395792.253534,Darlington,031,Indian Branch,DARLINGTON - INDIAN BRANCH,DARLINGTON - INDIAN BRANCH,22334828.802890,0.997278,1
031,Darlington,INDIAN BRANCH,45031000022,Darlington - INDIAN BRANCH,DARLINGTON - INDIAN BRANCH,22395792.253534,Darlington,031,Swift Creek,DARLINGTON - SWIFT CREEK,DARLINGTON - SWIFT CREEK,53078.575673,0.002370,2
031,Darlington,HARTSVILLE NO. 6,45031000018,Darlington - HARTSVILLE NO. 6,DARLINGTON - HARTSVILLE NO. 6,3843720.398089,Darlington,031,Hartsville No. 6,DARLINGTON - HARTSVILLE NO. 6,DARLINGTON - HARTSVILLE NO. 6,3720317.100443,0.967895,1
031,Darlington,HARTSVILLE NO. 6,45031000018,Darlington - HARTSVILLE NO. 6,DARLINGTON - HARTSVILLE NO. 6,3843720.398089,Darlington,031,Hartsville No. 4,DARLINGTON - HARTSVILLE NO. 4,DARLINGTON - HARTSVILLE NO. 4,52963.536604,0.013779,2
031,Darlington,HARTSVILLE NO. 6,45031000018,Darlington - HARTSVILLE NO. 6,DARLINGTON - HARTSVILLE NO. 6,3843720.398089,Darlington,031,Hartsville No. 5,DARLINGTON - HARTSVILLE NO. 5,DARLINGTON - HARTSVILLE NO. 5,38460.626838,0.010006,3
031,Darlington,HARTSVILLE NO. 6,45031000018,Darlington - HARTSVILLE NO. 6,DARLINGTON - HARTSVILLE NO. 6,3843720.398089,Darlington,031,Bethel,DARLINGTON - BETHEL,DARLINGTON - BETHEL,31979.134204,0.008320,4
031,Darlington,HARTSVILLE NO. 7,45031000019,Darlington - HARTSVILLE NO. 7,DARLINGTON - HARTSVILLE NO. 7,9561861.161198,Darlington,031,Hartsville No. 7,DARLINGTON - HARTSVILLE NO. 7,DARLINGTON - HARTSVILLE NO. 7,9539361.154228,0.997647,1
031,Darlington,HARTSVILLE NO. 7,45031000019,Darlington - HARTSVILLE NO. 7,DARLINGTON - HARTSVILLE NO. 7,9561861.161198,Darlington,031,Hartsville No. 1,DARLINGTON - HARTSVILLE NO. 1,DARLINGTON - HARTSVILLE NO. 1,9609.592049,0.001005,2
031,Darlington,HARTSVILLE NO. 7,45031000019,Darlington - HARTSVILLE NO. 7,DARLINGTON - HARTSVILLE NO. 7,9561861.161198,Darlington,031,Hartsville No. 9,DARLINGTON - HARTSVILLE NO. 9,DARLINGTON - HARTSVILLE NO. 9,7766.052206,0.000812,3
031,Darlington,LYDIA,45031000027,Darlington - LYDIA,DARLINGTON - LYDIA,34726964.141893,Darlington,031,Lydia,DARLINGTON - LYDIA,DARLINGTON - LYDIA,34569551.631954,0.995467,1
031,Darlington,LYDIA,45031000027,Darlington - LYDIA,DARLINGTON - LYDIA,34726964.141893,Darlington,031,Oates,DARLINGTON - OATES,DARLINGTON - OATES,73699.488232,0.002122,2
031,Darlington,LYDIA,45031000027,Darlington - LYDIA,DARLINGTON - LYDIA,34726964.141893,Darlington,031,Bethel,DARLINGTON - BETHEL,DARLINGTON - BETHEL,70279.814227,0.002024,3
031,Darlington,BETHEL,45031000003,Darlington - BETHEL,DARLINGTON - BETHEL,37225834.267312,Darlington,031,Bethel,DARLINGTON - BETHEL,DARLINGTON - BETHEL,37051266.299479,0.995311,1
031,Darlington,BETHEL,45031000003,Darlington - BETHEL,DARLINGTON - BETHEL,37225834.267312,Darlington,031,Hartsville No. 4,DARLINGTON - HARTSVILLE NO. 4,DARLINGTON - HARTSVILLE NO. 4,71587.781471,0.001923,2
031,Darlington,BETHEL,45031000003,Darlington - BETHEL,DARLINGTON - BETHEL,37225834.267312,Darlington,031,Lydia,DARLINGTON - LYDIA,DARLINGTON - LYDIA,55422.434516,0.001489,3
031,Darlington,BETHEL,45031000003,Darlington - BETHEL,DARLINGTON - BETHEL,37225834.267312,Darlington,031,Swift Creek,DARLINGTON - SWIFT CREEK,DARLINGTON - SWIFT CREEK,43059.705869,0.001157,4
031,Darlington,HARTSVILLE NO. 5,45031000017,Darlington - HARTSVILLE NO. 5,DARLINGTON - HARTSVILLE NO. 5,8267060.657159,Darlington,031,Hartsville No. 5,DARLINGTON - HARTSVILLE NO. 5,DARLINGTON - HARTSVILLE NO. 5,8223519.680627,0.994733,1
031,Darlington,HARTSVILLE NO. 5,45031000017,Darlington - HARTSVILLE NO. 5,DARLINGTON - HARTSVILLE NO. 5,8267060.657159,Darlington,031,Hartsville No. 6,DARLINGTON - HARTSVILLE NO. 6,DARLINGTON - HARTSVILLE NO. 6,33994.517196,0.004112,2
031,Darlington,HARTSVILLE NO. 5,45031000017,Darlington - HARTSVILLE NO. 5,DARLINGTON - HARTSVILLE NO. 5,8267060.657159,Darlington,031,Kelleytown,DARLINGTON - KELLEYTOWN,DARLINGTON - KELLEYTOWN,5588.167770,0.000676,3
031,Darlington,BURNT BRANCH,45031000005,Darlington - BURNT BRANCH,DARLINGTON - BURNT BRANCH,31850606.689500,Darlington,031,Burnt Branch,DARLINGTON - BURNT BRANCH,DARLINGTON - BURNT BRANCH,31571764.711995,0.991245,1
031,Darlington,BURNT BRANCH,45031000005,Darlington - BURNT BRANCH,DARLINGTON - BURNT BRANCH,31850606.689500,Darlington,031,Lydia,DARLINGTON - LYDIA,DARLINGTON - LYDIA,145495.946528,0.004568,2
031,Darlington,BURNT BRANCH,45031000005,Darlington - BURNT BRANCH,DARLINGTON - BURNT BRANCH,31850606.689500,Darlington,031,Bethel,DARLINGTON - BETHEL,DARLINGTON - BETHEL,70409.154957,0.002211,3
031,Darlington,BURNT BRANCH,45031000005,Darlington - BURNT BRANCH,DARLINGTON - BURNT BRANCH,31850606.689500,Darlington,031,Kelleytown,DARLINGTON - KELLEYTOWN,DARLINGTON - KELLEYTOWN,49486.004029,0.001554,4
031,Darlington,HARTSVILLE NO. 4,45031000016,Darlington - HARTSVILLE NO. 4,DARLINGTON - HARTSVILLE NO. 4,18950409.117286,Darlington,031,Hartsville No. 4,DARLINGTON - HARTSVILLE NO. 4,DARLINGTON - HARTSVILLE NO. 4,18855006.439458,0.994966,1
031,Darlington,HARTSVILLE NO. 4,45031000016,Darlington - HARTSVILLE NO. 4,DARLINGTON - HARTSVILLE NO. 4,18950409.117286,Darlington,031,Bethel,DARLINGTON - BETHEL,DARLINGTON - BETHEL,44300.169180,0.002338,2
031,Darlington,HARTSVILLE NO. 4,45031000016,Darlington - HARTSVILLE NO. 4,DARLINGTON - HARTSVILLE NO. 4,18950409.117286,Darlington,031,Swift Creek,DARLINGTON - SWIFT CREEK,DARLINGTON - SWIFT CREEK,27558.016643,0.001454,3
031,Darlington,HARTSVILLE NO. 4,45031000016,Darlington - HARTSVILLE NO. 4,DARLINGTON - HARTSVILLE NO. 4,18950409.117286,Darlington,031,Hartsville No. 7,DARLINGTON - HARTSVILLE NO. 7,DARLINGTON - HARTSVILLE NO. 7,23544.492005,0.001242,4
031,Darlington,BLACK CREEK-CLYDE,45031000004,Darlington - BLACK CREEK-CLYDE,DARLINGTON - BLACK CREEK-CLYDE,70345057.875868,Darlington,031,Black Creek-clyde,DARLINGTON - BLACK CREEK-CLYDE,DARLINGTON - BLACK CREEK-CLYDE,70280567.615393,0.999083,1
031,Darlington,BLACK CREEK-CLYDE,45031000004,Darlington - BLACK CREEK-CLYDE,DARLINGTON - BLACK CREEK-CLYDE,70345057.875868,Darlington,031,Kelleytown,DARLINGTON - KELLEYTOWN,DARLINGTON - KELLEYTOWN,49526.241806,0.000704,2
031,Darlington,HARTSVILLE NO. 1,45031000013,Darlington - HARTSVILLE NO. 1,DARLINGTON - HARTSVILLE NO. 1,3818523.450611,Darlington,031,Hartsville No. 1,DARLINGTON - HARTSVILLE NO. 1,DARLINGTON - HARTSVILLE NO. 1,3718710.532021,0.973861,1
031,Darlington,HARTSVILLE NO. 1,45031000013,Darlington - HARTSVILLE NO. 1,DARLINGTON - HARTSVILLE NO. 1,3818523.450611,Darlington,031,Hartsville No. 5,DARLINGTON - HARTSVILLE NO. 5,DARLINGTON - HARTSVILLE NO. 5,70871.949642,0.018560,2
031,Darlington,HARTSVILLE NO. 1,45031000013,Darlington - HARTSVILLE NO. 1,DARLINGTON - HARTSVILLE NO. 1,3818523.450611,Darlington,031,Hartsville No. 7,DARLINGTON - HARTSVILLE NO. 7,DARLINGTON - HARTSVILLE NO. 7,16860.245290,0.004415,3
031,Darlington,HARTSVILLE NO. 1,45031000013,Darlington - HARTSVILLE NO. 1,DARLINGTON - HARTSVILLE NO. 1,3818523.450611,Darlington,031,Hartsville No. 8,DARLINGTON - HARTSVILLE NO. 8,DARLINGTON - HARTSVILLE NO. 8,9819.524275,0.002572,4
031,Darlington,HARTSVILLE NO. 1,45031000013,Darlington - HARTSVILLE NO. 1,DARLINGTON - HARTSVILLE NO. 1,3818523.450611,Darlington,031,Hartsville No. 4,DARLINGTON - HARTSVILLE NO. 4,DARLINGTON - HARTSVILLE NO. 4,2261.199383,0.000592,5
031,Darlington,KELLEYTOWN,45031000023,Darlington - KELLEYTOWN,DARLINGTON - KELLEYTOWN,26702452.302543,Darlington,031,Kelleytown,DARLINGTON - KELLEYTOWN,DARLINGTON - KELLEYTOWN,26536417.913588,0.993782,1
031,Darlington,KELLEYTOWN,45031000023,Darlington - KELLEYTOWN,DARLINGTON - KELLEYTOWN,26702452.302543,Darlington,031,Burnt Branch,DARLINGTON - BURNT BRANCH,DARLINGTON - BURNT BRANCH,80286.068772,0.003007,2
031,Darlington,KELLEYTOWN,45031000023,Darlington - KELLEYTOWN,DARLINGTON - KELLEYTOWN,26702452.302543,Darlington,031,Hartsville No. 5,DARLINGTON - HARTSVILLE NO. 5,DARLINGTON - HARTSVILLE NO. 5,54068.227958,0.002025,3
031,Darlington,KELLEYTOWN,45031000023,Darlington - KELLEYTOWN,DARLINGTON - KELLEYTOWN,26702452.302543,Darlington,031,Hartsville No. 1,DARLINGTON - HARTSVILLE NO. 1,DARLINGTON - HARTSVILLE NO. 1,29886.994983,0.001119,4
059,Laurens,CLINTON MILL,45059000034,Laurens - CLINTON MILL,LAURENS - CLINTON MILL,10866027.824266,Laurens,059,Clinton Mill,LAURENS - CLINTON MILL,LAURENS - CLINTON MILL,10866027.824264,1.000000,1
059,Laurens,CLINTON 1,45059000012,Laurens - CLINTON 1,LAURENS - CLINTON 1,164842578.670344,Laurens,059,Clinton 1,LAURENS - CLINTON 1,LAURENS - CLINTON 1,164842578.670332,1.000000,1
059,Laurens,CLINTON 2,45059000013,Laurens - CLINTON 2,LAURENS - CLINTON 2,5644051.510055,Laurens,059,Clinton 2,LAURENS - CLINTON 2,LAURENS - CLINTON 2,5644051.510054,1.000000,1
059,Laurens,LYDIA MILL,45059000015,Laurens - LYDIA MILL,LAURENS - LYDIA MILL,19315461.587527,Laurens,059,Lydia Mill,LAURENS - LYDIA MILL,LAURENS - LYDIA MILL,19276517.375584,0.997984,1
059,Laurens,LYDIA MILL,45059000015,Laurens - LYDIA MILL,LAURENS - LYDIA MILL,19315461.587527,Laurens,059,Clinton 2,LAURENS - CLINTON 2,LAURENS - CLINTON 2,38944.211940,0.002016,2
059,Laurens,JOANNA,45059000014,Laurens - JOANNA,LAURENS - JOANNA,177574292.724462,Laurens,059,Joanna,LAURENS - JOANNA,LAURENS - JOANNA,177574292.724453,1.000000,1
059,Laurens,LONG BRANCH,45059000025,Laurens - LONG BRANCH,LAURENS - LONG BRANCH,128469614.943832,Laurens,059,Long Branch,LAURENS - LONG BRANCH,LAURENS - LONG BRANCH,128469614.943822,1.000000,1
059,Laurens,CLINTON 3,45059000017,Laurens - CLINTON 3,LAURENS - CLINTON 3,37628930.563619,Laurens,059,Clinton 3,LAURENS - CLINTON 3,LAURENS - CLINTON 3,36736675.194072,0.976288,1
059,Laurens,CLINTON 3,45059000017,Laurens - CLINTON 3,LAURENS - CLINTON 3,37628930.563619,Laurens,059,Clinton 2,LAURENS - CLINTON 2,LAURENS - CLINTON 2,892255.256285,0.023712,2
059,Laurens,BAILEY,45059000007,Laurens - BAILEY,LAURENS - BAILEY,51212776.218793,Laurens,059,Bailey,LAURENS - BAILEY,LAURENS - BAILEY,51212776.218785,1.000000,1
059,Laurens,MOUNTVILLE,45059000016,Laurens - MOUNTVILLE,LAURENS - MOUNTVILLE,105262082.488689,Laurens,059,Mountville,LAURENS - MOUNTVILLE,LAURENS - MOUNTVILLE,105262082.488689,1.000000,1
059,Laurens,CROSS HILL,45059000026,Laurens - CROSS HILL,LAURENS - CROSS HILL,145904148.549262,Laurens,059,Cross Hill,LAURENS - CROSS HILL,LAURENS - CROSS HILL,145904148.549253,1.000000,1
059,Laurens,WATERLOO,45059000027,Laurens - WATERLOO,LAURENS - WATERLOO,71946135.329730,Laurens,059,Waterloo,LAURENS - WATERLOO,LAURENS - WATERLOO,71946135.329719,1.000000,1
059,Laurens,YOUNGS,45059000023,Laurens - YOUNGS,LAURENS - YOUNGS,61879035.297091,Laurens,059,Youngs,LAURENS - YOUNGS,LAURENS - YOUNGS,61879035.297082,1.000000,1
059,Laurens,COOKS,45059000022,Laurens - COOKS,LAURENS - COOKS,53721242.069042,Laurens,059,Cooks,LAURENS - COOKS,LAURENS - COOKS,47487284.527422,0.883957,1
059,Laurens,COOKS,45059000022,Laurens - COOKS,LAURENS - COOKS,53721242.069042,Laurens,059,Jones,LAURENS - JONES,LAURENS - JONES,6233957.506538,0.116043,2
059,Laurens,JONES,45059000018,Laurens - JONES,LAURENS - JONES,27363781.951621,Laurens,059,Jones,LAURENS - JONES,LAURENS - JONES,27363780.330400,1.000000,1
059,Laurens,GRAY COURT,45059000020,Laurens - GRAY COURT,LAURENS - GRAY COURT,55167279.556703,Laurens,059,Gray Court,LAURENS - GRAY COURT,LAURENS - GRAY COURT,55167279.556696,1.000000,1
059,Laurens,EKOM,45059000029,Laurens - EKOM,LAURENS - EKOM,69665047.417140,Laurens,059,Ekom,LAURENS - EKOM,LAURENS - EKOM,69665047.417129,1.000000,1
059,Laurens,OWINGS,45059000019,Laurens - OWINGS,LAURENS - OWINGS,34763873.012216,Laurens,059,Gray Court,LAURENS - GRAY COURT,LAURENS - GRAY COURT,34763873.012213,1.000000,1
059,Laurens,BARKSDALE-NARINE,45059000010,Laurens - BARKSDALE-NARINE,LAURENS - BARKSDALE-NARINE,48634916.954500,Laurens,059,Barksdale-narine,LAURENS - BARKSDALE-NARINE,LAURENS - BARKSDALE-NARINE,48634916.954494,1.000000,1
059,Laurens,ORA-LANFORD,45059000024,Laurens - ORA-LANFORD,LAURENS - ORA-LANFORD,109798945.382198,Laurens,059,Ora-lanford,LAURENS - ORA-LANFORD,LAURENS - ORA-LANFORD,109798945.382192,1.000000,1
059,Laurens,GREENPOND,45059000021,Laurens - GREENPOND,LAURENS - GREENPOND,47589480.152860,Laurens,059,Greenpond,LAURENS - GREENPOND,LAURENS - GREENPOND,47589480.152853,1.000000,1
059,Laurens,WATTSVILLE,45059000009,Laurens - WATTSVILLE,LAURENS - WATTSVILLE,30884999.312685,Laurens,059,Wattsville,LAURENS - WATTSVILLE,LAURENS - WATTSVILLE,30884999.312681,1.000000,1
059,Laurens,LAURENS 6,45059000006,Laurens - LAURENS 6,LAURENS - LAURENS 6,6008266.120801,Laurens,059,Laurens 6,LAURENS - LAURENS 6,LAURENS - LAURENS 6,5423227.996788,0.902628,1
059,Laurens,MARTINS-POPLAR SPRINGS,45059000028,Laurens - MARTINS-POPLAR SPRINGS,LAURENS - MARTINS-POPLAR SPRINGS,46669686.044486,Laurens,059,Martins-poplar Springs,LAURENS - MARTINS-POPLAR SPRINGS,LAURENS - MARTINS-POPLAR SPRINGS,46669686.044479,1.000000,1
059,Laurens,MOUNT OLIVE,45059000030,Laurens - MOUNT OLIVE,LAURENS - MOUNT OLIVE,59718833.364022,Laurens,059,Mount Olive,LAURENS - MOUNT OLIVE,LAURENS - MOUNT OLIVE,59718833.364015,1.000000,1
059,Laurens,LAURENS 4,45059000004,Laurens - LAURENS 4,LAURENS - LAURENS 4,4164063.397551,Laurens,059,Laurens 4,LAURENS - LAURENS 4,LAURENS - LAURENS 4,4164063.397549,1.000000,1
059,Laurens,LAURENS 3,45059000003,Laurens - LAURENS 3,LAURENS - LAURENS 3,4276817.404189,Laurens,059,Laurens 3,LAURENS - LAURENS 3,LAURENS - LAURENS 3,4276817.404186,1.000000,1
059,Laurens,MADDENS,45059000011,Laurens - MADDENS,LAURENS - MADDENS,65255055.452239,Laurens,059,Maddens,LAURENS - MADDENS,LAURENS - MADDENS,65255055.452239,1.000000,1
059,Laurens,HICKORY TAVERN,45059000031,Laurens - HICKORY TAVERN,LAURENS - HICKORY TAVERN,92295629.114501,Laurens,059,Hickory Tavern,LAURENS - HICKORY TAVERN,LAURENS - HICKORY TAVERN,92295629.114490,1.000000,1
059,Laurens,BREWERTON - PRINCETON,45059000033,Laurens - BREWERTON - PRINCETON,LAURENS - BREWERTON - PRINCETON,70460781.537717,Laurens,059,Brewerton - Princeton,LAURENS - BREWERTON - PRINCETON,LAURENS - BREWERTON - PRINCETON,70460781.537709,1.000000,1
059,Laurens,LAURENS 2,45059000002,Laurens - LAURENS 2,LAURENS - LAURENS 2,2994773.541447,Laurens,059,Laurens 2,LAURENS - LAURENS 2,LAURENS - LAURENS 2,2994773.541446,1.000000,1
059,Laurens,TRINITY RIDGE,45059000008,Laurens - TRINITY RIDGE,LAURENS - TRINITY RIDGE,55386002.421603,Laurens,059,Trinity Ridge,LAURENS - TRINITY RIDGE,LAURENS - TRINITY RIDGE,55386002.421596,1.000000,1
059,Laurens,LAURENS 5,45059000005,Laurens - LAURENS 5,LAURENS - LAURENS 5,4377129.837378,Laurens,059,Laurens 5,LAURENS - LAURENS 5,LAURENS - LAURENS 5,4377129.837376,1.000000,1
059,Laurens,LAURENS 1,45059000001,Laurens - LAURENS 1,LAURENS - LAURENS 1,2646715.735704,Laurens,059,Laurens 1,LAURENS - LAURENS 1,LAURENS - LAURENS 1,2598649.323902,0.981839,1
059,Laurens,LAURENS 1,45059000001,Laurens - LAURENS 1,LAURENS - LAURENS 1,2646715.735704,Laurens,059,Laurens 6,LAURENS - LAURENS 6,LAURENS - LAURENS 6,28872.993798,0.010909,2
059,Laurens,LAURENS 1,45059000001,Laurens - LAURENS 1,LAURENS - LAURENS 1,2646715.735704,Laurens,059,Laurens 2,LAURENS - LAURENS 2,LAURENS - LAURENS 2,19193.418003,0.007252,3
091,York,Palmetto,45091000068,York - Palmetto,YORK - PALMETTO,1847611.434552,York,091,Palmetto,YORK - PALMETTO,YORK - PALMETTO,1847611.434551,1.000000,1
091,York,Windjammer,45091000016,York - Windjammer,YORK - WINDJAMMER,2609066.454787,York,091,Windjammer,YORK - WINDJAMMER,YORK - WINDJAMMER,2609066.454785,1.000000,1
091,York,Shoreline,45091000050,York - Shoreline,YORK - SHORELINE,2763488.950976,York,091,Shoreline,YORK - SHORELINE,YORK - SHORELINE,2763488.950975,1.000000,1
091,York,Dobys Bridge,45091000059,York - Dobys Bridge,YORK - DOBYS BRIDGE,12723433.469896,York,091,Dobys Bridge,YORK - DOBYS BRIDGE,YORK - DOBYS BRIDGE,12723433.469893,1.000000,1
091,York,Nation Ford,45091000082,York - Nation Ford,YORK - NATION FORD,3303598.676119,York,091,Nation Ford,YORK - NATION FORD,YORK - NATION FORD,3303598.676118,1.000000,1
091,York,Bullocks Creek,45091000006,York - Bullocks Creek,YORK - BULLOCKS CREEK,106720958.617339,York,091,Bullocks Creek,YORK - BULLOCKS CREEK,YORK - BULLOCKS CREEK,106720958.617333,1.000000,1
091,York,Hickory Grove,45091000018,York - Hickory Grove,YORK - HICKORY GROVE,124467484.712441,York,091,Hickory Grove,YORK - HICKORY GROVE,YORK - HICKORY GROVE,124467484.712429,1.000000,1
091,York,Cannon Mill,45091000007,York - Cannon Mill,YORK - CANNON MILL,19490799.484264,York,091,Cannon Mill,YORK - CANNON MILL,YORK - CANNON MILL,19490799.484263,1.000000,1
091,York,Delphia,45091000012,York - Delphia,YORK - DELPHIA,82482880.123782,York,091,Delphia,YORK - DELPHIA,YORK - DELPHIA,82482880.123774,1.000000,1
091,York,McConnells,45091000022,York - McConnells,YORK - MCCONNELLS,127851224.922505,York,091,Mcconnells,YORK - MCCONNELLS,YORK - MCCONNELLS,127851224.922498,1.000000,1
091,York,Ogden,45091000028,York - Ogden,YORK - OGDEN,62537327.393844,York,091,Ogden,YORK - OGDEN,YORK - OGDEN,62537327.393836,1.000000,1
091,York,Celanese,45091000096,York - Celanese,YORK - CELANESE,11496867.442756,York,091,Celanese,YORK - CELANESE,YORK - CELANESE,11496867.442755,1.000000,1
091,York,Oakridge,45091000027,York - Oakridge,YORK - OAKRIDGE,60345257.645200,York,091,Oakridge,YORK - OAKRIDGE,YORK - OAKRIDGE,60345257.645194,1.000000,1
091,York,Ebinport,45091000051,York - Ebinport,YORK - EBINPORT,4549217.608636,York,091,Ebinport,YORK - EBINPORT,YORK - EBINPORT,4549217.608634,1.000000,1
091,York,Manchester,45091000080,York - Manchester,YORK - MANCHESTER,3288179.267853,York,091,Manchester,YORK - MANCHESTER,YORK - MANCHESTER,3288179.267851,1.000000,1
091,York,Ferry Branch,45091000076,York - Ferry Branch,YORK - FERRY BRANCH,26809016.028475,York,091,Ferry Branch,YORK - FERRY BRANCH,YORK - FERRY BRANCH,26809016.028469,1.000000,1
091,York,Six Mile,45091000085,York - Six Mile,YORK - SIX MILE,14614202.238397,York,091,Six Mile,YORK - SIX MILE,YORK - SIX MILE,14614202.238395,1.000000,1
091,York,Laurel Creek,45091000063,York - Laurel Creek,YORK - LAUREL CREEK,3324295.876687,York,091,Laurel Creek,YORK - LAUREL CREEK,YORK - LAUREL CREEK,3324295.876686,1.000000,1
091,York,Neelys Creek,45091000083,York - Neelys Creek,YORK - NEELYS CREEK,8215631.678299,York,091,Neelys Creek,YORK - NEELYS CREEK,YORK - NEELYS CREEK,8215631.678296,1.000000,1
091,York,Anderson Road,45091000056,York - Anderson Road,YORK - ANDERSON ROAD,8047675.333385,York,091,Anderson Road,YORK - ANDERSON ROAD,YORK - ANDERSON ROAD,8028605.932131,0.997630,1
091,York,Anderson Road,45091000056,York - Anderson Road,YORK - ANDERSON ROAD,8047675.333385,York,091,Celanese,YORK - CELANESE,YORK - CELANESE,9931.915867,0.001234,2
091,York,Anderson Road,45091000056,York - Anderson Road,YORK - ANDERSON ROAD,8047675.333385,York,091,Springdale,YORK - SPRINGDALE,YORK - SPRINGDALE,9042.147771,0.001124,3
091,York,Mt. Gallant,45091000025,York - Mt. Gallant,YORK - MT. GALLANT,8935463.980154,York,091,Mt. Gallant,YORK - MT. GALLANT,YORK - MT. GALLANT,8935463.980151,1.000000,1
091,York,Allison Creek,45091000055,York - Allison Creek,YORK - ALLISON CREEK,17416961.359969,York,091,Allison Creek,YORK - ALLISON CREEK,YORK - ALLISON CREEK,17416961.359966,1.000000,1
091,York,Rock Hill No. 3,45091000032,York - Rock Hill No. 3,YORK - ROCK HILL NO. 3,5677129.216397,York,091,Rock Hill No. 3,YORK - ROCK HILL NO. 3,YORK - ROCK HILL NO. 3,5677129.216395,1.000000,1
091,York,Rock Hill No. 2,45091000031,York - Rock Hill No. 2,YORK - ROCK HILL NO. 2,2131362.348098,York,091,Rock Hill No. 2,YORK - ROCK HILL NO. 2,YORK - ROCK HILL NO. 2,2131362.348097,1.000000,1
091,York,Rock Hill No. 5,45091000034,York - Rock Hill No. 5,YORK - ROCK HILL NO. 5,2503549.986134,York,091,Rock Hill No. 5,YORK - ROCK HILL NO. 5,YORK - ROCK HILL NO. 5,2503549.986133,1.000000,1
091,York,Rock Hill No. 6,45091000035,York - Rock Hill No. 6,YORK - ROCK HILL NO. 6,1521453.552407,York,091,Rock Hill No. 6,YORK - ROCK HILL NO. 6,YORK - ROCK HILL NO. 6,1521453.552406,1.000000,1
091,York,Oakwood,45091000029,York - Oakwood,YORK - OAKWOOD,2826485.920244,York,091,Oakwood,YORK - OAKWOOD,YORK - OAKWOOD,2826485.920243,1.000000,1
091,York,New Home,45091000057,York - New Home,YORK - NEW HOME,35898002.953692,York,091,New Home,YORK - NEW HOME,YORK - NEW HOME,35898002.953685,1.000000,1
091,York,Highland Park,45091000019,York - Highland Park,YORK - HIGHLAND PARK,1984833.714267,York,091,Highland Park,YORK - HIGHLAND PARK,YORK - HIGHLAND PARK,1984833.714266,1.000000,1
091,York,Rock Hill No. 8,45091000037,York - Rock Hill No. 8,YORK - ROCK HILL NO. 8,10074764.829242,York,091,Rock Hill No. 8,YORK - ROCK HILL NO. 8,YORK - ROCK HILL NO. 8,10074764.829239,1.000000,1
091,York,Edgewood,45091000044,York - Edgewood,YORK - EDGEWOOD,6251965.064869,York,091,Edgewood,YORK - EDGEWOOD,YORK - EDGEWOOD,6251965.064867,1.000000,1
091,York,Hopewell,45091000079,York - Hopewell,YORK - HOPEWELL,10939044.806943,York,091,Hopewell,YORK - HOPEWELL,YORK - HOPEWELL,10930797.593276,0.999246,1
091,York,Lesslie,45091000047,York - Lesslie,YORK - LESSLIE,11692250.476583,York,091,Lesslie,YORK - LESSLIE,YORK - LESSLIE,11692250.476580,1.000000,1
091,York,Old Pointe,45091000072,York - Old Pointe,YORK - OLD POINTE,4389462.309708,York,091,Old Pointe,YORK - OLD POINTE,YORK - OLD POINTE,4389462.309706,1.000000,1
091,York,Rock Hill No. 7,45091000036,York - Rock Hill No. 7,YORK - ROCK HILL NO. 7,2840833.940374,York,091,Rock Hill No. 7,YORK - ROCK HILL NO. 7,YORK - ROCK HILL NO. 7,2840833.940374,1.000000,1
091,York,Northwestern,45091000049,York - Northwestern,YORK - NORTHWESTERN,6596641.956682,York,091,Northwestern,YORK - NORTHWESTERN,YORK - NORTHWESTERN,6596641.956681,1.000000,1
091,York,Tools Fork,45091000073,York - Tools Fork,YORK - TOOLS FORK,14372583.207033,York,091,Tools Fork,YORK - TOOLS FORK,YORK - TOOLS FORK,14372583.207031,1.000000,1
091,York,Hollis Lakes,45091000078,York - Hollis Lakes,YORK - HOLLIS LAKES,2691921.024666,York,091,Hollis Lakes,YORK - HOLLIS LAKES,YORK - HOLLIS LAKES,2691921.024664,1.000000,1
091,York,Ebenezer,45091000013,York - Ebenezer,YORK - EBENEZER,3071451.788313,York,091,Ebenezer,YORK - EBENEZER,YORK - EBENEZER,3071451.788312,1.000000,1
091,York,Fewell Park,45091000045,York - Fewell Park,YORK - FEWELL PARK,1902698.996506,York,091,Fewell Park,YORK - FEWELL PARK,YORK - FEWELL PARK,1902698.996506,1.000000,1
091,York,Lakewood,45091000062,York - Lakewood,YORK - LAKEWOOD,5891647.589521,York,091,Lakewood,YORK - LAKEWOOD,YORK - LAKEWOOD,5891647.589519,1.000000,1
091,York,Harvest,45091000071,York - Harvest,YORK - HARVEST,6687796.813181,York,091,Harvest,YORK - HARVEST,YORK - HARVEST,6687796.813179,1.000000,1
091,York,University,45091000052,York - University,YORK - UNIVERSITY,3915016.151425,York,091,University,YORK - UNIVERSITY,YORK - UNIVERSITY,3915016.151424,1.000000,1
091,York,Tega Cay,45091000069,York - Tega Cay,YORK - TEGA CAY,2268363.619035,York,091,Tega Cay,YORK - TEGA CAY,YORK - TEGA CAY,2268363.619034,1.000000,1
091,York,Springdale,45091000086,York - Springdale,YORK - SPRINGDALE,3737544.813416,York,091,Springdale,YORK - SPRINGDALE,YORK - SPRINGDALE,3724725.462969,0.996570,1
091,York,Springdale,45091000086,York - Springdale,YORK - SPRINGDALE,3737544.813416,York,091,Carolina,YORK - CAROLINA,YORK - CAROLINA,8934.092588,0.002390,2
091,York,Springdale,45091000086,York - Springdale,YORK - SPRINGDALE,3737544.813416,York,091,Anderson Road,YORK - ANDERSON ROAD,YORK - ANDERSON ROAD,3861.462939,0.001033,3
091,York,Sharon,45091000038,York - Sharon,YORK - SHARON,87199772.161489,York,091,Sharon,YORK - SHARON,YORK - SHARON,87199772.161480,1.000000,1
091,York,Filbert,45091000014,York - Filbert,YORK - FILBERT,36932307.929110,York,091,Filbert,YORK - FILBERT,YORK - FILBERT,36932307.929104,1.000000,1
091,York,Tirzah,45091000040,York - Tirzah,YORK - TIRZAH,23995163.658613,York,091,Tirzah,YORK - TIRZAH,YORK - TIRZAH,23995163.658610,1.000000,1
091,York,York No. 2,45091000042,York - York No. 2,YORK - YORK NO. 2,22388277.392799,York,091,York No. 2,YORK - YORK NO. 2,YORK - YORK NO. 2,22388277.392794,1.000000,1
091,York,Airport,45091000030,York - Airport,YORK - AIRPORT,6160485.699145,York,091,Airport,YORK - AIRPORT,YORK - AIRPORT,6160485.699142,1.000000,1
091,York,India Hook,45091000043,York - India Hook,YORK - INDIA HOOK,7658598.270246,York,091,India Hook,YORK - INDIA HOOK,YORK - INDIA HOOK,7658598.270244,1.000000,1
091,York,Friendship,45091000077,York - Friendship,YORK - FRIENDSHIP,14437257.779550,York,091,Friendship,YORK - FRIENDSHIP,YORK - FRIENDSHIP,14437257.779547,1.000000,1
091,York,York No. 1,45091000041,York - York No. 1,YORK - YORK NO. 1,23357184.108284,York,091,York No. 1,YORK - YORK NO. 1,YORK - YORK NO. 1,23357184.108280,1.000000,1
091,York,Rosewood,45091000048,York - Rosewood,YORK - ROSEWOOD,4191997.396415,York,091,Rosewood,YORK - ROSEWOOD,YORK - ROSEWOOD,4191997.396414,1.000000,1
091,York,Catawba,45091000008,York - Catawba,YORK - CATAWBA,51327884.954583,York,091,Catawba,YORK - CATAWBA,YORK - CATAWBA,51327884.954581,1.000000,1
091,York,Mt. Holly,45091000023,York - Mt. Holly,YORK - MT. HOLLY,32047468.545852,York,091,Mt. Holly,YORK - MT. HOLLY,YORK - MT. HOLLY,32047468.545846,1.000000,1
091,York,Independence,45091000021,York - Independence,YORK - INDEPENDENCE,17269056.369779,York,091,Independence,YORK - INDEPENDENCE,YORK - INDEPENDENCE,17269056.369775,1.000000,1
091,York,Newport,45091000024,York - Newport,YORK - NEWPORT,9003025.006130,York,091,Newport,YORK - NEWPORT,YORK - NEWPORT,9003025.006128,1.000000,1
091,York,Adnah,45091000070,York - Adnah,YORK - ADNAH,6641367.229744,York,091,Adnah,YORK - ADNAH,YORK - ADNAH,6641367.229741,1.000000,1
091,York,Northside,45091000026,York - Northside,YORK - NORTHSIDE,3782131.031169,York,091,Northside,YORK - NORTHSIDE,YORK - NORTHSIDE,3782131.031168,1.000000,1
091,York,Rock Hill No. 4,45091000033,York - Rock Hill No. 4,YORK - ROCK HILL NO. 4,2691905.988152,York,091,Rock Hill No. 4,YORK - ROCK HILL NO. 4,YORK - ROCK HILL NO. 4,2691905.988151,1.000000,1
083,Spartanburg,Cross Anchor Fire Station,45083000028,Spartanburg - Cross Anchor Fire Station,SPARTANBURG - CROSS ANCHOR FIRE STATION,69941712.963351,Spartanburg,083,Cross Anchor Fire Station,SPARTANBURG - CROSS ANCHOR FIRE STATION,SPARTANBURG - CROSS ANCHOR FIRE STATION,69941712.963351,1.000000,1
083,Spartanburg,Poplar Springs Fire Station,45083000062,Spartanburg - Poplar Springs Fire Station,SPARTANBURG - POPLAR SPRINGS FIRE STATION,18850219.774774,Spartanburg,083,Poplar Springs Fire Station,SPARTANBURG - POPLAR SPRINGS FIRE STATION,SPARTANBURG - POPLAR SPRINGS FIRE STATION,18850219.774774,1.000000,1
083,Spartanburg,Swofford Career Center,45083000057,Spartanburg - Swofford Career Center,SPARTANBURG - SWOFFORD CAREER CENTER,70903990.093830,Spartanburg,083,New Prospect,SPARTANBURG - NEW PROSPECT,SPARTANBURG - NEW PROSPECT,54205076.024763,0.764486,1
083,Spartanburg,Swofford Career Center,45083000057,Spartanburg - Swofford Career Center,SPARTANBURG - SWOFFORD CAREER CENTER,70903990.093830,Spartanburg,083,Swofford Career Center,SPARTANBURG - SWOFFORD CAREER CENTER,SPARTANBURG - SWOFFORD CAREER CENTER,16698913.710385,0.235514,2
083,Spartanburg,Victor Mill Methodist,45083000095,Spartanburg - Victor Mill Methodist,SPARTANBURG - VICTOR MILL METHODIST,31325605.469641,Spartanburg,083,Victor Mill Methodist,SPARTANBURG - VICTOR MILL METHODIST,SPARTANBURG - VICTOR MILL METHODIST,31325605.469636,1.000000,1
083,Spartanburg,Boiling Springs Intermediate,45083000112,Spartanburg - Boiling Springs Intermediate,SPARTANBURG - BOILING SPRINGS INTERMEDIATE,23275141.641294,Spartanburg,083,Chestnut Lake,SPARTANBURG - CHESTNUT LAKE,SPARTANBURG - CHESTNUT LAKE,14262525.334396,0.612779,1
083,Spartanburg,Boiling Springs Intermediate,45083000112,Spartanburg - Boiling Springs Intermediate,SPARTANBURG - BOILING SPRINGS INTERMEDIATE,23275141.641294,Spartanburg,083,Hanging Rock,SPARTANBURG - HANGING ROCK,SPARTANBURG - HANGING ROCK,9012616.253920,0.387221,2
083,Spartanburg,Greater St. James,45083000116,Spartanburg - Greater St. James,SPARTANBURG - GREATER ST. JAMES,9994439.074869,Spartanburg,083,Greater St. James,SPARTANBURG - GREATER ST. JAMES,SPARTANBURG - GREATER ST. JAMES,9994439.074867,1.000000,1
083,Spartanburg,Chapman High School,45083000045,Spartanburg - Chapman High School,SPARTANBURG - CHAPMAN HIGH SCHOOL,24863882.305293,Spartanburg,083,Inman,SPARTANBURG - INMAN,SPARTANBURG - INMAN,12798545.249340,0.514744,1
083,Spartanburg,Chapman High School,45083000045,Spartanburg - Chapman High School,SPARTANBURG - CHAPMAN HIGH SCHOOL,24863882.305293,Spartanburg,083,Chapman High School,SPARTANBURG - CHAPMAN HIGH SCHOOL,SPARTANBURG - CHAPMAN HIGH SCHOOL,12065337.055950,0.485256,2
083,Spartanburg,Gramling Methodist,45083000040,Spartanburg - Gramling Methodist,SPARTANBURG - GRAMLING METHODIST,24237635.769792,Spartanburg,083,Gramling Methodist,SPARTANBURG - GRAMLING METHODIST,SPARTANBURG - GRAMLING METHODIST,24237635.769786,1.000000,1
083,Spartanburg,Cedar Grove Baptist,45083000033,Spartanburg - Cedar Grove Baptist,SPARTANBURG - CEDAR GROVE BAPTIST,2986462.865860,Spartanburg,083,Wade Hampton,SPARTANBURG - WADE HAMPTON,SPARTANBURG - WADE HAMPTON,2986462.865860,1.000000,1
083,Spartanburg,Abner Creek Baptist,45083000030,Spartanburg - Abner Creek Baptist,SPARTANBURG - ABNER CREEK BAPTIST,29144878.052911,Spartanburg,083,Abner Creek Baptist,SPARTANBURG - ABNER CREEK BAPTIST,SPARTANBURG - ABNER CREEK BAPTIST,29144878.052908,1.000000,1
083,Spartanburg,Lyman Elementary,45083000139,Spartanburg - Lyman Elementary,SPARTANBURG - LYMAN ELEMENTARY,15795896.350007,Spartanburg,083,Lyman Elementary,SPARTANBURG - LYMAN ELEMENTARY,SPARTANBURG - LYMAN ELEMENTARY,15795896.350003,1.000000,1
083,Spartanburg,Duncan United Methodist,45083000136,Spartanburg - Duncan United Methodist,SPARTANBURG - DUNCAN UNITED METHODIST,18726305.089996,Spartanburg,083,Duncan United Methodist,SPARTANBURG - DUNCAN UNITED METHODIST,SPARTANBURG - DUNCAN UNITED METHODIST,18668534.396771,0.996915,1
083,Spartanburg,Duncan United Methodist,45083000136,Spartanburg - Duncan United Methodist,SPARTANBURG - DUNCAN UNITED METHODIST,18726305.089996,Spartanburg,083,Lyman,SPARTANBURG - LYMAN,SPARTANBURG - LYMAN,57770.693221,0.003085,2
083,Spartanburg,D. R. Hill Middle School,45083000138,Spartanburg - D. R. Hill Middle School,SPARTANBURG - D. R. HILL MIDDLE SCHOOL,25963426.627832,Spartanburg,083,D. R. Hill Middle School,SPARTANBURG - D. R. HILL MIDDLE SCHOOL,SPARTANBURG - D. R. HILL MIDDLE SCHOOL,25963426.627828,1.000000,1
083,Spartanburg,Fairforest Elementary,45083000029,Spartanburg - Fairforest Elementary,SPARTANBURG - FAIRFOREST ELEMENTARY,31579425.134802,Spartanburg,083,Lake Cooley,SPARTANBURG - LAKE COOLEY,SPARTANBURG - LAKE COOLEY,16640328.550526,0.526936,1
083,Spartanburg,Fairforest Elementary,45083000029,Spartanburg - Fairforest Elementary,SPARTANBURG - FAIRFOREST ELEMENTARY,31579425.134802,Spartanburg,083,Fairforest Elementary,SPARTANBURG - FAIRFOREST ELEMENTARY,SPARTANBURG - FAIRFOREST ELEMENTARY,14939096.451699,0.473064,2
083,Spartanburg,Landrum High School,45083000013,Spartanburg - Landrum High School,SPARTANBURG - LANDRUM HIGH SCHOOL,62445999.697057,Spartanburg,083,Landrum High School,SPARTANBURG - LANDRUM HIGH SCHOOL,SPARTANBURG - LANDRUM HIGH SCHOOL,62445999.697051,1.000000,1
083,Spartanburg,Motlow Creek Baptist,45083000054,Spartanburg - Motlow Creek Baptist,SPARTANBURG - MOTLOW CREEK BAPTIST,20673313.202916,Spartanburg,083,Motlow Creek Baptist,SPARTANBURG - MOTLOW CREEK BAPTIST,SPARTANBURG - MOTLOW CREEK BAPTIST,20673313.202911,1.000000,1
083,Spartanburg,Landrum United Methodist,45083000050,Spartanburg - Landrum United Methodist,SPARTANBURG - LANDRUM UNITED METHODIST,52308267.137803,Spartanburg,083,Landrum,SPARTANBURG - LANDRUM,SPARTANBURG - LANDRUM,28577518.177087,0.546329,1
083,Spartanburg,Landrum United Methodist,45083000050,Spartanburg - Landrum United Methodist,SPARTANBURG - LANDRUM UNITED METHODIST,52308267.137803,Spartanburg,083,Landrum United Methodist,SPARTANBURG - LANDRUM UNITED METHODIST,SPARTANBURG - LANDRUM UNITED METHODIST,23730748.960711,0.453671,2
083,Spartanburg,Pelham Fire Station,45083000061,Spartanburg - Pelham Fire Station,SPARTANBURG - PELHAM FIRE STATION,10719172.246010,Spartanburg,083,Pelham Fire Station,SPARTANBURG - PELHAM FIRE STATION,SPARTANBURG - PELHAM FIRE STATION,10719172.246007,1.000000,1
083,Spartanburg,Beech Springs Intermediate,45083000115,Spartanburg - Beech Springs Intermediate,SPARTANBURG - BEECH SPRINGS INTERMEDIATE,11253795.606932,Spartanburg,083,Beech Springs Intermediate,SPARTANBURG - BEECH SPRINGS INTERMEDIATE,SPARTANBURG - BEECH SPRINGS INTERMEDIATE,11253795.342635,1.000000,1
083,Spartanburg,Apalache Baptist,45083000004,Spartanburg - Apalache Baptist,SPARTANBURG - APALACHE BAPTIST,12848366.978351,Spartanburg,083,Apalache Baptist,SPARTANBURG - APALACHE BAPTIST,SPARTANBURG - APALACHE BAPTIST,12848366.978348,1.000000,1
083,Spartanburg,Hope,45083000141,Spartanburg - Hope,SPARTANBURG - HOPE,11403712.141556,Spartanburg,083,Hope,SPARTANBURG - HOPE,SPARTANBURG - HOPE,11403712.141551,1.000000,1
083,Spartanburg,Wellford Fire Station,45083000097,Spartanburg - Wellford Fire Station,SPARTANBURG - WELLFORD FIRE STATION,24367516.298606,Spartanburg,083,Wellford,SPARTANBURG - WELLFORD,SPARTANBURG - WELLFORD,24367516.298603,1.000000,1
083,Spartanburg,Mayo Elementary,45083000053,Spartanburg - Mayo Elementary,SPARTANBURG - MAYO ELEMENTARY,32096692.315022,Spartanburg,083,Mayo Elementary,SPARTANBURG - MAYO ELEMENTARY,SPARTANBURG - MAYO ELEMENTARY,32096692.315018,1.000000,1
083,Spartanburg,White Stone Methodist,45083000108,Spartanburg - White Stone Methodist,SPARTANBURG - WHITE STONE METHODIST,55056510.537634,Spartanburg,083,Southport,SPARTANBURG - SOUTHPORT,SPARTANBURG - SOUTHPORT,55056510.537627,1.000000,1
083,Spartanburg,Pacolet Elementary,45083000129,Spartanburg - Pacolet Elementary,SPARTANBURG - PACOLET ELEMENTARY,37592638.793394,Spartanburg,083,Pacolet Elementary School,SPARTANBURG - PACOLET ELEMENTARY SCHOOL,SPARTANBURG - PACOLET ELEMENTARY SCHOOL,37592638.793394,1.000000,1
083,Spartanburg,Mt. Calvary Presbyterian,45083000096,Spartanburg - Mt. Calvary Presbyterian,SPARTANBURG - MT. CALVARY PRESBYTERIAN,137865699.330836,Spartanburg,083,Mt Calvary Presbyterian,SPARTANBURG - MT CALVARY PRESBYTERIAN,SPARTANBURG - MT CALVARY PRESBYTERIAN,137865699.330827,1.000000,1
083,Spartanburg,Gable Middle School,45083000010,Spartanburg - Gable Middle School,SPARTANBURG - GABLE MIDDLE SCHOOL,43701288.045894,Spartanburg,083,Gable Middle School,SPARTANBURG - GABLE MIDDLE SCHOOL,SPARTANBURG - GABLE MIDDLE SCHOOL,43701288.045890,1.000000,1
083,Spartanburg,Pauline Glenn Springs Elementary,45083000060,Spartanburg - Pauline Glenn Springs Elementary,SPARTANBURG - PAULINE GLENN SPRINGS ELEMENTARY,57326514.704203,Spartanburg,083,Pauline Glenn Springs Elementary,SPARTANBURG - PAULINE GLENN SPRINGS ELEMENTARY,SPARTANBURG - PAULINE GLENN SPRINGS ELEMENTARY,57326514.704196,1.000000,1
083,Spartanburg,Canaan,45083000133,Spartanburg - Canaan,SPARTANBURG - CANAAN,7823665.123923,Spartanburg,083,Canaan,SPARTANBURG - CANAAN,SPARTANBURG - CANAAN,7823665.123921,1.000000,1
083,Spartanburg,Reidville Fire Station,45083000118,Spartanburg - Reidville Fire Station,SPARTANBURG - REIDVILLE FIRE STATION,19194701.937542,Spartanburg,083,Tyger River,SPARTANBURG - TYGER RIVER,SPARTANBURG - TYGER RIVER,10515233.071246,0.547820,1
083,Spartanburg,Reidville Fire Station,45083000118,Spartanburg - Reidville Fire Station,SPARTANBURG - REIDVILLE FIRE STATION,19194701.937542,Spartanburg,083,Reidville Fire Station,SPARTANBURG - REIDVILLE FIRE STATION,SPARTANBURG - REIDVILLE FIRE STATION,8681152.919910,0.452268,2
083,Spartanburg,Chapman Elementary,45083000125,Spartanburg - Chapman Elementary,SPARTANBURG - CHAPMAN ELEMENTARY,8280336.829239,Spartanburg,083,Peach Blossom,SPARTANBURG - PEACH BLOSSOM,SPARTANBURG - PEACH BLOSSOM,8280336.829237,1.000000,1
083,Spartanburg,Cudd Memorial,45083000109,Spartanburg - Cudd Memorial,SPARTANBURG - CUDD MEMORIAL,4620538.125120,Spartanburg,083,Cudd Memorial,SPARTANBURG - CUDD MEMORIAL,SPARTANBURG - CUDD MEMORIAL,4620538.125117,1.000000,1
083,Spartanburg,Powell Saxon Una,45083000134,Spartanburg - Powell Saxon Una,SPARTANBURG - POWELL SAXON UNA,6630087.061580,Spartanburg,083,Powell Saxon Una,SPARTANBURG - POWELL SAXON UNA,SPARTANBURG - POWELL SAXON UNA,6630087.061577,1.000000,1
083,Spartanburg,Bethany Baptist,45083000101,Spartanburg - Bethany Baptist,SPARTANBURG - BETHANY BAPTIST,6743935.823981,Spartanburg,083,Hearon Circle,SPARTANBURG - HEARON CIRCLE,SPARTANBURG - HEARON CIRCLE,6743935.823979,1.000000,1
083,Spartanburg,Croft Baptist,45083000099,Spartanburg - Croft Baptist,SPARTANBURG - CROFT BAPTIST,6885597.940116,Spartanburg,083,Croft Baptist,SPARTANBURG - CROFT BAPTIST,SPARTANBURG - CROFT BAPTIST,6885597.940114,1.000000,1
083,Spartanburg,Lyman Town Hall,45083000051,Spartanburg - Lyman Town Hall,SPARTANBURG - LYMAN TOWN HALL,16644852.610871,Spartanburg,083,Lyman,SPARTANBURG - LYMAN,SPARTANBURG - LYMAN,16644852.610867,1.000000,1
083,Spartanburg,Cleveland Elementary,45083000086,Spartanburg - Cleveland Elementary,SPARTANBURG - CLEVELAND ELEMENTARY,5125161.360529,Spartanburg,083,Fairgrounds,SPARTANBURG - FAIRGROUNDS,SPARTANBURG - FAIRGROUNDS,5125161.360527,1.000000,1
083,Spartanburg,Morningside Baptist,45083000007,Spartanburg - Morningside Baptist,SPARTANBURG - MORNINGSIDE BAPTIST,4701280.002894,Spartanburg,083,Morningside,SPARTANBURG - MORNINGSIDE,SPARTANBURG - MORNINGSIDE,4701280.002894,1.000000,1
083,Spartanburg,Reidville Elementary,45083000064,Spartanburg - Reidville Elementary,SPARTANBURG - REIDVILLE ELEMENTARY,42952298.148035,Spartanburg,083,Reidville Elementary,SPARTANBURG - REIDVILLE ELEMENTARY,SPARTANBURG - REIDVILLE ELEMENTARY,25324704.696908,0.589601,1
083,Spartanburg,Reidville Elementary,45083000064,Spartanburg - Reidville Elementary,SPARTANBURG - REIDVILLE ELEMENTARY,42952298.148035,Spartanburg,083,Willow Creek,SPARTANBURG - WILLOW CREEK,SPARTANBURG - WILLOW CREEK,17627593.312433,0.410399,2
083,Spartanburg,E.P. Todd Elementary,45083000018,Spartanburg - E.P. Todd Elementary,SPARTANBURG - E.P. TODD ELEMENTARY,16346513.392826,Spartanburg,083,E.p. Todd Elementary,SPARTANBURG - E.P. TODD ELEMENTARY,SPARTANBURG - E.P. TODD ELEMENTARY,16346513.392824,1.000000,1
083,Spartanburg,Ben Avon Methodist,45083000128,Spartanburg - Ben Avon Methodist,SPARTANBURG - BEN AVON METHODIST,7569280.206721,Spartanburg,083,Ben Avon Methodist,SPARTANBURG - BEN AVON METHODIST,SPARTANBURG - BEN AVON METHODIST,7569280.206718,1.000000,1
083,Spartanburg,Beaumont Methodist,45083000084,Spartanburg - Beaumont Methodist,SPARTANBURG - BEAUMONT METHODIST,2368928.960043,Spartanburg,083,Converse,SPARTANBURG - CONVERSE,SPARTANBURG - CONVERSE,2368928.960042,1.000000,1
083,Spartanburg,Dayton Fire Station,45083000031,Spartanburg - Dayton Fire Station,SPARTANBURG - DAYTON FIRE STATION,6702999.680126,Spartanburg,083,Drayton,SPARTANBURG - DRAYTON,SPARTANBURG - DRAYTON,6702999.680123,1.000000,1
083,Spartanburg,Woodland Heights Recreation Center,45083000082,Spartanburg - Woodland Heights Recreation Center,SPARTANBURG - WOODLAND HEIGHTS RECREATION CENTER,5480304.705973,Spartanburg,083,Woodland Heights Recreation Center,SPARTANBURG - WOODLAND HEIGHTS RECREATION CENTER,SPARTANBURG - WOODLAND HEIGHTS RECREATION CENTER,5480304.705971,1.000000,1
083,Spartanburg,Ebenezer Baptist,45083000088,Spartanburg - Ebenezer Baptist,SPARTANBURG - EBENEZER BAPTIST,1849417.821008,Spartanburg,083,Old Bridge,SPARTANBURG - OLD BRIDGE,SPARTANBURG - OLD BRIDGE,1849417.821007,1.000000,1
083,Spartanburg,Fairforest Middle School,45083000035,Spartanburg - Fairforest Middle School,SPARTANBURG - FAIRFOREST MIDDLE SCHOOL,20856171.069119,Spartanburg,083,Blackstock,SPARTANBURG - BLACKSTOCK,SPARTANBURG - BLACKSTOCK,20856171.069114,1.000000,1
083,Spartanburg,Park Hills Elementary,45083000132,Spartanburg - Park Hills Elementary,SPARTANBURG - PARK HILLS ELEMENTARY,3377783.249908,Spartanburg,083,Silverhill Memorial Umc,SPARTANBURG - SILVERHILL MEMORIAL UMC,SPARTANBURG - SILVERHILL MEMORIAL UMC,3377783.249906,1.000000,1
083,Spartanburg,Holy Communion,45083000083,Spartanburg - Holy Communion,SPARTANBURG - HOLY COMMUNION,4933387.385764,Spartanburg,083,Holy Communion,SPARTANBURG - HOLY COMMUNION,SPARTANBURG - HOLY COMMUNION,4933387.385762,1.000000,1
083,Spartanburg,Mt. Moriah Baptist,45083000068,Spartanburg - Mt. Moriah Baptist,SPARTANBURG - MT. MORIAH BAPTIST,3225617.024351,Spartanburg,083,Mt. Moriah Baptist,SPARTANBURG - MT. MORIAH BAPTIST,SPARTANBURG - MT. MORIAH BAPTIST,3225617.024349,1.000000,1
083,Spartanburg,Hayne Baptist,45083000041,Spartanburg - Hayne Baptist,SPARTANBURG - HAYNE BAPTIST,13646442.196012,Spartanburg,083,Hayne,SPARTANBURG - HAYNE,SPARTANBURG - HAYNE,13646442.196008,1.000000,1
083,Spartanburg,West View Elementary,45083000073,Spartanburg - West View Elementary,SPARTANBURG - WEST VIEW ELEMENTARY,2476016.409379,Spartanburg,083,Trinity Methodist,SPARTANBURG - TRINITY METHODIST,SPARTANBURG - TRINITY METHODIST,2476016.409377,1.000000,1
083,Spartanburg,Southside Baptist,45083000075,Spartanburg - Southside Baptist,SPARTANBURG - SOUTHSIDE BAPTIST,1970434.328782,Spartanburg,083,Beacon,SPARTANBURG - BEACON,SPARTANBURG - BEACON,1970434.328781,1.000000,1
083,Spartanburg,C.C. Woodson Recreation,45083000070,Spartanburg - C.C. Woodson Recreation,SPARTANBURG - C.C. WOODSON RECREATION,4274386.614923,Spartanburg,083,C.c. Woodson Recreation,SPARTANBURG - C.C. WOODSON RECREATION,SPARTANBURG - C.C. WOODSON RECREATION,4274386.614921,1.000000,1
083,Spartanburg,Mt. Zion Gospel Baptist,45083000106,Spartanburg - Mt. Zion Gospel Baptist,SPARTANBURG - MT. ZION GOSPEL BAPTIST,3362937.761795,Spartanburg,083,Airport,SPARTANBURG - AIRPORT,SPARTANBURG - AIRPORT,3362937.761793,1.000000,1
083,Spartanburg,Arcadia Elementary,45083000003,Spartanburg - Arcadia Elementary,SPARTANBURG - ARCADIA ELEMENTARY,5213806.229606,Spartanburg,083,Arcadia Elementary,SPARTANBURG - ARCADIA ELEMENTARY,SPARTANBURG - ARCADIA ELEMENTARY,5213806.229604,1.000000,1
083,Spartanburg,Cannons Elementary,45083000016,Spartanburg - Cannons Elementary,SPARTANBURG - CANNONS ELEMENTARY,17806623.465340,Spartanburg,083,Cannons Elementary,SPARTANBURG - CANNONS ELEMENTARY,SPARTANBURG - CANNONS ELEMENTARY,17806623.465338,1.000000,1
083,Spartanburg,Anderson Mill Elementary,45083000121,Spartanburg - Anderson Mill Elementary,SPARTANBURG - ANDERSON MILL ELEMENTARY,6004680.551040,Spartanburg,083,Anderson Mill Elementary,SPARTANBURG - ANDERSON MILL ELEMENTARY,SPARTANBURG - ANDERSON MILL ELEMENTARY,6004680.551039,1.000000,1
083,Spartanburg,Roebuck Bethlehem,45083000119,Spartanburg - Roebuck Bethlehem,SPARTANBURG - ROEBUCK BETHLEHEM,3882857.869457,Spartanburg,083,Roebuck Bethlehem,SPARTANBURG - ROEBUCK BETHLEHEM,SPARTANBURG - ROEBUCK BETHLEHEM,3882857.869455,1.000000,1
083,Spartanburg,Roebuck Elementary,45083000065,Spartanburg - Roebuck Elementary,SPARTANBURG - ROEBUCK ELEMENTARY,14798080.884536,Spartanburg,083,Roebuck Elementary,SPARTANBURG - ROEBUCK ELEMENTARY,SPARTANBURG - ROEBUCK ELEMENTARY,14798080.884530,1.000000,1
083,Spartanburg,Jesse Boyd Elementary,45083000120,Spartanburg - Jesse Boyd Elementary,SPARTANBURG - JESSE BOYD ELEMENTARY,3372736.059315,Spartanburg,083,Jesse Boyd Elementary,SPARTANBURG - JESSE BOYD ELEMENTARY,SPARTANBURG - JESSE BOYD ELEMENTARY,3372736.059312,1.000000,1
083,Spartanburg,Trinity Presbyterian,45083000142,Spartanburg - Trinity Presbyterian,SPARTANBURG - TRINITY PRESBYTERIAN,5335066.968778,Spartanburg,083,West View Elementary,SPARTANBURG - WEST VIEW ELEMENTARY,SPARTANBURG - WEST VIEW ELEMENTARY,4934422.035790,0.924903,1
083,Spartanburg,Trinity Presbyterian,45083000142,Spartanburg - Trinity Presbyterian,SPARTANBURG - TRINITY PRESBYTERIAN,5335066.968778,Spartanburg,083,Trinity Presbyterian,SPARTANBURG - TRINITY PRESBYTERIAN,SPARTANBURG - TRINITY PRESBYTERIAN,400644.926095,0.075097,2
083,Spartanburg,Converse Fire Station,45083000024,Spartanburg - Converse Fire Station,SPARTANBURG - CONVERSE FIRE STATION,9024189.728157,Spartanburg,083,Converse Fire Station,SPARTANBURG - CONVERSE FIRE STATION,SPARTANBURG - CONVERSE FIRE STATION,9024189.728155,1.000000,1
083,Spartanburg,Hendrix Elementary,45083000014,Spartanburg - Hendrix Elementary,SPARTANBURG - HENDRIX ELEMENTARY,5945179.843590,Spartanburg,083,Hendrix Elementary,SPARTANBURG - HENDRIX ELEMENTARY,SPARTANBURG - HENDRIX ELEMENTARY,5945179.843589,1.000000,1
083,Spartanburg,St. John's Lutheran,45083000072,Spartanburg - St. John's Lutheran,SPARTANBURG - ST. JOHNS LUTHERAN,4101030.046847,Spartanburg,083,St. John's Lutheran,SPARTANBURG - ST. JOHNS LUTHERAN,SPARTANBURG - ST. JOHNS LUTHERAN,4101030.046846,1.000000,1
083,Spartanburg,Spartanburg High School,45083000076,Spartanburg - Spartanburg High School,SPARTANBURG - SPARTANBURG HIGH SCHOOL,4765005.523444,Spartanburg,083,Mccracken Middle School,SPARTANBURG - MCCRACKEN MIDDLE SCHOOL,SPARTANBURG - MCCRACKEN MIDDLE SCHOOL,4765005.523443,1.000000,1
083,Spartanburg,Cornerstone Baptist,45083000078,Spartanburg - Cornerstone Baptist,SPARTANBURG - CORNERSTONE BAPTIST,3459063.632885,Spartanburg,083,Cornerstone Baptist,SPARTANBURG - CORNERSTONE BAPTIST,SPARTANBURG - CORNERSTONE BAPTIST,3459063.632884,1.000000,1
083,Spartanburg,Trinity Methodist,45083000098,Spartanburg - Trinity Methodist,SPARTANBURG - TRINITY METHODIST,4708909.910450,Spartanburg,083,Trinity Presbyterian,SPARTANBURG - TRINITY PRESBYTERIAN,SPARTANBURG - TRINITY PRESBYTERIAN,4708909.910448,1.000000,1
083,Spartanburg,Daniel Morgan Technology Center,45083000122,Spartanburg - Daniel Morgan Technology Center,SPARTANBURG - DANIEL MORGAN TECHNOLOGY CENTER,2939091.852837,Spartanburg,083,Daniel Morgan Technology Center,SPARTANBURG - DANIEL MORGAN TECHNOLOGY CENTER,SPARTANBURG - DANIEL MORGAN TECHNOLOGY CENTER,2939091.852836,1.000000,1
083,Spartanburg,Jesse Bobo Elementary,45083000107,Spartanburg - Jesse Bobo Elementary,SPARTANBURG - JESSE BOBO ELEMENTARY,3982171.427274,Spartanburg,083,Jesse Bobo Elementary,SPARTANBURG - JESSE BOBO ELEMENTARY,SPARTANBURG - JESSE BOBO ELEMENTARY,3982171.427273,1.000000,1
083,Spartanburg,Eastside Baptist,45083000105,Spartanburg - Eastside Baptist,SPARTANBURG - EASTSIDE BAPTIST,4600266.152457,Spartanburg,083,Eastside Baptist,SPARTANBURG - EASTSIDE BAPTIST,SPARTANBURG - EASTSIDE BAPTIST,4600266.152453,1.000000,1
083,Spartanburg,Whitlock Jr. High,45083000100,Spartanburg - Whitlock Jr. High,SPARTANBURG - WHITLOCK JR. HIGH,15001811.343669,Spartanburg,083,Whitlock Jr. High,SPARTANBURG - WHITLOCK JR. HIGH,SPARTANBURG - WHITLOCK JR. HIGH,14235614.717617,0.948926,1
083,Spartanburg,Whitlock Jr. High,45083000100,Spartanburg - Whitlock Jr. High,SPARTANBURG - WHITLOCK JR. HIGH,15001811.343669,Spartanburg,083,Shoally,SPARTANBURG - SHOALLY,SPARTANBURG - SHOALLY,766196.626046,0.051074,2
083,Spartanburg,Anderson Mill Baptist,45083000140,Spartanburg - Anderson Mill Baptist,SPARTANBURG - ANDERSON MILL BAPTIST,6260658.088662,Spartanburg,083,Anderson Mill Baptist,SPARTANBURG - ANDERSON MILL BAPTIST,SPARTANBURG - ANDERSON MILL BAPTIST,6260658.088661,1.000000,1
083,Spartanburg,Cavins Hobbysville,45083000017,Spartanburg - Cavins Hobbysville,SPARTANBURG - CAVINS HOBBYSVILLE,59497046.537615,Spartanburg,083,Cavins Hobbysville,SPARTANBURG - CAVINS HOBBYSVILLE,SPARTANBURG - CAVINS HOBBYSVILLE,59497046.537614,1.000000,1
083,Spartanburg,Travelers Rest Baptist,45083000036,Spartanburg - Travelers Rest Baptist,SPARTANBURG - TRAVELERS REST BAPTIST,26682785.926655,Spartanburg,083,Travelers Rest Baptist,SPARTANBURG - TRAVELERS REST BAPTIST,SPARTANBURG - TRAVELERS REST BAPTIST,17103804.426523,0.641005,1
083,Spartanburg,Travelers Rest Baptist,45083000036,Spartanburg - Travelers Rest Baptist,SPARTANBURG - TRAVELERS REST BAPTIST,26682785.926655,Spartanburg,083,Spartangreen,SPARTANBURG - SPARTANGREEN,SPARTANBURG - SPARTANGREEN,9578981.500128,0.358995,2
083,Spartanburg,Startex Fire Station,45083000090,Spartanburg - Startex Fire Station,SPARTANBURG - STARTEX FIRE STATION,7453259.310493,Spartanburg,083,Startex Fire Station,SPARTANBURG - STARTEX FIRE STATION,SPARTANBURG - STARTEX FIRE STATION,7453259.309476,1.000000,1
083,Spartanburg,Bethany Wesleyan,45083000117,Spartanburg - Bethany Wesleyan,SPARTANBURG - BETHANY WESLEYAN,33210963.611128,Spartanburg,083,Bethany Wesleyan,SPARTANBURG - BETHANY WESLEYAN,SPARTANBURG - BETHANY WESLEYAN,28359435.105615,0.853918,1
083,Spartanburg,Bethany Wesleyan,45083000117,Spartanburg - Bethany Wesleyan,SPARTANBURG - BETHANY WESLEYAN,33210963.611128,Spartanburg,083,Moore Duncan,SPARTANBURG - MOORE DUNCAN,SPARTANBURG - MOORE DUNCAN,4851528.358548,0.146082,2
083,Spartanburg,River Ridge Elementary,45083000137,Spartanburg - River Ridge Elementary,SPARTANBURG - RIVER RIDGE ELEMENTARY,10293399.735819,Spartanburg,083,Middle Tyger,SPARTANBURG - MIDDLE TYGER,SPARTANBURG - MIDDLE TYGER,6982117.896769,0.678310,1
083,Spartanburg,River Ridge Elementary,45083000137,Spartanburg - River Ridge Elementary,SPARTANBURG - RIVER RIDGE ELEMENTARY,10293399.735819,Spartanburg,083,River Ridge Elementary,SPARTANBURG - RIVER RIDGE ELEMENTARY,SPARTANBURG - RIVER RIDGE ELEMENTARY,3311423.185180,0.321704,2
083,Spartanburg,Holly Springs Baptist,45083000044,Spartanburg - Holly Springs Baptist,SPARTANBURG - HOLLY SPRINGS BAPTIST,41046085.519108,Spartanburg,083,Holly Springs Motlow,SPARTANBURG - HOLLY SPRINGS MOTLOW,SPARTANBURG - HOLLY SPRINGS MOTLOW,21672159.241070,0.527996,1
083,Spartanburg,Holly Springs Baptist,45083000044,Spartanburg - Holly Springs Baptist,SPARTANBURG - HOLLY SPRINGS BAPTIST,41046085.519108,Spartanburg,083,Holly Springs Baptist,SPARTANBURG - HOLLY SPRINGS BAPTIST,SPARTANBURG - HOLLY SPRINGS BAPTIST,19372245.857558,0.471963,2
029,Colleton,Peniel,45029000019,Colleton - Peniel,COLLETON - PENIEL,55603505.806684,Colleton,029,Peniel,COLLETON - PENIEL,COLLETON - PENIEL,55601656.601699,0.999967,1
029,Colleton,Sniders,45029000027,Colleton - Sniders,COLLETON - SNIDERS,67037711.321459,Colleton,029,Sniders,COLLETON - SNIDERS,COLLETON - SNIDERS,67037708.776737,1.000000,1
029,Colleton,Cottageville,45029000006,Colleton - Cottageville,COLLETON - COTTAGEVILLE,101003051.516437,Colleton,029,Cottageville,COLLETON - COTTAGEVILLE,COLLETON - COTTAGEVILLE,100963070.844561,0.999604,1
029,Colleton,Round O,45029000021,Colleton - Round O,COLLETON - ROUND O,86498916.905408,Colleton,029,Round O,COLLETON - ROUND O,COLLETON - ROUND O,86498908.738731,1.000000,1
029,Colleton,Maple Cane,45029000014,Colleton - Maple Cane,COLLETON - MAPLE CANE,87849526.871251,Colleton,029,Maple Cane,COLLETON - MAPLE CANE,COLLETON - MAPLE CANE,87842984.293797,0.999926,1
029,Colleton,Mashawville,45029000015,Colleton - Mashawville,COLLETON - MASHAWVILLE,109251827.261450,Colleton,029,Mashawville,COLLETON - MASHAWVILLE,COLLETON - MASHAWVILLE,109225109.054550,0.999755,1
029,Colleton,Jacksonboro,45029000012,Colleton - Jacksonboro,COLLETON - JACKSONBORO,200632326.578364,Colleton,029,Jacksonboro,COLLETON - JACKSONBORO,COLLETON - JACKSONBORO,199980869.214592,0.996753,1
029,Colleton,Jacksonboro,45029000012,Colleton - Jacksonboro,COLLETON - JACKSONBORO,200632326.578364,Colleton,029,Green Pond,COLLETON - GREEN POND,COLLETON - GREEN POND,584152.328761,0.002912,2
029,Colleton,Sidneys,45029000024,Colleton - Sidneys,COLLETON - SIDNEYS,58965098.996762,Colleton,029,Sidneys,COLLETON - SIDNEYS,COLLETON - SIDNEYS,58965098.996756,1.000000,1
029,Colleton,Green Pond,45029000008,Colleton - Green Pond,COLLETON - GREEN POND,533169152.940397,Colleton,029,Green Pond,COLLETON - GREEN POND,COLLETON - GREEN POND,532816808.279956,0.999339,1
029,Colleton,Green Pond,45029000008,Colleton - Green Pond,COLLETON - GREEN POND,533169152.940397,Colleton,029,Jacksonboro,COLLETON - JACKSONBORO,COLLETON - JACKSONBORO,348514.781052,0.000654,2
029,Colleton,Edisto Beach,45029000035,Colleton - Edisto Beach,COLLETON - EDISTO BEACH,134679462.181511,Colleton,029,Edisto Beach,COLLETON - EDISTO BEACH,COLLETON - EDISTO BEACH,134679450.774603,1.000000,1
029,Colleton,Ritter,45029000020,Colleton - Ritter,COLLETON - RITTER,83683065.476353,Colleton,029,Ritter,COLLETON - RITTER,COLLETON - RITTER,83677401.511850,0.999932,1
029,Colleton,Petits,45029000018,Colleton - Petits,COLLETON - PETITS,90811647.186078,Colleton,029,Petits,COLLETON - PETITS,COLLETON - PETITS,90367980.224413,0.995114,1
029,Colleton,Petits,45029000018,Colleton - Petits,COLLETON - PETITS,90811647.186078,Colleton,029,Rice Patch,COLLETON - RICE PATCH,COLLETON - RICE PATCH,443666.961665,0.004886,2
029,Colleton,Ruffin,45029000023,Colleton - Ruffin,COLLETON - RUFFIN,39840398.307715,Colleton,029,Ruffin,COLLETON - RUFFIN,COLLETON - RUFFIN,39840397.230064,1.000000,1
029,Colleton,Edisto,45029000007,Colleton - Edisto,COLLETON - EDISTO,121995750.343338,Colleton,029,Edisto,COLLETON - EDISTO,COLLETON - EDISTO,121995738.633570,1.000000,1
029,Colleton,Hendersonville,45029000009,Colleton - Hendersonville,COLLETON - HENDERSONVILLE,214639128.010357,Colleton,029,Hendersonville,COLLETON - HENDERSONVILLE,COLLETON - HENDERSONVILLE,214553207.777249,0.999600,1
029,Colleton,Walterboro No. 3,45029000031,Colleton - Walterboro No. 3,COLLETON - WALTERBORO NO. 3,13990547.872230,Colleton,029,Walterboro No. 3,COLLETON - WALTERBORO NO. 3,COLLETON - WALTERBORO NO. 3,13978218.609272,0.999119,1
029,Colleton,Hudson Mill,45029000011,Colleton - Hudson Mill,COLLETON - HUDSON MILL,47359785.113271,Colleton,029,Hudson Mill,COLLETON - HUDSON MILL,COLLETON - HUDSON MILL,47359775.845222,1.000000,1
029,Colleton,Walterboro No. 1,45029000029,Colleton - Walterboro No. 1,COLLETON - WALTERBORO NO. 1,29545326.873770,Colleton,029,Walterboro No. 1,COLLETON - WALTERBORO NO. 1,COLLETON - WALTERBORO NO. 1,29544971.532660,0.999988,1
029,Colleton,Canady's,45029000005,Colleton - Canady's,COLLETON - CANADYS,39603647.104722,Colleton,029,Canadys,COLLETON - CANADYS,COLLETON - CANADYS,39242480.975122,0.990880,1
029,Colleton,Canady's,45029000005,Colleton - Canady's,COLLETON - CANADYS,39603647.104722,Colleton,029,Edisto,COLLETON - EDISTO,COLLETON - EDISTO,361161.157209,0.009119,2
029,Colleton,Horse Pen,45029000010,Colleton - Horse Pen,COLLETON - HORSE PEN,37716731.860514,Colleton,029,Horse Pen,COLLETON - HORSE PEN,COLLETON - HORSE PEN,37695556.472945,0.999439,1
029,Colleton,Horse Pen,45029000010,Colleton - Horse Pen,COLLETON - HORSE PEN,37716731.860514,Colleton,029,Peeples,COLLETON - PEEPLES,COLLETON - PEEPLES,20883.081231,0.000554,2
029,Colleton,Peeples,45029000017,Colleton - Peeples,COLLETON - PEEPLES,39606540.047858,Colleton,029,Peeples,COLLETON - PEEPLES,COLLETON - PEEPLES,39586367.604926,0.999491,1
029,Colleton,Wolfe Creek,45029000034,Colleton - Wolfe Creek,COLLETON - WOLFE CREEK,44795855.981064,Colleton,029,Wolfe Creek,COLLETON - WOLFE CREEK,COLLETON - WOLFE CREEK,44795840.501132,1.000000,1
029,Colleton,Stokes,45029000026,Colleton - Stokes,COLLETON - STOKES,67942131.333238,Colleton,029,Stokes,COLLETON - STOKES,COLLETON - STOKES,67942131.237642,1.000000,1
029,Colleton,Walterboro No. 4,45029000032,Colleton - Walterboro No. 4,COLLETON - WALTERBORO NO. 4,10748595.547669,Colleton,029,Walterboro No. 4,COLLETON - WALTERBORO NO. 4,COLLETON - WALTERBORO NO. 4,10632697.312073,0.989217,1
029,Colleton,Walterboro No. 4,45029000032,Colleton - Walterboro No. 4,COLLETON - WALTERBORO NO. 4,10748595.547669,Colleton,029,Wolfe Creek,COLLETON - WOLFE CREEK,COLLETON - WOLFE CREEK,115275.736746,0.010725,2
029,Colleton,Bells,45029000002,Colleton - Bells,COLLETON - BELLS,44967154.143759,Colleton,029,Bells,COLLETON - BELLS,COLLETON - BELLS,44967148.382511,1.000000,1
029,Colleton,Walterboro No. 5,45029000036,Colleton - Walterboro No. 5,COLLETON - WALTERBORO NO. 5,14630595.418545,Colleton,029,Walterboro No. 5,COLLETON - WALTERBORO NO. 5,COLLETON - WALTERBORO NO. 5,14580428.539648,0.996571,1
029,Colleton,Walterboro No. 5,45029000036,Colleton - Walterboro No. 5,COLLETON - WALTERBORO NO. 5,14630595.418545,Colleton,029,Wolfe Creek,COLLETON - WOLFE CREEK,COLLETON - WOLFE CREEK,41295.511246,0.002823,2
029,Colleton,Rice Patch,45029000022,Colleton - Rice Patch,COLLETON - RICE PATCH,136163851.241052,Colleton,029,Rice Patch,COLLETON - RICE PATCH,COLLETON - RICE PATCH,136163845.337450,1.000000,1
029,Colleton,Berea-Smoaks,45029000025,Colleton - Berea-Smoaks,COLLETON - BEREA-SMOAKS,136663438.811735,Colleton,029,Berea-smoaks,COLLETON - BEREA-SMOAKS,COLLETON - BEREA-SMOAKS,136663437.282311,1.000000,1
029,Colleton,Williams,45029000033,Colleton - Williams,COLLETON - WILLIAMS,52027145.059620,Colleton,029,Williams,COLLETON - WILLIAMS,COLLETON - WILLIAMS,52027134.007954,1.000000,1
029,Colleton,Ashton-Lodge,45029000013,Colleton - Ashton-Lodge,COLLETON - ASHTON-LODGE,192600321.578880,Colleton,029,Ashton-lodge,COLLETON - ASHTON-LODGE,COLLETON - ASHTON-LODGE,192600291.265729,1.000000,1
029,Colleton,Walterboro No. 2,45029000030,Colleton - Walterboro No. 2,COLLETON - WALTERBORO NO. 2,16880409.426915,Colleton,029,Walterboro No. 2,COLLETON - WALTERBORO NO. 2,COLLETON - WALTERBORO NO. 2,16861728.868457,0.998893,1
029,Colleton,Walterboro No. 2,45029000030,Colleton - Walterboro No. 2,COLLETON - WALTERBORO NO. 2,16880409.426915,Colleton,029,Walterboro No. 6,COLLETON - WALTERBORO NO. 6,COLLETON - WALTERBORO NO. 6,9220.921998,0.000546,2
029,Colleton,Walterboro No. 6,45029000040,Colleton - Walterboro No. 6,COLLETON - WALTERBORO NO. 6,24294257.093728,Colleton,029,Walterboro No. 6,COLLETON - WALTERBORO NO. 6,COLLETON - WALTERBORO NO. 6,24277534.892958,0.999312,1
029,Colleton,Walterboro No. 6,45029000040,Colleton - Walterboro No. 6,COLLETON - WALTERBORO NO. 6,24294257.093728,Colleton,029,Walterboro No. 2,COLLETON - WALTERBORO NO. 2,COLLETON - WALTERBORO NO. 2,16721.982796,0.000688,2
083,Spartanburg,Boiling Springs High School,45083000127,Spartanburg - Boiling Springs High School,SPARTANBURG - BOILING SPRINGS HIGH SCHOOL,6031259.520514,Spartanburg,083,Boiling Springs High School,SPARTANBURG - BOILING SPRINGS HIGH SCHOOL,SPARTANBURG - BOILING SPRINGS HIGH SCHOOL,6031259.520511,1.000000,1
083,Spartanburg,Boiling Springs 9th Grade,45083000008,Spartanburg - Boiling Springs 9th Grade,SPARTANBURG - BOILING SPRINGS 9TH GRADE,6201960.646735,Spartanburg,083,Shoally,SPARTANBURG - SHOALLY,SPARTANBURG - SHOALLY,3225334.942520,0.520051,1
083,Spartanburg,Boiling Springs 9th Grade,45083000008,Spartanburg - Boiling Springs 9th Grade,SPARTANBURG - BOILING SPRINGS 9TH GRADE,6201960.646735,Spartanburg,083,Boiling Springs 9th Grade,SPARTANBURG - BOILING SPRINGS 9TH GRADE,SPARTANBURG - BOILING SPRINGS 9TH GRADE,2976625.652124,0.479949,2
083,Spartanburg,Boiling Springs Elementary,45083000123,Spartanburg - Boiling Springs Elementary,SPARTANBURG - BOILING SPRINGS ELEMENTARY,13842029.438682,Spartanburg,083,Valley Falls,SPARTANBURG - VALLEY FALLS,SPARTANBURG - VALLEY FALLS,7819654.311991,0.564921,1
083,Spartanburg,Boiling Springs Elementary,45083000123,Spartanburg - Boiling Springs Elementary,SPARTANBURG - BOILING SPRINGS ELEMENTARY,13842029.438682,Spartanburg,083,Boiling Springs Elementary,SPARTANBURG - BOILING SPRINGS ELEMENTARY,SPARTANBURG - BOILING SPRINGS ELEMENTARY,6022375.126687,0.435079,2
083,Spartanburg,Cherokee Springs Fire Station,45083000019,Spartanburg - Cherokee Springs Fire Station,SPARTANBURG - CHEROKEE SPRINGS FIRE STATION,29392181.356027,Spartanburg,083,Cherokee Springs Fire Station,SPARTANBURG - CHEROKEE SPRINGS FIRE STATION,SPARTANBURG - CHEROKEE SPRINGS FIRE STATION,29392181.356023,1.000000,1
083,Spartanburg,Lake Bowen Baptist,45083000011,Spartanburg - Lake Bowen Baptist,SPARTANBURG - LAKE BOWEN BAPTIST,37773456.745513,Spartanburg,083,Lake Bowen Baptist,SPARTANBURG - LAKE BOWEN BAPTIST,SPARTANBURG - LAKE BOWEN BAPTIST,22309088.686166,0.590602,1
083,Spartanburg,Lake Bowen Baptist,45083000011,Spartanburg - Lake Bowen Baptist,SPARTANBURG - LAKE BOWEN BAPTIST,37773456.745513,Spartanburg,083,Rainbow,SPARTANBURG - RAINBOW,SPARTANBURG - RAINBOW,15464368.059342,0.409398,2
083,Spartanburg,Oakland Elementary,45083000111,Spartanburg - Oakland Elementary,SPARTANBURG - OAKLAND ELEMENTARY,13821671.131189,Spartanburg,083,Oakland Elementary,SPARTANBURG - OAKLAND ELEMENTARY,SPARTANBURG - OAKLAND ELEMENTARY,13821671.131185,1.000000,1
083,Spartanburg,Boling Springs Jr. High,45083000124,Spartanburg - Boling Springs Jr. High,SPARTANBURG - BOLING SPRINGS JR. HIGH,7851040.091991,Spartanburg,083,Boling Springs Jr. High,SPARTANBURG - BOLING SPRINGS JR. HIGH,SPARTANBURG - BOLING SPRINGS JR. HIGH,7851040.091990,1.000000,1
083,Spartanburg,Carlisle Fosters Grove,45083000113,Spartanburg - Carlisle Fosters Grove,SPARTANBURG - CARLISLE FOSTERS GROVE,26100754.876852,Spartanburg,083,Carlisle Fosters Grove,SPARTANBURG - CARLISLE FOSTERS GROVE,SPARTANBURG - CARLISLE FOSTERS GROVE,26100754.876848,1.000000,1
083,Spartanburg,Carlisle Wesleyan,45083000126,Spartanburg - Carlisle Wesleyan,SPARTANBURG - CARLISLE WESLEYAN,14833072.226845,Spartanburg,083,Carlisle Wesleyan,SPARTANBURG - CARLISLE WESLEYAN,SPARTANBURG - CARLISLE WESLEYAN,14833072.226843,1.000000,1
083,Spartanburg,Cooley Springs Baptist,45083000012,Spartanburg - Cooley Springs Baptist,SPARTANBURG - COOLEY SPRINGS BAPTIST,79175685.771552,Spartanburg,083,Cooley Springs Baptist,SPARTANBURG - COOLEY SPRINGS BAPTIST,SPARTANBURG - COOLEY SPRINGS BAPTIST,79175685.771547,1.000000,1
083,Spartanburg,Chesnee Elementary,45083000131,Spartanburg - Chesnee Elementary,SPARTANBURG - CHESNEE ELEMENTARY,44049877.476597,Spartanburg,083,Chesnee Elementary,SPARTANBURG - CHESNEE ELEMENTARY,SPARTANBURG - CHESNEE ELEMENTARY,44049877.476592,1.000000,1
083,Spartanburg,Cowpens Depot Museum,45083000114,Spartanburg - Cowpens Depot Museum,SPARTANBURG - COWPENS DEPOT MUSEUM,16229624.503735,Spartanburg,083,Palmetto,SPARTANBURG - PALMETTO,SPARTANBURG - PALMETTO,16229624.503733,1.000000,1
083,Spartanburg,Cowpens Fire Station,45083000026,Spartanburg - Cowpens Fire Station,SPARTANBURG - COWPENS FIRE STATION,22471078.590279,Spartanburg,083,Cowpens,SPARTANBURG - COWPENS,SPARTANBURG - COWPENS,22471078.590275,1.000000,1
083,Spartanburg,Glendale Fire Station,45083000038,Spartanburg - Glendale Fire Station,SPARTANBURG - GLENDALE FIRE STATION,43306680.057664,Spartanburg,083,Clifton Glendale,SPARTANBURG - CLIFTON GLENDALE,SPARTANBURG - CLIFTON GLENDALE,43306680.057661,1.000000,1
083,Spartanburg,Woodruff Elementary,45083000135,Spartanburg - Woodruff Elementary,SPARTANBURG - WOODRUFF ELEMENTARY,54820802.760011,Spartanburg,083,Two Mile Creek,SPARTANBURG - TWO MILE CREEK,SPARTANBURG - TWO MILE CREEK,54820802.760004,1.000000,1
083,Spartanburg,Woodruff Leisure Center,45083000001,Spartanburg - Woodruff Leisure Center,SPARTANBURG - WOODRUFF LEISURE CENTER,15314488.316067,Spartanburg,083,Woodruff Leisure Center,SPARTANBURG - WOODRUFF LEISURE CENTER,SPARTANBURG - WOODRUFF LEISURE CENTER,15314488.316063,1.000000,1
083,Spartanburg,Broome High School,45083000022,Spartanburg - Broome High School,SPARTANBURG - BROOME HIGH SCHOOL,7193071.996873,Spartanburg,083,Broome High School,SPARTANBURG - BROOME HIGH SCHOOL,SPARTANBURG - BROOME HIGH SCHOOL,7193071.996871,1.000000,1
083,Spartanburg,R.D. Anderson Vocational,45083000056,Spartanburg - R.D. Anderson Vocational,SPARTANBURG - R.D. ANDERSON VOCATIONAL,59372030.389505,Spartanburg,083,R.d. Anderson Vocational,SPARTANBURG - R.D. ANDERSON VOCATIONAL,SPARTANBURG - R.D. ANDERSON VOCATIONAL,59372030.389496,1.000000,1
083,Spartanburg,Woodruff Fire Station,45083000027,Spartanburg - Woodruff Fire Station,SPARTANBURG - WOODRUFF FIRE STATION,54272434.940714,Spartanburg,083,Enoree River,SPARTANBURG - ENOREE RIVER,SPARTANBURG - ENOREE RIVER,54272434.940706,1.000000,1
083,Spartanburg,Enoree First Baptist,45083000034,Spartanburg - Enoree First Baptist,SPARTANBURG - ENOREE FIRST BAPTIST,76472121.980073,Spartanburg,083,Enoree First Baptist,SPARTANBURG - ENOREE FIRST BAPTIST,SPARTANBURG - ENOREE FIRST BAPTIST,76472121.980072,1.000000,1
091,York,Smyrna,45091000039,York - Smyrna,YORK - SMYRNA,57293993.529446,York,091,Smyrna,YORK - SMYRNA,YORK - SMYRNA,57293993.529437,1.000000,1
091,York,Roosevelt,45091000090,York - Roosevelt,YORK - ROOSEVELT,14519281.405434,York,091,Roosevelt,YORK - ROOSEVELT,YORK - ROOSEVELT,14519281.405431,1.000000,1
091,York,Bethany,45091000001,York - Bethany,YORK - BETHANY,112499581.813482,York,091,Bethany,YORK - BETHANY,YORK - BETHANY,112499581.813475,1.000000,1
091,York,Bethel,45091000002,York - Bethel,YORK - BETHEL,8937282.427779,York,091,Bethel,YORK - BETHEL,YORK - BETHEL,8937282.427777,1.000000,1
091,York,Mill Creek,45091000081,York - Mill Creek,YORK - MILL CREEK,12308979.494320,York,091,Mill Creek,YORK - MILL CREEK,YORK - MILL CREEK,12308979.494317,1.000000,1
091,York,Bowling Green,45091000005,York - Bowling Green,YORK - BOWLING GREEN,32464105.780080,York,091,Bowling Green,YORK - BOWLING GREEN,YORK - BOWLING GREEN,32464105.780076,1.000000,1
091,York,Bethel School,45091000004,York - Bethel School,YORK - BETHEL SCHOOL,36134330.720743,York,091,Bethel School,YORK - BETHEL SCHOOL,YORK - BETHEL SCHOOL,16528006.697186,0.457405,1
091,York,Bethel School,45091000004,York - Bethel School,YORK - BETHEL SCHOOL,36134330.720743,York,091,Mountain View,YORK - MOUNTAIN VIEW,YORK - MOUNTAIN VIEW,14103032.087844,0.390295,2
091,York,Bethel School,45091000004,York - Bethel School,YORK - BETHEL SCHOOL,36134330.720743,York,091,Field Day,YORK - FIELD DAY,YORK - FIELD DAY,5503291.999826,0.152301,3
091,York,River's Edge,45091000093,York - River's Edge,YORK - RIVERS EDGE,19890876.112923,York,091,River's Edge,YORK - RIVERS EDGE,YORK - RIVERS EDGE,19890876.112919,1.000000,1
091,York,Lakeshore,45091000020,York - Lakeshore,YORK - LAKESHORE,8932275.774585,York,091,Lakeshore,YORK - LAKESHORE,YORK - LAKESHORE,8932275.774582,1.000000,1
091,York,River Hills,45091000003,York - River Hills,YORK - RIVER HILLS,5461746.734254,York,091,River Hills,YORK - RIVER HILLS,YORK - RIVER HILLS,5461746.734253,1.000000,1
091,York,Fairgrounds,45091000075,York - Fairgrounds,YORK - FAIRGROUNDS,4097394.940433,York,091,Fairgrounds,YORK - FAIRGROUNDS,YORK - FAIRGROUNDS,4097394.940432,1.000000,1
091,York,Hampton Mill,45091000010,York - Hampton Mill,YORK - HAMPTON MILL,11042026.789505,York,091,Hampton Mill,YORK - HAMPTON MILL,YORK - HAMPTON MILL,11042026.789501,1.000000,1
091,York,Larne,45091000091,York - Larne,YORK - LARNE,11836312.755842,York,091,Larne,YORK - LARNE,YORK - LARNE,11836312.755839,1.000000,1
091,York,Clover,45091000009,York - Clover,YORK - CLOVER,18712944.468997,York,091,Clover,YORK - CLOVER,YORK - CLOVER,18712944.468994,1.000000,1
091,York,Rock Creek,45091000092,York - Rock Creek,YORK - ROCK CREEK,16918363.429245,York,091,Rock Creek,YORK - ROCK CREEK,YORK - ROCK CREEK,16918363.429242,1.000000,1
091,York,Wylie,45091000089,York - Wylie,YORK - WYLIE,5762364.143461,York,091,Wylie,YORK - WYLIE,YORK - WYLIE,5762364.143459,1.000000,1
091,York,Cotton Belt,45091000011,York - Cotton Belt,YORK - COTTON BELT,75376724.506537,York,091,Cotton Belt,YORK - COTTON BELT,YORK - COTTON BELT,75376724.506528,1.000000,1
091,York,Pole Branch,45091000084,York - Pole Branch,YORK - POLE BRANCH,6919806.027416,York,091,Pole Branch,YORK - POLE BRANCH,YORK - POLE BRANCH,6919806.027413,1.000000,1
091,York,Baxter,45091000094,York - Baxter,YORK - BAXTER,2248432.084037,York,091,Baxter,YORK - BAXTER,YORK - BAXTER,2248432.084035,1.000000,1
091,York,Waterstone,45091000067,York - Waterstone,YORK - WATERSTONE,1361072.042078,York,091,Waterstone,YORK - WATERSTONE,YORK - WATERSTONE,1361072.042077,1.000000,1
091,York,Fort Mill No. 3,45091000017,York - Fort Mill No. 3,YORK - FORT MILL NO. 3,8503486.189285,York,091,Fort Mill No. 3,YORK - FORT MILL NO. 3,YORK - FORT MILL NO. 3,8503486.189283,1.000000,1
091,York,Kanawha,45091000095,York - Kanawha,YORK - KANAWHA,7334325.414758,York,091,Kanawha,YORK - KANAWHA,YORK - KANAWHA,7334325.414755,1.000000,1
091,York,Fort Mill No. 5,45091000053,York - Fort Mill No. 5,YORK - FORT MILL NO. 5,3845660.101682,York,091,Fort Mill No. 5,YORK - FORT MILL NO. 5,YORK - FORT MILL NO. 5,3845660.101680,1.000000,1
091,York,Riverview,45091000060,York - Riverview,YORK - RIVERVIEW,10604976.641337,York,091,Riverview,YORK - RIVERVIEW,YORK - RIVERVIEW,10604976.641335,1.000000,1
091,York,Fort Mill No. 2,45091000058,York - Fort Mill No. 2,YORK - FORT MILL NO. 2,19529930.204143,York,091,Fort Mill No. 2,YORK - FORT MILL NO. 2,YORK - FORT MILL NO. 2,18998602.840182,0.972794,1
091,York,Fort Mill No. 2,45091000058,York - Fort Mill No. 2,YORK - FORT MILL NO. 2,19529930.204143,York,091,Fort Mill No. 1,YORK - FORT MILL NO. 1,YORK - FORT MILL NO. 1,531327.363958,0.027206,2
091,York,Stateline,45091000088,York - Stateline,YORK - STATELINE,4132950.514889,York,091,Stateline,YORK - STATELINE,YORK - STATELINE,4132950.514888,1.000000,1
091,York,Steele Creek,45091000064,York - Steele Creek,YORK - STEELE CREEK,7756505.246781,York,091,Steele Creek,YORK - STEELE CREEK,YORK - STEELE CREEK,7756505.246778,1.000000,1
091,York,Fort Mill No. 4,45091000046,York - Fort Mill No. 4,YORK - FORT MILL NO. 4,5367607.487559,York,091,Fort Mill No. 4,YORK - FORT MILL NO. 4,YORK - FORT MILL NO. 4,5367607.487557,1.000000,1
091,York,Carolina,45091000074,York - Carolina,YORK - CAROLINA,11349840.486918,York,091,Carolina,YORK - CAROLINA,YORK - CAROLINA,11349840.486915,1.000000,1
091,York,Gold Hill,45091000066,York - Gold Hill,YORK - GOLD HILL,7151715.067418,York,091,Gold Hill,YORK - GOLD HILL,YORK - GOLD HILL,7151715.067416,1.000000,1
091,York,Fort Mill No. 1,45091000015,York - Fort Mill No. 1,YORK - FORT MILL NO. 1,6713475.911720,York,091,Fort Mill No. 1,YORK - FORT MILL NO. 1,YORK - FORT MILL NO. 1,6713475.780140,1.000000,1
091,York,Fort Mill No. 6,45091000054,York - Fort Mill No. 6,YORK - FORT MILL NO. 6,2591705.865162,York,091,Fort Mill No. 6,YORK - FORT MILL NO. 6,YORK - FORT MILL NO. 6,2591705.865161,1.000000,1
091,York,Orchard Park,45091000061,York - Orchard Park,YORK - ORCHARD PARK,4076567.282066,York,091,Orchard Park,YORK - ORCHARD PARK,YORK - ORCHARD PARK,4076567.282064,1.000000,1
091,York,Pleasant Road,45091000065,York - Pleasant Road,YORK - PLEASANT ROAD,5892254.921577,York,091,Pleasant Road,YORK - PLEASANT ROAD,YORK - PLEASANT ROAD,5892254.921576,1.000000,1
091,York,Springfield,45091000087,York - Springfield,YORK - SPRINGFIELD,6670374.983412,York,091,Springfield,YORK - SPRINGFIELD,YORK - SPRINGFIELD,6670374.983409,1.000000,1
065,Mccormick,Bethany,45065000008,Mccormick - Bethany,MCCORMICK - BETHANY,102082958.115812,Mccormick,065,Bethany,MCCORMICK - BETHANY,MCCORMICK - BETHANY,102082948.199874,1.000000,1
065,Mccormick,Monticello,45065000002,Mccormick - Monticello,MCCORMICK - MONTICELLO,13805406.751653,Mccormick,065,Monticello,MCCORMICK - MONTICELLO,MCCORMICK - MONTICELLO,13591055.237668,0.984473,1
065,Mccormick,Monticello,45065000002,Mccormick - Monticello,MCCORMICK - MONTICELLO,13805406.751653,Mccormick,065,Mccormick No. 1,MCCORMICK - MCCORMICK NO. 1,MCCORMICK - MCCORMICK NO. 1,214348.689554,0.015526,2
065,Mccormick,McCormick No. 1,45065000006,Mccormick - McCormick No. 1,MCCORMICK - MCCORMICK NO. 1,173868610.366979,Mccormick,065,Mccormick No. 1,MCCORMICK - MCCORMICK NO. 1,MCCORMICK - MCCORMICK NO. 1,173868549.716544,1.000000,1
065,Mccormick,McCormick No. 2,45065000009,Mccormick - McCormick No. 2,MCCORMICK - MCCORMICK NO. 2,55535800.544183,Mccormick,065,Mccormick No. 2,MCCORMICK - MCCORMICK NO. 2,MCCORMICK - MCCORMICK NO. 2,55532830.282347,0.999947,1
065,Mccormick,Plum Branch,45065000010,Mccormick - Plum Branch,MCCORMICK - PLUM BRANCH,148841882.853190,Mccormick,065,Plum Branch,MCCORMICK - PLUM BRANCH,MCCORMICK - PLUM BRANCH,148841880.821152,1.000000,1
065,Mccormick,Mt. Carmel,45065000001,Mccormick - Mt. Carmel,MCCORMICK - MT. CARMEL,144592195.753004,Mccormick,065,Mt. Carmel,MCCORMICK - MT. CARMEL,MCCORMICK - MT. CARMEL,144592193.794587,1.000000,1
065,Mccormick,Savannah,45065000003,Mccormick - Savannah,MCCORMICK - SAVANNAH,77182064.924355,Mccormick,065,Savannah,MCCORMICK - SAVANNAH,MCCORMICK - SAVANNAH,77152571.515312,0.999618,1
065,Mccormick,Willington,45065000004,Mccormick - Willington,MCCORMICK - WILLINGTON,116249123.171689,Mccormick,065,Willington,MCCORMICK - WILLINGTON,MCCORMICK - WILLINGTON,116249121.266483,1.000000,1
065,Mccormick,Parksville,45065000013,Mccormick - Parksville,MCCORMICK - PARKSVILLE,72589629.450744,Mccormick,065,Parksville,MCCORMICK - PARKSVILLE,MCCORMICK - PARKSVILLE,72589555.883836,0.999999,1
065,Mccormick,Modoc,45065000014,Mccormick - Modoc,MCCORMICK - MODOC,28050288.893019,Mccormick,065,Modoc,MCCORMICK - MODOC,MCCORMICK - MODOC,28049915.382173,0.999987,1
065,Mccormick,Clarks Hill,45065000015,Mccormick - Clarks Hill,MCCORMICK - CLARKS HILL,86636247.867199,Mccormick,065,Clark's Hill,MCCORMICK - CLARKS HILL,MCCORMICK - CLARKS HILL,86635033.850740,0.999986,1
085,Sumter,MANCHESTER FOREST,45085000144,Sumter - MANCHESTER FOREST,SUMTER - MANCHESTER FOREST,116839520.872492,Sumter,085,Manchester Forest,SUMTER - MANCHESTER FOREST,SUMTER - MANCHESTER FOREST,116701806.200411,0.998821,1
085,Sumter,MANCHESTER FOREST,45085000144,Sumter - MANCHESTER FOREST,SUMTER - MANCHESTER FOREST,116839520.872492,Sumter,085,Pinewood,SUMTER - PINEWOOD,SUMTER - PINEWOOD,72222.075169,0.000618,2
085,Sumter,FURMAN,45085000150,Sumter - FURMAN,SUMTER - FURMAN,29604609.930709,Sumter,085,Furman,SUMTER - FURMAN,SUMTER - FURMAN,29517311.073054,0.997051,1
085,Sumter,FURMAN,45085000150,Sumter - FURMAN,SUMTER - FURMAN,29604609.930709,Sumter,085,Pinewood,SUMTER - PINEWOOD,SUMTER - PINEWOOD,49256.131698,0.001664,2
085,Sumter,FURMAN,45085000150,Sumter - FURMAN,SUMTER - FURMAN,29604609.930709,Sumter,085,Privateer,SUMTER - PRIVATEER,SUMTER - PRIVATEER,27644.040455,0.000934,3
085,Sumter,PRIVATEER,45085000147,Sumter - PRIVATEER,SUMTER - PRIVATEER,27822409.025294,Sumter,085,Privateer,SUMTER - PRIVATEER,SUMTER - PRIVATEER,27720857.520472,0.996350,1
085,Sumter,PRIVATEER,45085000147,Sumter - PRIVATEER,SUMTER - PRIVATEER,27822409.025294,Sumter,085,Furman,SUMTER - FURMAN,SUMTER - FURMAN,50152.062179,0.001803,2
085,Sumter,PRIVATEER,45085000147,Sumter - PRIVATEER,SUMTER - PRIVATEER,27822409.025294,Sumter,085,Pocotaligo 1,SUMTER - POCOTALIGO 1,SUMTER - POCOTALIGO 1,46986.701859,0.001689,3
085,Sumter,PINEWOOD,45085000145,Sumter - PINEWOOD,SUMTER - PINEWOOD,282562833.302972,Sumter,085,Pinewood,SUMTER - PINEWOOD,SUMTER - PINEWOOD,282354538.820102,0.999263,1
085,Sumter,POCOTALIGO 2,45085000146,Sumter - POCOTALIGO 2,SUMTER - POCOTALIGO 2,36011293.118631,Sumter,085,Pocotaligo 2,SUMTER - POCOTALIGO 2,SUMTER - POCOTALIGO 2,35971256.170619,0.998888,1
085,Sumter,POCOTALIGO 2,45085000146,Sumter - POCOTALIGO 2,SUMTER - POCOTALIGO 2,36011293.118631,Sumter,085,Pinewood,SUMTER - PINEWOOD,SUMTER - PINEWOOD,24868.071865,0.000691,2
085,Sumter,POCOTALIGO 1,45085000132,Sumter - POCOTALIGO 1,SUMTER - POCOTALIGO 1,30346171.286956,Sumter,085,Pocotaligo 1,SUMTER - POCOTALIGO 1,SUMTER - POCOTALIGO 1,30217408.288984,0.995757,1
085,Sumter,POCOTALIGO 1,45085000132,Sumter - POCOTALIGO 1,SUMTER - POCOTALIGO 1,30346171.286956,Sumter,085,Pocotaligo 2,SUMTER - POCOTALIGO 2,SUMTER - POCOTALIGO 2,116667.416266,0.003845,2
085,Sumter,REMBERT,45085000101,Sumter - REMBERT,SUMTER - REMBERT,131361619.056915,Sumter,085,Rembert,SUMTER - REMBERT,SUMTER - REMBERT,131148298.339272,0.998376,1
085,Sumter,REMBERT,45085000101,Sumter - REMBERT,SUMTER - REMBERT,131361619.056915,Sumter,085,Thomas Sumter,SUMTER - THOMAS SUMTER,SUMTER - THOMAS SUMTER,158092.691546,0.001203,2
085,Sumter,HILLCREST,45085000103,Sumter - HILLCREST,SUMTER - HILLCREST,25854184.409307,Sumter,085,Hillcrest,SUMTER - HILLCREST,SUMTER - HILLCREST,25469886.621281,0.985136,1
085,Sumter,HILLCREST,45085000103,Sumter - HILLCREST,SUMTER - HILLCREST,25854184.409307,Sumter,085,Rembert,SUMTER - REMBERT,SUMTER - REMBERT,188015.555321,0.007272,2
085,Sumter,HILLCREST,45085000103,Sumter - HILLCREST,SUMTER - HILLCREST,25854184.409307,Sumter,085,Dalzell 1,SUMTER - DALZELL 1,SUMTER - DALZELL 1,126479.422096,0.004892,3
085,Sumter,HILLCREST,45085000103,Sumter - HILLCREST,SUMTER - HILLCREST,25854184.409307,Sumter,085,Oakland Plant 1,SUMTER - OAKLAND PLANT 1,SUMTER - OAKLAND PLANT 1,47125.468328,0.001823,4
085,Sumter,HILLCREST,45085000103,Sumter - HILLCREST,SUMTER - HILLCREST,25854184.409307,Sumter,085,Thomas Sumter,SUMTER - THOMAS SUMTER,SUMTER - THOMAS SUMTER,32922.858619,0.001273,5
085,Sumter,DELAINE,45085000142,Sumter - DELAINE,SUMTER - DELAINE,110103310.883074,Sumter,085,Delaine,SUMTER - DELAINE,SUMTER - DELAINE,109995260.557407,0.999019,1
085,Sumter,DELAINE,45085000142,Sumter - DELAINE,SUMTER - DELAINE,110103310.883074,Sumter,085,St. Paul,SUMTER - ST. PAUL,SUMTER - ST. PAUL,67898.496257,0.000617,2
085,Sumter,DALZELL 2,45085000106,Sumter - DALZELL 2,SUMTER - DALZELL 2,9225860.992892,Sumter,085,Dalzell 2,SUMTER - DALZELL 2,SUMTER - DALZELL 2,9024847.355558,0.978212,1
085,Sumter,DALZELL 2,45085000106,Sumter - DALZELL 2,SUMTER - DALZELL 2,9225860.992892,Sumter,085,Ebenezer 1,SUMTER - EBENEZER 1,SUMTER - EBENEZER 1,139009.867548,0.015067,2
085,Sumter,DALZELL 2,45085000106,Sumter - DALZELL 2,SUMTER - DALZELL 2,9225860.992892,Sumter,085,Thomas Sumter,SUMTER - THOMAS SUMTER,SUMTER - THOMAS SUMTER,46228.266628,0.005011,3
085,Sumter,DALZELL 2,45085000106,Sumter - DALZELL 2,SUMTER - DALZELL 2,9225860.992892,Sumter,085,Ebenezer 2,SUMTER - EBENEZER 2,SUMTER - EBENEZER 2,7816.176168,0.000847,4
085,Sumter,DALZELL 2,45085000106,Sumter - DALZELL 2,SUMTER - DALZELL 2,9225860.992892,Sumter,085,Dalzell 1,SUMTER - DALZELL 1,SUMTER - DALZELL 1,5286.682467,0.000573,5
085,Sumter,THOMAS SUMTER,45085000154,Sumter - THOMAS SUMTER,SUMTER - THOMAS SUMTER,65649528.808748,Sumter,085,Thomas Sumter,SUMTER - THOMAS SUMTER,SUMTER - THOMAS SUMTER,65278775.575765,0.994353,1
085,Sumter,THOMAS SUMTER,45085000154,Sumter - THOMAS SUMTER,SUMTER - THOMAS SUMTER,65649528.808748,Sumter,085,Rembert,SUMTER - REMBERT,SUMTER - REMBERT,277167.380971,0.004222,2
085,Sumter,THOMAS SUMTER,45085000154,Sumter - THOMAS SUMTER,SUMTER - THOMAS SUMTER,65649528.808748,Sumter,085,Oswego,SUMTER - OSWEGO,SUMTER - OSWEGO,81968.347352,0.001249,3
085,Sumter,GREEN SWAMP,45085000118,Sumter - GREEN SWAMP,SUMTER - GREEN SWAMP,18047171.835727,Sumter,085,Green Swamp 1,SUMTER - GREEN SWAMP 1,SUMTER - GREEN SWAMP 1,18015049.346657,0.998220,1
085,Sumter,GREEN SWAMP,45085000118,Sumter - GREEN SWAMP,SUMTER - GREEN SWAMP,18047171.835727,Sumter,085,Green Swamp 2,SUMTER - GREEN SWAMP 2,SUMTER - GREEN SWAMP 2,16972.736308,0.000940,2
085,Sumter,OAKLAND PLANTATION 2,45085000110,Sumter - OAKLAND PLANTATION 2,SUMTER - OAKLAND PLANTATION 2,15071155.332383,Sumter,085,Oakland Plant 2,SUMTER - OAKLAND PLANT 2,SUMTER - OAKLAND PLANT 2,15019092.182012,0.996546,1
085,Sumter,OAKLAND PLANTATION 2,45085000110,Sumter - OAKLAND PLANTATION 2,SUMTER - OAKLAND PLANTATION 2,15071155.332383,Sumter,085,Shaw,SUMTER - SHAW,SUMTER - SHAW,23951.795950,0.001589,2
085,Sumter,OAKLAND PLANTATION 2,45085000110,Sumter - OAKLAND PLANTATION 2,SUMTER - OAKLAND PLANTATION 2,15071155.332383,Sumter,085,Delaine,SUMTER - DELAINE,SUMTER - DELAINE,16583.989611,0.001100,3
085,Sumter,OAKLAND PLANTATION 2,45085000110,Sumter - OAKLAND PLANTATION 2,SUMTER - OAKLAND PLANTATION 2,15071155.332383,Sumter,085,Horatio,SUMTER - HORATIO,SUMTER - HORATIO,11025.550423,0.000732,4
085,Sumter,DALZELL 1,45085000105,Sumter - DALZELL 1,SUMTER - DALZELL 1,19420384.131057,Sumter,085,Dalzell 1,SUMTER - DALZELL 1,SUMTER - DALZELL 1,19003545.907601,0.978536,1
085,Sumter,DALZELL 1,45085000105,Sumter - DALZELL 1,SUMTER - DALZELL 1,19420384.131057,Sumter,085,Dalzell 2,SUMTER - DALZELL 2,SUMTER - DALZELL 2,354169.172103,0.018237,2
085,Sumter,DALZELL 1,45085000105,Sumter - DALZELL 1,SUMTER - DALZELL 1,19420384.131057,Sumter,085,Shaw,SUMTER - SHAW,SUMTER - SHAW,31207.982206,0.001607,3
085,Sumter,DALZELL 1,45085000105,Sumter - DALZELL 1,SUMTER - DALZELL 1,19420384.131057,Sumter,085,Green Swamp 1,SUMTER - GREEN SWAMP 1,SUMTER - GREEN SWAMP 1,15949.656538,0.000821,4
085,Sumter,CHERRYVALE,45085000143,Sumter - CHERRYVALE,SUMTER - CHERRYVALE,2254326.962739,Sumter,085,Cherryvale,SUMTER - CHERRYVALE,SUMTER - CHERRYVALE,2201688.757778,0.976650,1
085,Sumter,CHERRYVALE,45085000143,Sumter - CHERRYVALE,SUMTER - CHERRYVALE,2254326.962739,Sumter,085,Shaw,SUMTER - SHAW,SUMTER - SHAW,33412.364929,0.014821,2
085,Sumter,CHERRYVALE,45085000143,Sumter - CHERRYVALE,SUMTER - CHERRYVALE,2254326.962739,Sumter,085,St. Paul,SUMTER - ST. PAUL,SUMTER - ST. PAUL,23254.299997,0.010315,3
085,Sumter,CHERRYVALE,45085000143,Sumter - CHERRYVALE,SUMTER - CHERRYVALE,2254326.962739,Sumter,085,Green Swamp 1,SUMTER - GREEN SWAMP 1,SUMTER - GREEN SWAMP 1,4602.535501,0.002042,4
085,Sumter,GREEN SWAMP 2,45085000157,Sumter - GREEN SWAMP 2,SUMTER - GREEN SWAMP 2,3338966.399345,Sumter,085,Green Swamp 2,SUMTER - GREEN SWAMP 2,SUMTER - GREEN SWAMP 2,3311796.751651,0.991863,1
085,Sumter,GREEN SWAMP 2,45085000157,Sumter - GREEN SWAMP 2,SUMTER - GREEN SWAMP 2,3338966.399345,Sumter,085,Second Mill,SUMTER - SECOND MILL,SUMTER - SECOND MILL,15834.747491,0.004742,2
085,Sumter,GREEN SWAMP 2,45085000157,Sumter - GREEN SWAMP 2,SUMTER - GREEN SWAMP 2,3338966.399345,Sumter,085,Green Swamp 1,SUMTER - GREEN SWAMP 1,SUMTER - GREEN SWAMP 1,7269.528435,0.002177,3
085,Sumter,GREEN SWAMP 2,45085000157,Sumter - GREEN SWAMP 2,SUMTER - GREEN SWAMP 2,3338966.399345,Sumter,085,Ebenezer 2,SUMTER - EBENEZER 2,SUMTER - EBENEZER 2,3259.017400,0.000976,4
085,Sumter,SHAW,45085000153,Sumter - SHAW,SUMTER - SHAW,12490888.695207,Sumter,085,Shaw,SUMTER - SHAW,SUMTER - SHAW,12426134.951937,0.994816,1
085,Sumter,SHAW,45085000153,Sumter - SHAW,SUMTER - SHAW,12490888.695207,Sumter,085,Green Swamp 1,SUMTER - GREEN SWAMP 1,SUMTER - GREEN SWAMP 1,31080.139838,0.002488,2
085,Sumter,SHAW,45085000153,Sumter - SHAW,SUMTER - SHAW,12490888.695207,Sumter,085,Dalzell 1,SUMTER - DALZELL 1,SUMTER - DALZELL 1,19240.660972,0.001540,3
085,Sumter,SHAW,45085000153,Sumter - SHAW,SUMTER - SHAW,12490888.695207,Sumter,085,Oakland Plant 2,SUMTER - OAKLAND PLANT 2,SUMTER - OAKLAND PLANT 2,8767.127050,0.000702,4
085,Sumter,OAKLAND PLANTATION 1,45085000104,Sumter - OAKLAND PLANTATION 1,SUMTER - OAKLAND PLANTATION 1,8160111.993493,Sumter,085,Oakland Plant 1,SUMTER - OAKLAND PLANT 1,SUMTER - OAKLAND PLANT 1,8049962.103559,0.986501,1
085,Sumter,OAKLAND PLANTATION 1,45085000104,Sumter - OAKLAND PLANTATION 1,SUMTER - OAKLAND PLANTATION 1,8160111.993493,Sumter,085,Oakland Plant 2,SUMTER - OAKLAND PLANT 2,SUMTER - OAKLAND PLANT 2,75643.208651,0.009270,2
085,Sumter,OAKLAND PLANTATION 1,45085000104,Sumter - OAKLAND PLANTATION 1,SUMTER - OAKLAND PLANTATION 1,8160111.993493,Sumter,085,Shaw,SUMTER - SHAW,SUMTER - SHAW,13748.716433,0.001685,3
085,Sumter,OAKLAND PLANTATION 1,45085000104,Sumter - OAKLAND PLANTATION 1,SUMTER - OAKLAND PLANTATION 1,8160111.993493,Sumter,085,Hillcrest,SUMTER - HILLCREST,SUMTER - HILLCREST,11550.207726,0.001415,4
085,Sumter,OAKLAND PLANTATION 1,45085000104,Sumter - OAKLAND PLANTATION 1,SUMTER - OAKLAND PLANTATION 1,8160111.993493,Sumter,085,Dalzell 1,SUMTER - DALZELL 1,SUMTER - DALZELL 1,8188.254443,0.001003,5
085,Sumter,HORATIO,45085000102,Sumter - HORATIO,SUMTER - HORATIO,81153178.389694,Sumter,085,Horatio,SUMTER - HORATIO,SUMTER - HORATIO,80897334.462577,0.996847,1
085,Sumter,HORATIO,45085000102,Sumter - HORATIO,SUMTER - HORATIO,81153178.389694,Sumter,085,Rembert,SUMTER - REMBERT,SUMTER - REMBERT,98079.259397,0.001209,2
085,Sumter,HORATIO,45085000102,Sumter - HORATIO,SUMTER - HORATIO,81153178.389694,Sumter,085,Delaine,SUMTER - DELAINE,SUMTER - DELAINE,78902.976138,0.000972,3
085,Sumter,SALEM,45085000109,Sumter - SALEM,SUMTER - SALEM,88915506.604368,Sumter,085,Salem,SUMTER - SALEM,SUMTER - SALEM,88897077.216383,0.999793,1
085,Sumter,MAYEWOOD,45085000113,Sumter - MAYEWOOD,SUMTER - MAYEWOOD,120203694.603299,Sumter,085,Mayewood,SUMTER - MAYEWOOD,SUMTER - MAYEWOOD,120166886.293828,0.999694,1
085,Sumter,SAINT JOHN,45085000112,Sumter - SAINT JOHN,SUMTER - SAINT JOHN,151438829.725253,Sumter,085,St. John,SUMTER - ST. JOHN,SUMTER - ST. JOHN,151430070.888851,0.999942,1
085,Sumter,SAINT PAUL,45085000152,Sumter - SAINT PAUL,SUMTER - SAINT PAUL,15507015.849590,Sumter,085,St. Paul,SUMTER - ST. PAUL,SUMTER - ST. PAUL,14875238.771172,0.959259,1
085,Sumter,SAINT PAUL,45085000152,Sumter - SAINT PAUL,SUMTER - SAINT PAUL,15507015.849590,Sumter,085,Causeway Branch 1,SUMTER - CAUSEWAY BRANCH 1,SUMTER - CAUSEWAY BRANCH 1,386442.580802,0.024920,2
085,Sumter,SAINT PAUL,45085000152,Sumter - SAINT PAUL,SUMTER - SAINT PAUL,15507015.849590,Sumter,085,Delaine,SUMTER - DELAINE,SUMTER - DELAINE,181350.758641,0.011695,3
085,Sumter,SAINT PAUL,45085000152,Sumter - SAINT PAUL,SUMTER - SAINT PAUL,15507015.849590,Sumter,085,Cherryvale,SUMTER - CHERRYVALE,SUMTER - CHERRYVALE,40671.037844,0.002623,4
085,Sumter,SAINT PAUL,45085000152,Sumter - SAINT PAUL,SUMTER - SAINT PAUL,15507015.849590,Sumter,085,Shaw,SUMTER - SHAW,SUMTER - SHAW,25332.445031,0.001634,5
085,Sumter,EBENEZER 1,45085000148,Sumter - EBENEZER 1,SUMTER - EBENEZER 1,24385593.158024,Sumter,085,Ebenezer 1,SUMTER - EBENEZER 1,SUMTER - EBENEZER 1,24217220.987265,0.993095,1
085,Sumter,EBENEZER 1,45085000148,Sumter - EBENEZER 1,SUMTER - EBENEZER 1,24385593.158024,Sumter,085,Thomas Sumter,SUMTER - THOMAS SUMTER,SUMTER - THOMAS SUMTER,96577.440323,0.003960,2
085,Sumter,EBENEZER 1,45085000148,Sumter - EBENEZER 1,SUMTER - EBENEZER 1,24385593.158024,Sumter,085,Ebenezer 2,SUMTER - EBENEZER 2,SUMTER - EBENEZER 2,66588.583921,0.002731,3
085,Sumter,EBENEZER 2,45085000156,Sumter - EBENEZER 2,SUMTER - EBENEZER 2,20133937.194517,Sumter,085,Ebenezer 2,SUMTER - EBENEZER 2,SUMTER - EBENEZER 2,20064152.682027,0.996534,1
085,Sumter,EBENEZER 2,45085000156,Sumter - EBENEZER 2,SUMTER - EBENEZER 2,20133937.194517,Sumter,085,Folsom Park,SUMTER - FOLSOM PARK,SUMTER - FOLSOM PARK,31231.959145,0.001551,2
085,Sumter,EBENEZER 2,45085000156,Sumter - EBENEZER 2,SUMTER - EBENEZER 2,20133937.194517,Sumter,085,Ebenezer 1,SUMTER - EBENEZER 1,SUMTER - EBENEZER 1,19561.085617,0.000972,3
085,Sumter,EBENEZER 2,45085000156,Sumter - EBENEZER 2,SUMTER - EBENEZER 2,20133937.194517,Sumter,085,Mulberry,SUMTER - MULBERRY,SUMTER - MULBERRY,16161.434285,0.000803,4
085,Sumter,PALMETTO PARK,45085000119,Sumter - PALMETTO PARK,SUMTER - PALMETTO PARK,2822000.857430,Sumter,085,Palmetto Park,SUMTER - PALMETTO PARK,SUMTER - PALMETTO PARK,2772084.319181,0.982312,1
085,Sumter,PALMETTO PARK,45085000119,Sumter - PALMETTO PARK,SUMTER - PALMETTO PARK,2822000.857430,Sumter,085,Folsom Park,SUMTER - FOLSOM PARK,SUMTER - FOLSOM PARK,19297.827910,0.006838,2
085,Sumter,PALMETTO PARK,45085000119,Sumter - PALMETTO PARK,SUMTER - PALMETTO PARK,2822000.857430,Sumter,085,Green Swamp 2,SUMTER - GREEN SWAMP 2,SUMTER - GREEN SWAMP 2,14776.547764,0.005236,3
085,Sumter,PALMETTO PARK,45085000119,Sumter - PALMETTO PARK,SUMTER - PALMETTO PARK,2822000.857430,Sumter,085,Burns-downs,SUMTER - BURNS-DOWNS,SUMTER - BURNS-DOWNS,10370.928949,0.003675,4
085,Sumter,PALMETTO PARK,45085000119,Sumter - PALMETTO PARK,SUMTER - PALMETTO PARK,2822000.857430,Sumter,085,Second Mill,SUMTER - SECOND MILL,SUMTER - SECOND MILL,4157.333672,0.001473,5
085,Sumter,BUNRS-DOWNS,45085000120,Sumter - BUNRS-DOWNS,SUMTER - BUNRS-DOWNS,2087568.090878,Sumter,085,Burns-downs,SUMTER - BURNS-DOWNS,SUMTER - BURNS-DOWNS,2057897.850464,0.985787,1
085,Sumter,BUNRS-DOWNS,45085000120,Sumter - BUNRS-DOWNS,SUMTER - BUNRS-DOWNS,2087568.090878,Sumter,085,Second Mill,SUMTER - SECOND MILL,SUMTER - SECOND MILL,13629.101391,0.006529,2
085,Sumter,BUNRS-DOWNS,45085000120,Sumter - BUNRS-DOWNS,SUMTER - BUNRS-DOWNS,2087568.090878,Sumter,085,Folsom Park,SUMTER - FOLSOM PARK,SUMTER - FOLSOM PARK,9996.957824,0.004789,3
085,Sumter,BUNRS-DOWNS,45085000120,Sumter - BUNRS-DOWNS,SUMTER - BUNRS-DOWNS,2087568.090878,Sumter,085,Palmetto Park,SUMTER - PALMETTO PARK,SUMTER - PALMETTO PARK,3995.998904,0.001914,4
085,Sumter,BUNRS-DOWNS,45085000120,Sumter - BUNRS-DOWNS,SUMTER - BUNRS-DOWNS,2087568.090878,Sumter,085,Swan Lake,SUMTER - SWAN LAKE,SUMTER - SWAN LAKE,2048.182296,0.000981,5
085,Sumter,SECOND MILL,45085000121,Sumter - SECOND MILL,SUMTER - SECOND MILL,2771128.736568,Sumter,085,Second Mill,SUMTER - SECOND MILL,SUMTER - SECOND MILL,2750751.708963,0.992647,1
085,Sumter,SECOND MILL,45085000121,Sumter - SECOND MILL,SUMTER - SECOND MILL,2771128.736568,Sumter,085,Causeway Branch 2,SUMTER - CAUSEWAY BRANCH 2,SUMTER - CAUSEWAY BRANCH 2,16345.017906,0.005898,2
085,Sumter,SECOND MILL,45085000121,Sumter - SECOND MILL,SUMTER - SECOND MILL,2771128.736568,Sumter,085,Wilson Hall,SUMTER - WILSON HALL,SUMTER - WILSON HALL,1882.060164,0.000679,3
085,Sumter,FOLSOM PARK,45085000117,Sumter - FOLSOM PARK,SUMTER - FOLSOM PARK,4910816.325070,Sumter,085,Folsom Park,SUMTER - FOLSOM PARK,SUMTER - FOLSOM PARK,4897905.440105,0.997371,1
085,Sumter,FOLSOM PARK,45085000117,Sumter - FOLSOM PARK,SUMTER - FOLSOM PARK,4910816.325070,Sumter,085,Morris College,SUMTER - MORRIS COLLEGE,SUMTER - MORRIS COLLEGE,7011.370678,0.001428,2
085,Sumter,FOLSOM PARK,45085000117,Sumter - FOLSOM PARK,SUMTER - FOLSOM PARK,4910816.325070,Sumter,085,Mulberry,SUMTER - MULBERRY,SUMTER - MULBERRY,4411.605547,0.000898,3
085,Sumter,CROSSWELL,45085000125,Sumter - CROSSWELL,SUMTER - CROSSWELL,2628258.121018,Sumter,085,Crosswell,SUMTER - CROSSWELL,SUMTER - CROSSWELL,2601385.991717,0.989776,1
085,Sumter,CROSSWELL,45085000125,Sumter - CROSSWELL,SUMTER - CROSSWELL,2628258.121018,Sumter,085,Morris College,SUMTER - MORRIS COLLEGE,SUMTER - MORRIS COLLEGE,17070.116189,0.006495,2
085,Sumter,CROSSWELL,45085000125,Sumter - CROSSWELL,SUMTER - CROSSWELL,2628258.121018,Sumter,085,Loring,SUMTER - LORING,SUMTER - LORING,4577.189461,0.001742,3
085,Sumter,CROSSWELL,45085000125,Sumter - CROSSWELL,SUMTER - CROSSWELL,2628258.121018,Sumter,085,Mulberry,SUMTER - MULBERRY,SUMTER - MULBERRY,4098.157228,0.001559,4
085,Sumter,MORRIS COLLEGE,45085000123,Sumter - MORRIS COLLEGE,SUMTER - MORRIS COLLEGE,1734526.136399,Sumter,085,Morris College,SUMTER - MORRIS COLLEGE,SUMTER - MORRIS COLLEGE,1715337.970017,0.988938,1
085,Sumter,MORRIS COLLEGE,45085000123,Sumter - MORRIS COLLEGE,SUMTER - MORRIS COLLEGE,1734526.136399,Sumter,085,Hampton Park,SUMTER - HAMPTON PARK,SUMTER - HAMPTON PARK,9359.437471,0.005396,2
085,Sumter,MORRIS COLLEGE,45085000123,Sumter - MORRIS COLLEGE,SUMTER - MORRIS COLLEGE,1734526.136399,Sumter,085,Folsom Park,SUMTER - FOLSOM PARK,SUMTER - FOLSOM PARK,8046.308017,0.004639,3
085,Sumter,MORRIS COLLEGE,45085000123,Sumter - MORRIS COLLEGE,SUMTER - MORRIS COLLEGE,1734526.136399,Sumter,085,Swan Lake,SUMTER - SWAN LAKE,SUMTER - SWAN LAKE,1769.840334,0.001020,4
085,Sumter,MULBERRY,45085000115,Sumter - MULBERRY,SUMTER - MULBERRY,13647057.546528,Sumter,085,Mulberry,SUMTER - MULBERRY,SUMTER - MULBERRY,13627565.869274,0.998572,1
085,Sumter,MULBERRY,45085000115,Sumter - MULBERRY,SUMTER - MULBERRY,13647057.546528,Sumter,085,Folsom Park,SUMTER - FOLSOM PARK,SUMTER - FOLSOM PARK,11569.993456,0.000848,2
085,Sumter,BIRNIE,45085000135,Sumter - BIRNIE,SUMTER - BIRNIE,4178364.611314,Sumter,085,Birnie,SUMTER - BIRNIE,SUMTER - BIRNIE,4169900.578666,0.997974,1
085,Sumter,BIRNIE,45085000135,Sumter - BIRNIE,SUMTER - BIRNIE,4178364.611314,Sumter,085,Savage-glover,SUMTER - SAVAGE-GLOVER,SUMTER - SAVAGE-GLOVER,5278.215697,0.001263,2
085,Sumter,SALTERSTOWN,45085000116,Sumter - SALTERSTOWN,SUMTER - SALTERSTOWN,25351590.171982,Sumter,085,Salterstown,SUMTER - SALTERSTOWN,SUMTER - SALTERSTOWN,25301475.454946,0.998023,1
085,Sumter,SALTERSTOWN,45085000116,Sumter - SALTERSTOWN,SUMTER - SALTERSTOWN,25351590.171982,Sumter,085,Magnolia-harmony,SUMTER - MAGNOLIA-HARMONY,SUMTER - MAGNOLIA-HARMONY,21089.986520,0.000832,2
085,Sumter,MAGNOLIA-HARMONY,45085000128,Sumter - MAGNOLIA-HARMONY,SUMTER - MAGNOLIA-HARMONY,5714777.695510,Sumter,085,Magnolia-harmony,SUMTER - MAGNOLIA-HARMONY,SUMTER - MAGNOLIA-HARMONY,5661508.696131,0.990679,1
085,Sumter,MAGNOLIA-HARMONY,45085000128,Sumter - MAGNOLIA-HARMONY,SUMTER - MAGNOLIA-HARMONY,5714777.695510,Sumter,085,Lemira,SUMTER - LEMIRA,SUMTER - LEMIRA,32906.218415,0.005758,2
085,Sumter,MAGNOLIA-HARMONY,45085000128,Sumter - MAGNOLIA-HARMONY,SUMTER - MAGNOLIA-HARMONY,5714777.695510,Sumter,085,Loring,SUMTER - LORING,SUMTER - LORING,8787.879390,0.001538,3
085,Sumter,MAGNOLIA-HARMONY,45085000128,Sumter - MAGNOLIA-HARMONY,SUMTER - MAGNOLIA-HARMONY,5714777.695510,Sumter,085,Savage-glover,SUMTER - SAVAGE-GLOVER,SUMTER - SAVAGE-GLOVER,8266.346637,0.001446,4
085,Sumter,SAVAGE-GLOVER,45085000133,Sumter - SAVAGE-GLOVER,SUMTER - SAVAGE-GLOVER,1036589.191501,Sumter,085,Savage-glover,SUMTER - SAVAGE-GLOVER,SUMTER - SAVAGE-GLOVER,994010.646648,0.958924,1
085,Sumter,SAVAGE-GLOVER,45085000133,Sumter - SAVAGE-GLOVER,SUMTER - SAVAGE-GLOVER,1036589.191501,Sumter,085,Birnie,SUMTER - BIRNIE,SUMTER - BIRNIE,22730.817321,0.021928,2
085,Sumter,SAVAGE-GLOVER,45085000133,Sumter - SAVAGE-GLOVER,SUMTER - SAVAGE-GLOVER,1036589.191501,Sumter,085,Stone Hill,SUMTER - STONE HILL,SUMTER - STONE HILL,10206.656273,0.009846,3
085,Sumter,SAVAGE-GLOVER,45085000133,Sumter - SAVAGE-GLOVER,SUMTER - SAVAGE-GLOVER,1036589.191501,Sumter,085,Bates,SUMTER - BATES,SUMTER - BATES,9604.159366,0.009265,4
085,Sumter,LEMIRA,45085000127,Sumter - LEMIRA,SUMTER - LEMIRA,8596894.931840,Sumter,085,Lemira,SUMTER - LEMIRA,SUMTER - LEMIRA,8551321.478223,0.994699,1
085,Sumter,LEMIRA,45085000127,Sumter - LEMIRA,SUMTER - LEMIRA,8596894.931840,Sumter,085,Turkey Creek,SUMTER - TURKEY CREEK,SUMTER - TURKEY CREEK,44804.198171,0.005212,2
085,Sumter,SOUTH LIBERTY,45085000136,Sumter - SOUTH LIBERTY,SUMTER - SOUTH LIBERTY,1325243.123163,Sumter,085,South Liberty,SUMTER - SOUTH LIBERTY,SUMTER - SOUTH LIBERTY,1289274.581697,0.972859,1
085,Sumter,SOUTH LIBERTY,45085000136,Sumter - SOUTH LIBERTY,SUMTER - SOUTH LIBERTY,1325243.123163,Sumter,085,Birnie,SUMTER - BIRNIE,SUMTER - BIRNIE,31220.041816,0.023558,2
085,Sumter,SOUTH LIBERTY,45085000136,Sumter - SOUTH LIBERTY,SUMTER - SOUTH LIBERTY,1325243.123163,Sumter,085,Hampton Park,SUMTER - HAMPTON PARK,SUMTER - HAMPTON PARK,2206.253561,0.001665,3
085,Sumter,SOUTH LIBERTY,45085000136,Sumter - SOUTH LIBERTY,SUMTER - SOUTH LIBERTY,1325243.123163,Sumter,085,Swan Lake,SUMTER - SWAN LAKE,SUMTER - SWAN LAKE,1911.526788,0.001442,4
085,Sumter,LORING,45085000126,Sumter - LORING,SUMTER - LORING,2132507.096341,Sumter,085,Loring,SUMTER - LORING,SUMTER - LORING,2112100.730521,0.990431,1
085,Sumter,LORING,45085000126,Sumter - LORING,SUMTER - LORING,2132507.096341,Sumter,085,Magnolia-harmony,SUMTER - MAGNOLIA-HARMONY,SUMTER - MAGNOLIA-HARMONY,7797.391097,0.003656,2
085,Sumter,LORING,45085000126,Sumter - LORING,SUMTER - LORING,2132507.096341,Sumter,085,Crosswell,SUMTER - CROSSWELL,SUMTER - CROSSWELL,7461.024661,0.003499,3
085,Sumter,LORING,45085000126,Sumter - LORING,SUMTER - LORING,2132507.096341,Sumter,085,Morris College,SUMTER - MORRIS COLLEGE,SUMTER - MORRIS COLLEGE,4161.099547,0.001951,4
085,Sumter,SOUTH RED BAY,45085000130,Sumter - SOUTH RED BAY,SUMTER - SOUTH RED BAY,2316773.632491,Sumter,085,South Red Bay,SUMTER - SOUTH RED BAY,SUMTER - SOUTH RED BAY,2267014.806618,0.978522,1
085,Sumter,SOUTH RED BAY,45085000130,Sumter - SOUTH RED BAY,SUMTER - SOUTH RED BAY,2316773.632491,Sumter,085,Lemira,SUMTER - LEMIRA,SUMTER - LEMIRA,31088.712505,0.013419,2
085,Sumter,SOUTH RED BAY,45085000130,Sumter - SOUTH RED BAY,SUMTER - SOUTH RED BAY,2316773.632491,Sumter,085,Wilder,SUMTER - WILDER,SUMTER - WILDER,18661.775203,0.008055,3
085,Sumter,SUNSET,45085000141,Sumter - SUNSET,SUMTER - SUNSET,4736341.670897,Sumter,085,Sunset,SUMTER - SUNSET,SUMTER - SUNSET,4734021.632937,0.999510,1
085,Sumter,MILLWOOD,45085000137,Sumter - MILLWOOD,SUMTER - MILLWOOD,1049843.019359,Sumter,085,Millwood,SUMTER - MILLWOOD,SUMTER - MILLWOOD,1036469.517778,0.987261,1
085,Sumter,MILLWOOD,45085000137,Sumter - MILLWOOD,SUMTER - MILLWOOD,1049843.019359,Sumter,085,Spectrum,SUMTER - SPECTRUM,SUMTER - SPECTRUM,9397.892680,0.008952,2
085,Sumter,MILLWOOD,45085000137,Sumter - MILLWOOD,SUMTER - MILLWOOD,1049843.019359,Sumter,085,Causeway Branch 2,SUMTER - CAUSEWAY BRANCH 2,SUMTER - CAUSEWAY BRANCH 2,2756.338791,0.002625,3
085,Sumter,MILLWOOD,45085000137,Sumter - MILLWOOD,SUMTER - MILLWOOD,1049843.019359,Sumter,085,Second Mill,SUMTER - SECOND MILL,SUMTER - SECOND MILL,953.122136,0.000908,4
085,Sumter,MCCRAYS MILL 2,45085000139,Sumter - MCCRAYS MILL 2,SUMTER - MCCRAYS MILL 2,5548009.329423,Sumter,085,Mccrays Mill 2,SUMTER - MCCRAYS MILL 2,SUMTER - MCCRAYS MILL 2,5538392.046946,0.998267,1
085,Sumter,MCCRAYS MILL 2,45085000139,Sumter - MCCRAYS MILL 2,SUMTER - MCCRAYS MILL 2,5548009.329423,Sumter,085,Sumter High 2,SUMTER - SUMTER HIGH 2,SUMTER - SUMTER HIGH 2,7367.838564,0.001328,2
005,Allendale,Woods,45005000008,Allendale - Woods,ALLENDALE - WOODS,265636339.896860,Allendale,005,Woods,ALLENDALE - WOODS,ALLENDALE - WOODS,265630193.390688,0.999977,1
005,Allendale,Allendale No. 2,45005000002,Allendale - Allendale No. 2,ALLENDALE - ALLENDALE NO. 2,3452101.774266,Allendale,005,Allendale No. 2,ALLENDALE - ALLENDALE NO. 2,ALLENDALE - ALLENDALE NO. 2,3452101.385636,1.000000,1
005,Allendale,Fairfax No. 2,45005000004,Allendale - Fairfax No. 2,ALLENDALE - FAIRFAX NO. 2,310611826.741306,Allendale,005,Fairfax No. 2,ALLENDALE - FAIRFAX NO. 2,ALLENDALE - FAIRFAX NO. 2,310611793.872652,1.000000,1
005,Allendale,Martin,45005000005,Allendale - Martin,ALLENDALE - MARTIN,215749827.346451,Allendale,005,Martin,ALLENDALE - MARTIN,ALLENDALE - MARTIN,215749824.976624,1.000000,1
005,Allendale,Allendale No. 1,45005000001,Allendale - Allendale No. 1,ALLENDALE - ALLENDALE NO. 1,18359332.410441,Allendale,005,Allendale No. 1,ALLENDALE - ALLENDALE NO. 1,ALLENDALE - ALLENDALE NO. 1,18359331.819376,1.000000,1
005,Allendale,Fairfax No. 1,45005000003,Allendale - Fairfax No. 1,ALLENDALE - FAIRFAX NO. 1,58562721.597428,Allendale,005,Fairfax No. 1,ALLENDALE - FAIRFAX NO. 1,ALLENDALE - FAIRFAX NO. 1,58561747.535334,0.999983,1
085,Sumter,STONE HILL,45085000129,Sumter - STONE HILL,SUMTER - STONE HILL,1204558.094914,Sumter,085,Stone Hill,SUMTER - STONE HILL,SUMTER - STONE HILL,1171604.429468,0.972643,1
085,Sumter,STONE HILL,45085000129,Sumter - STONE HILL,SUMTER - STONE HILL,1204558.094914,Sumter,085,South Red Bay,SUMTER - SOUTH RED BAY,SUMTER - SOUTH RED BAY,20867.462767,0.017324,2
085,Sumter,STONE HILL,45085000129,Sumter - STONE HILL,SUMTER - STONE HILL,1204558.094914,Sumter,085,Wilder,SUMTER - WILDER,SUMTER - WILDER,5380.628565,0.004467,3
085,Sumter,STONE HILL,45085000129,Sumter - STONE HILL,SUMTER - STONE HILL,1204558.094914,Sumter,085,Lemira,SUMTER - LEMIRA,SUMTER - LEMIRA,2463.285097,0.002045,4
085,Sumter,STONE HILL,45085000129,Sumter - STONE HILL,SUMTER - STONE HILL,1204558.094914,Sumter,085,Bates,SUMTER - BATES,SUMTER - BATES,2165.674809,0.001798,5
085,Sumter,STONE HILL,45085000129,Sumter - STONE HILL,SUMTER - STONE HILL,1204558.094914,Sumter,085,Savage-glover,SUMTER - SAVAGE-GLOVER,SUMTER - SAVAGE-GLOVER,2076.614209,0.001724,6
085,Sumter,SUMTER HIGH 2,45085000155,Sumter - SUMTER HIGH 2,SUMTER - SUMTER HIGH 2,3258517.447765,Sumter,085,Sumter High 2,SUMTER - SUMTER HIGH 2,SUMTER - SUMTER HIGH 2,3248294.524072,0.996863,1
085,Sumter,SUMTER HIGH 2,45085000155,Sumter - SUMTER HIGH 2,SUMTER - SUMTER HIGH 2,3258517.447765,Sumter,085,Sunset,SUMTER - SUNSET,SUMTER - SUNSET,5215.268580,0.001601,2
085,Sumter,SUMTER HIGH 2,45085000155,Sumter - SUMTER HIGH 2,SUMTER - SUMTER HIGH 2,3258517.447765,Sumter,085,Mccrays Mill 2,SUMTER - MCCRAYS MILL 2,SUMTER - MCCRAYS MILL 2,3315.612054,0.001018,3
085,Sumter,SUMTER HIGH 2,45085000155,Sumter - SUMTER HIGH 2,SUMTER - SUMTER HIGH 2,3258517.447765,Sumter,085,Privateer,SUMTER - PRIVATEER,SUMTER - PRIVATEER,1692.043058,0.000519,4
085,Sumter,MAYESVILLE,45085000108,Sumter - MAYESVILLE,SUMTER - MAYESVILLE,38622296.480934,Sumter,085,Mayesville,SUMTER - MAYESVILLE,SUMTER - MAYESVILLE,38620300.417580,0.999948,1
085,Sumter,SUMTER HIGH 1,45085000140,Sumter - SUMTER HIGH 1,SUMTER - SUMTER HIGH 1,1697630.154248,Sumter,085,Sumter High 1,SUMTER - SUMTER HIGH 1,SUMTER - SUMTER HIGH 1,1661070.045991,0.978464,1
085,Sumter,SUMTER HIGH 1,45085000140,Sumter - SUMTER HIGH 1,SUMTER - SUMTER HIGH 1,1697630.154248,Sumter,085,Sumter High 2,SUMTER - SUMTER HIGH 2,SUMTER - SUMTER HIGH 2,16891.694645,0.009950,2
085,Sumter,SUMTER HIGH 1,45085000140,Sumter - SUMTER HIGH 1,SUMTER - SUMTER HIGH 1,1697630.154248,Sumter,085,Sunset,SUMTER - SUNSET,SUMTER - SUNSET,7475.501554,0.004403,3
085,Sumter,SUMTER HIGH 1,45085000140,Sumter - SUMTER HIGH 1,SUMTER - SUMTER HIGH 1,1697630.154248,Sumter,085,Mccrays Mill 1,SUMTER - MCCRAYS MILL 1,SUMTER - MCCRAYS MILL 1,5867.770808,0.003456,4
085,Sumter,SUMTER HIGH 1,45085000140,Sumter - SUMTER HIGH 1,SUMTER - SUMTER HIGH 1,1697630.154248,Sumter,085,Millwood,SUMTER - MILLWOOD,SUMTER - MILLWOOD,2406.453062,0.001418,5
085,Sumter,SUMTER HIGH 1,45085000140,Sumter - SUMTER HIGH 1,SUMTER - SUMTER HIGH 1,1697630.154248,Sumter,085,Spectrum,SUMTER - SPECTRUM,SUMTER - SPECTRUM,2104.174910,0.001239,6
085,Sumter,SUMTER HIGH 1,45085000140,Sumter - SUMTER HIGH 1,SUMTER - SUMTER HIGH 1,1697630.154248,Sumter,085,Causeway Branch 2,SUMTER - CAUSEWAY BRANCH 2,SUMTER - CAUSEWAY BRANCH 2,1814.513278,0.001069,7
085,Sumter,SWAN LAKE,45085000122,Sumter - SWAN LAKE,SUMTER - SWAN LAKE,1730787.466243,Sumter,085,Swan Lake,SUMTER - SWAN LAKE,SUMTER - SWAN LAKE,1709039.377153,0.987435,1
085,Sumter,SWAN LAKE,45085000122,Sumter - SWAN LAKE,SUMTER - SWAN LAKE,1730787.466243,Sumter,085,South Liberty,SUMTER - SOUTH LIBERTY,SUMTER - SOUTH LIBERTY,14172.832402,0.008189,2
085,Sumter,SWAN LAKE,45085000122,Sumter - SWAN LAKE,SUMTER - SWAN LAKE,1730787.466243,Sumter,085,Burns-downs,SUMTER - BURNS-DOWNS,SUMTER - BURNS-DOWNS,6401.567196,0.003699,3
085,Sumter,WILDER,45085000131,Sumter - WILDER,SUMTER - WILDER,4266807.618053,Sumter,085,Wilder,SUMTER - WILDER,SUMTER - WILDER,4243841.145444,0.994617,1
085,Sumter,WILDER,45085000131,Sumter - WILDER,SUMTER - WILDER,4266807.618053,Sumter,085,Birnie,SUMTER - BIRNIE,SUMTER - BIRNIE,19336.027348,0.004532,2
085,Sumter,MCCRAYS MILL 1,45085000111,Sumter - MCCRAYS MILL 1,SUMTER - MCCRAYS MILL 1,6854581.235051,Sumter,085,Mccrays Mill 1,SUMTER - MCCRAYS MILL 1,SUMTER - MCCRAYS MILL 1,6774408.516230,0.988304,1
085,Sumter,MCCRAYS MILL 1,45085000111,Sumter - MCCRAYS MILL 1,SUMTER - MCCRAYS MILL 1,6854581.235051,Sumter,085,Mccrays Mill 2,SUMTER - MCCRAYS MILL 2,SUMTER - MCCRAYS MILL 2,48196.388956,0.007031,2
085,Sumter,MCCRAYS MILL 1,45085000111,Sumter - MCCRAYS MILL 1,SUMTER - MCCRAYS MILL 1,6854581.235051,Sumter,085,Sumter High 1,SUMTER - SUMTER HIGH 1,SUMTER - SUMTER HIGH 1,16794.326557,0.002450,3
085,Sumter,MCCRAYS MILL 1,45085000111,Sumter - MCCRAYS MILL 1,SUMTER - MCCRAYS MILL 1,6854581.235051,Sumter,085,Sumter High 2,SUMTER - SUMTER HIGH 2,SUMTER - SUMTER HIGH 2,14821.655121,0.002162,4
085,Sumter,TURKEY CREEK,45085000114,Sumter - TURKEY CREEK,SUMTER - TURKEY CREEK,47759927.817229,Sumter,085,Turkey Creek,SUMTER - TURKEY CREEK,SUMTER - TURKEY CREEK,47619806.956149,0.997066,1
085,Sumter,TURKEY CREEK,45085000114,Sumter - TURKEY CREEK,SUMTER - TURKEY CREEK,47759927.817229,Sumter,085,Mayewood,SUMTER - MAYEWOOD,SUMTER - MAYEWOOD,71986.666259,0.001507,2
085,Sumter,TURKEY CREEK,45085000114,Sumter - TURKEY CREEK,SUMTER - TURKEY CREEK,47759927.817229,Sumter,085,South Red Bay,SUMTER - SOUTH RED BAY,SUMTER - SOUTH RED BAY,41014.184011,0.000859,3
085,Sumter,OSWEGO,45085000107,Sumter - OSWEGO,SUMTER - OSWEGO,101025717.439365,Sumter,085,Oswego,SUMTER - OSWEGO,SUMTER - OSWEGO,100915209.610467,0.998906,1
085,Sumter,WILSON HALL,45085000149,Sumter - WILSON HALL,SUMTER - WILSON HALL,5304651.290550,Sumter,085,Wilson Hall,SUMTER - WILSON HALL,SUMTER - WILSON HALL,5267708.333161,0.993036,1
085,Sumter,WILSON HALL,45085000149,Sumter - WILSON HALL,SUMTER - WILSON HALL,5304651.290550,Sumter,085,Causeway Branch 1,SUMTER - CAUSEWAY BRANCH 1,SUMTER - CAUSEWAY BRANCH 1,25046.758618,0.004722,2
085,Sumter,WILSON HALL,45085000149,Sumter - WILSON HALL,SUMTER - WILSON HALL,5304651.290550,Sumter,085,Causeway Branch 2,SUMTER - CAUSEWAY BRANCH 2,SUMTER - CAUSEWAY BRANCH 2,11547.157395,0.002177,3
085,Sumter,BATES,45085000134,Sumter - BATES,SUMTER - BATES,1092700.075978,Sumter,085,Bates,SUMTER - BATES,SUMTER - BATES,1067314.312742,0.976768,1
085,Sumter,BATES,45085000134,Sumter - BATES,SUMTER - BATES,1092700.075978,Sumter,085,Birnie,SUMTER - BIRNIE,SUMTER - BIRNIE,14017.044706,0.012828,2
085,Sumter,BATES,45085000134,Sumter - BATES,SUMTER - BATES,1092700.075978,Sumter,085,Wilder,SUMTER - WILDER,SUMTER - WILDER,10922.291583,0.009996,3
085,Sumter,CAUSEWAY BRANCH 2,45085000158,Sumter - CAUSEWAY BRANCH 2,SUMTER - CAUSEWAY BRANCH 2,4143604.088384,Sumter,085,Causeway Branch 2,SUMTER - CAUSEWAY BRANCH 2,SUMTER - CAUSEWAY BRANCH 2,4114873.352056,0.993066,1
085,Sumter,CAUSEWAY BRANCH 2,45085000158,Sumter - CAUSEWAY BRANCH 2,SUMTER - CAUSEWAY BRANCH 2,4143604.088384,Sumter,085,Sumter High 1,SUMTER - SUMTER HIGH 1,SUMTER - SUMTER HIGH 1,10923.867567,0.002636,2
085,Sumter,CAUSEWAY BRANCH 2,45085000158,Sumter - CAUSEWAY BRANCH 2,SUMTER - CAUSEWAY BRANCH 2,4143604.088384,Sumter,085,Causeway Branch 1,SUMTER - CAUSEWAY BRANCH 1,SUMTER - CAUSEWAY BRANCH 1,9526.660860,0.002299,3
085,Sumter,CAUSEWAY BRANCH 2,45085000158,Sumter - CAUSEWAY BRANCH 2,SUMTER - CAUSEWAY BRANCH 2,4143604.088384,Sumter,085,Mccrays Mill 1,SUMTER - MCCRAYS MILL 1,SUMTER - MCCRAYS MILL 1,4007.933726,0.000967,4
085,Sumter,CAUSEWAY BRANCH 2,45085000158,Sumter - CAUSEWAY BRANCH 2,SUMTER - CAUSEWAY BRANCH 2,4143604.088384,Sumter,085,Wilson Hall,SUMTER - WILSON HALL,SUMTER - WILSON HALL,3346.277667,0.000808,5
085,Sumter,CAUSEWAY BRANCH 1,45085000138,Sumter - CAUSEWAY BRANCH 1,SUMTER - CAUSEWAY BRANCH 1,6685288.890570,Sumter,085,Causeway Branch 1,SUMTER - CAUSEWAY BRANCH 1,SUMTER - CAUSEWAY BRANCH 1,6655418.875193,0.995532,1
085,Sumter,CAUSEWAY BRANCH 1,45085000138,Sumter - CAUSEWAY BRANCH 1,SUMTER - CAUSEWAY BRANCH 1,6685288.890570,Sumter,085,St. Paul,SUMTER - ST. PAUL,SUMTER - ST. PAUL,22657.945004,0.003389,2
085,Sumter,CAUSEWAY BRANCH 1,45085000138,Sumter - CAUSEWAY BRANCH 1,SUMTER - CAUSEWAY BRANCH 1,6685288.890570,Sumter,085,Causeway Branch 2,SUMTER - CAUSEWAY BRANCH 2,SUMTER - CAUSEWAY BRANCH 2,5436.661605,0.000813,3
085,Sumter,SPECTRUM,45085000151,Sumter - SPECTRUM,SUMTER - SPECTRUM,3266346.865671,Sumter,085,Spectrum,SUMTER - SPECTRUM,SUMTER - SPECTRUM,3236177.183510,0.990763,1
085,Sumter,SPECTRUM,45085000151,Sumter - SPECTRUM,SUMTER - SPECTRUM,3266346.865671,Sumter,085,Sunset,SUMTER - SUNSET,SUMTER - SUNSET,27376.073046,0.008381,2
085,Sumter,SPECTRUM,45085000151,Sumter - SPECTRUM,SUMTER - SPECTRUM,3266346.865671,Sumter,085,Sumter High 1,SUMTER - SUMTER HIGH 1,SUMTER - SUMTER HIGH 1,2405.887793,0.000737,3
085,Sumter,HAMPTON PARK,45085000124,Sumter - HAMPTON PARK,SUMTER - HAMPTON PARK,1187964.404990,Sumter,085,Hampton Park,SUMTER - HAMPTON PARK,SUMTER - HAMPTON PARK,1169923.680458,0.984814,1
085,Sumter,HAMPTON PARK,45085000124,Sumter - HAMPTON PARK,SUMTER - HAMPTON PARK,1187964.404990,Sumter,085,South Liberty,SUMTER - SOUTH LIBERTY,SUMTER - SOUTH LIBERTY,12008.474287,0.010108,2
085,Sumter,HAMPTON PARK,45085000124,Sumter - HAMPTON PARK,SUMTER - HAMPTON PARK,1187964.404990,Sumter,085,Swan Lake,SUMTER - SWAN LAKE,SUMTER - SWAN LAKE,5462.822967,0.004598,3
005,Allendale,Ulmer,45005000007,Allendale - Ulmer,ALLENDALE - ULMER,85356882.762715,Allendale,005,Ulmer,ALLENDALE - ULMER,ALLENDALE - ULMER,85356881.271319,1.000000,1
005,Allendale,Sycamore,45005000006,Allendale - Sycamore,ALLENDALE - SYCAMORE,110426058.144652,Allendale,005,Sycamore,ALLENDALE - SYCAMORE,ALLENDALE - SYCAMORE,110426058.144640,1.000000,1
009,Bamberg,North Bamberg,45009000013,Bamberg - North Bamberg,BAMBERG - NORTH BAMBERG,78009778.035176,Bamberg,009,North Bamberg,BAMBERG - NORTH BAMBERG,BAMBERG - NORTH BAMBERG,77727893.529419,0.996387,1
009,Bamberg,South Bamberg,45009000011,Bamberg - South Bamberg,BAMBERG - SOUTH BAMBERG,179950390.650396,Bamberg,009,South Bamberg,BAMBERG - SOUTH BAMBERG,BAMBERG - SOUTH BAMBERG,179539856.489378,0.997719,1
009,Bamberg,South Bamberg,45009000011,Bamberg - South Bamberg,BAMBERG - SOUTH BAMBERG,179950390.650396,Bamberg,009,North Bamberg,BAMBERG - NORTH BAMBERG,BAMBERG - NORTH BAMBERG,328956.357795,0.001828,2
009,Bamberg,Ehrhardt,45009000003,Bamberg - Ehrhardt,BAMBERG - EHRHARDT,122887133.577823,Bamberg,009,Ehrhardt,BAMBERG - EHRHARDT,BAMBERG - EHRHARDT,122804483.230673,0.999327,1
009,Bamberg,Edisto,45009000002,Bamberg - Edisto,BAMBERG - EDISTO,105119219.721469,Bamberg,009,Edisto,BAMBERG - EDISTO,BAMBERG - EDISTO,104945447.637859,0.998347,1
009,Bamberg,Edisto,45009000002,Bamberg - Edisto,BAMBERG - EDISTO,105119219.721469,Bamberg,009,Hunter's Chapel,BAMBERG - HUNTERS CHAPEL,BAMBERG - HUNTERS CHAPEL,122275.165301,0.001163,2
009,Bamberg,Hunter's Chapel,45009000007,Bamberg - Hunter's Chapel,BAMBERG - HUNTERS CHAPEL,44116298.890388,Bamberg,009,Hunter's Chapel,BAMBERG - HUNTERS CHAPEL,BAMBERG - HUNTERS CHAPEL,44061253.081703,0.998752,1
009,Bamberg,East Denmark,45009000004,Bamberg - East Denmark,BAMBERG - EAST DENMARK,78415925.794040,Bamberg,009,East Denmark,BAMBERG - EAST DENMARK,BAMBERG - EAST DENMARK,78139520.191730,0.996475,1
009,Bamberg,East Denmark,45009000004,Bamberg - East Denmark,BAMBERG - EAST DENMARK,78415925.794040,Bamberg,009,North Bamberg,BAMBERG - NORTH BAMBERG,BAMBERG - NORTH BAMBERG,129280.059889,0.001649,2
009,Bamberg,West Denmark,45009000012,Bamberg - West Denmark,BAMBERG - WEST DENMARK,95959816.840402,Bamberg,009,West Denmark,BAMBERG - WEST DENMARK,BAMBERG - WEST DENMARK,95828675.130883,0.998633,1
009,Bamberg,Hightowers Mill,45009000006,Bamberg - Hightowers Mill,BAMBERG - HIGHTOWERS MILL,21773848.845698,Bamberg,009,Hightower's Mill,BAMBERG - HIGHTOWERS MILL,BAMBERG - HIGHTOWERS MILL,21763311.880235,0.999516,1
009,Bamberg,Colston,45009000001,Bamberg - Colston,BAMBERG - COLSTON,69928368.786015,Bamberg,009,Colston,BAMBERG - COLSTON,BAMBERG - COLSTON,69848226.860034,0.998854,1
009,Bamberg,Colston,45009000001,Bamberg - Colston,BAMBERG - COLSTON,69928368.786015,Bamberg,009,Ehrhardt,BAMBERG - EHRHARDT,BAMBERG - EHRHARDT,36359.579081,0.000520,2
009,Bamberg,Kearse,45009000008,Bamberg - Kearse,BAMBERG - KEARSE,48286223.519766,Bamberg,009,Kearse,BAMBERG - KEARSE,BAMBERG - KEARSE,48202194.500306,0.998260,1
009,Bamberg,Kearse,45009000008,Bamberg - Kearse,BAMBERG - KEARSE,48286223.519766,Bamberg,009,Ehrhardt,BAMBERG - EHRHARDT,BAMBERG - EHRHARDT,51058.401070,0.001057,2
009,Bamberg,Govan,45009000005,Bamberg - Govan,BAMBERG - GOVAN,61202607.973457,Bamberg,009,Govan,BAMBERG - GOVAN,BAMBERG - GOVAN,61148185.015666,0.999111,1
009,Bamberg,Govan,45009000005,Bamberg - Govan,BAMBERG - GOVAN,61202607.973457,Bamberg,009,Olar,BAMBERG - OLAR,BAMBERG - OLAR,35591.691076,0.000582,2
009,Bamberg,Olar,45009000010,Bamberg - Olar,BAMBERG - OLAR,90174523.789630,Bamberg,009,Olar,BAMBERG - OLAR,BAMBERG - OLAR,90024588.047347,0.998337,1
009,Bamberg,Olar,45009000010,Bamberg - Olar,BAMBERG - OLAR,90174523.789630,Bamberg,009,Kearse,BAMBERG - KEARSE,BAMBERG - KEARSE,73092.371241,0.000811,2
009,Bamberg,Little Swamp,45009000009,Bamberg - Little Swamp,BAMBERG - LITTLE SWAMP,28677257.199802,Bamberg,009,Little Swamp,BAMBERG - LITTLE SWAMP,BAMBERG - LITTLE SWAMP,28616076.262018,0.997867,1
009,Bamberg,Little Swamp,45009000009,Bamberg - Little Swamp,BAMBERG - LITTLE SWAMP,28677257.199802,Bamberg,009,Hunter's Chapel,BAMBERG - HUNTERS CHAPEL,BAMBERG - HUNTERS CHAPEL,27088.774801,0.000945,2
019,Charleston,James Island 2,45019000442,Charleston - James Island 2,CHARLESTON - JAMES ISLAND 2,21065215.977067,Charleston,019,Johns Island 2,CHARLESTON - JOHNS ISLAND 2,CHARLESTON - JOHNS ISLAND 2,21026773.142233,0.998175,1
019,Charleston,James Island 2,45019000442,Charleston - James Island 2,CHARLESTON - JAMES ISLAND 2,21065215.977067,Charleston,019,Johns Island 3a,CHARLESTON - JOHNS ISLAND 3A,CHARLESTON - JOHNS ISLAND 3A,36343.120723,0.001725,2
019,Charleston,St. Andrews 17,45019000517,Charleston - St. Andrews 17,CHARLESTON - ST. ANDREWS 17,3301413.321640,Charleston,019,St. Andrews 17,CHARLESTON - ST. ANDREWS 17,CHARLESTON - ST. ANDREWS 17,3248725.611400,0.984041,1
019,Charleston,St. Andrews 17,45019000517,Charleston - St. Andrews 17,CHARLESTON - ST. ANDREWS 17,3301413.321640,Charleston,019,St. Andrews 16,CHARLESTON - ST. ANDREWS 16,CHARLESTON - ST. ANDREWS 16,52686.628981,0.015959,2
019,Charleston,Johns Island 1B,45019000441,Charleston - Johns Island 1B,CHARLESTON - JOHNS ISLAND 1B,21394703.757624,Charleston,019,Johns Island 1b,CHARLESTON - JOHNS ISLAND 1B,CHARLESTON - JOHNS ISLAND 1B,21393193.300062,0.999929,1
019,Charleston,St. Andrews 27,45019000527,Charleston - St. Andrews 27,CHARLESTON - ST. ANDREWS 27,13523582.772739,Charleston,019,St. Andrews 27,CHARLESTON - ST. ANDREWS 27,CHARLESTON - ST. ANDREWS 27,13521122.760814,0.999818,1
019,Charleston,St. Andrews 28,45019000528,Charleston - St. Andrews 28,CHARLESTON - ST. ANDREWS 28,18506446.508762,Charleston,019,St. Andrews 28,CHARLESTON - ST. ANDREWS 28,CHARLESTON - ST. ANDREWS 28,18503056.880526,0.999817,1
019,Charleston,St. Andrews 26,45019000526,Charleston - St. Andrews 26,CHARLESTON - ST. ANDREWS 26,1233996.491284,Charleston,019,St. Andrews 26,CHARLESTON - ST. ANDREWS 26,CHARLESTON - ST. ANDREWS 26,1232692.509962,0.998943,1
019,Charleston,St. Andrews 26,45019000526,Charleston - St. Andrews 26,CHARLESTON - ST. ANDREWS 26,1233996.491284,Charleston,019,St. Andrews 25,CHARLESTON - ST. ANDREWS 25,CHARLESTON - ST. ANDREWS 25,1303.545310,0.001056,2
019,Charleston,St. Andrews 25,45019000525,Charleston - St. Andrews 25,CHARLESTON - ST. ANDREWS 25,2331375.441637,Charleston,019,St. Andrews 25,CHARLESTON - ST. ANDREWS 25,CHARLESTON - ST. ANDREWS 25,2330801.554814,0.999754,1
019,Charleston,St. Andrews 29,45019000529,Charleston - St. Andrews 29,CHARLESTON - ST. ANDREWS 29,6414693.116899,Charleston,019,St. Andrews 29,CHARLESTON - ST. ANDREWS 29,CHARLESTON - ST. ANDREWS 29,6380335.484521,0.994644,1
019,Charleston,St. Andrews 29,45019000529,Charleston - St. Andrews 29,CHARLESTON - ST. ANDREWS 29,6414693.116899,Charleston,019,St. Andrews 27,CHARLESTON - ST. ANDREWS 27,CHARLESTON - ST. ANDREWS 27,33351.713560,0.005199,2
069,Marlboro,Redhill,45069000005,Marlboro - Redhill,MARLBORO - REDHILL,152425080.022129,Marlboro,069,Red Hill,MARLBORO - RED HILL,MARLBORO - RED HILL,152204290.452110,0.998551,1
069,Marlboro,Redhill,45069000005,Marlboro - Redhill,MARLBORO - REDHILL,152425080.022129,Marlboro,069,W Bennettsville,MARLBORO - W BENNETTSVILLE,MARLBORO - W BENNETTSVILLE,148550.406291,0.000975,2
069,Marlboro,West Bennettsville,45069000013,Marlboro - West Bennettsville,MARLBORO - WEST BENNETTSVILLE,86177089.852525,Marlboro,069,W Bennettsville,MARLBORO - W BENNETTSVILLE,MARLBORO - W BENNETTSVILLE,86096653.447556,0.999067,1
069,Marlboro,South Bennettsville,45069000014,Marlboro - South Bennettsville,MARLBORO - SOUTH BENNETTSVILLE,2187533.921046,Marlboro,069,S Bennettsville,MARLBORO - S BENNETTSVILLE,MARLBORO - S BENNETTSVILLE,2154120.948602,0.984726,1
069,Marlboro,South Bennettsville,45069000014,Marlboro - South Bennettsville,MARLBORO - SOUTH BENNETTSVILLE,2187533.921046,Marlboro,069,W Bennettsville,MARLBORO - W BENNETTSVILLE,MARLBORO - W BENNETTSVILLE,26046.673128,0.011907,2
069,Marlboro,South Bennettsville,45069000014,Marlboro - South Bennettsville,MARLBORO - SOUTH BENNETTSVILLE,2187533.921046,Marlboro,069,East Bennettsville,MARLBORO - EAST BENNETTSVILLE,MARLBORO - EAST BENNETTSVILLE,7206.585675,0.003294,3
069,Marlboro,East Bennettsville,45069000012,Marlboro - East Bennettsville,MARLBORO - EAST BENNETTSVILLE,26763940.650972,Marlboro,069,East Bennettsville,MARLBORO - EAST BENNETTSVILLE,MARLBORO - EAST BENNETTSVILLE,26714025.687109,0.998135,1
069,Marlboro,East Bennettsville,45069000012,Marlboro - East Bennettsville,MARLBORO - EAST BENNETTSVILLE,26763940.650972,Marlboro,069,N Bennettsville,MARLBORO - N BENNETTSVILLE,MARLBORO - N BENNETTSVILLE,23052.770695,0.000861,2
069,Marlboro,North Bennettsville,45069000015,Marlboro - North Bennettsville,MARLBORO - NORTH BENNETTSVILLE,48290444.655015,Marlboro,069,N Bennettsville,MARLBORO - N BENNETTSVILLE,MARLBORO - N BENNETTSVILLE,48150945.448577,0.997111,1
069,Marlboro,North Bennettsville,45069000015,Marlboro - North Bennettsville,MARLBORO - NORTH BENNETTSVILLE,48290444.655015,Marlboro,069,Brightsville,MARLBORO - BRIGHTSVILLE,MARLBORO - BRIGHTSVILLE,76845.164888,0.001591,2
069,Marlboro,North Bennettsville,45069000015,Marlboro - North Bennettsville,MARLBORO - NORTH BENNETTSVILLE,48290444.655015,Marlboro,069,Quicks X Roads,MARLBORO - QUICKS X ROADS,MARLBORO - QUICKS X ROADS,41345.022115,0.000856,3
069,Marlboro,Brightsville,45069000003,Marlboro - Brightsville,MARLBORO - BRIGHTSVILLE,70825290.777330,Marlboro,069,Brightsville,MARLBORO - BRIGHTSVILLE,MARLBORO - BRIGHTSVILLE,70611234.378779,0.996978,1
069,Marlboro,Brightsville,45069000003,Marlboro - Brightsville,MARLBORO - BRIGHTSVILLE,70825290.777330,Marlboro,069,Quicks X Roads,MARLBORO - QUICKS X ROADS,MARLBORO - QUICKS X ROADS,79486.471556,0.001122,2
069,Marlboro,Brightsville,45069000003,Marlboro - Brightsville,MARLBORO - BRIGHTSVILLE,70825290.777330,Marlboro,069,N Bennettsville,MARLBORO - N BENNETTSVILLE,MARLBORO - N BENNETTSVILLE,57780.263857,0.000816,3
069,Marlboro,Quicks X Roads,45069000008,Marlboro - Quicks X Roads,MARLBORO - QUICKS X ROADS,136656366.162233,Marlboro,069,Quicks X Roads,MARLBORO - QUICKS X ROADS,MARLBORO - QUICKS X ROADS,136597774.448511,0.999571,1
069,Marlboro,Tatum,45069000006,Marlboro - Tatum,MARLBORO - TATUM,43677175.194086,Marlboro,069,Tatum,MARLBORO - TATUM,MARLBORO - TATUM,43518229.379259,0.996361,1
069,Marlboro,Tatum,45069000006,Marlboro - Tatum,MARLBORO - TATUM,43677175.194086,Marlboro,069,N Bennettsville,MARLBORO - N BENNETTSVILLE,MARLBORO - N BENNETTSVILLE,74423.616377,0.001704,2
069,Marlboro,Tatum,45069000006,Marlboro - Tatum,MARLBORO - TATUM,43677175.194086,Marlboro,069,Adamsville,MARLBORO - ADAMSVILLE,MARLBORO - ADAMSVILLE,56024.588871,0.001283,3
069,Marlboro,Blenheim,45069000002,Marlboro - Blenheim,MARLBORO - BLENHEIM,87398473.245132,Marlboro,069,Blenheim,MARLBORO - BLENHEIM,MARLBORO - BLENHEIM,87220720.658642,0.997966,1
069,Marlboro,Blenheim,45069000002,Marlboro - Blenheim,MARLBORO - BLENHEIM,87398473.245132,Marlboro,069,Clio,MARLBORO - CLIO,MARLBORO - CLIO,80480.452255,0.000921,2
069,Marlboro,Blenheim,45069000002,Marlboro - Blenheim,MARLBORO - BLENHEIM,87398473.245132,Marlboro,069,Brownsville,MARLBORO - BROWNSVILLE,MARLBORO - BROWNSVILLE,53164.762111,0.000608,3
069,Marlboro,Brownsville,45069000004,Marlboro - Brownsville,MARLBORO - BROWNSVILLE,166370429.077076,Marlboro,069,Brownsville,MARLBORO - BROWNSVILLE,MARLBORO - BROWNSVILLE,166248190.700237,0.999265,1
069,Marlboro,Brownsville,45069000004,Marlboro - Brownsville,MARLBORO - BROWNSVILLE,166370429.077076,Marlboro,069,Blenheim,MARLBORO - BLENHEIM,MARLBORO - BLENHEIM,100542.982047,0.000604,2
069,Marlboro,Clio,45069000009,Marlboro - Clio,MARLBORO - CLIO,162691480.985108,Marlboro,069,Clio,MARLBORO - CLIO,MARLBORO - CLIO,162258745.062431,0.997340,1
069,Marlboro,Clio,45069000009,Marlboro - Clio,MARLBORO - CLIO,162691480.985108,Marlboro,069,Tatum,MARLBORO - TATUM,MARLBORO - TATUM,109198.703256,0.000671,2
069,Marlboro,Wallace,45069000007,Marlboro - Wallace,MARLBORO - WALLACE,138701541.494432,Marlboro,069,Wallace,MARLBORO - WALLACE,MARLBORO - WALLACE,137892834.759625,0.994169,1
069,Marlboro,Adamsville,45069000001,Marlboro - Adamsville,MARLBORO - ADAMSVILLE,73393135.071773,Marlboro,069,Adamsville,MARLBORO - ADAMSVILLE,MARLBORO - ADAMSVILLE,73317704.721051,0.998972,1
069,Marlboro,East McColl,45069000011,Marlboro - East McColl,MARLBORO - EAST MCCOLL,1667336.427405,Marlboro,069,East Mccoll,MARLBORO - EAST MCCOLL,MARLBORO - EAST MCCOLL,1646818.865461,0.987694,1
069,Marlboro,East McColl,45069000011,Marlboro - East McColl,MARLBORO - EAST MCCOLL,1667336.427405,Marlboro,069,Mccoll,MARLBORO - MCCOLL,MARLBORO - MCCOLL,20517.561944,0.012306,2
069,Marlboro,McColl,45069000010,Marlboro - McColl,MARLBORO - MCCOLL,60130980.040868,Marlboro,069,Mccoll,MARLBORO - MCCOLL,MARLBORO - MCCOLL,59962230.978536,0.997194,1
069,Marlboro,McColl,45069000010,Marlboro - McColl,MARLBORO - MCCOLL,60130980.040868,Marlboro,069,Adamsville,MARLBORO - ADAMSVILLE,MARLBORO - ADAMSVILLE,69109.723569,0.001149,2
069,Marlboro,McColl,45069000010,Marlboro - McColl,MARLBORO - MCCOLL,60130980.040868,Marlboro,069,Clio,MARLBORO - CLIO,MARLBORO - CLIO,38638.112593,0.000643,3
069,Marlboro,McColl,45069000010,Marlboro - McColl,MARLBORO - MCCOLL,60130980.040868,Marlboro,069,East Mccoll,MARLBORO - EAST MCCOLL,MARLBORO - EAST MCCOLL,36229.305815,0.000603,4
061,Lee,Hickory Hill,45061000010,Lee - Hickory Hill,LEE - HICKORY HILL,28434786.488138,Lee,061,Hickory Hill,LEE - HICKORY HILL,LEE - HICKORY HILL,28210764.391156,0.992122,1
061,Lee,Hickory Hill,45061000010,Lee - Hickory Hill,LEE - HICKORY HILL,28434786.488138,Lee,061,Manville,LEE - MANVILLE,LEE - MANVILLE,209892.128687,0.007382,2
061,Lee,Rattlesnake Springs,45061000015,Lee - Rattlesnake Springs,LEE - RATTLESNAKE SPRINGS,28434717.003441,Lee,061,Rattlesnake Springs,LEE - RATTLESNAKE SPRINGS,LEE - RATTLESNAKE SPRINGS,28109695.634860,0.988570,1
061,Lee,Rattlesnake Springs,45061000015,Lee - Rattlesnake Springs,LEE - RATTLESNAKE SPRINGS,28434717.003441,Lee,061,Spring Hill,LEE - SPRING HILL,LEE - SPRING HILL,295320.653083,0.010386,2
061,Lee,Rattlesnake Springs,45061000015,Lee - Rattlesnake Springs,LEE - RATTLESNAKE SPRINGS,28434717.003441,Lee,061,Ionia,LEE - IONIA,LEE - IONIA,16745.625821,0.000589,3
061,Lee,Ashwood,45061000002,Lee - Ashwood,LEE - ASHWOOD,60735489.060015,Lee,061,Ashwood,LEE - ASHWOOD,LEE - ASHWOOD,60630019.120124,0.998263,1
061,Lee,Ashwood,45061000002,Lee - Ashwood,LEE - ASHWOOD,60735489.060015,Lee,061,St. Charles,LEE - ST. CHARLES,LEE - ST. CHARLES,45373.677918,0.000747,2
061,Lee,Ashwood,45061000002,Lee - Ashwood,LEE - ASHWOOD,60735489.060015,Lee,061,Manville,LEE - MANVILLE,LEE - MANVILLE,32815.321211,0.000540,3
061,Lee,Ionia,45061000011,Lee - Ionia,LEE - IONIA,52865516.627277,Lee,061,Ionia,LEE - IONIA,LEE - IONIA,52603177.764239,0.995038,1
061,Lee,Ionia,45061000011,Lee - Ionia,LEE - IONIA,52865516.627277,Lee,061,Hickory Hill,LEE - HICKORY HILL,LEE - HICKORY HILL,96726.696127,0.001830,2
061,Lee,Ionia,45061000011,Lee - Ionia,LEE - IONIA,52865516.627277,Lee,061,Rattlesnake Springs,LEE - RATTLESNAKE SPRINGS,LEE - RATTLESNAKE SPRINGS,94320.146491,0.001784,3
061,Lee,Ionia,45061000011,Lee - Ionia,LEE - IONIA,52865516.627277,Lee,061,Spring Hill,LEE - SPRING HILL,LEE - SPRING HILL,68806.311634,0.001302,4
061,Lee,Spring Hill,45061000018,Lee - Spring Hill,LEE - SPRING HILL,61717460.985699,Lee,061,Spring Hill,LEE - SPRING HILL,LEE - SPRING HILL,61584446.900200,0.997845,1
061,Lee,Spring Hill,45061000018,Lee - Spring Hill,LEE - SPRING HILL,61717460.985699,Lee,061,Woodrow,LEE - WOODROW,LEE - WOODROW,44131.714874,0.000715,2
061,Lee,Spring Hill,45061000018,Lee - Spring Hill,LEE - SPRING HILL,61717460.985699,Lee,061,Rattlesnake Springs,LEE - RATTLESNAKE SPRINGS,LEE - RATTLESNAKE SPRINGS,37566.701879,0.000609,3
061,Lee,Spring Hill,45061000018,Lee - Spring Hill,LEE - SPRING HILL,61717460.985699,Lee,061,Ionia,LEE - IONIA,LEE - IONIA,32360.675326,0.000524,4
061,Lee,Woodrow,45061000024,Lee - Woodrow,LEE - WOODROW,26046086.053366,Lee,061,Woodrow,LEE - WOODROW,LEE - WOODROW,25950635.965276,0.996335,1
061,Lee,Woodrow,45061000024,Lee - Woodrow,LEE - WOODROW,26046086.053366,Lee,061,Ashwood,LEE - ASHWOOD,LEE - ASHWOOD,87815.898620,0.003372,2
061,Lee,Bishopville No. 3,45061000005,Lee - Bishopville No. 3,LEE - BISHOPVILLE NO. 3,17512773.252994,Lee,061,Bishopville No. 3,LEE - BISHOPVILLE NO. 3,LEE - BISHOPVILLE NO. 3,17223436.573270,0.983479,1
061,Lee,Bishopville No. 3,45061000005,Lee - Bishopville No. 3,LEE - BISHOPVILLE NO. 3,17512773.252994,Lee,061,Cedar Creek,LEE - CEDAR CREEK,LEE - CEDAR CREEK,233092.257111,0.013310,2
061,Lee,Bishopville No. 3,45061000005,Lee - Bishopville No. 3,LEE - BISHOPVILLE NO. 3,17512773.252994,Lee,061,Bishopville No. 4,LEE - BISHOPVILLE NO. 4,LEE - BISHOPVILLE NO. 4,51188.656409,0.002923,3
061,Lee,Bishopville No. 1,45061000003,Lee - Bishopville No. 1,LEE - BISHOPVILLE NO. 1,18639205.382861,Lee,061,Bishopville No. 1,LEE - BISHOPVILLE NO. 1,LEE - BISHOPVILLE NO. 1,18498937.534289,0.992475,1
061,Lee,Bishopville No. 1,45061000003,Lee - Bishopville No. 1,LEE - BISHOPVILLE NO. 1,18639205.382861,Lee,061,Bishopville No. 2,LEE - BISHOPVILLE NO. 2,LEE - BISHOPVILLE NO. 2,99204.859537,0.005322,2
061,Lee,Bishopville No. 1,45061000003,Lee - Bishopville No. 1,LEE - BISHOPVILLE NO. 1,18639205.382861,Lee,061,Mt. Clio,LEE - MT. CLIO,LEE - MT. CLIO,19289.875975,0.001035,3
061,Lee,Bishopville No. 1,45061000003,Lee - Bishopville No. 1,LEE - BISHOPVILLE NO. 1,18639205.382861,Lee,061,Bishopville No. 3,LEE - BISHOPVILLE NO. 3,LEE - BISHOPVILLE NO. 3,17200.416913,0.000923,4
061,Lee,Manville,45061000013,Lee - Manville,LEE - MANVILLE,34981618.052919,Lee,061,Manville,LEE - MANVILLE,LEE - MANVILLE,34771112.213502,0.993982,1
061,Lee,Manville,45061000013,Lee - Manville,LEE - MANVILLE,34981618.052919,Lee,061,Bishopville No. 3,LEE - BISHOPVILLE NO. 3,LEE - BISHOPVILLE NO. 3,87116.325251,0.002490,2
061,Lee,Manville,45061000013,Lee - Manville,LEE - MANVILLE,34981618.052919,Lee,061,St. Charles,LEE - ST. CHARLES,LEE - ST. CHARLES,74026.411664,0.002116,3
061,Lee,Manville,45061000013,Lee - Manville,LEE - MANVILLE,34981618.052919,Lee,061,Ashwood,LEE - ASHWOOD,LEE - ASHWOOD,26728.374460,0.000764,4
061,Lee,Mt. Clio,45061000014,Lee - Mt. Clio,LEE - MT. CLIO,47552636.080271,Lee,061,Mt. Clio,LEE - MT. CLIO,LEE - MT. CLIO,47245434.093264,0.993540,1
061,Lee,Mt. Clio,45061000014,Lee - Mt. Clio,LEE - MT. CLIO,47552636.080271,Lee,061,Bishopville No. 1,LEE - BISHOPVILLE NO. 1,LEE - BISHOPVILLE NO. 1,230604.911312,0.004849,2
061,Lee,Mt. Clio,45061000014,Lee - Mt. Clio,LEE - MT. CLIO,47552636.080271,Lee,061,Elliott,LEE - ELLIOTT,LEE - ELLIOTT,33538.404325,0.000705,3
061,Lee,St. Charles,45061000019,Lee - St. Charles,LEE - ST. CHARLES,122543147.337884,Lee,061,St. Charles,LEE - ST. CHARLES,LEE - ST. CHARLES,122345677.942677,0.998389,1
061,Lee,St. Charles,45061000019,Lee - St. Charles,LEE - ST. CHARLES,122543147.337884,Lee,061,Elliott,LEE - ELLIOTT,LEE - ELLIOTT,93916.942882,0.000766,2
061,Lee,St. Charles,45061000019,Lee - St. Charles,LEE - ST. CHARLES,122543147.337884,Lee,061,Mt. Clio,LEE - MT. CLIO,LEE - MT. CLIO,91855.707680,0.000750,3
061,Lee,Schrocks Mill/Lucknow,45061000016,Lee - Schrocks Mill/Lucknow,LEE - SCHROCKS MILLLUCKNOW,82321914.150620,Lee,061,Schrocks Mill/lucknow,LEE - SCHROCKS MILLLUCKNOW,LEE - SCHROCKS MILLLUCKNOW,82228912.386221,0.998870,1
061,Lee,Turkey Creek,45061000021,Lee - Turkey Creek,LEE - TURKEY CREEK,34029289.458416,Lee,061,Turkey Creek,LEE - TURKEY CREEK,LEE - TURKEY CREEK,33993923.220491,0.998961,1
061,Lee,Turkey Creek,45061000021,Lee - Turkey Creek,LEE - TURKEY CREEK,34029289.458416,Lee,061,St. Matthews,LEE - ST. MATTHEWS,LEE - ST. MATTHEWS,23560.977034,0.000692,2
061,Lee,Bishopville No. 4,45061000006,Lee - Bishopville No. 4,LEE - BISHOPVILLE NO. 4,29561937.262075,Lee,061,Bishopville No. 4,LEE - BISHOPVILLE NO. 4,LEE - BISHOPVILLE NO. 4,29437357.432366,0.995786,1
061,Lee,Bishopville No. 4,45061000006,Lee - Bishopville No. 4,LEE - BISHOPVILLE NO. 4,29561937.262075,Lee,061,Bishopville No. 2,LEE - BISHOPVILLE NO. 2,LEE - BISHOPVILLE NO. 2,64405.757812,0.002179,2
061,Lee,Bishopville No. 4,45061000006,Lee - Bishopville No. 4,LEE - BISHOPVILLE NO. 4,29561937.262075,Lee,061,Ashland/stokes Bridge,LEE - ASHLANDSTOKES BRIDGE,LEE - ASHLANDSTOKES BRIDGE,46792.524738,0.001583,3
061,Lee,Elliott,45061000009,Lee - Elliott,LEE - ELLIOTT,32849764.672736,Lee,061,Elliott,LEE - ELLIOTT,LEE - ELLIOTT,32721873.706866,0.996107,1
061,Lee,Elliott,45061000009,Lee - Elliott,LEE - ELLIOTT,32849764.672736,Lee,061,Mt. Clio,LEE - MT. CLIO,LEE - MT. CLIO,62618.405025,0.001906,2
061,Lee,Elliott,45061000009,Lee - Elliott,LEE - ELLIOTT,32849764.672736,Lee,061,Lynchburg,LEE - LYNCHBURG,LEE - LYNCHBURG,58040.928131,0.001767,3
061,Lee,Cedar Creek,45061000007,Lee - Cedar Creek,LEE - CEDAR CREEK,27764564.277750,Lee,061,Cedar Creek,LEE - CEDAR CREEK,LEE - CEDAR CREEK,27685212.680470,0.997142,1
061,Lee,Cedar Creek,45061000007,Lee - Cedar Creek,LEE - CEDAR CREEK,27764564.277750,Lee,061,Bishopville No. 3,LEE - BISHOPVILLE NO. 3,LEE - BISHOPVILLE NO. 3,24830.903318,0.000894,2
061,Lee,Cedar Creek,45061000007,Lee - Cedar Creek,LEE - CEDAR CREEK,27764564.277750,Lee,061,Schrocks Mill/lucknow,LEE - SCHROCKS MILLLUCKNOW,LEE - SCHROCKS MILLLUCKNOW,22875.628150,0.000824,3
061,Lee,Cedar Creek,45061000007,Lee - Cedar Creek,LEE - CEDAR CREEK,27764564.277750,Lee,061,St. Matthews,LEE - ST. MATTHEWS,LEE - ST. MATTHEWS,21115.608602,0.000761,4
061,Lee,Bishopville No. 2,45061000004,Lee - Bishopville No. 2,LEE - BISHOPVILLE NO. 2,18577670.398232,Lee,061,Bishopville No. 2,LEE - BISHOPVILLE NO. 2,LEE - BISHOPVILLE NO. 2,17412932.757656,0.937304,1
061,Lee,Bishopville No. 2,45061000004,Lee - Bishopville No. 2,LEE - BISHOPVILLE NO. 2,18577670.398232,Lee,061,Mt. Clio,LEE - MT. CLIO,LEE - MT. CLIO,1151388.158886,0.061977,2
061,Lee,St. Matthews,45061000020,Lee - St. Matthews,LEE - ST. MATTHEWS,22661055.474047,Lee,061,St. Matthews,LEE - ST. MATTHEWS,LEE - ST. MATTHEWS,22587419.961089,0.996751,1
061,Lee,St. Matthews,45061000020,Lee - St. Matthews,LEE - ST. MATTHEWS,22661055.474047,Lee,061,Schrocks Mill/lucknow,LEE - SCHROCKS MILLLUCKNOW,LEE - SCHROCKS MILLLUCKNOW,55792.655552,0.002462,2
061,Lee,St. Matthews,45061000020,Lee - St. Matthews,LEE - ST. MATTHEWS,22661055.474047,Lee,061,Turkey Creek,LEE - TURKEY CREEK,LEE - TURKEY CREEK,12682.091299,0.000560,3
061,Lee,Lynchburg,45061000012,Lee - Lynchburg,LEE - LYNCHBURG,74309298.888380,Lee,061,Lynchburg,LEE - LYNCHBURG,LEE - LYNCHBURG,74254996.955246,0.999269,1
061,Lee,South Lynchburg,45061000017,Lee - South Lynchburg,LEE - SOUTH LYNCHBURG,99079909.389930,Lee,061,South Lynchburg,LEE - SOUTH LYNCHBURG,LEE - SOUTH LYNCHBURG,98788493.371315,0.997059,1
061,Lee,South Lynchburg,45061000017,Lee - South Lynchburg,LEE - SOUTH LYNCHBURG,99079909.389930,Lee,061,Lynchburg,LEE - LYNCHBURG,LEE - LYNCHBURG,290905.366517,0.002936,2
061,Lee,Cypress,45061000008,Lee - Cypress,LEE - CYPRESS,77410471.356870,Lee,061,Cypress,LEE - CYPRESS,LEE - CYPRESS,77340426.086595,0.999095,1
061,Lee,Ashland/Stokes Bridge,45061000001,Lee - Ashland/Stokes Bridge,LEE - ASHLANDSTOKES BRIDGE,67058079.785055,Lee,061,Ashland/stokes Bridge,LEE - ASHLANDSTOKES BRIDGE,LEE - ASHLANDSTOKES BRIDGE,67036986.354111,0.999685,1
081,Saluda,Ward,45081000020,Saluda - Ward,SALUDA - WARD,67211760.902916,Saluda,081,Ward,SALUDA - WARD,SALUDA - WARD,67107150.403438,0.998444,1
081,Saluda,Sardis,45081000019,Saluda - Sardis,SALUDA - SARDIS,62684967.326027,Saluda,081,Sardis,SALUDA - SARDIS,SALUDA - SARDIS,62684962.976497,1.000000,1
081,Saluda,Pleasant Grove,45081000014,Saluda - Pleasant Grove,SALUDA - PLEASANT GROVE,44911940.806010,Saluda,081,Pleasant Grove,SALUDA - PLEASANT GROVE,SALUDA - PLEASANT GROVE,44698185.727494,0.995241,1
081,Saluda,Pleasant Grove,45081000014,Saluda - Pleasant Grove,SALUDA - PLEASANT GROVE,44911940.806010,Saluda,081,Hollywood,SALUDA - HOLLYWOOD,SALUDA - HOLLYWOOD,213753.521671,0.004759,2
081,Saluda,Delmar,45081000003,Saluda - Delmar,SALUDA - DELMAR,42131054.238509,Saluda,081,Holly,SALUDA - HOLLY,SALUDA - HOLLY,42131040.851639,1.000000,1
081,Saluda,Holly,45081000007,Saluda - Holly,SALUDA - HOLLY,25279215.175778,Saluda,081,Holly,SALUDA - HOLLY,SALUDA - HOLLY,25279184.463400,0.999999,1
081,Saluda,Holstons,45081000009,Saluda - Holstons,SALUDA - HOLSTONS,77338917.045520,Saluda,081,Holstons,SALUDA - HOLSTONS,SALUDA - HOLSTONS,77323788.442441,0.999804,1
081,Saluda,Clyde,45081000002,Saluda - Clyde,SALUDA - CLYDE,31758206.091370,Saluda,081,Sardis,SALUDA - SARDIS,SALUDA - SARDIS,31758196.955252,1.000000,1
081,Saluda,Centennial,45081000001,Saluda - Centennial,SALUDA - CENTENNIAL,117443295.902972,Saluda,081,Centennial,SALUDA - CENTENNIAL,SALUDA - CENTENNIAL,117443293.556274,1.000000,1
081,Saluda,Higgins/Zoar,45081000006,Saluda - Higgins/Zoar,SALUDA - HIGGINSZOAR,115969073.847467,Saluda,081,Higgins-zoar,SALUDA - HIGGINS-ZOAR,SALUDA - HIGGINS-ZOAR,115969010.053452,0.999999,1
081,Saluda,Hollywood,45081000008,Saluda - Hollywood,SALUDA - HOLLYWOOD,132633613.769096,Saluda,081,Hollywood,SALUDA - HOLLYWOOD,SALUDA - HOLLYWOOD,132508628.650309,0.999058,1
081,Saluda,Hollywood,45081000008,Saluda - Hollywood,SALUDA - HOLLYWOOD,132633613.769096,Saluda,081,Pleasant Grove,SALUDA - PLEASANT GROVE,SALUDA - PLEASANT GROVE,124982.080424,0.000942,2
081,Saluda,Richland,45081000015,Saluda - Richland,SALUDA - RICHLAND,79689326.097000,Saluda,081,Richland,SALUDA - RICHLAND,SALUDA - RICHLAND,79689323.825697,1.000000,1
081,Saluda,Ridge Spring/Monetta,45081000016,Saluda - Ridge Spring/Monetta,SALUDA - RIDGE SPRINGMONETTA,70650428.581969,Saluda,081,Ridge Spring-monetta,SALUDA - RIDGE SPRING-MONETTA,SALUDA - RIDGE SPRING-MONETTA,70501756.972505,0.997896,1
081,Saluda,Saluda No. 1,45081000017,Saluda - Saluda No. 1,SALUDA - SALUDA NO. 1,56855089.648836,Saluda,081,Saluda No. 1,SALUDA - SALUDA NO. 1,SALUDA - SALUDA NO. 1,56855065.195776,1.000000,1
081,Saluda,Saluda No. 2,45081000018,Saluda - Saluda No. 2,SALUDA - SALUDA NO. 2,44964503.490909,Saluda,081,Saluda No. 2,SALUDA - SALUDA NO. 2,SALUDA - SALUDA NO. 2,44964501.682866,1.000000,1
081,Saluda,Fruit Hill,45081000005,Saluda - Fruit Hill,SALUDA - FRUIT HILL,82790956.106741,Saluda,081,Fruit Hill,SALUDA - FRUIT HILL,SALUDA - FRUIT HILL,82790948.532855,1.000000,1
081,Saluda,Mayson,45081000010,Saluda - Mayson,SALUDA - MAYSON,90156591.965771,Saluda,081,Fruit Hill,SALUDA - FRUIT HILL,SALUDA - FRUIT HILL,90156565.962890,1.000000,1
081,Saluda,Pleasant Cross,45081000013,Saluda - Pleasant Cross,SALUDA - PLEASANT CROSS,32315772.802029,Saluda,081,Ward,SALUDA - WARD,SALUDA - WARD,32290405.649183,0.999215,1
081,Saluda,Mt. Willing,45081000012,Saluda - Mt. Willing,SALUDA - MT. WILLING,20843715.328739,Saluda,081,Sardis,SALUDA - SARDIS,SALUDA - SARDIS,20843711.645959,1.000000,1
017,Calhoun,Lone Star,45017000008,Calhoun - Lone Star,CALHOUN - LONE STAR,151233239.272727,Calhoun,017,Lone Star,CALHOUN - LONE STAR,CALHOUN - LONE STAR,151114566.904574,0.999215,1
017,Calhoun,Lone Star,45017000008,Calhoun - Lone Star,CALHOUN - LONE STAR,151233239.272727,Calhoun,017,Creston,CALHOUN - CRESTON,CALHOUN - CRESTON,118533.986157,0.000784,2
017,Calhoun,St. Matthews,45017000012,Calhoun - St. Matthews,CALHOUN - ST. MATTHEWS,82231875.951755,Calhoun,017,St. Matthews,CALHOUN - ST. MATTHEWS,CALHOUN - ST. MATTHEWS,82135022.925838,0.998822,1
017,Calhoun,St. Matthews,45017000012,Calhoun - St. Matthews,CALHOUN - ST. MATTHEWS,82231875.951755,Calhoun,017,Lone Star,CALHOUN - LONE STAR,CALHOUN - LONE STAR,96828.671532,0.001178,2
017,Calhoun,Midway,45017000009,Calhoun - Midway,CALHOUN - MIDWAY,48910760.892806,Calhoun,017,Midway,CALHOUN - MIDWAY,CALHOUN - MIDWAY,48910759.556511,1.000000,1
017,Calhoun,Creston,45017000004,Calhoun - Creston,CALHOUN - CRESTON,54697765.483856,Calhoun,017,Creston,CALHOUN - CRESTON,CALHOUN - CRESTON,54550154.676480,0.997301,1
017,Calhoun,Creston,45017000004,Calhoun - Creston,CALHOUN - CRESTON,54697765.483856,Calhoun,017,Lone Star,CALHOUN - LONE STAR,CALHOUN - LONE STAR,147610.807375,0.002699,2
017,Calhoun,Cameron,45017000002,Calhoun - Cameron,CALHOUN - CAMERON,80180666.765530,Calhoun,017,Cameron,CALHOUN - CAMERON,CALHOUN - CAMERON,80162452.150032,0.999773,1
017,Calhoun,Fort Motte,45017000007,Calhoun - Fort Motte,CALHOUN - FORT MOTTE,89268482.357349,Calhoun,017,Fort Motte,CALHOUN - FORT MOTTE,CALHOUN - FORT MOTTE,89268481.843166,1.000000,1
017,Calhoun,Dixie,45017000005,Calhoun - Dixie,CALHOUN - DIXIE,111938202.753678,Calhoun,017,Dixie,CALHOUN - DIXIE,CALHOUN - DIXIE,111937531.637766,0.999994,1
017,Calhoun,Bethel,45017000001,Calhoun - Bethel,CALHOUN - BETHEL,107090573.418372,Calhoun,017,Bethel,CALHOUN - BETHEL,CALHOUN - BETHEL,107052415.348865,0.999644,1
017,Calhoun,Murph Hill,45017000010,Calhoun - Murph Hill,CALHOUN - MURPH HILL,29896367.725196,Calhoun,017,Murph Mill,CALHOUN - MURPH MILL,CALHOUN - MURPH MILL,29838738.154620,0.998072,1
017,Calhoun,Murph Hill,45017000010,Calhoun - Murph Hill,CALHOUN - MURPH HILL,29896367.725196,Calhoun,017,Center Hill,CALHOUN - CENTER HILL,CALHOUN - CENTER HILL,57623.381785,0.001927,2
017,Calhoun,Center Hill,45017000003,Calhoun - Center Hill,CALHOUN - CENTER HILL,89211873.456406,Calhoun,017,Center Hill,CALHOUN - CENTER HILL,CALHOUN - CENTER HILL,89211873.029729,1.000000,1
017,Calhoun,Sandy Run,45017000011,Calhoun - Sandy Run,CALHOUN - SANDY RUN,141445639.461624,Calhoun,017,Sandy Run,CALHOUN - SANDY RUN,CALHOUN - SANDY RUN,141441205.352365,0.999969,1
017,Calhoun,Fall Branch,45017000006,Calhoun - Fall Branch,CALHOUN - FALL BRANCH,30424691.929318,Calhoun,017,Fall Branch,CALHOUN - FALL BRANCH,CALHOUN - FALL BRANCH,30424689.604423,1.000000,1
067,Marion,Britton's Neck,45067000001,Marion - Britton's Neck,MARION - BRITTONS NECK,309206324.269858,Marion,067,Britton's Neck,MARION - BRITTONS NECK,MARION - BRITTONS NECK,308696397.094734,0.998351,1
067,Marion,Centenary,45067000003,Marion - Centenary,MARION - CENTENARY,153280746.986515,Marion,067,Centenary,MARION - CENTENARY,MARION - CENTENARY,152939973.801446,0.997777,1
067,Marion,Centenary,45067000003,Marion - Centenary,MARION - CENTENARY,153280746.986515,Marion,067,Marion West,MARION - MARION WEST,MARION - MARION WEST,111106.537485,0.000725,2
067,Marion,Centenary,45067000003,Marion - Centenary,MARION - CENTENARY,153280746.986515,Marion,067,Marion South,MARION - MARION SOUTH,MARION - MARION SOUTH,111065.601759,0.000725,3
067,Marion,Friendship,45067000002,Marion - Friendship,MARION - FRIENDSHIP,82033171.773305,Marion,067,Friendship,MARION - FRIENDSHIP,MARION - FRIENDSHIP,81619052.421767,0.994952,1
067,Marion,Friendship,45067000002,Marion - Friendship,MARION - FRIENDSHIP,82033171.773305,Marion,067,Britton's Neck,MARION - BRITTONS NECK,MARION - BRITTONS NECK,235278.377053,0.002868,2
067,Marion,Friendship,45067000002,Marion - Friendship,MARION - FRIENDSHIP,82033171.773305,Marion,067,Centenary,MARION - CENTENARY,MARION - CENTENARY,140688.455849,0.001715,3
067,Marion,Marion North,45067000007,Marion - Marion North,MARION - MARION NORTH,41353040.302811,Marion,067,Marion North,MARION - MARION NORTH,MARION - MARION NORTH,41143205.361359,0.994926,1
067,Marion,Marion North,45067000007,Marion - Marion North,MARION - MARION NORTH,41353040.302811,Marion,067,Marion No. 2,MARION - MARION NO. 2,MARION - MARION NO. 2,66189.028548,0.001601,2
067,Marion,Marion North,45067000007,Marion - Marion North,MARION - MARION NORTH,41353040.302811,Marion,067,Temperance,MARION - TEMPERANCE,MARION - TEMPERANCE,51470.063086,0.001245,3
067,Marion,Marion North,45067000007,Marion - Marion North,MARION - MARION NORTH,41353040.302811,Marion,067,N West Mullins,MARION - N WEST MULLINS,MARION - N WEST MULLINS,44258.345507,0.001070,4
067,Marion,Marion North,45067000007,Marion - Marion North,MARION - MARION NORTH,41353040.302811,Marion,067,Marion South,MARION - MARION SOUTH,MARION - MARION SOUTH,20810.043359,0.000503,5
067,Marion,Marion West,45067000009,Marion - Marion West,MARION - MARION WEST,247208387.734139,Marion,067,Marion West,MARION - MARION WEST,MARION - MARION WEST,246471656.341744,0.997020,1
067,Marion,Marion West,45067000009,Marion - Marion West,MARION - MARION WEST,247208387.734139,Marion,067,Marion No. 2,MARION - MARION NO. 2,MARION - MARION NO. 2,299572.224214,0.001212,2
067,Marion,Marion West,45067000009,Marion - Marion West,MARION - MARION WEST,247208387.734139,Marion,067,Sellers,MARION - SELLERS,MARION - SELLERS,136509.844046,0.000552,3
067,Marion,Marion South,45067000008,Marion - Marion South,MARION - MARION SOUTH,31341709.571987,Marion,067,Marion South,MARION - MARION SOUTH,MARION - MARION SOUTH,30886490.974987,0.985476,1
067,Marion,Marion South,45067000008,Marion - Marion South,MARION - MARION SOUTH,31341709.571987,Marion,067,Marion West,MARION - MARION WEST,MARION - MARION WEST,318026.581265,0.010147,2
067,Marion,Marion South,45067000008,Marion - Marion South,MARION - MARION SOUTH,31341709.571987,Marion,067,S West Mullins,MARION - S WEST MULLINS,MARION - S WEST MULLINS,59890.549961,0.001911,3
067,Marion,Marion South,45067000008,Marion - Marion South,MARION - MARION SOUTH,31341709.571987,Marion,067,Centenary,MARION - CENTENARY,MARION - CENTENARY,46808.814158,0.001493,4
067,Marion,Northwest Mullins,45067000013,Marion - Northwest Mullins,MARION - NORTHWEST MULLINS,32971665.269547,Marion,067,N West Mullins,MARION - N WEST MULLINS,MARION - N WEST MULLINS,32684716.329984,0.991297,1
067,Marion,Northwest Mullins,45067000013,Marion - Northwest Mullins,MARION - NORTHWEST MULLINS,32971665.269547,Marion,067,S West Mullins,MARION - S WEST MULLINS,MARION - S WEST MULLINS,136119.235456,0.004128,2
067,Marion,Northwest Mullins,45067000013,Marion - Northwest Mullins,MARION - NORTHWEST MULLINS,32971665.269547,Marion,067,Zion,MARION - ZION,MARION - ZION,87069.075893,0.002641,3
067,Marion,Northwest Mullins,45067000013,Marion - Northwest Mullins,MARION - NORTHWEST MULLINS,32971665.269547,Marion,067,N East Mullins,MARION - N EAST MULLINS,MARION - N EAST MULLINS,34984.363731,0.001061,4
067,Marion,Northwest Mullins,45067000013,Marion - Northwest Mullins,MARION - NORTHWEST MULLINS,32971665.269547,Marion,067,Marion North,MARION - MARION NORTH,MARION - MARION NORTH,28765.405962,0.000872,5
067,Marion,Southeast Mullins,45067000016,Marion - Southeast Mullins,MARION - SOUTHEAST MULLINS,50910833.578786,Marion,067,S East Mullins,MARION - S EAST MULLINS,MARION - S EAST MULLINS,50866294.509030,0.999125,1
067,Marion,Northeast Mullins,45067000015,Marion - Northeast Mullins,MARION - NORTHEAST MULLINS,39519407.911062,Marion,067,N East Mullins,MARION - N EAST MULLINS,MARION - N EAST MULLINS,39442947.740131,0.998065,1
067,Marion,Northeast Mullins,45067000015,Marion - Northeast Mullins,MARION - NORTHEAST MULLINS,39519407.911062,Marion,067,S East Mullins,MARION - S EAST MULLINS,MARION - S EAST MULLINS,54109.803695,0.001369,2
067,Marion,Marion No. 2,45067000006,Marion - Marion No. 2,MARION - MARION NO. 2,2986156.948956,Marion,067,Marion No. 2,MARION - MARION NO. 2,MARION - MARION NO. 2,2950857.783482,0.988179,1
067,Marion,Marion No. 2,45067000006,Marion - Marion No. 2,MARION - MARION NO. 2,2986156.948956,Marion,067,Marion No. 1,MARION - MARION NO. 1,MARION - MARION NO. 1,17934.128260,0.006006,2
067,Marion,Marion No. 2,45067000006,Marion - Marion No. 2,MARION - MARION NO. 2,2986156.948956,Marion,067,Marion West,MARION - MARION WEST,MARION - MARION WEST,11803.305974,0.003953,3
067,Marion,Marion No. 2,45067000006,Marion - Marion No. 2,MARION - MARION NO. 2,2986156.948956,Marion,067,Marion North,MARION - MARION NORTH,MARION - MARION NORTH,4782.551769,0.001602,4
067,Marion,Zion,45067000012,Marion - Zion,MARION - ZION,35660425.604050,Marion,067,Zion,MARION - ZION,MARION - ZION,35460195.455292,0.994385,1
067,Marion,Zion,45067000012,Marion - Zion,MARION - ZION,35660425.604050,Marion,067,N West Mullins,MARION - N WEST MULLINS,MARION - N WEST MULLINS,137518.528758,0.003856,2
067,Marion,Zion,45067000012,Marion - Zion,MARION - ZION,35660425.604050,Marion,067,N East Mullins,MARION - N EAST MULLINS,MARION - N EAST MULLINS,19300.528531,0.000541,3
067,Marion,Southwest Mullins,45067000014,Marion - Southwest Mullins,MARION - SOUTHWEST MULLINS,62369064.752842,Marion,067,S West Mullins,MARION - S WEST MULLINS,MARION - S WEST MULLINS,62303130.213174,0.998943,1
067,Marion,Nichols,45067000017,Marion - Nichols,MARION - NICHOLS,46531158.122419,Marion,067,Nichols,MARION - NICHOLS,MARION - NICHOLS,46466674.381859,0.998614,1
067,Marion,Nichols,45067000017,Marion - Nichols,MARION - NICHOLS,46531158.122419,Marion,067,N East Mullins,MARION - N EAST MULLINS,MARION - N EAST MULLINS,57003.237207,0.001225,2
067,Marion,Rains,45067000004,Marion - Rains,MARION - RAINS,58690643.052904,Marion,067,Rains,MARION - RAINS,MARION - RAINS,58400129.587715,0.995050,1
067,Marion,Rains,45067000004,Marion - Rains,MARION - RAINS,58690643.052904,Marion,067,S West Mullins,MARION - S WEST MULLINS,MARION - S WEST MULLINS,108355.448037,0.001846,2
067,Marion,Rains,45067000004,Marion - Rains,MARION - RAINS,58690643.052904,Marion,067,Centenary,MARION - CENTENARY,MARION - CENTENARY,94244.225985,0.001606,3
067,Marion,Rains,45067000004,Marion - Rains,MARION - RAINS,58690643.052904,Marion,067,S East Mullins,MARION - S EAST MULLINS,MARION - S EAST MULLINS,87273.582761,0.001487,4
067,Marion,Sellers,45067000010,Marion - Sellers,MARION - SELLERS,33726912.715949,Marion,067,Sellers,MARION - SELLERS,MARION - SELLERS,33655813.529611,0.997892,1
067,Marion,Sellers,45067000010,Marion - Sellers,MARION - SELLERS,33726912.715949,Marion,067,Temperance,MARION - TEMPERANCE,MARION - TEMPERANCE,28543.525668,0.000846,2
067,Marion,Temperance,45067000011,Marion - Temperance,MARION - TEMPERANCE,49463259.652798,Marion,067,Temperance,MARION - TEMPERANCE,MARION - TEMPERANCE,49358692.007564,0.997886,1
067,Marion,Temperance,45067000011,Marion - Temperance,MARION - TEMPERANCE,49463259.652798,Marion,067,Zion,MARION - ZION,MARION - ZION,51497.483744,0.001041,2
067,Marion,Marion No. 1,45067000005,Marion - Marion No. 1,MARION - MARION NO. 1,2632580.200219,Marion,067,Marion No. 1,MARION - MARION NO. 1,MARION - MARION NO. 1,2577809.059842,0.979195,1
067,Marion,Marion No. 1,45067000005,Marion - Marion No. 1,MARION - MARION NO. 1,2632580.200219,Marion,067,Marion South,MARION - MARION SOUTH,MARION - MARION SOUTH,35563.007422,0.013509,2
067,Marion,Marion No. 1,45067000005,Marion - Marion No. 1,MARION - MARION NO. 1,2632580.200219,Marion,067,Marion North,MARION - MARION NORTH,MARION - MARION NORTH,18608.724054,0.007069,3
027,Clarendon,Alcolu,45027000001,Clarendon - Alcolu,CLARENDON - ALCOLU,97451114.697289,Clarendon,027,Alcolu,CLARENDON - ALCOLU,CLARENDON - ALCOLU,97447769.340181,0.999966,1
027,Clarendon,Harmony,45027000007,Clarendon - Harmony,CLARENDON - HARMONY,131356836.948956,Clarendon,027,Harmony,CLARENDON - HARMONY,CLARENDON - HARMONY,131319598.519366,0.999717,1
027,Clarendon,Manning No. 3,45027000013,Clarendon - Manning No. 3,CLARENDON - MANNING NO. 3,24925019.965561,Clarendon,027,Manning No. 3,CLARENDON - MANNING NO. 3,CLARENDON - MANNING NO. 3,24919612.493199,0.999783,1
027,Clarendon,Manning No. 2,45027000012,Clarendon - Manning No. 2,CLARENDON - MANNING NO. 2,14421370.487538,Clarendon,027,Manning No. 2,CLARENDON - MANNING NO. 2,CLARENDON - MANNING NO. 2,14421364.451586,1.000000,1
027,Clarendon,Bloomville,45027000004,Clarendon - Bloomville,CLARENDON - BLOOMVILLE,79819758.918825,Clarendon,027,Bloomville,CLARENDON - BLOOMVILLE,CLARENDON - BLOOMVILLE,79819753.442945,1.000000,1
027,Clarendon,Manning No. 4,45027000014,Clarendon - Manning No. 4,CLARENDON - MANNING NO. 4,29628714.874750,Clarendon,027,Manning No. 4,CLARENDON - MANNING NO. 4,CLARENDON - MANNING NO. 4,29622574.530057,0.999793,1
027,Clarendon,Davis Station,45027000006,Clarendon - Davis Station,CLARENDON - DAVIS STATION,147115906.247513,Clarendon,027,Davis Station,CLARENDON - DAVIS STATION,CLARENDON - DAVIS STATION,147024542.299123,0.999379,1
027,Clarendon,Davis Station,45027000006,Clarendon - Davis Station,CLARENDON - DAVIS STATION,147115906.247513,Clarendon,027,Summerton No. 1,CLARENDON - SUMMERTON NO. 1,CLARENDON - SUMMERTON NO. 1,83177.811574,0.000565,2
027,Clarendon,Jordan,45027000010,Clarendon - Jordan,CLARENDON - JORDAN,118602025.319692,Clarendon,027,Jordan,CLARENDON - JORDAN,CLARENDON - JORDAN,118588981.260257,0.999890,1
027,Clarendon,Manning No. 5,45027000015,Clarendon - Manning No. 5,CLARENDON - MANNING NO. 5,41232552.438439,Clarendon,027,Manning No. 5,CLARENDON - MANNING NO. 5,CLARENDON - MANNING NO. 5,41228493.599221,0.999902,1
027,Clarendon,Manning No. 1,45027000011,Clarendon - Manning No. 1,CLARENDON - MANNING NO. 1,16422169.551684,Clarendon,027,Manning No. 1,CLARENDON - MANNING NO. 1,CLARENDON - MANNING NO. 1,16398837.828281,0.998579,1
027,Clarendon,Manning No. 1,45027000011,Clarendon - Manning No. 1,CLARENDON - MANNING NO. 1,16422169.551684,Clarendon,027,Harmony,CLARENDON - HARMONY,CLARENDON - HARMONY,23330.880026,0.001421,2
027,Clarendon,Paxville,45027000017,Clarendon - Paxville,CLARENDON - PAXVILLE,68906850.784149,Clarendon,027,Paxville,CLARENDON - PAXVILLE,CLARENDON - PAXVILLE,68904594.440093,0.999967,1
027,Clarendon,Summerton No. 3,45027000022,Clarendon - Summerton No. 3,CLARENDON - SUMMERTON NO. 3,67699023.408795,Clarendon,027,Summerton No. 3,CLARENDON - SUMMERTON NO. 3,CLARENDON - SUMMERTON NO. 3,67582350.816165,0.998277,1
027,Clarendon,Summerton No. 3,45027000022,Clarendon - Summerton No. 3,CLARENDON - SUMMERTON NO. 3,67699023.408795,Clarendon,027,Manning No. 4,CLARENDON - MANNING NO. 4,CLARENDON - MANNING NO. 4,116672.592630,0.001723,2
027,Clarendon,Wilson Foreston,45027000024,Clarendon - Wilson Foreston,CLARENDON - WILSON FORESTON,169755316.027619,Clarendon,027,Wilson-foreston,CLARENDON - WILSON-FORESTON,CLARENDON - WILSON-FORESTON,169652231.315605,0.999393,1
027,Clarendon,Wilson Foreston,45027000024,Clarendon - Wilson Foreston,CLARENDON - WILSON FORESTON,169755316.027619,Clarendon,027,Oakdale,CLARENDON - OAKDALE,CLARENDON - OAKDALE,103079.020516,0.000607,2
027,Clarendon,Calvary,45027000005,Clarendon - Calvary,CLARENDON - CALVARY,119137777.454898,Clarendon,027,Calvary,CLARENDON - CALVARY,CLARENDON - CALVARY,119136677.286937,0.999991,1
027,Clarendon,Home Branch,45027000009,Clarendon - Home Branch,CLARENDON - HOME BRANCH,24186340.374870,Clarendon,027,Home Branch,CLARENDON - HOME BRANCH,CLARENDON - HOME BRANCH,24186340.241303,1.000000,1
027,Clarendon,Barrows Mill,45027000003,Clarendon - Barrows Mill,CLARENDON - BARROWS MILL,23599970.281088,Clarendon,027,Barrows Mill,CLARENDON - BARROWS MILL,CLARENDON - BARROWS MILL,23599961.955751,1.000000,1
027,Clarendon,Oakdale,45027000025,Clarendon - Oakdale,CLARENDON - OAKDALE,49940585.144543,Clarendon,027,Oakdale,CLARENDON - OAKDALE,CLARENDON - OAKDALE,49940556.923683,0.999999,1
027,Clarendon,Sardina-Gable,45027000019,Clarendon - Sardina-Gable,CLARENDON - SARDINA-GABLE,53607695.334686,Clarendon,027,Sardinia-gable,CLARENDON - SARDINIA-GABLE,CLARENDON - SARDINIA-GABLE,53607690.763949,1.000000,1
027,Clarendon,New Zion,45027000016,Clarendon - New Zion,CLARENDON - NEW ZION,53139414.109326,Clarendon,027,New Zion,CLARENDON - NEW ZION,CLARENDON - NEW ZION,53067835.973645,0.998653,1
027,Clarendon,New Zion,45027000016,Clarendon - New Zion,CLARENDON - NEW ZION,53139414.109326,Clarendon,027,Hicks,CLARENDON - HICKS,CLARENDON - HICKS,71574.144342,0.001347,2
027,Clarendon,Turbeville,45027000023,Clarendon - Turbeville,CLARENDON - TURBEVILLE,51619669.881817,Clarendon,027,Turbeville,CLARENDON - TURBEVILLE,CLARENDON - TURBEVILLE,51619667.654979,1.000000,1
027,Clarendon,Summerton No. 1,45027000020,Clarendon - Summerton No. 1,CLARENDON - SUMMERTON NO. 1,221373723.646350,Clarendon,027,Summerton No. 1,CLARENDON - SUMMERTON NO. 1,CLARENDON - SUMMERTON NO. 1,128830105.198401,0.581958,1
027,Clarendon,Summerton No. 1,45027000020,Clarendon - Summerton No. 1,CLARENDON - SUMMERTON NO. 1,221373723.646350,Clarendon,027,Summerton No. 4,CLARENDON - SUMMERTON NO. 4,CLARENDON - SUMMERTON NO. 4,92543605.171606,0.418042,2
027,Clarendon,Panola,45027000018,Clarendon - Panola,CLARENDON - PANOLA,37431156.954114,Clarendon,027,Panola,CLARENDON - PANOLA,CLARENDON - PANOLA,37431156.074592,1.000000,1
027,Clarendon,Summerton No. 2,45027000021,Clarendon - Summerton No. 2,CLARENDON - SUMMERTON NO. 2,74266572.634125,Clarendon,027,Summerton No. 2,CLARENDON - SUMMERTON NO. 2,CLARENDON - SUMMERTON NO. 2,48161873.125681,0.648500,1
027,Clarendon,Summerton No. 2,45027000021,Clarendon - Summerton No. 2,CLARENDON - SUMMERTON NO. 2,74266572.634125,Clarendon,027,Summerton No. 4,CLARENDON - SUMMERTON NO. 4,CLARENDON - SUMMERTON NO. 4,26104635.510416,0.351499,2
027,Clarendon,Hicks,45027000008,Clarendon - Hicks,CLARENDON - HICKS,33992971.632974,Clarendon,027,Hicks,CLARENDON - HICKS,CLARENDON - HICKS,33992397.350517,0.999983,1
027,Clarendon,Barrineau,45027000002,Clarendon - Barrineau,CLARENDON - BARRINEAU,52121809.753201,Clarendon,027,Barrineau,CLARENDON - BARRINEAU,CLARENDON - BARRINEAU,52121765.021824,0.999999,1
023,Chester,Chester Ward 4,45023000032,Chester - Chester Ward 4,CHESTER - CHESTER WARD 4,8285229.679705,Chester,023,"Chester, Ward 4",CHESTER - CHESTER WARD 4,CHESTER - CHESTER WARD 4,8284889.560608,0.999959,1
023,Chester,Chester Ward 5,45023000033,Chester - Chester Ward 5,CHESTER - CHESTER WARD 5,58390570.982200,Chester,023,"Chester, Ward 5",CHESTER - CHESTER WARD 5,CHESTER - CHESTER WARD 5,58390245.222534,0.999994,1
023,Chester,Chester Ward 2,45023000030,Chester - Chester Ward 2,CHESTER - CHESTER WARD 2,5171184.707789,Chester,023,"Chester, Ward 2",CHESTER - CHESTER WARD 2,CHESTER - CHESTER WARD 2,5135563.008367,0.993112,1
023,Chester,Chester Ward 2,45023000030,Chester - Chester Ward 2,CHESTER - CHESTER WARD 2,5171184.707789,Chester,023,Baldwin Mill,CHESTER - BALDWIN MILL,CHESTER - BALDWIN MILL,35355.098284,0.006837,2
023,Chester,Eureka Mill,45023000010,Chester - Eureka Mill,CHESTER - EUREKA MILL,18192778.961600,Chester,023,Eureka Mill,CHESTER - EUREKA MILL,CHESTER - EUREKA MILL,18192705.891324,0.999996,1
023,Chester,Baton Rouge,45023000002,Chester - Baton Rouge,CHESTER - BATON ROUGE,104340217.210973,Chester,023,Baton Rouge,CHESTER - BATON ROUGE,CHESTER - BATON ROUGE,104340208.125175,1.000000,1
023,Chester,Wilksburg,45023000024,Chester - Wilksburg,CHESTER - WILKSBURG,155867661.203080,Chester,023,Wilksburg,CHESTER - WILKSBURG,CHESTER - WILKSBURG,155867390.484057,0.999998,1
023,Chester,Richburg,45023000021,Chester - Richburg,CHESTER - RICHBURG,110002135.846350,Chester,023,Richburg,CHESTER - RICHBURG,CHESTER - RICHBURG,109952485.490734,0.999549,1
023,Chester,Lando,45023000014,Chester - Lando,CHESTER - LANDO,16689653.552545,Chester,023,Lando/landsford,CHESTER - LANDOLANDSFORD,CHESTER - LANDOLANDSFORD,16689497.428657,0.999991,1
023,Chester,Lando/ Lansford,45023000015,Chester - Lando/ Lansford,CHESTER - LANDO LANSFORD,62306153.997863,Chester,023,Lando/landsford,CHESTER - LANDOLANDSFORD,CHESTER - LANDOLANDSFORD,62306145.649926,1.000000,1
023,Chester,Beckhamville,45023000003,Chester - Beckhamville,CHESTER - BECKHAMVILLE,50126524.654579,Chester,023,Beckhamville,CHESTER - BECKHAMVILLE,CHESTER - BECKHAMVILLE,50047268.928763,0.998419,1
023,Chester,Beckhamville,45023000003,Chester - Beckhamville,CHESTER - BECKHAMVILLE,50126524.654579,Chester,023,Great Falls,CHESTER - GREAT FALLS,CHESTER - GREAT FALLS,79251.647329,0.001581,2
023,Chester,Rossville,45023000023,Chester - Rossville,CHESTER - ROSSVILLE,77343721.108711,Chester,023,Rossville,CHESTER - ROSSVILLE,CHESTER - ROSSVILLE,77339053.882364,0.999940,1
023,Chester,Great Falls,45023000026,Chester - Great Falls,CHESTER - GREAT FALLS,25105557.444832,Chester,023,Great Falls,CHESTER - GREAT FALLS,CHESTER - GREAT FALLS,25105485.001558,0.999997,1
023,Chester,Edgemoor,45023000009,Chester - Edgemoor,CHESTER - EDGEMOOR,43672335.856671,Chester,023,Edgemoor,CHESTER - EDGEMOOR,CHESTER - EDGEMOOR,43672327.083677,1.000000,1
023,Chester,Fort Lawn,45023000011,Chester - Fort Lawn,CHESTER - FORT LAWN,67503578.378104,Chester,023,Fort Lawn,CHESTER - FORT LAWN,CHESTER - FORT LAWN,67503576.589138,1.000000,1
023,Chester,Hazelwood,45023000013,Chester - Hazelwood,CHESTER - HAZELWOOD,144665855.750173,Chester,023,Hazelwood,CHESTER - HAZELWOOD,CHESTER - HAZELWOOD,144657516.129692,0.999942,1
023,Chester,Rodman,45023000022,Chester - Rodman,CHESTER - RODMAN,122539847.871739,Chester,023,Rodman,CHESTER - RODMAN,CHESTER - RODMAN,122537869.357898,0.999984,1
023,Chester,Halsellville,45023000012,Chester - Halsellville,CHESTER - HALSELLVILLE,133111815.926199,Chester,023,Halsellville,CHESTER - HALSELLVILLE,CHESTER - HALSELLVILLE,133111812.224206,1.000000,1
023,Chester,Blackstock,45023000004,Chester - Blackstock,CHESTER - BLACKSTOCK,126523889.781999,Chester,023,Blackstock,CHESTER - BLACKSTOCK,CHESTER - BLACKSTOCK,126523887.777728,1.000000,1
023,Chester,Chester Ward 1,45023000029,Chester - Chester Ward 1,CHESTER - CHESTER WARD 1,25061246.768496,Chester,023,"Chester, Ward 1",CHESTER - CHESTER WARD 1,CHESTER - CHESTER WARD 1,25061069.624837,0.999993,1
023,Chester,Lowrys,45023000018,Chester - Lowrys,CHESTER - LOWRYS,89464569.081349,Chester,023,Lowrys,CHESTER - LOWRYS,CHESTER - LOWRYS,89464567.741391,1.000000,1
023,Chester,Chester Ward 3,45023000031,Chester - Chester Ward 3,CHESTER - CHESTER WARD 3,26686001.736955,Chester,023,"Chester, Ward 3",CHESTER - CHESTER WARD 3,CHESTER - CHESTER WARD 3,26685391.807112,0.999977,1
023,Chester,Baldwin Mill,45023000001,Chester - Baldwin Mill,CHESTER - BALDWIN MILL,47104677.282304,Chester,023,Baldwin Mill,CHESTER - BALDWIN MILL,CHESTER - BALDWIN MILL,46632183.369542,0.989969,1
023,Chester,Baldwin Mill,45023000001,Chester - Baldwin Mill,CHESTER - BALDWIN MILL,47104677.282304,Chester,023,"Chester, Ward 2",CHESTER - CHESTER WARD 2,CHESTER - CHESTER WARD 2,472478.186396,0.010030,2
033,Dillon,West Dillon,45033000002,Dillon - West Dillon,DILLON - WEST DILLON,63221368.051693,Dillon,033,West Dillon,DILLON - WEST DILLON,DILLON - WEST DILLON,63214487.222748,0.999891,1
033,Dillon,Little Rock,45033000015,Dillon - Little Rock,DILLON - LITTLE ROCK,51802490.208166,Dillon,033,Little Rock,DILLON - LITTLE ROCK,DILLON - LITTLE ROCK,51802490.101144,1.000000,1
033,Dillon,East Dillon,45033000001,Dillon - East Dillon,DILLON - EAST DILLON,8991652.188338,Dillon,033,East Dillon,DILLON - EAST DILLON,DILLON - EAST DILLON,8991637.228797,0.999998,1
033,Dillon,South Dillon,45033000003,Dillon - South Dillon,DILLON - SOUTH DILLON,10485322.752576,Dillon,033,South Dillon,DILLON - SOUTH DILLON,DILLON - SOUTH DILLON,10485321.743789,1.000000,1
033,Dillon,Manning,45033000018,Dillon - Manning,DILLON - MANNING,20844616.527774,Dillon,033,Manning,DILLON - MANNING,DILLON - MANNING,20844616.527772,1.000000,1
033,Dillon,New Holly,45033000005,Dillon - New Holly,DILLON - NEW HOLLY,107945617.886599,Dillon,033,New Holly,DILLON - NEW HOLLY,DILLON - NEW HOLLY,107945617.886593,1.000000,1
033,Dillon,Mt. Calvary,45033000009,Dillon - Mt. Calvary,DILLON - MT. CALVARY,52274426.889037,Dillon,033,Mt. Calvary,DILLON - MT. CALVARY,DILLON - MT. CALVARY,52274426.889032,1.000000,1
033,Dillon,Pleasant Hill,45033000011,Dillon - Pleasant Hill,DILLON - PLEASANT HILL,74633907.654699,Dillon,033,Pleasant Hill,DILLON - PLEASANT HILL,DILLON - PLEASANT HILL,74558968.107955,0.998996,1
033,Dillon,Hamer,45033000012,Dillon - Hamer,DILLON - HAMER,32699051.362706,Dillon,033,Hamer,DILLON - HAMER,DILLON - HAMER,32697386.131869,0.999949,1
033,Dillon,Lake View,45033000006,Dillon - Lake View,DILLON - LAKE VIEW,98041895.507333,Dillon,033,Lake View,DILLON - LAKE VIEW,DILLON - LAKE VIEW,97898889.674908,0.998541,1
033,Dillon,Kemper,45033000007,Dillon - Kemper,DILLON - KEMPER,33002976.748824,Dillon,033,Kemper,DILLON - KEMPER,DILLON - KEMPER,33001297.656208,0.999949,1
033,Dillon,Fork,45033000020,Dillon - Fork,DILLON - FORK,51889285.120995,Dillon,033,Fork,DILLON - FORK,DILLON - FORK,51889282.628582,1.000000,1
033,Dillon,Minturn,45033000016,Dillon - Minturn,DILLON - MINTURN,52426609.210038,Dillon,033,Minturn,DILLON - MINTURN,DILLON - MINTURN,52426609.210032,1.000000,1
033,Dillon,Carolina,45033000014,Dillon - Carolina,DILLON - CAROLINA,64354034.655271,Dillon,033,Carolina,DILLON - CAROLINA,DILLON - CAROLINA,63983328.222377,0.994240,1
033,Dillon,Oakland,45033000013,Dillon - Oakland,DILLON - OAKLAND,39017770.424079,Dillon,033,Oakland,DILLON - OAKLAND,DILLON - OAKLAND,38998243.854452,0.999500,1
033,Dillon,Bermuda,45033000010,Dillon - Bermuda,DILLON - BERMUDA,45593010.130119,Dillon,033,Bermuda,DILLON - BERMUDA,DILLON - BERMUDA,45593009.696137,1.000000,1
033,Dillon,Oak Grove,45033000017,Dillon - Oak Grove,DILLON - OAK GROVE,147106095.397065,Dillon,033,Oak Grove,DILLON - OAK GROVE,DILLON - OAK GROVE,147106085.241916,1.000000,1
033,Dillon,Floydale,45033000019,Dillon - Floydale,DILLON - FLOYDALE,41618813.086011,Dillon,033,Floydale,DILLON - FLOYDALE,DILLON - FLOYDALE,41618810.365881,1.000000,1
033,Dillon,Latta,45033000004,Dillon - Latta,DILLON - LATTA,57710292.877063,Dillon,033,Latta,DILLON - LATTA,DILLON - LATTA,57705155.185582,0.999911,1
021,Cherokee,Ninety Nine and Cherokee Falls,45021000026,Cherokee - Ninety Nine and Cherokee Falls,CHEROKEE - NINETY NINE AND CHEROKEE FALLS,40458550.939906,Cherokee,021,Ninety Nine and Cherokee Falls,CHEROKEE - NINETY NINE AND CHEROKEE FALLS,CHEROKEE - NINETY NINE AND CHEROKEE FALLS,40458550.939900,1.000000,1
021,Cherokee,Blacksburg Ward No. 2,45021000006,Cherokee - Blacksburg Ward No. 2,CHEROKEE - BLACKSBURG WARD NO. 2,23855764.724029,Cherokee,021,Blacksburg Ward No. 2,CHEROKEE - BLACKSBURG WARD NO. 2,CHEROKEE - BLACKSBURG WARD NO. 2,23855764.724025,1.000000,1
021,Cherokee,Blacksburg Ward No. 2,45021000006,Cherokee - Blacksburg Ward No. 2,CHEROKEE - BLACKSBURG WARD NO. 2,23855764.724029,Cherokee,021,Alma Mill,CHEROKEE - ALMA MILL,CHEROKEE - ALMA MILL,20858.284344,0.000874,2
021,Cherokee,Blacksburg Ward No. 1,45021000005,Cherokee - Blacksburg Ward No. 1,CHEROKEE - BLACKSBURG WARD NO. 1,25951835.515659,Cherokee,021,Blacksburg Ward No. 1,CHEROKEE - BLACKSBURG WARD NO. 1,CHEROKEE - BLACKSBURG WARD NO. 1,25951835.515655,1.000000,1
021,Cherokee,Holly Grove and Buffalo,45021000020,Cherokee - Holly Grove and Buffalo,CHEROKEE - HOLLY GROVE AND BUFFALO,52116722.793703,Cherokee,021,Holly Grove and Buffalo,CHEROKEE - HOLLY GROVE AND BUFFALO,CHEROKEE - HOLLY GROVE AND BUFFALO,52116722.793695,1.000000,1
021,Cherokee,Antioch and King's Creek,45021000003,Cherokee - Antioch and King's Creek,CHEROKEE - ANTIOCH AND KINGS CREEK,81963269.099555,Cherokee,021,Antioch and King's Creek,CHEROKEE - ANTIOCH AND KINGS CREEK,CHEROKEE - ANTIOCH AND KINGS CREEK,81963269.099548,1.000000,1
021,Cherokee,Alma Mill,45021000002,Cherokee - Alma Mill,CHEROKEE - ALMA MILL,24619821.546575,Cherokee,021,Alma Mill,CHEROKEE - ALMA MILL,CHEROKEE - ALMA MILL,24467399.434639,0.993809,1
021,Cherokee,Alma Mill,45021000002,Cherokee - Alma Mill,CHEROKEE - ALMA MILL,24619821.546575,Cherokee,021,Gaffney Ward No. 3,CHEROKEE - GAFFNEY WARD NO. 3,CHEROKEE - GAFFNEY WARD NO. 3,74613.226386,0.003031,2
021,Cherokee,Alma Mill,45021000002,Cherokee - Alma Mill,CHEROKEE - ALMA MILL,24619821.546575,Cherokee,021,Gaffney Ward No. 2,CHEROKEE - GAFFNEY WARD NO. 2,CHEROKEE - GAFFNEY WARD NO. 2,19185.124517,0.000779,3
021,Cherokee,Limestone Mill,45021000021,Cherokee - Limestone Mill,CHEROKEE - LIMESTONE MILL,3772700.334371,Cherokee,021,Limestone Mill,CHEROKEE - LIMESTONE MILL,CHEROKEE - LIMESTONE MILL,3767366.228291,0.998586,1
021,Cherokee,Limestone Mill,45021000021,Cherokee - Limestone Mill,CHEROKEE - LIMESTONE MILL,3772700.334371,Cherokee,021,Alma Mill,CHEROKEE - ALMA MILL,CHEROKEE - ALMA MILL,9029.916389,0.002393,2
021,Cherokee,Limestone Mill,45021000021,Cherokee - Limestone Mill,CHEROKEE - LIMESTONE MILL,3772700.334371,Cherokee,021,Gaffney Ward No. 1,CHEROKEE - GAFFNEY WARD NO. 1,CHEROKEE - GAFFNEY WARD NO. 1,5334.106078,0.001414,3
021,Cherokee,Gaffney Ward No. 3,45021000014,Cherokee - Gaffney Ward No. 3,CHEROKEE - GAFFNEY WARD NO. 3,2637831.565175,Cherokee,021,Gaffney Ward No. 3,CHEROKEE - GAFFNEY WARD NO. 3,CHEROKEE - GAFFNEY WARD NO. 3,2390754.849509,0.906333,1
021,Cherokee,Gaffney Ward No. 3,45021000014,Cherokee - Gaffney Ward No. 3,CHEROKEE - GAFFNEY WARD NO. 3,2637831.565175,Cherokee,021,Draytonville,CHEROKEE - DRAYTONVILLE,CHEROKEE - DRAYTONVILLE,127868.518349,0.048475,2
021,Cherokee,Gaffney Ward No. 3,45021000014,Cherokee - Gaffney Ward No. 3,CHEROKEE - GAFFNEY WARD NO. 3,2637831.565175,Cherokee,021,Alma Mill,CHEROKEE - ALMA MILL,CHEROKEE - ALMA MILL,101598.427648,0.038516,3
021,Cherokee,Draytonville,45021000010,Cherokee - Draytonville,CHEROKEE - DRAYTONVILLE,57270080.444714,Cherokee,021,Draytonville,CHEROKEE - DRAYTONVILLE,CHEROKEE - DRAYTONVILLE,57242541.320122,0.999519,1
021,Cherokee,Little John and Sarratt's,45021000022,Cherokee - Little John and Sarratt's,CHEROKEE - LITTLE JOHN AND SARRATTS,106225833.596382,Cherokee,021,Littlejohn's and Sarratt's,CHEROKEE - LITTLEJOHNS AND SARRATTS,CHEROKEE - LITTLEJOHNS AND SARRATTS,106225833.596374,1.000000,1
021,Cherokee,Wilkinsville and Metcalf,45021000032,Cherokee - Wilkinsville and Metcalf,CHEROKEE - WILKINSVILLE AND METCALF,96743832.065947,Cherokee,021,Wilkinsville and Metcalf,CHEROKEE - WILKINSVILLE AND METCALF,CHEROKEE - WILKINSVILLE AND METCALF,96743832.065939,1.000000,1
021,Cherokee,Ashworth,45021000004,Cherokee - Ashworth,CHEROKEE - ASHWORTH,34690821.561719,Cherokee,021,Ashworth,CHEROKEE - ASHWORTH,CHEROKEE - ASHWORTH,34690821.561715,1.000000,1
021,Cherokee,Allens,45021000001,Cherokee - Allens,CHEROKEE - ALLENS,26171260.298711,Cherokee,021,Allens,CHEROKEE - ALLENS,CHEROKEE - ALLENS,26145308.046929,0.999008,1
021,Cherokee,Wood's,45021000033,Cherokee - Wood's,CHEROKEE - WOODS,19419405.065056,Cherokee,021,Wood's,CHEROKEE - WOODS,CHEROKEE - WOODS,19419405.065053,1.000000,1
021,Cherokee,Grassy Pond,45021000018,Cherokee - Grassy Pond,CHEROKEE - GRASSY POND,45332651.972721,Cherokee,021,Grassy Pond,CHEROKEE - GRASSY POND,CHEROKEE - GRASSY POND,45332651.972716,1.000000,1
021,Cherokee,Pleasant Grove,45021000027,Cherokee - Pleasant Grove,CHEROKEE - PLEASANT GROVE,26095605.552696,Cherokee,021,Pleasant Grove,CHEROKEE - PLEASANT GROVE,CHEROKEE - PLEASANT GROVE,26095605.552691,1.000000,1
021,Cherokee,Macedonia,45021000023,Cherokee - Macedonia,CHEROKEE - MACEDONIA,52240523.337467,Cherokee,021,Macedonia,CHEROKEE - MACEDONIA,CHEROKEE - MACEDONIA,51553134.906505,0.986842,1
021,Cherokee,Macedonia,45021000023,Cherokee - Macedonia,CHEROKEE - MACEDONIA,52240523.337467,Cherokee,021,Gaffney Ward No. 4,CHEROKEE - GAFFNEY WARD NO. 4,CHEROKEE - GAFFNEY WARD NO. 4,427423.213953,0.008182,2
021,Cherokee,Macedonia,45021000023,Cherokee - Macedonia,CHEROKEE - MACEDONIA,52240523.337467,Cherokee,021,Pleasant Meadows,CHEROKEE - PLEASANT MEADOWS,CHEROKEE - PLEASANT MEADOWS,259965.217003,0.004976,3
021,Cherokee,Pleasant Meadows,45021000028,Cherokee - Pleasant Meadows,CHEROKEE - PLEASANT MEADOWS,2743289.631608,Cherokee,021,Pleasant Meadows,CHEROKEE - PLEASANT MEADOWS,CHEROKEE - PLEASANT MEADOWS,2644915.172898,0.964140,1
021,Cherokee,Pleasant Meadows,45021000028,Cherokee - Pleasant Meadows,CHEROKEE - PLEASANT MEADOWS,2743289.631608,Cherokee,021,Macedonia,CHEROKEE - MACEDONIA,CHEROKEE - MACEDONIA,98374.434934,0.035860,2
021,Cherokee,Gaffney Ward No. 2,45021000013,Cherokee - Gaffney Ward No. 2,CHEROKEE - GAFFNEY WARD NO. 2,2664891.257370,Cherokee,021,Gaffney Ward No. 2,CHEROKEE - GAFFNEY WARD NO. 2,CHEROKEE - GAFFNEY WARD NO. 2,2664891.257369,1.000000,1
021,Cherokee,Gaffney Ward No. 4,45021000015,Cherokee - Gaffney Ward No. 4,CHEROKEE - GAFFNEY WARD NO. 4,4022048.182963,Cherokee,021,Gaffney Ward No. 4,CHEROKEE - GAFFNEY WARD NO. 4,CHEROKEE - GAFFNEY WARD NO. 4,3851280.547771,0.957542,1
021,Cherokee,Gaffney Ward No. 4,45021000015,Cherokee - Gaffney Ward No. 4,CHEROKEE - GAFFNEY WARD NO. 4,4022048.182963,Cherokee,021,Macedonia,CHEROKEE - MACEDONIA,CHEROKEE - MACEDONIA,159363.886637,0.039623,2
021,Cherokee,Gaffney Ward No. 4,45021000015,Cherokee - Gaffney Ward No. 4,CHEROKEE - GAFFNEY WARD NO. 4,4022048.182963,Cherokee,021,Pleasant Meadows,CHEROKEE - PLEASANT MEADOWS,CHEROKEE - PLEASANT MEADOWS,11404.425004,0.002835,3
021,Cherokee,Gaffney Ward No. 6,45021000017,Cherokee - Gaffney Ward No. 6,CHEROKEE - GAFFNEY WARD NO. 6,3287195.942218,Cherokee,021,Gaffney Ward No. 6,CHEROKEE - GAFFNEY WARD NO. 6,CHEROKEE - GAFFNEY WARD NO. 6,2726092.881318,0.829306,1
021,Cherokee,Gaffney Ward No. 6,45021000017,Cherokee - Gaffney Ward No. 6,CHEROKEE - GAFFNEY WARD NO. 6,3287195.942218,Cherokee,021,Musgrove Mill,CHEROKEE - MUSGROVE MILL,CHEROKEE - MUSGROVE MILL,561063.574252,0.170682,2
021,Cherokee,Timber Ridge,45021000030,Cherokee - Timber Ridge,CHEROKEE - TIMBER RIDGE,48251917.736727,Cherokee,021,Timber Ridge,CHEROKEE - TIMBER RIDGE,CHEROKEE - TIMBER RIDGE,48211056.972710,0.999153,1
021,Cherokee,Timber Ridge,45021000030,Cherokee - Timber Ridge,CHEROKEE - TIMBER RIDGE,48251917.736727,Cherokee,021,Allens,CHEROKEE - ALLENS,CHEROKEE - ALLENS,52957.500188,0.001098,2
021,Cherokee,Gaffney Ward No. 1,45021000012,Cherokee - Gaffney Ward No. 1,CHEROKEE - GAFFNEY WARD NO. 1,1439098.517173,Cherokee,021,Gaffney Ward No. 1,CHEROKEE - GAFFNEY WARD NO. 1,CHEROKEE - GAFFNEY WARD NO. 1,1439098.517172,1.000000,1
021,Cherokee,Gaffney Ward No. 1,45021000012,Cherokee - Gaffney Ward No. 1,CHEROKEE - GAFFNEY WARD NO. 1,1439098.517173,Cherokee,021,Gaffney Ward No. 3,CHEROKEE - GAFFNEY WARD NO. 3,CHEROKEE - GAFFNEY WARD NO. 3,8251.190272,0.005734,2
021,Cherokee,Musgrove Mill,45021000025,Cherokee - Musgrove Mill,CHEROKEE - MUSGROVE MILL,35225408.096258,Cherokee,021,Musgrove Mill,CHEROKEE - MUSGROVE MILL,CHEROKEE - MUSGROVE MILL,34783708.935492,0.987461,1
021,Cherokee,Musgrove Mill,45021000025,Cherokee - Musgrove Mill,CHEROKEE - MUSGROVE MILL,35225408.096258,Cherokee,021,Gaffney Ward No. 6,CHEROKEE - GAFFNEY WARD NO. 6,CHEROKEE - GAFFNEY WARD NO. 6,258258.483538,0.007332,2
021,Cherokee,Musgrove Mill,45021000025,Cherokee - Musgrove Mill,CHEROKEE - MUSGROVE MILL,35225408.096258,Cherokee,021,Gaffney Ward No. 4,CHEROKEE - GAFFNEY WARD NO. 4,CHEROKEE - GAFFNEY WARD NO. 4,150200.298002,0.004264,3
021,Cherokee,Musgrove Mill,45021000025,Cherokee - Musgrove Mill,CHEROKEE - MUSGROVE MILL,35225408.096258,Cherokee,021,Allens,CHEROKEE - ALLENS,CHEROKEE - ALLENS,35927.814623,0.001020,4
021,Cherokee,Gaffney Ward No. 5,45021000016,Cherokee - Gaffney Ward No. 5,CHEROKEE - GAFFNEY WARD NO. 5,2383872.705326,Cherokee,021,Gaffney Ward No. 5,CHEROKEE - GAFFNEY WARD NO. 5,CHEROKEE - GAFFNEY WARD NO. 5,2383872.705325,1.000000,1
021,Cherokee,Goucher and Thicketty,45021000019,Cherokee - Goucher and Thicketty,CHEROKEE - GOUCHER AND THICKETTY,58212970.025781,Cherokee,021,Goucher and Thicketty,CHEROKEE - GOUCHER AND THICKETTY,CHEROKEE - GOUCHER AND THICKETTY,58212970.025770,1.000000,1
021,Cherokee,Morgan,45021000024,Cherokee - Morgan,CHEROKEE - MORGAN,34123641.028088,Cherokee,021,Morgan,CHEROKEE - MORGAN,CHEROKEE - MORGAN,34123641.028085,1.000000,1
021,Cherokee,Ezells and Butler,45021000011,Cherokee - Ezells and Butler,CHEROKEE - EZELLS AND BUTLER,44022365.810650,Cherokee,021,Ezells and Butler,CHEROKEE - EZELLS AND BUTLER,CHEROKEE - EZELLS AND BUTLER,44022365.810644,1.000000,1
021,Cherokee,White Plains,45021000031,Cherokee - White Plains,CHEROKEE - WHITE PLAINS,73519338.128770,Cherokee,021,White Plains,CHEROKEE - WHITE PLAINS,CHEROKEE - WHITE PLAINS,73519338.128770,1.000000,1
063,Lexington,BATESBURG,45063000001,Lexington - BATESBURG,LEXINGTON - BATESBURG,12199974.391451,Lexington,063,Batesburg,LEXINGTON - BATESBURG,LEXINGTON - BATESBURG,12199955.842722,0.999998,1
063,Lexington,LEESVILLE,45063000012,Lexington - LEESVILLE,LEXINGTON - LEESVILLE,47747711.053054,Lexington,063,Leesville,LEXINGTON - LEESVILLE,LEXINGTON - LEESVILLE,47745035.590906,0.999944,1
063,Lexington,MIMS,45063000002,Lexington - MIMS,LEXINGTON - MIMS,75527241.274427,Lexington,063,Mims,LEXINGTON - MIMS,LEXINGTON - MIMS,75527241.161539,1.000000,1
063,Lexington,RIDGE ROAD,45063000010,Lexington - RIDGE ROAD,LEXINGTON - RIDGE ROAD,112363328.106105,Lexington,063,Ridge Road,LEXINGTON - RIDGE ROAD,LEXINGTON - RIDGE ROAD,112363277.219795,1.000000,1
063,Lexington,AMICKS FERRY,45063000061,Lexington - AMICKS FERRY,LEXINGTON - AMICKS FERRY,24648029.663333,Lexington,063,Amicks Ferry,LEXINGTON - AMICKS FERRY,LEXINGTON - AMICKS FERRY,24647910.223674,0.999995,1
063,Lexington,CHAPIN,45063000028,Lexington - CHAPIN,LEXINGTON - CHAPIN,41219087.111135,Lexington,063,Chapin,LEXINGTON - CHAPIN,LEXINGTON - CHAPIN,41057492.411194,0.996080,1
063,Lexington,DREHER ISLAND,45063000084,Lexington - DREHER ISLAND,LEXINGTON - DREHER ISLAND,28738600.192824,Lexington,063,Dreher Island,LEXINGTON - DREHER ISLAND,LEXINGTON - DREHER ISLAND,28738430.102575,0.999994,1
063,Lexington,OLD LEXINGTON,45063000085,Lexington - OLD LEXINGTON,LEXINGTON - OLD LEXINGTON,21115818.058171,Lexington,063,Old Lexington,LEXINGTON - OLD LEXINGTON,LEXINGTON - OLD LEXINGTON,21115791.796669,0.999999,1
063,Lexington,DUTCHMAN SHORES,45063000063,Lexington - DUTCHMAN SHORES,LEXINGTON - DUTCHMAN SHORES,26603684.284108,Lexington,063,Dutchman Shores,LEXINGTON - DUTCHMAN SHORES,LEXINGTON - DUTCHMAN SHORES,26598995.524375,0.999824,1
063,Lexington,FAIRVIEW,45063000020,Lexington - FAIRVIEW,LEXINGTON - FAIRVIEW,101334432.702205,Lexington,063,Fairview,LEXINGTON - FAIRVIEW,LEXINGTON - FAIRVIEW,101332032.833042,0.999976,1
063,Lexington,POND BRANCH,45063000008,Lexington - POND BRANCH,LEXINGTON - POND BRANCH,85153866.137457,Lexington,063,Pond Branch,LEXINGTON - POND BRANCH,LEXINGTON - POND BRANCH,85153635.608125,0.999997,1
063,Lexington,SUMMIT,45063000011,Lexington - SUMMIT,LEXINGTON - SUMMIT,24062082.274018,Lexington,063,Summit,LEXINGTON - SUMMIT,LEXINGTON - SUMMIT,24061994.288315,0.999996,1
063,Lexington,SAND HILL,45063000080,Lexington - SAND HILL,LEXINGTON - SAND HILL,27707515.140552,Lexington,063,Sandhill,LEXINGTON - SANDHILL,LEXINGTON - SANDHILL,27707515.022447,1.000000,1
063,Lexington,SHARPE'S HILL,45063000027,Lexington - SHARPE'S HILL,LEXINGTON - SHARPES HILL,35173093.647739,Lexington,063,Sharpe's Hill,LEXINGTON - SHARPES HILL,LEXINGTON - SHARPES HILL,35164964.468648,0.999769,1
063,Lexington,GASTON 2,45063000075,Lexington - GASTON 2,LEXINGTON - GASTON 2,32061685.800639,Lexington,063,Gaston #2,LEXINGTON - GASTON 2,LEXINGTON - GASTON 2,31920787.245821,0.995605,1
063,Lexington,GASTON 2,45063000075,Lexington - GASTON 2,LEXINGTON - GASTON 2,32061685.800639,Lexington,063,Gaston 1,LEXINGTON - GASTON 1,LEXINGTON - GASTON 1,51109.248127,0.001594,2
063,Lexington,GASTON 2,45063000075,Lexington - GASTON 2,LEXINGTON - GASTON 2,32061685.800639,Lexington,063,Chalk Hill,LEXINGTON - CHALK HILL,LEXINGTON - CHALK HILL,26173.622010,0.000816,3
063,Lexington,GASTON 2,45063000075,Lexington - GASTON 2,LEXINGTON - GASTON 2,32061685.800639,Lexington,063,Swansea 1,LEXINGTON - SWANSEA 1,LEXINGTON - SWANSEA 1,18161.261636,0.000566,4
063,Lexington,CAYCE 2A,45063000055,Lexington - CAYCE 2A,LEXINGTON - CAYCE 2A,3930188.151079,Lexington,063,Cayce 2a,LEXINGTON - CAYCE 2A,LEXINGTON - CAYCE 2A,3918067.061778,0.996916,1
063,Lexington,CAYCE 2A,45063000055,Lexington - CAYCE 2A,LEXINGTON - CAYCE 2A,3930188.151079,Lexington,063,West Columbia No. 4,LEXINGTON - WEST COLUMBIA NO. 4,LEXINGTON - WEST COLUMBIA NO. 4,12115.345160,0.003083,2
063,Lexington,WEST COLUMBIA NO. 3,45063000046,Lexington - WEST COLUMBIA NO. 3,LEXINGTON - WEST COLUMBIA NO. 3,1035838.908845,Lexington,063,West Columbia No. 3,LEXINGTON - WEST COLUMBIA NO. 3,LEXINGTON - WEST COLUMBIA NO. 3,1026842.254695,0.991315,1
063,Lexington,WEST COLUMBIA NO. 3,45063000046,Lexington - WEST COLUMBIA NO. 3,LEXINGTON - WEST COLUMBIA NO. 3,1035838.908845,Lexington,063,Cayce Ward No. 3,LEXINGTON - CAYCE WARD NO. 3,LEXINGTON - CAYCE WARD NO. 3,8996.572915,0.008685,2
063,Lexington,EDENWOOD,45063000031,Lexington - EDENWOOD,LEXINGTON - EDENWOOD,8776029.401432,Lexington,063,Edenwood,LEXINGTON - EDENWOOD,LEXINGTON - EDENWOOD,8773290.819348,0.999688,1
063,Lexington,HOOK'S STORE,45063000040,Lexington - HOOK'S STORE,LEXINGTON - HOOKS STORE,6173870.507185,Lexington,063,Hook's Store,LEXINGTON - HOOKS STORE,LEXINGTON - HOOKS STORE,6155954.733795,0.997098,1
063,Lexington,HOOK'S STORE,45063000040,Lexington - HOOK'S STORE,LEXINGTON - HOOKS STORE,6173870.507185,Lexington,063,Leaphart Road,LEXINGTON - LEAPHART ROAD,LEXINGTON - LEAPHART ROAD,14264.880751,0.002311,2
063,Lexington,HOOK'S STORE,45063000040,Lexington - HOOK'S STORE,LEXINGTON - HOOKS STORE,6173870.507185,Lexington,063,West Columbia No. 4,LEXINGTON - WEST COLUMBIA NO. 4,LEXINGTON - WEST COLUMBIA NO. 4,3218.086323,0.000521,3
063,Lexington,WEST COLUMBIA NO. 1,45063000044,Lexington - WEST COLUMBIA NO. 1,LEXINGTON - WEST COLUMBIA NO. 1,1533120.803492,Lexington,063,West Columbia No. 1,LEXINGTON - WEST COLUMBIA NO. 1,LEXINGTON - WEST COLUMBIA NO. 1,1514596.597384,0.987917,1
063,Lexington,WEST COLUMBIA NO. 1,45063000044,Lexington - WEST COLUMBIA NO. 1,LEXINGTON - WEST COLUMBIA NO. 1,1533120.803492,Lexington,063,Cayce Ward No. 1,LEXINGTON - CAYCE WARD NO. 1,LEXINGTON - CAYCE WARD NO. 1,12647.053942,0.008249,2
063,Lexington,CAYCE NO. 3,45063000037,Lexington - CAYCE NO. 3,LEXINGTON - CAYCE NO. 3,1203309.296872,Lexington,063,Cayce Ward No. 3,LEXINGTON - CAYCE WARD NO. 3,LEXINGTON - CAYCE WARD NO. 3,1181520.619186,0.981893,1
063,Lexington,CAYCE NO. 3,45063000037,Lexington - CAYCE NO. 3,LEXINGTON - CAYCE NO. 3,1203309.296872,Lexington,063,West Columbia No. 4,LEXINGTON - WEST COLUMBIA NO. 4,LEXINGTON - WEST COLUMBIA NO. 4,7036.175177,0.005847,2
063,Lexington,CAYCE NO. 3,45063000037,Lexington - CAYCE NO. 3,LEXINGTON - CAYCE NO. 3,1203309.296872,Lexington,063,Cayce 2a,LEXINGTON - CAYCE 2A,LEXINGTON - CAYCE 2A,5085.832315,0.004227,3
063,Lexington,CAYCE NO. 3,45063000037,Lexington - CAYCE NO. 3,LEXINGTON - CAYCE NO. 3,1203309.296872,Lexington,063,West Columbia No. 3,LEXINGTON - WEST COLUMBIA NO. 3,LEXINGTON - WEST COLUMBIA NO. 3,5069.639491,0.004213,4
063,Lexington,CAYCE NO. 3,45063000037,Lexington - CAYCE NO. 3,LEXINGTON - CAYCE NO. 3,1203309.296872,Lexington,063,Cayce Ward No. 1,LEXINGTON - CAYCE WARD NO. 1,LEXINGTON - CAYCE WARD NO. 1,3648.590859,0.003032,5
063,Lexington,CAYCE NO. 3,45063000037,Lexington - CAYCE NO. 3,LEXINGTON - CAYCE NO. 3,1203309.296872,Lexington,063,Cayce Ward No. 2,LEXINGTON - CAYCE WARD NO. 2,LEXINGTON - CAYCE WARD NO. 2,948.439846,0.000788,6
063,Lexington,GILBERT,45063000007,Lexington - GILBERT,LEXINGTON - GILBERT,47803019.546992,Lexington,063,Gilbert,LEXINGTON - GILBERT,LEXINGTON - GILBERT,47670026.991069,0.997218,1
063,Lexington,GILBERT,45063000007,Lexington - GILBERT,LEXINGTON - GILBERT,47803019.546992,Lexington,063,Summit,LEXINGTON - SUMMIT,LEXINGTON - SUMMIT,132986.150609,0.002782,2
063,Lexington,HOLLOW CREEK,45063000015,Lexington - HOLLOW CREEK,LEXINGTON - HOLLOW CREEK,48939319.165657,Lexington,063,Hollow Creek,LEXINGTON - HOLLOW CREEK,LEXINGTON - HOLLOW CREEK,48936378.111620,0.999940,1
063,Lexington,SWANSEA 2,45063000082,Lexington - SWANSEA 2,LEXINGTON - SWANSEA 2,61307274.166349,Lexington,063,Swansea #2,LEXINGTON - SWANSEA 2,LEXINGTON - SWANSEA 2,61294806.969669,0.999797,1
063,Lexington,SWANSEA 1,45063000024,Lexington - SWANSEA 1,LEXINGTON - SWANSEA 1,35735407.511794,Lexington,063,Swansea 1,LEXINGTON - SWANSEA 1,LEXINGTON - SWANSEA 1,35723630.556647,0.999670,1
063,Lexington,GASTON 1,45063000026,Lexington - GASTON 1,LEXINGTON - GASTON 1,35836291.588846,Lexington,063,Gaston 1,LEXINGTON - GASTON 1,LEXINGTON - GASTON 1,35831794.675515,0.999875,1
063,Lexington,CAYCE NO. 1,45063000035,Lexington - CAYCE NO. 1,LEXINGTON - CAYCE NO. 1,2375263.013817,Lexington,063,Cayce Ward No. 1,LEXINGTON - CAYCE WARD NO. 1,LEXINGTON - CAYCE WARD NO. 1,2343787.303036,0.986749,1
063,Lexington,CAYCE NO. 1,45063000035,Lexington - CAYCE NO. 1,LEXINGTON - CAYCE NO. 1,2375263.013817,Lexington,063,West Columbia No. 1,LEXINGTON - WEST COLUMBIA NO. 1,LEXINGTON - WEST COLUMBIA NO. 1,12900.542961,0.005431,2
063,Lexington,CAYCE NO. 1,45063000035,Lexington - CAYCE NO. 1,LEXINGTON - CAYCE NO. 1,2375263.013817,Lexington,063,West Columbia No. 3,LEXINGTON - WEST COLUMBIA NO. 3,LEXINGTON - WEST COLUMBIA NO. 3,5729.404814,0.002412,3
063,Lexington,CAYCE NO. 1,45063000035,Lexington - CAYCE NO. 1,LEXINGTON - CAYCE NO. 1,2375263.013817,Lexington,063,Cayce Ward No. 2,LEXINGTON - CAYCE WARD NO. 2,LEXINGTON - CAYCE WARD NO. 2,4907.268288,0.002066,4
063,Lexington,CAYCE NO. 2,45063000036,Lexington - CAYCE NO. 2,LEXINGTON - CAYCE NO. 2,12082655.478303,Lexington,063,Cayce Ward No. 2,LEXINGTON - CAYCE WARD NO. 2,LEXINGTON - CAYCE WARD NO. 2,11755969.010681,0.972962,1
063,Lexington,CAYCE NO. 2,45063000036,Lexington - CAYCE NO. 2,LEXINGTON - CAYCE NO. 2,12082655.478303,Lexington,063,Chalk Hill,LEXINGTON - CHALK HILL,LEXINGTON - CHALK HILL,259611.535246,0.021486,2
063,Lexington,CONGAREE 2,45063000077,Lexington - CONGAREE 2,LEXINGTON - CONGAREE 2,8298108.203219,Lexington,063,Congaree #2,LEXINGTON - CONGAREE 2,LEXINGTON - CONGAREE 2,8298092.495902,0.999998,1
063,Lexington,QUAIL HOLLOW,45063000021,Lexington - QUAIL HOLLOW,LEXINGTON - QUAIL HOLLOW,5887318.488473,Lexington,063,Quail Hollow,LEXINGTON - QUAIL HOLLOW,LEXINGTON - QUAIL HOLLOW,5869676.813613,0.997003,1
063,Lexington,QUAIL HOLLOW,45063000021,Lexington - QUAIL HOLLOW,LEXINGTON - QUAIL HOLLOW,5887318.488473,Lexington,063,River Bluff,LEXINGTON - RIVER BLUFF,LEXINGTON - RIVER BLUFF,17561.865154,0.002983,2
063,Lexington,BEULAH CHURCH,45063000006,Lexington - BEULAH CHURCH,LEXINGTON - BEULAH CHURCH,42972930.424162,Lexington,063,Beulah Church,LEXINGTON - BEULAH CHURCH,LEXINGTON - BEULAH CHURCH,42972918.009157,1.000000,1
063,Lexington,ROUND HILL,45063000019,Lexington - ROUND HILL,LEXINGTON - ROUND HILL,35720916.552303,Lexington,063,Round Hill,LEXINGTON - ROUND HILL,LEXINGTON - ROUND HILL,35720833.925456,0.999998,1
063,Lexington,BOILING SPRINGS,45063000016,Lexington - BOILING SPRINGS,LEXINGTON - BOILING SPRINGS,35497250.354583,Lexington,063,Boiling Springs,LEXINGTON - BOILING SPRINGS,LEXINGTON - BOILING SPRINGS,35497153.563428,0.999997,1
063,Lexington,SANDY RUN,45063000025,Lexington - SANDY RUN,LEXINGTON - SANDY RUN,57371171.909813,Lexington,063,Sandy Run,LEXINGTON - SANDY RUN,LEXINGTON - SANDY RUN,57370797.004614,0.999993,1
063,Lexington,MACK-EDISTO,45063000023,Lexington - MACK-EDISTO,LEXINGTON - MACK-EDISTO,57319956.376683,Lexington,063,Mack-edisto,LEXINGTON - MACK-EDISTO,LEXINGTON - MACK-EDISTO,57319948.832595,1.000000,1
063,Lexington,CHALK HILL,45063000038,Lexington - CHALK HILL,LEXINGTON - CHALK HILL,44570223.889696,Lexington,063,Chalk Hill,LEXINGTON - CHALK HILL,LEXINGTON - CHALK HILL,44567946.834662,0.999949,1
063,Lexington,PINE RIDGE 1,45063000043,Lexington - PINE RIDGE 1,LEXINGTON - PINE RIDGE 1,14631408.895763,Lexington,063,Pine Ridge 1,LEXINGTON - PINE RIDGE 1,LEXINGTON - PINE RIDGE 1,14594340.934993,0.997467,1
063,Lexington,PINE RIDGE 1,45063000043,Lexington - PINE RIDGE 1,LEXINGTON - PINE RIDGE 1,14631408.895763,Lexington,063,Gaston #2,LEXINGTON - GASTON 2,LEXINGTON - GASTON 2,36033.500250,0.002463,2
063,Lexington,PINE RIDGE 2,45063000091,Lexington - PINE RIDGE 2,LEXINGTON - PINE RIDGE 2,14296346.304717,Lexington,063,Pineridge #2,LEXINGTON - PINERIDGE 2,LEXINGTON - PINERIDGE 2,14296273.453227,0.999995,1
063,Lexington,WESTOVER,45063000030,Lexington - WESTOVER,LEXINGTON - WESTOVER,3577941.201883,Lexington,063,Westover,LEXINGTON - WESTOVER,LEXINGTON - WESTOVER,3574732.793598,0.999103,1
063,Lexington,MT. HEBRON,45063000079,Lexington - MT. HEBRON,LEXINGTON - MT. HEBRON,3000017.960415,Lexington,063,Mt. Hebron,LEXINGTON - MT. HEBRON,LEXINGTON - MT. HEBRON,2999992.215453,0.999991,1
063,Lexington,PINEVIEW,45063000053,Lexington - PINEVIEW,LEXINGTON - PINEVIEW,5681111.837566,Lexington,063,Pineview,LEXINGTON - PINEVIEW,LEXINGTON - PINEVIEW,5681110.884328,1.000000,1
063,Lexington,LEAPHART ROAD,45063000029,Lexington - LEAPHART ROAD,LEXINGTON - LEAPHART ROAD,3965863.475549,Lexington,063,Leaphart Road,LEXINGTON - LEAPHART ROAD,LEXINGTON - LEAPHART ROAD,3963982.318144,0.999526,1
063,Lexington,SALUDA RIVER,45063000041,Lexington - SALUDA RIVER,LEXINGTON - SALUDA RIVER,3930171.890217,Lexington,063,Saluda River,LEXINGTON - SALUDA RIVER,LEXINGTON - SALUDA RIVER,3923089.884232,0.998198,1
063,Lexington,SALUDA RIVER,45063000041,Lexington - SALUDA RIVER,LEXINGTON - SALUDA RIVER,3930171.890217,Lexington,063,West Columbia No. 1,LEXINGTON - WEST COLUMBIA NO. 1,LEXINGTON - WEST COLUMBIA NO. 1,3319.037983,0.000845,2
063,Lexington,CONGAREE 1,45063000039,Lexington - CONGAREE 1,LEXINGTON - CONGAREE 1,12814850.958210,Lexington,063,Congaree 1,LEXINGTON - CONGAREE 1,LEXINGTON - CONGAREE 1,12796500.416201,0.998568,1
063,Lexington,CONGAREE 1,45063000039,Lexington - CONGAREE 1,LEXINGTON - CONGAREE 1,12814850.958210,Lexington,063,Sandhill,LEXINGTON - SANDHILL,LEXINGTON - SANDHILL,10108.601517,0.000789,2
063,Lexington,CONGAREE 1,45063000039,Lexington - CONGAREE 1,LEXINGTON - CONGAREE 1,12814850.958210,Lexington,063,Edmund 1,LEXINGTON - EDMUND 1,LEXINGTON - EDMUND 1,7890.596377,0.000616,3
063,Lexington,WEST COLUMBIA NO. 4,45063000047,Lexington - WEST COLUMBIA NO. 4,LEXINGTON - WEST COLUMBIA NO. 4,4093455.856388,Lexington,063,West Columbia No. 4,LEXINGTON - WEST COLUMBIA NO. 4,LEXINGTON - WEST COLUMBIA NO. 4,4083722.147474,0.997622,1
063,Lexington,WEST COLUMBIA NO. 4,45063000047,Lexington - WEST COLUMBIA NO. 4,LEXINGTON - WEST COLUMBIA NO. 4,4093455.856388,Lexington,063,Cayce 2a,LEXINGTON - CAYCE 2A,LEXINGTON - CAYCE 2A,7787.974065,0.001903,2
063,Lexington,OLD BARNWELL ROAD,45063000005,Lexington - OLD BARNWELL ROAD,LEXINGTON - OLD BARNWELL ROAD,9043359.890776,Lexington,063,Old Barnwell Rd,LEXINGTON - OLD BARNWELL RD,LEXINGTON - OLD BARNWELL RD,9043319.125002,0.999995,1
063,Lexington,SPRINGDALE,45063000042,Lexington - SPRINGDALE,LEXINGTON - SPRINGDALE,5914517.127956,Lexington,063,Springdale,LEXINGTON - SPRINGDALE,LEXINGTON - SPRINGDALE,5898494.887887,0.997291,1
063,Lexington,SPRINGDALE,45063000042,Lexington - SPRINGDALE,LEXINGTON - SPRINGDALE,5914517.127956,Lexington,063,Old Barnwell Rd,LEXINGTON - OLD BARNWELL RD,LEXINGTON - OLD BARNWELL RD,15940.605959,0.002695,2
063,Lexington,BOILING SPRINGS SOUTH,45063000069,Lexington - BOILING SPRINGS SOUTH,LEXINGTON - BOILING SPRINGS SOUTH,48870089.962377,Lexington,063,Boiling Springs South,LEXINGTON - BOILING SPRINGS SOUTH,LEXINGTON - BOILING SPRINGS SOUTH,48870078.889334,1.000000,1
063,Lexington,GRENADIER,45063000058,Lexington - GRENADIER,LEXINGTON - GRENADIER,2566074.879571,Lexington,063,Grenadier,LEXINGTON - GRENADIER,LEXINGTON - GRENADIER,2537932.551335,0.989033,1
063,Lexington,COLDSTREAM,45063000057,Lexington - COLDSTREAM,LEXINGTON - COLDSTREAM,2950873.669052,Lexington,063,Coldstream,LEXINGTON - COLDSTREAM,LEXINGTON - COLDSTREAM,2939236.868113,0.996056,1
063,Lexington,COLDSTREAM,45063000057,Lexington - COLDSTREAM,LEXINGTON - COLDSTREAM,2950873.669052,Lexington,063,Bush River,LEXINGTON - BUSH RIVER,LEXINGTON - BUSH RIVER,11629.411184,0.003941,2
063,Lexington,MURRAYWOOD,45063000060,Lexington - MURRAYWOOD,LEXINGTON - MURRAYWOOD,2984746.968436,Lexington,063,Murraywood,LEXINGTON - MURRAYWOOD,LEXINGTON - MURRAYWOOD,2971252.134994,0.995479,1
063,Lexington,MURRAYWOOD,45063000060,Lexington - MURRAYWOOD,LEXINGTON - MURRAYWOOD,2984746.968436,Lexington,063,Irmo,LEXINGTON - IRMO,LEXINGTON - IRMO,13494.833441,0.004521,2
063,Lexington,QUAIL VALLEY,45063000054,Lexington - QUAIL VALLEY,LEXINGTON - QUAIL VALLEY,4081714.452979,Lexington,063,Quail Valley,LEXINGTON - QUAIL VALLEY,LEXINGTON - QUAIL VALLEY,4016103.557710,0.983926,1
063,Lexington,QUAIL VALLEY,45063000054,Lexington - QUAIL VALLEY,LEXINGTON - QUAIL VALLEY,4081714.452979,Lexington,063,Challedon,LEXINGTON - CHALLEDON,LEXINGTON - CHALLEDON,7401.072977,0.001813,2
063,Lexington,SEVEN OAKS,45063000009,Lexington - SEVEN OAKS,LEXINGTON - SEVEN OAKS,3633293.345370,Lexington,063,Seven Oaks,LEXINGTON - SEVEN OAKS,LEXINGTON - SEVEN OAKS,3606709.372506,0.992683,1
063,Lexington,SEVEN OAKS,45063000009,Lexington - SEVEN OAKS,LEXINGTON - SEVEN OAKS,3633293.345370,Lexington,063,Challedon,LEXINGTON - CHALLEDON,LEXINGTON - CHALLEDON,22137.381084,0.006093,2
063,Lexington,SEVEN OAKS,45063000009,Lexington - SEVEN OAKS,LEXINGTON - SEVEN OAKS,3633293.345370,Lexington,063,River Bluff,LEXINGTON - RIVER BLUFF,LEXINGTON - RIVER BLUFF,4430.966699,0.001220,3
063,Lexington,SPRINGDALE SOUTH,45063000074,Lexington - SPRINGDALE SOUTH,LEXINGTON - SPRINGDALE SOUTH,9956808.252408,Lexington,063,Springdale South,LEXINGTON - SPRINGDALE SOUTH,LEXINGTON - SPRINGDALE SOUTH,9806775.156409,0.984932,1
063,Lexington,SPRINGDALE SOUTH,45063000074,Lexington - SPRINGDALE SOUTH,LEXINGTON - SPRINGDALE SOUTH,9956808.252408,Lexington,063,Cayce 2a,LEXINGTON - CAYCE 2A,LEXINGTON - CAYCE 2A,150032.031613,0.015068,2
063,Lexington,EMMANUEL CHURCH,45063000014,Lexington - EMMANUEL CHURCH,LEXINGTON - EMMANUEL CHURCH,10404868.073537,Lexington,063,Emmanuel Church,LEXINGTON - EMMANUEL CHURCH,LEXINGTON - EMMANUEL CHURCH,10404865.853743,1.000000,1
063,Lexington,WHITEHALL,45063000050,Lexington - WHITEHALL,LEXINGTON - WHITEHALL,6350506.031493,Lexington,063,Whitehall,LEXINGTON - WHITEHALL,LEXINGTON - WHITEHALL,6305878.023528,0.992973,1
063,Lexington,CHALLEDON,45063000049,Lexington - CHALLEDON,LEXINGTON - CHALLEDON,3165671.527717,Lexington,063,Challedon,LEXINGTON - CHALLEDON,LEXINGTON - CHALLEDON,3147402.965017,0.994229,1
063,Lexington,GARDENDALE,45063000051,Lexington - GARDENDALE,LEXINGTON - GARDENDALE,3191521.443487,Lexington,063,Gardendale,LEXINGTON - GARDENDALE,LEXINGTON - GARDENDALE,3191521.443487,1.000000,1
063,Lexington,WOODLAND HILLS,45063000052,Lexington - WOODLAND HILLS,LEXINGTON - WOODLAND HILLS,3657101.398573,Lexington,063,Woodland Hills,LEXINGTON - WOODLAND HILLS,LEXINGTON - WOODLAND HILLS,3638736.616416,0.994978,1
063,Lexington,IRMO,45063000048,Lexington - IRMO,LEXINGTON - IRMO,3875392.747902,Lexington,063,Irmo,LEXINGTON - IRMO,LEXINGTON - IRMO,3865794.409294,0.997523,1
063,Lexington,IRMO,45063000048,Lexington - IRMO,LEXINGTON - IRMO,3875392.747902,Lexington,063,Lincreek,LEXINGTON - LINCREEK,LEXINGTON - LINCREEK,8290.223638,0.002139,2
063,Lexington,WEST COLUMBIA NO. 2,45063000045,Lexington - WEST COLUMBIA NO. 2,LEXINGTON - WEST COLUMBIA NO. 2,1421052.116703,Lexington,063,West Columbia No. 2,LEXINGTON - WEST COLUMBIA NO. 2,LEXINGTON - WEST COLUMBIA NO. 2,1421051.470349,1.000000,1
063,Lexington,ST. MICHAEL,45063000059,Lexington - ST. MICHAEL,LEXINGTON - ST. MICHAEL,30544358.835901,Lexington,063,St. Michael,LEXINGTON - ST. MICHAEL,LEXINGTON - ST. MICHAEL,30544350.338790,1.000000,1
063,Lexington,PILGRIM CHRUCH,45063000064,Lexington - PILGRIM CHRUCH,LEXINGTON - PILGRIM CHRUCH,5521652.313421,Lexington,063,Pilgrim Church,LEXINGTON - PILGRIM CHURCH,LEXINGTON - PILGRIM CHURCH,5519143.909290,0.999546,1
063,Lexington,BARR ROAD 2,45063000089,Lexington - BARR ROAD 2,LEXINGTON - BARR ROAD 2,10187170.547101,Lexington,063,Barr Road #2,LEXINGTON - BARR ROAD 2,LEXINGTON - BARR ROAD 2,10186979.950119,0.999981,1
063,Lexington,OAKWOOD,45063000088,Lexington - OAKWOOD,LEXINGTON - OAKWOOD,8063939.869468,Lexington,063,Oakwood,LEXINGTON - OAKWOOD,LEXINGTON - OAKWOOD,8063938.934678,1.000000,1
063,Lexington,RIVER BLUFF,45063000096,Lexington - RIVER BLUFF,LEXINGTON - RIVER BLUFF,16376149.972380,Lexington,063,River Bluff,LEXINGTON - RIVER BLUFF,LEXINGTON - RIVER BLUFF,16354204.297817,0.998660,1
063,Lexington,RIVER BLUFF,45063000096,Lexington - RIVER BLUFF,LEXINGTON - RIVER BLUFF,16376149.972380,Lexington,063,Quail Hollow,LEXINGTON - QUAIL HOLLOW,LEXINGTON - QUAIL HOLLOW,21186.072442,0.001294,2
063,Lexington,BUSH RIVER,45063000062,Lexington - BUSH RIVER,LEXINGTON - BUSH RIVER,5947684.346955,Lexington,063,Bush River,LEXINGTON - BUSH RIVER,LEXINGTON - BUSH RIVER,5932113.972913,0.997382,1
063,Lexington,BUSH RIVER,45063000062,Lexington - BUSH RIVER,LEXINGTON - BUSH RIVER,5947684.346955,Lexington,063,River Bluff,LEXINGTON - RIVER BLUFF,LEXINGTON - RIVER BLUFF,15569.728651,0.002618,2
063,Lexington,LEXINGTON NO. 3,45063000070,Lexington - LEXINGTON NO. 3,LEXINGTON - LEXINGTON NO. 3,7830744.131411,Lexington,063,Lexington No. 3,LEXINGTON - LEXINGTON NO. 3,LEXINGTON - LEXINGTON NO. 3,7830740.524282,1.000000,1
063,Lexington,LEXINGTON NO. 2,45063000034,Lexington - LEXINGTON NO. 2,LEXINGTON - LEXINGTON NO. 2,9207693.084856,Lexington,063,Lexington No. 2,LEXINGTON - LEXINGTON NO. 2,LEXINGTON - LEXINGTON NO. 2,9186948.933465,0.997747,1
063,Lexington,LEXINGTON NO. 2,45063000034,Lexington - LEXINGTON NO. 2,LEXINGTON - LEXINGTON NO. 2,9207693.084856,Lexington,063,Red Bank,LEXINGTON - RED BANK,LEXINGTON - RED BANK,12194.278798,0.001324,2
063,Lexington,LEXINGTON NO. 2,45063000034,Lexington - LEXINGTON NO. 2,LEXINGTON - LEXINGTON NO. 2,9207693.084856,Lexington,063,Barr Road #2,LEXINGTON - BARR ROAD 2,LEXINGTON - BARR ROAD 2,8531.724829,0.000927,3
063,Lexington,FAITH CHURCH,45063000066,Lexington - FAITH CHURCH,LEXINGTON - FAITH CHURCH,5631700.633071,Lexington,063,Faith Church,LEXINGTON - FAITH CHURCH,LEXINGTON - FAITH CHURCH,5616646.031708,0.997327,1
063,Lexington,FAITH CHURCH,45063000066,Lexington - FAITH CHURCH,LEXINGTON - FAITH CHURCH,5631700.633071,Lexington,063,River Bluff,LEXINGTON - RIVER BLUFF,LEXINGTON - RIVER BLUFF,15047.410315,0.002672,2
063,Lexington,LEXINGTON NO. 1,45063000033,Lexington - LEXINGTON NO. 1,LEXINGTON - LEXINGTON NO. 1,5378380.700838,Lexington,063,Lexington No. 1,LEXINGTON - LEXINGTON NO. 1,LEXINGTON - LEXINGTON NO. 1,5356356.322346,0.995905,1
063,Lexington,LEXINGTON NO. 1,45063000033,Lexington - LEXINGTON NO. 1,LEXINGTON - LEXINGTON NO. 1,5378380.700838,Lexington,063,Lexington No. 4,LEXINGTON - LEXINGTON NO. 4,LEXINGTON - LEXINGTON NO. 4,22024.378492,0.004095,2
063,Lexington,WHITE KNOLL,45063000065,Lexington - WHITE KNOLL,LEXINGTON - WHITE KNOLL,8665115.712323,Lexington,063,White Knoll,LEXINGTON - WHITE KNOLL,LEXINGTON - WHITE KNOLL,8665101.115158,0.999998,1
063,Lexington,PROVIDENCE CHURCH,45063000068,Lexington - PROVIDENCE CHURCH,LEXINGTON - PROVIDENCE CHURCH,19822563.584416,Lexington,063,Providence Church,LEXINGTON - PROVIDENCE CHURCH,LEXINGTON - PROVIDENCE CHURCH,19821596.522930,0.999951,1
063,Lexington,LAKE MURRAY 1,45063000003,Lexington - LAKE MURRAY 1,LEXINGTON - LAKE MURRAY 1,25317742.310668,Lexington,063,Lake Murray 1,LEXINGTON - LAKE MURRAY 1,LEXINGTON - LAKE MURRAY 1,25317719.369899,0.999999,1
063,Lexington,LEXINGTON NO. 4,45063000071,Lexington - LEXINGTON NO. 4,LEXINGTON - LEXINGTON NO. 4,9520103.563972,Lexington,063,Lexington No. 4,LEXINGTON - LEXINGTON NO. 4,LEXINGTON - LEXINGTON NO. 4,9510711.369278,0.999013,1
063,Lexington,LEXINGTON NO. 4,45063000071,Lexington - LEXINGTON NO. 4,LEXINGTON - LEXINGTON NO. 4,9520103.563972,Lexington,063,Lexington No. 1,LEXINGTON - LEXINGTON NO. 1,LEXINGTON - LEXINGTON NO. 1,9287.457068,0.000976,2
063,Lexington,CROMER,45063000032,Lexington - CROMER,LEXINGTON - CROMER,4286327.311141,Lexington,063,Cromer,LEXINGTON - CROMER,LEXINGTON - CROMER,4100361.773874,0.956614,1
063,Lexington,CROMER,45063000032,Lexington - CROMER,LEXINGTON - CROMER,4286327.311141,Lexington,063,Oakwood,LEXINGTON - OAKWOOD,LEXINGTON - OAKWOOD,185958.902851,0.043384,2
063,Lexington,CEDARCREST,45063000087,Lexington - CEDARCREST,LEXINGTON - CEDARCREST,6314861.076398,Lexington,063,Cedarcrest,LEXINGTON - CEDARCREST,LEXINGTON - CEDARCREST,6263246.592442,0.991827,1
063,Lexington,CEDARCREST,45063000087,Lexington - CEDARCREST,LEXINGTON - CEDARCREST,6314861.076398,Lexington,063,White Knoll,LEXINGTON - WHITE KNOLL,LEXINGTON - WHITE KNOLL,46941.006110,0.007433,2
063,Lexington,CEDARCREST,45063000087,Lexington - CEDARCREST,LEXINGTON - CEDARCREST,6314861.076398,Lexington,063,Kitti Wake,LEXINGTON - KITTI WAKE,LEXINGTON - KITTI WAKE,4451.613747,0.000705,3
063,Lexington,RED BANK,45063000018,Lexington - RED BANK,LEXINGTON - RED BANK,24290851.812426,Lexington,063,Red Bank,LEXINGTON - RED BANK,LEXINGTON - RED BANK,24289054.215610,0.999926,1
063,Lexington,RED BANK SOUTH 1,45063000013,Lexington - RED BANK SOUTH 1,LEXINGTON - RED BANK SOUTH 1,14239526.351427,Lexington,063,Red Bank South 1,LEXINGTON - RED BANK SOUTH 1,LEXINGTON - RED BANK SOUTH 1,14223976.392820,0.998908,1
063,Lexington,RED BANK SOUTH 1,45063000013,Lexington - RED BANK SOUTH 1,LEXINGTON - RED BANK SOUTH 1,14239526.351427,Lexington,063,Red Bank,LEXINGTON - RED BANK,LEXINGTON - RED BANK,15519.606027,0.001090,2
063,Lexington,LAKE MURRAY 2,45063000076,Lexington - LAKE MURRAY 2,LEXINGTON - LAKE MURRAY 2,19357076.196589,Lexington,063,Lake Murray #2,LEXINGTON - LAKE MURRAY 2,LEXINGTON - LAKE MURRAY 2,19352405.977497,0.999759,1
063,Lexington,ST. DAVIDS,45063000078,Lexington - ST. DAVIDS,LEXINGTON - ST. DAVIDS,4755697.374677,Lexington,063,St Davids,LEXINGTON - ST DAVIDS,LEXINGTON - ST DAVIDS,4755691.772168,0.999999,1
063,Lexington,KITTI WAKE,45063000067,Lexington - KITTI WAKE,LEXINGTON - KITTI WAKE,4774002.755216,Lexington,063,Kitti Wake,LEXINGTON - KITTI WAKE,LEXINGTON - KITTI WAKE,4773985.440940,0.999996,1
063,Lexington,EDMUND 1,45063000017,Lexington - EDMUND 1,LEXINGTON - EDMUND 1,33279926.286041,Lexington,063,Edmund 1,LEXINGTON - EDMUND 1,LEXINGTON - EDMUND 1,33277742.792968,0.999934,1
063,Lexington,PELION 2,45063000083,Lexington - PELION 2,LEXINGTON - PELION 2,84657129.878018,Lexington,063,Pelion #2,LEXINGTON - PELION 2,LEXINGTON - PELION 2,84613014.226210,0.999479,1
063,Lexington,PELION 2,45063000083,Lexington - PELION 2,LEXINGTON - PELION 2,84657129.878018,Lexington,063,Sharpe's Hill,LEXINGTON - SHARPES HILL,LEXINGTON - SHARPES HILL,43747.966685,0.000517,2
063,Lexington,EDMUND 2,45063000081,Lexington - EDMUND 2,LEXINGTON - EDMUND 2,36988969.610208,Lexington,063,Edmund #2,LEXINGTON - EDMUND 2,LEXINGTON - EDMUND 2,36986344.842281,0.999929,1
063,Lexington,PELION 1,45063000022,Lexington - PELION 1,LEXINGTON - PELION 1,49835063.360352,Lexington,063,Pelion 1,LEXINGTON - PELION 1,LEXINGTON - PELION 1,49823261.001866,0.999763,1
063,Lexington,RED BANK SOUTH 2,45063000092,Lexington - RED BANK SOUTH 2,LEXINGTON - RED BANK SOUTH 2,10215519.826385,Lexington,063,Red Bank South #2,LEXINGTON - RED BANK SOUTH 2,LEXINGTON - RED BANK SOUTH 2,10207564.140702,0.999221,1
063,Lexington,RED BANK SOUTH 2,45063000092,Lexington - RED BANK SOUTH 2,LEXINGTON - RED BANK SOUTH 2,10215519.826385,Lexington,063,Edmund 1,LEXINGTON - EDMUND 1,LEXINGTON - EDMUND 1,7954.203484,0.000779,2
063,Lexington,Platt Springs 2,45063000095,Lexington - Platt Springs 2,LEXINGTON - PLATT SPRINGS 2,5873741.133622,Lexington,063,Platt Springs 2,LEXINGTON - PLATT SPRINGS 2,LEXINGTON - PLATT SPRINGS 2,5873740.944828,1.000000,1
063,Lexington,Platt Springs 1,45063000094,Lexington - Platt Springs 1,LEXINGTON - PLATT SPRINGS 1,9021648.402702,Lexington,063,Platt Springs 1,LEXINGTON - PLATT SPRINGS 1,LEXINGTON - PLATT SPRINGS 1,9018535.756100,0.999655,1
063,Lexington,PARK ROAD 1,45063000073,Lexington - PARK ROAD 1,LEXINGTON - PARK ROAD 1,4691122.597318,Lexington,063,Park Road #1,LEXINGTON - PARK ROAD 1,LEXINGTON - PARK ROAD 1,4680705.952929,0.997779,1
063,Lexington,PARK ROAD 1,45063000073,Lexington - PARK ROAD 1,LEXINGTON - PARK ROAD 1,4691122.597318,Lexington,063,Barr Road 1,LEXINGTON - BARR ROAD 1,LEXINGTON - BARR ROAD 1,8347.171078,0.001779,2
063,Lexington,MOUNT HOREB,45063000004,Lexington - MOUNT HOREB,LEXINGTON - MOUNT HOREB,6839907.512433,Lexington,063,Mount Horeb,LEXINGTON - MOUNT HOREB,LEXINGTON - MOUNT HOREB,6839448.344924,0.999933,1
063,Lexington,BARR ROAD 1,45063000056,Lexington - BARR ROAD 1,LEXINGTON - BARR ROAD 1,8559912.769208,Lexington,063,Barr Road 1,LEXINGTON - BARR ROAD 1,LEXINGTON - BARR ROAD 1,8548667.991567,0.998686,1
063,Lexington,BARR ROAD 1,45063000056,Lexington - BARR ROAD 1,LEXINGTON - BARR ROAD 1,8559912.769208,Lexington,063,Park Road #1,LEXINGTON - PARK ROAD 1,LEXINGTON - PARK ROAD 1,11228.043805,0.001312,2
063,Lexington,PARK ROAD 2,45063000090,Lexington - PARK ROAD 2,LEXINGTON - PARK ROAD 2,4003643.415213,Lexington,063,Park Road #2,LEXINGTON - PARK ROAD 2,LEXINGTON - PARK ROAD 2,4000138.947192,0.999125,1
063,Lexington,PARK ROAD 2,45063000090,Lexington - PARK ROAD 2,LEXINGTON - PARK ROAD 2,4003643.415213,Lexington,063,Mount Horeb,LEXINGTON - MOUNT HOREB,LEXINGTON - MOUNT HOREB,3268.479901,0.000816,2
063,Lexington,MIDWAY,45063000072,Lexington - MIDWAY,LEXINGTON - MIDWAY,13056069.433626,Lexington,063,Midway,LEXINGTON - MIDWAY,LEXINGTON - MIDWAY,13056040.328846,0.999998,1
063,Lexington,LINCREEK,45063000086,Lexington - LINCREEK,LEXINGTON - LINCREEK,5076727.172391,Lexington,063,Lincreek,LEXINGTON - LINCREEK,LEXINGTON - LINCREEK,5075690.801332,0.999796,1
063,Lexington,Carolina Springs,45063000093,Lexington - Carolina Springs,LEXINGTON - CAROLINA SPRINGS,6013138.100407,Lexington,063,Carolina Springs,LEXINGTON - CAROLINA SPRINGS,LEXINGTON - CAROLINA SPRINGS,6012347.744835,0.999869,1
035,Dorchester,St. George No. 2,45035000026,Dorchester - St. George No. 2,DORCHESTER - ST. GEORGE NO. 2,4524609.738860,Dorchester,035,St. George No. 2,DORCHESTER - ST. GEORGE NO. 2,DORCHESTER - ST. GEORGE NO. 2,4436528.487859,0.980533,1
035,Dorchester,St. George No. 2,45035000026,Dorchester - St. George No. 2,DORCHESTER - ST. GEORGE NO. 2,4524609.738860,Dorchester,035,Indian Field 2,DORCHESTER - INDIAN FIELD 2,DORCHESTER - INDIAN FIELD 2,88081.250999,0.019467,2
035,Dorchester,Ashborough East 2,45035000082,Dorchester - Ashborough East 2,DORCHESTER - ASHBOROUGH EAST 2,1207286.228382,Dorchester,035,Ashborough East 2,DORCHESTER - ASHBOROUGH EAST 2,DORCHESTER - ASHBOROUGH EAST 2,1204867.786785,0.997997,1
035,Dorchester,Ashborough East 2,45035000082,Dorchester - Ashborough East 2,DORCHESTER - ASHBOROUGH EAST 2,1207286.228382,Dorchester,035,Brandymill,DORCHESTER - BRANDYMILL,DORCHESTER - BRANDYMILL,2418.441597,0.002003,2
035,Dorchester,Four Hole,45035000031,Dorchester - Four Hole,DORCHESTER - FOUR HOLE,110033268.057871,Dorchester,035,Four Hole,DORCHESTER - FOUR HOLE,DORCHESTER - FOUR HOLE,109986496.964494,0.999575,1
035,Dorchester,Rosinville,45035000025,Dorchester - Rosinville,DORCHESTER - ROSINVILLE,123810603.504127,Dorchester,035,Rosinville,DORCHESTER - ROSINVILLE,DORCHESTER - ROSINVILLE,123806473.506186,0.999967,1
035,Dorchester,Harleyville,45035000030,Dorchester - Harleyville,DORCHESTER - HARLEYVILLE,50119851.652306,Dorchester,035,Harleyville,DORCHESTER - HARLEYVILLE,DORCHESTER - HARLEYVILLE,50094787.225726,0.999500,1
035,Dorchester,Rosses,45035000033,Dorchester - Rosses,DORCHESTER - ROSSES,131967817.858507,Dorchester,035,Rosses,DORCHESTER - ROSSES,DORCHESTER - ROSSES,131967817.858458,1.000000,1
035,Dorchester,Reevesville,45035000029,Dorchester - Reevesville,DORCHESTER - REEVESVILLE,125720509.633570,Dorchester,035,Reevesville,DORCHESTER - REEVESVILLE,DORCHESTER - REEVESVILLE,125720509.633561,1.000000,1
035,Dorchester,Grover,45035000028,Dorchester - Grover,DORCHESTER - GROVER,94103260.566334,Dorchester,035,Grover,DORCHESTER - GROVER,DORCHESTER - GROVER,94103260.566326,1.000000,1
035,Dorchester,Ridgeville,45035000034,Dorchester - Ridgeville,DORCHESTER - RIDGEVILLE,49047148.441492,Dorchester,035,Ridgeville,DORCHESTER - RIDGEVILLE,DORCHESTER - RIDGEVILLE,49045509.685838,0.999967,1
035,Dorchester,Tranquil,45035000040,Dorchester - Tranquil,DORCHESTER - TRANQUIL,911391.836354,Dorchester,035,Tranquil,DORCHESTER - TRANQUIL,DORCHESTER - TRANQUIL,908100.023338,0.996388,1
035,Dorchester,Tranquil,45035000040,Dorchester - Tranquil,DORCHESTER - TRANQUIL,911391.836354,Dorchester,035,Ashborough West,DORCHESTER - ASHBOROUGH WEST,DORCHESTER - ASHBOROUGH WEST,3291.813015,0.003612,2
035,Dorchester,Tupperway,45035000057,Dorchester - Tupperway,DORCHESTER - TUPPERWAY,845769.740152,Dorchester,035,Tupperway,DORCHESTER - TUPPERWAY,DORCHESTER - TUPPERWAY,845769.579583,1.000000,1
035,Dorchester,North Summerville,45035000056,Dorchester - North Summerville,DORCHESTER - NORTH SUMMERVILLE,1244209.175209,Dorchester,035,North Summerville,DORCHESTER - NORTH SUMMERVILLE,DORCHESTER - NORTH SUMMERVILLE,1244208.075703,0.999999,1
035,Dorchester,Carolina,45035000048,Dorchester - Carolina,DORCHESTER - CAROLINA,4109422.373881,Dorchester,035,Carolina,DORCHESTER - CAROLINA,DORCHESTER - CAROLINA,4109373.441520,0.999988,1
035,Dorchester,Stallsville,45035000052,Dorchester - Stallsville,DORCHESTER - STALLSVILLE,1716523.026129,Dorchester,035,Stallsville,DORCHESTER - STALLSVILLE,DORCHESTER - STALLSVILLE,1716523.026128,1.000000,1
035,Dorchester,Lincoln,45035000074,Dorchester - Lincoln,DORCHESTER - LINCOLN,2689975.743640,Dorchester,035,Lincoln,DORCHESTER - LINCOLN,DORCHESTER - LINCOLN,2672963.040759,0.993676,1
035,Dorchester,Lincoln,45035000074,Dorchester - Lincoln,DORCHESTER - LINCOLN,2689975.743640,Dorchester,035,Patriot,DORCHESTER - PATRIOT,DORCHESTER - PATRIOT,16718.295121,0.006215,2
035,Dorchester,Lincoln,45035000074,Dorchester - Lincoln,DORCHESTER - LINCOLN,2689975.743640,Dorchester,035,Ashley River,DORCHESTER - ASHLEY RIVER,DORCHESTER - ASHLEY RIVER,1452.093694,0.000540,3
035,Dorchester,Clemson 2,45035000089,Dorchester - Clemson 2,DORCHESTER - CLEMSON 2,6577927.254945,Dorchester,035,Clemson 2,DORCHESTER - CLEMSON 2,DORCHESTER - CLEMSON 2,6577915.753322,0.999998,1
035,Dorchester,King's Grant 2,45035000098,Dorchester - King's Grant 2,DORCHESTER - KINGS GRANT 2,4494022.991553,Dorchester,035,King's Grant 2,DORCHESTER - KINGS GRANT 2,DORCHESTER - KINGS GRANT 2,4478979.380216,0.996653,1
035,Dorchester,King's Grant 2,45035000098,Dorchester - King's Grant 2,DORCHESTER - KINGS GRANT 2,4494022.991553,Dorchester,035,Saul Dam,DORCHESTER - SAUL DAM,DORCHESTER - SAUL DAM,15043.611336,0.003347,2
035,Dorchester,Coosaw 3,45035000106,Dorchester - Coosaw 3,DORCHESTER - COOSAW 3,2547055.285815,Dorchester,035,Coosaw 3,DORCHESTER - COOSAW 3,DORCHESTER - COOSAW 3,2547053.896393,0.999999,1
035,Dorchester,Dorchester,45035000049,Dorchester - Dorchester,DORCHESTER - DORCHESTER,2403557.902933,Dorchester,035,Dorchester,DORCHESTER - DORCHESTER,DORCHESTER - DORCHESTER,2403557.902931,1.000000,1
035,Dorchester,Saul Dam,45035000037,Dorchester - Saul Dam,DORCHESTER - SAUL DAM,128241866.426183,Dorchester,035,Saul Dam,DORCHESTER - SAUL DAM,DORCHESTER - SAUL DAM,128116289.808374,0.999021,1
035,Dorchester,Irongate 3,45035000097,Dorchester - Irongate 3,DORCHESTER - IRONGATE 3,703364.058299,Dorchester,035,Irongate 3,DORCHESTER - IRONGATE 3,DORCHESTER - IRONGATE 3,701758.853707,0.997718,1
035,Dorchester,Irongate 3,45035000097,Dorchester - Irongate 3,DORCHESTER - IRONGATE 3,703364.058299,Dorchester,035,Irongate,DORCHESTER - IRONGATE,DORCHESTER - IRONGATE,1605.204591,0.002282,2
035,Dorchester,Ashborough East,45035000061,Dorchester - Ashborough East,DORCHESTER - ASHBOROUGH EAST,1811696.414166,Dorchester,035,Ashborough East,DORCHESTER - ASHBOROUGH EAST,DORCHESTER - ASHBOROUGH EAST,1810828.201129,0.999521,1
035,Dorchester,Ridgeville 2,45035000101,Dorchester - Ridgeville 2,DORCHESTER - RIDGEVILLE 2,25017575.112763,Dorchester,035,Ridgeville 2,DORCHESTER - RIDGEVILLE 2,DORCHESTER - RIDGEVILLE 2,25015043.272395,0.999899,1
035,Dorchester,Delemars,45035000036,Dorchester - Delemars,DORCHESTER - DELEMARS,114237963.503019,Dorchester,035,Delemars,DORCHESTER - DELEMARS,DORCHESTER - DELEMARS,114154164.241307,0.999266,1
035,Dorchester,Coastal,45035000038,Dorchester - Coastal,DORCHESTER - COASTAL,855292.547923,Dorchester,035,Coastal,DORCHESTER - COASTAL,DORCHESTER - COASTAL,852126.366929,0.996298,1
035,Dorchester,Coastal,45035000038,Dorchester - Coastal,DORCHESTER - COASTAL,855292.547923,Dorchester,035,Coastal 2,DORCHESTER - COASTAL 2,DORCHESTER - COASTAL 2,3165.895462,0.003702,2
035,Dorchester,Patriot,45035000077,Dorchester - Patriot,DORCHESTER - PATRIOT,4270624.645323,Dorchester,035,Patriot,DORCHESTER - PATRIOT,DORCHESTER - PATRIOT,4268751.136835,0.999561,1
035,Dorchester,Coosaw 2,45035000091,Dorchester - Coosaw 2,DORCHESTER - COOSAW 2,2375457.255600,Dorchester,035,Coosaw 2,DORCHESTER - COOSAW 2,DORCHESTER - COOSAW 2,2372702.482019,0.998840,1
035,Dorchester,Coosaw 2,45035000091,Dorchester - Coosaw 2,DORCHESTER - COOSAW 2,2375457.255600,Dorchester,035,Coosaw,DORCHESTER - COOSAW,DORCHESTER - COOSAW,2754.773582,0.001160,2
035,Dorchester,Spann,45035000055,Dorchester - Spann,DORCHESTER - SPANN,1431982.587698,Dorchester,035,Spann,DORCHESTER - SPANN,DORCHESTER - SPANN,1431981.758720,0.999999,1
035,Dorchester,Givhans,45035000035,Dorchester - Givhans,DORCHESTER - GIVHANS,86300959.084132,Dorchester,035,Givhans,DORCHESTER - GIVHANS,DORCHESTER - GIVHANS,86300959.084126,1.000000,1
035,Dorchester,Givhans 2,45035000094,Dorchester - Givhans 2,DORCHESTER - GIVHANS 2,54062914.993378,Dorchester,035,Givhans 2,DORCHESTER - GIVHANS 2,DORCHESTER - GIVHANS 2,54062914.993372,1.000000,1
035,Dorchester,Germantown,45035000045,Dorchester - Germantown,DORCHESTER - GERMANTOWN,1823487.562888,Dorchester,035,Germantown,DORCHESTER - GERMANTOWN,DORCHESTER - GERMANTOWN,1823487.215717,1.000000,1
035,Dorchester,Newington,45035000047,Dorchester - Newington,DORCHESTER - NEWINGTON,1239501.181271,Dorchester,035,Newington,DORCHESTER - NEWINGTON,DORCHESTER - NEWINGTON,1213207.074143,0.978787,1
035,Dorchester,Newington,45035000047,Dorchester - Newington,DORCHESTER - NEWINGTON,1239501.181271,Dorchester,035,Greenwave,DORCHESTER - GREENWAVE,DORCHESTER - GREENWAVE,15276.605420,0.012325,2
035,Dorchester,Newington,45035000047,Dorchester - Newington,DORCHESTER - NEWINGTON,1239501.181271,Dorchester,035,Newington 2,DORCHESTER - NEWINGTON 2,DORCHESTER - NEWINGTON 2,11017.501708,0.008889,3
035,Dorchester,Cypress 2,45035000107,Dorchester - Cypress 2,DORCHESTER - CYPRESS 2,3209802.238483,Dorchester,035,Cypress 2,DORCHESTER - CYPRESS 2,DORCHESTER - CYPRESS 2,3164363.380252,0.985844,1
035,Dorchester,Cypress 2,45035000107,Dorchester - Cypress 2,DORCHESTER - CYPRESS 2,3209802.238483,Dorchester,035,Knightsville,DORCHESTER - KNIGHTSVILLE,DORCHESTER - KNIGHTSVILLE,45417.585637,0.014150,2
035,Dorchester,Dorchester 2,45035000092,Dorchester - Dorchester 2,DORCHESTER - DORCHESTER 2,1884706.590318,Dorchester,035,Dorchester 2,DORCHESTER - DORCHESTER 2,DORCHESTER - DORCHESTER 2,1884706.590317,1.000000,1
035,Dorchester,Clemson,45035000044,Dorchester - Clemson,DORCHESTER - CLEMSON,3169851.933634,Dorchester,035,Clemson,DORCHESTER - CLEMSON,DORCHESTER - CLEMSON,3169446.179102,0.999872,1
035,Dorchester,Bacons Bridge,45035000066,Dorchester - Bacons Bridge,DORCHESTER - BACONS BRIDGE,14609746.608314,Dorchester,035,Bacons Bridge,DORCHESTER - BACONS BRIDGE,DORCHESTER - BACONS BRIDGE,14609746.608311,1.000000,1
035,Dorchester,Indian Field 2,45035000095,Dorchester - Indian Field 2,DORCHESTER - INDIAN FIELD 2,48281921.696960,Dorchester,035,Indian Field 2,DORCHESTER - INDIAN FIELD 2,DORCHESTER - INDIAN FIELD 2,48281921.696956,1.000000,1
035,Dorchester,St. George No. 1,45035000027,Dorchester - St. George No. 1,DORCHESTER - ST. GEORGE NO. 1,65787061.740058,Dorchester,035,St. George No. 1,DORCHESTER - ST. GEORGE NO. 1,DORCHESTER - ST. GEORGE NO. 1,65787061.740052,1.000000,1
035,Dorchester,Windsor 2,45035000110,Dorchester - Windsor 2,DORCHESTER - WINDSOR 2,486433.714282,Dorchester,035,Windsor 2,DORCHESTER - WINDSOR 2,DORCHESTER - WINDSOR 2,486431.794534,0.999996,1
035,Dorchester,King's Grant,45035000073,Dorchester - King's Grant,DORCHESTER - KINGS GRANT,2645383.911892,Dorchester,035,King's Grant,DORCHESTER - KINGS GRANT,DORCHESTER - KINGS GRANT,2645376.451696,0.999997,1
035,Dorchester,Archdale,45035000050,Dorchester - Archdale,DORCHESTER - ARCHDALE,1192601.652021,Dorchester,035,Archdale,DORCHESTER - ARCHDALE,DORCHESTER - ARCHDALE,1192601.652019,1.000000,1
035,Dorchester,Archdale 2,45035000081,Dorchester - Archdale 2,DORCHESTER - ARCHDALE 2,1907342.830777,Dorchester,035,Archdale 2,DORCHESTER - ARCHDALE 2,DORCHESTER - ARCHDALE 2,1904449.577228,0.998483,1
035,Dorchester,Archdale 2,45035000081,Dorchester - Archdale 2,DORCHESTER - ARCHDALE 2,1907342.830777,Dorchester,035,Ashley River,DORCHESTER - ASHLEY RIVER,DORCHESTER - ASHLEY RIVER,2893.326927,0.001517,2
035,Dorchester,Central,45035000070,Dorchester - Central,DORCHESTER - CENTRAL,1953719.380705,Dorchester,035,Central,DORCHESTER - CENTRAL,DORCHESTER - CENTRAL,1952890.745218,0.999576,1
035,Dorchester,Butternut,45035000069,Dorchester - Butternut,DORCHESTER - BUTTERNUT,6090846.937557,Dorchester,035,Butternut,DORCHESTER - BUTTERNUT,DORCHESTER - BUTTERNUT,6076949.903099,0.997718,1
035,Dorchester,Butternut,45035000069,Dorchester - Butternut,DORCHESTER - BUTTERNUT,6090846.937557,Dorchester,035,Carolina,DORCHESTER - CAROLINA,DORCHESTER - CAROLINA,13431.818422,0.002205,2
035,Dorchester,Beech Hill,45035000041,Dorchester - Beech Hill,DORCHESTER - BEECH HILL,4130008.410920,Dorchester,035,Beech Hill,DORCHESTER - BEECH HILL,DORCHESTER - BEECH HILL,4129998.087967,0.999998,1
035,Dorchester,Brandymill 2,45035000085,Dorchester - Brandymill 2,DORCHESTER - BRANDYMILL 2,1449792.875736,Dorchester,035,Brandymill 2,DORCHESTER - BRANDYMILL 2,DORCHESTER - BRANDYMILL 2,1449792.875736,1.000000,1
035,Dorchester,Central 2,45035000088,Dorchester - Central 2,DORCHESTER - CENTRAL 2,1454180.854944,Dorchester,035,Central 2,DORCHESTER - CENTRAL 2,DORCHESTER - CENTRAL 2,1454180.683940,1.000000,1
035,Dorchester,Clemson 3,45035000090,Dorchester - Clemson 3,DORCHESTER - CLEMSON 3,13679691.533863,Dorchester,035,Clemson 3,DORCHESTER - CLEMSON 3,DORCHESTER - CLEMSON 3,13676297.089066,0.999752,1
035,Dorchester,North Summerville 2,45035000100,Dorchester - North Summerville 2,DORCHESTER - NORTH SUMMERVILLE 2,1889869.345545,Dorchester,035,North Summerville 2,DORCHESTER - NORTH SUMMERVILLE 2,DORCHESTER - NORTH SUMMERVILLE 2,1887245.154143,0.998611,1
035,Dorchester,Coastal 3,45035000080,Dorchester - Coastal 3,DORCHESTER - COASTAL 3,2467397.304217,Dorchester,035,Coastal 3,DORCHESTER - COASTAL 3,DORCHESTER - COASTAL 3,2463350.481026,0.998360,1
035,Dorchester,Coastal 3,45035000080,Dorchester - Coastal 3,DORCHESTER - COASTAL 3,2467397.304217,Dorchester,035,Briarwood,DORCHESTER - BRIARWOOD,DORCHESTER - BRIARWOOD,3701.898785,0.001500,2
035,Dorchester,Briarwood 3,45035000087,Dorchester - Briarwood 3,DORCHESTER - BRIARWOOD 3,682592.956622,Dorchester,035,Briarwood 3,DORCHESTER - BRIARWOOD 3,DORCHESTER - BRIARWOOD 3,682592.956622,1.000000,1
035,Dorchester,Greenwave,45035000046,Dorchester - Greenwave,DORCHESTER - GREENWAVE,3116277.291195,Dorchester,035,Greenwave,DORCHESTER - GREENWAVE,DORCHESTER - GREENWAVE,3116276.341772,1.000000,1
035,Dorchester,Bacons Bridge 2,45035000105,Dorchester - Bacons Bridge 2,DORCHESTER - BACONS BRIDGE 2,3430483.795203,Dorchester,035,Bacons Bridge 2,DORCHESTER - BACONS BRIDGE 2,DORCHESTER - BACONS BRIDGE 2,3430473.350737,0.999997,1
035,Dorchester,Miles/Jamison,45035000075,Dorchester - Miles/Jamison,DORCHESTER - MILESJAMISON,3397912.872324,Dorchester,035,Miles/jamison,DORCHESTER - MILESJAMISON,DORCHESTER - MILESJAMISON,3397912.872324,1.000000,1
035,Dorchester,Cypress,45035000072,Dorchester - Cypress,DORCHESTER - CYPRESS,26250897.197574,Dorchester,035,Cypress,DORCHESTER - CYPRESS,DORCHESTER - CYPRESS,26249475.315905,0.999946,1
035,Dorchester,Coastal 2,45035000079,Dorchester - Coastal 2,DORCHESTER - COASTAL 2,1353821.895909,Dorchester,035,Coastal 2,DORCHESTER - COASTAL 2,DORCHESTER - COASTAL 2,1350336.061515,0.997425,1
035,Dorchester,Coastal 2,45035000079,Dorchester - Coastal 2,DORCHESTER - COASTAL 2,1353821.895909,Dorchester,035,Coastal,DORCHESTER - COASTAL,DORCHESTER - COASTAL,3485.419867,0.002575,2
035,Dorchester,Irongate 2,45035000096,Dorchester - Irongate 2,DORCHESTER - IRONGATE 2,435803.941489,Dorchester,035,Irongate 2,DORCHESTER - IRONGATE 2,DORCHESTER - IRONGATE 2,435803.941489,1.000000,1
035,Dorchester,Briarwood,45035000068,Dorchester - Briarwood,DORCHESTER - BRIARWOOD,992509.763105,Dorchester,035,Briarwood,DORCHESTER - BRIARWOOD,DORCHESTER - BRIARWOOD,992509.763104,1.000000,1
035,Dorchester,Briarwood 2,45035000086,Dorchester - Briarwood 2,DORCHESTER - BRIARWOOD 2,1163612.311783,Dorchester,035,Briarwood 2,DORCHESTER - BRIARWOOD 2,DORCHESTER - BRIARWOOD 2,1163611.897222,1.000000,1
035,Dorchester,Tranquil 3,45035000104,Dorchester - Tranquil 3,DORCHESTER - TRANQUIL 3,1054320.246734,Dorchester,035,Tranquil 3,DORCHESTER - TRANQUIL 3,DORCHESTER - TRANQUIL 3,1028581.159328,0.975587,1
035,Dorchester,Tranquil 3,45035000104,Dorchester - Tranquil 3,DORCHESTER - TRANQUIL 3,1054320.246734,Dorchester,035,Tranquil 2,DORCHESTER - TRANQUIL 2,DORCHESTER - TRANQUIL 2,16025.831660,0.015200,2
035,Dorchester,Tranquil 3,45035000104,Dorchester - Tranquil 3,DORCHESTER - TRANQUIL 3,1054320.246734,Dorchester,035,Tranquil,DORCHESTER - TRANQUIL,DORCHESTER - TRANQUIL,9713.243964,0.009213,3
035,Dorchester,Ashborough West,45035000062,Dorchester - Ashborough West,DORCHESTER - ASHBOROUGH WEST,1771662.522115,Dorchester,035,Ashborough West,DORCHESTER - ASHBOROUGH WEST,DORCHESTER - ASHBOROUGH WEST,1746034.803239,0.985535,1
035,Dorchester,Ashborough West,45035000062,Dorchester - Ashborough West,DORCHESTER - ASHBOROUGH WEST,1771662.522115,Dorchester,035,King's Grant 2,DORCHESTER - KINGS GRANT 2,DORCHESTER - KINGS GRANT 2,16991.077682,0.009590,2
035,Dorchester,Ashborough West,45035000062,Dorchester - Ashborough West,DORCHESTER - ASHBOROUGH WEST,1771662.522115,Dorchester,035,Brandymill 2,DORCHESTER - BRANDYMILL 2,DORCHESTER - BRANDYMILL 2,3829.513016,0.002162,3
035,Dorchester,Ashborough West,45035000062,Dorchester - Ashborough West,DORCHESTER - ASHBOROUGH WEST,1771662.522115,Dorchester,035,Trolley,DORCHESTER - TROLLEY,DORCHESTER - TROLLEY,3369.615856,0.001902,4
035,Dorchester,Ashborough West,45035000062,Dorchester - Ashborough West,DORCHESTER - ASHBOROUGH WEST,1771662.522115,Dorchester,035,Ashborough East 2,DORCHESTER - ASHBOROUGH EAST 2,DORCHESTER - ASHBOROUGH EAST 2,1437.512322,0.000811,5
035,Dorchester,Trolley,45035000039,Dorchester - Trolley,DORCHESTER - TROLLEY,1663370.232230,Dorchester,035,Trolley,DORCHESTER - TROLLEY,DORCHESTER - TROLLEY,1663370.232230,1.000000,1
035,Dorchester,Beech Hill 2,45035000084,Dorchester - Beech Hill 2,DORCHESTER - BEECH HILL 2,20141470.581459,Dorchester,035,Beech Hill 2,DORCHESTER - BEECH HILL 2,DORCHESTER - BEECH HILL 2,20141470.581454,1.000000,1
035,Dorchester,Coosaw,45035000071,Dorchester - Coosaw,DORCHESTER - COOSAW,3998038.134023,Dorchester,035,Coosaw,DORCHESTER - COOSAW,DORCHESTER - COOSAW,3995507.341828,0.999367,1
035,Dorchester,Coosaw,45035000071,Dorchester - Coosaw,DORCHESTER - COOSAW,3998038.134023,Dorchester,035,Windsor,DORCHESTER - WINDSOR,DORCHESTER - WINDSOR,2227.513755,0.000557,2
035,Dorchester,Irongate,45035000058,Dorchester - Irongate,DORCHESTER - IRONGATE,902847.419189,Dorchester,035,Irongate,DORCHESTER - IRONGATE,DORCHESTER - IRONGATE,902844.934658,0.999997,1
035,Dorchester,Windsor,45035000064,Dorchester - Windsor,DORCHESTER - WINDSOR,1293984.997689,Dorchester,035,Windsor,DORCHESTER - WINDSOR,DORCHESTER - WINDSOR,1292502.114012,0.998854,1
035,Dorchester,Windsor,45035000064,Dorchester - Windsor,DORCHESTER - WINDSOR,1293984.997689,Dorchester,035,Coosaw,DORCHESTER - COOSAW,DORCHESTER - COOSAW,1438.559547,0.001112,2
035,Dorchester,Tranquil 2,45035000102,Dorchester - Tranquil 2,DORCHESTER - TRANQUIL 2,1500484.742134,Dorchester,035,Tranquil 2,DORCHESTER - TRANQUIL 2,DORCHESTER - TRANQUIL 2,1498219.767459,0.998491,1
035,Dorchester,Tranquil 2,45035000102,Dorchester - Tranquil 2,DORCHESTER - TRANQUIL 2,1500484.742134,Dorchester,035,Oakbrook,DORCHESTER - OAKBROOK,DORCHESTER - OAKBROOK,1272.791051,0.000848,2
035,Dorchester,Tranquil 2,45035000102,Dorchester - Tranquil 2,DORCHESTER - TRANQUIL 2,1500484.742134,Dorchester,035,Tranquil 3,DORCHESTER - TRANQUIL 3,DORCHESTER - TRANQUIL 3,785.582425,0.000524,3
035,Dorchester,Brandymill,45035000067,Dorchester - Brandymill,DORCHESTER - BRANDYMILL,591158.895224,Dorchester,035,Brandymill,DORCHESTER - BRANDYMILL,DORCHESTER - BRANDYMILL,591158.895224,1.000000,1
035,Dorchester,Ashley River,45035000063,Dorchester - Ashley River,DORCHESTER - ASHLEY RIVER,3581464.438069,Dorchester,035,Ashley River,DORCHESTER - ASHLEY RIVER,DORCHESTER - ASHLEY RIVER,3575174.619396,0.998244,1
035,Dorchester,Ashley River,45035000063,Dorchester - Ashley River,DORCHESTER - ASHLEY RIVER,3581464.438069,Dorchester,035,King's Grant,DORCHESTER - KINGS GRANT,DORCHESTER - KINGS GRANT,6289.559642,0.001756,2
035,Dorchester,Oakbrook,45035000076,Dorchester - Oakbrook,DORCHESTER - OAKBROOK,4775200.178173,Dorchester,035,Oakbrook,DORCHESTER - OAKBROOK,DORCHESTER - OAKBROOK,4764898.507251,0.997843,1
035,Dorchester,Oakbrook,45035000076,Dorchester - Oakbrook,DORCHESTER - OAKBROOK,4775200.178173,Dorchester,035,Oakbrook 2,DORCHESTER - OAKBROOK 2,DORCHESTER - OAKBROOK 2,10296.573151,0.002156,2
035,Dorchester,Flowertown,45035000042,Dorchester - Flowertown,DORCHESTER - FLOWERTOWN,11605429.559877,Dorchester,035,Flowertown,DORCHESTER - FLOWERTOWN,DORCHESTER - FLOWERTOWN,11605429.451793,1.000000,1
035,Dorchester,Ashborough West 2,45035000083,Dorchester - Ashborough West 2,DORCHESTER - ASHBOROUGH WEST 2,1644575.855418,Dorchester,035,Ashborough West 2,DORCHESTER - ASHBOROUGH WEST 2,DORCHESTER - ASHBOROUGH WEST 2,1644575.855417,1.000000,1
035,Dorchester,Oakbrook 2,45035000109,Dorchester - Oakbrook 2,DORCHESTER - OAKBROOK 2,1346460.863018,Dorchester,035,Oakbrook 2,DORCHESTER - OAKBROOK 2,DORCHESTER - OAKBROOK 2,1341408.670848,0.996248,1
035,Dorchester,Oakbrook 2,45035000109,Dorchester - Oakbrook 2,DORCHESTER - OAKBROOK 2,1346460.863018,Dorchester,035,Oakbrook,DORCHESTER - OAKBROOK,DORCHESTER - OAKBROOK,5051.647730,0.003752,2
035,Dorchester,Sawmill Branch,45035000078,Dorchester - Sawmill Branch,DORCHESTER - SAWMILL BRANCH,2939628.622763,Dorchester,035,Sawmill Branch,DORCHESTER - SAWMILL BRANCH,DORCHESTER - SAWMILL BRANCH,2939628.622762,1.000000,1
035,Dorchester,Knightsville,45035000043,Dorchester - Knightsville,DORCHESTER - KNIGHTSVILLE,10532324.157699,Dorchester,035,Knightsville,DORCHESTER - KNIGHTSVILLE,DORCHESTER - KNIGHTSVILLE,10521351.844760,0.998958,1
035,Dorchester,Knightsville,45035000043,Dorchester - Knightsville,DORCHESTER - KNIGHTSVILLE,10532324.157699,Dorchester,035,Flowertown 3,DORCHESTER - FLOWERTOWN 3,DORCHESTER - FLOWERTOWN 3,10972.016270,0.001042,2
035,Dorchester,Greenhurst,45035000060,Dorchester - Greenhurst,DORCHESTER - GREENHURST,1936130.448670,Dorchester,035,Greenhurst,DORCHESTER - GREENHURST,DORCHESTER - GREENHURST,1936130.448669,1.000000,1
035,Dorchester,Newington 2,45035000099,Dorchester - Newington 2,DORCHESTER - NEWINGTON 2,1294227.439566,Dorchester,035,Newington 2,DORCHESTER - NEWINGTON 2,DORCHESTER - NEWINGTON 2,1273866.682810,0.984268,1
035,Dorchester,Newington 2,45035000099,Dorchester - Newington 2,DORCHESTER - NEWINGTON 2,1294227.439566,Dorchester,035,Newington,DORCHESTER - NEWINGTON,DORCHESTER - NEWINGTON,12182.408900,0.009413,2
035,Dorchester,Newington 2,45035000099,Dorchester - Newington 2,DORCHESTER - NEWINGTON 2,1294227.439566,Dorchester,035,Greenwave,DORCHESTER - GREENWAVE,DORCHESTER - GREENWAVE,8178.347856,0.006319,3
035,Dorchester,Flowertown 3,45035000108,Dorchester - Flowertown 3,DORCHESTER - FLOWERTOWN 3,4126395.631270,Dorchester,035,Flowertown 3,DORCHESTER - FLOWERTOWN 3,DORCHESTER - FLOWERTOWN 3,4125032.463214,0.999670,1
035,Dorchester,Tupperway 2,45035000103,Dorchester - Tupperway 2,DORCHESTER - TUPPERWAY 2,1830203.252086,Dorchester,035,Tupperway 2,DORCHESTER - TUPPERWAY 2,DORCHESTER - TUPPERWAY 2,1797089.247904,0.981907,1
035,Dorchester,Tupperway 2,45035000103,Dorchester - Tupperway 2,DORCHESTER - TUPPERWAY 2,1830203.252086,Dorchester,035,Tupperway,DORCHESTER - TUPPERWAY,DORCHESTER - TUPPERWAY,32920.764797,0.017987,2
035,Dorchester,Flowertown 2,45035000093,Dorchester - Flowertown 2,DORCHESTER - FLOWERTOWN 2,3726436.185853,Dorchester,035,Flowertown 2,DORCHESTER - FLOWERTOWN 2,DORCHESTER - FLOWERTOWN 2,3726425.832016,0.999997,1
035,Dorchester,Indian Field,45035000054,Dorchester - Indian Field,DORCHESTER - INDIAN FIELD,39542005.948009,Dorchester,035,Indian Field,DORCHESTER - INDIAN FIELD,DORCHESTER - INDIAN FIELD,39542005.948005,1.000000,1
051,Horry,MYRTLE TRACE,45051000170,Horry - MYRTLE TRACE,HORRY - MYRTLE TRACE,2650118.529392,Horry,051,Myrtle Trace,HORRY - MYRTLE TRACE,HORRY - MYRTLE TRACE,2650118.529390,1.000000,1
051,Horry,RED HILL #2,45051000193,Horry - RED HILL #2,HORRY - RED HILL 2,3498289.086479,Horry,051,Red Hill #2,HORRY - RED HILL 2,HORRY - RED HILL 2,3498289.086478,1.000000,1
051,Horry,PALMETTO BAYS,45051000184,Horry - PALMETTO BAYS,HORRY - PALMETTO BAYS,25949529.860341,Horry,051,Palmetto Bays,HORRY - PALMETTO BAYS,HORRY - PALMETTO BAYS,25949529.860335,1.000000,1
051,Horry,JACKSON BLUFF,45051000150,Horry - JACKSON BLUFF,HORRY - JACKSON BLUFF,21949228.551643,Horry,051,Jackson Bluff,HORRY - JACKSON BLUFF,HORRY - JACKSON BLUFF,21949228.551640,1.000000,1
051,Horry,FORESTBROOK,45051000135,Horry - FORESTBROOK,HORRY - FORESTBROOK,5729534.211821,Horry,051,Forestbrook,HORRY - FORESTBROOK,HORRY - FORESTBROOK,5729534.211819,1.000000,1
051,Horry,EMERALD FOREST #2,45051000131,Horry - EMERALD FOREST #2,HORRY - EMERALD FOREST 2,11366094.662324,Horry,051,Emerald Forest #2,HORRY - EMERALD FOREST 2,HORRY - EMERALD FOREST 2,11366094.662322,1.000000,1
051,Horry,SOCASTEE #2,45051000200,Horry - SOCASTEE #2,HORRY - SOCASTEE 2,18020892.473138,Horry,051,Socastee #2,HORRY - SOCASTEE 2,HORRY - SOCASTEE 2,18020892.473134,1.000000,1
051,Horry,CAROLINA FOREST #1,45051000110,Horry - CAROLINA FOREST #1,HORRY - CAROLINA FOREST 1,10139402.728576,Horry,051,Carolina Forest #1,HORRY - CAROLINA FOREST 1,HORRY - CAROLINA FOREST 1,10139402.728574,1.000000,1
051,Horry,WINDY HILL #2,45051000218,Horry - WINDY HILL #2,HORRY - WINDY HILL 2,13322049.151285,Horry,051,Windy Hill #2,HORRY - WINDY HILL 2,HORRY - WINDY HILL 2,13322049.151282,1.000000,1
051,Horry,SOCASTEE #3,45051000201,Horry - SOCASTEE #3,HORRY - SOCASTEE 3,14304646.827807,Horry,051,Socastee #3,HORRY - SOCASTEE 3,HORRY - SOCASTEE 3,14304646.827802,1.000000,1
051,Horry,EMERALD FOREST #3,45051000132,Horry - EMERALD FOREST #3,HORRY - EMERALD FOREST 3,6166945.856813,Horry,051,Emerald Forest #3,HORRY - EMERALD FOREST 3,HORRY - EMERALD FOREST 3,6166945.856811,1.000000,1
051,Horry,NIXONS XROADS #2,45051000175,Horry - NIXONS XROADS #2,HORRY - NIXONS XROADS 2,12186512.500733,Horry,051,Nixons X Roads #2,HORRY - NIXONS X ROADS 2,HORRY - NIXONS X ROADS 2,12186512.500732,1.000000,1
051,Horry,CAROLINA BAYS,45051000224,Horry - CAROLINA BAYS,HORRY - CAROLINA BAYS,6767618.528225,Horry,051,Carolina Bays,HORRY - CAROLINA BAYS,HORRY - CAROLINA BAYS,6767618.528223,1.000000,1
051,Horry,EMERALD FOREST #1,45051000130,Horry - EMERALD FOREST #1,HORRY - EMERALD FOREST 1,5540737.936741,Horry,051,Emerald Forest #1,HORRY - EMERALD FOREST 1,HORRY - EMERALD FOREST 1,5540737.936739,1.000000,1
051,Horry,MT. OLIVE,45051000168,Horry - MT. OLIVE,HORRY - MT. OLIVE,217524110.229064,Horry,051,Mt Olive,HORRY - MT OLIVE,HORRY - MT OLIVE,217524110.229052,1.000000,1
051,Horry,GREEN SEA,45051000143,Horry - GREEN SEA,HORRY - GREEN SEA,100948584.188847,Horry,051,Green Sea,HORRY - GREEN SEA,HORRY - GREEN SEA,100948584.188840,1.000000,1
051,Horry,PLEASANT VIEW,45051000186,Horry - PLEASANT VIEW,HORRY - PLEASANT VIEW,135611907.835850,Horry,051,Pleasant View,HORRY - PLEASANT VIEW,HORRY - PLEASANT VIEW,135611907.835840,1.000000,1
051,Horry,DUNES #3,45051000126,Horry - DUNES #3,HORRY - DUNES 3,5636410.557552,Horry,051,Dunes #3,HORRY - DUNES 3,HORRY - DUNES 3,5636410.557549,1.000000,1
051,Horry,DUNES #2,45051000125,Horry - DUNES #2,HORRY - DUNES 2,37934921.954397,Horry,051,Dunes #2,HORRY - DUNES 2,HORRY - DUNES 2,37934921.954388,1.000000,1
051,Horry,CRESENT,45051000119,Horry - CRESENT,HORRY - CRESENT,15856462.489674,Horry,051,Crescent,HORRY - CRESCENT,HORRY - CRESCENT,15856462.489672,1.000000,1
051,Horry,LITTLE RIVER #3,45051000162,Horry - LITTLE RIVER #3,HORRY - LITTLE RIVER 3,4766172.784333,Horry,051,Little River #3,HORRY - LITTLE RIVER 3,HORRY - LITTLE RIVER 3,4766172.784332,1.000000,1
051,Horry,CHERRY GROVE #2,45051000114,Horry - CHERRY GROVE #2,HORRY - CHERRY GROVE 2,13773750.675821,Horry,051,Cherry Grove #2,HORRY - CHERRY GROVE 2,HORRY - CHERRY GROVE 2,13773750.675818,1.000000,1
051,Horry,OCEAN DRIVE #2,45051000180,Horry - OCEAN DRIVE #2,HORRY - OCEAN DRIVE 2,7142666.059354,Horry,051,Ocean Drive #2,HORRY - OCEAN DRIVE 2,HORRY - OCEAN DRIVE 2,7142666.059350,1.000000,1
051,Horry,CHERRY GROVE #1,45051000113,Horry - CHERRY GROVE #1,HORRY - CHERRY GROVE 1,76730294.595777,Horry,051,Cherry Grove #1,HORRY - CHERRY GROVE 1,HORRY - CHERRY GROVE 1,76730294.595772,1.000000,1
051,Horry,OCEAN DRIVE #1,45051000179,Horry - OCEAN DRIVE #1,HORRY - OCEAN DRIVE 1,18051301.781159,Horry,051,Ocean Drive #1,HORRY - OCEAN DRIVE 1,HORRY - OCEAN DRIVE 1,18051301.781156,1.000000,1
051,Horry,WINDY HILL #1,45051000217,Horry - WINDY HILL #1,HORRY - WINDY HILL 1,17277417.582353,Horry,051,Windy Hill #1,HORRY - WINDY HILL 1,HORRY - WINDY HILL 1,17277417.582351,1.000000,1
051,Horry,ATLANTIC BEACH,45051000103,Horry - ATLANTIC BEACH,HORRY - ATLANTIC BEACH,2881586.302948,Horry,051,Atlantic Beach,HORRY - ATLANTIC BEACH,HORRY - ATLANTIC BEACH,2881586.302944,1.000000,1
051,Horry,NIXONS XROADS #1,45051000174,Horry - NIXONS XROADS #1,HORRY - NIXONS XROADS 1,5237127.982246,Horry,051,Nixons X Roads #1,HORRY - NIXONS X ROADS 1,HORRY - NIXONS X ROADS 1,5237127.982244,1.000000,1
051,Horry,LITTLE RIVER #1,45051000160,Horry - LITTLE RIVER #1,HORRY - LITTLE RIVER 1,11296316.550955,Horry,051,Little River #1,HORRY - LITTLE RIVER 1,HORRY - LITTLE RIVER 1,11296316.550953,1.000000,1
051,Horry,BROOKSVILLE #1,45051000106,Horry - BROOKSVILLE #1,HORRY - BROOKSVILLE 1,17777728.910421,Horry,051,Brooksville #1,HORRY - BROOKSVILLE 1,HORRY - BROOKSVILLE 1,17777728.910418,1.000000,1
051,Horry,NIXONS XROADS #3,45051000225,Horry - NIXONS XROADS #3,HORRY - NIXONS XROADS 3,11243122.500921,Horry,051,Nixons X Roads #3,HORRY - NIXONS X ROADS 3,HORRY - NIXONS X ROADS 3,11243122.500916,1.000000,1
051,Horry,BROOKSVILLE #2,45051000223,Horry - BROOKSVILLE #2,HORRY - BROOKSVILLE 2,19119309.062886,Horry,051,Brooksville #2,HORRY - BROOKSVILLE 2,HORRY - BROOKSVILLE 2,19119309.062884,1.000000,1
051,Horry,LITTLE RIVER #2,45051000161,Horry - LITTLE RIVER #2,HORRY - LITTLE RIVER 2,5027311.728139,Horry,051,Little River #2,HORRY - LITTLE RIVER 2,HORRY - LITTLE RIVER 2,5027311.728138,1.000000,1
051,Horry,SWEET HOME,45051000208,Horry - SWEET HOME,HORRY - SWEET HOME,58221773.881908,Horry,051,Sweet Home,HORRY - SWEET HOME,HORRY - SWEET HOME,58221773.881902,1.000000,1
051,Horry,MT. VERNON,45051000169,Horry - MT. VERNON,HORRY - MT. VERNON,31640504.547267,Horry,051,Mt Vernon,HORRY - MT VERNON,HORRY - MT VERNON,31640504.547259,1.000000,1
051,Horry,LEON,45051000159,Horry - LEON,HORRY - LEON,48837492.194846,Horry,051,Leon,HORRY - LEON,HORRY - LEON,48837492.194836,1.000000,1
051,Horry,EBENEZER,45051000129,Horry - EBENEZER,HORRY - EBENEZER,69199033.387613,Horry,051,Ebenezer,HORRY - EBENEZER,HORRY - EBENEZER,69199033.387605,1.000000,1
051,Horry,JERIGANS CROSSROADS,45051000152,Horry - JERIGANS CROSSROADS,HORRY - JERIGANS CROSSROADS,48400601.647024,Horry,051,Jernigans X Roads,HORRY - JERNIGANS X ROADS,HORRY - JERNIGANS X ROADS,48400601.647018,1.000000,1
051,Horry,EAST LORIS,45051000128,Horry - EAST LORIS,HORRY - EAST LORIS,64368424.525528,Horry,051,East Loris,HORRY - EAST LORIS,HORRY - EAST LORIS,64368424.525522,1.000000,1
051,Horry,LIVE OAK,45051000163,Horry - LIVE OAK,HORRY - LIVE OAK,38955122.436097,Horry,051,Live Oak,HORRY - LIVE OAK,HORRY - LIVE OAK,38955122.436093,1.000000,1
051,Horry,SURFSIDE #4,45051000207,Horry - SURFSIDE #4,HORRY - SURFSIDE 4,36405046.666011,Horry,051,Surfside #4,HORRY - SURFSIDE 4,HORRY - SURFSIDE 4,36405046.666008,1.000000,1
051,Horry,DEERFIELD,45051000121,Horry - DEERFIELD,HORRY - DEERFIELD,5656741.996605,Horry,051,Deerfield,HORRY - DEERFIELD,HORRY - DEERFIELD,5656741.996604,1.000000,1
051,Horry,SEA OATS #1,45051000195,Horry - SEA OATS #1,HORRY - SEA OATS 1,10622781.468576,Horry,051,Sea Oats #1,HORRY - SEA OATS 1,HORRY - SEA OATS 1,10622781.468576,1.000000,1
051,Horry,MARLOWE #2,45051000220,Horry - MARLOWE #2,HORRY - MARLOWE 2,14856089.923479,Horry,051,Marlowe #2,HORRY - MARLOWE 2,HORRY - MARLOWE 2,14856089.923475,1.000000,1
051,Horry,BURGESS #2,45051000109,Horry - BURGESS #2,HORRY - BURGESS 2,6859538.238626,Horry,051,Burgess#2,HORRY - BURGESS2,HORRY - BURGESS2,6859538.238622,1.000000,1
051,Horry,MYRTLEWOOD #1,45051000171,Horry - MYRTLEWOOD #1,HORRY - MYRTLEWOOD 1,14171083.143643,Horry,051,Myrtlewood #1,HORRY - MYRTLEWOOD 1,HORRY - MYRTLEWOOD 1,14171083.143638,1.000000,1
051,Horry,SEA WINDS,45051000197,Horry - SEA WINDS,HORRY - SEA WINDS,13046638.068453,Horry,051,Sea Winds,HORRY - SEA WINDS,HORRY - SEA WINDS,13046638.068450,1.000000,1
051,Horry,MARLOWE #3,45051000222,Horry - MARLOWE #3,HORRY - MARLOWE 3,20712864.690133,Horry,051,Marlowe #3,HORRY - MARLOWE 3,HORRY - MARLOWE 3,20712864.690129,1.000000,1
051,Horry,MYRTLEWOOD #3,45051000173,Horry - MYRTLEWOOD #3,HORRY - MYRTLEWOOD 3,3871529.564678,Horry,051,Myrtlewood #3,HORRY - MYRTLEWOOD 3,HORRY - MYRTLEWOOD 3,3871529.564677,1.000000,1
051,Horry,GARDEN CITY #3,45051000140,Horry - GARDEN CITY #3,HORRY - GARDEN CITY 3,4185392.671209,Horry,051,Garden City #3,HORRY - GARDEN CITY 3,HORRY - GARDEN CITY 3,4185392.671206,1.000000,1
051,Horry,ENTERPRISE #1,45051000133,Horry - ENTERPRISE #1,HORRY - ENTERPRISE 1,5719522.983593,Horry,051,Enterprise #1,HORRY - ENTERPRISE 1,HORRY - ENTERPRISE 1,5719522.983591,1.000000,1
051,Horry,JET PORT #2,45051000154,Horry - JET PORT #2,HORRY - JET PORT 2,13477762.590682,Horry,051,Jet Port #2,HORRY - JET PORT 2,HORRY - JET PORT 2,13477762.590677,1.000000,1
051,Horry,OCEAN FOREST #1,45051000181,Horry - OCEAN FOREST #1,HORRY - OCEAN FOREST 1,21787338.530415,Horry,051,Ocean Forest #1,HORRY - OCEAN FOREST 1,HORRY - OCEAN FOREST 1,21787338.530411,1.000000,1
051,Horry,SURFSIDE #2,45051000205,Horry - SURFSIDE #2,HORRY - SURFSIDE 2,9559724.168868,Horry,051,Surfside #2,HORRY - SURFSIDE 2,HORRY - SURFSIDE 2,9559724.168863,1.000000,1
051,Horry,SURFSIDE #1,45051000204,Horry - SURFSIDE #1,HORRY - SURFSIDE 1,10882555.957626,Horry,051,Surfside #1,HORRY - SURFSIDE 1,HORRY - SURFSIDE 1,10882555.957620,1.000000,1
051,Horry,BURGESS #4,45051000221,Horry - BURGESS #4,HORRY - BURGESS 4,4045485.430545,Horry,051,Burgess #4,HORRY - BURGESS 4,HORRY - BURGESS 4,4045485.430544,1.000000,1
051,Horry,WACCAMAW,45051000229,Horry - WACCAMAW,HORRY - WACCAMAW,9418626.876364,Horry,051,Waccamaw,HORRY - WACCAMAW,HORRY - WACCAMAW,9418626.876362,1.000000,1
051,Horry,ALLSBROOK,45051000102,Horry - ALLSBROOK,HORRY - ALLSBROOK,34304994.718580,Horry,051,Allsbrook,HORRY - ALLSBROOK,HORRY - ALLSBROOK,34304994.718575,1.000000,1
051,Horry,DAISY,45051000120,Horry - DAISY,HORRY - DAISY,49436983.666739,Horry,051,Daisy,HORRY - DAISY,HORRY - DAISY,49436983.666734,1.000000,1
051,Horry,WEST LORIS,45051000214,Horry - WEST LORIS,HORRY - WEST LORIS,8338808.228466,Horry,051,West Loris,HORRY - WEST LORIS,HORRY - WEST LORIS,8338808.228464,1.000000,1
051,Horry,SURFSIDE #3,45051000206,Horry - SURFSIDE #3,HORRY - SURFSIDE 3,3373309.998256,Horry,051,Surfside #3,HORRY - SURFSIDE 3,HORRY - SURFSIDE 3,3373309.998253,1.000000,1
051,Horry,JET PORT #1,45051000153,Horry - JET PORT #1,HORRY - JET PORT 1,29867440.570486,Horry,051,Jet Port #1,HORRY - JET PORT 1,HORRY - JET PORT 1,29867440.570481,1.000000,1
051,Horry,GARDEN CITY #4,45051000141,Horry - GARDEN CITY #4,HORRY - GARDEN CITY 4,1987561.837689,Horry,051,Garden City #4,HORRY - GARDEN CITY 4,HORRY - GARDEN CITY 4,1987561.837688,1.000000,1
051,Horry,GARDEN CITY #2,45051000139,Horry - GARDEN CITY #2,HORRY - GARDEN CITY 2,2773932.444995,Horry,051,Garden City #2,HORRY - GARDEN CITY 2,HORRY - GARDEN CITY 2,2773932.444995,1.000000,1
051,Horry,GARDEN CITY #1,45051000138,Horry - GARDEN CITY #1,HORRY - GARDEN CITY 1,8090052.946725,Horry,051,Garden City #1,HORRY - GARDEN CITY 1,HORRY - GARDEN CITY 1,8090052.946722,1.000000,1
051,Horry,SEA OATS #2,45051000196,Horry - SEA OATS #2,HORRY - SEA OATS 2,6384835.814465,Horry,051,Sea Oats #2,HORRY - SEA OATS 2,HORRY - SEA OATS 2,6384835.814463,1.000000,1
051,Horry,COASTAL LANE #2,45051000117,Horry - COASTAL LANE #2,HORRY - COASTAL LANE 2,7383572.431180,Horry,051,Coastal Lane #2,HORRY - COASTAL LANE 2,HORRY - COASTAL LANE 2,7383572.431178,1.000000,1
051,Horry,BURGESS #1,45051000108,Horry - BURGESS #1,HORRY - BURGESS 1,4173896.193866,Horry,051,Burgess #1,HORRY - BURGESS 1,HORRY - BURGESS 1,4173896.193864,1.000000,1
051,Horry,SOCASTEE #1,45051000199,Horry - SOCASTEE #1,HORRY - SOCASTEE 1,2838858.370692,Horry,051,Socastee #1,HORRY - SOCASTEE 1,HORRY - SOCASTEE 1,2838858.370691,1.000000,1
051,Horry,MYRTLEWOOD #2,45051000172,Horry - MYRTLEWOOD #2,HORRY - MYRTLEWOOD 2,8753218.590506,Horry,051,Myrtlewood #2,HORRY - MYRTLEWOOD 2,HORRY - MYRTLEWOOD 2,8753218.590502,1.000000,1
051,Horry,COASTAL LANE #1,45051000116,Horry - COASTAL LANE #1,HORRY - COASTAL LANE 1,9959312.237428,Horry,051,Coastal Lane #1,HORRY - COASTAL LANE 1,HORRY - COASTAL LANE 1,9959312.237427,1.000000,1
051,Horry,LAKE PARK #1,45051000158,Horry - LAKE PARK #1,HORRY - LAKE PARK 1,2140498.589754,Horry,051,Lake Park #1,HORRY - LAKE PARK 1,HORRY - LAKE PARK 1,2140498.589753,1.000000,1
051,Horry,OCEAN FOREST #3,45051000183,Horry - OCEAN FOREST #3,HORRY - OCEAN FOREST 3,1906242.009275,Horry,051,Ocean Forest #3,HORRY - OCEAN FOREST 3,HORRY - OCEAN FOREST 3,1906242.009274,1.000000,1
051,Horry,OCEAN FOREST #2,45051000182,Horry - OCEAN FOREST #2,HORRY - OCEAN FOREST 2,6546138.358876,Horry,051,Ocean Forest #2,HORRY - OCEAN FOREST 2,HORRY - OCEAN FOREST 2,6546138.358874,1.000000,1
051,Horry,GLENNS BAY,45051000142,Horry - GLENNS BAY,HORRY - GLENNS BAY,3117505.188016,Horry,051,Glenns Bay,HORRY - GLENNS BAY,HORRY - GLENNS BAY,3117505.188015,1.000000,1
051,Horry,MARLOWE #1,45051000165,Horry - MARLOWE #1,HORRY - MARLOWE 1,4266034.721296,Horry,051,Marlowe #1,HORRY - MARLOWE 1,HORRY - MARLOWE 1,4266034.721293,1.000000,1
051,Horry,LAKE PARK #3,45051000228,Horry - LAKE PARK #3,HORRY - LAKE PARK 3,5115207.961597,Horry,051,Lake Park #3,HORRY - LAKE PARK 3,HORRY - LAKE PARK 3,5115207.961594,1.000000,1
051,Horry,GALLIVANTS FERRY,45051000137,Horry - GALLIVANTS FERRY,HORRY - GALLIVANTS FERRY,35765909.211173,Horry,051,Galivants Ferry,HORRY - GALIVANTS FERRY,HORRY - GALIVANTS FERRY,35765909.211167,1.000000,1
051,Horry,DOGBLUFF,45051000122,Horry - DOGBLUFF,HORRY - DOGBLUFF,123796600.482874,Horry,051,Dogbluff,HORRY - DOGBLUFF,HORRY - DOGBLUFF,123796600.482863,1.000000,1
051,Horry,METHODIST-MILL SWAMP,45051000166,Horry - METHODIST-MILL SWAMP,HORRY - METHODIST-MILL SWAMP,91824043.134137,Horry,051,Methodist-mill Swamp,HORRY - METHODIST-MILL SWAMP,HORRY - METHODIST-MILL SWAMP,91824043.134130,1.000000,1
051,Horry,AYNOR,45051000104,Horry - AYNOR,HORRY - AYNOR,47995526.223291,Horry,051,Aynor,HORRY - AYNOR,HORRY - AYNOR,47995526.223286,1.000000,1
051,Horry,POPLAR HILL,45051000187,Horry - POPLAR HILL,HORRY - POPLAR HILL,45139859.701692,Horry,051,Poplar Hill,HORRY - POPLAR HILL,HORRY - POPLAR HILL,45139859.701687,1.000000,1
051,Horry,BAYBORO-GURLEY,45051000105,Horry - BAYBORO-GURLEY,HORRY - BAYBORO-GURLEY,91578002.979182,Horry,051,Bayboro-gurley,HORRY - BAYBORO-GURLEY,HORRY - BAYBORO-GURLEY,91578002.979171,1.000000,1
051,Horry,HORRY,45051000148,Horry - HORRY,HORRY - HORRY,52453467.628222,Horry,051,Horry,HORRY - HORRY,HORRY - HORRY,52453467.628222,1.000000,1
051,Horry,COOL SPRINGS,45051000118,Horry - COOL SPRINGS,HORRY - COOL SPRINGS,23548644.197951,Horry,051,Cool Springs,HORRY - COOL SPRINGS,HORRY - COOL SPRINGS,23548644.197945,1.000000,1
051,Horry,JUNIPER BAY,45051000157,Horry - JUNIPER BAY,HORRY - JUNIPER BAY,31456676.569749,Horry,051,Juniper Bay,HORRY - JUNIPER BAY,HORRY - JUNIPER BAY,31456676.569743,1.000000,1
051,Horry,ADRIAN,45051000101,Horry - ADRIAN,HORRY - ADRIAN,52851906.737028,Horry,051,Adrian,HORRY - ADRIAN,HORRY - ADRIAN,52851906.737023,1.000000,1
051,Horry,MAPLE,45051000164,Horry - MAPLE,HORRY - MAPLE,28352092.192032,Horry,051,Maple,HORRY - MAPLE,HORRY - MAPLE,28352092.192029,1.000000,1
051,Horry,HOMEWOOD,45051000147,Horry - HOMEWOOD,HORRY - HOMEWOOD,21786385.417232,Horry,051,Homewood,HORRY - HOMEWOOD,HORRY - HOMEWOOD,21786385.417229,1.000000,1
051,Horry,EAST CONWAY,45051000127,Horry - EAST CONWAY,HORRY - EAST CONWAY,22214897.825998,Horry,051,East Conway,HORRY - EAST CONWAY,HORRY - EAST CONWAY,22214897.825995,1.000000,1
051,Horry,CEDAR GROVE,45051000112,Horry - CEDAR GROVE,HORRY - CEDAR GROVE,110871692.626083,Horry,051,Cedar Grove,HORRY - CEDAR GROVE,HORRY - CEDAR GROVE,110871692.626083,1.000000,1
051,Horry,BROWNWAY,45051000107,Horry - BROWNWAY,HORRY - BROWNWAY,46577093.853816,Horry,051,Brownway,HORRY - BROWNWAY,HORRY - BROWNWAY,46577093.853812,1.000000,1
051,Horry,JAMESTOWN,45051000151,Horry - JAMESTOWN,HORRY - JAMESTOWN,28702027.780083,Horry,051,Jamestown,HORRY - JAMESTOWN,HORRY - JAMESTOWN,28702027.780077,1.000000,1
051,Horry,FOUR MILE,45051000136,Horry - FOUR MILE,HORRY - FOUR MILE,23484954.676668,Horry,051,Four Mile,HORRY - FOUR MILE,HORRY - FOUR MILE,23484954.676663,1.000000,1
051,Horry,PAWLEYS SWAMP,45051000185,Horry - PAWLEYS SWAMP,HORRY - PAWLEYS SWAMP,52044598.908167,Horry,051,Pawleys Swamp,HORRY - PAWLEYS SWAMP,HORRY - PAWLEYS SWAMP,52044598.908159,1.000000,1
051,Horry,RACEPATH #2,45051000190,Horry - RACEPATH #2,HORRY - RACEPATH 2,3228839.778924,Horry,051,Racepath #2,HORRY - RACEPATH 2,HORRY - RACEPATH 2,3228839.778922,1.000000,1
051,Horry,RACEPATH #1,45051000189,Horry - RACEPATH #1,HORRY - RACEPATH 1,8425115.045731,Horry,051,Racepath #1,HORRY - RACEPATH 1,HORRY - RACEPATH 1,8425115.045727,1.000000,1
051,Horry,WEST CONWAY,45051000213,Horry - WEST CONWAY,HORRY - WEST CONWAY,2327357.464964,Horry,051,West Conway,HORRY - WEST CONWAY,HORRY - WEST CONWAY,2327357.464963,1.000000,1
051,Horry,NORTH CONWAY #2,45051000177,Horry - NORTH CONWAY #2,HORRY - NORTH CONWAY 2,3121393.746491,Horry,051,North Conway #2,HORRY - NORTH CONWAY 2,HORRY - NORTH CONWAY 2,3121393.746489,1.000000,1
051,Horry,NORTH CONWAY #1,45051000176,Horry - NORTH CONWAY #1,HORRY - NORTH CONWAY 1,6386896.618833,Horry,051,North Conway #1,HORRY - NORTH CONWAY 1,HORRY - NORTH CONWAY 1,6386896.618832,1.000000,1
051,Horry,TODDVILLE,45051000211,Horry - TODDVILLE,HORRY - TODDVILLE,44060135.749703,Horry,051,Toddville,HORRY - TODDVILLE,HORRY - TODDVILLE,44060135.749697,1.000000,1
051,Horry,RED BLUFF,45051000191,Horry - RED BLUFF,HORRY - RED BLUFF,29179775.573049,Horry,051,Red Bluff,HORRY - RED BLUFF,HORRY - RED BLUFF,29179775.573044,1.000000,1
051,Horry,SHELL,45051000198,Horry - SHELL,HORRY - SHELL,45971160.971547,Horry,051,Shell,HORRY - SHELL,HORRY - SHELL,45971160.971540,1.000000,1
051,Horry,HICKORY GROVE,45051000145,Horry - HICKORY GROVE,HORRY - HICKORY GROVE,43742902.578547,Horry,051,Hickory Grove,HORRY - HICKORY GROVE,HORRY - HICKORY GROVE,43742902.578541,1.000000,1
051,Horry,WHITE OAK,45051000215,Horry - WHITE OAK,HORRY - WHITE OAK,38458463.118423,Horry,051,White Oak,HORRY - WHITE OAK,HORRY - WHITE OAK,38458463.118418,1.000000,1
051,Horry,INLAND,45051000149,Horry - INLAND,HORRY - INLAND,29710261.411482,Horry,051,Inland,HORRY - INLAND,HORRY - INLAND,29710261.411480,1.000000,1
051,Horry,PORT HARRELSON,45051000188,Horry - PORT HARRELSON,HORRY - PORT HARRELSON,53429187.388197,Horry,051,Port Harrelson,HORRY - PORT HARRELSON,HORRY - PORT HARRELSON,53429187.388188,1.000000,1
051,Horry,COASTAL CAROLINA,45051000115,Horry - COASTAL CAROLINA,HORRY - COASTAL CAROLINA,4450333.391027,Horry,051,Coastal Carolina,HORRY - COASTAL CAROLINA,HORRY - COASTAL CAROLINA,4450333.391025,1.000000,1
051,Horry,WILD WING,45051000216,Horry - WILD WING,HORRY - WILD WING,24928453.063499,Horry,051,Wild Wing,HORRY - WILD WING,HORRY - WILD WING,24928453.063495,1.000000,1
051,Horry,SALEM,45051000194,Horry - SALEM,HORRY - SALEM,29646890.815613,Horry,051,Salem,HORRY - SALEM,HORRY - SALEM,29646890.815608,1.000000,1
051,Horry,WAMPEE,45051000212,Horry - WAMPEE,HORRY - WAMPEE,53139308.079030,Horry,051,Wampee,HORRY - WAMPEE,HORRY - WAMPEE,53139308.079023,1.000000,1
051,Horry,DOGWOOD,45051000123,Horry - DOGWOOD,HORRY - DOGWOOD,60652940.387716,Horry,051,Dogwood,HORRY - DOGWOOD,HORRY - DOGWOOD,60652940.387710,1.000000,1
051,Horry,TILLY SWAMP,45051000210,Horry - TILLY SWAMP,HORRY - TILLY SWAMP,72658707.911444,Horry,051,Tilly Swamp,HORRY - TILLY SWAMP,HORRY - TILLY SWAMP,72658707.911436,1.000000,1
051,Horry,DUNES #1,45051000124,Horry - DUNES #1,HORRY - DUNES 1,26898580.598480,Horry,051,Dunes #1,HORRY - DUNES 1,HORRY - DUNES 1,26898580.598477,1.000000,1
051,Horry,RIVER OAKS,45051000226,Horry - RIVER OAKS,HORRY - RIVER OAKS,11319319.789892,Horry,051,River Oaks,HORRY - RIVER OAKS,HORRY - RIVER OAKS,11319319.789890,1.000000,1
051,Horry,CAROLINA FOREST #2,45051000111,Horry - CAROLINA FOREST #2,HORRY - CAROLINA FOREST 2,20486293.576829,Horry,051,Carolina Forest #2,HORRY - CAROLINA FOREST 2,HORRY - CAROLINA FOREST 2,20486293.576827,1.000000,1
051,Horry,RED HILL #1,45051000192,Horry - RED HILL #1,HORRY - RED HILL 1,14118799.887480,Horry,051,Red Hill #1,HORRY - RED HILL 1,HORRY - RED HILL 1,14118799.887478,1.000000,1
047,Greenwood,Levi's Knoll,45047000003,Greenwood - Levi's Knoll,GREENWOOD - LEVIS KNOLL,3914695.366499,Greenwood,047,Livi's Knoll,GREENWOOD - LIVIS KNOLL,GREENWOOD - LIVIS KNOLL,3910035.080549,0.998810,1
047,Greenwood,Levi's Knoll,45047000003,Greenwood - Levi's Knoll,GREENWOOD - LEVIS KNOLL,3914695.366499,Greenwood,047,Greenwood High,GREENWOOD - GREENWOOD HIGH,GREENWOOD - GREENWOOD HIGH,2741.307201,0.000700,2
047,Greenwood,Emerald High,45047000029,Greenwood - Emerald High,GREENWOOD - EMERALD HIGH,2670556.136945,Greenwood,047,Emerald High,GREENWOOD - EMERALD HIGH,GREENWOOD - EMERALD HIGH,2670510.914229,0.999983,1
047,Greenwood,Fairhope Ferry,45047000007,Greenwood - Fairhope Ferry,GREENWOOD - FAIRHOPE FERRY,2353152.912244,Greenwood,047,Fairhope Ferry,GREENWOOD - FAIRHOPE FERRY,GREENWOOD - FAIRHOPE FERRY,2351787.938296,0.999420,1
047,Greenwood,Fairhope Ferry,45047000007,Greenwood - Fairhope Ferry,GREENWOOD - FAIRHOPE FERRY,2353152.912244,Greenwood,047,Biltmore Pines,GREENWOOD - BILTMORE PINES,GREENWOOD - BILTMORE PINES,1234.450730,0.000525,2
047,Greenwood,Bee's Ferry,45047000002,Greenwood - Bee's Ferry,GREENWOOD - BEES FERRY,2118324.670914,Greenwood,047,Bee's Ferry,GREENWOOD - BEES FERRY,GREENWOOD - BEES FERRY,2108908.195223,0.995555,1
047,Greenwood,Bee's Ferry,45047000002,Greenwood - Bee's Ferry,GREENWOOD - BEES FERRY,2118324.670914,Greenwood,047,Fairhope Ferry,GREENWOOD - FAIRHOPE FERRY,GREENWOOD - FAIRHOPE FERRY,9416.475690,0.004445,2
047,Greenwood,Pebble Stone Way,45047000008,Greenwood - Pebble Stone Way,GREENWOOD - PEBBLE STONE WAY,4744346.958202,Greenwood,047,Pebble Stone Way,GREENWOOD - PEBBLE STONE WAY,GREENWOOD - PEBBLE STONE WAY,4742492.083840,0.999609,1
047,Greenwood,Greenwood Mill,45047000033,Greenwood - Greenwood Mill,GREENWOOD - GREENWOOD MILL,2098781.088375,Greenwood,047,Greenwood Mill,GREENWOOD - GREENWOOD MILL,GREENWOOD - GREENWOOD MILL,2098701.519905,0.999962,1
047,Greenwood,Ashley River Run,45047000005,Greenwood - Ashley River Run,GREENWOOD - ASHLEY RIVER RUN,2731193.755536,Greenwood,047,Ashley River Run,GREENWOOD - ASHLEY RIVER RUN,GREENWOOD - ASHLEY RIVER RUN,2731190.962704,0.999999,1
047,Greenwood,Mountain Laurel,45047000045,Greenwood - Mountain Laurel,GREENWOOD - MOUNTAIN LAUREL,2474897.480900,Greenwood,047,Mountain Laurel,GREENWOOD - MOUNTAIN LAUREL,GREENWOOD - MOUNTAIN LAUREL,2474711.170358,0.999925,1
047,Greenwood,Verdery,45047000025,Greenwood - Verdery,GREENWOOD - VERDERY,41850414.552676,Greenwood,047,Verdery,GREENWOOD - VERDERY,GREENWOOD - VERDERY,41748896.395787,0.997574,1
047,Greenwood,Greenwood High,45047000018,Greenwood - Greenwood High,GREENWOOD - GREENWOOD HIGH,4277026.688906,Greenwood,047,Greenwood High,GREENWOOD - GREENWOOD HIGH,GREENWOOD - GREENWOOD HIGH,4268534.273568,0.998014,1
047,Greenwood,Greenwood High,45047000018,Greenwood - Greenwood High,GREENWOOD - GREENWOOD HIGH,4277026.688906,Greenwood,047,Livi's Knoll,GREENWOOD - LIVIS KNOLL,GREENWOOD - LIVIS KNOLL,8018.797440,0.001875,2
047,Greenwood,Laco,45047000011,Greenwood - Laco,GREENWOOD - LACO,59520574.978661,Greenwood,047,Laco,GREENWOOD - LACO,GREENWOOD - LACO,59520449.249263,0.999998,1
047,Greenwood,Graham's Glen,45047000050,Greenwood - Graham's Glen,GREENWOOD - GRAHAMS GLEN,13529859.007134,Greenwood,047,Graham's Glen,GREENWOOD - GRAHAMS GLEN,GREENWOOD - GRAHAMS GLEN,13465975.581823,0.995278,1
047,Greenwood,Graham's Glen,45047000050,Greenwood - Graham's Glen,GREENWOOD - GRAHAMS GLEN,13529859.007134,Greenwood,047,Stonewood,GREENWOOD - STONEWOOD,GREENWOOD - STONEWOOD,54442.807628,0.004024,2
047,Greenwood,Grandiflora Glen,45047000004,Greenwood - Grandiflora Glen,GREENWOOD - GRANDIFLORA GLEN,2974865.827608,Greenwood,047,Grandiflora Glen,GREENWOOD - GRANDIFLORA GLEN,GREENWOOD - GRANDIFLORA GLEN,2974865.827607,1.000000,1
047,Greenwood,Maxwellton Pike,45047000038,Greenwood - Maxwellton Pike,GREENWOOD - MAXWELLTON PIKE,3621720.481236,Greenwood,047,Maxwellton Pike,GREENWOOD - MAXWELLTON PIKE,GREENWOOD - MAXWELLTON PIKE,3613419.200707,0.997708,1
047,Greenwood,Maxwellton Pike,45047000038,Greenwood - Maxwellton Pike,GREENWOOD - MAXWELLTON PIKE,3621720.481236,Greenwood,047,Angel Oaks Crossing,GREENWOOD - ANGEL OAKS CROSSING,GREENWOOD - ANGEL OAKS CROSSING,7266.837469,0.002006,2
047,Greenwood,Biltmore Pines,45047000042,Greenwood - Biltmore Pines,GREENWOOD - BILTMORE PINES,3249245.144386,Greenwood,047,Biltmore Pines,GREENWOOD - BILTMORE PINES,GREENWOOD - BILTMORE PINES,3234220.628348,0.995376,1
047,Greenwood,Biltmore Pines,45047000042,Greenwood - Biltmore Pines,GREENWOOD - BILTMORE PINES,3249245.144386,Greenwood,047,Greenwood High,GREENWOOD - GREENWOOD HIGH,GREENWOOD - GREENWOOD HIGH,5385.636077,0.001658,2
047,Greenwood,Biltmore Pines,45047000042,Greenwood - Biltmore Pines,GREENWOOD - BILTMORE PINES,3249245.144386,Greenwood,047,Harris,GREENWOOD - HARRIS,GREENWOOD - HARRIS,4994.256540,0.001537,3
047,Greenwood,Biltmore Pines,45047000042,Greenwood - Biltmore Pines,GREENWOOD - BILTMORE PINES,3249245.144386,Greenwood,047,Livi's Knoll,GREENWOOD - LIVIS KNOLL,GREENWOOD - LIVIS KNOLL,4638.793616,0.001428,4
047,Greenwood,Civic Center,45047000030,Greenwood - Civic Center,GREENWOOD - CIVIC CENTER,21281280.297360,Greenwood,047,Civic Center,GREENWOOD - CIVIC CENTER,GREENWOOD - CIVIC CENTER,21270193.997900,0.999479,1
047,Greenwood,Civic Center,45047000030,Greenwood - Civic Center,GREENWOOD - CIVIC CENTER,21281280.297360,Greenwood,047,Graham's Glen,GREENWOOD - GRAHAMS GLEN,GREENWOOD - GRAHAMS GLEN,11079.582894,0.000521,2
047,Greenwood,Sparrows Grace,45047000044,Greenwood - Sparrows Grace,GREENWOOD - SPARROWS GRACE,13139478.308865,Greenwood,047,Sparrows Grace,GREENWOOD - SPARROWS GRACE,GREENWOOD - SPARROWS GRACE,13026405.132289,0.991394,1
047,Greenwood,Angel Oak's Crossing,45047000049,Greenwood - Angel Oak's Crossing,GREENWOOD - ANGEL OAKS CROSSING,19499223.340711,Greenwood,047,Angel Oaks Crossing,GREENWOOD - ANGEL OAKS CROSSING,GREENWOOD - ANGEL OAKS CROSSING,19458102.912236,0.997891,1
047,Greenwood,Glendale,45047000009,Greenwood - Glendale,GREENWOOD - GLENDALE,4801612.215606,Greenwood,047,Glendale,GREENWOOD - GLENDALE,GREENWOOD - GLENDALE,4776251.739056,0.994718,1
047,Greenwood,Glendale,45047000009,Greenwood - Glendale,GREENWOOD - GLENDALE,4801612.215606,Greenwood,047,Angel Oaks Crossing,GREENWOOD - ANGEL OAKS CROSSING,GREENWOOD - ANGEL OAKS CROSSING,2632.321477,0.000548,2
047,Greenwood,Coronaca,45047000017,Greenwood - Coronaca,GREENWOOD - CORONACA,43168739.653531,Greenwood,047,Coronaca,GREENWOOD - CORONACA,GREENWOOD - CORONACA,43076973.656318,0.997874,1
047,Greenwood,Coronaca,45047000017,Greenwood - Coronaca,GREENWOOD - CORONACA,43168739.653531,Greenwood,047,Graham's Glen,GREENWOOD - GRAHAMS GLEN,GREENWOOD - GRAHAMS GLEN,86726.746633,0.002009,2
047,Greenwood,Harris,45047000010,Greenwood - Harris,GREENWOOD - HARRIS,6347448.074735,Greenwood,047,Harris,GREENWOOD - HARRIS,GREENWOOD - HARRIS,6340842.869855,0.998959,1
047,Greenwood,Harris,45047000010,Greenwood - Harris,GREENWOOD - HARRIS,6347448.074735,Greenwood,047,Biltmore Pines,GREENWOOD - BILTMORE PINES,GREENWOOD - BILTMORE PINES,6596.541949,0.001039,2
047,Greenwood,Hope's Ferry,45047000006,Greenwood - Hope's Ferry,GREENWOOD - HOPES FERRY,1818909.145821,Greenwood,047,Hope's Ferry,GREENWOOD - HOPES FERRY,GREENWOOD - HOPES FERRY,1818783.163401,0.999931,1
047,Greenwood,Liberty,45047000041,Greenwood - Liberty,GREENWOOD - LIBERTY,15873765.814571,Greenwood,047,Liberty,GREENWOOD - LIBERTY,GREENWOOD - LIBERTY,15871523.012739,0.999859,1
047,Greenwood,Loblolly Pines,45047000001,Greenwood - Loblolly Pines,GREENWOOD - LOBLOLLY PINES,1614177.770527,Greenwood,047,Loblolly Pines,GREENWOOD - LOBLOLLY PINES,GREENWOOD - LOBLOLLY PINES,1614177.770527,1.000000,1
047,Greenwood,Gideon's Way,45047000047,Greenwood - Gideon's Way,GREENWOOD - GIDEONS WAY,11779307.486304,Greenwood,047,Gideon's Way,GREENWOOD - GIDEONS WAY,GREENWOOD - GIDEONS WAY,11770364.101405,0.999241,1
047,Greenwood,Gideon's Way,45047000047,Greenwood - Gideon's Way,GREENWOOD - GIDEONS WAY,11779307.486304,Greenwood,047,Emerald,GREENWOOD - EMERALD,GREENWOOD - EMERALD,8662.222492,0.000735,2
047,Greenwood,Marshall Oaks,45047000043,Greenwood - Marshall Oaks,GREENWOOD - MARSHALL OAKS,3614266.192247,Greenwood,047,Marshall Oaks,GREENWOOD - MARSHALL OAKS,GREENWOOD - MARSHALL OAKS,3612098.788291,0.999400,1
047,Greenwood,Marshall Oaks,45047000043,Greenwood - Marshall Oaks,GREENWOOD - MARSHALL OAKS,3614266.192247,Greenwood,047,Mountain Laurel,GREENWOOD - MOUNTAIN LAUREL,GREENWOOD - MOUNTAIN LAUREL,2166.371907,0.000599,2
047,Greenwood,Emerald,45047000027,Greenwood - Emerald,GREENWOOD - EMERALD,4089066.294607,Greenwood,047,Emerald,GREENWOOD - EMERALD,GREENWOOD - EMERALD,4018984.764286,0.982861,1
047,Greenwood,Emerald,45047000027,Greenwood - Emerald,GREENWOOD - EMERALD,4089066.294607,Greenwood,047,Gideon's Way,GREENWOOD - GIDEONS WAY,GREENWOOD - GIDEONS WAY,69991.626786,0.017117,2
047,Greenwood,Cokesbury,45047000016,Greenwood - Cokesbury,GREENWOOD - COKESBURY,41816634.712646,Greenwood,047,Cokesbury,GREENWOOD - COKESBURY,GREENWOOD - COKESBURY,41816621.227427,1.000000,1
047,Greenwood,Pinecrest,45047000037,Greenwood - Pinecrest,GREENWOOD - PINECREST,2166607.819664,Greenwood,047,Pinecrest,GREENWOOD - PINECREST,GREENWOOD - PINECREST,2165759.795180,0.999609,1
047,Greenwood,Georgetown,45047000019,Greenwood - Georgetown,GREENWOOD - GEORGETOWN,2312053.304231,Greenwood,047,Georgetown,GREENWOOD - GEORGETOWN,GREENWOOD - GEORGETOWN,2312024.376719,0.999987,1
047,Greenwood,Parson's Mill,45047000048,Greenwood - Parson's Mill,GREENWOOD - PARSONS MILL,1797534.585005,Greenwood,047,Parson's Mill,GREENWOOD - PARSONS MILL,GREENWOOD - PARSONS MILL,1797163.873510,0.999794,1
047,Greenwood,New Market,45047000026,Greenwood - New Market,GREENWOOD - NEW MARKET,19302889.106388,Greenwood,047,New Market,GREENWOOD - NEW MARKET,GREENWOOD - NEW MARKET,19302634.327645,0.999987,1
047,Greenwood,Mimosa Crest,45047000035,Greenwood - Mimosa Crest,GREENWOOD - MIMOSA CREST,1417861.955359,Greenwood,047,Mimosa Crest,GREENWOOD - MIMOSA CREST,GREENWOOD - MIMOSA CREST,1417617.992840,0.999828,1
047,Greenwood,New Castle,45047000039,Greenwood - New Castle,GREENWOOD - NEW CASTLE,6892669.757080,Greenwood,047,New Castle,GREENWOOD - NEW CASTLE,GREENWOOD - NEW CASTLE,6892667.910517,1.000000,1
047,Greenwood,Stonewood,45047000034,Greenwood - Stonewood,GREENWOOD - STONEWOOD,21620782.182425,Greenwood,047,Stonewood,GREENWOOD - STONEWOOD,GREENWOOD - STONEWOOD,21592112.674685,0.998674,1
047,Greenwood,Stonewood,45047000034,Greenwood - Stonewood,GREENWOOD - STONEWOOD,21620782.182425,Greenwood,047,Graham's Glen,GREENWOOD - GRAHAMS GLEN,GREENWOOD - GRAHAMS GLEN,27381.686568,0.001266,2
047,Greenwood,Airport,45047000028,Greenwood - Airport,GREENWOOD - AIRPORT,9217522.828727,Greenwood,047,Airport,GREENWOOD - AIRPORT,GREENWOOD - AIRPORT,9217515.207992,0.999999,1
047,Greenwood,Epworth,45047000024,Greenwood - Epworth,GREENWOOD - EPWORTH,85159672.003754,Greenwood,047,Epworth,GREENWOOD - EPWORTH,GREENWOOD - EPWORTH,84633593.101047,0.993822,1
047,Greenwood,Epworth,45047000024,Greenwood - Epworth,GREENWOOD - EPWORTH,85159672.003754,Greenwood,047,Sandridge,GREENWOOD - SANDRIDGE,GREENWOOD - SANDRIDGE,525307.093258,0.006168,2
047,Greenwood,Callison,45047000021,Greenwood - Callison,GREENWOOD - CALLISON,146399453.854877,Greenwood,047,Callison,GREENWOOD - CALLISON,GREENWOOD - CALLISON,146221486.743847,0.998784,1
047,Greenwood,Sandridge,45047000020,Greenwood - Sandridge,GREENWOOD - SANDRIDGE,163087518.212318,Greenwood,047,Sandridge,GREENWOOD - SANDRIDGE,GREENWOOD - SANDRIDGE,162002616.380620,0.993348,1
047,Greenwood,Ninety Six,45047000012,Greenwood - Ninety Six,GREENWOOD - NINETY SIX,31001839.627069,Greenwood,047,Ninety Six,GREENWOOD - NINETY SIX,GREENWOOD - NINETY SIX,31001548.989717,0.999991,1
047,Greenwood,Lower Lake,45047000036,Greenwood - Lower Lake,GREENWOOD - LOWER LAKE,40295184.549475,Greenwood,047,Lower Lake,GREENWOOD - LOWER LAKE,GREENWOOD - LOWER LAKE,40289006.147942,0.999847,1
047,Greenwood,Allie's Crossing,45047000046,Greenwood - Allie's Crossing,GREENWOOD - ALLIES CROSSING,72312573.991442,Greenwood,047,Allie's Crossing,GREENWOOD - ALLIES CROSSING,GREENWOOD - ALLIES CROSSING,72310020.158310,0.999965,1
047,Greenwood,Ninety Six Mill,45047000013,Greenwood - Ninety Six Mill,GREENWOOD - NINETY SIX MILL,1613199.774261,Greenwood,047,Ninety Six Mill,GREENWOOD - NINETY SIX MILL,GREENWOOD - NINETY SIX MILL,1613185.695893,0.999991,1
047,Greenwood,Bradley,45047000022,Greenwood - Bradley,GREENWOOD - BRADLEY,55962774.886415,Greenwood,047,Bradley,GREENWOOD - BRADLEY,GREENWOOD - BRADLEY,55556325.100720,0.992737,1
047,Greenwood,Bradley,45047000022,Greenwood - Bradley,GREENWOOD - BRADLEY,55962774.886415,Greenwood,047,Verdery,GREENWOOD - VERDERY,GREENWOOD - VERDERY,165020.231553,0.002949,2
047,Greenwood,Troy,45047000023,Greenwood - Troy,GREENWOOD - TROY,40784019.959524,Greenwood,047,Troy,GREENWOOD - TROY,GREENWOOD - TROY,40701643.568436,0.997980,1
047,Greenwood,Shoals Junction,45047000032,Greenwood - Shoals Junction,GREENWOOD - SHOALS JUNCTION,26445696.984905,Greenwood,047,Shoals Junction,GREENWOOD - SHOALS JUNCTION,GREENWOOD - SHOALS JUNCTION,26424275.577680,0.999190,1
047,Greenwood,Hodges,45047000015,Greenwood - Hodges,GREENWOOD - HODGES,74705954.077715,Greenwood,047,Hodges,GREENWOOD - HODGES,GREENWOOD - HODGES,74352469.295109,0.995268,1
047,Greenwood,Riley,45047000031,Greenwood - Riley,GREENWOOD - RILEY,23266889.519396,Greenwood,047,Riley,GREENWOOD - RILEY,GREENWOOD - RILEY,23266889.519392,1.000000,1
047,Greenwood,Rutherford Shoals,45047000040,Greenwood - Rutherford Shoals,GREENWOOD - RUTHERFORD SHOALS,26277531.777699,Greenwood,047,Rutherford Shoals,GREENWOOD - RUTHERFORD SHOALS,GREENWOOD - RUTHERFORD SHOALS,26191397.396917,0.996722,1
047,Greenwood,Ware Shoals,45047000014,Greenwood - Ware Shoals,GREENWOOD - WARE SHOALS,8255397.809528,Greenwood,047,Ware Shoals,GREENWOOD - WARE SHOALS,GREENWOOD - WARE SHOALS,8255396.385881,1.000000,1
043,Georgetown,LAMBERT TOWN,45043000107,Georgetown - LAMBERT TOWN,GEORGETOWN - LAMBERT TOWN,195428389.298794,Georgetown,043,Lambert Town,GEORGETOWN - LAMBERT TOWN,GEORGETOWN - LAMBERT TOWN,195428087.456410,0.999998,1
043,Georgetown,ANDREWS,45043000101,Georgetown - ANDREWS,GEORGETOWN - ANDREWS,5212356.210159,Georgetown,043,Andrews,GEORGETOWN - ANDREWS,GEORGETOWN - ANDREWS,5212311.867847,0.999991,1
043,Georgetown,BETHEL,45043000103,Georgetown - BETHEL,GEORGETOWN - BETHEL,107414201.697608,Georgetown,043,Bethel,GEORGETOWN - BETHEL,GEORGETOWN - BETHEL,107401441.181781,0.999881,1
043,Georgetown,PLEASANT HILL,45043000129,Georgetown - PLEASANT HILL,GEORGETOWN - PLEASANT HILL,78110110.715520,Georgetown,043,Pleasant Hill,GEORGETOWN - PLEASANT HILL,GEORGETOWN - PLEASANT HILL,78110033.641874,0.999999,1
043,Georgetown,ANDREWS OUTSIDE,45043000102,Georgetown - ANDREWS OUTSIDE,GEORGETOWN - ANDREWS OUTSIDE,25971065.407695,Georgetown,043,Andrews Outside,GEORGETOWN - ANDREWS OUTSIDE,GEORGETOWN - ANDREWS OUTSIDE,25967000.826319,0.999843,1
043,Georgetown,SPRING GULLY,45043000133,Georgetown - SPRING GULLY,GEORGETOWN - SPRING GULLY,74385726.691462,Georgetown,043,Spring Gulley,GEORGETOWN - SPRING GULLEY,GEORGETOWN - SPRING GULLEY,73857666.599187,0.992901,1
043,Georgetown,SPRING GULLY,45043000133,Georgetown - SPRING GULLY,GEORGETOWN - SPRING GULLY,74385726.691462,Georgetown,043,Dreamkeepers,GEORGETOWN - DREAMKEEPERS,GEORGETOWN - DREAMKEEPERS,490560.871212,0.006595,2
043,Georgetown,SAMPIT,45043000131,Georgetown - SAMPIT,GEORGETOWN - SAMPIT,87523056.867242,Georgetown,043,Sampit,GEORGETOWN - SAMPIT,GEORGETOWN - SAMPIT,87520724.021122,0.999973,1
043,Georgetown,POTATO BED FERRY,45043000130,Georgetown - POTATO BED FERRY,GEORGETOWN - POTATO BED FERRY,68809850.313717,Georgetown,043,Potato Bed Ferry,GEORGETOWN - POTATO BED FERRY,GEORGETOWN - POTATO BED FERRY,68450791.181095,0.994782,1
043,Georgetown,POTATO BED FERRY,45043000130,Georgetown - POTATO BED FERRY,GEORGETOWN - POTATO BED FERRY,68809850.313717,Georgetown,043,Brown's Ferry,GEORGETOWN - BROWNS FERRY,GEORGETOWN - BROWNS FERRY,358860.303102,0.005215,2
043,Georgetown,CHOPPEE,45043000108,Georgetown - CHOPPEE,GEORGETOWN - CHOPPEE,135379254.355111,Georgetown,043,Choppee,GEORGETOWN - CHOPPEE,GEORGETOWN - CHOPPEE,135379145.506165,0.999999,1
043,Georgetown,BROWN'S FERRY,45043000105,Georgetown - BROWN'S FERRY,GEORGETOWN - BROWNS FERRY,142615444.681755,Georgetown,043,Brown's Ferry,GEORGETOWN - BROWNS FERRY,GEORGETOWN - BROWNS FERRY,140894219.549797,0.987931,1
043,Georgetown,BROWN'S FERRY,45043000105,Georgetown - BROWN'S FERRY,GEORGETOWN - BROWNS FERRY,142615444.681755,Georgetown,043,Choppee,GEORGETOWN - CHOPPEE,GEORGETOWN - CHOPPEE,1718752.758188,0.012052,2
043,Georgetown,GEORGETOWN NO. 3,45043000112,Georgetown - GEORGETOWN NO. 3,GEORGETOWN - GEORGETOWN NO. 3,3761883.380554,Georgetown,043,Georgetown No. 3,GEORGETOWN - GEORGETOWN NO. 3,GEORGETOWN - GEORGETOWN NO. 3,3737135.741344,0.993421,1
043,Georgetown,GEORGETOWN NO. 3,45043000112,Georgetown - GEORGETOWN NO. 3,GEORGETOWN - GEORGETOWN NO. 3,3761883.380554,Georgetown,043,Spring Gulley,GEORGETOWN - SPRING GULLEY,GEORGETOWN - SPRING GULLEY,14479.771276,0.003849,2
043,Georgetown,GEORGETOWN NO. 3,45043000112,Georgetown - GEORGETOWN NO. 3,GEORGETOWN - GEORGETOWN NO. 3,3761883.380554,Georgetown,043,Kensington,GEORGETOWN - KENSINGTON,GEORGETOWN - KENSINGTON,10257.088272,0.002727,3
043,Georgetown,DREAM KEEPERS,45043000109,Georgetown - DREAM KEEPERS,GEORGETOWN - DREAM KEEPERS,3114346.546306,Georgetown,043,Dreamkeepers,GEORGETOWN - DREAMKEEPERS,GEORGETOWN - DREAMKEEPERS,3063799.137203,0.983769,1
043,Georgetown,DREAM KEEPERS,45043000109,Georgetown - DREAM KEEPERS,GEORGETOWN - DREAM KEEPERS,3114346.546306,Georgetown,043,Spring Gulley,GEORGETOWN - SPRING GULLEY,GEORGETOWN - SPRING GULLEY,50541.821857,0.016229,2
043,Georgetown,PENNY ROYAL,45043000127,Georgetown - PENNY ROYAL,GEORGETOWN - PENNY ROYAL,49840619.351950,Georgetown,043,Pennyroyal,GEORGETOWN - PENNYROYAL,GEORGETOWN - PENNYROYAL,49827200.788827,0.999731,1
043,Georgetown,BLACK RIVER,45043000104,Georgetown - BLACK RIVER,GEORGETOWN - BLACK RIVER,33726659.218372,Georgetown,043,Black River,GEORGETOWN - BLACK RIVER,GEORGETOWN - BLACK RIVER,33680628.641626,0.998635,1
043,Georgetown,BLACK RIVER,45043000104,Georgetown - BLACK RIVER,GEORGETOWN - BLACK RIVER,33726659.218372,Georgetown,043,Kensington,GEORGETOWN - KENSINGTON,GEORGETOWN - KENSINGTON,46004.183447,0.001364,2
043,Georgetown,GEORGETOWN NO. 4,45043000113,Georgetown - GEORGETOWN NO. 4,GEORGETOWN - GEORGETOWN NO. 4,1350570.843385,Georgetown,043,Georgetown No. 4,GEORGETOWN - GEORGETOWN NO. 4,GEORGETOWN - GEORGETOWN NO. 4,1319750.240311,0.977180,1
043,Georgetown,GEORGETOWN NO. 4,45043000113,Georgetown - GEORGETOWN NO. 4,GEORGETOWN - GEORGETOWN NO. 4,1350570.843385,Georgetown,043,Kensington,GEORGETOWN - KENSINGTON,GEORGETOWN - KENSINGTON,30819.959986,0.022820,2
043,Georgetown,GEORGETOWN NO. 1,45043000111,Georgetown - GEORGETOWN NO. 1,GEORGETOWN - GEORGETOWN NO. 1,3597551.227621,Georgetown,043,Georgetown No. 1,GEORGETOWN - GEORGETOWN NO. 1,GEORGETOWN - GEORGETOWN NO. 1,3580732.648952,0.995325,1
043,Georgetown,GEORGETOWN NO. 1,45043000111,Georgetown - GEORGETOWN NO. 1,GEORGETOWN - GEORGETOWN NO. 1,3597551.227621,Georgetown,043,Spring Gulley,GEORGETOWN - SPRING GULLEY,GEORGETOWN - SPRING GULLEY,14496.485576,0.004030,2
043,Georgetown,GEORGETOWN NO. 1,45043000111,Georgetown - GEORGETOWN NO. 1,GEORGETOWN - GEORGETOWN NO. 1,3597551.227621,Georgetown,043,Dreamkeepers,GEORGETOWN - DREAMKEEPERS,GEORGETOWN - DREAMKEEPERS,2285.613524,0.000635,3
043,Georgetown,GEORGETOWN NO. 5,45043000114,Georgetown - GEORGETOWN NO. 5,GEORGETOWN - GEORGETOWN NO. 5,7394474.688651,Georgetown,043,Georgetown No. 5,GEORGETOWN - GEORGETOWN NO. 5,GEORGETOWN - GEORGETOWN NO. 5,7385942.545885,0.998846,1
043,Georgetown,GEORGETOWN NO. 5,45043000114,Georgetown - GEORGETOWN NO. 5,GEORGETOWN - GEORGETOWN NO. 5,7394474.688651,Georgetown,043,Pennyroyal,GEORGETOWN - PENNYROYAL,GEORGETOWN - PENNYROYAL,8507.499748,0.001151,2
043,Georgetown,WINYAH BAY,45043000134,Georgetown - WINYAH BAY,GEORGETOWN - WINYAH BAY,33311704.348009,Georgetown,043,Winyah Bay,GEORGETOWN - WINYAH BAY,GEORGETOWN - WINYAH BAY,33232709.118198,0.997629,1
043,Georgetown,WINYAH BAY,45043000134,Georgetown - WINYAH BAY,GEORGETOWN - WINYAH BAY,33311704.348009,Georgetown,043,Pennyroyal,GEORGETOWN - PENNYROYAL,GEORGETOWN - PENNYROYAL,58741.050858,0.001763,2
043,Georgetown,WINYAH BAY,45043000134,Georgetown - WINYAH BAY,GEORGETOWN - WINYAH BAY,33311704.348009,Georgetown,043,Georgetown No. 5,GEORGETOWN - GEORGETOWN NO. 5,GEORGETOWN - GEORGETOWN NO. 5,19804.003215,0.000595,3
043,Georgetown,KENSINGTON,45043000116,Georgetown - KENSINGTON,GEORGETOWN - KENSINGTON,19451098.245174,Georgetown,043,Kensington,GEORGETOWN - KENSINGTON,GEORGETOWN - KENSINGTON,19266256.524353,0.990497,1
043,Georgetown,KENSINGTON,45043000116,Georgetown - KENSINGTON,GEORGETOWN - KENSINGTON,19451098.245174,Georgetown,043,Georgetown No. 3,GEORGETOWN - GEORGETOWN NO. 3,GEORGETOWN - GEORGETOWN NO. 3,162931.851587,0.008376,2
043,Georgetown,KENSINGTON,45043000116,Georgetown - KENSINGTON,GEORGETOWN - KENSINGTON,19451098.245174,Georgetown,043,Black River,GEORGETOWN - BLACK RIVER,GEORGETOWN - BLACK RIVER,14076.828923,0.000724,3
043,Georgetown,PLANTERSVILLE,45043000128,Georgetown - PLANTERSVILLE,GEORGETOWN - PLANTERSVILLE,156386677.765024,Georgetown,043,Plantersville,GEORGETOWN - PLANTERSVILLE,GEORGETOWN - PLANTERSVILLE,156386660.939751,1.000000,1
043,Georgetown,MYERSVILLE,45043000121,Georgetown - MYERSVILLE,GEORGETOWN - MYERSVILLE,36790693.557081,Georgetown,043,Myersville,GEORGETOWN - MYERSVILLE,GEORGETOWN - MYERSVILLE,36790679.668637,1.000000,1
043,Georgetown,PAWLEY'S ISLAND NO. 5,45043000126,Georgetown - PAWLEY'S ISLAND NO. 5,GEORGETOWN - PAWLEYS ISLAND NO. 5,17384241.472137,Georgetown,043,Pawleys Island No. 5,GEORGETOWN - PAWLEYS ISLAND NO. 5,GEORGETOWN - PAWLEYS ISLAND NO. 5,17379198.845457,0.999710,1
043,Georgetown,PAWLEY'S ISLAND NO. 3,45043000124,Georgetown - PAWLEY'S ISLAND NO. 3,GEORGETOWN - PAWLEYS ISLAND NO. 3,68187854.321203,Georgetown,043,Pawleys Island No. 3,GEORGETOWN - PAWLEYS ISLAND NO. 3,GEORGETOWN - PAWLEYS ISLAND NO. 3,68178466.399868,0.999862,1
043,Georgetown,PAWLEY'S ISLAND NO. 4,45043000125,Georgetown - PAWLEY'S ISLAND NO. 4,GEORGETOWN - PAWLEYS ISLAND NO. 4,333139569.386377,Georgetown,043,Pawleys Island No. 4,GEORGETOWN - PAWLEYS ISLAND NO. 4,GEORGETOWN - PAWLEYS ISLAND NO. 4,333117353.361913,0.999933,1
043,Georgetown,PAWLEY'S ISLAND NO. 2,45043000123,Georgetown - PAWLEY'S ISLAND NO. 2,GEORGETOWN - PAWLEYS ISLAND NO. 2,11566138.356349,Georgetown,043,Pawleys Island No. 2,GEORGETOWN - PAWLEYS ISLAND NO. 2,GEORGETOWN - PAWLEYS ISLAND NO. 2,11562747.467833,0.999707,1
043,Georgetown,MURRELL'S INLET NO. 3,45043000119,Georgetown - MURRELL'S INLET NO. 3,GEORGETOWN - MURRELLS INLET NO. 3,135917766.887718,Georgetown,043,Murrells Inlet No. 3,GEORGETOWN - MURRELLS INLET NO. 3,GEORGETOWN - MURRELLS INLET NO. 3,135917473.711996,0.999998,1
043,Georgetown,CARVER'S BAY,45043000106,Georgetown - CARVER'S BAY,GEORGETOWN - CARVERS BAY,102804139.878464,Georgetown,043,Carver's Bay,GEORGETOWN - CARVERS BAY,GEORGETOWN - CARVERS BAY,102803516.504450,0.999994,1
043,Georgetown,MURRELL'S INLET NO. 4,45043000120,Georgetown - MURRELL'S INLET NO. 4,GEORGETOWN - MURRELLS INLET NO. 4,55625976.598230,Georgetown,043,Murrells Inlet No. 4,GEORGETOWN - MURRELLS INLET NO. 4,GEORGETOWN - MURRELLS INLET NO. 4,55032149.059928,0.989325,1
043,Georgetown,MURRELL'S INLET NO. 1,45043000117,Georgetown - MURRELL'S INLET NO. 1,GEORGETOWN - MURRELLS INLET NO. 1,7804920.742952,Georgetown,043,Murrells Inlet No. 1,GEORGETOWN - MURRELLS INLET NO. 1,GEORGETOWN - MURRELLS INLET NO. 1,7651898.447711,0.980394,1
043,Georgetown,PAWLEY'S ISLAND NO. 1,45043000122,Georgetown - PAWLEY'S ISLAND NO. 1,GEORGETOWN - PAWLEYS ISLAND NO. 1,15802540.319074,Georgetown,043,Pawleys Island No. 1,GEORGETOWN - PAWLEYS ISLAND NO. 1,GEORGETOWN - PAWLEYS ISLAND NO. 1,15800642.037366,0.999880,1
043,Georgetown,MURRELL'S INLET NO. 2,45043000118,Georgetown - MURRELL'S INLET NO. 2,GEORGETOWN - MURRELLS INLET NO. 2,6605562.354837,Georgetown,043,Murrells Inlet No. 2,GEORGETOWN - MURRELLS INLET NO. 2,GEORGETOWN - MURRELLS INLET NO. 2,6605531.208454,0.999995,1
043,Georgetown,PEE DEE,45043000115,Georgetown - PEE DEE,GEORGETOWN - PEE DEE,72624401.531898,Georgetown,043,Pee Dee,GEORGETOWN - PEE DEE,GEORGETOWN - PEE DEE,72615215.904658,0.999874,1
043,Georgetown,FOLLY GROVE,45043000110,Georgetown - FOLLY GROVE,GEORGETOWN - FOLLY GROVE,82156732.441614,Georgetown,043,Folly Grove,GEORGETOWN - FOLLY GROVE,GEORGETOWN - FOLLY GROVE,82156728.126895,1.000000,1
043,Georgetown,SANTEE,45043000132,Georgetown - SANTEE,GEORGETOWN - SANTEE,501009698.684830,Georgetown,043,Santee,GEORGETOWN - SANTEE,GEORGETOWN - SANTEE,500882631.547575,0.999746,1
039,Fairfield,Monticello,45039000012,Fairfield - Monticello,FAIRFIELD - MONTICELLO,116871147.759565,Fairfield,039,Monticello,FAIRFIELD - MONTICELLO,FAIRFIELD - MONTICELLO,116709387.058857,0.998616,1
039,Fairfield,Monticello,45039000012,Fairfield - Monticello,FAIRFIELD - MONTICELLO,116871147.759565,Fairfield,039,Lebanon,FAIRFIELD - LEBANON,FAIRFIELD - LEBANON,68665.570020,0.000588,2
039,Fairfield,Jekinsville,45039000007,Fairfield - Jekinsville,FAIRFIELD - JEKINSVILLE,118288066.704077,Fairfield,039,Jenkinsville,FAIRFIELD - JENKINSVILLE,FAIRFIELD - JENKINSVILLE,118000721.397936,0.997571,1
039,Fairfield,Jekinsville,45039000007,Fairfield - Jekinsville,FAIRFIELD - JEKINSVILLE,118288066.704077,Fairfield,039,Horeb-glenn,FAIRFIELD - HOREB-GLENN,FAIRFIELD - HOREB-GLENN,189423.678494,0.001601,2
039,Fairfield,Feasterville,45039000004,Fairfield - Feasterville,FAIRFIELD - FEASTERVILLE,147102738.495539,Fairfield,039,Feasterville,FAIRFIELD - FEASTERVILLE,FAIRFIELD - FEASTERVILLE,146777659.909160,0.997790,1
039,Fairfield,Feasterville,45039000004,Fairfield - Feasterville,FAIRFIELD - FEASTERVILLE,147102738.495539,Fairfield,039,Blairs,FAIRFIELD - BLAIRS,FAIRFIELD - BLAIRS,218087.671354,0.001483,2
039,Fairfield,Blairs,45039000002,Fairfield - Blairs,FAIRFIELD - BLAIRS,97007582.257356,Fairfield,039,Blairs,FAIRFIELD - BLAIRS,FAIRFIELD - BLAIRS,96733208.931368,0.997172,1
039,Fairfield,Blairs,45039000002,Fairfield - Blairs,FAIRFIELD - BLAIRS,97007582.257356,Fairfield,039,Monticello,FAIRFIELD - MONTICELLO,FAIRFIELD - MONTICELLO,122281.932737,0.001261,2
039,Fairfield,Blairs,45039000002,Fairfield - Blairs,FAIRFIELD - BLAIRS,97007582.257356,Fairfield,039,Feasterville,FAIRFIELD - FEASTERVILLE,FAIRFIELD - FEASTERVILLE,92786.789293,0.000956,3
039,Fairfield,Blairs,45039000002,Fairfield - Blairs,FAIRFIELD - BLAIRS,97007582.257356,Fairfield,039,New Hope,FAIRFIELD - NEW HOPE,FAIRFIELD - NEW HOPE,54739.049549,0.000564,4
039,Fairfield,Simpson,45039000015,Fairfield - Simpson,FAIRFIELD - SIMPSON,96328637.072381,Fairfield,039,Simpson,FAIRFIELD - SIMPSON,FAIRFIELD - SIMPSON,95841926.449827,0.994947,1
039,Fairfield,Simpson,45039000015,Fairfield - Simpson,FAIRFIELD - SIMPSON,96328637.072381,Fairfield,039,Ridgeway,FAIRFIELD - RIDGEWAY,FAIRFIELD - RIDGEWAY,258710.751874,0.002686,2
039,Fairfield,Simpson,45039000015,Fairfield - Simpson,FAIRFIELD - SIMPSON,96328637.072381,Fairfield,039,Greenbrier,FAIRFIELD - GREENBRIER,FAIRFIELD - GREENBRIER,169123.855642,0.001756,3
039,Fairfield,Dutchmans Creek,45039000022,Fairfield - Dutchmans Creek,FAIRFIELD - DUTCHMANS CREEK,174849756.601469,Fairfield,039,Dutchman Creek,FAIRFIELD - DUTCHMAN CREEK,FAIRFIELD - DUTCHMAN CREEK,174409103.331529,0.997480,1
039,Fairfield,Dutchmans Creek,45039000022,Fairfield - Dutchmans Creek,FAIRFIELD - DUTCHMANS CREEK,174849756.601469,Fairfield,039,Mitford,FAIRFIELD - MITFORD,FAIRFIELD - MITFORD,294073.229062,0.001682,2
039,Fairfield,Dutchmans Creek,45039000022,Fairfield - Dutchmans Creek,FAIRFIELD - DUTCHMANS CREEK,174849756.601469,Fairfield,039,Ridgeway,FAIRFIELD - RIDGEWAY,FAIRFIELD - RIDGEWAY,142342.696831,0.000814,3
039,Fairfield,Winnsboro No. 2,45039000019,Fairfield - Winnsboro No. 2,FAIRFIELD - WINNSBORO NO. 2,68117945.426178,Fairfield,039,Winnsboro No. 2,FAIRFIELD - WINNSBORO NO. 2,FAIRFIELD - WINNSBORO NO. 2,67719364.112627,0.994149,1
039,Fairfield,Winnsboro No. 2,45039000019,Fairfield - Winnsboro No. 2,FAIRFIELD - WINNSBORO NO. 2,68117945.426178,Fairfield,039,White Oak,FAIRFIELD - WHITE OAK,FAIRFIELD - WHITE OAK,143116.861487,0.002101,2
039,Fairfield,Winnsboro No. 2,45039000019,Fairfield - Winnsboro No. 2,FAIRFIELD - WINNSBORO NO. 2,68117945.426178,Fairfield,039,Mitford,FAIRFIELD - MITFORD,FAIRFIELD - MITFORD,93588.537739,0.001374,3
039,Fairfield,Winnsboro No. 2,45039000019,Fairfield - Winnsboro No. 2,FAIRFIELD - WINNSBORO NO. 2,68117945.426178,Fairfield,039,South Winnsboro,FAIRFIELD - SOUTH WINNSBORO,FAIRFIELD - SOUTH WINNSBORO,75722.613266,0.001112,4
039,Fairfield,Winnsboro No. 2,45039000019,Fairfield - Winnsboro No. 2,FAIRFIELD - WINNSBORO NO. 2,68117945.426178,Fairfield,039,Ridgeway,FAIRFIELD - RIDGEWAY,FAIRFIELD - RIDGEWAY,63561.117572,0.000933,5
039,Fairfield,Ridgeway,45039000014,Fairfield - Ridgeway,FAIRFIELD - RIDGEWAY,178451293.185960,Fairfield,039,Ridgeway,FAIRFIELD - RIDGEWAY,FAIRFIELD - RIDGEWAY,178267248.711418,0.998969,1
039,Fairfield,Mitford,45039000011,Fairfield - Mitford,FAIRFIELD - MITFORD,103493160.682301,Fairfield,039,Mitford,FAIRFIELD - MITFORD,FAIRFIELD - MITFORD,103474309.660617,0.999818,1
039,Fairfield,Centerville,45039000003,Fairfield - Centerville,FAIRFIELD - CENTERVILLE,27933494.533328,Fairfield,039,Centerville,FAIRFIELD - CENTERVILLE,FAIRFIELD - CENTERVILLE,27821902.531635,0.996005,1
039,Fairfield,Centerville,45039000003,Fairfield - Centerville,FAIRFIELD - CENTERVILLE,27933494.533328,Fairfield,039,Ridgeway,FAIRFIELD - RIDGEWAY,FAIRFIELD - RIDGEWAY,111182.572746,0.003980,2
039,Fairfield,White Oak,45039000020,Fairfield - White Oak,FAIRFIELD - WHITE OAK,93669957.731641,Fairfield,039,White Oak,FAIRFIELD - WHITE OAK,FAIRFIELD - WHITE OAK,93362236.388061,0.996715,1
039,Fairfield,White Oak,45039000020,Fairfield - White Oak,FAIRFIELD - WHITE OAK,93669957.731641,Fairfield,039,Mitford,FAIRFIELD - MITFORD,FAIRFIELD - MITFORD,119224.028484,0.001273,2
039,Fairfield,White Oak,45039000020,Fairfield - White Oak,FAIRFIELD - WHITE OAK,93669957.731641,Fairfield,039,Woodward,FAIRFIELD - WOODWARD,FAIRFIELD - WOODWARD,87443.840708,0.000934,3
039,Fairfield,White Oak,45039000020,Fairfield - White Oak,FAIRFIELD - WHITE OAK,93669957.731641,Fairfield,039,Gladden Grove,FAIRFIELD - GLADDEN GROVE,FAIRFIELD - GLADDEN GROVE,47418.940751,0.000506,4
039,Fairfield,Winnsboro No. 1,45039000018,Fairfield - Winnsboro No. 1,FAIRFIELD - WINNSBORO NO. 1,4425564.341846,Fairfield,039,Winnsboro No. 1,FAIRFIELD - WINNSBORO NO. 1,FAIRFIELD - WINNSBORO NO. 1,4339971.234828,0.980659,1
039,Fairfield,Winnsboro No. 1,45039000018,Fairfield - Winnsboro No. 1,FAIRFIELD - WINNSBORO NO. 1,4425564.341846,Fairfield,039,Winnsboro No. 2,FAIRFIELD - WINNSBORO NO. 2,FAIRFIELD - WINNSBORO NO. 2,77069.568520,0.017415,2
039,Fairfield,Winnsboro No. 1,45039000018,Fairfield - Winnsboro No. 1,FAIRFIELD - WINNSBORO NO. 1,4425564.341846,Fairfield,039,Lebanon,FAIRFIELD - LEBANON,FAIRFIELD - LEBANON,4475.983811,0.001011,3
039,Fairfield,Winnsboro No. 1,45039000018,Fairfield - Winnsboro No. 1,FAIRFIELD - WINNSBORO NO. 1,4425564.341846,Fairfield,039,Winnsboro Mills,FAIRFIELD - WINNSBORO MILLS,FAIRFIELD - WINNSBORO MILLS,2367.507497,0.000535,4
039,Fairfield,Blackstock,45039000001,Fairfield - Blackstock,FAIRFIELD - BLACKSTOCK,22325554.665354,Fairfield,039,Blackstock,FAIRFIELD - BLACKSTOCK,FAIRFIELD - BLACKSTOCK,22231745.566933,0.995798,1
039,Fairfield,Blackstock,45039000001,Fairfield - Blackstock,FAIRFIELD - BLACKSTOCK,22325554.665354,Fairfield,039,New Hope,FAIRFIELD - NEW HOPE,FAIRFIELD - NEW HOPE,47574.827034,0.002131,2
039,Fairfield,Blackstock,45039000001,Fairfield - Blackstock,FAIRFIELD - BLACKSTOCK,22325554.665354,Fairfield,039,Woodward,FAIRFIELD - WOODWARD,FAIRFIELD - WOODWARD,33890.324855,0.001518,3
039,Fairfield,Garden Grove,45039000006,Fairfield - Garden Grove,FAIRFIELD - GARDEN GROVE,47104380.572883,Fairfield,039,Gladden Grove,FAIRFIELD - GLADDEN GROVE,FAIRFIELD - GLADDEN GROVE,46864325.273500,0.994904,1
039,Fairfield,Garden Grove,45039000006,Fairfield - Garden Grove,FAIRFIELD - GARDEN GROVE,47104380.572883,Fairfield,039,Mitford,FAIRFIELD - MITFORD,FAIRFIELD - MITFORD,124281.050932,0.002638,2
039,Fairfield,Garden Grove,45039000006,Fairfield - Garden Grove,FAIRFIELD - GARDEN GROVE,47104380.572883,Fairfield,039,White Oak,FAIRFIELD - WHITE OAK,FAIRFIELD - WHITE OAK,67820.430862,0.001440,3
039,Fairfield,Garden Grove,45039000006,Fairfield - Garden Grove,FAIRFIELD - GARDEN GROVE,47104380.572883,Fairfield,039,Woodward,FAIRFIELD - WOODWARD,FAIRFIELD - WOODWARD,36914.774626,0.000784,4
039,Fairfield,Lebanon,45039000010,Fairfield - Lebanon,FAIRFIELD - LEBANON,84083062.278578,Fairfield,039,Lebanon,FAIRFIELD - LEBANON,FAIRFIELD - LEBANON,83918942.875517,0.998048,1
039,Fairfield,Lebanon,45039000010,Fairfield - Lebanon,FAIRFIELD - LEBANON,84083062.278578,Fairfield,039,Winnsboro No. 2,FAIRFIELD - WINNSBORO NO. 2,FAIRFIELD - WINNSBORO NO. 2,67750.115907,0.000806,2
039,Fairfield,Winnsboro Mills,45039000017,Fairfield - Winnsboro Mills,FAIRFIELD - WINNSBORO MILLS,3617470.050923,Fairfield,039,Winnsboro Mills,FAIRFIELD - WINNSBORO MILLS,FAIRFIELD - WINNSBORO MILLS,3562151.745777,0.984708,1
039,Fairfield,Winnsboro Mills,45039000017,Fairfield - Winnsboro Mills,FAIRFIELD - WINNSBORO MILLS,3617470.050923,Fairfield,039,Hickory Ridge,FAIRFIELD - HICKORY RIDGE,FAIRFIELD - HICKORY RIDGE,31053.968615,0.008584,2
039,Fairfield,Winnsboro Mills,45039000017,Fairfield - Winnsboro Mills,FAIRFIELD - WINNSBORO MILLS,3617470.050923,Fairfield,039,Winnsboro No. 1,FAIRFIELD - WINNSBORO NO. 1,FAIRFIELD - WINNSBORO NO. 1,22543.845013,0.006232,3
039,Fairfield,New Hope,45039000013,Fairfield - New Hope,FAIRFIELD - NEW HOPE,74855881.071495,Fairfield,039,New Hope,FAIRFIELD - NEW HOPE,FAIRFIELD - NEW HOPE,74644826.618637,0.997181,1
039,Fairfield,New Hope,45039000013,Fairfield - New Hope,FAIRFIELD - NEW HOPE,74855881.071495,Fairfield,039,Feasterville,FAIRFIELD - FEASTERVILLE,FAIRFIELD - FEASTERVILLE,90341.826216,0.001207,2
039,Fairfield,New Hope,45039000013,Fairfield - New Hope,FAIRFIELD - NEW HOPE,74855881.071495,Fairfield,039,Woodward,FAIRFIELD - WOODWARD,FAIRFIELD - WOODWARD,64035.997164,0.000855,3
039,Fairfield,Woodward,45039000021,Fairfield - Woodward,FAIRFIELD - WOODWARD,100873430.269784,Fairfield,039,Woodward,FAIRFIELD - WOODWARD,FAIRFIELD - WOODWARD,100604209.111560,0.997331,1
039,Fairfield,Woodward,45039000021,Fairfield - Woodward,FAIRFIELD - WOODWARD,100873430.269784,Fairfield,039,White Oak,FAIRFIELD - WHITE OAK,FAIRFIELD - WHITE OAK,87064.213732,0.000863,2
039,Fairfield,Woodward,45039000021,Fairfield - Woodward,FAIRFIELD - WOODWARD,100873430.269784,Fairfield,039,New Hope,FAIRFIELD - NEW HOPE,FAIRFIELD - NEW HOPE,70115.393583,0.000695,3
039,Fairfield,Woodward,45039000021,Fairfield - Woodward,FAIRFIELD - WOODWARD,100873430.269784,Fairfield,039,Blackstock,FAIRFIELD - BLACKSTOCK,FAIRFIELD - BLACKSTOCK,66523.418660,0.000659,4
039,Fairfield,Hickory Ridge,45039000009,Fairfield - Hickory Ridge,FAIRFIELD - HICKORY RIDGE,91057646.391147,Fairfield,039,Hickory Ridge,FAIRFIELD - HICKORY RIDGE,FAIRFIELD - HICKORY RIDGE,90797642.383995,0.997145,1
039,Fairfield,Hickory Ridge,45039000009,Fairfield - Hickory Ridge,FAIRFIELD - HICKORY RIDGE,91057646.391147,Fairfield,039,Lebanon,FAIRFIELD - LEBANON,FAIRFIELD - LEBANON,123152.954567,0.001352,2
039,Fairfield,Hickory Ridge,45039000009,Fairfield - Hickory Ridge,FAIRFIELD - HICKORY RIDGE,91057646.391147,Fairfield,039,Greenbrier,FAIRFIELD - GREENBRIER,FAIRFIELD - GREENBRIER,68720.695687,0.000755,3
039,Fairfield,Greenbrier,45039000005,Fairfield - Greenbrier,FAIRFIELD - GREENBRIER,106233636.665221,Fairfield,039,Greenbrier,FAIRFIELD - GREENBRIER,FAIRFIELD - GREENBRIER,106103552.317094,0.998775,1
039,Fairfield,Horeb-Glenn,45039000008,Fairfield - Horeb-Glenn,FAIRFIELD - HOREB-GLENN,57846025.303484,Fairfield,039,Horeb-glenn,FAIRFIELD - HOREB-GLENN,FAIRFIELD - HOREB-GLENN,57736558.267763,0.998108,1
039,Fairfield,Horeb-Glenn,45039000008,Fairfield - Horeb-Glenn,FAIRFIELD - HOREB-GLENN,57846025.303484,Fairfield,039,Hickory Ridge,FAIRFIELD - HICKORY RIDGE,FAIRFIELD - HICKORY RIDGE,51304.742236,0.000887,2
039,Fairfield,Horeb-Glenn,45039000008,Fairfield - Horeb-Glenn,FAIRFIELD - HOREB-GLENN,57846025.303484,Fairfield,039,Jenkinsville,FAIRFIELD - JENKINSVILLE,FAIRFIELD - JENKINSVILLE,30237.578026,0.000523,3
039,Fairfield,South Winnsboro,45039000016,Fairfield - South Winnsboro,FAIRFIELD - SOUTH WINNSBORO,24048117.107469,Fairfield,039,South Winnsboro,FAIRFIELD - SOUTH WINNSBORO,FAIRFIELD - SOUTH WINNSBORO,23812161.731596,0.990188,1
039,Fairfield,South Winnsboro,45039000016,Fairfield - South Winnsboro,FAIRFIELD - SOUTH WINNSBORO,24048117.107469,Fairfield,039,Winnsboro No. 2,FAIRFIELD - WINNSBORO NO. 2,FAIRFIELD - WINNSBORO NO. 2,135747.594655,0.005645,2
039,Fairfield,South Winnsboro,45039000016,Fairfield - South Winnsboro,FAIRFIELD - SOUTH WINNSBORO,24048117.107469,Fairfield,039,Winnsboro Mills,FAIRFIELD - WINNSBORO MILLS,FAIRFIELD - WINNSBORO MILLS,60402.938701,0.002512,3
039,Fairfield,South Winnsboro,45039000016,Fairfield - South Winnsboro,FAIRFIELD - SOUTH WINNSBORO,24048117.107469,Fairfield,039,Simpson,FAIRFIELD - SIMPSON,FAIRFIELD - SIMPSON,39804.842517,0.001655,4
003,Aiken,N. Augusta No. 55,45003000055,Aiken - N. Augusta No. 55,AIKEN - N. AUGUSTA NO. 55,1323369.848721,Aiken,003,N. Augusta No. 55,AIKEN - N. AUGUSTA NO. 55,AIKEN - N. AUGUSTA NO. 55,1323369.848720,1.000000,1
003,Aiken,Six Points No. 35,45003000035,Aiken - Six Points No. 35,AIKEN - SIX POINTS NO. 35,6261286.252330,Aiken,003,Six Points No. 35,AIKEN - SIX POINTS NO. 35,AIKEN - SIX POINTS NO. 35,6261286.252329,1.000000,1
003,Aiken,Breezy Hill,45003000050,Aiken - Breezy Hill,AIKEN - BREEZY HILL,40421789.939782,Aiken,003,Community No. 86,AIKEN - COMMUNITY NO. 86,AIKEN - COMMUNITY NO. 86,20599350.337609,0.509610,1
003,Aiken,Breezy Hill,45003000050,Aiken - Breezy Hill,AIKEN - BREEZY HILL,40421789.939782,Aiken,003,Breezy Hill,AIKEN - BREEZY HILL,AIKEN - BREEZY HILL,10955590.399825,0.271032,2
003,Aiken,Breezy Hill,45003000050,Aiken - Breezy Hill,AIKEN - BREEZY HILL,40421789.939782,Aiken,003,Breezy No. 87,AIKEN - BREEZY NO. 87,AIKEN - BREEZY NO. 87,8866849.074428,0.219358,3
003,Aiken,Vaucluse,45003000038,Aiken - Vaucluse,AIKEN - VAUCLUSE,55071144.847363,Aiken,003,Vaucluse,AIKEN - VAUCLUSE,AIKEN - VAUCLUSE,55071144.847357,1.000000,1
003,Aiken,Aiken No. 2,45003000002,Aiken - Aiken No. 2,AIKEN - AIKEN NO. 2,2127871.208593,Aiken,003,Aiken No. 2,AIKEN - AIKEN NO. 2,AIKEN - AIKEN NO. 2,2127871.208591,1.000000,1
003,Aiken,Six Points No. 46,45003000046,Aiken - Six Points No. 46,AIKEN - SIX POINTS NO. 46,6347408.242587,Aiken,003,Six Points No. 46,AIKEN - SIX POINTS NO. 46,AIKEN - SIX POINTS NO. 46,6347408.242585,1.000000,1
003,Aiken,Aiken No. 5,45003000005,Aiken - Aiken No. 5,AIKEN - AIKEN NO. 5,2803003.307333,Aiken,003,Aiken No. 5,AIKEN - AIKEN NO. 5,AIKEN - AIKEN NO. 5,2803003.307332,1.000000,1
003,Aiken,Hollow Creek,45003000053,Aiken - Hollow Creek,AIKEN - HOLLOW CREEK,3127350.509576,Aiken,003,Hollow Creek,AIKEN - HOLLOW CREEK,AIKEN - HOLLOW CREEK,3127350.509575,1.000000,1
003,Aiken,Sandstone No. 70,45003000070,Aiken - Sandstone No. 70,AIKEN - SANDSTONE NO. 70,1392680.948420,Aiken,003,Sandstone No. 70,AIKEN - SANDSTONE NO. 70,AIKEN - SANDSTONE NO. 70,1392680.948419,1.000000,1
003,Aiken,South Aiken No. 76,45003000076,Aiken - South Aiken No. 76,AIKEN - SOUTH AIKEN NO. 76,11450226.052144,Aiken,003,South Aiken No. 76,AIKEN - SOUTH AIKEN NO. 76,AIKEN - SOUTH AIKEN NO. 76,8244495.241171,0.720029,1
003,Aiken,South Aiken No. 76,45003000076,Aiken - South Aiken No. 76,AIKEN - SOUTH AIKEN NO. 76,11450226.052144,Aiken,003,South Creek No. 89,AIKEN - SOUTH CREEK NO. 89,AIKEN - SOUTH CREEK NO. 89,3205730.810971,0.279971,2
003,Aiken,Aiken No. 4,45003000004,Aiken - Aiken No. 4,AIKEN - AIKEN NO. 4,2389004.958817,Aiken,003,Aiken No. 4,AIKEN - AIKEN NO. 4,AIKEN - AIKEN NO. 4,2389004.958816,1.000000,1
003,Aiken,Couchton,45003000056,Aiken - Couchton,AIKEN - COUCHTON,47105076.419250,Aiken,003,Couchton,AIKEN - COUCHTON,AIKEN - COUCHTON,47105076.419246,1.000000,1
003,Aiken,Gem Lakes No. 60,45003000060,Aiken - Gem Lakes No. 60,AIKEN - GEM LAKES NO. 60,3680079.199628,Aiken,003,Gem Lakes No. 60,AIKEN - GEM LAKES NO. 60,AIKEN - GEM LAKES NO. 60,3680079.199627,1.000000,1
003,Aiken,South Aiken No. 75,45003000075,Aiken - South Aiken No. 75,AIKEN - SOUTH AIKEN NO. 75,9255428.756239,Aiken,003,South Aiken No. 75,AIKEN - SOUTH AIKEN NO. 75,AIKEN - SOUTH AIKEN NO. 75,9255428.756237,1.000000,1
003,Aiken,Hitchcock No. 66,45003000066,Aiken - Hitchcock No. 66,AIKEN - HITCHCOCK NO. 66,6401498.778545,Aiken,003,Hitchcock No. 66,AIKEN - HITCHCOCK NO. 66,AIKEN - HITCHCOCK NO. 66,6401498.778544,1.000000,1
003,Aiken,Levels No. 72,45003000072,Aiken - Levels No. 72,AIKEN - LEVELS NO. 72,3433366.944497,Aiken,003,Levels No. 72,AIKEN - LEVELS NO. 72,AIKEN - LEVELS NO. 72,3433366.944495,1.000000,1
003,Aiken,Ward,45003000040,Aiken - Ward,AIKEN - WARD,125048440.567720,Aiken,003,Ward,AIKEN - WARD,AIKEN - WARD,125048440.567712,1.000000,1
003,Aiken,Shaws Fork,45003000033,Aiken - Shaws Fork,AIKEN - SHAWS FORK,69138663.061812,Aiken,003,Shaws Fork,AIKEN - SHAWS FORK,AIKEN - SHAWS FORK,69138663.061804,1.000000,1
003,Aiken,Beech Island,45003000008,Aiken - Beech Island,AIKEN - BEECH ISLAND,42999306.115283,Aiken,003,Beech Island,AIKEN - BEECH ISLAND,AIKEN - BEECH ISLAND,42999306.115276,1.000000,1
003,Aiken,Jackson,45003000017,Aiken - Jackson,AIKEN - JACKSON,99850157.856565,Aiken,003,Jackson,AIKEN - JACKSON,AIKEN - JACKSON,99850157.856557,1.000000,1
003,Aiken,Pine Forest,45003000059,Aiken - Pine Forest,AIKEN - PINE FOREST,34440065.487618,Aiken,003,Pine Forest,AIKEN - PINE FOREST,AIKEN - PINE FOREST,34440065.487613,1.000000,1
003,Aiken,Carolina Heights,45003000010,Aiken - Carolina Heights,AIKEN - CAROLINA HEIGHTS,12822728.135134,Aiken,003,Carolina Heights,AIKEN - CAROLINA HEIGHTS,AIKEN - CAROLINA HEIGHTS,12822728.135131,1.000000,1
003,Aiken,White Pond,45003000042,Aiken - White Pond,AIKEN - WHITE POND,81225449.222708,Aiken,003,White Pond,AIKEN - WHITE POND,AIKEN - WHITE POND,81225449.222700,1.000000,1
003,Aiken,Montmorenci No. 78,45003000078,Aiken - Montmorenci No. 78,AIKEN - MONTMORENCI NO. 78,59283243.795108,Aiken,003,Montmorenci No. 78,AIKEN - MONTMORENCI NO. 78,AIKEN - MONTMORENCI NO. 78,59283243.795102,1.000000,1
003,Aiken,Talatha,45003000037,Aiken - Talatha,AIKEN - TALATHA,47663964.658508,Aiken,003,Talatha,AIKEN - TALATHA,AIKEN - TALATHA,47663964.658499,1.000000,1
003,Aiken,Sleepy Hollow No. 65,45003000065,Aiken - Sleepy Hollow No. 65,AIKEN - SLEEPY HOLLOW NO. 65,27109120.135745,Aiken,003,Sleepy Hollow No. 65,AIKEN - SLEEPY HOLLOW NO. 65,AIKEN - SLEEPY HOLLOW NO. 65,27109120.135741,1.000000,1
003,Aiken,New Holland,45003000024,Aiken - New Holland,AIKEN - NEW HOLLAND,130838203.629561,Aiken,003,New Holland,AIKEN - NEW HOLLAND,AIKEN - NEW HOLLAND,130838203.629561,1.000000,1
003,Aiken,Monetta,45003000021,Aiken - Monetta,AIKEN - MONETTA,90764245.749848,Aiken,003,Monetta,AIKEN - MONETTA,AIKEN - MONETTA,90764245.749848,1.000000,1
003,Aiken,Tabernacle,45003000036,Aiken - Tabernacle,AIKEN - TABERNACLE,119983690.516968,Aiken,003,Tabernacle,AIKEN - TABERNACLE,AIKEN - TABERNACLE,119983690.516959,1.000000,1
003,Aiken,Perry,45003000031,Aiken - Perry,AIKEN - PERRY,102537522.276232,Aiken,003,Perry,AIKEN - PERRY,AIKEN - PERRY,102537522.276232,1.000000,1
003,Aiken,Misty Lakes,45003000045,Aiken - Misty Lakes,AIKEN - MISTY LAKES,38917699.211379,Aiken,003,Misty Lakes,AIKEN - MISTY LAKES,AIKEN - MISTY LAKES,38917699.211375,1.000000,1
003,Aiken,Midland Valley No. 71,45003000071,Aiken - Midland Valley No. 71,AIKEN - MIDLAND VALLEY NO. 71,15594169.107504,Aiken,003,Midland Valley No. 71,AIKEN - MIDLAND VALLEY NO. 71,AIKEN - MIDLAND VALLEY NO. 71,15594169.107501,1.000000,1
003,Aiken,N. Augusta No. 80,45003000080,Aiken - N. Augusta No. 80,AIKEN - N. AUGUSTA NO. 80,1508750.489580,Aiken,003,N. Augusta No. 80,AIKEN - N. AUGUSTA NO. 80,AIKEN - N. AUGUSTA NO. 80,1508750.489579,1.000000,1
003,Aiken,N. Augusta No. 29,45003000029,Aiken - N. Augusta No. 29,AIKEN - N. AUGUSTA NO. 29,2600825.947580,Aiken,003,N. Augusta No. 29,AIKEN - N. AUGUSTA NO. 29,AIKEN - N. AUGUSTA NO. 29,2600825.947578,1.000000,1
003,Aiken,Belvedere No. 74,45003000074,Aiken - Belvedere No. 74,AIKEN - BELVEDERE NO. 74,4161310.624502,Aiken,003,Belvedere No. 74,AIKEN - BELVEDERE NO. 74,AIKEN - BELVEDERE NO. 74,4161310.624500,1.000000,1
003,Aiken,Belvedere No. 9,45003000009,Aiken - Belvedere No. 9,AIKEN - BELVEDERE NO. 9,3240218.734067,Aiken,003,Belvedere No. 9,AIKEN - BELVEDERE NO. 9,AIKEN - BELVEDERE NO. 9,3240218.734065,1.000000,1
003,Aiken,N. Augusta No. 25,45003000025,Aiken - N. Augusta No. 25,AIKEN - N. AUGUSTA NO. 25,4340260.812335,Aiken,003,N. Augusta No. 25,AIKEN - N. AUGUSTA NO. 25,AIKEN - N. AUGUSTA NO. 25,4340260.812334,1.000000,1
003,Aiken,Fox Creek No. 73,45003000073,Aiken - Fox Creek No. 73,AIKEN - FOX CREEK NO. 73,3158396.649248,Aiken,003,Fox Creek No. 73,AIKEN - FOX CREEK NO. 73,AIKEN - FOX CREEK NO. 73,3158396.649246,1.000000,1
003,Aiken,N. Augusta No. 54,45003000054,Aiken - N. Augusta No. 54,AIKEN - N. AUGUSTA NO. 54,3126630.423798,Aiken,003,N. Augusta No. 54,AIKEN - N. AUGUSTA NO. 54,AIKEN - N. AUGUSTA NO. 54,3126630.423796,1.000000,1
003,Aiken,Belvedere No. 44,45003000044,Aiken - Belvedere No. 44,AIKEN - BELVEDERE NO. 44,3031077.490195,Aiken,003,Belvedere No. 44,AIKEN - BELVEDERE NO. 44,AIKEN - BELVEDERE NO. 44,3031077.490193,1.000000,1
003,Aiken,N. Augusta No. 26,45003000026,Aiken - N. Augusta No. 26,AIKEN - N. AUGUSTA NO. 26,1647180.628184,Aiken,003,N. Augusta No. 26,AIKEN - N. AUGUSTA NO. 26,AIKEN - N. AUGUSTA NO. 26,1647180.628183,1.000000,1
003,Aiken,Clearwater,45003000012,Aiken - Clearwater,AIKEN - CLEARWATER,4882467.373210,Aiken,003,Clearwater,AIKEN - CLEARWATER,AIKEN - CLEARWATER,4882467.373208,1.000000,1
003,Aiken,Willow Springs,45003000049,Aiken - Willow Springs,AIKEN - WILLOW SPRINGS,6601058.141490,Aiken,003,Willow Springs,AIKEN - WILLOW SPRINGS,AIKEN - WILLOW SPRINGS,6601058.141488,1.000000,1
003,Aiken,Midland Valley No. 51,45003000051,Aiken - Midland Valley No. 51,AIKEN - MIDLAND VALLEY NO. 51,17637036.601620,Aiken,003,Midland Valley No. 51,AIKEN - MIDLAND VALLEY NO. 51,AIKEN - MIDLAND VALLEY NO. 51,9976037.455226,0.565630,1
003,Aiken,Midland Valley No. 51,45003000051,Aiken - Midland Valley No. 51,AIKEN - MIDLAND VALLEY NO. 51,17637036.601620,Aiken,003,Midlands No. 88,AIKEN - MIDLANDS NO. 88,AIKEN - MIDLANDS NO. 88,7660999.015866,0.434370,2
003,Aiken,Gloverville,45003000015,Aiken - Gloverville,AIKEN - GLOVERVILLE,7010627.441898,Aiken,003,Gloverville,AIKEN - GLOVERVILLE,AIKEN - GLOVERVILLE,7010627.441895,1.000000,1
003,Aiken,Langley,45003000018,Aiken - Langley,AIKEN - LANGLEY,10814464.192525,Aiken,003,Langley,AIKEN - LANGLEY,AIKEN - LANGLEY,10814464.192522,1.000000,1
003,Aiken,Lynwood,45003000019,Aiken - Lynwood,AIKEN - LYNWOOD,7779356.031540,Aiken,003,Lynwood,AIKEN - LYNWOOD,AIKEN - LYNWOOD,7779356.031539,1.000000,1
003,Aiken,Fox Creek No. 58,45003000058,Aiken - Fox Creek No. 58,AIKEN - FOX CREEK NO. 58,1990933.644502,Aiken,003,Fox Creek No. 58,AIKEN - FOX CREEK NO. 58,AIKEN - FOX CREEK NO. 58,1990933.644501,1.000000,1
003,Aiken,N. Augusta No. 68,45003000068,Aiken - N. Augusta No. 68,AIKEN - N. AUGUSTA NO. 68,6376754.558517,Aiken,003,N. Augusta No. 68,AIKEN - N. AUGUSTA NO. 68,AIKEN - N. AUGUSTA NO. 68,4600682.207674,0.721477,1
003,Aiken,N. Augusta No. 68,45003000068,Aiken - N. Augusta No. 68,AIKEN - N. AUGUSTA NO. 68,6376754.558517,Aiken,003,Creek No. 85,AIKEN - CREEK NO. 85,AIKEN - CREEK NO. 85,1776072.075812,0.278523,2
003,Aiken,Ascauga Lake No. 84,45003000084,Aiken - Ascauga Lake No. 84,AIKEN - ASCAUGA LAKE NO. 84,8381139.492971,Aiken,003,Ascauga Lake No. 84,AIKEN - ASCAUGA LAKE NO. 84,AIKEN - ASCAUGA LAKE NO. 84,8381139.492969,1.000000,1
003,Aiken,Ascauga Lake No. 63,45003000063,Aiken - Ascauga Lake No. 63,AIKEN - ASCAUGA LAKE NO. 63,2114091.464366,Aiken,003,Ascauga Lake,AIKEN - ASCAUGA LAKE,AIKEN - ASCAUGA LAKE,2114091.464365,1.000000,1
003,Aiken,Graniteville,45003000016,Aiken - Graniteville,AIKEN - GRANITEVILLE,9161779.941216,Aiken,003,Graniteville,AIKEN - GRANITEVILLE,AIKEN - GRANITEVILLE,9161779.941214,1.000000,1
003,Aiken,Eureka,45003000014,Aiken - Eureka,AIKEN - EUREKA,100532607.940273,Aiken,003,Eureka,AIKEN - EUREKA,AIKEN - EUREKA,100532607.940266,1.000000,1
003,Aiken,China Springs,45003000011,Aiken - China Springs,AIKEN - CHINA SPRINGS,32208150.145441,Aiken,003,China Springs,AIKEN - CHINA SPRINGS,AIKEN - CHINA SPRINGS,32208150.145436,1.000000,1
003,Aiken,Warrenville,45003000041,Aiken - Warrenville,AIKEN - WARRENVILLE,15088912.325574,Aiken,003,Warrenville,AIKEN - WARRENVILLE,AIKEN - WARRENVILLE,15088912.325571,1.000000,1
003,Aiken,Aiken No. 1,45003000001,Aiken - Aiken No. 1,AIKEN - AIKEN NO. 1,4383627.362087,Aiken,003,Aiken No. 1,AIKEN - AIKEN NO. 1,AIKEN - AIKEN NO. 1,4383627.362086,1.000000,1
003,Aiken,Aiken No. 47,45003000047,Aiken - Aiken No. 47,AIKEN - AIKEN NO. 47,6690512.455214,Aiken,003,Aiken No. 47,AIKEN - AIKEN NO. 47,AIKEN - AIKEN NO. 47,6690512.455212,1.000000,1
003,Aiken,Aiken No. 3,45003000003,Aiken - Aiken No. 3,AIKEN - AIKEN NO. 3,4005562.110212,Aiken,003,Aiken No. 3,AIKEN - AIKEN NO. 3,AIKEN - AIKEN NO. 3,4005562.110211,1.000000,1
003,Aiken,Millbrook,45003000020,Aiken - Millbrook,AIKEN - MILLBROOK,4234110.195931,Aiken,003,Millbrook,AIKEN - MILLBROOK,AIKEN - MILLBROOK,4234110.195930,1.000000,1
003,Aiken,Levels No. 83,45003000083,Aiken - Levels No. 83,AIKEN - LEVELS NO. 83,1052194.614744,Aiken,003,Levels No. 83,AIKEN - LEVELS NO. 83,AIKEN - LEVELS NO. 83,1052194.614743,1.000000,1
003,Aiken,Gem Lakes No. 77,45003000077,Aiken - Gem Lakes No. 77,AIKEN - GEM LAKES NO. 77,5054811.096250,Aiken,003,Gem Lakes No. 77,AIKEN - GEM LAKES NO. 77,AIKEN - GEM LAKES NO. 77,5054811.096248,1.000000,1
003,Aiken,Redds Branch,45003000057,Aiken - Redds Branch,AIKEN - REDDS BRANCH,20262183.330370,Aiken,003,Redds Branch,AIKEN - REDDS BRANCH,AIKEN - REDDS BRANCH,20262183.330367,1.000000,1
003,Aiken,College Acres,45003000013,Aiken - College Acres,AIKEN - COLLEGE ACRES,6783733.087072,Aiken,003,College Acres,AIKEN - COLLEGE ACRES,AIKEN - COLLEGE ACRES,6783733.087070,1.000000,1
003,Aiken,Aiken No. 6,45003000006,Aiken - Aiken No. 6,AIKEN - AIKEN NO. 6,5196623.866482,Aiken,003,Aiken No. 6,AIKEN - AIKEN NO. 6,AIKEN - AIKEN NO. 6,5196623.866481,1.000000,1
003,Aiken,Montmorenci No. 22,45003000022,Aiken - Montmorenci No. 22,AIKEN - MONTMORENCI NO. 22,17691991.713335,Aiken,003,Montmorenci No. 22,AIKEN - MONTMORENCI NO. 22,AIKEN - MONTMORENCI NO. 22,17691991.713333,1.000000,1
003,Aiken,Anderson Pond No. 69,45003000069,Aiken - Anderson Pond No. 69,AIKEN - ANDERSON POND NO. 69,8936954.599085,Aiken,003,Anderson Pond No. 69,AIKEN - ANDERSON POND NO. 69,AIKEN - ANDERSON POND NO. 69,8936954.599083,1.000000,1
003,Aiken,Levels No. 52,45003000052,Aiken - Levels No. 52,AIKEN - LEVELS NO. 52,2321380.653172,Aiken,003,Levels No. 52,AIKEN - LEVELS NO. 52,AIKEN - LEVELS NO. 52,2321380.653170,1.000000,1
003,Aiken,Sandstone No. 79,45003000079,Aiken - Sandstone No. 79,AIKEN - SANDSTONE NO. 79,1449945.175248,Aiken,003,Sandstone No. 79,AIKEN - SANDSTONE NO. 79,AIKEN - SANDSTONE NO. 79,1449945.175248,1.000000,1
003,Aiken,Shiloh,45003000034,Aiken - Shiloh,AIKEN - SHILOH,78313278.894165,Aiken,003,Shiloh,AIKEN - SHILOH,AIKEN - SHILOH,78313278.894159,1.000000,1
003,Aiken,Hammond No. 81,45003000081,Aiken - Hammond No. 81,AIKEN - HAMMOND NO. 81,65760500.389768,Aiken,003,Hammond No. 81,AIKEN - HAMMOND NO. 81,AIKEN - HAMMOND NO. 81,65760500.389760,1.000000,1
003,Aiken,SRS,45003000000,Aiken - SRS,AIKEN - SRS,293314253.180548,,,,,,0.000000,0.000000,1
003,Aiken,Silver Bluff,45003000061,Aiken - Silver Bluff,AIKEN - SILVER BLUFF,87344250.021215,Aiken,003,Silver Bluff,AIKEN - SILVER BLUFF,AIKEN - SILVER BLUFF,87344250.021210,1.000000,1
003,Aiken,Hammond No. 48,45003000048,Aiken - Hammond No. 48,AIKEN - HAMMOND NO. 48,18576883.208755,Aiken,003,Hammond,AIKEN - HAMMOND,AIKEN - HAMMOND,18576883.208752,1.000000,1
003,Aiken,Windsor No. 43,45003000043,Aiken - Windsor No. 43,AIKEN - WINDSOR NO. 43,113317596.049728,Aiken,003,Windsor,AIKEN - WINDSOR,AIKEN - WINDSOR,113317596.049720,1.000000,1
003,Aiken,Windsor No. 82,45003000082,Aiken - Windsor No. 82,AIKEN - WINDSOR NO. 82,75833280.877713,Aiken,003,Windsor No. 82,AIKEN - WINDSOR NO. 82,AIKEN - WINDSOR NO. 82,75833280.877701,1.000000,1
003,Aiken,Bath,45003000007,Aiken - Bath,AIKEN - BATH,14789333.390063,Aiken,003,Bath,AIKEN - BATH,AIKEN - BATH,14789333.390061,1.000000,1
003,Aiken,Cedar Creek No. 64,45003000064,Aiken - Cedar Creek No. 64,AIKEN - CEDAR CREEK NO. 64,16918552.349840,Aiken,003,Cedar Creek No. 64,AIKEN - CEDAR CREEK NO. 64,AIKEN - CEDAR CREEK NO. 64,16918552.349836,1.000000,1
003,Aiken,Oak Grove,45003000030,Aiken - Oak Grove,AIKEN - OAK GROVE,152404963.282077,Aiken,003,Oak Grove,AIKEN - OAK GROVE,AIKEN - OAK GROVE,152404963.282077,1.000000,1
003,Aiken,New Ellenton,45003000023,Aiken - New Ellenton,AIKEN - NEW ELLENTON,10758389.064725,Aiken,003,New Ellenton,AIKEN - NEW ELLENTON,AIKEN - NEW ELLENTON,10758389.064724,1.000000,1
003,Aiken,N. Augusta No. 27,45003000027,Aiken - N. Augusta No. 27,AIKEN - N. AUGUSTA NO. 27,3210294.095819,Aiken,003,N. Augusta No. 27,AIKEN - N. AUGUSTA NO. 27,AIKEN - N. AUGUSTA NO. 27,3210294.095817,1.000000,1
003,Aiken,Salley,45003000032,Aiken - Salley,AIKEN - SALLEY,77632870.626778,Aiken,003,Salley,AIKEN - SALLEY,AIKEN - SALLEY,77632870.626768,1.000000,1
003,Aiken,Wagener,45003000039,Aiken - Wagener,AIKEN - WAGENER,127616140.054762,Aiken,003,Wagener,AIKEN - WAGENER,AIKEN - WAGENER,127616140.054762,1.000000,1
003,Aiken,Belvedere No. 62,45003000062,Aiken - Belvedere No. 62,AIKEN - BELVEDERE NO. 62,6797813.418672,Aiken,003,Belvedere No. 62,AIKEN - BELVEDERE NO. 62,AIKEN - BELVEDERE NO. 62,6797813.418670,1.000000,1
003,Aiken,N. Augusta No. 28,45003000028,Aiken - N. Augusta No. 28,AIKEN - N. AUGUSTA NO. 28,1476332.561249,Aiken,003,N. Augusta No. 28,AIKEN - N. AUGUSTA NO. 28,AIKEN - N. AUGUSTA NO. 28,1476332.561249,1.000000,1
003,Aiken,N. Augusta No. 67,45003000067,Aiken - N. Augusta No. 67,AIKEN - N. AUGUSTA NO. 67,7295140.342450,Aiken,003,N. Augusta No. 67,AIKEN - N. AUGUSTA NO. 67,AIKEN - N. AUGUSTA NO. 67,7295140.342447,1.000000,1
079,Richland,Ridge View 1,45079000487,Richland - Ridge View 1,RICHLAND - RIDGE VIEW 1,3201548.944938,Richland,079,Ridge View 1,RICHLAND - RIDGE VIEW 1,RICHLAND - RIDGE VIEW 1,3157670.597767,0.986295,1
079,Richland,Ridge View 1,45079000487,Richland - Ridge View 1,RICHLAND - RIDGE VIEW 1,3201548.944938,Richland,079,Ridge View 2,RICHLAND - RIDGE VIEW 2,RICHLAND - RIDGE VIEW 2,43407.183044,0.013558,2
079,Richland,Cooper,45079000416,Richland - Cooper,RICHLAND - COOPER,2316781.310351,Richland,079,Cooper,RICHLAND - COOPER,RICHLAND - COOPER,2314048.292291,0.998820,1
079,Richland,Cooper,45079000416,Richland - Cooper,RICHLAND - COOPER,2316781.310351,Richland,079,East Forest Acres,RICHLAND - EAST FOREST ACRES,RICHLAND - EAST FOREST ACRES,2544.953302,0.001098,2
079,Richland,Keels 1,45079000445,Richland - Keels 1,RICHLAND - KEELS 1,6306704.557022,Richland,079,Keels 1,RICHLAND - KEELS 1,RICHLAND - KEELS 1,6305799.994802,0.999857,1
079,Richland,Briarwood,45079000412,Richland - Briarwood,RICHLAND - BRIARWOOD,5076809.158010,Richland,079,Briarwood,RICHLAND - BRIARWOOD,RICHLAND - BRIARWOOD,5075386.477330,0.999720,1
079,Richland,Ward 19,45079000119,Richland - Ward 19,RICHLAND - WARD 19,1589320.644335,Richland,079,Ward 19,RICHLAND - WARD 19,RICHLAND - WARD 19,1588863.439999,0.999712,1
079,Richland,Harbison 2,45079000440,Richland - Harbison 2,RICHLAND - HARBISON 2,9716629.477184,Richland,079,Harbison 2,RICHLAND - HARBISON 2,RICHLAND - HARBISON 2,9714714.961893,0.999803,1
079,Richland,Ballentine 2,45079000403,Richland - Ballentine 2,RICHLAND - BALLENTINE 2,9830247.607794,Richland,079,Ballentine 2,RICHLAND - BALLENTINE 2,RICHLAND - BALLENTINE 2,9827617.942943,0.999732,1
079,Richland,Walden,45079000510,Richland - Walden,RICHLAND - WALDEN,9631344.887956,Richland,079,Walden,RICHLAND - WALDEN,RICHLAND - WALDEN,9631135.461907,0.999978,1
079,Richland,Kingswood,45079000450,Richland - Kingswood,RICHLAND - KINGSWOOD,5070422.923678,Richland,079,Kingswood,RICHLAND - KINGSWOOD,RICHLAND - KINGSWOOD,5070413.772041,0.999998,1
079,Richland,Friarsgate 1,45079000431,Richland - Friarsgate 1,RICHLAND - FRIARSGATE 1,3149520.943598,Richland,079,Friarsgate 1,RICHLAND - FRIARSGATE 1,RICHLAND - FRIARSGATE 1,3149436.479826,0.999973,1
079,Richland,Gadsden,45079000434,Richland - Gadsden,RICHLAND - GADSDEN,164173272.133664,Richland,079,Gadsden,RICHLAND - GADSDEN,RICHLAND - GADSDEN,164173264.943083,1.000000,1
079,Richland,Estates,45079000425,Richland - Estates,RICHLAND - ESTATES,5778914.039709,Richland,079,Estates,RICHLAND - ESTATES,RICHLAND - ESTATES,5772969.514268,0.998971,1
079,Richland,Caughman Road,45079000414,Richland - Caughman Road,RICHLAND - CAUGHMAN ROAD,6254975.698816,Richland,079,Caughman Road,RICHLAND - CAUGHMAN ROAD,RICHLAND - CAUGHMAN ROAD,6254960.921191,0.999998,1
079,Richland,Woodfield,45079000515,Richland - Woodfield,RICHLAND - WOODFIELD,3797492.403504,Richland,079,Woodfield,RICHLAND - WOODFIELD,RICHLAND - WOODFIELD,3788369.832424,0.997598,1
079,Richland,Woodfield,45079000515,Richland - Woodfield,RICHLAND - WOODFIELD,3797492.403504,Richland,079,Midway,RICHLAND - MIDWAY,RICHLAND - MIDWAY,9017.707528,0.002375,2
079,Richland,Arcadia,45079000400,Richland - Arcadia,RICHLAND - ARCADIA,2224115.237445,Richland,079,Arcadia,RICHLAND - ARCADIA,RICHLAND - ARCADIA,2223746.782956,0.999834,1
079,Richland,Ward 30,45079000130,Richland - Ward 30,RICHLAND - WARD 30,2600732.583146,Richland,079,Ward 30,RICHLAND - WARD 30,RICHLAND - WARD 30,2599720.835111,0.999611,1
079,Richland,Ward 2,45079000102,Richland - Ward 2,RICHLAND - WARD 2,2088183.396145,Richland,079,Ward 2,RICHLAND - WARD 2,RICHLAND - WARD 2,2087565.208271,0.999704,1
079,Richland,Spring Valley,45079000502,Richland - Spring Valley,RICHLAND - SPRING VALLEY,5771429.368336,Richland,079,Spring Valley,RICHLAND - SPRING VALLEY,RICHLAND - SPRING VALLEY,5768600.899124,0.999510,1
079,Richland,Polo Road,45079000482,Richland - Polo Road,RICHLAND - POLO ROAD,10161733.647380,Richland,079,Polo Road,RICHLAND - POLO ROAD,RICHLAND - POLO ROAD,10160804.525142,0.999909,1
079,Richland,Wildewood,45079000514,Richland - Wildewood,RICHLAND - WILDEWOOD,5912556.327045,Richland,079,Wildewood,RICHLAND - WILDEWOOD,RICHLAND - WILDEWOOD,5908491.028284,0.999312,1
079,Richland,Wildewood,45079000514,Richland - Wildewood,RICHLAND - WILDEWOOD,5912556.327045,Richland,079,Valhalla,RICHLAND - VALHALLA,RICHLAND - VALHALLA,3885.808918,0.000657,2
079,Richland,North Springs 2,45079000464,Richland - North Springs 2,RICHLAND - NORTH SPRINGS 2,5402756.546251,Richland,079,North Springs 2,RICHLAND - NORTH SPRINGS 2,RICHLAND - NORTH SPRINGS 2,5401850.472526,0.999832,1
079,Richland,North Springs 3,45079000465,Richland - North Springs 3,RICHLAND - NORTH SPRINGS 3,2539951.746419,Richland,079,North Springs 3,RICHLAND - NORTH SPRINGS 3,RICHLAND - NORTH SPRINGS 3,2533349.672058,0.997401,1
079,Richland,North Springs 3,45079000465,Richland - North Springs 3,RICHLAND - NORTH SPRINGS 3,2539951.746419,Richland,079,Spring Valley West,RICHLAND - SPRING VALLEY WEST,RICHLAND - SPRING VALLEY WEST,6096.066127,0.002400,2
079,Richland,Pontiac 1,45079000483,Richland - Pontiac 1,RICHLAND - PONTIAC 1,53795168.973296,Richland,079,Pontiac 1,RICHLAND - PONTIAC 1,RICHLAND - PONTIAC 1,53655335.268794,0.997401,1
079,Richland,Spring Valley West,45079000503,Richland - Spring Valley West,RICHLAND - SPRING VALLEY WEST,5800674.411094,Richland,079,Spring Valley West,RICHLAND - SPRING VALLEY WEST,RICHLAND - SPRING VALLEY WEST,5800204.850721,0.999919,1
079,Richland,Valhalla,45079000508,Richland - Valhalla,RICHLAND - VALHALLA,5148587.805130,Richland,079,Valhalla,RICHLAND - VALHALLA,RICHLAND - VALHALLA,5148394.876870,0.999963,1
079,Richland,Riversprings 2,45079000492,Richland - Riversprings 2,RICHLAND - RIVERSPRINGS 2,3948332.215840,Richland,079,Riversprings 2,RICHLAND - RIVERSPRINGS 2,RICHLAND - RIVERSPRINGS 2,3948327.042565,0.999999,1
079,Richland,Pine Grove,45079000478,Richland - Pine Grove,RICHLAND - PINE GROVE,2537918.093545,Richland,079,Pine Grove,RICHLAND - PINE GROVE,RICHLAND - PINE GROVE,2537909.563198,0.999997,1
079,Richland,Dutch Fork 3,45079000421,Richland - Dutch Fork 3,RICHLAND - DUTCH FORK 3,6619869.584987,Richland,079,Dutch Fork 3,RICHLAND - DUTCH FORK 3,RICHLAND - DUTCH FORK 3,6619091.541476,0.999882,1
079,Richland,Springville 1,45079000504,Richland - Springville 1,RICHLAND - SPRINGVILLE 1,6342556.710763,Richland,079,Springville 1,RICHLAND - SPRINGVILLE 1,RICHLAND - SPRINGVILLE 1,6342387.740955,0.999973,1
079,Richland,Ward 1,45079000101,Richland - Ward 1,RICHLAND - WARD 1,1562936.391982,Richland,079,Ward 1,RICHLAND - WARD 1,RICHLAND - WARD 1,1562822.743503,0.999927,1
079,Richland,Ward 21,45079000121,Richland - Ward 21,RICHLAND - WARD 21,2526951.177896,Richland,079,Ward 21,RICHLAND - WARD 21,RICHLAND - WARD 21,2524416.280162,0.998997,1
079,Richland,Ward 7,45079000107,Richland - Ward 7,RICHLAND - WARD 7,1904733.808499,Richland,079,Ward 7,RICHLAND - WARD 7,RICHLAND - WARD 7,1899284.521570,0.997139,1
079,Richland,Ward 7,45079000107,Richland - Ward 7,RICHLAND - WARD 7,1904733.808499,Richland,079,Ward 4,RICHLAND - WARD 4,RICHLAND - WARD 4,2698.061590,0.001417,2
079,Richland,Ward 7,45079000107,Richland - Ward 7,RICHLAND - WARD 7,1904733.808499,Richland,079,Ward 19,RICHLAND - WARD 19,RICHLAND - WARD 19,2111.072595,0.001108,3
079,Richland,Ward 6,45079000106,Richland - Ward 6,RICHLAND - WARD 6,1596313.657231,Richland,079,Ward 6,RICHLAND - WARD 6,RICHLAND - WARD 6,1595223.496566,0.999317,1
079,Richland,Ward 18,45079000118,Richland - Ward 18,RICHLAND - WARD 18,2026237.166086,Richland,079,Ward 18,RICHLAND - WARD 18,RICHLAND - WARD 18,2025571.883661,0.999672,1
079,Richland,Westminster,45079000512,Richland - Westminster,RICHLAND - WESTMINSTER,2175360.648324,Richland,079,Westminster,RICHLAND - WESTMINSTER,RICHLAND - WESTMINSTER,2173989.945166,0.999370,1
079,Richland,Westminster,45079000512,Richland - Westminster,RICHLAND - WESTMINSTER,2175360.648324,Richland,079,Riverside,RICHLAND - RIVERSIDE,RICHLAND - RIVERSIDE,1318.322347,0.000606,2
079,Richland,Dutch Fork 4,45079000422,Richland - Dutch Fork 4,RICHLAND - DUTCH FORK 4,3599553.840748,Richland,079,Dutch Fork 4,RICHLAND - DUTCH FORK 4,RICHLAND - DUTCH FORK 4,3598630.296934,0.999743,1
079,Richland,Ward 9,45079000109,Richland - Ward 9,RICHLAND - WARD 9,961823.888911,Richland,079,Ward 9,RICHLAND - WARD 9,RICHLAND - WARD 9,961760.647782,0.999934,1
079,Richland,Ward 33,45079000133,Richland - Ward 33,RICHLAND - WARD 33,959100.207041,Richland,079,Ward 33,RICHLAND - WARD 33,RICHLAND - WARD 33,959064.919075,0.999963,1
079,Richland,Olympia,45079000470,Richland - Olympia,RICHLAND - OLYMPIA,29796531.389455,Richland,079,Olympia,RICHLAND - OLYMPIA,RICHLAND - OLYMPIA,29695355.378750,0.996604,1
079,Richland,Olympia,45079000470,Richland - Olympia,RICHLAND - OLYMPIA,29796531.389455,Richland,079,Hopkins 1,RICHLAND - HOPKINS 1,RICHLAND - HOPKINS 1,21794.129669,0.000731,2
079,Richland,Riverside,45079000490,Richland - Riverside,RICHLAND - RIVERSIDE,1326938.509155,Richland,079,Riverside,RICHLAND - RIVERSIDE,RICHLAND - RIVERSIDE,1324207.354174,0.997942,1
079,Richland,Riverside,45079000490,Richland - Riverside,RICHLAND - RIVERSIDE,1326938.509155,Richland,079,Skyland,RICHLAND - SKYLAND,RICHLAND - SKYLAND,1553.320593,0.001171,2
079,Richland,Riverside,45079000490,Richland - Riverside,RICHLAND - RIVERSIDE,1326938.509155,Richland,079,Westminster,RICHLAND - WESTMINSTER,RICHLAND - WESTMINSTER,1171.819832,0.000883,3
079,Richland,Riversprings 1,45079000491,Richland - Riversprings 1,RICHLAND - RIVERSPRINGS 1,5145360.787659,Richland,079,Riversprings 1,RICHLAND - RIVERSPRINGS 1,RICHLAND - RIVERSPRINGS 1,5137803.227244,0.998531,1
079,Richland,Riversprings 1,45079000491,Richland - Riversprings 1,RICHLAND - RIVERSPRINGS 1,5145360.787659,Richland,079,Riversprings 3,RICHLAND - RIVERSPRINGS 3,RICHLAND - RIVERSPRINGS 3,7534.218361,0.001464,2
079,Richland,Ward 15,45079000115,Richland - Ward 15,RICHLAND - WARD 15,926444.587007,Richland,079,Ward 15,RICHLAND - WARD 15,RICHLAND - WARD 15,922835.484066,0.996104,1
079,Richland,Ward 15,45079000115,Richland - Ward 15,RICHLAND - WARD 15,926444.587007,Richland,079,South Forest Acres,RICHLAND - SOUTH FOREST ACRES,RICHLAND - SOUTH FOREST ACRES,3565.633129,0.003849,2
079,Richland,Ward 14,45079000114,Richland - Ward 14,RICHLAND - WARD 14,1224526.040718,Richland,079,Ward 14,RICHLAND - WARD 14,RICHLAND - WARD 14,1224446.048154,0.999935,1
079,Richland,Friarsgate 2,45079000432,Richland - Friarsgate 2,RICHLAND - FRIARSGATE 2,2191480.994506,Richland,079,Friarsgate 2,RICHLAND - FRIARSGATE 2,RICHLAND - FRIARSGATE 2,2191448.267284,0.999985,1
079,Richland,Riverwalk,45079000494,Richland - Riverwalk,RICHLAND - RIVERWALK,8554234.669378,Richland,079,Riverwalk,RICHLAND - RIVERWALK,RICHLAND - RIVERWALK,8551718.571818,0.999706,1
079,Richland,Ward 11,45079000111,Richland - Ward 11,RICHLAND - WARD 11,2367659.400280,Richland,079,Ward 11,RICHLAND - WARD 11,RICHLAND - WARD 11,2367349.108003,0.999869,1
079,Richland,Ward 13,45079000113,Richland - Ward 13,RICHLAND - WARD 13,1729753.303739,Richland,079,Ward 13,RICHLAND - WARD 13,RICHLAND - WARD 13,1729753.303738,1.000000,1
079,Richland,Bluff,45079000405,Richland - Bluff,RICHLAND - BLUFF,21007109.571630,Richland,079,Bluff,RICHLAND - BLUFF,RICHLAND - BLUFF,21006000.571204,0.999947,1
079,Richland,Riversprings 3,45079000493,Richland - Riversprings 3,RICHLAND - RIVERSPRINGS 3,4147169.376870,Richland,079,Riversprings 3,RICHLAND - RIVERSPRINGS 3,RICHLAND - RIVERSPRINGS 3,4146177.422264,0.999761,1
079,Richland,Dentsville,45079000418,Richland - Dentsville,RICHLAND - DENTSVILLE,5231571.546860,Richland,079,Dentsville,RICHLAND - DENTSVILLE,RICHLAND - DENTSVILLE,5229452.989869,0.999595,1
079,Richland,Ward 17,45079000117,Richland - Ward 17,RICHLAND - WARD 17,1906877.484159,Richland,079,Ward 17,RICHLAND - WARD 17,RICHLAND - WARD 17,1905668.578575,0.999366,1
079,Richland,Ward 17,45079000117,Richland - Ward 17,RICHLAND - WARD 17,1906877.484159,Richland,079,South Beltline,RICHLAND - SOUTH BELTLINE,RICHLAND - SOUTH BELTLINE,1208.746735,0.000634,2
079,Richland,Brandon 2,45079000411,Richland - Brandon 2,RICHLAND - BRANDON 2,2537388.257804,Richland,079,Brandon 2,RICHLAND - BRANDON 2,RICHLAND - BRANDON 2,2536136.703807,0.999507,1
079,Richland,South Beltline,45079000500,Richland - South Beltline,RICHLAND - SOUTH BELTLINE,2454024.337275,Richland,079,South Beltline,RICHLAND - SOUTH BELTLINE,RICHLAND - SOUTH BELTLINE,2447981.634213,0.997538,1
079,Richland,South Beltline,45079000500,Richland - South Beltline,RICHLAND - SOUTH BELTLINE,2454024.337275,Richland,079,Woodlands,RICHLAND - WOODLANDS,RICHLAND - WOODLANDS,5891.731883,0.002401,2
079,Richland,Mallet Hill,45079000456,Richland - Mallet Hill,RICHLAND - MALLET HILL,3818889.018904,Richland,079,Mallet Hill,RICHLAND - MALLET HILL,RICHLAND - MALLET HILL,3815317.309128,0.999065,1
079,Richland,Mallet Hill,45079000456,Richland - Mallet Hill,RICHLAND - MALLET HILL,3818889.018904,Richland,079,Pontiac 1,RICHLAND - PONTIAC 1,RICHLAND - PONTIAC 1,3404.868087,0.000892,2
079,Richland,Parkway 1,45079000473,Richland - Parkway 1,RICHLAND - PARKWAY 1,2101999.881281,Richland,079,Parkway 1,RICHLAND - PARKWAY 1,RICHLAND - PARKWAY 1,2100659.886713,0.999363,1
079,Richland,Parkway 1,45079000473,Richland - Parkway 1,RICHLAND - PARKWAY 1,2101999.881281,Richland,079,Parkway 3,RICHLAND - PARKWAY 3,RICHLAND - PARKWAY 3,1261.519959,0.000600,2
079,Richland,Lake Carolina,45079000451,Richland - Lake Carolina,RICHLAND - LAKE CAROLINA,4101973.050577,Richland,079,Lake Carolina,RICHLAND - LAKE CAROLINA,RICHLAND - LAKE CAROLINA,4100130.882561,0.999551,1
079,Richland,Gregg Park,45079000437,Richland - Gregg Park,RICHLAND - GREGG PARK,2769489.165748,Richland,079,Gregg Park,RICHLAND - GREGG PARK,RICHLAND - GREGG PARK,2769486.302691,0.999999,1
079,Richland,Meadowfield,45079000457,Richland - Meadowfield,RICHLAND - MEADOWFIELD,2435985.480124,Richland,079,Meadowfield,RICHLAND - MEADOWFIELD,RICHLAND - MEADOWFIELD,2434974.793865,0.999585,1
079,Richland,Trenholm Road,45079000506,Richland - Trenholm Road,RICHLAND - TRENHOLM ROAD,2034070.708535,Richland,079,Trenholm Road,RICHLAND - TRENHOLM ROAD,RICHLAND - TRENHOLM ROAD,2034060.361625,0.999995,1
079,Richland,Oakwood,45079000469,Richland - Oakwood,RICHLAND - OAKWOOD,1560867.488317,Richland,079,Oakwood,RICHLAND - OAKWOOD,RICHLAND - OAKWOOD,1559873.647326,0.999363,1
079,Richland,Oakwood,45079000469,Richland - Oakwood,RICHLAND - OAKWOOD,1560867.488317,Richland,079,Trenholm Road,RICHLAND - TRENHOLM ROAD,RICHLAND - TRENHOLM ROAD,993.390366,0.000636,2
079,Richland,Ward 3,45079000103,Richland - Ward 3,RICHLAND - WARD 3,2744385.726204,Richland,079,Ward 3,RICHLAND - WARD 3,RICHLAND - WARD 3,2740266.699745,0.998499,1
079,Richland,Ward 3,45079000103,Richland - Ward 3,RICHLAND - WARD 3,2744385.726204,Richland,079,Ward 30,RICHLAND - WARD 30,RICHLAND - WARD 30,2135.940107,0.000778,2
079,Richland,Ward 3,45079000103,Richland - Ward 3,RICHLAND - WARD 3,2744385.726204,Richland,079,Ward 4,RICHLAND - WARD 4,RICHLAND - WARD 4,1609.984809,0.000587,3
079,Richland,North Forest Acres,45079000429,Richland - North Forest Acres,RICHLAND - NORTH FOREST ACRES,1442234.885251,Richland,079,North Forest Acres,RICHLAND - NORTH FOREST ACRES,RICHLAND - NORTH FOREST ACRES,1433767.932015,0.994129,1
079,Richland,North Forest Acres,45079000429,Richland - North Forest Acres,RICHLAND - NORTH FOREST ACRES,1442234.885251,Richland,079,Ward 6,RICHLAND - WARD 6,RICHLAND - WARD 6,8459.705188,0.005866,2
079,Richland,East Forest Acres,45079000428,Richland - East Forest Acres,RICHLAND - EAST FOREST ACRES,2755764.028516,Richland,079,East Forest Acres,RICHLAND - EAST FOREST ACRES,RICHLAND - EAST FOREST ACRES,2755763.354382,1.000000,1
079,Richland,Mill Creek,45079000461,Richland - Mill Creek,RICHLAND - MILL CREEK,3874895.673736,Richland,079,Mill Creek,RICHLAND - MILL CREEK,RICHLAND - MILL CREEK,3874023.242875,0.999775,1
079,Richland,Lykesland,45079000455,Richland - Lykesland,RICHLAND - LYKESLAND,2773133.590961,Richland,079,Lykesland,RICHLAND - LYKESLAND,RICHLAND - LYKESLAND,2773110.603772,0.999992,1
079,Richland,Ward 29,45079000129,Richland - Ward 29,RICHLAND - WARD 29,2789003.040491,Richland,079,Ward 29,RICHLAND - WARD 29,RICHLAND - WARD 29,2787075.089231,0.999309,1
079,Richland,Webber,45079000511,Richland - Webber,RICHLAND - WEBBER,87119049.137520,Richland,079,Webber,RICHLAND - WEBBER,RICHLAND - WEBBER,87110890.054634,0.999906,1
079,Richland,Ward 24,45079000124,Richland - Ward 24,RICHLAND - WARD 24,1232134.269482,Richland,079,Ward 24,RICHLAND - WARD 24,RICHLAND - WARD 24,1232132.194532,0.999998,1
079,Richland,Hopkins 2,45079000442,Richland - Hopkins 2,RICHLAND - HOPKINS 2,38340093.535257,Richland,079,Hopkins 2,RICHLAND - HOPKINS 2,RICHLAND - HOPKINS 2,38338368.554779,0.999955,1
079,Richland,Beatty Road,45079000404,Richland - Beatty Road,RICHLAND - BEATTY ROAD,988920.241265,Richland,079,Beatty Road,RICHLAND - BEATTY ROAD,RICHLAND - BEATTY ROAD,988919.928886,1.000000,1
079,Richland,Bridge Creek,45079000413,Richland - Bridge Creek,RICHLAND - BRIDGE CREEK,2257231.632798,Richland,079,Bridge Creek,RICHLAND - BRIDGE CREEK,RICHLAND - BRIDGE CREEK,2256020.624972,0.999463,1
079,Richland,Bridge Creek,45079000413,Richland - Bridge Creek,RICHLAND - BRIDGE CREEK,2257231.632798,Richland,079,Ridge View 2,RICHLAND - RIDGE VIEW 2,RICHLAND - RIDGE VIEW 2,1209.621759,0.000536,2
079,Richland,Woodlands,45079000516,Richland - Woodlands,RICHLAND - WOODLANDS,2846033.459798,Richland,079,Woodlands,RICHLAND - WOODLANDS,RICHLAND - WOODLANDS,2845923.722750,0.999961,1
079,Richland,Pine Lakes 2,45079000480,Richland - Pine Lakes 2,RICHLAND - PINE LAKES 2,3521254.668230,Richland,079,Pine Lakes 2,RICHLAND - PINE LAKES 2,RICHLAND - PINE LAKES 2,3521246.586145,0.999998,1
079,Richland,Pine Lakes 1,45079000479,Richland - Pine Lakes 1,RICHLAND - PINE LAKES 1,1349532.837153,Richland,079,Pine Lakes 1,RICHLAND - PINE LAKES 1,RICHLAND - PINE LAKES 1,1349529.956887,0.999998,1
079,Richland,McEntire,45079000459,Richland - McEntire,RICHLAND - MCENTIRE,34464358.916650,Richland,079,Mcentire,RICHLAND - MCENTIRE,RICHLAND - MCENTIRE,34464148.942218,0.999994,1
079,Richland,Keels 2,45079000446,Richland - Keels 2,RICHLAND - KEELS 2,4015469.693241,Richland,079,Keels 2,RICHLAND - KEELS 2,RICHLAND - KEELS 2,4007725.236258,0.998071,1
079,Richland,Keels 2,45079000446,Richland - Keels 2,RICHLAND - KEELS 2,4015469.693241,Richland,079,Meadowlake,RICHLAND - MEADOWLAKE,RICHLAND - MEADOWLAKE,7074.682224,0.001762,2
079,Richland,Trinity,45079000507,Richland - Trinity,RICHLAND - TRINITY,4154325.168834,Richland,079,Trinity,RICHLAND - TRINITY,RICHLAND - TRINITY,4152512.540160,0.999564,1
079,Richland,Ridgewood,45079000489,Richland - Ridgewood,RICHLAND - RIDGEWOOD,2217955.138530,Richland,079,Ridgewood,RICHLAND - RIDGEWOOD,RICHLAND - RIDGEWOOD,2217828.341202,0.999943,1
079,Richland,Ward 16,45079000116,Richland - Ward 16,RICHLAND - WARD 16,1600288.018463,Richland,079,Ward 16,RICHLAND - WARD 16,RICHLAND - WARD 16,1600077.249681,0.999868,1
079,Richland,Hopkins 1,45079000441,Richland - Hopkins 1,RICHLAND - HOPKINS 1,147728328.666575,Richland,079,Hopkins 1,RICHLAND - HOPKINS 1,RICHLAND - HOPKINS 1,147705541.607466,0.999846,1
079,Richland,College Place,45079000415,Richland - College Place,RICHLAND - COLLEGE PLACE,2984350.199941,Richland,079,College Place,RICHLAND - COLLEGE PLACE,RICHLAND - COLLEGE PLACE,2983411.734557,0.999686,1
079,Richland,Oak Pointe 2,45079000467,Richland - Oak Pointe 2,RICHLAND - OAK POINTE 2,6137782.076221,Richland,079,Oak Pointe 2,RICHLAND - OAK POINTE 2,RICHLAND - OAK POINTE 2,6131833.392429,0.999031,1
079,Richland,Oak Pointe 2,45079000467,Richland - Oak Pointe 2,RICHLAND - OAK POINTE 2,6137782.076221,Richland,079,Oak Pointe 1,RICHLAND - OAK POINTE 1,RICHLAND - OAK POINTE 1,4979.421012,0.000811,2
079,Richland,Fairwold,45079000427,Richland - Fairwold,RICHLAND - FAIRWOLD,1529713.400346,Richland,079,Fairwold,RICHLAND - FAIRWOLD,RICHLAND - FAIRWOLD,1522976.410163,0.995596,1
079,Richland,Fairwold,45079000427,Richland - Fairwold,RICHLAND - FAIRWOLD,1529713.400346,Richland,079,College Place,RICHLAND - COLLEGE PLACE,RICHLAND - COLLEGE PLACE,4460.143211,0.002916,2
079,Richland,Fairwold,45079000427,Richland - Fairwold,RICHLAND - FAIRWOLD,1529713.400346,Richland,079,Greenview,RICHLAND - GREENVIEW,RICHLAND - GREENVIEW,1608.368239,0.001051,3
079,Richland,Garners,45079000435,Richland - Garners,RICHLAND - GARNERS,119525477.949996,Richland,079,Garners,RICHLAND - GARNERS,RICHLAND - GARNERS,119525438.196895,1.000000,1
079,Richland,Horrell Hill,45079000443,Richland - Horrell Hill,RICHLAND - HORRELL HILL,57671361.870459,Richland,079,Horrell Hill,RICHLAND - HORRELL HILL,RICHLAND - HORRELL HILL,57671234.478604,0.999998,1
079,Richland,Hunting Creek,45079000444,Richland - Hunting Creek,RICHLAND - HUNTING CREEK,11644050.626139,Richland,079,Hunting Creek,RICHLAND - HUNTING CREEK,RICHLAND - HUNTING CREEK,11643961.405026,0.999992,1
079,Richland,Pinewood,45079000481,Richland - Pinewood,RICHLAND - PINEWOOD,9327426.525542,Richland,079,Pinewood,RICHLAND - PINEWOOD,RICHLAND - PINEWOOD,9327422.571037,1.000000,1
079,Richland,Pennington 1,45079000476,Richland - Pennington 1,RICHLAND - PENNINGTON 1,1197463.836981,Richland,079,Pennington 1,RICHLAND - PENNINGTON 1,RICHLAND - PENNINGTON 1,1197177.083580,0.999761,1
079,Richland,Oak Pointe 3,45079000468,Richland - Oak Pointe 3,RICHLAND - OAK POINTE 3,1272539.581115,Richland,079,Oak Pointe 3,RICHLAND - OAK POINTE 3,RICHLAND - OAK POINTE 3,1271193.541927,0.998942,1
079,Richland,Oak Pointe 3,45079000468,Richland - Oak Pointe 3,RICHLAND - OAK POINTE 3,1272539.581115,Richland,079,Oak Pointe 1,RICHLAND - OAK POINTE 1,RICHLAND - OAK POINTE 1,1328.431412,0.001044,2
079,Richland,Blythewood 2,45079000407,Richland - Blythewood 2,RICHLAND - BLYTHEWOOD 2,37783696.347600,Richland,079,Blythewood 2,RICHLAND - BLYTHEWOOD 2,RICHLAND - BLYTHEWOOD 2,37779408.755834,0.999887,1
079,Richland,Blythewood 3,45079000408,Richland - Blythewood 3,RICHLAND - BLYTHEWOOD 3,36060969.167990,Richland,079,Blythewood 3,RICHLAND - BLYTHEWOOD 3,RICHLAND - BLYTHEWOOD 3,36060821.733879,0.999996,1
079,Richland,Valley State Park,45079000509,Richland - Valley State Park,RICHLAND - VALLEY STATE PARK,8316914.315867,Richland,079,Valley State Park,RICHLAND - VALLEY STATE PARK,RICHLAND - VALLEY STATE PARK,8289959.856728,0.996759,1
079,Richland,Valley State Park,45079000509,Richland - Valley State Park,RICHLAND - VALLEY STATE PARK,8316914.315867,Richland,079,Rice Creek 1,RICHLAND - RICE CREEK 1,RICHLAND - RICE CREEK 1,26768.151366,0.003219,2
079,Richland,Rice Creek 2,45079000486,Richland - Rice Creek 2,RICHLAND - RICE CREEK 2,4629278.205877,Richland,079,Rice Creek 2,RICHLAND - RICE CREEK 2,RICHLAND - RICE CREEK 2,4629261.247416,0.999996,1
079,Richland,Fairlawn,45079000426,Richland - Fairlawn,RICHLAND - FAIRLAWN,33671871.238312,Richland,079,Fairlawn,RICHLAND - FAIRLAWN,RICHLAND - FAIRLAWN,33548441.771539,0.996334,1
079,Richland,Fairlawn,45079000426,Richland - Fairlawn,RICHLAND - FAIRLAWN,33671871.238312,Richland,079,Meadowlake,RICHLAND - MEADOWLAKE,RICHLAND - MEADOWLAKE,120801.768683,0.003588,2
079,Richland,Longleaf,45079000454,Richland - Longleaf,RICHLAND - LONGLEAF,3509718.146614,Richland,079,Longleaf,RICHLAND - LONGLEAF,RICHLAND - LONGLEAF,3507854.607446,0.999469,1
079,Richland,Lincolnshire,45079000452,Richland - Lincolnshire,RICHLAND - LINCOLNSHIRE,17684071.787901,Richland,079,Lincolnshire,RICHLAND - LINCOLNSHIRE,RICHLAND - LINCOLNSHIRE,17683793.640165,0.999984,1
079,Richland,Rice Creek 1,45079000485,Richland - Rice Creek 1,RICHLAND - RICE CREEK 1,2220776.844737,Richland,079,Rice Creek 1,RICHLAND - RICE CREEK 1,RICHLAND - RICE CREEK 1,2220767.500248,0.999996,1
079,Richland,Midway,45079000460,Richland - Midway,RICHLAND - MIDWAY,4988182.635342,Richland,079,Midway,RICHLAND - MIDWAY,RICHLAND - MIDWAY,4965614.711727,0.995476,1
079,Richland,Midway,45079000460,Richland - Midway,RICHLAND - MIDWAY,4988182.635342,Richland,079,Briarwood,RICHLAND - BRIARWOOD,RICHLAND - BRIARWOOD,22516.063193,0.004514,2
079,Richland,Ward 26,45079000126,Richland - Ward 26,RICHLAND - WARD 26,214122688.810248,Richland,079,Ward 26,RICHLAND - WARD 26,RICHLAND - WARD 26,214109845.548435,0.999940,1
079,Richland,Ward 4,45079000104,Richland - Ward 4,RICHLAND - WARD 4,3411504.988574,Richland,079,Ward 4,RICHLAND - WARD 4,RICHLAND - WARD 4,3407565.352781,0.998845,1
079,Richland,Ward 4,45079000104,Richland - Ward 4,RICHLAND - WARD 4,3411504.988574,Richland,079,Ward 32,RICHLAND - WARD 32,RICHLAND - WARD 32,2551.740059,0.000748,2
079,Richland,Ward 31,45079000131,Richland - Ward 31,RICHLAND - WARD 31,1364873.867773,Richland,079,Ward 31,RICHLAND - WARD 31,RICHLAND - WARD 31,1364007.266895,0.999365,1
079,Richland,Ward 31,45079000131,Richland - Ward 31,RICHLAND - WARD 31,1364873.867773,Richland,079,Ward 20,RICHLAND - WARD 20,RICHLAND - WARD 20,826.003841,0.000605,2
079,Richland,Oak Pointe 1,45079000466,Richland - Oak Pointe 1,RICHLAND - OAK POINTE 1,2586232.463406,Richland,079,Oak Pointe 1,RICHLAND - OAK POINTE 1,RICHLAND - OAK POINTE 1,2584964.856506,0.999510,1
079,Richland,Eastover,45079000423,Richland - Eastover,RICHLAND - EASTOVER,107312381.483311,Richland,079,Eastover,RICHLAND - EASTOVER,RICHLAND - EASTOVER,107311956.230477,0.999996,1
079,Richland,North Springs 1,45079000463,Richland - North Springs 1,RICHLAND - NORTH SPRINGS 1,3081067.377993,Richland,079,North Springs 1,RICHLAND - NORTH SPRINGS 1,RICHLAND - NORTH SPRINGS 1,3080823.221263,0.999921,1
079,Richland,Bookman,45079000409,Richland - Bookman,RICHLAND - BOOKMAN,10392733.887792,Richland,079,Bookman,RICHLAND - BOOKMAN,RICHLAND - BOOKMAN,10353057.261422,0.996182,1
079,Richland,Springville 2,45079000505,Richland - Springville 2,RICHLAND - SPRINGVILLE 2,6559826.480843,Richland,079,Springville 2,RICHLAND - SPRINGVILLE 2,RICHLAND - SPRINGVILLE 2,6559809.525900,0.999997,1
079,Richland,Old Friarsgate,45079000433,Richland - Old Friarsgate,RICHLAND - OLD FRIARSGATE,3261702.475465,Richland,079,Old Friarsgate,RICHLAND - OLD FRIARSGATE,RICHLAND - OLD FRIARSGATE,3259620.254842,0.999362,1
079,Richland,Old Friarsgate,45079000433,Richland - Old Friarsgate,RICHLAND - OLD FRIARSGATE,3261702.475465,Richland,079,Dutch Fork 2,RICHLAND - DUTCH FORK 2,RICHLAND - DUTCH FORK 2,1683.759444,0.000516,2
079,Richland,St. Andrews,45079000496,Richland - St. Andrews,RICHLAND - ST. ANDREWS,6209321.345747,Richland,079,St. Andrews,RICHLAND - ST. ANDREWS,RICHLAND - ST. ANDREWS,6160427.115501,0.992126,1
079,Richland,Spring Hill,45079000501,Richland - Spring Hill,RICHLAND - SPRING HILL,70868636.183232,Richland,079,Spring Hill,RICHLAND - SPRING HILL,RICHLAND - SPRING HILL,70292364.265897,0.991868,1
079,Richland,Ward 5,45079000105,Richland - Ward 5,RICHLAND - WARD 5,3602695.503245,Richland,079,Ward 5,RICHLAND - WARD 5,RICHLAND - WARD 5,3601198.726789,0.999585,1
079,Richland,Ward 32,45079000132,Richland - Ward 32,RICHLAND - WARD 32,648053.696876,Richland,079,Ward 32,RICHLAND - WARD 32,RICHLAND - WARD 32,648051.369057,0.999996,1
079,Richland,Greenview,45079000436,Richland - Greenview,RICHLAND - GREENVIEW,2030222.191813,Richland,079,Greenview,RICHLAND - GREENVIEW,RICHLAND - GREENVIEW,2029956.020178,0.999869,1
079,Richland,Edgewood,45079000424,Richland - Edgewood,RICHLAND - EDGEWOOD,2183035.723901,Richland,079,Edgewood,RICHLAND - EDGEWOOD,RICHLAND - EDGEWOOD,2182535.221884,0.999771,1
079,Richland,Ward 34,45079000134,Richland - Ward 34,RICHLAND - WARD 34,1239701.873093,Richland,079,Ward 34,RICHLAND - WARD 34,RICHLAND - WARD 34,1238476.760369,0.999012,1
079,Richland,Ward 34,45079000134,Richland - Ward 34,RICHLAND - WARD 34,1239701.873093,Richland,079,South Forest Acres,RICHLAND - SOUTH FOREST ACRES,RICHLAND - SOUTH FOREST ACRES,1041.246136,0.000840,2
079,Richland,Skyland,45079000499,Richland - Skyland,RICHLAND - SKYLAND,2063736.394436,Richland,079,Skyland,RICHLAND - SKYLAND,RICHLAND - SKYLAND,2058188.859072,0.997312,1
079,Richland,Skyland,45079000499,Richland - Skyland,RICHLAND - SKYLAND,2063736.394436,Richland,079,St. Andrews,RICHLAND - ST. ANDREWS,RICHLAND - ST. ANDREWS,5522.077706,0.002676,2
079,Richland,Dutch Fork 2,45079000420,Richland - Dutch Fork 2,RICHLAND - DUTCH FORK 2,6811421.206741,Richland,079,Dutch Fork 2,RICHLAND - DUTCH FORK 2,RICHLAND - DUTCH FORK 2,6811274.837574,0.999979,1
079,Richland,Ward 8,45079000108,Richland - Ward 8,RICHLAND - WARD 8,414228.574960,Richland,079,Ward 8,RICHLAND - WARD 8,RICHLAND - WARD 8,414196.184704,0.999922,1
079,Richland,Ward 10,45079000110,Richland - Ward 10,RICHLAND - WARD 10,1245998.946344,Richland,079,Ward 10,RICHLAND - WARD 10,RICHLAND - WARD 10,1245507.846817,0.999606,1
079,Richland,Dutch Fork 1,45079000419,Richland - Dutch Fork 1,RICHLAND - DUTCH FORK 1,21756311.246243,Richland,079,Dutch Fork 1,RICHLAND - DUTCH FORK 1,RICHLAND - DUTCH FORK 1,21755222.662230,0.999950,1
079,Richland,Ballentine 1,45079000402,Richland - Ballentine 1,RICHLAND - BALLENTINE 1,7711110.421743,Richland,079,Ballentine 1,RICHLAND - BALLENTINE 1,RICHLAND - BALLENTINE 1,7709841.261251,0.999835,1
079,Richland,Parkridge 1,45079000471,Richland - Parkridge 1,RICHLAND - PARKRIDGE 1,2742864.850789,Richland,079,Parkridge 1,RICHLAND - PARKRIDGE 1,RICHLAND - PARKRIDGE 1,2733745.508032,0.996675,1
079,Richland,Parkridge 1,45079000471,Richland - Parkridge 1,RICHLAND - PARKRIDGE 1,2742864.850789,Richland,079,Riverwalk,RICHLAND - RIVERWALK,RICHLAND - RIVERWALK,5901.250952,0.002151,2
079,Richland,Parkridge 1,45079000471,Richland - Parkridge 1,RICHLAND - PARKRIDGE 1,2742864.850789,Richland,079,Parkridge 2,RICHLAND - PARKRIDGE 2,RICHLAND - PARKRIDGE 2,3113.310935,0.001135,3
079,Richland,Ward 23,45079000123,Richland - Ward 23,RICHLAND - WARD 23,924614.804998,Richland,079,Ward 23,RICHLAND - WARD 23,RICHLAND - WARD 23,924393.736441,0.999761,1
079,Richland,Ward 12,45079000112,Richland - Ward 12,RICHLAND - WARD 12,1115795.990833,Richland,079,Ward 12,RICHLAND - WARD 12,RICHLAND - WARD 12,1115794.295430,0.999998,1
079,Richland,Harbison 1,45079000439,Richland - Harbison 1,RICHLAND - HARBISON 1,3419134.389078,Richland,079,Harbison 1,RICHLAND - HARBISON 1,RICHLAND - HARBISON 1,3418516.179856,0.999819,1
079,Richland,Parkridge 2,45079000472,Richland - Parkridge 2,RICHLAND - PARKRIDGE 2,1718928.711933,Richland,079,Parkridge 2,RICHLAND - PARKRIDGE 2,RICHLAND - PARKRIDGE 2,1718424.321100,0.999707,1
079,Richland,Meadowlake,45079000458,Richland - Meadowlake,RICHLAND - MEADOWLAKE,9800598.665467,Richland,079,Meadowlake,RICHLAND - MEADOWLAKE,RICHLAND - MEADOWLAKE,9776968.255290,0.997589,1
079,Richland,Meadowlake,45079000458,Richland - Meadowlake,RICHLAND - MEADOWLAKE,9800598.665467,Richland,079,Fairlawn,RICHLAND - FAIRLAWN,RICHLAND - FAIRLAWN,21840.427602,0.002228,2
079,Richland,Whitewell,45079000513,Richland - Whitewell,RICHLAND - WHITEWELL,1649402.070195,Richland,079,Whitewell,RICHLAND - WHITEWELL,RICHLAND - WHITEWELL,1648559.666683,0.999489,1
079,Richland,Whitewell,45079000513,Richland - Whitewell,RICHLAND - WHITEWELL,1649402.070195,Richland,079,St. Andrews,RICHLAND - ST. ANDREWS,RICHLAND - ST. ANDREWS,829.369297,0.000503,2
079,Richland,Dennyside,45079000417,Richland - Dennyside,RICHLAND - DENNYSIDE,9701620.652655,Richland,079,Dennyside,RICHLAND - DENNYSIDE,RICHLAND - DENNYSIDE,9690038.869608,0.998806,1
079,Richland,Dennyside,45079000417,Richland - Dennyside,RICHLAND - DENNYSIDE,9701620.652655,Richland,079,Monticello,RICHLAND - MONTICELLO,RICHLAND - MONTICELLO,11354.612013,0.001170,2
079,Richland,Hampton,45079000438,Richland - Hampton,RICHLAND - HAMPTON,1603965.141807,Richland,079,Hampton,RICHLAND - HAMPTON,RICHLAND - HAMPTON,1603789.122269,0.999890,1
079,Richland,Ridge View 2,45079000488,Richland - Ridge View 2,RICHLAND - RIDGE VIEW 2,3470596.668282,Richland,079,Ridge View 2,RICHLAND - RIDGE VIEW 2,RICHLAND - RIDGE VIEW 2,3437651.321147,0.990507,1
079,Richland,Ridge View 2,45079000488,Richland - Ridge View 2,RICHLAND - RIDGE VIEW 2,3470596.668282,Richland,079,Ridge View 1,RICHLAND - RIDGE VIEW 1,RICHLAND - RIDGE VIEW 1,32942.987444,0.009492,2
079,Richland,Keenan,45079000447,Richland - Keenan,RICHLAND - KEENAN,3623590.438283,Richland,079,Keenan,RICHLAND - KEENAN,RICHLAND - KEENAN,3623521.228628,0.999981,1
079,Richland,Parkway 2,45079000474,Richland - Parkway 2,RICHLAND - PARKWAY 2,2393548.739069,Richland,079,Parkway 2,RICHLAND - PARKWAY 2,RICHLAND - PARKWAY 2,2386731.183128,0.997152,1
079,Richland,Parkway 2,45079000474,Richland - Parkway 2,RICHLAND - PARKWAY 2,2393548.739069,Richland,079,Ridge View 1,RICHLAND - RIDGE VIEW 1,RICHLAND - RIDGE VIEW 1,4762.448500,0.001990,2
079,Richland,Parkway 2,45079000474,Richland - Parkway 2,RICHLAND - PARKWAY 2,2393548.739069,Richland,079,Bridge Creek,RICHLAND - BRIDGE CREEK,RICHLAND - BRIDGE CREEK,1994.718610,0.000833,3
079,Richland,Parkway 3,45079000475,Richland - Parkway 3,RICHLAND - PARKWAY 3,1242768.016170,Richland,079,Parkway 3,RICHLAND - PARKWAY 3,RICHLAND - PARKWAY 3,1215418.523392,0.977993,1
079,Richland,Parkway 3,45079000475,Richland - Parkway 3,RICHLAND - PARKWAY 3,1242768.016170,Richland,079,Parkway 2,RICHLAND - PARKWAY 2,RICHLAND - PARKWAY 2,21552.753752,0.017343,2
079,Richland,Parkway 3,45079000475,Richland - Parkway 3,RICHLAND - PARKWAY 3,1242768.016170,Richland,079,Parkway 1,RICHLAND - PARKWAY 1,RICHLAND - PARKWAY 1,5796.021153,0.004664,3
079,Richland,Pontiac 2,45079000484,Richland - Pontiac 2,RICHLAND - PONTIAC 2,10962702.179976,Richland,079,Pontiac 2,RICHLAND - PONTIAC 2,RICHLAND - PONTIAC 2,10921195.661874,0.996214,1
079,Richland,Ward 25,45079000125,Richland - Ward 25,RICHLAND - WARD 25,2577120.013615,Richland,079,Ward 25,RICHLAND - WARD 25,RICHLAND - WARD 25,2577115.391147,0.999998,1
079,Richland,Pennington 2,45079000477,Richland - Pennington 2,RICHLAND - PENNINGTON 2,1742428.706551,Richland,079,Pennington 2,RICHLAND - PENNINGTON 2,RICHLAND - PENNINGTON 2,1741686.882258,0.999574,1
079,Richland,Ardincaple,45079000401,Richland - Ardincaple,RICHLAND - ARDINCAPLE,1207368.756793,Richland,079,Ardincaple,RICHLAND - ARDINCAPLE,RICHLAND - ARDINCAPLE,1207232.534906,0.999887,1
079,Richland,Brandon 1,45079000410,Richland - Brandon 1,RICHLAND - BRANDON 1,3876600.832954,Richland,079,Brandon 1,RICHLAND - BRANDON 1,RICHLAND - BRANDON 1,3875253.649042,0.999652,1
079,Richland,Ward 22,45079000122,Richland - Ward 22,RICHLAND - WARD 22,3578179.715452,Richland,079,Ward 22,RICHLAND - WARD 22,RICHLAND - WARD 22,3578056.701848,0.999966,1
079,Richland,Ward 20,45079000120,Richland - Ward 20,RICHLAND - WARD 20,2482947.917382,Richland,079,Ward 20,RICHLAND - WARD 20,RICHLAND - WARD 20,2478106.310821,0.998050,1
079,Richland,Ward 20,45079000120,Richland - Ward 20,RICHLAND - WARD 20,2482947.917382,Richland,079,Ward 4,RICHLAND - WARD 4,RICHLAND - WARD 4,2604.469623,0.001049,2
079,Richland,Satchelford,45079000498,Richland - Satchelford,RICHLAND - SATCHELFORD,1910086.529667,Richland,079,Satchelford,RICHLAND - SATCHELFORD,RICHLAND - SATCHELFORD,1910083.550642,0.999998,1
079,Richland,South Forest Acres,45079000430,Richland - South Forest Acres,RICHLAND - SOUTH FOREST ACRES,2704120.393576,Richland,079,South Forest Acres,RICHLAND - SOUTH FOREST ACRES,RICHLAND - SOUTH FOREST ACRES,2703477.348480,0.999762,1
013,Beaufort,Bluffton 3,45013000309,Beaufort - Bluffton 3,BEAUFORT - BLUFFTON 3,75820691.009898,Beaufort,013,Bluffton 3,BEAUFORT - BLUFFTON 3,BEAUFORT - BLUFFTON 3,75820691.009888,1.000000,1
013,Beaufort,Bluffton 2C,45013000307,Beaufort - Bluffton 2C,BEAUFORT - BLUFFTON 2C,43116235.952654,Beaufort,013,Bluffton 7b,BEAUFORT - BLUFFTON 7B,BEAUFORT - BLUFFTON 7B,32861584.235593,0.762163,1
013,Beaufort,Bluffton 2C,45013000307,Beaufort - Bluffton 2C,BEAUFORT - BLUFFTON 2C,43116235.952654,Beaufort,013,Bluffton 7a,BEAUFORT - BLUFFTON 7A,BEAUFORT - BLUFFTON 7A,5531153.469333,0.128285,2
013,Beaufort,Bluffton 2C,45013000307,Beaufort - Bluffton 2C,BEAUFORT - BLUFFTON 2C,43116235.952654,Beaufort,013,Bluffton 2f,BEAUFORT - BLUFFTON 2F,BEAUFORT - BLUFFTON 2F,2728236.558101,0.063276,3
013,Beaufort,Bluffton 2C,45013000307,Beaufort - Bluffton 2C,BEAUFORT - BLUFFTON 2C,43116235.952654,Beaufort,013,Bluffton 2c,BEAUFORT - BLUFFTON 2C,BEAUFORT - BLUFFTON 2C,1995260.772359,0.046276,4
013,Beaufort,Bluffton 5A,45013000313,Beaufort - Bluffton 5A,BEAUFORT - BLUFFTON 5A,8391304.322098,Beaufort,013,Bluffton 5a,BEAUFORT - BLUFFTON 5A,BEAUFORT - BLUFFTON 5A,4584931.301864,0.546391,1
013,Beaufort,Bluffton 5A,45013000313,Beaufort - Bluffton 5A,BEAUFORT - BLUFFTON 5A,8391304.322098,Beaufort,013,Bluffton 6a,BEAUFORT - BLUFFTON 6A,BEAUFORT - BLUFFTON 6A,3806373.020232,0.453609,2
013,Beaufort,Bluffton 4D,45013000317,Beaufort - Bluffton 4D,BEAUFORT - BLUFFTON 4D,12557739.909479,Beaufort,013,Bluffton 6b,BEAUFORT - BLUFFTON 6B,BEAUFORT - BLUFFTON 6B,9247796.614655,0.736422,1
013,Beaufort,Bluffton 4D,45013000317,Beaufort - Bluffton 4D,BEAUFORT - BLUFFTON 4D,12557739.909479,Beaufort,013,Bluffton 4d,BEAUFORT - BLUFFTON 4D,BEAUFORT - BLUFFTON 4D,3309943.294820,0.263578,2
013,Beaufort,Bluffton 1C,45013000303,Beaufort - Bluffton 1C,BEAUFORT - BLUFFTON 1C,59242598.085634,Beaufort,013,Bluffton 1c,BEAUFORT - BLUFFTON 1C,BEAUFORT - BLUFFTON 1C,54712280.693692,0.923529,1
013,Beaufort,Bluffton 1C,45013000303,Beaufort - Bluffton 1C,BEAUFORT - BLUFFTON 1C,59242598.085634,Beaufort,013,Bluffton 5d,BEAUFORT - BLUFFTON 5D,BEAUFORT - BLUFFTON 5D,4530317.192002,0.076471,2
013,Beaufort,Bluffton 1A,45013000301,Beaufort - Bluffton 1A,BEAUFORT - BLUFFTON 1A,6608694.825446,Beaufort,013,Bluffton 5c,BEAUFORT - BLUFFTON 5C,BEAUFORT - BLUFFTON 5C,3837651.708784,0.580697,1
013,Beaufort,Bluffton 1A,45013000301,Beaufort - Bluffton 1A,BEAUFORT - BLUFFTON 1A,6608694.825446,Beaufort,013,Bluffton 1a,BEAUFORT - BLUFFTON 1A,BEAUFORT - BLUFFTON 1A,2771042.507062,0.419303,2
013,Beaufort,Bluffton 1D,45013000304,Beaufort - Bluffton 1D,BEAUFORT - BLUFFTON 1D,4793535.772611,Beaufort,013,Bluffton 1d,BEAUFORT - BLUFFTON 1D,BEAUFORT - BLUFFTON 1D,3461122.890187,0.722040,1
013,Beaufort,Bluffton 1D,45013000304,Beaufort - Bluffton 1D,BEAUFORT - BLUFFTON 1D,4793535.772611,Beaufort,013,Bluffton 5e,BEAUFORT - BLUFFTON 5E,BEAUFORT - BLUFFTON 5E,1332412.827586,0.277960,2
013,Beaufort,Sun City 8,45013000367,Beaufort - Sun City 8,BEAUFORT - SUN CITY 8,4489453.261518,Beaufort,013,Sun City 10,BEAUFORT - SUN CITY 10,BEAUFORT - SUN CITY 10,3226750.142620,0.718740,1
013,Beaufort,Sun City 8,45013000367,Beaufort - Sun City 8,BEAUFORT - SUN CITY 8,4489453.261518,Beaufort,013,Sun City 8,BEAUFORT - SUN CITY 8,BEAUFORT - SUN CITY 8,1262703.118896,0.281260,2
013,Beaufort,Moss Creek,45013000308,Beaufort - Moss Creek,BEAUFORT - MOSS CREEK,6714921.540936,Beaufort,013,Moss Creek 2,BEAUFORT - MOSS CREEK 2,BEAUFORT - MOSS CREEK 2,3424402.766068,0.509969,1
013,Beaufort,Moss Creek,45013000308,Beaufort - Moss Creek,BEAUFORT - MOSS CREEK,6714921.540936,Beaufort,013,Moss Creek 1,BEAUFORT - MOSS CREEK 1,BEAUFORT - MOSS CREEK 1,3290518.774866,0.490031,2
013,Beaufort,Bluffton 2E,45013000315,Beaufort - Bluffton 2E,BEAUFORT - BLUFFTON 2E,4780645.519079,Beaufort,013,Bluffton 2e,BEAUFORT - BLUFFTON 2E,BEAUFORT - BLUFFTON 2E,4780645.519078,1.000000,1
013,Beaufort,Sun City 7,45013000366,Beaufort - Sun City 7,BEAUFORT - SUN CITY 7,3015942.439080,Beaufort,013,Sun City 7,BEAUFORT - SUN CITY 7,BEAUFORT - SUN CITY 7,3015942.439079,1.000000,1
013,Beaufort,Rose Hill,45013000316,Beaufort - Rose Hill,BEAUFORT - ROSE HILL,6388135.377012,Beaufort,013,Rose Hill 1,BEAUFORT - ROSE HILL 1,BEAUFORT - ROSE HILL 1,3790254.131739,0.593327,1
013,Beaufort,Rose Hill,45013000316,Beaufort - Rose Hill,BEAUFORT - ROSE HILL,6388135.377012,Beaufort,013,Rose Hill 2,BEAUFORT - ROSE HILL 2,BEAUFORT - ROSE HILL 2,2597881.143912,0.406673,2
013,Beaufort,Bluffton 4A,45013000310,Beaufort - Bluffton 4A,BEAUFORT - BLUFFTON 4A,25214543.558238,Beaufort,013,Bluffton 4f,BEAUFORT - BLUFFTON 4F,BEAUFORT - BLUFFTON 4F,21288931.352936,0.844312,1
013,Beaufort,Bluffton 4A,45013000310,Beaufort - Bluffton 4A,BEAUFORT - BLUFFTON 4A,25214543.558238,Beaufort,013,Bluffton 4a,BEAUFORT - BLUFFTON 4A,BEAUFORT - BLUFFTON 4A,3144446.863174,0.124708,2
013,Beaufort,Bluffton 4A,45013000310,Beaufort - Bluffton 4A,BEAUFORT - BLUFFTON 4A,25214543.558238,Beaufort,013,Riverbend 2,BEAUFORT - RIVERBEND 2,BEAUFORT - RIVERBEND 2,781151.395846,0.030980,3
013,Beaufort,Bluffton 2D,45013000314,Beaufort - Bluffton 2D,BEAUFORT - BLUFFTON 2D,4771256.066144,Beaufort,013,Pritchardville 1,BEAUFORT - PRITCHARDVILLE 1,BEAUFORT - PRITCHARDVILLE 1,2996064.463340,0.627940,1
013,Beaufort,Bluffton 2D,45013000314,Beaufort - Bluffton 2D,BEAUFORT - BLUFFTON 2D,4771256.066144,Beaufort,013,Bluffton 2d,BEAUFORT - BLUFFTON 2D,BEAUFORT - BLUFFTON 2D,1775191.602803,0.372060,2
013,Beaufort,Bluffton 2A,45013000305,Beaufort - Bluffton 2A,BEAUFORT - BLUFFTON 2A,1542280.832067,Beaufort,013,Bluffton 2a,BEAUFORT - BLUFFTON 2A,BEAUFORT - BLUFFTON 2A,1542280.832064,1.000000,1
013,Beaufort,Belfair,45013000300,Beaufort - Belfair,BEAUFORT - BELFAIR,11144482.309832,Beaufort,013,Belfair 1,BEAUFORT - BELFAIR 1,BEAUFORT - BELFAIR 1,8089398.487450,0.725866,1
013,Beaufort,Belfair,45013000300,Beaufort - Belfair,BEAUFORT - BELFAIR,11144482.309832,Beaufort,013,Belfair 2,BEAUFORT - BELFAIR 2,BEAUFORT - BELFAIR 2,3055083.822381,0.274134,2
013,Beaufort,Chechessee 2,45013000121,Beaufort - Chechessee 2,BEAUFORT - CHECHESSEE 2,12039061.046832,Beaufort,013,Chechessee 2,BEAUFORT - CHECHESSEE 2,BEAUFORT - CHECHESSEE 2,6978244.010819,0.579634,1
013,Beaufort,Chechessee 2,45013000121,Beaufort - Chechessee 2,BEAUFORT - CHECHESSEE 2,12039061.046832,Beaufort,013,Riverbend 1,BEAUFORT - RIVERBEND 1,BEAUFORT - RIVERBEND 1,4179664.729770,0.347175,2
013,Beaufort,Chechessee 2,45013000121,Beaufort - Chechessee 2,BEAUFORT - CHECHESSEE 2,12039061.046832,Beaufort,013,Riverbend 2,BEAUFORT - RIVERBEND 2,BEAUFORT - RIVERBEND 2,881152.306242,0.073191,3
013,Beaufort,Sun City 2,45013000361,Beaufort - Sun City 2,BEAUFORT - SUN CITY 2,2069866.696844,Beaufort,013,Sun City 2,BEAUFORT - SUN CITY 2,BEAUFORT - SUN CITY 2,2069866.696842,1.000000,1
013,Beaufort,Sun City 2,45013000361,Beaufort - Sun City 2,BEAUFORT - SUN CITY 2,2069866.696844,Beaufort,013,Sun City 9,BEAUFORT - SUN CITY 9,BEAUFORT - SUN CITY 9,1264.715434,0.000611,2
013,Beaufort,Sun City 1,45013000360,Beaufort - Sun City 1,BEAUFORT - SUN CITY 1,2461875.499110,Beaufort,013,Sun City 1,BEAUFORT - SUN CITY 1,BEAUFORT - SUN CITY 1,2461875.499110,1.000000,1
013,Beaufort,Bluffton 4C,45013000312,Beaufort - Bluffton 4C,BEAUFORT - BLUFFTON 4C,7982607.947052,Beaufort,013,Buckwalter 2,BEAUFORT - BUCKWALTER 2,BEAUFORT - BUCKWALTER 2,3330223.286429,0.417185,1
013,Beaufort,Bluffton 4C,45013000312,Beaufort - Bluffton 4C,BEAUFORT - BLUFFTON 4C,7982607.947052,Beaufort,013,Bluffton 4c,BEAUFORT - BLUFFTON 4C,BEAUFORT - BLUFFTON 4C,2380721.347096,0.298239,2
013,Beaufort,Bluffton 4C,45013000312,Beaufort - Bluffton 4C,BEAUFORT - BLUFFTON 4C,7982607.947052,Beaufort,013,Buckwalter 1,BEAUFORT - BUCKWALTER 1,BEAUFORT - BUCKWALTER 1,2271663.176963,0.284577,3
013,Beaufort,Ladys Island 3A,45013000134,Beaufort - Ladys Island 3A,BEAUFORT - LADYS ISLAND 3A,14318069.692573,Beaufort,013,Ladys Island 3a,BEAUFORT - LADYS ISLAND 3A,BEAUFORT - LADYS ISLAND 3A,14318069.692569,1.000000,1
013,Beaufort,Sun City 5,45013000364,Beaufort - Sun City 5,BEAUFORT - SUN CITY 5,1796576.797141,Beaufort,013,Sun City 5,BEAUFORT - SUN CITY 5,BEAUFORT - SUN CITY 5,1796576.797140,1.000000,1
013,Beaufort,Bluffton 2B,45013000306,Beaufort - Bluffton 2B,BEAUFORT - BLUFFTON 2B,2792426.383707,Beaufort,013,Bluffton 2b,BEAUFORT - BLUFFTON 2B,BEAUFORT - BLUFFTON 2B,2792426.383706,1.000000,1
013,Beaufort,Sun City 6,45013000365,Beaufort - Sun City 6,BEAUFORT - SUN CITY 6,1864932.534407,Beaufort,013,Sun City 6,BEAUFORT - SUN CITY 6,BEAUFORT - SUN CITY 6,1864932.534406,1.000000,1
013,Beaufort,Bluffton 4B,45013000311,Beaufort - Bluffton 4B,BEAUFORT - BLUFFTON 4B,4734696.509769,Beaufort,013,Bluffton 4e,BEAUFORT - BLUFFTON 4E,BEAUFORT - BLUFFTON 4E,2881858.858699,0.608668,1
013,Beaufort,Bluffton 4B,45013000311,Beaufort - Bluffton 4B,BEAUFORT - BLUFFTON 4B,4734696.509769,Beaufort,013,Bluffton 4b,BEAUFORT - BLUFFTON 4B,BEAUFORT - BLUFFTON 4B,1852836.812804,0.391332,2
013,Beaufort,Sun City 3,45013000362,Beaufort - Sun City 3,BEAUFORT - SUN CITY 3,2553418.629687,Beaufort,013,Sun City 3,BEAUFORT - SUN CITY 3,BEAUFORT - SUN CITY 3,1466834.199645,0.574459,1
013,Beaufort,Sun City 3,45013000362,Beaufort - Sun City 3,BEAUFORT - SUN CITY 3,2553418.629687,Beaufort,013,Sun City 9,BEAUFORT - SUN CITY 9,BEAUFORT - SUN CITY 9,1084516.034507,0.424731,2
013,Beaufort,Bluffton 1B,45013000302,Beaufort - Bluffton 1B,BEAUFORT - BLUFFTON 1B,4060606.738968,Beaufort,013,Bluffton 1b,BEAUFORT - BLUFFTON 1B,BEAUFORT - BLUFFTON 1B,4060606.738967,1.000000,1
013,Beaufort,Hilton Head 1B,45013000202,Beaufort - Hilton Head 1B,BEAUFORT - HILTON HEAD 1B,6780042.388681,Beaufort,013,Hilton Head 1b,BEAUFORT - HILTON HEAD 1B,BEAUFORT - HILTON HEAD 1B,6780042.388678,1.000000,1
013,Beaufort,Hilton Head 13,45013000225,Beaufort - Hilton Head 13,BEAUFORT - HILTON HEAD 13,34739758.010874,Beaufort,013,Hilton Head 13,BEAUFORT - HILTON HEAD 13,BEAUFORT - HILTON HEAD 13,34739758.010867,1.000000,1
013,Beaufort,Hilton Head 7A,45013000216,Beaufort - Hilton Head 7A,BEAUFORT - HILTON HEAD 7A,46325344.794555,Beaufort,013,Hilton Head 7a,BEAUFORT - HILTON HEAD 7A,BEAUFORT - HILTON HEAD 7A,46325344.794554,1.000000,1
013,Beaufort,Hilton Head 4B,45013000208,Beaufort - Hilton Head 4B,BEAUFORT - HILTON HEAD 4B,4783445.544700,Beaufort,013,Hilton Head 4b,BEAUFORT - HILTON HEAD 4B,BEAUFORT - HILTON HEAD 4B,4783445.544697,1.000000,1
013,Beaufort,Hilton Head 8,45013000219,Beaufort - Hilton Head 8,BEAUFORT - HILTON HEAD 8,4643406.183454,Beaufort,013,Hilton Head 8,BEAUFORT - HILTON HEAD 8,BEAUFORT - HILTON HEAD 8,4643406.183451,1.000000,1
013,Beaufort,Hilton Head 2C,45013000205,Beaufort - Hilton Head 2C,BEAUFORT - HILTON HEAD 2C,5997166.843169,Beaufort,013,Hilton Head 2c,BEAUFORT - HILTON HEAD 2C,BEAUFORT - HILTON HEAD 2C,3088348.238515,0.514968,1
013,Beaufort,Hilton Head 2C,45013000205,Beaufort - Hilton Head 2C,BEAUFORT - HILTON HEAD 2C,5997166.843169,Beaufort,013,Hilton Head 2e,BEAUFORT - HILTON HEAD 2E,BEAUFORT - HILTON HEAD 2E,2908832.623471,0.485034,2
013,Beaufort,Hilton Head 10,45013000222,Beaufort - Hilton Head 10,BEAUFORT - HILTON HEAD 10,9812421.447259,Beaufort,013,Hilton Head 10,BEAUFORT - HILTON HEAD 10,BEAUFORT - HILTON HEAD 10,5085074.498916,0.518228,1
013,Beaufort,Hilton Head 10,45013000222,Beaufort - Hilton Head 10,BEAUFORT - HILTON HEAD 10,9812421.447259,Beaufort,013,Spanish Wells,BEAUFORT - SPANISH WELLS,BEAUFORT - SPANISH WELLS,4727346.938904,0.481772,2
013,Beaufort,Hilton Head 9B,45013000221,Beaufort - Hilton Head 9B,BEAUFORT - HILTON HEAD 9B,6618905.192904,Beaufort,013,Hilton Head 9b,BEAUFORT - HILTON HEAD 9B,BEAUFORT - HILTON HEAD 9B,3894198.351953,0.588345,1
013,Beaufort,Hilton Head 9B,45013000221,Beaufort - Hilton Head 9B,BEAUFORT - HILTON HEAD 9B,6618905.192904,Beaufort,013,Hilton Head 9d,BEAUFORT - HILTON HEAD 9D,BEAUFORT - HILTON HEAD 9D,2724706.840586,0.411655,2
013,Beaufort,Hilton Head 2A,45013000203,Beaufort - Hilton Head 2A,BEAUFORT - HILTON HEAD 2A,6054406.587789,Beaufort,013,Hilton Head 2a,BEAUFORT - HILTON HEAD 2A,BEAUFORT - HILTON HEAD 2A,6054406.587785,1.000000,1
013,Beaufort,Hilton Head 5A,45013000211,Beaufort - Hilton Head 5A,BEAUFORT - HILTON HEAD 5A,14014726.584546,Beaufort,013,Hilton Head 5a,BEAUFORT - HILTON HEAD 5A,BEAUFORT - HILTON HEAD 5A,14014726.584542,1.000000,1
013,Beaufort,Hilton Head 6,45013000214,Beaufort - Hilton Head 6,BEAUFORT - HILTON HEAD 6,41886555.076626,Beaufort,013,Hilton Head 6,BEAUFORT - HILTON HEAD 6,BEAUFORT - HILTON HEAD 6,41886555.076622,1.000000,1
013,Beaufort,Hilton Head 1A,45013000201,Beaufort - Hilton Head 1A,BEAUFORT - HILTON HEAD 1A,2900314.867459,Beaufort,013,Hilton Head 1a,BEAUFORT - HILTON HEAD 1A,BEAUFORT - HILTON HEAD 1A,2900314.867458,1.000000,1
013,Beaufort,Hilton Head 2B,45013000204,Beaufort - Hilton Head 2B,BEAUFORT - HILTON HEAD 2B,18161155.921572,Beaufort,013,Hilton Head 2b,BEAUFORT - HILTON HEAD 2B,BEAUFORT - HILTON HEAD 2B,14666151.021688,0.807556,1
013,Beaufort,Hilton Head 2B,45013000204,Beaufort - Hilton Head 2B,BEAUFORT - HILTON HEAD 2B,18161155.921572,Beaufort,013,Hilton Head 2d,BEAUFORT - HILTON HEAD 2D,BEAUFORT - HILTON HEAD 2D,3495004.891512,0.192444,2
013,Beaufort,Hilton Head 4C,45013000209,Beaufort - Hilton Head 4C,BEAUFORT - HILTON HEAD 4C,1641798.730911,Beaufort,013,Hilton Head 4c,BEAUFORT - HILTON HEAD 4C,BEAUFORT - HILTON HEAD 4C,1641798.730909,1.000000,1
013,Beaufort,Hilton Head 5B,45013000212,Beaufort - Hilton Head 5B,BEAUFORT - HILTON HEAD 5B,1923887.726891,Beaufort,013,Hilton Head 5b,BEAUFORT - HILTON HEAD 5B,BEAUFORT - HILTON HEAD 5B,1923887.726890,1.000000,1
013,Beaufort,Hilton Head 14,45013000226,Beaufort - Hilton Head 14,BEAUFORT - HILTON HEAD 14,39881626.619719,Beaufort,013,Hilton Head 14,BEAUFORT - HILTON HEAD 14,BEAUFORT - HILTON HEAD 14,39881626.619714,1.000000,1
013,Beaufort,Hilton Head 15A,45013000227,Beaufort - Hilton Head 15A,BEAUFORT - HILTON HEAD 15A,2239539.677841,Beaufort,013,Hilton Head 15a,BEAUFORT - HILTON HEAD 15A,BEAUFORT - HILTON HEAD 15A,2239539.677839,1.000000,1
013,Beaufort,Hilton Head 15B,45013000228,Beaufort - Hilton Head 15B,BEAUFORT - HILTON HEAD 15B,6856040.982136,Beaufort,013,Hilton Head 15b,BEAUFORT - HILTON HEAD 15B,BEAUFORT - HILTON HEAD 15B,6856040.982134,1.000000,1
013,Beaufort,Hilton Head 4D,45013000210,Beaufort - Hilton Head 4D,BEAUFORT - HILTON HEAD 4D,2873846.905072,Beaufort,013,Hilton Head 4d,BEAUFORT - HILTON HEAD 4D,BEAUFORT - HILTON HEAD 4D,2873846.905069,1.000000,1
013,Beaufort,Hilton Head 12,45013000224,Beaufort - Hilton Head 12,BEAUFORT - HILTON HEAD 12,4955029.606057,Beaufort,013,Hilton Head 12,BEAUFORT - HILTON HEAD 12,BEAUFORT - HILTON HEAD 12,4955029.606055,1.000000,1
013,Beaufort,Hilton Head 9A,45013000220,Beaufort - Hilton Head 9A,BEAUFORT - HILTON HEAD 9A,4172649.751529,Beaufort,013,Hilton Head 9c,BEAUFORT - HILTON HEAD 9C,BEAUFORT - HILTON HEAD 9C,2677147.980198,0.641594,1
013,Beaufort,Hilton Head 9A,45013000220,Beaufort - Hilton Head 9A,BEAUFORT - HILTON HEAD 9A,4172649.751529,Beaufort,013,Hilton Head 9a,BEAUFORT - HILTON HEAD 9A,BEAUFORT - HILTON HEAD 9A,1495501.554784,0.358406,2
013,Beaufort,Hilton Head 11,45013000223,Beaufort - Hilton Head 11,BEAUFORT - HILTON HEAD 11,3213847.757124,Beaufort,013,Hilton Head 11,BEAUFORT - HILTON HEAD 11,BEAUFORT - HILTON HEAD 11,3213847.757122,1.000000,1
013,Beaufort,Hilton Head 7B,45013000217,Beaufort - Hilton Head 7B,BEAUFORT - HILTON HEAD 7B,16245653.312980,Beaufort,013,Hilton Head 7c,BEAUFORT - HILTON HEAD 7C,BEAUFORT - HILTON HEAD 7C,13878453.337513,0.854287,1
013,Beaufort,Hilton Head 7B,45013000217,Beaufort - Hilton Head 7B,BEAUFORT - HILTON HEAD 7B,16245653.312980,Beaufort,013,Hilton Head 7b,BEAUFORT - HILTON HEAD 7B,BEAUFORT - HILTON HEAD 7B,2367199.798505,0.145713,2
013,Beaufort,Hilton Head 4A,45013000207,Beaufort - Hilton Head 4A,BEAUFORT - HILTON HEAD 4A,6434908.295001,Beaufort,013,Hilton Head 4a,BEAUFORT - HILTON HEAD 4A,BEAUFORT - HILTON HEAD 4A,6434908.294999,1.000000,1
013,Beaufort,Hilton Head 3,45013000206,Beaufort - Hilton Head 3,BEAUFORT - HILTON HEAD 3,3061785.498529,Beaufort,013,Hilton Head 3,BEAUFORT - HILTON HEAD 3,BEAUFORT - HILTON HEAD 3,3061785.498528,1.000000,1
013,Beaufort,Sun City 4,45013000363,Beaufort - Sun City 4,BEAUFORT - SUN CITY 4,1939343.621880,Beaufort,013,Sun City 4,BEAUFORT - SUN CITY 4,BEAUFORT - SUN CITY 4,1939343.621879,1.000000,1
013,Beaufort,St. Helena 1B,45013000181,Beaufort - St. Helena 1B,BEAUFORT - ST. HELENA 1B,129977663.137147,Beaufort,013,St. Helena 1b,BEAUFORT - ST. HELENA 1B,BEAUFORT - ST. HELENA 1B,129977663.137131,1.000000,1
013,Beaufort,Ladys Island 1B,45013000131,Beaufort - Ladys Island 1B,BEAUFORT - LADYS ISLAND 1B,33762613.754866,Beaufort,013,Ladys Island 4b,BEAUFORT - LADYS ISLAND 4B,BEAUFORT - LADYS ISLAND 4B,18080601.511524,0.535521,1
013,Beaufort,Ladys Island 1B,45013000131,Beaufort - Ladys Island 1B,BEAUFORT - LADYS ISLAND 1B,33762613.754866,Beaufort,013,Ladys Island 1b,BEAUFORT - LADYS ISLAND 1B,BEAUFORT - LADYS ISLAND 1B,15682012.243337,0.464479,2
013,Beaufort,Ladys Island 2B,45013000133,Beaufort - Ladys Island 2B,BEAUFORT - LADYS ISLAND 2B,16516357.445744,Beaufort,013,Ladys Island 2b,BEAUFORT - LADYS ISLAND 2B,BEAUFORT - LADYS ISLAND 2B,10485567.974999,0.634860,1
013,Beaufort,Ladys Island 2B,45013000133,Beaufort - Ladys Island 2B,BEAUFORT - LADYS ISLAND 2B,16516357.445744,Beaufort,013,Ladys Island 2d,BEAUFORT - LADYS ISLAND 2D,BEAUFORT - LADYS ISLAND 2D,6030788.535380,0.365140,2
013,Beaufort,Ladys Island 2A,45013000132,Beaufort - Ladys Island 2A,BEAUFORT - LADYS ISLAND 2A,5397128.475958,Beaufort,013,Ladys Island 4c,BEAUFORT - LADYS ISLAND 4C,BEAUFORT - LADYS ISLAND 4C,3273199.095825,0.606470,1
013,Beaufort,Ladys Island 2A,45013000132,Beaufort - Ladys Island 2A,BEAUFORT - LADYS ISLAND 2A,5397128.475958,Beaufort,013,Ladys Island 2a,BEAUFORT - LADYS ISLAND 2A,BEAUFORT - LADYS ISLAND 2A,2123929.354117,0.393530,2
013,Beaufort,Ladys Island 3C,45013000187,Beaufort - Ladys Island 3C,BEAUFORT - LADYS ISLAND 3C,5285759.528826,Beaufort,013,Ladys Island 3c,BEAUFORT - LADYS ISLAND 3C,BEAUFORT - LADYS ISLAND 3C,5285759.528823,1.000000,1
013,Beaufort,Ladys Island 2C,45013000186,Beaufort - Ladys Island 2C,BEAUFORT - LADYS ISLAND 2C,71901439.370276,Beaufort,013,Ladys Island 2c,BEAUFORT - LADYS ISLAND 2C,BEAUFORT - LADYS ISLAND 2C,71901439.370264,1.000000,1
013,Beaufort,St. Helena 2C,45013000185,Beaufort - St. Helena 2C,BEAUFORT - ST. HELENA 2C,369837852.720601,Beaufort,013,St. Helena 2c,BEAUFORT - ST. HELENA 2C,BEAUFORT - ST. HELENA 2C,369837852.720584,1.000000,1
013,Beaufort,Ladys Island 3B,45013000135,Beaufort - Ladys Island 3B,BEAUFORT - LADYS ISLAND 3B,6201607.607148,Beaufort,013,Ladys Island 3b,BEAUFORT - LADYS ISLAND 3B,BEAUFORT - LADYS ISLAND 3B,6201607.607146,1.000000,1
013,Beaufort,St. Helena 2B,45013000184,Beaufort - St. Helena 2B,BEAUFORT - ST. HELENA 2B,54438613.715190,Beaufort,013,St. Helena 2b,BEAUFORT - ST. HELENA 2B,BEAUFORT - ST. HELENA 2B,54438613.715186,1.000000,1
013,Beaufort,St. Helena 2A,45013000183,Beaufort - St. Helena 2A,BEAUFORT - ST. HELENA 2A,43999001.034641,Beaufort,013,St. Helena 2a,BEAUFORT - ST. HELENA 2A,BEAUFORT - ST. HELENA 2A,43999001.034635,1.000000,1
013,Beaufort,St. Helena 1A,45013000180,Beaufort - St. Helena 1A,BEAUFORT - ST. HELENA 1A,37642186.103891,Beaufort,013,St. Helena 1a,BEAUFORT - ST. HELENA 1A,BEAUFORT - ST. HELENA 1A,37642186.103884,1.000000,1
013,Beaufort,St. Helena 1C,45013000182,Beaufort - St. Helena 1C,BEAUFORT - ST. HELENA 1C,13895864.711159,Beaufort,013,St. Helena 1c,BEAUFORT - ST. HELENA 1C,BEAUFORT - ST. HELENA 1C,7811444.988936,0.562142,1
013,Beaufort,St. Helena 1C,45013000182,Beaufort - St. Helena 1C,BEAUFORT - ST. HELENA 1C,13895864.711159,Beaufort,013,St. Helena 1d,BEAUFORT - ST. HELENA 1D,BEAUFORT - ST. HELENA 1D,6084419.603437,0.437858,2
013,Beaufort,Ladys Island 1A,45013000130,Beaufort - Ladys Island 1A,BEAUFORT - LADYS ISLAND 1A,15593179.966749,Beaufort,013,Ladys Island 4a,BEAUFORT - LADYS ISLAND 4A,BEAUFORT - LADYS ISLAND 4A,8887430.465552,0.569956,1
013,Beaufort,Ladys Island 1A,45013000130,Beaufort - Ladys Island 1A,BEAUFORT - LADYS ISLAND 1A,15593179.966749,Beaufort,013,Ladys Island 1a,BEAUFORT - LADYS ISLAND 1A,BEAUFORT - LADYS ISLAND 1A,6705749.267045,0.430044,2
013,Beaufort,Sheldon 1,45013000170,Beaufort - Sheldon 1,BEAUFORT - SHELDON 1,121442198.617016,Beaufort,013,Sheldon 1,BEAUFORT - SHELDON 1,BEAUFORT - SHELDON 1,121442198.617006,1.000000,1
013,Beaufort,Dale Lobeco,45013000160,Beaufort - Dale Lobeco,BEAUFORT - DALE LOBECO,174439892.307691,Beaufort,013,Dale Lobeco,BEAUFORT - DALE LOBECO,BEAUFORT - DALE LOBECO,174439892.307678,1.000000,1
013,Beaufort,Sheldon 2,45013000174,Beaufort - Sheldon 2,BEAUFORT - SHELDON 2,113825167.405388,Beaufort,013,Sheldon 2,BEAUFORT - SHELDON 2,BEAUFORT - SHELDON 2,113825167.405379,1.000000,1
013,Beaufort,Hilton Head 5C,45013000213,Beaufort - Hilton Head 5C,BEAUFORT - HILTON HEAD 5C,2565802.631760,Beaufort,013,Hilton Head 5c,BEAUFORT - HILTON HEAD 5C,BEAUFORT - HILTON HEAD 5C,2565802.631757,1.000000,1
015,Berkeley,Cordesville,45015000010,Berkeley - Cordesville,BERKELEY - CORDESVILLE,175241441.423440,Berkeley,015,Cordesville,BERKELEY - CORDESVILLE,BERKELEY - CORDESVILLE,175241441.423427,1.000000,1
015,Berkeley,Jamestown,45015000027,Berkeley - Jamestown,BERKELEY - JAMESTOWN,138979202.959057,Berkeley,015,Jamestown,BERKELEY - JAMESTOWN,BERKELEY - JAMESTOWN,138979202.959047,1.000000,1
015,Berkeley,Shulerville,45015000041,Berkeley - Shulerville,BERKELEY - SHULERVILLE,191896219.478052,Berkeley,015,Shulerville,BERKELEY - SHULERVILLE,BERKELEY - SHULERVILLE,191896219.478041,1.000000,1
015,Berkeley,Huger,45015000026,Berkeley - Huger,BERKELEY - HUGER,246781917.965837,Berkeley,015,Huger,BERKELEY - HUGER,BERKELEY - HUGER,246781917.965825,1.000000,1
015,Berkeley,Moultrie,45015000069,Berkeley - Moultrie,BERKELEY - MOULTRIE,73596560.481187,Berkeley,015,Moultrie,BERKELEY - MOULTRIE,BERKELEY - MOULTRIE,73596125.888485,0.999994,1
015,Berkeley,Cross,45015000011,Berkeley - Cross,BERKELEY - CROSS,174130470.329855,Berkeley,015,Cross,BERKELEY - CROSS,BERKELEY - CROSS,174058923.159999,0.999589,1
015,Berkeley,Hilton Cross Rd,45015000024,Berkeley - Hilton Cross Rd,BERKELEY - HILTON CROSS RD,167901083.029737,Berkeley,015,Hilton Cross Roads,BERKELEY - HILTON CROSS ROADS,BERKELEY - HILTON CROSS ROADS,167864716.479735,0.999783,1
015,Berkeley,Lebanon,45015000028,Berkeley - Lebanon,BERKELEY - LEBANON,73119840.902407,Berkeley,015,Lebanon,BERKELEY - LEBANON,BERKELEY - LEBANON,72935444.555935,0.997478,1
015,Berkeley,Lebanon,45015000028,Berkeley - Lebanon,BERKELEY - LEBANON,73119840.902407,Berkeley,015,Hilton Cross Roads,BERKELEY - HILTON CROSS ROADS,BERKELEY - HILTON CROSS ROADS,184389.590652,0.002522,2
015,Berkeley,Sedgefield 2,45015000082,Berkeley - Sedgefield 2,BERKELEY - SEDGEFIELD 2,41054624.984728,Berkeley,015,Sedgefield 2,BERKELEY - SEDGEFIELD 2,BERKELEY - SEDGEFIELD 2,40991999.800889,0.998475,1
015,Berkeley,Sedgefield 2,45015000082,Berkeley - Sedgefield 2,BERKELEY - SEDGEFIELD 2,41054624.984728,Berkeley,015,Sedgefield 1,BERKELEY - SEDGEFIELD 1,BERKELEY - SEDGEFIELD 1,41855.951492,0.001020,2
015,Berkeley,Beverly Hills,45015000054,Berkeley - Beverly Hills,BERKELEY - BEVERLY HILLS,3493530.871534,Berkeley,015,Beverly Hill,BERKELEY - BEVERLY HILL,BERKELEY - BEVERLY HILL,3492597.569862,0.999733,1
015,Berkeley,Westview 1,45015000050,Berkeley - Westview 1,BERKELEY - WESTVIEW 1,1297844.267233,Berkeley,015,Westview 1,BERKELEY - WESTVIEW 1,BERKELEY - WESTVIEW 1,1297508.618517,0.999741,1
015,Berkeley,Wassamassaw 1,45015000048,Berkeley - Wassamassaw 1,BERKELEY - WASSAMASSAW 1,36914129.597700,Berkeley,015,Wassamassaw 1,BERKELEY - WASSAMASSAW 1,BERKELEY - WASSAMASSAW 1,36911968.979656,0.999941,1
015,Berkeley,Cane Bay,45015000065,Berkeley - Cane Bay,BERKELEY - CANE BAY,5860746.573151,Berkeley,015,Cane Bay,BERKELEY - CANE BAY,BERKELEY - CANE BAY,5860642.868545,0.999982,1
015,Berkeley,Liberty Hall,45015000057,Berkeley - Liberty Hall,BERKELEY - LIBERTY HALL,3969414.028710,Berkeley,015,Liberty Hall,BERKELEY - LIBERTY HALL,BERKELEY - LIBERTY HALL,3946720.053183,0.994283,1
015,Berkeley,Liberty Hall,45015000057,Berkeley - Liberty Hall,BERKELEY - LIBERTY HALL,3969414.028710,Berkeley,015,Medway,BERKELEY - MEDWAY,BERKELEY - MEDWAY,17421.279893,0.004389,2
015,Berkeley,Liberty Hall,45015000057,Berkeley - Liberty Hall,BERKELEY - LIBERTY HALL,3969414.028710,Berkeley,015,Beverly Hill,BERKELEY - BEVERLY HILL,BERKELEY - BEVERLY HILL,5257.834331,0.001325,3
015,Berkeley,Hanahan 1,45015000020,Berkeley - Hanahan 1,BERKELEY - HANAHAN 1,3672504.002301,Berkeley,015,Hanahan 1,BERKELEY - HANAHAN 1,BERKELEY - HANAHAN 1,3578406.013623,0.974378,1
015,Berkeley,Hanahan 1,45015000020,Berkeley - Hanahan 1,BERKELEY - HANAHAN 1,3672504.002301,Berkeley,015,Foster Creek 1,BERKELEY - FOSTER CREEK 1,BERKELEY - FOSTER CREEK 1,94097.988677,0.025622,2
015,Berkeley,Carnes Cross Roads 1,45015000008,Berkeley - Carnes Cross Roads 1,BERKELEY - CARNES CROSS ROADS 1,35631662.448895,Berkeley,015,Carnes Cross Road 1,BERKELEY - CARNES CROSS ROAD 1,BERKELEY - CARNES CROSS ROAD 1,35560936.632614,0.998015,1
015,Berkeley,Carnes Cross Roads 1,45015000008,Berkeley - Carnes Cross Roads 1,BERKELEY - CARNES CROSS ROADS 1,35631662.448895,Berkeley,015,Live Oak,BERKELEY - LIVE OAK,BERKELEY - LIVE OAK,50047.046090,0.001405,2
015,Berkeley,Carnes Cross Roads 1,45015000008,Berkeley - Carnes Cross Roads 1,BERKELEY - CARNES CROSS ROADS 1,35631662.448895,Berkeley,015,Foxbank,BERKELEY - FOXBANK,BERKELEY - FOXBANK,20639.690972,0.000579,3
015,Berkeley,Hanahan 5,45015000068,Berkeley - Hanahan 5,BERKELEY - HANAHAN 5,10717635.058357,Berkeley,015,Yeamans Club,BERKELEY - YEAMANS CLUB,BERKELEY - YEAMANS CLUB,8385135.191248,0.782368,1
015,Berkeley,Hanahan 5,45015000068,Berkeley - Hanahan 5,BERKELEY - HANAHAN 5,10717635.058357,Berkeley,015,Hanahan 5,BERKELEY - HANAHAN 5,BERKELEY - HANAHAN 5,2294071.776976,0.214046,2
015,Berkeley,Hanahan 5,45015000068,Berkeley - Hanahan 5,BERKELEY - HANAHAN 5,10717635.058357,Berkeley,015,Sedgefield 2,BERKELEY - SEDGEFIELD 2,BERKELEY - SEDGEFIELD 2,38265.667247,0.003570,3
015,Berkeley,Sangaree 2,45015000039,Berkeley - Sangaree 2,BERKELEY - SANGAREE 2,1984276.833841,Berkeley,015,Sangaree 2,BERKELEY - SANGAREE 2,BERKELEY - SANGAREE 2,1984276.595143,1.000000,1
015,Berkeley,Stratford 4,45015000047,Berkeley - Stratford 4,BERKELEY - STRATFORD 4,3242007.585068,Berkeley,015,Stratford 4,BERKELEY - STRATFORD 4,BERKELEY - STRATFORD 4,3215347.478115,0.991777,1
015,Berkeley,Stratford 4,45015000047,Berkeley - Stratford 4,BERKELEY - STRATFORD 4,3242007.585068,Berkeley,015,Discovery,BERKELEY - DISCOVERY,BERKELEY - DISCOVERY,17747.778397,0.005474,2
015,Berkeley,Stratford 4,45015000047,Berkeley - Stratford 4,BERKELEY - STRATFORD 4,3242007.585068,Berkeley,015,Stratford 2,BERKELEY - STRATFORD 2,BERKELEY - STRATFORD 2,8909.662462,0.002748,3
015,Berkeley,Discovery,45015000066,Berkeley - Discovery,BERKELEY - DISCOVERY,2748766.882057,Berkeley,015,Discovery,BERKELEY - DISCOVERY,BERKELEY - DISCOVERY,2719068.871360,0.989196,1
015,Berkeley,Discovery,45015000066,Berkeley - Discovery,BERKELEY - DISCOVERY,2748766.882057,Berkeley,015,Sangaree 1,BERKELEY - SANGAREE 1,BERKELEY - SANGAREE 1,29619.923212,0.010776,2
015,Berkeley,Sangaree 1,45015000038,Berkeley - Sangaree 1,BERKELEY - SANGAREE 1,2094588.157308,Berkeley,015,Sangaree 1,BERKELEY - SANGAREE 1,BERKELEY - SANGAREE 1,2080413.493241,0.993233,1
015,Berkeley,Sangaree 1,45015000038,Berkeley - Sangaree 1,BERKELEY - SANGAREE 1,2094588.157308,Berkeley,015,Seventy Eight,BERKELEY - SEVENTY EIGHT,BERKELEY - SEVENTY EIGHT,14173.958725,0.006767,2
015,Berkeley,Howe Hall 1,45015000055,Berkeley - Howe Hall 1,BERKELEY - HOWE HALL 1,3666192.095956,Berkeley,015,Howe Hall 1,BERKELEY - HOWE HALL 1,BERKELEY - HOWE HALL 1,3666188.536033,0.999999,1
015,Berkeley,Stratford 2,45015000045,Berkeley - Stratford 2,BERKELEY - STRATFORD 2,3478236.843656,Berkeley,015,Stratford 2,BERKELEY - STRATFORD 2,BERKELEY - STRATFORD 2,3445879.773307,0.990697,1
015,Berkeley,Stratford 2,45015000045,Berkeley - Stratford 2,BERKELEY - STRATFORD 2,3478236.843656,Berkeley,015,Stone Lake,BERKELEY - STONE LAKE,BERKELEY - STONE LAKE,20050.769877,0.005765,2
015,Berkeley,Stratford 2,45015000045,Berkeley - Stratford 2,BERKELEY - STRATFORD 2,3478236.843656,Berkeley,015,Stratford 4,BERKELEY - STRATFORD 4,BERKELEY - STRATFORD 4,4313.864216,0.001240,3
015,Berkeley,Whitesville 2,45015000060,Berkeley - Whitesville 2,BERKELEY - WHITESVILLE 2,23478463.069288,Berkeley,015,Whitesville 2,BERKELEY - WHITESVILLE 2,BERKELEY - WHITESVILLE 2,23478302.436943,0.999993,1
015,Berkeley,Wassamassaw 2,45015000049,Berkeley - Wassamassaw 2,BERKELEY - WASSAMASSAW 2,65044184.854588,Berkeley,015,Wassamassaw 2,BERKELEY - WASSAMASSAW 2,BERKELEY - WASSAMASSAW 2,65018615.606752,0.999607,1
015,Berkeley,Devon Forest 1,45015000014,Berkeley - Devon Forest 1,BERKELEY - DEVON FOREST 1,2032240.358784,Berkeley,015,Devon Forest 1,BERKELEY - DEVON FOREST 1,BERKELEY - DEVON FOREST 1,2032196.867696,0.999979,1
015,Berkeley,Sangaree 3,45015000040,Berkeley - Sangaree 3,BERKELEY - SANGAREE 3,1032790.555048,Berkeley,015,Sangaree 3,BERKELEY - SANGAREE 3,BERKELEY - SANGAREE 3,1010618.063556,0.978531,1
015,Berkeley,Sangaree 3,45015000040,Berkeley - Sangaree 3,BERKELEY - SANGAREE 3,1032790.555048,Berkeley,015,Seventy Eight,BERKELEY - SEVENTY EIGHT,BERKELEY - SEVENTY EIGHT,16628.217834,0.016100,2
015,Berkeley,Sangaree 3,45015000040,Berkeley - Sangaree 3,BERKELEY - SANGAREE 3,1032790.555048,Berkeley,015,Sangaree 2,BERKELEY - SANGAREE 2,BERKELEY - SANGAREE 2,4710.419527,0.004561,3
015,Berkeley,Sangaree 3,45015000040,Berkeley - Sangaree 3,BERKELEY - SANGAREE 3,1032790.555048,Berkeley,015,Sangaree 1,BERKELEY - SANGAREE 1,BERKELEY - SANGAREE 1,833.854130,0.000807,4
015,Berkeley,Stratford 1,45015000044,Berkeley - Stratford 1,BERKELEY - STRATFORD 1,3607991.853313,Berkeley,015,Stratford 1,BERKELEY - STRATFORD 1,BERKELEY - STRATFORD 1,3607987.044651,0.999999,1
015,Berkeley,Westview 3,45015000052,Berkeley - Westview 3,BERKELEY - WESTVIEW 3,2236078.044389,Berkeley,015,Westview 3,BERKELEY - WESTVIEW 3,BERKELEY - WESTVIEW 3,2191497.760629,0.980063,1
015,Berkeley,St. James,45015000080,Berkeley - St. James,BERKELEY - ST. JAMES,1796840.315705,Berkeley,015,St. James,BERKELEY - ST. JAMES,BERKELEY - ST. JAMES,1796839.876354,1.000000,1
015,Berkeley,Central,45015000005,Berkeley - Central,BERKELEY - CENTRAL,4778406.611216,Berkeley,015,Central,BERKELEY - CENTRAL,BERKELEY - CENTRAL,4778404.896989,1.000000,1
015,Berkeley,Stratford 5,45015000074,Berkeley - Stratford 5,BERKELEY - STRATFORD 5,1354159.210302,Berkeley,015,Stratford 5,BERKELEY - STRATFORD 5,BERKELEY - STRATFORD 5,1352657.380166,0.998891,1
015,Berkeley,Stratford 5,45015000074,Berkeley - Stratford 5,BERKELEY - STRATFORD 5,1354159.210302,Berkeley,015,Stratford 4,BERKELEY - STRATFORD 4,BERKELEY - STRATFORD 4,1501.806844,0.001109,2
015,Berkeley,Stratford 3,45015000046,Berkeley - Stratford 3,BERKELEY - STRATFORD 3,6074970.580615,Berkeley,015,Stratford 3,BERKELEY - STRATFORD 3,BERKELEY - STRATFORD 3,6063557.813839,0.998121,1
015,Berkeley,Stratford 3,45015000046,Berkeley - Stratford 3,BERKELEY - STRATFORD 3,6074970.580615,Berkeley,015,Stratford 4,BERKELEY - STRATFORD 4,BERKELEY - STRATFORD 4,6126.957680,0.001009,2
015,Berkeley,Stratford 3,45015000046,Berkeley - Stratford 3,BERKELEY - STRATFORD 3,6074970.580615,Berkeley,015,Stratford 2,BERKELEY - STRATFORD 2,BERKELEY - STRATFORD 2,5272.399947,0.000868,3
015,Berkeley,Stone Lake,45015000073,Berkeley - Stone Lake,BERKELEY - STONE LAKE,2570958.301981,Berkeley,015,Stone Lake,BERKELEY - STONE LAKE,BERKELEY - STONE LAKE,2570454.113974,0.999804,1
015,Berkeley,Cypress,45015000085,Berkeley - Cypress,BERKELEY - CYPRESS,5075993.891884,Berkeley,015,Cypress,BERKELEY - CYPRESS,BERKELEY - CYPRESS,5074287.323325,0.999664,1
015,Berkeley,Medway,45015000058,Berkeley - Medway,BERKELEY - MEDWAY,17699490.237173,Berkeley,015,Medway,BERKELEY - MEDWAY,BERKELEY - MEDWAY,17699341.874791,0.999992,1
015,Berkeley,Seventy Eight,45015000072,Berkeley - Seventy Eight,BERKELEY - SEVENTY EIGHT,5017143.330964,Berkeley,015,Seventy Eight,BERKELEY - SEVENTY EIGHT,BERKELEY - SEVENTY EIGHT,4982202.190746,0.993036,1
015,Berkeley,Foster Creek 1,45015000076,Berkeley - Foster Creek 1,BERKELEY - FOSTER CREEK 1,3108550.431184,Berkeley,015,Foster Creek 1,BERKELEY - FOSTER CREEK 1,BERKELEY - FOSTER CREEK 1,3035791.437484,0.976594,1
015,Berkeley,Foster Creek 1,45015000076,Berkeley - Foster Creek 1,BERKELEY - FOSTER CREEK 1,3108550.431184,Berkeley,015,Howe Hall 2,BERKELEY - HOWE HALL 2,BERKELEY - HOWE HALL 2,71067.875800,0.022862,2
015,Berkeley,Sedgefield 1,45015000081,Berkeley - Sedgefield 1,BERKELEY - SEDGEFIELD 1,2271282.408208,Berkeley,015,Sedgefield 1,BERKELEY - SEDGEFIELD 1,BERKELEY - SEDGEFIELD 1,2271281.874237,1.000000,1
015,Berkeley,Howe Hall 2,45015000056,Berkeley - Howe Hall 2,BERKELEY - HOWE HALL 2,3038308.732323,Berkeley,015,Howe Hall 2,BERKELEY - HOWE HALL 2,BERKELEY - HOWE HALL 2,3038308.060857,1.000000,1
015,Berkeley,Harbour Lake,45015000079,Berkeley - Harbour Lake,BERKELEY - HARBOUR LAKE,1093521.732366,Berkeley,015,Harbour Lake,BERKELEY - HARBOUR LAKE,BERKELEY - HARBOUR LAKE,1091743.011696,0.998373,1
015,Berkeley,Harbour Lake,45015000079,Berkeley - Harbour Lake,BERKELEY - HARBOUR LAKE,1093521.732366,Berkeley,015,St. James,BERKELEY - ST. JAMES,BERKELEY - ST. JAMES,1778.720669,0.001627,2
015,Berkeley,Royle,45015000071,Berkeley - Royle,BERKELEY - ROYLE,1789775.726642,Berkeley,015,Royle,BERKELEY - ROYLE,BERKELEY - ROYLE,1752230.246941,0.979022,1
015,Berkeley,Royle,45015000071,Berkeley - Royle,BERKELEY - ROYLE,1789775.726642,Berkeley,015,Sangaree 3,BERKELEY - SANGAREE 3,BERKELEY - SANGAREE 3,18981.554068,0.010606,2
015,Berkeley,Royle,45015000071,Berkeley - Royle,BERKELEY - ROYLE,1789775.726642,Berkeley,015,Sangaree 2,BERKELEY - SANGAREE 2,BERKELEY - SANGAREE 2,18538.795456,0.010358,3
015,Berkeley,Westview 2,45015000051,Berkeley - Westview 2,BERKELEY - WESTVIEW 2,2104053.890929,Berkeley,015,Westview 2,BERKELEY - WESTVIEW 2,BERKELEY - WESTVIEW 2,2103026.265881,0.999512,1
015,Berkeley,Hanahan 3,45015000022,Berkeley - Hanahan 3,BERKELEY - HANAHAN 3,1816225.074233,Berkeley,015,Hanahan 3,BERKELEY - HANAHAN 3,BERKELEY - HANAHAN 3,1816225.063711,1.000000,1
015,Berkeley,Hanahan 4,45015000023,Berkeley - Hanahan 4,BERKELEY - HANAHAN 4,1233208.493044,Berkeley,015,Hanahan 4,BERKELEY - HANAHAN 4,BERKELEY - HANAHAN 4,1231770.774911,0.998834,1
015,Berkeley,Hanahan 4,45015000023,Berkeley - Hanahan 4,BERKELEY - HANAHAN 4,1233208.493044,Berkeley,015,Hanahan 3,BERKELEY - HANAHAN 3,BERKELEY - HANAHAN 3,1209.090915,0.000980,2
015,Berkeley,Foster Creek 2,45015000077,Berkeley - Foster Creek 2,BERKELEY - FOSTER CREEK 2,3913776.680207,Berkeley,015,Foster Creek 2,BERKELEY - FOSTER CREEK 2,BERKELEY - FOSTER CREEK 2,3913729.114986,0.999988,1
015,Berkeley,Hanahan 2,45015000021,Berkeley - Hanahan 2,BERKELEY - HANAHAN 2,3759106.570642,Berkeley,015,Hanahan 2,BERKELEY - HANAHAN 2,BERKELEY - HANAHAN 2,3759106.570641,1.000000,1
015,Berkeley,Westview 4,45015000075,Berkeley - Westview 4,BERKELEY - WESTVIEW 4,1529243.093349,Berkeley,015,Westview 4,BERKELEY - WESTVIEW 4,BERKELEY - WESTVIEW 4,1529207.138064,0.999976,1
015,Berkeley,North Creek,45015000086,Berkeley - North Creek,BERKELEY - NORTH CREEK,12478939.225109,Berkeley,015,North Creek,BERKELEY - NORTH CREEK,BERKELEY - NORTH CREEK,12478092.184890,0.999932,1
015,Berkeley,Fox Bank,45015000067,Berkeley - Fox Bank,BERKELEY - FOX BANK,9723271.956239,Berkeley,015,Foxbank,BERKELEY - FOXBANK,BERKELEY - FOXBANK,9709090.187837,0.998541,1
015,Berkeley,Fox Bank,45015000067,Berkeley - Fox Bank,BERKELEY - FOX BANK,9723271.956239,Berkeley,015,Horseshoe,BERKELEY - HORSESHOE,BERKELEY - HORSESHOE,13724.953954,0.001412,2
015,Berkeley,Devon Forest 2,45015000015,Berkeley - Devon Forest 2,BERKELEY - DEVON FOREST 2,1304435.102787,Berkeley,015,Devon Forest 2,BERKELEY - DEVON FOREST 2,BERKELEY - DEVON FOREST 2,1304433.401859,0.999999,1
015,Berkeley,Tramway,45015000083,Berkeley - Tramway,BERKELEY - TRAMWAY,1639779.233488,Berkeley,015,Tramway,BERKELEY - TRAMWAY,BERKELEY - TRAMWAY,1634345.958566,0.996687,1
015,Berkeley,Tramway,45015000083,Berkeley - Tramway,BERKELEY - TRAMWAY,1639779.233488,Berkeley,015,Carnes Cross Roads 2,BERKELEY - CARNES CROSS ROADS 2,BERKELEY - CARNES CROSS ROADS 2,5236.047610,0.003193,2
015,Berkeley,Weatherstone,45015000084,Berkeley - Weatherstone,BERKELEY - WEATHERSTONE,3201194.506677,Berkeley,015,Weatherstone,BERKELEY - WEATHERSTONE,BERKELEY - WEATHERSTONE,3199813.362296,0.999569,1
015,Berkeley,Carnes Cross Road 2,45015000009,Berkeley - Carnes Cross Road 2,BERKELEY - CARNES CROSS ROAD 2,11355887.038320,Berkeley,015,Carnes Cross Roads 2,BERKELEY - CARNES CROSS ROADS 2,BERKELEY - CARNES CROSS ROADS 2,11247973.632281,0.990497,1
015,Berkeley,Carnes Cross Road 2,45015000009,Berkeley - Carnes Cross Road 2,BERKELEY - CARNES CROSS ROAD 2,11355887.038320,Berkeley,015,Tramway,BERKELEY - TRAMWAY,BERKELEY - TRAMWAY,80913.602945,0.007125,2
015,Berkeley,Carnes Cross Road 2,45015000009,Berkeley - Carnes Cross Road 2,BERKELEY - CARNES CROSS ROAD 2,11355887.038320,Berkeley,015,North Creek,BERKELEY - NORTH CREEK,BERKELEY - NORTH CREEK,26535.060680,0.002337,3
015,Berkeley,Foster Creek 3,45015000078,Berkeley - Foster Creek 3,BERKELEY - FOSTER CREEK 3,4184116.462159,Berkeley,015,Foster Creek 3,BERKELEY - FOSTER CREEK 3,BERKELEY - FOSTER CREEK 3,4184109.228292,0.999998,1
015,Berkeley,Whitesville 1,45015000059,Berkeley - Whitesville 1,BERKELEY - WHITESVILLE 1,7493444.422997,Berkeley,015,Whitesville 1,BERKELEY - WHITESVILLE 1,BERKELEY - WHITESVILLE 1,7493444.422995,1.000000,1
015,Berkeley,Pinopolis,45015000036,Berkeley - Pinopolis,BERKELEY - PINOPOLIS,141444384.266450,Berkeley,015,Pinopolis,BERKELEY - PINOPOLIS,BERKELEY - PINOPOLIS,141444384.266445,1.000000,1
015,Berkeley,Moncks Corner 1,45015000031,Berkeley - Moncks Corner 1,BERKELEY - MONCKS CORNER 1,24225662.108761,Berkeley,015,Moncks Corner 1,BERKELEY - MONCKS CORNER 1,BERKELEY - MONCKS CORNER 1,24220620.636491,0.999792,1
015,Berkeley,Moncks Corner 3,45015000033,Berkeley - Moncks Corner 3,BERKELEY - MONCKS CORNER 3,6481939.038502,Berkeley,015,Moncks Corner 3,BERKELEY - MONCKS CORNER 3,BERKELEY - MONCKS CORNER 3,6481862.349769,0.999988,1
015,Berkeley,Moncks Corner 2,45015000032,Berkeley - Moncks Corner 2,BERKELEY - MONCKS CORNER 2,10078848.928725,Berkeley,015,Moncks Corner 2,BERKELEY - MONCKS CORNER 2,BERKELEY - MONCKS CORNER 2,10078847.791063,1.000000,1
015,Berkeley,Old 52,45015000070,Berkeley - Old 52,BERKELEY - OLD 52,14677768.734792,Berkeley,015,Old 52,BERKELEY - OLD 52,BERKELEY - OLD 52,14669889.494930,0.999463,1
015,Berkeley,Old 52,45015000070,Berkeley - Old 52,BERKELEY - OLD 52,14677768.734792,Berkeley,015,Moncks Corner 4,BERKELEY - MONCKS CORNER 4,BERKELEY - MONCKS CORNER 4,7875.977588,0.000537,2
015,Berkeley,Pimlico,45015000035,Berkeley - Pimlico,BERKELEY - PIMLICO,31763089.212020,Berkeley,015,Pimlico,BERKELEY - PIMLICO,BERKELEY - PIMLICO,31758767.197288,0.999864,1
015,Berkeley,Moncks Corner 4,45015000034,Berkeley - Moncks Corner 4,BERKELEY - MONCKS CORNER 4,6631151.295285,Berkeley,015,Moncks Corner 4,BERKELEY - MONCKS CORNER 4,BERKELEY - MONCKS CORNER 4,6581811.318150,0.992559,1
015,Berkeley,Moncks Corner 4,45015000034,Berkeley - Moncks Corner 4,BERKELEY - MONCKS CORNER 4,6631151.295285,Berkeley,015,Old 52,BERKELEY - OLD 52,BERKELEY - OLD 52,49338.927547,0.007440,2
015,Berkeley,Eadytown,45015000016,Berkeley - Eadytown,BERKELEY - EADYTOWN,156989211.071279,Berkeley,015,Eadytown,BERKELEY - EADYTOWN,BERKELEY - EADYTOWN,156989211.071263,1.000000,1
015,Berkeley,St. Stephen 2,45015000043,Berkeley - St. Stephen 2,BERKELEY - ST. STEPHEN 2,50539488.801016,Berkeley,015,St. Stephen 2,BERKELEY - ST. STEPHEN 2,BERKELEY - ST. STEPHEN 2,50539487.748587,1.000000,1
015,Berkeley,Cainhoy,45015000007,Berkeley - Cainhoy,BERKELEY - CAINHOY,153567328.201851,Berkeley,015,Cainhoy,BERKELEY - CAINHOY,BERKELEY - CAINHOY,153481815.693058,0.999443,1
015,Berkeley,Cainhoy,45015000007,Berkeley - Cainhoy,BERKELEY - CAINHOY,153567328.201851,Berkeley,015,Yellow House,BERKELEY - YELLOW HOUSE,BERKELEY - YELLOW HOUSE,83936.435063,0.000547,2
015,Berkeley,Daniel Island 2,45015000013,Berkeley - Daniel Island 2,BERKELEY - DANIEL ISLAND 2,12943711.544206,Berkeley,015,Daniel Island 2,BERKELEY - DANIEL ISLAND 2,BERKELEY - DANIEL ISLAND 2,12943260.101963,0.999965,1
015,Berkeley,The Village,45015000063,Berkeley - The Village,BERKELEY - THE VILLAGE,22788055.266382,Berkeley,015,The Village,BERKELEY - THE VILLAGE,BERKELEY - THE VILLAGE,22747867.257259,0.998236,1
015,Berkeley,The Village,45015000063,Berkeley - The Village,BERKELEY - THE VILLAGE,22788055.266382,Berkeley,015,Cainhoy,BERKELEY - CAINHOY,BERKELEY - CAINHOY,27657.034852,0.001214,2
015,Berkeley,The Village,45015000063,Berkeley - The Village,BERKELEY - THE VILLAGE,22788055.266382,Berkeley,015,Yellow House,BERKELEY - YELLOW HOUSE,BERKELEY - YELLOW HOUSE,12527.395571,0.000550,3
015,Berkeley,Yellow House,45015000064,Berkeley - Yellow House,BERKELEY - YELLOW HOUSE,46471017.685429,Berkeley,015,Yellow House,BERKELEY - YELLOW HOUSE,BERKELEY - YELLOW HOUSE,46436085.603512,0.999248,1
015,Berkeley,Yellow House,45015000064,Berkeley - Yellow House,BERKELEY - YELLOW HOUSE,46471017.685429,Berkeley,015,The Village,BERKELEY - THE VILLAGE,BERKELEY - THE VILLAGE,33790.022792,0.000727,2
015,Berkeley,Daniel Island 4,45015000062,Berkeley - Daniel Island 4,BERKELEY - DANIEL ISLAND 4,6106781.137060,Berkeley,015,Daniel Island 4,BERKELEY - DANIEL ISLAND 4,BERKELEY - DANIEL ISLAND 4,5966994.818341,0.977110,1
015,Berkeley,Daniel Island 4,45015000062,Berkeley - Daniel Island 4,BERKELEY - DANIEL ISLAND 4,6106781.137060,Berkeley,015,Daniel Island 3,BERKELEY - DANIEL ISLAND 3,BERKELEY - DANIEL ISLAND 3,139783.790043,0.022890,2
015,Berkeley,Daniel Island 1,45015000012,Berkeley - Daniel Island 1,BERKELEY - DANIEL ISLAND 1,12432211.924849,Berkeley,015,Daniel Island 1,BERKELEY - DANIEL ISLAND 1,BERKELEY - DANIEL ISLAND 1,12427617.949321,0.999630,1
015,Berkeley,Daniel Island 3,45015000061,Berkeley - Daniel Island 3,BERKELEY - DANIEL ISLAND 3,7871361.154382,Berkeley,015,Daniel Island 3,BERKELEY - DANIEL ISLAND 3,BERKELEY - DANIEL ISLAND 3,7870838.997411,0.999934,1
091,York,Crescent,45091000097,York - Crescent,YORK - CRESCENT,4623952.998978,York,091,Crescent,YORK - CRESCENT,YORK - CRESCENT,4623952.998976,1.000000,1
091,York,Hands Mill,45091000098,York - Hands Mill,YORK - HANDS MILL,11227486.036121,York,091,Hands Mill,YORK - HANDS MILL,YORK - HANDS MILL,11227486.036117,1.000000,1
015,Berkeley,Cane Bay North,45015000090,Berkeley - Cane Bay North,BERKELEY - CANE BAY NORTH,10194068.587472,Berkeley,015,Cane Bay North,BERKELEY - CANE BAY NORTH,BERKELEY - CANE BAY NORTH,10186545.209621,0.999262,1
015,Berkeley,Fifty-two,45015000093,Berkeley - Fifty-two,BERKELEY - FIFTY-TWO,8964936.905386,Berkeley,015,Fifty-two,BERKELEY - FIFTY-TWO,BERKELEY - FIFTY-TWO,8964884.753208,0.999994,1
015,Berkeley,Bushy Park,45015000088,Berkeley - Bushy Park,BERKELEY - BUSHY PARK,38985570.667441,Berkeley,015,Bushy Park,BERKELEY - BUSHY PARK,BERKELEY - BUSHY PARK,38985570.667434,1.000000,1
015,Berkeley,Horseshoe,45015000094,Berkeley - Horseshoe,BERKELEY - HORSESHOE,6247106.361120,Berkeley,015,Horseshoe,BERKELEY - HORSESHOE,BERKELEY - HORSESHOE,6241461.025078,0.999096,1
015,Berkeley,Horseshoe,45015000094,Berkeley - Horseshoe,BERKELEY - HORSESHOE,6247106.361120,Berkeley,015,Whitesville 2,BERKELEY - WHITESVILLE 2,BERKELEY - WHITESVILLE 2,5014.871166,0.000803,2
015,Berkeley,Live Oak,45015000095,Berkeley - Live Oak,BERKELEY - LIVE OAK,7291083.941432,Berkeley,015,Live Oak,BERKELEY - LIVE OAK,BERKELEY - LIVE OAK,7223636.586193,0.990749,1
015,Berkeley,Live Oak,45015000095,Berkeley - Live Oak,BERKELEY - LIVE OAK,7291083.941432,Berkeley,015,Carnes Cross Road 1,BERKELEY - CARNES CROSS ROAD 1,BERKELEY - CARNES CROSS ROAD 1,64918.804948,0.008904,2
